logical	physical	worker	raw	wire	latency_ns	cumulative_raw	cumulative_wire	b_root	b_need	b_fill	b_control	b_carry	split_ok	c_root	c_block	c_path	c_region_control	c_raw_run	c_array_control	c_array_values	missing_regions
0	0	0	2364113	439796	30799270	2364113	439796	4323	4198	431225	24	26	1	4277	38	2966	70078	358162	1	1	2468
1	1	1	2525815	425335	25129380	4889928	865131	4619	4497	416169	24	26	1	577	4033	3453	74723	337973	1	1	2622
2	2	2	2749866	465635	35580212	7639794	1330766	4899	4678	456008	24	26	1	271	4619	3589	81377	371022	1	1	2713
3	3	3	2156755	350130	32560998	9796549	1680896	4152	4015	341913	24	26	1	126	4018	3601	65392	272900	1	1	2356
4	4	4	2024712	346670	24305581	11821261	2027566	4186	4027	338407	24	26	1	56	4122	3619	66776	267992	1	1	2359
5	5	5	1957958	345425	30474191	13779219	2372991	4830	4764	335781	24	26	1	767	4054	4179	68009	263573	1	1	2761
6	6	6	2091912	355101	33303716	15871131	2728092	4207	4059	346785	24	26	1	46	4153	4207	67499	275059	1	1	2377
7	7	7	2172271	368852	36129032	18043402	3096944	4257	4128	360417	24	26	1	46	4203	4228	69846	286323	1	1	2415
8	8	0	2023269	35216	5302381	20066671	3132160	4158	192	30842	24	0	1	31	4119	1402	6079	23341	1	1	95
9	9	1	2164713	10048	3460454	22231384	3142208	4152	57	5815	24	0	1	61	4083	905	1426	3465	1	1	28
10	10	2	2197076	23783	4880843	24428460	3165991	4242	127	19390	24	0	1	68	4166	807	4545	14019	1	1	59
11	11	3	2032919	20882	4260683	26461379	3186873	4150	148	16560	24	0	1	32	4110	796	3769	11976	1	1	69
12	12	4	2070861	37781	6925969	28532240	3224654	4211	180	33366	24	0	1	59	4144	794	4846	27706	1	1	91
13	13	5	2642429	129021	14324966	31174669	3353675	4578	508	123911	24	0	1	126	4444	282	20065	103543	1	1	288
14	14	6	2078480	32812	4984462	33253149	3386487	4186	166	28436	24	0	1	84	4094	369	4154	23893	1	1	78
15	15	7	2017151	19184	3869854	35270300	3405671	4119	67	14974	24	0	1	38	4073	355	3055	11545	1	1	33
16	16	0	1186096	9349	1890977	36456396	3415020	2494	29	6802	24	0	1	30	2456	345	2576	3862	1	1	10
17	17	1	804563	2837	1626707	37260959	3417857	1592	27	1194	24	0	1	26	1558	340	326	509	1	1	9
18	18	2	2278690	19965	3495805	39539649	3437822	4252	97	15592	24	0	1	102	4142	347	1716	13510	1	1	44
19	19	3	3728430	242097	20638907	43268079	3679919	5057	831	236185	24	0	1	480	4568	937	30809	204418	1	1	504
20	20	4	1972844	5789	2972525	45240923	3685708	42	37	5686	24	0	1	34	1	961	375	4331	1	1	14
21	21	5	2144957	48647	7307179	47385880	3734355	4422	331	43870	24	0	1	98	4316	949	5250	16473	380	20797	171
22	22	6	2803559	104924	14005527	50189439	3839279	4609	790	99501	24	0	1	411	4189	911	17234	81335	1	1	475
23	23	7	2608982	128273	14255477	52798421	3967552	5080	950	122219	24	0	1	636	4435	1118	28336	92744	1	1	577
24	24	0	2711408	123966	11172822	55509829	4091518	5245	895	117802	24	0	1	84	5153	1137	27453	89191	1	1	557
25	25	1	2754076	98848	12148671	58263905	4190366	5304	682	92838	24	0	1	73	5223	1149	23457	68211	1	1	412
26	26	2	2231230	13033	3589244	60495135	4203399	4371	61	8577	24	0	1	36	4327	1115	975	6468	1	1	26
27	27	3	2035107	14984	3644674	62530242	4218383	2416	31	12513	24	0	1	41	2367	525	402	11567	1	1	11
28	28	4	2229800	28728	4413323	64760042	4247111	4294	103	24307	24	0	1	92	4194	513	2698	21076	1	1	47
29	29	5	340176	18822	2300736	65100218	4265933	347	29	18422	24	0	1	24	315	513	94	17796	1	1	10
30	30	6	2157873	27849	3967414	67258091	4293782	4144	113	23568	24	0	1	44	4092	477	3902	19169	1	1	56
31	31	7	2338973	52200	6153780	69597064	4345982	4324	209	47643	24	0	1	52	4264	245	7235	40143	1	1	101
32	32	0	2900286	62610	7268038	72497350	4408592	5036	242	57308	24	0	1	182	4845	328	10269	46691	1	1	124
33	33	1	2318494	19146	4216793	74815844	4427738	4328	81	14713	24	0	1	42	4278	327	2949	11418	1	1	36
34	34	2	2183853	6380	3120875	76999697	4434118	4068	41	2247	24	0	1	22	4038	312	950	966	1	1	16
35	35	3	1990855	22382	4278243	78990552	4456500	4592	402	17364	24	0	1	346	4237	416	4844	12085	1	1	223
36	36	4	2154058	28130	4947932	81144610	4484630	4346	353	23407	24	0	1	44	4294	423	6435	16529	1	1	185
37	37	5	1128812	11674	2583126	82273422	4496304	2016	198	9436	24	0	1	50	1958	410	2073	6934	1	1	113
38	38	6	2187559	10453	3596184	84460981	4506757	489	53	9887	24	0	1	42	439	422	1406	8040	1	1	22
39	39	7	2198654	17482	3664374	86659635	4524239	4095	89	13274	24	0	1	74	4013	461	1167	11627	1	1	40
40	40	0	1931435	11696	3786584	88591070	4535935	4262	75	7335	24	0	1	22	4232	394	2830	4092	1	1	33
41	41	1	1930969	12565	3315855	90522039	4548500	4299	87	8155	24	0	1	26	4265	388	3938	3810	1	1	39
42	42	2	2258959	26423	4076783	92780998	4574923	4540	138	21721	24	0	1	92	4440	403	6046	15253	1	1	64
43	43	3	1954631	10708	4036614	94735629	4585631	4285	39	6360	24	0	1	22	4255	262	916	5163	1	1	15
44	44	4	2180122	12753	4041593	96915751	4598384	512	81	12136	24	0	1	69	435	252	1756	10109	1	1	36
45	45	5	1988692	13468	3600444	98904443	4611852	4374	55	9015	24	0	1	38	4328	254	1518	7224	1	1	23
46	46	6	1973702	14350	3260985	100878145	4626202	4103	105	10118	24	0	1	32	4063	248	1917	7934	1	1	48
47	47	7	2158936	10627	3435354	103037081	4636829	4092	31	6480	24	0	1	30	4054	196	378	5887	1	1	11
48	48	0	2227342	25243	4476852	105264423	4662072	4236	103	20880	24	0	1	65	4163	213	2185	18462	1	1	47
49	49	1	2539200	69863	7679968	107803623	4731935	4514	193	65132	24	0	1	54	4452	233	8997	55882	1	1	93
50	50	2	2175896	15521	3602394	109979519	4747456	4333	41	11123	24	0	1	34	4291	215	2021	8868	1	1	16
51	51	3	2230579	15358	3768074	112210098	4762814	4512	53	10769	24	0	1	30	4474	230	684	9836	1	1	22
52	52	4	811012	4131	1665797	113021110	4766945	1589	23	2495	24	0	1	18	1563	212	541	1723	1	1	7
53	53	5	2095473	9929	3521004	115116583	4776874	4271	55	5579	24	0	1	66	4197	193	979	4388	1	1	23
54	54	6	2325526	24386	4316633	117442109	4801260	4241	55	20066	24	0	1	40	4193	217	1834	17995	1	1	23
55	55	7	2224832	9156	3608075	119666941	4810416	4494	39	4599	24	0	1	37	4449	217	918	3445	1	1	15
56	56	0	1979969	9472	3451664	121646910	4819888	490	151	8807	24	0	1	168	313	210	1497	7081	1	1	73
57	57	1	2343022	16673	4821372	123989932	4836561	3914	57	12678	24	0	1	73	3833	199	2239	10221	1	1	24
58	58	2	2053542	6375	3839774	126043474	4842936	4060	25	2266	24	0	1	22	4030	202	174	1871	1	1	8
59	59	3	1848150	8414	3474864	127891624	4851350	3999	39	4352	24	0	1	34	3957	206	834	3293	1	1	15
60	60	4	2080255	11218	3262755	129971879	4862568	4071	41	7082	24	0	1	25	4038	209	1013	5841	1	1	16
61	61	5	2193366	19497	4030193	132165245	4882065	4135	101	15237	24	0	1	26	4101	214	1578	13426	1	1	46
62	62	6	2144778	13425	3577544	134310023	4895490	4063	53	9285	24	0	1	53	4002	193	1508	7565	1	1	22
63	63	7	2133036	10632	3038175	136443059	4906122	4130	73	6405	24	0	1	66	4056	195	1748	4443	1	1	32
64	64	0	2146766	8367	2634996	138589825	4914489	347	49	7947	24	0	1	45	294	175	1194	6559	1	1	20
65	65	1	1961807	13800	4650562	140551632	4928289	4284	37	9455	24	0	1	28	4248	176	1029	8231	1	1	14
66	66	2	2115257	16887	4286703	142666889	4945176	4483	95	12285	24	0	1	72	4403	186	1696	10384	1	1	43
67	67	3	2721104	35598	5218531	145387993	4980774	396	95	35083	24	0	1	86	302	232	4808	30023	1	1	43
68	68	4	2432008	48424	5720230	147820001	5029198	4533	225	43642	24	0	1	44	4481	228	8438	34956	1	1	114
69	69	5	2515999	27150	4874982	150336000	5056348	4422	97	22607	24	0	1	88	4326	257	3053	19277	1	1	44
70	70	6	2868901	67365	8994146	153204901	5123713	538	160	66643	24	0	1	178	351	329	8378	57916	1	1	75
71	71	7	2395218	8864	3450374	155600119	5132577	4263	39	4538	24	0	1	38	4217	322	1642	2555	1	1	15
72	72	0	2371626	18854	3503125	157971745	5151431	4276	81	14473	24	0	1	60	4208	312	3094	11048	1	1	36
73	73	1	2083801	14319	4010404	160055546	5165750	4084	75	10136	24	0	1	34	4042	316	2068	7733	1	1	33
74	74	2	2171678	13109	4601953	162227224	5178859	4439	125	8521	24	0	1	38	4393	314	1337	6851	1	1	59
75	75	3	2079828	9467	3329075	164307052	5188326	57	41	9345	24	0	1	39	11	252	1056	8018	1	1	16
76	76	4	2107367	13985	3146455	166414419	5202311	4079	75	9807	24	0	1	36	4035	268	1507	8013	1	1	33
77	77	5	2144943	8923	3024855	168559362	5211234	4092	53	4754	24	0	1	38	4046	245	742	3748	1	1	22
78	78	6	2134812	7211	3330625	170694174	5218445	4100	37	3050	24	0	1	26	4066	161	758	2112	1	1	14
79	79	7	2142802	7960	3410334	172836976	5226405	4088	43	3805	24	0	1	34	4046	157	391	3238	1	1	17
80	80	0	2097141	8333	2465296	174934117	5234738	4090	69	4150	24	0	1	42	4040	160	1166	2805	1	1	30
81	81	1	2208781	7267	2622156	177142898	5242005	242	31	6970	24	0	1	28	206	167	506	6278	1	1	11
82	82	2	2124692	12574	3707354	179267590	5254579	4088	65	8397	24	0	1	32	4048	160	1559	6659	1	1	28
83	83	3	2096365	9893	3477064	181363955	5264472	4094	63	5712	24	0	1	32	4054	156	841	4696	1	1	27
84	84	4	2109446	6030	3261735	183473401	5270502	415	29	5562	24	0	1	29	378	146	657	4740	1	1	10
85	85	5	1938917	5316	3211965	185412318	5275818	131	107	5054	24	0	1	26	98	154	1102	3779	1	1	49
86	86	6	1091762	6515	2069866	186504080	5282333	2211	47	4233	24	0	1	58	2145	156	1825	2233	1	1	19
87	87	7	2066228	14969	2955365	188570308	5297302	4037	43	10865	24	0	1	40	3989	171	1379	9296	1	1	17
88	88	0	2122662	24512	4115273	190692970	5321814	4087	89	20312	24	0	1	38	4041	170	3149	16973	1	1	40
89	89	1	866805	9704	2238696	191559775	5331518	1705	45	7930	24	0	1	44	1653	160	1885	5866	1	1	18
90	90	2	875623	12826	2208577	192435398	5344344	1721	123	10958	24	0	1	111	1602	244	2184	8511	1	1	57
91	91	3	1393722	29425	3920483	193829120	5373769	2925	176	26300	24	0	1	223	2693	245	5832	20203	1	1	91
92	92	4	1218267	11268	2630995	195047387	5385037	2433	111	8700	24	0	1	70	2355	242	2915	5524	1	1	52
93	93	5	2053765	13470	3556394	197101152	5398507	4154	29	9263	24	0	1	26	4120	242	2385	6617	1	1	10
94	94	6	1026436	16499	2651665	198127588	5415006	1992	95	14388	24	0	1	44	1940	245	3775	10349	1	1	43
95	95	7	2426369	106388	9394415	200553957	5521394	5189	1220	99955	24	0	1	1325	3855	690	24632	74612	1	1	758
96	96	0	1061132	13250	2259166	201615089	5534644	1998	103	11125	24	0	1	64	1926	681	4628	5797	1	1	47
97	97	1	1089866	4210	1683638	202704955	5538854	2165	25	1996	24	0	1	20	2137	693	211	1073	1	1	8
98	98	2	649898	6228	1789968	203354853	5545082	1408	55	4741	24	0	1	40	1360	642	2386	1694	1	1	23
99	99	3	1085211	4520	1722027	204440064	5549602	2175	35	2286	24	0	1	26	2141	638	622	1007	1	1	13
100	100	4	931709	10241	1663787	205371773	5559843	1809	37	8371	24	0	1	40	1761	635	2764	4953	1	1	14
101	101	5	853345	7331	1993177	206225118	5567174	1698	91	5518	24	0	1	76	1614	631	2574	2294	1	1	41
102	102	6	1063005	6258	2151157	207288123	5573432	1998	55	4181	24	0	1	28	1962	629	811	2722	1	1	23
103	103	7	2021777	7717	3363465	209309900	5581149	4188	61	3444	24	0	1	38	4142	162	646	2617	1	1	26
104	104	0	1842478	5844	3079815	211152378	5586993	4089	49	1682	24	0	1	44	4037	155	677	831	1	1	20
105	105	1	839718	2503	1566977	211992096	5589496	1349	39	1091	24	0	1	42	1299	151	680	241	1	1	15
106	106	2	856092	5264	1736667	212848188	5594760	1354	47	3839	24	0	1	42	1304	148	1671	2001	1	1	19
107	107	3	1820234	6343	2873425	214668422	5601103	3980	45	2294	24	0	1	18	3954	161	202	1912	1	1	18
108	108	4	840054	4891	1928167	215508476	5605994	1679	43	3145	24	0	1	36	1635	171	1333	1622	1	1	17
109	109	5	873697	4475	1831337	216382173	5610469	1710	35	2706	24	0	1	24	1678	167	1324	1196	1	1	13
110	110	6	910026	5728	1974337	217292199	5616197	1816	47	3841	24	0	1	58	1750	167	1045	2610	1	1	19
111	111	7	2032426	11004	3369504	219324625	5627201	4042	69	6869	24	0	1	66	3968	160	2168	4522	1	1	30
112	112	0	788879	3371	1358858	220113504	5630572	1641	37	1669	24	0	1	30	1603	156	411	1083	1	1	14
113	113	1	823749	1507	1022618	220937253	5632079	147	79	1257	24	0	1	82	58	162	780	296	1	1	35
114	114	2	827818	4042	1741857	221765071	5636121	1326	79	2613	24	0	1	82	1236	159	1205	1230	1	1	35
115	115	3	833291	3166	1387097	222598362	5639287	1676	65	1401	24	0	1	66	1602	143	906	333	1	1	28
116	116	4	865976	5108	1546778	223464338	5644395	1813	69	3202	24	0	1	74	1731	139	1691	1352	1	1	30
117	117	5	823959	3041	1611557	224288297	5647436	1340	81	1596	24	0	1	82	1250	133	977	466	1	1	36
118	118	6	828337	3962	1412378	225116634	5651398	1311	81	2546	24	0	1	82	1221	114	1156	1257	1	1	36
119	119	7	1941425	2404	3142955	227058059	5653802	111	31	2238	24	0	1	31	73	124	580	1515	1	1	11
120	120	0	2339464	29974	4835542	229397523	5683776	4388	65	25497	24	0	1	62	4318	128	6170	19178	1	1	28
121	121	1	1502031	6036	2180056	230899554	5689812	3254	65	2693	24	0	1	38	3208	137	1403	1133	1	1	28
122	122	2	1856259	11064	3086075	232755813	5700876	4180	138	6722	24	0	1	201	3970	151	2963	3588	1	1	65
123	123	3	1836063	5958	2766395	234591876	5706834	4006	35	1893	24	0	1	30	3968	160	596	1117	1	1	13
124	124	4	1826652	5649	2558596	236418528	5712483	4012	35	1578	24	0	1	32	3972	157	531	870	1	1	13
125	125	5	2280466	35249	6302610	238698994	5747732	4370	113	30742	24	0	1	87	4275	164	6418	24139	1	1	52
126	126	6	1825852	5671	2894725	240524846	5753403	4012	37	1598	24	0	1	36	3968	161	976	441	1	1	14
127	127	7	2014222	1300	3038415	242539068	5754703	38	29	1209	24	0	1	30	1	156	465	568	1	1	10
128	128	0	2114877	2614	2452726	244653945	5757317	245	32	2310	27	0	1	32	204	167	419	1703	1	1	11
129	129	1	2010535	3880	3345704	246664480	5761197	1797	34	2022	27	0	1	28	1760	168	1274	559	1	1	12
130	130	2	2483424	35366	4775433	249147904	5796563	4129	60	31150	27	0	1	54	4066	181	1779	29168	1	1	25
131	131	3	2485872	30391	5324911	251633776	5826954	4290	116	25958	27	0	1	81	4200	176	5696	20064	1	1	53
132	132	4	2102661	7126	3707374	253736437	5834080	105	38	6956	27	0	1	39	58	195	633	6107	1	1	14
133	133	5	2255861	12174	3656364	255992298	5846254	4257	66	7824	27	0	1	78	4170	201	1687	5915	1	1	28
134	134	6	1854886	8424	3266845	257847184	5854678	4089	44	4264	27	0	1	51	4029	202	1181	2860	1	1	17
135	135	7	2021571	3693	2829265	259868755	5858371	31	26	3609	27	0	1	22	1	199	201	3188	1	1	8
136	136	0	273380	3095	1470518	260142135	5861466	468	72	2528	27	0	1	89	370	218	1070	1219	1	1	31
137	137	1	2141761	6399	2900835	262283896	5867865	4141	38	2193	27	0	1	42	4090	223	381	1568	1	1	14
138	138	2	866457	3670	1556448	263150353	5871535	1896	109	1638	27	0	1	166	1720	219	1260	138	1	1	50
139	139	3	2125819	14980	3567644	265276172	5886515	4518	159	10276	27	0	1	161	4347	218	1710	8327	1	1	74
140	140	4	2012273	10809	3075485	267288445	5897324	4318	151	6313	27	0	1	182	4126	193	4949	1150	1	1	72
141	141	5	866611	3939	1922117	268155056	5901263	1748	124	2040	27	0	1	30	1709	182	1692	145	1	1	57
142	142	6	2074012	8615	3764734	270229068	5909878	4080	40	4468	27	0	1	53	4018	172	468	3807	1	1	15
143	143	7	646	442	448149	270229714	5910320	33	32	350	27	0	1	24	1	173	93	65	1	1	11
144	144	0	3756776	106012	13421808	273986490	6016332	5309	424	100252	27	0	1	354	4945	404	16692	83133	1	1	220
145	145	1	8674	739	414150	273995164	6017071	112	24	576	27	0	1	14	90	411	75	41	14	18	7
146	146	2	223874	12576	2095666	274219038	6029647	344	18	12187	27	0	1	12	323	408	71	11688	1	1	4
147	147	3	2042090	7178	3180595	276261128	6036825	193	36	6922	27	0	1	36	148	402	715	5784	1	1	13
148	148	4	1093399	6066	1576877	277354527	6042891	2177	34	3828	27	0	1	31	2137	408	736	2663	1	1	12
149	149	5	2077665	9409	3070866	279432192	6052300	4079	42	5261	27	0	1	40	4030	429	739	4072	1	1	16
150	150	6	1838850	7099	2946086	281271042	6059399	82	72	6918	27	0	1	28	46	438	1039	5420	1	1	31
151	151	7	1847469	8187	2887045	283118511	6067586	4080	78	4002	27	0	1	53	4018	431	1726	1824	1	1	34
152	152	0	2066085	8089	3324425	285184596	6075675	116	70	7876	27	0	1	64	44	220	783	6852	1	1	30
153	153	1	816254	2780	1486017	286000850	6078455	1603	26	1124	27	0	1	22	1572	213	211	679	1	1	8
154	154	2	1849631	5748	2891866	287850481	6084203	2393	48	3280	27	0	1	45	2339	223	1190	1846	1	1	19
155	155	3	2100659	9708	3857573	289951140	6093911	92	44	9545	27	0	1	42	42	218	1040	8266	1	1	17
156	156	4	2101130	10971	3104905	292052270	6104882	106	88	10750	27	0	1	38	60	219	1482	9028	1	1	39
157	157	5	2373926	28717	4215524	294426196	6133599	4118	60	24512	27	0	1	71	4038	211	1545	22734	1	1	25
158	158	6	2219690	59606	6024500	296645886	6193205	4415	229	54935	27	0	1	265	4140	238	8922	45753	1	1	123
159	159	7	1104484	5158	1803907	297750370	6198363	2232	52	2847	27	0	1	66	2157	240	2050	536	1	1	21
160	160	0	656316	3461	1381768	298406686	6201824	1423	38	1973	27	0	1	28	1386	223	1153	576	1	1	14
161	161	1	668054	2617	1477148	299074740	6204441	1476	32	1082	27	0	1	18	1449	229	352	480	1	1	11
162	162	2	2145610	17158	3779104	301220350	6221599	4149	54	12928	27	0	1	64	4076	235	5513	7159	1	1	22
163	163	3	1092342	4923	2169487	302312692	6226522	2215	62	2619	27	0	1	60	2146	244	765	1589	1	1	26
164	164	4	2038426	11224	5011052	304351118	6237746	4180	96	6921	27	0	1	96	4075	247	1943	4710	1	1	43
165	165	5	2142430	16483	3864023	306493548	6254229	4301	64	12091	27	0	1	96	4196	220	6654	5196	1	1	27
166	166	6	1084332	3569	1759577	307577880	6257798	2176	42	1324	27	0	1	30	2137	193	426	684	1	1	16
167	167	7	3586121	81393	12515430	311164001	6339191	4506	114	76746	27	0	1	126	4371	174	2315	74235	1	1	53
168	168	0	1982016	11848	3288455	313146017	6351039	4135	52	7634	27	0	1	72	4054	172	1693	5748	1	1	21
169	169	1	1831080	5257	2808805	314977097	6356296	4005	26	1199	27	0	1	28	3968	153	103	923	1	1	8
170	170	2	2138659	28614	4625593	317115756	6384910	4424	86	24077	27	0	1	157	4257	150	7465	16440	1	1	38
171	171	3	2077123	20866	4376922	319192879	6405776	4009	32	16798	27	0	1	43	3957	146	1262	15369	1	1	11
172	172	4	2421284	15698	4055993	321614163	6421474	273	58	15340	27	0	1	80	184	159	2966	12194	1	1	24
173	173	5	1241086	5326	2061547	322855249	6426800	2599	86	2614	27	0	1	64	2526	155	1955	483	1	1	38
174	174	6	2151657	20807	4285663	325006906	6447607	4100	54	16626	27	0	1	78	4013	156	2017	14432	1	1	22
175	175	7	2668675	35605	5010412	327675581	6483212	2421	82	33075	27	0	1	61	2351	167	3912	28974	1	1	36
176	176	0	677	419	425919	327676258	6483631	24	18	350	27	0	1	15	1	165	33	132	1	1	4
177	177	1	2217848	51916	6738109	329894106	6535547	4753	542	46594	27	0	1	542	4201	482	5321	40769	1	1	310
178	178	2	2204586	47504	6340950	332098692	6583051	4619	370	42488	27	0	1	69	4541	505	3780	38181	1	1	204
179	179	3	1987154	14566	3785454	334085846	6597617	4070	130	10339	27	0	1	147	3913	565	3187	6566	1	1	60
180	180	4	2250938	53040	7242698	336336784	6650657	2942	179	49892	27	0	1	176	2756	655	6107	43108	1	1	84
181	181	5	2253213	52548	6482889	338589997	6703205	4196	163	48162	27	0	1	50	4137	682	5771	41687	1	1	76
182	182	6	2178731	34878	5034752	340768728	6738083	4158	147	30546	27	0	1	39	4110	687	5523	24314	1	1	68
183	183	7	2239222	55813	5946180	343007950	6793896	4196	165	51425	27	0	1	39	4148	683	7282	43438	1	1	77
184	184	0	2271906	57026	5427091	345279856	6850922	4211	163	52625	27	0	1	48	4154	685	6277	45641	1	1	77
185	185	1	865613	8815	1862497	346145469	6859737	1567	54	7167	27	0	1	61	1497	397	1109	5640	1	1	22
186	186	2	887414	4937	2103956	347032883	6864674	1758	62	3090	27	0	1	59	1690	406	1650	1013	1	1	26
187	187	3	3523340	218961	16230984	350556223	7083635	4579	435	213920	27	0	1	396	4173	775	24387	188735	1	1	241
188	188	4	3257436	162183	14654886	353813659	7245818	4814	363	156979	27	0	1	269	4535	767	23636	132553	1	1	197
189	189	5	4423450	339583	29817642	358237109	7585401	4325	455	334776	27	0	1	286	4029	801	31813	193447	74	108618	252
190	190	6	134181	1404	1092938	358371290	7586805	165	28	1184	27	0	1	33	124	798	128	237	1	1	9
191	191	7	2269484	13728	3546164	360640774	7600533	4219	52	9430	27	0	1	83	4127	792	1589	7028	1	1	21
192	192	0	2001903	6134	2955686	362642677	7606667	3039	58	3010	27	0	1	95	2935	777	573	1639	1	1	24
193	193	1	2955764	180192	16711553	365598441	7786859	4635	378	175152	27	0	1	126	4500	765	31755	142609	1	1	188
194	194	2	3309255	222781	18709719	368907696	8009640	4718	445	217591	27	0	1	205	4503	778	37813	178977	1	1	241
195	195	3	2631637	28364	5462151	371539333	8038004	4423	161	23753	27	0	1	114	4300	351	6375	17005	1	1	75
196	196	4	2820682	20233	4282293	374360015	8058237	4456	108	15642	27	0	1	98	4349	272	4531	10818	1	1	49
197	197	5	2294379	10410	3582515	376654394	8068647	4240	48	6095	27	0	1	68	4163	231	2336	3507	1	1	19
198	198	6	3156643	185774	12985739	379811037	8254421	4638	361	180748	27	0	1	115	4514	228	37579	142918	1	1	188
199	199	7	2834548	122411	8747776	382645585	8376832	4535	340	117509	27	0	1	126	4400	229	25371	91886	1	1	168
200	200	0	2081130	6068	2517676	384726715	8382900	4347	34	1660	27	0	1	34	4304	251	198	1190	1	1	12
201	201	1	2041564	14997	3553554	386768279	8397897	4263	172	10535	27	0	1	213	4040	317	2197	8000	1	1	92
202	202	2	2219444	16403	3531604	388987723	8414300	4122	48	12206	27	0	1	65	4048	289	519	11377	1	1	19
203	203	3	2394959	80293	8292106	391382682	8494593	5367	924	73975	27	0	1	779	4578	754	12914	60285	1	1	575
204	204	4	2106126	6208	3385934	393488808	8500801	345	50	5786	27	0	1	60	276	772	732	4261	1	1	20
205	205	5	2425658	58760	6280090	395914466	8559561	7425	2685	48623	27	0	1	3308	4107	1145	13519	33937	1	1	1623
206	206	6	1954883	18864	4188093	397869349	8578425	4620	438	13779	27	0	1	421	4189	1398	3154	9206	1	1	245
207	207	7	1962463	17602	4143973	399831812	8596027	4720	421	12434	27	0	1	249	4461	1395	3796	7222	1	1	222
208	208	0	1962970	17154	2901266	401794782	8613181	4800	441	11886	27	0	1	142	4648	1402	3079	7384	1	1	242
209	209	1	1875777	16888	3923123	403670559	8630069	4356	316	12189	27	0	1	323	4023	1495	2253	8420	1	1	160
210	210	2	2004004	21600	3856214	405674563	8651669	1052	662	19859	27	0	1	478	564	1494	4477	13867	1	1	395
211	211	3	2280730	32075	4663122	407955293	8683744	5430	688	25930	27	0	1	609	4811	1170	6147	18591	1	1	407
212	212	4	1819211	6386	2544325	409774504	8690130	4083	72	2204	27	0	1	83	3991	1162	365	656	1	1	31
213	213	5	1119109	3926	2274516	410893613	8694056	2319	76	1504	27	0	1	68	2242	789	456	238	1	1	33
214	214	6	4039995	315779	27257005	414933608	9009835	5557	1108	309087	27	0	1	1072	4475	819	37998	270247	1	1	672
215	215	7	3668499	279969	23368592	418602107	9289804	6092	1367	272483	27	0	1	722	5360	849	32925	238686	1	1	839
216	216	0	1977911	10551	2962465	420580018	9300355	4225	48	6251	27	0	1	56	4160	838	765	4627	1	1	19
217	217	1	1787080	164192	11261002	422367098	9464547	1805	505	161855	27	0	1	47	1749	711	16548	144573	1	1	306
218	218	2	190	794	498279	422367288	9465341	17	14	736	27	0	1	8	1	702	14	1	1	1	2
219	219	3	192	646	601379	422367480	9465987	17	14	588	27	0	1	8	1	554	14	1	1	1	2
220	220	4	202	588	421309	422367682	9466575	17	14	530	27	0	1	8	1	496	14	1	1	1	2
221	221	5	174	573	346320	422367856	9467148	17	14	515	27	0	1	8	1	481	14	1	1	1	2
222	222	6	190	309	405869	422368046	9467457	17	14	251	27	0	1	8	1	217	14	1	1	1	2
223	223	7	182	250	344129	422368228	9467707	17	14	192	27	0	1	8	1	158	14	1	1	1	2
224	224	0	192	234	297670	422368420	9467941	17	14	176	27	0	1	8	1	142	14	1	1	1	2
225	225	1	4692774	272033	23569432	427061194	9739974	5331	600	266075	27	0	1	480	4841	593	25479	239980	1	1	343
226	226	2	4467755	221066	21478805	431528949	9961040	5274	544	215221	27	0	1	320	4944	709	23472	191017	1	1	317
227	227	3	4528803	131306	17741871	436057752	10092346	5235	324	125720	27	0	1	154	5071	738	28762	96197	1	1	173
228	228	4	4958211	291546	21615355	441015963	10383892	5359	596	285564	27	0	1	245	5104	785	34303	250453	1	1	338
229	229	5	4111979	200431	15809184	445127942	10584323	5171	512	194721	27	0	1	174	4987	829	26192	167677	1	1	286
230	230	6	5628993	367181	30151541	450756935	10951504	5588	779	360787	27	0	1	387	5191	1037	42249	317478	1	1	454
231	231	7	5033474	257628	24220600	455790409	11209132	5960	604	251037	27	0	1	178	5772	1077	34810	215127	1	1	335
232	232	0	5819859	395356	39754086	461610268	11604488	5362	740	389227	27	0	1	310	5042	1185	44665	343354	1	1	430
233	233	1	4421038	46068	7558508	466031306	11650556	4764	116	41161	27	0	1	164	4590	889	5759	34491	1	1	53
234	234	2	4696118	79622	16077584	470727424	11730178	5393	238	73964	27	0	1	232	5151	878	13896	59168	1	1	115
235	235	3	4537093	90238	15167535	475264517	11820416	1395	354	88462	27	0	1	401	984	1078	14241	73121	1	1	171
236	236	4	3757262	33705	4646843	479021779	11854121	4882	241	28555	27	0	1	198	4674	1091	5242	22200	1	1	119
237	237	5	3625335	30496	5691020	482647114	11884617	939	137	29393	27	0	1	155	774	1103	4685	23534	20	31	63
238	238	6	2986916	75895	7916247	485634030	11960512	1098	547	74223	27	0	1	145	943	983	17369	55848	1	1	324
239	239	7	3212306	12255	3552895	488846336	11972767	4746	66	7416	27	0	1	63	4674	965	2469	3961	1	1	28
240	240	0	5128272	78851	10267003	493974608	12051618	6033	305	72486	27	0	1	311	5712	934	10274	61256	1	1	151
241	241	1	4167906	81905	10097194	498142514	12133523	4997	274	76607	27	0	1	262	4725	960	13344	62281	1	1	134
242	242	2	3972864	40141	7281578	502115378	12173664	5253	181	34680	27	0	1	161	5082	889	10975	22794	1	1	85
243	243	3	3625279	23144	5985240	505740657	12196808	5140	143	17834	27	0	1	118	5013	644	7150	10019	1	1	66
244	244	4	4171612	61501	9278055	509912269	12258309	5245	217	56012	27	0	1	186	5049	600	9089	46301	1	1	103
245	245	5	3900385	21926	4651642	513812654	12280235	5019	108	16772	27	0	1	148	4861	563	2509	13679	1	1	49
246	246	6	4647868	90524	9894553	518460522	12370759	5290	300	84907	27	0	1	240	5040	508	22106	62270	1	1	144
247	247	7	3189766	35047	5880731	521650288	12405806	4799	98	30123	27	0	1	66	4724	475	4249	25377	1	1	44
248	248	0	3618424	21694	4940732	525268712	12427500	1058	68	20541	27	0	1	86	963	374	6619	13527	1	1	29
249	249	1	3998628	58671	6913519	529267340	12486171	5091	195	53358	27	0	1	162	4919	247	18858	34230	1	1	92
250	250	2	3287123	9370	4287533	532554463	12495541	4763	54	4526	27	0	1	86	4668	240	553	3712	1	1	22
251	251	3	3301860	22157	5237731	535856323	12517698	3204	86	18840	27	0	1	108	3087	240	3402	15177	1	1	38
252	252	4	2974306	18264	3781424	538830629	12535962	4466	104	13667	27	0	1	135	4321	198	3609	9839	1	1	47
253	253	5	3349993	32607	5873151	542180622	12568569	4832	153	27595	27	0	1	171	4651	208	5798	21567	1	1	71
254	254	6	3343470	19684	5151602	545524092	12588253	4834	104	14719	27	0	1	140	4684	208	3735	10755	1	1	47
255	255	7	5338718	189812	16087744	550862810	12778065	5611	438	183736	27	0	1	350	5251	268	29806	153639	1	1	232
256	256	0	3505271	34170	6041980	554368081	12812235	5544	122	28477	27	0	1	186	5348	280	7552	20623	1	1	56
257	257	1	12057749	1701298	188132876	566425830	14513533	5624	378	1695269	27	0	1	355	5259	393	24525	81451	22770	1566105	183
258	258	2	4091247	56737	8203367	570517077	14570270	5243	175	51292	27	0	1	175	5058	440	10550	40280	1	1	82
259	259	3	3385802	16203	5234382	573902879	14586473	4806	54	11316	27	0	1	85	4712	437	1488	9370	1	1	22
260	260	4	3067613	17933	4075843	576970492	14604406	4716	58	13132	27	0	1	69	4638	437	2614	10060	1	1	24
261	261	5	3646994	31608	6182120	580617486	14636014	4873	90	26618	27	0	1	121	4743	458	6143	19995	1	1	40
262	262	6	5801598	133122	18875319	586419084	14769136	5639	373	127083	27	0	1	452	5177	760	22477	103823	1	1	186
263	263	7	2953489	10005	4048794	589372573	14779141	4657	46	5275	27	0	1	48	4600	676	621	3957	1	1	18
264	264	0	4158455	47428	6216920	593531028	14826569	5195	201	42005	27	0	1	180	5005	672	8105	33206	1	1	95
265	265	1	3416900	12761	4713492	596947928	14839330	4847	56	7831	27	0	1	90	4748	579	2801	4430	1	1	23
266	266	2	4008697	28012	6046300	600956625	14867342	5158	92	22735	27	0	1	142	5006	532	2738	19443	1	1	41
267	267	3	4474720	69628	9355835	605431345	14936970	647	199	68755	27	0	1	190	447	539	11886	56308	1	1	94
268	268	4	6348779	200086	24960000	611780124	15137056	5740	478	193841	27	0	1	323	5407	608	40242	152968	1	1	247
269	269	5	3028678	7663	3930363	614808802	15144719	188	54	7394	27	0	1	72	108	592	897	5884	1	1	22
270	270	6	3481459	23889	5483331	618290261	15168608	4441	102	19319	27	0	1	129	4302	278	6927	12093	1	1	46
271	271	7	5534884	79591	10633233	623825145	15248199	1320	249	77995	27	0	1	284	1026	345	18486	59141	1	1	119
272	272	0	4065487	16973	5218692	627890632	15265172	5236	230	11480	27	0	1	181	5045	346	5920	5193	1	1	111
273	273	1	3174398	9160	3507204	631065030	15274332	4734	46	4353	27	0	1	76	4649	351	1626	2355	1	1	18
274	274	2	9966603	612591	54437162	641031633	15886923	8034	2091	602439	27	0	1	1200	6824	1296	99603	501517	1	1	1195
275	275	3	3820037	12391	5231101	644851670	15899314	5224	78	7062	27	0	1	101	5114	1304	2037	3700	1	1	34
276	276	4	2056852	20508	4164804	646908522	15919822	122	60	20299	27	0	1	88	26	1261	1896	17120	1	1	25
277	277	5	2301148	20459	3968394	649209670	15940281	2484	60	17888	27	0	1	74	2401	1253	1587	15027	1	1	25
278	278	6	2469650	26490	4432183	651679320	15966771	4369	76	22018	27	0	1	98	4262	1260	2783	17953	1	1	33
279	279	7	3696328	61084	6951468	655375648	16027855	5205	252	55600	27	0	1	195	5000	1283	7832	46463	1	1	121
280	280	0	2365559	17265	3881084	657741207	16045120	125	44	17069	27	0	1	61	56	1291	2177	13580	1	1	17
281	281	1	4399740	43876	7168339	662140947	16088996	5233	268	38348	27	0	1	288	4935	1296	14226	22804	1	1	128
282	282	2	2314783	10421	2733485	664455730	16099417	4236	54	6104	27	0	1	63	4164	357	1497	4229	1	1	22
283	283	3	2437411	17412	3778294	666893141	16116829	4181	52	13152	27	0	1	50	4122	333	2091	10707	1	1	21
284	284	4	2593740	22633	4359933	669486881	16139462	488	74	22044	27	0	1	89	390	299	3124	18599	1	1	32
285	285	5	4408079	51847	6751859	673894960	16191309	5424	203	46193	27	0	1	209	5205	287	9288	36596	1	1	96
286	286	6	1936260	9293	3159285	675831220	16200602	4274	30	4962	27	0	1	34	4231	282	522	4137	1	1	10
287	287	7	1941572	6570	2639536	677772792	16207172	41	30	6472	27	0	1	32	1	202	1005	5244	1	1	10
288	288	0	2096606	7781	3101664	679869398	16214953	4346	30	3378	27	0	1	40	4297	201	505	2651	1	1	10
289	289	1	4858194	52768	8862036	684727592	16267721	5614	374	46753	27	0	1	226	5378	201	9116	37414	1	1	199
290	290	2	2012910	6391	3203375	686740502	16274112	4431	42	1891	27	0	1	52	4370	209	331	1330	1	1	13
291	291	3	2453	880	633479	686742955	16274992	82	78	693	27	0	1	73	1	282	176	214	1	1	27
292	292	4	4639222	213929	17845881	691382177	16488921	5619	659	207624	27	0	1	608	5001	1044	39825	166642	52	40	326
293	293	5	3927881	23112	4761182	695310058	16512033	388	101	22596	27	0	1	136	242	1044	3276	18254	1	1	33
294	294	6	4684806	44467	7812738	699994864	16556500	1023	213	43204	27	0	1	189	824	1053	7961	34168	1	1	89
295	295	7	2173112	3978	2573705	702167976	16560478	503	52	3396	27	0	1	61	433	1054	506	1815	1	1	14
296	296	0	828820	3331	1791557	702996796	16563809	1621	34	1649	27	0	1	29	1583	1049	238	341	1	1	8
297	297	1	4005274	25683	5688411	707002070	16589492	5187	97	20372	27	0	1	171	5006	1047	2767	16536	1	1	30
298	298	2	4042304	16661	5826151	711044374	16606153	4993	94	11547	27	0	1	141	4842	1045	1889	8592	1	1	31
299	299	3	3610356	60035	5927310	714654730	16666188	4993	137	54878	27	0	1	144	4839	981	4181	49694	1	1	50
300	300	4	3436414	5035	3736044	718091144	16671223	520	55	4433	27	0	1	61	450	198	508	3706	1	1	16
301	301	5	3937166	65367	7139539	722028310	16736590	819	151	64370	27	0	1	179	630	214	5420	58714	1	1	56
302	302	6	3603332	19461	4968802	725631642	16756051	4985	139	14310	27	0	1	146	4829	216	3082	10991	1	1	50
303	303	7	4051415	15802	4922482	729683057	16771853	5121	94	10560	27	0	1	76	5036	209	3788	6542	1	1	35
304	304	0	4093574	12143	4904082	733776631	16783996	5165	76	6875	27	0	1	65	5091	200	4969	1685	1	1	27
305	305	1	3035343	3598	3476644	736811974	16787594	440	43	3088	27	0	1	41	390	218	232	2617	1	1	11
306	306	2	3389540	9461	4482353	740201514	16797055	4867	76	4491	27	0	1	119	4739	236	713	3521	1	1	23
307	307	3	4452736	28814	6480229	744654250	16825869	1079	166	27542	27	0	1	200	869	241	5715	21564	1	1	63
308	308	4	3638020	101324	11329622	748292270	16927193	5483	676	95138	27	0	1	112	5362	229	23700	71186	1	1	400
309	309	5	2841890	4585	3438874	751134160	16931778	147	49	4362	27	0	1	45	94	203	1432	2706	1	1	13
310	310	6	3000890	10410	4286723	754135050	16942188	486	84	9813	27	0	1	99	378	201	2876	6715	1	1	27
311	311	7	2741515	7835	3123785	756876565	16950023	4346	53	3409	27	0	1	64	4273	211	488	2689	1	1	15
312	312	0	2863323	6387	4092014	759739888	16956410	2101	56	4203	27	0	1	49	2043	217	988	2977	1	1	16
313	313	1	2734982	9149	4081144	762474870	16965559	4323	73	4726	27	0	1	56	4258	195	2320	2190	1	1	22
314	314	2	2960009	5386	3946353	765434879	16970945	428	61	4870	27	0	1	62	357	195	1306	3348	1	1	18
315	315	3	2820418	6629	2622136	768255297	16977574	4333	47	2222	27	0	1	25	4299	188	183	1830	1	1	13
316	316	4	3443053	10173	5152802	771698350	16987747	4837	75	5234	27	0	1	104	4724	198	2534	2481	1	1	23
317	317	5	2956245	11731	4605883	774654595	16999478	4681	78	6945	27	0	1	85	4587	204	1198	5522	1	1	25
318	318	6	3417930	14331	4819812	778072525	17013809	4885	113	9306	27	0	1	129	4746	203	1598	7484	1	1	39
319	319	7	1958069	19889	3450934	780030594	17033698	54	48	19760	27	0	1	45	1	209	2543	16986	1	1	13
320	320	0	3578440	62153	7903427	783609034	17095851	4391	210	57525	27	0	1	165	4216	245	12136	45122	1	1	88
321	321	1	3299396	47857	6597079	786908430	17143708	4662	204	42964	27	0	1	70	4583	276	6662	36004	1	1	82
322	322	2	3363566	25052	4393493	790271996	17168760	4668	111	20246	27	0	1	68	4591	304	5333	14588	1	1	41
323	323	3	3288197	59758	5798080	793560193	17228518	4645	211	54875	27	0	1	44	4592	305	7983	46565	1	1	87
324	324	4	3123475	35976	5744771	796683668	17264494	4530	148	31271	27	0	1	39	4482	298	5486	25465	1	1	61
325	325	5	5245186	149887	18868029	801928854	17414381	5364	486	144010	27	0	1	341	5013	493	20854	122640	1	1	228
326	326	6	5535185	45496	8220107	807464039	17459877	5599	204	39666	27	0	1	263	5326	582	12167	26895	1	1	85
327	327	7	4256592	27168	5602411	811720631	17487045	5831	141	21169	27	0	1	108	5714	596	2985	17566	1	1	55
328	328	0	4151359	30747	5926240	815871990	17517792	5174	102	25444	27	0	1	148	5016	571	6402	18449	1	1	33
329	329	1	2006920	14906	3775594	817878910	17532698	2650	98	12131	27	0	1	110	2531	554	4022	7534	1	1	33
330	330	2	2612129	12231	3482174	820491039	17544929	4335	50	7819	27	0	1	58	4268	543	1015	6240	1	1	14
331	331	3	3519742	8947	4624313	824010781	17553876	4807	58	4055	27	0	1	89	4709	525	360	3149	1	1	16
332	332	4	3357406	6943	4588862	827368187	17560819	423	76	6417	27	0	1	92	322	533	781	5082	1	1	24
333	333	5	2291032	11068	3327275	829659219	17571887	4534	50	6457	27	0	1	44	4481	357	525	5554	1	1	15
334	334	6	2391016	9513	3212494	832050235	17581400	4333	49	5104	27	0	1	47	4277	233	2330	2520	1	1	14
335	335	7	2285389	13661	3545624	834335624	17595061	4282	56	9296	27	0	1	40	4233	233	975	8067	1	1	18
336	336	0	3412120	10531	4617062	837747744	17605592	4876	54	5574	27	0	1	59	4808	210	704	4639	1	1	15
337	337	1	2412619	12601	3867274	840160363	17618193	4607	49	7918	27	0	1	40	4558	210	2761	4926	1	1	14
338	338	2	2283680	1473	3267975	842444043	17619666	61	43	1342	27	0	1	35	18	200	352	769	1	1	12
339	339	3	2765196	17247	4436102	845209239	17636913	4649	80	12491	27	0	1	89	4551	204	1358	10908	1	1	25
340	340	4	3926903	27300	5790480	849136142	17664213	4693	89	22491	27	0	1	108	4576	240	2604	19625	1	1	29
341	341	5	2364295	4319	2729826	851500437	17668532	76	45	4171	27	0	1	44	24	238	372	3540	1	1	12
342	342	6	2761292	28533	4301822	854261729	17697065	4702	122	23682	27	0	1	117	4576	285	5407	17968	1	1	43
343	343	7	2966529	20893	4504212	857228258	17717958	560	98	20208	27	0	1	112	439	280	6886	13021	1	1	34
344	344	0	1870574	4723	2317317	859098832	17722681	4006	34	656	27	0	1	30	3967	279	95	262	1	1	8
345	345	1	2279952	6849	2872936	861378784	17729530	115	54	6653	27	0	1	41	66	276	657	5650	20	31	17
346	346	2	3002265	5255	3231065	864381049	17734785	133	61	5034	27	0	1	65	60	313	462	4238	1	1	18
347	347	3	2913350	9505	3814554	867294399	17744290	393	77	9008	27	0	1	126	258	305	6308	2374	1	1	24
348	348	4	5305306	68233	8756326	872599705	17812523	5292	197	62717	27	0	1	262	5020	266	11226	51203	1	1	78
349	349	5	4025920	130652	11744141	876625625	17943175	5363	767	124495	27	0	1	163	5190	275	38213	85984	1	1	446
350	350	6	4445763	28713	5707841	881071388	17971888	5064	125	23497	27	0	1	157	4897	251	3551	19673	1	1	47
351	351	7	6215560	144733	18170421	887286948	18116621	5407	361	138938	27	0	1	317	5080	350	21925	116640	1	1	158
352	352	0	3444930	13270	4436163	890731878	18129891	4754	80	8409	27	0	1	77	4668	353	1519	6516	1	1	27
353	353	1	2320007	8649	3508315	893051885	18138540	4399	44	4179	27	0	1	38	4352	349	865	2944	1	1	12
354	354	2	5706894	29875	7310679	898758779	18168415	1743	170	27935	27	0	1	194	1539	313	9528	18072	1	1	66
355	355	3	3850865	28242	5585560	902609644	18196657	5398	194	22623	27	0	1	374	5014	338	6695	15569	1	1	80
356	356	4	3453513	13437	5343722	906063157	18210094	4769	76	8565	27	0	1	108	4652	317	699	7528	1	1	23
357	357	5	3215002	10655	4338063	909278159	18220749	4424	63	6141	27	0	1	80	4335	313	1128	4679	1	1	19
358	358	6	3472388	7000	4516982	912750547	18227749	532	69	6372	27	0	1	77	446	364	489	5498	1	1	20
359	359	7	3182392	6256	3950863	915932939	18234005	723	67	5439	27	0	1	73	641	281	1204	3933	1	1	21
360	360	0	3884747	12822	5209462	919817686	18246827	721	85	11989	27	0	1	84	628	294	2153	9521	1	1	29
361	361	1	3275903	9121	4256422	923093589	18255948	4700	52	4342	27	0	1	58	4633	313	276	3732	1	1	14
362	362	2	3322471	8604	4066404	926416060	18264552	4739	43	3795	27	0	1	49	4681	314	202	3258	1	1	11
363	363	3	5611010	81195	15704385	932027070	18345747	5528	307	75333	27	0	1	229	5289	330	15321	59660	1	1	129
364	364	4	2901550	1306	3450415	934928620	18347053	34	31	1214	27	0	1	25	1	314	153	726	1	1	7
365	365	5	3661848	22251	5435731	938590468	18369304	432	96	21696	27	0	1	125	298	311	4572	16791	1	1	32
366	366	6	2060519	825	1823867	940650987	18370129	39	34	725	27	0	1	30	1	277	178	249	1	1	8
367	367	7	3946582	6320	4282843	944597569	18376449	785	103	5405	27	0	1	115	661	258	1496	3630	1	1	36
368	368	0	2901334	12509	3983374	947498903	18388958	4617	74	7791	27	0	1	67	4541	265	1059	6446	1	1	24
369	369	1	3899176	24600	5345371	951398079	18413558	5056	105	19412	27	0	1	175	4871	257	1393	17740	1	1	36
370	370	2	3445202	23834	5096422	954843281	18437392	532	105	23170	27	0	1	181	341	250	2872	20026	1	1	37
371	371	3	5300007	150471	12816629	960143288	18587863	6313	934	143197	27	0	1	331	5972	274	35044	107856	1	1	532
372	372	4	2665497	3538	3027465	962808785	18591401	67	56	3388	27	0	1	58	1	272	240	2855	1	1	16
373	373	5	4076475	33624	5427241	966885260	18625025	686	102	32809	27	0	1	81	596	264	10443	22080	1	1	38
374	374	6	2287772	29704	4051504	969173032	18654729	4060	72	25545	27	0	1	78	3973	275	2233	23015	1	1	22
375	375	7	3817186	7224	4129353	972990218	18661953	1018	85	6094	27	0	1	111	898	261	1408	4404	1	1	27
376	376	0	78178	20102	1746047	973068396	18682055	38	37	20000	27	0	1	29	1	251	300	19427	1	1	9
377	377	1	8742132	268957	23018253	981810528	18951012	6973	1145	260812	27	0	1	975	5988	978	38530	221281	1	1	566
378	378	2	4424056	20507	6131550	986234584	18971519	5089	194	15197	27	0	1	262	4817	996	4947	9233	1	1	75
379	379	3	3454626	12207	4420403	989689210	18983726	4992	95	7093	27	0	1	132	4850	962	1484	4626	1	1	31
380	380	4	3710924	6673	3844014	993400134	18990399	761	68	5817	27	0	1	64	688	966	1144	3686	1	1	22
381	381	5	3362712	14223	3668214	996762846	19004622	5148	96	8952	27	0	1	96	5043	953	894	7084	1	1	34
382	382	6	4893327	34434	7369468	1001656173	19039056	5488	187	28732	27	0	1	227	5251	941	4226	23543	1	1	71
383	383	7	3260404	7546	3567815	1004916577	19046602	415	73	7031	27	0	1	103	303	946	990	5074	1	1	22
384	384	0	3493082	33440	5100132	1008409659	19080042	4922	116	28375	27	0	1	106	4807	926	7138	20289	1	1	43
385	385	1	3541111	13702	4023854	1011950770	19093744	252	77	13346	27	0	1	109	134	235	1896	11194	1	1	25
386	386	2	3007407	11393	4177303	1014958177	19105137	4631	58	6677	27	0	1	62	4560	222	873	5561	1	1	16
387	387	3	3169415	20474	4441423	1018127592	19125611	4741	98	15608	27	0	1	58	4674	225	3264	12098	1	1	33
388	388	4	3687154	7407	3634524	1021814746	19133018	398	98	6884	27	0	1	117	272	249	1381	5233	1	1	32
389	389	5	3897226	26850	4919712	1025711972	19159868	5020	122	21681	27	0	1	169	4841	282	3809	17568	1	1	45
390	390	6	3962726	18309	5451501	1029674698	19178177	4826	88	13368	27	0	1	109	4708	259	2199	10889	1	1	27
391	391	7	3307878	10984	4208473	1032982576	19189161	207	104	10646	27	0	1	99	100	272	4800	5553	1	1	36
392	392	0	2979177	8782	2882245	1035961753	19197943	4619	55	4081	27	0	1	34	4576	269	637	3154	1	1	15
393	393	1	3439611	15858	4906072	1039401364	19213801	302	147	15382	27	0	1	152	140	352	2075	12934	1	1	57
394	394	2	4069562	28942	6646980	1043470926	19242743	5079	145	23691	27	0	1	174	4895	369	3417	19883	1	1	53
395	395	3	4989508	41781	8205076	1048460434	19284524	5240	155	36359	27	0	1	217	5013	443	4838	31056	1	1	58
396	396	4	3515301	11608	3519075	1051975735	19296132	297	92	11192	27	0	1	86	202	408	4174	6589	1	1	28
397	397	5	5134301	128952	11617141	1057110036	19425084	2334	1173	125418	27	0	1	231	2093	394	28728	96273	1	1	690
398	398	6	5066392	22643	6626339	1062176428	19447727	1274	160	21182	27	0	1	180	1084	481	2883	17796	1	1	58
399	399	7	4039984	13688	5487301	1066216412	19461415	345	97	13219	27	0	1	99	237	476	3412	9310	1	1	31
400	400	0	3397846	23430	4626943	1069614258	19484845	4902	139	18362	27	0	1	111	4782	500	3266	14575	1	1	53
401	401	1	3498674	15458	5152731	1073112932	19500303	4870	134	10427	27	0	1	92	4769	409	3202	6795	1	1	50
402	402	2	3654899	14690	5207722	1076767831	19514993	4928	169	9566	27	0	1	72	4847	391	5160	3994	1	1	65
403	403	3	3002431	23579	5318531	1079770262	19538572	4694	152	18706	27	0	1	88	4597	370	3556	14759	1	1	56
404	404	4	3538357	18391	3937534	1083308619	19556963	4916	118	13330	27	0	1	72	4835	391	2129	10789	1	1	40
405	405	5	3453720	25722	6531089	1086762339	19582685	4842	141	20712	27	0	1	74	4759	396	3652	16642	1	1	51
406	406	6	3451809	12365	4379113	1090214148	19595050	4835	153	7350	27	0	1	54	4772	324	2711	4294	1	1	58
407	407	7	2931158	7486	3600564	1093145306	19602536	4645	70	2744	27	0	1	39	4597	302	455	1966	1	1	21
408	408	0	3577184	15679	3955564	1096722490	19618215	851	87	14714	27	0	1	81	761	293	2486	11914	1	1	30
409	409	1	3445808	5352	4352643	1100168298	19623567	71	52	5202	27	0	1	62	1	270	757	4154	1	1	14
410	410	2	3640308	10583	4570182	1103808606	19634150	520	73	9963	27	0	1	82	429	284	1016	8642	1	1	22
411	411	3	2952044	4803	3734444	1106760650	19638953	126	46	4604	27	0	1	38	80	234	744	3605	1	1	12
412	412	4	3698570	22111	5598421	1110459220	19661064	180	111	21793	27	0	1	59	113	217	5953	15602	1	1	42
413	413	5	3483981	10621	3969544	1113943201	19671685	86	67	10441	27	0	1	77	1	216	962	9242	1	1	19
414	414	6	3417405	3359	4876603	1117360606	19675044	62	49	3221	27	0	1	53	1	219	237	2744	1	1	13
415	415	7	3398656	3875	4446452	1120759262	19678919	476	49	3323	27	0	1	48	419	219	226	2857	1	1	13
416	416	0	3782692	26507	5807910	1124541954	19705426	926	159	25395	27	0	1	93	824	238	3729	21406	1	1	67
417	417	1	3603714	8535	4481793	1128145668	19713961	491	70	7947	27	0	1	63	419	239	1745	5942	1	1	20
418	418	2	3341496	21553	5432411	1131487164	19735514	4863	114	16549	27	0	1	74	4780	239	4926	11363	1	1	38
419	419	3	2917855	7202	3801054	1134405019	19742716	93	70	7012	27	0	1	72	13	263	694	6034	1	1	20
420	420	4	2829270	10109	3873783	1137234289	19752825	71	61	9950	27	0	1	39	24	269	1835	7825	1	1	20
421	421	5	3748364	27852	5762941	1140982653	19780677	273	163	27389	27	0	1	152	112	299	5156	21912	1	1	63
422	422	6	3690925	26917	5252861	1144673578	19807594	234	181	26475	27	0	1	109	117	355	3073	23025	1	1	79
423	423	7	3133063	25261	4402132	1147806641	19832855	201	173	24860	27	0	1	71	122	385	3039	21414	1	1	69
424	424	0	2854794	8067	3719434	1150661435	19840922	4354	43	3643	27	0	1	39	4306	376	388	2858	1	1	11
425	425	1	2858020	5288	3987394	1153519455	19846210	116	64	5081	27	0	1	44	64	363	1254	3443	1	1	21
426	426	2	3024717	5787	3875214	1156544172	19851997	159	57	5544	27	0	1	51	100	356	761	4406	1	1	16
427	427	3	2852423	3127	3510434	1159396595	19855124	48	43	3009	27	0	1	39	1	347	231	2410	1	1	11
428	428	4	3045918	25110	4810632	1162442513	19880234	202	167	24714	27	0	1	58	135	346	3180	21166	1	1	67
429	429	5	3691941	4879	3729314	1166134454	19885113	91	64	4697	27	0	1	82	1	314	597	3765	1	1	18
430	430	6	3077382	13157	3301215	1169211836	19898270	102	85	12943	27	0	1	93	1	303	1324	11295	1	1	28
431	431	7	2855987	7204	2774735	1172067823	19905474	68	48	7061	27	0	1	35	25	272	1018	5750	1	1	14
432	432	0	2977400	11364	3592594	1175045223	19916838	365	64	10908	27	0	1	53	303	276	1201	9410	1	1	18
433	433	1	3570437	4891	4280773	1178615660	19921729	72	55	4737	27	0	1	63	1	291	495	3930	1	1	15
434	434	2	3460856	5265	4325233	1182076516	19926994	76	55	5107	27	0	1	67	1	289	599	4198	1	1	15
435	435	3	3629045	9318	4449213	1185705561	19936312	270	70	8951	27	0	1	80	181	294	1140	7496	1	1	20
436	436	4	3850635	12702	5652791	1189556196	19949014	289	98	12288	27	0	1	96	184	287	2102	9878	1	1	32
437	437	5	3758524	13930	4806172	1193314720	19962944	4458	82	9363	27	0	1	94	4355	306	1377	7659	1	1	25
438	438	6	3688973	5970	3880314	1197003693	19968914	157	67	5719	27	0	1	85	64	263	1718	3717	1	1	20
439	439	7	4541965	28838	6959078	1201545658	19997752	698	187	27926	27	0	1	209	479	264	5416	22224	1	1	74
440	440	0	4775914	25858	6840269	1206321572	20023610	804	184	24843	27	0	1	190	604	254	3622	20945	1	1	70
441	441	1	4045035	7602	5233962	1210366607	20031212	534	114	6927	27	0	1	149	375	238	3491	3177	1	1	38
442	442	2	4142426	16724	5094132	1214509033	20047936	4547	86	12064	27	0	1	120	4418	231	2686	9126	1	1	26
443	443	3	5507990	70872	9979323	1220017023	20118808	5909	437	64499	27	0	1	504	5395	627	9651	54199	1	1	201
444	444	4	6084031	83586	11529672	1226101054	20202394	1166	279	82114	27	0	1	328	828	638	13224	68230	1	1	112
445	445	5	3504522	4453	4036874	1229605576	20206847	244	58	4124	27	0	1	64	171	607	988	2508	1	1	16
446	446	6	4046457	29961	5488151	1233652033	20236808	5066	130	24738	27	0	1	98	4959	609	3782	20325	1	1	47
447	447	7	4218388	29579	6212690	1237870421	20266387	542	158	28852	27	0	1	114	419	611	5382	22837	1	1	59
448	448	0	3838673	7232	4526573	1241709094	20273619	346	72	6787	27	0	1	64	273	620	631	5515	1	1	21
449	449	1	3977412	8678	5107171	1245686506	20282297	302	87	8262	27	0	1	112	181	617	3437	4187	1	1	28
450	450	2	3814544	3822	4350973	1249501050	20286119	599	52	3144	27	0	1	62	528	631	487	2005	1	1	14
451	451	3	5522045	68542	10315254	1255023095	20354661	5606	197	62712	27	0	1	214	5382	228	10039	52423	1	1	78
452	452	4	3172887	7167	4257953	1258195982	20361828	96	64	6980	27	0	1	72	16	202	587	6170	1	1	18
453	453	5	3598386	6763	4656652	1261794368	20368591	284	73	6379	27	0	1	76	199	200	1209	4949	1	1	21
454	454	6	6184433	91641	14125737	1267978801	20460232	901	287	90426	27	0	1	362	529	259	16784	73360	1	1	119
455	455	7	4540705	30975	6573630	1272519506	20491207	5323	192	25433	27	0	1	211	5102	261	5359	19791	1	1	77
456	456	0	4013596	15397	5361032	1276533102	20506604	775	98	14497	27	0	1	155	610	259	1869	12348	1	1	30
457	457	1	3982638	14327	5160731	1280515740	20520931	5005	87	9208	27	0	1	144	4851	266	1800	7121	1	1	28
458	458	2	4253028	12685	5463511	1284768768	20533616	384	96	12178	27	0	1	144	230	266	2792	9099	1	1	32
459	459	3	4346015	7789	5349721	1289114783	20541405	658	74	7030	27	0	1	106	543	272	1127	5610	1	1	22
460	460	4	3735015	23001	5092791	1292849798	20564406	4806	78	18090	27	0	1	125	4672	263	1768	16038	1	1	24
461	461	5	4259135	24996	5127611	1297108933	20589402	4752	95	20122	27	0	1	104	4639	261	2889	16950	1	1	29
462	462	6	3026939	3980	3574134	1300135872	20593382	74	49	3830	27	0	1	53	13	214	1546	2049	1	1	13
463	463	7	3215595	5528	3324254	1303351467	20598910	418	52	5031	27	0	1	60	349	207	470	4333	1	1	14
464	464	0	5568394	55984	9214685	1308919861	20654894	5186	163	50608	27	0	1	212	4964	206	8706	41674	1	1	61
465	465	1	4442281	15775	5562201	1313362142	20670669	1329	117	14302	27	0	1	201	1118	206	1997	12078	1	1	45
466	466	2	3028667	7182	3093875	1316390809	20677851	83	55	7017	27	0	1	51	24	214	3641	3141	1	1	15
467	467	3	4140675	29517	6243660	1320531484	20707368	4600	136	24754	27	0	1	171	4419	225	3870	20637	1	1	48
468	468	4	3340053	3401	4062533	1323871537	20710769	56	43	3275	27	0	1	47	1	231	185	2838	1	1	11
469	469	5	3860593	15751	4996612	1327732130	20726520	4526	78	11120	27	0	1	78	4439	237	1446	9416	1	1	25
470	470	6	3601779	1946	3236455	1331333909	20728466	295	53	1571	27	0	1	63	223	227	332	991	1	1	15
471	471	7	4017589	14108	4463103	1335351498	20742574	4965	91	9025	27	0	1	137	4818	228	1015	7761	1	1	29
472	472	0	2998257	2648	3521384	1338349755	20745222	83	43	2495	27	0	1	49	26	236	225	2013	1	1	11
473	473	1	3891969	12372	5301311	1342241724	20757594	360	103	11882	27	0	1	127	224	245	2690	8926	1	1	35
474	474	2	3959361	5959	5328782	1346201085	20763553	783	75	5074	27	0	1	124	650	234	529	4290	1	1	22
475	475	3	5627541	26925	6790578	1351828626	20790478	895	165	25838	27	0	1	225	660	209	5052	20555	1	1	62
476	476	4	4897058	35402	7527817	1356725684	20825880	702	172	34501	27	0	1	233	459	216	6333	27930	1	1	64
477	477	5	3307763	5145	4155874	1360033447	20831025	110	67	4941	27	0	1	101	1	207	372	4341	1	1	19
478	478	6	2703770	3418	2668866	1362737217	20834443	60	43	3288	27	0	1	51	1	215	247	2805	1	1	11
479	479	7	3571061	15070	5275752	1366308278	20849513	266	101	14676	27	0	1	80	177	227	1900	12528	1	1	36
480	480	0	3537875	6902	4165443	1369846153	20856415	203	61	6611	27	0	1	79	116	231	646	5713	1	1	17
481	481	1	4158033	21523	4880642	1374004186	20877938	5260	154	16082	27	0	1	194	5056	245	2213	13603	1	1	56
482	482	2	3597894	8062	4000283	1377602080	20886000	190	64	7781	27	0	1	80	102	252	943	6565	1	1	18
483	483	3	4161670	23708	6061100	1381763750	20909708	471	140	23070	27	0	1	165	296	247	3303	19498	1	1	49
484	484	4	3138524	4017	3840933	1384902274	20913725	637	52	3301	27	0	1	66	562	251	541	2488	1	1	14
485	485	5	3416968	4033	3506955	1388319242	20917758	189	54	3763	27	0	1	59	122	252	375	3115	1	1	16
486	486	6	4373208	24072	5833830	1392692450	20941830	5190	124	18731	27	0	1	212	4968	252	1925	16532	1	1	44
487	487	7	4324011	11375	5670661	1397016461	20953205	1241	104	10003	27	0	1	179	1052	256	1643	8083	1	1	36
488	488	0	4087967	25010	4804992	1401104428	20978215	4966	97	19920	27	0	1	127	4830	238	7372	12289	1	1	32
489	489	1	859109	2543	1766497	1401963537	20980758	1498	37	981	27	0	1	33	1456	231	297	432	1	1	9
490	490	2	5256151	67308	8984266	1407219688	21048066	5469	248	61564	27	0	1	374	5085	248	21255	40038	1	1	95
491	491	3	4909494	54043	8190806	1412129182	21102109	5254	200	48562	27	0	1	268	4976	221	17786	30532	1	1	82
492	492	4	2565592	10936	3784043	1414694774	21113045	459	79	10371	27	0	1	96	354	266	1041	9043	1	1	25
493	493	5	3590708	32582	6159580	1418285482	21145627	4849	91	27615	27	0	1	51	4789	257	6766	20570	1	1	34
494	494	6	3210145	12798	3659504	1421495627	21158425	4478	72	8221	27	0	1	117	4352	283	1062	6855	1	1	21
495	495	7	4491959	16270	5408311	1425987586	21174695	5116	101	11026	27	0	1	134	4972	296	2166	8543	1	1	33
496	496	0	4149810	17234	5405452	1430137396	21191929	1045	89	16073	27	0	1	154	881	301	1558	14193	1	1	29
497	497	1	3600343	5074	4237083	1433737739	21197003	537	64	4446	27	0	1	98	430	282	615	3528	1	1	18
498	498	2	2971287	3927	2983975	1436709026	21200930	218	52	3630	27	0	1	53	156	248	309	3052	1	1	14
499	499	3	4031425	14241	4332753	1440740451	21215171	1022	79	13113	27	0	1	139	873	248	1624	11220	1	1	24
500	500	4	3175574	7923	4381343	1443916025	21223094	4419	43	3434	27	0	1	51	4359	205	569	2639	1	1	11
501	501	5	3108250	4715	3492054	1447024275	21227809	131	61	4496	27	0	1	75	48	205	478	3792	1	1	18
502	502	6	4728516	15918	4568563	1451752791	21243727	903	111	14877	27	0	1	161	732	188	2707	11961	1	1	37
503	503	7	4668185	169515	21572345	1456420976	21413242	4712	153	164623	27	0	1	236	4466	216	5781	28201	1907	128495	59
504	504	0	3021649	9081	4041503	1459442625	21422323	4416	52	4586	27	0	1	56	4351	229	525	3811	1	1	14
505	505	1	2943108	3928	4001244	1462385733	21426251	125	63	3713	27	0	1	67	50	239	637	2816	1	1	19
506	506	2	3114990	11001	3604874	1465500723	21437252	152	65	10757	27	0	1	104	40	247	1288	9201	1	1	19
507	507	3	4759269	31704	7191618	1470259992	21468956	5977	210	25490	27	0	1	255	5712	270	3334	21864	1	1	86
508	508	4	3483060	4404	3793364	1473743052	21473360	285	63	4029	27	0	1	79	197	292	869	2847	1	1	18
509	509	5	1974106	2649	2293836	1475717158	21476009	56	37	2529	27	0	1	36	12	312	129	2067	1	1	9
510	510	6	2481744	4750	3121935	1478198902	21480759	403	63	4257	27	0	1	59	335	335	797	3104	1	1	19
511	511	7	3880823	12764	5406421	1482079725	21493523	4522	94	8121	27	0	1	153	4359	303	1292	6505	1	1	32
512	512	0	3777095	10131	4469043	1485856820	21503654	4921	79	5104	27	0	1	101	4811	299	530	4254	1	1	25
513	513	1	4172407	22977	6151860	1490029227	21526631	611	94	22245	27	0	1	113	489	298	1203	20722	1	1	29
514	514	2	3911764	12708	5493881	1493940991	21539339	4507	90	8084	27	0	1	113	4385	287	3460	4316	1	1	28
515	515	3	4991331	29710	7487468	1498932322	21569049	5410	137	24136	27	0	1	191	5209	246	5639	18229	1	1	50
516	516	4	3266924	19158	5686471	1502199246	21588207	4560	87	14484	27	0	1	62	4489	235	7854	6374	1	1	29
517	517	5	869492	4074	2135316	1503068738	21592281	1680	46	2321	27	0	1	39	1632	242	384	1674	1	1	13
518	518	6	15072061	2757496	257318252	1518140799	24349777	471	80	2756918	27	0	1	107	355	234	2555	4757	39248	2710100	25
519	519	7	2760080	96253	5874511	1520900879	24446030	4509	82	91635	27	0	1	77	4423	228	2596	88789	1	1	27
520	520	0	608	499	620799	1520901487	24446529	29	28	415	27	0	1	20	1	200	89	107	1	1	6
521	521	1	2714206	7226	3028615	1523615693	24453755	4893	51	2255	27	0	1	39	4845	191	1312	731	1	1	15
522	522	2	2826093	20068	4937292	1526441786	24473823	4637	145	15259	27	0	1	154	4473	234	4828	10176	1	1	53
523	523	3	3112395	34494	5305031	1529554181	24508317	4715	117	29635	27	0	1	137	4568	229	4395	24989	1	1	40
524	524	4	3088209	41166	5701071	1532642390	24549483	4665	116	36358	27	0	1	87	4569	208	7865	28263	1	1	39
525	525	5	102633493	22524359	1885471774	1635275883	47073842	29	28	22524275	27	0	1	20	1	221	263	466	303363	22219938	6
526	526	6	3147299	9145	4026954	1638423182	47082987	4434	58	4626	27	0	1	80	4345	222	657	3726	1	1	16
527	527	7	2231196	9011	3520565	1640654378	47091998	4572	103	4309	27	0	1	109	4454	247	608	3433	1	1	34
528	528	0	2129017	4851	3062265	1642783395	47096849	102	43	4679	27	0	1	57	37	266	390	4002	1	1	11
529	529	1	3147949	6779	3694554	1645931344	47103628	4268	40	2444	27	0	1	40	4219	275	187	1961	1	1	10
530	530	2	3318000	6917	3964533	1649249344	47110545	326	67	6497	27	0	1	48	269	223	4052	2201	1	1	19
531	531	3	25229237	5501864	465365512	1674478581	52612409	29	28	5501780	27	0	1	20	1	221	415	1076	73831	5426213	6
532	532	4	306189	67479	7121898	1674784770	52679888	29	28	67395	27	0	1	20	1	204	263	850	1093	64963	6
533	533	5	4438943	31174	6237740	1679223713	52711062	5128	194	25825	27	0	1	164	4954	230	5903	19670	1	1	79
534	534	6	2511883	7295	3447785	1681735596	52718357	310	65	6893	27	0	1	76	225	242	1372	5258	1	1	19
535	535	7	7985337	1746769	176564812	1689720933	54465126	29	25	1746688	27	0	1	20	1	222	311	701	24667	1720764	5
536	536	0	2105967	4116	2813555	1691826900	54469242	144	61	3884	27	0	1	59	77	212	866	2785	1	1	18
537	537	1	3214568	13432	4167153	1695041468	54482674	4667	40	8698	27	0	1	48	4610	232	836	7609	1	1	10
538	538	2	4677230	16974	5474421	1699718698	54499648	510	111	16326	27	0	1	210	290	226	2970	13109	1	1	39
539	539	3	7549488	239809	21839074	1707268186	54739457	6666	865	232251	27	0	1	859	5797	565	23991	190095	406	17170	424
540	540	4	2089055	8926	3561684	1709357241	54748383	4213	64	4622	27	0	1	48	4156	561	926	3114	1	1	21
541	541	5	3426501	22209	5972460	1712783742	54770592	1191	183	20808	27	0	1	122	1060	560	4279	15948	1	1	77
542	542	6	158	637	546269	1712783900	54771229	17	16	577	27	0	1	8	1	543	14	1	1	1	2
543	543	7	2020128	9341	3314905	1714804028	54780570	4134	86	5094	27	0	1	85	4040	569	758	3746	1	1	30
544	544	0	1978641	4746	2842385	1716782669	54785316	3601	52	1066	27	0	1	43	3549	557	145	343	1	1	14
545	545	1	3925800	220421	18504170	1720708469	55005737	3657	2889	213848	27	0	1	2218	1429	959	49506	163329	20	13	1507
546	546	2	2011694	6079	2891545	1722720163	55011816	4111	55	1886	27	0	1	40	4062	941	208	716	1	1	15
547	547	3	2060531	10144	3575914	1724780694	55021960	48	43	10026	27	0	1	39	1	641	824	8540	1	1	11
548	548	4	1978642	5357	2481075	1726759336	55027317	4105	52	1173	27	0	1	35	4061	637	174	341	1	1	14
549	549	5	4015435	247139	19487428	1730774771	55274456	938	699	245475	27	0	1	151	777	678	23710	221064	1	1	395
550	550	6	2088854	9541	3081266	1732863625	55283997	4273	74	5167	27	0	1	34	4230	676	654	3816	1	1	24
551	551	7	2096497	8926	3258445	1734960122	55292923	4345	40	4514	27	0	1	32	4304	672	627	3194	1	1	11
552	552	0	2080640	6097	2470706	1737040762	55299020	4405	43	1622	27	0	1	38	4358	663	174	764	1	1	11
553	553	1	2062302	19366	3845784	1739103064	55318386	401	330	18608	27	0	1	284	108	317	2824	15446	1	1	143
554	554	2	2294538	28456	4921002	1741397602	55346842	4986	529	22914	27	0	1	281	4695	375	4006	18511	1	1	255
555	555	3	2138474	21966	4379243	1743536076	55368808	2523	393	19023	27	0	1	160	2353	364	3485	15153	1	1	178
556	556	4	1843791	7134	2961645	1745379867	55375942	3596	90	3421	27	0	1	44	3543	359	660	2381	1	1	30
557	557	5	2069099	7184	3291004	1747448966	55383126	4092	57	3008	27	0	1	76	4007	288	1761	938	1	1	16
558	558	6	3928380	56059	9089825	1751377346	55439185	5570	266	50196	27	0	1	278	5282	382	8190	41602	1	1	113
559	559	7	4136152	25869	6404519	1755513498	55465054	3167	134	22541	27	0	1	163	2994	396	10694	11430	1	1	50
560	560	0	3536882	20780	5888790	1759050380	55485834	4455	113	16185	27	0	1	54	4392	395	8093	7676	1	1	39
561	561	1	2118169	5799	3467915	1761168549	55491633	202	52	5518	27	0	1	51	142	377	712	4408	1	1	14
562	562	2	1978548	758	2902125	1763147097	55492391	69	43	619	27	0	1	35	26	311	108	180	1	1	11
563	563	3	2114844	5271	3354375	1765261941	55497662	74	46	5124	27	0	1	44	22	322	764	4017	1	1	12
564	564	4	2317281	1769	3469364	1767579222	55499431	107	63	1572	27	0	1	59	40	332	183	1036	1	1	18
565	565	5	2469287	12634	4337073	1770048509	55512065	4290	61	8256	27	0	1	57	4224	325	1202	6708	1	1	18
566	566	6	2324616	25102	4939352	1772373125	55537167	4738	274	20063	27	0	1	182	4546	302	3122	16617	1	1	122
567	567	7	2342450	29989	5487091	1774715575	55567156	4424	263	25275	27	0	1	39	4376	308	2810	22135	1	1	119
568	568	0	2162199	19975	4533513	1776877774	55587131	4365	250	15333	27	0	1	21	4335	294	2216	12802	1	1	110
569	569	1	2321400	27767	4899232	1779199174	55614898	4494	198	23048	27	0	1	54	4431	273	2304	20449	1	1	81
570	570	2	2011535	2784	3235765	1781210709	55617682	58	52	2647	27	0	1	49	1	319	441	1866	1	1	14
571	571	3	2009216	1923	3148585	1783219925	55619605	49	43	1804	27	0	1	40	1	319	536	928	1	1	11
572	572	4	1979400	1002	2738726	1785199325	55620607	78	52	845	27	0	1	44	26	302	154	368	1	1	14
573	573	5	3702862	36540	6899778	1788902187	55657147	5085	216	31212	27	0	1	189	4886	543	3209	27438	1	1	90
574	574	6	3749648	60986	8619796	1792651835	55718133	776	629	59554	27	0	1	603	163	614	8067	50851	1	1	315
575	575	7	4018308	95178	9595515	1796670143	55813311	1242	714	93195	27	0	1	229	1003	618	14227	78328	1	1	359
576	576	0	3323555	53296	7388008	1799993698	55866607	5176	611	47482	27	0	1	21	5146	614	9541	37305	1	1	306
577	577	1	4514112	73992	8905766	1804507810	55940599	5521	673	67771	27	0	1	103	5409	630	16421	50697	1	1	339
578	578	2	2186810	36397	4445083	1806694620	55976996	4199	109	32062	27	0	1	143	4046	689	3909	27442	1	1	38
579	579	3	3341904	22502	4780282	1810036524	55999498	4764	108	17603	27	0	1	100	4655	671	6420	10491	1	1	34
580	580	4	2333058	42344	5386001	1812369582	56041842	4354	136	37827	27	0	1	53	4292	692	6207	30906	1	1	48
581	581	5	2974693	88687	9215565	1815344275	56130529	4453	148	84059	27	0	1	178	4265	607	13551	69879	1	1	60
582	582	6	2284107	35224	4291793	1817628382	56165753	4139	89	30969	27	0	1	43	4087	408	5769	24770	1	1	30
583	583	7	2414788	46793	5621621	1820043170	56212546	4369	125	42272	27	0	1	59	4301	384	11209	30657	1	1	49
584	584	0	2577207	71613	6551199	1822620377	56284159	4417	161	67008	27	0	1	95	4313	377	15346	51263	1	1	60
585	585	1	2143596	15792	4074593	1824763973	56299951	4130	72	11563	27	0	1	34	4087	315	5592	5635	1	1	22
586	586	2	3699572	58283	7387088	1828463545	56358234	4753	163	53340	27	0	1	133	4610	286	18844	34187	1	1	63
587	587	3	2177328	10232	3117295	1830640873	56368466	4127	67	6011	27	0	1	32	4086	279	2634	3077	1	1	19
588	588	4	2085298	9572	2921175	1832726171	56378038	4145	79	5321	27	0	1	49	4087	254	2912	2134	1	1	29
589	589	5	2894746	31003	4525853	1835620917	56409041	4355	112	26509	27	0	1	120	4226	203	5167	21117	1	1	38
590	590	6	2908014	79985	6784769	1838528931	56489026	4445	118	75395	27	0	1	91	4345	212	14317	60844	1	1	43
591	591	7	2494136	4247	3255725	1841023067	56493273	197	69	3954	27	0	1	79	110	230	690	3013	1	1	20
592	592	0	2217584	6074	2890295	1843240651	56499347	4166	54	1827	27	0	1	44	4113	232	492	1082	1	1	17
593	593	1	1905492	12196	3463924	1845146143	56511543	4320	71	7778	27	0	1	74	4237	225	1768	5764	1	1	22
594	594	2	2330791	15062	3406115	1847476934	56526605	4448	57	10530	27	0	1	38	4401	198	1989	8322	1	1	17
595	595	3	1087119	3845	1976337	1848564053	56530450	2179	31	1608	27	0	1	25	2145	198	287	1102	1	1	7
596	596	4	2349598	9915	3383654	1850913651	56540365	4160	58	5670	27	0	1	60	4091	197	762	4690	1	1	16
597	597	5	2576070	25390	4324133	1853489721	56565755	96	80	25187	27	0	1	70	18	179	3051	21935	1	1	26
598	598	6	1176510	6613	2019347	1854666231	56572368	2004	35	4547	27	0	1	40	1955	160	418	3948	1	1	9
599	599	7	2504606	35964	5777310	1857170837	56608332	4263	219	31455	27	0	1	226	4027	286	10266	20881	1	1	88
600	600	0	4162861	31857	6863209	1861333698	56640189	3098	238	28494	27	0	1	163	2925	299	10084	18089	1	1	96
601	601	1	3894958	39409	6829619	1865228656	56679598	734	216	38432	27	0	1	84	641	301	11785	26324	1	1	88
602	602	2	4149735	33306	5740150	1869378391	56712904	5254	219	27806	27	0	1	81	5164	296	12153	15336	1	1	89
603	603	3	4129003	49197	7514547	1873507394	56762101	5354	217	43599	27	0	1	84	5261	306	13817	29454	1	1	91
604	604	4	2528026	13717	3524664	1876035420	56775818	2720	106	10864	27	0	1	62	2649	306	3018	7519	1	1	35
605	605	5	4408218	31962	7134908	1880443638	56807780	5563	253	26119	27	0	1	147	5406	319	4096	21682	1	1	100
606	606	6	2046587	25928	4499913	1882490225	56833708	3964	283	21654	27	0	1	297	3657	494	4683	16455	1	1	126
607	607	7	3350385	14966	4117183	1885840610	56848674	4961	74	9904	27	0	1	86	4866	378	4511	4994	1	1	24
608	608	0	5198451	32405	6521729	1891039061	56881079	5609	256	26513	27	0	1	266	5333	607	6525	19359	1	1	110
609	609	1	3377777	13747	4782062	1894416838	56894826	4657	175	8888	27	0	1	42	4606	601	4657	3609	1	1	72
610	610	2	4923524	44594	8003107	1899340362	56939420	5746	251	38570	27	0	1	187	5549	616	6184	31748	1	1	100
611	611	3	3546200	32884	6362300	1902886562	56972304	311	183	32363	27	0	1	39	263	606	5488	26247	1	1	73
612	612	4	3177664	31957	5552421	1906064226	57004261	527	186	31217	27	0	1	179	338	725	9573	20897	1	1	75
613	613	5	3256025	14140	4949252	1909320251	57018401	4620	151	9342	27	0	1	21	4590	721	6285	2315	1	1	63
614	614	6	3165253	9791	4323903	1912485504	57028192	4553	147	5064	27	0	1	25	4519	541	2544	1958	1	1	63
615	615	7	3167780	10261	4146213	1915653284	57038453	4553	144	5537	27	0	1	25	4519	533	2588	2395	1	1	61
616	616	0	2560948	4699	3076305	1918214232	57043152	225	92	4355	27	0	1	81	135	376	1486	2472	1	1	28
617	617	1	2081443	1240	2187726	1920295675	57044392	44	37	1132	27	0	1	35	1	372	197	542	1	1	9
618	618	2	3489168	29291	5308062	1923784843	57073683	666	239	28359	27	0	1	234	422	508	10069	17760	1	1	103
619	619	3	2791384	19469	4267024	1926576227	57093152	4299	108	15035	27	0	1	90	4200	522	2221	12271	1	1	38
620	620	4	2918630	13806	4196413	1929494857	57106958	4512	118	9149	27	0	1	140	4362	402	1752	6974	1	1	39
621	621	5	4351380	85258	9159065	1933846237	57192216	365	184	84682	27	0	1	257	99	485	11056	73119	1	1	76
622	622	6	3185468	13326	3735154	1937031705	57205542	4560	159	8580	27	0	1	172	4378	576	2801	5182	1	1	64
623	623	7	4601829	29093	6204750	1941633534	57234635	5633	201	23232	27	0	1	154	5469	577	5018	17615	1	1	76
624	624	0	2429099	9044	3520165	1944062633	57243679	239	91	8687	27	0	1	78	152	596	1770	6300	1	1	28
625	625	1	3250950	18644	4672742	1947313583	57262323	515	148	17954	27	0	1	171	334	675	4009	13249	1	1	61
626	626	2	2086449	2474	2657646	1949400032	57264797	57	40	2350	27	0	1	35	14	520	1010	799	1	1	10
627	627	3	3162250	14960	4731942	1952562282	57279757	4527	161	10245	27	0	1	64	4454	504	7370	2350	1	1	64
628	628	4	2582616	3429	4057324	1955144898	57283186	240	79	3083	27	0	1	63	168	481	1000	1581	1	1	23
629	629	5	2345178	5803	3474385	1957490076	57288989	4271	52	1453	27	0	1	58	4204	419	335	678	1	1	14
630	630	6	3160636	9497	4721492	1960650712	57298486	4577	136	4757	27	0	1	65	4503	325	2433	1978	1	1	53
631	631	7	2101856	7525	3387814	1962752568	57306011	4126	76	3296	27	0	1	34	4083	332	1017	1926	1	1	22
632	632	0	2466428	2139	3441054	1965218996	57308150	181	49	1882	27	0	1	50	123	292	401	1168	1	1	13
633	633	1	2075171	3264	2944335	1967294167	57311414	73	52	3112	27	0	1	64	1	195	589	2307	1	1	14
634	634	2	2053163	911	2952315	1969347330	57312325	48	43	793	27	0	1	39	1	191	242	339	1	1	11
635	635	3	2172636	5049	3222645	1971519966	57317374	4112	40	870	27	0	1	34	4069	171	352	326	1	1	10
636	636	4	1954546	22788	4576493	1973474512	57340162	4215	175	18371	27	0	1	176	4029	264	2516	15570	1	1	74
637	637	5	1169054	14703	3229794	1974643566	57354865	2292	154	12230	27	0	1	48	2235	290	1939	9980	1	1	57
638	638	6	1987523	27910	4988492	1976631089	57382775	4198	188	23497	27	0	1	78	4111	277	3427	19771	1	1	80
639	639	7	1974251	24371	4333543	1978605340	57407146	4202	147	19995	27	0	1	62	4131	248	2908	16817	1	1	55
640	640	0	1966992	27196	4491093	1980572332	57434342	4175	201	22793	27	0	1	51	4115	250	3838	18683	1	1	84
641	641	1	1709360	32300	5209201	1982281692	57466642	3742	314	28217	27	0	1	283	3449	384	6599	21212	1	1	137
642	642	2	2042392	24377	4555103	1984324084	57491019	4241	172	19937	27	0	1	85	4147	412	3340	16164	1	1	64
643	643	3	868758	8398	2230426	1985192842	57499417	1712	78	6581	27	0	1	45	1658	403	996	5161	1	1	25
644	644	4	1000818	10306	2786016	1986193660	57509723	1867	66	8346	27	0	1	43	1815	343	1692	6290	1	1	19
645	645	5	1966144	13266	3514324	1988159804	57522989	4177	69	8993	27	0	1	28	4140	319	1386	7267	1	1	20
646	646	6	2268993	42820	5844350	1990428797	57565809	4611	314	37868	27	0	1	78	4524	314	7095	30437	1	1	138
647	647	7	1150717	10441	3031305	1991579514	57576250	2279	96	8039	27	0	1	62	2208	312	2945	4761	1	1	30
648	648	0	2112337	23138	4475243	1993691851	57599388	4283	108	18720	27	0	1	79	4195	307	2599	15793	1	1	38
649	649	1	2077118	18780	3746734	1995768969	57618168	4165	170	14418	27	0	1	44	4112	161	2611	11625	1	1	66
650	650	2	2361936	14066	4107533	1998130905	57632234	4076	98	9865	27	0	1	90	3977	165	932	8747	1	1	33
651	651	3	1193897	14128	3216565	1999324802	57646362	2323	85	11693	27	0	1	89	2225	197	2755	8720	1	1	26
652	652	4	2023839	21587	4581312	2001348641	57667949	4323	159	17078	27	0	1	154	4159	249	6150	10658	1	1	62
653	653	5	1579055	17061	3915223	2002927696	57685010	3115	155	13764	27	0	1	53	3053	264	4780	8699	1	1	61
654	654	6	2057911	23502	4790362	2004985607	57708512	4322	126	19027	27	0	1	87	4226	278	5506	13222	1	1	50
655	655	7	2042454	16083	4390553	2007028061	57724595	347	109	15600	27	0	1	47	291	286	4116	11177	1	1	40
656	656	0	2048018	25152	4968482	2009076079	57749747	4309	160	20656	27	0	1	61	4239	286	6072	14277	1	1	63
657	657	1	1790086	12186	3655414	2010866165	57761933	3902	90	8167	27	0	1	57	3836	286	2512	5348	1	1	28
658	658	2	2220232	26183	4972622	2013086397	57788116	4416	188	21552	27	0	1	102	4305	281	7712	13538	1	1	78
659	659	3	1575317	14440	3639934	2014661714	57802556	3111	83	11219	27	0	1	63	3039	265	2436	8497	1	1	25
660	660	4	1248596	15517	3434784	2015910310	57818073	2283	62	13145	27	0	1	37	2237	210	2182	10732	1	1	19
661	661	5	2463263	48651	6678679	2018373573	57866724	4754	354	43516	27	0	1	127	4618	263	7707	35524	1	1	159
662	662	6	2101001	18603	3659063	2020474574	57885327	4175	46	14355	27	0	1	44	4122	264	2293	11777	1	1	12
663	663	7	2357194	17355	4642923	2022831768	57902682	4435	142	12751	27	0	1	70	4356	260	3935	8535	1	1	52
664	664	0	2294021	18931	4500822	2025125789	57921613	4433	99	14372	27	0	1	86	4338	256	4307	9788	1	1	31
665	665	1	2143600	19437	3842623	2027269389	57941050	4416	147	14847	27	0	1	47	4360	240	4588	9998	1	1	54
666	666	2	1241391	10475	2792646	2028510780	57951525	2387	118	7943	27	0	1	138	2239	282	3814	3826	1	1	43
667	667	3	1255171	16672	3401224	2029765951	57968197	2382	132	14131	27	0	1	43	2330	277	4789	9044	1	1	51
668	668	4	1244245	12992	2852995	2031010196	57981189	2365	118	10482	27	0	1	39	2317	270	5093	5098	1	1	44
669	669	5	1235341	8871	2757326	2032245537	57990060	2365	106	6373	27	0	1	39	2317	208	4726	1418	1	1	39
670	670	6	1252404	13568	2256576	2033497941	58003628	2362	118	11061	27	0	1	36	2317	213	5141	5686	1	1	43
671	671	7	2478768	21611	4613733	2035976709	58025239	4153	141	17290	27	0	1	87	4057	241	2844	14184	1	1	50
672	672	0	4725484	58078	8049666	2040702193	58083317	5432	174	52445	27	0	1	225	5197	270	9359	42794	1	1	64
673	673	1	3488508	45031	7247488	2044190701	58128348	4757	191	40056	27	0	1	167	4580	273	6317	33444	1	1	73
674	674	2	3338930	13180	4936102	2047529631	58141528	4170	88	8895	27	0	1	56	4105	206	1895	6773	1	1	26
675	675	3	2081944	6405	2922725	2049611575	58147933	4338	31	2009	27	0	1	25	4304	213	229	1546	1	1	7
676	676	4	2078948	4505	2834695	2051690523	58152438	3868	43	567	27	0	1	35	3824	216	123	208	1	1	11
677	677	5	2734492	13812	4035494	2054425015	58166250	154	62	13569	27	0	1	59	87	240	1287	12021	1	1	19
678	678	6	2686079	10686	4290803	2057111094	58176936	4895	43	5721	27	0	1	37	4849	241	645	4814	1	1	11
679	679	7	2685145	10147	2939455	2059796239	58187083	4889	51	5180	27	0	1	35	4845	205	627	4327	1	1	15
680	680	0	3908517	10617	4286503	2063704756	58197700	324	86	10180	27	0	1	132	182	207	1010	8942	1	1	26
681	681	1	3554555	9986	4401953	2067259311	58207686	757	83	9119	27	0	1	73	675	213	1297	7588	1	1	26
682	682	2	5675089	360312	28699023	2072934400	58567998	13036	8390	338859	27	0	1	6816	6210	2288	90008	246540	1	1	4141
683	683	3	5705313	374928	31065919	2078639713	58942926	16365	8448	350088	27	0	1	185	16170	2325	94855	252885	1	1	4166
684	684	4	5707693	373518	32730647	2084347406	59316444	16428	8548	348515	27	0	1	317	16101	2403	95029	251060	1	1	4208
685	685	5	5577053	313462	28315163	2089924459	59629906	16027	7301	290107	27	0	1	214	15803	2405	78841	208838	1	1	3613
686	686	6	5617216	362799	33874524	2095541675	59992705	16275	8471	338026	27	0	1	119	16147	2407	94066	241530	1	1	4172
687	687	7	5685352	326830	29789272	2101227027	60319535	16320	7646	302837	27	0	1	55	16256	2401	82772	217641	1	1	3769
688	688	0	4315588	297646	27168015	2105542615	60617181	10615	6674	280330	27	0	1	506	10099	2522	80666	197119	1	1	3324
689	689	1	5932584	318775	28772023	2111475199	60935956	16901	7894	293953	27	0	1	548	16343	2795	77208	213927	1	1	3884
690	690	2	1984254	7052	2734076	2113459453	60943008	3969	44	3012	27	0	1	44	3916	866	232	1893	1	1	12
691	691	3	870527	3219	1649337	2114329980	60946227	1720	35	1437	27	0	1	25	1686	850	114	453	1	1	9
692	692	4	5605651	34439	8565336	2119935631	60980666	16001	324	18087	27	0	1	192	15799	822	7279	9965	1	1	133
693	693	5	5631530	37639	5931520	2125567161	61018305	15919	263	21430	27	0	1	128	15781	832	7092	13485	1	1	107
694	694	6	4947105	19932	6354970	2130514266	61038237	13680	169	6056	27	0	1	57	13614	814	4563	658	1	1	64
695	695	7	5536152	21049	6173790	2136050418	61059286	15651	178	5193	27	0	1	64	15578	810	3188	1174	1	1	65
696	696	0	5538794	76504	10696463	2141589212	61135790	15754	1606	59117	27	0	1	92	15653	663	13406	45026	1	1	825
697	697	1	5365619	32617	6819769	2146954831	61168407	15803	477	16310	27	0	1	312	15481	424	4684	11181	1	1	215
698	698	2	5843065	39444	8047347	2152797896	61207851	16048	403	22966	27	0	1	199	15839	468	8619	13858	1	1	174
699	699	3	2352965	15270	3390554	2155150861	61223121	4484	113	10646	27	0	1	84	4391	477	2974	7174	1	1	36
700	700	4	4723761	15174	5975640	2159874622	61238295	11100	119	3928	27	0	1	152	10938	459	986	2462	1	1	43
701	701	5	4718445	14624	6338240	2164593067	61252919	10939	107	3551	27	0	1	85	10845	453	830	2247	1	1	38
702	702	6	4763914	27753	6841818	2169356981	61280672	11231	372	16123	27	0	1	209	11012	511	3715	11876	1	1	164
703	703	7	4779663	26434	6046130	2174136644	61307106	11242	302	14863	27	0	1	99	11134	512	3053	11277	1	1	132
704	704	0	4334297	15840	6452510	2178470941	61322946	10406	224	5183	27	0	1	250	10146	574	981	3607	1	1	96
705	705	1	4248474	14306	4924542	2182719415	61337252	10097	133	4049	27	0	1	59	10029	468	1480	2080	1	1	50
706	706	2	4560930	35015	6267870	2187280345	61372267	10925	600	23463	27	0	1	219	10696	507	6377	16557	1	1	288
707	707	3	4325441	19932	4814542	2191605786	61392199	10300	371	9234	27	0	1	44	10247	501	3167	5545	1	1	168
708	708	4	4724820	13763	5972540	2196330606	61405962	10948	78	2710	27	0	1	94	10845	470	528	1691	1	1	24
709	709	5	4785183	17653	6528469	2201115789	61423615	482	365	16779	27	0	1	112	361	478	3344	12936	1	1	158
710	710	6	4711376	3065	4537702	2205827165	61426680	189	61	2788	27	0	1	40	140	432	391	1944	1	1	17
711	711	7	5134436	17280	5642951	2210961601	61443960	1478	452	15323	27	0	1	239	1229	515	3680	11107	1	1	210
712	712	0	4689740	14704	5772870	2215651341	61458664	12461	83	2133	27	0	1	60	12392	418	547	1147	1	1	25
713	713	1	4716568	13845	6259840	2220367909	61472509	10842	108	2868	27	0	1	40	10793	411	846	1590	1	1	35
714	714	2	4708853	15207	6251830	2225076762	61487716	10982	112	4086	27	0	1	94	10879	312	1061	2692	1	1	41
715	715	3	5211719	20426	5875271	2230288481	61508142	13989	128	6282	27	0	1	167	13812	397	5565	299	1	1	49
716	716	4	5634467	28604	7141998	2235922948	61536746	15461	340	12776	27	0	1	286	15165	509	4244	8002	1	1	148
717	717	5	5029923	20906	6010850	2240952871	61557652	11692	275	8912	27	0	1	176	11506	497	2454	5940	1	1	112
718	718	6	4505736	11227	5686601	2245458607	61568879	8236	61	2903	27	0	1	67	8160	509	323	2050	1	1	17
719	719	7	5535623	22760	7099298	2250994230	61591639	15798	178	6757	27	0	1	151	15637	482	3120	3134	1	1	67
720	720	0	5827531	47992	16098664	2256821761	61639631	7554	610	39801	27	0	1	319	7225	597	10260	28922	1	1	288
721	721	1	5500281	18318	5987590	2262322042	61657949	15716	112	2463	27	0	1	122	15585	593	771	1078	1	1	39
722	722	2	5841229	37475	7529338	2268163271	61695424	16815	430	20203	27	0	1	447	16358	636	7442	12104	1	1	194
723	723	3	4507872	2797	4269833	2272671143	61698221	895	52	1823	27	0	1	56	830	559	346	897	1	1	14
724	724	4	2104918	11121	3277535	2274776061	61709342	4564	259	6271	27	0	1	250	4304	461	1261	4503	14	13	107
725	725	5	2652626	8104	2977295	2277428687	61717446	759	52	7266	27	0	1	60	690	470	559	6216	1	1	14
726	726	6	2732609	11111	3888733	2280161296	61728557	4720	84	6280	27	0	1	49	4662	461	675	5123	1	1	26
727	727	7	2068199	3191	2643986	2282229495	61731748	111	56	2997	27	0	1	55	48	430	611	1935	1	1	16
728	728	0	2008390	1026	2741606	2284237885	61732774	88	52	859	27	0	1	39	41	326	357	155	1	1	14
729	729	1	2358154	1931	3251735	2286596039	61734705	109	53	1742	27	0	1	53	48	333	440	948	1	1	15
730	730	2	2718653	27134	4356243	2289314692	61761839	4528	224	22355	27	0	1	240	4278	291	2797	19245	1	1	97
731	731	3	4455535	233559	16172553	2293770227	61995398	5049	640	227843	27	0	1	200	4839	326	26455	201039	1	1	356
732	732	4	2086068	9702	2670795	2295856295	62005100	3708	66	5901	27	0	1	52	3647	293	1029	4558	1	1	20
733	733	5	3000517	155133	20749806	2298856812	62160233	1747	745	152614	27	0	1	765	972	506	4339	17344	1907	128495	381
734	734	6	2384970	40936	5973321	2301241782	62201169	5816	1434	33659	27	0	1	92	5715	557	8601	24479	1	1	789
735	735	7	2384576	39199	5563691	2303626358	62240368	5789	1408	31975	27	0	1	37	5743	546	8421	22986	1	1	777
736	736	0	2355692	37389	4916102	2305982050	62277757	5357	1429	30576	27	0	1	75	5273	552	8309	21693	1	1	786
737	737	1	2354256	40145	5135512	2308336306	62317902	5765	1402	32951	27	0	1	52	5704	532	8696	23701	1	1	774
738	738	2	2451924	38831	5751651	2310788230	62356733	6018	1406	31380	27	0	1	44	5965	440	8570	22348	1	1	777
739	739	3	2287780	14939	3536504	2313076010	62371672	4139	477	10296	27	0	1	499	3630	427	3729	6119	1	1	230
740	740	4	2448580	13289	3563024	2315524590	62384961	318	130	12814	27	0	1	114	195	476	1354	10963	1	1	46
741	741	5	2072237	12450	3019585	2317596827	62397411	3608	114	8701	27	0	1	39	3560	280	790	7610	1	1	40
742	742	6	2514058	41572	4674522	2320110885	62438983	976	867	39702	27	0	1	885	82	271	6239	33170	1	1	447
743	743	7	3340552	7391	3976844	2323451437	62446374	143	108	7113	27	0	1	82	53	284	834	5974	1	1	35
744	744	0	3753199	14877	4940842	2327204636	62461251	4639	155	10056	27	0	1	93	4537	315	1441	8279	1	1	54
745	745	1	3623193	9742	4129633	2330827829	62470993	733	117	8865	27	0	1	74	650	308	1403	7133	1	1	39
746	746	2	3397573	14652	4887202	2334225402	62485645	4515	102	10008	27	0	1	148	4357	350	1946	7691	1	1	34
747	747	3	3615507	12170	5494871	2337840909	62497815	567	119	11457	27	0	1	121	437	382	1397	9657	1	1	43
748	748	4	3698575	11635	3442694	2341539484	62509450	682	95	10831	27	0	1	150	522	316	1360	9134	1	1	32
749	749	5	2242958	12498	3149735	2343782442	62521948	4107	72	8292	27	0	1	70	4028	340	1070	6861	1	1	22
750	750	6	2655610	10294	3831574	2346438052	62532242	4224	60	5983	27	0	1	67	4148	313	531	5118	1	1	18
751	751	7	2491826	16539	4009563	2348929878	62548781	4205	76	12231	27	0	1	34	4162	292	1673	10245	1	1	22
752	752	0	3427977	29526	5226772	2352357855	62578307	4349	149	25001	27	0	1	119	4221	295	2320	22364	1	1	55
753	753	1	2951405	26364	4187663	2355309260	62604671	4413	146	21778	27	0	1	85	4319	284	6005	15468	1	1	49
754	754	2	2636435	30433	6764979	2357945695	62635104	4265	128	26013	27	0	1	47	4209	240	2416	23335	1	1	44
755	755	3	2067665	7246	2930645	2360013360	62642350	4073	37	3109	27	0	1	21	4043	218	674	2196	1	1	9
756	756	4	2587743	33992	3437014	2362601103	62676342	4288	140	29537	27	0	1	49	4230	214	2736	26565	1	1	48
757	757	5	2966709	27576	5142872	2365567812	62703918	498	164	26887	27	0	1	106	383	179	6007	20679	1	1	57
758	758	6	3452345	48197	6618049	2369020157	62752115	6302	455	41413	27	0	1	513	5779	504	13052	27835	1	1	208
759	759	7	2038934	19415	3529684	2371059091	62771530	4408	175	14805	27	0	1	177	4221	534	2068	12182	1	1	70
760	760	0	3842374	61321	7117739	2374901465	62832851	2166	500	58628	27	0	1	129	2027	501	13003	45102	1	1	263
761	761	1	2754286	31053	4797252	2377655751	62863904	5942	307	24777	27	0	1	163	5769	502	4893	19360	1	1	132
762	762	2	1875463	12451	3216645	2379531214	62876355	4085	109	8230	27	0	1	64	4012	502	1464	6243	1	1	35
763	763	3	3310952	8641	4962852	2382842166	62884996	113	70	8431	27	0	1	81	24	527	4004	3879	1	1	20
764	764	4	3001378	11104	2548786	2385843544	62896100	4624	58	6395	27	0	1	39	4576	540	833	5001	1	1	16
765	765	5	3631015	10591	4682143	2389474559	62906691	344	100	10120	27	0	1	87	248	536	1942	7621	1	1	30
766	766	6	2666915	10930	4054683	2392141474	62917621	5815	124	4964	27	0	1	144	5661	281	3020	1642	1	1	46
767	767	7	2675782	12859	4266393	2394817256	62930480	5882	242	6708	27	0	1	91	5782	242	2193	4252	1	1	96
768	768	0	3201278	30506	4645193	2398018534	62960986	6156	377	23946	27	0	1	141	6005	276	6294	17354	1	1	166
769	769	1	2664869	16971	4404933	2400683403	62977957	5692	198	11054	27	0	1	60	5623	260	8714	2059	1	1	77
770	770	2	3106428	22270	4963932	2403789831	63000227	4258	316	17669	27	0	1	116	4133	243	4651	12754	1	1	132
771	771	3	4201275	35254	7554948	2407991106	63035481	6252	461	28514	27	0	1	84	6159	243	10074	18175	1	1	209
772	772	4	668387	2690	1185508	2408659493	63038171	1483	35	1145	27	0	1	25	1449	235	255	634	1	1	9
773	773	5	3462004	48185	6631059	2412121497	63086356	6186	478	41494	27	0	1	307	5869	456	12995	28021	1	1	218
774	774	6	2576702	9365	3376364	2414698199	63095721	4368	199	4771	27	0	1	116	4243	447	2078	2225	1	1	77
775	775	7	2039143	15123	2814026	2416737342	63110844	4242	137	10717	27	0	1	164	4068	469	3088	7139	1	1	56
776	776	0	2856613	17220	4753702	2419593955	63128064	427	153	16613	27	0	1	181	236	468	3177	12947	1	1	59
777	777	1	2790581	23735	4884902	2422384536	63151799	5810	183	17715	27	0	1	148	5652	472	6165	11057	1	1	73
778	778	2	1875035	10386	3129475	2424259571	63162185	4082	91	6186	27	0	1	55	4018	464	1898	3803	1	1	29
779	779	3	3465196	5073	5916520	2427724767	63167258	496	70	4480	27	0	1	57	430	500	1383	2576	1	1	20
780	780	4	3546641	15328	4883792	2431271408	63182586	4881	75	10345	27	0	1	54	4818	492	1903	7929	1	1	22
781	781	5	4083423	12777	5242922	2435354831	63195363	424	99	12227	27	0	1	115	300	276	2407	9523	1	1	30
782	782	6	4008674	11122	4055043	2439363505	63206485	755	99	10241	27	0	1	102	644	285	3919	6016	1	1	30
783	783	7	2887751	13592	4332193	2442251256	63220077	4474	50	9041	27	0	1	31	4434	247	1649	7124	1	1	14
784	784	0	2681657	26821	5209932	2444932913	63246898	5983	282	20529	27	0	1	163	5810	240	11899	8369	1	1	110
785	785	1	2684927	8850	2963535	2447617840	63255748	3989	108	4726	27	0	1	101	3879	235	1869	2601	1	1	37
786	786	2	3209004	26533	4735322	2450826844	63282281	6204	246	20056	27	0	1	139	6055	236	6723	13076	1	1	96
787	787	3	2676294	17477	5822600	2453503138	63299758	5732	193	11525	27	0	1	51	5672	222	3841	7441	1	1	76
788	788	4	3104025	28033	4992431	2456607163	63327791	5933	386	21687	27	0	1	114	5810	213	6271	15182	1	1	163
789	789	5	4385462	13117	5755451	2460992625	63340908	6405	112	6573	27	0	1	110	6286	201	1091	5260	1	1	36
790	790	6	3350526	7351	3392524	2464343151	63348259	202	70	7052	27	0	1	82	112	222	613	6171	18	9	20
791	791	7	2228091	31066	4557443	2466571242	63379325	113	96	30830	27	0	1	104	1	256	2933	27619	1	1	34
792	792	0	2092685	9614	2864005	2468663927	63388939	4090	43	5454	27	0	1	26	4055	236	958	4239	1	1	11
793	793	1	2481308	12123	2927385	2471145235	63401062	4169	67	7860	27	0	1	62	4098	233	1363	6243	1	1	19
794	794	2	2480326	12083	3140644	2473625561	63413145	4169	67	7820	27	0	1	62	4098	221	1444	6134	1	1	19
795	795	3	3267491	34591	5639241	2476893052	63447736	4419	129	30016	27	0	1	74	4336	218	3548	26228	1	1	51
796	796	4	3536890	13189	3691104	2480429942	63460925	4401	74	8687	27	0	1	93	4299	279	583	7804	1	1	22
797	797	5	3632947	14464	3854354	2484062889	63475389	4876	87	9474	27	0	1	81	4786	268	1529	7656	1	1	28
798	798	6	3622389	13549	3648524	2487685278	63488938	4965	75	8482	27	0	1	70	4886	247	602	7612	1	1	22
799	799	7	3671241	13711	4851102	2491356519	63502649	4561	77	9046	27	0	1	75	4477	221	650	8154	1	1	23
800	800	0	3491215	11175	3940183	2494847734	63513824	4874	75	6199	27	0	1	100	4765	224	1315	4639	1	1	23
801	801	1	2915439	8151	2873576	2497763173	63521975	4343	43	3738	27	0	1	30	4304	217	239	3261	1	1	11
802	802	2	3532744	11314	3246544	2501295917	63533289	4373	70	6844	27	0	1	81	4283	215	544	6064	1	1	20
803	803	3	4013682	24415	5800311	2505309599	63557704	5074	146	19168	27	0	1	180	4884	221	2518	16407	1	1	56
804	804	4	3333435	11708	3201504	2508643034	63569412	4410	72	7199	27	0	1	44	4357	193	608	6377	1	1	21
805	805	5	3368501	22939	4217233	2512011535	63592351	4921	62	17929	27	0	1	51	4861	194	3042	14672	1	1	20
806	806	6	3004585	9497	3660884	2515016120	63601848	4091	83	5296	27	0	1	78	4004	212	2180	2883	1	1	25
807	807	7	3073114	17376	4617332	2518089234	63619224	4861	100	12388	27	0	1	65	4787	205	8652	3510	1	1	33
808	808	0	2075299	5862	3614254	2520164533	63625086	97	71	5667	27	0	1	75	14	248	540	4858	1	1	22
809	809	1	2068338	4382	3155835	2522232871	63629468	131	77	4147	27	0	1	39	84	252	406	3468	1	1	26
810	810	2	2063351	3745	2462056	2524296222	63633213	48	43	3627	27	0	1	39	1	260	288	3058	1	1	11
811	811	3	2138969	14718	3719164	2526435191	63647931	4116	75	10500	27	0	1	69	4038	285	725	9469	1	1	24
812	812	4	2064108	8162	2453936	2528499299	63656093	4077	43	4015	27	0	1	30	4038	274	368	3352	1	1	11
813	813	5	2071381	3957	2831495	2530570680	63660050	39	34	3857	27	0	1	30	1	261	169	3406	1	1	8
814	814	6	2463034	71257	7743858	2533033714	63731307	345	354	70531	27	0	1	335	1	303	7227	62979	1	1	165
815	815	7	2119021	13937	3858734	2535152735	63745244	4109	64	9737	27	0	1	37	4063	280	808	8628	1	1	18
816	816	0	2702191	96709	9666785	2537854926	63841953	4534	398	91750	27	0	1	97	4428	273	8738	82717	1	1	188
817	817	1	3019439	5187	3220914	2540874365	63847140	372	67	4721	27	0	1	89	274	280	383	4037	1	1	19
818	818	2	4114088	24114	6571349	2544988453	63871254	4903	173	19011	27	0	1	214	4679	406	2407	16177	1	1	72
819	819	3	3114934	12481	4745882	2548103387	63883735	4498	104	7852	27	0	1	67	4422	352	1731	5748	1	1	37
820	820	4	3232384	15930	3697304	2551335771	63899665	4513	100	11290	27	0	1	70	4434	362	1532	9375	1	1	33
821	821	5	3733677	21695	5444111	2555069448	63921360	4971	156	16541	27	0	1	85	4877	363	1909	14248	1	1	60
822	822	6	4633419	50715	8450336	2559702867	63972075	5609	270	44809	27	0	1	142	5457	409	6821	37557	1	1	114
823	823	7	3953435	106049	10395233	2563656302	64078124	5248	462	100312	27	0	1	60	5179	405	12368	87517	1	1	216
824	824	0	2960325	12561	3369495	2566616627	64090685	4126	85	8323	27	0	1	47	4070	384	1125	6793	1	1	26
825	825	1	3524571	93627	9235405	2570141198	64184312	558	404	92638	27	0	1	73	476	368	10697	81551	1	1	190
826	826	2	3095571	7923	3913284	2573236769	64192235	4686	52	3158	27	0	1	66	4611	250	297	2590	1	1	14
827	827	3	2813597	82347	7831817	2576050366	64274582	483	396	81441	27	0	1	93	381	310	8907	72202	1	1	184
828	828	4	2535204	85445	7184239	2578585570	64360027	4485	382	80551	27	0	1	25	4451	332	8563	71634	1	1	176
829	829	5	2968779	105012	9223694	2581554349	64465039	4697	470	99818	27	0	1	170	4517	420	12429	86947	1	1	223
830	830	6	2638910	11183	3396715	2584193259	64476222	4544	98	6514	27	0	1	53	4482	325	2072	4096	1	1	32
831	831	7	2752042	13506	3470344	2586945301	64489728	4595	113	8771	27	0	1	89	4497	376	2267	6107	1	1	41
832	832	0	2705839	14192	4102154	2589651140	64503920	4543	100	9522	27	0	1	39	4495	387	4760	4354	1	1	32
833	833	1	2652105	10042	3737154	2592303245	64513962	4544	94	5377	27	0	1	40	4495	392	1978	2986	1	1	32
834	834	2	2689104	106141	8442966	2594992349	64620103	4646	469	100999	27	0	1	109	4528	465	11426	89086	1	1	220
835	835	3	4105374	49289	7195269	2599097723	64669392	5437	256	43569	27	0	1	250	5177	560	13885	29102	1	1	109
836	836	4	3848860	216471	18566279	2602946583	64885863	5387	736	210321	27	0	1	59	5319	556	38463	171279	1	1	415
837	837	5	2924269	10197	3813443	2605870852	64896060	4572	46	5552	27	0	1	50	4513	463	557	4511	1	1	12
838	838	6	2701956	5432	3666524	2608572808	64901492	104	43	5258	27	0	1	47	49	459	476	4302	1	1	11
839	839	7	2626154	7948	3494415	2611198962	64909440	4542	52	3327	27	0	1	38	4495	419	697	2190	1	1	14
840	840	0	2683734	11423	4393422	2613882696	64920863	167	106	11123	27	0	1	49	110	412	1051	9639	1	1	32
841	841	1	2600732	3384	3305945	2616483428	64924247	39	34	3284	27	0	1	30	1	409	233	2621	1	1	8
842	842	2	2541479	3234	3370354	2619024907	64927481	34	31	3142	27	0	1	25	1	338	224	2559	1	1	7
843	843	3	2593834	2671	3989524	2621618741	64930152	93	40	2511	27	0	1	30	55	202	211	2077	1	1	10
844	844	4	2593307	2688	3205015	2624212048	64932840	93	40	2528	27	0	1	30	55	204	197	2106	1	1	10
845	845	5	2590341	7251	3733794	2626802389	64940091	4534	67	2623	27	0	1	30	4495	197	704	1701	1	1	19
846	846	6	2614933	4279	3249015	2629417322	64944370	93	40	4119	27	0	1	30	55	192	441	3465	1	1	10
847	847	7	2593474	2502	3596204	2632010796	64946872	39	34	2402	27	0	1	30	1	189	176	2016	1	1	8
848	848	0	2539412	2519	2767766	2634550208	64949391	34	31	2427	27	0	1	25	1	188	146	2072	1	1	7
849	849	1	2590245	2083	3294704	2637140453	64951474	39	34	1983	27	0	1	30	1	194	161	1607	1	1	8
850	850	2	2682742	3341	3255485	2639823195	64954815	569	83	2662	27	0	1	63	497	225	899	1517	1	1	25
851	851	3	2604030	2851	2807196	2642427225	64957666	39	34	2751	27	0	1	30	1	220	328	2182	1	1	8
852	852	4	4010285	26721	6281609	2646437510	64984387	5241	239	21214	27	0	1	166	5065	229	5497	15467	1	1	91
853	853	5	2716192	9162	3594184	2649153702	64993549	218	108	8809	27	0	1	40	169	241	1178	7369	1	1	35
854	854	6	2761647	6548	4074124	2651915349	65000097	472	82	5967	27	0	1	77	386	269	1265	4412	1	1	25
855	855	7	2597721	2981	3148355	2654513070	65003078	39	34	2881	27	0	1	30	1	273	266	2321	1	1	8
856	856	0	2772905	4899	2698786	2657285975	65007977	148	55	4669	27	0	1	47	93	276	544	3828	1	1	17
857	857	1	2600041	2940	2934325	2659886016	65010917	39	34	2840	27	0	1	30	1	273	437	2109	1	1	8
858	858	2	4025060	203563	16289904	2663911076	65214480	1340	784	201412	27	0	1	185	1145	362	38179	162848	1	1	432
859	859	3	4425764	18104	5643280	2668336840	65232584	5608	192	12277	27	0	1	130	5468	422	4320	7514	1	1	79
860	860	4	3255893	29551	5835020	2671592733	65262135	348	153	29023	27	0	1	181	157	530	3750	24721	1	1	64
861	861	5	3114874	23588	4961772	2674707607	65285723	4707	144	18710	27	0	1	114	4584	535	3172	14982	1	1	53
862	862	6	3208734	31363	4605552	2677916341	65317086	4734	191	26411	27	0	1	85	4640	513	4630	21246	1	1	75
863	863	7	3238002	28809	5160182	2681154343	65345895	362	176	28244	27	0	1	85	268	524	4311	23387	1	1	63
864	864	0	3477850	32124	5513191	2684632193	65378019	4848	141	27108	27	0	1	92	4747	520	4372	22194	1	1	52
865	865	1	2899113	9253	3875613	2687531306	65387272	631	109	8486	27	0	1	143	478	547	2088	5830	1	1	39
866	866	2	4501791	50651	7463828	2692033097	65437923	5679	297	44648	27	0	1	270	5399	469	9335	34822	1	1	119
867	867	3	3220924	32123	5234012	2695254021	65470046	4818	194	27084	27	0	1	139	4669	399	5825	20838	1	1	72
868	868	4	2426483	1230	3015335	2697680504	65471276	54	43	1106	27	0	1	45	1	284	252	549	1	1	11
869	869	5	1297164	13318	2820185	2698977668	65484594	67	43	13181	27	0	1	35	24	236	359	12565	1	1	11
870	870	6	6230289	60405	10102353	2705207957	65544999	5999	616	53763	27	0	1	470	5519	333	12678	40730	1	1	275
871	871	7	3322744	15411	4951032	2708530701	65560410	4314	110	10960	27	0	1	122	4183	417	3157	7365	1	1	41
872	872	0	3324791	16208	5102981	2711855492	65576618	4708	113	11360	27	0	1	40	4659	388	3515	7436	1	1	41
873	873	1	3676941	35615	5323832	2715532433	65612233	4957	239	30392	27	0	1	110	4838	386	6266	23718	1	1	92
874	874	2	3577052	12435	4692382	2719109485	65624668	4813	117	7478	27	0	1	50	4754	367	2995	4095	1	1	42
875	875	3	3145339	12003	3861284	2722254824	65636671	4319	111	7546	27	0	1	111	4199	404	2497	4624	1	1	36
876	876	4	3944087	9532	4926172	2726198911	65646203	4736	104	4665	27	0	1	104	4623	427	1533	2684	1	1	35
877	877	5	4140176	18140	5567841	2730339087	65664343	4845	144	13124	27	0	1	98	4738	430	3187	9486	1	1	56
878	878	6	3386572	12356	5122562	2733725659	65676699	4517	132	7680	27	0	1	91	4417	360	3117	4182	1	1	50
879	879	7	2181871	17999	4285053	2735907530	65694698	352	225	17395	27	0	1	220	123	404	2767	14203	1	1	95
880	880	0	2368903	24918	3858793	2738276433	65719616	4634	238	20019	27	0	1	113	4512	439	3086	16472	1	1	104
881	881	1	2128345	24763	3842963	2740404778	65744379	3856	236	20644	27	0	1	77	3770	426	3390	16806	1	1	102
882	882	2	1998262	15333	3916174	2742403040	65759712	352	229	14725	27	0	1	52	291	417	2535	11752	1	1	95
883	883	3	103771	4278	1524967	2742506811	65763990	822	383	3046	27	0	1	367	445	836	1022	1167	1	1	182
884	884	4	2609883	18088	4344172	2745116694	65782078	1118	515	16428	27	0	1	354	754	836	4435	11136	1	1	233
885	885	5	2604083	20709	4498983	2747720777	65802787	5154	524	15004	27	0	1	42	5103	831	4816	9336	1	1	239
886	886	6	3841145	170857	16068454	2751561922	65973644	7706	3726	159398	27	0	1	3915	3781	1497	26106	131772	1	1	1889
887	887	7	1428996	49931	5067732	2752990918	66023575	3920	1262	44722	27	0	1	20	3891	1407	10178	33115	1	1	658
888	888	0	24534966	3306514	369848485	2777525884	69330089	10661	4558	3291268	27	0	1	361	10290	1751	41652	199074	69623	2979142	2254
889	889	1	2425951	33784	5777900	2779951835	69363873	3713	942	29102	27	0	1	96	3608	1728	7520	19832	1	1	460
890	890	2	2094701	9451	3295084	2782046536	69373324	4345	38	5041	27	0	1	32	4304	1721	485	2814	1	1	10
891	891	3	2080076	6022	2687856	2784126612	69379346	3871	43	2081	27	0	1	35	3827	1269	157	634	1	1	11
892	892	4	2679401	26904	4046853	2786806013	69406250	5091	260	21526	27	0	1	183	4898	1315	2475	17714	1	1	109
893	893	5	3035972	19754	4278873	2789841985	69426004	5120	237	14370	27	0	1	123	4988	1354	1671	11324	1	1	101
894	894	6	2588081	26897	4337393	2792430066	69452901	4738	197	21935	27	0	1	81	4648	674	2069	19170	1	1	83
895	895	7	4011771	23691	6156760	2796441837	69476592	678	151	22835	27	0	1	172	496	700	4310	17803	1	1	51
896	896	0	3534652	36220	5707431	2799976489	69512812	4595	137	31461	27	0	1	111	4475	325	5239	25875	1	1	46
897	897	1	5025591	63056	9868575	2805002080	69575868	5274	237	57518	27	0	1	198	5066	379	9889	47228	1	1	92
898	898	2	5349222	89519	10160894	2810351302	69665387	5418	265	83809	27	0	1	277	5131	388	14097	69302	1	1	106
899	899	3	4016300	15915	5005231	2814367602	69681302	4917	114	10857	27	0	1	87	4821	384	5265	5187	1	1	37
900	900	4	5204432	65969	8118976	2819572034	69747271	5449	299	60194	27	0	1	114	5326	322	12072	47778	1	1	118
901	901	5	5135992	73310	8833176	2824708026	69820581	5587	242	67454	27	0	1	175	5402	275	11223	55934	1	1	95
902	902	6	5090253	57362	7172918	2829798279	69877943	5532	239	51564	27	0	1	118	5405	241	9464	41837	1	1	95
903	903	7	4814829	32421	6363500	2834613108	69910364	5205	140	27049	27	0	1	104	5092	227	5401	21399	1	1	49
904	904	0	4802521	38944	6825749	2839415629	69949308	4914	187	33816	27	0	1	127	4778	241	9409	24144	1	1	75
905	905	1	3691584	50110	6987638	2843107213	69999418	4649	142	45292	27	0	1	108	4532	214	8444	36612	1	1	54
906	906	2	3133630	21705	4756672	2846240843	70021123	4536	111	17031	27	0	1	64	4463	198	5942	10870	1	1	36
907	907	3	3622865	56229	7880517	2849863708	70077352	4579	89	51534	27	0	1	67	4503	189	7251	44072	1	1	29
908	908	4	2100650	4632	3237755	2851964358	70081984	89	78	4438	27	0	1	80	1	214	684	3519	1	1	25
909	909	5	2074577	4769	3074685	2854038935	70086753	102	79	4561	27	0	1	39	55	222	850	3468	1	1	26
910	910	6	2079549	957	2973275	2856118484	70087710	92	52	786	27	0	1	44	40	228	156	381	1	1	14
911	911	7	2047633	9753	3384175	2858166117	70097463	3584	119	6023	27	0	1	122	3453	290	657	5055	1	1	44
912	912	0	2022327	7118	3001165	2860188444	70104581	4029	37	3025	27	0	1	25	3995	271	174	2559	1	1	9
913	913	1	2061754	12818	2954645	2862250198	70117399	4181	173	8437	27	0	1	122	4050	271	1083	7062	1	1	71
914	914	2	2034867	8678	3365494	2864285065	70126077	4030	46	4575	27	0	1	26	3995	267	456	3831	1	1	12
915	915	3	2064994	14039	2771686	2866350059	70140116	4208	185	9619	27	0	1	58	4141	264	1483	7851	1	1	77
916	916	4	2209108	5809	3152525	2868559167	70145925	3670	46	2066	27	0	1	46	3615	272	230	1543	1	1	12
917	917	5	7222090	164485	15235385	2875781257	70310410	3557	293	160608	27	0	1	388	3159	315	19967	140303	1	1	113
918	918	6	2213146	24158	4100523	2877994403	70334568	4134	67	19930	27	0	1	48	4077	316	2681	16911	1	1	19
919	919	7	5204278	40887	9183905	2883198681	70375455	4734	152	35974	27	0	1	152	4572	294	15526	20132	1	1	55
920	920	0	4128669	103722	10623413	2887327350	70479177	4495	148	99052	27	0	1	91	4395	293	13873	84864	1	1	50
921	921	1	3599330	88010	11524801	2890926680	70567187	4359	110	83514	27	0	1	91	4259	291	12942	70259	1	1	36
922	922	2	2790038	37852	5134881	2893716718	70605039	4200	91	33534	27	0	1	51	4140	297	7056	26159	1	1	28
923	923	3	2241583	25121	3783114	2895958301	70630160	4114	72	20908	27	0	1	25	4080	269	3024	17593	1	1	21
924	924	4	2311397	14863	3120085	2898269698	70645023	4112	71	10653	27	0	1	72	4031	277	1323	9032	1	1	21
925	925	5	3358621	10559	4287353	2901628319	70655582	4843	77	5612	27	0	1	49	4785	262	953	4376	1	1	23
926	926	6	3771845	12922	4672972	2905400164	70668504	4400	101	8394	27	0	1	81	4310	277	1333	6763	1	1	36
927	927	7	3726423	13540	4318013	2909126587	70682044	4861	126	8526	27	0	1	44	4808	246	1422	6837	1	1	44
928	928	0	2101032	5808	2716356	2911227619	70687852	135	128	5518	27	0	1	126	1	317	956	4224	1	1	51
929	929	1	2106836	5704	2801765	2913334455	70693556	3885	55	1737	27	0	1	51	3825	300	189	1227	1	1	15
930	930	2	2219434	2234	2512536	2915553889	70695790	87	49	2071	27	0	1	46	33	294	246	1510	1	1	13
931	931	3	2037808	6790	2838946	2917591697	70702580	168	129	6466	27	0	1	40	120	277	1030	5138	1	1	49
932	932	4	2334979	15295	3659643	2919926676	70717875	3644	100	11524	27	0	1	93	3542	319	709	10475	1	1	32
933	933	5	2161036	10995	3017515	2922087712	70728870	4089	47	6832	27	0	1	34	4046	308	304	6199	1	1	13
934	934	6	399	421	649199	2922088111	70729291	29	28	337	27	0	1	20	1	275	42	1	1	1	6
935	935	7	2132395	6908	2628045	2924220506	70736199	4074	37	2770	27	0	1	26	4039	257	164	2328	1	1	9
936	936	0	2217502	12511	3039435	2926438008	70748710	4107	58	8319	27	0	1	31	4067	211	1020	7067	1	1	16
937	937	1	2151628	11179	3255035	2928589636	70759889	4084	52	7016	27	0	1	30	4045	204	416	6375	1	1	14
938	938	2	417	348	411359	2928590053	70760237	29	28	264	27	0	1	20	1	202	42	1	1	1	6
939	939	3	2156385	15815	3896774	2930746438	70776052	4084	72	11632	27	0	1	30	4045	193	909	10509	1	1	24
940	940	4	3723737	18670	4524322	2934470175	70794722	5129	102	13412	27	0	1	90	5030	200	4433	8758	1	1	36
941	941	5	339	355	391569	2934470514	70795077	29	28	271	27	0	1	20	1	209	42	1	1	1	6
942	942	6	3422496	15902	3989653	2937893010	70810979	4414	194	11267	27	0	1	200	4204	279	2102	8865	1	1	78
943	943	7	2127246	8951	3250445	2940020256	70819930	4148	49	4727	27	0	1	25	4114	272	588	3846	1	1	13
944	944	0	2358574	12292	3474234	2942378830	70832222	4190	58	8017	27	0	1	44	4137	274	1075	6647	1	1	16
945	945	1	2179041	8439	2797126	2944557871	70840661	4119	37	4256	27	0	1	21	4089	267	524	3444	1	1	9
946	946	2	2288164	19774	4522382	2946846035	70860435	4332	138	15277	27	0	1	85	4238	257	2927	12072	1	1	58
947	947	3	2069714	6526	2725676	2948915749	70866961	3664	74	2761	27	0	1	96	3559	260	424	2056	1	1	22
948	948	4	369	384	381409	2948916118	70867345	29	28	300	27	0	1	20	1	238	42	1	1	1	6
949	949	5	2074266	7555	3074285	2950990384	70874900	4128	72	3328	27	0	1	38	4081	238	480	2589	1	1	21
950	950	6	240671	4200	1208458	2951231055	70879100	303	62	3808	27	0	1	63	231	200	638	2949	1	1	18
951	951	7	2123657	6766	2683656	2953354712	70885866	3928	70	2741	27	0	1	80	3839	206	241	2273	1	1	20
952	952	0	2133455	12073	3297844	2955488167	70897939	4440	131	7475	27	0	1	49	4382	207	1296	5951	1	1	54
953	953	1	2121860	3659	3362485	2957610027	70901598	153	43	3436	27	0	1	45	100	210	336	2869	1	1	11
954	954	2	2064131	4414	2617245	2959674158	70906012	110	73	4204	27	0	1	76	26	245	401	3537	1	1	22
955	955	3	2056378	8205	3104194	2961730536	70914217	4055	64	4059	27	0	1	32	4014	229	399	3410	1	1	18
956	956	4	226	331	405440	2961730762	70914548	17	16	271	27	0	1	8	1	237	14	1	1	1	2
957	957	5	2619023	11458	3204465	2964349785	70926006	4590	86	6755	27	0	1	120	4461	265	859	5610	1	1	29
958	958	6	4270974	56982	7906058	2968620759	70982988	5487	220	51248	27	0	1	229	5248	268	8899	42059	1	1	88
959	959	7	2080540	6612	2981185	2970701299	70989600	4345	40	2200	27	0	1	24	4312	245	413	1521	1	1	10
960	960	0	2493464	20606	3609054	2973194763	71010206	4336	88	16155	27	0	1	71	4256	235	2098	13801	1	1	31
961	961	1	443	466	495569	2973195206	71010672	32	31	376	27	0	1	23	1	231	64	62	1	1	7
962	962	2	2727918	12670	4157493	2975923124	71023342	4660	97	7886	27	0	1	70	4581	224	1866	5775	1	1	32
963	963	3	3270771	19462	5015892	2979193895	71042804	4895	105	14435	27	0	1	52	4834	223	3020	11171	1	1	35
964	964	4	2215367	18508	3846904	2981409262	71061312	4801	407	13273	27	0	1	265	4526	344	3140	9768	1	1	191
965	965	5	2573108	8137	3335394	2983982370	71069449	4095	70	3945	27	0	1	65	4021	345	769	2810	1	1	21
966	966	6	3357129	16354	4811932	2987339499	71085803	4551	94	11682	27	0	1	108	4434	341	1938	9382	1	1	32
967	967	7	831497	14264	2811576	2988170996	71100067	1886	349	12002	27	0	1	355	1521	511	2078	9392	1	1	159
968	968	0	2303126	23103	4596312	2990474122	71123170	743	331	22002	27	0	1	91	643	502	3983	17495	1	1	149
969	969	1	1928358	16464	3803314	2992402480	71139634	4273	326	11838	27	0	1	46	4218	526	1957	9334	1	1	140
970	970	2	2318372	31240	5616101	2994720852	71170874	864	643	29706	27	0	1	172	682	585	5844	23255	1	1	361
971	971	3	5937207	241395	29217352	3000658059	71412269	6631	882	233855	27	0	1	779	5842	906	29840	72683	1907	128495	447
972	972	4	2209212	7888	3511804	3002867271	71420157	297	92	7472	27	0	1	101	187	853	709	5889	1	1	31
973	973	5	1436940	50838	6236040	3004304211	71470995	2774	373	47664	27	0	1	105	2660	845	19345	27451	1	1	175
974	974	6	6483345	383576	28170574	3010787556	71854571	7818	2022	373709	27	0	1	733	7075	1200	88046	284350	52	40	963
975	975	7	298519	5331	1865167	3011086075	71859902	590	78	4636	27	0	1	33	548	1039	579	2997	1	1	28
976	976	0	2447951	57056	7188378	3013534026	71916958	4561	284	52184	27	0	1	175	4376	1033	22698	28430	1	1	113
977	977	1	802413	24886	3222625	3014336439	71941844	1469	106	23284	27	0	1	69	1391	1014	7189	15060	1	1	35
978	978	2	1924712	3653	2358206	3016261151	71945497	1613	60	1953	27	0	1	41	1563	957	197	778	1	1	20
979	979	3	2698405	8777	3715414	3018959556	71954274	4376	74	4300	27	0	1	79	4288	669	757	2853	1	1	22
980	980	4	3675739	38468	6305160	3022635295	71992742	4911	275	33255	27	0	1	169	4732	651	6330	26252	1	1	127
981	981	5	1441	1154	535259	3022636736	71993896	65	64	998	27	0	1	56	1	683	136	158	1	1	18
982	982	6	498	478	508130	3022637234	71994374	32	31	388	27	0	1	23	1	238	64	67	1	1	7
983	983	7	2727667	8974	3919023	3025364901	72003348	4658	81	4208	27	0	1	44	4605	257	2028	1902	1	1	24
984	984	0	3193802	15616	4289643	3028558703	72018964	4875	96	10618	27	0	1	39	4827	263	2004	8330	1	1	31
985	985	1	2032836	4724	3231955	3030591539	72023688	206	50	4441	27	0	1	45	152	277	1096	3047	1	1	14
986	986	2	2202987	8373	3811904	3032794526	72032061	4179	66	4101	27	0	1	59	4111	263	757	3060	1	1	21
987	987	3	3488718	9158	4256733	3036283244	72041219	4803	80	4248	27	0	1	77	4717	276	618	3333	1	1	25
988	988	4	3587075	31668	6339490	3039870319	72072887	4850	116	26675	27	0	1	112	4729	246	1673	11125	318	13292	40
989	989	5	2524821	6673	3305655	3042395140	72079560	4045	52	2549	27	0	1	62	3974	233	390	1905	1	1	14
990	990	6	3410035	16605	4377463	3045805175	72096165	4354	99	12125	27	0	1	150	4194	259	2406	9439	1	1	36
991	991	7	2114080	12636	3115855	3047919255	72108801	4294	42	8273	27	0	1	42	4243	246	1030	6976	1	1	11
992	992	0	2626391	13253	3761343	3050545646	72122054	4242	59	8925	27	0	1	62	4171	245	1512	7147	1	1	17
993	993	1	2562585	6492	3663284	3053108231	72128546	4174	37	2254	27	0	1	35	4130	234	234	1765	1	1	9
994	994	2	3381059	17115	4857822	3056489290	72145661	5168	105	11815	27	0	1	145	5013	290	1692	9812	1	1	37
995	995	3	2636514	7138	3370904	3059125804	72152799	4212	40	2859	27	0	1	39	4164	296	239	2303	1	1	10
996	996	4	2701198	14820	3306185	3061827002	72167619	4216	58	10519	27	0	1	63	4144	301	1286	8911	1	1	16
997	997	5	2631293	7181	3321744	3064458295	72174800	4208	37	2909	27	0	1	35	4164	302	203	2383	1	1	9
998	998	6	2681835	7185	3675184	3067140130	72181985	4179	40	2939	27	0	1	40	4130	268	260	2390	1	1	10
999	999	7	3063001	29761	5431811	3070203131	72211746	4466	141	25127	27	0	1	148	4308	267	4324	20514	1	1	47
1000	1000	0	2991085	26249	5122492	3073194216	72237995	4375	119	21728	27	0	1	117	4249	251	4105	17350	1	1	39
1001	1001	1	2719383	7693	3339685	3075913599	72245688	53	43	7570	27	0	1	44	1	254	834	6461	1	1	11
1002	1002	2	2675280	3375	3382354	3078588879	72249063	89	46	3213	27	0	1	49	32	182	597	2413	1	1	12
1003	1003	3	2747702	4343	3617184	3081336581	72253406	153	61	4102	27	0	1	67	78	182	821	3078	1	1	17
1004	1004	4	2531354	6844	3391384	3083867935	72260250	138	58	6621	27	0	1	50	80	179	1035	5386	1	1	16
1005	1005	5	2509005	2460	2612686	3086376940	72262710	43	37	2353	27	0	1	34	1	179	211	1942	1	1	9
1006	1006	6	3786994	44814	6707349	3090163934	72307524	1825	376	42586	27	0	1	68	1748	178	9265	33121	1	1	189
1007	1007	7	3797948	9570	4766282	3093961882	72317094	1872	80	7591	27	0	1	64	1799	179	1650	5741	1	1	24
1008	1008	0	2834282	17224	4000104	3096796164	72334318	4257	81	12859	27	0	1	103	4145	179	1881	10778	1	1	24
1009	1009	1	2585305	4867	3258745	3099381469	72339185	62	46	4732	27	0	1	53	1	186	776	3749	1	1	12
1010	1010	2	3010136	7029	3636163	3102391605	72346214	192	61	6749	27	0	1	82	102	185	919	5624	1	1	17
1011	1011	3	3001454	11615	4311333	3105393059	72357829	310	95	11183	27	0	1	82	219	182	2550	8430	1	1	31
1012	1012	4	2730971	9283	3319284	3108124030	72367112	4198	52	5006	27	0	1	50	4139	179	919	3887	1	1	14
1013	1013	5	2694851	4247	2784736	3110818881	72371359	68	43	4109	27	0	1	44	16	182	454	3452	1	1	11
1014	1014	6	2522358	8382	3011546	3113341239	72379741	4197	52	4106	27	0	1	46	4142	189	590	3306	1	1	14
1015	1015	7	2652155	4917	3041964	3115993394	72384658	71	56	4763	27	0	1	44	19	172	715	3855	1	1	16
1016	1016	0	2987135	6490	3116204	3118980529	72391148	127	58	6278	27	0	1	71	48	167	871	5219	1	1	16
1017	1017	1	2732947	11951	3773733	3121713476	72403099	3946	93	7885	27	0	1	121	3816	212	870	6782	1	1	31
1018	1018	2	3264867	11298	4734133	3124978343	72414397	5157	71	6043	27	0	1	76	5072	214	1087	4721	1	1	21
1019	1019	3	3443678	51575	6593840	3128422021	72465972	416	98	51034	27	0	1	91	316	227	2100	48685	1	1	34
1020	1020	4	2727920	18958	4417343	3131149941	72484930	4312	109	14510	27	0	1	84	4219	238	2189	12062	1	1	39
1021	1021	5	2723858	9295	3876344	3133873799	72494225	158	91	9019	27	0	1	77	73	246	1923	6829	1	1	27
1022	1022	6	2713043	10216	3743424	3136586842	72504441	152	91	9946	27	0	1	81	63	248	1801	7876	1	1	27
1023	1023	7	2778565	11378	4217353	3139365407	72515819	230	116	11005	27	0	1	66	155	264	1615	9105	1	1	40
1024	1024	0	2776245	12118	3576994	3142141652	72527937	4329	100	7662	27	0	1	49	4271	260	1291	6090	1	1	32
1025	1025	1	2730764	4005	3638134	3144872416	72531942	197	52	3729	27	0	1	49	139	214	505	2989	1	1	14
1026	1026	2	2781314	9936	3748024	3147653730	72541878	4329	75	5505	27	0	1	49	4271	216	666	4602	1	1	24
1027	1027	3	2625191	1591	2999205	3150278921	72543469	273	40	1251	27	0	1	44	220	192	250	788	1	1	10
1028	1028	4	2783260	13857	4069424	3153062181	72557326	4406	114	9310	27	0	1	72	4325	210	1515	7564	1	1	38
1029	1029	5	2761885	9177	3291504	3155824066	72566503	4320	73	4757	27	0	1	50	4261	202	516	4018	1	1	22
1030	1030	6	2773762	6110	3110495	3158597828	72572613	193	66	5824	27	0	1	63	122	200	875	4728	1	1	19
1031	1031	7	2781159	15498	3846304	3161378987	72588111	4390	88	10993	27	0	1	96	4285	188	1470	9314	1	1	28
1032	1032	0	2786875	6805	2821665	3164165862	72594916	206	64	6508	27	0	1	82	116	191	964	5332	1	1	18
1033	1033	1	3045465	7303	3889534	3167211327	72602219	4421	70	2785	27	0	1	113	4299	195	452	2117	1	1	20
1034	1034	2	2792502	6732	3228035	3170003829	72608951	123	76	6506	27	0	1	78	37	195	1091	5199	1	1	22
1035	1035	3	2996107	12907	3610254	3172999936	72621858	194	91	12595	27	0	1	78	108	186	1531	10857	1	1	27
1036	1036	4	2509101	3337	2943066	3175509037	72625195	39	34	3237	27	0	1	30	1	175	370	2671	1	1	8
1037	1037	5	3318507	13783	4048803	3178827544	72638978	554	94	13108	27	0	1	94	451	183	2948	9956	1	1	29
1038	1038	6	2611760	4707	3844884	3181439304	72643685	73	46	4561	27	0	1	49	16	184	907	3449	1	1	12
1039	1039	7	2656545	4746	3528354	3184095849	72648431	53	43	4623	27	0	1	44	1	197	510	3895	1	1	11
1040	1040	0	2566399	7762	3363375	3186662248	72656193	95	64	7576	27	0	1	68	19	228	1171	6156	1	1	18
1041	1041	1	2514233	3338	2525325	3189176481	72659531	80	40	3191	27	0	1	44	28	228	488	2454	1	1	10
1042	1042	2	3460822	18354	5448602	3192637303	72677885	4875	123	13329	27	0	1	171	4694	234	2612	10462	1	1	44
1043	1043	3	2479054	7889	3729004	3195116357	72685774	4227	55	3580	27	0	1	67	4151	236	639	2684	1	1	15
1044	1044	4	2491906	9382	3560945	3197608263	72695156	4175	40	5140	27	0	1	30	4136	222	499	4398	1	1	10
1045	1045	5	2575663	16205	3244914	3200183926	72711361	4232	52	11894	27	0	1	40	4183	232	1392	10249	1	1	14
1046	1046	6	2863527	12776	4150204	3203047453	72724137	4253	70	8426	27	0	1	85	4159	232	1859	6314	1	1	21
1047	1047	7	2667739	15145	3751144	3205715192	72739282	4230	85	10803	27	0	1	43	4178	217	2787	7778	1	1	25
1048	1048	0	2511400	11117	3252655	3208226592	72750399	4184	34	6872	27	0	1	30	4145	188	1115	5548	1	1	8
1049	1049	1	2512545	14328	3096635	3210739137	72764727	4184	55	10062	27	0	1	30	4145	195	1180	8666	1	1	15
1050	1050	2	2517480	12125	3691514	3213256617	72776852	4184	52	7862	27	0	1	30	4145	184	1593	6064	1	1	14
1051	1051	3	3217639	28570	4973692	3216474256	72805422	4489	119	23935	27	0	1	120	4360	189	4187	19537	1	1	39
1052	1052	4	2632792	8021	3223814	3219107048	72813443	4212	50	3732	27	0	1	40	4163	187	588	2936	1	1	14
1053	1053	5	2668468	14409	116337680	3221775516	72827852	4266	76	10040	27	0	1	25	4232	182	2377	7460	1	1	22
1054	1054	6	2769486	4661	3596944	3224545002	72832513	2700	49	1885	27	0	1	63	2628	181	376	1307	1	1	13
1055	1055	7	3054582	18410	4482503	3227599584	72850923	4419	101	13863	27	0	1	117	4293	178	3768	9896	1	1	31
1056	1056	0	3201206	17714	4962582	3230800790	72868637	4289	65	13333	27	0	1	74	4206	183	1396	11733	1	1	19
1057	1057	1	2494692	8102	3313304	3233295482	72876739	4184	40	3851	27	0	1	39	4136	179	553	3098	1	1	10
1058	1058	2	2725248	6314	2868755	3236020730	72883053	4283	43	1961	27	0	1	51	4223	184	362	1394	1	1	11
1059	1059	3	2799374	12730	3704034	3238820104	72895783	4282	58	8363	27	0	1	46	4227	186	2574	5582	1	1	16
1060	1060	4	2668092	15371	4315062	3241488196	72911154	4266	76	11002	27	0	1	25	4232	190	2981	7810	1	1	22
1061	1061	5	3480757	17327	3858904	3244968953	72928481	4313	67	12920	27	0	1	81	4223	192	1589	11118	1	1	19
1062	1062	6	2774305	12788	3464234	3247743258	72941269	4191	49	8521	27	0	1	54	4128	184	1188	7128	1	1	13
1063	1063	7	3434765	29465	5530940	3251178023	72970734	4454	105	24879	27	0	1	169	4275	182	3107	21568	1	1	35
1064	1064	0	1836901	4569	2368367	3253014924	72975303	34	31	4477	27	0	1	25	1	164	627	3665	1	1	7
1065	1065	1	2329467	1762	3053125	3255344391	72977065	34	31	1670	27	0	1	25	1	160	71	1419	1	1	7
1066	1066	2	2500122	9611	3316865	3257844513	72986676	4180	37	5367	27	0	1	35	4136	167	729	4450	1	1	9
1067	1067	3	2610546	14028	3932004	3260455059	73000704	4204	43	9754	27	0	1	48	4147	165	954	8614	1	1	11
1068	1068	4	2424891	2053	3066475	3262879950	73002757	39	34	1953	27	0	1	30	1	165	134	1633	1	1	8
1069	1069	5	3265313	13569	4427343	3266145263	73016326	4515	104	8923	27	0	1	122	4384	169	1264	7469	1	1	33
1070	1070	6	2482721	7492	3724604	3268627984	73023818	4179	46	3240	27	0	1	34	4136	181	930	2108	1	1	12
1071	1071	7	2758096	3755	3565974	3271386080	73027573	83	55	3590	27	0	1	59	16	186	619	2764	1	1	15
1072	1072	0	3002172	12723	4994282	3274388252	73040296	198	80	12418	27	0	1	99	91	203	4232	7962	1	1	24
1073	1073	1	2838276	5247	5167652	3277226528	73045543	113	46	5061	27	0	1	49	56	201	1025	3814	1	1	12
1074	1074	2	2947762	8838	4310673	3280174290	73054381	162	67	8582	27	0	1	74	80	192	1536	6833	1	1	19
1075	1075	3	2882692	13296	4501872	3283056982	73067677	4346	67	8856	27	0	1	72	4265	187	2495	6153	1	1	19
1076	1076	4	2829448	13635	3861244	3285886430	73081312	187	108	13313	27	0	1	117	62	187	2700	10405	1	1	39
1077	1077	5	3696751	8063	4744792	3289583181	73089375	658	80	7298	27	0	1	102	547	191	1365	5721	1	1	24
1078	1078	6	2911094	5637	3839584	3292494275	73095012	130	55	5425	27	0	1	64	58	180	992	4232	1	1	15
1079	1079	7	2725819	7053	3128294	3295220094	73102065	4389	57	2580	27	0	1	51	4329	179	359	2021	1	1	17
1080	1080	0	3268024	15124	5057131	3298488118	73117189	5189	70	9838	27	0	1	62	5118	178	1709	7930	1	1	20
1081	1081	1	3722746	64641	7214408	3302210864	73181830	447	110	64057	27	0	1	92	346	205	2462	61368	1	1	35
1082	1082	2	3095522	11965	4154974	3305306386	73193795	4407	79	7452	27	0	1	97	4301	213	1499	5719	1	1	24
1083	1083	3	2663764	3105	3046065	3307970150	73196900	158	46	2874	27	0	1	56	94	209	665	1979	1	1	12
1084	1084	4	3066382	8096	4584832	3311036532	73204996	397	97	7575	27	0	1	121	267	216	1508	5830	1	1	30
1085	1085	5	2713921	4281	3066685	3313750453	73209277	243	52	3959	27	0	1	46	188	216	361	3361	1	1	14
1086	1086	6	2759730	9738	4061554	3316510183	73219015	4341	52	5318	27	0	1	35	4297	220	775	4302	1	1	14
1087	1087	7	2718509	8890	4005303	3319228692	73227905	4336	46	4481	27	0	1	30	4297	220	454	3786	1	1	12
1088	1088	0	2716799	3814	3615074	3321945491	73231719	233	40	3514	27	0	1	40	184	215	504	2774	1	1	10
1089	1089	1	2712486	7938	3711394	3324657977	73239657	4336	55	3520	27	0	1	30	4297	181	374	2944	1	1	15
1090	1090	2	2724287	8998	3834134	3327382264	73248655	4336	61	4574	27	0	1	30	4297	182	467	3904	1	1	17
1091	1091	3	2703239	1878	4082753	3330085503	73250533	306	43	1502	27	0	1	44	253	185	317	979	1	1	11
1092	1092	4	2844886	17712	4783182	3332930389	73268245	4367	64	13254	27	0	1	49	4309	183	1964	11086	1	1	18
1093	1093	5	2798240	7613	2943725	3335728629	73275858	252	52	7282	27	0	1	49	194	187	1435	5639	1	1	14
1094	1094	6	2756571	7424	3364875	3338485200	73283282	4342	51	3004	27	0	1	45	4288	180	474	2329	1	1	15
1095	1095	7	3083255	7214	3836064	3341568455	73290496	268	55	6864	27	0	1	69	190	179	1165	5499	1	1	15
1096	1096	0	2773385	14172	4146853	3344341840	73304668	3856	72	10217	27	0	1	90	3757	185	1862	8149	1	1	21
1097	1097	1	3102072	6515	4594662	3347443912	73311183	286	72	6130	27	0	1	92	185	185	1396	4528	1	1	21
1098	1098	2	3105108	12761	4133923	3350549020	73323944	3892	79	8763	27	0	1	91	3792	190	2174	6378	1	1	25
1099	1099	3	2636611	2386	3651414	3353185631	73326330	168	49	2142	27	0	1	58	102	180	466	1475	1	1	13
1100	1100	4	3323437	13587	4015624	3356509068	73339917	332	107	13121	27	0	1	144	178	182	1533	11385	1	1	34
1101	1101	5	2769903	13837	4233913	3359278971	73353754	4364	49	9397	27	0	1	42	4313	173	2556	6647	1	1	13
1102	1102	6	2614514	4861	3601274	3361893485	73358615	48	40	4746	27	0	1	39	1	181	596	3948	1	1	10
1103	1103	7	2431892	3467	3688794	3364325377	73362082	39	34	3367	27	0	1	30	1	188	424	2734	1	1	8
1104	1104	0	2518180	11462	3499854	3366843557	73373544	4189	46	7200	27	0	1	44	4136	194	807	6178	1	1	12
1105	1105	1	2681400	18891	4605903	3369524957	73392435	4226	84	14554	27	0	1	81	4136	209	3470	10854	1	1	27
1106	1106	2	2499941	6860	3811323	3372024898	73399295	43	37	6753	27	0	1	34	1	205	774	5753	1	1	9
1107	1107	3	2513946	4125	3093855	3374538844	73403420	64	40	3994	27	0	1	40	16	194	754	3025	1	1	10
1108	1108	4	2702503	13413	3942844	3377241347	73416833	4263	49	9074	27	0	1	48	4206	192	1224	7637	1	1	13
1109	1109	5	2554185	10446	3696134	3379795532	73427279	4228	61	6130	27	0	1	47	4172	188	1067	4854	1	1	17
1110	1110	6	2472013	5947	3656804	3382267545	73433226	4196	49	1675	27	0	1	48	4139	187	410	1057	1	1	13
1111	1111	7	2365888	7054	3296414	3384633433	73440280	4181	46	2800	27	0	1	25	4147	182	253	2344	1	1	12
1112	1112	0	2462545	7457	3514675	3387095978	73447737	4186	49	3195	27	0	1	30	4147	180	332	2662	1	1	13
1113	1113	1	2659144	18352	4229944	3389755122	73466089	114	67	18144	27	0	1	62	44	179	2738	15206	1	1	19
1114	1114	2	2797945	22468	4384293	3392553067	73488557	4214	68	18159	27	0	1	77	4128	183	2955	15000	1	1	20
1115	1115	3	2533970	14402	4227353	3395087037	73502959	4184	34	10157	27	0	1	30	4145	177	1707	8252	1	1	8
1116	1116	4	1824720	1245	2416825	3396911757	73504204	38	34	1146	27	0	1	29	1	189	252	684	1	1	8
1117	1117	5	2620250	4505	3629463	3399532007	73508709	53	43	4382	27	0	1	44	1	204	521	3636	1	1	11
1118	1118	6	2798622	7106	3943644	3402330629	73515815	71	52	6956	27	0	1	62	1	211	1077	5647	1	1	14
1119	1119	7	2983812	9948	4320163	3405314441	73525763	105	64	9752	27	0	1	76	21	219	1229	8283	1	1	18
1120	1120	0	2405424	13383	3250805	3407719865	73539146	4200	67	9089	27	0	1	67	4124	207	1657	7204	1	1	19
1121	1121	1	2632656	3695	3581994	3410352521	73542841	159	55	3454	27	0	1	67	84	195	549	2689	1	1	15
1122	1122	2	2538533	6406	3163935	3412891054	73549247	111	52	6216	27	0	1	49	54	220	595	5380	1	1	14
1123	1123	3	2746171	12049	3785913	3415637225	73561296	4306	86	7630	27	0	1	79	4218	213	758	6638	1	1	27
1124	1124	4	2566696	6146	3578405	3418203921	73567442	116	52	5951	27	0	1	45	63	199	712	5019	1	1	14
1125	1125	5	2785976	11019	4641082	3420989897	73578461	4269	58	6665	27	0	1	71	4189	189	1409	5046	1	1	16
1126	1126	6	2773122	20809	4086473	3423763019	73599270	4335	95	16352	27	0	1	119	4207	209	3093	13029	1	1	31
1127	1127	7	2811548	17604	4376293	3426574567	73616874	4299	84	13194	27	0	1	66	4224	205	3628	9340	1	1	29
1128	1128	0	2826235	36185	5844461	3429400802	73653059	4254	86	31818	27	0	1	44	4201	201	4596	26999	1	1	28
1129	1129	1	3777972	37283	6294280	3433178774	73690342	3677	177	33402	27	0	1	161	3506	213	7299	25868	1	1	65
1130	1130	2	2617387	9661	3663914	3435796161	73700003	4240	73	5321	27	0	1	30	4201	209	1980	3111	1	1	23
1131	1131	3	2779729	22830	5308872	3438575890	73722833	339	72	22392	27	0	1	62	268	199	4482	17689	1	1	21
1132	1132	4	2661375	17102	5001782	3441237265	73739935	4251	80	12744	27	0	1	58	4184	196	2922	9605	1	1	24
1133	1133	5	2814110	33772	5262472	3444051375	73773707	4302	98	29345	27	0	1	74	4219	194	5006	24123	1	1	33
1134	1134	6	2950905	4136	2770775	3447002280	73777843	162	49	3898	27	0	1	55	99	204	711	2962	1	1	13
1135	1135	7	2431777	10115	4192353	3449434057	73787958	294	70	9724	27	0	1	74	211	216	1816	7671	1	1	20
1136	1136	0	2881888	6058	4392573	3452315945	73794016	834	56	5141	27	0	1	63	762	221	739	4160	1	1	16
1137	1137	1	2928284	5479	3054135	3455244229	73799495	115	73	5264	27	0	1	82	25	218	929	4096	1	1	21
1138	1138	2	4262857	25990	6900409	3459507086	73825485	1443	152	24368	27	0	1	235	1198	224	6962	17160	1	1	55
1139	1139	3	4454558	15636	6359589	3463961644	73841121	1386	118	14105	27	0	1	158	1218	229	2695	11160	1	1	41
1140	1140	4	2246241	4929	3056405	3466207885	73846050	210	50	4642	27	0	1	39	162	240	747	3634	1	1	15
1141	1141	5	2698142	10236	4735972	3468906027	73856286	312	60	9837	27	0	1	67	236	240	4089	5487	1	1	17
1142	1142	6	2699791	6719	4033144	3471605818	73863005	4244	37	2411	27	0	1	39	4196	239	465	1686	1	1	9
1143	1143	7	3288811	7534	4562762	3474894629	73870539	828	55	6624	27	0	1	67	752	229	1035	5339	1	1	15
1144	1144	0	3218712	9194	3995044	3478113341	73879733	4989	43	4135	27	0	1	49	4931	223	860	3031	1	1	11
1145	1145	1	3436473	12213	4867192	3481549814	73891946	4308	51	7827	27	0	1	61	4238	206	1261	6339	1	1	14
1146	1146	2	2684842	5473	3786174	3484234656	73897419	4235	34	1177	27	0	1	30	4196	194	307	655	1	1	8
1147	1147	3	3135391	7550	3734664	3487370047	73904969	4994	43	2486	27	0	1	35	4950	191	688	1586	1	1	11
1148	1148	4	3135140	7398	3046775	3490505187	73912367	4994	43	2334	27	0	1	35	4950	176	729	1408	1	1	11
1149	1149	5	3986283	41454	6997928	3494491470	73953821	4492	86	36849	27	0	1	117	4366	169	7563	29095	1	1	27
1150	1150	6	2889737	16993	4556943	3497381207	73970814	4385	66	12515	27	0	1	48	4328	167	2722	9605	1	1	20
1151	1151	7	4239435	31558	6433339	3501620642	74002372	270	121	31140	27	0	1	221	40	208	4134	26776	1	1	47
1152	1152	0	3201625	26871	4456173	3504822267	74029243	4427	76	22341	27	0	1	67	4351	226	6091	16003	1	1	22
1153	1153	1	2696126	927	3160195	3507518393	74030170	59	37	804	27	0	1	35	16	225	180	378	1	1	9
1154	1154	2	2718990	7414	3580214	3510237383	74037584	4252	40	3095	27	0	1	40	4203	216	495	2363	1	1	10
1155	1155	3	4502827	48735	8001686	3514740210	74086319	823	112	47773	27	0	1	186	627	231	6255	41265	1	1	40
1156	1156	4	3531700	5539	3367915	3518271910	74091858	98	70	5344	27	0	1	89	1	231	844	4248	1	1	20
1157	1157	5	3944099	24307	6012270	3522216009	74116165	154	85	24041	27	0	1	144	1	230	3219	20570	1	1	29
1158	1158	6	3199976	8196	3706684	3525415985	74124361	655	50	7464	27	0	1	44	602	235	1109	6099	1	1	15
1159	1159	7	3210131	11626	3118385	3528626116	74135987	4247	40	7312	27	0	1	42	4196	210	1291	5790	1	1	10
1160	1160	0	2714898	17595	4061024	3531341014	74153582	370	71	17127	27	0	1	51	310	194	2443	14469	1	1	24
1161	1161	1	3991408	42054	6835888	3535332422	74195636	307	120	41600	27	0	1	163	134	200	7402	33976	1	1	44
1162	1162	2	3276859	3153	3971994	3538609281	74198789	103	52	2971	27	0	1	58	37	209	784	1957	1	1	14
1163	1163	3	3250428	8503	3370144	3541859709	74207292	4307	58	4111	27	0	1	79	4219	187	908	2995	1	1	16
1164	1164	4	3426308	15249	4860992	3545286017	74222541	4318	67	10837	27	0	1	76	4233	176	2309	8331	1	1	19
1165	1165	5	3205128	8044	4255873	3548491145	74230585	4248	43	3726	27	0	1	43	4196	171	603	2931	1	1	11
1166	1166	6	3516797	19846	5489791	3552007942	74250431	139	61	19619	27	0	1	75	56	173	3386	16039	1	1	17
1167	1167	7	3436183	17940	5192832	3555444125	74268371	4294	52	13567	27	0	1	60	4225	167	2059	11320	1	1	14
1168	1168	0	3955902	31328	6001010	3559400027	74299699	4704	84	26513	27	0	1	124	4571	193	4035	22263	1	1	29
1169	1169	1	3252778	4032	3873974	3562652805	74303731	61	46	3898	27	0	1	52	1	177	949	2751	1	1	12
1170	1170	2	3069303	1483	3038786	3565722108	74305214	39	34	1383	27	0	1	30	1	179	335	848	1	1	8
1171	1171	3	3430537	12732	4605642	3569152645	74317946	4357	43	8305	27	0	1	49	4299	183	1540	6561	1	1	11
1172	1172	4	3133981	4375	3783024	3572286626	74322321	179	55	4114	27	0	1	59	112	177	1658	2258	1	1	15
1173	1173	5	2810801	8069	4034993	3575097427	74330390	4235	40	3767	27	0	1	40	4186	183	433	3130	1	1	10
1174	1174	6	3460472	11113	4176563	3578557899	74341503	4381	52	6653	27	0	1	54	4318	183	1228	5221	1	1	14
1175	1175	7	3067425	1358	3515405	3581625324	74342861	39	34	1258	27	0	1	30	1	180	356	701	1	1	8
1176	1176	0	3077881	952	3844544	3584703205	74343813	59	37	829	27	0	1	35	16	156	170	482	1	1	9
1177	1177	1	3301714	9801	4327453	3588004919	74353614	3782	76	5916	27	0	1	82	3691	148	2256	3491	1	1	22
1178	1178	2	3876169	34649	6478969	3591881088	74388263	4557	93	29972	27	0	1	169	4378	151	5034	24765	1	1	33
1179	1179	3	3246665	8108	3416595	3595127753	74396371	4259	55	3767	27	0	1	64	4186	159	902	2685	1	1	15
1180	1180	4	2729396	4456	3752804	3597857149	74400827	76	43	4310	27	0	1	45	23	158	803	3328	1	1	11
1181	1181	5	2677820	2439	3592054	3600534969	74403266	43	37	2332	27	0	1	34	1	161	211	1939	1	1	9
1182	1182	6	2126427	4589	2565336	3602661396	74407855	44	37	4481	27	0	1	35	1	164	244	4052	1	1	9
1183	1183	7	4280847	71770	8637896	3606942243	74479625	4659	128	66956	27	0	1	181	4468	184	11409	55341	1	1	50
1184	1184	0	3364504	11859	4667503	3610306747	74491484	4303	61	7468	27	0	1	59	4235	182	2743	4522	1	1	17
1185	1185	1	3458224	10741	3802264	3613764971	74502225	117	61	10536	27	0	1	87	22	190	1451	8874	1	1	17
1186	1186	2	3064935	1079	3781123	3616829906	74503304	39	34	979	27	0	1	30	1	184	233	541	1	1	8
1187	1187	3	3276076	11570	4376263	3620105982	74514874	4254	46	7243	27	0	1	49	4196	187	929	6106	1	1	12
1188	1188	4	3559273	11867	3944484	3623665255	74526741	4381	55	7404	27	0	1	73	4299	190	1127	6066	1	1	15
1189	1189	5	3414243	14417	5180561	3627079498	74541158	90	64	14236	27	0	1	81	1	186	2212	11817	1	1	18
1190	1190	6	2759413	2619	3789744	3629838911	74543777	48	40	2504	27	0	1	39	1	191	570	1722	1	1	10
1191	1191	7	3472982	18275	5146122	3633311893	74562052	140	70	18038	27	0	1	102	30	174	2849	14994	1	1	20
1192	1192	0	3455612	12574	4738902	3636767505	74574626	120	59	12368	27	0	1	72	40	174	2042	10131	1	1	17
1193	1193	1	4243100	75237	9747174	3641010605	74649863	287	108	74815	27	0	1	160	118	181	12478	62134	1	1	36
1194	1194	2	2725740	7835	3992613	3643736345	74657698	4258	40	3510	27	0	1	44	4205	183	773	2533	1	1	10
1195	1195	3	2866625	6206	3806864	3646602970	74663904	58	46	6075	27	0	1	49	1	190	897	4967	1	1	12
1196	1196	4	2822005	3239	3809984	3649424975	74667143	58	43	3111	27	0	1	49	1	189	667	2234	1	1	11
1197	1197	5	4220581	59878	8715345	3653645556	74727021	277	84	59490	27	0	1	129	138	188	10469	48811	1	1	29
1198	1198	6	3347817	8306	4028383	3656993373	74735327	768	67	7444	27	0	1	77	682	210	1388	5825	1	1	19
1199	1199	7	2429576	4630	3518714	3659422949	74739957	258	50	4295	27	0	1	42	207	215	501	3558	1	1	14
1200	1200	0	3224335	5496	3683584	3662647284	74745453	53	43	5373	27	0	1	44	1	214	569	4569	1	1	11
1201	1201	1	3272702	24240	5050512	3665919986	74769693	336	123	23754	27	0	1	179	147	230	4284	19218	1	1	46
1202	1202	2	2696663	7804	3470844	3668616649	74777497	4193	49	3535	27	0	1	59	4125	230	747	2537	1	1	13
1203	1203	3	2519065	12912	2704876	3671135714	74790409	4212	62	8611	27	0	1	74	4129	228	1440	6922	1	1	18
1204	1204	4	2431597	3789	3113265	3673567311	74794198	51	40	3671	27	0	1	42	1	236	446	2968	1	1	10
1205	1205	5	2260396	7174	2906775	3675827707	74801372	4106	34	3007	27	0	1	30	4067	228	309	2449	1	1	8
1206	1206	6	2237008	4525	2228836	3678064715	74805897	177	75	4246	27	0	1	74	95	204	946	3075	1	1	23
1207	1207	7	2208004	10465	3221375	3680272719	74816362	4083	40	6315	27	0	1	42	4032	206	496	5592	1	1	10
1208	1208	0	3412333	42991	6921899	3683685052	74859353	324	128	42512	27	0	1	162	152	206	12221	30063	1	1	44
1209	1209	1	2275956	1842	3160375	3685961008	74861195	43	37	1735	27	0	1	34	1	195	327	1192	1	1	9
1210	1210	2	2441791	7596	3611825	3688402799	74868791	2044	80	5445	27	0	1	95	1940	201	1253	3970	1	1	26
1211	1211	3	184	292	377509	3688402983	74869083	17	16	232	27	0	1	8	1	198	14	1	1	1	2
1212	1212	4	4190684	27364	6188360	3692593667	74896447	3823	177	23337	27	0	1	292	3521	198	6981	16137	1	1	71
1213	1213	5	2490029	3938	3547344	3695083696	74900385	108	46	3757	27	0	1	42	58	208	485	3043	1	1	12
1214	1214	6	2954230	12902	4323723	3698037926	74913287	4340	76	8459	27	0	1	62	4269	211	5403	2824	1	1	23
1215	1215	7	2269728	6738	3173374	3700307654	74920025	4110	37	2564	27	0	1	34	4067	203	551	1789	1	1	9
1216	1216	0	4675710	65646	9187625	3704983364	74985671	1374	261	63984	27	0	1	286	1078	191	11924	51847	1	1	105
1217	1217	1	3796530	35447	6117710	3708779894	75021118	4314	79	31027	27	0	1	111	4194	174	4520	26311	1	1	24
1218	1218	2	1843104	6366	2874565	3710622998	75027484	4024	31	2284	27	0	1	25	3990	189	462	1612	1	1	7
1219	1219	3	3299997	3305	5805910	3713922995	75030789	84	49	3145	27	0	1	58	18	192	478	2454	1	1	13
1220	1220	4	8969668	198692	25488129	3722892663	75229481	8383	1455	188827	27	0	1	1809	6564	894	53240	134621	20	31	688
1221	1221	5	2342035	4085	3550415	3725234698	75233566	116	49	3893	27	0	1	54	54	907	425	2540	1	1	13
1222	1222	6	2322548	7847	3179194	3727557246	75241413	4216	58	3546	27	0	1	40	4167	901	432	2192	1	1	17
1223	1223	7	2339982	7747	6994998	3729897228	75249160	4221	53	3446	27	0	1	45	4167	906	398	2121	1	1	15
1224	1224	0	2340997	6940	3030345	3732238225	75256100	4221	59	2633	27	0	1	45	4167	898	486	1228	1	1	17
1225	1225	1	2070510	3954	2720265	3734308735	75260054	114	40	3773	27	0	1	44	62	914	562	2276	1	1	10
1226	1226	2	2386977	13225	3624685	3736695712	75273279	4353	129	8716	27	0	1	49	4295	917	1970	5808	1	1	44
1227	1227	3	2084453	6572	3035735	3738780165	75279851	44	37	6464	27	0	1	35	1	910	721	4812	1	1	9
1228	1228	4	2322896	5802	2821685	3741103061	75285653	4142	58	1575	27	0	1	40	4093	196	437	921	1	1	17
1229	1229	5	2339375	6597	3202835	3743442436	75292250	4092	43	2435	27	0	1	45	4038	195	240	1979	1	1	11
1230	1230	6	2323605	2764	3096595	3745766041	75295014	49	40	2648	27	0	1	40	1	200	330	2097	1	1	10
1231	1231	7	2177122	2026	2980985	3747943163	75297040	49	40	1910	27	0	1	40	1	197	235	1457	1	1	10
1232	1232	0	2580332	15071	3717064	3750523495	75312111	4213	70	10761	27	0	1	38	4166	211	1240	9289	1	1	20
1233	1233	1	2567429	10623	3254584	3753090924	75322734	4198	40	6358	27	0	1	30	4159	204	708	5425	1	1	10
1234	1234	2	2672847	12257	3311715	3755763771	75334991	4286	46	7898	27	0	1	44	4233	196	932	6749	1	1	12
1235	1235	3	2656418	3270	3622674	3758420189	75338261	188	55	3000	27	0	1	64	116	183	1066	1730	1	1	15
1236	1236	4	2564593	8078	3417635	3760984782	75346339	4202	37	3812	27	0	1	34	4159	180	744	2867	1	1	9
1237	1237	5	2753946	12893	3187645	3763738728	75359232	4371	94	8401	27	0	1	53	4309	183	1555	6642	1	1	28
1238	1238	6	2550108	7013	2950895	3766288836	75366245	4202	43	2741	27	0	1	34	4159	180	303	2237	1	1	11
1239	1239	7	2682388	14914	3369605	3768971224	75381159	4207	73	10607	27	0	1	39	4159	181	1510	8895	1	1	21
1240	1240	0	2542954	3129	2529996	3771514178	75384288	179	40	2883	27	0	1	46	125	184	776	1902	1	1	10
1241	1241	1	2341935	6193	2197096	3773856113	75390481	4147	52	1967	27	0	1	45	4093	197	472	1277	1	1	14
1242	1242	2	2683442	2059	2206447	3776539555	75392540	232	46	1754	27	0	1	62	161	202	502	1029	1	1	12
1243	1243	3	2686082	6532	3145645	3779225637	75399072	4251	51	2203	27	0	1	40	4202	204	570	1408	1	1	14
1244	1244	4	2421173	6344	2779606	3781646810	75405416	4165	46	2106	27	0	1	45	4111	210	630	1245	1	1	12
1245	1245	5	2460610	6135	3275074	3784107420	75411551	4224	49	1835	27	0	1	45	4170	211	564	1039	1	1	13
1246	1246	6	2684690	6292	2779936	3786792110	75417843	4251	52	1962	27	0	1	40	4202	215	581	1145	1	1	14
1247	1247	7	2418896	7782	3067875	3789211006	75425625	4137	43	3575	27	0	1	44	4084	210	325	3019	1	1	11
1248	1248	0	2428440	8982	2965025	3791639446	75434607	4164	52	4739	27	0	1	52	4103	192	734	3792	1	1	14
1249	1249	1	2471371	16432	3810704	3794110817	75451039	228	67	16110	27	0	1	98	122	189	1898	14002	1	1	19
1250	1250	2	2226055	2885	3032475	3796336872	75453924	125	40	2693	27	0	1	32	85	192	584	1896	1	1	10
1251	1251	3	2330805	3510	3055355	3798667677	75457434	133	40	3310	27	0	1	44	81	191	297	2801	1	1	10
1252	1252	4	2575899	4040	3025165	3801243576	75461474	284	55	3674	27	0	1	71	204	188	646	2819	1	1	15
1253	1253	5	2331609	9503	3190994	3803575185	75470977	4216	97	5163	27	0	1	39	4168	202	1554	3386	1	1	30
1254	1254	6	3488098	27743	5788201	3807063283	75498720	358	112	27246	27	0	1	108	241	206	6575	20443	1	1	40
1255	1255	7	2419261	7005	3434694	3809482544	75505725	4244	52	2682	27	0	1	40	4195	209	526	1926	1	1	14
1256	1256	0	2465764	2196	3924934	3811948308	75507921	186	49	1934	27	0	1	54	124	210	395	1308	1	1	13
1257	1257	1	2057299	1968	2150396	3814005607	75509889	39	34	1868	27	0	1	30	1	199	385	1263	1	1	8
1258	1258	2	2502660	11927	3053926	3816508267	75521816	4147	58	7695	27	0	1	64	4074	205	1308	6161	1	1	16
1259	1259	3	2683481	1448	2702045	3819191748	75523264	49	40	1332	27	0	1	40	1	199	264	848	1	1	10
1260	1260	4	2941710	3365	3279965	3822133458	75526629	249	61	3028	27	0	1	75	165	189	1349	1469	1	1	17
1261	1261	5	2419658	1301	3099064	3824553116	75527930	49	40	1185	27	0	1	40	1	171	307	686	1	1	10
1262	1262	6	2367621	8770	3284075	3826920737	75536700	4291	49	4403	27	0	1	63	4219	172	575	3635	1	1	13
1263	1263	7	2122249	7355	3341824	3829042986	75544055	4146	52	3130	27	0	1	66	4071	180	1270	1659	1	1	14
1264	1264	0	2364856	42553	5978461	3831407842	75586608	58	52	42416	27	0	1	49	1	194	6721	35479	1	1	14
1265	1265	1	2185000	6431	2763035	3833592842	75593039	4110	37	2257	27	0	1	39	4062	194	490	1552	1	1	9
1266	1266	2	2686423	9866	3585574	3836279265	75602905	4923	50	4866	27	0	1	46	4868	205	544	4096	1	1	14
1267	1267	3	2708116	7087	3545374	3838987381	75609992	762	54	6244	27	0	1	62	691	202	1159	4862	1	1	15
1268	1268	4	2587182	7842	3912004	3841574563	75617834	4899	46	2870	27	0	1	35	4855	200	566	2083	1	1	13
1269	1269	5	2691103	7941	3958274	3844265666	75625775	4345	55	3514	27	0	1	65	4271	194	766	2533	1	1	15
1270	1270	6	2181812	10919	2886185	3846447478	75636694	4272	41	6579	27	0	1	44	4219	195	1062	5301	1	1	11
1271	1271	7	2814489	14914	3508994	3849261967	75651608	353	64	14470	27	0	1	66	278	195	1699	12504	22	31	19
1272	1272	0	2098458	10155	2610656	3851360425	75661763	4113	64	5951	27	0	1	64	4040	180	887	4863	1	1	18
1273	1273	1	2326724	7476	2254886	3853687149	75669239	4161	46	3242	27	0	1	41	4111	175	394	2652	1	1	12
1274	1274	2	2204698	6472	3156955	3855891847	75675711	4112	46	2287	27	0	1	48	4055	175	719	1372	1	1	12
1275	1275	3	2323081	4870	2750206	3858214928	75680581	111	52	4680	27	0	1	49	54	187	884	3588	1	1	14
1276	1276	4	2355997	9443	2710565	3860570925	75690024	4182	60	5174	27	0	1	50	4123	187	651	4315	1	1	17
1277	1277	5	2343434	9235	2916085	3862914359	75699259	4161	43	5004	27	0	1	44	4108	184	659	4140	1	1	11
1278	1278	6	2051637	1995	2743926	3864965996	75701254	39	34	1895	27	0	1	30	1	178	114	1583	1	1	8
1279	1279	7	2284185	2843	4795392	3867250181	75704097	127	43	2646	27	0	1	45	74	170	598	1857	1	1	11
1280	1280	0	2611700	13412	3540544	3869861881	75717509	4128	52	9205	27	0	1	64	4055	181	1247	7756	1	1	14
1281	1281	1	2297503	6707	2711216	3872159384	75724216	4275	43	2362	27	0	1	42	4224	184	539	1618	1	1	11
1282	1282	2	2182232	15925	3170655	3874341616	75740141	74	49	15775	27	0	1	50	16	184	3228	12342	1	1	13
1283	1283	3	2394589	6969	2440296	3876736205	75747110	4167	49	2726	27	0	1	45	4113	177	554	1974	1	1	13
1284	1284	4	2498045	4127	3137525	3879234250	75751237	339	51	3710	27	0	1	61	269	175	734	2780	1	1	14
1285	1285	5	2431318	8441	3293215	3881665568	75759678	4113	46	4255	27	0	1	49	4055	173	590	3471	1	1	12
1286	1286	6	2620739	13413	3664344	3884286307	75773091	87	64	13235	27	0	1	78	1	169	2014	11031	1	1	18
1287	1287	7	2319437	6741	3066095	3886605744	75779832	4138	37	2539	27	0	1	35	4094	171	250	2097	1	1	9
1288	1288	0	3338826	30597	5827670	3889944570	75810429	575	84	29911	27	0	1	120	446	185	4061	25643	1	1	28
1289	1289	1	2086579	2959	2619146	3892031149	75813388	77	40	2815	27	0	1	39	30	177	965	1652	1	1	10
1290	1290	2	2393093	3907	3489454	3894424242	75817295	101	52	3727	27	0	1	61	32	174	769	2763	1	1	14
1291	1291	3	2670999	12786	4029304	3897095241	75830081	4127	55	8577	27	0	1	63	4055	180	1183	7193	1	1	15
1292	1292	4	2441665	7999	3251584	3899536906	75838080	4094	40	3838	27	0	1	44	4041	186	681	2950	1	1	10
1293	1293	5	2228621	3878	3250004	3901765527	75841958	161	53	3637	27	0	1	45	108	176	690	2750	1	1	15
1294	1294	6	2842946	34730	4956922	3904608473	75876688	109	67	34527	27	0	1	85	16	173	5075	29257	1	1	19
1295	1295	7	2330911	10768	3366505	3906939384	75887456	4154	49	6538	27	0	1	39	4106	182	707	5628	1	1	13
1296	1296	0	2592373	23985	4396763	3909531757	75911441	223	82	23653	27	0	1	103	112	172	3176	20283	1	1	24
1297	1297	1	2520512	6954	2705126	3912052269	75918395	4104	40	2783	27	0	1	40	4055	179	279	2304	1	1	10
1298	1298	2	2452837	8734	2965715	3914505106	75927129	4150	37	4520	27	0	1	35	4106	173	652	3674	1	1	9
1299	1299	3	2386148	10813	3873184	3916891254	75937942	4226	70	6490	27	0	1	49	4168	180	1497	4792	1	1	20
1300	1300	4	3165399	25471	5086071	3920056653	75963413	351	99	24994	27	0	1	138	203	178	4169	20625	1	1	34
1301	1301	5	2676960	31836	4706222	3922733613	75995249	4239	74	27496	27	0	1	90	4140	183	4581	22710	1	1	22
1302	1302	6	2053928	981	2496676	3924787541	75996230	39	34	881	27	0	1	30	1	189	240	431	1	1	8
1303	1303	7	2355590	4692	3098365	3927143131	76000922	44	37	4584	27	0	1	35	1	182	449	3932	1	1	9
1304	1304	0	2386162	6562	3540124	3929529293	76007484	62	46	6427	27	0	1	53	1	200	820	5386	1	1	12
1305	1305	1	2710678	20073	4317863	3932239971	76027557	175	97	19774	27	0	1	111	56	205	4258	15290	1	1	31
1306	1306	2	2157561	3277	2922776	3934397532	76030834	66	55	3129	27	0	1	57	1	207	821	2080	1	1	15
1307	1307	3	2217576	6753	2962605	3936615108	76037587	4247	40	2439	27	0	1	46	4192	199	238	1981	1	1	10
1308	1308	4	3941435	5558	4785572	3940556543	76043145	1012	93	4426	27	0	1	112	891	199	1586	2620	1	1	30
1309	1309	5	2225214	6738	3009945	3942781757	76049883	4243	40	2428	27	0	1	42	4192	191	242	1974	1	1	10
1310	1310	6	2222716	10647	3602994	3945004473	76060530	4098	37	6485	27	0	1	34	4055	193	1071	5200	1	1	9
1311	1311	7	2327231	1968	3125735	3947331704	76062498	49	40	1852	27	0	1	40	1	187	405	1239	1	1	10
1312	1312	0	2192529	3669	3084915	3949524233	76066167	46	37	3559	27	0	1	37	1	176	636	2726	1	1	9
1313	1313	1	2348767	7259	3649284	3951873000	76073426	66	52	7114	27	0	1	57	1	181	1115	5797	1	1	14
1314	1314	2	2253612	5899	2606476	3954126612	76079325	4136	43	1693	27	0	1	35	4092	178	549	945	1	1	11
1315	1315	3	2515748	2780	3536595	3956642360	76082105	141	37	2575	27	0	1	35	98	169	451	1934	1	1	9
1316	1316	4	2353684	6948	3412354	3958996044	76089053	4088	46	2787	27	0	1	40	4039	168	739	1859	1	1	12
1317	1317	5	2368556	16790	3890104	3961364600	76105843	4198	72	12493	27	0	1	61	4128	163	2504	9805	1	1	21
1318	1318	6	3025910	10292	4146423	3964390510	76116135	344	54	9867	27	0	1	50	285	166	5679	4001	1	1	15
1319	1319	7	2183952	1144	2825975	3966574462	76117279	44	37	1036	27	0	1	35	1	165	222	628	1	1	9
1320	1320	0	2218456	4712	3098575	3968792918	76121991	135	55	4495	27	0	1	49	78	173	913	3388	1	1	15
1321	1321	1	2259963	13173	3491874	3971052881	76135164	4217	61	8868	27	0	1	55	4153	188	1822	6837	1	1	17
1322	1322	2	2360926	8151	3965133	3973413807	76143315	60	49	8015	27	0	1	51	1	189	729	7076	1	1	13
1323	1323	3	2743025	5992	3455644	3976156832	76149307	382	48	5535	27	0	1	47	326	190	557	4767	1	1	13
1324	1324	4	2884131	11160	3998304	3979040963	76160467	150	49	10934	27	0	1	60	82	181	1776	8956	1	1	13
1325	1325	5	2216347	3281	3340434	3981257310	76163748	39	34	3181	27	0	1	30	1	179	646	2335	1	1	8
1326	1326	6	2803987	4415	3673604	3984061297	76168163	176	58	4154	27	0	1	66	102	173	559	3401	1	1	16
1327	1327	7	3215532	122700	8130527	3987276829	76290863	105	76	122492	27	0	1	96	1	205	2578	119639	14	36	22
1328	1328	0	3558268	6170	4656742	3990835097	76297033	512	94	5537	27	0	1	108	395	211	1266	4039	1	1	28
1329	1329	1	3184793	7264	4318823	3994019890	76304297	4280	52	2905	27	0	1	54	4217	201	716	1967	1	1	14
1330	1330	2	1994936	1537	3047495	3996014826	76305834	95	43	1372	27	0	1	37	50	217	279	855	1	1	11
1331	1331	3	1845838	2122	2055317	3997860664	76307956	527	40	1528	27	0	1	46	472	214	407	886	1	1	10
1332	1332	4	2634459	7806	2965645	4000495123	76315762	4218	58	3503	27	0	1	74	4135	211	1002	2269	1	1	16
1333	1333	5	2075203	2100	2303896	4002570326	76317862	82	40	1951	27	0	1	40	34	204	160	1566	1	1	10
1334	1334	6	652406	3391	1554538	4003222732	76321253	1064	34	2266	27	0	1	32	1023	196	573	1476	1	1	8
1335	1335	7	761279	4623	1809537	4003984011	76325876	1289	52	3255	27	0	1	67	1213	178	778	2278	1	1	14
1336	1336	0	2965441	24947	5652110	4006949452	76350823	4839	107	19974	27	0	1	209	4620	179	4233	15541	1	1	37
1337	1337	1	2089591	3051	2574286	4009039043	76353874	94	45	2885	27	0	1	41	45	181	234	2449	1	1	12
1338	1338	2	2590337	4575	3597584	4011629380	76358449	829	52	3667	27	0	1	56	764	178	282	3186	1	1	14
1339	1339	3	2598905	10551	3928844	4014228285	76369000	4877	49	5598	27	0	1	35	4833	174	466	4937	1	1	13
1340	1340	4	2594155	9275	3601354	4016822440	76378275	4881	53	4314	27	0	1	39	4833	173	449	3671	1	1	15
1341	1341	5	2592515	9644	3648774	4019414955	76387919	4877	46	4694	27	0	1	35	4833	181	448	4044	1	1	12
1342	1342	6	2587377	9155	3737674	4022002332	76397074	4877	46	4205	27	0	1	35	4833	178	330	3676	1	1	12
1343	1343	7	2603644	9866	3485704	4024605976	76406940	4886	60	4893	27	0	1	44	4833	180	418	4274	1	1	17
1344	1344	0	2632815	10695	3472734	4027238791	76417635	4888	49	5731	27	0	1	49	4830	167	412	5131	1	1	13
1345	1345	1	2585778	8565	3324605	4029824569	76426200	4877	44	3617	27	0	1	35	4833	171	305	3120	1	1	12
1346	1346	2	2091784	7434	2680705	4031916353	76433634	4121	34	3252	27	0	1	30	4082	174	231	2826	1	1	8
1347	1347	3	2088694	2780	2945206	4034005047	76436414	39	34	2680	27	0	1	30	1	174	148	2337	1	1	8
1348	1348	4	2585460	3623	3710924	4036590507	76440037	44	37	3515	27	0	1	35	1	167	290	3037	1	1	9
1349	1349	5	2591385	5688	5335251	4039181892	76445725	53	46	5562	27	0	1	44	1	168	431	4942	1	1	12
1350	1350	6	2737041	13188	3787503	4041918933	76458913	4187	97	8877	27	0	1	76	4102	164	1430	7262	1	1	36
1351	1351	7	2588702	4378	3677263	4044507635	76463291	53	46	4252	27	0	1	44	1	164	492	3575	1	1	12
1352	1352	0	2591965	6156	3613634	4047099600	76469447	701	52	5376	27	0	1	47	645	188	434	4733	1	1	14
1353	1353	1	2585104	3500	3649843	4049684704	76472947	44	37	3392	27	0	1	35	1	191	274	2906	1	1	9
1354	1354	2	769969	2431	1686148	4050454673	76475378	42	37	2325	27	0	1	33	1	193	363	1748	1	1	9
1355	1355	3	689192	4399	1401287	4051143865	76479777	1564	43	2765	27	0	1	37	1518	197	545	2002	1	1	11
1356	1356	4	2257882	7134	3420265	4053401747	76486911	4132	42	2933	27	0	1	40	4083	205	653	2054	1	1	11
1357	1357	5	2107219	3083	3080855	4055508966	76489994	254	58	2744	27	0	1	70	175	205	986	1532	1	1	16
1358	1358	6	2492235	9879	3720074	4058001201	76499873	4194	71	5587	27	0	1	92	4093	212	773	4581	1	1	21
1359	1359	7	2074338	6416	3161185	4060075539	76506289	66	52	6271	27	0	1	57	1	230	506	5514	1	1	14
1360	1360	0	2286362	11400	3065985	4062361901	76517689	4266	76	7031	27	0	1	56	4201	226	2508	4276	1	1	23
1361	1361	1	4145549	33864	6272320	4066507450	76551553	4802	115	28920	27	0	1	138	4654	229	5714	22955	1	1	39
1362	1362	2	2212835	8249	3048695	4068720285	76559802	4083	43	4096	27	0	1	50	4024	233	899	2943	1	1	11
1363	1363	3	3387917	7708	4066563	4072108202	76567510	956	71	6654	27	0	1	90	857	228	986	5419	1	1	21
1364	1364	4	2660745	8123	3680234	4074768947	76575633	4906	40	3150	27	0	1	44	4853	222	316	2591	1	1	10
1365	1365	5	2037385	4571	2724046	4076806332	76580204	59	43	4442	27	0	1	50	1	249	597	3575	1	1	11
1366	1366	6	2025317	1769	2628265	4078831649	76581973	59	43	1640	27	0	1	50	1	239	412	968	1	1	11
1367	1367	7	2676015	6852	3511745	4081507664	76588825	405	82	6338	27	0	1	112	284	232	1591	4494	1	1	25
1368	1368	0	2113278	6498	3025405	4083620942	76595323	250	55	6166	27	0	1	63	178	242	449	5454	1	1	15
1369	1369	1	2037465	2866	2669515	4085658407	76598189	59	43	2737	27	0	1	50	1	222	721	1773	1	1	11
1370	1370	2	2025409	1749	3065375	4087683816	76599938	59	43	1620	27	0	1	50	1	210	404	985	1	1	11
1371	1371	3	2715975	10714	4622753	4090399791	76610652	294	94	10299	27	0	1	114	171	207	2359	7712	1	1	28
1372	1372	4	2270976	6952	2966955	4092670767	76617604	315	64	6546	27	0	1	67	239	195	676	5654	1	1	18
1373	1373	5	2062442	6150	2976465	4094733209	76623754	4067	37	2019	27	0	1	35	4023	230	506	1262	1	1	9
1374	1374	6	2052101	6030	2629726	4096785310	76629784	4081	49	1873	27	0	1	65	4007	230	358	1264	1	1	13
1375	1375	7	2826892	43274	6321409	4099612202	76673058	145	52	43050	27	0	1	65	72	255	891	41882	1	1	14
1376	1376	0	2165659	5995	3162965	4101777861	76679053	172	64	5732	27	0	1	82	82	255	1099	4357	1	1	18
1377	1377	1	2180907	8884	2710686	4103958768	76687937	286	55	8516	27	0	1	49	228	256	694	7545	1	1	15
1378	1378	2	2211248	6691	2872025	4106170016	76694628	4325	62	2277	27	0	1	54	4262	244	1099	913	1	1	18
1379	1379	3	2024707	1307	2585476	4108194723	76695935	51	40	1189	27	0	1	42	1	253	259	656	1	1	10
1380	1380	4	2026083	1517	1965136	4110220806	76697452	78	46	1366	27	0	1	48	22	217	328	800	1	1	12
1381	1381	5	2061790	1718	2405777	4112282596	76699170	77	43	1571	27	0	1	47	22	211	329	1010	1	1	11
1382	1382	6	2026041	1696	2548196	4114308637	76700866	199	40	1430	27	0	1	42	148	198	246	965	1	1	10
1383	1383	7	2022611	1007	2427347	4116331248	76701873	44	37	899	27	0	1	35	1	201	240	437	1	1	9
1384	1384	0	2063489	6056	3084095	4118394737	76707929	4070	37	1922	27	0	1	35	4026	212	390	1299	1	1	9
1385	1385	1	2052408	2119	2529866	4120447145	76710048	91	49	1952	27	0	1	65	18	206	439	1286	1	1	13
1386	1386	2	3170138	55088	7662347	4123617283	76765136	54	43	54964	27	0	1	45	1	218	1196	53528	1	1	11
1387	1387	3	2221060	12295	3592545	4125838343	76777431	4154	49	8065	27	0	1	67	4078	215	1476	6353	1	1	13
1388	1388	4	2215576	9276	2828436	4128053919	76786707	171	49	9029	27	0	1	55	108	224	787	7997	1	1	13
1389	1389	5	2019538	6006	2747566	4130073457	76792713	4028	34	1917	27	0	1	30	3989	235	132	1529	1	1	8
1390	1390	6	2265053	12391	3156915	4132338510	76805104	4347	55	7962	27	0	1	51	4287	229	804	6908	1	1	16
1391	1391	7	2024260	1143	2194957	4134362770	76806247	72	40	1004	27	0	1	42	22	220	232	531	1	1	10
1392	1392	0	2026811	1606	2674655	4136389581	76807853	78	46	1455	27	0	1	48	22	219	355	860	1	1	12
1393	1393	1	2061962	1716	2776636	4138451543	76809569	128	43	1518	27	0	1	47	73	197	337	963	1	1	11
1394	1394	2	2026821	1834	2328426	4140478364	76811403	219	40	1548	27	0	1	42	168	201	320	1006	1	1	10
1395	1395	3	2026993	1343	2669245	4142505357	76812746	44	37	1235	27	0	1	35	1	209	283	722	1	1	9
1396	1396	4	7614390	196602	19908748	4150119747	77009348	1409	446	194720	27	0	1	547	852	425	14198	180075	1	1	194
1397	1397	5	2417282	28099	4135443	4152537029	77037447	4468	176	23428	27	0	1	220	4238	544	9989	12874	1	1	66
1398	1398	6	2157446	10723	4463183	4154694475	77048170	4312	132	6252	27	0	1	183	4119	540	2450	3241	1	1	48
1399	1399	7	1887978	4455	2195016	4156582453	77052625	548	46	3834	27	0	1	56	483	544	651	2618	1	1	12
1400	1400	0	2170904	10298	2682906	4158753357	77062923	4249	79	5943	27	0	1	51	4189	543	1107	4272	1	1	29
1401	1401	1	2046821	5941	2251846	4160800178	77068864	622	48	5244	27	0	1	53	560	540	859	3824	1	1	13
1402	1402	2	2238362	15589	3033385	4163038540	77084453	4306	113	11143	27	0	1	98	4199	531	2791	7800	1	1	41
1403	1403	3	2095069	6531	2881715	4165133609	77090984	4191	46	2267	27	0	1	57	4125	508	360	1378	1	1	12
1404	1404	4	2874886	58966	7957707	4168008495	77149950	4634	200	54105	27	0	1	141	4483	281	6543	47259	1	1	82
1405	1405	5	2105276	8030	3421405	4170113771	77157980	4076	43	3884	27	0	1	37	4030	202	2599	1062	1	1	11
1406	1406	6	2055325	9497	2572285	4172169096	77167477	4144	49	5277	27	0	1	47	4088	193	4649	414	1	1	14
1407	1407	7	1013908	4744	1312228	4173183004	77172221	1981	66	2670	27	0	1	52	1920	194	776	1679	1	1	20
1408	1408	0	2680141	36638	4873202	4175863145	77208859	4586	208	31817	27	0	1	145	4431	201	8045	23189	21	340	78
1409	1409	1	2769295	50375	6301720	4178632440	77259234	4784	302	45262	27	0	1	109	4666	207	12755	32278	1	1	115
1410	1410	2	3917849	279046	15663974	4182550289	77538280	5373	731	272915	27	0	1	175	5188	217	49284	223301	52	40	338
1411	1411	3	2832558	52354	5992851	4185382847	77590634	4818	249	47260	27	0	1	116	4693	215	13026	33997	1	1	93
1412	1412	4	4172223	96870	10982131	4189555070	77687504	4773	281	91789	27	0	1	230	4533	412	31449	59809	58	40	109
1413	1413	5	2771461	51069	6197780	4192326531	77738573	656	207	50179	27	0	1	87	560	410	10043	39704	1	1	74
1414	1414	6	2681826	9665	3240175	4195008357	77748238	4634	99	4905	27	0	1	73	4552	406	1940	2538	1	1	31
1415	1415	7	214	492	487359	4195008571	77748730	17	16	432	27	0	1	8	1	398	14	1	1	1	2
1416	1416	0	2650381	15332	3561884	4197658952	77764062	4605	103	10597	27	0	1	48	4548	417	1485	8674	1	1	31
1417	1417	1	2610688	9069	3886854	4200269640	77773131	4448	58	4536	27	0	1	62	4377	416	858	3241	1	1	16
1418	1418	2	2597521	7006	3991883	4202867161	77780137	4564	82	2333	27	0	1	48	4507	414	590	1308	1	1	24
1419	1419	3	2829421	39394	6498890	4205696582	77819531	281	113	38973	27	0	1	105	167	430	1795	9021	496	27209	35
1420	1420	4	2401296	2778	2761775	4208097878	77822309	43	40	2668	27	0	1	34	1	247	454	1946	1	1	10
1421	1421	5	2949859	56484	5716161	4211047737	77878793	4839	264	51354	27	0	1	181	4648	403	10051	40878	1	1	102
1422	1422	6	2743149	10780	4018463	4213790886	77889573	4724	95	5934	27	0	1	68	4647	414	1027	4472	1	1	29
1423	1423	7	3668206	258528	18369270	4217459092	78148101	5342	784	252375	27	0	1	60	5273	433	64163	187756	1	1	363
1424	1424	0	3672348	218152	14420126	4221131440	78366253	5348	637	212140	27	0	1	55	5284	399	54387	157331	1	1	288
1425	1425	1	3928498	188604	13860798	4225059938	78554857	1709	523	186345	27	0	1	130	1569	405	45662	140255	1	1	236
1426	1426	2	3660954	39897	5408461	4228720892	78594754	4689	172	35009	27	0	1	182	4497	380	9316	25271	16	6	61
1427	1427	3	4177726	184987	14534316	4232898618	78779741	5559	556	178845	27	0	1	115	5435	360	50461	128001	1	1	245
1428	1428	4	6873445	286144	27270565	4239772063	79065885	3511	451	282155	27	0	1	396	3105	477	48001	124962	74	108618	190
1429	1429	5	5640587	310142	31081029	4245412650	79376027	5800	806	303509	27	0	1	182	5608	325	96138	207023	1	1	366
1430	1430	6	5003864	229530	22342684	4250416514	79605557	5501	240	223762	27	0	1	165	5326	329	27045	87673	74	108618	97
1431	1431	7	3923332	69990	7089688	4254339846	79675547	5376	166	64421	27	0	1	81	5286	343	21401	42654	1	1	58
1432	1432	0	2651977	23520	4009643	4256991823	79699067	3867	62	19564	27	0	1	75	3783	353	1324	17865	1	1	18
1433	1433	1	2215805	6372	3351055	4259207628	79705439	4324	34	1987	27	0	1	30	4285	358	321	1287	1	1	8
1434	1434	2	3473652	73791	11234301	4262681280	79779230	4953	185	68626	27	0	1	208	4735	371	16473	51759	1	1	83
1435	1435	3	5930743	196058	24453880	4268612023	79975288	1699	504	193828	27	0	1	188	1501	377	67347	126081	1	1	216
1436	1436	4	4067544	32658	6900349	4272679567	80007946	5398	123	27110	27	0	1	173	5215	301	9786	17001	1	1	45
1437	1437	5	2560343	16406	4215283	4275239910	80024352	4475	79	11825	27	0	1	91	4375	281	1805	9718	1	1	23
1438	1438	6	3555888	33548	6267450	4278795798	80057900	5270	115	28136	27	0	1	140	5120	256	8019	19839	1	1	36
1439	1439	7	3177475	61920	8271936	4281973273	80119820	1029	111	60753	27	0	1	102	918	239	29383	31108	1	1	36
1440	1440	0	2795117	31274	6070990	4284768390	80151094	4051	94	27102	27	0	1	84	3958	231	7981	18868	1	1	31
1441	1441	1	3758597	71760	12347200	4288526987	80222854	4832	289	66612	27	0	1	138	4684	239	19979	46371	1	1	108
1442	1442	2	3093589	29460	4676972	4291620576	80252314	3090	97	26246	27	0	1	113	2968	259	2761	23204	1	1	30
1443	1443	3	3363706	13232	4976072	4294984282	80265546	5223	154	7828	27	0	1	96	5118	259	4530	3018	1	1	52
1444	1444	4	3594022	40228	6937149	4298578304	80305774	5225	114	34862	27	0	1	141	5074	226	8308	26306	1	1	38
1445	1445	5	3172868	11565	4067903	4301751172	80317339	4958	138	6442	27	0	1	71	4878	225	3994	2202	1	1	45
1446	1446	6	2649434	23168	5068152	4304400606	80340507	3828	57	19256	27	0	1	45	3774	230	1195	17809	1	1	16
1447	1447	7	3112031	87747	8430296	4307512637	80428254	4704	288	82728	27	0	1	210	4484	276	9990	72440	1	1	117
1448	1448	0	2141636	2707	2987045	4309654273	80430961	99	45	2536	27	0	1	48	43	280	888	1347	1	1	12
1449	1449	1	2121415	11546	3716894	4311775688	80442507	4230	116	7173	27	0	1	69	4152	262	2267	4623	1	1	37
1450	1450	2	2791458	21661	4742262	4314567146	80464168	1052	153	20429	27	0	1	164	878	246	5316	14846	1	1	50
1451	1451	3	849122	3698	1685667	4315416268	80467866	1608	37	2026	27	0	1	36	1563	241	454	1310	1	1	9
1452	1452	4	2649776	6177	3253725	4318066044	80474043	383	55	5712	27	0	1	65	309	272	3039	2380	1	1	15
1453	1453	5	1866444	8366	3578314	4319932488	80482409	49	46	8244	27	0	1	40	1	260	4325	3638	1	1	12
1454	1454	6	1909990	3489	3031295	4321842478	80485898	97	75	3290	27	0	1	73	16	250	2584	435	1	1	23
1455	1455	7	2187274	26876	4274963	4324029752	80512774	140	58	26651	27	0	1	60	72	200	4547	21882	1	1	16
1456	1456	0	3487238	111455	10502253	4327516990	80624229	4546	237	106645	27	0	1	285	4251	198	16594	89806	14	12	101
1457	1457	1	2268645	24802	3910173	4329785635	80649031	4482	162	20131	27	0	1	142	4330	214	3578	16318	1	1	59
1458	1458	2	3189551	29484	5137752	4332975186	80678515	681	183	28593	27	0	1	180	491	209	9207	19155	1	1	69
1459	1459	3	3081547	45528	6007560	4336056733	80724043	434	75	44992	27	0	1	108	317	205	6172	38593	1	1	24
1460	1460	4	2780666	41004	5541961	4338837399	80765047	979	215	39783	27	0	1	234	735	241	3290	36230	1	1	91
1461	1461	5	2386426	17465	4199623	4341223825	80782512	3928	55	13455	27	0	1	76	3843	243	2475	10716	1	1	15
1462	1462	6	1834700	7788	2646476	4343058525	80790300	3998	37	3726	27	0	1	25	3964	249	988	2468	1	1	9
1463	1463	7	2008534	2659	2998285	4345067059	80792959	39	34	2559	27	0	1	30	1	253	231	2054	1	1	8
1464	1464	0	2773161	75866	8070976	4347840220	80868825	4303	85	71451	27	0	1	110	4184	252	15194	55983	1	1	27
1465	1465	1	2277080	16294	3959144	4350117300	80885119	4117	58	12092	27	0	1	68	4040	239	2007	9825	1	1	16
1466	1466	2	2137024	11003	3040715	4352254324	80896122	4160	40	6776	27	0	1	38	4113	237	1996	4522	1	1	11
1467	1467	3	1088295	2984	1913417	4353342619	80899106	585	37	2335	27	0	1	37	539	230	400	1684	1	1	9
1468	1468	4	1887669	2756	2898785	4355230288	80901862	603	37	2089	27	0	1	41	553	183	581	1304	1	1	9
1469	1469	5	1649567	1920	2667116	4356879855	80903782	41	34	1818	27	0	1	32	1	193	375	1229	1	1	8
1470	1470	6	1940090	10978	2882675	4358819945	80914760	4106	41	6804	27	0	1	37	4060	198	1334	5251	1	1	11
1471	1471	7	2045030	8946	2673646	4360864975	80923706	4211	83	4625	27	0	1	106	4096	199	1362	3043	1	1	26
1472	1472	0	2313026	6704	2734555	4363178001	80930410	168	46	6463	27	0	1	56	104	209	358	5875	1	1	12
1473	1473	1	2060065	677	2375876	4365238066	80931087	74	46	530	27	0	1	42	24	190	129	190	1	1	12
1474	1474	2	2240109	1498	2726426	4367478175	80932585	140	40	1291	27	0	1	46	86	203	295	772	1	1	10
1475	1475	3	2006795	643	2557046	4369484970	80933228	39	34	543	27	0	1	30	1	196	140	186	1	1	8
1476	1476	4	944669	1343	2033156	4370429639	80934571	107	62	1147	27	0	1	72	27	185	467	474	1	1	18
1477	1477	5	3076610	63176	7527598	4373506249	80997747	110	49	62990	27	0	1	60	42	187	4809	57972	1	1	13
1478	1478	6	2509962	22485	4665612	4376016211	81020232	87	64	22307	27	0	1	78	1	188	2961	19136	1	1	18
1479	1479	7	2077014	9830	2897725	4378093225	81030062	4088	63	5652	27	0	1	37	4042	195	847	4589	1	1	20
1480	1480	0	2064054	9772	2613895	4380157279	81039834	4057	61	5627	27	0	1	59	3989	193	541	4872	1	1	17
1481	1481	1	2068407	7193	3089155	4382225686	81047027	4074	52	3040	27	0	1	30	4035	189	853	1977	1	1	14
1482	1482	2	2770413	11744	3069075	4384996099	81058771	551	67	11099	27	0	1	69	473	190	1196	9692	1	1	19
1483	1483	3	2043427	3029	2385166	4387039526	81061800	55	46	2901	27	0	1	46	1	181	728	1971	1	1	12
1484	1484	4	2031948	1693	2533816	4389071474	81063493	80	46	1540	27	0	1	39	33	166	425	928	1	1	12
1485	1485	5	2055549	6419	2614406	4391127023	81069912	4081	46	2265	27	0	1	50	4022	172	451	1621	1	1	12
1486	1486	6	2323421	4942	3453934	4393450444	81074854	219	75	4621	27	0	1	91	120	170	1082	3348	1	1	23
1487	1487	7	2027514	4973	2372876	4395477958	81079827	4052	46	848	27	0	1	35	4008	174	262	391	1	1	12
1488	1488	0	2674304	7303	3856724	4398152262	81087130	2923	71	4282	27	0	1	71	2843	170	951	3140	1	1	21
1489	1489	1	62119	3544	961158	4398214381	81090674	565	98	2854	27	0	1	121	435	202	913	1718	1	1	31
1490	1490	2	1413083	24753	3006635	4399627464	81115427	2776	322	21628	27	0	1	311	2455	323	5574	15710	1	1	139
1491	1491	3	2988450	25891	5136372	4402615914	81141318	4043	645	21176	27	0	1	625	3408	412	6168	14575	1	1	314
1492	1492	4	2988167	31118	5175782	4405604081	81172436	4050	718	26323	27	0	1	64	3977	418	9379	16504	1	1	346
1493	1493	5	2999996	32243	6348250	4408604077	81204679	4196	721	27299	27	0	1	160	4026	411	8228	18638	1	1	351
1494	1494	6	2974645	26598	5033602	4411578722	81231277	4062	656	21853	27	0	1	71	3982	394	6253	15185	1	1	321
1495	1495	7	2996683	31270	4621892	4414575405	81262547	4089	673	26481	27	0	1	86	3994	403	9083	16973	1	1	329
1496	1496	0	2971365	25225	4731582	4417546770	81287772	4033	631	20534	27	0	1	30	3994	398	5772	14343	1	1	307
1497	1497	1	2975181	25854	5021152	4420521951	81313626	4055	650	21122	27	0	1	69	3977	375	6027	14699	1	1	319
1498	1498	2	208	309	579969	4420522159	81313935	17	16	249	27	0	1	8	1	215	14	1	1	1	2
1499	1499	3	3495732	14771	4723912	4424017891	81328706	5420	126	9198	27	0	1	210	5200	152	1793	7232	1	1	50
1500	1500	4	2978179	8635	3372755	4426996070	81337341	4104	91	4413	27	0	1	107	3988	165	949	3278	1	1	32
1501	1501	5	3004952	13429	3768263	4430001022	81350770	4115	122	9165	27	0	1	121	3985	182	2295	6667	1	1	43
1502	1502	6	2972386	7614	4476892	4432973408	81358384	4067	46	3474	27	0	1	42	4016	172	659	2622	1	1	12
1503	1503	7	2977216	4031	4206783	4435950624	81362415	31	28	3945	27	0	1	22	1	173	488	3263	1	1	6
1504	1504	0	2252241	3379	3022075	4438202865	81365794	2775	40	537	27	0	1	59	2707	169	114	234	1	1	10
1505	1505	1	2258818	4669	2655975	4440461683	81370463	2728	58	1856	27	0	1	34	2685	163	348	1256	30	40	16
1506	1506	2	2968765	24916	5020132	4443430448	81395379	4017	605	20267	27	0	1	31	3977	161	5673	14412	1	1	294
1507	1507	3	3018857	22877	4663082	4446449305	81418256	4005	25	18820	27	0	1	19	3977	151	353	18294	1	1	5
1508	1508	4	2994121	7479	4880152	4449443426	81425735	84	81	7287	27	0	1	75	1	154	1420	5692	1	1	27
1509	1509	5	3031075	9945	5516031	4452474501	81435680	4002	22	5894	27	0	1	16	3977	146	179	431	248	4869	4
1510	1510	6	2972666	7770	3567614	4455447167	81443450	4045	46	3652	27	0	1	42	3994	153	719	2759	1	1	12
1511	1511	7	2973532	3492	4053284	4458420699	81446942	67	51	3347	27	0	1	49	10	149	650	2503	13	13	14
1512	1512	0	2964323	1604	3790384	4461385022	81448546	25	22	1530	27	0	1	16	1	158	111	1210	15	18	4
1513	1513	1	1334124	20558	3867644	4462719146	81469104	2693	332	17506	27	0	1	369	2314	182	4034	13269	1	1	151
1514	1514	2	3111818	171344	15028125	4465830964	81640448	7240	2527	161550	27	0	1	1478	5752	269	38519	122708	20	13	1220
1515	1515	3	3193369	163044	14408037	4469024333	81803492	7476	2640	152901	27	0	1	638	6828	269	41995	110583	20	13	1268
1516	1516	4	2963841	145194	12688649	4471988174	81948686	6849	1962	136356	27	0	1	155	6684	309	37870	98123	20	13	944
1517	1517	5	2919756	136693	12791889	4474907930	82085379	6859	1935	127872	27	0	1	140	6709	310	37560	89948	20	13	929
1518	1518	6	2881244	124179	10376373	4477789174	82209558	6708	1810	115634	27	0	1	207	6491	301	33732	81547	20	13	873
1519	1519	7	3315266	217533	16471013	4481104440	82427091	7880	2928	206698	27	0	1	643	7227	336	51839	154255	74	172	1418
1520	1520	0	3077491	178355	13208658	4484181931	82605446	7523	2528	168277	27	0	1	538	6975	368	45528	122209	50	101	1217
1521	1521	1	2895424	40918	6277390	4487077355	82646364	6774	894	33223	27	0	1	148	6616	345	20451	12405	1	1	462
1522	1522	2	3043474	48268	6707500	4490120829	82694632	7006	339	40896	27	0	1	141	6855	274	10399	30201	1	1	144
1523	1523	3	2955928	29252	7028348	4493076757	82723884	7101	336	21788	27	0	1	333	6758	279	5138	16350	1	1	154
1524	1524	4	2793784	6925	3513694	4495870541	82730809	6519	31	348	27	0	1	19	6491	242	66	21	1	1	7
1525	1525	5	2836636	4021	3696894	4498707177	82734830	1675	49	2270	27	0	1	38	1628	239	1014	996	1	1	13
1526	1526	6	2866204	22369	4911972	4501573381	82757199	6799	303	15240	27	0	1	75	6715	231	3297	11691	1	1	122
1527	1527	7	2142709	7427	3648164	4503716090	82764626	4898	58	2444	27	0	1	52	4837	213	510	1700	1	1	16
1528	1528	0	2163900	10432	3706854	4505879990	82775058	5114	260	5031	27	0	1	249	4855	144	1823	3043	1	1	110
1529	1529	1	2804813	9755	3980923	4508684803	82784813	6555	67	3106	27	0	1	55	6491	152	551	2382	1	1	19
1530	1530	2	3003200	34643	5991701	4511688003	82819456	6976	350	27290	27	0	1	332	6634	152	6733	20286	42	57	158
1531	1531	3	2969842	19588	4896672	4514657845	82839044	443	254	18864	27	0	1	206	227	153	5079	13611	1	1	103
1532	1532	4	1067592	23284	3536554	4515725437	82862328	2085	214	20958	27	0	1	194	1881	146	3939	16798	26	29	88
1533	1533	5	2200207	15771	3470534	4517925644	82878099	244	216	15284	27	0	1	179	56	146	3325	11792	1	1	89
1534	1534	6	4010724	436523	26174397	4521936368	83314622	7564	3478	425454	27	0	1	2333	5221	246	48241	375977	138	829	1696
1535	1535	7	2169993	25559	4485963	4524106361	83340181	4638	109	20785	27	0	1	150	4478	269	5659	14836	1	1	36
1536	1536	0	2112897	13263	4199553	4526219258	83353444	4486	127	8623	27	0	1	55	4422	272	4491	3839	1	1	44
1537	1537	1	2122550	53625	6957538	4528341808	83407069	4443	394	48761	27	0	1	16	4418	272	11547	36920	1	1	206
1538	1538	2	1462737	16087	3408675	4529804545	83423156	2626	256	13178	27	0	1	272	2344	346	2382	10429	1	1	117
1539	1539	3	1859480	82421	8446936	4531664025	83505577	2610	230	79554	27	0	1	177	2423	465	6801	70914	221	1131	97
1540	1540	4	47058	3911	1060768	4531711083	83509488	117	49	3718	27	0	1	31	78	463	453	2781	1	1	13
1541	1541	5	174799	9841	1628767	4531885882	83519329	120	46	9648	27	0	1	34	78	455	372	8800	1	1	12
1542	1542	6	1432720	12258	2593215	4533318602	83531587	2461	115	9655	27	0	1	34	2418	340	1977	7317	1	1	39
1543	1543	7	1591369	38456	4505293	4534909971	83570043	2516	157	35756	27	0	1	86	2421	361	5639	29355	46	334	58
1544	1544	0	1433303	12529	3044195	4536343274	83582572	2458	114	9930	27	0	1	31	2418	356	1937	7616	1	1	38
1545	1545	1	1544143	29706	4563562	4537887417	83612278	2567	183	26929	27	0	1	119	2439	353	4743	21811	1	1	81
1546	1546	2	383	423	402810	4537887800	83612701	26	22	348	27	0	1	17	1	301	27	1	1	1	4
1547	1547	3	1428130	3432	1946546	4539315930	83616133	2457	31	917	27	0	1	27	2421	193	136	567	1	1	7
1548	1548	4	4092294	78952	10647043	4543408224	83695085	6965	1457	70503	27	0	1	1405	5550	625	17152	52703	1	1	742
1549	1549	5	4100088	78970	10112753	4547508312	83774055	7080	1370	70493	27	0	1	31	7040	627	17550	52293	1	1	697
1550	1550	6	2148312	38619	6039930	4549656624	83812674	5109	545	32938	27	0	1	162	4937	640	8378	23898	1	1	262
1551	1551	7	3935199	61532	7636118	4553591823	83874206	6747	1083	53675	27	0	1	576	6161	666	15203	37784	1	1	549
1552	1552	0	3589410	48224	6015350	4557181233	83922430	5817	781	41599	27	0	1	244	5563	694	12022	28861	1	1	382
1553	1553	1	3629652	52202	6380190	4560810885	83974632	5761	828	45586	27	0	1	148	5603	719	14268	30577	1	1	399
1554	1554	2	3478876	44606	5399831	4564289761	84019238	5435	705	38439	27	0	1	41	5385	712	10778	26927	1	1	337
1555	1555	3	4069001	83309	9654495	4568358762	84102547	6916	1449	74917	27	0	1	695	6211	808	24215	49871	1	1	724
1556	1556	4	1863457	7146	2763595	4570222219	84109693	4402	85	2632	27	0	1	28	4365	464	593	1554	1	1	27
1557	1557	5	1864675	7938	2694156	4572086894	84117631	4461	126	3324	27	0	1	57	4395	455	952	1896	1	1	47
1558	1558	6	3478196	9187	4568162	4575565090	84126818	5422	133	3605	27	0	1	28	5385	436	1223	1925	1	1	53
1559	1559	7	1856441	5480	2880135	4577421531	84132298	4393	76	984	27	0	1	19	4365	355	321	287	1	1	24
1560	1560	0	4151161	45853	6327160	4581572692	84178151	7269	726	37831	27	0	1	144	7115	320	12229	25260	1	1	372
1561	1561	1	4129868	38737	7619957	4585702560	84216888	2687	742	35281	27	0	1	151	2526	287	11912	23060	1	1	375
1562	1562	2	4066001	45244	6303299	4589768561	84262132	6957	779	37481	27	0	1	551	6396	531	17308	19619	1	1	379
1563	1563	3	5141412	188927	79728119	4594909973	84451059	7617	3020	178263	27	0	1	2888	4719	1446	47052	129742	1	1	1527
1564	1564	4	5893757	281441	24246770	4600803730	84732500	10269	3899	267246	27	0	1	3920	6339	2747	82257	182219	1	1	1978
1565	1565	5	1860307	8392	2552046	4602664037	84740892	4400	89	3876	27	0	1	106	4285	2766	911	178	1	1	28
1566	1566	6	5302471	267818	20693636	4607966508	85008710	9184	3475	255132	27	0	1	3275	5899	3685	86079	165345	1	1	1764
1567	1567	7	5250413	249501	19183039	4613216921	85258211	10366	3427	235681	27	0	1	224	10132	3745	88672	143241	1	1	1711
1568	1568	0	5480545	265621	21124375	4618697466	85523832	10926	3700	250968	27	0	1	141	10775	3776	94321	152848	1	1	1873
1569	1569	1	5483063	264921	21908424	4624180529	85788753	10961	3726	250207	27	0	1	126	10826	3772	94397	152015	1	1	1882
1570	1570	2	5486377	278343	25128089	4629666906	86067096	10965	3749	263602	27	0	1	195	10760	3613	92145	167821	1	1	1898
1571	1571	3	5421184	162101	17836280	4635088090	86229197	10780	3547	147747	27	0	1	158	10612	2738	105460	39526	1	1	1793
1572	1572	4	5153027	77145	10715683	4640241117	86306342	10066	2967	64085	27	0	1	47	10010	1476	58031	4556	1	1	1516
1573	1573	5	5961806	318512	18481580	4646202923	86624854	11461	4185	302839	27	0	1	531	10920	1688	112910	188218	1	1	2101
1574	1574	6	5996222	117889	14136817	4652199145	86742743	11613	1305	104944	27	0	1	314	11289	678	28728	75515	1	1	671
1575	1575	7	5135039	2571	6364400	4657334184	86745314	28	22	2494	27	0	1	19	1	609	223	1641	1	1	4
1576	1576	0	5213858	69384	13588787	4662548042	86814698	9994	2989	56374	27	0	1	92	9893	592	51831	3929	1	1	1527
1577	1577	1	5124986	2126	5008722	4667673028	86816824	28	25	2046	27	0	1	19	1	593	190	1242	1	1	5
1578	1578	2	5143633	4752	5542231	4672816661	86821576	89	79	4557	27	0	1	45	36	536	1039	2961	1	1	23
1579	1579	3	4520846	30795	8091957	4677337507	86852371	1732	1496	27540	27	0	1	1534	188	1122	25177	1219	1	1	777
1580	1580	4	4958355	58765	11609451	4682295862	86911136	9162	2533	47043	27	0	1	1061	8091	1408	45040	573	1	1	1307
1581	1581	5	5051547	62907	7992427	4687347409	86974043	9756	2687	50437	27	0	1	216	9530	1174	48227	1014	1	1	1378
1582	1582	6	5618595	95740	15301715	4692966004	87069783	10485	3521	81707	27	0	1	1110	9365	1583	71402	8700	1	1	1782
1583	1583	7	4964660	61270	13114939	4697930664	87131053	9431	2560	49252	27	0	1	44	9378	1582	45414	2234	1	1	1311
1584	1584	0	5231082	77726	12833909	4703161746	87208779	10122	3213	64364	27	0	1	418	9694	1706	59163	3473	1	1	1581
1585	1585	1	5027283	69617	11136322	4708189029	87278396	9448	2596	57546	27	0	1	72	9367	1714	47289	8521	1	1	1324
1586	1586	2	5622464	135325	12334989	4713811493	87413721	10718	3584	120996	27	0	1	137	10571	1694	75529	43750	1	1	1795
1587	1587	3	4963102	34184	8629505	4718774595	87447905	9399	1099	23659	27	0	1	32	9358	1159	21047	1431	1	1	564
1588	1588	4	5020876	13673	4883942	4723795471	87461578	9629	138	3879	27	0	1	36	9584	843	1901	1114	1	1	47
1589	1589	5	4408190	13111	5168752	4728203661	87474689	8005	52	5027	27	0	1	48	7948	793	811	3402	1	1	14
1590	1590	6	4394982	9826	4782752	4732598643	87484515	7983	28	1788	27	0	1	27	7947	347	162	1258	1	1	6
1591	1591	7	5324223	86247	14999995	4737922866	87570762	4614	3419	78187	27	0	1	3454	1150	1550	61209	15406	1	1	1744
1592	1592	0	2198776	10654	3373795	4740121642	87581416	4453	35	6139	27	0	1	37	4407	1420	779	3919	1	1	9
1593	1593	1	2910806	10762	3814424	4743032448	87592178	3456	160	7119	27	0	1	210	3236	1470	2124	3504	1	1	65
1594	1594	2	2885908	6523	2796966	4745918356	87598701	3253	81	3162	27	0	1	79	3165	1439	793	909	1	1	25
1595	1595	3	1750334	13029	3015875	4747668690	87611730	1882	488	10632	27	0	1	514	1358	1435	2448	6368	40	321	237
1596	1596	4	3010987	24618	5186721	4750679677	87636348	4332	1037	19222	27	0	1	985	3337	1414	5584	12133	56	16	526
1597	1597	5	195360	3882	1013629	4750875037	87640230	512	49	3294	27	0	1	27	476	1390	577	1306	1	1	13
1598	1598	6	1836271	19135	3817333	4752711308	87659365	3868	346	14894	27	0	1	280	3578	1576	7178	6119	1	1	145
1599	1599	7	1836419	23574	3388695	4754547727	87682939	4118	199	19230	27	0	1	21	4088	344	5186	13679	1	1	83
1600	1600	0	2274309	110581	9722034	4756822036	87793520	4553	935	105066	27	0	1	787	3756	595	18208	86240	1	1	457
1601	1601	1	2232836	98271	9400294	4759054872	87891791	4896	878	92470	27	0	1	176	4710	572	17624	74251	1	1	424
1602	1602	2	2801412	173796	18084311	4761856284	88065587	7947	3852	161970	27	0	1	3100	4837	591	31704	128433	246	973	1951
1603	1603	3	1786267	12767	3061715	4763642551	88078354	2292	315	10133	27	0	1	166	2116	603	4110	5399	1	1	123
1604	1604	4	2992729	154223	14866515	4766635280	88232577	5548	950	147698	27	0	1	231	5307	606	23560	123509	1	1	456
1605	1605	5	2349154	117584	9235435	4768984434	88350161	4955	1018	111584	27	0	1	169	4776	626	21962	88973	1	1	494
1606	1606	6	2259651	85947	6494079	4771244085	88436108	4708	648	80564	27	0	1	38	4661	539	14944	65059	1	1	321
1607	1607	7	2133543	63315	6768939	4773377628	88499423	4618	584	58086	27	0	1	19	4590	533	12536	44995	1	1	290
1608	1608	0	2299413	22407	4034463	4775677041	88521830	4939	130	17311	27	0	1	142	4787	320	3216	13754	1	1	49
1609	1609	1	2267898	31698	3760543	4777944939	88553528	5025	353	26293	27	0	1	214	4801	348	8146	17777	1	1	152
1610	1610	2	2327327	32262	4900612	4780272266	88585790	5009	285	26941	27	0	1	242	4757	330	7314	19275	1	1	111
1611	1611	3	2269791	104258	8612196	4782542057	88690048	4878	738	98615	27	0	1	16	4853	305	17632	80655	1	1	366
1612	1612	4	2289067	37409	5330812	4784831124	88727457	4997	381	32004	27	0	1	123	4865	285	8141	23556	1	1	165
1613	1613	5	3079407	117130	10449333	4787910531	88844587	6221	537	110345	27	0	1	327	5884	328	18903	91091	1	1	254
1614	1614	6	1784649	5930	2638026	4789695180	88850517	4036	43	1824	27	0	1	40	3987	334	316	1153	1	1	11
1615	1615	7	2617891	74760	9145885	4792313071	88925277	6035	893	67805	27	0	1	904	5121	574	36884	30324	1	1	451
1616	1616	0	2737522	71679	8227346	4795050593	88996956	6594	888	64170	27	0	1	178	6406	523	58411	5214	1	1	450
1617	1617	1	2659568	76684	8786486	4797710161	89073640	6074	893	69690	27	0	1	123	5942	477	56894	12297	1	1	454
1618	1618	2	2663388	88678	9846984	4800373549	89162318	5993	1003	81655	27	0	1	53	5931	474	60413	20745	1	1	511
1619	1619	3	2617842	82671	8107406	4802991391	89244989	6010	993	75641	27	0	1	40	5961	476	59945	15198	1	1	505
1620	1620	4	2202865	10688	3850933	4805194256	89255677	4776	155	5730	27	0	1	124	4643	477	1472	3760	1	1	55
1621	1621	5	2231007	19475	3407854	4807425263	89275152	4799	102	14547	27	0	1	107	4683	418	5288	8820	1	1	34
1622	1622	6	2129377	5583	2770436	4809554640	89280735	4624	31	901	27	0	1	25	4590	417	143	320	1	1	7
1623	1623	7	2687642	31134	4860732	4812242282	89311869	6118	409	24580	27	0	1	180	5928	157	9169	15233	1	1	177
1624	1624	0	2891778	26247	4635212	4815134060	89338116	6694	207	19319	27	0	1	202	6482	174	5856	13268	1	1	84
1625	1625	1	2278138	8280	3655763	4817412198	89346396	4972	120	3161	27	0	1	110	4853	190	1019	1931	1	1	44
1626	1626	2	2180549	8805	2897036	4819592747	89355201	4767	46	3965	27	0	1	40	4718	193	512	3239	1	1	12
1627	1627	3	2258444	15428	3156544	4821851191	89370629	4842	109	10450	27	0	1	76	4757	183	1768	8478	1	1	35
1628	1628	4	47986	2377	805009	4821899177	89373006	312	97	1941	27	0	1	70	233	219	691	1010	1	1	33
1629	1629	5	917771	6887	2090357	4822816948	89379893	2676	73	4111	27	0	1	49	2618	224	704	3162	1	1	21
1630	1630	6	1418782	38796	4553652	4824235730	89418689	3455	232	35082	27	0	1	220	3225	363	3519	31178	1	1	89
1631	1631	7	1735859	55721	5080332	4825971589	89474410	3063	144	52487	27	0	1	147	2906	371	3043	49051	1	1	51
1632	1632	0	3508291	145152	12895529	4829479880	89619562	6668	1311	137146	27	0	1	1424	5234	615	38455	98053	1	1	675
1633	1633	1	1832693	31267	4251093	4831312573	89650829	4075	154	27011	27	0	1	54	4012	623	1166	25200	1	1	58
1634	1634	2	1455894	5160	2344616	4832768467	89655989	3468	85	1580	27	0	1	56	3403	621	445	493	1	1	25
1635	1635	3	2884024	110418	9510804	4835652491	89766407	5654	632	104105	27	0	1	475	5169	634	13068	90381	1	1	303
1636	1636	4	2053935	79985	6752539	4837706426	89846392	4753	544	74661	27	0	1	152	4591	602	19889	54147	1	1	246
1637	1637	5	188	686	486399	4837706614	89847078	17	16	626	27	0	1	8	1	592	14	1	1	1	2
1638	1638	6	228866	18090	2028227	4837935480	89865168	926	246	16891	27	0	1	272	644	610	2152	14108	1	1	106
1639	1639	7	886728	29760	3584814	4838822208	89894928	2662	380	26691	27	0	1	323	2329	643	4140	21835	29	24	180
1640	1640	0	1777292	36439	4084793	4840599500	89931367	2514	381	33517	27	0	1	201	2303	393	4816	28286	1	1	172
1641	1641	1	38651	2205	783069	4840638151	89933572	265	55	1858	27	0	1	57	199	410	311	1116	1	1	15
1642	1642	2	916820	36893	4036853	4841554971	89970465	2632	437	33797	27	0	1	156	2466	431	5850	27494	1	1	207
1643	1643	3	922464	40284	3833644	4842477435	90010749	2845	500	36912	27	0	1	199	2636	432	6622	29836	1	1	238
1644	1644	4	226357	18613	1624387	4842703792	90029362	981	288	17317	27	0	1	98	874	430	3226	13640	1	1	117
1645	1645	5	24640	707	483159	4842728432	90030069	149	31	500	27	0	1	19	122	417	63	1	1	1	7
1646	1646	6	849441	8210	2275237	4843577873	90038279	2576	148	5459	27	0	1	52	2515	332	1787	3319	1	1	54
1647	1647	7	864064	9024	2187527	4844441937	90047303	2605	96	6296	27	0	1	66	2530	257	1969	4049	1	1	30
1648	1648	0	721057	3047	1614127	4845162994	90050350	2171	77	772	27	0	1	29	2133	210	312	229	1	1	23
1649	1649	1	69935	5379	915139	4845232929	90055729	511	159	4682	27	0	1	65	437	190	1260	3211	1	1	59
1650	1650	2	859838	5972	2186786	4846092767	90061701	2642	132	3171	27	0	1	99	2534	176	1373	1601	1	1	45
1651	1651	3	247831	2913	1154128	4846340598	90064614	1010	100	1776	27	0	1	55	946	138	1058	559	1	1	30
1652	1652	4	218034	2486	932239	4846558632	90067100	932	67	1460	27	0	1	41	882	121	565	754	1	1	19
1653	1653	5	888185	32226	3113144	4847446817	90099326	2755	426	29018	27	0	1	106	2640	134	6471	22391	1	1	193
1654	1654	6	898346	16521	2571606	4848345163	90115847	2763	195	13536	27	0	1	110	2644	146	2644	10725	1	1	81
1655	1655	7	891650	11217	2385117	4849236813	90127064	2737	183	8270	27	0	1	119	2609	148	1730	6371	1	1	73
1656	1656	0	1750177	5317	2552436	4850986990	90132381	1823	88	3379	27	0	1	110	1704	151	1506	1701	1	1	26
1657	1657	1	178	243	301480	4850987168	90132624	17	16	183	27	0	1	8	1	149	14	1	1	1	2
1658	1658	2	1170295	5789	2424376	4852157463	90138413	3288	55	2419	27	0	1	47	3232	150	424	1824	1	1	15
1659	1659	3	132468	5819	1094308	4852289931	90144232	758	101	4933	27	0	1	107	642	149	1724	3039	1	1	36
1660	1660	4	1202447	29011	3299285	4853492378	90173243	3514	273	25197	27	0	1	175	3329	160	5546	19469	1	1	114
1661	1661	5	574695	1912	1312538	4854067073	90175155	1198	37	650	27	0	1	46	1143	138	123	369	1	1	9
1662	1662	6	909329	7674	2344847	4854976402	90182829	2728	137	4782	27	0	1	139	2579	123	1267	3372	1	1	48
1663	1663	7	906095	8426	2008886	4855882497	90191255	2740	88	5571	27	0	1	86	2645	120	2029	3402	1	1	26
1664	1664	0	914060	10422	2101637	4856796557	90201677	2709	129	7557	27	0	1	100	2600	117	1547	5873	1	1	48
1665	1665	1	719194	4759	1337148	4857515751	90206436	2168	92	2472	27	0	1	61	2098	120	712	1620	1	1	29
1666	1666	2	118794	8926	1191818	4857634545	90215362	516	170	8213	27	0	1	174	332	118	1776	6299	1	1	65
1667	1667	3	61018	1243	684038	4857695563	90216605	444	25	747	27	0	1	13	422	112	472	111	22	13	5
1668	1668	4	3103089	294737	20177906	4860798652	90511342	6617	2786	285307	27	0	1	2327	4280	1390	52815	231034	30	17	1362
1669	1669	5	2592173	212438	14740006	4863390825	90723780	5846	2326	204239	27	0	1	52	5785	1393	37182	165596	30	17	1132
1670	1670	6	1881653	45308	5228622	4865272478	90769088	4546	511	40224	27	0	1	91	4446	1393	7234	31530	30	17	249
1671	1671	7	2277679	133744	11740891	4867550157	90902832	5799	1513	126405	27	0	1	254	5535	1401	23844	101092	30	17	760
1672	1672	0	1984904	63782	7866807	4869535061	90966614	4828	749	58178	27	0	1	205	4613	1457	10917	44287	84	1412	374
1673	1673	1	1940957	82990	8004567	4871476018	91049604	4699	1309	76955	27	0	1	77	4613	1454	14918	60516	30	17	633
1674	1674	2	1910655	77435	8023607	4873386673	91127039	4597	1221	71590	27	0	1	107	4481	1449	13916	56127	45	33	593
1675	1675	3	1924413	79634	7318578	4875311086	91206673	4608	1214	73785	27	0	1	86	4513	1434	14543	57741	30	17	584
1676	1676	4	2255132	12363	3499054	4877566218	91219036	5559	81	6696	27	0	1	97	5453	221	1315	5139	1	1	26
1677	1677	5	2683672	50745	7184638	4880249890	91269781	1899	713	48106	27	0	1	262	1627	327	14868	32626	48	216	340
1678	1678	6	2035896	32961	5079712	4882285786	91302742	597	492	31845	27	0	1	46	542	344	5883	25596	1	1	229
1679	1679	7	2667648	92691	9174145	4884953434	91395433	1950	1061	89653	27	0	1	270	1670	350	21155	68125	1	1	509
1680	1680	0	2674125	148422	11701330	4887627559	91543855	2219	1191	144985	27	0	1	305	1904	338	29268	115093	48	216	610
1681	1681	1	2059047	23998	5189792	4889686606	91567853	729	423	22819	27	0	1	99	621	341	4726	17730	1	1	185
1682	1682	2	2165639	31792	6280600	4891852245	91599645	1446	890	29429	27	0	1	102	1335	344	6743	22320	1	1	440
1683	1683	3	1944223	17376	5141682	4893796468	91617021	179	155	17015	27	0	1	78	93	340	3575	13079	1	1	59
1684	1684	4	1875186	2703	3002665	4895671654	91619724	76	74	2526	27	0	1	67	1	343	521	1497	48	98	22
1685	1685	5	2768550	54738	7975067	4898440204	91674462	5595	4824	44292	27	0	1	4776	809	329	8441	34977	85	439	2418
1686	1686	6	2549554	109690	8780896	4900989758	91784152	1194	688	107781	27	0	1	72	1113	324	19525	87909	1	1	341
1687	1687	7	2731353	95836	11340642	4903721111	91879988	1760	1332	92717	27	0	1	1492	258	1129	60631	30934	1	1	697
1688	1688	0	3966191	254275	21944594	4907687302	92134263	10310	9127	234811	27	0	1	3531	6769	1502	52211	181075	1	1	4471
1689	1689	1	3451948	296260	21030155	4911139250	92430523	10012	9302	276919	27	0	1	122	9881	1507	75175	199961	48	206	4550
1690	1690	2	3182922	275578	20304527	4914322172	92706101	1947	1757	271847	27	0	1	213	1724	1536	78332	191956	1	1	896
1691	1691	3	2264884	69518	6244850	4916587056	92775619	1020	827	67644	27	0	1	57	954	1536	21556	44529	1	1	421
1692	1692	4	2474802	11091	5124181	4919061858	92786710	1140	82	9842	27	0	1	75	1056	1512	1463	6846	1	1	26
1693	1693	5	2233454	3587	3258665	4921295312	92790297	847	43	2670	27	0	1	39	799	1433	310	906	1	1	11
1694	1694	6	2689761	55019	11631211	4923985073	92845316	4586	3240	47166	27	0	1	108	4469	1448	13559	32137	1	1	1650
1695	1695	7	2267270	30453	6117190	4926252343	92875769	1138	853	28435	27	0	1	942	186	1034	23410	3969	1	1	438
1696	1696	0	2888579	10508	4558703	4929140922	92886277	1534	162	8785	27	0	1	53	1472	602	5030	3132	1	1	60
1697	1697	1	2609537	34609	6232890	4931750459	92920886	1393	381	32808	27	0	1	276	1107	712	17655	14419	1	1	168
1698	1698	2	2275003	7243	3692394	4934025462	92928129	1018	82	6116	27	0	1	57	952	686	1429	3980	1	1	24
1699	1699	3	2838162	127865	9749294	4936863624	93055994	1616	613	125609	27	0	1	478	1128	941	36001	88375	55	215	298
1700	1700	4	2265193	5174	3778953	4939128817	93061168	1019	67	4061	27	0	1	21	989	944	1041	2055	1	1	19
1701	1701	5	2274093	7641	3674294	4941402910	93068809	1100	116	6398	27	0	1	78	1013	944	1531	3902	1	1	39
1702	1702	6	2267712	5647	3578464	4943670622	93074456	1019	49	4552	27	0	1	21	989	908	910	2713	1	1	13
1703	1703	7	2352831	17928	6191540	4946023453	93092384	1387	358	16156	27	0	1	334	1043	615	3369	10799	49	1304	162
1704	1704	0	2351475	14633	6772678	4948374928	93107017	1391	385	12830	27	0	1	241	1140	647	2820	6489	120	2734	176
1705	1705	1	2289822	7735	3902794	4950664750	93114752	1271	226	6211	27	0	1	125	1137	562	1488	3643	40	458	90
1706	1706	2	2300100	7762	4379653	4952964850	93122514	1324	252	6159	27	0	1	161	1153	555	1631	3394	56	503	109
1707	1707	3	2268266	2510	3404634	4955233116	93125024	1066	61	1356	27	0	1	50	1007	213	334	788	1	1	17
1708	1708	4	2271867	2688	2950245	4957504983	93127712	36	31	2594	27	0	1	27	1	212	357	2004	1	1	7
1709	1709	5	2344489	14854	5650031	4959849472	93142566	1340	318	13169	27	0	1	301	1029	250	2205	7869	157	2667	136
1710	1710	6	2275297	2010	3190645	4962124769	93144576	39	34	1910	27	0	1	30	1	246	416	1227	1	1	8
1711	1711	7	2271887	16407	4338822	4964396656	93160983	70	67	16243	27	0	1	61	1	227	1117	14878	1	1	19
1712	1712	0	2540058	8963	4655862	4966936714	93169946	1253	102	7581	27	0	1	87	1157	185	1534	5841	1	1	33
1713	1713	1	1906076	2737	3078365	4968842790	93172683	119	34	2557	27	0	1	35	76	185	659	1692	1	1	8
1714	1714	2	1908987	1985	2260426	4970751777	93174668	79	43	1836	27	0	1	37	34	186	480	1149	1	1	11
1715	1715	3	1916860	1868	2663776	4972668637	93176536	78	34	1729	27	0	1	34	36	183	374	1151	1	1	8
1716	1716	4	2076906	9025	4033384	4974745543	93185561	682	124	8192	27	0	1	125	548	183	1920	6068	1	1	44
1717	1717	5	2049226	10382	3619524	4976794769	93195943	356	164	9835	27	0	1	153	193	158	1984	7672	1	1	66
1718	1718	6	1957509	15958	4331913	4978752278	93211901	327	240	15364	27	0	1	95	223	146	3529	11668	1	1	114
1719	1719	7	1876966	2110	3152845	4980629244	93214011	56	46	1981	27	0	1	21	27	127	654	1180	1	1	12
1720	1720	0	2119643	15336	4019674	4982748887	93229347	728	145	14436	27	0	1	136	582	130	3457	10828	1	1	54
1721	1721	1	1932164	1923	3279244	4984681051	93231270	205	106	1585	27	0	1	109	88	125	705	735	1	1	40
1722	1722	2	2036233	1866	3322945	4986717284	93233136	604	46	1189	27	0	1	48	547	123	275	771	1	1	12
1723	1723	3	2045517	3851	2878866	4988762801	93236987	666	101	3057	27	0	1	114	543	123	810	2104	1	1	37
1724	1724	4	1897118	1240	3044755	4990659919	93238227	158	34	1021	27	0	1	33	117	123	187	691	1	1	8
1725	1725	5	2976560	58754	6618609	4993636479	93296981	940	384	57403	27	0	1	134	796	180	11811	45304	83	5	164
1726	1726	6	2706706	12735	4485552	4996343185	93309716	1268	97	11343	27	0	1	60	1199	175	2075	9072	1	1	29
1727	1727	7	3342799	177545	16796503	4999685984	93487261	5253	4365	167900	27	0	1	1006	4237	1153	55277	111194	48	206	2100
1728	1728	0	2150757	37803	5670520	5001836741	93525064	67	40	37669	27	0	1	38	21	1155	991	29633	333	5535	10
1729	1729	1	1914488	11493	3839204	5003751229	93536557	301	252	10913	27	0	1	82	210	1175	1681	7619	73	345	103
1730	1730	2	1945507	11315	3113135	5005696736	93547872	189	140	10959	27	0	1	160	20	1208	2056	7674	1	1	60
1731	1731	3	1899381	3478	2695075	5007596117	93551350	72	50	3329	27	0	1	32	32	1202	501	1605	1	1	14
1732	1732	4	2142937	11027	3446895	5009739054	93562377	741	167	10092	27	0	1	154	577	1211	2455	6405	1	1	65
1733	1733	5	2173854	15112	3663434	5011912908	93577489	717	117	14251	27	0	1	31	677	1136	2720	10374	1	1	38
1734	1734	6	1929279	7505	3356185	5013842187	93584994	203	86	7189	27	0	1	51	143	1133	1311	4724	1	1	26
1735	1735	7	1936965	1616	2595586	5015779152	93586610	308	31	1250	27	0	1	29	270	168	290	771	1	1	7
1736	1736	0	3140734	165715	79759539	5018919886	93752325	11101	7294	147293	27	0	1	7599	3492	1293	142817	3161	1	1	3615
1737	1737	1	20986	3048	1206658	5018940872	93755373	360	106	2555	27	0	1	106	245	1283	443	808	1	1	36
1738	1738	2	1126418	31130	4226143	5020067290	93786503	4243	1075	25785	27	0	1	494	3739	1282	7879	16602	1	1	516
1739	1739	3	1492487	95322	8949885	5021559777	93881825	5998	3282	86015	27	0	1	1124	4864	1515	24593	59884	1	1	1569
1740	1740	4	1401363	76342	8190066	5022961140	93958167	5506	2630	68179	27	0	1	390	5106	1592	19737	46827	1	1	1260
1741	1741	5	1048171	34638	3681014	5024009311	93992805	3594	1040	29977	27	0	1	174	3410	1584	9391	18980	1	1	489
1742	1742	6	950021	9288	2787505	5024959332	94002093	2711	271	6279	27	0	1	58	2644	1586	1713	2959	1	1	113
1743	1743	7	1077843	36447	4091473	5026037175	94038540	3646	1053	31721	27	0	1	180	3456	1597	10001	20101	1	1	491
1744	1744	0	1056209	19350	2645266	5027093384	94057890	3453	444	15426	27	0	1	52	3392	478	7059	7868	1	1	200
1745	1745	1	974645	14985	2265846	5028068029	94072875	2819	402	11737	27	0	1	52	2758	469	3427	7820	1	1	165
1746	1746	2	1393606	24729	3691524	5029461635	94097604	4744	517	19441	27	0	1	340	4394	500	4076	14844	1	1	234
1747	1747	3	1400884	25133	3006725	5030862519	94122737	4879	529	19698	27	0	1	382	4487	351	4031	15295	1	1	242
1748	1748	4	714550	1157	1276078	5031577069	94123894	139	34	957	27	0	1	37	94	268	157	511	1	1	8
1749	1749	5	1044296	6899	2256166	5032621365	94130793	3155	192	3525	27	0	1	170	2975	273	969	2262	1	1	77
1750	1750	6	762124	4007	1600778	5033383489	94134800	2039	88	1853	27	0	1	81	1949	273	404	1155	1	1	26
1751	1751	7	798532	4481	1445418	5034182021	94139281	2332	108	2014	27	0	1	107	2216	253	621	1119	1	1	35
1752	1752	0	1032323	4473	1683347	5035214344	94143754	3111	104	1231	27	0	1	67	3035	255	340	615	1	1	34
1753	1753	1	16300	373	480630	5035230644	94144127	25	22	299	27	0	1	16	1	252	27	1	1	1	4
1754	1754	2	1295737	34272	4309793	5036526381	94178399	5756	1107	27382	27	0	1	335	5411	202	7988	19170	1	1	522
1755	1755	3	1113679	6199	2082947	5037640060	94184598	3710	97	2365	27	0	1	100	3601	141	422	1781	1	1	29
1756	1756	4	19591	986	509779	5037659651	94185584	48	43	868	27	0	1	39	1	151	223	473	1	1	11
1757	1757	5	1060807	9145	2995305	5038720458	94194729	3197	145	5776	27	0	1	156	3031	143	1197	4415	1	1	56
1758	1758	6	1262794	16331	3207125	5039983252	94211060	3758	290	12256	27	0	1	108	3641	150	5630	6455	1	1	112
1759	1759	7	18847	867	593029	5040002099	94211927	86	43	711	27	0	1	42	36	162	161	367	1	1	11
1760	1760	0	1385857	28395	4436333	5041387956	94240322	4792	664	22912	27	0	1	162	4620	185	5563	17142	1	1	318
1761	1761	1	1147355	46976	5328351	5042535311	94287298	4230	1562	41157	27	0	1	245	3975	199	12628	28308	1	1	755
1762	1762	2	1028746	4848	2054597	5043564057	94292146	3420	93	1308	27	0	1	136	3274	201	439	647	1	1	30
1763	1763	3	1034204	4361	1554958	5044598261	94296507	3339	96	899	27	0	1	114	3216	207	423	248	1	1	29
1764	1764	4	16456	362	495879	5044614717	94296869	34	31	270	27	0	1	25	1	203	47	1	1	1	7
1765	1765	5	1401483	48605	5021792	5046016200	94345474	4879	1412	42287	27	0	1	180	4689	215	10506	31544	1	1	668
1766	1766	6	1151278	19769	2932005	5047167478	94365243	3975	502	15265	27	0	1	338	3627	241	3563	11440	1	1	236
1767	1767	7	1183979	22671	3053615	5048351457	94387914	4165	513	17966	27	0	1	238	3917	281	3762	13902	1	1	241
1768	1768	0	1076991	6621	2015857	5049428448	94394535	3491	97	3006	27	0	1	90	3392	263	599	2123	1	1	30
1769	1769	1	1287338	22833	3253584	5050715786	94417368	4060	724	18022	27	0	1	119	3932	253	4901	12847	1	1	321
1770	1770	2	1052867	8327	2616446	5051768653	94425695	3453	186	4661	27	0	1	69	3375	248	1244	3148	1	1	72
1771	1771	3	1254798	13107	3107905	5053023451	94438802	4890	192	7998	27	0	1	164	4716	242	1813	5922	1	1	76
1772	1772	4	1346883	16516	3308524	5054370334	94455318	4279	404	11806	27	0	1	175	4094	237	2961	8587	1	1	172
1773	1773	5	16308	333	553319	5054386642	94455651	25	22	259	27	0	1	16	1	212	27	1	1	1	4
1774	1774	6	1434581	28299	4413893	5055821223	94483950	4724	462	23086	27	0	1	311	4403	195	4985	17884	1	1	217
1775	1775	7	1216824	11847	3209355	5057038047	94495797	4340	201	7279	27	0	1	150	4180	147	1631	5480	1	1	75
1776	1776	0	1356428	15078	3069605	5058394475	94510875	4511	151	10389	27	0	1	136	4365	147	1954	8267	1	1	54
1777	1777	1	1127912	13527	2272356	5059522387	94524402	3334	169	9997	27	0	1	112	3213	150	1465	8361	1	1	60
1778	1778	2	1133559	13572	2748286	5060655946	94537974	3684	187	9674	27	0	1	91	3584	154	2307	7192	1	1	66
1779	1779	3	16303	257	482529	5060672249	94538231	25	22	183	27	0	1	16	1	136	27	1	1	1	4
1780	1780	4	1040070	4572	1849057	5061712319	94542803	3134	46	1365	27	0	1	40	3085	132	195	1017	1	1	12
1781	1781	5	1880298	47257	5423441	5063592617	94590060	7170	1325	38735	27	0	1	257	6903	156	10259	28298	1	1	614
1782	1782	6	16332	267	552869	5063608949	94590327	25	22	193	27	0	1	16	1	146	27	1	1	1	4
1783	1783	7	1221894	28335	3808744	5064830843	94618662	4880	974	22454	27	0	1	124	4747	147	6344	15942	1	1	454
1784	1784	0	1492464	36331	4700672	5066323307	94654993	4898	457	30949	27	0	1	165	4723	161	6540	24226	1	1	200
1785	1785	1	1487981	41449	5291491	5067811288	94696442	4577	167	36678	27	0	1	95	4473	172	2961	33441	44	40	59
1786	1786	2	1383774	10516	2554286	5069195062	94706958	4528	175	5786	27	0	1	107	4412	170	1357	4238	1	1	69
1787	1787	3	19963	1140	637009	5069215025	94708098	86	46	981	27	0	1	42	36	182	266	512	1	1	12
1788	1788	4	713123	3882	1591737	5069928148	94711980	2285	40	1530	27	0	1	37	2239	192	354	806	42	117	10
1789	1789	5	1036773	5295	2406096	5070964921	94717275	3282	55	1931	27	0	1	61	3212	178	401	1331	1	1	15
1790	1790	6	1502762	53625	4988892	5072467683	94770900	4098	252	49248	27	0	1	150	3938	191	2394	42062	38	4542	99
1791	1791	7	788082	8801	2250137	5073255765	94779701	1897	247	6630	27	0	1	219	1668	203	1688	4718	1	1	104
1792	1792	0	16308	310	513549	5073272073	94780011	25	22	236	27	0	1	16	1	189	27	1	1	1	4
1793	1793	1	1598150	17381	4064973	5074870223	94797392	4985	431	11938	27	0	1	381	4594	180	3509	8228	1	1	180
1794	1794	2	1428531	14150	3318755	5076298754	94811542	4802	320	9001	27	0	1	212	4580	212	2120	6580	65	5	129
1795	1795	3	1407007	11283	2137316	5077705761	94822825	5376	185	5695	27	0	1	209	5157	223	1281	4102	65	5	75
1796	1796	4	1444639	30400	4064693	5079150400	94853225	5464	776	24133	27	0	1	252	5202	247	6192	17604	65	5	353
1797	1797	5	1207553	11909	2755756	5080357953	94865134	4949	341	6592	27	0	1	128	4811	249	1928	4394	1	1	142
1798	1798	6	1434328	18292	3625884	5081792281	94883426	5613	504	12148	27	0	1	194	5409	264	2971	8824	65	5	227
1799	1799	7	1432470	24572	4396433	5083224751	94907998	5412	649	18484	27	0	1	170	5232	243	4446	13664	81	31	288
1800	1800	0	1214135	13025	3231195	5084438886	94921023	4952	329	7717	27	0	1	110	4833	235	1951	5510	1	1	137
1801	1801	1	1392193	19311	3527334	5085831079	94940334	4893	767	13624	27	0	1	88	4796	221	4385	8997	1	1	353
1802	1802	2	1456959	18233	3480345	5087288038	94958567	5551	334	12321	27	0	1	286	5255	190	2640	9470	1	1	147
1803	1803	3	1031207	4412	2390356	5088319245	94962979	3293	82	1010	27	0	1	51	3233	173	290	526	1	1	25
1804	1804	4	1287334	7174	2682835	5089606579	94970153	4003	191	2953	27	0	1	45	3949	127	1021	1785	1	1	70
1805	1805	5	1011056	1282	2021597	5090617635	94971435	815	46	394	27	0	1	45	761	125	134	116	1	1	12
1806	1806	6	16266	214	489719	5090633901	94971649	22	19	146	27	0	1	13	1	100	27	1	1	1	3
1807	1807	7	717348	4737	1716597	5091351249	94976386	2618	82	2010	27	0	1	103	2506	106	497	1387	1	1	28
1808	1808	0	722626	3899	1488588	5092073875	94980285	2752	73	1047	27	0	1	47	2696	113	349	565	1	1	21
1809	1809	1	675273	1680	1335078	5092749148	94981965	1435	31	187	27	0	1	22	1404	115	53	1	1	1	7
1810	1810	2	16304	234	396549	5092765452	94982199	25	22	160	27	0	1	16	1	114	27	1	1	1	4
1811	1811	3	16300	231	339459	5092781752	94982430	25	22	157	27	0	1	16	1	111	27	1	1	1	4
1812	1812	4	16300	227	431400	5092798052	94982657	25	22	153	27	0	1	16	1	107	27	1	1	1	4
1813	1813	5	16308	230	373539	5092814360	94982887	25	22	156	27	0	1	16	1	110	27	1	1	1	4
1814	1814	6	16304	231	316870	5092830664	94983118	25	22	157	27	0	1	16	1	111	27	1	1	1	4
1815	1815	7	16308	224	286860	5092846972	94983342	25	22	150	27	0	1	16	1	104	27	1	1	1	4
1816	1816	0	1259408	8562	2721375	5094106380	94991904	4117	194	4224	27	0	1	199	3908	122	1859	2223	1	1	72
1817	1817	1	723232	5708	1358067	5094829612	94997612	2364	79	3238	27	0	1	92	2263	141	663	2413	1	1	26
1818	1818	2	16299	270	247080	5094845911	94997882	22	19	202	27	0	1	13	1	155	27	1	1	1	3
1819	1819	3	954331	3701	1508908	5095800242	95001583	2509	55	1110	27	0	1	46	2454	164	267	658	1	1	15
1820	1820	4	788114	7803	1426287	5096588356	95009386	2131	73	5572	27	0	1	100	2022	169	1049	4333	1	1	21
1821	1821	5	768950	4508	1505928	5097357306	95013894	2133	132	2216	27	0	1	135	1988	170	597	1428	1	1	53
1822	1822	6	1145552	24283	2955446	5098502858	95038177	3549	216	20491	27	0	1	254	3285	178	3364	16887	16	26	86
1823	1823	7	1085944	15446	2380616	5099588802	95053623	3464	290	11665	27	0	1	115	3340	174	2903	8567	1	1	118
1824	1824	0	1110141	15971	2861465	5100698943	95069594	3211	178	12555	27	0	1	142	3059	163	1683	10403	73	213	69
1825	1825	1	837092	9030	1900627	5101536035	95078624	2798	258	5947	27	0	1	113	2676	174	1387	4365	1	1	99
1826	1826	2	1070852	11154	2216386	5102606887	95089778	3246	271	7610	27	0	1	95	3142	162	2041	5386	1	1	101
1827	1827	3	1215814	7361	2013957	5103822701	95097139	4889	91	2354	27	0	1	121	4759	159	660	1514	1	1	30
1828	1828	4	1414911	22068	3803914	5105237612	95119207	1456	200	20385	27	0	1	125	1322	162	3072	16475	93	562	80
1829	1829	5	1244887	17870	2611575	5106482499	95137077	4540	325	12978	27	0	1	268	4262	185	3061	9711	1	1	138
1830	1830	6	1195144	11419	2116427	5107677643	95148496	4539	254	6599	27	0	1	135	4394	186	1972	4420	1	1	103
1831	1831	7	1064649	4458	1855897	5108742292	95152954	3313	72	1046	27	0	1	70	3234	193	323	509	1	1	22
1832	1832	0	1536162	69200	7097218	5110278454	95222154	3306	151	65716	27	0	1	129	3167	192	2567	60445	167	2323	50
1833	1833	1	1088854	11122	2472886	5111367308	95233276	3340	166	7589	27	0	1	93	3238	173	1728	5667	1	1	58
1834	1834	2	1053621	7461	2201637	5112420929	95240737	3214	99	4121	27	0	1	52	3153	176	1048	2876	1	1	32
1835	1835	3	1048012	6288	2108896	5113468941	95247025	3134	79	3048	27	0	1	50	3075	180	957	1890	1	1	23
1836	1836	4	747607	5104	1661457	5114216548	95252129	2690	61	2326	27	0	1	73	2608	172	527	1606	1	1	17
1837	1837	5	1141693	5199	1477488	5115358241	95257328	2921	130	2121	27	0	1	110	2802	159	679	1262	1	1	45
1838	1838	6	774771	5078	1625737	5116133012	95262406	2057	100	2894	27	0	1	64	1984	145	762	1966	1	1	30
1839	1839	7	16308	259	276640	5116149320	95262665	25	22	185	27	0	1	16	1	138	27	1	1	1	4
1840	1840	0	16308	243	297619	5116165628	95262908	25	22	169	27	0	1	16	1	123	27	1	1	1	4
1841	1841	1	16308	240	418210	5116181936	95263148	25	22	166	27	0	1	16	1	120	27	1	1	1	4
1842	1842	2	16304	233	427139	5116198240	95263381	25	22	159	27	0	1	16	1	113	27	1	1	1	4
1843	1843	3	16308	229	276900	5116214548	95263610	25	22	155	27	0	1	16	1	109	27	1	1	1	4
1844	1844	4	16304	225	281669	5116230852	95263835	25	22	151	27	0	1	16	1	105	27	1	1	1	4
1845	1845	5	16308	214	260689	5116247160	95264049	25	22	140	27	0	1	16	1	94	27	1	1	1	4
1846	1846	6	16308	216	293590	5116263468	95264265	25	22	142	27	0	1	16	1	96	27	1	1	1	4
1847	1847	7	16308	213	254610	5116279776	95264478	25	22	139	27	0	1	16	1	93	27	1	1	1	4
1848	1848	0	16300	216	384849	5116296076	95264694	25	22	142	27	0	1	16	1	96	27	1	1	1	4
1849	1849	1	16304	215	325660	5116312380	95264909	25	22	141	27	0	1	16	1	95	27	1	1	1	4
1850	1850	2	16308	213	255800	5116328688	95265122	25	22	139	27	0	1	16	1	93	27	1	1	1	4
1851	1851	3	16308	220	245810	5116344996	95265342	25	22	146	27	0	1	16	1	100	27	1	1	1	4
1852	1852	4	16292	220	260979	5116361288	95265562	25	22	146	27	0	1	16	1	100	27	1	1	1	4
1853	1853	5	16308	223	245230	5116377596	95265785	25	22	149	27	0	1	16	1	103	27	1	1	1	4
1854	1854	6	16308	223	241719	5116393904	95266008	25	22	149	27	0	1	16	1	103	27	1	1	1	4
1855	1855	7	16308	219	233130	5116410212	95266227	25	22	145	27	0	1	16	1	99	27	1	1	1	4
1856	1856	0	16454	269	304509	5116426666	95266496	34	31	177	27	0	1	25	1	111	47	1	1	1	7
1857	1857	1	973666	3214	1453357	5117400332	95269710	2679	82	426	27	0	1	58	2612	137	220	49	1	1	24
1858	1858	2	16308	259	258710	5117416640	95269969	25	22	185	27	0	1	16	1	138	27	1	1	1	4
1859	1859	3	16308	257	271509	5117432948	95270226	25	22	183	27	0	1	16	1	136	27	1	1	1	4
1860	1860	4	16304	258	377669	5117449252	95270484	25	22	184	27	0	1	16	1	137	27	1	1	1	4
1861	1861	5	16304	259	350160	5117465556	95270743	25	22	185	27	0	1	16	1	138	27	1	1	1	4
1862	1862	6	777984	4003	1457517	5118243540	95274746	2182	119	1675	27	0	1	85	2088	157	533	964	1	1	45
1863	1863	7	783457	7445	1665897	5119026997	95282191	2060	128	5230	27	0	1	121	1930	155	979	4075	1	1	49
1864	1864	0	16296	266	282709	5119043293	95282457	25	22	192	27	0	1	16	1	145	27	1	1	1	4
1865	1865	1	1263613	11024	2360676	5120306906	95293481	3579	158	7260	27	0	1	172	3397	115	1679	5446	1	1	57
1866	1866	2	766094	3947	993769	5121073000	95297428	2019	100	1801	27	0	1	67	1943	117	544	1120	1	1	30
1867	1867	3	782095	5653	1364348	5121855095	95303081	2348	133	3145	27	0	1	150	2188	117	949	2059	1	1	55
1868	1868	4	762765	3849	1738447	5122617860	95306930	2178	70	1574	27	0	1	62	2107	127	462	965	1	1	20
1869	1869	5	852865	8094	2025046	5123470725	95315024	2640	103	5324	27	0	1	96	2535	124	1240	3940	1	1	31
1870	1870	6	1040915	5111	1742267	5124511640	95320135	3377	49	1658	27	0	1	37	3331	107	338	1193	1	1	13
1871	1871	7	16296	224	322009	5124527936	95320359	25	22	150	27	0	1	16	1	104	27	1	1	1	4
1872	1872	0	1139858	4579	1980407	5125667794	95324938	2828	125	1599	27	0	1	69	2750	123	483	973	1	1	43
1873	1873	1	1064712	6687	2769535	5126732506	95331625	3469	113	3078	27	0	1	114	3346	128	929	1586	62	353	43
1874	1874	2	1076553	8983	2401296	5127809059	95340608	3416	82	5458	27	0	1	87	3320	122	1348	3968	1	1	24
1875	1875	3	769830	3913	1425348	5128578889	95344521	1554	79	2253	27	0	1	67	1478	126	563	1544	1	1	23
1876	1876	4	1094081	5172	1973827	5129672970	95349693	3127	136	1882	27	0	1	144	2973	129	528	1204	1	1	47
1877	1877	5	1138251	9481	2114017	5130811221	95359174	4098	317	5039	27	0	1	186	3902	151	1541	3326	1	1	134
1878	1878	6	1804202	10193	2956165	5132615423	95369367	2756	187	7223	27	0	1	175	2571	154	1451	5597	1	1	73
1879	1879	7	1838882	22607	3254065	5134454305	95391974	4811	188	17581	27	0	1	238	4563	159	2940	14461	1	1	78
1880	1880	0	1188815	19679	3055595	5135643120	95411653	3844	198	15610	27	0	1	184	3650	141	3461	11987	1	1	77
1881	1881	1	699640	2398	1651007	5136342760	95414051	1808	49	514	27	0	1	59	1740	141	192	160	1	1	13
1882	1882	2	20413	663	434660	5136363173	95414714	289	28	319	27	0	1	28	252	144	69	87	1	1	6
1883	1883	3	822079	14481	2754645	5137185252	95429195	2126	171	12157	27	0	1	178	1938	144	2334	9658	1	1	71
1884	1884	4	1137818	5579	1748657	5138323070	95434774	3046	120	2386	27	0	1	94	2943	133	1298	934	1	1	37
1885	1885	5	1273938	17887	2928865	5139597008	95452661	3502	154	14204	27	0	1	157	3335	117	2714	11353	1	1	57
1886	1886	6	1743699	11628	2839615	5141340707	95464289	4941	175	6485	27	0	1	110	4822	115	2039	4311	1	1	61
1887	1887	7	23641	980	497209	5141364348	95465269	171	40	742	27	0	1	39	124	120	183	419	1	1	10
1888	1888	0	18727	502	379919	5141383075	95465771	90	28	357	27	0	1	28	54	117	83	138	1	1	6
1889	1889	1	1212046	14037	3017705	5142595121	95479808	4786	279	8945	27	0	1	110	4667	121	2070	6734	1	1	106
1890	1890	2	1194595	17315	2850385	5143789716	95497123	4092	332	12864	27	0	1	289	3793	136	3024	9683	1	1	138
1891	1891	3	1494287	14287	3102605	5145284003	95511410	5396	210	8654	27	0	1	193	5193	131	2098	6404	1	1	82
1892	1892	4	1168222	10957	2339456	5146452225	95522367	3546	102	7282	27	0	1	89	3448	132	1499	5630	1	1	32
1893	1893	5	1200152	3051	2240647	5147652377	95525418	856	79	2089	27	0	1	102	745	135	511	1422	1	1	23
1894	1894	6	1122425	4911	2141546	5148774802	95530329	4021	83	780	27	0	1	115	3897	136	447	176	1	1	25
1895	1895	7	16316	259	333210	5148791118	95530588	25	22	185	27	0	1	16	1	138	27	1	1	1	4
1896	1896	0	1285554	16343	3146254	5150076672	95546931	4035	181	12100	27	0	1	183	3842	134	2835	9110	1	1	72
1897	1897	1	748551	1085	1358398	5150825223	95548016	283	37	738	27	0	1	31	243	129	162	426	1	1	9
1898	1898	2	1145485	10268	2626096	5151970708	95558284	4335	225	5681	27	0	1	52	4274	121	1623	3917	1	1	85
1899	1899	3	1391923	8239	2471626	5153362631	95566523	4861	140	3211	27	0	1	175	4676	124	1135	1932	1	1	45
1900	1900	4	1343471	18421	3084875	5154706102	95584944	4282	385	13727	27	0	1	121	4152	126	3327	10254	1	1	152
1901	1901	5	755317	2678	1321818	5155461419	95587622	2081	43	527	27	0	1	32	2040	130	129	247	1	1	11
1902	1902	6	1432592	20614	3529815	5156894011	95608236	4149	260	16178	27	0	1	166	3973	135	3169	12853	1	1	108
1903	1903	7	1477918	35887	3863273	5158371929	95644123	4058	214	31588	27	0	1	228	3820	163	4099	27304	1	1	87
1904	1904	0	1024928	3959	1529457	5159396857	95648082	3099	73	760	27	0	1	72	3018	173	201	365	1	1	21
1905	1905	1	1140278	15298	2803025	5160537135	95663380	3757	212	11302	27	0	1	187	3560	172	2618	8491	1	1	88
1906	1906	2	772284	4810	1668247	5161309419	95668190	2149	55	2579	27	0	1	62	2078	167	473	1918	1	1	15
1907	1907	3	1145098	5432	1974606	5162454517	95673622	3719	52	1634	27	0	1	72	3638	165	289	1159	1	1	14
1908	1908	4	1045523	3091	2001697	5163500040	95676713	849	40	2175	27	0	1	46	794	165	265	1724	1	1	10
1909	1909	5	1115987	3151	2035636	5164616027	95679864	1492	87	1545	27	0	1	74	1409	158	444	922	1	1	26
1910	1910	6	1137105	6871	2271947	5165753132	95686735	3507	64	3273	27	0	1	98	3400	150	649	2453	1	1	18
1911	1911	7	1125364	4904	1945767	5166878496	95691639	3695	61	1121	27	0	1	57	3629	123	312	666	1	1	17
1912	1912	0	16300	231	437659	5166894796	95691870	25	22	157	27	0	1	16	1	111	27	1	1	1	4
1913	1913	1	762446	2655	1381437	5167657242	95694525	1939	40	649	27	0	1	35	1895	112	146	371	1	1	10
1914	1914	2	1248788	13294	2734855	5168906030	95707819	904	193	12170	27	0	1	154	740	105	2959	9086	1	1	78
1915	1915	3	1152261	8066	2450376	5170058291	95715885	4486	170	3383	27	0	1	109	4368	111	1363	1889	1	1	65
1916	1916	4	16308	230	428749	5170074599	95716115	25	22	156	27	0	1	16	1	110	27	1	1	1	4
1917	1917	5	1059260	7080	2414746	5171133859	95723195	3694	156	3203	27	0	1	136	3548	110	1053	2020	1	1	58
1918	1918	6	760006	2572	1541348	5171893865	95725767	1922	40	583	27	0	1	41	1872	114	123	327	1	1	10
1919	1919	7	851205	9690	2357496	5172745070	95735457	2271	96	7296	27	0	1	106	2156	113	1752	5411	1	1	31
1920	1920	0	1195040	10555	2345126	5173940110	95746012	4551	193	5784	27	0	1	84	4458	124	1690	3950	1	1	74
1921	1921	1	818824	8350	1815017	5174758934	95754362	1967	49	6307	27	0	1	58	1900	121	1671	4495	1	1	13
1922	1922	2	781828	2908	1683207	5175540762	95757270	2042	94	745	27	0	1	69	1964	123	318	284	1	1	28
1923	1923	3	1165586	17790	3211555	5176706348	95775060	3662	180	13921	27	0	1	243	3409	120	3409	10372	1	1	70
1924	1924	4	74270	2566	835908	5176780618	95777626	400	40	2099	27	0	1	42	349	123	359	1566	16	17	10
1925	1925	5	1041941	5044	1957536	5177822559	95782670	2415	67	2535	27	0	1	75	2331	118	458	1872	32	37	19
1926	1926	6	1075978	5841	2181497	5178898537	95788511	3528	115	2171	27	0	1	52	3467	117	621	1413	1	1	35
1927	1927	7	784285	7476	1923987	5179682822	95795987	2414	304	4731	27	0	1	269	2135	117	1406	3188	1	1	127
1928	1928	0	808127	11894	2176217	5180490949	95807881	2260	242	9365	27	0	1	221	2029	122	2169	7054	1	1	106
1929	1929	1	788465	7637	1682247	5181279414	95815518	2063	97	5450	27	0	1	97	1957	126	1198	4106	1	1	33
1930	1930	2	788346	8152	1907847	5182067760	95823670	230	182	7713	27	0	1	129	92	121	2111	5461	1	1	77
1931	1931	3	794114	6436	1723777	5182861874	95830106	2237	143	4029	27	0	1	105	2123	123	1139	2747	1	1	54
1932	1932	4	16296	240	407150	5182878170	95830346	25	22	166	27	0	1	16	1	120	27	1	1	1	4
1933	1933	5	23141	2246	487839	5182901311	95832592	25	22	2172	27	0	1	16	1	119	107	1927	1	1	4
1934	1934	6	774360	5526	1907188	5183675671	95838118	2136	67	3296	27	0	1	44	2083	121	736	2419	1	1	19
1935	1935	7	778548	4328	1903476	5184454219	95842446	2031	73	2197	27	0	1	72	1950	124	588	1465	1	1	21
1936	1936	0	775518	4574	1661177	5185229737	95847020	2070	80	2397	27	0	1	78	1983	116	840	1421	1	1	24
1937	1937	1	16296	234	379590	5185246033	95847254	25	22	160	27	0	1	16	1	114	27	1	1	1	4
1938	1938	2	1084887	5940	2148247	5186330920	95853194	3099	74	2740	27	0	1	99	2991	128	588	2003	1	1	22
1939	1939	3	1035957	3789	1937806	5187366877	95856983	2379	93	1290	27	0	1	89	2281	132	328	809	1	1	28
1940	1940	4	1375856	17423	3095665	5188742733	95874406	4196	431	12769	27	0	1	230	3956	154	2960	9634	1	1	182
1941	1941	5	1406731	16780	3063655	5190149464	95891186	4800	367	11586	27	0	1	138	4652	160	3077	8328	1	1	153
1942	1942	6	4070164	12819	5453141	5194219628	95904005	9448	121	3223	27	0	1	137	9301	212	666	2324	1	1	45
1943	1943	7	4024748	10338	5115032	5198244376	95914343	9241	79	991	27	0	1	62	9170	219	200	551	1	1	23
1944	1944	0	4135900	1621	5009631	5202380276	95915964	502	73	1019	27	0	1	96	397	211	253	534	1	1	22
1945	1945	1	4019925	604	4844641	5206400201	95916568	69	55	453	27	0	1	60	1	209	128	96	1	1	15
1946	1946	2	4291500	13511	5372191	5210691701	95930079	10039	158	3287	27	0	1	127	9903	223	814	2229	1	1	59
1947	1947	3	4312695	8033	5398401	5215004396	95938112	1116	381	6509	27	0	1	163	943	297	1860	4331	1	1	161
1948	1948	4	4273943	13395	5446201	5219278339	95951507	9956	233	3179	27	0	1	86	9861	264	1132	1762	1	1	87
1949	1949	5	4168576	13474	5263571	5223446915	95964981	9662	221	3564	27	0	1	153	9499	331	936	2276	1	1	85
1950	1950	6	4021537	1109	4282453	5227468452	95966090	100	88	894	27	0	1	91	1	298	254	321	1	1	27
1951	1951	7	4237121	2853	5039542	5231705573	95968943	856	177	1793	27	0	1	103	744	300	683	789	1	1	62
1952	1952	0	4101909	1581	4932491	5235807482	95970524	333	61	1160	27	0	1	72	252	300	248	591	1	1	17
1953	1953	1	4089527	1281	5134562	5239897009	95971805	302	73	879	27	0	1	87	206	293	231	334	1	1	22
1954	1954	2	4024808	1616	4922092	5243921817	95973421	187	87	1315	27	0	1	104	75	285	368	641	1	1	31
1955	1955	3	4062810	637	5305741	5247984627	95974058	188	61	361	27	0	1	71	109	214	127	1	1	1	17
1956	1956	4	4031700	2803	5327091	5252016327	95976861	158	92	2526	27	0	1	98	52	228	562	1715	1	1	33
1957	1957	5	4104018	11998	5435551	5256120345	95988859	461	213	11297	27	0	1	191	260	181	2229	8866	1	1	86
1958	1958	6	4060330	2498	5286402	5260180675	95991357	169	88	2214	27	0	1	109	52	189	430	1574	1	1	31
1959	1959	7	4063174	1952	5585991	5264243849	95993309	321	94	1510	27	0	1	107	205	197	339	953	1	1	31
1960	1960	0	4021522	1042	5140742	5268265371	95994351	66	52	897	27	0	1	57	1	200	178	498	1	1	14
1961	1961	1	4105461	1076	5083702	5272370832	95995427	370	55	624	27	0	1	63	298	218	125	261	1	1	15
1962	1962	2	4278377	5496	5954310	5276649209	96000923	1158	171	4140	27	0	1	154	994	245	782	3092	1	1	68
1963	1963	3	4560568	9944	6463589	5281209777	96010867	2014	267	7636	27	0	1	191	1813	252	1859	5504	1	1	102
1964	1964	4	4567770	17071	5543041	5285777547	96027938	1646	309	15089	27	0	1	101	1536	248	2532	12288	1	1	125
1965	1965	5	4657748	12611	6119180	5290435295	96040549	2067	280	10237	27	0	1	172	1885	228	2130	7858	1	1	106
1966	1966	6	4187566	5359	5094602	5294622861	96045908	847	262	4223	27	0	1	135	702	250	919	3033	1	1	98
1967	1967	7	4188094	1950	5456571	5298810955	96047858	802	70	1051	27	0	1	92	701	236	256	538	1	1	20
1968	1968	0	4223611	2750	4433902	5303034566	96050608	819	106	1798	27	0	1	130	679	253	459	1065	1	1	36
1969	1969	1	4744536	9801	6091150	5307779102	96060409	2779	337	6658	27	0	1	236	2533	242	1550	4845	1	1	140
1970	1970	2	4987338	36532	11956581	5312766440	96096941	3243	552	32710	27	0	1	363	2870	262	6153	26273	1	1	243
1971	1971	3	4522144	7624	5287411	5317288584	96104565	2016	273	5308	27	0	1	225	1781	285	1152	3850	1	1	110
1972	1972	4	4049559	1119	8376286	5321338143	96105684	352	79	661	27	0	1	63	280	288	205	147	1	1	23
1973	1973	5	4541769	9652	4966742	5325879912	96115336	1978	250	7397	27	0	1	212	1756	277	1549	5550	1	1	94
1974	1974	6	4593745	22032	7555697	5330473657	96137368	2078	473	19454	27	0	1	158	1910	257	4304	14872	1	1	203
1975	1975	7	4443825	19178	6628709	5334917482	96156546	1640	489	17022	27	0	1	319	1311	320	4176	12505	1	1	224
1976	1976	0	4418777	7865	5869750	5339336259	96164411	1345	290	6203	27	0	1	230	1105	352	1343	4487	1	1	114
1977	1977	1	4431938	17635	6136780	5343768197	96182046	1611	393	15604	27	0	1	145	1456	363	3906	11314	1	1	173
1978	1978	2	4396917	4574	3807334	5348165114	96186620	717	184	3646	27	0	1	141	566	307	773	2545	1	1	68
1979	1979	3	4290788	2649	5187722	5352455902	96189269	1034	70	1518	27	0	1	81	944	294	271	932	1	1	20
1980	1980	4	4170284	2247	5182841	5356626186	96191516	680	113	1427	27	0	1	81	590	297	305	804	1	1	39
1981	1981	5	4320824	4031	3577265	5360947010	96195547	1376	115	2513	27	0	1	113	1254	307	452	1733	1	1	37
1982	1982	6	4163307	3068	4949722	5365110317	96198615	631	125	2285	27	0	1	91	531	284	552	1428	1	1	45
1983	1983	7	4177387	3457	4830312	5369287704	96202072	722	139	2569	27	0	1	123	590	227	511	1810	1	1	55
1984	1984	0	4449160	5472	5726011	5373736864	96207544	1746	119	3580	27	0	1	135	1601	218	699	2642	1	1	40
1985	1985	1	4573409	12334	4834442	5378310273	96219878	2176	367	9764	27	0	1	132	2034	217	2268	7258	1	1	156
1986	1986	2	4233133	493	4422303	5382543406	96220371	163	28	275	27	0	1	30	125	199	56	1	1	1	6
1987	1987	3	4172702	10060	5370931	5386716108	96230431	614	293	9126	27	0	1	124	481	211	2037	6857	1	1	118
1988	1988	4	4170406	2345	5047302	5390886514	96232776	638	102	1578	27	0	1	94	535	207	328	1022	1	1	37
1989	1989	5	4369948	11223	6246169	5395256462	96243999	1238	312	9646	27	0	1	223	1005	254	1601	7770	1	1	120
1990	1990	6	4384842	13390	5987260	5399641304	96257389	1515	443	11405	27	0	1	204	1301	301	2383	8700	1	1	186
1991	1991	7	4472861	6253	5723531	5404114165	96263642	778	170	5278	27	0	1	139	629	295	1117	3845	1	1	59
1992	1992	0	4409467	17589	6370429	5408523632	96281231	705	313	16544	27	0	1	176	519	303	2906	13314	1	1	128
1993	1993	1	4567572	21494	5719331	5413091204	96302725	1926	413	19128	27	0	1	170	1746	308	3877	14922	1	1	168
1994	1994	2	4367899	10797	5992540	5417459103	96313522	1206	300	9264	27	0	1	132	1064	291	1765	7187	1	1	118
1995	1995	3	4209676	2983	5196672	5421668779	96316505	834	102	2020	27	0	1	73	752	281	350	1368	1	1	32
1996	1996	4	4356072	5974	5331892	5426024851	96322479	1138	243	4566	27	0	1	93	1036	262	1017	3266	1	1	98
1997	1997	5	4671672	32130	6896069	5430696523	96354609	2143	642	29318	27	0	1	316	1817	242	5173	23881	1	1	285
1998	1998	6	4677272	32182	7274188	5435373795	96386791	2347	702	29106	27	0	1	371	1966	341	5730	23013	1	1	321
1999	1999	7	4492274	12795	6159700	5439866069	96399586	1348	203	11217	27	0	1	165	1173	362	1816	9018	1	1	78
2000	2000	0	4347375	5278	4561603	5444213444	96404864	1101	108	4042	27	0	1	104	988	342	672	3007	1	1	36
2001	2001	1	4508004	9054	6037450	5448721448	96413918	780	218	8029	27	0	1	142	628	337	1717	5954	1	1	84
2002	2002	2	4357755	4849	5829900	5453079203	96418767	1091	82	3649	27	0	1	109	973	341	540	2747	1	1	25
2003	2003	3	4350347	5990	4462833	5457429550	96424757	624	152	5187	27	0	1	120	495	342	880	3944	1	1	54
2004	2004	4	4370635	14706	6587239	5461800185	96439463	837	533	13309	27	0	1	136	691	341	2941	10006	1	1	224
2005	2005	5	4365744	4937	5503241	5466165929	96444400	311	139	4460	27	0	1	127	175	282	1122	3035	1	1	55
2006	2006	6	4545245	14297	5041082	5470711174	96458697	1585	301	12384	27	0	1	116	1460	171	2982	9210	1	1	111
2007	2007	7	4380756	10006	6005340	5475091930	96468703	1224	311	8444	27	0	1	139	1075	163	1836	6424	1	1	132
2008	2008	0	4356595	7241	5298921	5479448525	96475944	212	147	6855	27	0	1	154	49	164	1333	5337	1	1	53
2009	2009	1	4489828	8548	4359903	5483938353	96484492	607	278	7636	27	0	1	202	395	171	1688	5756	1	1	114
2010	2010	2	4317068	3311	5528531	5488255421	96487803	1159	108	2017	27	0	1	118	1032	172	454	1370	1	1	38
2011	2011	3	4414111	8043	8382556	5492669532	96495846	1644	159	6213	27	0	1	143	1491	177	986	5029	1	1	60
2012	2012	4	4218304	1790	4219473	5496887836	96497636	617	70	1076	27	0	1	83	525	183	224	648	1	1	20
2013	2013	5	4335525	3785	5111732	5501223361	96501421	985	107	2666	27	0	1	137	838	211	571	1863	1	1	39
2014	2014	6	4812473	17847	6832038	5506035834	96519268	2754	247	14819	27	0	1	207	2537	222	2509	12067	1	1	94
2015	2015	7	4411217	5010	4762072	5510447051	96524278	1361	111	3511	27	0	1	135	1216	221	675	2594	1	1	37
2016	2016	0	4400630	7496	5817461	5514847681	96531774	1315	228	5926	27	0	1	98	1208	210	1468	4227	1	1	85
2017	2017	1	4456199	7118	9214065	5519303880	96538892	1682	213	5196	27	0	1	183	1489	214	1391	3570	1	1	85
2018	2018	2	4457945	10639	4801362	5523761825	96549531	1629	232	8751	27	0	1	98	1522	202	2075	6453	1	1	88
2019	2019	3	4168317	1349	5170801	5527930142	96550880	513	82	727	27	0	1	97	407	199	204	303	1	1	24
2020	2020	4	4467837	7440	5972350	5532397979	96558320	1598	150	5665	27	0	1	178	1410	209	1108	4327	1	1	60
2021	2021	5	4296133	4814	4247833	5536694112	96563134	924	122	3741	27	0	1	132	782	207	761	2752	1	1	48
2022	2022	6	4224735	3152	5291492	5540918847	96566286	822	105	2198	27	0	1	104	709	180	424	1573	1	1	37
2023	2023	7	4391494	2779	5577471	5545310341	96569065	300	109	2343	27	0	1	87	204	181	583	1558	1	1	33
2024	2024	0	4395816	4592	4423733	5549706157	96573657	155	126	4284	27	0	1	145	1	211	945	3107	1	1	50
2025	2025	1	4494097	4279	6844469	5554200254	96577936	676	132	3444	27	0	1	164	502	219	920	2284	1	1	53
2026	2026	2	4489728	10943	6404459	5558689982	96588879	678	162	10076	27	0	1	97	572	220	2141	7694	1	1	59
2027	2027	3	4457547	11210	5067692	5563147529	96600089	1566	199	9418	27	0	1	80	1477	209	2321	6867	1	1	81
2028	2028	4	4160747	1210	5081151	5567308276	96601299	424	70	689	27	0	1	91	324	213	177	278	1	1	20
2029	2029	5	4464189	16903	7049218	5571772465	96618202	1724	392	14760	27	0	1	94	1621	207	3358	11174	1	1	176
2030	2030	6	4543281	3042	5596221	5576315746	96621244	1691	73	1251	27	0	1	87	1595	205	226	799	1	1	21
2031	2031	7	4019993	409	4139033	5580335739	96621653	87	22	273	27	0	1	19	60	215	38	1	1	1	4
2032	2032	0	4439135	5034	5672320	5584774874	96626687	1536	89	3382	27	0	1	112	1415	190	1128	2043	1	1	28
2033	2033	1	4618555	6538	5984460	5589393429	96633225	1686	148	4677	27	0	1	136	1540	171	931	3554	1	1	52
2034	2034	2	4805501	6034	4773682	5594198930	96639259	2773	115	3119	27	0	1	130	2633	173	639	2286	1	1	38
2035	2035	3	5064844	41685	8287016	5599263774	96680944	3612	742	37304	27	0	1	396	3206	211	6996	30075	1	1	329
2036	2036	4	4302876	1772	5439411	5603566650	96682716	1042	91	612	27	0	1	96	937	216	243	132	1	1	27
2037	2037	5	4977381	21426	8182607	5608544031	96704142	3476	556	17367	27	0	1	322	3144	255	3955	13136	1	1	246
2038	2038	6	4272617	6164	5208431	5612816648	96710306	966	147	5024	27	0	1	115	842	262	995	3746	1	1	55
2039	2039	7	4870278	23563	7197768	5617686926	96733869	2827	436	20273	27	0	1	174	2643	262	3933	16057	1	1	176
2040	2040	0	4589231	13184	7463368	5622276157	96747053	1583	360	11214	27	0	1	137	1436	257	2178	8758	1	1	144
2041	2041	1	4348324	14112	6173250	5626624481	96761165	1291	278	12516	27	0	1	148	1133	247	2246	10002	1	1	102
2042	2042	2	4036263	1855	5336791	5630660744	96763020	239	96	1493	27	0	1	112	119	256	396	820	1	1	34
2043	2043	3	4892967	13485	6913089	5635553711	96776505	2134	378	10946	27	0	1	379	1745	341	2064	8520	1	1	174
2044	2044	4	4890298	17321	6805778	5640444009	96793826	3149	478	13667	27	0	1	150	2989	351	2780	10515	1	1	210
2045	2045	5	4159975	1631	5555540	5644603984	96795457	148	95	1361	27	0	1	91	49	296	261	783	1	1	31
2046	2046	6	4907504	13635	6529199	5649511488	96809092	3271	401	9936	27	0	1	134	3127	295	2337	7283	1	1	166
2047	2047	7	4851006	14728	6160930	5654362494	96823820	2997	340	11364	27	0	1	99	2889	288	2263	8792	1	1	140
2048	2048	0	4217830	2797	5279721	5658580324	96826617	770	113	1887	27	0	1	106	655	286	380	1200	1	1	38
2049	2049	1	4161638	2296	4906742	5662741962	96828913	383	103	1783	27	0	1	91	283	273	355	1134	1	1	34
2050	2050	2	4234435	3990	4785392	5666976397	96832903	914	151	2898	27	0	1	113	792	258	610	2009	1	1	53
2051	2051	3	4177908	2205	4914062	5671154305	96835108	551	104	1523	27	0	1	103	439	172	370	960	1	1	34
2052	2052	4	4168503	1767	4402373	5675322808	96836875	210	75	1455	27	0	1	97	105	153	333	948	1	1	22
2053	2053	5	4904183	19146	6783588	5680226991	96856021	3205	422	15492	27	0	1	125	3071	164	3176	12131	1	1	188
2054	2054	6	4447895	1973	5398861	5684674886	96857994	725	84	1137	27	0	1	98	618	167	281	668	1	1	26
2055	2055	7	4632129	13672	6103830	5689307015	96871666	1924	560	11161	27	0	1	216	1698	170	2901	8069	1	1	233
2056	2056	0	4341463	9047	5670261	5693648478	96880713	425	130	8465	27	0	1	129	286	187	1159	7098	1	1	49
2057	2057	1	4363880	4061	4255553	5698012358	96884774	1065	136	2833	27	0	1	136	919	204	612	1996	1	1	55
2058	2058	2	4358344	3635	5584080	5702370702	96888409	1040	113	2455	27	0	1	63	968	198	540	1696	1	1	39
2059	2059	3	4194491	2511	4783963	5706565193	96890920	663	113	1708	27	0	1	96	558	199	438	1050	1	1	40
2060	2060	4	4190375	4474	5389961	5710755568	96895394	499	153	3795	27	0	1	112	378	200	748	2826	1	1	59
2061	2061	5	4168207	1290	5572151	5714923775	96896684	159	75	1029	27	0	1	102	49	171	253	584	1	1	22
2062	2062	6	4127330	4436	5166981	5719051105	96901120	347	130	3932	27	0	1	117	221	176	705	3030	1	1	50
2063	2063	7	4228789	4292	4973972	5723279894	96905412	806	167	3292	27	0	1	78	719	169	706	2396	1	1	63
2064	2064	0	4063666	2925	5224481	5727343560	96908337	360	117	2421	27	0	1	78	273	186	573	1641	1	1	43
2065	2065	1	4036011	1802	5004882	5731379571	96910139	247	95	1433	27	0	1	66	172	173	402	837	1	1	30
2066	2066	2	4037880	1945	4822262	5735417451	96912084	293	117	1508	27	0	1	72	212	165	448	874	1	1	42
2067	2067	3	3351133	114346	13426408	5738768584	97026430	6149	1422	106748	27	0	1	681	5458	228	72687	33810	1	1	672
2068	2068	4	678867	16327	2724056	5739447451	97042757	1830	249	14221	27	0	1	117	1704	229	2341	11630	1	1	88
2069	2069	5	2212332	40734	5651600	5741659783	97083491	4977	407	35323	27	0	1	416	4551	317	5309	29675	1	1	176
2070	2070	6	2187613	24675	3651424	5743847396	97108166	2690	222	21736	27	0	1	84	2597	318	2870	18526	1	1	94
2071	2071	7	2178149	39750	11905481	5746025545	97147916	4501	355	34867	27	0	1	190	4301	331	4910	29604	1	1	153
2072	2072	0	2183020	38728	11292751	5748208565	97186644	2873	330	35498	27	0	1	58	2806	336	4743	30397	1	1	143
2073	2073	1	2183489	40192	5157101	5750392054	97226836	4566	384	35215	27	0	1	83	4474	337	5115	29741	1	1	165
2074	2074	2	2203437	38218	5897440	5752595491	97265054	4701	416	33074	27	0	1	55	4637	314	4981	27757	1	1	176
2075	2075	3	2219947	46308	6080900	5754815438	97311362	4609	400	41272	27	0	1	101	4499	249	5917	35084	1	1	175
2076	2076	4	2184631	40707	4869702	5757000069	97352069	4583	380	35717	27	0	1	113	4461	233	5196	30266	1	1	165
2077	2077	5	2187676	11794	3866413	5759187745	97363863	4873	155	6739	27	0	1	182	4681	174	1263	5281	1	1	54
2078	2078	6	2176729	10259	2838526	5761364474	97374122	4517	126	5589	27	0	1	58	4450	177	1159	4232	1	1	41
2079	2079	7	2261765	14523	3784713	5763626239	97388645	4722	106	9668	27	0	1	147	4565	165	2836	6646	1	1	32
2080	2080	0	2178870	10558	3382195	5765805109	97399203	4718	80	5733	27	0	1	140	4568	152	800	4760	1	1	25
2081	2081	1	2193458	13628	4056333	5767998567	97412831	4495	43	9063	27	0	1	41	4445	159	906	7977	1	1	11
2082	2082	2	2207497	10358	3672334	5770206064	97423189	4723	115	5493	27	0	1	153	4560	159	1152	4161	1	1	38
2083	2083	3	2186982	11671	3340535	5772393046	97434860	4480	46	7118	27	0	1	26	4445	148	762	6187	1	1	12
2084	2084	4	1783844	5765	2792185	5774176890	97440625	3860	106	1772	27	0	1	56	3795	144	695	912	1	1	34
2085	2085	5	1929562	4253	2928895	5776106452	97444878	2293	115	1818	27	0	1	176	2107	194	421	1182	1	1	41
2086	2086	6	69943	9202	1440318	5776176395	97454080	482	448	8245	27	0	1	431	42	206	2173	5845	1	1	217
2087	2087	7	819231	21919	2898375	5776995626	97475999	2172	694	19026	27	0	1	340	1822	201	5323	13481	1	1	351
2088	2088	0	94895	11175	1463798	5777090521	97487174	632	482	10034	27	0	1	71	552	207	3264	6542	1	1	230
2089	2089	1	105792	13896	1817107	5777196313	97501070	633	486	12750	27	0	1	76	548	207	3854	8638	17	15	234
2090	2090	2	119552	15452	1796127	5777315865	97516522	818	652	13955	27	0	1	260	548	207	4532	9195	1	1	324
2091	2091	3	672736	8472	2027906	5777988601	97524994	1807	501	6137	27	0	1	97	1701	206	3874	2036	1	1	241
2092	2092	4	678223	15675	2583266	5778666824	97540669	1819	510	13319	27	0	1	109	1701	198	3912	9188	1	1	245
2093	2093	5	643932	12057	2034987	5779310756	97552726	1708	467	9855	27	0	1	51	1648	143	3174	6517	1	1	223
2094	2094	6	99015	3317	855488	5779409771	97556043	631	73	2586	27	0	1	74	548	133	486	1946	1	1	21
2095	2095	7	752245	21191	2947526	5780162016	97577234	1541	388	19235	27	0	1	381	1150	134	4017	15063	1	1	184
2096	2096	0	101943	3304	879079	5780263959	97580538	180	100	2997	27	0	1	104	68	135	733	2108	1	1	35
2097	2097	1	99243	2280	776129	5780363202	97582818	225	76	1952	27	0	1	80	136	134	506	1291	1	1	23
2098	2098	2	677680	5539	1473187	5781040882	97588357	1261	103	4148	27	0	1	102	1150	127	944	3057	1	1	35
2099	2099	3	104513	3585	876189	5781145395	97591942	109	97	3352	27	0	1	100	1	125	868	2339	1	1	34
2100	2100	4	312435	9186	1481317	5781457830	97601128	843	261	8055	27	0	1	277	556	169	1818	6047	1	1	108
2101	2101	5	799615	5522	1942397	5782257445	97606650	451	230	4814	27	0	1	251	190	168	1267	3358	1	1	98
2102	2102	6	92939	971	686629	5782350384	97607621	66	58	820	27	0	1	57	1	170	220	409	1	1	16
2103	2103	7	143979	778	633279	5782494363	97608399	34	31	686	27	0	1	25	1	181	130	354	1	1	7
2104	2104	0	1423013	13965	3012005	5783917376	97622364	2642	189	11107	27	0	1	198	2434	189	2854	8043	1	1	79
2105	2105	1	1031200	13802	2461696	5784948576	97636166	1890	70	11815	27	0	1	92	1789	190	1402	10202	1	1	21
2106	2106	2	752592	7127	1822007	5785701168	97643293	1744	121	5235	27	0	1	82	1653	198	982	4034	1	1	39
2107	2107	3	743725	5362	1507028	5786444893	97648655	1645	91	3599	27	0	1	28	1608	198	622	2758	1	1	27
2108	2108	4	591229	4739	1548668	5787036122	97653394	1324	85	3303	27	0	1	35	1280	180	567	2535	1	1	25
2109	2109	5	10117	1266	575739	5787046239	97654660	109	40	1090	27	0	1	35	66	184	233	652	1	1	10
2110	2110	6	918881	9949	2341486	5787965120	97664609	1945	160	7817	27	0	1	91	1845	177	1245	6374	1	1	55
2111	2111	7	589171	4149	1577467	5788554291	97668758	1312	86	2724	27	0	1	35	1268	172	545	1986	1	1	26
2112	2112	0	605293	5457	1575488	5789159584	97674215	1306	40	4084	27	0	1	26	1271	175	437	3451	1	1	10
2113	2113	1	601278	6535	1491308	5789760862	97680750	1331	100	5077	27	0	1	56	1266	173	1026	3857	1	1	30
2114	2114	2	579351	2371	1412817	5790340213	97683121	1271	43	1030	27	0	1	44	1218	165	201	643	1	1	11
2115	2115	3	800907	9525	2257746	5791141120	97692646	1913	164	7421	27	0	1	136	1767	184	1902	5314	1	1	60
2116	2116	4	808023	12932	2088737	5791949143	97705578	1904	197	10804	27	0	1	144	1750	163	2434	8186	1	1	77
2117	2117	5	858655	14255	2560546	5792807798	97719833	1887	273	12068	27	0	1	261	1616	460	3373	8214	1	1	111
2118	2118	6	582066	2341	1119778	5793389864	97722174	1251	31	1032	27	0	1	14	1228	454	168	389	1	1	7
2119	2119	7	757458	6200	1572847	5794147322	97728374	1707	108	4358	27	0	1	44	1654	452	1291	2594	1	1	33
2120	2120	0	600749	2982	1463478	5794748071	97731356	1325	49	1581	27	0	1	65	1251	442	335	783	1	1	13
2121	2121	1	736246	3164	1587707	5795484317	97734520	1076	43	2018	27	0	1	54	1013	436	408	1153	1	1	11
2122	2122	2	762625	5811	1860347	5796246942	97740331	1699	81	4004	27	0	1	49	1641	428	918	2637	1	1	24
2123	2123	3	793075	5500	1981907	5797040017	97745831	1914	92	3467	27	0	1	96	1809	419	724	2303	1	1	28
2124	2124	4	752755	4456	1647617	5797792772	97750287	1672	31	2726	27	0	1	32	1631	416	320	1969	1	1	7
2125	2125	5	1108488	10660	2789036	5798901260	97760947	3410	352	6871	27	0	1	176	3224	183	2045	4622	1	1	171
2126	2126	6	2027692	8773	3236314	5800928952	97769720	4084	105	4557	27	0	1	150	3924	216	775	3545	1	1	36
2127	2127	7	2228275	23626	4226313	5803157227	97793346	4356	258	18985	27	0	1	324	4022	339	5572	13053	1	1	101
2128	2128	0	2113782	21130	4464463	5805271009	97814476	4373	404	16326	27	0	1	351	4012	353	3812	12140	1	1	180
2129	2129	1	2242609	20423	3776693	5807513618	97834899	4713	252	15431	27	0	1	141	4562	352	4334	10724	1	1	97
2130	2130	2	2499302	17396	4135223	5810012920	97852295	3724	311	13334	27	0	1	313	3401	444	2859	10010	1	1	135
2131	2131	3	2810501	21994	5075101	5812823421	97874289	5734	298	15935	27	0	1	161	5563	527	3507	11880	1	1	121
2132	2132	4	2733210	18119	4341833	5815556631	97892408	6267	357	11468	27	0	1	136	6121	515	2981	7951	1	1	156
2133	2133	5	2783568	17947	4612463	5818340199	97910355	6245	232	11443	27	0	1	145	6090	466	2427	8529	1	1	91
2134	2134	6	2447682	11744	4241044	5820787881	97922099	5386	173	6158	27	0	1	76	5301	420	1693	4024	1	1	64
2135	2135	7	2098064	10028	3299834	5822885945	97932127	4391	112	5498	27	0	1	54	4328	335	920	4222	1	1	37
2136	2136	0	1341160	13936	3437575	5824227105	97946063	3425	158	10326	27	0	1	58	3358	308	5627	4370	1	1	55
2137	2137	1	2672115	25615	5253101	5826899220	97971678	6302	452	18834	27	0	1	236	6056	320	4427	14066	1	1	193
2138	2138	2	2286060	10497	3659964	5829185280	97982175	5009	97	5364	27	0	1	140	4859	245	709	4389	1	1	30
2139	2139	3	65731	3635	972098	5829251011	97985810	517	80	3011	27	0	1	84	424	222	545	2223	1	1	26
2140	2140	4	673525	11975	2257047	5829924536	97997785	1501	183	10264	27	0	1	85	1407	224	1886	8133	1	1	69
2141	2141	5	430	358	428069	5829924966	97998143	26	25	280	27	0	1	17	1	226	34	1	1	1	5
2142	2142	6	683843	15946	2378066	5830608809	98014089	1460	185	14274	27	0	1	57	1394	228	2293	11732	1	1	69
2143	2143	7	75441	6434	1062738	5830684250	98020523	147	131	6129	27	0	1	43	96	225	1161	4722	1	1	47
2144	2144	0	673479	8513	1862557	5831357729	98029036	1639	105	6742	27	0	1	59	1571	220	1190	5311	1	1	34
2145	2145	1	672921	12637	2285296	5832030650	98041673	1694	211	10705	27	0	1	115	1570	167	1962	8555	1	1	84
2146	2146	2	691819	19014	2570186	5832722469	98060687	1582	183	17222	27	0	1	59	1514	150	2549	14502	1	1	69
2147	2147	3	695952	15547	2034317	5833418421	98076234	1580	126	13814	27	0	1	57	1514	127	2319	11348	1	1	47
2148	2148	4	654266	5209	1556407	5834072687	98081443	1517	111	3554	27	0	1	121	1387	134	855	2544	1	1	40
2149	2149	5	697827	17612	2421156	5834770514	98099055	1588	188	15809	27	0	1	65	1514	132	3296	12360	1	1	70
2150	2150	6	1718058	77181	6865099	5836488572	98176236	3079	899	73176	27	0	1	927	2142	169	11488	61497	1	1	468
2151	2151	7	1744666	8263	2412976	5838233238	98184499	3435	70	4731	27	0	1	55	3371	184	929	3597	1	1	20
2152	2152	0	1741149	7207	2896295	5839974387	98191706	4059	67	3054	27	0	1	74	3976	186	517	2330	1	1	19
2153	2153	1	1726557	4584	2525106	5841700944	98196290	3911	55	591	27	0	1	43	3859	191	193	186	1	1	15
2154	2154	2	1740123	7020	2934365	5843441067	98203310	4171	100	2722	27	0	1	157	4004	195	795	1711	1	1	32
2155	2155	3	1734983	7374	2109116	5845176050	98210684	3804	78	3465	27	0	1	134	3660	207	951	2286	1	1	25
2156	2156	4	1729949	6400	2988995	5846905999	98217084	3861	67	2445	27	0	1	80	3772	204	870	1350	1	1	19
2157	2157	5	1255862	5914	2482975	5848161861	98222998	3226	96	2565	27	0	1	111	3106	185	1123	1236	1	1	33
2158	2158	6	1598233	13308	2994966	5849760094	98236306	3879	424	8978	27	0	1	141	3728	208	2145	6604	1	1	190
2159	2159	7	1265113	9674	2450056	5851025207	98245980	3225	411	6011	27	0	1	44	3172	216	1733	3916	37	90	183
2160	2160	0	1612135	12268	2352407	5852637342	98258248	3816	96	8329	27	0	1	29	3778	225	1157	6926	1	1	31
2161	2161	1	1603773	9900	2356486	5854241115	98268148	3880	120	5873	27	0	1	93	3778	223	1006	4623	1	1	44
2162	2162	2	1925247	27949	4025543	5856166362	98296097	5107	1122	21693	27	0	1	551	4546	302	5416	15929	14	13	531
2163	2163	3	1956934	33036	3752904	5858123296	98329133	5268	1083	26658	27	0	1	152	5106	296	6594	19746	1	1	530
2164	2164	4	1915554	21559	3960163	5860038850	98350692	4868	631	16033	27	0	1	87	4772	307	3581	12124	1	1	304
2165	2165	5	1903363	19107	3961264	5861942213	98369799	4865	557	13658	27	0	1	38	4818	298	3013	10326	1	1	274
2166	2166	6	1287548	9880	2132836	5863229761	98379679	3276	78	6499	27	0	1	79	3188	296	962	5220	1	1	23
2167	2167	7	2070237	48687	5515771	5865299998	98428366	5349	948	42363	27	0	1	530	4809	317	7773	34251	1	1	490
2168	2168	0	1919588	19650	4141863	5867219586	98448016	4828	524	14271	27	0	1	140	4678	312	3260	10678	1	1	253
2169	2169	1	1967219	32033	3815134	5869186805	98480049	4939	550	26517	27	0	1	121	4809	330	4977	21188	1	1	267
2170	2170	2	1265929	4637	2656996	5870452734	98484686	3230	49	1331	27	0	1	26	3195	247	246	817	1	1	13
2171	2171	3	1296495	11517	2315696	5871749229	98496203	3385	107	7998	27	0	1	100	3276	237	1338	6402	1	1	34
2172	2172	4	1985531	15484	3093495	5873734760	98511687	3269	107	12081	27	0	1	116	3144	235	2275	9550	1	1	36
2173	2173	5	1956541	12056	3231214	5875691301	98523743	4850	67	7112	27	0	1	44	4797	225	1320	5546	1	1	19
2174	2174	6	1960141	19538	4019914	5877651442	98543281	4830	491	14190	27	0	1	23	4798	200	3055	10914	1	1	234
2175	2175	7	1954706	11138	2869515	5879606148	98554419	4837	65	6209	27	0	1	17	4811	183	952	5053	1	1	19
2176	2176	0	1973401	10881	3345574	5881579549	98565300	972	67	9815	27	0	1	23	940	188	1153	8453	1	1	19
2177	2177	1	2040953	19994	3676414	5883620502	98585294	995	78	18894	27	0	1	83	903	197	2738	15938	1	1	25
2178	2178	2	1983491	16262	3861914	5885603993	98601556	3183	82	12970	27	0	1	40	3134	198	2051	10700	1	1	24
2179	2179	3	1974786	16707	4565642	5887578779	98618263	4958	76	11646	27	0	1	42	4907	182	1908	9535	1	1	22
2180	2180	4	1971818	9113	3258524	5889550597	98627376	4861	46	4179	27	0	1	41	4811	175	613	3370	1	1	12
2181	2181	5	1973913	10529	3287475	5891524510	98637905	4840	40	5622	27	0	1	20	4811	174	746	4681	1	1	10
2182	2182	6	1906219	8076	2937145	5893430729	98645981	4849	67	3133	27	0	1	56	4784	188	731	2193	1	1	19
2183	2183	7	1917828	10156	3063295	5895348557	98656137	4884	103	5142	27	0	1	81	4794	192	1308	3621	1	1	33
2184	2184	0	1603194	6044	2146476	5896951751	98662181	3846	40	2131	27	0	1	32	3805	191	424	1495	1	1	10
2185	2185	1	1906538	8582	2244306	5898858289	98670763	4963	99	3493	27	0	1	97	4857	160	1025	2287	1	1	30
2186	2186	2	1975820	19371	3555644	5900834109	98690134	4996	248	14100	27	0	1	133	4853	157	3203	10719	1	1	117
2187	2187	3	2000002	21335	3346614	5902834111	98711469	4968	115	16225	27	0	1	113	4846	176	3297	12731	1	1	39
2188	2188	4	1966099	13524	2848126	5904800210	98724993	4890	81	8526	27	0	1	23	4858	177	1709	6619	1	1	24
2189	2189	5	1912013	4950	2561296	5906712223	98729943	941	43	3939	27	0	1	32	900	165	771	2982	1	1	11
2190	2190	6	1952401	9406	4933842	5908664624	98739349	4944	85	4350	27	0	1	80	4855	145	1076	3108	1	1	25
2191	2191	7	1920228	9952	2971905	5910584852	98749301	4807	46	5072	27	0	1	23	4775	137	1428	3486	1	1	12
2192	2192	0	1576336	5824	2249266	5912161188	98755125	3676	52	2069	27	0	1	50	3617	143	870	1035	1	1	14
2193	2193	1	1933994	8153	2201027	5914095182	98763278	4912	64	3150	27	0	1	56	4847	141	846	2142	1	1	18
2194	2194	2	2398644	60815	6524919	5916493826	98824093	5619	634	54535	27	0	1	690	4919	169	12026	42264	51	5	312
2195	2195	3	588270	3472	1497548	5917082096	98827565	113	75	3257	27	0	1	81	24	187	592	2457	1	1	23
2196	2196	4	709948	24677	3288885	5917792044	98852242	1800	441	22409	27	0	1	424	1366	233	4759	17395	1	1	213
2197	2197	5	972785	44079	4594083	5918764829	98896321	1564	207	42281	27	0	1	251	1303	249	10988	31022	1	1	87
2198	2198	6	976097	5749	1732548	5919740926	98902070	2300	64	3358	27	0	1	120	2171	275	598	2464	1	1	18
2199	2199	7	1236927	13442	3039015	5920977853	98915512	2886	100	10260	27	169	1	125	2752	337	1627	8275	1	1	35
2200	2200	0	2188380	39172	5274711	5923166233	98954684	3425	367	35184	27	169	1	336	3079	373	5748	29041	1	1	165
2201	2201	1	1214112	10281	2675026	5924380345	98964965	3244	80	6761	27	169	1	17	3218	361	1314	5065	1	1	28
2202	2202	2	1327570	24295	3515785	5925707915	98989260	3622	179	20298	27	169	1	82	3531	323	3311	16642	1	1	70
2203	2203	3	580917	3730	1567237	5926288832	98992990	1299	40	2195	27	169	1	48	1242	310	425	1439	1	1	10
2204	2204	4	1984946	23686	4237963	5928273778	99016676	4432	200	18858	27	169	1	114	4309	263	3462	15112	1	1	86
2205	2205	5	2868503	80436	8358066	5931142281	99097112	3803	498	75939	27	169	1	534	3259	257	15905	59755	1	1	239
2206	2206	6	1619904	73800	6986769	5932762185	99170912	3938	1024	68642	27	169	1	1004	2924	241	13178	55201	1	1	523
