logical	physical	worker	raw	wire	latency_ns	cumulative_raw	cumulative_wire	b_root	b_need	b_fill	b_control	b_carry	split_ok	c_root	c_block	c_path	c_region_control	c_raw_run	c_array_control	c_array_values	missing_regions
0	0	0	1836	743	1242908	1836	743	20	20	653	24	26	1	12	1	77	110	451	1	1	11
1	1	1	3726840	660334	55829627	3728676	661077	8499	8213	643572	24	26	1	8411	80	4073	132004	507476	1	1	4567
2	2	2	3341805	601944	49694966	7070481	1263021	8137	7659	586098	24	26	1	177	7951	4113	124939	457026	1	1	4270
3	3	3	3871485	677176	60516390	10941966	1940197	8746	8266	660114	24	26	1	454	8283	4231	139510	516353	1	1	4576
4	4	4	2894389	528055	48134079	13836355	2468252	7231	6506	514268	24	26	1	529	6693	4258	111106	398884	1	1	3675
5	5	5	3910918	683320	63161467	17747273	3151572	8923	8280	666067	24	26	1	241	8673	4325	142418	519304	1	1	4576
6	6	6	3977380	699077	68408598	21724653	3850649	9149	8447	681431	24	26	1	479	8661	4411	144418	532582	1	1	4652
7	7	7	4423246	781127	69994275	26147899	4631776	9695	9105	762277	24	26	1	654	9032	4652	157565	600040	1	1	5001
8	8	0	3224620	594343	53610820	29372519	5226119	7835	7478	579006	24	0	1	707	7119	4859	126851	447276	1	1	4161
9	9	1	3022248	78713	8774587	32394767	5304832	7386	927	70376	24	0	1	379	6998	1102	19234	50019	1	1	545
10	10	2	3755417	97749	16101576	36150184	5402581	9049	1062	87614	24	0	1	397	8643	1104	19575	66914	1	1	610
11	11	3	3423516	77297	8836397	39573700	5479878	8258	863	68152	24	0	1	244	8005	1005	20559	46567	1	1	491
12	12	4	3591597	135993	16775065	43165297	5615871	8590	1600	125779	24	0	1	281	8300	1069	31887	92802	1	1	920
13	13	5	3547473	72833	8418288	46712770	5688704	8603	693	63513	24	0	1	80	8515	1050	13762	48681	1	1	377
14	14	6	3893927	41053	7556849	50606697	5729757	9061	595	31373	24	0	1	86	8967	959	7765	22629	1	1	306
15	15	7	3770999	26143	5877151	54377696	5755900	9029	425	16665	24	0	1	357	8663	751	5051	10844	1	1	220
16	16	0	3608859	116658	17004685	57986555	5872558	8880	1384	106370	24	0	1	546	8325	704	23541	82104	1	1	845
17	17	1	2807366	9069	4133283	60793921	5881627	6655	91	2299	24	0	1	44	6603	663	1051	566	1	1	41
18	18	2	3437381	34604	6603620	64231302	5916231	4046	487	30047	24	0	1	395	3642	697	8452	20878	1	1	281
19	19	3	3531244	14845	4906993	67762546	5931076	7829	289	6703	24	0	1	430	7390	683	4211	1790	1	1	141
20	20	4	3854245	122676	12947781	71616791	6053752	9327	1497	111828	24	0	1	201	9117	594	22356	88857	1	1	871
21	21	5	4987004	203059	26249971	76603795	6256811	10401	1693	190941	24	0	1	1295	9097	1209	32841	156870	1	1	1003
22	22	6	2098275	13276	3547584	78702070	6270087	5127	133	7992	24	0	1	70	5049	1213	1821	4939	1	1	62
23	23	7	3758634	29797	5684541	82460704	6299884	8627	355	20791	24	0	1	55	8564	1186	4550	15036	1	1	179
24	24	0	4102983	131350	18560552	86563687	6431234	9740	1351	120235	24	0	1	552	9179	1118	24785	94311	1	1	785
25	25	1	2824953	10640	3425755	89388640	6441874	6934	67	3615	24	0	1	49	6877	1108	1259	1229	1	1	29
26	26	2	3666182	75707	8484078	93054822	6517581	4724	981	69978	24	0	1	419	4296	1087	17911	50959	1	1	572
27	27	3	3473988	66032	7754979	96528810	6583613	8589	657	56762	24	0	1	49	8532	1085	11700	43957	1	1	380
28	28	4	3563242	39137	8312298	100092052	6622750	8875	311	29927	24	0	1	174	8692	1116	5009	23782	1	1	154
29	29	5	3936287	26942	5552841	104028339	6649692	9030	313	17575	24	0	1	129	8892	474	3391	13691	1	1	151
30	30	6	3971101	85234	9390446	107999440	6734926	9605	817	74788	24	0	1	313	9283	458	13215	61095	1	1	460
31	31	7	3633439	82733	8761327	111632879	6817659	8827	816	73066	24	0	1	165	8653	461	18994	53590	1	1	470
32	32	0	1694908	10293	3217365	113327787	6827952	4136	309	5824	24	0	1	349	3778	359	4490	956	1	1	157
33	33	1	3149329	5564	4165874	116477116	6833516	3427	97	2016	24	0	1	51	3368	371	1022	604	1	1	44
34	34	2	2886351	7642	3864545	119363467	6841158	3184	105	4329	24	0	1	152	3023	324	1765	2221	1	1	48
35	35	3	3700722	65464	8384067	123064189	6906622	9379	914	55147	24	0	1	140	9230	359	14625	40143	1	1	537
36	36	4	3508974	19150	6048251	126573163	6925772	4486	281	14359	24	0	1	228	4249	357	4057	9926	1	1	135
37	37	5	3500367	21185	4845703	130073530	6946957	8472	235	12454	24	0	1	315	8148	432	2178	9825	1	1	120
38	38	6	3971550	41017	7217939	134045080	6987974	9089	371	31533	24	0	1	284	8796	491	5087	25935	1	1	183
39	39	7	2394412	7665	3327275	136439492	6995639	5977	55	1609	24	0	1	53	5916	476	355	759	1	1	23
40	40	0	3541553	34502	6792470	139981045	7030141	7757	329	26392	24	0	1	139	7609	488	6169	19715	1	1	159
41	41	1	4360803	142650	20240760	144341848	7172791	10318	1556	130752	24	0	1	337	9972	544	25781	104406	1	1	919
42	42	2	4455883	101073	17860233	148797731	7273864	9732	659	90658	24	0	1	112	9612	522	15335	74781	1	1	367
43	43	3	3528182	10040	3978284	152325913	7283904	7740	65	2211	24	0	1	78	7654	493	448	1251	1	1	28
44	44	4	4160577	64551	9120087	156486490	7348455	9529	468	54530	24	0	1	169	9351	482	12994	41034	1	1	242
45	45	5	3447564	11922	3964844	159934054	7360377	8700	148	3050	24	0	1	181	8510	395	1572	1064	1	1	69
46	46	6	2968010	60366	7002769	162902064	7420743	7082	795	52465	24	0	1	414	6659	488	13381	38576	1	1	485
47	47	7	3175279	105202	11045944	166077343	7525945	7300	1176	96702	24	0	1	791	6500	677	21649	74355	1	1	721
48	48	0	4578134	129085	18701322	170655477	7655030	10624	1336	117101	24	0	1	265	10350	743	22014	94323	1	1	784
49	49	1	4614383	125115	12646211	175269860	7780145	10509	1045	113537	24	0	1	450	10050	741	25746	87029	1	1	595
50	50	2	4158627	55959	9219337	179428487	7836104	8861	678	46396	24	0	1	170	8682	745	13695	31936	1	1	373
51	51	3	3717490	22313	5208292	183145977	7858417	8388	129	13772	24	0	1	91	8289	748	2078	10927	1	1	60
52	52	4	3579788	10572	4632093	186725765	7868989	7833	99	2616	24	0	1	74	7751	724	887	986	1	1	45
53	53	5	4934852	97524	12151072	191660617	7966513	9754	654	87092	24	0	1	446	9299	814	16058	70200	1	1	360
54	54	6	2822997	89739	9356926	194483614	8056252	6985	1182	81548	24	0	1	108	6869	717	20810	60000	1	1	688
55	55	7	3679603	32783	6058691	198163217	8089035	4697	494	27568	24	0	1	150	4538	504	5998	21046	1	1	266
56	56	0	4156384	66301	7398059	202319601	8155336	8911	606	56760	24	0	1	227	8675	434	11302	45004	1	1	332
57	57	1	3892276	43778	7194979	206211877	8199114	8853	333	34568	24	0	1	188	8656	414	6890	27244	1	1	161
58	58	2	4122406	17562	4436383	210334283	8216676	9460	123	7955	24	0	1	146	9305	440	1589	5907	1	1	57
59	59	3	2236738	3083	2563437	212571021	8219759	1447	37	1575	24	0	1	51	1388	441	221	894	1	1	14
60	60	4	2919850	15293	4199223	215490871	8235052	7103	152	8014	24	0	1	80	7015	465	1762	5768	1	1	71
61	61	5	3337365	14184	4118414	218828236	8249236	8113	158	5889	24	0	1	42	8063	372	1586	3912	1	1	74
62	62	6	3393617	46245	6610530	222221853	8295481	8328	673	37220	24	0	1	485	7834	330	10963	25907	1	1	377
63	63	7	4192631	33459	7214099	226414484	8328940	8994	337	24104	24	0	1	322	8663	354	4988	18742	1	1	167
64	64	0	4091388	28765	6040800	230505872	8357705	3868	280	24593	24	0	1	146	3713	384	3908	20281	1	1	135
65	65	1	4506253	36279	7313138	235012125	8393984	7780	299	28176	24	0	1	145	7626	336	4964	22856	1	1	150
66	66	2	3238369	10732	4572953	238250494	8404716	7506	166	3036	24	0	1	178	7319	321	1012	1684	1	1	78
67	67	3	4715745	123522	19643110	242966239	8528238	6642	1034	115822	24	0	1	296	6337	300	20056	95445	1	1	589
68	68	4	3527210	32890	5602142	246493449	8561128	8826	328	23712	24	0	1	234	8583	324	4532	18836	1	1	159
69	69	5	4179925	68670	11810232	250673374	8629798	9966	738	57942	24	0	1	249	9708	345	13887	43690	1	1	409
70	70	6	4390269	46070	13931760	255063643	8675868	10151	717	35178	24	0	1	442	9700	378	9143	25637	1	1	397
71	71	7	3612747	14950	5615751	258676390	8690818	9017	113	5796	24	0	1	120	8889	333	1393	4051	1	1	52
72	72	0	3544789	19711	5511092	262221179	8710529	8226	198	11263	24	0	1	157	8060	334	2517	8393	1	1	94
73	73	1	4062778	9463	5342812	266283957	8719992	6421	97	2921	24	0	1	88	6325	350	957	1595	1	1	44
74	74	2	3342950	4953	4597323	269626907	8724945	2453	57	2419	24	0	1	57	2388	355	652	1393	1	1	24
75	75	3	4195677	42552	7498459	273822584	8767497	9202	220	33106	24	0	1	118	9076	356	5278	27452	1	1	109
76	76	4	4317460	62073	15085817	278140044	8829570	5382	542	56125	24	0	1	318	5055	379	9860	45866	1	1	291
77	77	5	3962533	13933	6516381	282102577	8843503	9109	202	4598	24	0	1	271	8829	358	1770	2451	1	1	96
78	78	6	3653738	51138	8194307	285756315	8894641	8837	550	41727	24	0	1	440	8388	360	9269	32078	1	1	319
79	79	7	4360662	82232	10472084	290116977	8976873	6425	1099	74684	24	0	1	457	5959	397	17594	56672	1	1	658
80	80	0	3641496	35125	6970880	293758473	9011998	5624	567	28910	24	0	1	272	5343	362	6739	21789	1	1	302
81	81	1	4854234	38805	8892316	298612707	9050803	11537	389	26855	24	0	1	198	11330	374	5330	21131	1	1	206
82	82	2	1633591	3867	2582676	300246298	9054670	3292	39	512	24	0	1	21	3263	376	118	1	1	1	15
83	83	3	3944700	32156	7727779	304190998	9086826	8512	353	23267	24	0	1	366	8137	413	3659	19175	1	1	176
84	84	4	5042057	155691	15972916	309233055	9242517	7200	1730	146737	24	0	1	378	6813	496	29876	116344	1	1	1028
85	85	5	3659721	16401	5847631	312892776	9258918	4777	194	11406	24	0	1	242	4526	519	2491	8377	1	1	92
86	86	6	2144976	6232	3177355	315037752	9265150	5255	23	930	24	0	1	25	5222	481	113	318	1	1	7
87	87	7	3561155	12360	4590544	318598907	9277510	8410	47	3879	24	0	1	67	8335	482	609	2769	1	1	19
88	88	0	3556695	11962	5022782	322155602	9289472	8533	59	3346	24	0	1	35	8490	475	685	2167	1	1	25
89	89	1	3272470	12712	5152002	325428072	9302184	7619	47	5022	24	0	1	27	7584	449	1042	3512	1	1	19
90	90	2	3461960	11893	4912013	328890032	9314077	8631	71	3167	24	0	1	85	8538	444	717	1987	1	1	31
91	91	3	3523849	9358	5167473	332413881	9323435	7771	61	1502	24	0	1	54	7709	427	386	670	1	1	26
92	92	4	3489699	14881	5789042	335903580	9338316	8598	113	6146	24	0	1	162	8427	277	1798	4052	1	1	52
93	93	5	3220543	6961	4676923	339124123	9345277	3837	65	3035	24	0	1	99	3730	255	562	2199	1	1	28
94	94	6	3249087	11313	4402253	342373210	9356590	8027	97	3165	24	0	1	77	7942	242	1522	1382	1	1	44
95	95	7	4333113	25868	7121090	346706323	9382458	5870	208	19766	24	0	1	285	5576	302	3308	16137	1	1	113
96	96	0	3517462	9928	5367912	350223785	9392386	7217	123	2564	24	0	1	138	7070	316	846	1383	1	1	57
97	97	1	3547675	24180	5507611	353771460	9416566	8944	272	14940	24	0	1	301	8634	332	3496	11093	1	1	136
98	98	2	3179678	21649	5632502	356951138	9438215	7806	222	13597	24	0	1	100	7698	311	2846	10421	1	1	106
99	99	3	3859590	18964	6123191	360810728	9457179	9741	177	9022	24	0	1	115	9618	306	1971	6726	1	1	89
100	100	4	3433195	34701	6770520	364243923	9491880	8332	425	25920	24	0	1	73	8251	317	5573	20010	1	1	225
101	101	5	3071572	42978	5897261	367315495	9534858	7115	119	35720	24	0	1	140	6966	358	1578	33764	1	1	55
102	102	6	3525715	10763	4491833	370841210	9545621	8235	42	2462	24	0	1	45	8182	369	384	1690	1	1	17
103	103	7	5110625	129484	21261789	375951835	9675105	10826	1144	117490	24	0	1	1091	9726	288	25498	91683	1	1	687
104	104	0	3463434	8296	4886972	379415269	9683401	4228	101	3943	24	0	1	77	4143	285	723	2916	1	1	46
105	105	1	3540687	10477	4292694	382955956	9693878	8853	67	1533	24	0	1	99	8746	280	400	834	1	1	29
106	106	2	3244383	3074	4908723	386200339	9696952	773	35	2242	24	0	1	53	712	272	426	1525	1	1	13
107	107	3	3662822	9597	5462721	389863161	9706549	4124	101	5348	24	0	1	116	4000	278	1025	4026	1	1	46
108	108	4	4307369	22934	6443961	394170530	9729483	9014	123	13773	24	0	1	171	8834	256	2271	11227	1	1	62
109	109	5	4136276	63207	9703865	398306806	9792690	5503	580	57100	24	0	1	76	5419	212	13927	42941	1	1	344
110	110	6	2776734	8912	3894864	401083540	9801602	6575	85	2228	24	0	1	116	6451	250	550	1409	1	1	38
111	111	7	3350332	30568	6179001	404433872	9832170	8333	345	21866	24	0	1	114	8211	277	3901	17668	1	1	179
112	112	0	3439469	32619	6436391	407873341	9864789	3635	103	28857	24	0	1	174	3452	310	2435	26092	1	1	49
113	113	1	4692869	42019	6310440	412566210	9906808	8076	421	33498	24	0	1	349	7718	299	5491	27688	1	1	219
114	114	2	2637187	55539	7378549	415203397	9962347	2620	708	52187	24	0	1	117	2495	321	9723	42123	1	1	418
115	115	3	681	528	526280	415204078	9962875	30	21	453	24	0	1	22	1	309	51	76	1	1	6
116	116	4	2409700	8019	3895334	417613778	9970894	5754	97	2144	24	0	1	152	5593	321	1060	744	1	1	44
117	117	5	2524092	18625	4616233	420137870	9989519	6076	283	12242	24	0	1	85	5983	304	2627	9292	1	1	136
118	118	6	3294128	6042	4295153	423431998	9995561	146	57	5815	24	0	1	89	50	274	1008	4514	1	1	24
119	119	7	3798909	11914	4988363	427230907	10007475	8557	93	3240	24	0	1	108	8441	259	707	2255	1	1	42
120	120	0	3950423	24329	6239360	431181330	10031804	9054	232	15019	24	0	1	205	8840	273	4098	10629	1	1	114
121	121	1	3063938	9131	4084923	434245268	10040935	4942	125	4040	24	0	1	57	4877	257	976	2788	1	1	58
122	122	2	2856621	8124	3499135	437101889	10049059	6877	87	1136	24	0	1	108	6761	243	366	508	1	1	39
123	123	3	5042192	112917	14273739	442144081	10161976	9365	544	102984	24	0	1	490	8866	301	14545	88118	1	1	303
124	124	4	4617031	38107	8058608	446761112	10200083	9615	427	28041	24	0	1	268	9338	330	5788	21903	1	1	227
125	125	5	2072253	3372	3245645	448833365	10203455	1116	73	2159	24	0	1	97	1011	347	439	1354	1	1	32
126	126	6	2568030	22700	5481792	451401395	10226155	6145	184	16347	24	0	1	193	5943	371	2301	13656	1	1	87
127	127	7	4567300	124287	13862099	455968695	10350442	9504	1075	113684	24	0	1	919	8576	459	18366	94838	1	1	636
128	128	0	3953449	49620	7614869	459922144	10400062	9110	561	39922	27	0	1	83	9018	421	6474	33006	1	1	312
129	129	1	1955142	10494	3390675	461877286	10410556	4228	157	6082	27	0	1	179	4039	477	1187	4398	1	1	73
130	130	2	1647856	11038	2792986	463525142	10421594	3561	60	7390	27	0	1	98	3454	475	672	6223	1	1	25
131	131	3	2236210	36560	6372570	465761352	10458154	4493	301	31739	27	0	1	473	4010	407	4663	26648	1	1	157
132	132	4	2592390	32243	4965292	468353742	10490397	6342	395	25479	27	0	1	310	6022	393	4025	21040	1	1	207
133	133	5	1743095	32600	3959525	470096837	10522997	3670	147	28756	27	0	1	186	3474	581	2333	25821	1	1	72
134	134	6	2022895	27274	4534983	472119732	10550271	4591	189	22467	27	0	1	212	4369	651	2744	19051	1	1	89
135	135	7	2052673	36797	4851973	474172405	10587068	4876	312	31582	27	0	1	340	4526	670	4718	26173	1	1	156
136	136	0	1976770	11795	3379155	476149175	10598863	4464	195	7109	27	0	1	100	4355	681	1635	4773	1	1	92
137	137	1	2369083	21250	3797364	478518258	10620113	5354	189	15680	27	0	1	219	5125	672	2783	12205	1	1	95
138	138	2	1856721	10523	2820996	480374979	10630636	4151	102	6243	27	0	1	81	4061	683	1062	4478	1	1	46
139	139	3	2076342	46831	5060382	482451321	10677467	4605	640	41559	27	0	1	158	4437	683	8572	32283	1	1	390
140	140	4	1927715	4234	3221705	484379036	10681701	917	90	3200	27	0	1	136	771	670	491	2019	1	1	40
141	141	5	1758615	4917	2599547	486137651	10686618	50	34	4806	27	0	1	41	1	475	583	3728	1	1	12
142	142	6	1962959	13352	2969546	488100610	10699970	4254	94	8977	27	0	1	152	4092	449	1093	7415	1	1	42
143	143	7	2301824	22926	4270864	490402434	10722896	1429	143	21327	27	0	1	119	1301	388	2482	18436	1	1	66
144	144	0	4466037	97101	10177314	494868471	10819997	9939	579	86556	27	0	1	684	9245	447	11674	74414	1	1	327
145	145	1	2786401	30213	5257172	497654872	10850210	6607	419	23160	27	0	1	429	6168	464	5552	17123	1	1	230
146	146	2	4042791	61462	8426157	501697663	10911672	8333	491	52611	27	0	1	328	7995	450	7911	44229	1	1	249
147	147	3	2341791	7625	3016206	504039454	10919297	5011	142	2445	27	0	1	139	4862	440	915	1070	1	1	55
148	148	4	5338306	138631	14323519	509377760	11057928	12259	1585	124760	27	0	1	1277	10972	795	20944	102999	1	1	819
149	149	5	3345805	29793	6433121	512723565	11087721	2832	459	26475	27	0	1	68	2755	788	5780	19886	1	1	240
150	150	6	3226990	11810	4596994	515950555	11099531	7857	136	3790	27	0	1	86	7762	748	976	2046	1	1	50
151	151	7	3603368	15247	5096912	519553923	11114778	3895	236	11089	27	0	1	252	3633	696	2173	8200	1	1	100
152	152	0	2002292	5668	3078816	521556215	11120446	1085	88	4468	27	0	1	84	992	648	879	2921	1	1	29
153	153	1	3593725	62593	8104608	525149940	11183039	8818	794	52954	27	0	1	353	8455	774	10657	41502	1	1	406
154	154	2	3270700	58155	10324034	528420640	11241194	7902	673	49553	27	0	1	140	7752	770	9889	38872	1	1	339
155	155	3	3103667	41851	5868771	531524307	11283045	7461	482	33881	27	0	1	87	7365	762	7139	25958	1	1	225
156	156	4	2318918	21880	3461195	533843225	11304925	5528	207	16118	27	0	1	55	5464	410	2810	12877	1	1	93
157	157	5	2324434	22847	5959911	536167659	11327772	5607	231	16982	27	0	1	58	5540	401	3228	13332	1	1	105
158	158	6	2859562	21756	5122003	539027221	11349528	2972	268	18489	27	0	1	157	2805	384	3419	14665	1	1	118
159	159	7	2745201	26711	4622174	541772422	11376239	6720	288	19676	27	0	1	79	6632	370	4053	15232	1	1	128
160	160	0	5268437	296329	20724719	547040859	11672568	12478	3628	280196	27	0	1	3513	8955	1158	45831	233184	1	1	1824
161	161	1	3901021	133454	13999409	550941880	11806022	5935	2096	125396	27	0	1	216	5709	1021	26088	98264	1	1	1057
162	162	2	5648896	300941	33972549	556590776	12106963	13650	3500	283764	27	0	1	352	13288	1065	47879	234797	1	1	1750
163	163	3	4647203	42266	7553099	561237979	12149229	6524	599	35116	27	0	1	424	6090	1094	6992	27008	1	1	303
164	164	4	5384109	258246	28523267	566622088	12407475	9349	2833	246037	27	0	1	407	8932	1151	40340	204523	1	1	1428
165	165	5	3757878	111681	11143444	570379966	12519156	9227	1624	100803	27	0	1	245	8972	1211	19714	79855	1	1	817
166	166	6	4255021	179719	14790078	574634987	12698875	7340	2517	169835	27	0	1	173	7157	1230	33773	134809	1	1	1264
167	167	7	4422666	193447	17966293	579057653	12892322	11473	2583	179364	27	0	1	119	11345	1246	35329	142766	1	1	1292
168	168	0	3665053	20000	5898191	582722706	12912322	8504	183	11286	27	0	1	53	8442	507	2043	8715	1	1	68
169	169	1	6169470	163155	27710949	588892176	13075477	12099	1216	149813	27	0	1	297	11792	524	23491	125775	1	1	611
170	170	2	5098648	35905	7863248	593990824	13111382	8730	505	26643	27	0	1	476	8244	603	5842	20176	1	1	234
171	171	3	4376001	179921	14559138	598366825	13291303	11196	2650	166048	27	0	1	281	10905	584	35223	130218	1	1	1331
172	172	4	4191388	45382	7814409	602558213	13336685	10927	682	33746	27	0	1	121	10797	580	7330	25814	1	1	319
173	173	5	4459467	92844	11366873	607017680	13429529	7651	1293	83873	27	0	1	378	7263	589	18375	64886	1	1	645
174	174	6	5079225	134398	20436959	612096905	13563927	8561	1294	124516	27	0	1	162	8389	590	18307	105596	1	1	647
175	175	7	4068126	41037	7279119	616165031	13604964	9962	519	30529	27	0	1	592	9360	662	8084	21761	1	1	239
176	176	0	4262079	26273	6346221	620427110	13631237	11021	251	14974	27	0	1	135	10876	651	2944	11358	1	1	99
177	177	1	4530667	79803	8056148	624957777	13711040	11369	786	67621	27	0	1	115	11245	616	10797	56186	1	1	391
178	178	2	4484470	16958	6086041	629442247	13727998	11303	225	5403	27	0	1	152	11141	484	2560	2338	1	1	90
179	179	3	2004029	4922	2768935	631446276	13732920	2568	40	2287	27	0	1	51	2508	454	99	1714	1	1	11
180	180	4	6572910	96685	22131698	638019186	13829605	8458	747	87453	27	0	1	655	7793	490	15102	71839	1	1	362
181	181	5	3576456	37268	6731821	641595642	13866873	8926	584	27731	27	0	1	408	8508	433	4614	22662	1	1	277
182	182	6	5937659	51338	10002625	647533301	13918211	8130	408	42773	27	0	1	282	7838	450	9139	33162	1	1	179
183	183	7	5258676	141739	20971008	652791977	14059950	13139	1264	127309	27	0	1	131	12998	366	18237	108683	1	1	644
184	184	0	3933920	12721	5224502	656725897	14072671	10034	129	2531	27	0	1	88	9937	378	973	1159	1	1	45
185	185	1	4009788	15718	5488762	660735685	14088389	10133	127	5431	27	0	1	139	9984	378	1180	3852	1	1	47
186	186	2	5365076	29192	7871439	666100761	14117581	13519	344	15302	27	0	1	277	13232	451	3294	11536	1	1	146
187	187	3	3855476	11977	4725093	669956237	14129558	9575	51	2324	27	0	1	61	9505	485	364	1454	1	1	14
188	188	4	5658648	13510	6803160	675614885	14143068	7852	113	5518	27	0	1	128	7714	423	1227	3847	1	1	40
189	189	5	4427369	31192	6875950	680042254	14174260	11491	351	19323	27	0	1	218	11263	421	4649	14232	1	1	143
190	190	6	3511244	7950	3381285	683553498	14182210	5206	89	2628	27	0	1	66	5131	400	451	1756	1	1	27
191	191	7	4067346	11373	5416802	687620844	14193583	10156	40	1150	27	0	1	48	10099	394	152	583	1	1	10
192	192	0	4183656	18142	6418540	691804500	14211725	11059	184	6872	27	0	1	187	10862	391	1527	4933	1	1	77
193	193	1	5805682	27641	7586909	697610182	14239366	7950	287	19377	27	0	1	244	7696	415	3642	15299	1	1	116
194	194	2	4353898	14162	4853163	701964080	14253528	11476	159	2500	27	0	1	118	11349	346	971	1162	1	1	53
195	195	3	4100812	13100	5620511	706064892	14266628	4198	182	8693	27	0	1	94	4095	323	2327	6022	1	1	67
196	196	4	4401194	13736	5705212	710466086	14280364	4105	187	9417	27	0	1	146	3949	310	1637	7449	1	1	73
197	197	5	4461010	93518	9617586	714927096	14373882	11377	663	81451	27	0	1	372	10995	433	12002	68994	1	1	328
198	198	6	4155406	12408	3825874	719082502	14386290	10728	112	1541	27	0	1	60	10659	445	369	706	1	1	35
199	199	7	5241132	15652	6667420	724323634	14401942	13234	136	2255	27	0	1	61	13164	450	705	1079	1	1	45
200	200	0	4936312	13422	6480780	729259946	14415364	3060	181	10154	27	0	1	165	2885	453	2221	7459	1	1	71
201	201	1	3950832	12630	4335624	733210778	14427994	10329	88	2186	27	0	1	64	10256	425	366	1374	1	1	26
202	202	2	2931169	8362	3674145	736141947	14436356	3063	125	5147	27	0	1	163	2890	466	992	3668	1	1	51
203	203	3	1688438	6531	2582966	737830385	14442887	3507	77	2920	27	0	1	41	3457	469	507	1923	1	1	25
204	204	4	5268727	47452	9003137	743099112	14490339	13145	521	33759	27	0	1	158	12977	444	6378	26915	1	1	244
205	205	5	3982502	12267	4984532	747081614	14502606	3574	140	8526	27	0	1	177	3387	365	1272	6868	1	1	50
206	206	6	4195997	34021	6631820	751277611	14536627	10135	342	23517	27	0	1	204	9921	378	4938	18179	1	1	148
207	207	7	4582935	29215	6441851	755860546	14565842	4099	403	24686	27	0	1	212	3877	395	6524	17745	1	1	167
208	208	0	5334740	34170	7438139	761195286	14600012	13031	277	20835	27	0	1	163	12858	387	4006	16420	1	1	114
209	209	1	4315671	13627	5520502	765510957	14613639	6819	153	6628	27	0	1	180	6629	383	1127	5097	1	1	59
210	210	2	3702869	11134	5447382	769213826	14624773	5542	148	5417	27	0	1	130	5402	348	1753	3295	1	1	55
211	211	3	4337756	14666	5618022	773551582	14639439	10887	100	3652	27	0	1	73	10805	349	721	2561	1	1	30
212	212	4	3960306	7425	5047002	777511888	14646864	3874	119	3405	27	0	1	119	3746	362	811	2211	1	1	41
213	213	5	4585437	33593	9921875	782097325	14680457	11905	395	21266	27	0	1	408	11487	389	4137	16718	1	1	182
214	214	6	4801319	88815	10848284	786898644	14769272	11993	678	76117	27	0	1	304	11679	436	10868	64791	1	1	344
215	215	7	3966339	25100	6381571	790864983	14794372	6765	333	17975	27	0	1	104	6652	415	3511	14028	1	1	143
216	216	0	5927127	56581	10462224	796792110	14850953	9687	593	46274	27	0	1	188	9489	425	10344	35483	1	1	283
217	217	1	5807979	36957	8053138	802600089	14887910	13925	418	22587	27	0	1	166	13749	434	6582	15550	1	1	198
218	218	2	3325029	11980	4884013	805925118	14899890	7435	92	4426	27	0	1	93	7333	427	688	3290	1	1	29
219	219	3	3926663	14001	5954271	809851781	14913891	3156	240	10578	27	0	1	235	2911	460	1733	8364	1	1	103
220	220	4	5514995	17958	7025719	815366776	14931849	13718	175	4038	27	0	1	123	13586	436	1658	1923	1	1	63
221	221	5	5063745	95138	19790331	820430521	15026987	12863	1010	81238	27	0	1	144	12709	384	14956	65876	1	1	515
222	222	6	3389531	15241	3858724	823820052	15042228	8935	112	6167	27	0	1	87	8839	358	1330	4458	1	1	39
223	223	7	3970700	9820	5563832	827790752	15052048	5304	128	4361	27	0	1	163	5131	357	877	3106	1	1	51
224	224	0	3304528	5555	4869662	831095280	15057603	3806	76	1646	27	0	1	78	3719	363	415	847	1	1	26
225	225	1	4952868	52434	9467056	836048148	15110037	12086	617	39704	27	0	1	238	11838	356	7469	31857	1	1	305
226	226	2	5004357	50862	10212485	841052505	15160899	8599	720	41516	27	0	1	321	8268	345	8894	32255	1	1	363
227	227	3	3999060	31780	6904769	845051565	15192679	4736	308	26709	27	0	1	78	4649	309	4877	21501	1	1	127
228	228	4	2159102	6317	2854965	847210667	15198996	4983	34	1273	27	0	1	34	4940	309	165	778	1	1	8
229	229	5	2069876	17103	4337554	849280543	15216099	817	250	16009	27	0	1	178	629	352	2964	12672	1	1	99
230	230	6	2209656	14499	3606174	851490199	15230598	5287	112	9073	27	0	1	55	5223	296	1745	7011	1	1	42
231	231	7	2179436	39410	4783603	853669635	15270008	1621	433	37329	27	0	1	398	1213	587	4805	31915	1	1	202
232	232	0	1818393	5503	2489446	855488028	15275511	4010	34	1432	27	0	1	32	3969	572	156	683	1	1	8
233	233	1	2102699	33910	3717615	857590727	15309421	4783	364	28736	27	0	1	128	4645	568	3857	24289	1	1	166
234	234	2	2166499	40485	6579600	859757226	15349906	1591	457	38410	27	0	1	121	1461	548	5743	32097	1	1	217
235	235	3	2105967	34202	5152002	861863193	15384108	1326	340	32509	27	0	1	94	1223	569	4312	27606	1	1	151
236	236	4	2187660	43504	5575912	864050853	15427612	1611	453	41413	27	0	1	129	1472	574	6894	33923	1	1	214
237	237	5	2065749	11018	2861246	866116602	15438630	906	249	9836	27	0	1	117	780	574	2085	7156	1	1	109
238	238	6	2079620	28274	4831563	868196222	15466904	4893	318	23036	27	0	1	158	4725	582	3134	19298	1	1	136
239	239	7	2052892	7799	2436956	870249114	15474703	4941	81	2750	27	0	1	92	4840	334	711	1684	1	1	26
240	240	0	1976277	27973	3915224	872225391	15502676	4721	313	22912	27	0	1	54	4658	342	3337	19211	1	1	133
241	241	1	2063528	8491	3555015	874288919	15511167	4817	117	3530	27	0	1	118	4690	358	1191	1960	1	1	41
242	242	2	2053479	9653	3474554	876342398	15520820	4942	116	4568	27	0	1	89	4844	351	1095	3101	1	1	42
243	243	3	2050152	7981	2402257	878392550	15528801	4957	110	2887	27	0	1	103	4845	298	700	1868	1	1	36
244	244	4	1886986	5536	3091445	880279536	15534337	4196	73	1240	27	0	1	27	4160	255	667	297	1	1	23
245	245	5	1977267	7065	3395505	882256803	15541402	4674	101	2263	27	0	1	95	4570	246	1016	980	1	1	35
246	246	6	2212855	16772	4109904	884469658	15558174	5266	206	11273	27	0	1	170	5086	300	2899	8053	1	1	84
247	247	7	1973876	6272	3193935	886443534	15564446	4618	82	1545	27	0	1	45	4564	294	729	501	1	1	26
248	248	0	1984542	8462	3306845	888428076	15572908	4662	92	3681	27	0	1	35	4618	281	1006	2373	1	1	28
249	249	1	2087488	27594	4331204	890515564	15600502	4684	160	22723	27	0	1	121	4554	288	1872	20541	1	1	65
250	250	2	1888594	3019	3103285	892404158	15603521	590	82	2320	27	0	1	114	467	288	752	1259	1	1	28
251	251	3	2256196	17909	4357304	894660354	15621430	1913	222	15747	27	0	1	134	1769	317	3565	11844	1	1	88
252	252	4	2075361	4665	3279595	896735715	15626095	1258	121	3259	27	0	1	143	1105	343	749	2146	1	1	45
253	253	5	1043816	3810	2094157	897779531	15629905	1926	64	1793	27	0	1	94	1823	338	484	950	1	1	18
254	254	6	2254339	17755	4236993	900033870	15647660	1558	242	15928	27	0	1	106	1443	285	4058	11564	1	1	94
255	255	7	2207387	14657	3820505	902241257	15662317	5445	120	9065	27	0	1	133	5302	306	1834	6904	1	1	41
256	256	0	2132775	12077	3935994	904374032	15674394	1403	131	10516	27	0	1	70	1324	308	2208	7979	1	1	44
257	257	1	2117265	12253	3852364	906491297	15686647	1360	113	10753	27	0	1	47	1304	304	2957	7471	1	1	39
258	258	2	2052386	8391	3431825	908543683	15695038	4886	128	3350	27	0	1	48	4829	288	1322	1719	1	1	45
259	259	3	2791252	35600	5141002	911334935	15730638	6673	262	28638	27	0	1	168	6495	328	4339	23949	1	1	120
260	260	4	2166312	13714	3891174	913501247	15744352	5345	133	8209	27	0	1	74	5262	299	1720	6169	1	1	48
261	261	5	2131740	21312	4717133	915632987	15765664	5131	183	15971	27	0	1	48	5074	296	3387	12267	1	1	70
262	262	6	2178590	12886	3727255	917811577	15778550	5316	107	7436	27	0	1	73	5234	280	1371	5764	1	1	35
263	263	7	2676743	18971	4748022	920488320	15797521	3181	147	15616	27	0	1	97	3075	284	5986	9325	1	1	55
264	264	0	2020135	5047	3306785	922508455	15802568	1066	100	3854	27	0	1	55	1002	297	739	2797	1	1	30
265	265	1	2594363	13917	3761594	925102818	15816485	6411	110	7369	27	0	1	96	6306	300	1700	5348	1	1	36
266	266	2	2105899	4362	3162515	927208717	15820847	454	46	3835	27	0	1	44	401	284	673	2857	1	1	12
267	267	3	2172547	4454	3589285	929381264	15825301	668	99	3660	27	0	1	56	603	235	956	2448	1	1	35
268	268	4	2704680	17380	4452333	932085944	15842681	1735	154	15464	27	0	1	131	1594	239	3953	11251	1	1	56
269	269	5	2283855	20938	4987863	934369799	15863619	1819	295	18797	27	0	1	120	1690	246	4801	13729	1	1	118
270	270	6	2065650	6420	2845285	936435449	15870039	5050	64	1279	27	0	1	66	4975	248	294	716	1	1	18
271	271	7	2399040	32574	5988042	938834489	15902613	1814	498	30235	27	0	1	379	1425	451	6483	23279	1	1	228
272	272	0	2839973	64408	8356477	941674462	15967021	6829	610	56942	27	0	1	216	6603	453	8701	47766	1	1	298
273	273	1	2137046	10599	3864284	943811508	15977620	1658	176	8738	27	0	1	75	1574	454	2200	6063	1	1	71
274	274	2	2179121	14754	4524044	945990629	15992374	1493	246	12988	27	0	1	142	1341	501	3377	9089	1	1	95
275	275	3	2398376	29495	5136893	948389005	16021869	5624	445	23399	27	0	1	107	5508	498	5032	17847	1	1	198
276	276	4	3160001	96756	9485116	951549006	16118625	3924	851	91954	27	0	1	444	3470	679	15277	75976	1	1	417
277	277	5	2280201	12398	3900674	953829207	16131023	5265	165	6941	27	0	1	49	5207	662	2078	4180	1	1	66
278	278	6	2648784	36513	5553841	956477991	16167536	6108	573	29805	27	0	1	163	5935	636	7115	22032	1	1	267
279	279	7	2649539	17362	4133694	959127530	16184898	6788	196	10351	27	0	1	92	6687	472	2242	7616	1	1	83
280	280	0	2644643	27390	5542172	961772173	16212288	6726	406	20231	27	0	1	147	6569	455	4677	15078	1	1	180
281	281	1	2458044	21539	4113274	964230217	16233827	5694	282	15536	27	0	1	158	5526	466	3854	11195	1	1	117
282	282	2	2619151	28499	5452712	966849368	16262326	6406	435	21631	27	0	1	111	6286	417	4668	16524	1	1	196
283	283	3	2590431	23593	5259662	969439799	16285919	6438	361	16767	27	0	1	327	6101	402	3597	12747	1	1	162
284	284	4	2421006	8161	3833744	971860805	16294080	2446	131	5557	27	0	1	138	2298	189	2220	3127	1	1	47
285	285	5	2406291	18946	5236542	974267096	16313026	2368	314	16237	27	0	1	70	2289	191	3335	12690	1	1	126
286	286	6	2209753	3858	3535345	976476849	16316884	1453	98	2280	27	0	1	87	1357	197	609	1453	1	1	32
287	287	7	2636606	7535	4084604	979113455	16324419	5673	64	1771	27	0	1	66	5598	203	426	1121	1	1	18
288	288	0	2415368	9210	4111484	981528823	16333629	3807	130	5246	27	0	1	126	3672	200	1553	3472	1	1	45
289	289	1	2749706	33118	5962891	984278529	16366747	2761	382	29948	27	0	1	182	2569	187	5209	24530	1	1	166
290	290	2	2520960	7815	4250973	986799489	16374562	2945	113	4730	27	0	1	141	2794	189	1411	3109	1	1	40
291	291	3	2656492	11710	4240433	989455981	16386272	2524	90	9069	27	0	1	49	2466	194	1453	7401	1	1	28
292	292	4	1957849	3643	3201435	991413830	16389915	1144	76	2396	27	0	1	83	1052	202	577	1596	1	1	23
293	293	5	2651501	16817	4681573	994065331	16406732	6458	203	10129	27	0	1	127	6322	204	2082	7822	1	1	82
294	294	6	2023612	5409	3285215	996088943	16412141	4733	53	596	27	0	1	30	4694	208	201	166	1	1	15
295	295	7	2398555	5561	3755945	998487498	16417702	2514	85	2935	27	0	1	49	2456	205	1079	1630	1	1	25
296	296	0	2687206	21330	4680523	1001174704	16439032	6552	329	14422	27	0	1	303	6239	195	3166	11040	1	1	143
297	297	1	1875101	3654	3436725	1003049805	16442686	678	71	2878	27	0	1	79	590	172	520	2165	1	1	21
298	298	2	2378070	8784	3842444	1005427875	16451470	5650	102	3005	27	0	1	81	5560	174	656	2154	1	1	32
299	299	3	3357007	44853	6671110	1008784882	16496323	8293	333	36200	27	0	1	306	7977	198	7158	28822	1	1	137
300	300	4	2068964	7582	3445465	1010853846	16503905	4744	109	2702	27	0	1	88	4647	212	590	1879	1	1	38
301	301	5	2015131	8635	3546924	1012868977	16512540	4538	85	3985	27	0	1	71	4458	208	971	2785	1	1	25
302	302	6	2178776	12794	3575254	1015047753	16525334	4946	128	7693	27	0	1	40	4897	208	1632	5832	1	1	45
303	303	7	2504400	19011	3650845	1017552153	16544345	6191	366	12427	27	0	1	416	5765	438	2862	9106	1	1	169
304	304	0	2956350	41800	6692310	1020508503	16586145	7406	546	33821	27	0	1	383	7013	557	6989	26253	1	1	265
305	305	1	1863394	8163	4527153	1022371897	16594308	4218	110	3808	27	0	1	71	4138	570	770	2447	1	1	38
306	306	2	1797194	3908	3202955	1024169091	16598216	297	89	3495	27	0	1	75	213	567	746	2161	1	1	27
307	307	3	2272919	22250	4611573	1026442010	16620466	5503	470	16250	27	0	1	154	5339	531	3982	11716	1	1	220
308	308	4	1856354	6432	2640456	1028298364	16626898	4096	73	2236	27	0	1	45	4042	541	442	1232	1	1	21
309	309	5	2218488	16398	4085904	1030516852	16643296	5386	322	10663	27	0	1	97	5280	547	2524	7571	1	1	139
310	310	6	2220559	22473	4142054	1032737411	16665769	5325	454	16667	27	0	1	289	5026	510	4837	11299	1	1	209
311	311	7	2102781	8056	3360165	1034840192	16673825	5149	173	2707	27	0	1	84	5056	341	850	1495	1	1	66
312	312	0	2106812	12100	3684525	1036947004	16685925	5165	259	6649	27	0	1	89	5067	220	4328	2080	1	1	100
313	313	1	2602358	18032	3718455	1039549362	16703957	2828	370	14807	27	0	1	161	2657	234	3003	11549	1	1	163
314	314	2	2139448	16081	3744714	1041688810	16720038	5209	325	10520	27	0	1	35	5165	230	2560	7709	1	1	140
315	315	3	2141410	8140	3541845	1043830220	16728178	5238	99	2776	27	0	1	43	5186	221	789	1745	1	1	31
316	316	4	1859228	5890	2810166	1045689448	16734068	4034	55	1774	27	0	1	45	3980	217	323	1213	1	1	15
317	317	5	1860650	6447	2848865	1047550098	16740515	4162	90	2168	27	0	1	33	4120	204	564	1379	1	1	28
318	318	6	2210351	11170	3042946	1049760449	16751685	5631	201	5311	27	0	1	140	5481	211	1403	3676	1	1	80
319	319	7	1877166	7613	3056905	1051637615	16759298	4271	111	3204	27	0	1	115	4147	215	795	2173	1	1	41
320	320	0	1803169	5089	2726756	1053440784	16764387	3818	55	1189	27	0	1	73	3736	185	284	699	1	1	15
321	321	1	1953803	6326	3128526	1055394587	16770713	4674	73	1552	27	0	1	81	4584	175	477	879	1	1	21
322	322	2	2869737	86489	8671647	1058264324	16857202	3109	631	82722	27	0	1	324	2775	271	10295	72134	1	1	306
323	323	3	2025900	6762	3179065	1060290224	16863964	917	118	5700	27	0	1	153	754	311	1248	4120	1	1	45
324	324	4	2106108	9408	3765594	1062396332	16873372	1169	158	8054	27	0	1	136	1023	338	1615	6080	1	1	61
325	325	5	1904706	3744	2122347	1064301038	16877116	755	90	2872	27	0	1	42	704	333	606	1912	1	1	29
326	326	6	1819437	5534	2596516	1066120475	16882650	4004	34	1469	27	0	1	30	3965	334	272	842	1	1	8
327	327	7	1818399	5415	2932786	1067938874	16888065	4004	38	1346	27	0	1	30	3965	343	192	790	1	1	10
328	328	0	2264333	19990	4103104	1070203207	16908055	5516	156	14291	27	0	1	153	5353	424	2942	10904	1	1	59
329	329	1	2240963	13286	3232716	1072444170	16921341	1632	169	11458	27	0	1	148	1474	451	3933	7053	1	1	71
330	330	2	2099526	4811	3543374	1074543696	16926152	1662	73	3049	27	0	1	83	1570	367	571	2090	1	1	21
331	331	3	2113177	8675	3685064	1076656873	16934827	1956	192	6500	27	0	1	180	1766	345	2404	3730	1	1	80
332	332	4	2689218	33722	5747121	1079346091	16968549	6385	364	26946	27	0	1	332	6043	392	5082	21450	1	1	156
333	333	5	2682132	45018	4780822	1082028223	17013567	6653	383	37955	27	0	1	259	6384	453	7602	29878	1	1	167
334	334	6	1962396	4253	2467786	1083990619	17017820	893	93	3240	27	0	1	49	835	463	554	2202	1	1	36
335	335	7	2084194	6918	2977615	1086074813	17024738	1071	76	5744	27	0	1	78	984	451	560	4712	1	1	22
336	336	0	2205220	11989	3470025	1088280033	17036727	5480	142	6340	27	0	1	110	5361	418	2025	3876	1	1	52
337	337	1	2495931	25632	4270434	1090775964	17062359	6052	265	19288	27	0	1	192	5850	407	3852	15008	1	1	104
338	338	2	1770977	1494	2567846	1092546941	17063853	55	49	1363	27	0	1	46	1	409	209	724	1	1	13
339	339	3	2005112	9027	3752864	1094552053	17072880	4853	166	3981	27	0	1	179	4664	409	1056	2495	1	1	65
340	340	4	2310272	7076	3561535	1096862325	17079956	1556	169	5324	27	0	1	143	1403	382	1841	3080	1	1	64
341	341	5	2214644	11904	3361965	1099076969	17091860	5499	154	6224	27	0	1	88	5402	315	2617	3271	1	1	57
342	342	6	2305341	15730	5088062	1101382310	17107590	5768	246	9689	27	0	1	71	5688	323	3435	5910	1	1	98
343	343	7	3133922	69046	8636887	1104516232	17176636	7640	800	60579	27	0	1	439	7191	474	11582	48501	1	1	386
344	344	0	2988064	62826	6929960	1107504296	17239462	3580	610	58609	27	0	1	239	3331	526	11507	46554	1	1	292
345	345	1	2097237	8668	2703496	1109601533	17248130	5059	91	3491	27	0	1	88	4962	497	908	2065	1	1	27
346	346	2	2038054	10008	3205195	1111639587	17258138	4984	156	4841	27	0	1	41	4934	488	1097	3235	1	1	56
347	347	3	2506094	22484	4149274	1114145681	17280622	6356	236	15865	27	0	1	95	6252	504	3164	12176	1	1	91
348	348	4	2746254	25376	5191252	1116891935	17305998	4920	266	20163	27	0	1	104	4807	495	4586	15061	1	1	104
349	349	5	2581651	9384	3832604	1119473586	17315382	6402	88	2867	27	0	1	84	6309	500	901	1445	1	1	26
350	350	6	2073175	7461	2910636	1121546761	17322843	4956	90	2388	27	0	1	52	4895	502	475	1390	1	1	27
351	351	7	2503730	8260	3893114	1124050491	17331103	6287	104	1842	27	0	1	44	6234	381	685	755	1	1	33
352	352	0	2502614	8022	3728825	1126553105	17339125	6278	76	1641	27	0	1	35	6234	277	922	421	1	1	22
353	353	1	2504894	25046	4586014	1129057999	17364171	6140	312	18567	27	0	1	70	6061	282	4815	13449	1	1	123
354	354	2	2865415	46151	5964451	1131923414	17410322	7440	540	38144	27	0	1	166	7264	268	9518	28336	1	1	252
355	355	3	2563914	11149	4052364	1134487328	17421471	6433	122	4567	27	0	1	133	6290	275	2159	2112	1	1	39
356	356	4	2874128	14365	4056854	1137361456	17435836	7185	136	7017	27	0	1	128	7047	279	2560	4157	1	1	46
357	357	5	2504276	17684	4417293	1139865732	17453520	6437	157	11063	27	0	1	118	6310	260	3159	7623	1	1	57
358	358	6	2532180	32892	5336792	1142397912	17486412	6273	433	26159	27	0	1	40	6224	254	6373	19510	1	1	204
359	359	7	2517241	9700	3699955	1144915153	17496112	6240	46	3387	27	0	1	34	6197	233	536	2597	1	1	12
360	360	0	2978282	19708	5468122	1147893435	17515820	7342	258	12081	27	0	1	167	7165	245	3415	8400	1	1	104
361	361	1	2782036	25228	4556714	1150675471	17541048	6898	280	18023	27	0	1	76	6813	236	4226	13540	1	1	120
362	362	2	2510756	8281	3877174	1153186227	17549329	4372	104	3778	27	0	1	115	4248	265	2290	1202	1	1	33
363	363	3	2504607	7631	3682034	1155690834	17556960	6383	43	1178	27	0	1	42	6332	267	236	654	1	1	11
364	364	4	2284993	6679	3094745	1157975827	17563639	5620	40	992	27	0	1	31	5580	266	195	510	1	1	10
365	365	5	2845114	15499	5224602	1160820941	17579138	7202	175	8095	27	0	1	127	7066	262	3784	4028	1	1	59
366	366	6	2834424	27855	5756671	1163655365	17606993	7155	303	20370	27	0	1	87	7059	268	5591	14490	1	1	128
367	367	7	2510439	11160	4054124	1166165804	17618153	6302	120	4711	27	0	1	83	6210	265	3075	1350	1	1	40
368	368	0	2531834	8953	2991516	1168697638	17627106	6275	70	2581	27	0	1	53	6213	246	1770	544	1	1	20
369	369	1	2510464	10572	2973845	1171208102	17637678	6280	70	4195	27	0	1	61	6210	255	2394	1525	1	1	20
370	370	2	2504029	7585	3806345	1173712131	17645263	6277	76	1205	27	0	1	58	6210	227	394	563	1	1	22
371	371	3	2675262	24579	4535524	1176387393	17669842	2251	320	21981	27	0	1	253	1988	241	4692	17026	1	1	132
372	372	4	2699204	11078	4099934	1179086597	17680920	2734	168	8149	27	0	1	179	2545	252	2383	5493	1	1	64
373	373	5	2187332	5701	3620464	1181273929	17686621	2137	103	3434	27	0	1	99	2029	253	676	2484	1	1	32
374	374	6	2178460	7366	3366435	1183452389	17693987	5413	90	1836	27	0	1	84	5320	240	602	973	1	1	27
375	375	7	2307960	13378	4044524	1185760349	17707365	5687	118	7546	27	0	1	61	5617	245	4447	2833	1	1	39
376	376	0	1818966	5200	2703016	1187579315	17712565	4001	28	1144	27	0	1	27	3965	240	304	579	1	1	6
377	377	1	2967783	21495	4486653	1190547098	17734060	3510	398	17560	27	0	1	323	3177	240	5696	11603	1	1	165
378	378	2	2078333	7047	2943296	1192625431	17741107	5048	64	1908	27	0	1	30	5009	222	439	1226	1	1	18
379	379	3	2172005	7258	3464925	1194797436	17748365	5323	61	1847	27	0	1	50	5264	219	377	1230	1	1	17
380	380	4	2260788	3638	3371445	1197058224	17752003	835	97	2679	27	0	1	122	704	205	619	1834	1	1	34
381	381	5	2549993	9447	3580514	1199608217	17761450	6273	78	3069	27	0	1	98	6166	211	531	2306	1	1	23
382	382	6	2518999	27416	5091443	1202127216	17788866	6139	193	21057	27	0	1	107	6023	229	4233	16573	1	1	77
383	383	7	2503830	4020	2974765	1204631046	17792886	3079	45	869	27	0	1	63	3007	230	258	360	1	1	12
384	384	0	2324477	9034	3543065	1206955523	17801920	1484	55	7468	27	0	1	79	1396	225	509	6713	1	1	15
385	385	1	2311528	4154	2473826	1209267051	17806074	2310	86	1731	27	0	1	93	2208	270	830	610	1	1	26
386	386	2	2308752	6990	3372815	1211575803	17813064	5615	46	1302	27	0	1	38	5568	288	274	719	1	1	12
387	387	3	2309068	7117	3600905	1213884871	17820181	5745	40	1305	27	0	1	34	5702	290	178	816	1	1	10
388	388	4	2330150	8520	3606904	1216215021	17828701	5675	78	2740	27	0	1	89	5577	336	393	1990	1	1	23
389	389	5	2309854	7229	2890815	1218524875	17835930	5745	40	1417	27	0	1	34	5702	320	196	880	1	1	10
390	390	6	2309085	7006	3434525	1220833960	17842936	5751	43	1185	27	0	1	40	5702	292	175	697	1	1	11
391	391	7	2373647	12079	4163534	1223207607	17855015	5921	227	5904	27	0	1	240	5671	466	1587	3830	1	1	96
392	392	0	2308647	7143	3091215	1225516254	17862158	5751	43	1322	27	0	1	40	5702	469	161	671	1	1	11
393	393	1	2317545	8305	3733995	1227833799	17870463	5769	52	2457	27	0	1	58	5702	419	602	1415	1	1	14
394	394	2	2312820	7595	3096085	1230146619	17878058	5774	55	1739	27	0	1	48	5717	394	312	1012	1	1	15
395	395	3	2346883	9365	3395125	1232493502	17887423	5739	76	3523	27	0	1	76	5654	380	1031	2091	1	1	22
396	396	4	2309779	6800	2857756	1234803281	17894223	5745	34	994	27	0	1	34	5702	336	174	463	1	1	8
397	397	5	2309801	1097	3412795	1237113082	17895320	43	34	993	27	0	1	34	1	337	174	461	1	1	8
398	398	6	2309698	878	3354484	1239422780	17896198	43	34	774	27	0	1	34	1	332	191	230	1	1	8
399	399	7	2309523	1000	2974145	1241732303	17897198	43	37	893	27	0	1	34	1	161	204	507	1	1	9
400	400	0	2310575	818	3174885	1244042878	17898016	43	34	714	27	0	1	34	1	162	199	332	1	1	8
401	401	1	2309581	880	2973366	1246352459	17898896	43	34	776	27	0	1	34	1	169	147	439	1	1	8
402	402	2	2311095	1086	3134835	1248663554	17899982	49	37	973	27	0	1	40	1	172	210	570	1	1	9
403	403	3	2309079	750	2527206	1250972633	17900732	43	34	646	27	0	1	34	1	176	144	305	1	1	8
404	404	4	2308467	682	3181626	1253281100	17901414	43	34	578	27	0	1	34	1	177	113	268	1	1	8
405	405	5	2308512	682	2896285	1255589612	17902096	43	34	578	27	0	1	34	1	173	114	271	1	1	8
406	406	6	2312032	1093	3144365	1257901644	17903189	58	46	962	27	0	1	49	1	172	243	526	1	1	12
407	407	7	2308799	468	2489986	1260210443	17903657	43	31	367	27	0	1	34	1	170	116	62	1	1	7
408	408	0	2309020	653	2538786	1262519463	17904310	43	34	549	27	0	1	34	1	172	119	238	1	1	8
409	409	1	2319655	7643	3245175	1264839118	17911953	5800	67	1749	27	0	1	62	5729	170	457	1101	1	1	19
410	410	2	2308396	628	2993615	1267147514	17912581	43	34	524	27	0	1	34	1	169	110	225	1	1	8
411	411	3	2309899	881	3024956	1269457413	17913462	43	34	777	27	0	1	34	1	168	158	430	1	1	8
412	412	4	2310455	1079	3396225	1271767868	17914541	43	34	975	27	0	1	34	1	166	192	596	1	1	8
413	413	5	2310685	6753	2839156	1274078553	17921294	5730	37	959	27	0	1	39	5682	166	194	578	1	1	9
414	414	6	2309271	642	2441956	1276387824	17921936	43	34	538	27	0	1	34	1	167	130	220	1	1	8
415	415	7	2308906	472	3145205	1278696730	17922408	43	31	371	27	0	1	34	1	164	121	67	1	1	7
416	416	0	2308284	630	3371805	1281005014	17923038	43	34	526	27	0	1	34	1	167	107	232	1	1	8
417	417	1	2308662	635	3157506	1283313676	17923673	43	34	531	27	0	1	34	1	172	114	225	1	1	8
418	418	2	2267008	6533	2606476	1285580684	17930206	5457	28	1021	27	0	1	25	5423	173	432	395	1	1	6
419	419	3	2367771	7061	2883215	1287948455	17937267	2019	105	4910	27	0	1	75	1935	178	980	3731	1	1	34
420	420	4	2491918	6951	3265945	1290440373	17944218	2448	67	4409	27	0	1	74	2365	202	576	3610	1	1	20
421	421	5	1798770	3303	1982448	1292239143	17947521	562	67	2647	27	0	1	71	482	218	513	1895	1	1	19
422	422	6	2375793	10985	3326446	1294614936	17958506	811	129	10018	27	0	1	148	653	281	1582	8134	1	1	51
423	423	7	3094820	63922	6571521	1297709756	18022428	4185	455	59255	27	0	1	159	4016	305	6976	51952	1	1	207
424	424	0	3655562	98910	9475246	1301365318	18121338	4756	665	93462	27	0	1	283	4463	336	12151	80953	1	1	320
425	425	1	687456	4431	1418847	1302052774	18125769	1988	98	2318	27	0	1	95	1884	362	471	1464	1	1	34
426	426	2	780730	8126	1847377	1302833504	18133895	2085	161	5853	27	0	1	111	1965	373	1342	4117	1	1	64
427	427	3	1523475	43206	5050603	1304356979	18177101	2968	285	39926	27	0	1	248	2710	382	6944	32578	1	1	122
428	428	4	932972	26255	3419945	1305289951	18203356	2318	323	23587	27	0	1	263	2045	393	4410	18762	1	1	139
429	429	5	748048	12833	2216277	1306037999	18216189	1990	101	10715	27	0	1	92	1889	385	1522	8787	1	1	35
430	430	6	1352808	11334	2710365	1307390807	18227523	2759	131	8417	27	0	1	64	2686	318	1967	6111	1	1	51
431	431	7	3317796	10787	4746713	1310708603	18238310	7258	84	3418	27	0	1	103	7146	304	535	2558	1	1	28
432	432	0	1476383	4207	2496847	1312184986	18242517	3070	53	1057	27	0	1	40	3021	275	356	405	1	1	16
433	433	1	2865322	4834	3823984	1315050308	18247351	3139	77	1591	27	0	1	80	3050	280	320	970	1	1	25
434	434	2	1727666	3401	2560676	1316777974	18250752	344	59	2971	27	0	1	59	276	273	814	1863	1	1	18
435	435	3	1440430	4510	2608196	1318218404	18255262	3069	39	1375	27	0	1	30	3030	257	436	661	1	1	10
436	436	4	2632219	9195	3992444	1320850623	18264457	6206	58	2904	27	0	1	60	6137	257	496	2130	1	1	16
437	437	5	3982361	20846	5957001	1324832984	18285303	5972	189	14658	27	0	1	144	5818	297	2488	11852	1	1	86
438	438	6	2426594	8768	3274475	1327259578	18294071	5767	100	2874	27	0	1	53	5705	290	650	1913	1	1	33
439	439	7	2816462	5972	4037854	1330076040	18300043	2972	55	2918	27	0	1	44	2919	286	326	2285	1	1	17
440	440	0	3375298	13614	4268874	1333451338	18313657	3384	147	10056	27	0	1	141	3233	316	1292	8386	38	5	53
441	441	1	2405530	4137	3543475	1335856868	18317794	1837	64	2209	27	0	1	80	1748	329	290	1569	1	1	18
442	442	2	3944298	43260	7626538	1339801166	18361054	8441	444	34348	27	0	1	348	8083	387	6995	26903	38	5	202
443	443	3	2786400	8339	3895264	1342587566	18369393	6557	49	1706	27	0	1	51	6497	391	294	1000	1	1	13
444	444	4	4164868	48862	7881789	1346752434	18418255	9086	256	39493	27	0	1	326	8750	420	5542	33509	1	1	113
445	445	5	2619987	7927	3616524	1349372421	18426182	6160	68	1672	27	0	1	79	6072	398	297	956	1	1	20
446	446	6	4019312	52531	7912678	1353391733	18478713	8790	608	43106	27	0	1	649	8131	428	6669	35987	1	1	303
447	447	7	4780990	100145	9763626	1358172723	18578858	6040	359	93719	27	0	1	372	5658	429	8099	85169	1	1	162
448	448	0	3805707	34132	6690500	1361978430	18612990	7503	344	26258	27	0	1	230	7263	421	4104	21711	1	1	153
449	449	1	1885659	7721	2710136	1363864089	18620711	4352	104	3238	27	0	1	68	4275	403	689	2125	1	1	37
450	450	2	2740554	5080	3625704	1366604643	18625791	3046	90	1917	27	0	1	100	2937	337	393	1166	1	1	30
451	451	3	2615669	8223	3587595	1369220312	18634014	6291	118	1787	27	0	1	145	6136	344	709	713	1	1	42
452	452	4	3658505	17669	5922951	1372878817	18651683	7605	126	9911	27	0	1	147	7448	290	1976	7624	1	1	50
453	453	5	3004880	12893	3778144	1375883697	18664576	7202	111	5553	27	0	1	112	7081	288	1090	4154	1	1	40
454	454	6	3154309	21143	5255012	1379038006	18685719	7108	185	13823	27	0	1	185	6913	259	2594	10949	1	1	75
455	455	7	2596948	8553	3878454	1381634954	18694272	6308	79	2139	27	0	1	82	6217	216	504	1398	1	1	25
456	456	0	4002137	32120	6301090	1385637091	18726392	8433	586	23074	27	0	1	590	7833	187	5618	17247	1	1	292
457	457	1	3722629	12192	4861163	1389359720	18738584	8723	72	3370	27	0	1	85	8629	220	563	2566	1	1	21
458	458	2	4297085	57607	9055996	1393656805	18796191	8319	486	48775	27	0	1	308	8001	247	6789	41717	1	1	250
459	459	3	2566935	13912	4085624	1396223740	18810103	6090	110	7685	27	0	1	59	6022	243	2193	5228	1	1	41
460	460	4	2925664	15929	4985183	1399149404	18826032	6756	165	8981	27	0	1	169	6577	247	1702	7011	1	1	66
461	461	5	4140711	58251	7595098	1403290115	18884283	9008	530	48686	27	0	1	364	8634	253	7237	41174	1	1	255
462	462	6	3871686	31975	6733020	1407161801	18916258	8604	527	22817	27	0	1	522	8072	272	4133	18390	1	1	262
463	463	7	3651136	10411	4604743	1410812937	18926669	8442	78	1864	27	0	1	89	8344	273	338	1232	1	1	25
464	464	0	3604916	18316	4251334	1414417853	18944985	5989	284	12016	27	0	1	268	5711	279	2678	9038	1	1	127
465	465	1	1972712	3321	3043026	1416390565	18948306	1397	67	1830	27	0	1	38	1350	245	493	1071	1	1	20
466	466	2	4138896	19025	5536462	1420529461	18967331	8953	107	9938	27	0	1	144	8799	222	1314	8381	1	1	36
467	467	3	2680834	7699	3338485	1423210295	18975030	6296	78	1298	27	0	1	80	6207	205	346	726	1	1	27
468	468	4	4072106	38745	7212439	1427282401	19013775	4772	446	33500	27	0	1	254	4508	198	5166	28114	1	1	208
469	469	5	3258307	5348	3231256	1430540708	19019123	2795	45	2481	27	0	1	39	2747	189	427	1844	1	1	12
470	470	6	3388630	22105	6247451	1433929338	19041228	7488	328	14262	27	0	1	294	7184	201	3371	10669	1	1	146
471	471	7	3203072	9041	4306223	1437132410	19050269	6616	58	2340	27	0	1	57	6550	214	440	1665	1	1	16
472	472	0	3363309	11346	4727583	1440495719	19061615	6939	86	4294	27	0	1	57	6873	223	881	3169	1	1	27
473	473	1	3170438	5460	3477414	1443666157	19067075	3426	57	1950	27	0	1	69	3348	229	424	1276	1	1	17
474	474	2	3377699	9621	5527482	1447043856	19076696	7795	70	1729	27	0	1	90	7696	228	416	1064	1	1	21
475	475	3	3592407	15548	5230032	1450636263	19092244	3791	186	11544	27	0	1	181	3600	223	1929	9371	1	1	75
476	476	4	1738816	4814	2692706	1452375079	19097058	3664	52	1071	27	0	1	46	3609	225	149	676	1	1	14
477	477	5	3729929	15341	4990523	1456105008	19112399	8233	128	6953	27	0	1	135	8088	217	1286	5429	1	1	50
478	478	6	354559	2012	980498	1456459567	19114411	684	67	1234	27	0	1	45	630	191	811	211	1	1	24
479	479	7	3691577	30454	5131083	1460151144	19144865	8326	250	21851	27	0	1	179	8137	198	3441	18190	1	1	102
480	480	0	3700806	17127	5597781	1463851950	19161992	3917	279	12904	27	0	1	282	3625	172	2779	9932	1	1	118
481	481	1	4076763	60370	9006297	1467928713	19222362	8958	740	50645	27	0	1	549	8399	160	9832	40631	1	1	372
482	482	2	3704007	39146	7078719	1471632720	19261508	7960	333	30826	27	0	1	340	7610	164	7011	23629	1	1	153
483	483	3	5698806	336495	41848207	1477331526	19598003	3239	346	332883	27	0	1	397	2832	271	5973	317417	1665	7535	157
484	484	4	3701136	20452	5921022	1481032662	19618455	8139	310	11976	27	0	1	278	7851	313	2270	9372	1	1	133
485	485	5	2850797	8783	3782874	1483883459	19627238	6309	76	2371	27	0	1	95	6205	321	504	1525	1	1	25
486	486	6	3059118	24979	5297922	1486942577	19652217	7248	325	17379	27	0	1	323	6915	324	3659	13375	1	1	142
487	487	7	3826802	17792	5360482	1490769379	19670009	8361	204	9200	27	0	1	206	8145	428	1847	6904	1	1	86
488	488	0	3731242	18188	4831303	1494500621	19688197	8329	188	9644	27	0	1	92	8228	429	1829	7365	1	1	78
489	489	1	2714099	12848	4171414	1497214720	19701045	6058	184	6579	27	0	1	147	5901	424	1624	4510	1	1	74
490	490	2	2664907	6050	3533774	1499879627	19707095	2273	89	3661	27	0	1	95	2169	426	737	2477	1	1	28
491	491	3	2843339	10228	3896955	1502722966	19717323	6428	67	3706	27	0	1	85	6334	318	555	2812	1	1	19
492	492	4	2852942	8736	3912245	1505575908	19726059	6672	62	1975	27	0	1	58	6605	307	371	1276	1	1	20
493	493	5	3902496	27636	6512040	1509478404	19753695	8811	450	18348	27	0	1	470	8331	292	3434	14601	1	1	221
494	494	6	4095232	45682	7861928	1513573636	19799377	8558	377	36720	27	0	1	182	8366	312	9392	26994	1	1	181
495	495	7	3227573	14131	3647014	1516801209	19813508	7526	120	6458	27	0	1	101	7416	215	954	5268	1	1	42
496	496	0	2863011	20847	5412892	1519664220	19834355	6422	50	14348	27	0	1	60	6353	223	1696	12408	1	1	15
497	497	1	3491836	10636	4886813	1523156056	19844991	7585	58	2966	27	0	1	62	7514	215	597	2133	1	1	16
498	498	2	2261960	3487	3057516	1525418016	19848478	1749	63	1648	27	0	1	90	1650	217	224	1186	1	1	18
499	499	3	2829110	8422	3252984	1528247126	19856900	4607	127	3661	27	0	1	138	4459	236	785	2619	1	1	45
500	500	4	2124196	8112	3553975	1530371322	19865012	4975	86	3024	27	0	1	66	4900	231	2258	514	1	1	32
501	501	5	2842478	7560	3942625	1533213800	19872572	1469	99	5965	27	0	1	35	1425	230	1185	4529	1	1	41
502	502	6	2059225	5886	2972816	1535273025	19878458	4814	44	1001	27	0	1	40	4765	207	183	590	1	1	12
503	503	7	2499663	10895	4338043	1537772688	19889353	2718	190	7960	27	0	1	167	2541	203	1522	6214	1	1	76
504	504	0	3522688	8722	3926365	1541295376	19898075	7954	32	709	27	0	1	20	7925	193	131	364	1	1	9
505	505	1	2219353	6914	3291515	1543514729	19904989	2110	90	4687	27	0	1	105	1996	225	746	3695	1	1	30
506	506	2	3059424	12479	4636403	1546574153	19917468	7326	140	4986	27	0	1	146	7170	228	979	3758	1	1	49
507	507	3	2745908	10004	4010374	1549320061	19927472	6536	75	3366	27	0	1	77	6450	209	1245	1891	1	1	26
508	508	4	3556190	9609	4854642	1552876251	19937081	8071	87	1424	27	0	1	136	7925	205	334	864	1	1	27
509	509	5	3051949	9039	4279594	1555928200	19946120	7190	70	1752	27	0	1	78	7103	223	298	1210	1	1	21
510	510	6	3846076	76281	11651373	1559774276	20022401	6979	72	69203	27	0	1	43	6927	226	4891	64064	1	1	25
511	511	7	3761856	11117	5325782	1563536132	20033518	3281	149	7660	27	0	1	153	3118	240	1474	5925	1	1	57
512	512	0	2853266	8334	4339833	1566389398	20041852	6803	48	1456	27	0	1	83	6711	245	461	729	1	1	13
513	513	1	3377393	6731	4755443	1569766791	20048583	4493	78	2133	27	0	1	59	4425	214	421	1477	1	1	27
514	514	2	3506600	10667	4736453	1573273391	20059250	7613	54	2973	27	0	1	75	7529	211	391	2350	1	1	15
515	515	3	3739092	34994	6065101	1577012483	20094244	8337	292	26338	27	0	1	172	8155	208	3962	22146	1	1	131
516	516	4	3681079	9193	4959372	1580693562	20103437	8077	75	1014	27	0	1	42	8026	212	315	466	1	1	23
517	517	5	3456982	5870	4308214	1584150544	20109307	3472	59	2312	27	0	1	67	3396	191	425	1675	1	1	17
518	518	6	1925116	5565	2523956	1586075660	20114872	4253	47	1238	27	0	1	63	4181	184	773	260	1	1	14
519	519	7	3379227	8956	4871993	1589454887	20123828	6341	136	2452	27	0	1	166	6165	154	651	1626	1	1	48
520	520	0	4079971	20481	6079201	1593534858	20144309	9183	305	10966	27	0	1	316	8857	150	2345	8450	1	1	133
521	521	1	2623148	8200	3216815	1596158006	20152509	6255	82	1836	27	0	1	78	6168	157	529	1129	1	1	27
522	522	2	1881114	5890	3088305	1598039120	20158399	4257	73	1533	27	0	1	59	4189	155	357	1000	1	1	24
523	523	3	3592735	14050	5251813	1601631855	20172449	7726	90	6207	27	0	1	105	7612	173	969	5044	1	1	29
524	524	4	5570470	102281	12562711	1607202325	20274730	7124	385	94745	27	0	1	419	6695	199	10228	84296	1	1	163
525	525	5	3054702	8349	4322324	1610257027	20283079	3783	107	4432	27	0	1	125	3649	202	983	3226	1	1	38
526	526	6	2902159	8107	4609913	1613159186	20291186	3747	151	4182	27	0	1	111	3627	224	1437	2500	1	1	61
527	527	7	2661112	24928	5153163	1615820298	20316114	6467	253	18181	27	0	1	178	6279	244	2920	14996	1	1	100
528	528	0	2004047	8413	3829255	1617824345	20324527	4591	85	3710	27	0	1	79	4503	279	659	2751	1	1	28
529	529	1	2032179	5011	3288635	1619856524	20329538	864	79	4041	27	0	1	61	794	290	868	2862	1	1	26
530	530	2	1973676	8195	4109944	1621830200	20337733	4556	75	3537	27	0	1	53	4494	291	839	2386	1	1	25
531	531	3	2877571	51158	6568830	1624707771	20388891	2588	443	48100	27	0	1	343	2235	373	6337	41368	1	1	204
532	532	4	2270920	17609	4303113	1626978691	20406500	5136	182	12264	27	0	1	192	4934	379	2194	9670	1	1	72
533	533	5	2783418	33424	5806411	1629762109	20439924	2588	343	30466	27	0	1	253	2325	408	5411	24625	1	1	141
534	534	6	2823588	22480	4927372	1632585697	20462404	6731	294	15428	27	0	1	160	6561	430	3641	11336	1	1	116
535	535	7	2018026	11706	3362005	1634603723	20474110	4711	128	6840	27	0	1	130	4571	434	1466	4919	1	1	43
536	536	0	2791578	44098	6461791	1637395301	20518208	6840	412	36819	27	0	1	118	6713	404	6693	29700	1	1	171
537	537	1	2084319	24973	4655613	1639479620	20543181	4949	151	19846	27	0	1	44	4896	392	2817	16615	1	1	53
538	538	2	2693045	38413	5396742	1642172665	20581594	6372	375	31639	27	0	1	97	6266	388	6214	25015	1	1	153
539	539	3	2111250	8277	2927575	1644283915	20589871	4766	108	3376	27	0	1	86	4671	327	754	2274	1	1	33
540	540	4	2010890	12075	3664095	1646294805	20601946	4791	125	7132	27	0	1	96	4686	307	1343	5461	1	1	42
541	541	5	2202432	9259	3490975	1648497237	20611205	5523	147	3562	27	0	1	127	5387	290	895	2356	1	1	57
542	542	6	1724614	2574	2212296	1650221851	20613779	1741	52	754	27	0	1	33	1699	231	388	115	1	1	14
543	543	7	3226738	47385	5563802	1653448589	20661164	7444	549	39365	27	0	1	378	7056	270	7576	31497	1	1	249
544	544	0	2808085	17981	4606573	1656256674	20679145	2827	304	14823	27	0	1	249	2568	281	3174	11347	1	1	124
545	545	1	1781457	4829	2841996	1658038131	20683974	3822	58	922	27	0	1	73	3740	276	198	427	1	1	16
546	546	2	2944139	35629	5716701	1660982270	20719603	3022	344	32236	27	0	1	170	2842	287	6434	25493	1	1	137
547	547	3	3150408	54772	6547070	1664132678	20774375	3440	512	50793	27	0	1	243	3187	329	8431	42011	1	1	224
548	548	4	2904754	42806	5901471	1667037432	20817181	6857	371	35551	27	0	1	243	6604	309	7578	27642	1	1	153
549	549	5	2429303	9537	3285924	1669466735	20826718	5835	118	3557	27	0	1	134	5691	306	852	2378	1	1	42
550	550	6	2693911	9346	3240775	1672160646	20836064	6639	102	2578	27	0	1	103	6527	308	549	1700	1	1	32
551	551	7	2111938	4897	2147437	1674272584	20840961	1046	102	3722	27	0	1	74	963	274	994	2433	1	1	32
552	552	0	2931394	26779	4651482	1677203978	20867740	3308	388	23056	27	0	1	162	3136	265	4993	17776	1	1	163
553	553	1	2779322	32329	4805512	1679983300	20900069	6396	339	25567	27	0	1	144	6242	268	4291	20986	1	1	133
554	554	2	2676457	4603	3460525	1682659757	20904672	3057	70	1449	27	0	1	67	2981	253	358	817	1	1	20
555	555	3	2778076	23255	4738193	1685437833	20927927	6822	339	16067	27	0	1	100	6713	202	4099	11745	1	1	139
556	556	4	2638977	9221	2973306	1688076810	20937148	6157	99	2938	27	0	1	83	6065	201	671	2045	1	1	30
557	557	5	2204338	6417	3062755	1690281148	20943565	2190	129	4071	27	0	1	146	2034	198	851	3001	1	1	48
558	558	6	2024378	2853	2439936	1692305526	20946418	1277	81	1468	27	0	1	83	1185	207	332	908	1	1	25
559	559	7	1962459	1966	1733098	1694267985	20948384	999	52	888	27	0	1	42	948	197	138	532	1	1	14
560	560	0	1884498	2328	2246496	1696152483	20950712	1270	56	975	27	0	1	63	1198	190	466	298	1	1	16
561	561	1	1628476	4426	2067406	1697780959	20955138	3513	61	825	27	0	1	48	3456	190	329	285	1	1	17
562	562	2	2956954	19699	4330254	1700737913	20974837	6230	338	13104	27	0	1	127	6094	182	2995	9906	1	1	135
563	563	3	2590029	7613	3108795	1703327942	20982450	6343	70	1173	27	0	1	54	6280	169	314	669	1	1	20
564	564	4	2148272	7335	2232027	1705476214	20989785	1744	110	5454	27	0	1	108	1627	184	1456	3793	1	1	36
565	565	5	2141585	5757	2841935	1707617799	20995542	5106	55	569	27	0	1	39	5058	190	143	215	1	1	15
566	566	6	2880737	32458	5029252	1710498536	21028000	2922	382	29127	27	0	1	139	2773	172	6231	22702	1	1	164
567	567	7	2272039	2059	3259195	1712770575	21030059	1287	52	693	27	0	1	60	1218	172	187	313	1	1	14
568	568	0	2914344	26173	5239172	1715684919	21056232	6621	230	19295	27	0	1	175	6436	172	4383	14719	1	1	90
569	569	1	2973754	23568	4326924	1718658673	21079800	7276	290	15975	27	0	1	142	7124	165	3703	12086	1	1	113
570	570	2	2588320	8265	3434585	1721246993	21088065	6215	91	1932	27	0	1	41	6165	165	554	1192	1	1	27
571	571	3	2913237	9540	4245043	1724160230	21097605	2897	159	6457	27	0	1	198	2689	168	1214	5054	1	1	63
572	572	4	1947172	2933	2654316	1726107402	21100538	778	70	2058	27	0	1	72	697	159	425	1453	1	1	20
573	573	5	2223279	5032	2753206	1728330681	21105570	2201	91	2713	27	0	1	114	2078	158	523	2011	1	1	27
574	574	6	2563315	7344	3625815	1730893996	21112914	5809	66	1442	27	0	1	52	5748	155	379	887	1	1	19
575	575	7	2092575	5090	2893855	1732986571	21118004	1813	78	3172	27	0	1	79	1725	156	579	2416	1	1	23
576	576	0	2749214	9796	4236534	1735735785	21127800	2664	134	6971	27	0	1	153	2501	158	1267	5525	1	1	48
577	577	1	2429387	12713	3485455	1738165172	21140513	5979	194	6513	27	0	1	54	5916	181	1213	5098	1	1	79
578	578	2	3152216	27477	4864883	1741317388	21167990	7298	245	19907	27	0	1	195	7093	200	4970	14716	1	1	95
579	579	3	1919747	5291	2447057	1743237135	21173281	705	82	4477	27	0	1	89	607	201	965	3290	1	1	26
580	580	4	2585961	7756	3519615	1745823096	21181037	6196	88	1445	27	0	1	78	6109	200	460	764	1	1	26
581	581	5	2054954	6699	3149265	1747878050	21187736	4809	55	1808	27	0	1	44	4756	201	493	1093	1	1	15
582	582	6	1937737	6539	3155385	1749815787	21194275	4696	73	1743	27	0	1	78	4609	203	686	833	1	1	21
583	583	7	1937721	7367	2505056	1751753508	21201642	4694	118	2528	27	0	1	69	4616	200	1397	910	1	1	42
584	584	0	1989199	9325	3552695	1753742707	21210967	4587	193	4518	27	0	1	183	4394	210	1455	2832	1	1	79
585	585	1	1753147	5262	2777306	1755495854	21216229	3705	28	1502	27	0	1	20	3676	199	895	387	1	1	6
586	586	2	1936560	5154	4181794	1757432414	21221383	4598	40	489	27	0	1	49	4540	163	119	187	1	1	10
587	587	3	1962845	5630	3700884	1759395259	21227013	4631	49	923	27	0	1	25	4597	169	234	499	1	1	13
588	588	4	2792430	10356	4801223	1762187689	21237369	6855	124	3350	27	0	1	92	6754	189	1562	1578	1	1	42
589	589	5	2792547	30398	5191312	1764980236	21267767	6400	447	23524	27	0	1	456	5934	199	5832	17471	1	1	218
590	590	6	2836766	13983	4451554	1767817002	21281750	6633	158	7165	27	0	1	120	6504	210	1745	5189	1	1	60
591	591	7	1800405	4802	2152426	1769617407	21286552	3869	31	875	27	0	1	16	3844	202	586	67	1	1	7
592	592	0	1962824	5797	2647146	1771580231	21292349	4631	52	1087	27	0	1	25	4597	193	227	646	1	1	14
593	593	1	2454506	4471	3033935	1774034737	21296820	173	115	4156	27	0	1	73	92	194	936	3005	1	1	41
594	594	2	2591131	7592	3311875	1776625868	21304412	6151	68	1346	27	0	1	55	6087	204	293	828	1	1	20
595	595	3	1914234	6487	2485106	1778540102	21310899	4231	78	2151	27	0	1	98	4124	210	428	1492	1	1	25
596	596	4	2760228	11153	4281764	1781300330	21322052	6838	119	4169	27	0	1	159	6669	210	1716	2222	1	1	38
597	597	5	2714175	24428	4533233	1784014505	21346480	5570	308	18523	27	0	1	286	5274	233	3785	14484	1	1	128
598	598	6	2690252	14155	3882654	1786704757	21360635	1528	205	12395	27	0	1	237	1281	230	2300	9844	1	1	81
599	599	7	2484325	17582	4621293	1789189082	21378217	4110	245	13200	27	0	1	258	3842	222	2468	10489	1	1	106
600	600	0	2051424	9443	3318565	1791240506	21387660	1148	129	8139	27	0	1	148	990	235	1491	6392	1	1	52
601	601	1	3614597	90845	9216966	1794855103	21478505	8630	789	81399	27	0	1	376	8244	281	17277	63818	1	1	432
602	602	2	2684151	12934	3415005	1797539254	21491439	3092	124	9691	27	0	1	107	2976	285	1486	7899	1	1	42
603	603	3	2730963	17189	3762615	1800270217	21508628	3336	169	13657	27	0	1	116	3211	273	3378	9985	1	1	67
604	604	4	2945455	17036	4708003	1803215672	21525664	3498	175	13336	27	0	1	150	3338	267	2483	10565	1	1	61
605	605	5	2843290	17444	4398913	1806058962	21543108	4754	169	12494	27	0	1	112	4633	245	2294	9934	1	1	57
606	606	6	2556445	11883	3141435	1808615407	21554991	6342	127	5387	27	0	1	75	6258	247	1234	3885	1	1	43
607	607	7	2607940	12212	3968704	1811223347	21567203	6357	111	5717	27	0	1	44	6304	237	1295	4164	1	1	34
608	608	0	3491410	51756	7553129	1814714757	21618959	3318	288	48123	27	0	1	293	3015	222	8646	39233	1	1	123
609	609	1	2685961	6649	3590505	1817400718	21625608	4592	105	1925	27	0	1	86	4497	145	588	1171	1	1	33
610	610	2	2651178	7578	3483544	1820051896	21633186	6222	63	1266	27	0	1	26	6187	155	449	641	1	1	18
611	611	3	2684575	4597	2826036	1822736471	21637783	3142	61	1367	27	0	1	57	3076	159	603	584	1	1	17
612	612	4	2748087	9485	3982644	1825484558	21647268	6420	73	2965	27	0	1	83	6328	154	492	2298	1	1	21
613	613	5	2557109	8235	3854344	1828041667	21655503	6147	89	1972	27	0	1	50	6088	158	1337	456	1	1	29
614	614	6	2176743	17138	3859675	1830218410	21672641	1928	153	15030	27	0	1	141	1777	166	2423	12420	1	1	55
615	615	7	2956073	40446	5812421	1833174483	21713087	6527	396	33496	27	0	1	327	6190	248	5223	27970	30	5	160
616	616	0	1860381	3724	2821906	1835034864	21716811	1028	61	2608	27	0	1	75	944	257	325	2005	1	1	17
617	617	1	2713613	39250	5896131	1837748477	21756061	6351	375	32497	27	0	1	343	5998	462	5901	26071	38	5	154
618	618	2	2644809	4669	3760714	1840393286	21760730	2601	54	1987	27	0	1	50	2542	456	335	1175	1	1	16
619	619	3	2367589	14445	3917584	1842760875	21775175	1748	209	12461	27	0	1	146	1592	454	2249	9737	1	1	78
620	620	4	2172846	10684	3709565	1844933721	21785859	5040	84	5533	27	0	1	55	4976	477	1879	3156	1	1	27
621	621	5	2212002	20227	4682363	1847145723	21806086	1362	225	18613	27	0	1	195	1157	485	3305	14802	1	1	89
622	622	6	2190344	2815	2734336	1849336067	21808901	1111	60	1617	27	0	1	68	1034	492	237	867	1	1	17
623	623	7	2208875	11324	4168094	1851544942	21820225	1497	82	9718	27	0	1	95	1393	426	1337	7934	1	1	24
624	624	0	2463458	23348	4719364	1854008400	21843573	1733	226	21362	27	0	1	272	1451	422	1802	19116	1	1	91
625	625	1	2903382	74747	7779839	1856911782	21918320	7278	543	66899	27	0	1	169	7099	318	9824	56735	1	1	245
626	626	2	1820010	5391	3043585	1858731792	21923711	4050	28	1286	27	0	1	30	4011	319	139	807	1	1	6
627	627	3	1798963	6749	3113276	1860530755	21930460	3905	79	2738	27	0	1	76	3820	329	970	1418	1	1	23
628	628	4	2103226	9122	3849814	1862633981	21939582	942	128	8025	27	0	1	144	788	314	1327	6363	1	1	47
629	629	5	2714321	14982	3785854	1865348302	21954564	6385	163	8407	27	0	1	94	6282	297	1948	6141	1	1	60
630	630	6	2769373	10109	4257054	1868117675	21964673	2403	153	7526	27	0	1	181	2212	295	1345	5865	1	1	56
631	631	7	2564344	36769	4984892	1870682019	22001442	1248	195	35299	27	0	1	262	976	290	4525	30462	1	1	82
632	632	0	2562461	14281	4290794	1873244480	22015723	6282	178	7794	27	0	1	86	6187	299	2234	5240	1	1	62
633	633	1	2569341	11281	4115484	1875813821	22027004	2364	168	8722	27	0	1	107	2248	203	1671	6827	1	1	58
634	634	2	2160387	13931	3903274	1877974208	22040935	5094	155	8655	27	0	1	64	5021	204	1679	6751	1	1	54
635	635	3	3554936	8695	4861232	1881529144	22049630	4613	174	3881	27	0	1	225	4378	212	975	2673	1	1	62
636	636	4	2194132	10692	3556275	1883723276	22060322	5231	114	5320	27	0	1	125	5097	206	1293	3800	1	1	36
637	637	5	2559183	18729	4832463	1886282459	22079051	6210	116	12376	27	0	1	90	6111	230	3124	9001	1	1	36
638	638	6	3671169	40880	5778661	1889953628	22119931	8875	317	31661	27	0	1	206	8659	292	4791	26515	38	5	128
639	639	7	3591453	13103	5238492	1893545081	22133034	4689	169	8218	27	0	1	169	4510	296	1598	6303	1	1	60
640	640	0	3225589	6550	3740175	1896770670	22139584	3540	86	2897	27	0	1	78	3453	297	667	1912	1	1	26
641	641	1	2635030	15172	3992834	1899405700	22154756	6278	111	8756	27	0	1	141	6127	287	2009	6439	1	1	36
642	642	2	1944210	4052	3019405	1901349910	22158808	615	80	3330	27	0	1	83	523	298	550	2461	1	1	25
643	643	3	2340782	10573	3962294	1903690692	22169381	5422	116	5008	27	0	1	77	5336	284	1563	3140	1	1	37
644	644	4	2844710	70161	6812530	1906535402	22239542	6893	503	62738	27	0	1	64	6820	274	7615	54827	1	1	221
645	645	5	2276734	13695	3667635	1908812136	22253237	2062	177	11429	27	0	1	106	1947	267	2057	9084	1	1	67
646	646	6	2278960	14506	3128606	1911091096	22267743	2088	181	12210	27	0	1	66	2013	234	2306	9649	1	1	68
647	647	7	2874334	26971	5729731	1913965430	22294714	3077	187	23680	27	0	1	183	2884	226	4347	19085	1	1	76
648	648	0	1659728	5705	2908186	1915625158	22300419	3522	64	2092	27	0	1	55	3458	232	1253	586	1	1	21
649	649	1	2852359	21239	5127622	1918477517	22321658	2445	173	18594	27	0	1	126	2310	226	2641	15706	1	1	60
650	650	2	2117007	24080	3957344	1920594524	22345738	4812	182	19059	27	0	1	128	4674	211	3154	15673	1	1	72
651	651	3	2327340	3664	3213025	1922921864	22349402	1588	81	1968	27	0	1	58	1521	239	368	1340	1	1	26
652	652	4	2325247	7166	3784854	1925247111	22356568	5567	66	1506	27	0	1	28	5530	230	261	994	1	1	20
653	653	5	2404228	12197	3563155	1927651339	22368765	5883	174	6113	27	0	1	98	5776	245	1041	4806	1	1	60
654	654	6	2580808	14127	4595973	1930232147	22382892	2405	143	11552	27	0	1	217	2178	256	4664	6611	1	1	53
655	655	7	2952624	13137	4995002	1933184771	22396029	5125	118	7867	27	0	1	135	4980	260	938	6648	1	1	38
656	656	0	2489982	17543	4396084	1935674753	22413572	2316	212	14988	27	0	1	93	2214	274	2626	12067	1	1	96
657	657	1	2611175	14072	4545064	1938285928	22427644	2400	153	11492	27	0	1	180	2210	280	1491	9700	1	1	53
658	658	2	3614985	52031	8513247	1941900913	22479675	7696	426	43882	27	0	1	390	7296	362	9538	33960	1	1	178
659	659	3	2739336	14249	5140522	1944640249	22493924	2990	121	11111	27	0	1	79	2902	358	1260	9472	1	1	38
660	660	4	2364344	7714	3793774	1947004593	22501638	5689	68	1930	27	0	1	65	5615	354	417	1138	1	1	21
661	661	5	2695084	26016	5961442	1949699677	22527654	2613	200	23176	27	0	1	176	2427	333	3223	19501	86	13	78
662	662	6	2647292	21817	5254041	1952346969	22549471	5999	133	15658	27	0	1	78	5912	314	2066	13257	1	1	47
663	663	7	2634314	18721	4372144	1954981283	22568192	6116	130	12448	27	0	1	146	5960	304	2195	9928	1	1	43
664	664	0	3007816	20714	5251582	1957989099	22588906	3850	194	16643	27	0	1	184	3656	294	2407	13921	1	1	78
665	665	1	2978207	38265	6757330	1960967306	22627171	2260	261	35717	27	0	1	175	2075	272	5050	30373	1	1	94
666	666	2	3142721	35232	6548170	1964110027	22662403	3634	310	31261	27	0	1	350	3274	230	3175	27834	1	1	133
667	667	3	3585754	75242	9893725	1967695781	22737645	7929	602	66684	27	0	1	92	7828	235	11437	54949	38	5	269
668	668	4	2321579	3451	3309355	1970017360	22741096	2346	43	1035	27	0	1	60	2277	214	172	628	1	1	11
669	669	5	3650180	58796	8190718	1973667540	22799892	7878	487	50404	27	0	1	107	7762	199	9313	40829	38	5	207
670	670	6	2745318	12152	4204184	1976412858	22812044	2956	73	9096	27	0	1	74	2873	202	980	7893	1	1	21
671	671	7	2470990	14590	4235333	1978883848	22826634	3923	145	10495	27	0	1	105	3809	200	1594	8680	1	1	54
672	672	0	2482202	20326	4767633	1981366050	22846960	5968	167	14164	27	0	1	66	5893	195	1861	12087	1	1	60
673	673	1	3577069	32657	5999771	1984943119	22879617	7913	320	24397	27	0	1	16	7888	192	5672	18511	1	1	126
674	674	2	2421436	6908	3989524	1987364555	22886525	5792	44	1045	27	0	1	39	5744	154	309	561	1	1	12
675	675	3	2419756	7141	3491365	1989784311	22893666	5760	58	1296	27	0	1	41	5710	157	488	630	1	1	16
676	676	4	3691478	60389	8748627	1993475789	22954055	4043	476	55843	27	0	1	100	3934	153	10171	45456	38	5	200
677	677	5	2380829	9934	3898824	1995856618	22963989	2319	43	7545	27	0	1	54	2256	155	3126	4243	1	1	11
678	678	6	3650409	54639	8314658	1999507027	23018628	4049	446	50117	27	0	1	123	3917	155	12071	37869	1	1	187
679	679	7	2348031	11583	3628604	2001855058	23030211	5326	57	6173	27	0	1	37	5280	158	1061	4933	1	1	17
680	680	0	3582463	44932	7502029	2005437521	23075143	7950	335	36620	27	0	1	68	7873	151	8156	28291	1	1	132
681	681	1	2312542	6490	2405166	2007750063	23081633	5539	34	890	27	0	1	25	5505	153	126	591	1	1	8
682	682	2	3104525	50655	7413679	2010854588	23132288	6972	419	43237	27	0	1	140	6822	171	10722	32322	1	1	220
683	683	3	2578103	26459	4559223	2013432691	23158747	2336	194	23902	27	0	1	60	2267	195	4353	19332	1	1	75
684	684	4	2331036	12318	3594245	2015763727	23171065	1305	114	10872	27	0	1	118	1178	208	1405	9238	1	1	40
685	685	5	3936867	43772	7596009	2019700594	23214837	9634	672	33439	27	0	1	301	9323	328	5912	27177	1	1	309
686	686	6	3770168	31961	7766399	2023470762	23246798	4800	266	26868	27	0	1	118	4673	326	4226	22294	1	1	110
687	687	7	4923433	60754	9706245	2028394195	23307552	11715	664	48348	27	0	1	258	11447	323	7758	40245	1	1	305
688	688	0	4607355	110331	12678251	2033001550	23417883	7206	1110	101988	27	0	1	200	6996	358	20291	81316	1	1	558
689	689	1	4010908	84764	10300705	2037012458	23502647	5141	912	78684	27	0	1	159	4972	372	16256	62034	1	1	468
690	690	2	2070840	43086	5786101	2039083298	23545733	4283	215	38561	27	0	1	94	4180	362	7354	30823	1	1	85
691	691	3	3259400	40444	6296891	2042342698	23586177	7746	605	32066	27	0	1	55	7682	364	5444	26236	1	1	303
692	692	4	3870323	51139	7661048	2046213021	23637316	4563	669	45880	27	0	1	128	4425	344	11127	34387	1	1	381
693	693	5	3233330	9464	4139454	2049446351	23646780	7550	79	1808	27	0	1	74	7467	252	331	1204	1	1	23
694	694	6	4894272	63560	9361196	2054340623	23710340	11145	749	51639	27	0	1	240	10895	252	8716	42649	1	1	354
695	695	7	4041328	11406	4370763	2058381951	23721746	9711	109	1559	27	0	1	91	9611	256	552	730	1	1	33
696	696	0	3094539	8733	3501244	2061476490	23730479	7074	84	1548	27	0	1	36	7029	221	597	709	1	1	27
697	697	1	3395224	23342	4832303	2064871714	23753821	8088	296	14931	27	0	1	72	8007	203	2906	11801	1	1	146
698	698	2	2473093	10748	3901384	2067344807	23764569	1430	195	9096	27	0	1	84	1337	185	1570	7320	1	1	97
699	699	3	3776021	63927	8737637	2071120828	23828496	8939	506	54455	27	0	1	93	8837	178	12534	41721	1	1	280
700	700	4	3730352	20850	5032023	2074851180	23849346	4508	234	16081	27	0	1	251	4247	202	2621	13237	1	1	97
701	701	5	4199258	81166	10045705	2079050438	23930512	6350	955	73834	27	0	1	330	6010	195	16072	57545	1	1	514
702	702	6	3888054	21360	6229641	2082938492	23951872	8960	228	12145	27	0	1	242	8708	198	2371	9555	1	1	97
703	703	7	1907831	3389	2476026	2084846323	23955261	1360	60	1942	27	0	1	56	1295	203	388	1330	1	1	17
704	704	0	2139399	8403	3094156	2086985722	23963664	1010	92	7274	27	0	1	121	880	242	1889	5122	1	1	29
705	705	1	2102575	5938	3367025	2089088297	23969602	1354	105	4452	27	0	1	101	1244	266	1223	2942	1	1	33
706	706	2	1892550	8599	2584306	2090980847	23978201	4425	109	4038	27	0	1	28	4388	260	1123	2634	1	1	37
707	707	3	1958207	4213	2479516	2092939054	23982414	1528	78	2580	27	0	1	56	1463	247	459	1853	1	1	27
708	708	4	2130031	10550	2605456	2095069085	23992964	4859	170	5494	27	0	1	89	4761	249	1595	3629	1	1	61
709	709	5	2295902	14489	3209735	2097364987	24007453	2485	210	11767	27	0	1	78	2398	265	2618	8863	1	1	84
710	710	6	2387217	14892	3479985	2099752204	24022345	6065	262	8538	27	0	1	69	5987	256	2117	6144	1	1	114
711	711	7	2040466	6317	2197137	2101792670	24028662	4785	58	1447	27	0	1	45	4731	242	570	614	1	1	16
712	712	0	1946183	6434	2271706	2103738853	24035096	4688	67	1652	27	0	1	73	4606	215	804	612	1	1	19
713	713	1	2152804	9899	2899526	2105891657	24044995	4928	89	4855	27	0	1	96	4823	200	851	3783	1	1	29
714	714	2	2481157	9696	2696916	2108372814	24054691	6170	110	3389	27	0	1	80	6081	205	1047	2116	1	1	36
715	715	3	2223698	9859	3616095	2110596512	24064550	5337	137	4358	27	0	1	175	5152	297	1112	2928	1	1	57
716	716	4	3962122	42681	7158359	2114558634	24107231	8371	404	33879	27	0	1	381	7980	369	8732	24756	1	1	197
717	717	5	3390055	29816	4857022	2117948689	24137047	7899	303	21587	27	0	1	105	7785	360	6018	15188	1	1	136
718	718	6	4003791	44555	6038031	2121952480	24181602	3994	473	40061	27	0	1	202	3782	360	11322	28357	1	1	225
719	719	7	3372332	27088	4287254	2125324812	24208690	7839	310	18912	27	0	1	46	7784	353	5758	12780	1	1	134
720	720	0	4023701	54604	7760218	2129348513	24263294	8599	508	45470	27	0	1	205	8384	346	12076	33026	1	1	241
721	721	1	3440528	24129	5860151	2132789041	24287423	4349	334	19419	27	0	1	58	4282	346	6066	12986	1	1	146
722	722	2	1633148	4653	2764336	2134422189	24292076	3534	61	1031	27	0	1	54	3471	330	238	442	1	1	17
723	723	3	1834395	9499	3044426	2136256584	24301575	4093	183	5196	27	0	1	97	3987	260	2936	1979	1	1	68
724	724	4	3971710	12436	5157792	2140228294	24314011	8515	180	3714	27	0	1	103	8403	200	1623	1870	1	1	67
725	725	5	3964616	27778	6497560	2144192910	24341789	8461	235	19055	27	0	1	127	8325	204	4693	14137	1	1	96
726	726	6	3318451	9544	5208352	2147511361	24351333	7680	64	1773	27	0	1	102	7569	191	463	1098	1	1	21
727	727	7	3319588	8927	4219614	2150830949	24360260	7955	105	840	27	0	1	90	7856	198	352	269	1	1	33
728	728	0	3325064	10143	4682163	2154156013	24370403	7940	179	1997	27	0	1	108	7823	195	874	907	1	1	62
729	729	1	3482187	9322	3508835	2157638200	24379725	7777	88	1430	27	0	1	53	7715	190	379	840	1	1	29
730	730	2	1840042	4582	2493756	2159478242	24384307	2497	72	1986	27	0	1	88	2400	239	343	1383	1	1	21
731	731	3	1450516	1851	1632148	2160928758	24386158	92	44	1688	27	0	1	36	48	221	272	1174	1	1	12
732	732	4	1126	402	504299	2160929884	24386560	40	22	313	27	0	1	16	16	206	57	31	1	1	4
733	733	5	1806405	5626	2488836	2162736289	24392186	3992	64	1543	27	0	1	74	3909	224	304	994	1	1	18
734	734	6	1624073	1470	2707856	2164360362	24393656	107	55	1281	27	0	1	51	48	252	295	713	1	1	15
735	735	7	2328007	6237	2895456	2166688369	24399893	1671	40	4499	27	0	1	36	1626	273	551	3654	1	1	10
736	736	0	2251025	11490	3419545	2168939394	24411383	5212	89	6162	27	0	1	103	5100	296	984	4861	1	1	30
737	737	1	3811146	326138	23450435	2172750540	24737521	10798	9366	305947	27	0	1	9938	850	6244	53875	245625	40	141	4588
738	738	2	2331897	28411	4936312	2175082437	24765932	3818	444	24122	27	0	1	438	3370	6199	4157	13683	35	29	214
739	739	3	1896802	11121	2752876	2176979239	24777053	4395	41	6658	27	0	1	41	4345	6191	115	332	1	1	11
740	740	4	2518448	15703	5338922	2179497687	24792756	4214	91	11371	27	0	1	99	4106	6185	879	4286	1	1	28
741	741	5	1750857	10984	2283707	2181248544	24803740	3703	37	7217	27	0	1	16	3678	6152	316	728	1	1	9
742	742	6	1762776	8824	3240025	2183011320	24812564	226	144	8427	27	0	1	151	66	6144	660	1602	1	1	61
743	743	7	20598	6906	1349258	2183031918	24819470	327	40	6512	27	0	1	36	282	6128	121	243	1	1	10
744	744	0	268	6199	911958	2183032186	24825669	17	16	6139	27	0	1	8	1	6105	14	1	1	1	2
745	745	1	2746234	22637	4012124	2185778420	24848306	5734	218	16658	27	0	1	121	5604	197	3327	13113	1	1	86
746	746	2	1820516	5835	2819736	2187598936	24854141	4024	40	1744	27	0	1	40	3975	204	252	1201	27	41	10
747	747	3	1818633	1841	2904846	2189417569	24855982	948	28	838	27	0	1	25	914	217	116	485	1	1	6
748	748	4	1933532	2839	2943055	2191351101	24858821	827	64	1921	27	0	1	58	760	215	502	1183	1	1	18
749	749	5	1925157	2180	2651566	2193276258	24861001	858	31	1264	27	0	1	31	818	205	235	803	1	1	7
750	750	6	2028140	2255	3250406	2195304398	24863256	771	55	1402	27	0	1	68	694	185	372	824	1	1	15
751	751	7	1731634	5078	2572077	2197036032	24868334	3928	94	1029	27	0	1	119	3800	172	368	468	1	1	28
752	752	0	2056052	3439	2134916	2199092084	24871773	1859	110	1443	27	0	1	130	1719	169	409	844	1	1	41
753	753	1	696942	2166	1039649	2199789026	24873939	1481	53	605	27	0	1	41	1431	178	144	262	1	1	15
754	754	2	2155273	8345	2976935	2201944299	24882284	4912	80	3326	27	0	1	126	4777	198	560	2547	1	1	26
755	755	3	2102924	15104	3592705	2204047223	24897388	4908	161	10008	27	0	1	69	4830	202	1939	7846	1	1	72
756	756	4	1772345	1708	2363247	2205819568	24899096	334	52	1295	27	0	1	48	277	227	230	817	1	1	14
757	757	5	1857030	5767	3766194	2207676598	24904863	3905	66	1769	27	0	1	81	3815	227	488	1033	1	1	19
758	758	6	1629401	4863	2662506	2209305999	24909726	3464	49	1323	27	0	1	28	3427	242	279	781	1	1	13
759	759	7	2673556	5885	3765514	2211979555	24915611	2366	98	3394	27	0	1	109	2248	266	859	2248	1	1	34
760	760	0	2823	774	609469	2211982378	24916385	46	43	658	27	0	1	37	1	286	120	232	1	1	11
761	761	1	2502212	23707	4290224	2214484590	24940092	1751	268	21661	27	0	1	308	1433	292	3189	18158	1	1	113
762	762	2	1900379	15620	3843954	2216384969	24955712	520	409	14664	27	0	1	327	183	306	3453	10884	1	1	199
763	763	3	1613810	1869	2769526	2217998779	24957581	170	43	1629	27	0	1	42	120	308	237	496	55	513	11
764	764	4	644868	5269	2014087	2218643647	24962850	1833	86	3323	27	0	1	100	1724	289	758	2255	1	1	26
765	765	5	1767018	3001	2918235	2220410665	24965851	131	81	2762	27	0	1	81	42	291	534	1916	1	1	27
766	766	6	1481105	19802	3988374	2221891770	24985653	1564	474	17737	27	0	1	415	1139	561	4207	12948	1	1	231
767	767	7	1784694	7357	2649045	2223676464	24993010	3756	236	3338	27	0	1	65	3682	531	861	1925	1	1	91
768	768	0	2019850	8436	3463284	2225696314	25001446	4789	85	3535	27	0	1	58	4722	543	781	2190	1	1	26
769	769	1	1746785	5503	2584476	2227443099	25006949	3703	43	1730	27	0	1	16	3678	494	375	840	1	1	11
770	770	2	1913074	7997	3017826	2229356173	25014946	4354	160	3456	27	0	1	200	4144	495	1345	1595	1	1	59
771	771	3	1973864	4529	3343645	2231330037	25019475	1596	81	2825	27	0	1	91	1496	500	529	1775	1	1	24
772	772	4	2068450	5292	3540995	2233398487	25024767	741	92	4432	27	0	1	75	657	526	714	3171	1	1	33
773	773	5	2102881	8215	4058353	2235501368	25032982	4896	100	3192	27	0	1	81	4806	517	615	2039	1	1	32
774	774	6	1391146	4968	2942745	2236892514	25037950	3052	91	1798	27	0	1	90	2953	220	627	930	1	1	30
775	775	7	757822	4558	2109777	2237650336	25042508	1753	93	2685	27	0	1	106	1638	227	601	1836	1	1	31
776	776	0	1111132	1850	1877457	2238761468	25044358	74	72	1677	27	0	1	65	1	230	369	1057	1	1	21
777	777	1	1759492	2403	2391806	2240520960	25046761	726	67	1583	27	0	1	67	650	233	290	1039	1	1	19
778	778	2	1443623	3535	2520646	2241964583	25050296	3059	25	424	27	0	1	21	3029	215	52	137	1	1	5
779	779	3	1787693	6354	3240385	2243752276	25056650	1923	123	4281	27	0	1	157	1756	242	1174	2844	1	1	47
780	780	4	1926339	8294	3339295	2245678615	25064944	4476	169	3622	27	0	1	165	4301	301	900	2400	1	1	65
781	781	5	1744840	4510	2768176	2247423455	25069454	3704	22	757	27	0	1	20	3675	320	64	353	1	1	4
782	782	6	2497994	10096	3997614	2249921449	25079550	2146	81	7842	27	0	1	71	2066	321	1151	6349	1	1	25
783	783	7	2495965	8846	3966224	2252417414	25088396	6018	83	2718	27	0	1	61	5948	316	637	1744	1	1	25
784	784	0	638622	2854	1490918	2253056036	25091250	1785	78	964	27	0	1	95	1681	298	245	400	1	1	25
785	785	1	1950517	6662	2900975	2255006553	25097912	4579	34	2022	27	0	1	33	4537	282	279	1440	1	1	8
786	786	2	2107494	6432	3961464	2257114047	25104344	1835	182	4388	27	0	1	175	1650	300	981	3086	1	1	71
787	787	3	2363731	2618	3712704	2259477778	25106962	1598	55	938	27	0	1	62	1527	282	157	478	1	1	15
788	788	4	3121	898	551550	2259480899	25107860	40	37	794	27	0	1	31	1	227	178	368	1	1	9
789	789	5	2203416	6781	3938724	2261684315	25114641	1466	148	5140	27	0	1	171	1285	236	1074	3809	1	1	51
790	790	6	2023279	4079	3339855	2263707594	25118720	1455	80	2517	27	0	1	101	1345	252	504	1740	1	1	24
791	791	7	2412580	4782	3848304	2266120174	25123502	1488	67	3200	27	0	1	75	1404	249	515	2415	1	1	19
792	792	0	1926322	6547	3234105	2268046496	25130049	4569	57	1894	27	0	1	38	4522	246	440	1187	1	1	16
793	793	1	1836617	3603	2716746	2269883113	25133652	488	71	3017	27	0	1	79	400	258	546	2192	1	1	21
794	794	2	1647841	1925	2749876	2271530954	25135577	185	52	1661	27	0	1	56	121	238	329	1073	1	1	14
795	795	3	1805314	2493	2598686	2273336268	25138070	408	69	1989	27	0	1	63	336	222	615	1131	1	1	20
796	796	4	1890322	7508	3245615	2275226590	25145578	3960	63	3458	27	0	1	64	3887	224	550	2663	1	1	18
797	797	5	1997539	7264	3054805	2277224129	25152842	4395	69	2773	27	0	1	90	4296	224	445	2083	1	1	21
798	798	6	1919465	5544	2706936	2279143594	25158386	4462	43	1012	27	0	1	39	4414	215	198	578	1	1	11
799	799	7	1744932	4690	2882745	2280888526	25163076	3686	43	934	27	0	1	30	3647	197	364	352	1	1	11
800	800	0	1928178	3604	3285915	2282816704	25166680	1176	109	2292	27	0	1	99	1068	214	496	1561	1	1	38
801	801	1	1809106	4606	2560687	2284625810	25171286	3879	33	667	27	0	1	41	3829	219	114	314	1	1	8
802	802	2	1958517	2676	3116006	2286584327	25173962	676	49	1924	27	0	1	40	627	228	425	1250	1	1	13
803	803	3	1576859	1188	2511286	2288161186	25175150	62	58	1041	27	0	1	53	1	227	264	529	1	1	16
804	804	4	1774598	5660	2675986	2289935784	25180810	4176	88	1369	27	0	1	74	4093	218	414	716	1	1	28
805	805	5	2140026	18229	4354733	2292075810	25199039	2084	465	15653	27	0	1	392	1682	489	3692	11451	1	1	225
806	806	6	2457986	9452	4215084	2294533796	25208491	1917	140	7368	27	0	1	167	1740	492	1351	5504	1	1	59
807	807	7	1971310	10598	3695265	2296505106	25219089	1895	87	8589	27	0	1	107	1779	484	1425	6659	1	1	31
808	808	0	1982058	5810	3326715	2298487164	25224899	474	61	5248	27	0	1	74	391	455	1079	3693	1	1	17
809	809	1	1633267	4608	2331907	2300120431	25229507	3482	31	1068	27	0	1	34	3439	453	394	200	1	1	7
810	810	2	1847211	2590	3041525	2301967642	25232097	1192	64	1307	27	0	1	79	1104	447	293	546	1	1	18
811	811	3	1615759	4666	2634756	2303583401	25236763	3434	49	1156	27	0	1	40	3385	458	208	469	1	1	13
812	812	4	2746456	20127	4643624	2306329857	25256890	6215	290	13595	27	0	1	176	6029	483	2623	10468	1	1	125
813	813	5	1920604	5250	3261065	2308250461	25262140	4215	88	920	27	0	1	112	4094	212	280	407	1	1	26
814	814	6	1324350	2827	2445746	2309574811	25264967	2015	34	751	27	0	1	37	1969	213	114	404	1	1	8
815	815	7	1920929	3272	2341097	2311495740	25268239	263	43	2939	27	0	1	51	203	216	254	2448	1	1	11
816	816	0	64485	1299	795158	2311560225	25269538	482	52	738	27	0	1	68	405	214	262	241	1	1	14
817	817	1	2113774	17810	4036834	2313673999	25287348	4648	205	12930	27	0	1	136	4502	215	2406	10288	1	1	92
818	818	2	1842539	1730	2961726	2315516538	25289078	1144	31	528	27	0	1	40	1095	213	203	92	1	1	7
819	819	3	2106732	20057	4090374	2317623270	25309135	5659	623	13748	27	0	1	371	5278	321	4515	8891	1	1	288
820	820	4	1973190	5408	3541165	2319596460	25314543	4314	28	1039	27	0	1	32	4273	277	168	573	1	1	6
821	821	5	1920379	7007	2553486	2321516839	25321550	4442	88	2450	27	0	1	40	4393	307	543	1579	1	1	26
822	822	6	1745150	4828	2349256	2323261989	25326378	3686	43	1072	27	0	1	30	3647	299	365	387	1	1	11
823	823	7	2631907	13791	4401353	2325893896	25340169	6277	63	7424	27	0	1	74	6194	317	1042	6044	1	1	19
824	824	0	2188641	6475	3072545	2328082537	25346644	4040	79	2329	27	0	1	87	3944	320	372	1616	1	1	23
825	825	1	1778846	3225	2543416	2329861383	25349869	389	108	2701	27	0	1	103	277	341	625	1714	1	1	39
826	826	2	1626748	3987	2005467	2331488131	25353856	3452	22	486	27	0	1	16	3427	343	34	90	1	1	4
827	827	3	1743839	846	1990827	2333231970	25354702	38	34	747	27	0	1	29	1	238	117	372	1	1	8
828	828	4	2556805	19927	4562843	2335788775	25374629	5583	172	14145	27	0	1	111	5463	229	2958	10937	1	1	65
829	829	5	2292078	33527	5931371	2338080853	25408156	6420	916	26164	27	0	1	674	5736	317	6461	19364	1	1	456
830	830	6	2138682	9425	3558245	2340219535	25417581	870	130	8398	27	0	1	89	772	299	1726	6352	1	1	46
831	831	7	1900573	5874	3087625	2342120108	25423455	4227	89	1531	27	0	1	66	4152	292	387	831	1	1	29
832	832	0	1680447	3323	2998086	2343800555	25426778	462	170	2664	27	0	1	172	280	325	700	1618	1	1	61
833	833	1	2248003	25602	5784611	2346048558	25452380	6161	824	18590	27	0	1	355	5796	464	5666	12439	1	1	401
834	834	2	2306688	20463	4882943	2348355246	25472843	2516	749	17171	27	0	1	326	2180	476	4915	11759	1	1	362
835	835	3	1173336	4644	2725176	2349528582	25477487	694	128	3795	27	0	1	90	595	474	1090	2210	1	1	44
836	836	4	2698534	20245	5168782	2352227116	25497732	6654	505	13059	27	0	1	254	6390	485	6637	5916	1	1	225
837	837	5	1728231	4792	3473335	2353955347	25502524	3836	56	873	27	0	1	53	3774	449	175	228	1	1	16
838	838	6	2189857	15137	3911654	2356145204	25517661	1965	487	12658	27	0	1	294	1661	457	3143	9037	1	1	227
839	839	7	1630160	5040	1920297	2357775364	25522701	3466	45	1502	27	0	1	40	3417	467	227	787	1	1	12
840	840	0	2165046	22493	4236963	2359940410	25545194	5096	481	16889	27	0	1	297	4789	555	3812	12501	1	1	229
841	841	1	1673072	6460	2539767	2361613482	25551654	3780	72	2581	27	0	1	78	3693	410	434	1716	1	1	22
842	842	2	1682351	7798	2890585	2363295833	25559452	3771	147	3853	27	0	1	149	3612	423	1431	1978	1	1	51
843	843	3	1664449	9093	3082076	2364960282	25568545	3599	185	5282	27	0	1	122	3468	411	1314	3536	1	1	72
844	844	4	2013422	6348	2799516	2366973704	25574893	4453	64	1804	27	0	1	39	4405	408	463	912	1	1	18
845	845	5	1745159	4767	2862295	2368718863	25579660	3686	34	1020	27	0	1	30	3647	403	131	465	1	1	8
846	846	6	1990940	2876	2935256	2370709803	25582536	1460	64	1325	27	0	1	59	1392	397	272	635	1	1	18
847	847	7	1920577	4944	3595345	2372630380	25587480	4415	34	468	27	0	1	50	4356	392	56	1	1	1	8
848	848	0	1971114	7551	3227406	2374601494	25595031	4381	122	3021	27	0	1	155	4216	221	624	2155	1	1	47
849	849	1	2475515	4920	3099576	2377077009	25599951	3975	36	882	27	0	1	47	3919	202	131	528	1	1	10
850	850	2	1778314	6217	2371566	2378855323	25606168	3726	71	2393	27	0	1	90	3627	168	413	1791	1	1	21
851	851	3	1811468	8124	2842136	2380666791	25614292	3615	70	4412	27	0	1	63	3543	185	452	3754	1	1	20
852	852	4	2722929	24231	5733822	2383389720	25638523	7258	583	16363	27	0	1	486	6762	331	4045	11966	1	1	277
853	853	5	1572586	6924	3246835	2384962306	25645447	3315	166	3416	27	0	1	59	3247	337	2734	324	1	1	59
854	854	6	1911052	6360	2860995	2386873358	25651807	4270	61	2002	27	0	1	83	4178	354	290	1250	72	17	17
855	855	7	1748505	4420	3195836	2388621863	25656227	1784	64	2545	27	0	1	62	1713	363	473	1688	1	1	18
856	856	0	1728225	2983	4199114	2390350088	25659210	531	67	2358	27	0	1	74	448	370	435	1532	1	1	19
857	857	1	1628899	1961	2086297	2391978987	25661171	263	31	1640	27	0	1	30	224	363	182	1074	1	1	7
858	858	2	2157118	10532	3360975	2394136105	25671703	4861	114	5530	27	0	1	159	4692	364	914	4231	1	1	41
859	859	3	2356189	21186	4089784	2396492294	25692889	5391	234	15534	27	0	1	171	5210	389	2776	12348	1	1	87
860	860	4	2491609	8574	3336475	2398983903	25701463	6108	120	2319	27	0	1	146	5952	237	528	1533	1	1	41
861	861	5	1904138	5850	2870516	2400888041	25707313	4401	28	1394	27	0	1	25	4367	228	168	977	1	1	6
862	862	6	1524381	5252	2252426	2402412422	25712565	3430	37	1758	27	0	1	33	3388	197	303	1237	1	1	9
863	863	7	2067398	6165	2982026	2404479820	25718730	1714	61	4363	27	0	1	71	1634	207	687	3448	1	1	17
864	864	0	1858396	4743	2949496	2406338216	25723473	4057	36	623	27	0	1	40	4008	213	124	266	1	1	9
865	865	1	1873618	4589	2430797	2408211834	25728062	588	103	3871	27	0	1	111	468	236	835	2779	1	1	37
866	866	2	1752662	1535	2288706	2409964496	25729597	68	49	1391	27	0	1	34	26	238	285	847	1	1	13
867	867	3	1627701	4176	2226117	2411592197	25733773	3462	37	650	27	0	1	33	3420	219	106	305	1	1	9
868	868	4	2034420	3656	2848516	2413626617	25737429	1568	52	2009	27	0	1	56	1503	225	304	1459	1	1	14
869	869	5	1896978	6540	2618986	2415523595	25743969	4410	64	2039	27	0	1	68	4333	238	400	1380	1	1	18
870	870	6	2100452	12525	2725816	2417624047	25756494	5582	356	6560	27	0	1	215	5357	252	1915	4372	1	1	149
871	871	7	2779448	20785	4438243	2420403495	25777279	6102	178	14478	27	0	1	92	6001	240	2912	11305	1	1	68
872	872	0	2557541	10729	3878024	2422961036	25788008	4277	152	6273	27	0	1	140	4127	235	1409	4608	1	1	58
873	873	1	2337003	8159	4014224	2425298039	25796167	1919	118	6095	27	0	1	140	1769	223	944	4907	1	1	40
874	874	2	1964684	5581	3088715	2427262723	25801748	4477	49	1028	27	0	1	66	4402	218	236	553	1	1	13
875	875	3	2042168	9694	3403434	2429304891	25811442	1117	278	8272	27	0	1	287	820	280	1818	6153	1	1	122
876	876	4	1805066	5820	2669466	2431109957	25817262	3988	43	1762	27	0	1	47	3932	264	556	921	1	1	11
877	877	5	1625908	5960	2637676	2432735865	25823222	3380	37	2516	27	0	1	23	3348	252	371	1872	1	1	9
878	878	6	1804066	12960	2254207	2434539931	25836182	3758	67	9108	27	0	1	55	3694	256	429	8402	1	1	19
879	879	7	1900602	6459	3147295	2436440533	25842641	1004	58	5370	27	0	1	46	949	262	727	4360	1	1	16
880	880	0	1850832	290699	58530302	2438291365	26133340	175	31	290466	27	0	1	29	137	261	100	31928	253	257902	7
881	881	1	9254	745	810569	2438300619	26134085	130	46	542	27	0	1	47	75	266	109	147	1	1	12
882	882	2	1653982	4063	2580756	2439954601	26138148	2819	46	1171	27	0	1	69	2741	265	221	664	1	1	12
883	883	3	2436554	27116	4609893	2442391155	26165264	5742	252	21095	27	0	1	272	5460	196	3539	17338	1	1	99
884	884	4	1978640	8244	3289815	2444369795	26173508	4663	133	3421	27	0	1	146	4507	245	781	2374	1	1	51
885	885	5	2228891	14574	3929765	2446598686	26188082	5230	197	9120	27	0	1	136	5084	263	2352	6484	1	1	81
886	886	6	1967825	6544	2541147	2448566511	26194626	4485	103	1929	27	0	1	67	4409	246	394	1268	1	1	31
887	887	7	1827079	2752	2348566	2450393590	26197378	110	79	2536	27	0	1	35	67	248	461	1806	1	1	24
888	888	0	1933021	9108	3533305	2452326611	26206486	4539	134	4408	27	0	1	79	4451	231	929	3227	1	1	48
889	889	1	55796	1050	779089	2452382407	26207536	256	67	700	27	0	1	78	169	245	241	193	1	1	19
890	890	2	1886870	3678	2956025	2454269277	26211214	452	49	3150	27	0	1	41	402	240	749	2140	1	1	13
891	891	3	2055599	7421	3193415	2456324876	26218635	4732	82	2580	27	0	1	70	4653	232	602	1725	1	1	27
892	892	4	1060770	7132	2407917	2457385646	26225767	1765	108	5232	27	0	1	90	1666	194	814	3979	32	193	34
893	893	5	2264167	18472	4845902	2459649813	26244239	2210	152	16083	27	0	1	158	2042	183	2897	12982	1	1	53
894	894	6	2355375	13067	4198764	2462005188	26257306	5543	108	7389	27	0	1	105	5429	184	1256	5928	1	1	37
895	895	7	2005123	7307	3276775	2464010311	26264613	4843	104	2333	27	0	1	106	4728	204	529	1579	1	1	32
896	896	0	276	306	446709	2464010587	26264919	17	16	246	27	0	1	8	1	212	14	1	1	1	2
897	897	1	2495868	15913	4182724	2466506455	26280832	1393	166	14327	27	0	1	197	1186	237	2544	11525	1	1	67
898	898	2	2476421	19841	4882113	2468982876	26300673	5458	174	14182	27	0	1	75	5374	235	2659	11267	1	1	69
899	899	3	2834272	23275	5557732	2471817148	26323948	6727	218	16303	27	0	1	96	6622	224	3081	12977	1	1	88
900	900	4	2762269	34103	6112770	2474579417	26358051	6306	307	27463	27	0	1	197	6099	272	4958	22211	1	1	125
901	901	5	2681526	26184	4865442	2477260943	26384235	6248	261	19648	27	0	1	124	6115	279	3555	15793	1	1	112
902	902	6	2581398	38717	5422922	2479842341	26422952	1766	291	36633	27	0	1	206	1550	272	5883	30456	1	1	127
903	903	7	2492068	18153	3990754	2482334409	26441105	1834	180	16112	27	0	1	91	1734	270	2916	12905	1	1	72
904	904	0	1868269	1961	2369756	2484202678	26443066	66	58	1810	27	0	1	57	1	264	300	1225	1	1	16
905	905	1	2308726	4471	3441685	2486511404	26447537	1997	95	2352	27	0	1	97	1891	261	693	1377	1	1	29
906	906	2	2521563	6573	3709344	2489032967	26454110	4125	98	2323	27	0	1	80	4036	268	507	1527	1	1	30
907	907	3	2468733	4292	2561266	2491501700	26458402	2539	68	1658	27	0	1	28	2502	264	435	938	1	1	20
908	908	4	2156752	12281	3931534	2493658452	26470683	5100	159	6995	27	0	1	175	4915	223	1682	5069	1	1	60
909	909	5	2649213	33769	5850271	2496307665	26504452	6277	231	27234	27	0	1	239	6028	221	4814	22177	1	1	100
910	910	6	1918180	1997	2800446	2498225845	26506449	1218	37	715	27	0	1	43	1166	213	227	254	1	1	9
911	911	7	2429716	3903	3515314	2500655561	26510352	2455	73	1348	27	0	1	111	2335	226	582	519	1	1	23
912	912	0	3230957	8590	4764813	2503886518	26518942	5618	133	2812	27	0	1	179	5429	277	695	1819	1	1	52
913	913	1	3721502	15223	5742822	2507608020	26534165	7724	141	7331	27	0	1	145	7569	273	2036	5001	1	1	46
914	914	2	4231384	16576	5832201	2511839404	26550741	9889	182	6478	27	0	1	132	9747	306	1879	4272	1	1	70
915	915	3	4567902	17305	5345792	2516407306	26568046	10741	141	6396	27	0	1	147	10584	298	2094	3983	1	1	47
916	916	4	2216752	22055	4318434	2518624058	26590101	924	128	20976	27	0	1	174	740	371	1230	19353	1	1	50
917	917	5	1983389	19397	3970654	2520607447	26609498	4058	129	15183	27	0	1	171	3877	377	2580	12205	1	1	44
918	918	6	1678840	2486	2404326	2522286287	26611984	427	38	1994	27	0	1	40	378	373	215	1385	1	1	10
919	919	7	1947269	11039	2898685	2524233556	26623023	4211	50	6751	27	0	1	67	4135	344	854	5532	1	1	14
920	920	0	2038495	1845	2751367	2526272051	26624868	949	43	826	27	0	1	49	891	287	109	410	1	1	11
921	921	1	1738252	11081	3176235	2528010303	26635949	3638	92	7324	27	0	1	117	3512	292	1152	5859	1	1	29
922	922	2	2191505	17973	4337763	2530201808	26653922	1351	187	16408	27	0	1	228	1113	359	2288	13740	1	1	80
923	923	3	1674590	5436	2768066	2531876398	26659358	3443	65	1901	27	0	1	53	3381	368	322	1190	1	1	19
924	924	4	1456579	2210	2473576	2533332977	26661568	90	72	2021	27	0	1	81	1	320	296	1384	1	1	21
925	925	5	1884652	6261	2933296	2535217629	26667829	459	73	5702	27	0	1	62	388	345	740	4596	1	1	24
926	926	6	2210603	14648	3931914	2537428232	26682477	1323	136	13162	27	0	1	139	1174	372	1462	11307	1	1	51
927	927	7	2192349	13016	3619284	2539620581	26695493	1814	164	11011	27	0	1	171	1633	387	1615	8988	1	1	64
928	928	0	1949967	5514	2794816	2541570548	26701007	4373	43	1071	27	0	1	36	4328	378	146	526	1	1	11
929	929	1	2076402	4670	3022666	2543646950	26705677	212	74	4357	27	0	1	75	128	361	840	3135	1	1	22
930	930	2	1817043	5579	2668316	2545463993	26711256	4027	47	1478	27	0	1	23	3995	267	538	652	1	1	14
931	931	3	2150349	27170	4333813	2547614342	26738426	4950	161	22032	27	0	1	172	4768	263	3831	17916	1	1	60
932	932	4	2000935	14532	3581165	2549615277	26752958	1025	116	13364	27	0	1	118	898	256	920	12167	1	1	46
933	933	5	1942204	6964	2810795	2551557481	26759922	4569	85	2283	27	0	1	91	4469	230	327	1705	1	1	25
934	934	6	1935599	5997	2868065	2553493080	26765919	4119	76	1775	27	0	1	114	3996	224	368	1162	1	1	22
935	935	7	1633783	5987	2669906	2555126863	26771906	3523	79	2358	27	0	1	97	3417	223	458	1656	1	1	23
936	936	0	2240982	18482	3944494	2557367845	26790388	5014	182	13259	27	0	1	132	4872	237	2451	10550	1	1	67
937	937	1	1916174	5944	2833266	2559284019	26796332	4449	67	1401	27	0	1	87	4353	230	534	616	1	1	20
938	938	2	2082490	6860	3122085	2561366509	26803192	4649	94	2090	27	0	1	98	4542	233	576	1260	1	1	32
939	939	3	2252454	15063	3971744	2563618963	26818255	1186	185	13665	27	0	1	145	1031	224	3110	10310	1	1	67
940	940	4	2212392	12991	3438735	2565831355	26831246	4943	133	7888	27	0	1	92	4842	230	1638	5999	1	1	43
941	941	5	2093721	4499	3040246	2567925076	26835745	2634	61	1777	27	0	1	50	2575	199	893	664	1	1	17
942	942	6	2168715	2455	2927155	2570093791	26838200	1034	81	1313	27	0	1	83	942	201	465	626	1	1	25
943	943	7	2088195	2882	2795626	2572181986	26841082	646	73	2136	27	0	1	76	561	196	476	1443	1	1	21
944	944	0	1817387	683	2487046	2573999373	26841765	39	31	586	27	0	1	30	1	161	184	220	1	1	7
945	945	1	2574007	10148	4227184	2576573380	26851913	6215	97	3809	27	0	1	129	6076	175	1070	2543	1	1	34
946	946	2	2607565	25878	4782653	2579180945	26877791	6223	260	19368	27	0	1	129	6084	190	3874	15283	1	1	95
947	947	3	2918987	17473	4471763	2582099932	26895264	7082	113	10251	27	0	1	48	7025	195	1878	8157	1	1	35
948	948	4	2420716	5861	3731384	2584520648	26901125	2277	99	3458	27	0	1	129	2138	201	695	2541	1	1	33
949	949	5	4600309	34668	7296120	2589120957	26935793	4160	333	30148	27	0	1	205	3945	268	5246	24612	1	1	130
950	950	6	3663456	10105	4693364	2592784413	26945898	4505	109	5464	27	0	1	100	4396	271	1223	3949	1	1	36
951	951	7	4405953	45321	7758209	2597190366	26991219	9748	287	35259	27	0	1	312	9426	315	4879	30043	1	1	117
952	952	0	4518626	61262	8803637	2601708992	27052481	9759	403	51073	27	0	1	230	9519	316	7928	42807	1	1	180
953	953	1	4310204	26288	5919041	2606019196	27078769	9473	213	16575	27	0	1	23	9441	305	2698	13551	1	1	85
954	954	2	5225697	109009	11454912	2611244893	27187778	10995	651	97336	27	0	1	310	10675	304	11531	85479	1	1	307
955	955	3	4520958	48578	7151430	2615765851	27236356	9833	393	38325	27	0	1	172	9651	296	6152	31855	1	1	162
956	956	4	4897142	82250	10216794	2620662993	27318606	10510	494	71219	27	0	1	357	10143	281	11459	59457	1	1	231
957	957	5	4676946	35359	7026610	2625339939	27353965	10254	267	24811	27	0	1	118	10127	259	3736	20794	1	1	109
958	958	6	4464332	48118	8406057	2629804271	27402083	9611	282	38198	27	0	1	88	9514	239	5674	32263	1	1	117
959	959	7	4331960	16125	5828341	2634136231	27418208	9543	88	6467	27	0	1	63	9471	202	1102	5142	1	1	30
960	960	0	4348188	11251	4976543	2638484419	27429459	96	82	11046	27	0	1	87	1	204	1496	9325	1	1	28
961	961	1	4751180	36640	7525229	2643235599	27466099	694	191	35728	27	0	1	177	507	202	5067	30437	1	1	79
962	962	2	4368845	14283	7083379	2647604444	27480382	117	110	14029	27	0	1	108	1	168	2176	11664	1	1	42
963	963	3	4443678	22453	8304567	2652048122	27502835	207	104	22115	27	0	1	109	90	178	4008	17907	1	1	38
964	964	4	4701989	23298	6908820	2656750111	27526133	355	259	22657	27	0	1	256	90	177	3883	18575	1	1	111
965	965	5	5334750	49682	15376987	2662084861	27575815	1708	388	47559	27	0	1	405	1293	189	7494	39854	1	1	174
966	966	6	3666742	16330	5172622	2665751603	27592145	9064	124	7115	27	0	1	112	8943	263	1363	5468	1	1	46
967	967	7	3773065	18199	5610462	2669524668	27610344	9048	152	8972	27	0	1	142	8896	281	2005	6665	1	1	56
968	968	0	3761596	16341	5195292	2673286264	27626685	9090	183	7041	27	0	1	67	9014	281	1539	5200	1	1	66
969	969	1	3388388	8690	4261194	2676674652	27635375	7624	41	998	27	0	1	38	7577	285	236	456	1	1	11
970	970	2	3869711	31175	6231520	2680544363	27666550	9114	278	21756	27	0	1	218	8886	311	4430	16993	1	1	116
971	971	3	3561132	8673	5205922	2684105495	27675223	4430	73	4143	27	0	1	69	4352	302	799	3021	1	1	25
972	972	4	2828544	8692	4029783	2686934039	27683915	7074	62	1529	27	0	1	46	7019	305	297	906	1	1	18
973	973	5	3631598	13899	5242732	2690565637	27697814	5302	141	8429	27	0	1	80	5213	274	1856	6278	1	1	52
974	974	6	4958080	17001	6825280	2695523717	27714815	5706	202	11066	27	0	1	181	5515	225	2557	8263	1	1	81
975	975	7	4095785	7934	5388942	2699619502	27722749	3689	85	4133	27	0	1	96	3584	237	843	3032	1	1	27
976	976	0	3328450	4891	4436913	2702947952	27727640	2576	64	2224	27	0	1	56	2511	274	414	1515	1	1	20
977	977	1	4096632	6542	5242492	2707044584	27734182	3804	73	2638	27	0	1	86	3709	276	530	1811	1	1	23
978	978	2	4315146	10396	5402472	2711359730	27744578	3625	156	6588	27	0	1	177	3438	278	1209	5080	1	1	58
979	979	3	4016155	16358	6110171	2715375885	27760936	4009	178	12144	27	0	1	206	3793	301	2065	9757	1	1	70
980	980	4	4819249	27303	7089940	2720195134	27788239	5169	239	21868	27	0	1	220	4939	307	3898	17641	1	1	94
981	981	5	4313215	16402	5360512	2724508349	27804641	4065	158	12152	27	0	1	165	3890	315	2226	9590	1	1	60
982	982	6	4022356	11093	5576051	2728530705	27815734	3888	181	6997	27	0	1	130	3748	316	1387	5273	1	1	66
983	983	7	4761492	36624	6458731	2733292197	27852358	4804	385	31408	27	0	1	398	4396	326	5503	25557	1	1	166
984	984	0	4263499	21480	5858051	2737555696	27873838	4528	222	16703	27	0	1	177	4341	317	3038	13327	1	1	92
985	985	1	4087938	8594	5355752	2741643634	27882432	3487	122	4958	27	0	1	119	3359	337	954	3646	1	1	44
986	986	2	3954926	5645	4510543	2745598560	27888077	3619	51	1948	27	0	1	56	3554	336	339	1252	1	1	14
987	987	3	4608362	33156	6920560	2750206922	27921233	4895	428	27806	27	0	1	260	4625	329	5660	21795	1	1	193
988	988	4	4524161	12014	6090060	2754731083	27933247	3904	134	7949	27	0	1	181	3713	338	1203	6387	1	1	49
989	989	5	3018767	9736	3777724	2757749850	27942983	7356	81	2272	27	0	1	62	7285	336	436	1479	1	1	26
990	990	6	3774280	15506	5476252	2761524130	27958489	8781	171	6527	27	0	1	161	8610	338	1600	4568	1	1	72
991	991	7	4474580	17893	4905952	2765998710	27976382	8611	202	9053	27	0	1	246	8355	318	1747	6967	1	1	83
992	992	0	4930860	48088	8348947	2770929570	28024470	6128	466	41467	27	0	1	456	5662	305	8647	32493	1	1	211
993	993	1	4293978	19672	5737851	2775223548	28044142	5210	180	14255	27	0	1	206	4994	297	2120	11817	1	1	74
994	994	2	3691215	30986	5446052	2778914763	28075128	3946	361	26652	27	0	1	236	3700	305	4975	21350	1	1	164
995	995	3	4502401	26662	5735671	2783417164	28101790	4915	419	21301	27	0	1	214	4691	360	4739	16181	1	1	178
996	996	4	4982637	32771	7652149	2788399801	28134561	5579	486	26679	27	0	1	396	5173	417	5646	20594	1	1	219
997	997	5	4235342	16123	5636891	2792635143	28150684	3786	194	12116	27	0	1	234	3542	413	2077	9605	1	1	81
998	998	6	3960780	8201	4562633	2796595923	28158885	3709	104	4361	27	0	1	74	3626	405	725	3210	1	1	34
999	999	7	3509019	4069	4053874	2800104942	28162954	2118	64	1860	27	0	1	85	2024	396	352	1091	1	1	18
1000	1000	0	2723554	9748	4995243	2802828496	28172702	6799	65	2857	27	0	1	37	6753	378	710	1748	1	1	23
1001	1001	1	4495526	10538	5806741	2807324022	28183240	4852	129	5530	27	0	1	99	4744	396	949	4164	1	1	46
1002	1002	2	4628884	33050	6756800	2811952906	28216290	6476	367	26180	27	0	1	409	6057	371	5488	20299	1	1	164
1003	1003	3	5066208	45568	7889688	2817019114	28261858	10711	481	34349	27	0	1	392	10309	330	6703	27294	1	1	222
1004	1004	4	4016159	6403	4015324	2821035273	28268261	3488	82	2806	27	0	1	71	3408	274	557	1954	1	1	24
1005	1005	5	4171633	10040	4631513	2825206906	28278301	3964	152	5897	27	0	1	71	3884	280	1204	4392	1	1	57
1006	1006	6	4415174	34048	7086410	2829622080	28312349	10118	420	23483	27	0	1	133	9975	279	6068	17114	1	1	181
1007	1007	7	4352969	8077	5277701	2833975049	28320426	3442	86	4522	27	0	1	111	3322	273	1143	3085	1	1	27
1008	1008	0	4492188	18144	5881621	2838467237	28338570	4881	289	12947	27	0	1	145	4726	282	2767	9877	1	1	116
1009	1009	1	4480262	15105	6737620	2842947499	28353675	4202	192	10684	27	0	1	208	3984	290	2297	8076	1	1	76
1010	1010	2	4930261	37344	6516240	2847877760	28391019	9957	414	26946	27	0	1	176	9771	282	5840	20802	1	1	174
1011	1011	3	4319124	17237	5302022	2852196884	28408256	4788	324	12098	27	0	1	336	4442	306	2959	8812	1	1	143
1012	1012	4	5152178	33836	8280347	2857349062	28442092	4293	315	29201	27	0	1	351	3932	305	4974	23900	1	1	131
1013	1013	5	4459948	21076	6119031	2861809010	28463168	3926	314	16809	27	0	1	108	3809	295	3526	12967	1	1	144
1014	1014	6	4665909	24693	5720482	2866474919	28487861	4672	331	19663	27	0	1	333	4329	301	4405	14936	1	1	142
1015	1015	7	4685302	23494	6128830	2871160221	28511355	3343	359	19765	27	0	1	299	3034	343	4760	14641	1	1	153
1016	1016	0	4282343	8353	4927023	2875442564	28519708	5580	82	2664	27	0	1	120	5451	344	542	1757	1	1	27
1017	1017	1	4770640	25978	6846970	2880213204	28545686	10241	302	15408	27	0	1	187	10044	317	3518	11552	1	1	113
1018	1018	2	4356886	7384	5217292	2884570090	28553070	4042	126	3189	27	0	1	111	3922	331	808	2029	1	1	44
1019	1019	3	4482438	15808	6288801	2889052528	28568878	4969	267	10545	27	0	1	187	4772	302	2385	7837	1	1	106
1020	1020	4	4271197	7906	5049442	2893323725	28576784	4328	104	3447	27	0	1	135	4183	302	730	2394	1	1	36
1021	1021	5	5218984	59370	9398266	2898542709	28636154	5010	548	53785	27	0	1	504	4496	296	10140	43327	1	1	255
1022	1022	6	4810656	9418	5763231	2903353365	28645572	4879	136	4376	27	0	1	140	4729	287	1309	2759	1	1	45
1023	1023	7	4301467	16337	4709083	2907654832	28661909	3410	235	12665	27	0	1	148	3252	272	2556	9816	1	1	98
1024	1024	0	4800205	28177	6909090	2912455037	28690086	5206	342	22602	27	0	1	271	4925	280	4366	17934	1	1	136
1025	1025	1	4352402	7724	5179982	2916807439	28697810	2500	100	5097	27	0	1	111	2380	288	1145	3643	1	1	32
1026	1026	2	3200815	3761	3951454	2920008254	28701571	2097	55	1582	27	0	1	64	2024	282	262	1017	1	1	15
1027	1027	3	4430531	5421	3945974	2924438785	28706992	3156	75	2163	27	0	1	98	3049	283	473	1386	1	1	23
1028	1028	4	3502704	6283	4167154	2927941489	28713275	2438	102	3716	27	0	1	118	2311	301	674	2720	1	1	34
1029	1029	5	3031794	2696	3626114	2930973283	28715971	1540	49	1080	27	0	1	44	1487	295	210	554	1	1	13
1030	1030	6	5138656	41653	7192130	2936111939	28757624	4818	441	36367	27	0	1	334	4474	327	6044	29974	1	1	209
1031	1031	7	3657860	3900	4504664	2939769799	28761524	2852	55	966	27	0	1	54	2789	314	224	407	1	1	17
1032	1032	0	3170274	3997	4343963	2942940073	28765521	1975	76	1919	27	0	1	71	1895	320	770	808	1	1	23
1033	1033	1	4428464	24879	6378121	2947368537	28790400	9540	154	15158	27	0	1	203	9327	317	2511	12309	1	1	62
1034	1034	2	3668462	10597	4767653	2951036999	28800997	7077	103	3390	27	0	1	109	6959	325	689	2355	1	1	32
1035	1035	3	4313932	12989	4115234	2955350931	28813986	4036	129	8797	27	0	1	138	3888	331	1524	6921	1	1	47
1036	1036	4	4503714	9567	5154993	2959854645	28823553	4136	92	5312	27	0	1	137	3989	312	955	4024	1	1	32
1037	1037	5	4972270	41220	12054702	2964826915	28864773	5288	452	35453	27	0	1	416	4862	340	6381	28710	1	1	203
1038	1038	6	4388667	8454	5803492	2969215582	28873227	4244	86	4097	27	0	1	87	4148	305	731	3040	1	1	26
1039	1039	7	4206965	15687	4898322	2973422547	28888914	4431	286	10943	27	0	1	205	4216	299	2438	8185	1	1	121
1040	1040	0	4463516	22316	6241651	2977886063	28911230	4746	296	17247	27	0	1	356	4380	288	3475	13463	1	1	126
1041	1041	1	3423504	5567	4541473	2981309567	28916797	3210	96	2234	27	0	1	84	3117	292	450	1471	1	1	29
1042	1042	2	4386738	23928	5344342	2985696305	28940725	3609	472	19820	27	0	1	508	3091	303	4308	15188	1	1	229
1043	1043	3	32166	895	556979	2985728471	28941620	63	22	783	27	0	1	17	38	295	44	424	1	1	4
1044	1044	4	4543110	8572	6382071	2990271581	28950192	2464	85	5996	27	0	1	121	2334	314	1617	4044	1	1	31
1045	1045	5	4588955	15385	5412741	2994860536	28965577	4303	159	10896	27	0	1	168	4125	297	1807	8771	1	1	62
1046	1046	6	4206362	7713	5199913	2999066898	28973290	3154	99	4433	27	0	1	107	3038	300	866	3246	1	1	32
1047	1047	7	4456742	14648	5804211	3003523640	28987938	4290	136	10195	27	0	1	186	4094	307	1683	8184	1	1	57
1048	1048	0	4881448	38865	6450060	3008405088	29026803	9206	526	29106	27	0	1	549	8647	316	6114	22654	1	1	251
1049	1049	1	4097075	14119	5066063	3012502163	29040922	9443	93	4556	27	0	1	131	9302	317	802	3416	1	1	31
1050	1050	2	3389007	4110	4430603	3015891170	29045032	1346	72	2665	27	0	1	81	1256	266	514	1864	1	1	22
1051	1051	3	3925468	6779	3761464	3019816638	29051811	3411	53	3288	27	0	1	61	3341	282	830	2155	1	1	15
1052	1052	4	4998887	48387	8488337	3024815525	29100198	5301	733	42326	27	0	1	742	4549	270	8515	33519	1	1	370
1053	1053	5	4502286	13677	6448960	3029317811	29113875	3750	147	9753	27	0	1	203	3537	276	1637	7819	1	1	62
1054	1054	6	4404417	26852	5874661	3033722228	29140727	4361	331	22133	27	0	1	196	4155	275	4263	17573	1	1	146
1055	1055	7	4743331	15207	6063091	3038465559	29155934	4569	192	10419	27	0	1	190	4369	280	2037	8081	1	1	76
1056	1056	0	3993124	2573	3762984	3042458683	29158507	1141	40	1365	27	0	1	47	1085	280	203	861	1	1	10
1057	1057	1	3890558	5604	4969343	3046349241	29164111	3409	80	2088	27	0	1	100	3300	310	434	1323	1	1	24
1058	1058	2	3507172	13314	4094054	3049856413	29177425	7854	73	5360	27	0	1	62	7783	335	581	4423	1	1	21
1059	1059	3	2482545	8062	3389475	3052338958	29185487	5700	114	2221	27	0	1	111	5580	344	486	1370	1	1	39
1060	1060	4	2741942	4156	3231175	3055080900	29189643	3039	73	1017	27	0	1	69	2961	341	316	339	1	1	26
1061	1061	5	3999466	14354	3800174	3059080366	29203997	8312	61	5954	27	0	1	92	8211	327	776	4830	1	1	17
1062	1062	6	4290917	23958	4702633	3063371283	29227955	5881	293	17757	27	0	1	283	5588	315	3182	14239	1	1	125
1063	1063	7	3679989	7592	4823313	3067051272	29235547	3023	98	4444	27	0	1	136	2877	308	849	3266	1	1	33
1064	1064	0	4144969	21362	4801962	3071196241	29256909	8992	92	12251	27	0	1	103	8880	292	2073	9865	1	1	30
1065	1065	1	3834040	9172	3463764	3075030281	29266081	4971	86	4088	27	0	1	128	4833	251	798	3018	1	1	27
1066	1066	2	3282038	9694	3249836	3078312319	29275775	7888	46	1733	27	0	1	37	7842	250	373	1089	1	1	12
1067	1067	3	4252568	28486	4804862	3082564887	29304261	9895	411	18153	27	0	1	170	9715	239	3706	14187	1	1	207
1068	1068	4	2991981	2571	3190526	3085556868	29306832	1633	37	874	27	0	1	36	1588	251	175	427	1	1	9
1069	1069	5	4103837	6295	4329734	3089660705	29313127	3698	71	2499	27	0	1	96	3593	259	526	1693	1	1	21
1070	1070	6	4277961	17170	5676111	3093938666	29330297	6302	174	10667	27	0	1	230	6062	261	1680	8705	1	1	70
1071	1071	7	3085649	27207	4579503	3097024315	29357504	7656	357	19167	27	0	1	78	7569	252	3198	15696	1	1	182
1072	1072	0	4685432	23405	5270183	3101709747	29380909	5730	203	17445	27	0	1	281	5439	263	2853	14308	1	1	84
1073	1073	1	2375702	12637	3875395	3104085449	29393546	1657	131	10822	27	0	1	145	1502	252	1742	8807	1	1	48
1074	1074	2	3672719	12153	4065304	3107758168	29405699	8962	74	3090	27	0	1	92	8861	235	535	2299	1	1	23
1075	1075	3	3580540	7773	3406555	3111338708	29413472	4223	121	3402	27	0	1	147	4066	233	645	2503	1	1	46
1076	1076	4	2670148	3442	2946855	3114008856	29416914	2729	40	646	27	0	1	44	2676	235	118	273	1	1	10
1077	1077	5	2889806	7292	2743526	3116898662	29424206	5615	43	1607	27	0	1	67	5539	221	246	1119	1	1	11
1078	1078	6	4525622	23081	5755171	3121424284	29447287	6254	274	16526	27	0	1	245	5999	236	2793	13476	1	1	103
1079	1079	7	3799381	13384	5269022	3125223665	29460671	5132	103	8122	27	0	1	143	4979	255	1320	6526	1	1	37
1080	1080	0	3120839	3332	3824914	3128344504	29464003	2049	40	1216	27	0	1	55	1985	261	190	744	1	1	10
1081	1081	1	3327654	6267	3049396	3131672158	29470270	4094	86	2060	27	0	1	120	3965	267	465	1307	1	1	27
1082	1082	2	2991461	2401	3541495	3134663619	29472671	1633	37	704	27	0	1	36	1588	271	169	243	1	1	9
1083	1083	3	3832136	4672	4215183	3138495755	29477343	1622	70	2953	27	0	1	66	1547	275	454	2203	1	1	20
1084	1084	4	3663058	10502	3185805	3142158813	29487845	8661	53	1761	27	0	1	57	8595	280	410	1050	1	1	16
1085	1085	5	3506652	8695	4455673	3145665465	29496540	2537	112	6019	27	0	1	137	2390	277	1107	4614	1	1	37
1086	1086	6	3467166	5737	3866954	3149132631	29502277	1792	108	3810	27	0	1	124	1659	285	883	2621	1	1	35
1087	1087	7	3712634	8409	4664543	3152845265	29510686	5238	78	3066	27	0	1	83	5146	269	587	2189	1	1	23
1088	1088	0	3354894	12255	3930204	3156200159	29522941	3620	116	8492	27	0	1	143	3467	263	1475	6733	1	1	44
1089	1089	1	3148771	10980	3989304	3159348930	29533921	7305	115	3533	27	0	1	127	7169	268	737	2507	1	1	41
1090	1090	2	3377931	9826	3088915	3162726861	29543747	7430	57	2312	27	0	1	51	7370	268	455	1568	1	1	17
1091	1091	3	3999888	10519	4832163	3166726749	29554266	8697	85	1710	27	0	1	108	8580	254	374	1061	1	1	26
1092	1092	4	2605246	600	3423755	3169331995	29554866	40	34	499	27	0	1	31	1	256	97	127	1	1	8
1093	1093	5	3985929	6931	5463002	3173317924	29561797	3224	127	3553	27	0	1	121	3094	262	1016	2254	1	1	45
1094	1094	6	5175963	43669	6105190	3178493887	29605466	6143	514	36985	27	0	1	434	5699	275	6687	30001	1	1	246
1095	1095	7	2605625	827	3401015	3181099512	29606293	40	34	726	27	0	1	31	1	283	128	294	1	1	8
1096	1096	0	3747272	7474	4516624	3184846784	29613767	4312	78	3057	27	0	1	109	4194	287	493	2256	1	1	23
1097	1097	1	3258616	11372	3136555	3188105400	29625139	7512	124	3709	27	0	1	129	7373	277	899	2512	1	1	48
1098	1098	2	3597819	7644	4707833	3191703219	29632783	2618	98	4901	27	0	1	120	2489	302	1302	3276	1	1	34
1099	1099	3	1471008	1752	1907947	3193174227	29634535	44	37	1644	27	0	1	35	1	316	211	1096	1	1	9
1100	1100	4	4386578	9204	5430692	3197560805	29643739	2924	143	6110	27	0	1	165	2749	306	1476	4307	1	1	52
1101	1101	5	4560258	7218	4507893	3202121063	29650957	3147	111	3933	27	0	1	125	3013	306	969	2637	1	1	37
1102	1102	6	5148777	39367	5848171	3207269840	29690324	6910	348	32082	27	0	1	387	6513	272	5581	26207	1	1	150
1103	1103	7	4277135	18995	5413092	3211546975	29709319	9511	166	9291	27	0	1	225	9276	267	2211	6792	1	1	64
1104	1104	0	4470726	21006	6301051	3216017701	29730325	10051	210	10718	27	0	1	232	9809	258	2206	8233	1	1	85
1105	1105	1	4352456	20581	5907021	3220370157	29750906	9635	195	10724	27	0	1	190	9435	252	2446	8005	1	1	77
1106	1106	2	4459168	12388	4938332	3224829325	29763294	4441	159	7761	27	0	1	179	4252	202	1884	5654	1	1	60
1107	1107	3	4576407	14727	5926961	3229405732	29778021	5139	184	9377	27	0	1	225	4904	198	1958	7200	1	1	72
1108	1108	4	4971360	22929	6926270	3234377092	29800950	5980	308	16614	27	0	1	343	5627	193	3275	13125	1	1	134
1109	1109	5	4878757	25411	6673540	3239255849	29826361	10027	327	15030	27	0	1	199	9818	170	3252	11587	1	1	132
1110	1110	6	5180515	30977	7816238	3244436364	29857338	11170	324	19456	27	0	1	359	10801	170	4191	15074	1	1	141
1111	1111	7	4647546	7999	5161003	3249083910	29865337	4516	98	3358	27	0	1	145	4361	168	645	2524	1	1	34
1112	1112	0	3236994	9288	3478274	3252320904	29874625	7490	34	1737	27	0	1	36	7445	168	321	1227	1	1	8
1113	1113	1	2823615	3584	3045426	3255144519	29878209	1580	79	1898	27	0	1	75	1496	194	445	1238	1	1	23
1114	1114	2	3562112	3624	3681304	3258706631	29881833	755	73	2769	27	0	1	91	655	208	442	2098	1	1	22
1115	1115	3	2879321	2034	3225715	3261585952	29883867	1408	42	557	27	0	1	41	1358	218	123	196	1	1	11
1116	1116	4	3338703	3824	3242895	3264924655	29887691	2518	55	1224	27	0	1	66	2443	230	223	750	1	1	15
1117	1117	5	4882090	22310	6370911	3269806745	29910001	10836	247	11200	27	0	1	253	10573	237	2242	8700	1	1	102
1118	1118	6	3558609	8912	4672303	3273365354	29918913	2536	102	6247	27	0	1	125	2402	241	1162	4823	1	1	34
1119	1119	7	3309899	8609	4206513	3276675253	29927522	7347	47	1188	27	0	1	61	7277	244	185	738	1	1	13
1120	1120	0	3714794	7071	7373259	3280390047	29934593	4952	66	2026	27	0	1	73	4870	246	377	1382	1	1	21
1121	1121	1	3308785	3578	3568185	3283698832	29938171	1957	64	1530	27	0	1	77	1871	247	325	937	1	1	18
1122	1122	2	4136984	9928	4198584	3287835816	29948099	5402	70	4429	27	0	1	88	5305	235	932	3241	1	1	21
1123	1123	3	4624922	16917	5602402	3292460738	29965016	10440	123	6327	27	0	1	123	10308	246	980	5080	1	1	43
1124	1124	4	3268328	4788	4259444	3295729066	29969804	2476	43	2242	27	0	1	58	2409	250	340	1631	1	1	11
1125	1125	5	3313600	6534	4114963	3299042666	29976338	4293	72	2142	27	0	1	82	4202	248	294	1579	1	1	21
1126	1126	6	3949759	12115	5222873	3302992425	29988453	5979	133	5976	27	0	1	202	5767	238	1166	4551	1	1	44
1127	1127	7	4190552	6876	4954082	3307182977	29995329	4288	63	2498	27	0	1	85	4194	236	481	1760	1	1	18
1128	1128	0	2769083	2731	3137666	3309952060	29998060	1449	50	1205	27	0	1	41	1399	251	342	591	1	1	14
1129	1129	1	4120915	13038	5406241	3314072975	30011098	4247	173	8591	27	0	1	236	4001	251	1684	6635	1	1	70
1130	1130	2	3529560	14259	4959963	3317602535	30025357	7290	143	6799	27	0	1	136	7144	254	1507	4979	30	10	49
1131	1131	3	4374893	15544	5420192	3321977428	30040901	5363	163	9991	27	0	1	173	5180	245	1785	7940	1	1	65
1132	1132	4	3984896	2754	3474605	3325962324	30043655	57	46	2624	27	0	1	48	1	251	370	1982	1	1	12
1133	1133	5	2224304	11424	3537355	3328186628	30055079	1081	206	10110	27	0	1	204	867	262	3568	6259	1	1	83
1134	1134	6	3827199	7518	5172322	3332013827	30062597	4991	96	2404	27	0	1	103	4879	264	443	1676	1	1	31
1135	1135	7	3316754	10111	3901674	3335330581	30072708	7539	58	2487	27	0	1	36	7494	258	426	1782	1	1	16
1136	1136	0	4458270	24533	5715561	3339788851	30097241	5100	240	19166	27	0	1	287	4803	253	3194	15698	1	1	100
1137	1137	1	4448242	24480	6485150	3344237093	30121721	5187	190	19076	27	0	1	257	4920	249	3419	15387	1	1	79
1138	1138	2	5141055	67700	9459956	3349378148	30189421	5862	586	61225	27	0	1	663	5189	242	10255	50706	1	1	289
1139	1139	3	4480294	22038	5954101	3353858442	30211459	5612	236	16163	27	0	1	290	5312	236	2811	13095	1	1	93
1140	1140	4	4880042	40339	6517720	3358738484	30251798	9738	177	30397	27	0	1	201	9527	215	5246	24914	1	1	68
1141	1141	5	3194041	10046	3768404	3361932525	30261844	7976	52	1991	27	0	1	35	7932	216	404	1350	1	1	15
1142	1142	6	3466394	8186	4178913	3365398919	30270030	5260	90	2809	27	0	1	125	5126	221	481	2086	1	1	29
1143	1143	7	3335491	10768	4629733	3368734410	30280798	7749	98	2894	27	0	1	154	7585	212	491	2170	1	1	31
1144	1144	0	3661409	8556	4113904	3372395819	30289354	5516	97	2916	27	0	1	129	5377	209	732	1954	1	1	31
1145	1145	1	3717083	11446	4031424	3376112902	30300800	4150	117	7152	27	0	1	111	4030	208	1398	5525	1	1	40
1146	1146	2	3666419	4053	4820753	3379779321	30304853	2667	43	1316	27	0	1	52	2606	230	234	831	1	1	11
1147	1147	3	3510959	5150	4178724	3383290280	30310003	2708	68	2347	27	0	1	50	2649	244	463	1619	1	1	22
1148	1148	4	3647883	3370	4502373	3386938163	30313373	2702	41	600	27	0	1	54	2639	255	127	198	1	1	11
1149	1149	5	3010650	5710	3570144	3389948813	30319083	1623	82	3978	27	0	1	109	1505	259	668	3030	1	1	24
1150	1150	6	2875454	6952	3692585	3392824267	30326035	6049	54	822	27	0	1	45	5995	255	211	335	1	1	16
1151	1151	7	3589910	6435	4808602	3396414177	30332470	3200	83	3125	27	0	1	86	3105	253	634	2217	1	1	26
1152	1152	0	1999173	5148	2613136	3398413350	30337618	4432	41	648	27	0	1	41	4382	250	114	264	1	1	11
1153	1153	1	3594399	14120	4774202	3402007749	30351738	3712	257	10124	27	0	1	277	3425	253	1804	8046	1	1	105
1154	1154	2	3629290	12250	3550805	3405637039	30363988	7938	96	4189	27	0	1	103	7826	251	802	3115	1	1	32
1155	1155	3	2552564	32363	4618513	3408189603	30396351	6259	293	25784	27	0	1	432	5817	266	15221	10276	1	1	125
1156	1156	4	2600193	37009	5681612	3410789796	30433360	6279	308	30395	27	0	1	156	6113	250	20734	9389	1	1	131
1157	1157	5	2527622	32277	5150542	3413317418	30465637	4499	293	27458	27	0	1	136	4353	229	19749	7458	1	1	123
1158	1158	6	2563899	34473	4773493	3415881317	30500110	6237	264	27945	27	0	1	183	6044	244	16351	11329	1	1	115
1159	1159	7	2587815	46464	5914391	3418469132	30546574	6072	376	39989	27	0	1	184	5878	248	21930	17788	1	1	166
1160	1160	0	2660604	62368	6748260	3421129736	30608942	6583	513	55245	27	0	1	175	6398	270	26713	28239	1	1	229
1161	1161	1	2454836	22500	5085182	3423584572	30631442	3204	226	19043	27	0	1	96	3099	283	13647	5092	1	1	95
1162	1162	2	2571708	37646	5695861	3426156280	30669088	6204	322	31093	27	0	1	114	6081	270	21104	9697	1	1	138
1163	1163	3	2472876	10142	3961154	3428629156	30679230	5810	105	4200	27	0	1	137	5663	282	1124	2773	1	1	32
1164	1164	4	2589846	14901	4130584	3431219002	30694131	6033	132	8709	27	0	1	64	5960	279	1982	6427	1	1	42
1165	1165	5	2457759	6930	3200695	3433676761	30701061	5880	40	983	27	0	1	68	5803	274	195	493	1	1	10
1166	1166	6	2468052	15234	3180555	3436144813	30716295	6019	159	9029	27	0	1	155	5854	271	5571	3166	1	1	58
1167	1167	7	2538550	8242	3009326	3438683363	30724537	5819	61	2335	27	0	1	89	5721	241	408	1665	1	1	17
1168	1168	0	2550333	9069	3574055	3441233696	30733606	6260	69	2713	27	0	1	108	6143	220	553	1919	1	1	20
1169	1169	1	2459634	15198	4388253	3443693330	30748804	5870	146	9155	27	0	1	63	5798	202	5427	3505	1	1	49
1170	1170	2	759	440	373859	3443694089	30749244	29	28	356	27	0	1	20	1	198	54	85	1	1	6
1171	1171	3	3178846	64333	7925859	3446872935	30813577	7391	539	56376	27	0	1	505	6876	304	12369	43681	1	1	254
1172	1172	4	3032463	36351	4212833	3449905398	30849928	7184	352	28788	27	0	1	161	7013	307	6603	21856	1	1	152
1173	1173	5	2998192	28955	4909853	3452903590	30878883	6760	303	21865	27	0	1	168	6582	301	6279	15264	1	1	118
1174	1174	6	2831493	21858	4666283	3455735083	30900741	6805	191	14835	27	0	1	128	6667	311	4112	10391	1	1	71
1175	1175	7	2705204	20854	4380883	3458440287	30921595	6323	175	14329	27	0	1	76	6238	329	4366	9613	1	1	69
1176	1176	0	2993766	28453	6197131	3461434053	30950048	7105	292	21029	27	0	1	103	6993	325	5145	15538	1	1	116
1177	1177	1	2525099	7381	2869736	3463959152	30957429	5809	46	1499	27	0	1	59	5741	325	360	793	1	1	12
1178	1178	2	2838275	34256	5663152	3466797427	30991685	6499	361	27369	27	0	1	286	6203	342	6820	20185	1	1	160
1179	1179	3	2945538	25380	5598062	3469742965	31017065	6901	256	18196	27	0	1	99	6793	242	3350	14583	1	1	115
1180	1180	4	3098329	31373	6133100	3472841294	31048438	2222	299	28825	27	0	1	147	2065	227	5756	22820	1	1	128
1181	1181	5	2982635	30354	4898533	3475823929	31078792	7146	341	22840	27	0	1	158	6978	226	4637	17955	1	1	154
1182	1182	6	2777955	25712	4428383	3478601884	31104504	6493	240	18952	27	0	1	62	6422	201	3367	15363	1	1	107
1183	1183	7	3080503	31704	4897203	3481682387	31136208	7327	284	24066	27	0	1	230	7087	218	6065	17761	1	1	115
1184	1184	0	2097032	10073	3480675	3483779419	31146281	4851	97	5098	27	0	1	111	4731	217	1494	3366	1	1	29
1185	1185	1	1955290	6585	2887896	3485734709	31152866	4380	43	2135	27	0	1	17	4354	217	624	1273	1	1	11
1186	1186	2	2577236	11897	4142523	3488311945	31164763	6115	155	5600	27	0	1	127	5979	197	1213	4169	1	1	54
1187	1187	3	2837854	15526	4817453	3491149799	31180289	6826	196	8477	27	0	1	236	6580	220	2094	6142	1	1	81
1188	1188	4	2771822	11934	4146364	3493921621	31192223	6431	143	5333	27	0	1	149	6272	308	872	4132	1	1	57
1189	1189	5	2787311	14436	4512873	3496708932	31206659	6510	134	7765	27	0	1	90	6411	309	2071	5364	1	1	47
1190	1190	6	2577801	9422	3993214	3499286733	31216081	6235	58	3102	27	0	1	96	6130	305	381	2395	1	1	16
1191	1191	7	3046692	22995	4507423	3502333425	31239076	7157	239	15572	27	0	1	97	7051	274	3083	12194	1	1	97
1192	1192	0	3644805	67642	7942298	3505978230	31306718	3988	650	62977	27	0	1	595	3383	409	18962	43583	1	1	318
1193	1193	1	3650667	85434	8630447	3509628897	31392152	8859	667	75881	27	0	1	171	8678	411	26592	48855	1	1	309
1194	1194	2	2801921	8994	3793034	3512430818	31401146	6439	31	2497	27	0	1	35	6395	411	264	1801	1	1	7
1195	1195	3	3074134	24655	5902551	3515504952	31425801	7474	188	16966	27	0	1	168	7296	398	2753	13794	1	1	75
1196	1196	4	743	539	697208	3515505695	31426340	29	28	455	27	0	1	20	1	297	54	85	1	1	6
1197	1197	5	2772209	10105	4132713	3518277904	31436445	6175	40	3863	27	0	1	47	6119	310	396	3136	1	1	10
1198	1198	6	2497067	12199	4040854	3520774971	31448644	2643	183	9346	27	0	1	238	2395	354	1778	7193	1	1	73
1199	1199	7	2454242	3405	3402975	3523229213	31452049	1807	46	1525	27	0	1	89	1709	358	275	871	1	1	12
1200	1200	0	2765381	3588	3902074	3525994594	31455637	223	58	3280	27	0	1	70	144	247	457	2555	1	1	16
1201	1201	1	2940534	13127	3541825	3528935128	31468764	6738	118	6244	27	0	1	68	6661	251	1621	4351	1	1	39
1202	1202	2	3070434	33471	5021462	3532005562	31502235	7331	292	25821	27	0	1	225	7096	250	4939	20610	1	1	116
1203	1203	3	2862318	5666	4124614	3534867880	31507901	1567	58	4014	27	0	1	77	1481	235	520	3238	1	1	16
1204	1204	4	2831481	14444	4132254	3537699361	31522345	4523	61	9833	27	0	1	74	4440	236	1040	8536	1	1	17
1205	1205	5	2909491	33056	4780993	3540608852	31555401	6924	262	25843	27	0	1	191	6723	235	4423	21163	1	1	107
1206	1206	6	2582419	8381	3807504	3543191271	31563782	6103	55	2196	27	0	1	56	6038	200	726	1249	1	1	15
1207	1207	7	1939455	17383	3639805	3545130726	31581165	4392	178	12786	27	0	1	236	4146	218	1754	10793	1	1	69
1208	1208	0	2772300	11666	4263403	3547903026	31592831	242	172	11225	27	0	1	165	68	251	1340	9613	1	1	68
1209	1209	1	2822162	16016	4338314	3550725188	31608847	6290	137	9562	27	0	1	108	6173	274	1440	7827	1	1	49
1210	1210	2	2705872	11290	4112163	3553431060	31620137	6226	94	4943	27	0	1	44	6173	276	884	3762	1	1	28
1211	1211	3	10830	1030	596549	3553441890	31621167	37	34	932	27	0	1	28	1	268	199	444	1	1	8
1212	1212	4	2670155	16327	4885872	3556112045	31637494	6461	185	9654	27	0	1	184	6267	276	2223	7134	1	1	75
1213	1213	5	2650072	9260	3641735	3558762117	31646754	6130	46	3057	27	0	1	66	6055	272	741	2023	1	1	12
1214	1214	6	3124464	43472	6699919	3561886581	31690226	3230	350	39865	27	0	1	307	2913	318	6610	32915	1	1	154
1215	1215	7	2458852	3221	2953235	3564345433	31693447	1748	67	1379	27	0	1	88	1651	305	246	807	1	1	19
1216	1216	0	2863944	10674	4305583	3567209377	31704121	6406	95	4146	27	0	1	78	6319	263	1400	2462	1	1	29
1217	1217	1	2733744	7080	3617385	3569943121	31711201	226	78	6749	27	0	1	70	147	234	1534	4960	1	1	23
1218	1218	2	3009631	28196	4688793	3572952752	31739397	7258	252	20659	27	0	1	267	6981	231	3036	17370	1	1	102
1219	1219	3	2808624	24899	4922843	3575761376	31764296	6699	214	17959	27	0	1	218	6471	227	3479	14232	1	1	89
1220	1220	4	2979074	19819	4393103	3578740450	31784115	4821	184	14787	27	0	1	116	4696	217	2662	11887	1	1	73
1221	1221	5	1944581	6078	2990626	3580685031	31790193	4540	57	1454	27	0	1	68	4463	223	267	943	1	1	16
1222	1222	6	2384070	3309	2531107	3583069101	31793502	2474	37	771	27	0	1	50	2415	184	164	402	1	1	9
1223	1223	7	1777695	1430	2528646	3584846796	31794932	197	40	1166	27	0	1	41	147	192	162	791	1	1	10
1224	1224	0	3126344	16853	5092972	3587973140	31811785	7380	276	9170	27	0	1	308	7062	285	6310	2554	1	1	115
1225	1225	1	3634053	34331	6026911	3591607193	31846116	7323	434	26547	27	0	1	308	7005	302	13877	12347	1	1	209
1226	1226	2	2815866	16729	4784293	3594423059	31862845	6722	104	9876	27	0	1	124	6589	298	6189	3368	1	1	34
1227	1227	3	2302243	13670	4068234	3596725302	31876515	5396	99	8148	27	0	1	81	5306	296	4697	3134	1	1	35
1228	1228	4	2740518	19782	4419933	3599465820	31896297	6441	216	13098	27	0	1	165	6266	322	5262	7493	1	1	87
1229	1229	5	2718797	17141	4212054	3602184617	31913438	2619	194	14301	27	0	1	166	2443	326	4887	9067	1	1	81
1230	1230	6	2863655	9957	4191014	3605048272	31923395	6782	120	2859	27	169	1	97	6676	332	597	1909	1	1	39
1231	1231	7	2696655	10689	3732554	3607744927	31934084	6112	52	4329	27	169	1	89	6014	330	488	3490	1	1	14
1232	1232	0	2454249	7117	3590535	3610199176	31941201	5848	56	1017	27	169	1	77	5762	244	180	572	1	1	16
1233	1233	1	2448411	14988	4118503	3612647587	31956189	5546	161	9085	27	169	1	83	5454	233	1644	7187	1	1	63
1234	1234	2	2462209	9138	3135435	3615109796	31965327	5843	79	3020	27	169	1	71	5763	257	670	2072	1	1	23
1235	1235	3	10537	871	568459	3615120333	31966198	59	49	567	27	169	1	50	1	248	138	160	1	1	13
1236	1236	4	2453717	3204	2548186	3617574050	31969402	2045	50	913	27	169	1	47	1989	219	176	497	1	1	14
1237	1237	5	2697290	11887	3340955	3620271340	31981289	6183	55	5453	27	169	1	71	6103	217	619	4596	1	1	15
