order	tu	cum_src	per_tu_wire	cum_wire
original	1	839260	160877	160877
original	2	6273455	779329	940206
original	3	11707650	10239	950445
original	4	15802644	35592	986037
original	5	19892235	9216	995253
original	6	23336706	33242	1028495
original	7	27126942	37601	1066096
original	8	31462954	102678	1168774
original	9	35009186	21044	1189818
original	10	38283493	12822	1202640
original	11	42163346	7325	1209965
original	12	46261895	34445	1244410
original	13	49711452	11433	1255843
original	14	53591305	6052	1261895
original	15	57689854	6288	1268183
original	16	61139411	4102	1272285
original	17	64540011	10339	1282624
original	18	67860872	6929	1289553
original	19	71071807	4603	1294156
original	20	74935143	36385	1330541
original	21	79099458	63378	1393919
original	22	82306915	3837	1397756
original	23	86520638	22806	1420562
original	24	90611194	47890	1468452
original	25	94056366	12513	1480965
original	26	97668791	19574	1500539
original	27	100996038	3780	1504319
original	28	104670201	4878	1509197
original	29	108286822	38762	1547959
original	30	111766065	5682	1553641
original	31	115161549	4812	1558453
original	32	117021365	12230	1570683
original	33	118719868	7445	1578128
original	34	120241059	2756	1580884
original	35	123938465	851963	2432847
original	36	125985108	4280	2437127
original	37	128195966	17430	2454557
original	38	130267124	5359	2459916
original	39	132326090	1959	2461875
original	40	134158176	78179	2540054
original	41	136201134	1859	2541913
original	42	138263961	3032	2544945
original	43	140326061	3280	2548225
original	44	142396189	4495	2552720
original	45	144461205	3381	2556101
original	46	146733965	3890	2559991
original	47	148894165	14577	2574568
original	48	150472420	2426	2576994
original	49	153988719	4728	2581722
original	50	157611119	4448	2586170
original	51	160980551	3994	2590164
original	52	164639145	7761	2597925
original	53	168148137	3549	2601474
original	54	171668025	3692	2605166
original	55	175616258	10116	2615282
original	56	179119811	3086	2618368
original	57	182888541	3952	2622320
original	58	186702624	8374	2630694
original	59	190438563	5735	2636429
original	60	194123991	5658	2642087
original	61	197809841	7725	2649812
original	62	199669657	315	2650127
original	63	201368160	739	2650866
original	64	202889351	193	2651059
original	65	206586757	71	2651130
original	66	208633400	226	2651356
original	67	210844258	368	2651724
original	68	212915416	229	2651953
original	69	214974382	203	2652156
original	70	216806468	123	2652279
original	71	218849426	183	2652462
original	72	220912253	209	2652671
original	73	222974353	196	2652867
original	74	225044481	194	2653061
original	75	227109497	173	2653234
original	76	229382257	262	2653496
original	77	231542457	415	2653911
original	78	233120712	236	2654147
original	79	236637011	687	2654834
original	80	240259411	769	2655603
original	81	243628843	689	2656292
original	82	247287437	1018	2657310
original	83	250796429	607	2657917
original	84	254316317	719	2658636
original	85	258264550	1875	2660511
original	86	261768103	703	2661214
original	87	265536833	827	2662041
original	88	269350916	1002	2663043
original	89	273086855	1441	2664484
original	90	276772283	1184	2665668
original	91	280458133	668	2666336
original	92	283809348	42659	2708995
original	93	287403854	4715	2713710
original	94	289287887	1306	2715016
original	95	293836571	9632	2724648
original	96	298341306	49854	2774502
original	97	302374094	7359	2781861
original	98	306391444	5781	2787642
original	99	310414490	4263	2791905
original	100	314498355	13997	2805902
original	101	318498643	4836	2810738
original	102	322515347	2322	2813060
original	103	326534521	2413	2815473
original	104	330552830	2486	2817959
original	105	334550775	2040	2819999
original	106	338550576	2526	2822525
original	107	342566354	5443	2827968
original	108	346565497	2379	2830347
original	109	350582310	2824	2833171
original	110	354920664	11266	2844437
original	111	359352545	6998	2851435
original	112	363349979	1546	2852981
original	113	367547394	13777	2866758
original	114	371559221	5820	2872578
original	115	375750428	11194	2883772
original	116	379767589	1670	2885442
original	117	383783843	2204	2887646
original	118	387800790	1482	2889128
original	119	392194202	7529	2896657
original	120	396572831	1817	2898474
original	121	400685997	10573	2909047
original	122	404708782	15865	2924912
original	123	409569895	5206	2930118
original	124	413161882	2756	2932874
original	125	416775612	4335	2937209
original	126	420126827	473	2937682
original	127	423721333	447	2938129
original	128	425605366	117	2938246
original	129	430154050	1982	2940228
original	130	434658785	1902	2942130
original	131	438691573	567	2942697
original	132	442708923	587	2943284
original	133	446731969	636	2943920
original	134	450815834	806	2944726
original	135	454816122	409	2945135
original	136	458832826	529	2945664
original	137	462852000	534	2946198
original	138	466870309	517	2946715
original	139	470868254	373	2947088
original	140	474868055	400	2947488
original	141	478883833	700	2948188
original	142	482882976	423	2948611
original	143	486899789	487	2949098
original	144	491238143	1197	2950295
original	145	495670024	1820	2952115
original	146	499667458	319	2952434
original	147	503864873	770	2953204
original	148	507876700	261	2953465
original	149	512067907	894	2954359
original	150	516085068	439	2954798
original	151	520101322	477	2955275
original	152	524118269	353	2955628
original	153	528511681	1461	2957089
original	154	532890310	755	2957844
original	155	537003476	1239	2959083
original	156	541026261	1243	2960326
original	157	545887374	2720	2963046
original	158	549479361	371	2963417
original	159	553093091	1007	2964424
original	160	558201031	16276	2980700
original	161	562999388	108543	3089243
original	162	567694381	34893	3124136
original	163	572323600	5705	3129841
original	164	575526483	9966	3139807
original	165	580494308	30172	3169979
original	166	582926444	3388	3173367
original	167	586993194	3204	3176571
original	168	590871220	1555	3178126
original	169	595718390	10927	3189053
original	170	600432376	14817	3203870
original	171	605248013	14501	3218371
original	172	607666650	1035	3219406
original	173	612461885	31806	3251212
original	174	614902821	2232	3253444
original	175	619631264	15669	3269113
original	176	623516510	2335	3271448
original	177	628206717	15496	3286944
original	178	632836551	3825	3290769
original	179	632873134	2302	3293071
original	180	632889439	1208	3294279
original	181	633395262	127596	3421875
original	182	633476860	1145	3423020
original	183	633599270	2693	3425713
original	184	633619426	3101	3428814
original	185	633667409	3775	3432589
original	186	633892608	27901	3460490
original	187	633939793	3250	3463740
original	188	634065696	3933	3467673
original	189	635434159	197269	3664942
original	190	636705498	11222	3676164
original	191	637818684	4096	3680260
original	192	639023474	13643	3693903
original	193	640219357	22301	3716204
original	194	641370939	5181	3721385
original	195	642462878	1211	3722596
original	196	642997375	3375	3725971
original	197	644138504	7496	3733467
original	198	645280704	6548	3740015
original	199	645461787	35389	3775404
original	200	646795216	22418	3797822
original	201	648026567	2784	3800606
original	202	648076877	3773	3804379
original	203	648681270	3059	3807438
original	204	649786237	1676	3809114
original	205	650390467	1956	3811070
original	206	650474845	1069	3812139
original	207	651645692	8839	3820978
original	208	652180351	4511	3825489
original	209	652216596	956	3826445
original	210	652385543	18808	3845253
original	211	654999687	44528	3889781
original	212	656294768	16625	3906406
original	213	656322609	904	3907310
original	214	658037312	1808	3909118
original	215	659659386	2746	3911864
original	216	660686390	1170	3913034
original	217	664600843	3373	3916407
original	218	669399200	2002	3918409
original	219	674094193	1932	3920341
original	220	678723412	1192	3921533
original	221	681926295	1143	3922676
original	222	686894274	2232	3924908
original	223	689326410	447	3925355
original	224	693393160	736	3926091
original	225	697271186	448	3926539
original	226	702118356	1664	3928203
original	227	706832342	1881	3930084
original	228	711647979	1546	3931630
original	229	714066616	221	3931851
original	230	718861851	1323	3933174
original	231	721302787	221	3933395
original	232	726031230	1044	3934439
original	233	729916476	414	3934853
original	234	734606683	1286	3936139
original	235	739236517	1422	3937561
original	236	739273100	97	3937658
original	237	739289405	60	3937718
original	238	739795228	95	3937813
original	239	739876826	280	3938093
original	240	739999236	308	3938401
original	241	740019392	69	3938470
original	242	740067375	127	3938597
original	243	740292574	345	3938942
original	244	740339759	122	3939064
original	245	740465662	477	3939541
original	246	741834125	886	3940427
original	247	743105464	775	3941202
original	248	744218650	451	3941653
original	249	745423440	1052	3942705
original	250	746619323	524	3943229
original	251	747770905	554	3943783
original	252	748862844	316	3944099
original	253	749397341	277	3944376
original	254	750538470	433	3944809
original	255	751680670	475	3945284
original	256	751861753	104	3945388
original	257	753195182	991	3946379
original	258	754426533	678	3947057
original	259	754476843	87	3947144
original	260	755081236	304	3947448
original	261	756186203	379	3947827
original	262	756790433	295	3948122
original	263	756874811	230	3948352
original	264	758045658	464	3948816
original	265	758580317	138	3948954
original	266	758616562	100	3949054
original	267	758785509	551	3949605
original	268	761399653	1052	3950657
original	269	762694734	718	3951375
original	270	762722575	85	3951460
original	271	764437278	851	3952311
original	272	766059352	969	3953280
original	273	767086356	336	3953616
original	274	771000809	461	3954077
original	275	775815791	6935	3961012
original	276	780578825	12267	3973279
original	277	785323099	21125	3994404
original	278	789941487	13404	4007808
original	279	794488740	11960	4019768
original	280	798660572	5688	4025456
original	281	802832404	991	4026447
original	282	806817251	11796	4038243
original	283	816903213	737934	4776177
original	284	820572796	7552	4783729
original	285	820707836	3184	4786913
original	286	821389315	10454	4797367
original	287	822040416	3961	4801328
original	288	822173992	1513	4802841
original	289	822299107	2242	4805083
original	290	826450886	507126	5312209
original	291	826576885	2910	5315119
original	292	826746086	10158	5325277
original	293	826752225	1017	5326294
original	294	826894480	3650	5329944
original	295	827021209	2395	5332339
original	296	827105232	472	5332811
original	297	827784756	1835	5334646
original	298	827912328	991	5335637
original	299	828043741	1700	5337337
original	300	828521266	1876	5339213
original	301	828658660	2737	5341950
original	302	828778613	703	5342653
original	303	828923352	4886	5347539
original	304	829072760	4848	5352387
original	305	829213816	2367	5354754
original	306	829300302	767	5355521
original	307	829430118	1017	5356538
original	308	829552413	1315	5357853
original	309	829722436	6923	5364776
original	310	829901074	6970	5371746
original	311	830555097	1785	5373531
original	312	830698201	2956	5376487
original	313	830833421	2093	5378580
original	314	830968645	1666	5380246
original	315	831115892	3273	5383519
original	316	831248710	1383	5384902
original	317	831384061	2045	5386947
original	318	831517404	1272	5388219
original	319	831652389	2131	5390350
original	320	831784885	1170	5391520
original	321	831916408	1003	5392523
original	322	832051227	1592	5394115
original	323	832191008	2914	5397029
original	324	832326939	1737	5398766
original	325	832458465	1028	5399794
original	326	832590625	1171	5400965
original	327	832732968	2862	5403827
original	328	832866368	1475	5405302
original	329	833007776	2322	5407624
original	330	833140895	1145	5408769
original	331	833275075	1342	5410111
original	332	833412443	1960	5412071
original	333	833548096	1337	5413408
original	334	833692116	2800	5416208
original	335	833832315	2265	5418473
original	336	837997201	4080	5422553
original	337	842162087	920	5423473
original	338	842878313	14547	5438020
original	339	844036743	5757	5443777
original	340	852349670	265634	5709411
original	341	852455877	1246	5710657
original	342	853201291	1203	5711860
original	343	853823986	1456	5713316
original	344	853925235	1125	5714441
original	345	854029212	1562	5716003
original	346	854751172	8548	5724551
original	347	859733447	46691	5771242
original	348	862632103	2319	5773561
original	349	867713863	43340	5816901
original	350	871892228	24162	5841063
original	351	875971276	44115	5885178
original	352	879941222	8390	5893568
original	353	881881598	5322	5898890
original	354	884829977	7025	5905915
original	355	888491849	34429	5940344
original	356	896384982	268960	6209304
original	357	899036458	3307	6212611
original	358	902812929	16392	6229003
original	359	905539024	4105	6233108
original	360	909846960	35164	6268272
original	361	913375011	46565	6314837
original	362	917276706	8140	6322977
original	363	920814946	7746	6330723
original	364	924308148	25211	6355934
original	365	928306239	46494	6402428
original	366	932743317	86220	6488648
original	367	938013203	113155	6601803
original	368	942121756	27540	6629343
original	369	946318779	35723	6665066
original	370	949625497	11857	6676923
original	371	952143167	8214	6685137
original	372	955368792	2748	6687885
original	373	958742913	24325	6712210
original	374	961415127	1656	6713866
original	375	964170951	7683	6721549
original	376	966816891	1048	6722597
original	377	969466905	1351	6723948
original	378	972112053	1090	6725038
original	379	974756105	724	6725762
original	380	977748454	1198	6726960
original	381	980392477	667	6727627
original	382	983075667	4226	6731853
original	383	985724312	1001	6732854
original	384	990801350	99215	6832069
original	385	994463627	10035	6842104
original	386	999010371	43851	6885955
original	387	1003186589	12800	6898755
original	388	1006414142	4808	6903563
original	389	1010774075	46463	6950026
original	390	1014375202	13732	6963758
original	391	1018497797	2842	6966600
original	392	1023020060	34295	7000895
original	393	1027012130	19992	7020887
original	394	1030631013	4397	7025284
original	395	1034931071	13125	7038409
original	396	1038715331	17431	7055840
original	397	1041706816	2453	7058293
original	398	1046741352	30109	7088402
original	399	1051684051	90993	7179395
original	400	1055669028	10467	7189862
original	401	1060751527	75576	7265438
original	402	1064331822	8098	7273536
original	403	1068852929	14738	7288274
original	404	1073751960	9468	7297742
original	405	1078053805	33762	7331504
original	406	1083577793	42713	7374217
original	407	1086600690	11670	7385887
original	408	1090335674	9240	7395127
original	409	1094057478	13523	7408650
original	410	1097748771	32854	7441504
original	411	1100588240	2191	7443695
original	412	1104309918	21402	7465097
original	413	1108963240	53244	7518341
original	414	1113747363	6257	7524598
original	415	1117486656	23949	7548547
original	416	1120882008	5053	7553600
original	417	1124290092	6482	7560082
original	418	1127522584	3161	7563243
original	419	1131138448	4214	7567457
original	420	1134367603	4601	7572058
original	421	1138038583	8467	7580525
original	422	1141265050	842	7581367
original	423	1145244816	19037	7600404
original	424	1148904199	3445	7603849
original	425	1153219297	31087	7634936
original	426	1156512651	5689	7640625
original	427	1160051838	12112	7652737
original	428	1164308280	13941	7666678
original	429	1168040563	20347	7687025
original	430	1171215583	8031	7695056
original	431	1176893710	55373	7750429
original	432	1182271532	53740	7804169
original	433	1185990655	1599	7805768
original	434	1189234354	4089	7809857
original	435	1193342418	51785	7861642
original	436	1198375125	18390	7880032
original	437	1201472562	4651	7884683
original	438	1205578224	3919	7888602
original	439	1210389222	58206	7946808
original	440	1213172631	1932	7948740
original	441	1219129328	107260	8056000
original	442	1223220259	938	8056938
original	443	1227469755	17071	8074009
original	444	1231794878	9063	8083072
original	445	1236232702	10049	8093121
original	446	1240191313	4328	8097449
original	447	1245238459	122047	8219496
original	448	1249423600	5758	8225254
original	449	1253504318	17593	8242847
original	450	1257835853	15668	8258515
original	451	1262742599	15513	8274028
original	452	1268761809	190909	8464937
original	453	1272268023	6479	8471416
original	454	1276900611	50622	8522038
original	455	1280295509	2137	8524175
original	456	1283642020	3447	8527622
original	457	1287648427	13904	8541526
original	458	1292031780	10228	8551754
original	459	1296112129	37098	8588852
original	460	1299311860	7250	8596102
original	461	1303568421	14918	8611020
original	462	1308623897	77936	8688956
original	463	1313196001	40179	8729135
original	464	1315690987	2830	8731965
original	465	1319005190	11113	8743078
original	466	1323071091	20796	8763874
original	467	1328018137	53417	8817291
original	468	1330913854	4729	8822020
original	469	1338075606	247391	9069411
original	470	1341244536	8332	9077743
original	471	1344661965	9201	9086944
original	472	1348088402	8131	9095075
original	473	1352747208	38724	9133799
original	474	1357712973	41411	9175210
original	475	1363250037	58931	9234141
original	476	1368041108	32855	9266996
original	477	1373240678	57264	9324260
original	478	1377818252	15996	9340256
original	479	1381624931	16631	9356887
original	480	1385498014	23314	9380201
original	481	1389933959	23698	9403899
original	482	1394666040	37823	9441722
original	483	1398057473	10909	9452631
original	484	1402627687	10315	9462946
original	485	1408197332	107779	9570725
original	486	1412531784	18781	9589506
original	487	1416721950	11335	9600841
original	488	1421978388	67121	9667962
original	489	1426183869	14912	9682874
original	490	1430314389	6514	9689388
original	491	1434545914	20079	9709467
original	492	1438716871	13456	9722923
original	493	1441827552	7746	9730669
original	494	1446663672	43373	9774042
original	495	1450427639	28676	9802718
original	496	1455818005	123116	9925834
original	497	1459698923	7950	9933784
original	498	1464625409	23442	9957226
original	499	1472219751	204786	10162012
original	500	1483187677	399124	10561136
original	501	1487632925	5955	10567091
original	502	1491912807	4863	10571954
original	503	1496529791	29966	10601920
original	504	1500828646	8259	10610179
original	505	1505096532	4014	10614193
original	506	1509524150	15356	10629549
original	507	1513756983	2368	10631917
original	508	1518107074	7353	10639270
original	509	1522401535	8087	10647357
original	510	1526632260	2285	10649642
original	511	1531022476	2967	10652609
original	512	1535284959	4835	10657444
original	513	1539511056	1792	10659236
original	514	1544055284	17966	10677202
original	515	1548443627	2485	10679687
original	516	1552937169	9812	10689499
original	517	1557255183	8719	10698218
original	518	1561584851	4865	10703083
original	519	1565827446	2493	10705576
original	520	1570229215	12791	10718367
original	521	1574512692	12011	10730378
original	522	1578975383	18506	10748884
original	523	1583230095	3954	10752838
original	524	1587658127	4033	10756871
original	525	1592178774	24293	10781164
original	526	1596580070	10452	10791616
original	527	1600828258	2604	10794220
original	528	1605060690	2101	10796321
original	529	1609339578	5802	10802123
original	530	1614285039	55165	10857288
original	531	1618526793	5932	10863220
original	532	1622871717	11217	10874437
original	533	1627132595	4379	10878816
original	534	1631384794	1373	10880189
original	535	1635780302	1513	10881702
original	536	1640035224	3470	10885172
original	537	1644475818	6210	10891382
original	538	1648762280	6372	10897754
original	539	1652993257	2612	10900366
original	540	1657263314	4703	10905069
original	541	1661506864	2437	10907506
original	542	1665727712	691	10908197
original	543	1669958063	1554	10909751
original	544	1674708198	33610	10943361
original	545	1679625869	33326	10976687
original	546	1683918366	3844	10980531
original	547	1688773585	89812	11070343
original	548	1696312243	201715	11272058
original	549	1700618562	2554	11274612
original	550	1704640584	4745	11279357
original	551	1708817083	1662	11281019
original	552	1711175014	1264	11282283
original	553	1715393754	1045	11283328
original	554	1719612375	953	11284281
original	555	1723490104	685	11284966
original	556	1728052349	12147	11297113
original	557	1732104428	3484	11300597
original	558	1736126450	557	11301154
original	559	1740302949	203	11301357
original	560	1742660880	361	11301718
original	561	1747066520	5027	11306745
original	562	1751309746	1774	11308519
original	563	1751363069	456	11308975
original	564	1755326687	11037	11320012
original	565	1759871689	9024	11329036
original	566	1764205664	6442	11335478
original	567	1766999597	2610	11338088
original	568	1771275022	4847	11342935
original	569	1776308392	41545	11384480
original	570	1780578919	1621	11386101
original	571	1785031773	9449	11395550
original	572	1789620938	20211	11415761
original	573	1793139684	6818	11422579
original	574	1797374458	1854	11424433
original	575	1801704733	7631	11432064
original	576	1806086891	11741	11443805
original	577	1811093202	41029	11484834
original	578	1815349282	6589	11491423
original	579	1819584129	1633	11493056
original	580	1823853163	3203	11496259
original	581	1828999793	34190	11530449
original	582	1829670876	4636	11535085
original	583	1832092161	14420	11549505
original	584	1834064067	10169	11559674
original	585	1836723080	8236	11567910
original	586	1836880816	8448	11576358
original	587	1837030150	6875	11583233
original	588	1837178198	5611	11588844
original	589	1837334056	4043	11592887
original	590	1837453344	4829	11597716
original	591	1837638665	7507	11605223
original	592	1837840753	10325	11615548
original	593	1838046752	10844	11626392
original	594	1838207700	2718	11629110
original	595	1838325434	2032	11631142
original	596	1838489384	4678	11635820
original	597	1838645914	6319	11642139
original	598	1838872540	12081	11654220
original	599	1839034514	2960	11657180
original	600	1839184559	4670	11661850
original	601	1839397223	5685	11667535
original	602	1839562821	2238	11669773
original	603	1839685985	625	11670398
original	604	1839808931	720	11671118
original	605	1839940277	3386	11674504
original	606	1840231609	11773	11686277
original	607	1840399402	3726	11690003
original	608	1840550186	3514	11693517
original	609	1843867373	6001	11699518
original	610	1844272417	54736	11754254
original	611	1845159090	1409	11755663
original	612	1847092743	10760	11766423
original	613	1849131711	11453	11777876
original	614	1851256629	15761	11793637
original	615	1853160245	4641	11798278
original	616	1854880537	2103	11800381
original	617	1856898857	6571	11806952
original	618	1858790675	4706	11811658
original	619	1860717520	19398	11831056
original	620	1860728417	1097	11832153
original	621	1862598902	6380	11838533
original	622	1864784534	4726	11843259
original	623	1866694512	9366	11852625
original	624	1868704238	12702	11865327
original	625	1870750229	8646	11873973
original	626	1872683374	3480	11877453
original	627	1874552866	4720	11882173
original	628	1875974641	1655	11883828
original	629	1877699036	2699	11886527
original	630	1877720609	4729	11891256
original	631	1877855218	39267	11930523
original	632	1877886946	1540	11932063
original	633	1879211377	2151	11934214
original	634	1881066828	1492	11935706
original	635	1896853048	710064	12645770
original	636	1899696606	5082	12650852
original	637	1902440551	76358	12727210
original	638	1902466967	407	12727617
original	639	1902707416	25799	12753416
original	640	1902900089	1726	12755142
original	641	1903134782	3457	12758599
original	642	1903365817	6484	12765083
original	643	1903392854	432	12765515
original	644	1903490922	4702	12770217
original	645	1903786708	4919	12775136
original	646	1904030589	5791	12780927
original	647	1904237849	1818	12782745
original	648	1904509765	10791	12793536
original	649	1905188194	72194	12865730
original	650	1905545543	2912	12868642
original	651	1905860476	5227	12873869
original	652	1906244244	7059	12880928
original	653	1906626382	6722	12887650
original	654	1907006686	5998	12893648
original	655	1907456044	15294	12908942
original	656	1907839264	10275	12919217
original	657	1908267378	17413	12936630
original	658	1908677650	12485	12949115
original	659	1909042314	12339	12961454
original	660	1909357678	5122	12966576
original	661	1909745645	15114	12981690
original	662	1910156785	20258	13001948
original	663	1910390514	1241	13003189
original	664	1910631973	1736	13004925
original	665	1910680605	1253	13006178
original	666	1911072280	13400	13019578
original	667	1911230988	15060	13034638
original	668	1911666016	7621	13042259
original	669	1912116878	14613	13056872
original	670	1916195361	2233	13059105
original	671	1920108428	14465	13073570
original	672	1924269468	37081	13110651
original	673	1928367152	3463	13114114
original	674	1932269586	2630	13116744
original	675	1936219365	9256	13126000
original	676	1940125943	4991	13130991
original	677	1944116926	15204	13146195
original	678	1948063861	3767	13149962
original	679	1952003945	3024	13152986
original	680	1956131790	4567	13157553
original	681	1960167322	13971	13171524
original	682	1964141577	6581	13178105
original	683	1964141827	154	13178259
original	684	1968107592	6228	13184487
original	685	1972028907	3681	13188168
original	686	1975943534	2088	13190256
original	687	1979965059	14019	13204275
original	688	1983955740	9260	13213535
original	689	1985715205	8615	13222150
reverse	1	1759465	334258	334258
reverse	2	5750146	443372	777630
reverse	3	9771671	30018	807648
reverse	4	13686298	10676	818324
reverse	5	17607613	12110	830434
reverse	6	21573378	26105	856539
reverse	7	21573628	152	856691
reverse	8	25547883	33374	890065
reverse	9	29583415	34190	924255
reverse	10	33711260	63075	987330
reverse	11	37651344	17280	1004610
reverse	12	41598279	11313	1015923
reverse	13	45589262	19818	1035741
reverse	14	49495840	9784	1045525
reverse	15	53445619	12909	1058434
reverse	16	57348053	9350	1067784
reverse	17	61445737	28493	1096277
reverse	18	65606777	49323	1145600
reverse	19	69519844	11402	1157002
reverse	20	73598327	37292	1194294
reverse	21	74049189	62848	1257142
reverse	22	74484217	10457	1267599
reverse	23	74642925	15045	1282644
reverse	24	75034600	11525	1294169
reverse	25	75083232	2006	1296175
reverse	26	75324691	2598	1298773
reverse	27	75558420	958	1299731
reverse	28	75969560	23700	1323431
reverse	29	76357527	15705	1339136
reverse	30	76672891	3697	1342833
reverse	31	77037555	12799	1355632
reverse	32	77447827	13672	1369304
reverse	33	77875941	18206	1387510
reverse	34	78259161	10572	1398082
reverse	35	78708519	15372	1413454
reverse	36	79088823	6235	1419689
reverse	37	79470961	6037	1425726
reverse	38	79854729	8127	1433853
reverse	39	80169662	5029	1438882
reverse	40	80527011	2497	1441379
reverse	41	81205440	56938	1498317
reverse	42	81477356	10592	1508909
reverse	43	81684616	1763	1510672
reverse	44	81928497	5335	1516007
reverse	45	82224283	766	1516773
reverse	46	82322351	4521	1521294
reverse	47	82349388	376	1521670
reverse	48	82580423	971	1522641
reverse	49	82815116	2632	1525273
reverse	50	83007789	1505	1526778
reverse	51	83248238	3000	1529778
reverse	52	83274654	277	1530055
reverse	53	86018599	108045	1638100
reverse	54	88862157	13917	1652017
reverse	55	104648377	709463	2361480
reverse	56	106503828	32855	2394335
reverse	57	107828259	4946	2399281
reverse	58	107859987	1699	2400980
reverse	59	107994596	39485	2440465
reverse	60	108016169	4933	2445398
reverse	61	109740564	10435	2455833
reverse	62	111162339	3081	2458914
reverse	63	113031831	7632	2466546
reverse	64	114964976	14986	2481532
reverse	65	117010967	10866	2492398
reverse	66	119020693	13637	2506035
reverse	67	120930671	10599	2516634
reverse	68	123116303	7291	2523925
reverse	69	124986788	7149	2531074
reverse	70	124997685	979	2532053
reverse	71	126924530	19702	2551755
reverse	72	128816348	5272	2557027
reverse	73	130834668	6920	2563947
reverse	74	132554960	2602	2566549
reverse	75	134458576	3256	2569805
reverse	76	136583494	15190	2584995
reverse	77	138622462	11089	2596084
reverse	78	140556115	4532	2600616
reverse	79	141442788	1353	2601969
reverse	80	141847832	60099	2662068
reverse	81	145165019	55071	2717139
reverse	82	145315803	5779	2722918
reverse	83	145483596	3464	2726382
reverse	84	145774928	19047	2745429
reverse	85	145906274	3253	2748682
reverse	86	146029220	1000	2749682
reverse	87	146152384	679	2750361
reverse	88	146317982	2819	2753180
reverse	89	146530646	6186	2759366
reverse	90	146680691	4074	2763440
reverse	91	146842665	3395	2766835
reverse	92	147069291	8393	2775228
reverse	93	147225821	4762	2779990
reverse	94	147389771	5294	2785284
reverse	95	147507505	1848	2787132
reverse	96	147668453	3006	2790138
reverse	97	147874452	6770	2796908
reverse	98	148076540	10215	2807123
reverse	99	148261861	6126	2813249
reverse	100	148381149	2194	2815443
reverse	101	148537007	3209	2818652
reverse	102	148685055	2819	2821471
reverse	103	148834389	4430	2825901
reverse	104	148992125	9366	2835267
reverse	105	151651138	13033	2848300
reverse	106	153623044	11849	2860149
reverse	107	156044329	15905	2876054
reverse	108	156715412	6156	2882210
reverse	109	161862042	73491	2955701
reverse	110	166131076	7873	2963574
reverse	111	170365923	4473	2968047
reverse	112	174622003	10566	2978613
reverse	113	179628314	68435	3047048
reverse	114	184010472	17849	3064897
reverse	115	188340747	14688	3079585
reverse	116	192575521	4685	3084270
reverse	117	196094267	13458	3097728
reverse	118	200683432	25843	3123571
reverse	119	205136286	12988	3136559
reverse	120	209406813	3360	3139919
reverse	121	214440183	66699	3206618
reverse	122	218715608	6516	3213134
reverse	123	221509541	3513	3216647
reverse	124	225843516	8334	3224981
reverse	125	230388518	52045	3277026
reverse	126	234352136	12366	3289392
reverse	127	234405459	586	3289978
reverse	128	238648685	11000	3300978
reverse	129	243054325	14800	3315778
reverse	130	245412256	1845	3317623
reverse	131	249588755	3905	3321528
reverse	132	253610777	10511	3332039
reverse	133	257662856	4497	3336536
reverse	134	262225101	29885	3366421
reverse	135	266102830	1572	3367993
reverse	136	270321451	2376	3370369
reverse	137	274540191	2079	3372448
reverse	138	276898122	628	3373076
reverse	139	281074621	1162	3374238
reverse	140	285096643	1759	3375997
reverse	141	289402962	4661	3380658
reverse	142	296941620	245960	3626618
reverse	143	301796839	124228	3750846
reverse	144	306089336	4607	3755453
reverse	145	311007007	47131	3802584
reverse	146	315757142	46391	3848975
reverse	147	319987493	2683	3851658
reverse	148	324208341	1078	3852736
reverse	149	328451891	2835	3855571
reverse	150	332721948	5489	3861060
reverse	151	336952925	2986	3864046
reverse	152	341239387	6359	3870405
reverse	153	345679981	8463	3878868
reverse	154	349934903	3796	3882664
reverse	155	354330411	4657	3887321
reverse	156	358582610	1634	3888955
reverse	157	362843488	4672	3893627
reverse	158	367188412	11337	3904964
reverse	159	371430166	6317	3911281
reverse	160	376375627	55433	3966714
reverse	161	380654515	5708	3972422
reverse	162	384886947	1988	3974410
reverse	163	389135135	2633	3977043
reverse	164	393536431	10697	3987740
reverse	165	398057078	24054	4011794
reverse	166	402485110	9099	4020893
reverse	167	406739822	3732	4024625
reverse	168	411202513	18255	4042880
reverse	169	415485990	1874	4044754
reverse	170	419887759	12585	4057339
reverse	171	424130354	2280	4059619
reverse	172	428460022	5129	4064748
reverse	173	432778036	8633	4073381
reverse	174	437271578	9334	4082715
reverse	175	441659921	4620	4087335
reverse	176	446204149	17602	4104937
reverse	177	450430246	1345	4106282
reverse	178	454692729	4538	4110820
reverse	179	459082945	3244	4114064
reverse	180	463313670	1860	4115924
reverse	181	467608131	10927	4126851
reverse	182	471958222	8676	4135527
reverse	183	476191055	2118	4137645
reverse	184	480618673	14215	4151860
reverse	185	484886559	6087	4157947
reverse	186	489185414	7151	4165098
reverse	187	493802398	29203	4194301
reverse	188	498082280	3633	4197934
reverse	189	502527528	7220	4205154
reverse	190	513495454	395064	4600218
reverse	191	521089796	183756	4783974
reverse	192	526016282	72834	4856808
reverse	193	529897200	22667	4879475
reverse	194	535287566	144556	5024031
reverse	195	539051533	33467	5057498
reverse	196	543887653	79696	5137194
reverse	197	546998334	8440	5145634
reverse	198	551169291	15239	5160873
reverse	199	555400816	28390	5189263
reverse	200	559531336	14521	5203784
reverse	201	563736817	17071	5220855
reverse	202	568993255	79469	5300324
reverse	203	573183421	6378	5306702
reverse	204	577517873	12137	5318839
reverse	205	583087518	139421	5458260
reverse	206	587657732	8594	5466854
reverse	207	591049165	11645	5478499
reverse	208	595781246	48102	5526601
reverse	209	600217191	30697	5557298
reverse	210	604090274	28275	5585573
reverse	211	607896953	19843	5605416
reverse	212	612474527	20371	5625787
reverse	213	617674097	64209	5689996
reverse	214	622465168	35431	5725427
reverse	215	628002232	62152	5787579
reverse	216	632967997	42926	5830505
reverse	217	637626803	44484	5874989
reverse	218	641053240	9274	5884263
reverse	219	644470669	10420	5894683
reverse	220	647639599	8648	5903331
reverse	221	654801351	302933	6206264
reverse	222	657697068	5086	6211350
reverse	223	662644114	54156	6265506
reverse	224	666710015	22484	6287990
reverse	225	670024218	11709	6299699
reverse	226	672519204	2739	6302438
reverse	227	677091308	38399	6340837
reverse	228	682146784	68297	6409134
reverse	229	686403345	19043	6428177
reverse	230	689603076	7854	6436031
reverse	231	693683425	36455	6472486
reverse	232	698066778	12589	6485075
reverse	233	702073185	15294	6500369
reverse	234	705419696	3833	6504202
reverse	235	708814594	2357	6506559
reverse	236	713447182	47558	6554117
reverse	237	716953396	7602	6561719
reverse	238	722972606	182717	6744436
reverse	239	727879352	45282	6789718
reverse	240	732210887	16922	6806640
reverse	241	736291605	34164	6840804
reverse	242	740476746	8635	6849439
reverse	243	745523892	88695	6938134
reverse	244	749482503	5097	6943231
reverse	245	753920327	9462	6952693
reverse	246	758245450	9669	6962362
reverse	247	762494946	17183	6979545
reverse	248	766585877	1055	6980600
reverse	249	772542574	105070	7085670
reverse	250	775325983	2514	7088184
reverse	251	780136981	59916	7148100
reverse	252	784242643	3028	7151128
reverse	253	787340080	5355	7156483
reverse	254	792372787	31244	7187727
reverse	255	796480851	60997	7248724
reverse	256	799724550	5051	7253775
reverse	257	803443673	2221	7255996
reverse	258	808821495	53051	7309047
reverse	259	814499622	56276	7365323
reverse	260	817674642	8568	7373891
reverse	261	821406925	27953	7401844
reverse	262	825663367	15639	7417483
reverse	263	829202554	14680	7432163
reverse	264	832495908	6280	7438443
reverse	265	836811006	32219	7470662
reverse	266	840470389	4043	7474705
reverse	267	844450155	21328	7496033
reverse	268	847676622	1157	7497190
reverse	269	851347602	9094	7506284
reverse	270	854576757	5427	7511711
reverse	271	858192621	4955	7516666
reverse	272	861425113	4080	7520746
reverse	273	864833197	7101	7527847
reverse	274	868228549	5121	7532968
reverse	275	871967842	24330	7557298
reverse	276	876751965	5266	7562564
reverse	277	881405287	47753	7610317
reverse	278	885126965	21173	7631490
reverse	279	887966434	3833	7635323
reverse	280	891657727	33959	7669282
reverse	281	895379531	18424	7687706
reverse	282	899114515	10191	7697897
reverse	283	902137412	10709	7708606
reverse	284	907661400	65935	7774541
reverse	285	911963245	32713	7807254
reverse	286	916862276	8252	7815506
reverse	287	921383383	13015	7828521
reverse	288	924963678	7435	7835956
reverse	289	930046177	74331	7910287
reverse	290	934031154	8576	7918863
reverse	291	938973853	86568	8005431
reverse	292	944008389	23099	8028530
reverse	293	946999874	1688	8030218
reverse	294	950784134	17848	8048066
reverse	295	955084192	11616	8059682
reverse	296	958703075	4627	8064309
reverse	297	962695145	21064	8085373
reverse	298	967217408	25586	8110959
reverse	299	971340003	2734	8113693
reverse	300	974941130	6683	8120376
reverse	301	979301063	37502	8157878
reverse	302	982528616	4455	8162333
reverse	303	986704834	11510	8173843
reverse	304	991251578	43154	8216997
reverse	305	994913855	10634	8227631
reverse	306	999990893	75465	8303096
reverse	307	1002639538	1107	8304203
reverse	308	1005322728	4286	8308489
reverse	309	1007966751	735	8309224
reverse	310	1010959100	1233	8310457
reverse	311	1013603152	809	8311266
reverse	312	1016248300	1023	8312289
reverse	313	1018898314	1421	8313710
reverse	314	1021544254	1071	8314781
reverse	315	1024300078	8365	8323146
reverse	316	1026972292	1671	8324817
reverse	317	1030346413	24894	8349711
reverse	318	1033572038	2792	8352503
reverse	319	1036089708	5387	8357890
reverse	320	1039396426	8585	8366475
reverse	321	1043593449	35201	8401676
reverse	322	1047702002	23660	8425336
reverse	323	1052971888	110211	8535547
reverse	324	1057408966	90494	8626041
reverse	325	1061407057	44023	8670064
reverse	326	1064900259	22905	8692969
reverse	327	1068438499	6477	8699446
reverse	328	1072340194	6551	8705997
reverse	329	1075868245	17122	8723119
reverse	330	1080176181	30713	8753832
reverse	331	1082902276	3386	8757218
reverse	332	1086678747	14039	8771257
reverse	333	1089330223	2921	8774178
reverse	334	1097223356	193294	8967472
reverse	335	1100885228	26476	8993948
reverse	336	1103833607	3412	8997360
reverse	337	1105773983	4969	9002329
reverse	338	1109743929	8545	9010874
reverse	339	1113822977	25447	9036321
reverse	340	1118001342	21838	9058159
reverse	341	1123083102	35835	9093994
reverse	342	1125981758	1456	9095450
reverse	343	1130964033	33970	9129420
reverse	344	1131685993	7417	9136837
reverse	345	1131789970	1746	9138583
reverse	346	1131891219	1091	9139674
reverse	347	1132513914	2308	9141982
reverse	348	1133259328	1169	9143151
reverse	349	1133365535	1282	9144433
reverse	350	1141678462	265903	9410336
reverse	351	1142836892	4699	9415035
reverse	352	1143553118	11523	9426558
reverse	353	1147718004	5249	9431807
reverse	354	1151882890	874	9432681
reverse	355	1152023089	7689	9440370
reverse	356	1152167109	4238	9444608
reverse	357	1152302762	1820	9446428
reverse	358	1152440130	2325	9448753
reverse	359	1152574310	1592	9450345
reverse	360	1152707429	1383	9451728
reverse	361	1152848837	2646	9454374
reverse	362	1152982237	1502	9455876
reverse	363	1153124580	3236	9459112
reverse	364	1153256740	1426	9460538
reverse	365	1153388266	1201	9461739
reverse	366	1153524197	1927	9463666
reverse	367	1153663978	2964	9466630
reverse	368	1153798797	1639	9468269
reverse	369	1153930320	1108	9469377
reverse	370	1154062816	1267	9470644
reverse	371	1154197801	2249	9472893
reverse	372	1154331144	1328	9474221
reverse	373	1154466495	2140	9476361
reverse	374	1154599313	1303	9477664
reverse	375	1154746560	3974	9481638
reverse	376	1154881784	1776	9483414
reverse	377	1155017004	1678	9485092
reverse	378	1155160108	3062	9488154
reverse	379	1155814131	1610	9489764
reverse	380	1155992769	6990	9496754
reverse	381	1156162792	3946	9500700
reverse	382	1156285087	1450	9502150
reverse	383	1156414903	1004	9503154
reverse	384	1156501389	734	9503888
reverse	385	1156642445	2291	9506179
reverse	386	1156791853	4644	9510823
reverse	387	1156936592	4828	9515651
reverse	388	1157056545	475	9516126
reverse	389	1157193939	2413	9518539
reverse	390	1157671464	1344	9519883
reverse	391	1157802877	1512	9521395
reverse	392	1157930449	755	9522150
reverse	393	1158609973	1507	9523657
reverse	394	1158693996	410	9524067
reverse	395	1158820725	2266	9526333
reverse	396	1158962980	2820	9529153
reverse	397	1158969119	1009	9530162
reverse	398	1159138320	9787	9539949
reverse	399	1159264319	2641	9542590
reverse	400	1163416098	502594	10045184
reverse	401	1163541213	1971	10047155
reverse	402	1163674789	975	10048130
reverse	403	1164325890	3640	10051770
reverse	404	1165007369	3283	10055053
reverse	405	1165142409	2147	10057200
reverse	406	1168811992	5005	10062205
reverse	407	1178897954	736289	10798494
reverse	408	1182882801	4927	10803421
reverse	409	1187054633	3141	10806562
reverse	410	1191226465	790	10807352
reverse	411	1195773718	49247	10856599
reverse	412	1200392106	24866	10881465
reverse	413	1205136380	30142	10911607
reverse	414	1209899414	13986	10925593
reverse	415	1214714396	7201	10932794
reverse	416	1218628849	2511	10935305
reverse	417	1219655853	1771	10937076
reverse	418	1221277927	2260	10939336
reverse	419	1222992630	1222	10940558
reverse	420	1223020471	1405	10941963
reverse	421	1224315552	16141	10958104
reverse	422	1226929696	43348	11001452
reverse	423	1227098643	18875	11020327
reverse	424	1227134888	2122	11022449
reverse	425	1227669547	174128	11196577
reverse	426	1228840394	18447	11215024
reverse	427	1228924772	1007	11216031
reverse	428	1229529002	2154	11218185
reverse	429	1230633969	1920	11220105
reverse	430	1231238362	2909	11223014
reverse	431	1231288672	3880	11226894
reverse	432	1232520023	20621	11247515
reverse	433	1233853452	23771	11271286
reverse	434	1234034535	35350	11306636
reverse	435	1235176735	6270	11312906
reverse	436	1236317864	6609	11319515
reverse	437	1236852361	3217	11322732
reverse	438	1237944300	1034	11323766
reverse	439	1239095882	5145	11328911
reverse	440	1240291765	19201	11348112
reverse	441	1241496555	12061	11360173
reverse	442	1242609741	1866	11362039
reverse	443	1243881080	10564	11372603
reverse	444	1245249543	4909	11377512
reverse	445	1245375446	10312	11387824
reverse	446	1245422631	3154	11390978
reverse	447	1245647830	25508	11416486
reverse	448	1245695813	1216	11417702
reverse	449	1245715969	3097	11420799
reverse	450	1245838379	1668	11422467
reverse	451	1245919977	514	11422981
reverse	452	1246425800	127335	11550316
reverse	453	1246442105	1039	11551355
reverse	454	1246478688	722	11552077
reverse	455	1251108522	4003	11556080
reverse	456	1255798729	14464	11570544
reverse	457	1259683975	2012	11572556
reverse	458	1264412418	12126	11584682
reverse	459	1266853354	1645	11586327
reverse	460	1271648589	26438	11612765
reverse	461	1274067226	962	11613727
reverse	462	1278882863	11684	11625411
reverse	463	1283596849	11609	11637020
reverse	464	1288444019	6113	11643133
reverse	465	1292322045	791	11643924
reverse	466	1296388795	1892	11645816
reverse	467	1298820931	2967	11648783
reverse	468	1303788910	12260	11661043
reverse	469	1306991793	7334	11668377
reverse	470	1311621012	3143	11671520
reverse	471	1316316005	16238	11687758
reverse	472	1321114362	12901	11700659
reverse	473	1325028815	276	11700935
reverse	474	1326055819	303	11701238
reverse	475	1327677893	785	11702023
reverse	476	1329392596	687	11702710
reverse	477	1329420437	83	11702793
reverse	478	1330715518	650	11703443
reverse	479	1333329662	974	11704417
reverse	480	1333498609	510	11704927
reverse	481	1333534854	78	11705005
reverse	482	1334069513	196	11705201
reverse	483	1335240360	658	11705859
reverse	484	1335324738	165	11706024
reverse	485	1335928968	278	11706302
reverse	486	1337033935	516	11706818
reverse	487	1337638328	277	11707095
reverse	488	1337688638	127	11707222
reverse	489	1338919989	558	11707780
reverse	490	1340253418	841	11708621
reverse	491	1340434501	83	11708704
reverse	492	1341576701	408	11709112
reverse	493	1342717830	497	11709609
reverse	494	1343252327	244	11709853
reverse	495	1344344266	196	11710049
reverse	496	1345495848	491	11710540
reverse	497	1346691731	454	11710994
reverse	498	1347896521	860	11711854
reverse	499	1349009707	326	11712180
reverse	500	1350281046	551	11712731
reverse	501	1351649509	520	11713251
reverse	502	1351775412	360	11713611
reverse	503	1351822597	112	11713723
reverse	504	1352047796	285	11714008
reverse	505	1352095779	153	11714161
reverse	506	1352115935	63	11714224
reverse	507	1352238345	142	11714366
reverse	508	1352319943	163	11714529
reverse	509	1352825766	93	11714622
reverse	510	1352842071	54	11714676
reverse	511	1352878654	86	11714762
reverse	512	1357508488	1418	11716180
reverse	513	1362198695	1176	11717356
reverse	514	1366083941	232	11717588
reverse	515	1370812384	816	11718404
reverse	516	1373253320	206	11718610
reverse	517	1378048555	1060	11719670
reverse	518	1380467192	194	11719864
reverse	519	1385282829	1330	11721194
reverse	520	1389996815	1158	11722352
reverse	521	1394843985	1719	11724071
reverse	522	1398722011	196	11724267
reverse	523	1402788761	345	11724612
reverse	524	1405220897	380	11724992
reverse	525	1410188722	1740	11726732
reverse	526	1413391605	708	11727440
reverse	527	1418020824	466	11727906
reverse	528	1422715817	1121	11729027
reverse	529	1427514174	1026	11730053
reverse	530	1432622114	64240	11794293
reverse	531	1436235844	3837	11798130
reverse	532	1439827831	3307	11801437
reverse	533	1444688944	4451	11805888
reverse	534	1448711729	11456	11817344
reverse	535	1452824895	7961	11825305
reverse	536	1457203524	1869	11827174
reverse	537	1461596936	2275	11829449
reverse	538	1465613883	2047	11831496
reverse	539	1469630137	2228	11833724
reverse	540	1473647298	1349	11835073
reverse	541	1477838505	3745	11838818
reverse	542	1481850332	1993	11840811
reverse	543	1486047747	3902	11844713
reverse	544	1490045181	1199	11845912
reverse	545	1494477062	2174	11848086
reverse	546	1498815416	2714	11850800
reverse	547	1502832229	1613	11852413
reverse	548	1506831372	1145	11853558
reverse	549	1510847150	1492	11855050
reverse	550	1514846951	1084	11856134
reverse	551	1518844896	957	11857091
reverse	552	1522863205	1069	11858160
reverse	553	1526882379	1051	11859211
reverse	554	1530899083	937	11860148
reverse	555	1534899371	1209	11861357
reverse	556	1538983236	2980	11864337
reverse	557	1543006282	1262	11865599
reverse	558	1547023632	844	11866443
reverse	559	1551056420	5029	11871472
reverse	560	1555561155	1830	11873302
reverse	561	1560109839	1957	11875259
reverse	562	1561993872	1105	11876364
reverse	563	1565588378	2406	11878770
reverse	564	1568939593	4165	11882935
reverse	565	1572553323	630	11883565
reverse	566	1576145310	445	11884010
reverse	567	1581006423	1085	11885095
reverse	568	1585029208	811	11885906
reverse	569	1589142374	805	11886711
reverse	570	1593521003	612	11887323
reverse	571	1597914415	733	11888056
reverse	572	1601931362	535	11888591
reverse	573	1605947616	484	11889075
reverse	574	1609964777	422	11889497
reverse	575	1614155984	624	11890121
reverse	576	1618167811	353	11890474
reverse	577	1622365226	666	11891140
reverse	578	1626362660	317	11891457
reverse	579	1630794541	642	11892099
reverse	580	1635132895	778	11892877
reverse	581	1639149708	362	11893239
reverse	582	1643148851	312	11893551
reverse	583	1647164629	437	11893988
reverse	584	1651164430	237	11894225
reverse	585	1655162375	251	11894476
reverse	586	1659180684	367	11894843
reverse	587	1663199858	342	11895185
reverse	588	1667216562	351	11895536
reverse	589	1671216850	242	11895778
reverse	590	1675300715	526	11896304
reverse	591	1679323761	368	11896672
reverse	592	1683341111	314	11896986
reverse	593	1687373899	289	11897275
reverse	594	1691878634	911	11898186
reverse	595	1696427318	323	11898509
reverse	596	1698311351	95	11898604
reverse	597	1701905857	262	11898866
reverse	598	1705257072	228	11899094
reverse	599	1708942922	12309	11911403
reverse	600	1712628350	4897	11916300
reverse	601	1716364289	3339	11919639
reverse	602	1720178372	7418	11927057
reverse	603	1723947102	2973	11930030
reverse	604	1727450655	2388	11932418
reverse	605	1731398888	7011	11939429
reverse	606	1734918776	2524	11941953
reverse	607	1738427768	2696	11944649
reverse	608	1742086362	6729	11951378
reverse	609	1745455794	2537	11953915
reverse	610	1749078194	3228	11957143
reverse	611	1752594493	1227	11958370
reverse	612	1754172748	2321	11960691
reverse	613	1756332948	5804	11966495
reverse	614	1758605708	3243	11969738
reverse	615	1760670724	4219	11973957
reverse	616	1762740852	4973	11978930
reverse	617	1764802952	3148	11982078
reverse	618	1766865779	2202	11984280
reverse	619	1768908737	1435	11985715
reverse	620	1770740823	77337	12063052
reverse	621	1772799789	1783	12064835
reverse	622	1774870947	4866	12069701
reverse	623	1777081805	11292	12080993
reverse	624	1779128448	2287	12083280
reverse	625	1782825854	855109	12938389
reverse	626	1784347045	2578	12940967
reverse	627	1786045548	2326	12943293
reverse	628	1787905364	9905	12953198
reverse	629	1791591214	371	12953569
reverse	630	1795276642	378	12953947
reverse	631	1799012581	466	12954413
reverse	632	1802826664	554	12954967
reverse	633	1806595394	365	12955332
reverse	634	1810098947	298	12955630
reverse	635	1814047180	691	12956321
reverse	636	1817567068	259	12956580
reverse	637	1821076060	216	12956796
reverse	638	1824734654	325	12957121
reverse	639	1828104086	249	12957370
reverse	640	1831726486	283	12957653
reverse	641	1835242785	294	12957947
reverse	642	1836821040	116	12958063
reverse	643	1838981240	207	12958270
reverse	644	1841254000	219	12958489
reverse	645	1843319016	93	12958582
reverse	646	1845389144	98	12958680
reverse	647	1847451244	115	12958795
reverse	648	1849514071	81	12958876
reverse	649	1851557029	66	12958942
reverse	650	1853389115	54	12958996
reverse	651	1855448081	112	12959108
reverse	652	1857519239	123	12959231
reverse	653	1859730097	167	12959398
reverse	654	1861776740	71	12959469
reverse	655	1865474146	65	12959534
reverse	656	1866995337	68	12959602
reverse	657	1868693840	268	12959870
reverse	658	1870553656	131	12960001
reverse	659	1873949140	3154	12963155
reverse	660	1877428383	4271	12967426
reverse	661	1881045004	24844	12992270
reverse	662	1884719167	3284	12995554
reverse	663	1888046414	2796	12998350
reverse	664	1891658839	15159	13013509
reverse	665	1895104011	8745	13022254
reverse	666	1899194567	27956	13050210
reverse	667	1903408290	14687	13064897
reverse	668	1906615747	2335	13067232
reverse	669	1910780062	4759	13071991
reverse	670	1914643398	32184	13104175
reverse	671	1917854333	2702	13106877
reverse	672	1921175194	2475	13109352
reverse	673	1924575794	4122	13113474
reverse	674	1928025351	4257	13117731
reverse	675	1932123900	19176	13136907
reverse	676	1936003753	639	13137546
reverse	677	1939453310	328	13137874
reverse	678	1943551859	371	13138245
reverse	679	1947431712	195	13138440
reverse	680	1950706019	4775	13143215
reverse	681	1954252251	7746	13150961
reverse	682	1958588263	42664	13193625
reverse	683	1962378499	20347	13213972
reverse	684	1965822970	3266	13217238
reverse	685	1969912561	467	13217705
reverse	686	1974007555	1436	13219141
reverse	687	1979441750	7422	13226563
reverse	688	1984875945	833	13227396
reverse	689	1985715205	448	13227844
shuffle-s1	1	4690207	879798	879798
shuffle-s1	2	5576880	6589	886387
shuffle-s1	3	5726214	7937	894324
shuffle-s1	4	6997553	205176	1099500
shuffle-s1	5	11398849	60834	1160334
shuffle-s1	6	15489780	42906	1203240
shuffle-s1	7	19438013	30042	1233282
shuffle-s1	8	27032355	221290	1454572
shuffle-s1	9	31414513	25227	1479799
shuffle-s1	10	35111919	856954	2336753
shuffle-s1	11	35132075	3432	2340185
shuffle-s1	12	38501507	41729	2381914
shuffle-s1	13	42379533	11678	2393592
shuffle-s1	14	46385940	103758	2497350
shuffle-s1	15	50716215	16929	2514279
shuffle-s1	16	52787373	9381	2523660
shuffle-s1	17	55446386	13408	2537068
shuffle-s1	18	55582317	7819	2544887
shuffle-s1	19	59091309	12321	2557208
shuffle-s1	20	63653554	42358	2599566
shuffle-s1	21	67830053	8482	2608048
shuffle-s1	22	71827487	53165	2661213
shuffle-s1	23	73032277	15394	2676607
shuffle-s1	24	75157195	39996	2716603
shuffle-s1	25	75537499	53576	2770179
shuffle-s1	26	76808838	1013	2771192
shuffle-s1	27	80936683	25981	2797173
shuffle-s1	28	85330095	44779	2841952
shuffle-s1	29	88532978	11514	2853466
shuffle-s1	30	92507233	13345	2866811
shuffle-s1	31	93599172	1207	2868018
shuffle-s1	32	97615426	7941	2875959
shuffle-s1	33	99499459	2329	2878288
shuffle-s1	34	103111884	18470	2896758
shuffle-s1	35	107309299	16200	2912958
shuffle-s1	36	111326649	5154	2918112
shuffle-s1	37	115393399	5492	2923604
shuffle-s1	38	120426106	65485	2989089
shuffle-s1	39	124088383	14468	3003557
shuffle-s1	40	128186932	34466	3038023
shuffle-s1	41	134206142	248967	3286990
shuffle-s1	42	136701128	4725	3291715
shuffle-s1	43	140221016	4390	3296105
shuffle-s1	44	140368263	5439	3301544
shuffle-s1	45	144603110	5116	3306660
shuffle-s1	46	147021747	1883	3308543
shuffle-s1	47	151836729	16349	3324892
shuffle-s1	48	155431235	5310	3330202
shuffle-s1	49	155859349	18711	3348913
shuffle-s1	50	156100808	2585	3351498
shuffle-s1	51	159308265	3368	3354866
shuffle-s1	52	159434994	2773	3357639
shuffle-s1	53	159557940	1000	3358639
shuffle-s1	54	163688460	27035	3385674
shuffle-s1	55	164829589	9706	3395380
shuffle-s1	56	168520882	39103	3434483
shuffle-s1	57	171747349	4377	3438860
shuffle-s1	58	175164778	16134	3454994
shuffle-s1	59	175835861	4705	3459699
shuffle-s1	60	177204324	5146	3464845
shuffle-s1	61	180648795	8494	3473339
shuffle-s1	62	182581940	9642	3482981
shuffle-s1	63	184306335	5007	3487988
shuffle-s1	64	184354318	3695	3491683
shuffle-s1	65	184579517	29284	3520967
shuffle-s1	66	187224665	1702	3522669
shuffle-s1	67	190910515	7746	3530415
shuffle-s1	68	194136140	3809	3534224
shuffle-s1	69	198405174	5168	3539392
shuffle-s1	70	198538750	1487	3540879
shuffle-s1	71	201865997	3246	3544125
shuffle-s1	72	201902242	1022	3545147
shuffle-s1	73	204062442	5051	3550198
shuffle-s1	74	207759848	100	3550298
shuffle-s1	75	211376469	39827	3590125
shuffle-s1	76	215112408	5773	3595898
shuffle-s1	77	215469757	3061	3598959
shuffle-s1	78	217508725	10099	3609058
shuffle-s1	79	218649854	647	3609705
shuffle-s1	80	221943208	6831	3616536
shuffle-s1	81	226094987	513739	4130275
shuffle-s1	82	230639215	19719	4149994
shuffle-s1	83	230795745	6557	4156551
shuffle-s1	84	231635005	896	4157447
shuffle-s1	85	232257700	4410	4161857
shuffle-s1	86	232389226	1541	4163398
shuffle-s1	87	236790995	15436	4178834
shuffle-s1	88	241077457	8210	4187044
shuffle-s1	89	242797749	2660	4189704
shuffle-s1	90	245637218	2648	4192352
shuffle-s1	91	245772258	2523	4194875
shuffle-s1	92	250971828	79878	4274753
shuffle-s1	93	254069265	6425	4281178
shuffle-s1	94	254150863	804	4281982
shuffle-s1	95	257941099	24289	4306271
shuffle-s1	96	261261960	2614	4308885
shuffle-s1	97	262007374	1339	4310224
shuffle-s1	98	266556058	4964	4315188
shuffle-s1	99	270720944	7374	4322562
shuffle-s1	100	274535027	8064	4330626
shuffle-s1	101	279791465	91651	4422277
shuffle-s1	102	283790608	3439	4425716
shuffle-s1	103	286308278	7253	4432969
shuffle-s1	104	289811831	2954	4435923
shuffle-s1	105	289838868	378	4436301
shuffle-s1	106	292279804	2400	4438701
shuffle-s1	107	295586522	16185	4454886
shuffle-s1	108	299322461	1245	4456131
shuffle-s1	109	303952295	8903	4465034
shuffle-s1	110	308388240	31025	4496059
shuffle-s1	111	308435425	3208	4499267
shuffle-s1	112	310194890	13307	4512574
shuffle-s1	113	314449812	4688	4517262
shuffle-s1	114	314955635	126678	4643940
shuffle-s1	115	318578035	3848	4647788
shuffle-s1	116	322661900	15273	4663061
shuffle-s1	117	326331483	8558	4671619
shuffle-s1	118	330246110	5102	4676721
shuffle-s1	119	333654194	7404	4684125
shuffle-s1	120	335232449	2477	4686602
shuffle-s1	121	337846593	43759	4730361
shuffle-s1	122	341374644	45075	4775436
shuffle-s1	123	341909303	4768	4780204
shuffle-s1	124	342134502	422	4780626
shuffle-s1	125	345529854	5568	4786194
shuffle-s1	126	349545632	5153	4791347
shuffle-s1	127	350967407	1858	4793205
shuffle-s1	128	352799493	77402	4870607
shuffle-s1	129	353005492	14964	4885571
shuffle-s1	130	357004635	1414	4886985
shuffle-s1	131	357089013	1060	4888045
shuffle-s1	132	357332894	6180	4894225
shuffle-s1	133	358666323	22504	4916729
shuffle-s1	134	359172146	142	4916871
shuffle-s1	135	363609224	91781	5008652
shuffle-s1	136	363645807	739	5009391
shuffle-s1	137	373731769	738679	5748070
shuffle-s1	138	374266266	3388	5751458
shuffle-s1	139	374372473	2337	5753795
shuffle-s1	140	376645233	3143	5756938
shuffle-s1	141	381263621	17181	5774119
shuffle-s1	142	384659105	3648	5777767
shuffle-s1	143	387331319	1866	5779633
shuffle-s1	144	389215352	187	5779820
shuffle-s1	145	393965487	35453	5815273
shuffle-s1	146	398141986	1153	5816426
shuffle-s1	147	398275105	1397	5817823
shuffle-s1	148	402505456	2408	5820231
shuffle-s1	149	406736181	2588	5822819
shuffle-s1	150	410650634	3726	5826545
shuffle-s1	151	412693592	1545	5828090
shuffle-s1	152	417121210	15490	5843580
shuffle-s1	153	422089189	17172	5860752
shuffle-s1	154	422320224	1163	5861915
shuffle-s1	155	426193307	26517	5888432
shuffle-s1	156	428353507	373	5888805
shuffle-s1	157	431892694	12848	5901653
shuffle-s1	158	433954794	3146	5904799
shuffle-s1	159	434088974	1691	5906490
shuffle-s1	160	438387829	7897	5914387
shuffle-s1	161	442577995	6678	5921065
shuffle-s1	162	444469813	4981	5926046
shuffle-s1	163	447988559	7390	5933436
shuffle-s1	164	451157489	8926	5942362
shuffle-s1	165	455174650	2154	5944516
shuffle-s1	166	456889353	1569	5946085
shuffle-s1	167	459912250	11940	5958025
shuffle-s1	168	462333535	14568	5972593
shuffle-s1	169	466552275	1557	5974150
shuffle-s1	170	468970912	226	5974376
shuffle-s1	171	469111968	2488	5976864
shuffle-s1	172	472797396	5330	5982194
shuffle-s1	173	472947441	8517	5990711
shuffle-s1	174	472979169	1559	5992270
shuffle-s1	175	476482722	574	5992844
shuffle-s1	176	476874397	13958	6006802
shuffle-s1	177	481463562	24351	6031153
shuffle-s1	178	485461507	2242	6033395
shuffle-s1	179	485586622	2179	6035574
shuffle-s1	180	485636932	3878	6039452
shuffle-s1	181	488951135	11387	6050839
shuffle-s1	182	492972660	19663	6070502
shuffle-s1	183	496694338	22482	6092984
shuffle-s1	184	496795587	1136	6094120
shuffle-s1	185	501424806	3931	6098051
shuffle-s1	186	506153249	13419	6111470
shuffle-s1	187	509811843	7207	6118677
shuffle-s1	188	511643929	137	6118814
shuffle-s1	189	515900009	6942	6125756
shuffle-s1	190	520160887	5000	6130756
shuffle-s1	191	524499241	6588	6137344
shuffle-s1	192	525612427	2036	6139380
shuffle-s1	193	525665750	495	6139875
shuffle-s1	194	530025683	58901	6198776
shuffle-s1	195	534048468	14597	6213373
shuffle-s1	196	538480349	5592	6218965
shuffle-s1	197	542382783	2877	6221842
shuffle-s1	198	545899082	1473	6223315
shuffle-s1	199	550207018	31540	6254855
shuffle-s1	200	550339836	1463	6256318
shuffle-s1	201	554594548	4124	6260442
shuffle-s1	202	558661298	835	6261277
shuffle-s1	203	562694086	5527	6266804
shuffle-s1	204	562715659	4918	6271722
shuffle-s1	205	566329389	1700	6273422
shuffle-s1	206	571599275	119910	6393332
shuffle-s1	207	574250751	4668	6398000
shuffle-s1	208	577921731	10308	6408308
shuffle-s1	209	582164326	2592	6410900
shuffle-s1	210	584908271	79455	6490355
shuffle-s1	211	585148720	3362	6493717
shuffle-s1	212	590231219	85540	6579257
shuffle-s1	213	593577730	3750	6583007
shuffle-s1	214	597263158	729	6583736
shuffle-s1	215	601958151	18502	6602238
shuffle-s1	216	605478039	495	6602733
shuffle-s1	217	606629621	5047	6607780
shuffle-s1	218	611123163	12081	6619861
shuffle-s1	219	611727556	2716	6622577
shuffle-s1	220	613790383	3136	6625713
shuffle-s1	221	613959584	10018	6635731
shuffle-s1	222	615130431	8999	6644730
shuffle-s1	223	619243597	8466	6653196
shuffle-s1	224	619721122	1465	6654661
shuffle-s1	225	625245110	68954	6723615
shuffle-s1	226	628690282	8340	6731955
shuffle-s1	227	631682631	1270	6733225
shuffle-s1	228	633725589	173	6733398
shuffle-s1	229	634884019	4864	6738262
shuffle-s1	230	638543402	4544	6742806
shuffle-s1	231	641299226	7712	6750518
shuffle-s1	232	646013212	12010	6762528
shuffle-s1	233	653174964	310287	7072815
shuffle-s1	234	653539628	12870	7085685
shuffle-s1	235	653665531	3702	7089387
shuffle-s1	236	653806939	2712	7092099
shuffle-s1	237	656755318	6551	7098650
shuffle-s1	238	661160958	9386	7108036
shuffle-s1	239	665733062	41059	7149095
shuffle-s1	240	669703008	13288	7162383
shuffle-s1	241	674466042	12954	7175337
shuffle-s1	242	679383713	35552	7210889
shuffle-s1	243	683616145	2292	7213181
shuffle-s1	244	686859844	5125	7218306
shuffle-s1	245	688154925	15739	7234045
shuffle-s1	246	691840775	570	7234615
shuffle-s1	247	692291637	15302	7249917
shuffle-s1	248	697023718	40741	7290658
shuffle-s1	249	701303600	4257	7294915
shuffle-s1	250	704895587	2764	7297679
shuffle-s1	251	708907414	5774	7303453
shuffle-s1	252	710841067	4072	7307525
shuffle-s1	253	713635000	2817	7310342
shuffle-s1	254	714018220	11041	7321383
shuffle-s1	255	714046061	880	7322263
shuffle-s1	256	718972547	31404	7353667
shuffle-s1	257	722988801	1115	7354782
shuffle-s1	258	727267689	5866	7360648
shuffle-s1	259	731258370	9644	7370292
shuffle-s1	260	735493144	2080	7372372
shuffle-s1	261	738972387	4232	7376604
shuffle-s1	262	743519131	44156	7420760
shuffle-s1	263	747789188	4964	7425724
shuffle-s1	264	751974329	6169	7431893
shuffle-s1	265	755855247	11078	7442971
shuffle-s1	266	759877269	4971	7447942
shuffle-s1	267	764103366	1575	7449517
shuffle-s1	268	767503966	4681	7454198
shuffle-s1	269	769714824	12375	7466573
shuffle-s1	270	772989131	3051	7469624
shuffle-s1	271	777220108	2712	7472336
shuffle-s1	272	781487994	3920	7476256
shuffle-s1	273	785740193	1462	7477718
shuffle-s1	274	786150465	13185	7490903
shuffle-s1	275	786312439	3251	7494154
shuffle-s1	276	789818653	6602	7500756
shuffle-s1	277	790268011	15395	7516151
shuffle-s1	278	790385745	1845	7517996
shuffle-s1	279	794059908	2966	7520962
shuffle-s1	280	797287461	4724	7525686
shuffle-s1	281	801167314	892	7526578
shuffle-s1	282	801325050	8489	7535067
shuffle-s1	283	806402088	80764	7615831
shuffle-s1	284	810349023	4074	7619905
shuffle-s1	285	814674146	11246	7631151
shuffle-s1	286	818692455	2353	7633504
shuffle-s1	287	820552271	10406	7643910
shuffle-s1	288	824660335	61088	7704998
shuffle-s1	289	824809743	4934	7709932
shuffle-s1	290	829066304	15284	7725216
shuffle-s1	291	829235251	18389	7743605
shuffle-s1	292	831885265	1345	7744950
shuffle-s1	293	835885066	1975	7746925
shuffle-s1	294	840116591	20744	7767669
shuffle-s1	295	844037906	3653	7771322
shuffle-s1	296	844329238	15636	7786958
shuffle-s1	297	845850429	2180	7789138
shuffle-s1	298	845972839	1426	7790564
shuffle-s1	299	846287772	5526	7796090
shuffle-s1	300	851148885	3306	7799396
shuffle-s1	301	855254547	3892	7803288
shuffle-s1	302	857316647	160	7803448
shuffle-s1	303	864855305	208174	8011622
shuffle-s1	304	865023098	4043	8015665
shuffle-s1	305	869655686	49034	8064699
shuffle-s1	306	874225900	9295	8073994
shuffle-s1	307	878103926	288	8074282
shuffle-s1	308	882396423	3996	8078278
shuffle-s1	309	886360041	11108	8089386
shuffle-s1	310	887451980	342	8089728
shuffle-s1	311	891452268	1856	8091584
shuffle-s1	312	891488513	83	8091667
shuffle-s1	313	895833437	11275	8102942
shuffle-s1	314	899184652	4205	8107147
shuffle-s1	315	903637506	9737	8116884
shuffle-s1	316	904241899	277	8117161
shuffle-s1	317	907452834	2410	8119571
shuffle-s1	318	909031089	222	8119793
shuffle-s1	319	913272843	6010	8125803
shuffle-s1	320	929059063	709609	8835412
shuffle-s1	321	932234083	8379	8843791
shuffle-s1	322	932244980	1219	8845010
shuffle-s1	323	936242925	568	8845578
shuffle-s1	324	940475758	2171	8847749
shuffle-s1	325	940603330	860	8848609
shuffle-s1	326	944569095	3781	8852390
shuffle-s1	327	948677648	24606	8876996
shuffle-s1	328	953009183	16378	8893374
shuffle-s1	329	957557867	619	8893993
shuffle-s1	330	961722753	838	8894831
shuffle-s1	331	963781719	1395	8896226
shuffle-s1	332	967798532	1463	8897689
shuffle-s1	333	972427751	1163	8898852
shuffle-s1	334	976633232	14519	8913371
shuffle-s1	335	976765392	1393	8914764
shuffle-s1	336	980782553	994	8915758
shuffle-s1	337	982303744	74	8915832
shuffle-s1	338	986574271	1783	8917615
shuffle-s1	339	991121524	11391	8929006
shuffle-s1	340	995364750	4695	8933701
shuffle-s1	341	997291595	19205	8952906
shuffle-s1	342	999905739	957	8953863
shuffle-s1	343	1004018905	1066	8954929
shuffle-s1	344	1004144904	2695	8957624
shuffle-s1	345	1004248881	1585	8959209
shuffle-s1	346	1008163334	346	8959555
shuffle-s1	347	1012354541	10310	8969865
shuffle-s1	348	1017788736	8650	8978515
shuffle-s1	349	1017911031	1444	8979959
shuffle-s1	350	1022245483	11425	8991384
shuffle-s1	351	1026326201	20286	9011670
shuffle-s1	352	1027948275	2132	9013802
shuffle-s1	353	1028383303	7915	9021717
shuffle-s1	354	1028389442	1017	9022734
shuffle-s1	355	1028923939	330	9023064
shuffle-s1	356	1029056435	1331	9024395
shuffle-s1	357	1032657562	7122	9031517
shuffle-s1	358	1035306207	1053	9032570
shuffle-s1	359	1035334048	89	9032659
shuffle-s1	360	1037048751	805	9033464
shuffle-s1	361	1037186119	2183	9035647
shuffle-s1	362	1041480580	7167	9042814
shuffle-s1	363	1045497527	1251	9044065
shuffle-s1	364	1050404273	16148	9060213
shuffle-s1	365	1053799171	2316	9062529
shuffle-s1	366	1055845814	2283	9064812
shuffle-s1	367	1056079543	626	9065438
shuffle-s1	368	1061226173	34757	9100195
shuffle-s1	369	1065249219	2525	9102720
shuffle-s1	370	1069446634	891	9103611
shuffle-s1	371	1072557315	7935	9111546
shuffle-s1	372	1073753198	19140	9130686
shuffle-s1	373	1073883014	1061	9131747
shuffle-s1	374	1074095678	5860	9137607
shuffle-s1	375	1076739730	720	9138327
shuffle-s1	376	1080989226	17499	9155826
shuffle-s1	377	1084974073	5150	9160976
shuffle-s1	378	1089939838	41670	9202646
shuffle-s1	379	1091561912	918	9203564
shuffle-s1	380	1092241436	1455	9205019
shuffle-s1	381	1096321785	34168	9239187
shuffle-s1	382	1099913772	466	9239653
shuffle-s1	383	1103815467	6502	9246155
shuffle-s1	384	1105513970	2376	9248531
shuffle-s1	385	1109597835	733	9249264
shuffle-s1	386	1111662851	3112	9252376
shuffle-s1	387	1112996280	984	9253360
shuffle-s1	388	1113174918	6957	9260317
shuffle-s1	389	1114873421	341	9260658
shuffle-s1	390	1119720591	7276	9267934
shuffle-s1	391	1123266823	9500	9277434
shuffle-s1	392	1127283636	718	9278152
shuffle-s1	393	1127303792	99	9278251
shuffle-s1	394	1127354102	98	9278349
shuffle-s1	395	1130252758	1769	9280118
shuffle-s1	396	1134138004	1856	9281974
shuffle-s1	397	1137718299	7485	9289459
shuffle-s1	398	1142462573	18586	9308045
shuffle-s1	399	1145106596	682	9308727
shuffle-s1	400	1149456687	6973	9315700
shuffle-s1	401	1151814618	959	9316659
shuffle-s1	402	1152225758	23111	9339770
shuffle-s1	403	1156604387	1524	9341294
shuffle-s1	404	1156735910	1026	9342320
shuffle-s1	405	1157270569	189	9342509
shuffle-s1	406	1161183636	4674	9347183
shuffle-s1	407	1161306046	190	9347373
shuffle-s1	408	1163491678	6144	9353517
shuffle-s1	409	1167735228	2506	9356023
shuffle-s1	410	1168339458	1802	9357825
shuffle-s1	411	1168475111	1846	9359671
shuffle-s1	412	1168559489	165	9359836
shuffle-s1	413	1172592277	368	9360204
shuffle-s1	414	1174447728	28347	9388551
shuffle-s1	415	1178109600	26316	9414867
shuffle-s1	416	1182904835	26346	9441213
shuffle-s1	417	1184914561	12673	9453886
shuffle-s1	418	1186932881	6422	9460308
shuffle-s1	419	1197900807	427370	9887678
shuffle-s1	420	1201495313	371	9888049
shuffle-s1	421	1206293670	12954	9901003
shuffle-s1	422	1206474753	35348	9936351
shuffle-s1	423	1206491058	1040	9937391
shuffle-s1	424	1210953749	18187	9955578
shuffle-s1	425	1214186241	3727	9959305
shuffle-s1	426	1218275832	523	9959828
shuffle-s1	427	1218929855	1600	9961428
shuffle-s1	428	1219317822	15214	9976642
shuffle-s1	429	1220522612	975	9977617
shuffle-s1	430	1224385948	30067	10007684
shuffle-s1	431	1228546988	36920	10044604
shuffle-s1	432	1230987924	194	10044798
shuffle-s1	433	1231704150	11077	10055875
shuffle-s1	434	1234430245	3570	10059445
shuffle-s1	435	1239245882	10969	10070414
shuffle-s1	436	1243264191	604	10071018
shuffle-s1	437	1246983314	1730	10072748
shuffle-s1	438	1252065074	37712	10110460
shuffle-s1	439	1256084248	1368	10111828
shuffle-s1	440	1257987864	2773	10114601
shuffle-s1	441	1262970139	36427	10151028
shuffle-s1	442	1263125997	3384	10154412
shuffle-s1	443	1265097903	10226	10164638
shuffle-s1	444	1268756497	431	10165069
shuffle-s1	445	1269161541	54660	10219729
shuffle-s1	446	1272587978	8235	10227964
shuffle-s1	447	1275790861	773	10228737
shuffle-s1	448	1280124836	6706	10235443
shuffle-s1	449	1284136663	383	10235826
shuffle-s1	450	1287336394	7358	10243184
shuffle-s1	451	1289547252	258	10243442
shuffle-s1	452	1290698834	644	10244086
shuffle-s1	453	1293056765	318	10244404
shuffle-s1	454	1297048835	21006	10265410
shuffle-s1	455	1298075839	1012	10266422
shuffle-s1	456	1302060816	8921	10275343
shuffle-s1	457	1302203071	2940	10278283
shuffle-s1	458	1304249714	160	10278443
shuffle-s1	459	1309110827	1096	10279539
shuffle-s1	460	1313538859	4132	10283671
shuffle-s1	461	1318334094	1177	10284848
shuffle-s1	462	1319447280	339	10285187
shuffle-s1	463	1324238351	34156	10319343
shuffle-s1	464	1329272887	23536	10342879
shuffle-s1	465	1329407496	39145	10382024
shuffle-s1	466	1329444079	92	10382116
shuffle-s1	467	1329579064	2281	10384397
shuffle-s1	468	1330301024	3249	10387646
shuffle-s1	469	1330527650	8299	10395945
shuffle-s1	470	1334334329	15426	10411371
shuffle-s1	471	1339118452	5159	10416530
shuffle-s1	472	1342487884	353	10416883
shuffle-s1	473	1347335054	1013	10417896
shuffle-s1	474	1347500652	2363	10420259
shuffle-s1	475	1348825083	2172	10422431
shuffle-s1	476	1349027171	10420	10432851
shuffle-s1	477	1349074356	114	10432965
shuffle-s1	478	1349214137	2980	10435945
shuffle-s1	479	1353515982	33376	10469321
shuffle-s1	480	1358623922	20231	10489552
shuffle-s1	481	1358671905	120	10489672
shuffle-s1	482	1358672155	154	10489826
shuffle-s1	483	1363176890	1844	10491670
shuffle-s1	484	1367506558	4788	10496458
shuffle-s1	485	1371504649	44700	10541158
shuffle-s1	486	1372155750	3523	10544681
shuffle-s1	487	1372278914	470	10545151
shuffle-s1	488	1376047644	2955	10548106
shuffle-s1	489	1381438010	124163	10672269
shuffle-s1	490	1381578209	2477	10674746
shuffle-s1	491	1381720552	3073	10677819
shuffle-s1	492	1385976994	14115	10691934
shuffle-s1	493	1390667201	967	10692901
shuffle-s1	494	1390800601	1407	10694308
shuffle-s1	495	1394895595	1503	10695811
shuffle-s1	496	1396190676	674	10696485
shuffle-s1	497	1400631270	6296	10702781
shuffle-s1	498	1404005391	24150	10726931
shuffle-s1	499	1404609621	193	10727124
shuffle-s1	500	1408001054	30511	10757635
shuffle-s1	501	1408296840	932	10758567
shuffle-s1	502	1412461155	4684	10763251
shuffle-s1	503	1416461443	369	10763620
shuffle-s1	504	1416580731	2194	10765814
shuffle-s1	505	1420313014	19239	10785053
shuffle-s1	506	1423096423	1873	10786926
shuffle-s1	507	1427131955	14383	10801309
shuffle-s1	508	1427447319	3257	10804566
shuffle-s1	509	1431892567	5176	10809742
shuffle-s1	510	1435508431	4484	10814226
shuffle-s1	511	1437578559	4162	10818388
shuffle-s1	512	1441914571	43828	10862216
shuffle-s1	513	1446232585	8401	10870617
shuffle-s1	514	1446616353	7694	10878311
shuffle-s1	515	1451011861	1570	10879881
shuffle-s1	516	1456689988	53094	10932975
shuffle-s1	517	1460709162	438	10933413
shuffle-s1	518	1460894483	6219	10939632
shuffle-s1	519	1464245698	326	10939958
shuffle-s1	520	1467695255	4405	10944363
shuffle-s1	521	1467828598	1289	10945652
shuffle-s1	522	1468100514	10545	10956197
shuffle-s1	523	1472795507	1186	10957383
shuffle-s1	524	1476534800	23526	10980909
shuffle-s1	525	1480532234	340	10981249
shuffle-s1	526	1480690942	14818	10996067
shuffle-s1	527	1484412746	13515	11009582
shuffle-s1	528	1488688171	4927	11014509
shuffle-s1	529	1491120307	2982	11017491
shuffle-s1	530	1495317330	34291	11051782
shuffle-s1	531	1499707546	2622	11054404
shuffle-s1	532	1499900219	1483	11055887
shuffle-s1	533	1501071066	577	11056464
shuffle-s1	534	1503130032	133	11056597
shuffle-s1	535	1506639024	287	11056884
shuffle-s1	536	1510655728	613	11057497
shuffle-s1	537	1513551445	4793	11062290
shuffle-s1	538	1517649994	419	11062709
shuffle-s1	539	1521821826	3096	11065805
shuffle-s1	540	1525360066	6474	11072279
shuffle-s1	541	1527219882	104	11072383
shuffle-s1	542	1532056002	44711	11117094
shuffle-s1	543	1532216950	2623	11119717
shuffle-s1	544	1536388782	677	11120394
shuffle-s1	545	1539838339	390	11120784
shuffle-s1	546	1544737370	7776	11128560
shuffle-s1	547	1544872189	1493	11130053
shuffle-s1	548	1549134672	4371	11134424
shuffle-s1	549	1552918932	16712	11151136
shuffle-s1	550	1556936282	428	11151564
shuffle-s1	551	1561456929	23868	11175432
shuffle-s1	552	1566490299	41447	11216879
shuffle-s1	553	1570109182	4356	11221235
shuffle-s1	554	1572541318	431	11221666
shuffle-s1	555	1573683518	5216	11226882
shuffle-s1	556	1581576651	188962	11415844
shuffle-s1	557	1585567634	15132	11430976
shuffle-s1	558	1589905988	714	11431690
shuffle-s1	559	1594119711	13350	11445040
shuffle-s1	560	1594206197	741	11445781
shuffle-s1	561	1598454385	2508	11448289
shuffle-s1	562	1603084219	1038	11449327
shuffle-s1	563	1607107265	434	11449761
shuffle-s1	564	1607242616	2086	11451847
shuffle-s1	565	1608473967	2268	11454115
shuffle-s1	566	1609578934	1409	11455524
shuffle-s1	567	1610260413	3175	11458699
shuffle-s1	568	1614208646	580	11459279
shuffle-s1	569	1618088499	220	11459499
shuffle-s1	570	1622403597	29875	11489374
shuffle-s1	571	1626482645	25919	11515293
shuffle-s1	572	1626614058	1529	11516822
shuffle-s1	573	1631159060	9156	11525978
shuffle-s1	574	1635044306	156	11526134
shuffle-s1	575	1639621880	16548	11542682
shuffle-s1	576	1643115082	22812	11565494
shuffle-s1	577	1647398559	1804	11567298
shuffle-s1	578	1651920822	25599	11592897
shuffle-s1	579	1654912307	1654	11594551
shuffle-s1	580	1655032260	614	11595165
shuffle-s1	581	1659760703	755	11595920
shuffle-s1	582	1661830831	138	11596058
shuffle-s1	583	1666137150	2592	11598650
shuffle-s1	584	1670159935	801	11599451
shuffle-s1	585	1674553347	659	11600110
shuffle-s1	586	1674690741	2379	11602489
shuffle-s1	587	1680260386	107183	11709672
shuffle-s1	588	1680430409	4481	11714153
shuffle-s1	589	1680514432	396	11714549
shuffle-s1	590	1685228418	1007	11715556
shuffle-s1	591	1689250440	556	11716112
shuffle-s1	592	1693200219	8143	11724255
shuffle-s1	593	1693407479	1744	11725999
shuffle-s1	594	1696724666	5933	11731932
shuffle-s1	595	1698665042	4970	11736902
shuffle-s1	596	1699807242	403	11737305
shuffle-s1	597	1704754288	52762	11790067
shuffle-s1	598	1708694372	2976	11793043
shuffle-s1	599	1709721376	440	11793483
shuffle-s1	600	1709856596	1617	11795100
shuffle-s1	601	1713873543	406	11795506
shuffle-s1	602	1713899959	257	11795763
shuffle-s1	603	1715809937	9155	11804918
shuffle-s1	604	1715978884	458	11805376
shuffle-s1	605	1721356706	52137	11857513
shuffle-s1	606	1725336472	19287	11876800
shuffle-s1	607	1729071456	8527	11885327
shuffle-s1	608	1731915014	5113	11890440
shuffle-s1	609	1736298367	10156	11900596
shuffle-s1	610	1740676996	615	11901211
shuffle-s1	611	1744853214	11440	11912651
shuffle-s1	612	1746049097	456	11913107
shuffle-s1	613	1748111924	127	11913234
shuffle-s1	614	1752290289	21579	11934813
shuffle-s1	615	1757296600	43029	11977842
shuffle-s1	616	1757678738	5907	11983749
shuffle-s1	617	1762624199	54665	12038414
shuffle-s1	618	1766702682	2178	12040592
shuffle-s1	619	1767807649	295	12040887
shuffle-s1	620	1771685378	726	12041613
shuffle-s1	621	1771811281	419	12042032
shuffle-s1	622	1776753980	83728	12125760
shuffle-s1	623	1781258715	918	12126678
shuffle-s1	624	1781275020	53	12126731
shuffle-s1	625	1783340036	124	12126855
shuffle-s1	626	1783438104	4516	12131371
shuffle-s1	627	1784669455	481	12131852
shuffle-s1	628	1788483538	571	12132423
shuffle-s1	629	1788647488	4568	12136991
shuffle-s1	630	1793035831	2064	12139055
shuffle-s1	631	1797227038	650	12139705
shuffle-s1	632	1801447886	685	12140390
shuffle-s1	633	1801579232	3206	12143596
shuffle-s1	634	1801760315	120	12143716
shuffle-s1	635	1804406255	990	12144706
shuffle-s1	636	1805084684	56901	12201607
shuffle-s1	637	1805229423	4625	12206232
shuffle-s1	638	1809352018	2497	12208729
shuffle-s1	639	1811423176	95	12208824
shuffle-s1	640	1814106366	4163	12212987
shuffle-s1	641	1820063063	94974	12307961
shuffle-s1	642	1824115142	2979	12310940
shuffle-s1	643	1828930779	1077	12312017
shuffle-s1	644	1832707250	13937	12325954
shuffle-s1	645	1832941943	2636	12328590
shuffle-s1	646	1837752941	57731	12386321
shuffle-s1	647	1839121404	498	12386819
shuffle-s1	648	1844089229	1515	12388334
shuffle-s1	649	1852402156	263345	12651679
shuffle-s1	650	1856839980	8810	12660489
shuffle-s1	651	1856990764	3567	12664056
shuffle-s1	652	1860990565	344	12664400
shuffle-s1	653	1861125789	1614	12666014
shuffle-s1	654	1863398549	186	12666200
shuffle-s1	655	1867569506	12996	12679196
shuffle-s1	656	1867651104	147	12679343
shuffle-s1	657	1871415071	28447	12707790
shuffle-s1	658	1876068393	46875	12754665
shuffle-s1	659	1879690793	324	12754989
shuffle-s1	660	1883706571	388	12755377
shuffle-s1	661	1888753717	85059	12840436
shuffle-s1	662	1892270016	310	12840746
shuffle-s1	663	1892318648	1226	12841972
shuffle-s1	664	1896409204	24454	12866426
shuffle-s1	665	1900506888	2105	12868531
shuffle-s1	666	1904413466	4990	12873521
shuffle-s1	667	1909211823	1117	12874638
shuffle-s1	668	1913277724	20438	12895076
shuffle-s1	669	1917236335	4260	12899336
shuffle-s1	670	1919106820	6038	12905374
shuffle-s1	671	1924643884	56798	12962172
shuffle-s1	672	1926513376	4783	12966955
shuffle-s1	673	1926657396	2745	12969700
shuffle-s1	674	1930957454	10527	12980227
shuffle-s1	675	1935574438	28085	13008312
shuffle-s1	676	1939591142	352	13008664
shuffle-s1	677	1944112249	12809	13021473
shuffle-s1	678	1944260297	2800	13024273
shuffle-s1	679	1946306288	8544	13032817
shuffle-s1	680	1949535443	4468	13037285
shuffle-s1	681	1954194249	36337	13073622
shuffle-s1	682	1959628444	797	13074419
shuffle-s1	683	1964683920	57580	13131999
shuffle-s1	684	1968452650	361	13132360
shuffle-s1	685	1972884531	636	13132996
shuffle-s1	686	1977739750	87000	13219996
shuffle-s1	687	1981958371	835	13220831
shuffle-s1	688	1982101475	2650	13223481
shuffle-s1	689	1985715205	562	13224043
shuffle-s2	1	2357931	415737	415737
shuffle-s2	2	6238849	314756	730493
shuffle-s2	3	10897655	251747	982240
shuffle-s2	4	10897905	152	982392
shuffle-s2	5	11066852	20663	1003055
shuffle-s2	6	15164536	39595	1042650
shuffle-s2	7	18826408	61456	1104106
shuffle-s2	8	20194871	200317	1304423
shuffle-s2	9	23971342	39296	1343719
shuffle-s2	10	24406370	58390	1402109
shuffle-s2	11	25498309	1832	1403941
shuffle-s2	12	26793390	21514	1425455
shuffle-s2	13	30998871	52866	1478321
shuffle-s2	14	34226424	17311	1495632
shuffle-s2	15	38402642	36103	1531735
shuffle-s2	16	42785995	48835	1580570
shuffle-s2	17	44645811	13929	1594499
shuffle-s2	18	45151634	127170	1721669
shuffle-s2	19	49485609	40304	1761973
shuffle-s2	20	53879021	93186	1855159
shuffle-s2	21	54105647	21568	1876727
shuffle-s2	22	55830042	11742	1888469
shuffle-s2	23	60864578	69918	1958387
shuffle-s2	24	65305172	15133	1973520
shuffle-s2	25	65446580	8887	1982407
shuffle-s2	26	67489538	5198	1987605
shuffle-s2	27	70897622	11968	1999573
shuffle-s2	28	71019917	1808	2001381
shuffle-s2	29	71067102	4020	2005401
shuffle-s2	30	74441223	31903	2037304
shuffle-s2	31	76936209	5427	2042731
shuffle-s2	32	77063781	1329	2044060
shuffle-s2	33	81693000	72056	2116116
shuffle-s2	34	81832781	3894	2120010
shuffle-s2	35	82859785	2621	2122631
shuffle-s2	36	83090820	1326	2123957
shuffle-s2	37	87102647	12449	2136406
shuffle-s2	38	91427770	30545	2166951
shuffle-s2	39	95008065	10960	2177911
shuffle-s2	40	99436097	11921	2189832
shuffle-s2	41	102668589	6271	2196103
shuffle-s2	42	113636515	443478	2639581
shuffle-s2	43	113806538	7185	2646766
shuffle-s2	44	117806339	5163	2651929
shuffle-s2	45	121823152	7170	2659099
shuffle-s2	46	126805427	53462	2712561
shuffle-s2	47	126956211	4759	2717320
shuffle-s2	48	127134849	7833	2725153
shuffle-s2	49	131083082	14259	2739412
shuffle-s2	50	131240818	9608	2749020
shuffle-s2	51	134744371	5166	2754186
shuffle-s2	52	136787329	855	2755041
shuffle-s2	53	141571452	9334	2764375
shuffle-s2	54	144778909	4260	2768635
shuffle-s2	55	149172321	3747	2772382
shuffle-s2	56	153510675	9180	2781562
shuffle-s2	57	154805756	903	2782465
shuffle-s2	58	156504259	3248	2785713
shuffle-s2	59	160834534	11293	2797006
shuffle-s2	60	160996508	3787	2800793
shuffle-s2	61	165193923	12937	2813730
shuffle-s2	62	168673166	6265	2819995
shuffle-s2	63	170833366	14596	2834591
shuffle-s2	64	174747819	4663	2839254
shuffle-s2	65	178764523	3567	2842821
shuffle-s2	66	181861960	5927	2848748
shuffle-s2	67	183771938	17965	2866713
shuffle-s2	68	185810906	11309	2878022
shuffle-s2	69	185858889	3269	2881291
shuffle-s2	70	190720002	12392	2893683
shuffle-s2	71	194719803	1891	2895574
shuffle-s2	72	195011135	17509	2913083
shuffle-s2	73	199312980	63418	2976501
shuffle-s2	74	203504187	12399	2988900
shuffle-s2	75	205126261	3053	2991953
shuffle-s2	76	210043932	42960	3034913
shuffle-s2	77	210177051	1415	3036328
shuffle-s2	78	213874457	852456	3888784
shuffle-s2	79	215920448	10292	3899076
shuffle-s2	80	221002208	44935	3944011
shuffle-s2	81	223420845	1350	3945361
shuffle-s2	82	223447261	299	3945660
shuffle-s2	83	226793772	4941	3950601
shuffle-s2	84	230673625	2973	3953574
shuffle-s2	85	234551651	1992	3955566
shuffle-s2	86	234686260	39742	3995308
shuffle-s2	87	238592838	8279	4003587
shuffle-s2	88	242604665	1682	4005269
shuffle-s2	89	244877425	4246	4009515
shuffle-s2	90	249399688	74175	4083690
shuffle-s2	91	254198045	29875	4113565
shuffle-s2	92	258424142	3129	4116694
shuffle-s2	93	258829186	54677	4171371
shuffle-s2	94	259856190	742	4172113
shuffle-s2	95	260969376	4036	4176149
shuffle-s2	96	262909752	5471	4181620
shuffle-s2	97	267130600	2308	4183928
shuffle-s2	98	272073299	111369	4295297
shuffle-s2	99	274431230	581	4295878
shuffle-s2	100	278767242	88387	4384265
shuffle-s2	101	282669676	3523	4387788
shuffle-s2	102	286687026	2508	4390296
shuffle-s2	103	286893025	7917	4398213
shuffle-s2	104	290564005	12902	4411115
shuffle-s2	105	293958903	2993	4414108
shuffle-s2	106	298904364	57701	4471809
shuffle-s2	107	300055946	5746	4477555
shuffle-s2	108	300072251	1103	4478658
shuffle-s2	109	303673378	9757	4488415
shuffle-s2	110	308105259	5685	4494100
shuffle-s2	111	312124433	2545	4496645
shuffle-s2	112	316141594	2273	4498918
shuffle-s2	113	320372571	4108	4503026
shuffle-s2	114	324371714	3501	4506527
shuffle-s2	115	327363199	2016	4508543
shuffle-s2	116	331741828	2488	4511031
shuffle-s2	117	334985527	4824	4515855
shuffle-s2	118	336190317	12358	4528213
shuffle-s2	119	340295979	4393	4532606
shuffle-s2	120	342165471	5096	4537702
shuffle-s2	121	346182821	1299	4539001
shuffle-s2	122	351706809	54134	4593135
shuffle-s2	123	355956305	19068	4612203
shuffle-s2	124	360882791	29140	4641343
shuffle-s2	125	364495216	15270	4656613
shuffle-s2	126	368617811	3085	4659698
shuffle-s2	127	372357104	25131	4684829
shuffle-s2	128	372488627	1077	4685906
shuffle-s2	129	376174055	5561	4691467
shuffle-s2	130	380254404	37591	4729058
shuffle-s2	131	385161150	20340	4749398
shuffle-s2	132	389455611	8414	4757812
shuffle-s2	133	394205746	46300	4804112
shuffle-s2	134	394343140	3028	4807140
shuffle-s2	135	394848963	117	4807257
shuffle-s2	136	394984187	1900	4809157
shuffle-s2	137	398600808	43000	4852157
shuffle-s2	138	402515261	873	4853030
shuffle-s2	139	404347347	77834	4930864
shuffle-s2	140	409916992	139694	5070558
shuffle-s2	141	414772211	96475	5167033
shuffle-s2	142	414913267	2687	5169720
shuffle-s2	143	418635071	19305	5189025
shuffle-s2	144	418820392	6451	5195476
shuffle-s2	145	423128328	37101	5232577
shuffle-s2	146	427151113	11491	5244068
shuffle-s2	147	428849616	475	5244543
shuffle-s2	148	428881344	1542	5246085
shuffle-s2	149	432947245	22624	5268709
shuffle-s2	150	434089445	8633	5277342
shuffle-s2	151	438286468	36116	5313458
shuffle-s2	152	442245079	5105	5318563
shuffle-s2	153	452331041	741571	6060134
shuffle-s2	154	456732337	12587	6072721
shuffle-s2	155	457004253	11445	6084166
shuffle-s2	156	461259175	4170	6088336
shuffle-s2	157	465199259	4088	6092424
shuffle-s2	158	469199547	2290	6094714
shuffle-s2	159	473084793	2118	6096832
shuffle-s2	160	473211522	2436	6099268
shuffle-s2	161	473346507	2165	6101433
shuffle-s2	162	478312272	47834	6149267
shuffle-s2	163	478723412	23485	6172752
shuffle-s2	164	483270156	44683	6217435
shuffle-s2	165	487383322	8571	6226006
shuffle-s2	166	492761144	53802	6279808
shuffle-s2	167	492772041	978	6280786
shuffle-s2	168	496089228	7886	6288672
shuffle-s2	169	500254114	4983	6293655
shuffle-s2	170	504510194	7029	6300684
shuffle-s2	171	509254468	21605	6322289
shuffle-s2	172	514791532	64635	6386924
shuffle-s2	173	518527471	3606	6390530
shuffle-s2	174	522201634	3514	6394044
shuffle-s2	175	522369427	3422	6397466
shuffle-s2	176	526436177	2517	6399983
shuffle-s2	177	531065396	1324	6401307
shuffle-s2	178	534510568	9149	6410456
shuffle-s2	179	537955039	14940	6425396
shuffle-s2	180	542753396	2087	6427483
shuffle-s2	181	546422979	4027	6431510
shuffle-s2	182	550854860	1121	6432631
shuffle-s2	183	551004194	4676	6437307
shuffle-s2	184	556037564	49760	6487067
shuffle-s2	185	558877033	3549	6490616
shuffle-s2	186	562612972	700	6491316
shuffle-s2	187	566610406	1539	6492855
shuffle-s2	188	569404339	2928	6495783
shuffle-s2	189	574351385	118806	6614589
shuffle-s2	190	578351673	1111	6615700
shuffle-s2	191	582430721	30013	6645713
shuffle-s2	192	582562881	1340	6647053
shuffle-s2	193	583308295	3954	6651007
shuffle-s2	194	583515555	1856	6652863
shuffle-s2	195	588060557	10534	6663397
shuffle-s2	196	588087594	349	6663746
shuffle-s2	197	588193801	2303	6666049
shuffle-s2	198	590843815	1484	6667533
shuffle-s2	199	590975341	1172	6668705
shuffle-s2	200	594744071	3540	6672245
shuffle-s2	201	594780316	1016	6673261
shuffle-s2	202	594915667	2074	6675335
shuffle-s2	203	599436774	13823	6689158
shuffle-s2	204	606598526	248276	6937434
shuffle-s2	205	606614831	74	6937508
shuffle-s2	206	607293260	59818	6997326
shuffle-s2	207	610462190	8929	7006255
shuffle-s2	208	610597410	1726	7007981
shuffle-s2	209	614832184	2332	7010313
shuffle-s2	210	617043042	13428	7023741
shuffle-s2	211	617129528	813	7024554
shuffle-s2	212	617266896	2152	7026706
shuffle-s2	213	619328996	2999	7029705
shuffle-s2	214	623277229	843	7030548
shuffle-s2	215	627849333	40214	7070762
shuffle-s2	216	629912160	2513	7073275
shuffle-s2	217	634227258	30880	7104155
shuffle-s2	218	637676815	5153	7109308
shuffle-s2	219	640349029	1701	7111009
shuffle-s2	220	644699120	7425	7118434
shuffle-s2	221	644857828	15149	7133583
shuffle-s2	222	648970994	1081	7134664
shuffle-s2	223	652584724	2611	7137275
shuffle-s2	224	652719764	2298	7139573
shuffle-s2	225	656239652	3263	7142836
shuffle-s2	226	660618281	976	7143812
shuffle-s2	227	665188495	8452	7152264
shuffle-s2	228	665210068	4897	7157161
shuffle-s2	229	667651004	1890	7159051
shuffle-s2	230	671614622	11277	7170328
shuffle-s2	231	671858503	5812	7176140
shuffle-s2	232	675351705	26368	7202508
shuffle-s2	233	679582430	2160	7204668
shuffle-s2	234	683085983	461	7205129
shuffle-s2	235	685095709	13768	7218897
shuffle-s2	236	688118606	10723	7229620
shuffle-s2	237	692295105	2611	7232231
shuffle-s2	238	696538331	2146	7234377
shuffle-s2	239	696834117	1073	7235450
shuffle-s2	240	698355308	2212	7237662
shuffle-s2	241	700540940	6534	7244196
shuffle-s2	242	704631871	974	7245170
shuffle-s2	243	705023546	11647	7256817
shuffle-s2	244	709640530	29118	7285935
shuffle-s2	245	710068644	17502	7303437
shuffle-s2	246	713464128	3515	7306952
shuffle-s2	247	718720566	77241	7384193
shuffle-s2	248	722964116	2554	7386747
shuffle-s2	249	727135948	3235	7389982
shuffle-s2	250	730999284	33102	7423084
shuffle-s2	251	735330819	15939	7439023
shuffle-s2	252	739137498	17652	7456675
shuffle-s2	253	741348356	195	7456870
shuffle-s2	254	745314121	9448	7466318
shuffle-s2	255	747247774	4516	7470834
shuffle-s2	256	749679910	3432	7474266
shuffle-s2	257	753972407	4118	7478384
shuffle-s2	258	759119037	34937	7513321
shuffle-s2	259	763337777	1458	7514779
shuffle-s2	260	767360562	1065	7515844
shuffle-s2	261	771262257	6636	7522480
shuffle-s2	262	771487456	27957	7550437
shuffle-s2	263	771870676	10506	7560943
shuffle-s2	264	772475069	2798	7563741
shuffle-s2	265	772617412	3013	7566754
shuffle-s2	266	777345855	12672	7579426
shuffle-s2	267	781325621	19660	7599086
shuffle-s2	268	785568216	2496	7601582
shuffle-s2	269	801354436	709872	8311454
shuffle-s2	270	805506215	512861	8824315
shuffle-s2	271	808404871	1737	8826052
shuffle-s2	272	812688348	2067	8828119
shuffle-s2	273	816783342	1871	8829990
shuffle-s2	274	818205117	1863	8831853
shuffle-s2	275	821733168	18698	8850551
shuffle-s2	276	826067620	11416	8861967
shuffle-s2	277	830089642	4382	8866349
shuffle-s2	278	834141721	6754	8873103
shuffle-s2	279	837905688	30602	8903705
shuffle-s2	280	842223702	8387	8912092
shuffle-s2	281	845423433	7424	8919516
shuffle-s2	282	846694772	10758	8930274
shuffle-s2	283	850233012	6730	8937004
shuffle-s2	284	853462167	5389	8942393
shuffle-s2	285	853597820	1416	8943809
shuffle-s2	286	857470903	24171	8967980
shuffle-s2	287	861579456	23809	8991789
shuffle-s2	288	861735986	4873	8996662
shuffle-s2	289	863591437	1978	8998640
shuffle-s2	290	867405520	7294	9005934
shuffle-s2	291	870806120	5067	9011001
shuffle-s2	292	874683849	815	9011816
shuffle-s2	293	874731034	161	9011977
shuffle-s2	294	878389628	6499	9018476
shuffle-s2	295	880316473	19366	9037842
shuffle-s2	296	880696777	6810	9044652
shuffle-s2	297	882580810	1122	9045774
shuffle-s2	298	884202884	940	9046714
shuffle-s2	299	887719183	1304	9048018
shuffle-s2	300	891533266	588	9048606
shuffle-s2	301	891890615	2701	9051307
shuffle-s2	302	893949581	1423	9052730
shuffle-s2	303	895809397	155	9052885
shuffle-s2	304	896124761	3262	9056147
shuffle-s2	305	898565697	194	9056341
shuffle-s2	306	902644180	2684	9059025
shuffle-s2	307	906412910	476	9059501
shuffle-s2	308	910072293	3838	9063339
shuffle-s2	309	911164232	442	9063781
shuffle-s2	310	915959467	27959	9091740
shuffle-s2	311	917843500	88	9091828
shuffle-s2	312	918447893	351	9092179
shuffle-s2	313	918982390	3440	9095619
shuffle-s2	314	919392662	12787	9108406
shuffle-s2	315	919524075	1566	9109972
shuffle-s2	316	919667179	2755	9112727
shuffle-s2	317	927205837	200879	9313606
shuffle-s2	318	930828237	3314	9316920
shuffle-s2	319	930909835	491	9317411
shuffle-s2	320	932050964	6851	9324262
shuffle-s2	321	932655194	1874	9326136
shuffle-s2	322	936721944	902	9327038
shuffle-s2	323	940042805	2621	9329659
shuffle-s2	324	941934623	4890	9334549
shuffle-s2	325	943838239	2929	9337478
shuffle-s2	326	948094800	16503	9353981
shuffle-s2	327	948219915	2079	9356060
shuffle-s2	328	952472114	1636	9357696
shuffle-s2	329	952598017	3797	9361493
shuffle-s2	330	953047375	14735	9376228
shuffle-s2	331	954767667	1831	9378059
shuffle-s2	332	955919249	595	9378654
shuffle-s2	333	959336678	9336	9387990
shuffle-s2	334	959486723	4228	9392218
shuffle-s2	335	964176930	19497	9411715
shuffle-s2	336	965372813	19406	9431121
shuffle-s2	337	965614272	2485	9433606
shuffle-s2	338	966845623	2588	9436194
shuffle-s2	339	969504636	7192	9443386
shuffle-s2	340	974134470	3572	9446958
shuffle-s2	341	980091167	99328	9546286
shuffle-s2	342	983266187	7993	9554279
shuffle-s2	343	987272594	14632	9568911
shuffle-s2	344	990586797	11405	9580316
shuffle-s2	345	994847675	4353	9584669
shuffle-s2	346	994884258	744	9585413
shuffle-s2	347	998275691	10793	9596206
shuffle-s2	348	999853946	2136	9598342
shuffle-s2	349	1004821771	15069	9613411
shuffle-s2	350	1008820914	550	9613961
shuffle-s2	351	1012443314	343	9614304
shuffle-s2	352	1016948049	5437	9619741
shuffle-s2	353	1021795219	6579	9626320
shuffle-s2	354	1021823060	878	9627198
shuffle-s2	355	1025772839	8308	9635506
shuffle-s2	356	1029142271	2584	9638090
shuffle-s2	357	1033020297	230	9638320
shuffle-s2	358	1033153115	1293	9639613
shuffle-s2	359	1033824198	4591	9644204
shuffle-s2	360	1037840452	1248	9645452
shuffle-s2	361	1042887598	85638	9731090
shuffle-s2	362	1046622582	9263	9740353
shuffle-s2	363	1047781012	4921	9745274
shuffle-s2	364	1049540477	8799	9754073
shuffle-s2	365	1053487412	4184	9758257
shuffle-s2	366	1055420557	3627	9761884
shuffle-s2	367	1058064580	677	9762561
shuffle-s2	368	1062793023	1081	9763642
shuffle-s2	369	1066882614	449	9764091
shuffle-s2	370	1070880559	1563	9765654
shuffle-s2	371	1071114288	576	9766230
shuffle-s2	372	1074407642	5713	9771943
shuffle-s2	373	1074568590	2727	9774670
shuffle-s2	374	1078585537	1183	9775853
shuffle-s2	375	1081912784	2665	9778518
shuffle-s2	376	1081997162	979	9779497
shuffle-s2	377	1082145210	2967	9782464
shuffle-s2	378	1083513673	586	9783050
shuffle-s2	379	1087873606	43366	9826416
shuffle-s2	380	1093263972	121824	9948240
shuffle-s2	381	1095134457	6260	9954500
shuffle-s2	382	1097779605	993	9955493
shuffle-s2	383	1100431081	2925	9958418
shuffle-s2	384	1101755512	2181	9960599
shuffle-s2	385	1102070445	4937	9965536
shuffle-s2	386	1105576659	7330	9972866
shuffle-s2	387	1105680636	1637	9974503
shuffle-s2	388	1108294780	43286	10017789
shuffle-s2	389	1112730725	24229	10042018
shuffle-s2	390	1117763432	21643	10063661
shuffle-s2	391	1122840470	76683	10140344
shuffle-s2	392	1128518597	54681	10195025
shuffle-s2	393	1132955675	84631	10279656
shuffle-s2	394	1136158558	7342	10286998
shuffle-s2	395	1140175371	772	10287770
shuffle-s2	396	1144807959	47149	10334919
shuffle-s2	397	1149075845	3804	10338723
shuffle-s2	398	1151147003	4944	10343667
shuffle-s2	399	1154832431	478	10344145
shuffle-s2	400	1158518281	5944	10350089
shuffle-s2	401	1162598999	15965	10366054
shuffle-s2	402	1167061690	18362	10384416
shuffle-s2	403	1170368408	9590	10394006
shuffle-s2	404	1171510608	475	10394481
shuffle-s2	405	1175102595	2451	10396932
shuffle-s2	406	1179365078	4474	10401406
shuffle-s2	407	1183913762	1958	10403364
shuffle-s2	408	1187997627	10872	10414236
shuffle-s2	409	1188651650	1800	10416036
shuffle-s2	410	1192927075	5191	10421227
shuffle-s2	411	1196353512	8161	10429388
shuffle-s2	412	1200072635	1743	10431131
shuffle-s2	413	1200297834	358	10431489
shuffle-s2	414	1204568361	1799	10433288
shuffle-s2	415	1209838247	108323	10541611
shuffle-s2	416	1214653884	10807	10552418
shuffle-s2	417	1218672193	1694	10554112
shuffle-s2	418	1223216421	17490	10571602
shuffle-s2	419	1228222732	41205	10612807
shuffle-s2	420	1230905922	4211	10617018
shuffle-s2	421	1235137447	20281	10637299
shuffle-s2	422	1239170235	5089	10642388
shuffle-s2	423	1243558578	2190	10644578
shuffle-s2	424	1247686423	4570	10649148
shuffle-s2	425	1252418504	39896	10689044
shuffle-s2	426	1256824144	5491	10694535
shuffle-s2	427	1256946554	1452	10695987
shuffle-s2	428	1256983137	98	10696085
shuffle-s2	429	1257019382	111	10696196
shuffle-s2	430	1261197747	21263	10717459
shuffle-s2	431	1265182724	8316	10725775
shuffle-s2	432	1269343764	36084	10761859
shuffle-s2	433	1271957908	802	10762661
shuffle-s2	434	1276611230	48348	10811009
shuffle-s2	435	1276661540	3734	10814743
shuffle-s2	436	1276714863	466	10815209
shuffle-s2	437	1276721002	991	10816200
shuffle-s2	438	1276741158	3026	10819226
shuffle-s2	439	1276867157	2654	10821880
shuffle-s2	440	1280480887	788	10822668
shuffle-s2	441	1280600175	2230	10824898
shuffle-s2	442	1284146407	8970	10833868
shuffle-s2	443	1286211423	3112	10836980
shuffle-s2	444	1290408838	735	10837715
shuffle-s2	445	1292533756	14863	10852578
shuffle-s2	446	1297641696	19708	10872286
shuffle-s2	447	1297723294	125	10872411
shuffle-s2	448	1302022149	7260	10879671
shuffle-s2	449	1302145095	793	10880464
shuffle-s2	450	1305370720	2708	10883172
shuffle-s2	451	1307433547	150	10883322
shuffle-s2	452	1311541611	51241	10934563
shuffle-s2	453	1315511557	8291	10942854
shuffle-s2	454	1317558200	2278	10945132
shuffle-s2	455	1321656749	19187	10964319
shuffle-s2	456	1326503919	1121	10965440
shuffle-s2	457	1331122307	15339	10980779
shuffle-s2	458	1331838533	11062	10991841
shuffle-s2	459	1336124995	6295	10998136
shuffle-s2	460	1339020712	4748	11002884
shuffle-s2	461	1343300594	3617	11006501
shuffle-s2	462	1344878849	160	11006661
shuffle-s2	463	1350313044	7440	11014101
shuffle-s2	464	1354329991	519	11014620
shuffle-s2	465	1357948874	4407	11019027
shuffle-s2	466	1358050123	1048	11020075
shuffle-s2	467	1366363050	263781	11283856
shuffle-s2	468	1371797245	871	11284727
shuffle-s2	469	1376427079	1163	11285890
shuffle-s2	470	1378259165	97	11285987
shuffle-s2	471	1382250148	15254	11301241
shuffle-s2	472	1386645656	1995	11303236
shuffle-s2	473	1390975324	4700	11307936
shuffle-s2	474	1393393961	160	11308096
shuffle-s2	475	1398088954	14595	11322691
shuffle-s2	476	1398221450	1202	11323893
shuffle-s2	477	1398755947	354	11324247
shuffle-s2	478	1400774267	6351	11330598
shuffle-s2	479	1404293013	6840	11337438
shuffle-s2	480	1408391562	345	11337783
shuffle-s2	481	1411900554	2643	11340426
shuffle-s2	482	1416238908	696	11341122
shuffle-s2	483	1416381163	2916	11344038
shuffle-s2	484	1421463662	71391	11415429
shuffle-s2	485	1421599593	1753	11417182
shuffle-s2	486	1425832025	1914	11419096
shuffle-s2	487	1426044689	5879	11424975
shuffle-s2	488	1427185818	515	11425490
shuffle-s2	489	1427569586	6732	11432222
shuffle-s2	490	1431746085	237	11432459
shuffle-s2	491	1436091009	11156	11443615
shuffle-s2	492	1439600001	293	11443908
shuffle-s2	493	1444147254	11002	11454910
shuffle-s2	494	1448574872	14282	11469192
shuffle-s2	495	1452591576	463	11469655
shuffle-s2	496	1453126235	4443	11474098
shuffle-s2	497	1453252138	438	11474536
shuffle-s2	498	1457244208	19568	11494104
shuffle-s2	499	1459309224	135	11494239
shuffle-s2	500	1459931919	1488	11495727
shuffle-s2	501	1464768039	43927	11539654
shuffle-s2	502	1468459332	31523	11571177
shuffle-s2	503	1472475110	1281	11572458
shuffle-s2	504	1477290747	1179	11573637
shuffle-s2	505	1480740304	386	11574023
shuffle-s2	506	1480788936	1175	11575198
shuffle-s2	507	1481959783	8785	11583983
shuffle-s2	508	1485950464	9374	11593357
shuffle-s2	509	1488371749	14441	11607798
shuffle-s2	510	1491320128	3298	11611096
shuffle-s2	511	1495505269	4653	11615749
shuffle-s2	512	1499526794	14023	11629772
shuffle-s2	513	1501597952	137	11629909
shuffle-s2	514	1505256546	408	11630317
shuffle-s2	515	1507905191	1003	11631320
shuffle-s2	516	1509136542	517	11631837
shuffle-s2	517	1510307389	586	11632423
shuffle-s2	518	1514540222	1419	11633842
shuffle-s2	519	1518796664	13837	11647679
shuffle-s2	520	1521440716	680	11648359
shuffle-s2	521	1525438150	427	11648786
shuffle-s2	522	1526042380	199	11648985
shuffle-s2	523	1530065426	1085	11650070
shuffle-s2	524	1537659768	178447	11828517
shuffle-s2	525	1537743791	399	11828916
shuffle-s2	526	1541465469	20475	11849391
shuffle-s2	527	1545249729	16847	11866238
shuffle-s2	528	1548093287	5105	11871343
shuffle-s2	529	1550837232	78572	11949915
shuffle-s2	530	1554717085	206	11950121
shuffle-s2	531	1554850485	1430	11951551
shuffle-s2	532	1558886017	13840	11965391
shuffle-s2	533	1563406664	24193	11989584
shuffle-s2	534	1567424973	390	11989974
shuffle-s2	535	1567789637	12385	12002359
shuffle-s2	536	1572191406	12498	12014857
shuffle-s2	537	1575807270	4161	12019018
shuffle-s2	538	1579979102	657	12019675
shuffle-s2	539	1580119301	2304	12021979
shuffle-s2	540	1581324091	891	12022870
shuffle-s2	541	1585495048	13079	12035949
shuffle-s2	542	1586334308	439	12036388
shuffle-s2	543	1590603342	3206	12039594
shuffle-s2	544	1590991309	15018	12054612
shuffle-s2	545	1591089377	4469	12059081
shuffle-s2	546	1592422806	21729	12080810
shuffle-s2	547	1596085083	9867	12090677
shuffle-s2	548	1596535945	13894	12104571
shuffle-s2	549	1597215469	1203	12105774
shuffle-s2	550	1601380355	612	12106386
shuffle-s2	551	1603540555	193	12106579
shuffle-s2	552	1606891770	3968	12110547
shuffle-s2	553	1607093858	10145	12120692
shuffle-s2	554	1607249716	3274	12123966
shuffle-s2	555	1610844222	2350	12126316
shuffle-s2	556	1612914350	4137	12130453
shuffle-s2	557	1617709585	1152	12131605
shuffle-s2	558	1618814552	1378	12132983
shuffle-s2	559	1621597961	1820	12134803
shuffle-s2	560	1625617135	411	12135214
shuffle-s2	561	1625851828	2622	12137836
shuffle-s2	562	1629773143	3558	12141394
shuffle-s2	563	1634350717	16262	12157656
shuffle-s2	564	1638348662	291	12157947
shuffle-s2	565	1638398972	86	12158033
shuffle-s2	566	1641673279	2974	12161007
shuffle-s2	567	1641865952	1541	12162548
shuffle-s2	568	1646359494	8937	12171485
shuffle-s2	569	1646490840	3113	12174598
shuffle-s2	570	1651301838	57788	12232386
shuffle-s2	571	1655034121	19152	12251538
shuffle-s2	572	1655756081	3414	12254952
shuffle-s2	573	1660811557	57601	12312553
shuffle-s2	574	1660992640	35328	12347881
shuffle-s2	575	1665227487	1735	12349616
shuffle-s2	576	1668453954	779	12350395
shuffle-s2	577	1670524082	98	12350493
shuffle-s2	578	1671857511	934	12351427
shuffle-s2	579	1675770578	4600	12356027
shuffle-s2	580	1677041917	548	12356575
shuffle-s2	581	1678146884	281	12356856
shuffle-s2	582	1682169930	465	12357321
shuffle-s2	583	1687068961	7546	12364867
shuffle-s2	584	1690464313	4567	12369434
shuffle-s2	585	1690941838	1348	12370782
shuffle-s2	586	1691110785	394	12371176
shuffle-s2	587	1691245604	1513	12372689
shuffle-s2	588	1694943010	96	12372785
shuffle-s2	589	1695624489	3180	12375965
shuffle-s2	590	1699509735	219	12376184
shuffle-s2	591	1703640255	6526	12382710
shuffle-s2	592	1705161446	68	12382778
shuffle-s2	593	1705245824	172	12382950
shuffle-s2	594	1709515881	4706	12387656
shuffle-s2	595	1709659901	2772	12390428
shuffle-s2	596	1714097725	8878	12399306
shuffle-s2	597	1714215459	1701	12401007
shuffle-s2	598	1718406666	623	12401630
shuffle-s2	599	1720679426	175	12401805
shuffle-s2	600	1725470497	32686	12434491
shuffle-s2	601	1725615236	4741	12439232
shuffle-s2	602	1730378270	11009	12450241
shuffle-s2	603	1731029371	3508	12453749
shuffle-s2	604	1731162714	1155	12454904
shuffle-s2	605	1731343797	84	12454988
shuffle-s2	606	1731473613	982	12455970
shuffle-s2	607	1736673183	57080	12513050
shuffle-s2	608	1736807363	1340	12514390
shuffle-s2	609	1740327251	282	12514672
shuffle-s2	610	1745188364	934	12515606
shuffle-s2	611	1749633612	4592	12520198
shuffle-s2	612	1750746798	269	12520467
shuffle-s2	613	1754936964	5197	12525664
shuffle-s2	614	1755106165	9790	12535454
shuffle-s2	615	1759138953	303	12535757
shuffle-s2	616	1761784893	959	12536716
shuffle-s2	617	1765699520	2092	12538808
shuffle-s2	618	1768691869	1038	12539846
shuffle-s2	619	1773659848	1719	12541565
shuffle-s2	620	1776862731	679	12542244
shuffle-s2	621	1780879892	414	12542658
shuffle-s2	622	1780900048	62	12542720
shuffle-s2	623	1780927889	76	12542796
shuffle-s2	624	1781050299	149	12542945
shuffle-s2	625	1781215897	2314	12545259
shuffle-s2	626	1785200744	4888	12550147
shuffle-s2	627	1788739931	12157	12562304
shuffle-s2	628	1788887178	3047	12565351
shuffle-s2	629	1789421837	138	12565489
shuffle-s2	630	1797314970	186787	12752276
shuffle-s2	631	1798510853	465	12752741
shuffle-s2	632	1802759041	2530	12755271
shuffle-s2	633	1806733296	6630	12761901
shuffle-s2	634	1806882704	4542	12766443
shuffle-s2	635	1808944804	112	12766555
shuffle-s2	636	1813223692	5610	12772165
shuffle-s2	637	1817913899	1196	12773361
shuffle-s2	638	1821935921	524	12773885
shuffle-s2	639	1821983904	119	12774004
shuffle-s2	640	1826374120	2398	12776402
shuffle-s2	641	1829100215	3323	12779725
shuffle-s2	642	1832694721	283	12780008
shuffle-s2	643	1834666627	10157	12790165
shuffle-s2	644	1837777308	7680	12797845
shuffle-s2	645	1839823951	80	12797925
shuffle-s2	646	1844124009	10586	12808511
shuffle-s2	647	1848214565	24381	12832892
shuffle-s2	648	1849929268	899	12833791
shuffle-s2	649	1853927359	43635	12877426
shuffle-s2	650	1858145980	881	12878307
shuffle-s2	651	1862960962	6593	12884900
shuffle-s2	652	1867044827	515	12885415
shuffle-s2	653	1867931500	981	12886396
shuffle-s2	654	1872436235	864	12887260
shuffle-s2	655	1874868371	407	12887667
shuffle-s2	656	1880887581	176296	13063963
shuffle-s2	657	1885269739	11781	13075744
shuffle-s2	658	1889059975	18877	13094621
shuffle-s2	659	1893608659	305	13094926
shuffle-s2	660	1896126329	5333	13100259
shuffle-s2	661	1900381041	3613	13103872
shuffle-s2	662	1903973028	336	13104208
shuffle-s2	663	1908535273	12095	13116303
shuffle-s2	664	1908668849	949	13117252
shuffle-s2	665	1912910603	5766	13123018
shuffle-s2	666	1915666427	7584	13130602
shuffle-s2	667	1919017642	251	13130853
shuffle-s2	668	1919137595	477	13131330
shuffle-s2	669	1922653894	310	13131640
shuffle-s2	670	1924368597	614	13132254
shuffle-s2	671	1924491761	467	13132721
shuffle-s2	672	1928508015	394	13133115
shuffle-s2	673	1931877447	263	13133378
shuffle-s2	674	1936091170	13107	13146485
shuffle-s2	675	1940106948	363	13146848
shuffle-s2	676	1944696113	20064	13166912
shuffle-s2	677	1948381963	288	13167200
shuffle-s2	678	1951592898	2269	13169469
shuffle-s2	679	1955899217	2547	13172016
shuffle-s2	680	1960129568	1569	13173585
shuffle-s2	681	1964293883	4334	13177919
shuffle-s2	682	1964534332	3017	13180936
shuffle-s2	683	1969248318	10784	13191720
shuffle-s2	684	1969630456	5789	13197509
shuffle-s2	685	1974325449	1130	13198639
shuffle-s2	686	1976384415	98	13198737
shuffle-s2	687	1980837269	9624	13208361
shuffle-s2	688	1981001219	4586	13212947
shuffle-s2	689	1985715205	857	13213804
sched-proxy-s3	1	3546232	661481	661481
sched-proxy-s3	2	3594215	5256	666737
sched-proxy-s3	3	3622056	1485	668222
sched-proxy-s3	4	4226449	5697	673919
sched-proxy-s3	5	7742748	45251	719170
sched-proxy-s3	6	11440154	854548	1573718
sched-proxy-s3	7	15625295	124663	1698381
sched-proxy-s3	8	19924150	90423	1788804
sched-proxy-s3	9	20056968	7887	1796691
sched-proxy-s3	10	35843188	712083	2508774
sched-proxy-s3	11	36001896	15927	2524701
sched-proxy-s3	12	39881749	12544	2537245
sched-proxy-s3	13	43960232	48830	2586075
sched-proxy-s3	14	44494891	173755	2759830
sched-proxy-s3	15	47846106	60710	2820540
sched-proxy-s3	16	49077457	25171	2845711
sched-proxy-s3	17	49233315	8972	2854683
sched-proxy-s3	18	53863149	112966	2967649
sched-proxy-s3	19	58093874	15105	2982754
sched-proxy-s3	20	62909511	47948	3030702
sched-proxy-s3	21	67944047	129625	3160327
sched-proxy-s3	22	70014175	8815	3169142
sched-proxy-s3	23	71884660	22389	3191531
sched-proxy-s3	24	73599363	5685	3197216
sched-proxy-s3	25	74203593	2695	3199911
sched-proxy-s3	26	77530840	7155	3207066
sched-proxy-s3	27	81552862	15984	3223050
sched-proxy-s3	28	84070532	18170	3241220
sched-proxy-s3	29	85403961	29436	3270656
sched-proxy-s3	30	89494892	5871	3276527
sched-proxy-s3	31	93692307	26447	3302974
sched-proxy-s3	32	93833363	4033	3307007
sched-proxy-s3	33	97572656	31729	3338736
sched-proxy-s3	34	100879374	22133	3360869
sched-proxy-s3	35	105319968	12465	3373334
sched-proxy-s3	36	109319111	5728	3379062
sched-proxy-s3	37	113490943	9526	3388588
sched-proxy-s3	38	118080108	30479	3419067
sched-proxy-s3	39	122097269	5733	3424800
sched-proxy-s3	40	123202236	2061	3426861
sched-proxy-s3	41	127428333	5048	3431909
sched-proxy-s3	42	127464578	982	3432891
sched-proxy-s3	43	127609317	5113	3438004
sched-proxy-s3	44	131129205	4773	3442777
sched-proxy-s3	45	132271405	6342	3449119
sched-proxy-s3	46	135640837	4781	3453900
sched-proxy-s3	47	139719885	46340	3500240
sched-proxy-s3	48	143736139	4082	3504322
sched-proxy-s3	49	143767867	1561	3505883
sched-proxy-s3	50	147581950	9529	3515412
sched-proxy-s3	51	147609791	111	3515523
sched-proxy-s3	52	150223935	44049	3559572
sched-proxy-s3	53	154786180	26827	3586399
sched-proxy-s3	54	158692758	13364	3599763
sched-proxy-s3	55	162565841	34249	3634012
sched-proxy-s3	56	165211781	1876	3635888
sched-proxy-s3	57	169649605	14516	3650404
sched-proxy-s3	58	172070890	16105	3666509
sched-proxy-s3	59	174503026	4352	3670861
sched-proxy-s3	60	177186216	5294	3676155
sched-proxy-s3	61	179055708	6143	3682298
sched-proxy-s3	62	183035474	26284	3708582
sched-proxy-s3	63	186649204	3091	3711673
sched-proxy-s3	64	190905765	30801	3742474
sched-proxy-s3	65	191792438	1771	3744245
sched-proxy-s3	66	196041934	27220	3771465
sched-proxy-s3	67	200336395	9056	3780521
sched-proxy-s3	68	200940625	388	3780909
sched-proxy-s3	69	201184506	27736	3808645
sched-proxy-s3	70	201346480	8211	3816856
sched-proxy-s3	71	204958905	16308	3833164
sched-proxy-s3	72	205090431	1268	3834432
sched-proxy-s3	73	208992126	8794	3843226
sched-proxy-s3	74	212485328	29487	3872713
sched-proxy-s3	75	216835419	10863	3883576
sched-proxy-s3	76	218906577	5448	3889024
sched-proxy-s3	77	219412400	127579	4016603
sched-proxy-s3	78	223584232	1903	4018506
sched-proxy-s3	79	228129234	29376	4047882
sched-proxy-s3	80	231668421	15239	4063121
sched-proxy-s3	81	234897576	5912	4069033
sched-proxy-s3	82	236596079	5942	4074975
sched-proxy-s3	83	241973901	64718	4139693
sched-proxy-s3	84	246222089	4246	4143939
sched-proxy-s3	85	250604247	14517	4158456
sched-proxy-s3	86	252674375	376	4158832
sched-proxy-s3	87	255900842	1726	4160558
sched-proxy-s3	88	256350200	39379	4199937
sched-proxy-s3	89	261356511	60026	4259963
sched-proxy-s3	90	264348860	1633	4261596
sched-proxy-s3	91	266367180	14393	4275989
sched-proxy-s3	92	270580903	19896	4295885
sched-proxy-s3	93	275129587	4855	4300740
sched-proxy-s3	94	279819794	24678	4325418
sched-proxy-s3	95	283804641	10588	4336006
sched-proxy-s3	96	283902709	4603	4340609
sched-proxy-s3	97	287421455	7799	4348408
sched-proxy-s3	98	291433282	8650	4357058
sched-proxy-s3	99	295778206	12292	4369350
sched-proxy-s3	100	299810994	7021	4376371
sched-proxy-s3	101	301570459	13306	4389677
sched-proxy-s3	102	301885392	5919	4395596
sched-proxy-s3	103	302015208	1568	4397164
sched-proxy-s3	104	306410716	4265	4401429
sched-proxy-s3	105	311040550	2869	4404298
sched-proxy-s3	106	314361411	2978	4407276
sched-proxy-s3	107	318358845	2341	4409617
sched-proxy-s3	108	318746812	17627	4427244
sched-proxy-s3	109	322444218	61	4427305
sched-proxy-s3	110	326066618	3939	4431244
sched-proxy-s3	111	330051595	13414	4444658
sched-proxy-s3	112	334898765	9018	4453676
sched-proxy-s3	113	335031261	1316	4454992
sched-proxy-s3	114	339048074	2424	4457416
sched-proxy-s3	115	340951690	4166	4461582
sched-proxy-s3	116	344942673	21339	4482921
sched-proxy-s3	117	345565368	4217	4487138
sched-proxy-s3	118	349660362	2116	4489254
sched-proxy-s3	119	349794971	39465	4528719
sched-proxy-s3	120	351163434	5112	4533831
sched-proxy-s3	121	355186480	3578	4537409
sched-proxy-s3	122	357120133	4421	4541830
sched-proxy-s3	123	361915368	29370	4571200
sched-proxy-s3	124	365418921	2868	4574068
sched-proxy-s3	125	369304167	2510	4576578
sched-proxy-s3	126	369439387	2076	4578654
sched-proxy-s3	127	373031374	3948	4582602
sched-proxy-s3	128	377306799	5714	4588316
sched-proxy-s3	129	377531998	29082	4617398
sched-proxy-s3	130	379416031	1190	4618588
sched-proxy-s3	131	382623488	2692	4621280
sched-proxy-s3	132	382643644	3133	4624413
sched-proxy-s3	133	386038542	5994	4630407
sched-proxy-s3	134	389544756	9149	4639556
sched-proxy-s3	135	393329016	20378	4659934
sched-proxy-s3	136	393563709	2984	4662918
sched-proxy-s3	137	397806304	2930	4665848
sched-proxy-s3	138	398241332	10900	4676748
sched-proxy-s3	139	402155785	3748	4680496
sched-proxy-s3	140	406442247	7221	4687717
sched-proxy-s3	141	410986475	18273	4705990
sched-proxy-s3	142	414899542	4979	4710969
sched-proxy-s3	143	415434039	3246	4714215
sched-proxy-s3	144	415640038	10341	4724556
sched-proxy-s3	145	417472124	77930	4802486
sched-proxy-s3	146	417744040	10865	4813351
sched-proxy-s3	147	421402634	7365	4820716
sched-proxy-s3	148	425635467	2729	4823445
sched-proxy-s3	149	425762196	2490	4825935
sched-proxy-s3	150	426145416	11092	4837027
sched-proxy-s3	151	428928825	2609	4839636
sched-proxy-s3	152	431369761	2311	4841947
sched-proxy-s3	153	431539784	7421	4849368
sched-proxy-s3	154	435538927	1259	4850627
sched-proxy-s3	155	436907390	786	4851413
sched-proxy-s3	156	440905335	3040	4854453
sched-proxy-s3	157	443065535	4804	4859257
sched-proxy-s3	158	444780238	1160	4860417
sched-proxy-s3	159	445191378	21562	4881979
sched-proxy-s3	160	448417003	3112	4885091
sched-proxy-s3	161	453161277	22044	4907135
sched-proxy-s3	162	457413476	1886	4909021
sched-proxy-s3	163	461449008	15929	4924950
sched-proxy-s3	164	461599792	4578	4929528
sched-proxy-s3	165	465000392	5408	4934936
sched-proxy-s3	166	468970338	8694	4943630
sched-proxy-s3	167	469103681	1301	4944931
sched-proxy-s3	168	471376441	3142	4948073
sched-proxy-s3	169	475619667	5019	4953092
sched-proxy-s3	170	479637017	1893	4954985
sched-proxy-s3	171	484473137	67858	5022843
sched-proxy-s3	172	489268372	2125	5024968
sched-proxy-s3	173	493366921	29026	5053994
sched-proxy-s3	174	496025934	9283	5063277
sched-proxy-s3	175	500873104	2258	5065535
sched-proxy-s3	176	503368090	2822	5068357
sched-proxy-s3	177	505809026	312	5068669
sched-proxy-s3	178	507693059	200	5068869
sched-proxy-s3	179	508075197	6759	5075628
sched-proxy-s3	180	512400320	10353	5085981
sched-proxy-s3	181	517132401	47352	5133333
sched-proxy-s3	182	520801984	4010	5137343
sched-proxy-s3	183	522097065	16115	5153458
sched-proxy-s3	184	522231245	1459	5154917
sched-proxy-s3	185	527173944	125337	5280254
sched-proxy-s3	186	531832750	43160	5323414
sched-proxy-s3	187	533878741	9782	5333196
sched-proxy-s3	188	534071414	1697	5334893
sched-proxy-s3	189	537793092	22210	5357103
sched-proxy-s3	190	537819508	281	5357384
sched-proxy-s3	191	540613441	3228	5360612
sched-proxy-s3	192	542886201	362	5360974
sched-proxy-s3	193	547581194	31047	5392021
sched-proxy-s3	194	550784077	7715	5399736
sched-proxy-s3	195	554385204	6942	5406678
sched-proxy-s3	196	557776637	31180	5437858
sched-proxy-s3	197	562008162	29300	5467158
sched-proxy-s3	198	566278689	2085	5469243
sched-proxy-s3	199	566670364	11721	5480964
sched-proxy-s3	200	570633982	11306	5492270
sched-proxy-s3	201	574652291	2106	5494376
sched-proxy-s3	202	575032595	6198	5500574
sched-proxy-s3	203	578751718	1857	5502431
sched-proxy-s3	204	579843657	1005	5503436
sched-proxy-s3	205	583791890	7453	5510889
sched-proxy-s3	206	585313081	2661	5513550
sched-proxy-s3	207	589651435	6138	5519688
sched-proxy-s3	208	592599814	7042	5526730
sched-proxy-s3	209	597027846	4724	5531454
sched-proxy-s3	210	598937824	10064	5541518
sched-proxy-s3	211	600133707	19658	5561176
sched-proxy-s3	212	600265120	1647	5562823
sched-proxy-s3	213	604702198	93050	5655873
sched-proxy-s3	214	609092414	4396	5660269
sched-proxy-s3	215	613371302	6012	5666281
sched-proxy-s3	216	615433402	3144	5669425
sched-proxy-s3	217	618665894	3999	5673424
sched-proxy-s3	218	622614127	886	5674310
sched-proxy-s3	219	625965342	736	5675046
sched-proxy-s3	220	629334774	462	5675508
sched-proxy-s3	221	631381417	2330	5677838
sched-proxy-s3	222	631514817	1717	5679555
sched-proxy-s3	223	635531521	1653	5681208
sched-proxy-s3	224	637052712	94	5681302
sched-proxy-s3	225	641382380	4978	5686280
sched-proxy-s3	226	641526400	3336	5689616
sched-proxy-s3	227	642248360	9401	5699017
sched-proxy-s3	228	645087829	3771	5702788
sched-proxy-s3	229	649706217	13730	5716518
sched-proxy-s3	230	651678123	11600	5728118
sched-proxy-s3	231	657356250	69482	5797600
sched-proxy-s3	232	657671614	3379	5800979
sched-proxy-s3	233	657896813	327	5801306
sched-proxy-s3	234	662952289	67648	5868954
sched-proxy-s3	235	665596341	827	5869781
sched-proxy-s3	236	668913528	10748	5880529
sched-proxy-s3	237	668963838	3792	5884321
sched-proxy-s3	238	671026665	3140	5887461
sched-proxy-s3	239	675341763	32760	5920221
sched-proxy-s3	240	676613102	10552	5930773
sched-proxy-s3	241	678798734	5190	5935963
sched-proxy-s3	242	683059612	4782	5940745
sched-proxy-s3	243	687076559	2029	5942774
sched-proxy-s3	244	689287417	12144	5954918
sched-proxy-s3	245	693625771	1098	5956016
sched-proxy-s3	246	698197875	90660	6046676
sched-proxy-s3	247	698802268	248	6046924
sched-proxy-s3	248	703770093	13737	6060661
sched-proxy-s3	249	707560329	24871	6085532
sched-proxy-s3	250	708276555	11309	6096841
sched-proxy-s3	251	710708691	450	6097291
sched-proxy-s3	252	710921355	6884	6104175
sched-proxy-s3	253	716458419	65778	6169953
sched-proxy-s3	254	721357450	11345	6181298
sched-proxy-s3	255	725578298	909	6182207
sched-proxy-s3	256	729027855	6284	6188491
sched-proxy-s3	257	733550118	55281	6243772
sched-proxy-s3	258	735596761	148	6243920
sched-proxy-s3	259	737321156	2987	6246907
sched-proxy-s3	260	739532014	265	6247172
sched-proxy-s3	261	742183490	2940	6250112
sched-proxy-s3	262	742344438	2793	6252905
sched-proxy-s3	263	745847991	448	6253353
sched-proxy-s3	264	747052781	12968	6266321
sched-proxy-s3	265	752134541	39674	6305995
sched-proxy-s3	266	752284586	4264	6310259
sched-proxy-s3	267	756539298	3994	6314253
sched-proxy-s3	268	760917927	2272	6316525
sched-proxy-s3	269	768079679	262636	6579161
sched-proxy-s3	270	769657934	2182	6581343
sched-proxy-s3	271	774519047	5204	6586547
sched-proxy-s3	272	778204897	6199	6592746
sched-proxy-s3	273	779409687	974	6593720
sched-proxy-s3	274	781419413	12965	6606685
sched-proxy-s3	275	782752842	978	6607663
sched-proxy-s3	276	782888066	1787	6609450
sched-proxy-s3	277	787651100	11916	6621366
sched-proxy-s3	278	791231395	8000	6629366
sched-proxy-s3	279	791380803	4759	6634125
sched-proxy-s3	280	791522211	2478	6636603
sched-proxy-s3	281	801608173	737218	7373821
sched-proxy-s3	282	802036287	17705	7391526
sched-proxy-s3	283	802446559	12620	7404146
sched-proxy-s3	284	802494542	96	7404242
sched-proxy-s3	285	806812556	8511	7412753
sched-proxy-s3	286	810434956	418	7413171
sched-proxy-s3	287	814625122	13260	7426431
sched-proxy-s3	288	814706720	472	7426903
sched-proxy-s3	289	815902603	535	7427438
sched-proxy-s3	290	819902404	2007	7429445
sched-proxy-s3	291	824121025	1327	7430772
sched-proxy-s3	292	827856964	4549	7435321
sched-proxy-s3	293	828090693	1376	7436697
sched-proxy-s3	294	829182632	274	7436971
sched-proxy-s3	295	833614513	4759	7441730
sched-proxy-s3	296	837946048	16112	7457842
sched-proxy-s3	297	838078208	1294	7459136
sched-proxy-s3	298	842731530	51367	7510503
sched-proxy-s3	299	842815553	456	7510959
sched-proxy-s3	300	843986400	8877	7519836
sched-proxy-s3	301	848615619	3332	7523168
sched-proxy-s3	302	851889926	12075	7535243
sched-proxy-s3	303	855369169	4199	7539442
sched-proxy-s3	304	855503988	1596	7541038
sched-proxy-s3	305	859418615	4661	7545699
sched-proxy-s3	306	865375312	102968	7648667
sched-proxy-s3	307	867438139	131	7648798
sched-proxy-s3	308	870333856	5070	7653868
sched-proxy-s3	309	870698520	12342	7666210
sched-proxy-s3	310	874804182	3927	7670137
sched-proxy-s3	311	878398688	2556	7672693
sched-proxy-s3	312	882667722	3430	7676123
sched-proxy-s3	313	883346151	58008	7734131
sched-proxy-s3	314	883481191	2258	7736389
sched-proxy-s3	315	883565569	978	7737367
sched-proxy-s3	316	887655160	570	7737937
sched-proxy-s3	317	892620925	40218	7778155
sched-proxy-s3	318	896484261	30444	7808599
sched-proxy-s3	319	901345374	1284	7809883
sched-proxy-s3	320	905080358	9356	7819239
sched-proxy-s3	321	909078449	45609	7864848
sched-proxy-s3	322	913094703	982	7865830
sched-proxy-s3	323	913258653	4832	7870662
sched-proxy-s3	324	913394306	1446	7872108
sched-proxy-s3	325	916120401	3596	7875704
sched-proxy-s3	326	920339141	1058	7876762
sched-proxy-s3	327	921452327	1785	7878547
sched-proxy-s3	328	926598957	35060	7913607
sched-proxy-s3	329	926649267	98	7913705
sched-proxy-s3	330	930813582	5111	7918816
sched-proxy-s3	331	935119901	3498	7922314
sched-proxy-s3	332	935350936	950	7923264
sched-proxy-s3	333	938800493	460	7923724
sched-proxy-s3	334	938884871	171	7923895
sched-proxy-s3	335	939042607	8441	7932336
sched-proxy-s3	336	943109357	2064	7934400
sched-proxy-s3	337	947125135	4124	7938524
sched-proxy-s3	338	949797349	1692	7940216
sched-proxy-s3	339	953205433	6602	7946818
sched-proxy-s3	340	953287031	125	7946943
sched-proxy-s3	341	958001017	11350	7958293
sched-proxy-s3	342	958296803	894	7959187
sched-proxy-s3	343	962319849	647	7959834
sched-proxy-s3	344	966484735	3302	7963136
sched-proxy-s3	345	968903372	978	7964114
sched-proxy-s3	346	968952004	1691	7965805
sched-proxy-s3	347	971023162	147	7965952
sched-proxy-s3	348	971145572	1406	7967358
sched-proxy-s3	349	971267982	222	7967580
sched-proxy-s3	350	974806222	7286	7974866
sched-proxy-s3	351	979501215	1389	7976255
sched-proxy-s3	352	983598899	3339	7979594
sched-proxy-s3	353	987610726	508	7980102
sched-proxy-s3	354	990785746	7864	7987966
sched-proxy-s3	355	994962245	1673	7989639
sched-proxy-s3	356	994962495	154	7989793
sched-proxy-s3	357	997861151	2015	7991808
sched-proxy-s3	358	1002266791	14638	8006446
sched-proxy-s3	359	1006844365	16771	8023217
sched-proxy-s3	360	1011049846	19447	8042664
sched-proxy-s3	361	1014712123	10245	8052909
sched-proxy-s3	362	1018778873	473	8053382
sched-proxy-s3	363	1023013647	2014	8055396
sched-proxy-s3	364	1027276130	4447	8059843
sched-proxy-s3	365	1029401048	14736	8074579
sched-proxy-s3	366	1032796400	4692	8079271
sched-proxy-s3	367	1037714071	35185	8114456
sched-proxy-s3	368	1046026998	265022	8379478
sched-proxy-s3	369	1046268457	1559	8381037
sched-proxy-s3	370	1050037187	2963	8384000
sched-proxy-s3	371	1054292109	3656	8387656
sched-proxy-s3	372	1059324816	21242	8408898
sched-proxy-s3	373	1059450719	3788	8412686
sched-proxy-s3	374	1063397654	3982	8416668
sched-proxy-s3	375	1064502621	303	8416971
sched-proxy-s3	376	1069252756	44127	8461098
sched-proxy-s3	377	1070577187	2294	8463392
sched-proxy-s3	378	1073333011	7647	8471039
sched-proxy-s3	379	1077355033	608	8471647
sched-proxy-s3	380	1080970897	4236	8475883
sched-proxy-s3	381	1085212651	5878	8481761
sched-proxy-s3	382	1087068102	28645	8510406
sched-proxy-s3	383	1090949020	11053	8521459
sched-proxy-s3	384	1091096267	3124	8524583
sched-proxy-s3	385	1095894624	13183	8537766
sched-proxy-s3	386	1096075707	35330	8573096
sched-proxy-s3	387	1100464050	2273	8575369
sched-proxy-s3	388	1101735389	663	8576032
sched-proxy-s3	389	1107169584	8217	8584249
sched-proxy-s3	390	1107256070	754	8585003
sched-proxy-s3	391	1110483623	4384	8589387
sched-proxy-s3	392	1114977165	9178	8598565
sched-proxy-s3	393	1116004169	992	8599557
sched-proxy-s3	394	1120260611	14139	8613696
sched-proxy-s3	395	1120738136	1406	8615102
sched-proxy-s3	396	1124429429	33754	8648856
sched-proxy-s3	397	1124880291	14971	8663827
sched-proxy-s3	398	1125049238	18281	8682108
sched-proxy-s3	399	1129596491	11140	8693248
sched-proxy-s3	400	1133676840	34992	8728240
sched-proxy-s3	401	1137969337	4011	8732251
sched-proxy-s3	402	1142539551	11013	8743264
sched-proxy-s3	403	1142662715	754	8744018
sched-proxy-s3	404	1147391158	11411	8755429
sched-proxy-s3	405	1152008142	28448	8783877
sched-proxy-s3	406	1156391495	12260	8796137
sched-proxy-s3	407	1160413020	14561	8810698
sched-proxy-s3	408	1164098870	450	8811148
sched-proxy-s3	409	1168118044	1443	8812591
sched-proxy-s3	410	1172170123	3226	8815817
sched-proxy-s3	411	1175161608	1718	8817535
sched-proxy-s3	412	1180208754	122791	8940326
sched-proxy-s3	413	1183867348	432	8940758
sched-proxy-s3	414	1187181551	11017	8951775
sched-proxy-s3	415	1187388811	1735	8953510
sched-proxy-s3	416	1192179882	33246	8986756
sched-proxy-s3	417	1192833905	1838	8988594
sched-proxy-s3	418	1196452788	4457	8993051
sched-proxy-s3	419	1200330517	716	8993767
sched-proxy-s3	420	1204963105	50830	9044597
sched-proxy-s3	421	1205368149	54601	9099198
sched-proxy-s3	422	1207088441	1861	9101059
sched-proxy-s3	423	1211047052	4456	9105515
sched-proxy-s3	424	1215326934	3642	9109157
sched-proxy-s3	425	1220142571	1266	9110423
sched-proxy-s3	426	1231110497	391835	9502258
sched-proxy-s3	427	1234321432	2355	9504613
sched-proxy-s3	428	1236386448	3110	9507723
sched-proxy-s3	429	1240722460	49943	9557666
sched-proxy-s3	430	1244600486	794	9558460
sched-proxy-s3	431	1248617433	529	9558989
sched-proxy-s3	432	1248623572	1014	9560003
sched-proxy-s3	433	1251734253	7986	9567989
sched-proxy-s3	434	1255734541	1751	9569740
sched-proxy-s3	435	1260424748	1263	9571003
sched-proxy-s3	436	1260556094	3578	9574581
sched-proxy-s3	437	1264747301	10184	9584765
sched-proxy-s3	438	1269049146	32142	9616907
sched-proxy-s3	439	1273553881	5360	9622267
sched-proxy-s3	440	1277148387	384	9622651
sched-proxy-s3	441	1277827911	1350	9624001
sched-proxy-s3	442	1282019118	716	9624717
sched-proxy-s3	443	1286127182	52872	9677589
sched-proxy-s3	444	1289647070	287	9677876
sched-proxy-s3	445	1290798652	4565	9682441
sched-proxy-s3	446	1295234597	26220	9708661
sched-proxy-s3	447	1299251947	481	9709142
sched-proxy-s3	448	1303965933	1100	9710242
sched-proxy-s3	449	1309400128	870	9711112
sched-proxy-s3	450	1312014272	878	9711990
sched-proxy-s3	451	1315214003	7310	9719300
sched-proxy-s3	452	1322808345	178388	9897688
sched-proxy-s3	453	1326774110	3389	9901077
sched-proxy-s3	454	1327925692	511	9901588
sched-proxy-s3	455	1332086732	35433	9937021
sched-proxy-s3	456	1336103893	454	9937475
sched-proxy-s3	457	1336241261	2045	9939520
sched-proxy-s3	458	1341148007	15809	9955329
sched-proxy-s3	459	1345579888	693	9956022
sched-proxy-s3	460	1345963656	6617	9962639
sched-proxy-s3	461	1346106760	2732	9965371
sched-proxy-s3	462	1347728834	2123	9967494
sched-proxy-s3	463	1351984914	6636	9974130
sched-proxy-s3	464	1356115434	8186	9982316
sched-proxy-s3	465	1358174400	1366	9983682
sched-proxy-s3	466	1361569884	2873	9986555
sched-proxy-s3	467	1366646922	77226	10063781
sched-proxy-s3	468	1366683505	727	10064508
sched-proxy-s3	469	1370057626	25468	10089976
sched-proxy-s3	470	1374073404	500	10090476
sched-proxy-s3	471	1377366758	5692	10096168
sched-proxy-s3	472	1381399546	371	10096539
sched-proxy-s3	473	1386183669	5008	10101547
sched-proxy-s3	474	1389206566	10805	10112352
sched-proxy-s3	475	1389348909	2900	10115252
sched-proxy-s3	476	1394077352	805	10116057
sched-proxy-s3	477	1398190518	7382	10123439
sched-proxy-s3	478	1402368883	22118	10145557
sched-proxy-s3	479	1406638940	4837	10150394
sched-proxy-s3	480	1406808141	9936	10160330
sched-proxy-s3	481	1410984359	12350	10172680
sched-proxy-s3	482	1412097545	279	10172959
sched-proxy-s3	483	1416114249	492	10173451
sched-proxy-s3	484	1419928332	508	10173959
sched-proxy-s3	485	1423926277	340	10174299
sched-proxy-s3	486	1424049223	799	10175098
sched-proxy-s3	487	1424275849	8311	10183409
sched-proxy-s3	488	1428905068	538	10183947
sched-proxy-s3	489	1433306364	10209	10194156
sched-proxy-s3	490	1440845022	200483	10394639
sched-proxy-s3	491	1445009908	629	10395268
sched-proxy-s3	492	1449161687	502539	10897807
sched-proxy-s3	493	1452508198	3625	10901432
sched-proxy-s3	494	1452614405	1201	10902633
sched-proxy-s3	495	1457813975	58373	10961006
sched-proxy-s3	496	1462335082	13298	10974304
sched-proxy-s3	497	1462457377	1414	10975718
sched-proxy-s3	498	1462493622	69	10975787
sched-proxy-s3	499	1462628973	1963	10977750
sched-proxy-s3	500	1462730222	1089	10978839
sched-proxy-s3	501	1467712497	34812	11013651
sched-proxy-s3	502	1471943474	2575	11016226
sched-proxy-s3	503	1473641977	341	11016567
sched-proxy-s3	504	1473761930	482	11017049
sched-proxy-s3	505	1478163699	12523	11029572
sched-proxy-s3	506	1481755686	390	11029962
sched-proxy-s3	507	1481912216	4663	11034625
sched-proxy-s3	508	1482029950	1796	11036421
sched-proxy-s3	509	1487286388	67402	11103823
sched-proxy-s3	510	1491008192	13358	11117181
sched-proxy-s3	511	1492239543	538	11117719
sched-proxy-s3	512	1496323408	10630	11128349
sched-proxy-s3	513	1496463607	2290	11130639
sched-proxy-s3	514	1500378060	227	11130866
sched-proxy-s3	515	1504830914	9615	11140481
sched-proxy-s3	516	1508501894	8758	11149239
sched-proxy-s3	517	1508687215	7559	11156798
sched-proxy-s3	518	1512919647	1943	11158741
sched-proxy-s3	519	1515763205	5102	11163843
sched-proxy-s3	520	1520046682	1782	11165625
sched-proxy-s3	521	1525437048	124486	11290111
sched-proxy-s3	522	1529545601	23880	11313991
sched-proxy-s3	523	1530216684	4612	11318603
sched-proxy-s3	524	1534644302	14203	11332806
sched-proxy-s3	525	1538667087	10743	11343549
sched-proxy-s3	526	1542664521	329	11343878
sched-proxy-s3	527	1546180820	245	11344123
sched-proxy-s3	528	1547475901	673	11344796
sched-proxy-s3	529	1549335717	9858	11354654
sched-proxy-s3	530	1553426273	24695	11379349
sched-proxy-s3	531	1553960770	278	11379627
sched-proxy-s3	532	1558026671	20540	11400167
sched-proxy-s3	533	1561906524	179	11400346
sched-proxy-s3	534	1563945492	9348	11409694
sched-proxy-s3	535	1567454484	2566	11412260
sched-proxy-s3	536	1573473694	179626	11591886
sched-proxy-s3	537	1574632124	4665	11596551
sched-proxy-s3	538	1574872573	3038	11599589
sched-proxy-s3	539	1575378396	126	11599715
sched-proxy-s3	540	1575546189	3325	11603040
sched-proxy-s3	541	1577964826	103	11603143
sched-proxy-s3	542	1579824642	93	11603236
sched-proxy-s3	543	1583269113	3328	11606564
sched-proxy-s3	544	1583406507	2375	11608939
sched-proxy-s3	545	1583525795	2266	11611205
sched-proxy-s3	546	1587722818	34324	11645529
sched-proxy-s3	547	1591957665	1689	11647218
sched-proxy-s3	548	1592091241	952	11648170
sched-proxy-s3	549	1593232370	6024	11654194
sched-proxy-s3	550	1597403327	13086	11667280
sched-proxy-s3	551	1598825102	1608	11668888
sched-proxy-s3	552	1599506581	3199	11672087
sched-proxy-s3	553	1601864512	919	11673006
sched-proxy-s3	554	1605742538	186	11673192
sched-proxy-s3	555	1610135950	4636	11677828
sched-proxy-s3	556	1615659938	42885	11720713
sched-proxy-s3	557	1617702896	1427	11722140
sched-proxy-s3	558	1622036871	6542	11728682
sched-proxy-s3	559	1626367146	7672	11736354
sched-proxy-s3	560	1630373553	13757	11750111
sched-proxy-s3	561	1634836244	18197	11768308
sched-proxy-s3	562	1634847141	950	11769258
sched-proxy-s3	563	1638579424	21152	11790410
sched-proxy-s3	564	1642579712	397	11790807
sched-proxy-s3	565	1646315651	479	11791286
sched-proxy-s3	566	1647456780	334	11791620
sched-proxy-s3	567	1648107881	3487	11795107
sched-proxy-s3	568	1648128037	62	11795169
sched-proxy-s3	569	1653096016	1692	11796861
sched-proxy-s3	570	1653231001	2032	11798893
sched-proxy-s3	571	1658264371	41387	11840280
sched-proxy-s3	572	1658406626	2780	11843060
sched-proxy-s3	573	1660298444	4730	11847790
sched-proxy-s3	574	1661137704	432	11848222
sched-proxy-s3	575	1665260299	2500	11850722
sched-proxy-s3	576	1669620232	37220	11887942
sched-proxy-s3	577	1673037661	9001	11896943
sched-proxy-s3	578	1674964506	18840	11915783
sched-proxy-s3	579	1678987291	774	11916557
sched-proxy-s3	580	1680920436	3584	11920141
sched-proxy-s3	581	1684938745	443	11920584
sched-proxy-s3	582	1688938546	310	11920894
sched-proxy-s3	583	1693865032	23763	11944657
sched-proxy-s3	584	1698199484	11181	11955838
sched-proxy-s3	585	1702120799	3592	11959430
sched-proxy-s3	586	1705629791	226	11959656
sched-proxy-s3	587	1713522924	201798	12161454
sched-proxy-s3	588	1717901553	627	12162081
sched-proxy-s3	589	1722712551	57742	12219823
sched-proxy-s3	590	1722816528	1519	12221342
sched-proxy-s3	591	1727924468	15514	12236856
sched-proxy-s3	592	1728049583	2002	12238858
sched-proxy-s3	593	1731826054	13773	12252631
sched-proxy-s3	594	1731873239	3148	12255779
sched-proxy-s3	595	1732006358	1169	12256948
sched-proxy-s3	596	1736555042	326	12257274
sched-proxy-s3	597	1736682614	768	12258042
sched-proxy-s3	598	1739332628	1249	12259291
sched-proxy-s3	599	1742430065	4387	12263678
sched-proxy-s3	600	1746673615	2367	12266045
sched-proxy-s3	601	1751943501	108443	12374488
sched-proxy-s3	602	1754008517	90	12374578
sched-proxy-s3	603	1759091016	71336	12445914
sched-proxy-s3	604	1763905998	6725	12452639
sched-proxy-s3	605	1765738084	50	12452689
sched-proxy-s3	606	1765874015	1703	12454392
sched-proxy-s3	607	1769823794	8196	12462588
sched-proxy-s3	608	1774622151	1074	12463662
sched-proxy-s3	609	1777266174	625	12464287
sched-proxy-s3	610	1781463589	618	12464905
sched-proxy-s3	611	1781510774	111	12465016
sched-proxy-s3	612	1782256188	1270	12466286
sched-proxy-s3	613	1782547520	12208	12478494
sched-proxy-s3	614	1786075571	16549	12495043
sched-proxy-s3	615	1786224905	4453	12499496
sched-proxy-s3	616	1786390503	2324	12501820
sched-proxy-s3	617	1788452603	126	12501946
sched-proxy-s3	618	1792216570	28465	12530411
sched-proxy-s3	619	1792385517	472	12530883
sched-proxy-s3	620	1796513362	4546	12535429
sched-proxy-s3	621	1796639265	384	12535813
sched-proxy-s3	622	1800313428	2852	12538665
sched-proxy-s3	623	1800366751	447	12539112
sched-proxy-s3	624	1803015396	963	12540075
sched-proxy-s3	625	1803141395	2630	12542705
sched-proxy-s3	626	1805499326	281	12542986
sched-proxy-s3	627	1809892738	694	12543680
sched-proxy-s3	628	1812537886	890	12544570
sched-proxy-s3	629	1812669409	894	12545464
sched-proxy-s3	630	1812848047	6869	12552333
sched-proxy-s3	631	1817024546	222	12552555
sched-proxy-s3	632	1817040851	1047	12553602
sched-proxy-s3	633	1821486099	4556	12558158
sched-proxy-s3	634	1825478169	19506	12577664
sched-proxy-s3	635	1825514752	92	12577756
sched-proxy-s3	636	1830035399	24034	12601790
sched-proxy-s3	637	1833652020	20833	12622623
sched-proxy-s3	638	1838156755	884	12623507
sched-proxy-s3	639	1840215721	140	12623647
sched-proxy-s3	640	1844100967	155	12623802
sched-proxy-s3	641	1844249015	2785	12626587
sched-proxy-s3	642	1848268189	421	12627008
sched-proxy-s3	643	1849439036	588	12627596
sched-proxy-s3	644	1853207766	400	12627996
sched-proxy-s3	645	1856821496	541	12628537
sched-proxy-s3	646	1857178845	2391	12630928
sched-proxy-s3	647	1859922790	77059	12707987
sched-proxy-s3	648	1864230726	29712	12737699
sched-proxy-s3	649	1865257730	325	12738024
sched-proxy-s3	650	1867198106	4985	12743009
sched-proxy-s3	651	1870883534	4544	12747553
sched-proxy-s3	652	1871418193	137	12747690
sched-proxy-s3	653	1875103621	364	12748054
sched-proxy-s3	654	1875284704	111	12748165
sched-proxy-s3	655	1875486792	10091	12758256
sched-proxy-s3	656	1879786850	10719	12768975
sched-proxy-s3	657	1881365105	98	12769073
sched-proxy-s3	658	1885267539	2505	12771578
sched-proxy-s3	659	1888929411	24262	12795840
sched-proxy-s3	660	1892736090	14552	12810392
sched-proxy-s3	661	1892752395	53	12810445
sched-proxy-s3	662	1894912595	253	12810698
sched-proxy-s3	663	1898357767	8037	12818735
sched-proxy-s3	664	1898379340	4730	12823465
sched-proxy-s3	665	1900001414	707	12824172
sched-proxy-s3	666	1903975669	6610	12830782
sched-proxy-s3	667	1908056387	15526	12846308
sched-proxy-s3	668	1911259270	691	12846999
sched-proxy-s3	669	1911399051	2609	12849608
sched-proxy-s3	670	1915666937	3760	12853368
sched-proxy-s3	671	1919683750	370	12853738
sched-proxy-s3	672	1924230494	38160	12891898
sched-proxy-s3	673	1929175955	54607	12946505
sched-proxy-s3	674	1933116039	2946	12949451
sched-proxy-s3	675	1934258239	312	12949763
sched-proxy-s3	676	1939113458	87181	13036944
sched-proxy-s3	677	1944060504	52735	13089679
sched-proxy-s3	678	1948144369	525	13090204
sched-proxy-s3	679	1952242918	336	13090540
sched-proxy-s3	680	1957812563	105319	13195859
sched-proxy-s3	681	1962042914	1595	13197454
sched-proxy-s3	682	1964085872	72	13197526
sched-proxy-s3	683	1967329571	3801	13201327
sched-proxy-s3	684	1967356608	322	13201649
sched-proxy-s3	685	1971015991	3291	13204940
sched-proxy-s3	686	1975006672	9257	13214197
sched-proxy-s3	687	1978433109	8036	13222233
sched-proxy-s3	688	1981602039	7872	13230105
sched-proxy-s3	689	1985715205	707	13230812
