tu	regions	root_tok	new_lines	new_regions	new_blocks	deepest	root_z3	line_def	region_def	block_def	missing	fill_z3	total_z	cum_z	blocks	pairs	srcbytes
0	11	11	39	11	0	0	20	1800	82	0	11	646	709	709	0	10	1836
1	5043	5043	52857	4563	8	0	8621	2750777	275477	0	9073	706279	724005	724714	8	4751	3726840
2	4704	4573	458	65	8	2	7983	23688	2673	16	134	7378	15527	740241	16	4928	3341805
3	5061	4823	4705	235	2	4	8574	361583	25795	16	475	71766	80847	821088	18	5309	3871485
4	4026	3792	241	145	7	5	6602	15702	3144	7	292	5499	12425	833513	25	5663	2894389
5	5061	4745	372	73	0	5	8444	21202	3141	14	151	7527	16154	849667	25	5839	3910918
6	5142	4822	1408	178	1	5	8612	84480	7520	0	356	23099	32099	881766	26	6083	3977380
7	5525	5178	4190	316	4	5	9290	254788	21531	3	633	64021	73976	955742	30	6478	4423246
8	4600	4283	4466	397	3178	5	7549	235825	25425	7	797	67224	75602	1031344	3208	6920	3224620
9	4268	2472	1682	185	120	5	4646	79497	11286	6030	3392	31202	39272	1070616	3328	8771	3022248
10	5209	3211	935	171	135	5	6116	49588	6724	720	702	16308	23158	1093774	3463	9268	3755417
11	4712	2695	424	77	165	5	5102	23856	2728	332	328	7998	13460	1107234	3628	9529	3423516
12	4908	2740	1062	111	122	6	5204	56990	5502	375	416	17446	23098	1130332	3750	9800	3591597
13	4958	2766	182	19	345	6	5259	10794	924	107	94	3802	9187	1139519	4095	9903	3547473
14	5159	2754	206	26	34	6	5188	10915	1080	866	486	4410	10116	1149635	4129	10208	3893927
15	5128	2743	850	149	11	6	5209	45740	5077	56	328	14119	19688	1169323	4140	10443	3770999
16	5170	2773	2916	317	1427	6	5269	130121	17810	89	682	39807	45790	1215113	5567	10821	3608859
17	3901	1292	22	11	86	7	2413	1553	123	2845	1460	3303	7208	1222321	5653	11648	2807366
18	4799	1715	1461	201	113	7	3181	80673	8182	328	566	22967	26746	1249067	5766	12018	3437381
19	4448	1788	206	103	53	9	3364	10825	3392	1023	722	5866	9984	1259051	5819	12551	3531244
20	5228	1984	141	46	241	10	3710	8271	1312	378	284	3459	7485	1266536	6060	12791	3854245
21	5981	2707	18391	712	78	9	5189	844273	78554	649	1751	193476	200448	1466984	6138	13783	4987004
22	2976	859	208	25	12	9	1576	10204	1042	39	70	3452	5130	1472114	6150	13850	2098275
23	5005	1559	90	14	110	9	2853	5268	508	92	76	1999	4960	1477074	6260	13943	3758634
24	5482	1985	1593	239	485	11	3850	85603	8071	186	769	24997	29648	1506722	6745	14283	4102983
25	4021	945	35	7	149	12	1756	2319	178	743	393	1690	3871	1510593	6894	14540	2824953
26	5253	1644	989	155	230	12	3170	53947	5721	613	775	16226	20203	1530796	7124	14955	3666182
27	4975	1237	109	13	68	12	2395	6529	598	473	277	2694	5398	1536194	7192	15120	3473988
28	5044	1194	796	57	124	13	2270	42077	4354	170	257	12364	14923	1551117	7316	15286	3563242
29	5155	1439	311	24	29	13	2766	15066	1653	294	220	5457	8475	1559592	7345	15475	3936287
30	5460	1454	1281	118	126	13	2864	69906	6541	159	436	20022	23354	1582946	7471	15716	3971101
31	5063	1214	261	45	90	13	2349	14637	1969	209	241	5543	8165	1591111	7561	15864	3633439
32	2198	723	88	67	78	12	1431	6698	1032	386	395	2634	4492	1595603	7639	16118	1694908
33	4274	720	28	11	81	16	1345	1909	147	315	191	1070	2638	1598241	7720	16255	3149329
34	4164	644	165	39	61	16	1245	10361	912	189	213	3457	4947	1603188	7781	16408	2886351
35	5284	1277	271	27	120	19	2416	19458	1624	260	213	4854	7515	1610703	7901	16583	3700722
36	4947	837	437	63	109	20	1624	22323	2561	284	331	7243	9230	1619933	8010	16782	3508974
37	4873	732	1092	102	51	20	1432	46100	4930	256	434	14434	16332	1636265	8061	17044	3500367
38	5144	836	1230	74	17	21	1624	60641	5752	116	280	17656	19592	1655857	8078	17223	3971550
39	3500	418	34	11	19	21	820	2038	172	64	65	837	1754	1657611	8097	17289	2394412
40	4464	1039	239	32	57	20	2040	13022	1395	40	116	3483	5671	1663282	8154	17403	3541553
41	5734	1348	1445	117	43	32	2552	97358	6581	276	489	22210	25283	1688565	8197	17646	4360803
42	5582	1094	455	27	181	32	2084	23604	2419	136	151	8349	10616	1699181	8378	17791	4455883
43	4446	917	88	14	78	32	1815	4489	456	219	195	1945	3987	1703168	8456	17916	3528182
44	5387	1222	517	39	67	32	2430	26709	3289	202	267	9842	12571	1715739	8523	18080	4160577
45	4880	1013	58	31	176	32	1943	3557	351	347	298	1976	4249	1719988	8699	18284	3447564
46	4087	844	2000	166	32	32	1677	90482	10935	31	519	26721	28949	1748937	8731	18511	2968010
47	4181	1130	4046	346	23	32	2131	188017	29916	168	1134	57097	60394	1809331	8754	18985	3175279
48	5994	1394	956	90	163	32	2701	54168	5080	136	372	16261	19366	1828697	8917	19184	4578134
49	5859	1573	2013	148	382	64	3228	102295	10277	470	795	31942	35997	1864694	9299	19565	4614383
50	5500	1201	186	39	136	64	2516	10886	1333	495	489	4151	7188	1871882	9435	19811	4158627
51	4751	396	184	17	20	64	852	35769	759	160	171	4546	5601	1877483	9455	19912	3717490
52	4495	374	76	18	14	64	799	5151	422	102	129	1573	2533	1880016	9469	19985	3579788
53	5937	1134	3600	175	110	64	2330	194148	20764	255	714	54247	57323	1937339	9579	20302	4934852
54	3926	1118	143	29	19	64	2273	8358	648	269	286	3098	5689	1943028	9598	20470	2822997
55	5027	841	502	50	43	64	1688	26155	2254	53	189	8262	10171	1953199	9641	20570	3679603
56	5427	669	717	65	42	64	1423	36420	3801	539	559	12032	14046	1967245	9683	20832	4156384
57	5343	593	267	40	36	128	1254	15100	1893	95	181	5811	7278	1974523	9719	20959	3892276
58	5401	562	330	32	37	128	1200	18293	1521	223	255	6282	7769	1982292	9756	21090	4122406
59	3116	147	53	12	28	128	362	3449	255	51	66	1259	1719	1984011	9784	21125	2236738
60	4237	290	99	20	39	128	640	6469	541	103	120	2074	2866	1986877	9823	21195	2919850
61	4678	463	25	8	32	128	1008	2325	146	281	186	1105	2331	1989208	9855	21339	3337365
62	4855	937	789	198	18	128	1983	44053	6295	384	826	13604	16445	2005653	9873	21736	3393617
63	5383	567	1482	125	16	128	1232	79009	7516	83	435	23000	24699	2030352	9889	21953	4192631
64	5338	435	461	32	45	128	954	26045	2271	49	123	8849	9958	2040310	9934	22033	4091388
65	5746	998	470	34	57	128	2092	25605	2246	238	261	8942	11327	2051637	9991	22182	4506253
66	4340	410	60	30	20	128	902	3998	364	46	119	1502	2555	2054192	10011	22293	3238369
67	6055	895	1485	96	71	151	1877	77380	7430	190	417	25945	28271	2082463	10082	22506	4715745
68	5057	464	631	85	14	151	999	40286	3568	107	321	11262	12614	2095077	10096	22657	3527210
69	5623	595	466	81	63	151	1262	27568	2693	191	381	8810	10485	2105562	10159	22830	4179925
70	5799	794	1182	176	55	151	1704	63814	6381	112	591	20123	22450	2128012	10214	23101	4390269
71	5099	367	199	26	60	165	809	11039	1115	125	150	3770	4761	2132773	10274	23186	3612747
72	5016	348	245	34	15	165	764	13141	1266	219	216	4716	5728	2138501	10289	23301	3544789
73	5377	616	108	18	82	151	1323	6186	1004	125	129	2534	4018	2142519	10371	23401	4062778
74	4703	156	34	12	3	165	377	2139	159	62	72	897	1378	2143897	10374	23452	3342950
75	5283	616	749	25	92	151	1316	40087	3432	139	164	12334	13846	2157743	10466	23560	4195677
76	5521	477	1077	114	53	165	1020	59682	5708	244	474	17621	19147	2176890	10519	23778	4317460
77	5113	503	245	67	56	144	1118	14232	1445	173	300	4079	5529	2182419	10575	23952	3962533
78	5020	588	1475	175	14	128	1260	79554	7318	44	555	22770	24617	2207036	10589	24190	3653738
79	6012	975	1328	186	108	165	1955	69442	7195	195	660	21848	24495	2231531	10697	24458	4360662
80	5217	585	795	98	15	165	1271	41720	3940	100	363	12685	14351	2245882	10712	24616	3641496
81	6466	1137	512	59	371	165	2311	30712	2428	74	225	9522	12090	2257972	11083	24753	4854234
82	1953	53	5	5	2	254	146	497	20	42	39	193	410	2258382	11085	24773	1633591
83	5253	688	1911	109	24	316	1253	67365	17391	172	420	22658	24363	2282745	11109	25003	3944700
84	6637	1286	1197	123	72	254	2610	65361	5911	863	1008	21087	24737	2307482	11181	25403	5042057
85	5142	280	538	61	9	316	645	28548	3071	59	216	9123	10016	2317498	11190	25515	3659721
86	3032	436	18	7	15	151	959	1263	97	70	57	596	1644	2319142	11205	25564	2144976
87	4929	177	228	19	7	316	427	11227	1136	65	96	3926	4481	2323623	11212	25619	3561155
88	4923	241	15	5	15	256	567	1021	81	56	51	546	1196	2324819	11227	25663	3556695
89	4381	204	183	6	6	256	489	7488	1845	37	42	2581	3144	2327963	11233	25688	3272470
90	4958	253	67	15	20	316	586	4653	389	73	90	1706	2414	2330377	11253	25756	3461960
91	4439	236	35	9	20	256	551	1970	173	65	63	916	1562	2331939	11273	25811	3523849
92	4910	303	227	32	32	424	696	12310	1146	55	126	4032	4886	2336825	11305	25910	3489699
93	4579	140	155	25	11	424	356	8795	803	47	99	3118	3605	2340430	11316	25968	3220543
94	4633	179	47	14	8	424	435	3372	266	43	66	1307	1840	2342270	11324	26035	3249087
95	5880	1070	1218	96	6	424	2148	64615	5967	97	339	19604	22123	2364393	11330	26202	4333113
96	4479	452	119	32	65	268	997	6437	693	91	145	2235	3409	2367802	11395	26312	3517462
97	5063	335	904	114	5	424	738	51238	5027	112	399	14589	15758	2383560	11400	26475	3547675
98	4513	304	114	23	44	424	681	6030	830	10	75	2525	3313	2386873	11444	26527	3179678
99	5502	882	115	20	17	268	1832	8472	575	241	195	2749	4808	2391681	11461	26674	3859590
100	4817	426	106	15	17	424	904	6071	716	74	87	2473	3496	2395177	11478	26740	3433195
101	4137	192	4980	34	14	424	458	151287	15545	36	126	46289	46905	2442082	11492	26823	3071572
102	4864	162	77	9	3	554	395	4965	483	133	99	2059	2585	2444667	11495	26889	3525715
103	6245	1106	7438	525	27	268	2338	395129	38663	257	1737	112373	116480	2561147	11522	27562	5110625
104	4833	172	134	16	7	554	421	6695	696	23	63	2318	2834	2563981	11529	27602	3463434
105	5027	413	55	16	29	268	906	3566	347	88	100	1339	2377	2566358	11558	27686	3540687
106	4571	112	77	12	3	554	288	5319	599	22	48	1874	2242	2568600	11561	27714	3244383
107	4823	188	262	26	7	554	461	12694	1251	62	114	4454	5061	2573661	11568	27782	3662822
108	5548	471	660	50	19	554	1017	36097	3479	28	168	11875	13092	2586753	11587	27875	4307369
109	5560	663	153	17	16	554	1358	9144	812	26	66	2988	4444	2591197	11603	27920	4136276
110	3883	117	109	29	9	554	302	6843	529	38	108	2083	2525	2593722	11612	27988	2776734
111	4716	385	58	20	12	554	831	3694	318	175	156	1408	2427	2596149	11624	28082	3350332
112	4470	168	3556	49	7	934	395	199962	15425	32	165	35135	35727	2631876	11631	28170	3439469
113	5923	776	1771	127	80	268	1653	108456	8667	103	441	28042	30168	2662044	11711	28378	4692869
114	3580	402	101	21	7	821	880	10022	483	65	99	2655	3666	2665710	11718	28448	2637187
115	11	8	5	6	0	4	31	419	31	0	18	174	255	2665965	11718	28455	681
116	3283	324	60	30	21	237	725	3511	655	188	189	1729	2675	2668640	11739	28595	2409700
117	3388	654	50	17	34	151	1413	2981	246	117	120	1175	2740	2671380	11773	28673	2524092
118	4521	120	329	23	14	934	313	17107	1887	18	78	5842	6265	2677645	11787	28713	3294128
119	5056	315	134	17	16	268	716	7567	668	124	117	2736	3601	2681246	11803	28794	3798909
120	5283	314	705	69	11	821	713	36724	3934	93	273	11572	12590	2693836	11814	28929	3950423
121	4201	287	64	12	26	268	645	3488	324	103	93	1269	2039	2695875	11840	28990	3063938
122	3912	236	29	13	3	554	560	2238	196	107	115	915	1622	2697497	11843	29080	2856621
123	6031	680	5635	204	30	821	1433	265265	29909	278	774	79007	81246	2778743	11873	29411	5042192
124	5858	495	783	93	62	934	1057	40042	4518	70	315	13969	15373	2794116	11935	29560	4617031
125	2861	185	127	26	0	934	403	7855	639	24	93	2073	2601	2796717	11935	29607	2072253
126	3559	329	1584	60	7	153	745	77697	5977	117	243	18807	19827	2816544	11942	29737	2568030
127	5852	1355	5951	405	50	268	2721	338481	31678	79	1260	89261	93274	2909818	11992	30287	4567300
128	5133	698	133	14	68	268	1489	8116	692	133	117	2382	4020	2913838	12060	30366	3953449
129	2507	274	462	61	27	153	625	25069	2454	26	198	6346	7201	2921039	12087	30451	1955142
130	2040	247	617	23	5	140	545	22167	2328	171	157	8556	9290	2930329	12092	30542	1647856
131	2940	657	3879	145	23	166	1039	188509	29596	96	486	37875	39432	2969761	12115	30841	2236210
132	3519	664	955	94	39	162	1354	54292	4333	152	360	13335	15081	2984842	12154	31036	2592390
133	2060	274	3649	69	42	151	629	104109	12455	85	258	37027	37946	3022788	12196	31154	1743095
134	2598	294	2265	69	8	173	665	86072	11784	47	237	26493	27427	3050215	12204	31268	2022895
135	2698	489	840	100	9	367	1050	50365	4419	488	569	12944	14595	3064810	12213	31556	2052673
136	2537	197	220	26	9	554	473	10054	1246	39	102	3462	4069	3068879	12222	31604	1976770
137	3281	282	1125	74	20	554	639	58712	6046	75	267	16559	17497	3086376	12242	31717	2369083
138	2410	129	204	24	4	554	331	8502	1253	68	111	2607	3081	3089457	12246	31767	1856721
139	2642	315	158	52	0	554	672	8238	963	14	165	2034	2903	3092360	12246	31846	2076342
140	2638	132	181	39	6	821	317	10791	1066	6	120	2938	3407	3095767	12252	31909	1927715
141	2175	42	410	12	2	821	118	14718	1742	12	42	5272	5464	3101231	12254	31927	1758615
142	2578	186	652	38	7	173	451	27252	2770	15	123	9152	9758	3110989	12261	31995	1962959
143	3147	155	1339	33	5	373	378	57498	5491	52	129	19250	19789	3130778	12266	32065	2301824
144	5546	715	4689	257	29	397	1507	231854	25065	188	888	68478	70905	3201683	12295	32454	4466037
145	3775	438	1650	180	16	254	950	126993	7694	39	561	21222	22765	3224448	12311	32688	2786401
146	5157	502	1254	82	15	397	1095	73768	6920	81	292	21065	22484	3246932	12326	32904	4042791
147	3238	288	42	21	7	151	685	2609	245	114	135	1072	1924	3248856	12333	33013	2341791
148	6941	1889	6978	554	385	268	4120	363525	34223	166	1752	96929	102833	3351689	12718	33735	5338306
149	4635	218	49	13	14	397	518	3716	284	255	168	1514	2232	3353921	12732	33807	3345805
150	4426	470	29	14	26	158	1055	2223	165	117	105	808	2000	3355921	12758	33879	3226990
151	4624	229	587	73	10	397	560	29443	3109	39	240	9306	10138	3366059	12768	34003	3603368
152	2771	111	240	25	1	397	295	12206	1367	12	81	4086	4494	3370553	12769	34038	2002292
153	4896	694	1451	120	11	158	1555	79200	7777	112	420	23887	25894	3396447	12780	34239	3593725
154	4444	611	132	21	11	162	1375	7384	695	43	90	2856	4353	3400800	12791	34327	3270700
155	4202	433	111	17	13	397	991	6064	653	27	68	2063	3154	3403954	12804	34371	3103667
156	3163	158	76	8	10	373	398	3757	322	11	30	1457	1917	3405871	12814	34396	2318918
157	3177	166	98	15	3	627	418	5218	557	33	63	1937	2450	3408321	12817	34424	2324434
158	3977	291	189	30	8	627	682	9889	940	53	120	3417	4251	3412572	12825	34505	2859562
159	3810	285	174	16	68	627	675	10140	767	31	66	3148	3921	3416493	12893	34542	2745201
160	7148	2209	18317	1634	30	627	4586	998850	97164	147	4980	244423	254021	3670514	12923	36366	5268437
161	5544	1340	87	46	4	627	2793	6049	613	94	198	1847	4870	3675384	12927	36481	3901021
162	7307	2029	744	93	14	627	4216	41722	4380	66	314	13517	18079	3693463	12941	36660	5648896
163	6259	864	1518	163	11	627	1777	86701	7983	507	777	24984	27570	3721033	12952	36979	4647203
164	7060	1865	1381	119	39	627	3865	75879	7502	79	405	22575	26877	3747910	12991	37196	5384109
165	5259	1017	427	52	19	708	2142	23374	2413	147	231	7547	9952	3757862	13010	37334	3757878
166	5976	1485	126	29	8	708	3101	7985	816	63	129	3018	6280	3764142	13018	37422	4255021
167	6188	1515	309	30	136	708	3165	17910	1682	65	126	6262	9585	3773727	13154	37484	4422666
168	4728	258	285	13	15	708	622	15321	1372	36	57	4754	5465	3779192	13169	37514	3665053
169	7758	2032	2031	105	586	357	4332	116587	11592	544	597	33929	38890	3818082	13755	37798	6169470
170	7012	1483	1532	171	258	708	3264	83694	8060	1635	1336	26215	30847	3848929	14013	38328	5098648
171	6177	1244	383	60	38	171	2777	21768	2194	845	615	7504	10928	3859857	14051	38614	4376001
172	5921	1046	283	28	37	708	2314	16481	1593	112	144	5527	8017	3867874	14088	38694	4191388
173	6430	1186	1333	145	212	708	2623	72984	6989	117	498	21564	24717	3892591	14300	38911	4459467
174	6859	1382	364	36	32	708	3058	19354	1883	173	213	6239	9542	3902133	14332	39031	5079225
175	5709	1193	1506	164	39	144	2660	82930	8871	455	745	25544	28981	3931114	14371	39452	4068126
176	5978	894	143	26	90	708	1918	8660	1681	589	378	4165	6493	3937607	14461	39632	4262079
177	6373	1051	258	22	323	708	2274	13768	1291	299	222	4878	7406	3945013	14784	39751	4530667
178	6098	841	196	37	34	367	1822	10452	964	851	543	4173	6570	3951583	14818	39993	4484470
179	2580	67	158	7	1	604	185	8179	491	0	21	2260	2498	3954081	14819	40023	2004029
180	8091	1628	4334	243	166	1201	3577	226882	22057	155	828	69152	73589	4027670	14985	40442	6572910
181	5086	627	865	149	10	357	1422	59718	3512	125	516	13823	15793	4043463	14995	40689	3576456
182	7407	1121	1288	71	135	1201	2479	64379	6696	394	417	20132	23060	4066523	15130	40898	5937659
183	7149	1225	269	43	363	1201	2711	15090	1626	372	318	5223	8284	4074807	15493	41071	5258676
184	5530	581	62	17	15	171	1262	4331	442	147	129	1763	3186	4077993	15508	41159	3933920
185	5597	500	313	38	56	1201	1089	16909	1694	29	129	5324	6574	4084567	15564	41222	4009788
186	7256	1130	683	90	45	367	2485	36016	3722	1257	912	12670	16099	4100666	15609	41599	5365076
187	5180	314	116	12	135	1201	690	6878	555	78	78	2136	2936	4103602	15744	41650	3855476
188	7305	777	222	23	23	1201	1718	12211	1033	498	321	4644	6715	4110317	15767	41812	5658648
189	6261	686	744	58	19	212	1529	38959	4887	165	261	13638	15460	4125777	15786	41961	4427369
190	5093	292	89	14	19	1201	661	5445	424	43	66	2130	2889	4128666	15805	42003	3511244
191	5709	801	26	10	17	212	1791	2244	152	328	198	1135	3156	4131822	15822	42131	4067346
192	5917	501	316	69	72	1201	1111	16077	1798	74	246	4990	6379	4138201	15894	42240	4183656
193	7394	732	753	58	33	1201	1627	41528	3430	202	279	13496	15434	4153635	15927	42405	5805682
194	6171	533	70	25	115	212	1188	4876	815	170	162	2163	3545	4157180	16042	42510	4353898
195	5423	202	97	19	5	1201	512	6012	648	34	75	2367	2986	4160166	16047	42560	4100812
196	5578	289	382	47	25	1201	694	21230	1945	126	228	6515	7469	4167635	16072	42670	4401194
197	6276	732	2791	113	79	357	1621	101934	12641	66	375	36570	38598	4206233	16151	42899	4461010
198	5857	390	33	12	16	212	875	2635	181	486	282	1444	2633	4208866	16167	43032	4155406
199	7078	742	46	11	27	283	1635	3097	240	69	69	1384	3120	4211986	16194	43079	5241132
200	6657	536	326	48	38	283	1214	18293	1680	111	201	6496	7943	4219929	16232	43175	4936312
201	5663	244	25	12	6	1201	575	2131	151	52	63	844	1514	4221443	16238	43227	3950832
202	4126	128	288	50	5	889	340	16322	1531	34	168	5441	5981	4227424	16243	43313	2931169
203	2051	53	28	10	3	1201	157	2866	154	12	36	1011	1236	4228660	16246	43337	1688438
204	7195	649	148	26	25	889	1446	9148	783	102	132	3402	5012	4233672	16271	43434	5268727
205	5266	216	482	43	14	1201	536	27190	2406	45	156	9068	9792	4243464	16285	43531	3982502
206	5646	467	368	54	25	889	1081	22468	2172	255	294	8007	9414	4252878	16310	43687	4195997
207	5896	357	569	60	9	1201	847	32859	3070	42	204	10776	11859	4264737	16319	43804	4582935
208	7140	680	1007	43	16	889	1501	49688	5062	98	180	15293	17006	4281743	16335	43920	5334740
209	6030	334	340	47	37	1201	773	19132	1737	76	180	6409	7394	4289137	16372	44022	4315671
210	5163	228	116	22	6	1201	567	7091	664	90	114	2736	3449	4292586	16378	44112	3702869
211	6007	335	115	15	51	267	748	6491	654	173	135	2777	3692	4296278	16429	44199	4337756
212	5230	172	133	25	8	1205	438	8290	772	39	96	3061	3627	4299905	16437	44260	3960306
213	6599	631	1321	158	44	1201	1402	70960	7144	140	546	22307	24287	4324192	16481	44515	4585437
214	6646	678	847	100	13	1201	1522	48659	4133	240	423	13791	15768	4339960	16494	44739	4801319
215	5647	372	220	22	9	1201	850	10100	1096	43	90	3565	4537	4344497	16503	44795	3966339
216	7493	680	337	44	61	1201	1518	19361	1934	75	171	6394	8115	4352612	16564	44931	5927127
217	7439	975	439	37	52	285	2184	21399	2438	232	230	8220	10666	4363278	16616	45061	5807979
218	4398	157	271	22	7	373	408	14689	1326	45	90	4409	4939	4368217	16623	45125	3325029
219	5309	243	529	73	2	1205	568	36684	2475	35	237	9362	10199	4378416	16625	45239	3926663
220	7474	743	57	24	216	301	1626	4105	496	181	165	1826	3649	4382065	16841	45342	5514995
221	6811	432	103	26	31	1205	1000	5713	531	633	402	2394	3828	4385893	16872	45537	5063745
222	4951	132	78	20	10	1205	348	5574	459	22	72	1826	2278	4388171	16882	45579	3389531
223	5324	169	290	46	9	1205	436	15962	1494	54	165	4604	5237	4393408	16891	45662	3970700
224	4472	121	39	10	4	994	335	2896	174	23	42	1147	1556	4394964	16895	45702	3304528
225	6786	517	998	72	23	1205	1139	50039	5008	78	255	16776	18202	4413166	16918	45831	4952868
226	6826	491	954	115	12	1205	1097	51395	5213	93	393	16555	18077	4431243	16930	46006	5004357
227	5668	266	46	16	100	1205	619	3054	599	119	108	1454	2213	4433456	17030	46066	3999060
228	2853	104	64	6	14	183	298	2846	263	47	42	1200	1572	4435028	17044	46097	2159102
229	2807	142	457	51	7	994	348	20247	3383	32	170	7403	7953	4442981	17051	46178	2069876
230	3069	141	416	13	8	994	359	18214	1939	45	63	6945	7399	4450380	17059	46210	2209656
231	3041	254	1902	171	0	1205	550	107607	9546	6	516	26562	27660	4478040	17059	46415	2179436
232	2351	69	27	6	3	373	197	1624	118	24	30	731	990	4479030	17062	46436	1818393
233	2921	224	187	33	3	1201	509	10408	1643	17	108	3346	3995	4483025	17065	46494	2102699
234	3013	265	147	43	2	1205	569	10451	2250	0	129	3468	4198	4487223	17067	46544	2166499
235	2867	189	654	25	0	1205	426	38570	3950	5	78	8618	9154	4496377	17067	46578	2105967
236	3019	265	339	41	1	1205	562	27272	2740	6	126	5247	5967	4502344	17068	46634	2187660
237	2813	164	147	30	0	1205	375	9541	767	0	90	2574	3071	4505415	17068	46678	2065749
238	2742	242	57	26	26	274	581	4175	651	43	102	1570	2285	4507700	17094	46759	2079620
239	2780	277	73	16	96	274	664	4825	431	99	99	1783	2578	4510278	17190	46825	2052892
240	2649	186	50	12	11	274	462	3504	285	242	159	1416	2069	4512347	17201	46894	1976277
241	2811	240	110	26	4	274	574	7058	1238	112	137	2568	3311	4515658	17205	46971	2063528
242	2790	219	203	22	4	274	532	11280	1002	23	78	3382	4024	4519682	17209	47010	2053479
243	2785	121	60	20	1	994	307	4046	460	6	63	1304	1706	4521388	17210	47053	2050152
244	2407	116	8	6	5	274	319	715	37	24	30	250	631	4522019	17215	47070	1886986
245	2656	169	83	21	2	274	419	5835	583	57	93	1748	2292	4524311	17217	47121	1977267
246	2950	241	184	40	20	274	571	12374	1553	10	126	3198	3927	4528238	17237	47188	2212855
247	2646	156	20	10	6	306	390	1746	187	70	66	658	1146	4529384	17243	47223	1973876
248	2660	99	16	7	31	1205	258	1149	171	0	21	571	882	4530266	17274	47240	1984542
249	2644	158	1646	24	2	306	412	111641	5344	39	93	18402	18939	4549205	17276	47302	2087488
250	2490	77	106	28	14	1283	207	6697	801	12	90	2237	2566	4551771	17290	47349	1888594
251	3190	189	189	39	8	1283	440	12004	1129	148	192	3603	4267	4556038	17298	47434	2256196
252	2837	132	192	43	7	1283	332	12098	1016	28	144	3171	3679	4559717	17305	47499	2075361
253	1093	92	20	15	8	205	248	1513	190	20	58	598	936	4560653	17313	47553	1043816
254	3180	173	66	28	6	1283	415	5344	555	29	99	1502	2048	4562701	17319	47603	2254339
255	3010	231	228	29	15	306	560	13134	1790	61	120	3909	4621	4567322	17334	47677	2207387
256	2934	96	76	15	4	1283	250	4122	655	6	48	1596	1926	4569248	17338	47705	2132775
257	2898	106	51	11	6	1283	266	5428	460	28	48	1152	1498	4570746	17344	47731	2117265
258	2778	136	46	13	9	306	355	2732	221	39	60	788	1235	4571981	17353	47770	2052386
259	3718	312	618	46	10	1283	719	43937	5205	619	450	11296	12497	4584478	17363	47955	2791252
260	2990	125	49	19	24	1283	320	3204	422	41	78	1096	1526	4586004	17387	47991	2166312
261	2882	116	279	9	11	1201	312	17757	1447	54	54	3760	4158	4590162	17398	48032	2131740
262	3024	103	60	17	3	1283	269	3894	318	76	90	1386	1777	4591939	17401	48077	2178590
263	3570	327	283	18	9	306	764	16057	1547	42	75	4845	5716	4597655	17410	48128	2676743
264	2736	76	62	13	5	1283	198	3937	286	12	45	1360	1635	4599290	17415	48154	2020135
265	3528	329	78	14	12	306	771	4221	377	29	57	1419	2279	4601569	17427	48198	2594363
266	2866	54	217	11	3	2118	141	10789	1343	36	51	3507	3731	4605300	17430	48222	2105899
267	3008	104	107	14	4	2118	264	5057	620	29	57	1659	2012	4607312	17434	48252	2172547
268	3612	256	333	35	8	2118	599	22940	1847	12	111	5780	6522	4613834	17442	48304	2704680
269	3223	155	275	38	5	2118	369	16111	1565	30	129	4619	5149	4618983	17447	48363	2283855
270	2813	133	37	13	12	306	346	2596	246	65	72	967	1417	4620400	17459	48411	2065650
271	3334	360	1250	145	1	1201	818	72195	6926	172	522	18956	20328	4640728	17460	48636	2399040
272	3885	421	1034	59	39	1201	969	54498	5091	12	183	16636	17820	4658548	17499	48727	2839973
273	2951	182	25	13	13	1201	447	1873	109	58	69	647	1195	4659743	17512	48771	2137046
274	3031	206	332	37	10	2118	503	17508	1669	46	135	5458	6128	4665871	17522	48836	2179121
275	3343	314	58	22	19	1201	704	4172	719	52	93	1866	2695	4668566	17541	48893	2398376
276	4301	722	3275	162	39	1201	1580	171475	16341	78	528	48138	50278	4718844	17580	49123	3160001
277	3128	224	112	12	23	1203	543	5487	486	36	54	2108	2737	4721581	17603	49154	2280201
278	3759	531	167	55	44	835	1160	10518	956	136	237	2930	4359	4725940	17647	49275	2648784
279	3745	345	78	17	5	1201	779	4403	515	143	126	1837	2774	4728714	17652	49348	2649539
280	3747	374	125	36	17	1201	838	8290	703	28	123	2352	3345	4732059	17669	49419	2644643
281	3476	233	276	42	21	1203	551	16152	1392	78	168	5038	5789	4737848	17690	49513	2458044
282	3689	449	85	34	34	835	978	6154	413	81	144	1463	2617	4740465	17724	49587	2619151
283	3736	447	975	133	72	306	979	52253	4677	122	462	15062	16535	4757000	17796	49767	2590431
284	3358	235	235	26	11	1203	560	12843	1889	196	177	4382	5151	4762151	17807	49860	2421006
285	3350	216	129	13	16	1203	512	6222	647	69	75	2470	3089	4765240	17823	49901	2406291
286	3089	121	86	23	19	2118	312	5345	540	18	78	1837	2259	4767499	17842	49936	2209753
287	3719	244	69	17	5	1203	576	4036	480	108	105	1589	2302	4769801	17847	50001	2636606
288	3359	242	134	26	12	306	587	7239	959	38	98	2508	3225	4773026	17859	50063	2415368
289	3855	276	1018	46	24	2118	653	47312	4652	40	159	15331	16175	4789201	17883	50150	2749706
290	3601	262	255	32	14	409	626	14121	1581	77	135	4661	5454	4794655	17897	50227	2520960
291	3712	193	339	10	42	2118	449	15558	2117	56	60	5714	6255	4800910	17939	50265	2656492
292	2527	73	126	18	0	1203	215	6920	680	48	78	2429	2754	4803664	17939	50311	1957849
293	3748	334	102	36	39	835	742	7005	482	139	180	2093	3047	4806711	17978	50401	2651501
294	2744	73	11	7	3	1203	200	977	111	0	21	410	663	4807374	17981	50414	2023612
295	3342	188	29	10	13	409	456	1979	222	142	102	1018	1608	4808982	17994	50480	2398555
296	3805	292	750	119	18	1230	678	42455	3671	54	384	11992	13086	4822068	18012	50630	2687206
297	2471	50	185	19	0	2118	155	9534	1226	0	57	3055	3299	4825367	18012	50659	1875101
298	3347	128	76	17	8	1203	338	4396	408	24	63	1351	1784	4827151	18020	50700	2378070
299	4678	545	1494	61	38	409	1269	79697	7552	184	276	26012	27589	4854740	18058	50877	3357007
300	2802	80	150	28	4	2118	212	12596	689	11	90	2533	2867	4857607	18062	50913	2068964
301	2670	112	186	18	8	409	304	10420	924	35	72	2624	3032	4860639	18070	50953	2015131
302	2890	86	187	11	1	1233	224	9877	1033	12	39	2985	3280	4863919	18071	50972	2178776
303	3527	353	840	164	9	409	820	48636	4418	74	531	13858	15241	4879160	18080	51202	2504400
304	4162	429	1530	133	5	1233	962	78688	8731	103	465	25457	26916	4906076	18085	51408	2956350
305	2434	94	46	13	0	1230	270	2720	211	24	51	971	1324	4907400	18085	51446	1863394
306	2259	37	57	18	1	2118	116	3503	738	0	54	1399	1601	4909001	18086	51471	1797194
307	3144	299	250	44	4	1233	668	13333	1353	20	144	4018	4862	4913863	18090	51547	2272919
308	2415	75	37	9	3	373	217	1931	170	12	33	752	1034	4914897	18093	51572	1856354
309	3029	197	89	18	4	1233	467	5171	794	41	75	2077	2651	4917548	18097	51614	2218488
310	3022	453	324	65	10	269	1045	17449	1614	69	231	5810	7118	4924666	18107	51761	2220559
311	2913	426	78	25	17	269	992	4381	416	40	99	1644	2767	4927433	18124	51804	2102781
312	2920	422	119	29	18	269	981	7219	680	61	120	2324	3457	4930890	18142	51855	2106812
313	3641	335	529	41	49	1283	782	28123	2474	60	154	8866	9834	4940724	18191	51938	2602358
314	2961	154	74	8	10	1283	402	3867	460	168	108	1756	2298	4943022	18201	51983	2139448
315	2970	156	36	10	9	1283	406	2329	382	41	51	1157	1646	4944668	18210	52010	2141410
316	2419	74	67	10	4	373	215	3546	312	46	54	1360	1661	4946329	18214	52041	1859228
317	2426	78	34	7	3	373	222	2314	228	17	30	997	1281	4947610	18217	52058	1860650
318	3142	189	131	32	4	1230	481	7751	718	102	147	2503	3163	4950773	18221	52135	2210351
319	2474	111	193	39	3	1230	305	10081	1039	0	117	3212	3666	4954439	18224	52181	1877166
320	2314	78	54	14	5	1230	218	2896	307	12	48	1178	1476	4955915	18229	52212	1803169
321	2675	121	56	18	7	1230	320	3532	327	24	66	1239	1657	4957572	18236	52253	1953803
322	3778	432	1798	91	10	1283	987	89189	8686	108	327	27827	29173	4986745	18246	52417	2869737
323	2809	84	354	45	1	1283	220	21094	1931	23	147	5916	6315	4993060	18247	52487	2025900
324	2964	121	334	32	3	1283	317	17926	1514	5	99	5531	5979	4999039	18250	52546	2106108
325	2568	48	38	8	0	1283	136	2349	189	11	30	982	1180	5000219	18250	52564	1904706
326	2351	48	24	7	2	373	145	1455	299	17	30	796	1003	5001222	18252	52581	1819437
327	2351	46	43	8	2	373	144	2447	208	12	30	1101	1307	5002529	18254	52595	1818399
328	3121	172	580	42	3	409	449	22646	2496	65	162	7662	8305	5010834	18257	52691	2264333
329	3122	139	278	39	2	493	363	14694	1427	30	132	4900	5427	5016261	18259	52766	2240963
330	2871	133	72	14	7	409	351	4677	352	29	57	1381	1821	5018082	18266	52809	2099526
331	2926	186	201	59	4	409	461	13026	1108	17	186	3096	3775	5021857	18270	52886	2113177
332	3593	376	1201	88	19	409	889	62481	6051	46	288	17601	18810	5040667	18289	53040	2689218
333	3584	408	767	63	10	306	912	41537	4398	78	231	12398	13573	5054240	18299	53172	2682132
334	2630	55	24	12	0	497	163	2308	367	16	45	928	1168	5055408	18299	53193	1962396
335	2809	68	409	19	5	497	192	25080	1670	0	57	6291	6572	5061980	18304	53224	2084194
336	3090	124	141	21	2	493	337	8597	711	12	69	2755	3193	5065173	18306	53278	2205220
337	3421	212	365	52	22	493	531	20139	4353	27	171	8020	8754	5073927	18328	53361	2495931
338	2206	27	54	12	3	497	89	2737	274	6	39	1131	1291	5075218	18331	53378	1770977
339	2739	198	222	49	2	306	501	12596	1242	28	162	3877	4572	5079790	18333	53475	2005112
340	3247	189	94	24	6	454	477	6329	500	60	102	1971	2582	5082372	18339	53540	2310272
341	3065	190	87	14	7	418	483	5080	445	34	60	1704	2279	5084651	18346	53580	2214644
342	3245	146	46	13	2	497	375	3119	241	36	57	1031	1495	5086146	18348	53618	2305341
343	4308	728	1400	128	76	306	1646	77366	6614	211	507	20534	22719	5108865	18424	53887	3133922
344	4064	522	413	55	11	497	1187	27278	2762	213	273	7829	9321	5118186	18435	54019	2988064
345	2882	93	71	15	2	708	268	4564	362	36	63	1501	1864	5120050	18437	54056	2097237
346	2813	152	52	8	5	418	399	3139	267	50	51	1276	1758	5121808	18442	54083	2038054
347	3523	282	41	16	9	418	682	3083	398	36	66	1154	1934	5123742	18451	54132	2506094
348	3790	411	43	17	8	409	937	3054	376	53	78	1209	2256	5125998	18459	54187	2746254
349	3561	276	85	16	6	708	632	5363	433	17	57	1747	2468	5128466	18465	54227	2581651
350	2824	70	49	12	4	708	198	3221	260	16	45	1010	1285	5129751	18469	54247	2073175
351	3521	220	29	12	42	708	538	2485	195	30	51	925	1546	5131297	18511	54272	2503730
352	3518	192	22	9	9	708	471	1738	151	146	102	831	1436	5132733	18520	54323	2502614
353	3517	235	45	13	6	409	564	3002	258	48	63	1164	1823	5134556	18526	54366	2504894
354	3973	487	71	28	137	409	1098	4576	1087	85	135	2043	3308	5137864	18663	54466	2865415
355	3563	252	89	24	38	409	609	5794	1142	95	120	2496	3257	5141121	18701	54550	2563914
356	3942	332	147	24	13	409	779	8325	1163	460	303	3464	4578	5145699	18714	54688	2874128
357	3519	276	33	12	15	306	683	2518	240	58	66	902	1683	5147382	18729	54762	2504276
358	3521	176	28	9	9	409	430	2181	181	89	72	873	1407	5148789	18738	54805	2532180
359	3519	177	219	6	21	409	431	11652	1422	29	33	3151	3647	5152436	18759	54826	2517241
360	4082	431	247	32	41	306	1012	14450	1442	110	153	4773	5970	5158406	18800	54920	2978282
361	3844	230	27	12	5	708	550	1898	616	99	87	1127	1796	5160202	18805	54974	2782036
362	3532	168	112	29	3	413	418	7450	1062	42	108	2264	2822	5163024	18808	55035	2510756
363	3521	155	38	10	25	413	381	2637	242	29	45	995	1453	5164477	18833	55061	2504607
364	3127	92	26	7	8	413	248	1904	185	35	39	770	1089	5165566	18841	55082	2284993
365	3946	329	174	22	19	413	778	10369	1209	60	96	3278	4184	5169750	18860	55149	2845114
366	3932	306	115	17	16	413	719	7530	627	82	93	2358	3202	5172952	18876	55204	2834424
367	3539	194	104	21	11	413	490	6841	654	69	99	1897	2518	5175470	18887	55256	2510439
368	3522	120	25	11	9	413	308	1963	168	59	63	755	1158	5176628	18896	55295	2531834
369	3527	173	94	13	18	413	443	5447	694	47	63	1839	2377	5179005	18914	55329	2510464
370	3526	160	27	12	14	468	407	2234	189	66	72	824	1335	5180340	18928	55367	2504029
371	3689	265	316	53	5	994	643	17978	2012	30	174	5537	6386	5186726	18933	55492	2675262
372	3701	246	310	38	8	708	602	16245	2123	61	147	5503	6284	5193010	18941	55592	2699204
373	3016	112	134	21	6	418	315	6649	601	17	72	2301	2720	5195730	18947	55647	2187332
374	3006	106	70	19	3	418	301	4497	474	27	72	1484	1889	5197619	18950	55681	2178460
375	3215	119	57	10	11	708	339	3443	393	12	36	1422	1829	5199448	18961	55721	2307960
376	2350	43	36	5	3	454	134	1936	155	6	18	833	1017	5200465	18964	55734	1818966
377	4079	336	377	69	10	994	790	22402	3467	78	246	7908	8976	5209441	18974	55886	2967783
378	2859	43	16	7	2	708	137	1213	164	24	33	618	820	5210261	18976	55905	2078333
379	3012	75	84	12	4	468	210	4709	467	12	42	1687	1971	5212232	18980	55928	2172005
380	3196	88	115	33	2	708	243	7609	786	12	105	2391	2771	5215003	18982	55977	2260788
381	3499	165	140	18	51	786	412	7665	774	36	72	2813	3329	5218332	19033	56024	2549993
382	3393	171	111	23	5	708	433	7106	758	36	87	2428	2980	5221312	19038	56085	2518999
383	3525	130	22	11	14	418	342	1570	222	30	48	705	1127	5222439	19052	56128	2503830
384	3125	67	978	15	1	994	206	60214	3355	24	57	9565	9860	5232299	19053	56163	2324477
385	3198	97	54	19	3	708	271	3450	276	22	69	1017	1389	5233688	19056	56200	2311528
386	3191	75	64	10	2	468	201	4230	270	18	39	1026	1298	5234986	19058	56216	2308752
387	3191	73	11	8	3	468	192	1132	93	12	30	483	737	5235723	19061	56230	2309068
388	3230	90	102	19	6	468	243	6697	481	18	66	2067	2408	5238131	19067	56261	2330150
389	3191	66	8	7	6	468	178	819	130	22	33	358	601	5238732	19073	56279	2309854
390	3193	64	13	8	5	468	174	1072	100	24	36	438	680	5239412	19078	56298	2309085
391	3287	152	226	73	6	468	375	21138	1692	30	234	3808	4449	5243861	19084	56398	2373647
392	3193	54	11	8	1	468	152	968	84	30	39	400	623	5244484	19085	56420	2308647
393	3199	59	41	10	5	468	166	2567	378	6	33	1084	1315	5245799	19090	56438	2317545
394	3199	56	15	9	2	468	160	1124	141	18	36	501	729	5246528	19092	56457	2312820
395	3235	66	53	13	3	468	183	3251	342	12	45	1345	1605	5248133	19095	56485	2346883
396	3191	44	8	7	4	468	127	787	116	12	27	329	515	5248648	19099	56498	2309779
397	3191	41	8	7	2	673	115	803	116	18	30	338	515	5249163	19101	56514	2309801
398	3191	40	8	7	5	673	112	753	112	6	24	330	498	5249661	19106	56526	2309698
399	3191	37	8	7	4	673	102	787	110	18	30	328	492	5250153	19110	56541	2309523
400	3191	34	8	7	1	673	97	753	135	18	30	365	524	5250677	19111	56557	2310575
401	3191	33	10	7	3	673	96	855	109	6	24	343	495	5251172	19114	56569	2309581
402	3193	33	9	8	0	673	97	906	154	12	30	379	538	5251710	19114	56585	2311095
403	3191	31	9	7	2	673	94	836	103	0	21	328	475	5252185	19116	56595	2309079
404	3191	30	8	7	4	673	91	771	76	6	24	284	431	5252616	19120	56607	2308467
405	3191	27	8	7	1	909	89	796	75	18	30	291	442	5253058	19121	56623	2308512
406	3196	31	10	9	1	909	97	989	144	6	30	378	537	5253595	19122	56639	2312032
407	3191	25	8	7	1	909	79	771	79	6	24	282	417	5254012	19123	56651	2308799
408	3191	24	8	7	1	909	80	811	80	6	24	289	425	5254437	19124	56662	2309020
409	3205	37	32	9	1	909	114	2212	211	6	30	834	1010	5255447	19125	56680	2319655
410	3191	22	8	7	0	909	70	779	73	6	24	282	408	5255855	19125	56692	2308396
411	3191	22	9	7	0	909	69	846	118	0	21	330	452	5256307	19125	56702	2309899
412	3191	22	8	7	4	909	69	779	131	0	21	332	454	5256761	19129	56712	2310455
413	3193	24	9	8	1	1025	80	874	136	12	30	364	506	5257267	19130	56727	2310685
414	3191	19	8	7	1	1025	65	771	92	12	27	299	423	5257690	19131	56741	2309271
415	3191	18	8	7	0	1025	62	811	86	6	24	294	412	5258102	19131	56753	2308906
416	3191	18	8	7	0	1025	62	769	67	0	21	281	396	5258498	19131	56763	2308284
417	3191	18	8	7	2	1025	62	803	78	0	21	285	400	5258898	19133	56773	2308662
418	3116	20	41	6	0	1025	68	2631	470	12	24	810	934	5259832	19133	56788	2267008
419	3291	68	169	13	1	786	189	8818	698	0	39	2980	3240	5263072	19134	56816	2367771
420	3291	188	321	17	85	418	462	14835	1452	18	60	4758	5312	5268384	19219	56853	2491918
421	2299	52	127	16	1	708	159	6361	734	18	57	2275	2523	5270907	19220	56884	1798770
422	3279	98	643	39	2	994	267	32154	3146	6	120	9961	10380	5281287	19222	56946	2375793
423	4166	446	304	33	45	418	1030	16340	1500	108	153	5542	6757	5288044	19267	57036	3094820
424	4896	656	832	64	37	994	1496	42423	4488	181	288	13914	15730	5303774	19304	57202	3655562
425	1131	126	61	16	8	128	338	3431	344	4	51	1226	1647	5305421	19312	57249	687456
426	1218	156	333	36	7	143	403	14970	1976	30	126	4924	5485	5310906	19319	57307	780730
427	1710	243	3211	93	6	159	578	149492	16634	41	306	41276	42192	5353098	19325	57435	1523475
428	1319	234	1851	102	7	143	559	85211	9387	26	321	23699	24611	5377709	19332	57558	932972
429	1140	123	404	18	1	143	340	19451	1752	6	57	5617	6046	5383755	19333	57606	748048
430	1611	150	533	16	21	159	391	17068	2930	21	60	6744	7227	5390982	19354	57635	1352808
431	4388	189	164	16	6	422	481	9252	745	42	78	2983	3574	5394556	19360	57696	3317796
432	1908	48	30	11	0	207	148	1815	155	6	36	729	945	5395501	19360	57727	1476383
433	3856	100	65	17	5	708	295	3701	327	15	60	1418	1805	5397306	19365	57769	2865322
434	2108	44	75	13	1	708	138	3936	647	0	39	1665	1874	5399180	19366	57788	1727666
435	1793	45	10	7	3	207	141	770	56	0	21	275	469	5399649	19369	57798	1440430
436	3470	236	159	16	9	289	586	9554	883	348	222	3289	4129	5403778	19378	57914	2632219
437	5240	304	578	31	30	268	741	33082	2746	67	129	8451	9353	5413131	19408	57988	3982361
438	3254	189	75	10	3	269	489	4073	423	34	48	1469	2038	5415169	19411	58032	2426594
439	3804	99	187	10	4	708	280	8376	693	28	45	2900	3257	5418426	19415	58056	2816462
440	4446	146	647	37	7	786	394	35682	2729	44	135	10116	10677	5429103	19422	58133	3375298
441	3095	115	102	18	2	708	306	6017	453	18	63	2156	2557	5431660	19424	58168	2405530
442	5202	752	1842	79	22	214	1723	142082	12689	104	290	28456	30501	5462161	19446	58365	3944298
443	3761	100	65	13	2	423	286	4171	390	39	60	1507	1885	5464046	19448	58406	2786400
444	5323	326	2877	98	3	423	787	133796	14095	69	330	41745	42894	5506940	19451	58573	4164868
445	3648	71	82	18	4	708	205	4658	411	12	60	1433	1730	5508670	19455	58610	2619987
446	5232	490	3375	274	10	422	1095	194157	16538	32	839	46860	48826	5557496	19465	58954	4019312
447	5473	363	4259	109	17	301	870	221754	19871	42	351	56883	58136	5615632	19482	59136	4780990
448	4897	308	492	78	23	604	728	24833	2677	36	258	8117	9135	5624767	19505	59252	3805707
449	2485	88	43	12	1	454	244	2345	262	9	42	945	1263	5626030	19506	59289	1885659
450	3730	130	77	23	4	249	357	4692	395	52	96	1458	1943	5627973	19510	59344	2740554
451	3579	229	62	23	11	254	571	3636	343	56	109	1163	1875	5629848	19521	59438	2615669
452	4579	129	594	44	2	786	346	31922	3443	0	132	9795	10305	5640153	19523	59503	3658505
453	4139	122	385	38	5	392	338	20135	2048	18	123	5846	6339	5646492	19528	59563	3004880
454	4267	158	1013	71	4	374	414	53047	5641	43	237	14675	15358	5661850	19532	59660	3154309
455	3577	96	116	24	8	374	279	6691	668	12	78	2105	2494	5664344	19540	59691	2596948
456	5155	476	1731	284	9	426	1040	98673	10404	34	870	25421	27363	5691707	19549	60000	4002137
457	5007	125	159	21	6	786	345	10560	843	21	75	3462	3914	5695621	19555	60048	3722629
458	5250	470	2735	79	9	422	1088	161732	12166	60	270	37279	38669	5734290	19564	60192	4297085
459	3594	85	260	17	0	786	241	11574	1320	21	63	4560	4896	5739186	19564	60220	2566935
460	3984	151	555	54	5	426	400	29585	2927	34	180	9524	10136	5749322	19569	60304	2925664
461	5355	418	1862	128	4	426	971	105161	8450	35	405	26923	28331	5777653	19573	60478	4140711
462	5085	429	1755	251	9	786	933	106958	8532	11	759	26048	27772	5805425	19582	60761	3871686
463	4765	121	96	17	13	464	344	4662	453	28	66	1722	2164	5807589	19595	60813	3651136
464	4726	285	456	75	7	301	704	26573	2578	63	258	7198	8192	5815781	19602	60956	3604916
465	2624	91	48	8	3	249	264	2954	304	23	36	1053	1385	5817166	19605	60992	1972712
466	5235	262	316	23	10	464	647	17738	1414	77	108	5485	6272	5823438	19615	61072	4138896
467	3636	202	40	11	13	339	499	2463	274	102	96	772	1399	5824837	19628	61151	2680834
468	5301	306	777	89	5	786	717	47885	3743	35	285	11997	13031	5837868	19633	61266	4072106
469	4218	184	147	7	17	464	432	7407	899	29	36	2394	2894	5840762	19650	61297	3258307
470	4830	238	809	121	21	374	579	45327	4788	18	372	13498	14481	5855243	19671	61445	3388630
471	4083	75	81	12	3	708	215	4551	593	23	48	1848	2143	5857386	19674	61472	3203072
472	4376	91	89	13	12	708	248	5361	513	16	48	1783	2111	5859497	19686	61499	3363309
473	4314	75	92	13	3	709	218	4819	413	36	60	1833	2143	5861640	19689	61541	3170438
474	4352	202	103	16	12	301	521	6521	610	29	63	1693	2309	5863949	19701	61601	3377699
475	4644	160	649	58	1	851	403	32425	3002	18	183	10017	10635	5874584	19702	61694	3592407
476	2159	69	20	9	1	454	201	2088	88	18	36	897	1166	5875750	19703	61719	1738816
477	4845	194	367	46	2	786	463	19182	1992	18	147	6132	6774	5882524	19705	61787	3729929
478	398	89	10	9	1	74	230	751	45	6	30	273	565	5883089	19706	61807	354559
479	4798	271	191	32	71	357	660	9606	1110	97	150	3616	4458	5887547	19777	61917	3691577
480	4695	217	874	103	2	786	528	50410	4843	12	315	13243	14118	5901665	19779	62048	3700806
481	5249	427	2190	266	13	786	951	113583	12053	220	912	32276	34171	5935836	19792	62377	4076763
482	4661	236	1128	134	6	426	541	62876	10640	12	408	14078	15059	5950895	19798	62542	3704007
483	4159	246	64057	148	5	786	562	1864721	367117	16	452	460225	461271	6412166	19803	62738	5698806
484	4691	265	832	124	7	835	637	49958	4357	57	402	13227	14298	6426464	19810	62896	3701136
485	3899	208	54	14	33	367	525	4341	301	46	68	1380	2005	6428469	19843	62958	2850797
486	4215	518	738	72	38	231	1191	36436	4273	56	251	12080	13554	6442023	19881	63136	3059118
487	4971	285	575	65	28	426	684	30074	2766	93	255	9316	10287	6452310	19909	63260	3826802
488	4885	196	179	23	4	835	475	9068	731	34	87	2807	3401	6455711	19913	63309	3731242
489	3678	283	112	27	15	340	673	6263	1160	54	111	2580	3396	6459107	19928	63397	2714099
490	3683	107	158	21	2	708	311	7683	970	56	93	3077	3513	6462620	19930	63453	2664907
491	3846	95	212	19	4	708	277	11851	1000	23	72	3734	4115	6466735	19934	63496	2843339
492	3899	71	90	12	2	737	214	4873	463	23	48	1898	2192	6468927	19936	63523	2852942
493	5117	334	1308	212	5	835	750	80492	6748	27	651	19920	21353	6490280	19941	63770	3902496
494	5090	428	502	44	25	254	993	26915	2433	37	153	8595	9773	6500053	19966	63854	4095232
495	4372	175	395	28	6	835	449	18592	1763	165	186	7000	7667	6507720	19972	63944	3227573
496	3713	77	68	9	8	426	220	3563	2277	24	39	2293	2584	6510304	19980	63972	2863011
497	4522	110	145	15	4	708	299	7571	859	17	54	2869	3254	6513558	19984	64009	3491836
498	3219	116	71	17	7	409	318	4117	308	24	63	1615	2028	6515586	19991	64056	2261960
499	3933	222	135	25	2	241	551	7526	705	91	132	2784	3499	6519085	19993	64143	2829110
500	2986	177	31	10	3	268	441	1801	139	44	57	798	1328	6520413	19996	64194	2124196
501	3957	93	35	7	8	708	254	1924	335	12	27	969	1282	6521695	20004	64221	2842478
502	2819	58	35	9	7	708	164	1862	172	0	27	780	1003	6522698	20011	64241	2059225
503	3616	149	170	40	3	708	393	9463	876	18	132	3000	3557	6526255	20014	64316	2499663
504	4438	61	17	4	0	509	178	863	101	48	36	536	782	6527037	20014	64349	3522688
505	3030	157	246	28	7	409	418	13686	1053	24	96	4601	5147	6532184	20021	64398	2219353
506	4179	138	227	36	3	268	380	13065	1107	33	125	3865	4402	6536586	20024	64467	3059424
507	3726	161	141	13	15	426	406	8095	845	25	53	2690	3181	6539767	20039	64518	2745908
508	4500	172	82	23	4	426	448	4510	410	71	106	1454	2040	6541807	20043	64604	3556190
509	4185	58	84	18	1	835	177	4763	400	0	54	1768	2031	6543838	20044	64637	3051949
510	4064	118	11528	10	1	835	316	243247	165204	25	45	87220	87613	6631451	20045	64677	3846076
511	5029	127	374	43	3	708	346	20142	2018	41	153	6710	7241	6638692	20048	64751	3761856
512	3902	138	45	11	3	399	375	2747	457	43	56	1226	1689	6640381	20051	64814	2853266
513	4357	95	23	7	12	737	270	1341	90	0	21	521	844	6641225	20063	64842	3377393
514	4471	100	167	13	11	708	287	8123	795	30	54	2958	3331	6644556	20074	64884	3506600
515	4872	169	552	57	3	835	429	29572	2878	17	180	8837	9478	6654034	20077	64961	3739092
516	4782	108	20	11	3	835	293	1476	185	11	39	615	979	6655013	20080	64978	3681079
517	4447	74	101	12	2	737	214	4714	603	18	45	1988	2279	6657292	20082	65009	3456982
518	2577	299	24	7	16	214	716	950	106	66	60	552	1360	6658652	20098	65058	1925116
519	4366	282	135	35	9	737	663	7389	827	38	125	2669	3489	6662141	20107	65143	3379227
520	5379	310	717	121	35	451	738	40940	3888	57	393	11746	12909	6675050	20142	65305	4079971
521	3593	141	49	14	7	409	385	2690	372	28	57	1174	1648	6676698	20149	65356	2623148
522	2471	38	33	13	1	835	118	2136	244	0	39	780	969	6677667	20150	65377	1881114
523	4547	109	282	19	5	708	310	18505	1540	12	63	5848	6253	6683920	20155	65424	3592735
524	6643	602	3907	118	15	708	1388	314771	21622	99	405	81927	83752	6767672	20170	65630	5570470
525	4209	108	267	30	5	708	311	14039	1568	41	111	4525	4979	6772651	20175	65683	3054702
526	4031	210	96	22	7	409	532	6371	505	29	81	1802	2447	6775098	20182	65747	2902159
527	3649	230	112	33	5	934	565	6742	796	253	228	2443	3268	6778366	20187	65869	2661112
528	2668	87	216	17	2	708	239	10759	847	29	66	3496	3833	6782199	20189	65906	2004047
529	2729	65	195	14	2	934	188	10156	850	6	45	3250	3515	6785714	20191	65933	2032179
530	2612	113	108	14	4	268	321	6808	865	34	60	2253	2666	6788380	20195	65970	1973676
531	3934	320	1206	116	6	934	743	61752	5665	105	402	19446	20623	6809003	20201	66143	2877571
532	3065	195	558	42	4	835	493	27088	2522	62	159	9081	9765	6818768	20205	66236	2270920
533	3815	310	858	73	8	934	739	44370	4283	26	234	13623	14628	6833396	20213	66352	2783418
534	3832	313	200	42	66	934	742	12399	1923	22	138	4164	5076	6838472	20279	66422	2823588
535	2729	136	138	30	5	409	370	7330	748	28	105	2549	3056	6841528	20284	66488	2018026
536	3859	293	98	27	8	409	708	5735	625	36	99	2324	3163	6844691	20292	66547	2791578
537	2815	124	44	8	24	409	348	2266	344	29	39	1187	1606	6846297	20316	66569	2084319
538	3649	240	160	19	11	409	586	6720	776	221	168	2938	3724	6850021	20327	66649	2693045
539	2969	117	124	17	2	467	323	6034	750	47	75	2385	2815	6852836	20329	66693	2111250
540	2713	114	150	26	7	467	311	8186	1465	12	84	3248	3675	6856511	20336	66729	2010890
541	3115	135	197	46	3	467	353	11522	1073	41	159	3536	4080	6860591	20339	66798	2202432
542	2274	57	6	7	11	273	168	484	33	16	30	187	417	6861008	20350	66818	1724614
543	4344	501	1835	126	42	934	1136	94079	9026	103	431	27700	29299	6890307	20392	67026	3226738
544	3824	227	652	79	8	934	549	33365	3479	84	279	10970	11830	6902137	20400	67144	2808085
545	2275	42	21	14	0	835	130	1538	111	0	42	483	687	6902824	20400	67170	1781457
546	4014	239	461	43	1	934	577	23793	2245	48	153	8241	9003	6911827	20401	67254	2944139
547	4182	412	701	65	43	934	967	36089	3546	22	207	11923	13129	6924956	20444	67363	3150408
548	3961	295	1119	72	21	934	703	55072	5420	191	312	17150	18197	6943153	20465	67503	2904754
549	3309	272	33	21	31	934	642	2694	176	46	87	801	1562	6944715	20496	67567	2429303
550	3745	190	108	17	21	467	482	5750	498	90	96	2274	2884	6947599	20517	67630	2693911
551	2817	106	17	12	2	934	292	1352	719	25	51	934	1309	6948908	20519	67663	2111938
552	3991	340	392	30	6	708	787	19979	2274	141	162	7187	8168	6957076	20525	67750	2931394
553	3795	191	375	30	14	934	475	18356	1786	28	105	5996	6608	6963684	20539	67821	2779322
554	3698	131	19	11	5	708	355	1323	93	42	54	571	1012	6964696	20544	67864	2676457
555	3835	281	81	18	4	835	661	4830	355	29	69	1682	2444	6967140	20548	67912	2778076
556	3632	136	57	15	8	934	371	2680	281	12	51	1082	1536	6968676	20556	67949	2638977
557	3095	118	186	37	3	708	324	9611	1100	23	123	3168	3647	6972323	20559	68015	2204338
558	2836	62	81	19	0	1205	181	5133	396	21	69	1477	1759	6974082	20559	68048	2024378
559	2686	46	31	9	0	1205	142	1939	142	0	27	728	929	6975011	20559	68063	1962459
560	2467	75	17	9	0	467	220	1150	76	18	36	465	753	6975764	20559	68093	1884498
561	2017	71	10	8	5	268	207	709	48	26	42	290	571	6976335	20564	68117	1628476
562	4051	359	56	22	73	467	845	3388	261	28	81	1179	2137	6978472	20637	68187	2956954
563	3587	124	28	6	10	467	336	1727	123	48	42	587	997	6979469	20647	68220	2590029
564	2904	104	35	17	1	784	294	2408	160	17	60	782	1168	6980637	20648	68266	2148272
565	2902	93	10	7	4	934	265	812	49	12	27	308	632	6981269	20652	68284	2141585
566	3930	255	203	31	16	934	609	11545	1266	218	204	4185	5030	6986299	20668	68387	2880737
567	3042	126	23	11	18	467	333	1584	141	17	42	629	1036	6987335	20686	68413	2272039
568	3869	247	846	29	17	1205	603	48894	4761	57	117	12118	12870	7000205	20703	68501	2914344
569	4060	245	422	39	16	835	604	22659	2087	110	174	7449	8259	7008464	20719	68587	2973754
570	3586	117	31	9	6	505	320	1941	153	24	39	804	1195	7009659	20725	68611	2588320
571	4067	467	405	57	292	1205	932	20998	1989	48	195	6874	8033	7017692	21017	68714	2913237
572	2641	47	111	18	0	934	139	5574	582	10	60	2138	2369	7020061	21017	68746	1947172
573	3064	110	147	21	12	505	315	8058	696	24	75	2778	3200	7023261	21029	68795	2223279
574	3534	79	51	10	2	1205	214	2752	236	30	45	1197	1488	7024749	21031	68823	2563315
575	2822	93	168	15	10	668	261	9199	767	30	60	3195	3548	7028297	21041	68864	2092575
576	3756	165	356	36	5	784	422	16379	1741	64	141	5796	6391	7034688	21046	68944	2749214
577	3309	168	19	12	19	1205	423	1521	124	42	57	527	1039	7035727	21065	68983	2429387
578	4211	242	1011	62	4	1205	581	53010	5469	91	234	16679	17526	7053253	21069	69097	3152216
579	2515	58	262	23	2	1205	172	13632	1278	16	78	4518	4800	7058053	21071	69138	1919747
580	3563	115	46	19	4	668	307	2762	278	6	60	1113	1512	7059565	21075	69170	2585961
581	2699	93	97	11	3	668	257	4010	528	10	39	1343	1671	7061236	21078	69189	2054954
582	2641	90	21	12	6	668	265	1398	219	5	39	557	893	7062129	21084	69224	1937737
583	2648	109	18	14	4	835	301	1340	127	6	45	371	749	7062878	21088	69255	1937721
584	2656	193	225	59	5	227	498	15665	1439	28	192	4177	4899	7067777	21093	69349	1989199
585	2177	14	18	4	0	2118	49	1098	68	12	18	551	650	7068427	21093	69356	1753147
586	2652	44	20	9	2	934	138	1017	97	0	27	417	614	7069041	21095	69375	1936560
587	2634	52	10	6	3	668	158	815	144	40	39	413	642	7069683	21098	69399	1962845
588	3848	196	60	20	7	2118	486	3869	819	47	84	1829	2431	7072114	21105	69452	2792430
589	3879	310	1714	209	2	934	692	80442	10362	24	639	23812	25175	7097289	21107	69690	2792547
590	3851	171	199	24	9	835	435	11303	1203	24	84	3964	4515	7101804	21116	69742	2836766
591	2295	20	6	4	0	934	68	369	27	5	15	186	301	7102105	21116	69749	1800405
592	2634	50	9	6	1	668	157	727	142	12	24	358	571	7102676	21117	69761	1962824
593	3341	176	76	15	4	835	447	4740	446	36	63	1738	2280	7104956	21121	69795	2454506
594	3590	81	38	12	1	2118	226	2218	249	12	42	938	1238	7106194	21122	69821	2591131
595	2511	64	137	25	7	668	185	6276	634	12	81	2236	2534	7108728	21129	69865	1914234
596	3800	223	132	26	14	668	552	7437	634	51	105	2598	3287	7112015	21143	69941	2760228
597	3765	220	1094	105	9	737	537	55854	5423	18	324	16126	17019	7129034	21152	70075	2714175
598	3747	156	704	69	9	934	401	35209	3359	42	228	11343	12004	7141038	21161	70182	2690252
599	3299	221	932	98	4	835	538	48608	4501	30	309	13706	14585	7155623	21165	70301	2484325
600	2797	81	621	49	1	2118	205	29452	3034	23	159	8689	9085	7164708	21166	70371	2051424
601	4811	468	3710	125	12	509	1070	171314	18130	637	831	52435	54368	7219076	21178	70712	3614597
602	3641	152	380	21	4	668	404	20004	2180	18	72	5898	6406	7225482	21182	70760	2684151
603	3720	185	301	24	10	668	471	16907	1598	18	81	4970	5554	7231036	21192	70809	2730963
604	3945	195	606	27	5	784	498	34337	2964	12	87	8890	9507	7240543	21197	70872	2945455
605	3852	187	427	19	39	273	475	21357	2247	58	87	7096	7690	7248233	21236	70935	2843290
606	3510	125	16	13	9	668	345	1429	207	34	57	501	935	7249168	21245	70977	2556445
607	3612	107	23	6	12	668	293	1319	151	23	30	680	1035	7250203	21257	71001	2607940
608	4685	409	2111	78	19	464	944	102770	15044	74	273	33851	35100	7285303	21276	71140	3491410
609	3653	154	83	15	6	343	411	4117	441	69	81	1684	2208	7287511	21282	71188	2685961
610	3613	121	34	6	6	668	329	1828	195	51	45	856	1262	7288773	21288	71215	2651178
611	3654	128	31	8	5	668	345	1780	137	23	36	787	1200	7289973	21293	71245	2684575
612	3805	125	154	16	4	464	338	8192	782	29	63	2978	3411	7293384	21297	71287	2748087
613	3510	117	17	7	1	297	326	1164	119	12	27	542	927	7294311	21298	71310	2557109
614	2904	134	820	31	5	774	374	39609	4077	45	117	12112	12635	7306946	21303	71372	2176743
615	3934	381	1531	97	18	774	915	79575	7202	40	312	23502	24761	7331707	21321	71515	2956073
616	2454	124	153	15	1	784	309	8414	619	190	140	2835	3316	7335023	21322	71601	1860381
617	3675	321	1361	104	8	339	789	69155	7056	59	342	21250	22413	7357436	21330	71758	2713613
618	3582	237	57	7	1	2118	576	2870	270	124	84	1426	2118	7359554	21331	71811	2644809
619	3176	160	391	33	3	2118	428	18397	2505	11	105	6540	7105	7366659	21334	71868	2367589
620	2893	174	200	11	43	835	432	7859	980	11	42	3197	3703	7370362	21377	71897	2172846
621	2908	151	1230	79	0	2118	384	68149	6466	16	246	19257	19919	7390281	21377	71990	2212002
622	2962	56	46	14	2	2118	169	2908	270	6	45	1094	1340	7391621	21379	72016	2190344
623	2868	90	598	20	11	784	262	32215	2883	42	81	9844	10219	7401840	21390	72064	2208875
624	3154	223	2143	84	26	2118	519	120837	9669	6	255	25830	26636	7428476	21416	72178	2463458
625	3957	354	721	52	39	2118	852	39469	3895	122	219	12203	13306	7441782	21455	72280	2903382
626	2352	37	47	4	3	454	119	2347	200	5	15	1075	1241	7443023	21458	72291	1820010
627	2271	83	125	19	2	467	229	7180	584	21	69	2047	2377	7445400	21460	72338	1798963
628	2811	79	487	40	4	934	212	24869	2716	18	129	7635	8008	7453408	21464	72399	2103226
629	3707	134	81	10	4	2118	365	4001	381	27	45	1673	2115	7455523	21468	72448	2714321
630	3769	158	249	35	7	2118	418	12740	1274	20	117	4770	5337	7460860	21475	72530	2769373
631	3267	183	2851	79	1	2118	462	145721	14644	6	240	38696	39430	7500290	21476	72646	2564344
632	3524	198	142	10	7	737	522	8010	712	36	48	2739	3341	7503631	21483	72692	2562461
633	3536	187	267	22	14	2118	491	14451	1210	35	84	4864	5471	7509102	21497	72743	2569341
634	3012	80	107	12	11	934	219	5611	693	6	39	2318	2608	7511710	21508	72771	2160387
635	4939	285	171	40	12	2118	718	9492	938	42	141	3392	4283	7515993	21520	72879	3554936
636	2936	130	273	22	10	340	359	15248	1167	71	108	3957	4456	7520449	21530	72944	2194132
637	3426	142	302	18	12	2118	383	14720	1459	24	66	4960	5441	7525890	21542	72995	2559183
638	4936	347	554	41	34	1246	843	24235	2414	172	210	8266	9351	7535241	21576	73118	3671169
639	4912	379	469	33	48	1246	917	24897	2109	145	174	8020	9143	7544384	21624	73212	3591453
640	4443	119	109	11	5	1246	336	5084	571	16	42	2023	2433	7546817	21629	73251	3225589
641	3442	268	348	24	7	339	652	15707	2515	143	146	4553	5383	7552200	21636	73345	2635030
642	2642	54	196	21	1	2118	169	10592	901	0	63	3423	3687	7555887	21637	73376	1944210
643	3174	143	31	9	19	737	389	1819	518	44	51	1049	1521	7557408	21656	73424	2340782
644	3741	231	71	11	19	2118	569	3519	355	70	69	1463	2133	7559541	21675	73463	2844710
645	2976	125	92	24	4	774	338	5373	569	18	81	1956	2407	7561948	21679	73507	2276734
646	2977	123	51	15	4	774	331	3194	378	18	54	1366	1783	7563731	21683	73534	2278960
647	3906	194	1281	54	48	2118	485	63853	6368	24	174	18139	18830	7582561	21731	73619	2874334
648	2015	65	27	10	3	774	196	1660	215	0	30	674	932	7583493	21734	73641	1659728
649	3770	164	594	22	2	2118	438	30072	2522	156	144	9595	10209	7593702	21736	73718	2852359
650	2769	100	851	45	0	784	257	48213	4754	0	135	14451	14875	7608577	21736	73783	2117007
651	3176	97	57	12	2	2118	279	3400	264	6	39	1338	1688	7610265	21738	73824	2327340
652	3175	94	32	8	2	2118	262	1864	148	12	30	763	1087	7611352	21740	73837	2325247
653	3368	132	176	25	0	2118	359	9837	744	10	81	3043	3515	7614867	21740	73873	2404228
654	3479	164	615	48	3	2118	426	39031	2940	10	150	8958	9566	7624433	21743	73966	2580808
655	3935	240	450	23	31	464	606	34531	2572	36	87	7628	8353	7632786	21774	74039	2952624
656	3473	96	74	25	3	2118	276	5776	383	102	126	1831	2265	7635051	21777	74094	2489982
657	3535	133	744	41	5	2118	359	49018	3930	6	126	11344	11861	7646912	21782	74171	2611175
658	4516	453	1727	99	1	464	1065	136063	10234	94	345	27757	29199	7676111	21783	74367	3614985
659	3624	167	551	8	6	774	450	39005	1900	6	27	8318	8827	7684938	21789	74394	2739336
660	3258	75	38	11	7	2118	214	2388	182	6	36	867	1149	7686087	21796	74424	2364344
661	3684	188	783	46	4	668	486	42797	3711	17	147	11902	12567	7698654	21800	74508	2695084
662	3629	124	292	15	0	1246	327	15306	1071	18	54	4052	4465	7703119	21800	74546	2647292
663	3481	206	372	21	15	934	536	20304	1661	97	126	6217	6911	7710030	21815	74640	2634314
664	3962	237	915	54	4	774	572	56316	3682	53	189	13659	14452	7724482	21819	74732	3007816
665	3905	203	1032	42	15	2118	506	52457	5003	6	129	16461	17128	7741610	21834	74800	2978207
666	4004	299	2972	128	8	774	685	199070	13289	60	414	36880	38011	7779621	21842	74970	3142721
667	4494	415	154	21	24	2118	984	7379	998	60	93	2886	3995	7783616	21866	75018	3585754
668	3162	74	25	10	3	774	208	1661	171	6	33	679	952	7784568	21869	75041	2321579
669	4517	449	547	21	47	339	1068	46978	2357	106	117	9550	10767	7795335	21916	75118	3650180
670	3663	116	424	12	8	774	308	30696	2338	126	99	6998	7437	7802772	21924	75175	2745318
671	3374	159	150	21	13	343	425	7968	692	22	75	2842	3374	7806146	21937	75224	2470990
672	3366	155	463	16	8	343	410	25632	2348	40	69	7284	7795	7813941	21945	75260	2482202
673	4472	349	57	4	38	2118	821	3053	215	59	42	1024	1919	7815860	21983	75289	3577069
674	3298	62	39	8	4	1246	192	1979	281	36	42	963	1229	7817089	21987	75314	2421436
675	3299	61	47	11	1	1246	189	2700	213	24	45	874	1140	7818229	21988	75335	2419756
676	4681	351	375	18	13	2118	833	19748	3288	138	123	6668	7656	7825885	22001	75406	3691478
677	3166	60	394	11	3	774	173	22925	3718	4	36	6727	6968	7832853	22004	75429	2380829
678	4531	366	497	26	56	1246	863	27321	3057	52	105	8244	9244	7842097	22060	75485	3650409
679	3161	84	290	8	8	835	238	15427	1732	23	36	4728	5034	7847131	22068	75508	2348031
680	4483	298	53	11	36	737	717	2592	405	237	153	1458	2360	7849491	22104	75598	3582463
681	3156	39	29	5	0	2118	125	1582	131	6	18	745	920	7850411	22104	75613	2312542
682	4020	391	160	21	122	682	899	8305	795	48	90	3008	4029	7854440	22226	75714	3104525
683	3453	125	26	12	10	2118	337	1858	130	28	51	709	1129	7855569	22236	75752	2578103
684	3157	125	767	33	1	1230	345	33271	3364	40	120	11961	12458	7868027	22237	75813	2331036
685	5435	712	1242	108	50	682	1573	77445	6027	424	537	20235	22377	7890404	22287	76044	3936867
686	5071	321	404	17	16	1246	756	22248	1927	164	135	7488	8411	7898815	22303	76130	3770168
687	6695	917	1045	62	10	2118	2072	52815	5008	61	218	17936	20258	7919073	22313	76272	4923433
688	6294	891	996	51	27	2118	1957	53446	4701	46	177	16195	18361	7937434	22340	76364	4607355
689	5346	708	576	34	10	1515	1537	31230	2728	76	141	9839	11549	7948983	22350	76449	4010908
690	2563	194	171	17	6	682	494	8681	1121	16	60	3388	3974	7952957	22356	76498	2070840
691	4485	306	51	13	43	2118	662	3567	239	16	48	1226	1968	7954925	22399	76537	3259400
692	5209	614	173	25	12	1515	1325	9092	1113	47	99	2743	4199	7959124	22411	76602	3870323
693	4306	409	89	18	164	2118	867	4910	426	43	78	1708	2685	7961809	22575	76645	3233330
694	6581	1031	557	50	174	242	2353	31840	3230	586	446	11044	13875	7975684	22749	76859	4894272
695	5328	335	37	15	20	1515	767	2447	316	371	234	1261	2294	7977978	22769	76966	4041328
696	4019	218	51	9	15	682	535	2989	213	93	75	1099	1741	7979719	22784	77010	3094539
697	4602	299	212	15	6	2118	691	11707	988	18	54	3949	4726	7984445	22790	77058	3395224
698	3434	165	193	15	11	464	414	12801	918	17	54	3766	4266	7988711	22801	77099	2473093
699	5033	494	153	21	149	422	1137	8395	659	102	117	2852	4138	7992849	22950	77176	3776021
700	4839	312	780	63	55	1515	736	42735	3842	473	426	13827	15021	8007870	23005	77368	3730352
701	5605	535	1073	81	15	1230	1249	55073	5696	260	378	16987	18646	8026516	23020	77566	4199258
702	5202	366	745	68	3	1230	862	41740	4035	36	222	11927	13043	8039559	23023	77672	3888054
703	2594	45	44	11	0	774	143	2859	320	6	36	1237	1448	8041007	23023	77697	1907831
704	3046	109	443	25	2	774	299	20564	2560	22	90	7161	7582	8048589	23025	77746	2139399
705	3011	151	239	22	0	2118	379	13401	1188	10	72	3516	3999	8052588	23025	77783	2102575
706	2526	127	79	6	5	340	345	4053	368	24	30	1482	1889	8054477	23030	77815	1892550
707	2720	45	38	10	3	774	138	2295	193	0	30	819	1019	8055496	23033	77834	1958207
708	2834	164	93	19	4	340	433	5425	609	15	66	1964	2495	8057991	23037	77874	2130031
709	3207	120	101	16	32	774	326	5815	666	29	63	2308	2729	8060720	23069	77911	2295902
710	3344	142	28	12	0	1534	376	2061	514	21	48	974	1430	8062150	23069	77940	2387217
711	2771	59	35	8	2	1534	178	1959	164	5	27	847	1084	8063234	23071	77958	2040466
712	2669	92	38	10	6	668	273	1881	175	36	48	893	1246	8064480	23077	77991	1946183
713	2885	161	231	20	3	340	428	11181	1051	12	66	3882	4408	8068888	23080	78030	2152804
714	3448	90	96	19	2	1534	259	5916	496	18	66	2074	2431	8071319	23082	78060	2481157
715	3063	147	404	56	4	784	323	15994	2045	11	174	4974	5503	8076822	23086	78145	2223698
716	4860	390	2147	153	9	503	770	129796	13920	34	477	32523	33802	8110624	23095	78357	3962122
717	4548	271	240	19	9	503	585	14424	1439	32	75	3846	4538	8115162	23104	78417	3390055
718	4898	351	483	51	7	1515	768	28292	2466	65	189	6727	7716	8122878	23111	78543	4003791
719	4547	224	14	8	4	1230	511	1015	67	30	39	437	1019	8123897	23115	78574	3372332
720	4896	357	930	69	9	835	784	54964	4465	17	216	13293	14325	8138222	23124	78676	4023701
721	4591	240	17	10	5	1230	566	1234	214	24	42	569	1209	8139431	23129	78714	3440528
722	2030	65	35	14	2	374	196	2110	220	11	48	821	1097	8140528	23131	78741	1633148
723	2364	215	137	16	28	179	546	6848	706	157	153	2438	3169	8143697	23159	78823	1834395
724	4869	441	133	20	27	399	1010	6632	576	102	120	2580	3742	8147439	23186	78902	3971710
725	4860	323	139	31	51	399	766	7624	717	118	153	2724	3675	8151114	23237	78997	3964616
726	4480	204	88	12	9	464	530	5592	522	54	63	1520	2145	8153259	23246	79060	3318451
727	4502	368	17	12	18	399	882	1170	127	139	111	624	1649	8154908	23264	79150	3319588
728	4520	341	67	27	25	1230	811	4036	506	98	132	1512	2487	8157395	23289	79234	3325064
729	4780	207	51	13	11	2118	495	2876	224	36	57	1132	1716	8159111	23300	79272	3482187
730	2393	46	116	19	2	835	142	7006	520	0	57	2061	2292	8161403	23302	79304	1840042
731	1814	30	78	9	0	234	97	3715	455	10	33	1379	1541	8162944	23302	79327	1450516
732	13	7	5	4	0	4	27	357	33	0	12	162	233	8163177	23302	79332	1126
733	2293	57	62	15	2	784	175	3519	355	6	48	1424	1679	8164856	23304	79362	1806405
734	2001	31	65	15	2	784	100	3799	333	0	45	1195	1372	8166228	23306	79379	1624073
735	3153	55	357	8	3	234	167	17454	1589	6	27	4895	5121	8171349	23309	79394	2328007
736	2951	78	434	28	3	464	217	22729	2167	11	90	6488	6827	8178176	23312	79441	2251025
737	7636	4677	21651	4573	1	464	10094	1295132	112658	27	13734	349701	373561	8551737	23313	84084	3811146
738	3245	252	1457	214	0	464	543	67184	8222	6	645	20459	21679	8573416	23313	84308	2331897
739	2560	39	24	9	2	464	121	1311	104	0	27	550	730	8574146	23315	84324	1896802
740	3368	94	315	17	2	835	271	19602	1538	10	57	4858	5218	8579364	23317	84359	2518448
741	2173	28	60	4	0	835	90	3564	195	6	15	1001	1138	8580502	23317	84366	1750857
742	2213	66	210	61	1	2118	166	11561	1225	0	183	2761	3142	8583644	23318	84429	1762776
743	179	19	21	10	0	56	64	1411	119	0	30	493	619	8584263	23318	84441	20598
744	6	3	2	2	0	4	17	168	8	0	6	106	161	8584424	23318	84443	268
745	3425	233	185	26	30	374	587	9612	877	12	84	3290	3993	8588417	23348	84494	2746234
746	2353	35	61	9	2	454	113	3016	357	11	33	1389	1567	8589984	23350	84513	1820516
747	2353	28	28	4	0	273	92	1561	123	12	18	703	845	8590829	23350	84525	1818633
748	2618	34	89	14	1	2118	110	4821	471	0	42	1702	1886	8592715	23351	84548	1933532
749	2605	25	51	5	0	2118	83	3252	290	6	18	1103	1236	8593951	23351	84564	1925157
750	2840	36	53	14	0	2118	116	3237	390	12	48	1241	1437	8595388	23351	84591	2028140
751	2255	206	41	21	20	227	488	2691	252	86	110	962	1592	8596980	23371	84675	1731634
752	2631	160	84	35	3	1230	383	5069	402	48	138	1431	1984	8598964	23374	84743	2056052
753	865	95	21	11	10	96	266	1440	105	12	39	527	864	8599828	23384	84762	696942
754	2879	91	177	24	7	835	263	9171	902	11	78	3377	3750	8603578	23391	84813	2155273
755	2856	124	98	14	5	454	328	5748	491	12	48	2030	2438	8606016	23396	84840	2102924
756	2281	24	63	14	1	1205	80	4079	303	11	48	1238	1398	8607414	23397	84862	1772345
757	2367	73	68	16	1	680	216	4068	494	28	63	1603	1914	8609328	23398	84906	1857030
758	2011	45	57	8	1	671	142	2604	327	6	27	1113	1314	8610642	23399	84917	1629401
759	3690	128	113	21	10	1205	362	7325	618	30	78	2316	2788	8613430	23409	84970	2673556
760	26	13	21	11	0	11	47	1497	107	0	33	497	609	8614039	23409	84982	2823
761	3455	214	1478	100	1	1205	521	77154	7022	10	306	22844	23703	8637742	23410	85119	2502212
762	2581	222	536	144	0	1205	477	26947	2676	4	435	7508	8452	8646194	23410	85278	1900379
763	1968	19	82	11	1	1180	65	5363	356	6	36	1937	2070	8648264	23411	85294	1613810
764	1084	92	205	26	0	307	258	10629	1549	41	99	3207	3596	8651860	23411	85341	644868
765	2212	38	163	27	0	1205	111	9103	874	0	81	2657	2881	8654741	23411	85372	1767018
766	1886	325	739	169	4	671	743	32897	3830	74	549	10149	11473	8666214	23415	85601	1481105
767	2301	180	24	14	4	464	433	1545	115	18	51	549	1065	8667279	23419	85629	1784694
768	2806	50	149	14	0	680	147	6729	672	0	42	2187	2408	8669687	23419	85651	2019850
769	2173	28	21	4	1	680	90	1148	80	0	12	470	604	8670291	23420	85656	1746785
770	2421	215	180	55	4	422	526	10563	1071	199	266	2991	3815	8674106	23424	85795	1913074
771	2723	59	137	21	1	273	179	7534	703	5	66	2407	2684	8676790	23425	85833	1973864
772	2762	58	102	13	3	1205	167	5377	485	0	39	2206	2444	8679234	23428	85861	2068450
773	2866	75	53	14	0	671	217	2679	371	22	53	1150	1452	8680686	23428	85896	2102881
774	1740	186	64	13	4	146	465	3093	291	27	55	1177	1729	8682415	23432	85943	1391146
775	990	143	190	31	5	96	377	9380	982	42	117	2929	3455	8685870	23437	86001	757822
776	1305	38	113	21	2	374	121	5216	558	0	63	1667	1883	8687753	23439	86027	1111132
777	2205	45	71	18	0	234	137	3902	362	6	57	1524	1750	8689503	23439	86052	1759492
778	1798	29	14	5	1	234	94	680	60	0	15	286	427	8689930	23440	86061	1443623
779	2359	144	423	43	3	464	368	26599	2334	23	144	4894	5438	8695368	23443	86126	1787693
780	2551	186	215	51	8	307	479	10950	1155	21	165	3576	4252	8699620	23451	86204	1926339
781	2171	16	18	4	2	1205	56	1104	79	6	15	511	614	8700234	23453	86212	1744840
782	3361	63	114	12	1	1205	189	5818	754	36	54	2411	2686	8702920	23454	86245	2497994
783	3362	77	97	12	13	1265	222	5324	510	12	42	1882	2178	8705098	23467	86268	2495965
784	1101	89	44	24	6	307	238	2539	233	44	97	879	1246	8706344	23473	86312	638622
785	2679	31	100	8	0	784	97	4860	458	12	30	1965	2124	8708468	23473	86329	1950517
786	2887	198	126	37	5	680	499	7322	683	12	117	2122	2770	8711238	23478	86403	2107494
787	2876	90	38	14	35	1230	250	2477	170	24	54	842	1178	8712416	23513	86433	2363731
788	24	11	8	6	0	11	41	605	33	0	18	218	309	8712725	23513	86442	3121
789	2993	192	188	28	6	434	505	10277	1055	35	102	3570	4209	8716934	23519	86521	2203416
790	2639	126	135	22	63	434	328	7160	707	18	75	2580	3015	8719949	23582	86559	2023279
791	3345	83	181	18	5	434	235	8940	896	24	66	3296	3629	8723578	23587	86592	2412580
792	2617	82	106	9	4	464	233	4665	516	6	30	1626	1921	8725499	23591	86619	1926322
793	2393	37	188	19	0	1265	114	9200	919	0	57	3071	3274	8728773	23591	86647	1836617
794	2048	38	60	10	6	1180	120	2983	356	0	30	1235	1417	8730190	23597	86666	1647841
795	2316	36	85	15	0	1265	112	4140	445	0	45	1650	1839	8732029	23597	86688	1805314
796	2537	30	223	17	0	1265	97	9788	1026	5	54	3578	3761	8735790	23597	86713	1890322
797	2610	85	155	14	2	1230	242	6670	740	30	57	2735	3066	8738856	23599	86751	1997539
798	2584	46	22	7	0	680	141	1267	149	4	24	503	700	8739556	23599	86767	1919465
799	2173	28	19	7	1	680	92	1090	113	0	21	487	632	8740188	23600	86777	1744932
800	2581	70	67	24	0	1180	204	4190	333	8	78	1257	1571	8741759	23600	86811	1928178
801	2339	35	23	7	0	464	109	1321	88	6	24	526	691	8742450	23600	86829	1809106
802	2710	34	53	8	8	1265	99	2735	278	0	24	1162	1317	8743767	23608	86844	1958517
803	1920	22	43	13	0	1180	72	1957	287	0	39	788	931	8744698	23608	86861	1576859
804	2384	80	75	24	2	268	229	3893	438	12	78	1242	1581	8746279	23610	86900	1774598
805	2992	238	574	168	0	434	545	27536	3073	165	588	8510	9675	8755954	23610	87114	2140026
806	3349	103	477	57	1	1246	287	20307	2651	16	180	7496	7995	8763949	23611	87193	2457986
807	2637	83	603	31	0	374	229	29135	3350	0	93	8843	9197	8773146	23611	87236	1971310
808	2561	97	333	17	2	511	268	17950	2156	24	63	5113	5476	8778622	23613	87268	1982058
809	2012	45	15	6	2	434	142	801	90	11	24	406	604	8779226	23615	87288	1633267
810	2459	53	49	17	5	434	163	2707	320	0	51	1002	1248	8780474	23620	87318	1847211
811	1981	38	15	8	1	434	119	968	88	11	30	398	579	8781053	23621	87339	1615759
812	3586	159	180	41	9	1180	416	9831	912	156	201	3294	3943	8784996	23630	87429	2746456
813	2455	117	46	20	2	257	330	2622	235	18	69	854	1285	8786281	23632	87479	1920604
814	1501	27	34	8	0	374	89	1558	150	6	27	671	819	8787100	23632	87493	1324350
815	2568	39	157	11	0	434	121	16107	593	6	36	3054	3243	8790343	23632	87513	1920929
816	271	34	21	14	0	56	102	1342	217	8	47	608	789	8791132	23632	87542	64485
817	2875	129	261	26	6	676	354	14727	1397	42	99	4596	5081	8796213	23638	87596	2113774
818	2448	39	9	7	3	434	124	780	127	6	24	354	534	8796747	23641	87615	1842539
819	3040	553	272	116	14	277	1249	15210	1394	18	357	4274	5912	8802659	23655	87785	2106732
820	2708	71	42	5	4	511	205	1693	230	0	15	758	1010	8803669	23659	87794	1973190
821	2584	45	60	11	0	680	136	3819	256	0	33	1222	1423	8805092	23659	87809	1920379
822	2173	27	14	7	1	680	89	1089	104	0	21	422	564	8805656	23660	87819	1745150
823	3550	140	520	15	7	784	348	23554	2374	6	48	7918	8346	8814002	23667	87850	2631907
824	2935	94	128	19	5	256	275	6638	577	22	69	2244	2620	8816622	23672	87890	2188641
825	2306	44	163	39	0	1265	115	9286	934	6	120	2766	3033	8819655	23672	87932	1778846
826	2007	37	6	4	4	434	118	421	24	6	15	203	368	8820023	23676	87940	1626748
827	2171	13	25	8	0	1265	47	1681	125	0	24	623	726	8820749	23676	87950	1743839
828	3155	124	142	24	0	1230	343	6209	686	23	84	2536	2995	8823744	23676	87998	2556805
829	3545	670	1508	304	1	1180	1411	72764	8077	90	957	21935	24335	8848079	23677	88349	2292078
830	2890	92	34	19	19	762	256	2566	278	30	72	826	1186	8849265	23696	88389	2138682
831	2478	114	34	14	20	676	308	2142	187	35	60	818	1218	8850483	23716	88421	1900573
832	2101	94	134	52	1	1180	252	7458	764	0	156	2448	2888	8853371	23717	88488	1680447
833	3402	519	632	148	4	762	1131	27422	3428	17	453	8843	10459	8863830	23721	88663	2248003
834	3499	455	477	116	3	1265	986	23604	2428	16	357	7072	8447	8872277	23724	88803	2306688
835	1315	98	38	19	1	484	270	2446	530	46	81	1208	1591	8873868	23725	88852	1173336
836	3553	756	64	41	38	143	1730	3600	3561	841	709	3727	6198	8880066	23763	89162	2698534
837	2207	99	20	12	0	484	259	1334	120	82	90	593	974	8881040	23763	89201	1728231
838	3155	298	467	101	5	484	676	23251	2510	66	336	7393	8437	8889477	23768	89336	2189857
839	2013	38	58	11	7	484	121	3448	289	6	36	1194	1383	8890860	23775	89351	1630160
840	2993	247	435	111	41	762	572	24521	2124	107	387	7124	8115	8898975	23816	89503	2165046
841	2154	115	136	16	10	511	320	5693	635	40	72	2452	2876	8901851	23826	89544	1673072
842	2074	215	170	30	6	146	535	9215	873	48	117	2913	3597	8905448	23832	89618	1682351
843	2060	233	278	43	5	146	577	13767	1631	38	150	4090	4849	8910297	23837	89682	1664449
844	2803	49	31	8	1	762	155	1917	204	0	24	777	988	8911285	23838	89696	2013422
845	2173	29	18	7	3	762	95	1119	139	0	21	536	684	8911969	23841	89706	1745159
846	2649	43	40	15	0	359	135	2318	217	17	54	828	1049	8913018	23841	89736	1990940
847	2530	47	8	8	3	680	138	668	33	0	24	179	373	8913391	23844	89757	1920577
848	2623	142	202	46	11	374	379	9713	970	24	153	3179	3743	8917134	23855	89833	1971114
849	3327	56	31	6	2	464	175	1516	134	24	30	790	1027	8918161	23857	89860	2475515
850	2205	180	190	14	11	464	421	9152	737	61	82	2386	2921	8921082	23868	89918	1778314
851	2205	173	138	16	0	464	404	41163	791	34	69	3128	3633	8924715	23868	89951	1811468
852	4026	629	891	184	29	256	1423	44796	4234	190	648	13862	15965	8940680	23897	90220	2722929
853	1915	150	28	14	5	146	388	1968	149	24	54	580	1054	8941734	23902	90249	1572586
854	2572	90	80	17	3	464	248	6180	393	11	57	1810	2147	8943881	23905	90286	1911052
855	2299	50	156	16	2	464	154	9062	979	12	54	2189	2429	8946310	23907	90312	1748505
856	2197	64	141	19	2	493	183	7267	671	0	57	2213	2485	8948795	23909	90349	1728225
857	2018	23	79	7	2	784	75	4358	343	0	21	1414	1542	8950337	23911	90366	1628899
858	2908	264	331	35	53	145	653	17147	1591	91	153	5745	6583	8956920	23964	90447	2157118
859	3191	155	439	43	3	1279	418	22596	2140	18	138	7606	8194	8965114	23967	90522	2356189
860	3396	220	120	24	10	202	551	6207	560	191	171	2394	3148	8968262	23977	90618	2491609
861	2576	29	66	6	1	484	94	3175	292	6	21	1313	1460	8969722	23978	90630	1904138
862	1989	49	90	9	2	238	152	4344	492	17	36	1741	1961	8971683	23980	90648	1524381
863	2806	47	275	17	0	359	147	12634	1499	6	54	4569	4802	8976485	23980	90675	2067398
864	2434	31	18	8	0	1230	99	1026	96	0	24	425	580	8977065	23980	90690	1858396
865	2477	50	270	37	0	1296	146	14043	1409	6	114	4134	4426	8981491	23980	90733	1873618
866	2214	26	26	8	1	1246	84	1806	113	0	24	563	703	8982194	23981	90744	1752662
867	2012	42	17	9	0	374	131	1296	89	12	33	555	751	8982945	23981	90764	1627701
868	2745	58	103	14	5	359	179	4716	455	6	45	2000	2256	8985201	23986	90790	2034420
869	2565	40	109	15	1	1279	126	5784	522	0	45	1925	2128	8987329	23987	90814	1896978
870	3062	326	193	69	89	1296	751	10461	937	58	237	3244	4264	8991593	24076	90916	2100452
871	3510	155	140	17	3	1246	409	6617	665	10	57	2440	2938	8994531	24079	90954	2779448
872	3410	116	283	35	8	374	323	14895	1602	36	123	4790	5268	8999799	24087	91016	2557541
873	3184	143	293	29	13	238	391	13596	1340	35	108	4798	5329	9005128	24100	91075	2337003
874	2569	71	27	9	5	374	207	1506	232	24	39	685	963	9006091	24105	91101	1964684
875	2844	141	612	122	3	1296	324	34358	3155	0	366	9321	10043	9016134	24108	91232	2042168
876	2306	37	77	8	0	784	116	3090	445	0	24	1191	1363	9017497	24108	91250	1805066
877	1974	22	431	4	0	1279	73	8686	1997	0	12	2966	3083	9020580	24108	91256	1625908
878	2237	38	484	14	0	1279	120	29663	1643	0	42	10406	10600	9031180	24108	91275	1804066
879	2548	39	327	12	1	1230	124	13890	1417	12	42	5290	5488	9036668	24109	91299	1900602
880	108	16	24194	7	1	39	55	1837062	72616	0	21	465817	465925	9502593	24110	91309	1850832
881	75	21	12	10	0	39	69	963	53	5	33	298	432	9503025	24110	91328	9254
882	2068	79	62	11	3	180	232	2911	343	17	42	1061	1367	9504392	24113	91368	1653982
883	3230	304	1487	88	5	286	739	77501	7511	44	288	23089	24148	9528540	24118	91489	2436554
884	2669	203	194	44	8	168	519	13532	1080	24	144	3501	4196	9532736	24126	91560	1978640
885	2995	253	361	32	18	168	623	18834	1748	33	114	5848	6617	9539353	24144	91618	2228891
886	2577	79	28	10	3	762	221	1963	148	6	33	781	1067	9540420	24147	91647	1967825
887	2370	48	38	7	2	1279	147	1886	236	6	24	823	1026	9541446	24149	91665	1827079
888	2635	104	52	15	1	268	284	2916	280	12	51	1060	1427	9542873	24150	91700	1933021
889	129	51	21	17	0	26	146	1296	174	12	57	464	699	9543572	24150	91730	55796
890	2487	34	182	8	0	708	109	8117	875	16	33	2841	3015	9546587	24150	91752	1886870
891	2735	65	97	11	4	642	188	4757	559	17	42	1679	1941	9548528	24154	91780	2055599
892	1104	71	327	22	1	268	197	17879	1429	18	75	5471	5775	9554303	24155	91819	1060770
893	3054	121	1190	40	2	467	336	47654	6497	17	129	15884	16381	9570684	24157	91884	2264167
894	3207	79	548	32	1	708	218	23609	2919	12	102	7933	8285	9578969	24158	91934	2355375
895	2704	96	170	21	3	484	278	10521	954	16	72	2380	2762	9581731	24161	91988	2005123
896	6	3	2	2	0	4	17	176	8	0	6	113	168	9581899	24161	91990	276
897	3326	126	1071	67	3	708	328	53565	5749	10	207	15676	16243	9598142	24164	92078	2495868
898	3287	128	81	13	2	784	338	4495	504	17	48	1531	1949	9600091	24166	92110	2476421
899	3788	255	95	12	4	256	627	4536	436	68	72	1862	2593	9602684	24170	92173	2834272
900	3764	222	559	54	38	1201	541	25208	2484	36	180	8779	9532	9612216	24208	92259	2762269
901	3664	202	31	17	1	762	499	2180	156	21	63	736	1330	9613546	24209	92307	2681526
902	3352	174	1866	68	1	1201	411	88860	8739	6	207	27224	27874	9641420	24210	92394	2581398
903	3317	120	201	17	5	1201	314	10146	970	6	54	3450	3850	9645270	24215	92424	2492068
904	2307	29	87	16	2	1201	92	5171	426	0	48	1749	1921	9647191	24217	92445	1868269
905	3154	73	99	21	2	1279	203	5170	484	16	72	1826	2133	9649324	24219	92485	2308726
906	3338	132	63	16	51	642	340	3654	472	41	69	1601	2042	9651366	24270	92522	2521563
907	3286	94	17	6	1	467	261	1141	113	153	96	642	1031	9652397	24271	92563	2468733
908	2960	122	487	56	0	1279	312	21880	2715	5	171	7490	8005	9660402	24271	92637	2156752
909	3484	231	2086	100	12	1279	537	96037	11700	6	303	30029	30901	9691303	24283	92744	2649213
910	2510	49	26	9	1	467	155	1314	208	21	39	618	844	9692147	24284	92763	1918180
911	3433	103	38	17	7	467	297	2724	460	24	63	1064	1456	9693603	24291	92813	2429716
912	4470	155	160	44	5	305	411	11092	843	0	132	2336	2911	9696514	24296	92897	3230957
913	5050	163	258	28	6	1201	437	14104	1326	59	114	4795	5378	9701892	24302	92979	3721502
914	5717	429	326	23	39	464	994	17701	1434	18	78	4712	5816	9707708	24341	93052	4231384
915	6101	276	145	21	30	467	696	7812	1414	120	123	3647	4498	9712206	24371	93135	4567902
916	2839	95	2048	48	0	1201	249	78512	12708	6	147	24260	24688	9736894	24371	93207	2216752
917	2498	170	980	25	3	464	457	78265	4374	37	97	13727	14313	9751207	24374	93288	1983389
918	2059	38	125	8	2	467	119	4907	495	6	27	1886	2064	9753271	24376	93304	1678840
919	2469	60	579	12	4	467	186	30976	2990	12	42	7528	7788	9761059	24380	93334	1947269
920	2635	42	38	11	0	467	134	2304	146	12	39	731	936	9761995	24380	93357	2038495
921	2087	67	542	27	0	467	181	57778	3719	5	84	7705	8002	9769997	24380	93406	1738252
922	3038	145	1404	67	4	1201	361	53112	6586	15	210	17286	17889	9787886	24384	93502	2191505
923	2051	43	103	15	2	467	134	4647	539	0	45	1663	1874	9789760	24386	93520	1674590
924	1830	43	299	21	0	573	124	10499	1071	6	66	2559	2781	9792541	24386	93551	1456579
925	2390	39	393	15	0	1201	115	22147	1427	6	48	5563	5758	9798299	24386	93578	1884652
926	2961	109	1202	45	1	467	292	48016	4885	95	183	15103	15610	9813909	24387	93653	2210603
927	3020	110	497	42	8	573	301	32618	2765	30	141	8980	9454	9823363	24395	93726	2192349
928	2599	27	34	8	0	1201	88	1930	159	0	24	784	928	9824291	24395	93739	1949967
929	2697	59	300	20	3	573	170	13011	1591	22	72	4223	4497	9828788	24398	93773	2076402
930	2347	26	29	6	0	1201	86	1668	141	0	18	751	887	9829675	24398	93780	1817043
931	2819	117	1454	40	2	573	308	58500	7819	6	123	18886	19349	9849024	24400	93850	2150349
932	2715	100	1026	30	4	1201	210	56090	3592	6	93	13541	13876	9862900	24404	93894	2000935
933	2614	60	138	21	2	573	171	7033	718	12	69	2418	2690	9865590	24406	93929	1942204
934	2437	76	125	21	3	573	213	8210	594	23	75	1791	2111	9867701	24409	93977	1935599
935	2016	135	41	14	25	164	361	2225	189	16	51	783	1227	9868928	24434	94020	1633783
936	2906	121	222	21	5	1201	337	11477	1814	11	69	4271	4709	9873637	24439	94080	2240982
937	2600	82	50	14	1	222	237	2445	306	6	45	948	1262	9874899	24440	94116	1916174
938	2660	82	104	15	1	1230	241	4821	471	28	60	1628	1961	9876860	24441	94162	2082490
939	2927	125	200	22	4	1279	355	10487	1457	6	69	3814	4270	9881130	24445	94217	2252454
940	2884	92	54	13	6	762	270	3467	248	5	42	1134	1478	9882608	24451	94246	2212392
941	2669	86	40	7	4	511	266	2160	156	29	36	879	1213	9883821	24455	94274	2093721
942	2809	78	36	15	1	1246	234	2345	180	12	51	821	1138	9884959	24456	94307	2168715
943	2665	60	45	12	7	920	187	2537	255	12	42	1101	1362	9886321	24463	94335	2088195
944	2351	23	17	7	1	920	77	978	148	12	27	513	649	9886970	24464	94348	1817387
945	3484	158	186	27	7	511	423	12181	1143	30	96	3590	4141	9891111	24471	94401	2574007
946	3499	212	579	32	5	511	548	32446	2849	40	117	9233	9930	9901041	24476	94460	2607565
947	3881	163	629	11	16	511	436	28118	2719	42	54	9166	9688	9910729	24492	94490	2918987
948	3300	96	167	29	4	784	277	8894	801	18	96	3168	3573	9914302	24496	94545	2420716
949	5726	256	1211	56	16	1201	644	66894	6480	58	198	20740	21614	9935916	24512	94659	4600309
950	5028	109	207	21	4	1246	313	11280	1341	22	75	4024	4444	9940360	24516	94705	3663456
951	5476	274	2369	108	5	1230	668	129515	11515	29	339	37927	38966	9979326	24521	94854	4405953
952	5585	358	2516	98	28	1232	852	136505	12868	21	306	40162	41352	10020678	24549	94964	4518626
953	5420	202	56	6	4	1232	515	2732	363	96	69	1196	1812	10022490	24553	94996	4310204
954	6154	476	2688	100	12	1232	1116	141872	13766	74	348	44637	46133	10068623	24565	95151	5225697
955	5578	267	1485	71	13	1232	648	82836	7856	29	228	25200	26108	10094731	24578	95236	4520958
956	5907	431	3958	162	25	1232	998	214458	21521	82	528	62847	64405	10159136	24603	95428	4897142
957	5794	292	754	43	27	1232	706	39529	3967	91	177	13535	14450	10173586	24630	95502	4676946
958	5516	194	1162	28	60	1232	476	63926	6145	83	126	19756	20390	10193976	24690	95561	4464332
959	5454	152	239	18	5	1232	380	14952	1310	198	156	5323	5891	10199867	24695	95629	4331960
960	5442	148	696	28	19	1234	373	35040	3457	17	93	12010	12508	10212375	24714	95664	4348188
961	5793	258	2316	69	5	1234	623	123916	11949	95	255	37143	38053	10250428	24719	95765	4751180
962	5456	148	886	42	2	1234	368	49634	4625	11	132	14716	15248	10265676	24721	95812	4368845
963	5501	164	1465	37	4	1234	406	77962	8830	15	120	23241	23799	10289475	24725	95857	4443678
964	5856	294	1473	111	18	1234	690	79701	7903	30	348	24684	25754	10315229	24743	95982	4701989
965	6526	458	2795	142	41	1234	1078	149284	14557	115	486	47892	49488	10364717	24784	96189	5334750
966	5113	138	312	32	5	1292	381	16697	1665	53	123	5495	6031	10370748	24789	96267	3666742
967	5186	198	293	26	4	592	520	15601	1696	36	96	6140	6788	10377536	24793	96336	3773065
968	5180	201	59	13	32	822	526	3547	312	23	51	1568	2177	10379713	24825	96361	3761596
969	4649	80	19	7	2	1292	230	1194	173	18	30	600	892	10380605	24827	96379	3388388
970	5342	248	1178	73	12	822	621	60336	6695	58	252	18140	19045	10399650	24839	96488	3869711
971	4930	102	68	11	6	1246	296	3600	558	24	45	1569	1942	10401592	24845	96527	3561132
972	4051	78	31	8	1	1246	227	1731	157	10	30	720	1009	10402601	24846	96545	2828544
973	5085	149	146	16	6	493	409	6895	1194	41	69	2832	3342	10405943	24852	96591	3631598
974	6345	315	236	30	13	1201	771	11744	1344	71	129	4430	5362	10411305	24865	96680	4958080
975	5427	136	146	20	8	1201	382	9101	811	26	75	2996	3485	10414790	24873	96730	4095785
976	4584	90	86	14	5	1201	269	5246	441	39	63	2047	2411	10417201	24878	96771	3328450
977	5259	102	82	17	4	1201	308	4722	494	30	66	1962	2368	10419569	24882	96816	4096632
978	5576	214	348	50	7	1201	547	21336	1926	17	159	7008	7746	10427315	24889	96894	4315146
979	5328	153	575	57	3	1292	412	32577	2978	27	186	10409	11039	10438354	24892	96987	4016155
980	6018	311	1085	60	19	1201	761	58302	5739	46	204	18882	19879	10458233	24911	97102	4819249
981	5440	158	663	44	19	1201	425	37676	3734	34	150	11680	12287	10470520	24930	97174	4313215
982	5308	129	62	23	2	1205	361	4546	423	76	108	1765	2266	10472786	24932	97240	4022356
983	5952	392	1441	116	13	1205	921	80458	7506	107	402	25657	27012	10499798	24945	97445	4761492
984	5654	242	742	50	33	1205	607	39284	3868	125	213	13296	14148	10513946	24978	97548	4263499
985	5324	112	166	29	10	1205	315	9836	869	6	90	3189	3626	10517572	24988	97591	4087938
986	5196	82	72	13	8	1205	241	4254	426	24	51	1684	2008	10519580	24996	97627	3954926
987	5850	317	811	74	62	1205	762	44609	4447	62	258	14077	15129	10534709	25058	97754	4608362
988	5707	198	500	46	4	1205	517	27983	2309	42	159	8406	9114	10543823	25062	97841	4524161
989	4298	89	42	13	5	934	267	2881	255	2	42	1153	1494	10545317	25067	97875	3018767
990	5183	125	219	35	2	934	357	11370	1325	30	120	4143	4652	10549969	25069	97953	3774280
991	5753	263	496	73	14	1205	656	28948	2540	241	342	9369	10399	10560368	25083	98109	4474580
992	6144	429	2084	147	8	934	1035	107739	10901	46	468	33999	35534	10595902	25091	98337	4930860
993	5566	219	537	52	7	934	564	28111	2680	38	177	9392	10165	10606067	25098	98432	4293978
994	5123	192	750	66	4	1292	484	37538	3986	24	210	12085	12811	10618878	25102	98530	3691215
995	5820	306	558	64	5	1205	752	32059	3028	132	261	10205	11250	10630128	25107	98660	4502401
996	6288	457	1112	140	2	1205	1076	63100	6393	64	453	19736	21297	10651425	25109	98867	4982637
997	5429	173	763	78	2	1205	448	43938	4024	35	252	12932	13664	10665089	25111	98973	4235342
998	5204	103	95	15	11	1205	299	5477	491	6	48	2162	2541	10667630	25122	99000	3960780
999	4814	88	55	17	5	1205	252	4097	357	35	69	1619	1972	10669602	25127	99035	3509019
1000	3947	78	14	9	2	1205	219	1220	97	11	33	475	759	10670361	25129	99058	2723554
1001	6032	176	158	22	6	1205	474	9347	751	16	75	3659	4240	10674601	25135	99102	4495526
1002	5981	349	1477	135	21	1292	841	80696	7951	62	438	24485	25796	10700397	25156	99302	4628884
1003	6369	470	1438	127	36	1715	1110	80691	7473	125	444	25048	26634	10727031	25192	99504	5066208
1004	5224	82	97	17	2	1715	232	5342	550	18	60	1974	2298	10729329	25194	99534	4016159
1005	5528	155	20	11	3	1715	418	1745	135	59	63	675	1188	10730517	25197	99585	4171633
1006	5738	278	208	26	9	1715	693	12118	1262	40	99	4164	4988	10735505	25206	99654	4415174
1007	5646	172	203	21	6	1715	465	11226	1049	45	87	4055	4639	10740144	25212	99706	4352969
1008	5884	281	236	36	18	1715	693	13355	1336	64	144	4628	5497	10745641	25230	99785	4492188
1009	5871	240	468	57	16	1715	601	25795	2510	17	180	8816	9629	10755270	25246	99885	4480262
1010	6182	332	399	38	63	1715	811	22491	2353	65	147	7674	8664	10763934	25309	99964	4930261
1011	5780	288	721	132	6	1715	690	44402	4271	37	417	12289	13428	10777362	25315	100124	4319124
1012	6345	364	1602	114	7	1715	880	88557	8440	185	444	27471	28827	10806189	25322	100321	5152178
1013	5840	162	72	23	10	1715	421	4858	466	80	111	1807	2371	10808560	25332	100380	4459948
1014	6071	357	1082	113	39	2949	860	60662	6066	95	396	18717	20005	10828565	25371	100547	4665909
1015	6005	288	789	99	30	2949	714	39450	4846	57	327	12987	14060	10842625	25401	100693	4685302
1016	5718	181	118	25	8	934	475	7396	712	85	120	2572	3199	10845824	25409	100762	4282343
1017	6013	223	444	57	10	2949	561	25542	2624	98	222	8328	9143	10854967	25419	100868	4770640
1018	5782	156	72	21	4	2949	406	4937	396	36	81	1647	2166	10857133	25423	100915	4356886
1019	5898	249	317	56	15	2949	612	18333	1840	24	180	5987	6811	10863944	25438	101006	4482438
1020	5668	134	158	33	7	2949	365	9501	850	36	117	3300	3814	10867758	25445	101066	4271197
1021	6667	433	3165	203	30	2949	1010	164841	16878	102	663	49458	51163	10918921	25475	101338	5218984
1022	6106	179	125	29	15	2949	461	8242	897	70	123	3125	3741	10922662	25490	101406	4810656
1023	5743	198	334	36	37	2949	502	20104	1676	83	150	6084	6768	10929430	25527	101484	4301467
1024	6129	296	833	73	8	2949	725	46575	4737	86	264	15078	16099	10945529	25535	101621	4800205
1025	5706	129	170	23	6	2951	343	9331	1172	12	75	3369	3819	10949348	25541	101664	4352402
1026	4533	46	49	14	2	2949	144	3545	306	6	45	1288	1509	10950857	25543	101692	3200815
1027	5548	98	84	19	6	2949	278	5445	461	28	72	1910	2292	10953149	25549	101748	4430531
1028	4805	60	202	34	3	2949	179	12566	1016	17	111	3821	4143	10957292	25552	101795	3502704
1029	4287	40	27	10	1	2949	127	1825	151	6	33	752	944	10958236	25553	101813	3031794
1030	6423	252	1670	124	7	2949	608	91032	8253	113	429	27729	28798	10987034	25560	101991	5138656
1031	4712	55	19	11	0	2949	168	1592	147	6	36	547	783	10987817	25560	102014	3657860
1032	4530	41	34	17	1	2949	128	2493	513	10	57	1078	1295	10989112	25561	102041	3170274
1033	5645	178	921	55	9	510	465	49018	5001	24	177	16010	16684	11005796	25570	102138	4428464
1034	5103	95	168	23	3	1234	285	9352	867	6	72	3132	3521	11009317	25573	102180	3668462
1035	5572	108	417	39	10	2949	301	21670	2225	17	126	7673	8132	11017449	25583	102239	4313932
1036	5649	148	253	30	4	934	407	15705	1489	24	102	5411	5952	11023401	25587	102309	4503714
1037	6369	400	1911	151	8	2949	941	98862	9725	29	468	30160	31601	11055002	25595	102522	4972270
1038	5625	93	93	18	1	2949	269	6405	555	45	78	2455	2834	11057836	25596	102571	4388667
1039	5585	176	266	63	8	2949	450	17199	1655	12	195	5265	5942	11063778	25604	102665	4206965
1040	5621	227	1171	123	3	934	557	59678	6586	6	372	18896	19857	11083635	25607	102832	4463516
1041	4906	71	61	18	1	2949	212	4302	357	0	54	1647	1945	11085580	25608	102864	3423504
1042	5801	333	1369	227	9	2949	749	80561	7575	24	693	22343	23817	11109397	25617	103114	4386738
1043	23	10	35	4	0	11	36	1907	117	0	12	620	700	11110097	25617	103119	32166
1044	5737	126	310	31	11	2949	344	19122	2489	21	105	5597	6078	11116175	25628	103173	4543110
1045	5759	150	711	54	4	2949	396	36660	3539	48	186	11767	12381	11128556	25632	103260	4588955
1046	5475	92	128	21	1	2949	264	8819	718	12	69	2713	3078	11131634	25633	103304	4206362
1047	5648	134	612	57	3	2949	355	34161	3131	10	177	10759	11323	11142957	25636	103386	4456742
1048	6314	438	1609	228	11	1234	1012	93355	8813	60	714	27286	29044	11172001	25647	103669	4881448
1049	5369	109	214	28	4	1017	312	13210	1151	34	102	4451	4897	11176898	25651	103728	4097075
1050	4824	45	101	20	1	2949	134	6275	645	18	69	2505	2740	11179638	25652	103760	3389007
1051	5151	48	117	13	5	2949	150	7421	767	0	39	2820	3041	11182679	25657	103783	3925468
1052	6500	547	2820	343	7	2949	1228	153324	15099	16	1038	44152	46450	11229129	25664	104165	4998887
1053	5665	150	617	61	3	2949	398	34326	3087	12	189	10364	10983	11240112	25667	104251	4502286
1054	5754	233	691	42	6	2949	588	33440	3312	15	135	11730	12485	11252597	25673	104337	4404417
1055	6021	139	461	45	2	2949	382	25187	2548	18	144	8959	9517	11262114	25675	104414	4743331
1056	5370	53	56	10	2	2949	166	3873	296	18	39	1223	1460	11263574	25677	104433	3993124
1057	5091	158	89	21	36	2949	387	5740	516	18	72	1968	2459	11266033	25713	104474	3890558
1058	4662	82	302	15	3	822	237	15685	1283	30	60	5570	5899	11271932	25716	104514	3507172
1059	3349	79	127	33	1	1279	219	7903	635	0	99	2124	2474	11274406	25717	104558	2482545
1060	3832	100	16	9	3	784	286	1121	129	6	30	441	789	11275195	25720	104593	2741942
1061	5265	74	306	17	4	1017	220	16101	1495	18	60	6147	6459	11281654	25724	104639	3999466
1062	5705	234	909	88	13	1292	580	48963	4567	23	276	15386	16274	11297928	25737	104766	4290917
1063	5259	141	199	30	7	2949	379	11986	1157	44	114	4237	4762	11302690	25744	104827	3679989
1064	5196	93	836	24	2	1017	273	39688	6166	12	78	10938	11321	11314011	25746	104877	4144969
1065	5307	106	220	22	6	1017	295	11954	1213	17	75	4045	4447	11318458	25752	104934	3834040
1066	4615	139	77	10	1	1017	327	4128	369	9	36	1559	1954	11320412	25753	104964	3282038
1067	5652	286	325	54	9	1230	675	19859	1544	104	216	5907	6830	11327242	25762	105084	4252568
1068	4114	23	27	9	0	2949	77	1687	159	6	30	695	834	11328076	25762	105098	2991981
1069	5429	72	101	20	0	2951	212	6660	619	42	81	2527	2852	11330928	25762	105144	4103837
1070	5689	210	624	64	20	1279	539	34573	3096	48	216	10991	11778	11342706	25782	105255	4277961
1071	4369	270	111	11	8	822	636	5824	559	63	66	2150	2884	11345590	25790	105305	3085649
1072	6080	305	1131	78	9	1292	708	58907	5713	46	258	18871	19869	11365459	25799	105437	4685432
1073	3060	71	716	45	3	1292	194	36109	3536	0	135	11329	11690	11377149	25802	105490	2375702
1074	5115	218	129	14	13	344	563	7704	653	104	96	2800	3491	11380640	25815	105553	3672719
1075	5087	104	210	39	1	1279	294	12569	1007	18	126	3539	3991	11384631	25816	105612	3580540
1076	3742	65	18	10	6	472	198	1408	96	0	30	521	781	11385412	25822	105637	2670148
1077	3919	57	69	11	1	642	175	3810	369	0	33	1580	1820	11387232	25823	105661	2889806
1078	6034	218	685	53	41	1017	560	38062	3557	22	171	11726	12489	11399721	25864	105761	4525622
1079	4966	109	552	32	0	1279	316	26293	2752	23	108	8878	9334	11409055	25864	105828	3799381
1080	4239	61	42	10	6	1205	189	2745	214	24	42	1082	1345	11410400	25870	105858	3120839
1081	4805	92	95	22	2	1017	276	5921	507	0	66	1868	2242	11412642	25872	105903	3327654
1082	4114	28	17	9	0	1205	92	1240	127	6	30	532	686	11413328	25872	105916	2991461
1083	5099	51	117	14	1	1205	160	7433	574	17	51	2627	2870	11416198	25873	105944	3832136
1084	5048	78	59	11	9	1230	232	3330	288	6	36	1460	1760	11417958	25882	105971	3663058
1085	4476	87	329	30	2	1017	240	17510	1946	6	93	6369	6734	11424692	25884	106023	3506652
1086	4954	97	135	22	4	1205	278	7786	880	5	69	2972	3351	11428043	25888	106063	3467166
1087	5146	123	181	19	5	493	345	8936	955	17	66	3067	3510	11431553	25893	106109	3712634
1088	4558	87	573	44	3	1203	241	32479	3035	18	141	9273	9687	11441240	25896	106176	3354894
1089	4291	131	184	41	1	1230	354	11721	1069	28	138	3618	4142	11445382	25897	106231	3148771
1090	4354	48	112	13	1	1296	149	6196	620	12	45	2262	2488	11447870	25898	106253	3377931
1091	5201	92	63	22	2	920	271	4324	357	24	78	1516	1897	11449767	25900	106294	3999888
1092	3688	27	11	8	0	1205	89	923	66	6	27	347	495	11450262	25900	106311	2605246
1093	5376	113	77	25	3	1205	319	5461	432	17	84	1869	2304	11452566	25903	106361	3985929
1094	6570	522	1627	151	86	1203	1216	90041	8270	45	477	27699	29424	11481990	25989	106580	5175963
1095	3688	27	18	8	0	1205	89	1271	104	0	24	518	663	11482653	25989	106590	2605625
1096	4687	80	137	21	1	573	226	7585	649	17	72	2710	3040	11485693	25990	106632	3747272
1097	4378	101	255	46	2	920	283	15346	1470	0	138	3836	4289	11489982	25992	106686	3258616
1098	4936	61	284	34	6	1205	178	14028	1887	12	108	4932	5250	11495232	25998	106733	3597819
1099	1829	21	87	9	1	573	71	3935	389	6	30	1507	1640	11496872	25999	106746	1471008
1100	5743	136	211	35	13	2199	370	12517	1199	35	123	4248	4773	11501645	26012	106815	4386578
1101	5835	97	190	34	3	2199	274	10713	1371	0	102	3622	4030	11505675	26015	106867	4560258
1102	6473	310	1676	123	8	1296	754	88367	9268	180	459	29595	30840	11536515	26023	107064	5148777
1103	5627	308	446	49	20	504	786	25563	2264	80	191	8101	9110	11545625	26043	107191	4277135
1104	5766	228	586	68	5	642	590	32714	3013	66	237	11002	11861	11557486	26048	107309	4470726
1105	5763	282	383	54	34	355	714	21625	2137	27	177	7433	8356	11565842	26082	107404	4352456
1106	5817	127	270	44	4	2199	341	15529	1836	38	153	5681	6207	11572049	26086	107484	4459168
1107	5967	249	418	62	18	1296	633	25006	2646	44	210	7878	8753	11580802	26104	107595	4576407
1108	6395	267	727	108	7	1296	656	40549	3910	23	336	13308	14332	11595134	26111	107744	4971360
1109	6269	289	442	59	16	347	726	26198	2272	153	255	8396	9409	11604543	26127	107862	4878757
1110	6541	316	1008	123	8	642	766	56109	6131	16	378	18877	20053	11624596	26135	108019	5180515
1111	5960	137	162	32	2	2199	375	10136	889	46	120	3550	4077	11628673	26137	108080	4647546
1112	4329	50	72	5	1	1296	156	3939	363	11	21	1422	1631	11630304	26138	108095	3236994
1113	3932	54	34	15	2	2199	169	2562	205	0	45	906	1152	11631456	26140	108124	2823615
1114	4885	56	125	22	4	2199	175	7985	616	6	69	2788	3064	11634520	26144	108158	3562112
1115	4076	50	15	10	2	2199	152	1205	86	18	39	436	659	11635179	26146	108178	2879321
1116	4734	45	35	13	2	2199	141	2928	206	6	42	1110	1325	11636504	26148	108205	3338703
1117	6257	242	806	87	12	484	619	48151	4252	29	276	11990	12917	11649421	26160	108325	4882090
1118	5001	73	270	29	4	2199	204	14770	1651	30	102	5776	6114	11655535	26164	108381	3558609
1119	4387	103	41	11	2	676	291	2842	184	35	51	1068	1442	11656977	26166	108424	3309899
1120	5153	82	81	12	7	573	241	4638	406	23	48	1684	2005	11658982	26173	108457	3714794
1121	4696	44	40	15	1	2199	138	3062	280	24	57	1239	1466	11660448	26174	108490	3308785
1122	5356	82	187	15	3	573	240	8967	1258	24	57	3691	4020	11664468	26177	108527	4136984
1123	6115	141	246	23	7	1203	395	13711	1101	30	84	4677	5188	11669656	26184	108588	4624922
1124	4507	41	109	11	5	2199	128	5542	546	12	39	2189	2388	11672044	26189	108609	3268328
1125	4723	79	95	15	5	1279	236	5554	410	12	51	2043	2362	11674406	26194	108644	3313600
1126	5278	205	300	31	17	642	548	16003	1495	40	114	5904	6598	11681004	26211	108733	3949759
1127	5522	77	103	15	3	2199	224	5933	552	11	51	2380	2687	11683691	26214	108774	4190552
1128	3865	47	40	10	1	2199	143	2091	228	18	39	915	1129	11684820	26215	108794	2769083
1129	5306	133	420	62	6	1203	358	22591	2664	20	198	7807	8395	11693215	26221	108894	4120915
1130	4959	93	144	28	1	1230	269	8672	768	6	87	3219	3607	11696822	26222	108954	3529560
1131	5769	182	507	44	1	1296	492	26589	2677	6	135	8967	9626	11706448	26223	109029	4374893
1132	5161	46	117	12	0	2199	137	6560	580	16	45	2631	2845	11709293	26223	109052	3984896
1133	2917	115	580	66	5	1203	308	29807	3480	6	201	8952	9493	11718786	26228	109138	2224304
1134	5279	198	79	17	35	1203	512	5252	499	106	105	1927	2576	11721362	26263	109205	3827199
1135	4397	61	81	9	5	822	187	4324	328	36	45	1627	1891	11723253	26268	109228	3316754
1136	5691	196	1201	92	12	1203	497	63565	6159	51	303	20860	21692	11744945	26280	109365	4458270
1137	5568	190	1154	66	3	1203	480	60879	6410	28	213	19139	19864	11764809	26283	109477	4448242
1138	6470	428	3988	276	4	642	972	211364	20856	35	846	64350	66200	11831009	26287	109807	5141055
1139	5703	237	1019	86	6	399	608	55236	5351	37	279	17063	17982	11848991	26293	109935	4480294
1140	5998	163	2009	54	5	939	438	102671	11114	70	198	31390	32058	11881049	26298	110035	4880042
1141	4559	59	69	7	2	2197	181	4275	294	24	33	1222	1468	11882517	26300	110056	3194041
1142	4879	97	152	28	2	939	284	8857	736	12	90	2882	3288	11885805	26302	110109	3466394
1143	4668	163	159	28	6	939	448	8490	767	55	120	2963	3563	11889368	26308	110193	3335491
1144	5060	114	128	23	7	573	343	7078	884	5	72	2814	3261	11892629	26315	110241	3661409
1145	4835	82	223	23	0	1296	239	11374	1301	12	75	4240	4586	11897215	26315	110284	3717083
1146	4853	32	38	11	1	2199	103	3393	241	0	33	1186	1354	11898569	26316	110302	3666419
1147	4628	42	27	11	4	2199	131	1883	160	0	33	730	926	11899495	26320	110325	3510959
1148	4763	47	12	8	4	2949	148	1118	79	12	30	383	593	11900088	26324	110349	3647883
1149	4112	67	240	20	2	2949	201	13022	1417	0	60	3935	4228	11904316	26326	110389	3010650
1150	4073	53	24	11	3	1230	164	1873	157	35	51	669	916	11905232	26329	110416	2875454
1151	5067	62	101	19	4	2949	183	6302	688	6	60	2596	2871	11908103	26333	110449	3589910
1152	2587	44	16	8	0	762	131	1110	75	22	36	420	619	11908722	26333	110479	1999173
1153	4700	177	681	93	3	1296	447	35901	3323	6	282	11038	11799	11920521	26336	110604	3594399
1154	4569	102	213	20	3	401	297	12631	1104	22	72	3811	4212	11924733	26339	110657	3629290
1155	3393	344	795	121	2	1232	804	39506	15687	261	503	21598	22937	11947670	26341	110949	2552564
1156	3516	380	244	17	3	1203	890	12844	1321	50	78	4624	5624	11953294	26344	111021	2600193
1157	3360	395	86	9	12	939	941	4619	883	31	44	2111	3128	11956422	26356	111085	2527622
1158	3457	355	522	30	4	493	831	25666	3748	83	132	9838	10833	11967255	26360	111176	2563899
1159	3417	370	944	46	7	1232	864	49859	4720	21	150	15067	16113	11983368	26367	111254	2587815
1160	3594	438	667	48	21	493	1003	33571	3736	32	162	12344	13541	11996909	26388	111337	2660604
1161	3275	279	43	14	1	939	671	2767	275	86	87	1158	1948	11998857	26389	111389	2454836
1162	3459	351	222	21	166	1230	822	12812	1345	4	66	4111	5031	12003888	26555	111433	2571708
1163	3312	206	177	23	3	489	518	9866	986	446	333	3852	4735	12008623	26558	111587	2472876
1164	3486	278	278	12	4	489	685	14330	1276	16	45	5234	5996	12014619	26562	111613	2589846
1165	3288	209	28	7	7	489	519	1870	104	44	45	690	1286	12015905	26569	111659	2457759
1166	3333	246	66	22	38	489	612	3959	437	22	78	1552	2274	12018179	26607	111716	2468052
1167	3380	217	107	15	7	1203	533	5866	560	98	102	2275	2942	12021121	26614	111772	2538550
1168	3432	247	101	13	13	939	610	5728	454	38	59	1987	2688	12023809	26627	111831	2550333
1169	3296	199	133	16	7	489	494	7049	625	47	72	2553	3151	12026960	26634	111866	2459634
1170	10	7	5	4	0	4	29	436	23	0	12	182	255	12027215	26634	111871	759
1171	4172	534	3104	184	71	961	1253	162355	17237	95	603	49629	51517	12078732	26705	112146	3178846
1172	4054	415	789	33	6	939	992	38785	3514	207	207	13452	14683	12093415	26711	112253	3032463
1173	3995	356	247	30	14	1203	862	13452	1224	29	105	4711	5710	12099125	26725	112331	2998192
1174	3780	319	395	22	24	1203	777	19245	1678	40	87	6712	7608	12106733	26749	112380	2831493
1175	3577	258	244	12	8	493	640	12228	1098	29	51	4147	4870	12111603	26757	112415	2705204
1176	3959	341	544	28	51	493	812	30198	2287	94	132	8765	9741	12121344	26808	112471	2993766
1177	3365	157	46	8	10	288	408	2366	206	82	66	1175	1681	12123025	26818	112520	2525099
1178	3748	329	1242	101	4	493	774	64262	6702	124	378	18866	20050	12143075	26822	112675	2838275
1179	3872	345	214	18	70	1203	807	12392	988	21	66	3305	4210	12147285	26892	112717	2945538
1180	4083	387	940	31	7	939	897	44277	4593	235	213	14440	15582	12162867	26899	112828	3098329
1181	3936	350	474	48	13	947	819	26064	2393	32	162	8101	9114	12171981	26912	112906	2982635
1182	3657	260	276	16	7	947	605	13649	1481	64	81	4418	5136	12177117	26919	112947	2777955
1183	4110	330	986	64	42	1203	782	50700	6347	29	207	17318	18339	12195456	26961	113055	3080503
1184	2830	108	182	16	0	472	308	9318	1268	30	63	3081	3484	12198940	26961	113108	2097032
1185	2497	60	5	4	9	472	186	398	25	0	12	161	391	12199331	26970	113113	1955290
1186	3468	173	221	24	3	1294	452	11146	990	18	81	4025	4590	12203921	26973	113168	2577236
1187	3814	263	490	68	6	939	630	27324	2396	54	231	8321	9214	12213135	26979	113284	2837854
1188	3688	218	306	48	35	947	519	19497	1282	37	165	5729	6445	12219580	27014	113353	2771822
1189	3698	208	345	19	20	939	517	17156	2184	111	114	6346	7009	12226589	27034	113414	2787311
1190	3464	114	168	13	2	1232	314	9517	715	66	72	2995	3413	12230002	27036	113475	2577801
1191	4057	266	421	25	25	947	637	20943	2062	133	144	7253	8066	12238068	27061	113550	3046692
1192	4793	557	3133	234	9	947	1264	167164	22628	301	856	53244	55396	12293464	27070	113899	3644805
1193	4725	446	1304	49	73	947	1036	72371	6251	42	168	21041	22277	12315741	27143	113980	3650667
1194	3712	150	117	7	7	947	355	6726	521	219	132	2504	3023	12318764	27150	114037	2801921
1195	4081	309	949	43	7	939	720	48651	4039	51	156	15269	16177	12334941	27157	114115	3074134
1196	10	7	4	4	0	4	29	352	23	0	12	134	207	12335148	27157	114120	743
1197	3647	122	171	8	9	947	306	10094	843	22	36	2894	3268	12338416	27166	114146	2772209
1198	3374	163	609	68	9	1232	422	32706	3036	6	207	9703	10364	12348780	27175	114246	2497067
1199	3282	98	52	8	4	1232	279	2864	228	35	42	1177	1530	12350310	27179	114289	2454242
1200	3664	137	175	16	14	1235	353	9866	787	36	66	3380	3831	12354141	27193	114327	2765381
1201	3873	159	233	13	4	1203	411	12290	1021	45	63	4484	4990	12359131	27197	114377	2940534
1202	4078	264	1189	62	37	939	634	63033	5695	29	201	19905	20772	12379903	27234	114471	3070434
1203	3834	179	225	16	11	939	433	12271	985	123	111	4279	4855	12384758	27245	114525	2862318
1204	3737	119	655	17	13	1235	299	33155	2742	53	78	10564	10973	12395731	27258	114568	2831481
1205	3859	244	1342	50	5	1203	605	70755	6726	111	207	22346	23190	12418921	27263	114673	2909491
1206	3426	86	83	13	3	1235	232	4384	438	24	51	1736	2051	12420972	27266	114701	2582419
1207	2353	294	937	38	13	164	723	59702	3724	191	247	12273	13275	12434247	27279	114838	1939455
1208	3725	173	802	52	6	1235	431	31273	3697	18	165	9508	10136	12444383	27285	114907	2772300
1209	3750	147	501	28	13	1235	385	20563	3372	30	99	6455	6971	12451354	27298	114955	2822162
1210	3599	107	39	8	6	1235	294	2454	197	39	45	1124	1495	12452849	27304	114981	2705872
1211	92	12	12	6	1	40	44	734	54	0	18	246	340	12453189	27305	114990	10830
1212	3531	161	805	69	4	1235	396	45949	4278	29	222	9951	10601	12463790	27309	115076	2670155
1213	3487	154	114	9	14	327	392	5687	507	123	100	2267	2791	12466581	27323	115139	2650072
1214	4080	257	2397	120	7	1235	608	125229	12410	29	375	37064	38079	12504660	27330	115288	3124464
1215	3299	83	63	16	4	1279	239	3527	300	24	60	1155	1486	12506146	27334	115327	2458852
1216	3787	130	142	12	6	961	347	8452	596	58	66	2693	3138	12509284	27340	115376	2863944
1217	3621	84	353	17	3	1235	221	19004	1476	34	69	6049	6371	12515655	27343	115407	2733744
1218	4027	231	1388	95	21	1279	568	70526	6655	18	294	22813	23707	12539362	27364	115531	3009631
1219	3742	227	1126	80	2	939	544	61338	5484	21	252	18463	19291	12558653	27366	115643	2808624
1220	3918	146	1095	26	2	1235	377	37708	4272	106	132	12086	12627	12571280	27368	115709	2979074
1221	2601	46	46	12	2	1235	144	2604	289	6	39	1003	1218	12572498	27370	115737	1944581
1222	3195	61	12	8	4	961	184	997	164	11	30	420	666	12573164	27374	115757	2384070
1223	2276	30	30	8	1	1279	95	2022	123	6	27	772	926	12574090	27375	115774	1777695
1224	4102	339	282	111	0	961	781	21222	6134	23	345	7692	8850	12582940	27375	115915	3126344
1225	4731	462	1093	110	13	1239	1036	64035	7332	18	339	18319	19726	12602666	27388	116052	3634053
1226	3779	104	150	18	3	1239	300	8618	788	18	63	2688	3083	12605749	27391	116105	2815866
1227	2955	120	85	6	3	939	328	3976	395	5	21	1437	1818	12607567	27394	116130	2302243
1228	3639	145	250	48	5	1239	365	15843	2784	12	150	5907	6454	12614021	27399	116200	2740518
1229	3588	128	432	41	3	1239	333	22015	2277	22	135	7553	8053	12622074	27402	116265	2718797
1230	3786	119	157	26	9	1279	324	9471	792	6	81	2687	3124	12625198	27411	116306	2863655
1231	3554	78	244	14	2	1239	212	12985	1052	18	51	4438	4733	12629931	27413	116343	2696655
1232	3275	78	30	9	2	1277	235	1875	151	28	42	742	1051	12630982	27415	116379	2454249
1233	3295	110	290	17	8	1239	296	15359	1704	0	51	4446	4825	12635807	27423	116406	2448411
1234	3287	70	106	15	5	961	205	6066	660	30	60	2307	2604	12638411	27428	116436	2462209
1235	104	19	20	13	0	43	63	1417	120	6	42	433	570	12638981	27428	116454	10537
1236	3273	50	25	9	2	1239	156	1713	134	24	39	715	942	12639923	27430	116474	2453717
1237	3552	67	282	13	1	1239	187	14484	1277	18	48	5333	5600	12645523	27431	116507	2697290
