tu	raw	cumulative_raw	p29batch_wire	p29batch_cum_wire	p29batch_ratio	grz2_cum_wire	grz2_group_closes	grz2_ratio	grz2_fine_cum_wire	fastintern_wire	fastintern_cum_wire	fastintern_ratio	pred_cum_wire	pred_ratio	predfrozen_cum_wire	p29socket_wire	p29socket_cum_wire	p29socket_ratio	p29socket_b_root	p29socket_b_need	p29socket_b_fill
0	2364113	2364113	773944	773944	3.05	0	0	NA	0	586990	586990	4.03	53032	44.58	53031	439796	439796	5.38	4323	4198	431225
1	2525815	4889928	16019	789963	6.19	0	0	NA	0	207453	794443	6.16	103579	47.21	103577	103390	543186	9.00	4619	520	98227
2	2749866	7639794	9837	799800	9.55	0	0	NA	0	172550	966993	7.90	154811	49.35	154808	66597	609783	12.53	4894	196	61483
3	2156755	9796549	1982	801782	12.22	0	0	NA	0	98361	1065354	9.20	182336	53.73	199035	17591	627374	15.62	4147	103	13317
4	2024712	11821261	1233	803015	14.72	0	0	NA	0	86180	1151534	10.27	199938	59.12	242545	8268	635642	18.60	4090	45	4109
5	1957958	13779219	7222	810237	17.01	0	0	NA	0	103805	1255339	10.98	216539	63.63	294283	22506	658148	20.94	4644	713	17125
6	2091912	15871131	495	810732	19.58	0	0	NA	0	88913	1344252	11.81	221094	71.78	338659	10186	668334	23.75	4172	37	5953
7	2172271	18043402	1069	811801	22.23	0	0	NA	398458	88255	1432507	12.60	225431	80.04	384191	7380	675714	26.70	4251	39	3066
8	2023269	20066671	360	812161	24.71	0	0	NA	398458	83746	1516253	13.23	227900	88.05	428311	5458	681172	29.46	4133	29	1272
9	2164713	22231384	1403	813564	27.33	0	0	NA	398458	88477	1604730	13.85	232436	95.65	472325	8808	689980	32.22	4141	45	4598
10	2197076	24428460	1498	815062	29.97	0	0	NA	398458	90683	1695413	14.41	235967	103.52	474503	5518	695498	35.12	254	57	5183
11	2032919	26461379	340	815402	32.45	0	0	NA	398458	83610	1779023	14.87	238679	110.87	518016	5071	700569	37.77	4039	29	979
12	2070861	28532240	943	816345	34.95	0	0	NA	398458	88851	1867874	15.28	240993	118.39	520078	4506	705075	40.47	239	47	4196
13	2642429	31174669	2738	819083	38.06	0	0	NA	398458	135288	2003162	15.56	246843	126.29	567454	31725	736800	42.31	4452	97	27152
14	2078480	33253149	1358	820441	40.53	0	0	NA	398458	95051	2098213	15.85	248868	133.62	568653	11665	748465	44.43	128	81	11432
15	2017151	35270300	2267	822708	42.87	0	0	NA	432936	86695	2184908	16.14	250233	140.95	612565	6973	755438	46.69	4105	29	2815
16	1186096	36456396	1466	824174	44.23	0	0	NA	432936	51385	2236293	16.30	251060	145.21	616370	3262	758700	48.05	374	29	2835
17	804563	37260959	452	824626	45.19	0	0	NA	432936	32546	2268839	16.42	252009	147.86	634011	2527	761227	48.95	1592	27	884
18	2278690	39539649	1676	826302	47.85	0	0	NA	432936	104791	2373630	16.66	255009	155.05	675180	18837	780064	50.69	3838	85	14890
19	3728430	43268079	17818	844120	51.26	0	0	NA	432936	293885	2667515	16.22	266293	162.48	727770	159696	939760	46.04	4994	389	154289
20	1972844	45240923	505	844625	53.56	0	0	NA	432936	85660	2753175	16.43	267700	169.00	728134	4887	944647	47.89	42	37	4784
21	2144957	47385880	22025	866650	54.68	0	0	NA	432936	128167	2881342	16.45	270329	175.29	774374	30418	975065	48.60	4422	61	25911
22	2803559	50189439	5993	872643	57.51	0	0	NA	432936	148536	3029878	16.56	276983	181.20	820466	50875	1025940	48.92	4238	382	46231
23	2608982	52798421	45819	918462	57.49	0	0	NA	638122	201528	3231406	16.34	286799	184.10	875443	90656	1116596	47.29	4976	614	85042
24	2711408	55509829	2027	920489	60.30	0	0	NA	638122	122612	3354018	16.55	296236	187.38	928787	14895	1131491	49.06	5043	63	9765
25	2754076	58263905	866	921355	63.24	0	0	NA	638122	120637	3474655	16.77	302542	192.58	978973	10434	1141925	51.02	4780	51	5579
26	2231230	60495135	610	921965	65.62	0	0	NA	638122	90597	3565252	16.97	304189	198.87	1024326	6417	1148342	52.68	4255	35	2103
27	2035107	62530242	600	922565	67.78	0	0	NA	638122	98585	3663837	17.07	305601	204.61	1050820	14505	1162847	53.77	2416	31	12034
28	2229800	64760042	572	923137	70.15	0	0	NA	638122	91875	3755712	17.24	307292	210.74	1090038	6725	1169572	55.37	3664	59	2978
29	340176	65100218	230	923367	70.50	0	0	NA	638122	27918	3783630	17.21	307659	211.60	1090309	18062	1187634	54.82	32	29	17977
30	2157873	67258091	856	924223	72.77	0	0	NA	638122	87513	3871143	17.37	309257	217.48	1134675	7166	1194800	56.29	4114	37	2991
31	2338973	69597064	3071	927294	75.05	0	0	NA	682760	104489	3975632	17.51	311259	223.60	1179426	18542	1213342	57.36	4154	39	14325
32	2900286	72497350	7035	934329	77.59	0	0	NA	682760	156090	4131722	17.55	320944	225.89	1188535	32351	1245693	58.20	855	148	31324
33	2318494	74815844	1061	935390	79.98	0	0	NA	682760	97000	4228722	17.69	322268	232.15	1189326	7183	1252876	59.72	99	37	7023
34	2183853	76999697	307	935697	82.29	0	0	NA	682760	85928	4314650	17.85	323170	238.26	1189549	1312	1254188	61.39	30	25	1233
35	1990855	78990552	3919	939616	84.07	0	0	NA	682760	100600	4415250	17.89	329297	239.88	1239538	20033	1274221	61.99	4583	368	15058
36	2154058	81144610	1001	940617	86.27	0	0	NA	682760	90893	4506143	18.01	330624	245.43	1285856	8430	1282651	63.26	4346	41	4019
37	1128812	82273422	1027	941644	87.37	0	0	NA	682760	49083	4555226	18.06	333773	246.50	1308050	4373	1287024	63.93	2016	37	2296
38	2187559	84460981	1349	942993	89.57	0	0	NA	682760	97453	4652679	18.15	334830	252.25	1311775	8462	1295486	65.20	391	39	8008
39	2198654	86659635	1247	944240	91.78	0	0	NA	733364	91157	4743836	18.27	336260	257.72	1355523	12293	1307779	66.26	4095	63	8111
40	1931435	88591070	664	944904	93.76	0	0	NA	733364	85849	4829685	18.34	337350	262.61	1401101	8631	1316410	67.30	4262	25	4320
41	1930969	90522039	631	945535	95.74	0	0	NA	733364	84248	4913933	18.42	338481	267.44	1446749	7259	1323669	68.39	4299	25	2911
42	2258959	92780998	2055	947590	97.91	0	0	NA	733364	100847	5014780	18.50	340297	272.65	1482120	13238	1336907	69.40	3272	65	9877
43	1954631	94735629	412	948002	99.93	0	0	NA	733364	84622	5099402	18.58	341658	277.28	1482343	2456	1339363	70.73	30	25	2377
44	2180122	96915751	2087	950089	102.01	0	0	NA	733364	95751	5195153	18.66	342732	282.77	1483575	8016	1347379	71.93	154	55	7783
45	1988692	98904443	522	950611	104.04	0	0	NA	733364	85019	5280172	18.73	343795	287.68	1484105	2126	1349505	73.29	69	35	1998
46	1973702	100878145	555	951166	106.06	0	0	NA	733364	86673	5366845	18.80	344978	292.42	1527833	8215	1357720	74.30	4103	29	4059
47	2158936	103037081	500	951666	108.27	0	0	NA	755699	90814	5457659	18.88	345633	298.11	1571623	10403	1368123	75.31	4092	29	6258
48	2227342	105264423	2170	953836	110.36	0	0	NA	755699	96215	5553874	18.95	347370	303.03	1572443	9831	1377954	76.39	104	55	9648
49	2539200	107803623	5402	959238	112.38	0	0	NA	755699	144510	5698384	18.92	348957	308.93	1618961	42915	1420869	75.87	4351	51	38489
50	2175896	109979519	487	959725	114.59	0	0	NA	755699	88590	5786974	19.00	350366	313.90	1619269	1818	1422687	77.30	42	31	1721
51	2230579	112210098	435	960160	116.87	0	0	NA	755699	91008	5877982	19.09	351451	319.28	1665506	6166	1428853	78.53	4349	29	1764
52	811012	113021110	631	960791	117.63	0	0	NA	755699	34521	5912503	19.12	351979	321.10	1683225	3928	1432781	78.88	1589	23	2292
53	2095473	115116583	846	961637	119.71	0	0	NA	755699	89795	6002298	19.18	353431	325.71	1710140	5768	1438549	80.02	2426	41	3277
54	2325526	117442109	1707	963344	121.91	0	0	NA	755699	104460	6106758	19.23	354548	331.24	1710534	11812	1450361	80.97	48	39	11701
55	2224832	119666941	503	963847	124.16	0	0	NA	799897	91232	6197990	19.31	355489	336.63	1755769	6817	1457178	82.12	4237	33	2523
56	1979969	121646910	1433	965280	126.02	0	0	NA	799897	87348	6285338	19.35	357380	340.39	1760128	5580	1462758	83.16	471	126	4959
57	2343022	123989932	2430	967710	128.13	0	0	NA	799897	102951	6388289	19.41	358845	345.53	1801157	14879	1477637	83.91	3754	49	11052
58	2053542	126043474	253	967963	130.22	0	0	NA	799897	85218	6473507	19.47	359404	350.70	1801380	2190	1479827	85.17	30	25	2111
59	1848150	127891624	403	968366	132.07	0	0	NA	799897	80559	6554066	19.51	360317	354.94	1844593	4553	1484380	86.16	3999	29	501
60	2080255	129971879	636	969002	134.13	0	0	NA	799897	88959	6643025	19.57	361393	359.64	1844844	5226	1489606	87.25	33	27	5142
61	2193366	132165245	320	969322	136.35	0	0	NA	799897	84812	6727837	19.64	362733	364.36	1845559	780	1490386	88.68	85	27	644
62	2144778	134310023	751	970073	138.45	0	0	NA	799897	89505	6817342	19.70	363722	369.27	1845970	4585	1494971	89.84	61	39	4461
63	2133036	136443059	1021	971094	140.50	0	0	NA	819129	89455	6906797	19.75	364942	373.88	1872833	7879	1502850	90.79	2422	53	5380
64	2146766	138589825	510	971604	142.64	0	0	NA	819129	90976	6997773	19.80	365512	379.17	1873190	4160	1507010	91.96	53	35	4048
65	1961807	140551632	942	972546	144.52	0	0	NA	819129	90380	7088153	19.83	366722	383.26	1873559	7647	1514657	92.79	53	27	7543
66	2115257	142666889	772	973318	146.58	0	0	NA	819129	89211	7177364	19.88	367734	387.96	1900343	6094	1520751	93.81	2493	45	3532
67	2721104	145387993	2714	976032	148.96	0	0	NA	819129	126948	7304312	19.90	369017	393.99	1902047	22380	1543131	94.22	211	63	22082
68	2432008	147820001	1007	977039	151.29	0	0	NA	819129	104018	7408330	19.95	369942	399.58	1905186	8645	1551776	95.26	327	35	8259
69	2515999	150336000	2228	979267	153.52	0	0	NA	819129	104609	7512939	20.01	371331	404.86	1949515	12813	1564589	96.09	4167	69	8553
70	2868901	153204901	7365	986632	155.28	0	0	NA	819129	149198	7662137	20.00	373157	410.56	1954127	39233	1603822	95.52	530	113	38566
71	2395218	155600119	780	987412	157.58	0	0	NA	873972	97500	7759637	20.05	373676	416.40	1954451	3081	1606903	96.83	46	33	2978
72	2371626	157971745	717	988129	159.87	0	0	NA	873972	98180	7857817	20.10	375315	420.90	1955639	4220	1611123	98.05	163	39	3994
73	2083801	160055546	364	988493	161.92	0	0	NA	873972	85593	7943410	20.15	376071	425.60	1999366	6388	1617511	98.95	4075	29	2260
74	2171678	162227224	494	988987	164.03	0	0	NA	873972	90866	8034276	20.19	377758	429.45	2046446	8173	1625684	99.79	4439	29	3681
75	2079828	164307052	944	989931	165.98	0	0	NA	873972	88079	8122355	20.23	379084	433.43	2046774	4787	1630471	100.77	47	33	4683
76	2107367	166414419	635	990566	168.00	0	0	NA	873972	86679	8209034	20.27	380039	437.89	2090600	6287	1636758	101.67	4079	35	2149
77	2144943	168559362	431	990997	170.09	0	0	NA	873972	87414	8296448	20.32	380861	442.57	2116732	3982	1640740	102.73	2320	31	1607
78	2134812	170694174	282	991279	172.20	0	0	NA	873972	84014	8380462	20.37	381339	447.62	2116977	656	1641396	103.99	34	27	571
79	2142802	172836976	343	991622	174.30	0	0	NA	885639	86835	8467297	20.41	382436	451.94	2160309	5237	1646633	104.96	4028	29	1156
80	2097141	174934117	459	992081	176.33	0	0	NA	885639	85586	8552883	20.45	383339	456.34	2187022	4786	1651419	105.93	2377	37	2348
81	2208781	177142898	508	992589	178.47	0	0	NA	885639	93638	8646521	20.49	383844	461.50	2189411	4338	1655757	106.99	242	27	4045
82	2124692	179267590	599	993188	180.50	0	0	NA	885639	85738	8732259	20.53	384781	465.90	2190299	2079	1657836	108.13	107	29	1919
83	2096365	181363955	237	993425	182.56	0	0	NA	885639	85300	8817559	20.57	385356	470.64	2191265	2187	1660023	109.25	119	27	2017
84	2109446	183473401	913	994338	184.52	0	0	NA	885639	89630	8907189	20.60	385837	475.52	2191545	3833	1663856	110.27	37	29	3743
85	1938917	185412318	445	994783	186.38	0	0	NA	885639	83612	8990801	20.62	386836	479.30	2191980	1866	1665722	111.31	57	27	1758
86	1091762	186504080	2098	996881	187.09	0	0	NA	885639	49035	9039836	20.63	387930	480.77	2211838	5832	1671554	111.58	1808	45	3955
87	2066228	188570308	920	997801	188.99	0	0	NA	903917	94946	9134782	20.64	388822	484.98	2212189	10233	1681787	112.12	48	35	10126
88	2122662	190692970	1407	999208	190.84	0	0	NA	903917	94442	9229224	20.66	390420	488.43	2213010	9373	1691160	112.76	96	35	9218
89	866805	191559775	1846	1001054	191.36	0	0	NA	903917	43357	9272581	20.66	391232	489.63	2227577	9006	1700166	112.67	1323	37	7622
90	875623	192435398	2458	1003512	191.76	0	0	NA	903917	47453	9320034	20.65	392676	490.06	2246231	12507	1712673	112.36	1694	107	10682
91	1393722	193829120	5679	1009191	192.06	0	0	NA	903917	75905	9395939	20.63	395153	490.52	2260198	18520	1731193	111.96	1487	113	16896
92	1218267	195047387	1156	1010347	193.05	0	0	NA	903917	59347	9455286	20.63	396632	491.76	2286080	8969	1740162	112.09	2396	57	6492
93	2053765	197101152	2255	1012602	194.65	0	0	NA	903917	93052	9548338	20.64	397240	496.18	2287737	8711	1748873	112.70	190	25	8472
94	1026436	198127588	1078	1013680	195.45	0	0	NA	903917	45960	9594298	20.65	398445	497.25	2309442	5146	1754019	112.96	1992	35	3095
95	2426369	200553957	43968	1057648	189.62	0	0	NA	1007084	210943	9805241	20.45	422284	474.93	2360789	98149	1852168	108.28	4733	1149	92243
96	1061132	201615089	2277	1059925	190.22	0	0	NA	1007084	52983	9858224	20.45	423574	475.99	2382220	10014	1862182	108.27	1947	59	7984
97	1089866	202704955	319	1060244	191.19	0	0	NA	1007084	47168	9905392	20.46	423980	478.10	2382440	1423	1863605	108.77	28	25	1346
98	649898	203354853	2386	1062630	191.37	0	0	NA	1007084	26998	9932390	20.47	424581	478.95	2393721	4395	1868000	108.86	1013	39	3319
99	1085211	204440064	747	1063377	192.26	0	0	NA	1007084	47071	9979461	20.49	425218	480.79	2417614	3887	1871887	109.22	2175	27	1661
100	931709	205371773	1472	1064849	192.86	0	0	NA	1007084	45318	10024779	20.49	425850	482.26	2419010	6507	1878394	109.33	178	33	6272
101	853345	206225118	1709	1066558	193.36	0	0	NA	1007084	37176	10061955	20.50	426895	483.08	2422336	4272	1882666	109.54	338	77	3833
102	1063005	207288123	632	1067190	194.24	0	0	NA	1007084	48566	10110521	20.50	427914	484.42	2444208	5317	1887983	109.79	1986	29	3278
103	2021777	209309900	337	1067527	196.07	0	0	NA	1024771	84765	10195286	20.53	428864	488.06	2473728	4886	1892869	110.58	2676	31	2155
104	1842478	211152378	558	1068085	197.69	0	0	NA	1024771	82563	10277849	20.54	429734	491.36	2502445	3897	1896766	111.32	2575	37	1261
105	839718	211992096	808	1068893	198.33	0	0	NA	1024771	33583	10311432	20.56	430354	492.60	2505253	1303	1898069	111.69	313	35	931
106	856092	212848188	1332	1070225	198.88	0	0	NA	1024771	37065	10348497	20.57	431165	493.66	2520268	4692	1902761	111.86	1354	35	3279
107	1820234	214668422	228	1070453	200.54	0	0	NA	1024771	82075	10430572	20.58	431554	497.43	2520463	2173	1904934	112.69	26	23	2100
108	840054	215508476	1187	1071640	201.10	0	0	NA	1024771	35787	10466359	20.59	432128	498.71	2521449	2891	1907825	112.96	123	33	2711
109	873697	216382173	728	1072368	201.78	0	0	NA	1024771	36775	10503134	20.60	432632	500.15	2521697	1986	1909811	113.30	32	27	1903
110	910026	217292199	837	1073205	202.47	0	0	NA	1024771	40140	10543274	20.61	433431	501.33	2540704	4722	1914533	113.50	1756	41	2901
111	2032426	219324625	1225	1074430	204.13	951028	1	230.62	1036431	88605	10631879	20.63	434482	504.80	2566302	7889	1922422	114.09	2277	59	5529
112	788879	220113504	694210	1768640	124.45	951028	0	231.45	1036431	32661	10664540	20.64	435001	506.01	2578560	2535	1924957	114.35	1107	29	1375
113	823749	220937253	951	1769591	124.85	951028	0	232.31	1036431	32987	10697527	20.65	436070	506.66	2579411	1328	1926285	114.70	90	79	1135
114	827818	221765071	1378	1770969	125.22	951028	0	233.18	1036431	34575	10732102	20.66	437138	507.31	2580247	2613	1928898	114.97	90	79	2420
115	833291	222598362	1040	1772009	125.62	951028	0	234.06	1036431	33411	10765513	20.68	438067	508.14	2583320	1675	1930573	115.30	310	65	1276
116	865976	223464338	1753	1773762	125.98	951028	0	234.97	1036431	36447	10801960	20.69	439033	508.99	2586193	3293	1933866	115.55	293	69	2907
117	823959	224288297	1014	1774776	126.38	951028	0	235.84	1036431	33335	10835295	20.70	440107	509.62	2587033	1665	1935531	115.88	90	79	1472
118	828337	225116634	1270	1776046	126.75	951028	0	236.71	1036431	34512	10869807	20.71	441204	510.23	2599454	3495	1939026	116.10	1131	79	2261
119	1941425	227058059	583	1776629	127.80	951028	0	238.75	1042452	83545	10953352	20.73	442047	513.65	2600224	1280	1940306	117.02	94	31	1131
120	2339464	229397523	3691	1780320	128.85	951028	0	241.21	1042452	109140	11062492	20.74	443016	517.81	2603883	17383	1957689	117.18	411	47	16901
121	1502031	230899554	526	1780846	129.66	951028	0	242.79	1042452	65361	11127853	20.75	443794	520.29	2638555	4835	1962524	117.65	3242	29	1540
122	1856259	232755813	2862	1783708	130.49	951028	0	244.74	1042452	83868	11211721	20.76	446025	521.84	2681902	9621	1972145	118.02	4180	113	5304
123	1836063	234591876	762	1784470	131.46	951028	0	246.67	1042452	81612	11293333	20.77	446584	525.30	2725021	5832	1977977	118.60	4006	35	1767
124	1826652	236418528	612	1785082	132.44	951028	0	248.59	1042452	80902	11374235	20.79	447409	528.42	2767996	5425	1983402	119.20	4012	27	1362
125	2280466	238698994	5188	1790270	133.33	951028	0	250.99	1042452	109412	11483647	20.79	448813	531.85	2806996	24004	2007406	118.91	3646	67	20267
126	1825852	240524846	496	1790766	134.31	951028	0	252.91	1042452	80195	11563842	20.80	449398	535.22	2844972	4676	2012082	119.54	3508	29	1115
127	2014222	242539068	589	1791355	135.39	951028	0	255.03	1069569	85994	11649836	20.82	449988	538.99	2845244	1189	2013271	120.47	38	29	1098
128	2114877	244653945	580	1791935	136.53	951028	0	257.25	1069569	87053	11736889	20.84	450541	543.02	2845974	2327	2015598	121.38	98	30	2172
129	2010535	246664480	402	1792337	137.62	951028	0	259.37	1069569	85957	11822846	20.86	451137	546.76	2866210	2663	2018261	122.22	1797	28	811
130	2483424	249147904	3342	1795679	138.75	951028	0	261.98	1069569	109377	11932223	20.88	451987	551.23	2867289	22969	2041230	122.06	134	48	22760
131	2485872	251633776	2760	1798439	139.92	951028	0	264.59	1069569	102231	12034454	20.91	453123	555.33	2912692	12972	2054202	122.50	4271	60	8614
132	2102661	253736437	780	1799219	141.03	951028	0	266.80	1069569	92641	12127095	20.92	453697	559.26	2913066	6927	2061129	123.11	48	38	6814
133	2255861	255992298	1699	1800918	142.15	951028	0	269.17	1069569	99799	12226894	20.94	454813	562.85	2915471	7780	2068909	123.73	278	60	7415
134	1854886	257847184	1360	1802278	143.07	951028	0	271.12	1069569	84224	12311118	20.94	455668	565.87	2933438	5791	2074700	124.28	1647	40	4077
135	2021571	259868755	330	1802608	144.16	951028	0	273.25	1091303	83053	12394171	20.97	456091	569.77	2933661	1014	2075714	125.19	31	26	930
136	273380	260142135	1329	1803937	144.21	951028	0	273.54	1091303	12860	12407031	20.97	456971	569.27	2937901	2889	2078603	125.15	460	72	2330
137	2141761	262283896	546	1804483	145.35	951028	0	275.79	1091303	86471	12493502	20.99	457741	573.00	2958543	3909	2082512	125.95	1883	34	1965
138	866457	263150353	1282	1805765	145.73	951028	0	276.70	1091303	38845	12532347	21.00	459425	572.78	2977985	2983	2085495	126.18	1872	98	986
139	2125819	265276172	2776	1808541	146.68	951028	0	278.94	1091303	93035	12625382	21.01	461301	575.06	3007961	9334	2094829	126.63	2702	113	6492
140	2012273	267288445	1659	1810200	147.66	951028	0	281.05	1091303	84169	12709551	21.03	463910	576.16	3050697	6546	2101375	127.20	4219	86	2214
141	866611	268155056	228	1810428	148.12	951028	0	281.96	1091303	38421	12747972	21.04	465068	576.59	3070474	2075	2103450	127.48	1748	28	272
142	2074012	270229068	652	1811080	149.21	951028	0	284.14	1091303	87932	12835904	21.05	465816	580.12	3071460	4502	2107952	128.20	133	40	4302
143	646	270229714	198	1811278	149.19	951028	0	284.14	1104841	185	12836089	21.05	466064	579.81	3071708	290	2108242	128.18	33	28	202
144	3756776	273986490	5998	1817276	150.77	951028	0	288.10	1104841	120870	12956959	21.15	470370	582.49	3125388	18413	2126655	128.83	5236	200	12950
145	8674	273995164	207	1817483	150.76	951028	0	288.10	1104841	494	12957453	21.15	470557	582.28	3126937	329	2126984	128.82	112	20	170
146	223874	274219038	177	1817660	150.86	951028	0	288.34	1104841	28681	12986134	21.12	470830	582.42	3131002	12195	2139179	128.19	344	18	11806
147	2042090	276261128	1002	1818662	151.90	951028	0	290.49	1104841	87535	13073669	21.13	471412	586.03	3131345	4516	2143695	128.87	45	36	4408
148	1093399	277354527	762	1819424	152.44	951028	0	291.64	1104841	50202	13123871	21.13	471994	587.62	3137463	4004	2147699	129.14	594	32	3351
149	2077665	279432192	946	1820370	153.50	951028	0	293.82	1104841	87008	13210879	21.15	472599	591.27	3137877	3566	2151265	129.89	49	42	3448
150	1838850	281271042	381	1820751	154.48	951028	0	295.75	1104841	81293	13292172	21.16	473447	594.09	3138521	3157	2154422	130.56	82	28	3020
151	1847469	283118511	706	1821457	155.44	951028	0	297.70	1133453	84297	13376469	21.17	474390	596.81	3182111	6460	2160882	131.02	4072	50	2311
152	2066085	285184596	889	1822346	156.49	951028	0	299.87	1133453	89989	13466458	21.18	475189	600.15	3182914	7391	2168273	131.53	98	56	7210
153	816254	286000850	391	1822737	156.91	951028	0	300.73	1133453	32819	13499277	21.19	475509	601.46	3183137	907	2169180	131.85	31	26	823
154	1849631	287850481	972	1823709	157.84	951028	0	302.67	1133453	84756	13584033	21.19	476239	604.42	3209163	5134	2174314	132.39	2367	36	2704
155	2100659	289951140	1295	1825004	158.88	951028	0	304.88	1133453	88157	13672190	21.21	476840	608.07	3209830	4593	2178907	133.07	92	34	4440
156	2101130	292052270	743	1825747	159.96	951028	0	307.09	1133453	87261	13759451	21.23	477507	611.62	3210312	3279	2182186	133.83	62	38	3152
157	2373926	294426196	1277	1827024	161.15	951028	0	309.59	1133453	123331	13882782	21.21	478358	615.49	3254309	25416	2207602	133.37	4118	56	21215
158	2219690	296645886	8474	1835498	161.62	951028	0	311.92	1133453	159480	14042262	21.13	481570	616.00	3296607	57234	2264836	130.98	3960	212	53035
159	1104484	297750370	2252	1837750	162.02	951028	0	313.08	1195999	47443	14089705	21.13	482384	617.25	3304659	3450	2268286	131.27	795	44	2584
160	656316	298406686	1208	1838958	162.27	951028	0	313.77	1195999	26391	14116096	21.14	482936	617.90	3316058	2802	2271088	131.39	1026	32	1717
161	668054	299074740	449	1839407	162.59	951028	0	314.48	1195999	26279	14142375	21.15	483403	618.69	3332322	2070	2273158	131.57	1476	24	543
162	2145610	301220350	1830	1841237	163.60	951028	0	316.73	1195999	93843	14236218	21.16	484338	621.92	3371731	11552	2284710	131.84	3664	42	7819
163	1092342	302312692	898	1842135	164.11	951028	0	317.88	1195999	47833	14284051	21.16	485232	623.03	3395837	4291	2289001	132.07	2215	50	1999
164	2038426	304351118	1624	1843759	165.07	951028	0	320.02	1195999	88518	14372569	21.18	486515	625.57	3423440	8033	2297034	132.50	2552	70	5384
165	2142430	306493548	1494	1845253	166.10	951028	0	322.28	1195999	92016	14464585	21.19	487807	628.31	3455534	9335	2306369	132.89	3042	44	6222
166	1084332	307577880	367	1845620	166.65	951028	0	323.42	1195999	46360	14510945	21.20	488614	629.49	3479447	3061	2309430	133.18	2176	26	832
167	3586121	311164001	2038	1847658	168.41	951028	0	327.19	1249747	165518	14676463	21.20	490139	634.85	3526410	78589	2388019	130.30	4430	102	74030
168	1982016	313146017	1227	1848885	169.37	951028	0	329.27	1249747	87755	14764218	21.21	491207	637.50	3558304	9749	2397768	130.60	2975	38	6709
169	1831080	314977097	199	1849084	170.34	951028	0	331.20	1249747	80805	14845023	21.22	491617	640.70	3558524	1182	2398950	131.30	37	26	1092
170	2138659	317115756	4373	1853457	171.09	951028	0	333.45	1249747	103342	14948365	21.21	492851	643.43	3598629	21440	2420390	131.02	3832	74	17507
171	2077123	319192879	1455	1854912	172.08	951028	0	335.63	1249747	103363	15051728	21.21	493495	646.80	3599059	16790	2437180	130.97	69	32	16662
172	2421284	321614163	3204	1858116	173.09	951028	0	338.18	1249747	110081	15161809	21.21	494270	650.69	3599628	14153	2451333	131.20	89	54	13983
173	1241086	322855249	485	1858601	173.71	951028	0	339.48	1249747	52732	15214541	21.22	495066	652.15	3621408	2870	2454203	131.55	2027	38	778
174	2151657	325006906	1778	1860379	174.70	951028	0	341.74	1249747	98735	15313276	21.22	495757	655.58	3664829	18830	2473033	131.42	4085	44	14674
175	2668675	327675581	1635	1862014	175.98	951028	0	344.55	1301750	116023	15429299	21.24	496686	659.72	3691211	17584	2490617	131.56	2406	38	15113
176	677	327676258	129	1862143	175.97	951028	0	344.55	1301750	229	15429528	21.24	496806	659.57	3691331	280	2490897	131.55	24	18	211
177	2217848	329894106	5857	1868000	176.60	951028	0	346.88	1301750	150738	15580266	21.17	503023	655.82	3739962	49865	2540762	129.84	4654	410	44774
178	2204586	332098692	735	1868735	177.71	951028	0	349.20	1301750	91210	15671476	21.19	507514	654.36	3774655	4856	2545618	130.46	3269	42	1518
179	1987154	334085846	1269	1870004	178.66	951028	0	351.29	1301750	92019	15763495	21.19	509075	656.26	3814281	10809	2556427	130.68	3720	90	6972
180	2250938	336336784	4252	1874256	179.45	951028	0	353.66	1301750	141424	15904919	21.15	511217	657.91	3844485	40642	2597069	129.51	2861	112	37642
181	2253213	338589997	1006	1875262	180.56	951028	0	356.03	1301750	96121	16001040	21.16	513205	659.76	3888974	8016	2605085	129.97	4196	36	3757
182	2178731	340768728	508	1875770	181.67	951028	0	358.32	1301750	90924	16091964	21.18	513939	663.05	3889266	1355	2606440	130.74	48	32	1248
183	2239222	343007950	586	1876356	182.81	951028	0	360.67	1365110	94711	16186675	21.19	514989	666.05	3889928	3032	2609472	131.45	89	32	2884
184	2271906	345279856	1075	1877431	183.91	951028	0	363.06	1365110	103569	16290244	21.20	516268	668.80	3934247	13884	2623356	131.62	4174	38	9645
185	865613	346145469	3237	1880668	184.05	951028	0	363.97	1365110	35652	16325896	21.20	517048	669.46	3951410	5127	2628483	131.69	1567	40	3493
186	887414	347032883	597	1881265	184.47	951028	0	364.90	1365110	37097	16362993	21.21	517824	670.18	3968564	2986	2631469	131.88	1556	40	1363
187	3523340	350556223	18765	1900030	184.50	951028	0	368.61	1365110	306258	16669251	21.03	522680	670.69	3972971	154881	2786350	125.81	469	316	154069
188	3257436	353813659	11017	1911047	185.14	951028	0	372.03	1365110	156701	16825952	21.03	527622	670.58	4021324	35138	2821488	125.40	4713	145	30253
189	4423450	358237109	114844	2025891	176.83	951028	0	376.68	1365110	356333	17182285	20.85	532929	672.20	4046089	165459	2986947	119.93	2516	134	162782
190	134181	358371290	303	2026194	176.87	951028	0	376.83	1365110	4233	17186518	20.85	533504	671.73	4046641	504	2987451	119.96	77	28	372
191	2269484	360640774	1638	2027832	177.85	951028	0	379.21	1622699	101474	17287992	20.86	534539	674.68	4073363	10645	2998096	120.29	2447	44	8127
192	2001903	362642677	797	2028629	178.76	951028	0	381.32	1622699	86780	17374772	20.87	535582	677.10	4105473	5167	3003263	120.75	2983	52	2105
193	2955764	365598441	4297	2032926	179.84	951028	0	384.42	1622699	140380	17515152	20.87	538669	678.71	4151799	20982	3024245	120.89	4502	60	16393
194	3309255	368907696	5635	2038561	180.96	951028	0	387.90	1622699	165936	17681088	20.86	542954	679.45	4194519	32451	3056696	120.69	4091	108	28225
195	2631637	371539333	5076	2043637	181.80	951028	0	390.67	1622699	130190	17811278	20.86	545255	681.40	4235326	26105	3082801	120.52	3830	56	22192
196	2820682	374360015	3646	2047283	182.86	951028	0	393.64	1622699	128399	17939677	20.87	547408	683.88	4275042	18290	3101091	120.72	3794	48	14421
197	2294379	376654394	1615	2048898	183.83	951028	0	396.05	1622699	97696	18037373	20.88	548897	686.20	4319561	9300	3110391	121.10	4209	42	5022
198	3156643	379811037	5645	2054543	184.86	951028	0	399.37	1622699	156247	18193620	20.88	553186	686.59	4367252	30596	3140987	120.92	4594	56	25919
199	2834548	382645585	1866	2056409	186.07	951028	0	402.35	1689393	121109	18314729	20.89	555383	688.98	4375288	5956	3146943	121.59	875	54	5000
200	2081130	384726715	342	2056751	187.06	951028	0	404.54	1689393	85809	18400538	20.91	NA	NA	NA	5839	3152782	122.03	4347	30	1435
201	2041564	386768279	2748	2059499	187.80	951028	0	406.68	1689393	93772	18494310	20.91	NA	NA	NA	14654	3167436	122.11	4263	172	10192
202	2219444	388987723	600	2060099	188.82	951028	0	409.02	1689393	89608	18583918	20.93	NA	NA	NA	5699	3173135	122.59	85	40	5547
203	2394959	391382682	10825	2070924	188.99	951028	0	411.54	1689393	134473	18718391	20.91	NA	NA	NA	34197	3207332	122.03	3133	573	30464
204	2106126	393488808	589	2071513	189.95	951028	0	413.75	1689393	84927	18803318	20.93	NA	NA	NA	1157	3208489	122.64	345	42	743
205	2425658	395914466	18550	2090063	189.43	951028	0	416.30	1689393	157117	18960435	20.88	NA	NA	NA	57450	3265939	121.23	7425	2667	47331
206	1954883	397869349	4438	2094501	189.96	951028	0	418.36	1689393	95294	19055729	20.88	NA	NA	NA	15473	3281412	121.25	4495	368	10583
207	1962463	399831812	1944	2096445	190.72	951028	0	420.42	1760169	88723	19144452	20.88	NA	NA	NA	6479	3287891	121.61	460	198	5794
208	1962970	401794782	1017	2097462	191.56	951028	0	422.48	1760169	86019	19230471	20.89	NA	NA	NA	3471	3291362	122.08	449	106	2889
209	1875777	403670559	4768	2102230	192.02	951028	0	424.46	1760169	91543	19322014	20.89	NA	NA	NA	14850	3306212	122.09	4356	269	10198
210	2004004	405674563	3755	2105985	192.63	951028	0	426.56	1760169	95227	19417241	20.89	NA	NA	NA	11325	3317537	122.28	996	388	9914
211	2280730	407955293	6902	2112887	193.08	951028	0	428.96	1760169	110427	19527668	20.89	NA	NA	NA	21476	3339013	122.18	5366	441	15642
212	1819211	409774504	686	2113573	193.88	951028	0	430.88	1760169	80789	19608457	20.90	NA	NA	NA	5256	3344269	122.53	4083	68	1078
213	1119109	410893613	352	2113925	194.37	951028	0	432.05	1760169	45816	19654273	20.91	NA	NA	NA	2672	3346941	122.77	2181	42	422
214	4039995	414933608	30736	2144661	193.47	951028	0	436.30	1760169	495371	20149644	20.59	NA	NA	NA	269919	3616860	114.72	5314	800	263778
215	3668499	418602107	11645	2156306	194.13	951028	0	440.16	1966915	237064	20386708	20.53	NA	NA	NA	80508	3697368	113.22	5994	542	73945
216	1977911	420580018	559	2156865	195.00	951028	0	442.24	1966915	86550	20473258	20.54	NA	NA	NA	1849	3699217	113.69	276	32	1514
217	1787080	422367098	347	2157212	195.79	951028	0	444.12	1966915	70890	20544148	20.56	NA	NA	NA	1679	3700896	114.13	1295	32	325
218	190	422367288	112	2157324	195.78	951028	0	444.12	1966915	75	20544223	20.56	NA	NA	NA	131	3701027	114.12	17	14	73
219	192	422367480	113	2157437	195.77	951028	0	444.12	1966915	76	20544299	20.56	NA	NA	NA	132	3701159	114.12	17	14	74
220	202	422367682	118	2157555	195.76	951028	0	444.12	1966915	81	20544380	20.56	NA	NA	NA	137	3701296	114.11	17	14	79
221	174	422367856	104	2157659	195.75	951028	0	444.12	1966915	67	20544447	20.56	NA	NA	NA	123	3701419	114.11	17	14	65
222	190	422368046	112	2157771	195.74	951028	0	444.12	1966915	78	20544525	20.56	NA	NA	NA	131	3701550	114.11	17	14	73
223	182	422368228	108	2157879	195.73	1875687	1	225.18	1968894	71	20544596	20.56	NA	NA	NA	127	3701677	114.10	17	14	69
224	192	422368420	822583	2980462	141.71	1875687	0	225.18	1968894	71	20544667	20.56	NA	NA	NA	132	3701809	114.10	17	14	74
225	4692774	427061194	16205	2996667	142.51	1875687	0	227.68	1968894	294386	20839053	20.49	NA	NA	NA	153302	3855111	110.78	5246	312	147717
226	4467755	431528949	14027	3010694	143.33	1875687	0	230.06	1968894	189851	21028904	20.52	NA	NA	NA	59877	3914988	110.22	877	168	58805
227	4528803	436057752	4153	3014847	144.64	1875687	0	232.48	1968894	150372	21179276	20.59	NA	NA	NA	19110	3934098	110.84	5110	78	13895
228	4958211	441015963	6800	3021647	145.95	1875687	0	235.12	1968894	167173	21346449	20.66	NA	NA	NA	31466	3965564	111.21	5240	106	26093
229	4111979	445127942	2228	3023875	147.20	1875687	0	237.31	1968894	150835	21497284	20.71	NA	NA	NA	20185	3985749	111.68	4444	88	15626
230	5628993	450756935	11274	3035149	148.51	1875687	0	240.32	1968894	238349	21735633	20.74	NA	NA	NA	84391	4070140	110.75	4901	219	79244
231	5033474	455790409	4913	3040062	149.93	1875687	0	243.00	2152334	193549	21929182	20.78	NA	NA	NA	29748	4099888	111.17	939	92	28690
232	5819859	461610268	15734	3055796	151.06	1875687	0	246.10	2152334	282691	22211873	20.78	NA	NA	NA	113952	4213840	109.55	4923	155	108847
233	4421038	466031306	4022	3059818	152.31	1875687	0	248.46	2152334	150263	22362136	20.84	NA	NA	NA	26934	4240774	109.89	4731	98	22078
234	4696118	470727424	5320	3065138	153.57	1875687	0	250.96	2152334	156674	22518810	20.90	NA	NA	NA	24770	4265544	110.36	5282	113	19348
235	4537093	475264517	5902	3071040	154.76	1875687	0	253.38	2152334	194357	22713167	20.92	NA	NA	NA	46455	4311999	110.22	1250	207	44971
236	3757262	479021779	2235	3073275	155.87	1875687	0	255.38	2152334	144387	22857554	20.96	NA	NA	NA	22401	4334400	110.52	4855	98	17421
237	3625335	482647114	1566	3074841	156.97	1875687	0	257.32	2152334	123851	22981405	21.00	NA	NA	NA	10933	4345333	111.07	795	76	10035
238	2986916	485634030	1698	3076539	157.85	1875687	0	258.91	2152334	128521	23109926	21.01	NA	NA	NA	12803	4358136	111.43	985	92	11699
239	3212306	488846336	578	3077117	158.87	1875687	0	260.62	2281963	110481	23220407	21.05	NA	NA	NA	8889	4367025	111.94	4380	40	4442
240	5128272	493974608	5897	3083014	160.22	1875687	0	263.36	2281963	206605	23427012	21.09	NA	NA	NA	35841	4402866	112.19	1185	149	34480
241	4167906	498142514	7083	3090097	161.21	1875687	0	265.58	2281963	164427	23591439	21.12	NA	NA	NA	38229	4441095	112.17	831	133	37238
242	3972864	502115378	3390	3093487	162.31	1875687	0	267.70	2281963	141512	23732951	21.16	NA	NA	NA	17776	4458871	112.61	5083	76	12590
243	3625279	505740657	558	3094045	163.46	1875687	0	269.63	2281963	122658	23855609	21.20	NA	NA	NA	3151	4462022	113.34	706	50	2368
244	4171612	509912269	1043	3095088	164.75	1875687	0	271.85	2281963	134527	23990136	21.26	NA	NA	NA	11365	4473387	113.99	5149	72	6117
245	3900385	513812654	2212	3097300	165.89	1875687	0	273.93	2281963	130630	24120766	21.30	NA	NA	NA	10944	4484331	114.58	4899	68	5950
246	4647868	518460522	5009	3102309	167.12	1875687	0	276.41	2281963	160239	24281005	21.35	NA	NA	NA	17955	4502286	115.15	1103	106	16719
247	3189766	521650288	678	3102987	168.11	1875687	0	278.11	2346766	107724	24388729	21.39	NA	NA	NA	3072	4505358	115.78	616	34	2395
248	3618424	525268712	775	3103762	169.24	1875687	0	280.04	2346766	121736	24510465	21.43	NA	NA	NA	3740	4509098	116.49	1002	38	2673
249	3998628	529267340	1172	3104934	170.46	1875687	0	282.17	2346766	131424	24641889	21.48	NA	NA	NA	10425	4519523	117.11	5057	64	5277
250	3287123	532554463	560	3105494	171.49	1875687	0	283.93	2346766	112742	24754631	21.51	NA	NA	NA	8251	4527774	117.62	4763	42	3419
251	3301860	535856323	2079	3107573	172.44	1875687	0	285.69	2346766	114125	24868756	21.55	NA	NA	NA	7682	4535456	118.15	3146	48	4461
252	2974306	538830629	2062	3109635	173.28	1875687	0	287.27	2346766	112290	24981046	21.57	NA	NA	NA	12330	4547786	118.48	2799	64	9440
253	3349993	542180622	1969	3111604	174.24	1875687	0	289.06	2346766	121948	25102994	21.60	NA	NA	NA	11407	4559193	118.92	559	78	10743
254	3343470	545524092	2005	3113609	175.21	1875687	0	290.84	2346766	118108	25221102	21.63	NA	NA	NA	8492	4567685	119.43	553	60	7852
255	5338718	550862810	7687	3121296	176.49	1875687	0	293.69	2391505	198108	25419210	21.67	NA	NA	NA	36225	4603910	119.65	1354	149	34695
256	3505271	554368081	5123	3126419	177.32	1875687	0	295.55	2391505	150233	25569443	21.68	NA	NA	NA	19724	4623634	119.90	2938	82	16677
257	12057749	566425830	1285420	4411839	128.39	1875687	0	301.98	2391505	2985170	28554613	19.84	NA	NA	NA	1651252	6274886	90.27	5221	154	1645850
258	4091247	570517077	2071	4413910	129.25	1875687	0	304.16	2391505	154770	28709383	19.87	NA	NA	NA	18678	6293564	90.65	2679	80	15892
259	3385802	573902879	961	4414871	129.99	1875687	0	305.97	2391505	115097	28824480	19.91	NA	NA	NA	4477	6298041	91.12	296	44	4110
260	3067613	576970492	1072	4415943	130.66	1875687	0	307.60	2391505	108100	28932580	19.94	NA	NA	NA	8634	6306675	91.49	4587	36	3984
261	3646994	580617486	1988	4417931	131.42	1875687	0	309.55	2391505	130104	29062684	19.98	NA	NA	NA	13285	6319960	91.87	217	58	12983
262	5801598	586419084	16361	4434292	132.25	1875687	0	312.64	2391505	255915	29318599	20.00	NA	NA	NA	91681	6411641	91.46	1083	264	90307
263	2953489	589372573	472	4434764	132.90	1875687	0	314.22	4168029	104194	29422793	20.03	NA	NA	NA	3530	6415171	91.87	164	34	3305
264	4158455	593531028	2616	4437380	133.76	1875687	0	316.43	4168029	138235	29561028	20.08	NA	NA	NA	9479	6424650	92.38	846	76	8530
265	3416900	596947928	1666	4439046	134.48	1875687	0	318.26	4168029	115324	29676352	20.12	NA	NA	NA	5210	6429860	92.84	339	46	4798
266	4008697	600956625	1300	4440346	135.34	1875687	0	320.39	4168029	135276	29811628	20.16	NA	NA	NA	8972	6438832	93.33	651	60	8234
267	4474720	605431345	1903	4442249	136.29	1875687	0	322.78	4168029	148945	29960573	20.21	NA	NA	NA	12201	6451033	93.85	582	82	11510
268	6348779	611780124	10667	4452916	137.39	1875687	0	326.16	4168029	228737	30189310	20.26	NA	NA	NA	55512	6506545	94.03	910	150	54425
269	3028678	614808802	699	4453615	138.05	1875687	0	327.78	4168029	108514	30297824	20.29	NA	NA	NA	4690	6511235	94.42	81	46	4536
270	3481459	618290261	2158	4455773	138.76	1875687	0	329.63	4168029	129762	30427586	20.32	NA	NA	NA	15004	6526239	94.74	4049	58	10870
271	5534884	623825145	3046	4458819	139.91	1875687	0	332.58	4232476	175042	30602628	20.38	NA	NA	NA	18563	6544802	95.32	1161	105	17270
272	4065487	627890632	1497	4460316	140.77	1875687	0	334.75	4232476	136948	30739576	20.43	NA	NA	NA	9639	6554441	95.80	3423	62	6127
273	3174398	631065030	696	4461012	141.46	1875687	0	336.44	4232476	108896	30848472	20.46	NA	NA	NA	7423	6561864	96.17	4421	42	2933
274	9966603	641031633	32937	4493949	142.64	1875687	0	341.76	4232476	432690	31281162	20.49	NA	NA	NA	188311	6750175	94.97	2841	665	184778
275	3820037	644851670	1360	4495309	143.45	1875687	0	343.79	4232476	129961	31411123	20.53	NA	NA	NA	5710	6755885	95.45	941	52	4690
276	2056852	646908522	2101	4497410	143.84	1875687	0	344.89	4232476	102486	31513609	20.53	NA	NA	NA	16642	6772527	95.52	112	54	16449
277	2301148	649209670	1561	4498971	144.30	1875687	0	346.12	4232476	86371	31599980	20.54	NA	NA	NA	4901	6777428	95.79	2421	40	2413
278	2469650	651679320	1326	4500297	144.81	1875687	0	347.44	4232476	95038	31695018	20.56	NA	NA	NA	8926	6786354	96.03	4066	48	4785
279	3696328	655375648	2839	4503136	145.54	1875687	0	349.41	4378848	154652	31849670	20.58	NA	NA	NA	32448	6818802	96.11	5154	104	27163
280	2365559	657741207	854	4503990	146.04	1875687	0	350.67	4378848	96920	31946590	20.59	NA	NA	NA	11202	6830004	96.30	125	32	11018
281	4399740	662140947	8162	4512152	146.75	1875687	0	353.01	4378848	164424	32111014	20.62	NA	NA	NA	31847	6861851	96.50	4870	101	26849
282	2314783	664455730	739	4512891	147.24	1875687	0	354.25	4378848	93240	32204254	20.63	NA	NA	NA	8698	6870549	96.71	4174	36	4461
283	2437411	666893141	638	4513529	147.75	1875687	0	355.55	4378848	94611	32298865	20.65	NA	NA	NA	9548	6880097	96.93	4139	34	5348
284	2593740	669486881	1572	4515101	148.28	1875687	0	356.93	4378848	100321	32399186	20.66	NA	NA	NA	6505	6886602	97.22	471	46	5961
285	4408079	673894960	4503	4519604	149.10	1875687	0	359.28	4378848	158991	32558177	20.70	NA	NA	NA	21339	6907941	97.55	627	90	20595
286	1936260	675831220	524	4520128	149.52	1875687	0	360.31	4378848	83664	32641841	20.70	NA	NA	NA	2499	6910440	97.80	43	26	2403
287	1941572	677772792	1234	4521362	149.90	1875687	0	361.35	4425684	85491	32727332	20.71	NA	NA	NA	4322	6914762	98.02	41	26	4228
288	2096606	679869398	769	4522131	150.34	1875687	0	362.46	4425684	88450	32815782	20.72	NA	NA	NA	2993	6917755	98.28	49	30	2887
289	4858194	684727592	3621	4525752	151.30	1875687	0	365.05	4425684	168914	32984696	20.76	NA	NA	NA	24566	6942321	98.63	4842	90	19607
290	2012910	686740502	496	4526248	151.72	1875687	0	366.13	4425684	86129	33070825	20.77	NA	NA	NA	1995	6944316	98.89	327	40	1601
291	2453	686742955	460	4526708	151.71	1875687	0	366.13	4425684	601	33071426	20.77	NA	NA	NA	726	6945042	98.88	82	78	539
292	4639222	691382177	29487	4556195	151.75	1875687	0	368.60	4425684	316762	33388188	20.71	NA	NA	NA	151162	7096204	97.43	1321	513	149301
293	3927881	695310058	2674	4558869	152.52	1875687	0	370.70	4425684	139774	33527962	20.74	NA	NA	NA	12187	7108391	97.82	356	77	11727
294	4684806	699994864	4301	4563170	153.40	1875687	0	373.19	4425684	178810	33706772	20.77	NA	NA	NA	29906	7138297	98.06	913	94	28872
295	2173112	702167976	665	4563835	153.85	1875687	0	374.35	4568597	90866	33797638	20.78	NA	NA	NA	2509	7140806	98.33	70	52	2360
296	828820	702996796	363	4564198	154.02	1875687	0	374.79	4568597	33420	33831058	20.78	NA	NA	NA	742	7141548	98.44	38	34	643
297	4005274	707002070	2837	4567035	154.81	1875687	0	376.93	4568597	153453	33984511	20.80	NA	NA	NA	18066	7159614	98.75	856	85	17098
298	4042304	711044374	1653	4568688	155.63	1875687	0	379.08	4568597	142395	34126906	20.84	NA	NA	NA	10891	7170505	99.16	642	74	10148
299	3610356	714654730	1808	4570496	156.36	1875687	0	381.01	4568597	125023	34251929	20.86	NA	NA	NA	9831	7180336	99.53	4962	79	4763
300	3436414	718091144	592	4571088	157.09	1875687	0	382.84	4568597	114204	34366133	20.90	NA	NA	NA	2673	7183009	99.97	484	49	2113
301	3937166	722028310	1050	4572138	157.92	1875687	0	384.94	4568597	137895	34504028	20.93	NA	NA	NA	6784	7189793	100.42	623	95	6039
302	3603332	725631642	1380	4573518	158.66	1875687	0	386.86	4568597	118328	34622356	20.96	NA	NA	NA	9587	7199380	100.79	4943	79	4538
303	4051415	729683057	771	4574289	159.52	1875687	0	389.02	4599269	129538	34751894	21.00	NA	NA	NA	4755	7204135	101.29	651	52	4025
304	4093574	733776631	580	4574869	160.39	1875687	0	391.20	4599269	131156	34883050	21.04	NA	NA	NA	7284	7211419	101.75	5165	46	2046
305	3035343	736811974	435	4575304	161.04	1875687	0	392.82	4599269	105227	34988277	21.06	NA	NA	NA	2711	7214130	102.13	440	43	2201
306	3389540	740201514	1064	4576368	161.74	1875687	0	394.63	4599269	113930	35102207	21.09	NA	NA	NA	7448	7221578	102.50	4468	70	2883
307	4452736	744654250	2590	4578958	162.63	1875687	0	397.00	4599269	155448	35257655	21.12	NA	NA	NA	14690	7236268	102.91	1058	92	13513
308	3638020	748292270	1502	4580460	163.37	1875687	0	398.94	4599269	141272	35398927	21.14	NA	NA	NA	8914	7245182	103.28	891	70	7926
309	2841890	751134160	476	4580936	163.97	1875687	0	400.46	4599269	99631	35498558	21.16	NA	NA	NA	1843	7247025	103.65	91	43	1682
310	3000890	754135050	1075	4582011	164.59	1875687	0	402.06	4599269	109956	35608514	21.18	NA	NA	NA	6198	7253223	103.97	401	67	5703
311	2741515	756876565	544	4582555	165.16	1875687	0	403.52	4623298	95784	35704298	21.20	NA	NA	NA	6006	7259229	104.26	4275	49	1655
312	2863323	759739888	494	4583049	165.77	1875687	0	405.05	4623298	101173	35805471	21.22	NA	NA	NA	5476	7264705	104.58	2101	40	3308
313	2734982	762474870	438	4583487	166.35	1875687	0	406.50	4623298	94741	35900212	21.24	NA	NA	NA	5502	7270207	104.88	4323	46	1106
314	2960009	765434879	518	4584005	166.98	1875687	0	408.08	4623298	106497	36006709	21.26	NA	NA	NA	3938	7274145	105.23	119	52	3740
315	2820418	768255297	270	4584275	167.58	1875687	0	409.59	4623298	98125	36104834	21.28	NA	NA	NA	5095	7279240	105.54	4333	31	704
316	3443053	771698350	790	4585065	168.31	1875687	0	411.42	4623298	116802	36221636	21.30	NA	NA	NA	3661	7282901	105.96	522	70	3042
317	2956245	774654595	628	4585693	168.93	1875687	0	413.00	4623298	107477	36329113	21.32	NA	NA	NA	5061	7287962	106.29	94	58	4882
318	3417930	778072525	978	4586671	169.64	1875687	0	414.82	4623298	117028	36446141	21.35	NA	NA	NA	9561	7297523	106.62	4826	79	4629
319	1958069	780030594	2554	4589225	169.97	1875687	0	415.86	4648766	101036	36547177	21.34	NA	NA	NA	17499	7315022	106.63	54	46	17372
320	3578440	783609034	6013	4595238	170.53	1875687	0	417.77	4648766	138676	36685853	21.36	NA	NA	NA	28555	7343577	106.71	4354	99	24075
321	3299396	786908430	925	4596163	171.21	1875687	0	419.53	4648766	111636	36797489	21.38	NA	NA	NA	11223	7354800	106.99	4662	61	6473
322	3363566	790271996	1476	4597639	171.89	1875687	0	421.32	4648766	121115	36918604	21.41	NA	NA	NA	14115	7368915	107.24	185	64	13839
323	3288197	793560193	476	4598115	172.58	1875687	0	423.08	4648766	107565	37026169	21.43	NA	NA	NA	2911	7371826	107.65	73	40	2771
324	3123475	796683668	846	4598961	173.23	1875687	0	424.74	4648766	111963	37138132	21.45	NA	NA	NA	6584	7378410	107.97	48	37	6472
325	5245186	801928854	6950	4605911	174.11	1875687	0	427.54	4648766	207175	37345307	21.47	NA	NA	NA	59255	7437665	107.82	5297	214	53717
326	5535185	807464039	4372	4610283	175.14	1875687	0	430.49	4648766	181958	37527265	21.52	NA	NA	NA	29356	7467021	108.14	982	139	28208
327	4256592	811720631	1544	4611827	176.01	1875687	0	432.76	4728397	148441	37675706	21.54	NA	NA	NA	8139	7475160	108.59	1024	70	7018
328	4151359	815871990	1806	4613633	176.84	1875687	0	434.97	4728397	155014	37830720	21.57	NA	NA	NA	22257	7497417	108.82	4613	78	17539
329	2006920	817878910	2445	4616078	177.18	1875687	0	436.04	4728397	85131	37915851	21.57	NA	NA	NA	5039	7502456	109.01	963	71	3978
330	2612129	820491039	537	4616615	177.73	1875687	0	437.43	4728397	100823	38016674	21.58	NA	NA	NA	11053	7513509	109.20	4327	46	6653
331	3519742	824010781	625	4617240	178.46	1875687	0	439.31	4728397	118228	38134902	21.61	NA	NA	NA	6675	7520184	109.57	4415	58	2175
332	3357406	827368187	710	4617950	179.16	1875687	0	441.10	4728397	113011	38247913	21.63	NA	NA	NA	3301	7523485	109.97	116	64	3094
333	2291032	829659219	356	4618306	179.65	1875687	0	442.32	4728397	90861	38338774	21.64	NA	NA	NA	1582	7525067	110.25	316	40	1199
334	2391016	832050235	361	4618667	180.15	1875687	0	443.60	4728397	93752	38432526	21.65	NA	NA	NA	1704	7526771	110.55	131	43	1503
335	2285389	834335624	515	4619182	180.62	4534489	1	184.00	4754434	92832	38525358	21.66	NA	NA	NA	3009	7529780	110.80	64	40	2878
336	3412120	837747744	406678	5025860	166.69	4534489	0	184.75	4754434	118888	38644246	21.68	NA	NA	NA	4301	7534081	111.19	400	52	3822
337	2412619	840160363	679	5026539	167.14	4534489	0	185.28	4754434	96688	38740934	21.69	NA	NA	NA	4201	7538282	111.45	400	37	3737
338	2283680	842444043	338	5026877	167.59	4534489	0	185.79	4754434	90457	38831391	21.69	NA	NA	NA	1143	7539425	111.74	61	37	1018
339	2765196	845209239	1600	5028477	168.08	4534489	0	186.40	4754434	107168	38938559	21.71	NA	NA	NA	9947	7549372	111.96	153	70	9697
340	3926903	849136142	1164	5029641	168.83	4534489	0	187.26	4754434	149560	39088119	21.72	NA	NA	NA	20642	7570014	112.17	443	79	20093
341	2364295	851500437	574	5030215	169.28	4534489	0	187.78	4754434	91378	39179497	21.73	NA	NA	NA	1839	7571853	112.46	53	43	1716
342	2761292	854261729	3979	5034194	169.69	4534489	0	188.39	4754434	109643	39289140	21.74	NA	NA	NA	13272	7585125	112.62	175	86	12984
343	2966529	857228258	2117	5036311	170.21	4534489	0	189.05	4791924	113456	39402596	21.76	NA	NA	NA	10093	7595218	112.86	243	71	9752
344	1870574	859098832	248	5036559	170.57	4534489	0	189.46	4791924	82537	39485133	21.76	NA	NA	NA	526	7595744	113.10	39	34	426
345	2279952	861378784	310	5036869	171.01	4534489	0	189.96	4791924	88177	39573310	21.77	NA	NA	NA	1392	7597136	113.38	115	40	1210
346	3002265	864381049	608	5037477	171.59	4534489	0	190.62	4791924	102011	39675321	21.79	NA	NA	NA	1743	7598879	113.75	119	55	1542
347	2913350	867294399	4246	5041723	172.02	4534489	0	191.27	4791924	102797	39778118	21.80	NA	NA	NA	6782	7605661	114.03	349	73	6333
348	5305306	872599705	6605	5048328	172.85	4534489	0	192.44	4791924	213866	39991984	21.82	NA	NA	NA	56425	7662086	113.89	5163	121	51114
349	4025920	876625625	2260	5050588	173.57	4534489	0	193.32	4791924	145124	40137108	21.84	NA	NA	NA	9029	7671115	114.28	1063	82	7857
350	4445763	881071388	2790	5053378	174.35	4534489	0	194.30	4791924	157026	40294134	21.87	NA	NA	NA	20342	7691457	114.55	564	86	19665
351	6215560	887286948	12724	5066102	175.14	4534489	0	195.68	4885712	236282	40530416	21.89	NA	NA	NA	83221	7774678	114.13	879	168	82147
352	3444930	890731878	816	5066918	175.79	4534489	0	196.43	4885712	110037	40640453	21.92	NA	NA	NA	2891	7777569	114.53	97	58	2709
353	2320007	893051885	471	5067389	176.24	4534489	0	196.95	4885712	92225	40732678	21.92	NA	NA	NA	3492	7781061	114.77	47	40	3378
354	5706894	898758779	2444	5069833	177.28	4534489	0	198.21	4885712	198551	40931229	21.96	NA	NA	NA	17019	7798080	115.25	916	90	15986
355	3850865	902609644	3589	5073422	177.91	4534489	0	199.05	4885712	133456	41064685	21.98	NA	NA	NA	13693	7811773	115.54	4565	151	8950
356	3453513	906063157	666	5074088	178.57	4534489	0	199.82	4885712	116054	41180739	22.00	NA	NA	NA	2552	7814325	115.95	325	70	2130
357	3215002	909278159	829	5074917	179.17	4534489	0	200.52	4885712	111532	41292271	22.02	NA	NA	NA	9025	7823350	116.23	4356	55	4587
358	3472388	912750547	703	5075620	179.83	4534489	0	201.29	4885712	116674	41408945	22.04	NA	NA	NA	6238	7829588	116.58	113	67	6031
359	3182392	915932939	951	5076571	180.42	4534489	0	201.99	4915633	110324	41519269	22.06	NA	NA	NA	3718	7833306	116.93	706	55	2930
360	3884747	919817686	1086	5077657	181.15	4534489	0	202.85	4915633	132862	41652131	22.08	NA	NA	NA	5315	7838621	117.34	705	58	4525
361	3275903	923093589	478	5078135	181.78	4534489	0	203.57	4915633	108889	41761020	22.10	NA	NA	NA	4299	7842920	117.70	158	52	4062
362	3322471	926416060	323	5078458	182.42	4534489	0	204.30	4915633	111466	41872486	22.12	NA	NA	NA	3629	7846549	118.07	58	43	3501
363	5611010	932027070	1924	5080382	183.46	4534489	0	205.54	4915633	164731	42037217	22.17	NA	NA	NA	11051	7857600	118.61	1014	115	9895
364	2901550	934928620	293	5080675	184.02	4534489	0	206.18	4915633	98547	42135764	22.19	NA	NA	NA	989	7858589	118.97	34	31	897
365	3661848	938590468	758	5081433	184.71	4534489	0	206.99	4915633	122750	42258514	22.21	NA	NA	NA	3697	7862286	119.38	163	72	3435
366	2060519	940650987	297	5081730	185.10	4534489	0	207.44	4915633	86024	42344538	22.21	NA	NA	NA	607	7862893	119.63	39	34	507
367	3946582	944597569	694	5082424	185.86	4534489	0	208.31	4933878	130626	42475164	22.24	NA	NA	NA	4317	7867210	120.07	247	71	3972
368	2901334	947498903	649	5083073	186.40	4534489	0	208.95	4933878	104696	42579860	22.25	NA	NA	NA	8977	7876187	120.30	4336	52	4562
369	3899176	951398079	1533	5084606	187.11	4534489	0	209.81	4933878	137208	42717068	22.27	NA	NA	NA	12897	7889084	120.60	534	91	12245
370	3445202	954843281	2771	5087377	187.69	4534489	0	210.57	4933878	134966	42852034	22.28	NA	NA	NA	19132	7908216	120.74	425	95	18585
371	5300007	960143288	5605	5092982	188.52	4534489	0	211.74	4933878	196603	43048637	22.30	NA	NA	NA	25294	7933510	121.02	803	146	24318
372	2665497	962808785	373	5093355	189.03	4534489	0	212.33	4933878	93420	43142057	22.32	NA	NA	NA	1400	7934910	121.34	67	52	1254
373	4076475	966885260	913	5094268	189.80	4534489	0	213.23	4933878	129245	43271302	22.34	NA	NA	NA	4726	7939636	121.78	686	55	3958
374	2287772	969173032	2194	5096462	190.17	4534489	0	213.73	4933878	119131	43390433	22.34	NA	NA	NA	25492	7965128	121.68	2329	64	23072
375	3817186	972990218	888	5097350	190.88	4534489	0	214.58	4990250	123351	43513784	22.36	NA	NA	NA	3240	7968368	122.11	811	70	2332
376	78178	973068396	495	5097845	190.88	4534489	0	214.59	4990250	28892	43542676	22.35	NA	NA	NA	19854	7988222	121.81	38	37	19752
377	8742132	981810528	13082	5110927	192.10	4534489	0	216.52	4990250	272239	43814915	22.41	NA	NA	NA	93931	8082153	121.48	2977	603	90324
378	4424056	986234584	1755	5112682	192.90	4534489	0	217.50	4990250	148546	43963461	22.43	NA	NA	NA	16049	8098202	121.78	4846	120	11056
379	3454626	989689210	873	5113555	193.54	4534489	0	218.26	4990250	117394	44080855	22.45	NA	NA	NA	7595	8105797	122.10	4415	71	3082
380	3710924	993400134	563	5114118	194.25	4534489	0	219.08	4990250	123185	44204040	22.47	NA	NA	NA	3336	8109133	122.50	550	52	2707
381	3362712	996762846	827	5114945	194.87	4534489	0	219.82	4990250	131706	44335746	22.48	NA	NA	NA	11083	8120216	122.75	4942	64	6050
382	4893327	1001656173	3887	5118832	195.68	4534489	0	220.90	4990250	168059	44503805	22.51	NA	NA	NA	23364	8143580	123.00	5207	108	18022
383	3260404	1004916577	930	5119762	196.28	4534489	0	221.62	5074912	115161	44618966	22.52	NA	NA	NA	4654	8148234	123.33	387	67	4173
384	3493082	1008409659	1573	5121335	196.90	4534489	0	222.39	5074912	124169	44743135	22.54	NA	NA	NA	8258	8156492	123.63	176	70	7985
385	3541111	1011950770	3257	5124592	197.47	4534489	0	223.17	5074912	122693	44865828	22.56	NA	NA	NA	8236	8164728	123.94	185	75	7949
386	3007407	1014958177	718	5125310	198.03	4534489	0	223.83	5074912	99918	44965746	22.57	NA	NA	NA	1444	8166172	124.29	71	49	1297
387	3169415	1018127592	414	5125724	198.63	4534489	0	224.53	5074912	105330	45071076	22.59	NA	NA	NA	5583	8171755	124.59	4741	46	769
388	3687154	1021814746	788	5126512	199.32	4534489	0	225.34	5074912	123087	45194163	22.61	NA	NA	NA	5057	8176812	124.96	363	76	4591
389	3897226	1025711972	2964	5129476	199.96	4534489	0	226.20	5074912	139268	45333431	22.63	NA	NA	NA	15481	8192293	125.20	353	101	15000
390	3962726	1029674698	1603	5131079	200.67	4534489	0	227.08	5074912	132356	45465787	22.65	NA	NA	NA	8500	8200793	125.56	195	76	8202
391	3307878	1032982576	1009	5132088	201.28	4534489	0	227.81	5102063	113912	45579699	22.66	NA	NA	NA	4373	8205166	125.89	151	71	4124
392	2979177	1035961753	306	5132394	201.85	4534489	0	228.46	5102063	98782	45678481	22.68	NA	NA	NA	571	8205737	126.25	43	34	467
393	3439611	1039401364	1683	5134077	202.45	4534489	0	229.22	5102063	119864	45798345	22.70	NA	NA	NA	8416	8214153	126.54	176	111	8102
394	4069562	1043470926	2250	5136327	203.16	4534489	0	230.12	5102063	141421	45939766	22.71	NA	NA	NA	14116	8228269	126.82	249	91	13749
395	4989508	1048460434	3643	5139970	203.98	4534489	0	231.22	5102063	183595	46123361	22.73	NA	NA	NA	30499	8258768	126.95	551	119	29802
396	3515301	1051975735	604	5140574	204.64	4534489	0	231.99	5102063	114379	46237740	22.75	NA	NA	NA	1675	8260443	127.35	210	61	1377
397	5134301	1057110036	2454	5143028	205.54	4534489	0	233.13	5102063	191392	46429132	22.77	NA	NA	NA	11496	8271939	127.79	2220	105	9144
398	5066392	1062176428	2542	5145570	206.43	4534489	0	234.24	5102063	156733	46585865	22.80	NA	NA	NA	14149	8286088	128.19	1234	110	12778
399	4039984	1066216412	1750	5147320	207.14	4534489	0	235.13	5150620	125992	46711857	22.83	NA	NA	NA	6228	8292316	128.58	326	69	5806
400	3397846	1069614258	689	5148009	207.77	4534489	0	235.88	5150620	111128	46822985	22.84	NA	NA	NA	7557	8299873	128.87	4502	70	2958
401	3498674	1073112932	949	5148958	208.41	4534489	0	236.66	5150620	118942	46941927	22.86	NA	NA	NA	10891	8310764	129.12	4840	70	5954
402	3654899	1076767831	614	5149572	209.10	4534489	0	237.46	5150620	120536	47062463	22.88	NA	NA	NA	4355	8315119	129.50	118	58	4152
403	3002431	1079770262	1344	5150916	209.63	4534489	0	238.12	5150620	110338	47172801	22.89	NA	NA	NA	11155	8326274	129.68	97	76	10955
404	3538357	1083308619	1175	5152091	210.27	4534489	0	238.90	5150620	116997	47289798	22.91	NA	NA	NA	4556	8330830	130.04	81	58	4390
405	3453720	1086762339	718	5152809	210.91	4534489	0	239.67	5150620	115221	47405019	22.93	NA	NA	NA	5440	8336270	130.37	83	64	5266
406	3451809	1090214148	449	5153258	211.56	4534489	0	240.43	5150620	111842	47516861	22.94	NA	NA	NA	2765	8339035	130.74	94	46	2598
407	2931158	1093145306	310	5153568	212.11	4534489	0	241.07	5169633	99478	47616339	22.96	NA	NA	NA	2215	8341250	131.05	48	37	2103
408	3577184	1096722490	813	5154381	212.77	4534489	0	241.86	5169633	115822	47732161	22.98	NA	NA	NA	3615	8344865	131.42	660	52	2876
409	3445808	1100168298	699	5155080	213.41	4534489	0	242.62	5169633	111271	47843432	23.00	NA	NA	NA	2730	8347595	131.79	71	49	2583
410	3640308	1103808606	1076	5156156	214.08	4534489	0	243.43	5169633	119869	47963301	23.01	NA	NA	NA	8501	8356096	132.10	508	67	7899
411	2952044	1106760650	729	5156885	214.62	4534489	0	244.08	5169633	98086	48061387	23.03	NA	NA	NA	2650	8358746	132.41	126	40	2457
412	3698570	1110459220	746	5157631	215.30	4534489	0	244.89	5169633	121498	48182885	23.05	NA	NA	NA	4839	8363585	132.77	131	49	4632
413	3483981	1113943201	1252	5158883	215.93	4534489	0	245.66	5169633	119952	48302837	23.06	NA	NA	NA	10166	8373751	133.03	86	67	9986
414	3417405	1117360606	425	5159308	216.57	4534489	0	246.41	5169633	111650	48414487	23.08	NA	NA	NA	3101	8376852	133.39	62	49	2963
415	3398656	1120759262	348	5159656	217.22	4534489	0	247.16	5214311	111516	48526003	23.10	NA	NA	NA	3175	8380027	133.74	57	46	3045
416	3782692	1124541954	1105	5160761	217.90	4534489	0	248.00	5214311	119311	48645314	23.12	NA	NA	NA	6131	8386158	134.10	852	67	5185
417	3603714	1128145668	1027	5161788	218.56	4534489	0	248.79	5214311	115192	48760506	23.14	NA	NA	NA	3863	8390021	134.46	72	52	3712
418	3341496	1131487164	845	5162633	219.17	4534489	0	249.53	5214311	111454	48871960	23.15	NA	NA	NA	9050	8399071	134.72	4515	58	4450
419	2917855	1134405019	568	5163201	219.71	4534489	0	250.17	5214311	99418	48971378	23.16	NA	NA	NA	3268	8402339	135.01	93	58	3090
420	2829270	1137234289	418	5163619	220.24	4534489	0	250.80	5214311	97907	49069285	23.18	NA	NA	NA	3443	8405782	135.29	48	37	3331
421	3748364	1140982653	1533	5165152	220.90	4534489	0	251.62	5214311	123055	49192340	23.19	NA	NA	NA	6540	8412322	135.63	162	96	6255
422	3690925	1144673578	1198	5166350	221.56	4534489	0	252.44	5214311	125407	49317747	23.21	NA	NA	NA	10302	8422624	135.90	234	95	9946
423	3133063	1147806641	1178	5167528	222.12	4534489	0	253.13	5272164	107614	49425361	23.22	NA	NA	NA	5947	8428571	136.18	201	67	5652
424	2854794	1150661435	516	5168044	222.65	4534489	0	253.76	5272164	97249	49522610	23.24	NA	NA	NA	3205	8431776	136.47	48	43	3087
425	2858020	1153519455	629	5168673	223.18	4534489	0	254.39	5272164	96975	49619585	23.25	NA	NA	NA	3023	8434799	136.76	53	46	2897
426	3024717	1156544172	419	5169092	223.74	4534489	0	255.06	5272164	100088	49719673	23.26	NA	NA	NA	2903	8437702	137.07	159	46	2671
427	2852423	1159396595	323	5169415	224.28	4534489	0	255.68	5272164	96703	49816376	23.27	NA	NA	NA	2763	8440465	137.36	48	43	2645
428	3045918	1162442513	1026	5170441	224.82	4534489	0	256.36	5272164	100754	49917130	23.29	NA	NA	NA	3037	8443502	137.67	81	49	2880
429	3691941	1166134454	745	5171186	225.51	4534489	0	257.17	5272164	120977	50038107	23.30	NA	NA	NA	4560	8448062	138.04	91	64	4378
430	3077382	1169211836	1658	5172844	226.03	4534489	0	257.85	5272164	109559	50147666	23.32	NA	NA	NA	9507	8457569	138.24	102	77	9301
431	2855987	1172067823	294	5173138	226.57	4534489	0	258.48	5285168	95759	50243425	23.33	NA	NA	NA	1977	8459546	138.55	68	37	1845
432	2977400	1175045223	960	5174098	227.10	4534489	0	259.14	5285168	104211	50347636	23.34	NA	NA	NA	5579	8465125	138.81	82	49	5421
433	3570437	1178615660	699	5174797	227.76	4534489	0	259.92	5285168	116038	50463674	23.36	NA	NA	NA	4354	8469479	139.16	72	55	4200
434	3460856	1182076516	841	5175638	228.39	4534489	0	260.69	5285168	112290	50575964	23.37	NA	NA	NA	3324	8472803	139.51	76	52	3169
435	3629045	1185705561	974	5176612	229.05	4534489	0	261.49	5285168	120538	50696502	23.39	NA	NA	NA	3249	8476052	139.89	250	61	2911
436	3850635	1189556196	666	5177278	229.76	4534489	0	262.34	5285168	127569	50824071	23.41	NA	NA	NA	3288	8479340	140.29	289	70	2902
437	3758524	1193314720	725	5178003	230.46	4534489	0	263.16	5285168	113570	50937641	23.43	NA	NA	NA	3150	8482490	140.68	435	70	2618
438	3688973	1197003693	773	5178776	231.14	4534489	0	263.98	5285168	116575	51054216	23.45	NA	NA	NA	2227	8484717	141.08	143	61	1996
439	4541965	1201545658	2053	5180829	231.92	4534489	0	264.98	5352355	143020	51197236	23.47	NA	NA	NA	10763	8495480	141.43	676	98	9962
440	4775914	1206321572	1679	5182508	232.77	4534489	0	266.03	5352355	151314	51348550	23.49	NA	NA	NA	9027	8504507	141.84	627	87	8286
441	4045035	1210366607	1596	5184104	233.48	4534489	0	266.92	5352355	128185	51476735	23.51	NA	NA	NA	4993	8509500	142.24	442	79	4445
442	4142426	1214509033	2646	5186750	234.16	4534489	0	267.84	5352355	139070	51615805	23.53	NA	NA	NA	16221	8525721	142.45	4402	81	11711
443	5507990	1220017023	5810	5192560	234.95	4534489	0	269.05	5352355	203442	51819247	23.54	NA	NA	NA	41670	8567391	142.40	3160	332	38151
444	6084031	1226101054	7415	5199975	235.79	4534489	0	270.39	5352355	242878	52062125	23.55	NA	NA	NA	64163	8631554	142.05	988	138	63010
445	3504522	1229605576	509	5200484	236.44	4534489	0	271.17	5352355	114598	52176723	23.57	NA	NA	NA	1540	8633094	142.43	191	52	1270
446	4046457	1233652033	1122	5201606	237.17	4534489	0	272.06	5352355	130519	52307242	23.58	NA	NA	NA	9305	8642399	142.74	4975	67	4236
447	4218388	1237870421	2192	5203798	237.88	5016476	1	246.76	5478991	142046	52449288	23.60	NA	NA	NA	11863	8654262	143.04	401	73	11362
448	3838673	1241709094	552844	5756642	215.70	5016476	0	247.53	5478991	118625	52567913	23.62	NA	NA	NA	1545	8655807	143.45	346	52	1120
449	3977412	1245686506	1262	5757904	216.34	5016476	0	248.32	5478991	129514	52697427	23.64	NA	NA	NA	5223	8661030	143.83	121	73	5002
450	3814544	1249501050	785	5758689	216.98	5016476	0	249.08	5478991	120538	52817965	23.66	NA	NA	NA	2395	8663425	144.23	71	52	2245
451	5522045	1255023095	3071	5761760	217.82	5016476	0	250.18	5478991	169935	52987900	23.69	NA	NA	NA	22128	8685553	144.50	5158	97	16846
452	3172887	1258195982	988	5762748	218.33	5016476	0	250.81	5478991	109608	53097508	23.70	NA	NA	NA	3921	8689474	144.80	81	61	3752
453	3598386	1261794368	742	5763490	218.93	5016476	0	251.53	5478991	119375	53216883	23.71	NA	NA	NA	2248	8691722	145.17	165	58	1998
454	6184433	1267978801	9125	5772615	219.65	5016476	0	252.76	5478991	234526	53451409	23.72	NA	NA	NA	59548	8751270	144.89	777	160	58584
455	4540705	1272519506	3317	5775932	220.31	5016476	0	253.67	5583237	163295	53614704	23.73	NA	NA	NA	21057	8772327	145.06	3482	110	17438
456	4013596	1276533102	1858	5777790	220.94	5016476	0	254.47	5583237	138174	53752878	23.75	NA	NA	NA	10774	8783101	145.34	352	87	10308
457	3982638	1280515740	1079	5778869	221.59	5016476	0	255.26	5583237	134455	53887333	23.76	NA	NA	NA	11156	8794257	145.61	4860	73	6196
458	4253028	1284768768	1785	5780654	222.25	5016476	0	256.11	5583237	134969	54022302	23.78	NA	NA	NA	6497	8800754	145.98	337	77	6056
459	4346015	1289114783	1276	5781930	222.96	5016476	0	256.98	5583237	139248	54161550	23.80	NA	NA	NA	5125	8805879	146.39	658	70	4370
460	3735015	1292849798	2301	5784231	223.51	5016476	0	257.72	5583237	129303	54290853	23.81	NA	NA	NA	11580	8817459	146.62	179	72	11302
461	4259135	1297108933	1955	5786186	224.17	5016476	0	258.57	5583237	133386	54424239	23.83	NA	NA	NA	12034	8829493	146.91	4568	64	7375
462	3026939	1300135872	367	5786553	224.68	5016476	0	259.17	5583237	101155	54525394	23.84	NA	NA	NA	1127	8830620	147.23	74	43	983
463	3215595	1303351467	484	5787037	225.22	5016476	0	259.81	5648303	104452	54629846	23.86	NA	NA	NA	1853	8832473	147.56	69	46	1711
464	5568394	1308919861	4984	5792021	225.99	5016476	0	260.92	5648303	211581	54841427	23.87	NA	NA	NA	35048	8867521	147.61	4592	100	30329
465	4442281	1313362142	2694	5794715	226.65	5016476	0	261.81	5648303	155997	54997424	23.88	NA	NA	NA	7213	8874734	147.99	211	96	6879
466	3028667	1316390809	442	5795157	227.15	5016476	0	262.41	5648303	103774	55101198	23.89	NA	NA	NA	3116	8877850	148.28	60	49	2980
467	4140675	1320531484	1604	5796761	227.81	5016476	0	263.24	5648303	130349	55231547	23.91	NA	NA	NA	7817	8885667	148.61	278	98	7414
468	3340053	1323871537	350	5797111	228.37	5016476	0	263.90	5648303	108328	55339875	23.92	NA	NA	NA	959	8886626	148.97	56	43	833
469	3860593	1327732130	1056	5798167	228.99	5016476	0	264.67	5648303	121571	55461446	23.94	NA	NA	NA	9525	8896151	149.25	4511	52	4935
470	3601779	1331333909	464	5798631	229.59	5016476	0	265.39	5648303	116214	55577660	23.95	NA	NA	NA	1665	8897816	149.62	295	49	1294
471	4017589	1335351498	1155	5799786	230.24	5016476	0	266.19	5754778	133330	55710990	23.97	NA	NA	NA	10439	8908255	149.90	4528	74	5810
472	2998257	1338349755	397	5800183	230.74	5016476	0	266.79	5754778	102891	55813881	23.98	NA	NA	NA	1126	8909381	150.22	83	43	973
473	3891969	1342241724	1148	5801331	231.37	5016476	0	267.57	5754778	131084	55944965	23.99	NA	NA	NA	6127	8915508	150.55	223	76	5801
474	3959361	1346201085	871	5802202	232.02	5016476	0	268.36	5754778	131729	56076694	24.01	NA	NA	NA	4030	8919538	150.93	427	70	3506
475	5627541	1351828626	4046	5806248	232.82	5016476	0	269.48	5754778	179864	56256558	24.03	NA	NA	NA	21811	8941349	151.19	825	114	20845
476	4897058	1356725684	4076	5810324	233.50	5016476	0	270.45	5754778	173257	56429815	24.04	NA	NA	NA	22680	8964029	151.35	531	108	22014
477	3307763	1360033447	521	5810845	234.05	5016476	0	271.11	5754778	105815	56535630	24.06	NA	NA	NA	1777	8965806	151.69	110	61	1579
478	2703770	1362737217	432	5811277	234.50	5016476	0	271.65	5754778	96335	56631965	24.06	NA	NA	NA	3192	8968998	151.94	60	43	3062
479	3571061	1366308278	925	5812202	235.08	5016476	0	272.36	5793549	116260	56748225	24.08	NA	NA	NA	3261	8972259	152.28	89	58	3087
480	3537875	1369846153	867	5813069	235.65	5016476	0	273.07	5793549	115199	56863424	24.09	NA	NA	NA	3636	8975895	152.61	157	61	3391
481	4158033	1374004186	1270	5814339	236.31	5016476	0	273.90	5793549	137590	57001014	24.10	NA	NA	NA	8446	8984341	152.93	542	98	7779
482	3597894	1377602080	1260	5815599	236.88	5016476	0	274.62	5793549	116660	57117674	24.12	NA	NA	NA	3470	8987811	153.27	176	58	3209
483	4161670	1381763750	2481	5818080	237.49	5016476	0	275.45	5793549	142212	57259886	24.13	NA	NA	NA	13687	9001498	153.50	248	87	13325
484	3138524	1384902274	398	5818478	238.02	5016476	0	276.07	5793549	107423	57367309	24.14	NA	NA	NA	2151	9003649	153.82	579	49	1496
485	3416968	1388319242	355	5818833	238.59	5016476	0	276.75	5793549	112763	57480072	24.15	NA	NA	NA	1024	9004673	154.18	189	46	762
486	4373208	1392692450	2050	5820883	239.26	5016476	0	277.62	5793549	159059	57639131	24.16	NA	NA	NA	18864	9023537	154.34	1768	98	16971
487	4324011	1397016461	1502	5822385	239.94	5016476	0	278.49	5830895	163562	57802693	24.17	NA	NA	NA	9994	9033531	154.65	595	84	9288
488	4087967	1401104428	2074	5824459	240.56	5016476	0	279.30	5830895	140105	57942798	24.18	NA	NA	NA	14451	9047982	154.85	4952	71	9401
489	859109	1401963537	437	5824896	240.68	5016476	0	279.47	5830895	34959	57977757	24.18	NA	NA	NA	2344	9050326	154.91	1498	37	782
490	5256151	1407219688	8563	5833459	241.23	5016476	0	280.52	5830895	200561	58178318	24.19	NA	NA	NA	43919	9094245	154.74	5391	161	38340
491	4909494	1412129182	4279	5837738	241.90	5016476	0	281.50	5830895	179136	58357454	24.20	NA	NA	NA	30143	9124388	154.76	4863	128	25125
492	2565592	1414694774	1177	5838915	242.29	5016476	0	282.01	5830895	102781	58460235	24.20	NA	NA	NA	6240	9130628	154.94	446	75	5692
493	3590708	1418285482	440	5839355	242.88	5016476	0	282.73	5830895	114578	58574813	24.21	NA	NA	NA	5718	9136346	155.24	4849	40	802
494	3210145	1421495627	1306	5840661	243.38	5016476	0	283.37	5830895	116586	58691399	24.22	NA	NA	NA	8141	9144487	155.45	286	72	7756
495	4491959	1425987586	1724	5842385	244.08	5016476	0	284.26	5896747	146081	58837480	24.24	NA	NA	NA	8939	9153426	155.79	845	80	7987
496	4149810	1430137396	1969	5844354	244.70	5016476	0	285.09	5896747	147088	58984568	24.25	NA	NA	NA	13149	9166575	156.02	791	75	12256
497	3600343	1433737739	820	5845174	245.29	5016476	0	285.81	5896747	122681	59107249	24.26	NA	NA	NA	4328	9170903	156.34	158	64	4079
498	2971287	1436709026	407	5845581	245.78	5016476	0	286.40	5896747	101508	59208757	24.27	NA	NA	NA	1458	9172361	156.63	169	43	1219
499	4031425	1440740451	1607	5847188	246.40	5016476	0	287.20	5896747	141543	59350300	24.28	NA	NA	NA	10533	9182894	156.89	979	75	9452
500	3175574	1443916025	735	5847923	246.91	5016476	0	287.83	5896747	106276	59456576	24.29	NA	NA	NA	3467	9186361	157.18	262	43	3135
501	3108250	1447024275	505	5848428	247.42	5016476	0	288.45	5896747	107286	59563862	24.29	NA	NA	NA	2236	9188597	157.48	84	55	2070
502	4728516	1451752791	2581	5851009	248.12	5016476	0	289.40	5896747	159107	59722969	24.31	NA	NA	NA	12761	9201358	157.78	596	95	12043
503	4668185	1456420976	128164	5979173	243.58	5687712	1	256.06	6084935	395996	60118965	24.23	NA	NA	NA	163385	9364743	155.52	4605	123	158630
504	3021649	1459442625	599	5979772	244.06	5687712	0	256.60	6084935	105426	60224391	24.23	NA	NA	NA	3041	9367784	155.79	118	46	2850
505	2943108	1462385733	453	5980225	244.54	5687712	0	257.11	6084935	106706	60331097	24.24	NA	NA	NA	3192	9370976	156.05	97	55	3013
506	3114990	1465500723	1203	5981428	245.01	5687712	0	257.66	6084935	113116	60444213	24.25	NA	NA	NA	7477	9378453	156.26	152	61	7237
507	4759269	1470259992	1725	5983153	245.73	5687712	0	258.50	6084935	168307	60612520	24.26	NA	NA	NA	12789	9391242	156.56	1058	115	11589
508	3483060	1473743052	532	5983685	246.29	5687712	0	259.11	6084935	118892	60731412	24.27	NA	NA	NA	2260	9393502	156.89	272	55	1906
509	1974106	1475717158	283	5983968	246.61	5687712	0	259.46	6084935	82960	60814372	24.27	NA	NA	NA	2406	9395908	157.06	56	37	2286
510	2481744	1478198902	558	5984526	247.00	5687712	0	259.89	6084935	92881	60907253	24.27	NA	NA	NA	992	9396900	157.31	267	52	646
511	3880823	1482079725	1560	5986086	247.59	5687712	0	260.58	6108974	132428	61039681	24.28	NA	NA	NA	9990	9406890	157.55	4505	84	5374
512	3777095	1485856820	790	5986876	248.19	5687712	0	261.24	6108974	121439	61161120	24.29	NA	NA	NA	8218	9415108	157.82	4899	70	3222
513	4172407	1490029227	837	5987713	248.85	5687712	0	261.97	6108974	134690	61295810	24.31	NA	NA	NA	3632	9418740	158.20	461	67	3077
514	3911764	1493940991	968	5988681	249.46	5687712	0	262.66	6108974	130140	61425950	24.32	NA	NA	NA	9472	9428212	158.45	4464	70	4911
515	4991331	1498932322	3066	5991747	250.17	5687712	0	263.54	6108974	165133	61591083	24.34	NA	NA	NA	19739	9447951	158.65	5171	94	14447
516	3266924	1502199246	494	5992241	250.69	5687712	0	264.11	6108974	110289	61701372	24.35	NA	NA	NA	5973	9453924	158.90	4560	46	1340
517	869492	1503068738	367	5992608	250.82	5736304	1	262.03	6108974	37485	61738857	24.35	NA	NA	NA	1975	9455899	158.96	48	40	1860
518	15072061	1518140799	2748801	8741409	173.67	5736304	0	264.65	6108974	4901459	66640316	22.78	NA	NA	NA	2755660	12211559	124.32	228	74	2755331
519	2760080	1520900879	2602	8744011	173.94	5736304	0	265.14	9091787	189098	66829414	22.76	NA	NA	NA	92894	12304453	123.61	4509	58	88300
520	608	1520901487	198	8744209	173.93	5736304	0	265.14	9091787	213	66829627	22.76	NA	NA	NA	346	12304799	123.60	29	28	262
521	2714206	1523615693	356	8744565	174.24	5736304	0	265.61	9091787	107741	66937368	22.76	NA	NA	NA	1127	12305926	123.81	48	37	1015
522	2826093	1526441786	1803	8746368	174.52	5736304	0	266.10	9091787	112061	67049429	22.77	NA	NA	NA	14809	12320735	123.89	4614	90	10078
523	3112395	1529554181	2003	8748371	174.84	5736304	0	266.64	9091787	135661	67185090	22.77	NA	NA	NA	29089	12349824	123.85	4715	71	24276
524	3088209	1532642390	6778	8755149	175.06	8719963	1	175.76	9091787	120181	67305271	22.77	NA	NA	NA	23630	12373454	123.87	4665	55	18883
525	102633493	1635275883	10481816	19236965	85.01	8719963	0	187.53	9091787	39171762	106477033	15.36	NA	NA	NA	22524194	34897648	46.86	29	28	22524110
526	3147299	1638423182	867	19237832	85.17	8719963	0	187.89	9091787	111083	106588116	15.37	NA	NA	NA	4590	34902238	46.94	89	58	4416
527	2231196	1640654378	898	19238730	85.28	8719963	0	188.15	32634601	92108	106680224	15.38	NA	NA	NA	5361	34907599	47.00	2638	89	2607
528	2129017	1642783395	676	19239406	85.39	8719963	0	188.39	32634601	86858	106767082	15.39	NA	NA	NA	2167	34909766	47.06	91	43	2006
529	3147949	1645931344	357	19239763	85.55	8719963	0	188.75	32634601	105877	106872959	15.40	NA	NA	NA	5247	34915013	47.14	4268	40	912
530	3318000	1649249344	404	19240167	85.72	8719963	0	189.13	32634601	110742	106983701	15.42	NA	NA	NA	1520	34916533	47.23	326	40	1127
531	25229237	1674478581	2372221	21612388	77.48	37878281	1	44.21	32634601	9425347	116409048	14.38	NA	NA	NA	5501627	40418160	41.43	29	25	5501546
532	306189	1674784770	29518	21641906	77.39	37878281	0	44.21	32634601	116869	116525917	14.37	NA	NA	NA	67237	40485397	41.37	29	25	67156
533	4438943	1679223713	1259	21643165	77.59	37878281	0	44.33	32634601	143827	116669744	14.39	NA	NA	NA	8650	40494047	41.47	782	84	7757
534	2511883	1681735596	1572	21644737	77.70	37878281	0	44.40	32634601	96512	116766256	14.40	NA	NA	NA	3698	40497745	41.53	261	61	3349
535	7985337	1689720933	723237	22367974	75.54	37878281	0	44.61	40245120	3041043	119807299	14.10	NA	NA	NA	1746575	42244320	40.00	29	25	1746494
536	2105967	1691826900	648	22368622	75.63	37878281	0	44.66	40245120	88679	119895978	14.11	NA	NA	NA	3228	42247548	40.05	114	46	3041
537	3214568	1695041468	1047	22369669	75.77	37878281	0	44.75	40245120	115066	120011044	14.12	NA	NA	NA	8683	42256231	40.11	110	40	8506
538	4677230	1699718698	2473	22372142	75.97	37878281	0	44.87	40245120	161929	120172973	14.14	NA	NA	NA	15677	42271908	40.21	360	106	15184
539	7549488	1707268186	51676	22423818	76.14	37878281	0	45.07	40245120	344388	120517361	14.17	NA	NA	NA	131097	42403005	40.26	4661	559	125850
540	2089055	1709357241	942	22424760	76.23	37878281	0	45.13	40245120	89275	120606636	14.17	NA	NA	NA	7683	42410688	40.30	4081	46	3529
541	3426501	1712783742	1661	22426421	76.37	37878281	0	45.22	40245120	131999	120738635	14.19	NA	NA	NA	6885	42417573	40.38	1003	84	5771
542	158	1712783900	98	22426519	76.37	37878281	0	45.22	40245120	64	120738699	14.19	NA	NA	NA	117	42417690	40.38	17	16	57
543	2020128	1714804028	1017	22427536	76.46	37878281	0	45.27	40504227	87866	120826565	14.19	NA	NA	NA	4793	42422483	40.42	94	86	4586
544	1978641	1716782669	311	22427847	76.55	37878281	0	45.32	40504227	84132	120910697	14.20	NA	NA	NA	4064	42426547	40.46	3601	40	396
545	3925800	1720708469	59050	22486897	76.52	37878281	0	45.43	40504227	361257	121271954	14.19	NA	NA	NA	179386	42605933	40.39	3632	2167	173560
546	2011694	1722720163	311	22487208	76.61	37878281	0	45.48	40504227	85851	121357805	14.20	NA	NA	NA	4712	42610645	40.43	4111	37	537
547	2060531	1724780694	1004	22488212	76.70	37878281	0	45.53	40504227	94081	121451886	14.20	NA	NA	NA	9573	42620218	40.47	48	43	9455
548	1978642	1726759336	240	22488452	76.78	37878281	0	45.59	40504227	84062	121535948	14.21	NA	NA	NA	416	42620634	40.51	69	34	286
549	4015435	1730774771	2567	22491019	76.95	37878281	0	45.69	40504227	182291	121718239	14.22	NA	NA	NA	23601	42644235	40.59	938	108	22528
550	2088854	1732863625	219	22491238	77.05	37878281	0	45.75	40504227	86540	121804779	14.23	NA	NA	NA	603	42644838	40.63	236	34	306
551	2096497	1734960122	498	22491736	77.14	37878281	0	45.80	40790577	88948	121893727	14.23	NA	NA	NA	3715	42648553	40.68	41	34	3613
552	2080640	1737040762	275	22492011	77.23	37878281	0	45.86	40790577	87429	121981156	14.24	NA	NA	NA	4290	42652843	40.73	3890	34	339
553	2062302	1739103064	5505	22497516	77.30	37878281	0	45.91	40790577	100921	122082077	14.25	NA	NA	NA	13942	42666785	40.76	401	288	13226
554	2294538	1741397602	2066	22499582	77.40	37878281	0	45.97	40790577	99376	122181453	14.25	NA	NA	NA	11247	42678032	40.80	4986	289	5945
555	2138474	1743536076	1477	22501059	77.49	37878281	0	46.03	40790577	90350	122271803	14.26	NA	NA	NA	5143	42683175	40.85	2505	112	2499
556	1843791	1745379867	291	22501350	77.57	37878281	0	46.08	40790577	80187	122351990	14.27	NA	NA	NA	3737	42686912	40.89	3377	40	293
557	2069099	1747448966	563	22501913	77.66	37878281	0	46.13	40790577	85173	122437163	14.27	NA	NA	NA	3246	42690158	40.93	1833	52	1334
558	3928380	1751377346	6260	22508173	77.81	37878281	0	46.24	40790577	193491	122630654	14.28	NA	NA	NA	47491	42737649	40.98	4649	212	42603
559	4136152	1755513498	2312	22510485	77.99	37878281	0	46.35	40897139	131443	122762097	14.30	NA	NA	NA	10321	42747970	41.07	2768	95	7431
560	3536882	1759050380	424673	22935158	76.70	37878281	0	46.44	40897139	109359	122871456	14.32	NA	NA	NA	4981	42752951	41.14	4364	43	547
561	2118169	1761168549	935	22936093	76.79	37878281	0	46.50	40897139	93635	122965091	14.32	NA	NA	NA	5306	42758257	41.19	60	52	5167
562	1978548	1763147097	229	22936322	76.87	37878281	0	46.55	40897139	84035	123049126	14.33	NA	NA	NA	412	42758669	41.23	69	34	282
563	2114844	1765261941	940	22937262	76.96	37878281	0	46.60	40897139	90554	123139680	14.34	NA	NA	NA	4727	42763396	41.28	53	46	4601
564	2317281	1767579222	346	22937608	77.06	37878281	0	46.66	40897139	90401	123230081	14.34	NA	NA	NA	1410	42764806	41.33	93	52	1238
565	2469287	1770048509	1628	22939236	77.16	37878281	0	46.73	40897139	99327	123329408	14.35	NA	NA	NA	10285	42775091	41.38	4290	43	5925
566	2324616	1772373125	2000	22941236	77.26	37878281	0	46.79	40897139	104783	123434191	14.36	NA	NA	NA	18112	42793203	41.42	4692	138	13255
567	2342450	1774715575	890	22942126	77.36	37878281	0	46.85	40933885	101293	123535484	14.37	NA	NA	NA	17333	42810536	41.46	4424	43	12839
568	2162199	1776877774	338	22942464	77.45	37878281	0	46.91	40933885	89554	123625038	14.37	NA	NA	NA	7457	42817993	41.50	4365	25	3040
569	2321400	1779199174	331	22942795	77.55	37878281	0	46.97	40933885	87677	123712715	14.38	NA	NA	NA	4580	42822573	41.55	3982	43	528
570	2011535	1781210709	626	22943421	77.63	37878281	0	47.02	40933885	84808	123797523	14.39	NA	NA	NA	2262	42824835	41.59	58	52	2125
571	2009216	1783219925	721	22944142	77.72	37878281	0	47.08	40933885	86666	123884189	14.39	NA	NA	NA	1630	42826465	41.64	49	43	1511
572	1979400	1785199325	289	22944431	77.81	37878281	0	47.13	40933885	84154	123968343	14.40	NA	NA	NA	506	42826971	41.68	78	40	361
573	3702862	1788902187	2350	22946781	77.96	37878281	0	47.23	40933885	145304	124113647	14.41	NA	NA	NA	27266	42854237	41.74	556	172	26511
574	3749648	1792651835	10691	22957472	78.09	37878281	0	47.33	40933885	158658	124272305	14.43	NA	NA	NA	37975	42892212	41.79	668	593	36687
575	4018308	1796670143	3350	22960822	78.25	37878281	0	47.43	41002510	158231	124430536	14.44	NA	NA	NA	26402	42918614	41.86	1193	119	25063
576	3323555	1799993698	192	22961014	78.39	37878281	0	47.52	41002510	109609	124540145	14.45	NA	NA	NA	5574	42924188	41.93	5176	25	346
577	4514112	1804507810	561	22961575	78.59	37878281	0	47.64	41002510	136195	124676340	14.47	NA	NA	NA	7912	42932100	42.03	5450	67	2368
578	2186810	1806694620	6359	22967934	78.66	37878281	0	47.70	41002510	114354	124790694	14.48	NA	NA	NA	24974	42957074	42.06	1016	109	23822
579	3341904	1810036524	1719	22969653	78.80	37878281	0	47.79	41002510	123583	124914277	14.49	NA	NA	NA	12879	42969953	42.12	4764	67	8021
580	2333058	1812369582	796	22970449	78.90	37878281	0	47.85	41002510	102545	125016822	14.50	NA	NA	NA	11633	42981586	42.17	4354	49	7203
581	2974693	1815344275	15925	22986374	78.97	37878281	0	47.93	41002510	176703	125193525	14.50	NA	NA	NA	65457	43047043	42.17	2581	129	62720
582	2284107	1817628382	2046	22988420	79.07	37878281	0	47.99	41002510	110123	125303648	14.51	NA	NA	NA	20397	43067440	42.20	4139	46	16185
583	2414788	1820043170	908	22989328	79.17	37878281	0	48.05	41080500	104980	125408628	14.51	NA	NA	NA	9755	43077195	42.25	4213	49	5466
584	2577207	1822620377	4176	22993504	79.27	37878281	0	48.12	41080500	129374	125538002	14.52	NA	NA	NA	23499	43100694	42.29	166	67	23239
585	2143596	1824763973	962	22994466	79.36	37878281	0	48.17	41080500	91785	125629787	14.52	NA	NA	NA	6284	43106978	42.33	43	34	6180
586	3699572	1828463545	4358	22998824	79.50	37878281	0	48.27	41080500	170887	125800674	14.53	NA	NA	NA	35462	43142440	42.38	301	80	35054
587	2177328	1830640873	514	22999338	79.60	37878281	0	48.33	41080500	91253	125891927	14.54	NA	NA	NA	7517	43149957	42.43	4127	31	3332
588	2085298	1832726171	797	23000135	79.68	37878281	0	48.38	41080500	86935	125978862	14.55	NA	NA	NA	2646	43152603	42.47	58	55	2506
589	2894746	1835620917	3129	23003264	79.80	37878281	0	48.46	41080500	134076	126112938	14.56	NA	NA	NA	21118	43173721	42.52	246	79	20766
590	2908014	1838528931	7322	23010586	79.90	37878281	0	48.54	41080500	169205	126282143	14.56	NA	NA	NA	54780	43228501	42.53	4293	70	50390
591	2494136	1841023067	937	23011523	80.00	37878281	0	48.60	41167475	102832	126384975	14.57	NA	NA	NA	3782	43232283	42.58	181	67	3507
592	2217584	1843240651	371	23011894	80.10	37878281	0	48.66	41167475	86562	126471537	14.57	NA	NA	NA	3161	43235444	42.63	1934	37	1163
593	1905492	1845146143	1644	23013538	80.18	37878281	0	48.71	41167475	86308	126557845	14.58	NA	NA	NA	7995	43243439	42.67	2720	55	5193
594	2330791	1847476934	1583	23015121	80.27	37878281	0	48.77	41167475	100856	126658701	14.59	NA	NA	NA	13793	43257232	42.71	4130	34	9602
595	1087119	1848564053	368	23015489	80.32	37878281	0	48.80	41167475	46915	126705616	14.59	NA	NA	NA	3425	43260657	42.73	2179	28	1191
596	2349598	1850913651	987	23016476	80.42	37878281	0	48.86	41167475	98369	126803985	14.60	NA	NA	NA	7318	43267975	42.78	1869	58	5364
597	2576070	1853489721	3261	23019737	80.52	37878281	0	48.93	41167475	119907	126923892	14.60	NA	NA	NA	24636	43292611	42.81	79	67	24463
598	1176510	1854666231	562	23020299	80.57	37878281	0	48.96	41167475	54057	126977949	14.61	NA	NA	NA	4993	43297604	42.84	546	31	4389
599	2504606	1857170837	6831	23027130	80.65	37878281	0	49.03	41217812	124824	127102773	14.61	NA	NA	NA	29538	43327142	42.86	236	192	29083
600	4162861	1861333698	1822	23028952	80.83	37878281	0	49.14	41217812	145184	127247957	14.63	NA	NA	NA	8308	43335450	42.95	1342	79	6860
601	3894958	1865228656	749	23029701	80.99	37878281	0	49.24	41217812	132552	127380509	14.64	NA	NA	NA	2324	43337774	43.04	703	49	1545
602	4149735	1869378391	749	23030450	81.17	37878281	0	49.35	41217812	137346	127517855	14.66	NA	NA	NA	8780	43346554	43.13	5230	52	3471
603	4129003	1873507394	1171	23031621	81.35	37878281	0	49.46	41217812	145229	127663084	14.68	NA	NA	NA	12787	43359341	43.21	5336	61	7363
604	2528026	1876035420	563	23032184	81.45	37878281	0	49.53	41217812	97094	127760178	14.68	NA	NA	NA	4213	43363554	43.26	2702	46	1438
605	4408218	1880443638	808	23032992	81.64	37878281	0	49.64	41217812	138817	127898995	14.70	NA	NA	NA	7541	43371095	43.36	4939	81	2494
606	2046587	1882490225	7430	23040422	81.70	37878281	0	49.70	41217812	112836	128011831	14.71	NA	NA	NA	21920	43393015	43.38	503	283	21107
607	3350385	1885840610	764	23041186	81.85	37878281	0	49.79	41273146	118676	128130507	14.72	NA	NA	NA	10228	43403243	43.45	4659	58	5484
608	5198451	1891039061	4643	23045829	82.06	37878281	0	49.92	41273146	146547	128277054	14.74	NA	NA	NA	9083	43412326	43.56	1113	191	7752
609	3377777	1894416838	585	23046414	82.20	37878281	0	50.01	41273146	108687	128385741	14.76	NA	NA	NA	7355	43419681	43.63	4657	37	2634
610	4923524	1899340362	1453	23047867	82.41	37878281	0	50.14	41273146	147841	128533582	14.78	NA	NA	NA	10250	43429931	43.73	1401	93	8729
611	3546200	1902886562	387	23048254	82.56	37878281	0	50.24	41273146	110898	128644480	14.79	NA	NA	NA	3074	43433005	43.81	311	37	2699
612	3177664	1906064226	1089	23049343	82.69	37878281	0	50.32	41273146	102033	128746513	14.80	NA	NA	NA	4298	43437303	43.88	189	145	3937
613	3256025	1909320251	372	23049715	82.83	37878281	0	50.41	41273146	105160	128851673	14.82	NA	NA	NA	7193	43444496	43.95	4549	25	2592
614	3165253	1912485504	261	23049976	82.97	37878281	0	50.49	41273146	102162	128953835	14.83	NA	NA	NA	2258	43446754	44.02	34	31	2166
615	3167780	1915653284	313	23050289	83.11	37878281	0	50.57	41306780	102753	129056588	14.84	NA	NA	NA	2721	43449475	44.09	34	31	2629
616	2560948	1918214232	581	23050870	83.22	37878281	0	50.64	41306780	95267	129151855	14.85	NA	NA	NA	3351	43452826	44.14	225	61	3038
617	2081443	1920295675	325	23051195	83.31	37878281	0	50.70	41306780	84582	129236437	14.86	NA	NA	NA	927	43453753	44.19	44	37	819
618	3489168	1923784843	2884	23054079	83.45	37878281	0	50.79	41306780	116892	129353329	14.87	NA	NA	NA	14381	43468134	44.26	359	182	13813
619	2791384	1926576227	895	23054974	83.56	37878281	0	50.86	41306780	103703	129457032	14.88	NA	NA	NA	6978	43475112	44.31	272	72	6607
620	2918630	1929494857	1172	23056146	83.69	37878281	0	50.94	41306780	104776	129561808	14.89	NA	NA	NA	8947	43484059	44.37	4512	78	4330
621	4351380	1933846237	9493	23065639	83.84	37878281	0	51.05	41306780	210837	129772645	14.90	NA	NA	NA	70511	43554570	44.40	296	140	70048
622	3185468	1937031705	1172	23066811	83.97	37878281	0	51.14	41306780	110398	129883043	14.91	NA	NA	NA	11980	43566550	44.46	4220	140	7593
623	4601829	1941633534	877	23067688	84.17	37878281	0	51.26	41385250	131181	130014224	14.93	NA	NA	NA	3071	43569621	44.56	1329	87	1628
624	2429099	1944062633	1352	23069040	84.27	37878281	0	51.32	41385250	96488	130110712	14.94	NA	NA	NA	7219	43576840	44.61	239	64	6889
625	3250950	1947313583	2227	23071267	84.40	37878281	0	51.41	41385250	122508	130233220	14.95	NA	NA	NA	17021	43593861	44.67	300	133	16561
626	2086449	1949400032	1052	23072319	84.49	37878281	0	51.46	41385250	85025	130318245	14.96	NA	NA	NA	1825	43595686	44.72	57	31	1710
627	3162250	1952562282	559	23072878	84.63	37878281	0	51.55	41385250	105681	130423926	14.97	NA	NA	NA	7731	43603417	44.78	4527	55	3122
628	2582616	1955144898	429	23073307	84.74	37878281	0	51.62	41385250	94060	130517986	14.98	NA	NA	NA	2281	43605698	44.84	240	49	1965
629	2345178	1957490076	347	23073654	84.84	37878281	0	51.68	41385250	89931	130607917	14.99	NA	NA	NA	1166	43606864	44.89	304	37	798
630	3160636	1960650712	527	23074181	84.97	37878281	0	51.76	41385250	104976	130712893	15.00	NA	NA	NA	7401	43614265	44.95	4577	49	2748
631	2101856	1962752568	498	23074679	85.06	37878281	0	51.82	41407723	86449	130799342	15.01	NA	NA	NA	6216	43620481	45.00	4126	34	2029
632	2466428	1965218996	299	23074978	85.17	37878281	0	51.88	41407723	90636	130889978	15.01	NA	NA	NA	1298	43621779	45.05	181	37	1053
633	2075171	1967294167	556	23075534	85.25	37878281	0	51.94	41407723	86441	130976419	15.02	NA	NA	NA	2750	43624529	45.10	73	46	2604
634	2053163	1969347330	226	23075760	85.34	37878281	0	51.99	41407723	83609	131060028	15.03	NA	NA	NA	618	43625147	45.14	48	34	509
635	2172636	1971519966	252	23076012	85.44	37878281	0	52.05	41407723	86811	131146839	15.03	NA	NA	NA	4861	43630008	45.19	4112	31	691
636	1954546	1973474512	2319	23078331	85.51	37878281	0	52.10	41407723	95746	131242585	15.04	NA	NA	NA	17300	43647308	45.21	2589	117	14567
637	1169054	1974643566	556	23078887	85.56	37878281	0	52.13	41407723	51799	131294384	15.04	NA	NA	NA	4626	43651934	45.24	2292	52	2255
638	1987523	1976631089	1677	23080564	85.64	37878281	0	52.18	41407723	89837	131384221	15.04	NA	NA	NA	9929	43661863	45.27	2329	58	7515
639	1974251	1978605340	1071	23081635	85.72	37878281	0	52.24	41428930	82626	131466847	15.05	NA	NA	NA	6374	43668237	45.31	4191	46	2110
640	1966992	1980572332	807	23082442	85.80	37878281	0	52.29	41428930	87117	131553964	15.06	NA	NA	NA	9203	43677440	45.35	4175	43	4958
641	1709360	1982281692	4930	23087372	85.86	37878281	0	52.33	41428930	94292	131648256	15.06	NA	NA	NA	22655	43700095	45.36	2329	250	20049
642	2042392	1984324084	1237	23088609	85.94	37878281	0	52.39	41428930	90476	131738732	15.06	NA	NA	NA	9441	43709536	45.40	2359	72	6983
643	868758	1985192842	558	23089167	85.98	40954474	1	48.47	41428930	37611	131776343	15.06	NA	NA	NA	3033	43712569	45.41	284	43	2679
644	1000818	1986193660	1185	23090352	86.02	40954474	0	48.50	41428930	47859	131824202	15.07	NA	NA	NA	8954	43721523	45.43	1817	40	7070
645	1966144	1988159804	615	23090967	86.10	40954474	0	48.55	41428930	86295	131910497	15.07	NA	NA	NA	6496	43728019	45.47	2292	28	4149
646	2268993	1990428797	1560	23092527	86.19	40954474	0	48.60	41428930	101244	132011741	15.08	NA	NA	NA	14090	43742109	45.50	4592	52	9419
647	1150717	1991579514	1255	23093782	86.24	40954474	0	48.63	41473759	55621	132067362	15.08	NA	NA	NA	8112	43750221	45.52	2249	58	5778
648	2112337	1993691851	1884	23095666	86.32	40954474	0	48.68	41473759	95252	132162614	15.09	NA	NA	NA	11228	43761449	45.56	1896	58	9247
649	2077118	1995768969	581	23096247	86.41	40954474	0	48.73	41473759	89265	132251879	15.09	NA	NA	NA	6579	43768028	45.60	4165	37	2350
650	2361936	1998130905	766	23097013	86.51	40954474	0	48.79	41473759	97825	132349704	15.10	NA	NA	NA	9592	43777620	45.64	3686	64	5815
651	1193897	1999324802	1670	23098683	86.56	40954474	0	48.82	41473759	64485	132414189	15.10	NA	NA	NA	10682	43788302	45.66	373	72	10210
652	2023839	2001348641	3228	23101911	86.63	40954474	0	48.87	41473759	94907	132509096	15.10	NA	NA	NA	14009	43802311	45.69	2508	99	11375
653	1579055	2002927696	1156	23103067	86.70	40954474	0	48.91	41473759	71039	132580135	15.11	NA	NA	NA	5429	43807740	45.72	3115	52	2235
654	2057911	2004985607	2306	23105373	86.78	40954474	0	48.96	41473759	91584	132671719	15.11	NA	NA	NA	9102	43816842	45.76	1898	58	7119
655	2042454	2007028061	1065	23106438	86.86	40954474	0	49.01	41508233	85575	132757294	15.12	NA	NA	NA	2419	43819261	45.80	290	37	2065
656	2048018	2009076079	1742	23108180	86.94	40954474	0	49.06	41508233	91511	132848805	15.12	NA	NA	NA	9900	43829161	45.84	3583	49	6241
657	1790086	2010866165	700	23108880	87.02	40954474	0	49.10	41508233	82928	132931733	15.13	NA	NA	NA	5522	43834683	45.87	3890	43	1562
658	2220232	2013086397	1879	23110759	87.11	40954474	0	49.15	41508233	95192	133026925	15.13	NA	NA	NA	11250	43845933	45.91	4382	75	6766
659	1575317	2014661714	1714	23112473	87.17	40954474	0	49.19	41508233	74138	133101063	15.14	NA	NA	NA	8413	43854346	45.94	3098	55	5233
660	1248596	2015910310	1985	23114458	87.21	40954474	0	49.22	41508233	64801	133165864	15.14	NA	NA	NA	12419	43866765	45.96	46	34	12312
661	2463263	2018373573	3244	23117702	87.31	40954474	0	49.28	41508233	118334	133284198	15.14	NA	NA	NA	20450	43887215	45.99	4754	107	15562
662	2101001	2020474574	2428	23120130	87.39	40954474	0	49.33	41508233	101361	133385559	15.15	NA	NA	NA	16272	43903487	46.02	2638	37	13570
663	2357194	2022831768	1478	23121608	87.49	40954474	0	49.39	41553967	103964	133489523	15.15	NA	NA	NA	12636	43916123	46.06	3231	52	9326
664	2294021	2025125789	3008	23124616	87.57	40954474	0	49.45	41553967	98782	133588305	15.16	NA	NA	NA	10552	43926675	46.10	1994	61	8470
665	2143600	2027269389	1022	23125638	87.66	40954474	0	49.50	41553967	92155	133680460	15.17	NA	NA	NA	6849	43933524	46.14	4416	37	2369
666	1241391	2028510780	3553	23129191	87.70	40954474	0	49.53	41553967	57623	133738083	15.17	NA	NA	NA	7008	43940532	46.16	740	101	6140
667	1255171	2029765951	758	23129949	87.75	40954474	0	49.56	41553967	59023	133797106	15.17	NA	NA	NA	6454	43946986	46.19	2382	40	4005
668	1244245	2031010196	723	23130672	87.81	40954474	0	49.59	41553967	56799	133853905	15.17	NA	NA	NA	2809	43949795	46.21	48	37	2697
669	1235341	2032245537	356	23131028	87.86	40954474	0	49.62	41553967	54455	133908360	15.18	NA	NA	NA	1222	43951017	46.24	48	37	1110
670	1252404	2033497941	654	23131682	87.91	40954474	0	49.65	41553967	57860	133966220	15.18	NA	NA	NA	3162	43954179	46.26	45	34	3056
671	2478768	2035976709	695	23132377	88.01	40954474	0	49.71	41574952	103593	134069813	15.19	NA	NA	NA	11384	43965563	46.31	4110	67	7180
672	4725484	2040702193	356514	23488891	86.88	40954474	0	49.83	41574952	169967	134239780	15.20	NA	NA	NA	28623	43994186	46.39	5163	117	23316
673	3488508	2044190701	3010	23491901	87.02	40954474	0	49.91	41574952	131562	134371342	15.21	NA	NA	NA	17472	44011658	46.45	398	83	16964
674	3338930	2047529631	350	23492251	87.16	40954474	0	50.00	41574952	107414	134478756	15.23	NA	NA	NA	4631	44016289	46.52	4151	43	410
675	2081944	2049611575	312	23492563	87.25	40954474	0	50.05	41574952	86339	134565095	15.23	NA	NA	NA	1910	44018199	46.56	34	31	1818
676	2078948	2051690523	240	23492803	87.33	40954474	0	50.10	41574952	87287	134652382	15.24	NA	NA	NA	4271	44022470	46.61	3868	34	342
677	2734492	2054425015	1331	23494134	87.44	40954474	0	50.16	41574952	123027	134775409	15.24	NA	NA	NA	12316	44034786	46.65	154	49	12086
678	2686079	2057111094	732	23494866	87.56	40954474	0	50.23	41574952	113925	134889334	15.25	NA	NA	NA	10365	44045151	46.70	4895	37	5406
679	2685145	2059796239	771	23495637	87.67	40954474	0	50.29	41633715	112346	135001680	15.26	NA	NA	NA	5217	44050368	46.76	694	37	4459
680	3908517	2063704756	1494	23497131	87.83	40954474	0	50.39	41633715	128907	135130587	15.27	NA	NA	NA	7908	44058276	46.84	142	86	7653
681	3554555	2067259311	740	23497871	87.98	40954474	0	50.48	41633715	109857	135240444	15.29	NA	NA	NA	1693	44059969	46.92	727	52	887
682	5675089	2072934400	118411	23616282	87.78	40954474	0	50.62	41633715	455396	135695840	15.28	NA	NA	NA	272168	44332137	46.76	9189	7267	255685
683	5705313	2078639713	2496	23618778	88.01	40954474	0	50.75	41633715	218593	135914433	15.29	NA	NA	NA	25428	44357565	46.86	16365	136	8900
684	5707693	2084347406	2983	23621761	88.24	40954474	0	50.89	41633715	219677	136134110	15.31	NA	NA	NA	11948	44369513	46.98	1555	275	10091
685	5577053	2089924459	1963	23623724	88.47	40954474	0	51.03	41633715	209400	136343510	15.33	NA	NA	NA	19048	44388561	47.08	15599	105	3317
686	5617216	2095541675	897	23624621	88.70	40954474	0	51.17	41633715	207281	136550791	15.35	NA	NA	NA	19064	44407625	47.19	16231	86	2720
687	5685352	2101227027	1029	23625650	88.94	40954474	0	51.31	41812999	212644	136763435	15.36	NA	NA	NA	3765	44411390	47.31	145	49	3544
688	4315588	2105542615	4599	23630249	89.10	40954474	0	51.41	41812999	168993	136932428	15.38	NA	NA	NA	22964	44434354	47.39	10276	367	12294
689	5932584	2111475199	9086	23639335	89.32	40954474	0	51.56	41812999	239799	137172227	15.39	NA	NA	NA	41364	44475718	47.47	12642	450	28245
690	1984254	2113459453	538	23639873	89.40	40954474	0	51.61	41812999	83682	137255909	15.40	NA	NA	NA	6064	44481782	47.51	3969	40	2028
691	870527	2114329980	257	23640130	89.44	40954474	0	51.63	41812999	35443	137291352	15.40	NA	NA	NA	2416	44484198	47.53	1720	31	638
692	5605651	2119935631	2719	23642849	89.66	40954474	0	51.76	41812999	211028	137502380	15.42	NA	NA	NA	20800	44504998	47.63	13500	126	7147
693	5631530	2125567161	3103	23645952	89.89	40954474	0	51.90	41812999	215980	137718360	15.43	NA	NA	NA	25722	44530720	47.73	15919	83	9693
694	4947105	2130514266	1148	23647100	90.10	40954474	0	52.02	41812999	187745	137906105	15.45	NA	NA	NA	15174	44545894	47.83	13667	37	1443
695	5536152	2136050418	974	23648074	90.33	40954474	0	52.16	41857700	203852	138109957	15.47	NA	NA	NA	17656	44563550	47.93	15573	49	2007
696	5538794	2141589212	858	23648932	90.56	40954474	0	52.29	41857700	205686	138315643	15.48	NA	NA	NA	9778	44573328	48.05	7725	61	1965
697	5365619	2146954831	2869	23651801	90.77	40954474	0	52.42	41857700	210725	138526368	15.50	NA	NA	NA	28450	44601778	48.14	15791	315	12317
698	5843065	2152797896	2060	23653861	91.01	40954474	0	52.57	41857700	222280	138748648	15.52	NA	NA	NA	11625	44613403	48.25	1679	140	9779
699	2352965	2155150861	420	23654281	91.11	40954474	0	52.62	41857700	91844	138840492	15.52	NA	NA	NA	4573	44617976	48.30	3761	55	730
700	4723761	2159874622	862	23655143	91.31	40954474	0	52.74	41857700	182004	139022496	15.54	NA	NA	NA	10217	44628193	48.40	7536	105	2549
701	4718445	2164593067	644	23655787	91.50	40954474	0	52.85	41857700	181721	139204217	15.55	NA	NA	NA	13293	44641486	48.49	10939	73	2254
702	4763914	2169356981	1576	23657363	91.70	40954474	0	52.97	41857700	189865	139394082	15.56	NA	NA	NA	7475	44648961	48.59	409	174	6865
703	4779663	2174136644	793	23658156	91.90	40954474	0	53.09	41883061	185236	139579318	15.58	NA	NA	NA	3376	44652337	48.69	332	77	2940
704	4334297	2178470941	1609	23659765	92.07	40954474	0	53.19	41883061	160861	139740179	15.59	NA	NA	NA	15408	44667745	48.77	10378	224	4779
705	4248474	2182719415	557	23660322	92.25	40954474	0	53.30	41883061	155852	139896031	15.60	NA	NA	NA	3158	44670903	48.86	806	52	2273
706	4560930	2187280345	1963	23662285	92.44	40954474	0	53.41	41883061	174671	140070702	15.62	NA	NA	NA	18678	44689581	48.94	10667	186	7798
707	4325441	2191605786	386	23662671	92.62	40954474	0	53.51	41883061	156868	140227570	15.63	NA	NA	NA	11365	44700946	49.03	9984	37	1317
708	4724820	2196330606	663	23663334	92.82	40954474	0	53.63	41883061	181433	140409003	15.64	NA	NA	NA	2178	44703124	49.13	103	76	1972
709	4785183	2201115789	1032	23664366	93.01	40954474	0	53.75	41883061	188044	140597047	15.66	NA	NA	NA	5450	44708574	49.23	251	91	5081
710	4711376	2205827165	309	23664675	93.21	40954474	0	53.86	41883061	180274	140777321	15.67	NA	NA	NA	1359	44709933	49.34	189	34	1109
711	5134436	2210961601	1964	23666639	93.42	40954474	0	53.99	41901417	198111	140975432	15.68	NA	NA	NA	6961	44716894	49.44	1000	184	5750
712	4689740	2215651341	410	23667049	93.62	40954474	0	54.10	41901417	179633	141155065	15.70	NA	NA	NA	1960	44718854	49.55	686	49	1198
713	4716568	2220367909	290	23667339	93.82	40954474	0	54.22	41901417	179886	141334951	15.71	NA	NA	NA	1021	44719875	49.65	100	34	860
714	4708853	2225076762	593	23667932	94.01	40954474	0	54.33	41901417	181714	141516665	15.72	NA	NA	NA	2545	44722420	49.75	103	76	2339
715	5211719	2230288481	840	23668772	94.23	40954474	0	54.46	41901417	193730	141710395	15.74	NA	NA	NA	3763	44726183	49.87	1678	113	1945
716	5634467	2235922948	2144	23670916	94.46	40954474	0	54.60	41901417	215502	141925897	15.75	NA	NA	NA	18585	44744768	49.97	9776	195	8587
717	5029923	2240952871	1247	23672163	94.67	40954474	0	54.72	41901417	196162	142122059	15.77	NA	NA	NA	15374	44760142	50.07	12964	89	2294
718	4505736	2245458607	597	23672760	94.85	40954474	0	54.83	41901417	173249	142295308	15.78	NA	NA	NA	3185	44763327	50.16	658	61	2439
719	5535623	2250994230	1101	23673861	95.08	40954474	0	54.96	41918085	206685	142501993	15.80	NA	NA	NA	7116	44770443	50.28	3899	81	3109
720	5827531	2256821761	4108	23677969	95.31	40954474	0	55.11	41918085	227509	142729502	15.81	NA	NA	NA	25255	44795698	50.38	7311	244	17673
721	5500281	2262322042	673	23678642	95.54	40954474	0	55.24	41918085	203499	142933001	15.83	NA	NA	NA	5038	44800736	50.50	3765	67	1179
722	5841229	2268163271	3478	23682120	95.78	40954474	0	55.38	41918085	223622	143156623	15.84	NA	NA	NA	16172	44816908	50.61	5219	268	10658
723	4507872	2272671143	439	23682559	95.96	40954474	0	55.49	41918085	170698	143327321	15.86	NA	NA	NA	2026	44818934	50.71	863	43	1093
724	2104918	2274776061	1869	23684428	96.05	40954474	0	55.54	41918085	92059	143419380	15.86	NA	NA	NA	6383	44825317	50.75	260	259	5837
725	2652626	2277428687	599	23685027	96.15	40954474	0	55.61	41918085	114287	143533667	15.87	NA	NA	NA	4472	44829789	50.80	744	46	3655
726	2732609	2280161296	317	23685344	96.27	40954474	0	55.68	41918085	111722	143645389	15.87	NA	NA	NA	1463	44831252	50.86	811	40	585
727	2068199	2282229495	667	23686011	96.35	40954474	0	55.73	41949289	85934	143731323	15.88	NA	NA	NA	2655	44833907	50.90	111	52	2465
728	2008390	2284237885	250	23686261	96.44	40954474	0	55.78	41949289	85081	143816404	15.88	NA	NA	NA	478	44834385	50.95	88	37	326
729	2358154	2286596039	333	23686594	96.54	40954474	0	55.83	41949289	90461	143906865	15.89	NA	NA	NA	1377	44835762	51.00	109	49	1192
730	2718653	2289314692	3845	23690439	96.63	40954474	0	55.90	41949289	127328	144034193	15.89	NA	NA	NA	24150	44859912	51.03	4481	212	19430
731	4455535	2293770227	6533	23696972	96.80	40954474	0	56.01	41949289	212765	144246958	15.90	NA	NA	NA	46958	44906870	51.08	4842	122	41967
732	2086068	2295856295	312	23697284	96.88	40954474	0	56.06	41949289	85120	144332078	15.91	NA	NA	NA	4161	44911031	51.12	3343	40	751
733	3000517	2298856812	6096	23703380	96.98	40954474	0	56.13	41949289	136739	144468817	15.91	NA	NA	NA	24011	44935042	51.16	1512	737	21735
734	2384970	2301241782	749	23704129	97.08	40954474	0	56.19	41949289	94922	144563739	15.92	NA	NA	NA	8950	44943992	51.20	5816	79	3028
735	2384576	2303626358	542	23704671	97.18	40954474	0	56.25	42047120	94411	144658150	15.92	NA	NA	NA	8181	44952173	51.25	5789	34	2331
736	2355692	2305982050	515	23705186	97.28	40954474	0	56.31	42047120	92743	144750893	15.93	NA	NA	NA	6391	44958564	51.29	5357	61	946
737	2354256	2308336306	734	23705920	97.37	40954474	0	56.36	42047120	93413	144844306	15.94	NA	NA	NA	2281	44960845	51.34	84	40	2130
738	2451924	2310788230	492	23706412	97.48	40954474	0	56.42	42047120	96707	144941013	15.94	NA	NA	NA	2305	44963150	51.39	53	46	2179
739	2287780	2313076010	4272	23710684	97.55	40954474	0	56.48	42047120	95243	145036256	15.95	NA	NA	NA	13831	44976981	51.43	4029	474	9301
740	2448580	2315524590	1335	23712019	97.65	40954474	0	56.54	42047120	104771	145141027	15.95	NA	NA	NA	11259	44988240	51.47	287	97	10848
741	2072237	2317596827	287	23712306	97.74	40954474	0	56.59	42047120	83638	145224665	15.96	NA	NA	NA	699	44988939	51.51	173	37	462
742	2514058	2320110885	8012	23720318	97.81	40954474	0	56.65	42047120	142357	145367022	15.96	NA	NA	NA	41051	45029990	51.52	976	862	39186
743	3340552	2323451437	875	23721193	97.95	40954474	0	56.73	42096343	106165	145473187	15.97	NA	NA	NA	2717	45032707	51.59	143	67	2480
744	3753199	2327204636	582	23721775	98.10	40954474	0	56.82	42096343	119344	145592531	15.98	NA	NA	NA	6365	45039072	51.67	4259	67	2012
745	3623193	2330827829	602	23722377	98.25	40954474	0	56.91	42096343	114996	145707527	16.00	NA	NA	NA	2066	45041138	51.75	651	52	1336
746	3397573	2334225402	1242	23723619	98.39	40954474	0	57.00	42096343	123410	145830937	16.01	NA	NA	NA	12780	45053918	51.81	4416	84	8253
747	3615507	2337840909	1095	23724714	98.54	40954474	0	57.08	42096343	122664	145953601	16.02	NA	NA	NA	7797	45061715	51.88	333	80	7357
748	3698575	2341539484	1897	23726611	98.69	40954474	0	57.17	42096343	125712	146079313	16.03	NA	NA	NA	6878	45068593	51.96	243	78	6530
749	2242958	2343782442	1157	23727768	98.78	40954474	0	57.23	42096343	89366	146168679	16.03	NA	NA	NA	3862	45072455	52.00	102	64	3669
750	2655610	2346438052	707	23728475	98.89	40954474	0	57.29	42096343	99996	146268675	16.04	NA	NA	NA	9348	45081803	52.05	3650	52	5619
751	2491826	2348929878	624	23729099	98.99	40954474	0	57.35	42144551	92839	146361514	16.05	NA	NA	NA	4418	45086221	52.10	128	31	4232
752	3427977	2352357855	1108	23730207	99.13	40954474	0	57.44	42144551	114359	146475873	16.06	NA	NA	NA	9542	45095763	52.16	2148	86	7281
753	2951405	2355309260	816	23731023	99.25	40954474	0	57.51	42144551	102009	146577882	16.07	NA	NA	NA	4083	45099846	52.22	440	61	3555
754	2636435	2357945695	865	23731888	99.36	40954474	0	57.57	42144551	99975	146677857	16.08	NA	NA	NA	11073	45110919	52.27	4265	37	6744
755	2067665	2360013360	443	23732331	99.44	41576184	1	56.76	42144551	86024	146763881	16.08	NA	NA	NA	6648	45117567	52.31	4073	25	2523
756	2587743	2362601103	1050	23733381	99.55	41576184	0	56.83	42144551	100757	146864638	16.09	NA	NA	NA	13553	45131120	52.35	4278	40	9208
757	2966709	2365567812	1498	23734879	99.67	41576184	0	56.90	42144551	105515	146970153	16.10	NA	NA	NA	7004	45138124	52.41	461	75	6441
758	3452345	2369020157	8665	23743544	99.78	41576184	0	56.98	42144551	171436	147141589	16.10	NA	NA	NA	39231	45177355	52.44	5958	374	32872
759	2038934	2371059091	2668	23746212	99.85	41576184	0	57.03	42210116	91052	147232641	16.10	NA	NA	NA	8935	45186290	52.47	2479	121	6308
760	3842374	2374901465	1950	23748162	100.00	41576184	0	57.12	42210116	158818	147391459	16.11	NA	NA	NA	7808	45194098	52.55	1708	75	5998
761	2754286	2377655751	1939	23750101	100.11	41576184	0	57.19	42210116	133275	147524734	16.12	NA	NA	NA	16406	45210504	52.59	5798	79	10502
762	1875463	2379531214	700	23750801	100.19	41576184	0	57.23	42210116	85265	147609999	16.12	NA	NA	NA	5050	45215554	52.63	2295	49	2679
763	3310952	2382842166	825	23751626	100.32	41576184	0	57.31	42210116	113784	147723783	16.13	NA	NA	NA	4077	45219631	52.69	90	64	3896
764	3001378	2385843544	508	23752134	100.45	41576184	0	57.38	42210116	102614	147826397	16.14	NA	NA	NA	3594	45223225	52.76	48	43	3476
765	3631015	2389474559	874	23753008	100.60	41576184	0	57.47	42210116	120333	147946730	16.15	NA	NA	NA	5261	45228486	52.83	344	67	4823
766	2666915	2392141474	1728	23754736	100.70	41576184	0	57.54	42210116	120325	148067055	16.16	NA	NA	NA	8904	45237390	52.88	5786	82	3009
767	2675782	2394817256	795	23755531	100.81	41576184	0	57.60	42270393	119245	148186300	16.16	NA	NA	NA	5792	45243182	52.93	4014	67	1684
768	3201278	2398018534	1676	23757207	100.94	41576184	0	57.68	42270393	139188	148325488	16.17	NA	NA	NA	12819	45256001	52.99	6156	92	6544
769	2664869	2400683403	634	23757841	101.05	41576184	0	57.74	42270393	118891	148444379	16.17	NA	NA	NA	6948	45262949	53.04	5676	46	1199
770	3106428	2403789831	1633	23759474	101.17	41576184	0	57.82	42270393	131252	148575631	16.18	NA	NA	NA	7565	45270514	53.10	4013	77	3448
771	4201275	2407991106	593	23760067	101.35	41576184	0	57.92	42270393	146206	148721837	16.19	NA	NA	NA	6880	45277394	53.18	6037	55	761
772	668387	2408659493	522	23760589	101.37	41576184	0	57.93	42270393	26354	148748191	16.19	NA	NA	NA	739	45278133	53.20	34	31	647
773	3462004	2412121497	6803	23767392	101.49	41576184	0	58.02	42270393	162294	148910485	16.20	NA	NA	NA	26682	45304815	53.24	1483	235	24937
774	2576702	2414698199	601	23767993	101.59	41576184	0	58.08	42270393	96013	149006498	16.21	NA	NA	NA	6394	45311209	53.29	3806	70	2491
775	2039143	2416737342	2258	23770251	101.67	41576184	0	58.13	42306485	88419	149094917	16.21	NA	NA	NA	7288	45318497	53.33	2490	112	4659
776	2856613	2419593955	2295	23772546	101.78	41576184	0	58.20	42306485	114360	149209277	16.22	NA	NA	NA	11424	45329921	53.38	413	130	10854
777	2790581	2422384536	3768	23776314	101.88	41576184	0	58.26	42306485	129744	149339021	16.22	NA	NA	NA	14082	45344003	53.42	5728	83	8244
778	1875035	2424259571	784	23777098	101.96	41576184	0	58.31	42306485	83882	149422903	16.22	NA	NA	NA	4415	45348418	53.46	2277	46	2065
779	3465196	2427724767	504	23777602	102.10	41576184	0	58.39	42306485	111134	149534037	16.24	NA	NA	NA	3478	45351896	53.53	422	55	2974
780	3546641	2431271408	547	23778149	102.25	41576184	0	58.48	42306485	113464	149647501	16.25	NA	NA	NA	6874	45358770	53.60	4450	43	2354
781	4083423	2435354831	2052	23780201	102.41	41576184	0	58.58	42306485	136251	149783752	16.26	NA	NA	NA	10302	45369072	53.68	269	77	9929
782	4008674	2439363505	932	23781133	102.58	41576184	0	58.67	42306485	131077	149914829	16.27	NA	NA	NA	5818	45374890	53.76	175	73	5543
783	2887751	2442251256	443	23781576	102.70	41576184	0	58.74	42341104	98443	150013272	16.28	NA	NA	NA	6530	45381420	53.82	4355	31	2117
784	2681657	2444932913	366831	24148407	101.25	41576184	0	58.81	42341104	120908	150134180	16.28	NA	NA	NA	4648	45386068	53.87	1349	98	3174
785	2684927	2447617840	767	24149174	101.35	41576184	0	58.87	42341104	118865	150253045	16.29	NA	NA	NA	4000	45390068	53.92	2620	67	1286
786	3209004	2450826844	2130	24151304	101.48	41576184	0	58.95	42341104	137897	150390942	16.30	NA	NA	NA	12332	45402400	53.98	6137	84	6084
787	2676294	2453503138	699	24152003	101.59	41576184	0	59.01	42341104	119151	150510093	16.30	NA	NA	NA	6902	45409302	54.03	5717	43	1115
788	3104025	2456607163	1150	24153153	101.71	41576184	0	59.09	42341104	131256	150641349	16.31	NA	NA	NA	7414	45416716	54.09	4055	76	3256
789	4385462	2460992625	827	24153980	101.89	41576184	0	59.19	42341104	149916	150791265	16.32	NA	NA	NA	7585	45424301	54.18	6405	70	1083
790	3350526	2464343151	901	24154881	102.02	41576184	0	59.27	42341104	117129	150908394	16.33	NA	NA	NA	7160	45431461	54.24	91	70	6972
791	2228091	2466571242	3492	24158373	102.10	41576184	0	59.33	42379921	119387	151027781	16.33	NA	NA	NA	28662	45460123	54.26	113	96	28426
792	2092685	2468663927	398	24158771	102.18	41576184	0	59.38	42379921	86173	151113954	16.34	NA	NA	NA	5920	45466043	54.30	4090	28	1775
793	2481308	2471145235	884	24159655	102.28	41576184	0	59.44	42379921	98895	151212849	16.34	NA	NA	NA	3481	45469524	54.35	108	52	3294
794	2480326	2473625561	955	24160610	102.38	41576184	0	59.50	42379921	99364	151312213	16.35	NA	NA	NA	4231	45473755	54.40	71	52	4081
795	3267491	2476893052	447	24161057	102.52	41576184	0	59.57	42379921	111043	151423256	16.36	NA	NA	NA	1576	45475331	54.47	816	55	678
796	3536890	2480429942	894	24161951	102.66	41576184	0	59.66	42379921	121629	151544885	16.37	NA	NA	NA	13011	45488342	54.53	4401	74	8509
797	3632947	2484062889	646	24162597	102.81	41576184	0	59.75	42379921	120409	151665294	16.38	NA	NA	NA	8949	45497291	54.60	4433	55	4434
798	3622389	2487685278	550	24163147	102.95	41576184	0	59.83	42379921	123155	151788449	16.39	NA	NA	NA	4509	45501800	54.67	79	52	4351
799	3671241	2491356519	681	24163828	103.10	41576184	0	59.92	42404046	124731	151913180	16.40	NA	NA	NA	4875	45506675	54.75	84	55	4709
800	3491215	2494847734	683	24164511	103.24	41576184	0	60.01	42404046	116902	152030082	16.41	NA	NA	NA	2805	45509480	54.82	197	58	2523
801	2915439	2497763173	309	24164820	103.36	41576184	0	60.08	42404046	97813	152127895	16.42	NA	NA	NA	740	45510220	54.88	39	31	643
802	3532744	2501295917	616	24165436	103.51	41576184	0	60.16	42404046	121104	152248999	16.43	NA	NA	NA	4802	45515022	54.96	90	55	4630
803	4013682	2505309599	2161	24167597	103.66	41576184	0	60.26	42404046	133674	152382673	16.44	NA	NA	NA	13576	45528598	55.03	4981	101	8467
804	3333435	2508643034	362	24167959	103.80	41576184	0	60.34	42404046	107848	152490521	16.45	NA	NA	NA	7245	45535843	55.09	4410	40	2768
805	3368501	2512011535	1949	24169908	103.93	41576184	0	60.42	42404046	114019	152604540	16.46	NA	NA	NA	9809	45545652	55.15	4912	46	4824
806	3004585	2515016120	720	24170628	104.05	41576184	0	60.49	42404046	100392	152704932	16.47	NA	NA	NA	4897	45550549	55.21	4091	55	724
807	3073114	2518089234	483	24171111	104.18	41576184	0	60.57	42432624	108629	152813561	16.48	NA	NA	NA	6569	45557118	55.27	4591	46	1905
808	2075299	2520164533	739	24171850	104.26	41576184	0	60.62	42432624	89645	152903206	16.48	NA	NA	NA	5688	45562806	55.31	84	71	5506
809	2068338	2522232871	255	24172105	104.34	41576184	0	60.67	42432624	83792	152986998	16.49	NA	NA	NA	537	45563343	55.36	131	37	342
810	2063351	2524296222	442	24172547	104.43	41576184	0	60.71	42432624	86551	153073549	16.49	NA	NA	NA	3535	45566878	55.40	48	43	3417
811	2138969	2526435191	830	24173377	104.51	41576184	0	60.77	42432624	92631	153166180	16.49	NA	NA	NA	13408	45580286	55.43	4116	67	9198
812	2064108	2528499299	441	24173818	104.60	41576184	0	60.82	42432624	84647	153250827	16.50	NA	NA	NA	1618	45581904	55.47	39	31	1521
813	2071381	2530570680	350	24174168	104.68	41576184	0	60.87	42432624	86041	153336868	16.50	NA	NA	NA	614	45582518	55.52	39	31	517
814	2463034	2533033714	7840	24182008	104.75	41576184	0	60.93	42432624	190196	153527064	16.50	NA	NA	NA	71044	45653562	55.48	345	354	70318
815	2119021	2535152735	562	24182570	104.83	41576184	0	60.98	42488265	87195	153614259	16.50	NA	NA	NA	3552	45657114	55.53	73	34	3418
816	2702191	2537854926	1417	24183987	104.94	41576184	0	61.04	42488265	127376	153741635	16.51	NA	NA	NA	21604	45678718	55.56	437	76	21064
817	3019439	2540874365	677	24184664	105.06	41576184	0	61.11	42488265	106205	153847840	16.52	NA	NA	NA	3813	45682531	55.62	98	67	3621
818	4114088	2544988453	2417	24187081	105.22	41576184	0	61.21	42488265	143267	153991107	16.53	NA	NA	NA	18871	45701402	55.69	4617	141	14086
819	3114934	2548103387	561	24187642	105.35	41576184	0	61.29	42488265	106997	154098104	16.54	NA	NA	NA	7633	45709035	55.75	4484	46	3076
820	3232384	2551335771	646	24188288	105.48	41576184	0	61.37	42488265	107329	154205433	16.55	NA	NA	NA	2911	45711946	55.81	192	46	2646
821	3733677	2555069448	634	24188922	105.63	41576184	0	61.46	42488265	117374	154322807	16.56	NA	NA	NA	3671	45715617	55.89	817	55	2772
822	4633419	2559702867	3866	24192788	105.80	41576184	0	61.57	42488265	147548	154470355	16.57	NA	NA	NA	16170	45731787	55.97	5091	107	10945
823	3953435	2563656302	686	24193474	105.96	41576184	0	61.66	42524774	131151	154601506	16.58	NA	NA	NA	4809	45736596	56.05	808	43	3931
824	2960325	2566616627	409	24193883	106.09	41576184	0	61.73	42524774	100259	154701765	16.59	NA	NA	NA	1685	45738281	56.12	56	40	1562
825	3524571	2570141198	649	24194532	106.23	41576184	0	61.82	42524774	118841	154820606	16.60	NA	NA	NA	1901	45740182	56.19	82	55	1737
826	3095571	2573236769	498	24195030	106.35	41576184	0	61.89	42524774	107947	154928553	16.61	NA	NA	NA	1770	45741952	56.26	103	49	1591
827	2813597	2576050366	934	24195964	106.47	41576184	0	61.96	42524774	109016	155037569	16.62	NA	NA	NA	3648	45745600	56.31	102	83	3436
828	2535204	2578585570	294	24196258	106.57	41576184	0	62.02	42524774	98654	155136223	16.62	NA	NA	NA	6527	45752127	56.36	4485	31	1984
829	2968779	2581554349	2782	24199040	106.68	41576184	0	62.09	42524774	125945	155262168	16.63	NA	NA	NA	18040	45770167	56.40	4316	134	13563
830	2638910	2584193259	587	24199627	106.79	41576184	0	62.16	42524774	105769	155367937	16.63	NA	NA	NA	4708	45774875	56.45	101	46	4534
831	2752042	2586945301	843	24200470	106.90	41576184	0	62.22	42542792	108542	155476479	16.64	NA	NA	NA	6595	45781470	56.51	182	76	6310
832	2705839	2589651140	622	24201092	107.01	41576184	0	62.29	42542792	107857	155584336	16.64	NA	NA	NA	5069	45786539	56.56	102	40	4900
833	2652105	2592303245	404	24201496	107.11	41576184	0	62.35	42542792	105183	155689519	16.65	NA	NA	NA	3368	45789907	56.61	49	40	3252
834	2689104	2594992349	1187	24202683	107.22	41576184	0	62.42	42542792	110059	155799578	16.66	NA	NA	NA	9663	45799570	56.66	207	83	9346
835	4105374	2599097723	11214	24213897	107.34	41576184	0	62.51	42542792	184223	155983801	16.66	NA	NA	NA	30529	45830099	56.71	902	205	29395
836	3848860	2602946583	504	24214401	107.50	41576184	0	62.61	42542792	152804	156136605	16.67	NA	NA	NA	7348	45837447	56.79	5387	52	1882
837	2924269	2605870852	670	24215071	107.61	41576184	0	62.68	42542792	115632	156252237	16.68	NA	NA	NA	9742	45847189	56.84	4553	46	5116
838	2701956	2608572808	576	24215647	107.72	41576184	0	62.74	42542792	107551	156359788	16.68	NA	NA	NA	4985	45852174	56.89	104	43	4811
839	2626154	2611198962	329	24215976	107.83	41576184	0	62.81	42586572	102735	156462523	16.69	NA	NA	NA	2568	45854742	56.95	47	40	2454
840	2683734	2613882696	973	24216949	107.94	41576184	0	62.87	42586572	106712	156569235	16.69	NA	NA	NA	4970	45859712	57.00	167	43	4733
841	2600732	2616483428	351	24217300	108.04	41576184	0	62.93	42586572	101772	156671007	16.70	NA	NA	NA	3018	45862730	57.05	39	34	2918
842	2541479	2619024907	313	24217613	108.15	41576184	0	62.99	42586572	99838	156770845	16.71	NA	NA	NA	2821	45865551	57.10	34	31	2729
843	2593834	2621618741	324	24217937	108.25	41576184	0	63.06	42586572	100671	156871516	16.71	NA	NA	NA	2230	45867781	57.16	39	34	2130
844	2593307	2624212048	320	24218257	108.36	41576184	0	63.12	42586572	100640	156972156	16.72	NA	NA	NA	2206	45869987	57.21	39	34	2106
845	2590341	2626802389	254	24218511	108.46	41576184	0	63.18	42586572	100354	157072510	16.72	NA	NA	NA	1953	45871940	57.26	39	34	1853
846	2614933	2629417322	521	24219032	108.57	41576184	0	63.24	42586572	102860	157175370	16.73	NA	NA	NA	3759	45875699	57.32	39	34	3659
847	2593474	2632010796	263	24219295	108.67	41576184	0	63.31	42595617	100863	157276233	16.73	NA	NA	NA	2329	45878028	57.37	39	34	2229
848	2539412	2634550208	235	24219530	108.78	41576184	0	63.37	42595617	99097	157375330	16.74	NA	NA	NA	2360	45880388	57.42	34	31	2268
849	2590245	2637140453	247	24219777	108.88	41576184	0	63.43	42595617	100356	157475686	16.75	NA	NA	NA	1947	45882335	57.48	39	34	1847
850	2682742	2639823195	582	24220359	108.99	41576184	0	63.49	42595617	102417	157578103	16.75	NA	NA	NA	2826	45885161	57.53	569	61	2169
851	2604030	2642427225	345	24220704	109.10	41576184	0	63.56	42595617	100743	157678846	16.76	NA	NA	NA	2323	45887484	57.58	39	34	2223
852	4010285	2646437510	1467	24222171	109.26	41576184	0	63.65	42595617	134242	157813088	16.77	NA	NA	NA	13633	45901117	57.66	3085	81	10440
853	2716192	2649153702	365	24222536	109.37	41576184	0	63.72	42595617	104257	157917345	16.78	NA	NA	NA	2540	45903657	57.71	75	40	2398
854	2761647	2651915349	920	24223456	109.48	41576184	0	63.78	42595617	106150	158023495	16.78	NA	NA	NA	4847	45908504	57.77	472	67	4281
855	2597721	2654513070	296	24223752	109.58	41576184	0	63.85	42615407	100879	158124374	16.79	NA	NA	NA	2381	45910885	57.82	39	34	2281
856	2772905	2657285975	580	24224332	109.69	41576184	0	63.91	42615407	109570	158233944	16.79	NA	NA	NA	4389	45915274	57.87	56	43	4263
857	2600041	2659886016	326	24224658	109.80	41576184	0	63.98	42615407	100821	158334765	16.80	NA	NA	NA	2337	45917611	57.93	39	34	2237
858	4025060	2663911076	1229	24225887	109.96	41576184	0	64.07	42615407	168343	158503108	16.81	NA	NA	NA	7197	45924808	58.01	950	147	6073
859	4425764	2668336840	2848	24228735	110.13	41576184	0	64.18	42615407	181463	158684571	16.82	NA	NA	NA	14208	45939016	58.08	5037	105	9039
860	3255893	2671592733	2758	24231493	110.25	41576184	0	64.26	42615407	141905	158826476	16.82	NA	NA	NA	27505	45966521	58.12	315	143	27020
861	3114874	2674707607	1791	24233284	110.37	41576184	0	64.33	42615407	114558	158941034	16.83	NA	NA	NA	10656	45977177	58.17	4690	81	5858
862	3208734	2677916341	1897	24235181	110.50	41576184	0	64.41	42615407	122680	159063714	16.84	NA	NA	NA	11153	45988330	58.23	331	70	10725
863	3238002	2681154343	1604	24236785	110.62	41576184	0	64.49	42661565	127788	159191502	16.84	NA	NA	NA	13024	46001354	58.28	324	64	12609
864	3477850	2684632193	1762	24238547	110.76	41576184	0	64.57	42661565	132417	159323919	16.85	NA	NA	NA	17829	46019183	58.34	4804	61	12937
865	2899113	2687531306	1182	24239729	110.87	41576184	0	64.64	42661565	114307	159438226	16.86	NA	NA	NA	7141	46026324	58.39	196	100	6818
866	4501791	2692033097	6013	24245742	111.03	41576184	0	64.75	42661565	203263	159641489	16.86	NA	NA	NA	34082	46060406	58.45	1347	170	32538
867	3220924	2695254021	2145	24247887	111.15	42027378	1	64.13	42661565	131884	159773373	16.87	NA	NA	NA	17786	46078192	58.49	4799	80	12880
868	2426483	2697680504	350	24248237	111.25	42027378	0	64.19	42661565	99060	159872433	16.87	NA	NA	NA	951	46079143	58.54	54	43	827
869	1297164	2698977668	405	24248642	111.30	42027378	0	64.22	42661565	60081	159932514	16.88	NA	NA	NA	12994	46092137	58.56	67	34	12866
870	6230289	2705207957	6092	24254734	111.53	42027378	0	64.37	42661565	173875	160106389	16.90	NA	NA	NA	16652	46108789	58.67	2221	261	14143
871	3322744	2708530701	1782	24256516	111.66	42027378	0	64.45	42716858	116438	160222827	16.90	NA	NA	NA	5505	46114294	58.74	186	107	5185
872	3324791	2711855492	639	24257155	111.80	42027378	0	64.53	42716858	115642	160338469	16.91	NA	NA	NA	6886	46121180	58.80	4646	37	2176
873	3676941	2715532433	2125	24259280	111.94	42027378	0	64.61	42716858	131894	160470363	16.92	NA	NA	NA	11664	46132844	58.86	273	80	11284
874	3577052	2719109485	435	24259715	112.08	42027378	0	64.70	42716858	119043	160589406	16.93	NA	NA	NA	1356	46134200	58.94	149	37	1143
875	3145339	2722254824	1136	24260851	112.21	42027378	0	64.77	42716858	113755	160703161	16.94	NA	NA	NA	9603	46143803	59.00	4319	79	5178
876	3944087	2726198911	1152	24262003	112.36	42027378	0	64.87	42716858	124343	160827504	16.95	NA	NA	NA	3013	46146816	59.08	561	74	2351
877	4140176	2730339087	853	24262856	112.53	42027378	0	64.97	42716858	128511	160956015	16.96	NA	NA	NA	3635	46150451	59.16	698	64	2846
878	3386572	2733725659	683	24263539	112.67	42027378	0	65.05	42716858	114467	161070482	16.97	NA	NA	NA	1968	46152419	59.23	376	64	1501
879	2181871	2735907530	2816	24266355	112.74	42027378	0	65.10	42742802	102728	161173210	16.97	NA	NA	NA	14582	46167001	59.26	352	206	13997
880	2368903	2738276433	1369	24267724	112.84	42027378	0	65.15	42742802	109326	161282536	16.98	NA	NA	NA	11972	46178973	59.30	2699	80	9166
881	2128345	2740404778	1049	24268773	112.92	42027378	0	65.21	42742802	88620	161371156	16.98	NA	NA	NA	3097	46182070	59.34	323	64	2683
882	1998262	2742403040	651	24269424	113.00	42027378	0	65.25	42742802	84805	161455961	16.99	NA	NA	NA	1524	46183594	59.38	75	52	1370
883	103771	2742506811	2510	24271934	112.99	42027378	0	65.26	42742802	5489	161461450	16.99	NA	NA	NA	3451	46187045	59.38	377	383	2664
884	2609883	2745116694	3192	24275126	113.08	42027378	0	65.32	42742802	118996	161580446	16.99	NA	NA	NA	8553	46195598	59.42	521	362	7643
885	2604083	2747720777	286	24275412	113.19	42027378	0	65.38	42742802	110574	161691020	16.99	NA	NA	NA	5416	46201014	59.47	4937	37	415
886	3841145	2751561922	35464	24310876	113.18	42027378	0	65.47	42742802	250521	161941541	16.99	NA	NA	NA	120744	46321758	59.40	7561	3672	109484
887	1428996	2752990918	361	24311237	113.24	42027378	0	65.50	42838014	65728	162007269	16.99	NA	NA	NA	6058	46327816	59.42	3920	22	2089
888	24534966	2777525884	2897874	27209111	102.08	42027378	0	66.09	42838014	5759807	167767076	16.56	NA	NA	NA	3128572	49456388	56.16	10362	320	3117863
889	2425951	2779951835	714	27209825	102.17	42027378	0	66.15	42838014	111252	167878328	16.56	NA	NA	NA	7330	49463718	56.20	3619	52	3632
890	2094701	2782046536	545	27210370	102.24	42027378	0	66.20	42838014	88297	167966625	16.56	NA	NA	NA	3331	49467049	56.24	41	34	3229
891	2080076	2784126612	245	27210615	102.32	42027378	0	66.25	42838014	87350	168053975	16.57	NA	NA	NA	486	49467535	56.28	83	34	342
892	2679401	2786806013	1820	27212435	102.41	42027378	0	66.31	42838014	121637	168175612	16.57	NA	NA	NA	13601	49481136	56.32	5080	167	8327
893	3035972	2789841985	1007	27213442	102.52	42027378	0	66.38	42838014	125835	168301447	16.58	NA	NA	NA	13171	49494307	56.37	4856	95	8193
894	2588081	2792430066	1243	27214685	102.61	42027378	0	66.44	42838014	111997	168413444	16.58	NA	NA	NA	15126	49509433	56.40	4738	72	10289
895	4011771	2796441837	4316	27219001	102.74	42027378	0	66.54	45752144	126299	168539743	16.59	NA	NA	NA	9911	49519344	56.47	579	98	9207
896	3534652	2799976489	457511	27676512	101.17	42027378	0	66.62	45752144	121873	168661616	16.60	NA	NA	NA	15368	49534712	56.53	4571	73	10697
897	5025591	2805002080	3906	27680418	101.34	42027378	0	66.74	45752144	180352	168841968	16.61	NA	NA	NA	40867	49575579	56.58	5099	112	35629
898	5349222	2810351302	7278	27687696	101.50	42027378	0	66.87	45752144	199294	169041262	16.63	NA	NA	NA	46704	49622283	56.63	437	131	46109
899	4016300	2814367602	846	27688542	101.64	42027378	0	66.97	45752144	123042	169164304	16.64	NA	NA	NA	4699	49626982	56.71	257	58	4357
900	5204432	2819572034	878	27689420	101.83	42027378	0	67.09	45752144	149851	169314155	16.65	NA	NA	NA	11099	49638081	56.80	5401	67	5604
901	5135992	2824708026	3286	27692706	102.00	42027378	0	67.21	45752144	176653	169490808	16.67	NA	NA	NA	28055	49666136	56.87	1002	94	26932
902	5090253	2829798279	1790	27694496	102.18	42027378	0	67.33	45752144	150705	169641513	16.68	NA	NA	NA	9962	49676098	56.96	993	67	8875
903	4814829	2834613108	1395	27695891	102.35	42027378	0	67.45	45883297	140464	169781977	16.70	NA	NA	NA	6540	49682638	57.05	703	67	5743
904	4802521	2839415629	3761	27699652	102.51	42027378	0	67.56	45883297	132377	169914354	16.71	NA	NA	NA	8900	49691538	57.14	4774	90	4009
905	3691584	2843107213	3716	27703368	102.63	42027378	0	67.65	45883297	151749	170066103	16.72	NA	NA	NA	29352	49720890	57.18	549	74	28702
906	3133630	2846240843	1280	27704648	102.74	42027378	0	67.72	45883297	114682	170180785	16.72	NA	NA	NA	14403	49735293	57.23	4456	52	9868
907	3622865	2849863708	5602	27710250	102.85	42027378	0	67.81	45883297	175118	170355903	16.73	NA	NA	NA	53079	49788372	57.24	4404	61	48587
908	2100650	2851964358	854	27711104	102.92	42027378	0	67.86	45883297	89929	170445832	16.73	NA	NA	NA	4426	49792798	57.28	89	78	4232
909	2074577	2854038935	591	27711695	102.99	42027378	0	67.91	45883297	87278	170533110	16.74	NA	NA	NA	2650	49795448	57.32	102	40	2481
910	2079549	2856118484	287	27711982	103.06	42027378	0	67.96	45883297	87368	170620478	16.74	NA	NA	NA	581	49796029	57.36	92	40	422
911	2047633	2858166117	1031	27713013	103.13	42027378	0	68.01	46000331	88892	170709370	16.74	NA	NA	NA	9581	49805610	57.39	3584	119	5851
912	2022327	2860188444	214	27713227	103.21	42027378	0	68.06	46000331	83334	170792704	16.75	NA	NA	NA	5027	49810637	57.42	4029	25	946
913	2061754	2862250198	1240	27714467	103.28	42027378	0	68.10	46000331	86585	170879289	16.75	NA	NA	NA	7535	49818172	57.45	4181	111	3216
914	2034867	2864285065	212	27714679	103.35	42027378	0	68.15	46000331	84045	170963334	16.75	NA	NA	NA	5464	49823636	57.49	4030	25	1382
915	2064994	2866350059	588	27715267	103.42	42027378	0	68.20	46000331	87062	171050396	16.76	NA	NA	NA	7271	49830907	57.52	4208	49	2987
916	2209108	2868559167	435	27715702	103.50	42027378	0	68.25	46000331	88030	171138426	16.76	NA	NA	NA	5524	49836431	57.56	3586	46	1865
917	7222090	2875781257	20134	27735836	103.68	42027378	0	68.43	46000331	277170	171415596	16.78	NA	NA	NA	105314	49941745	57.58	3499	182	101606
918	2213146	2877994403	313	27736149	103.76	42027378	0	68.48	46000331	86180	171501776	16.78	NA	NA	NA	5950	49947695	57.62	4134	37	1752
919	5204278	2883198681	5066	27741215	103.93	42027378	0	68.60	46156295	133036	171634812	16.80	NA	NA	NA	13748	49961443	57.71	4500	96	9125
920	4128669	2887327350	4418	27745633	104.06	42027378	0	68.70	46156295	161443	171796255	16.81	NA	NA	NA	40950	50002393	57.74	4374	52	36497
921	3599330	2890926680	5432	27751065	104.17	42027378	0	68.79	46156295	145575	171941830	16.81	NA	NA	NA	42584	50044977	57.77	4139	70	38348
922	2790038	2893716718	2289	27753354	104.27	42027378	0	68.85	46156295	102828	172044658	16.82	NA	NA	NA	13762	50058739	57.81	4200	40	9495
923	2241583	2895958301	489	27753843	104.34	42027378	0	68.91	46156295	86115	172130773	16.82	NA	NA	NA	1595	50060334	57.85	34	28	1506
924	2311397	2898269698	1717	27755560	104.42	42027378	0	68.96	46156295	97874	172228647	16.83	NA	NA	NA	8749	50069083	57.89	158	61	8503
925	3358621	2901628319	553	27756113	104.54	42027378	0	69.04	46156295	106267	172334914	16.84	NA	NA	NA	6987	50076070	57.94	4805	49	2106
926	3771845	2905400164	556	27756669	104.67	42027378	0	69.13	46156295	119849	172454763	16.85	NA	NA	NA	3024	50079094	58.02	876	67	2054
927	3726423	2909126587	418	27757087	104.81	42027378	0	69.22	46229615	117814	172572577	16.86	NA	NA	NA	6118	50085212	58.08	4861	37	1193
928	2101032	2911227619	1265	27758352	104.88	42027378	0	69.27	46229615	91429	172664006	16.86	NA	NA	NA	5477	50090689	58.12	135	128	5187
929	2106836	2913334455	339	27758691	104.95	42027378	0	69.32	46229615	85638	172749644	16.86	NA	NA	NA	1467	50092156	58.16	99	46	1295
930	2219434	2915553889	351	27759042	105.03	42027378	0	69.37	46229615	85496	172835140	16.87	NA	NA	NA	1033	50093189	58.20	67	37	902
931	2037808	2917591697	426	27759468	105.10	42027378	0	69.42	46229615	85751	172920891	16.87	NA	NA	NA	2200	50095389	58.24	168	37	1968
932	2334979	2919926676	822	27760290	105.18	42027378	0	69.48	46229615	96156	173017047	16.88	NA	NA	NA	14749	50110138	58.27	3644	79	10999
933	2161036	2922087712	444	27760734	105.26	42027378	0	69.53	46229615	83940	173100987	16.88	NA	NA	NA	5083	50115221	58.31	4089	31	936
934	399	2922088111	174	27760908	105.26	42027378	0	69.53	46229615	120	173101107	16.88	NA	NA	NA	202	50115423	58.31	29	28	118
935	2132395	2924220506	226	27761134	105.34	42027378	0	69.58	46256288	85460	173186567	16.88	NA	NA	NA	4946	50120369	58.34	4074	28	817
936	2217502	2926438008	844	27761978	105.41	42027378	0	69.63	46256288	88543	173275110	16.89	NA	NA	NA	4484	50124853	58.38	70	31	4356
937	2151628	2928589636	338	27762316	105.49	42027378	0	69.68	46256288	83733	173358843	16.89	NA	NA	NA	4690	50129543	58.42	4084	31	548
938	417	2928590053	177	27762493	105.49	42027378	0	69.68	46256288	123	173358966	16.89	NA	NA	NA	205	50129748	58.42	29	28	121
939	2156385	2930746438	275	27762768	105.56	42027378	0	69.73	46256288	84947	173443913	16.90	NA	NA	NA	1591	50131339	58.46	39	28	1497
940	3723737	2934470175	860	27763628	105.69	42027378	0	69.82	46256288	126317	173570230	16.91	NA	NA	NA	5902	50137241	58.53	961	70	4844
941	339	2934470514	159	27763787	105.69	42027378	0	69.82	46256288	114	173570344	16.91	NA	NA	NA	197	50137438	58.53	29	28	113
942	3422496	2937893010	1967	27765754	105.81	42027378	0	69.90	46256288	117099	173687443	16.91	NA	NA	NA	11427	50148865	58.58	4348	160	6892
943	2127246	2940020256	358	27766112	105.89	42027378	0	69.95	46277818	84592	173772035	16.92	NA	NA	NA	5644	50154509	58.62	4148	25	1444
944	2358574	2942378830	730	27766842	105.97	42027378	0	70.01	46277818	91596	173863631	16.92	NA	NA	NA	8631	50163140	58.66	4190	37	4377
945	2179041	2944557871	299	27767141	106.04	42027378	0	70.06	46277818	85983	173949614	16.93	NA	NA	NA	1625	50164765	58.70	30	25	1543
946	2288164	2946846035	2175	27769316	106.12	42027378	0	70.12	46277818	96760	174046374	16.93	NA	NA	NA	11736	50176501	58.73	2631	58	9020
947	2069714	2948915749	681	27769997	106.19	42027378	0	70.17	46277818	85736	174132110	16.93	NA	NA	NA	6316	50182817	58.76	3653	74	2562
948	369	2948916118	170	27770167	106.19	42027378	0	70.17	46277818	116	174132226	16.93	NA	NA	NA	198	50183015	58.76	29	28	114
949	2074266	2950990384	314	27770481	106.26	42027378	0	70.22	46277818	84507	174216733	16.94	NA	NA	NA	4921	50187936	58.80	3754	34	1106
950	240671	2951231055	869	27771350	106.27	42027378	0	70.22	46277818	13094	174229827	16.94	NA	NA	NA	3990	50191926	58.80	303	58	3602
951	2123657	2953354712	511	27771861	106.34	42027378	0	70.27	46330083	88756	174318583	16.94	NA	NA	NA	2870	50194796	58.84	180	70	2593
952	2133455	2955488167	697	27772558	106.42	42027378	0	70.32	46330083	88579	174407162	16.95	NA	NA	NA	2431	50197227	58.88	209	43	2152
953	2121860	2957610027	433	27772991	106.49	42027378	0	70.37	46330083	88215	174495377	16.95	NA	NA	NA	1924	50199151	58.92	79	37	1781
954	2064131	2959674158	690	27773681	106.56	42027378	0	70.42	46330083	86647	174582024	16.95	NA	NA	NA	2993	50202144	58.96	85	73	2808
955	2056378	2961730536	294	27773975	106.64	42027378	0	70.47	46330083	84157	174666181	16.96	NA	NA	NA	4861	50207005	58.99	4055	31	748
956	226	2961730762	132	27774107	106.64	42027378	0	70.47	46330083	93	174666274	16.96	NA	NA	NA	151	50207156	58.99	17	16	91
957	2619023	2964349785	1500	27775607	106.72	42027378	0	70.53	46330083	96901	174763175	16.96	NA	NA	NA	2512	50209668	59.04	224	81	2180
958	4270974	2968620759	5196	27780803	106.86	42027378	0	70.64	46330083	181850	174945025	16.97	NA	NA	NA	43414	50253082	59.07	5291	124	37972
959	2080540	2970701299	349	27781152	106.93	42027378	0	70.68	46382605	86868	175031893	16.97	NA	NA	NA	5929	50259011	59.11	4345	28	1529
960	2493464	2973194763	802	27781954	107.02	42027378	0	70.74	46382605	96582	175128475	16.98	NA	NA	NA	8893	50267904	59.15	4239	43	4584
961	443	2973195206	180	27782134	107.02	42027378	0	70.74	46382605	174	175128649	16.98	NA	NA	NA	277	50268181	59.15	32	31	187
962	2727918	2975923124	443	27782577	107.11	42027378	0	70.81	46382605	97041	175225690	16.98	NA	NA	NA	6929	50275110	59.19	4660	55	2187
963	3270771	2979193895	808	27783385	107.23	42027378	0	70.89	46382605	116408	175342098	16.99	NA	NA	NA	11344	50286454	59.24	4895	46	6376
964	2215367	2981409262	4346	27787731	107.29	42027378	0	70.94	46382605	101094	175443192	16.99	NA	NA	NA	9296	50295750	59.28	532	240	8497
965	2573108	2983982370	585	27788316	107.38	42027378	0	71.00	46382605	91283	175534475	17.00	NA	NA	NA	6577	50302327	59.32	4095	58	2397
966	3357129	2987339499	1121	27789437	107.50	42027378	0	71.08	46382605	117997	175652472	17.01	NA	NA	NA	12198	50314525	59.37	4340	74	7757
967	831497	2988170996	2866	27792303	107.52	42027378	0	71.10	46457999	48860	175701332	17.01	NA	NA	NA	12359	50326884	59.38	485	322	11525
968	2303126	2990474122	1307	27793610	107.60	42027378	0	71.16	46457999	102541	175803873	17.01	NA	NA	NA	10677	50337561	59.41	624	64	9962
969	1928358	2992402480	473	27794083	107.66	42027378	0	71.20	46457999	83921	175887794	17.01	NA	NA	NA	5017	50342578	59.44	4058	46	886
970	2318372	2994720852	1906	27795989	107.74	42027378	0	71.26	46457999	94538	175982332	17.02	NA	NA	NA	4317	50346895	59.48	849	129	3312
971	5937207	3000658059	13016	27809005	107.90	42027378	0	71.40	46457999	293079	176275411	17.02	NA	NA	NA	65569	50412464	59.52	6531	655	58356
972	2209212	3002867271	986	27809991	107.98	42027378	0	71.45	46457999	96135	176371546	17.03	NA	NA	NA	6980	50419444	59.56	220	82	6651
973	1436940	3004304211	3932	27813923	108.01	42027378	0	71.48	46457999	66516	176438062	17.03	NA	NA	NA	7763	50427207	59.58	2166	64	5506
974	6483345	3010787556	28669	27842592	108.14	42027378	0	71.64	46457999	371430	176809492	17.03	NA	NA	NA	123172	50550379	59.56	7119	490	115536
975	298519	3011086075	251	27842843	108.15	42027378	0	71.65	47019009	12472	176821964	17.03	NA	NA	NA	541	50550920	59.57	106	31	377
976	2447951	3013534026	9218	27852061	108.20	42027378	0	71.70	47019009	111114	176933078	17.03	NA	NA	NA	18354	50569274	59.59	2749	100	15478
977	802413	3014336439	1136	27853197	108.22	42027378	0	71.72	47019009	45770	176978848	17.03	NA	NA	NA	8375	50577649	59.60	1441	49	6858
978	1924712	3016261151	326	27853523	108.29	42027378	0	71.77	47019009	79876	177058724	17.04	NA	NA	NA	1088	50578737	59.63	168	28	865
979	2698405	3018959556	650	27854173	108.38	45929981	1	65.73	47019009	96393	177155117	17.04	NA	NA	NA	3311	50582048	59.68	169	67	3048
980	3675739	3022635295	5138	27859311	108.50	45929981	0	65.81	47019009	145650	177300767	17.05	NA	NA	NA	27674	50609722	59.72	4711	103	22833
981	1441	3022636736	327	27859638	108.50	45929981	0	65.81	47019009	357	177301124	17.05	NA	NA	NA	502	50610224	59.72	65	52	358
982	498	3022637234	150	27859788	108.49	45929981	0	65.81	47019009	148	177301272	17.05	NA	NA	NA	225	50610449	59.72	32	25	141
983	2727667	3025364901	365	27860153	108.59	45929981	0	65.87	47066080	96677	177397949	17.05	NA	NA	NA	6675	50617124	59.77	4658	46	1944
984	3193802	3028558703	528	27860681	108.70	45929981	0	65.94	47066080	111183	177509132	17.06	NA	NA	NA	8564	50625688	59.82	4875	43	3619
985	2032836	3030591539	401	27861082	108.78	45929981	0	65.98	47066080	85876	177595008	17.06	NA	NA	NA	3582	50629270	59.86	196	40	3319
986	2202987	3032794526	622	27861704	108.85	45929981	0	66.03	47066080	90015	177685023	17.07	NA	NA	NA	3704	50632974	59.90	92	49	3536
987	3488718	3036283244	549	27862253	108.97	45929981	0	66.11	47066080	113782	177798805	17.08	NA	NA	NA	7987	50640961	59.96	4778	61	3121
988	3587075	3039870319	1376	27863629	109.10	45929981	0	66.18	47066080	123002	177921807	17.09	NA	NA	NA	13564	50654525	60.01	4850	76	8611
989	2524821	3042395140	474	27864103	109.19	45929981	0	66.24	47066080	93591	178015398	17.09	NA	NA	NA	6409	50660934	60.05	4045	52	2285
990	3410035	3045805175	2030	27866133	109.30	45929981	0	66.31	47066080	122385	178137783	17.10	NA	NA	NA	14206	50675140	60.10	4354	90	9735
991	2114080	3047919255	676	27866809	109.37	45929981	0	66.36	47093417	93909	178231692	17.10	NA	NA	NA	6630	50681770	60.14	68	31	6504
992	2626391	3050545646	1226	27868035	109.46	45929981	0	66.42	47093417	100680	178332372	17.11	NA	NA	NA	5490	50687260	60.18	148	49	5266
993	2562585	3053108231	348	27868383	109.55	45929981	0	66.47	47093417	95317	178427689	17.11	NA	NA	NA	6301	50693561	60.23	4174	37	2063
994	3381059	3056489290	1968	27870351	109.67	45929981	0	66.55	47093417	133194	178560883	17.12	NA	NA	NA	11009	50704570	60.28	851	98	10033
995	2636514	3059125804	365	27870716	109.76	45929981	0	66.60	47093417	96730	178657613	17.12	NA	NA	NA	2676	50707246	60.33	48	40	2561
996	2701198	3061827002	1706	27872422	109.85	45929981	0	66.66	47093417	107058	178764671	17.13	NA	NA	NA	8366	50715612	60.37	72	58	8209
997	2631293	3064458295	321	27872743	109.94	45929981	0	66.72	47093417	96562	178861233	17.13	NA	NA	NA	2720	50718332	60.42	44	37	2612
998	2681835	3067140130	392	27873135	110.04	45929981	0	66.78	47093417	97817	178959050	17.14	NA	NA	NA	2741	50721073	60.47	49	40	2625
999	3063001	3070203131	2848	27875983	110.14	45929981	0	66.85	47135548	123136	179082186	17.14	NA	NA	NA	15592	50736665	60.51	219	87	15259
1000	2991085	3073194216	1803	27877786	110.24	45929981	0	66.91	47135548	115442	179197628	17.15	NA	NA	NA	10153	50746818	60.56	244	78	9804
1001	2719383	3075913599	857	27878643	110.33	45929981	0	66.97	47135548	103593	179301221	17.16	NA	NA	NA	7260	50754078	60.60	53	43	7137
1002	2675280	3078588879	689	27879332	110.43	45929981	0	67.03	47135548	98491	179399712	17.16	NA	NA	NA	3032	50757110	60.65	58	46	2901
1003	2747702	3081336581	1004	27880336	110.52	45929981	0	67.09	47135548	102975	179502687	17.17	NA	NA	NA	4061	50761171	60.70	76	61	3897
1004	2531354	3083867935	855	27881191	110.61	45929981	0	67.14	47135548	97467	179600154	17.17	NA	NA	NA	4144	50765315	60.75	138	49	3930
1005	2509005	3086376940	303	27881494	110.70	45929981	0	67.20	47135548	93413	179693567	17.18	NA	NA	NA	2262	50767577	60.79	43	37	2155
1006	3786994	3090163934	604	27882098	110.83	45929981	0	67.28	47135548	147984	179841551	17.18	NA	NA	NA	4188	50771765	60.86	1766	52	2343
1007	3797948	3093961882	637	27882735	110.96	45929981	0	67.36	47163951	149401	179990952	17.19	NA	NA	NA	3615	50775380	60.93	161	52	3375
1008	2834282	3096796164	223814	28106549	110.18	45929981	0	67.42	47163951	112142	180103094	17.19	NA	NA	NA	11152	50786532	60.98	171	64	10890
1009	2585305	3099381469	815	28107364	110.27	45929981	0	67.48	47163951	96699	180199793	17.20	NA	NA	NA	3216	50789748	61.02	62	46	3081
1010	3010136	3102391605	1024	28108388	110.37	45929981	0	67.55	47163951	107496	180307289	17.21	NA	NA	NA	4810	50794558	61.08	91	61	4631
1011	3001454	3105393059	1160	28109548	110.47	45929981	0	67.61	47163951	107710	180414999	17.21	NA	NA	NA	5624	50800182	61.13	91	61	5445
1012	2730971	3108124030	756	28110304	110.57	45929981	0	67.67	47163951	101381	180516380	17.22	NA	NA	NA	8830	50809012	61.17	4181	46	4576
1013	2694851	3110818881	693	28110997	110.66	45929981	0	67.73	47163951	98510	180614890	17.22	NA	NA	NA	2563	50811575	61.22	53	43	2440
1014	2522358	3113341239	684	28111681	110.75	45929981	0	67.78	47163951	92830	180707720	17.23	NA	NA	NA	6000	50817575	61.27	4197	43	1733
1015	2652155	3115993394	423	28112104	110.84	45929981	0	67.84	47185250	95718	180803438	17.23	NA	NA	NA	1508	50819083	61.32	71	43	1367
1016	2987135	3118980529	956	28113060	110.94	45929981	0	67.91	47185250	106851	180910289	17.24	NA	NA	NA	4401	50823484	61.37	80	58	4236
1017	2732947	3121713476	868	28113928	111.04	45929981	0	67.97	47185250	100901	181011190	17.25	NA	NA	NA	8334	50831818	61.41	3848	82	4377
1018	3264867	3124978343	972	28114900	111.15	45929981	0	68.04	47185250	128995	181140185	17.25	NA	NA	NA	10327	50842145	61.46	4606	55	5639
1019	3443678	3128422021	1810	28116710	111.27	45929981	0	68.11	47185250	147864	181288049	17.26	NA	NA	NA	47929	50890074	61.47	416	72	47414
1020	2727920	3131149941	1333	28118043	111.36	45929981	0	68.17	47185250	103066	181391115	17.26	NA	NA	NA	9964	50900038	61.52	3867	64	6006
1021	2723858	3133873799	865	28118908	111.45	45929981	0	68.23	47185250	101945	181493060	17.27	NA	NA	NA	3562	50903600	61.56	158	55	3322
1022	2713043	3136586842	901	28119809	111.54	45929981	0	68.29	47185250	100332	181593392	17.27	NA	NA	NA	3053	50906653	61.61	152	58	2816
1023	2778565	3139365407	647	28120456	111.64	45929981	0	68.35	47232591	101093	181694485	17.28	NA	NA	NA	3575	50910228	61.66	211	55	3282
1024	2776245	3142141652	391	28120847	111.74	45929981	0	68.41	47232591	100021	181794506	17.28	NA	NA	NA	6591	50916819	61.71	4329	46	2189
1025	2730764	3144872416	577	28121424	111.83	45929981	0	68.47	47232591	98773	181893279	17.29	NA	NA	NA	2210	50919029	61.76	58	46	2079
1026	2781314	3147653730	389	28121813	111.93	45929981	0	68.53	47232591	101136	181994415	17.30	NA	NA	NA	3005	50922034	61.81	58	46	2874
1027	2625191	3150278921	424	28122237	112.02	45929981	0	68.59	47232591	95875	182090290	17.30	NA	NA	NA	1437	50923471	61.86	253	40	1117
1028	2783260	3153062181	1076	28123313	112.12	45929981	0	68.65	47232591	104083	182194373	17.31	NA	NA	NA	10864	50934335	61.90	4269	61	6507
1029	2761885	3155824066	434	28123747	112.21	45929981	0	68.71	47232591	100274	182294647	17.31	NA	NA	NA	6705	50941040	61.95	4270	46	2362
1030	2773762	3158597828	821	28124568	112.31	45929981	0	68.77	47232591	101825	182396472	17.32	NA	NA	NA	3480	50944520	62.00	121	52	3280
1031	2781159	3161378987	1500	28126068	112.40	45929981	0	68.83	47252464	106759	182503231	17.32	NA	NA	NA	11580	50956100	62.04	3766	75	7712
1032	2786875	3164165862	1052	28127120	112.50	45929981	0	68.89	47252464	102983	182606214	17.33	NA	NA	NA	4353	50960453	62.09	158	61	4107
1033	3045465	3167211327	669	28127789	112.60	45929981	0	68.96	47252464	104774	182710988	17.33	NA	NA	NA	6921	50967374	62.14	4335	67	2492
1034	2792502	3170003829	997	28128786	112.70	45929981	0	69.02	47252464	103584	182814572	17.34	NA	NA	NA	3843	50971217	62.19	107	61	3648
1035	2996107	3172999936	1433	28130219	112.80	45929981	0	69.08	47252464	109259	182923831	17.35	NA	NA	NA	6937	50978154	62.24	160	61	6689
1036	2509101	3175509037	433	28130652	112.88	45929981	0	69.14	47252464	94344	183018175	17.35	NA	NA	NA	3125	50981279	62.29	39	34	3025
1037	3318507	3178827544	1545	28132197	113.00	45929981	0	69.21	47252464	115459	183133634	17.36	NA	NA	NA	6966	50988245	62.34	546	70	6323
1038	2611760	3181439304	1023	28133220	113.08	45929981	0	69.27	47252464	98603	183232237	17.36	NA	NA	NA	4076	50992321	62.39	58	46	3945
1039	2656545	3184095849	658	28133878	113.18	45929981	0	69.32	47281512	98701	183330938	17.37	NA	NA	NA	4388	50996709	62.44	53	43	4265
1040	2566399	3186662248	774	28134652	113.26	45929981	0	69.38	47281512	97756	183428694	17.37	NA	NA	NA	6926	51003635	62.48	95	61	6743
1041	2514233	3189176481	635	28135287	113.35	45929981	0	69.44	47281512	93957	183522651	17.38	NA	NA	NA	1709	51005344	62.53	80	40	1562
1042	3460822	3192637303	2093	28137380	113.47	45929981	0	69.51	47281512	134396	183657047	17.38	NA	NA	NA	13681	51019025	62.58	4798	95	8761
1043	2479054	3195116357	847	28138227	113.55	45929981	0	69.56	47281512	93782	183750829	17.39	NA	NA	NA	7670	51026695	62.62	4218	55	3370
1044	2491906	3197608263	701	28138928	113.64	45929981	0	69.62	47281512	93025	183843854	17.39	NA	NA	NA	7522	51034217	62.66	4175	34	3286
1045	2575663	3200183926	1050	28139978	113.72	45929981	0	69.68	47281512	101281	183945135	17.40	NA	NA	NA	8323	51042540	62.70	49	40	8207
1046	2863527	3203047453	1630	28141608	113.82	45929981	0	69.74	47281512	107106	184052241	17.40	NA	NA	NA	7623	51050163	62.74	127	64	7405
1047	2667739	3205715192	277	28141885	113.91	45929981	0	69.80	47334896	94606	184146847	17.41	NA	NA	NA	6447	51056610	62.79	4230	34	2156
1048	2511400	3208226592	1356	28143241	114.00	45929981	0	69.85	47334896	93777	184240624	17.41	NA	NA	NA	8344	51064954	62.83	4184	34	4099
1049	2512545	3210739137	659	28143900	114.08	45929981	0	69.91	47334896	96121	184336745	17.42	NA	NA	NA	9896	51074850	62.86	4184	34	5651
1050	2517480	3213256617	852	28144752	114.17	45929981	0	69.96	47334896	95135	184431880	17.42	NA	NA	NA	5240	51080090	62.91	39	34	5140
1051	3217639	3216474256	4342	28149094	114.27	45929981	0	70.03	47334896	119989	184551869	17.43	NA	NA	NA	17815	51097905	62.95	4257	81	13450
1052	2632792	3219107048	673	28149767	114.36	45929981	0	70.09	47334896	98556	184650425	17.43	NA	NA	NA	3597	51101502	62.99	49	40	3481
1053	2668468	3221775516	259	28150026	114.45	45929981	0	70.15	47334896	94493	184744918	17.44	NA	NA	NA	6423	51107925	63.04	4266	31	2099
1054	2769486	3224545002	515	28150541	114.55	45929981	0	70.21	47334896	99851	184844769	17.44	NA	NA	NA	4460	51112385	63.09	2700	49	1684
1055	3054582	3227599584	2146	28152687	114.65	45929981	0	70.27	47363504	113226	184957995	17.45	NA	NA	NA	8848	51121233	63.14	126	79	8616
1056	3201206	3230800790	1887	28154574	114.75	45929981	0	70.34	47363504	119141	185077136	17.46	NA	NA	NA	12686	51133919	63.18	3658	58	8943
1057	2494692	3233295482	761	28155335	114.84	45929981	0	70.40	47363504	91753	185168889	17.46	NA	NA	NA	2036	51135955	63.23	48	40	1921
1058	2725248	3236020730	418	28155753	114.93	45929981	0	70.46	47363504	96015	185264904	17.47	NA	NA	NA	2043	51137998	63.28	157	43	1816
1059	2799374	3238820104	1809	28157562	115.02	45929981	0	70.52	47363504	102708	185367612	17.47	NA	NA	NA	11326	51149324	63.32	4282	46	6971
1060	2668092	3241488196	258	28157820	115.12	45929981	0	70.57	47363504	94566	185462178	17.48	NA	NA	NA	2255	51151579	63.37	34	31	2163
1061	3480757	3244968953	1642	28159462	115.24	45929981	0	70.65	47363504	138584	185600762	17.48	NA	NA	NA	10470	51162049	63.43	122	61	10260
1062	2774305	3247743258	1347	28160809	115.33	45929981	0	70.71	47363504	107468	185708230	17.49	NA	NA	NA	8191	51170240	63.47	63	49	8052
1063	3434765	3251178023	3441	28164250	115.44	45929981	0	70.79	47419058	137920	185846150	17.49	NA	NA	NA	21218	51191458	63.51	319	91	20781
1064	1836901	3253014924	550	28164800	115.50	45929981	0	70.83	47419058	80050	185926200	17.50	NA	NA	NA	912	51192370	63.54	34	31	820
1065	2329467	3255344391	192	28164992	115.58	45929981	0	70.88	47419058	86127	186012327	17.50	NA	NA	NA	274	51192644	63.59	34	31	182
1066	2500122	3257844513	685	28165677	115.67	45929981	0	70.93	47419058	95407	186107734	17.51	NA	NA	NA	5042	51197686	63.63	44	37	4934
1067	2610546	3260455059	1409	28167086	115.75	45929981	0	70.99	47419058	100656	186208390	17.51	NA	NA	NA	7785	51205471	63.67	57	43	7658
1068	2424891	3262879950	253	28167339	115.84	45929981	0	71.04	47419058	89080	186297470	17.51	NA	NA	NA	621	51206092	63.72	39	34	521
1069	3265313	3266145263	1406	28168745	115.95	45929981	0	71.11	47419058	115416	186412886	17.52	NA	NA	NA	12065	51218157	63.77	3794	74	8170
1070	2482721	3268627984	394	28169139	116.04	45929981	0	71.17	47419058	91688	186504574	17.53	NA	NA	NA	2272	51220429	63.81	43	37	2165
1071	2758096	3271386080	518	28169657	116.13	45929981	0	71.23	47442960	96950	186601524	17.53	NA	NA	NA	1559	51221988	63.87	68	49	1415
1072	3002172	3274388252	2751	28172408	116.23	45929981	0	71.29	47442960	113242	186714766	17.54	NA	NA	NA	10595	51232583	63.91	153	70	10345
1073	2838276	3277226528	995	28173403	116.32	45929981	0	71.35	47442960	101101	186815867	17.54	NA	NA	NA	3507	51236090	63.96	58	46	3376
1074	2947762	3280174290	1403	28174806	116.42	45929981	0	71.42	47442960	107794	186923661	17.55	NA	NA	NA	6011	51242101	64.01	148	58	5778
1075	2882692	3283056982	1449	28176255	116.52	45929981	0	71.48	47442960	104262	187027923	17.55	NA	NA	NA	5262	51247363	64.06	184	55	4996
1076	2829448	3285886430	2761	28179016	116.61	45929981	0	71.54	47442960	111997	187139920	17.56	NA	NA	NA	12622	51259985	64.10	161	100	12334
1077	3696751	3289583181	1480	28180496	116.73	45929981	0	71.62	47442960	124325	187264245	17.57	NA	NA	NA	7364	51267349	64.17	603	72	6662
1078	2911094	3292494275	1143	28181639	116.83	45929981	0	71.69	47442960	105074	187369319	17.57	NA	NA	NA	4647	51271996	64.22	73	55	4492
1079	2725819	3295220094	581	28182220	116.93	45929981	0	71.74	47475262	95545	187464864	17.58	NA	NA	NA	5225	51277221	64.26	4207	40	951
1080	3268024	3298488118	1775	28183995	117.03	45929981	0	71.82	47475262	126612	187591476	17.58	NA	NA	NA	10497	51287718	64.31	4614	49	5807
1081	3722746	3302210864	2751	28186746	117.15	45929981	0	71.90	47475262	159019	187750495	17.59	NA	NA	NA	58055	51345773	64.31	426	75	57527
1082	3095522	3305306386	1708	28188454	117.26	45929981	0	71.96	47475262	109144	187859639	17.59	NA	NA	NA	10187	51355960	64.36	3840	72	6248
1083	2663764	3307970150	806	28189260	117.35	45929981	0	72.02	47475262	97336	187956975	17.60	NA	NA	NA	2393	51358353	64.41	137	46	2183
1084	3066382	3311036532	996	28190256	117.45	45929981	0	72.09	47475262	103978	188060953	17.61	NA	NA	NA	3459	51361812	64.46	397	70	2965
1085	2713921	3313750453	421	28190677	117.55	45929981	0	72.15	47475262	95598	188156551	17.61	NA	NA	NA	1687	51363499	64.52	243	40	1377
1086	2759730	3316510183	932	28191609	117.64	45929981	0	72.21	47475262	100009	188256560	17.62	NA	NA	NA	9308	51372807	64.56	4341	37	4903
1087	2718509	3319228692	485	28192094	117.74	45929981	0	72.27	47517062	95973	188352533	17.62	NA	NA	NA	1912	51374719	64.61	39	34	1812
1088	2716799	3321945491	700	28192794	117.83	45929981	0	72.33	47517062	96297	188448830	17.63	NA	NA	NA	2161	51376880	64.66	233	40	1861
1089	2712486	3324657977	324	28193118	117.92	45929981	0	72.39	47517062	95278	188544108	17.63	NA	NA	NA	1210	51378090	64.71	39	34	1110
1090	2724287	3327382264	430	28193548	118.02	45929981	0	72.44	47517062	96118	188640226	17.64	NA	NA	NA	1954	51380044	64.76	39	34	1854
1091	2703239	3330085503	467	28194015	118.11	46453872	1	71.69	47517062	95349	188735575	17.64	NA	NA	NA	1725	51381769	64.81	289	40	1369
1092	2844886	3332930389	2011	28196026	118.21	46453872	0	71.75	47517062	107901	188843476	17.65	NA	NA	NA	14030	51395799	64.85	4350	46	9607
1093	2798240	3335728629	854	28196880	118.30	46453872	0	71.81	47517062	99402	188942878	17.65	NA	NA	NA	3427	51399226	64.90	252	43	3105
1094	2756571	3338485200	722	28197602	118.40	46453872	0	71.87	47517062	98065	189040943	17.66	NA	NA	NA	6902	51406128	64.94	4316	43	2516
1095	3083255	3341568455	1230	28198832	118.50	46453872	0	71.93	47535823	106991	189147934	17.67	NA	NA	NA	4596	51410724	65.00	144	55	4370
1096	2773385	3344341840	2021	28200853	118.59	46453872	0	71.99	47535823	101504	189249438	17.67	NA	NA	NA	9799	51420523	65.04	3856	72	5844
1097	3102072	3347443912	1447	28202300	118.69	46453872	0	72.06	47535823	106864	189356302	17.68	NA	NA	NA	4596	51425119	65.09	199	67	4303
1098	3105108	3350549020	1878	28204178	118.80	46453872	0	72.13	47535823	111280	189467582	17.68	NA	NA	NA	8450	51433569	65.14	172	72	8179
1099	2636611	3353185631	593	28204771	118.89	46453872	0	72.18	47535823	95094	189562676	17.69	NA	NA	NA	1932	51435501	65.19	124	49	1732
1100	3323437	3356509068	887	28205658	119.00	46453872	0	72.25	47535823	108957	189671633	17.70	NA	NA	NA	2725	51438226	65.25	290	74	2334
1101	2769903	3359278971	1864	28207522	119.09	46453872	0	72.31	47535823	105861	189777494	17.70	NA	NA	NA	8495	51446721	65.30	74	43	8351
1102	2614514	3361893485	778	28208300	119.18	46453872	0	72.37	47535823	96748	189874242	17.71	NA	NA	NA	3022	51449743	65.34	48	40	2907
1103	2431892	3364325377	653	28208953	119.26	46453872	0	72.42	47566714	91513	189965755	17.71	NA	NA	NA	2993	51452736	65.39	39	34	2893
1104	2518180	3366843557	906	28209859	119.35	46453872	0	72.48	47566714	93831	190059586	17.71	NA	NA	NA	3767	51456503	65.43	53	40	3647
1105	2681400	3369524957	2307	28212166	119.44	46453872	0	72.53	47566714	107482	190167068	17.72	NA	NA	NA	14027	51470530	65.47	2620	64	11316
1106	2499941	3372024898	1096	28213262	119.52	46453872	0	72.59	47566714	95493	190262561	17.72	NA	NA	NA	4926	51475456	65.51	43	37	4819
1107	2513946	3374538844	859	28214121	119.60	46453872	0	72.64	47566714	95006	190357567	17.73	NA	NA	NA	3890	51479346	65.55	49	40	3774
1108	2702503	3377241347	1044	28215165	119.70	46453872	0	72.70	47566714	102588	190460155	17.73	NA	NA	NA	6918	51486264	65.59	84	43	6764
1109	2554185	3379795532	587	28215752	119.78	46453872	0	72.76	47566714	93518	190553673	17.74	NA	NA	NA	5954	51492218	65.64	4228	40	1659
1110	2472013	3382267545	475	28216227	119.87	46453872	0	72.81	47566714	90758	190644431	17.74	NA	NA	NA	1607	51493825	65.68	57	43	1480
1111	2365888	3384633433	248	28216475	119.95	46453872	0	72.86	47591504	87015	190731446	17.75	NA	NA	NA	4674	51498499	65.72	4181	31	435
1112	2462545	3387095978	311	28216786	120.04	46453872	0	72.91	47591504	89907	190821353	17.75	NA	NA	NA	857	51499356	65.77	39	34	757
1113	2659144	3389755122	2859	28219645	120.12	46453872	0	72.97	47591504	108439	190929792	17.75	NA	NA	NA	13965	51513321	65.80	71	55	13812
1114	2797945	3392553067	3096	28222741	120.21	46453872	0	73.03	47591504	107401	191037193	17.76	NA	NA	NA	10154	51523475	65.84	86	58	9983
1115	2533970	3395087037	1649	28224390	120.29	46453872	0	73.09	47591504	97499	191134692	17.76	NA	NA	NA	7128	51530603	65.88	39	34	7028
1116	1824720	3396911757	357	28224747	120.35	46453872	0	73.12	47591504	80799	191215491	17.76	NA	NA	NA	1108	51531711	65.92	38	34	1009
1117	2620250	3399532007	768	28225515	120.44	46453872	0	73.18	47591504	95015	191310506	17.77	NA	NA	NA	1696	51533407	65.97	53	43	1573
1118	2798622	3402330629	1304	28226819	120.54	46453872	0	73.24	47591504	106028	191416534	17.77	NA	NA	NA	6661	51540068	66.01	71	52	6511
1119	2983812	3405314441	1326	28228145	120.64	46453872	0	73.31	47624857	109892	191526426	17.78	NA	NA	NA	7115	51547183	66.06	85	64	6939
1120	2405424	3407719865	474065	28702210	118.73	46453872	0	73.36	47624857	99292	191625718	17.78	NA	NA	NA	8378	51555561	66.10	112	55	8184
1121	2632656	3410352521	777	28702987	118.82	46453872	0	73.41	47624857	96088	191721806	17.79	NA	NA	NA	2178	51557739	66.15	127	55	1969
1122	2538533	3412891054	791	28703778	118.90	46453872	0	73.47	47624857	96835	191818641	17.79	NA	NA	NA	5971	51563710	66.19	58	49	5837
1123	2746171	3415637225	787	28704565	118.99	46453872	0	73.53	47624857	104685	191923326	17.80	NA	NA	NA	11173	51574883	66.23	3870	70	7206
1124	2566696	3418203921	615	28705180	119.08	46453872	0	73.58	47624857	95861	192019187	17.80	NA	NA	NA	4049	51578932	66.27	54	43	3925
1125	2785976	3420989897	1614	28706794	119.17	46453872	0	73.64	47624857	104555	192123742	17.81	NA	NA	NA	6314	51585246	66.32	157	58	6072
1126	2773122	3423763019	2310	28709104	119.26	46453872	0	73.70	47624857	99869	192223611	17.81	NA	NA	NA	7585	51592831	66.36	252	78	7228
1127	2811548	3426574567	2178	28711282	119.35	46453872	0	73.76	47673993	101100	192324711	17.82	NA	NA	NA	11503	51604334	66.40	4299	64	7113
1128	2826235	3429400802	2366	28713648	119.43	46453872	0	73.82	47673993	110124	192434835	17.82	NA	NA	NA	14393	51618727	66.44	53	43	14270
1129	3777972	3433178774	4584	28718232	119.55	46453872	0	73.91	47673993	156858	192591693	17.83	NA	NA	NA	24528	51643255	66.48	2756	102	21643
1130	2617387	3435796161	262	28718494	119.64	46453872	0	73.96	47673993	94466	192686159	17.83	NA	NA	NA	3426	51646681	66.53	39	34	3326
1131	2779729	3438575890	2947	28721441	119.72	46453872	0	74.02	47673993	111886	192798045	17.84	NA	NA	NA	16512	51663193	66.56	307	55	16123
1132	2661375	3441237265	1700	28723141	119.81	46453872	0	74.08	47673993	106907	192904952	17.84	NA	NA	NA	15186	51678379	66.59	4251	55	10853
1133	2814110	3444051375	2754	28725895	119.89	46453872	0	74.14	47673993	106436	193011388	17.84	NA	NA	NA	12624	51691003	66.63	83	67	12447
1134	2950905	3447002280	853	28726748	119.99	46453872	0	74.20	47673993	102017	193113405	17.85	NA	NA	NA	3879	51694882	66.68	162	49	3641
1135	2431777	3449434057	2006	28728754	120.07	46453872	0	74.26	47729087	99633	193213038	17.85	NA	NA	NA	9826	51704708	66.71	263	70	9466
1136	2881888	3452315945	850	28729604	120.17	46453872	0	74.32	47729087	114684	193327722	17.86	NA	NA	NA	3565	51708273	66.77	72	52	3414
1137	2928284	3455244229	817	28730421	120.26	46453872	0	74.38	47729087	115587	193443309	17.86	NA	NA	NA	2916	51711189	66.82	115	64	2710
1138	4262857	3459507086	3534	28733955	120.40	46453872	0	74.47	47729087	161649	193604958	17.87	NA	NA	NA	15001	51726190	66.88	703	106	14165
1139	4454558	3463961644	2018	28735973	120.54	46453872	0	74.57	47729087	166881	193771839	17.88	NA	NA	NA	9812	51736002	66.95	1264	85	8436
1140	2246241	3466207885	721	28736694	120.62	46453872	0	74.62	47729087	90072	193861911	17.88	NA	NA	NA	3919	51739921	66.99	182	40	3670
1141	2698142	3468906027	1528	28738222	120.71	46453872	0	74.67	47729087	104558	193966469	17.88	NA	NA	NA	7191	51747112	67.04	312	49	6803
1142	2699791	3471605818	610	28738832	120.80	46453872	0	74.73	47729087	96198	194062667	17.89	NA	NA	NA	2204	51749316	67.09	48	37	2092
1143	3288811	3474894629	1220	28740052	120.91	46453872	0	74.80	47809702	128972	194191639	17.89	NA	NA	NA	6573	51755889	67.14	242	55	6249
1144	3218712	3478113341	1000	28741052	121.02	46453872	0	74.87	47809702	122684	194314323	17.90	NA	NA	NA	3718	51759607	67.20	58	43	3590
1145	3436473	3481549814	1454	28742506	121.13	46453872	0	74.95	47809702	132521	194446844	17.90	NA	NA	NA	11671	51771278	67.25	4308	49	7287
1146	2684842	3484234656	355	28742861	121.22	46453872	0	75.00	47809702	94577	194541421	17.91	NA	NA	NA	937	51772215	67.30	39	34	837
1147	3135391	3487370047	456	28743317	121.33	46453872	0	75.07	47809702	118486	194659907	17.92	NA	NA	NA	1993	51774208	67.36	44	37	1885
1148	3135140	3490505187	545	28743862	121.43	46453872	0	75.14	47809702	117836	194777743	17.92	NA	NA	NA	1724	51775932	67.42	44	37	1616
1149	3986283	3494491470	5009	28748871	121.55	46453872	0	75.22	47809702	183375	194961118	17.92	NA	NA	NA	34195	51810127	67.45	437	75	33656
1150	2889737	3497381207	638	28749509	121.65	46453872	0	75.29	47809702	102903	195064021	17.93	NA	NA	NA	3997	51814124	67.50	126	37	3807
1151	4239435	3501620642	4224	28753733	121.78	46453872	0	75.38	47864860	178476	195242497	17.93	NA	NA	NA	28716	51842840	67.54	270	117	28302
1152	3201625	3504822267	2079	28755812	121.88	46453872	0	75.45	47864860	120777	195363274	17.94	NA	NA	NA	17746	51860586	67.58	4351	55	13313
1153	2696126	3507518393	269	28756081	121.97	46453872	0	75.51	47864860	94895	195458169	17.95	NA	NA	NA	683	51861269	67.63	44	37	575
1154	2718990	3510237383	533	28756614	122.07	46453872	0	75.56	47864860	98050	195556219	17.95	NA	NA	NA	2880	51864149	67.68	49	40	2764
1155	4502827	3514740210	6369	28762983	122.20	46453872	0	75.66	47864860	194380	195750599	17.96	NA	NA	NA	41672	51905821	67.71	755	104	40786
1156	3531700	3518271910	1055	28764038	122.31	46453872	0	75.74	47864860	132322	195882921	17.96	NA	NA	NA	5179	51911000	67.78	98	70	4984
1157	3944099	3522216009	3378	28767416	122.44	46453872	0	75.82	47864860	167946	196050867	17.97	NA	NA	NA	22540	51933540	67.82	154	82	22277
1158	3199976	3525415985	948	28768364	122.54	46453872	0	75.89	47864860	123158	196174025	17.97	NA	NA	NA	4574	51938114	67.88	53	40	4454
1159	3210131	3528626116	1312	28769676	122.65	46453872	0	75.96	47940258	126224	196300249	17.98	NA	NA	NA	6919	51945033	67.93	51	40	6801
1160	2714898	3531341014	691	28770367	122.74	46453872	0	76.02	47940258	100119	196400368	17.98	NA	NA	NA	6029	51951062	67.97	208	43	5751
1161	3991408	3535332422	4156	28774523	122.86	46453872	0	76.10	47940258	173295	196573663	17.98	NA	NA	NA	27448	51978510	68.02	252	88	27081
1162	3276859	3538609281	919	28775442	122.97	46453872	0	76.17	47940258	122066	196695729	17.99	NA	NA	NA	2770	51981280	68.07	103	46	2594
1163	3250428	3541859709	847	28776289	123.08	46453872	0	76.24	47940258	123175	196818904	18.00	NA	NA	NA	3662	51984942	68.13	88	58	3489
1164	3426308	3545286017	1998	28778287	123.19	46453872	0	76.32	47940258	133772	196952676	18.00	NA	NA	NA	13979	51998921	68.18	4318	58	9576
1165	3205128	3548491145	615	28778902	123.30	46453872	0	76.39	47940258	123150	197075826	18.01	NA	NA	NA	3535	52002456	68.24	52	43	3413
1166	3516797	3552007942	2938	28781840	123.41	46453872	0	76.46	47940258	152743	197228569	18.01	NA	NA	NA	18733	52021189	68.28	84	61	18561
1167	3436183	3555444125	2137	28783977	123.52	46453872	0	76.54	47990376	138143	197366712	18.01	NA	NA	NA	12868	52034057	68.33	102	52	12687
1168	3955902	3559400027	4162	28788139	123.64	46453872	0	76.62	47990376	171901	197538613	18.02	NA	NA	NA	25713	52059770	68.37	133	84	25469
1169	3252778	3562652805	893	28789032	123.75	46453872	0	76.69	47990376	123941	197662554	18.02	NA	NA	NA	3507	52063277	68.43	61	46	3373
1170	3069303	3565722108	386	28789418	123.86	46453872	0	76.76	47990376	115708	197778262	18.03	NA	NA	NA	1285	52064562	68.49	39	34	1185
1171	3430537	3569152645	1508	28790926	123.97	46453872	0	76.83	47990376	133160	197911422	18.03	NA	NA	NA	12112	52076674	68.54	4357	43	7685
1172	3133981	3572286626	677	28791603	124.07	46453872	0	76.90	47990376	107023	198018445	18.04	NA	NA	NA	2820	52079494	68.59	163	49	2581
1173	2810801	3575097427	505	28792108	124.17	46453872	0	76.96	47990376	98812	198117257	18.05	NA	NA	NA	1979	52081473	68.64	49	40	1863
1174	3460472	3578557899	1253	28793361	124.28	46453872	0	77.03	47990376	131581	198248838	18.05	NA	NA	NA	6001	52087474	68.70	63	46	5865
1175	3067425	3581625324	334	28793695	124.39	46453872	0	77.10	48025241	115232	198364070	18.06	NA	NA	NA	972	52088446	68.76	39	34	872
1176	3077881	3584703205	250	28793945	124.50	46453872	0	77.17	48025241	115710	198479780	18.06	NA	NA	NA	791	52089237	68.82	44	37	683
1177	3301714	3588004919	983	28794928	124.61	46453872	0	77.24	48025241	126605	198606385	18.07	NA	NA	NA	7968	52097205	68.87	3748	61	4132
1178	3876169	3591881088	5509	28800437	124.72	46453872	0	77.32	48025241	170269	198776654	18.07	NA	NA	NA	28610	52125815	68.91	392	93	28098
1179	3246665	3595127753	904	28801341	124.83	46453872	0	77.39	48025241	123439	198900093	18.08	NA	NA	NA	3679	52129494	68.97	73	55	3524
1180	2729396	3597857149	720	28802061	124.92	46453872	0	77.45	48025241	100368	199000461	18.08	NA	NA	NA	4109	52133603	69.01	76	43	3963
1181	2677820	3600534969	298	28802359	125.01	46453872	0	77.51	48025241	96374	199096835	18.08	NA	NA	NA	2306	52135909	69.06	43	37	2199
1182	2126427	3602661396	365	28802724	125.08	46453872	0	77.55	48025241	89426	199186261	18.09	NA	NA	NA	4448	52140357	69.10	44	37	4340
1183	4280847	3606942243	10307	28813031	125.18	46453872	0	77.65	48104654	220999	199407260	18.09	NA	NA	NA	65670	52206027	69.09	4513	114	61016
1184	3364504	3610306747	1085	28814116	125.30	46453872	0	77.72	48104654	129376	199536636	18.09	NA	NA	NA	9804	52215831	69.14	4264	49	5464
1185	3458224	3613764971	1581	28815697	125.41	46453872	0	77.79	48104654	136811	199673447	18.10	NA	NA	NA	10031	52225862	69.19	96	61	9847
1186	3064935	3616829906	342	28816039	125.51	46453872	0	77.86	48104654	115102	199788549	18.10	NA	NA	NA	925	52226787	69.25	39	34	825
1187	3276076	3620105982	971	28817010	125.62	46453872	0	77.93	48104654	126409	199914958	18.11	NA	NA	NA	4659	52231446	69.31	58	46	4528
1188	3559273	3623665255	1283	28818293	125.74	46453872	0	78.01	48104654	136432	200051390	18.11	NA	NA	NA	7198	52238644	69.37	82	55	7034
1189	3414243	3627079498	2158	28820451	125.85	46453872	0	78.08	48104654	144696	200196086	18.12	NA	NA	NA	13813	52252457	69.41	90	64	13632
1190	2759413	3629838911	634	28821085	125.94	46453872	0	78.14	48104654	98908	200294994	18.12	NA	NA	NA	2391	52254848	69.46	48	40	2276
1191	3472982	3633311893	2990	28824075	126.05	46453872	0	78.21	48142255	150233	200445227	18.13	NA	NA	NA	17530	52272378	69.51	111	70	17322
1192	3455612	3636767505	2058	28826133	126.16	46453872	0	78.29	48142255	137455	200582682	18.13	NA	NA	NA	11904	52284282	69.56	120	55	11702
1193	4243100	3641010605	12899	28839032	126.25	46453872	0	78.38	48142255	225912	200808594	18.13	NA	NA	NA	69320	52353602	69.55	187	99	69007
1194	2725740	3643736345	772	28839804	126.34	46453872	0	78.44	48142255	98407	200907001	18.14	NA	NA	NA	3316	52356918	69.59	53	40	3196
1195	2866625	3646602970	977	28840781	126.44	46453872	0	78.50	48142255	105305	201012306	18.14	NA	NA	NA	5948	52362866	69.64	58	46	5817
1196	2822005	3649424975	695	28841476	126.53	46453872	0	78.56	48142255	99934	201112240	18.15	NA	NA	NA	2768	52365634	69.69	58	43	2640
1197	4220581	3653645556	10127	28851603	126.64	46453872	0	78.65	48142255	214085	201326325	18.15	NA	NA	NA	57934	52423568	69.69	218	84	57605
1198	3347817	3656993373	1496	28853099	126.75	46453872	0	78.72	48142255	130177	201456502	18.15	NA	NA	NA	7155	52430723	69.75	86	67	6975
1199	2429576	3659422949	716	28853815	126.83	46453872	0	78.78	48240326	93040	201549542	18.16	NA	NA	NA	2914	52433637	69.79	258	40	2589
1200	3224335	3662647284	824	28854639	126.93	46453872	0	78.84	48240326	124264	201673806	18.16	NA	NA	NA	3556	52437193	69.85	53	43	3433
1201	3272702	3665919986	4238	28858877	127.03	46453872	0	78.92	48240326	131143	201804949	18.17	NA	NA	NA	20656	52457849	69.88	275	112	20242
1202	2696663	3668616649	806	28859683	127.12	46453872	0	78.97	48240326	98822	201903771	18.17	NA	NA	NA	3152	52461001	69.93	121	49	2955
1203	2519065	3671135714	1514	28861197	127.20	47076757	1	77.98	48240326	100382	202004153	18.17	NA	NA	NA	11043	52472044	69.96	4168	58	6790
1204	2431597	3673567311	550	28861747	127.28	47076757	0	78.03	48240326	95515	202099668	18.18	NA	NA	NA	3509	52475553	70.01	51	40	3391
1205	2260396	3675827707	465	28862212	127.36	47076757	0	78.08	48240326	87717	202187385	18.18	NA	NA	NA	1536	52477089	70.05	39	34	1436
1206	2237008	3678064715	1157	28863369	127.43	47076757	0	78.13	48240326	87807	202275192	18.18	NA	NA	NA	4193	52481282	70.08	177	75	3914
1207	2208004	3680272719	669	28864038	127.50	47076757	0	78.18	48274439	89766	202364958	18.19	NA	NA	NA	10161	52491443	70.11	4083	40	6011
1208	3412333	3683685052	7214	28871252	127.59	47076757	0	78.25	48274439	152072	202517030	18.19	NA	NA	NA	34244	52525687	70.13	267	103	33847
1209	2275956	3685961008	424	28871676	127.67	47076757	0	78.30	48274439	88750	202605780	18.19	NA	NA	NA	1688	52527375	70.17	43	37	1581
1210	2441791	3688402799	1336	28873012	127.75	47076757	0	78.35	48274439	96123	202701903	18.20	NA	NA	NA	6480	52533855	70.21	1837	72	4544
1211	184	3688402983	111	28873123	127.75	47076757	0	78.35	48274439	74	202701977	18.20	NA	NA	NA	130	52533985	70.21	17	16	70
1212	4190684	3692593667	5016	28878139	127.87	47076757	0	78.44	48274439	149903	202851880	18.20	NA	NA	NA	21960	52555945	70.26	2505	134	19294
1213	2490029	3695083696	620	28878759	127.95	47076757	0	78.49	48274439	96495	202948375	18.21	NA	NA	NA	3648	52559593	70.30	94	40	3487
1214	2954230	3698037926	506	28879265	128.05	47076757	0	78.55	48274439	104386	203052761	18.21	NA	NA	NA	3499	52563092	70.35	258	52	3162
1215	2269728	3700307654	602	28879867	128.13	47076757	0	78.60	48317487	89129	203141890	18.22	NA	NA	NA	2435	52565527	70.39	43	37	2328
1216	4675710	3704983364	7564	28887431	128.26	47076757	0	78.70	48317487	204711	203346601	18.22	NA	NA	NA	45861	52611388	70.42	462	130	45242
1217	3796530	3708779894	3950	28891381	128.37	47076757	0	78.78	48317487	167784	203514385	18.22	NA	NA	NA	28756	52640144	70.46	259	75	28395
1218	1843104	3710622998	595	28891976	128.43	47076757	0	78.82	48317487	82655	203597040	18.23	NA	NA	NA	6209	52646353	70.48	4024	31	2127
1219	3299997	3713922995	592	28892568	128.54	47076757	0	78.89	48317487	115769	203712809	18.23	NA	NA	NA	3087	52649440	70.54	67	49	2944
1220	8969668	3722892663	21372	28913940	128.76	47076757	0	79.08	48317487	247977	203960786	18.25	NA	NA	NA	50457	52699897	70.64	2894	868	46668
1221	2342035	3725234698	627	28914567	128.84	47076757	0	79.13	48317487	91863	204052649	18.26	NA	NA	NA	1909	52701806	70.69	116	49	1717
1222	2322548	3727557246	388	28914955	128.91	47076757	0	79.18	48317487	90039	204142688	18.26	NA	NA	NA	5125	52706931	70.72	4087	40	971
1223	2339982	3729897228	362	28915317	128.99	47076757	0	79.23	48407229	91176	204233864	18.26	NA	NA	NA	1257	52708188	70.77	54	43	1133
1224	2340997	3732238225	410	28915727	129.07	47076757	0	79.28	48407229	91537	204325401	18.27	NA	NA	NA	1538	52709726	70.81	54	43	1414
1225	2070510	3734308735	731	28916458	129.14	47076757	0	79.32	48407229	86185	204411586	18.27	NA	NA	NA	2971	52712697	70.84	53	40	2851
1226	2386977	3736695712	886	28917344	129.22	47076757	0	79.37	48407229	97243	204508829	18.27	NA	NA	NA	9838	52722535	70.87	4283	43	5485
1227	2084453	3738780165	907	28918251	129.29	47076757	0	79.42	48407229	88751	204597580	18.27	NA	NA	NA	4252	52726787	70.91	44	37	4144
1228	2322896	3741103061	335	28918586	129.37	47076757	0	79.47	48407229	90298	204687878	18.28	NA	NA	NA	1292	52728079	70.95	49	40	1176
1229	2339375	3743442436	361	28918947	129.45	47076757	0	79.52	48407229	91033	204778911	18.28	NA	NA	NA	1139	52729218	70.99	54	43	1015
1230	2323605	3745766041	420	28919367	129.52	47076757	0	79.57	48407229	90310	204869221	18.28	NA	NA	NA	1332	52730550	71.04	49	40	1216
1231	2177122	3747943163	341	28919708	129.60	47076757	0	79.61	48424533	87370	204956591	18.29	NA	NA	NA	1854	52732404	71.07	49	40	1738
1232	2580332	3750523495	272226	29191934	128.48	47076757	0	79.67	48424533	96983	205053574	18.29	NA	NA	NA	9075	52741479	71.11	4213	37	4798
1233	2567429	3753090924	947	29192881	128.56	47076757	0	79.72	48424533	96083	205149657	18.29	NA	NA	NA	8765	52750244	71.15	4198	34	4506
1234	2672847	3755763771	1034	29193915	128.65	47076757	0	79.78	48424533	99145	205248802	18.30	NA	NA	NA	5929	52756173	71.19	53	40	5809
1235	2656418	3758420189	1075	29194990	128.74	47076757	0	79.84	48424533	97534	205346336	18.30	NA	NA	NA	2896	52759069	71.24	188	52	2629
1236	2564593	3760984782	712	29195702	128.82	47076757	0	79.89	48424533	95229	205441565	18.31	NA	NA	NA	3503	52762572	71.28	43	37	3396
1237	2753946	3763738728	664	29196366	128.91	47076757	0	79.95	48424533	100241	205541806	18.31	NA	NA	NA	3362	52765934	71.33	208	40	3087
1238	2550108	3766288836	379	29196745	129.00	47076757	0	80.00	48424533	92611	205634417	18.32	NA	NA	NA	1287	52767221	71.38	43	37	1180
1239	2682388	3768971224	798	29197543	129.09	47076757	0	80.06	48438144	99887	205734304	18.32	NA	NA	NA	4309	52771530	71.42	48	40	4194
1240	2542954	3771514178	710	29198253	129.17	47076757	0	80.11	48438144	93760	205828064	18.32	NA	NA	NA	2784	52774314	71.46	179	40	2538
1241	2341935	3773856113	411	29198664	129.25	47076757	0	80.16	48438144	91955	205920019	18.33	NA	NA	NA	1776	52776090	71.51	54	43	1652
1242	2683442	3776539555	605	29199269	129.34	47076757	0	80.22	48438144	95622	206015641	18.33	NA	NA	NA	1651	52777741	71.56	195	46	1383
1243	2686082	3779225637	477	29199746	129.43	47076757	0	80.28	48438144	96244	206111885	18.34	NA	NA	NA	5992	52783733	71.60	4251	40	1674
1244	2421173	3781646810	514	29200260	129.51	47076757	0	80.33	48438144	91133	206203018	18.34	NA	NA	NA	1666	52785399	71.64	121	40	1478
1245	2460610	3784107420	410	29200670	129.59	47076757	0	80.38	48438144	93107	206296125	18.34	NA	NA	NA	1422	52786821	71.69	119	43	1233
1246	2684690	3786792110	415	29201085	129.68	47076757	0	80.44	48438144	95555	206391680	18.35	NA	NA	NA	1332	52788153	71.74	49	40	1216
1247	2418896	3789211006	537	29201622	129.76	47076757	0	80.49	48446912	92302	206483982	18.35	NA	NA	NA	6239	52794392	71.77	4113	43	2056
1248	2428440	3791639446	658	29202280	129.84	47076757	0	80.54	48446912	93071	206577053	18.35	NA	NA	NA	3020	52797412	71.81	122	46	2825
1249	2471371	3794110817	1937	29204217	129.92	47076757	0	80.59	48446912	110329	206687382	18.36	NA	NA	NA	15560	52812972	71.84	132	67	15334
1250	2226055	3796336872	290	29204507	129.99	47076757	0	80.64	48446912	86563	206773945	18.36	NA	NA	NA	904	52813876	71.88	125	34	718
1251	2330805	3798667677	454	29204961	130.07	47076757	0	80.69	48446912	90701	206864646	18.36	NA	NA	NA	2050	52815926	71.92	133	40	1850
1252	2575899	3801243576	831	29205792	130.15	47076757	0	80.75	48446912	96506	206961152	18.37	NA	NA	NA	3698	52819624	71.97	151	55	3465
1253	2331609	3803575185	1029	29206821	130.23	47076757	0	80.80	48446912	92618	207053770	18.37	NA	NA	NA	8045	52827669	72.00	4216	40	3762
1254	3488098	3807063283	6356	29213177	130.32	47076757	0	80.87	48446912	151501	207205271	18.37	NA	NA	NA	23217	52850886	72.03	249	79	22862
1255	2419261	3809482544	355	29213532	130.40	47076757	0	80.92	48482772	90421	207295692	18.38	NA	NA	NA	1033	52851919	72.08	49	40	917
1256	2465764	3811948308	522	29214054	130.48	47076757	0	80.97	48482772	92760	207388452	18.38	NA	NA	NA	1924	52853843	72.12	122	49	1726
1257	2057299	3814005607	460	29214514	130.55	47076757	0	81.02	48482772	84729	207473181	18.38	NA	NA	NA	1773	52855616	72.16	39	34	1673
1258	2502660	3816508267	1462	29215976	130.63	47076757	0	81.07	48482772	100512	207573693	18.39	NA	NA	NA	9527	52865143	72.19	2078	52	7370
1259	2683481	3819191748	344	29216320	130.72	47076757	0	81.13	48482772	95535	207669228	18.39	NA	NA	NA	1260	52866403	72.24	49	40	1144
1260	2941710	3822133458	709	29217029	130.82	47076757	0	81.19	48482772	102483	207771711	18.40	NA	NA	NA	2252	52868655	72.29	202	55	1968
1261	2419658	3824553116	387	29217416	130.90	47076757	0	81.24	48482772	90561	207862272	18.40	NA	NA	NA	1163	52869818	72.34	49	40	1047
1262	2367621	3826920737	662	29218078	130.98	47076757	0	81.29	48482772	93418	207955690	18.40	NA	NA	NA	4875	52874693	72.38	2034	49	2765
1263	2122249	3829042986	496	29218574	131.05	47076757	0	81.34	48502019	87755	208043445	18.41	NA	NA	NA	5720	52880413	72.41	3620	46	2027
1264	2364856	3831407842	6314	29224888	131.10	47076757	0	81.39	48502019	140095	208183540	18.40	NA	NA	NA	41579	52921992	72.40	58	52	41442
1265	2185000	3833592842	562	29225450	131.17	47076757	0	81.43	48502019	86628	208270168	18.41	NA	NA	NA	2178	52924170	72.44	77	37	2037
1266	2686423	3836279265	724	29226174	131.26	47076757	0	81.49	48502019	110534	208380702	18.41	NA	NA	NA	6570	52930740	72.48	4111	40	2392
1267	2708116	3838987381	1184	29227358	131.35	47076757	0	81.55	48502019	115428	208496130	18.41	NA	NA	NA	6059	52936799	72.52	71	52	5909
1268	2587182	3841574563	447	29227805	131.44	47076757	0	81.60	48502019	106114	208602244	18.42	NA	NA	NA	1507	52938306	72.57	44	37	1399
1269	2691103	3844265666	883	29228688	131.52	47076757	0	81.66	48502019	111657	208713901	18.42	NA	NA	NA	6961	52945267	72.61	3590	55	3289
1270	2181812	3846447478	752	29229440	131.59	47076757	0	81.71	48502019	88044	208801945	18.42	NA	NA	NA	7769	52953036	72.64	4067	37	3638
1271	2814489	3849261967	2259	29231699	131.68	47076757	0	81.77	48547204	124988	208926933	18.42	NA	NA	NA	11134	52964170	72.68	97	58	10952
1272	2098458	3851360425	1041	29232740	131.75	47076757	0	81.81	48547204	90787	209017720	18.43	NA	NA	NA	5596	52969766	72.71	73	64	5432
1273	2326724	3853687149	431	29233171	131.83	47076757	0	81.86	48547204	91345	209109065	18.43	NA	NA	NA	1623	52971389	72.75	85	40	1471
1274	2204698	3855891847	852	29234023	131.90	47076757	0	81.91	48547204	86713	209195778	18.43	NA	NA	NA	6232	52977621	72.78	4112	46	2047
1275	2323081	3858214928	1010	29235033	131.97	47076757	0	81.96	48547204	96042	209291820	18.43	NA	NA	NA	4584	52982205	72.82	58	46	4453
1276	2355997	3860570925	481	29235514	132.05	47076757	0	82.01	48547204	90248	209382068	18.44	NA	NA	NA	1571	52983776	72.86	92	46	1406
1277	2343434	3862914359	697	29236211	132.13	47076757	0	82.06	48547204	93624	209475692	18.44	NA	NA	NA	3250	52987026	72.90	100	43	3080
1278	2051637	3864965996	246	29236457	132.20	47076757	0	82.10	48547204	85982	209561674	18.44	NA	NA	NA	557	52987583	72.94	39	34	457
1279	2284185	3867250181	736	29237193	132.27	47076757	0	82.15	48562625	91161	209652835	18.45	NA	NA	NA	2639	52990222	72.98	81	43	2488
1280	2611700	3869861881	1251	29238444	132.36	47076757	0	82.20	48562625	103127	209755962	18.45	NA	NA	NA	5658	52995880	73.02	73	52	5506
1281	2297503	3872159384	435	29238879	132.43	47076757	0	82.25	48562625	88899	209844861	18.45	NA	NA	NA	1333	52997213	73.06	64	40	1202
1282	2182232	3874341616	3431	29242310	132.49	47076757	0	82.30	48562625	101877	209946738	18.45	NA	NA	NA	15713	53012926	73.08	59	49	15578
1283	2394589	3876736205	610	29242920	132.57	47076757	0	82.35	48562625	92932	210039670	18.46	NA	NA	NA	6746	53019672	73.12	4129	43	2547
1284	2498045	3879234250	877	29243797	132.65	47076757	0	82.40	48562625	96755	210136425	18.46	NA	NA	NA	3754	53023426	73.16	339	49	3339
1285	2431318	3881665568	664	29244461	132.73	47076757	0	82.45	48562625	92471	210228896	18.46	NA	NA	NA	2496	53025922	73.20	58	43	2368
1286	2620739	3884286307	2189	29246650	132.81	47076757	0	82.51	48562625	112275	210341171	18.47	NA	NA	NA	13233	53039155	73.23	87	64	13055
1287	2319437	3886605744	380	29247030	132.89	47076757	0	82.56	48592196	89141	210430312	18.47	NA	NA	NA	1124	53040279	73.28	44	37	1016
1288	3338826	3889944570	4298	29251328	132.98	47076757	0	82.63	48592196	162009	210592321	18.47	NA	NA	NA	29517	53069796	73.30	169	81	29240
1289	2086579	3892031149	1074	29252402	133.05	47076757	0	82.67	48592196	86620	210678941	18.47	NA	NA	NA	2716	53072512	73.33	48	40	2601
1290	2393093	3894424242	908	29253310	133.13	47076757	0	82.72	48592196	94615	210773556	18.48	NA	NA	NA	3673	53076185	73.37	101	52	3493
1291	2670999	3897095241	1110	29254420	133.21	47076757	0	82.78	48592196	102360	210875916	18.48	NA	NA	NA	4935	53081120	73.42	72	49	4787
1292	2441665	3899536906	822	29255242	133.29	47076757	0	82.83	48592196	95137	210971053	18.48	NA	NA	NA	4085	53085205	73.46	436	40	3582
1293	2228621	3901765527	761	29256003	133.37	47076757	0	82.88	48592196	90538	211061591	18.49	NA	NA	NA	3538	53088743	73.50	54	43	3414
1294	2842946	3904608473	3643	29259646	133.45	47076757	0	82.94	48592196	145402	211206993	18.49	NA	NA	NA	33749	53122492	73.50	94	67	33561
1295	2330911	3906939384	954	29260600	133.52	47076757	0	82.99	48657176	94120	211301113	18.49	NA	NA	NA	9046	53131538	73.53	4154	43	4822
1296	2592373	3909531757	3621	29264221	133.59	47076757	0	83.05	48657176	122273	211423386	18.49	NA	NA	NA	21841	53153379	73.55	131	67	21616
1297	2520512	3912052269	441	29264662	133.68	47076757	0	83.10	48657176	92097	211515483	18.50	NA	NA	NA	1410	53154789	73.60	49	40	1294
1298	2452837	3914505106	749	29265411	133.76	47076757	0	83.15	48657176	95574	211611057	18.50	NA	NA	NA	4194	53158983	73.64	44	37	4086
1299	2386148	3916891254	1338	29266749	133.83	47076757	0	83.20	48657176	96118	211707175	18.50	NA	NA	NA	5488	53164471	73.67	58	43	5360
1300	3165399	3920056653	3458	29270207	133.93	47076757	0	83.27	48657176	139212	211846387	18.50	NA	NA	NA	21487	53185958	73.70	203	87	21170
1301	2676960	3922733613	4541	29274748	134.00	47076757	0	83.33	48657176	128684	211975071	18.51	NA	NA	NA	29781	53215739	73.71	4198	58	25498
1302	2053928	3924787541	341	29275089	134.07	47076757	0	83.37	48657176	83604	212058675	18.51	NA	NA	NA	848	53216587	73.75	39	34	748
1303	2355590	3927143131	654	29275743	134.14	47076757	0	83.42	48715275	89662	212148337	18.51	NA	NA	NA	1656	53218243	73.79	44	37	1548
1304	2386162	3929529293	849	29276592	134.22	47076757	0	83.47	48715275	95042	212243379	18.51	NA	NA	NA	4570	53222813	73.83	62	46	4435
1305	2710678	3932239971	3377	29279969	134.30	47076757	0	83.53	48715275	116404	212359783	18.52	NA	NA	NA	14395	53237208	73.86	175	79	14114
1306	2157561	3934397532	415	29280384	134.37	47076757	0	83.57	48715275	87190	212446973	18.52	NA	NA	NA	934	53238142	73.90	66	49	792
1307	2217576	3936615108	376	29280760	134.44	47076757	0	83.62	48715275	89598	212536571	18.52	NA	NA	NA	1326	53239468	73.94	55	40	1204
1308	3941435	3940556543	1033	29281793	134.57	47076757	0	83.70	48715275	131904	212668475	18.53	NA	NA	NA	4188	53243656	74.01	947	73	3141
1309	2225214	3942781757	347	29282140	134.65	47076757	0	83.75	48715275	89526	212758001	18.53	NA	NA	NA	1199	53244855	74.05	51	40	1081
1310	2222716	3945004473	951	29283091	134.72	47076757	0	83.80	48715275	92164	212850165	18.53	NA	NA	NA	6109	53250964	74.08	43	37	6002
1311	2327231	3947331704	385	29283476	134.80	47076757	0	83.85	48750861	91379	212941544	18.54	NA	NA	NA	1689	53252653	74.12	49	40	1573
1312	2192529	3949524233	721	29284197	134.87	47076757	0	83.90	48750861	88040	213029584	18.54	NA	NA	NA	3498	53256151	74.16	46	37	3388
1313	2348767	3951873000	1275	29285472	134.94	47076757	0	83.95	48750861	97816	213127400	18.54	NA	NA	NA	7048	53263199	74.20	66	52	6903
1314	2253612	3954126612	431	29285903	135.02	47076757	0	83.99	48750861	89211	213216611	18.55	NA	NA	NA	5396	53268595	74.23	4083	37	1249
1315	2515748	3956642360	427	29286330	135.10	47551868	1	83.21	48750861	93142	213309753	18.55	NA	NA	NA	2515	53271110	74.27	141	37	2310
1316	2353684	3958996044	661	29286991	135.18	47551868	0	83.26	48750861	90421	213400174	18.55	NA	NA	NA	2253	53273363	74.31	49	40	2137
1317	2368556	3961364600	1829	29288820	135.25	47551868	0	83.31	48750861	102219	213502393	18.55	NA	NA	NA	15069	53288432	74.34	3663	55	11324
1318	3025910	3964390510	1484	29290304	135.35	47551868	0	83.37	48750861	108596	213610989	18.56	NA	NA	NA	4888	53293320	74.39	344	43	4474
1319	2183952	3966574462	346	29290650	135.42	47551868	0	83.42	48789941	89055	213700044	18.56	NA	NA	NA	927	53294247	74.43	44	37	819
1320	2218456	3968792918	971	29291621	135.49	47551868	0	83.46	48789941	90726	213790770	18.56	NA	NA	NA	4242	53298489	74.46	135	49	4031
1321	2259963	3971052881	1737	29293358	135.56	47551868	0	83.51	48789941	94863	213885633	18.57	NA	NA	NA	11977	53310466	74.49	4054	49	7847
1322	2360926	3973413807	632	29293990	135.64	47551868	0	83.56	48789941	92395	213978028	18.57	NA	NA	NA	4836	53315302	74.53	60	43	4706
1323	2743025	3976156832	827	29294817	135.73	47551868	0	83.62	48789941	106319	214084347	18.57	NA	NA	NA	3135	53318437	74.57	382	43	2683
1324	2884131	3979040963	1928	29296745	135.82	47551868	0	83.68	48789941	122318	214206665	18.58	NA	NA	NA	10594	53329031	74.61	69	49	10449
1325	2216347	3981257310	554	29297299	135.89	47551868	0	83.72	48789941	86909	214293574	18.58	NA	NA	NA	2909	53331940	74.65	39	34	2809
1326	2803987	3984061297	642	29297941	135.98	47551868	0	83.78	48789941	99202	214392776	18.58	NA	NA	NA	1800	53333740	74.70	176	55	1542
1327	3215532	3987276829	8861	29306802	136.05	47551868	0	83.85	48910094	142622	214535398	18.59	NA	NA	NA	24700	53358440	74.73	105	70	24498
1328	3558268	3990835097	1229	29308031	136.17	47551868	0	83.93	48910094	135655	214671053	18.59	NA	NA	NA	5407	53363847	74.79	458	76	4846
1329	3184793	3994019890	687	29308718	136.27	47551868	0	83.99	48910094	121452	214792505	18.59	NA	NA	NA	2880	53366727	74.84	245	46	2562
1330	1994936	3996014826	408	29309126	136.34	47551868	0	84.03	48910094	84933	214877438	18.60	NA	NA	NA	1352	53368079	74.88	95	37	1193
1331	1845838	3997860664	555	29309681	136.40	47551868	0	84.07	48910094	83027	214960465	18.60	NA	NA	NA	1922	53370001	74.91	510	40	1345
1332	2634459	4000495123	1106	29310787	136.49	47551868	0	84.13	48910094	110498	215070963	18.60	NA	NA	NA	6462	53376463	74.95	3507	55	2873
1333	2075203	4002570326	294	29311081	136.55	47551868	0	84.17	48910094	85062	215156025	18.60	NA	NA	NA	1908	53378371	74.98	49	40	1792
1334	652406	4003222732	698	29311779	136.57	47551868	0	84.19	48910094	27699	215183724	18.60	NA	NA	NA	3221	53381592	74.99	1064	34	2096
1335	761279	4003984011	846	29312625	136.60	47551868	0	84.20	48955514	32366	215216090	18.60	NA	NA	NA	3728	53385320	75.00	1251	52	2398
1336	2965441	4006949452	3997	29316622	136.68	47551868	0	84.26	48955514	140949	215357039	18.61	NA	NA	NA	22804	53408124	75.03	4598	97	18082
1337	2089591	4009039043	348	29316970	136.75	47551868	0	84.31	48955514	85777	215442816	18.61	NA	NA	NA	2784	53410908	75.06	94	40	2623
1338	2590337	4011629380	460	29317430	136.83	47551868	0	84.36	48955514	111191	215554007	18.61	NA	NA	NA	4326	53415234	75.10	772	46	3481
1339	2598905	4014228285	562	29317992	136.92	47551868	0	84.42	48955514	113707	215667714	18.61	NA	NA	NA	10334	53425568	75.14	4877	37	5393
1340	2594155	4016822440	611	29318603	137.01	47551868	0	84.47	48955514	110015	215777729	18.62	NA	NA	NA	2311	53427879	75.18	48	40	2196
1341	2592515	4019414955	560	29319163	137.09	47551868	0	84.53	48955514	112297	215890026	18.62	NA	NA	NA	4410	53432289	75.22	44	37	4302
1342	2587377	4022002332	400	29319563	137.18	47551868	0	84.58	48955514	111669	216001695	18.62	NA	NA	NA	4116	53436405	75.27	44	37	4008
1343	2603644	4024605976	485	29320048	137.26	47551868	0	84.64	48988103	111963	216113658	18.62	NA	NA	NA	4792	53441197	75.31	53	46	4666
1344	2632815	4027238791	460273	29780321	135.23	47551868	0	84.69	48988103	111419	216225077	18.63	NA	NA	NA	5688	53446885	75.35	83	43	5535
1345	2585778	4029824569	393	29780714	135.32	47551868	0	84.75	48988103	110927	216336004	18.63	NA	NA	NA	3544	53450429	75.39	44	37	3436
1346	2091784	4031916353	349	29781063	135.39	47551868	0	84.79	48988103	86488	216422492	18.63	NA	NA	NA	3182	53453611	75.43	39	34	3082
1347	2088694	4034005047	238	29781301	135.45	47551868	0	84.83	48988103	85705	216508197	18.63	NA	NA	NA	2662	53456273	75.46	39	34	2562
1348	2585460	4036590507	362	29781663	135.54	47551868	0	84.89	48988103	110837	216619034	18.63	NA	NA	NA	3457	53459730	75.51	44	37	3349
1349	2591385	4039181892	551	29782214	135.62	47551868	0	84.94	48988103	113408	216732442	18.64	NA	NA	NA	5514	53465244	75.55	53	46	5388
1350	2737041	4041918933	747	29782961	135.71	47551868	0	85.00	48988103	114746	216847188	18.64	NA	NA	NA	7068	53472312	75.59	2689	49	4303
1351	2588702	4044507635	598	29783559	135.80	47551868	0	85.05	49008916	111878	216959066	18.64	NA	NA	NA	4185	53476497	75.63	53	46	4059
1352	2591965	4047099600	714	29784273	135.88	47551868	0	85.11	49008916	112746	217071812	18.64	NA	NA	NA	5069	53481566	75.67	56	49	4937
1353	2585104	4049684704	371	29784644	135.97	47551868	0	85.16	49008916	110601	217182413	18.65	NA	NA	NA	3298	53484864	75.72	44	37	3190
1354	769969	4050454673	570	29785214	135.99	47551868	0	85.18	49008916	32111	217214524	18.65	NA	NA	NA	2100	53486964	75.73	42	37	1994
1355	689192	4051143865	750	29785964	136.01	47551868	0	85.19	49008916	30169	217244693	18.65	NA	NA	NA	3579	53490543	75.74	1161	37	2354
1356	2257882	4053401747	752	29786716	136.08	47551868	0	85.24	49008916	91256	217335949	18.65	NA	NA	NA	2838	53493381	75.77	49	40	2722
1357	2107219	4055508966	629	29787345	136.15	47551868	0	85.29	49008916	86154	217422103	18.65	NA	NA	NA	2233	53495614	75.81	120	55	2031
1358	2492235	4058001201	1159	29788504	136.23	47551868	0	85.34	49008916	103632	217525735	18.66	NA	NA	NA	5760	53501374	75.85	691	67	4975
1359	2074338	4060075539	697	29789201	136.29	47551868	0	85.38	49053874	89724	217615459	18.66	NA	NA	NA	6261	53507635	75.88	66	52	6116
1360	2286362	4062361901	539	29789740	136.37	47551868	0	85.43	49053874	92829	217708288	18.66	NA	NA	NA	7127	53514762	75.91	3467	40	3593
1361	4145549	4066507450	2535	29792275	136.50	47551868	0	85.52	49053874	178462	217886750	18.66	NA	NA	NA	26362	53541124	75.95	4145	89	22101
1362	2212835	4068720285	1039	29793314	136.56	47551868	0	85.56	49053874	88825	217975575	18.67	NA	NA	NA	4026	53545150	75.99	114	43	3842
1363	3387917	4072108202	631	29793945	136.68	47551868	0	85.64	49053874	131059	218106634	18.67	NA	NA	NA	6122	53551272	76.04	137	61	5897
1364	2660745	4074768947	509	29794454	136.76	47551868	0	85.69	49053874	113504	218220138	18.67	NA	NA	NA	7947	53559219	76.08	4906	40	2974
1365	2037385	4076806332	660	29795114	136.83	47551868	0	85.73	49053874	84750	218304888	18.67	NA	NA	NA	2337	53561556	76.11	59	43	2208
1366	2025317	4078831649	467	29795581	136.89	47551868	0	85.78	49053874	83733	218388621	18.68	NA	NA	NA	1482	53563038	76.15	59	43	1353
1367	2676015	4081507664	783	29796364	136.98	47551868	0	85.83	49096570	102220	218490841	18.68	NA	NA	NA	6066	53569104	76.19	337	75	5627
1368	2113278	4083620942	659	29797023	137.05	47551868	0	85.88	49096570	91070	218581911	18.68	NA	NA	NA	5389	53574493	76.22	109	55	5198
1369	2037465	4085658407	593	29797616	137.11	47551868	0	85.92	49096570	84026	218665937	18.68	NA	NA	NA	1857	53576350	76.26	59	43	1728
1370	2025409	4087683816	489	29798105	137.18	47551868	0	85.96	49096570	83218	218749155	18.69	NA	NA	NA	1194	53577544	76.29	59	43	1065
1371	2715975	4090399791	2158	29800263	137.26	47551868	0	86.02	49096570	105004	218854159	18.69	NA	NA	NA	9353	53586897	76.33	161	77	9088
1372	2270976	4092670767	1012	29801275	137.33	47551868	0	86.07	49096570	93568	218947727	18.69	NA	NA	NA	4743	53591640	76.37	168	55	4493
1373	2062442	4094733209	511	29801786	137.40	47551868	0	86.11	49096570	84477	219032204	18.69	NA	NA	NA	1798	53593438	76.40	97	37	1637
1374	2052101	4096785310	573	29802359	137.47	47551868	0	86.15	49096570	84393	219116597	18.70	NA	NA	NA	1863	53595301	76.44	91	49	1696
1375	2826892	4099612202	1208	29803567	137.55	47551868	0	86.21	49121340	126226	219242823	18.70	NA	NA	NA	39593	53634894	76.44	145	52	39369
1376	2165659	4101777861	1299	29804866	137.62	47551868	0	86.26	49121340	90615	219333438	18.70	NA	NA	NA	5772	53640666	76.47	156	58	5531
1377	2180907	4103958768	736	29805602	137.69	47551868	0	86.30	49121340	93033	219426471	18.70	NA	NA	NA	7706	53648372	76.50	141	49	7489
1378	2211248	4106170016	1262	29806864	137.76	47551868	0	86.35	49121340	88712	219515183	18.71	NA	NA	NA	2291	53650663	76.54	221	46	1997
1379	2024707	4108194723	366	29807230	137.83	47551868	0	86.39	49121340	83313	219598496	18.71	NA	NA	NA	1008	53651671	76.57	51	40	890
1380	2026083	4110220806	436	29807666	137.89	47551868	0	86.44	49121340	83343	219681839	18.71	NA	NA	NA	1154	53652825	76.61	57	46	1024
1381	2061790	4112282596	425	29808091	137.96	47551868	0	86.48	49121340	84333	219766172	18.71	NA	NA	NA	1345	53654170	76.64	56	43	1219
1382	2026041	4114308637	405	29808496	138.02	47551868	0	86.52	49121340	83692	219849864	18.71	NA	NA	NA	1404	53655574	76.68	51	40	1286
1383	2022611	4116331248	401	29808897	138.09	47551868	0	86.57	49138141	83119	219932983	18.72	NA	NA	NA	876	53656450	76.72	44	37	768
1384	2063489	4118394737	507	29809404	138.16	47551868	0	86.61	49138141	84442	220017425	18.72	NA	NA	NA	1781	53658231	76.75	97	37	1620
1385	2052408	4120447145	685	29810089	138.22	47551868	0	86.65	49138141	83796	220101221	18.72	NA	NA	NA	1626	53659857	76.79	91	49	1459
1386	3170138	4123617283	1704	29811793	138.32	47551868	0	86.72	49138141	140500	220241721	18.72	NA	NA	NA	50881	53710738	76.77	54	43	50757
1387	2221060	4125838343	1434	29813227	138.39	47551868	0	86.77	49138141	93201	220334922	18.73	NA	NA	NA	12026	53722764	76.80	4108	49	7842
1388	2215576	4128053919	1065	29814292	138.46	47551868	0	86.81	49138141	93455	220428377	18.73	NA	NA	NA	7945	53730709	76.83	171	49	7698
1389	2019538	4130073457	269	29814561	138.53	47551868	0	86.85	49138141	83641	220512018	18.73	NA	NA	NA	1853	53732562	76.86	39	34	1753
1390	2265053	4132338510	1494	29816055	138.59	47551868	0	86.90	49138141	89157	220601175	18.73	NA	NA	NA	2412	53734974	76.90	204	49	2132
1391	2024260	4134362770	292	29816347	138.66	47551868	0	86.94	49157495	82904	220684079	18.73	NA	NA	NA	733	53735707	76.94	51	40	615
1392	2026811	4136389581	409	29816756	138.73	47551868	0	86.99	49157495	83411	220767490	18.74	NA	NA	NA	1134	53736841	76.97	57	46	1004
1393	2061962	4138451543	358	29817114	138.79	47551868	0	87.03	49157495	84189	220851679	18.74	NA	NA	NA	1271	53738112	77.01	56	43	1145
1394	2026821	4140478364	426	29817540	138.86	47551868	0	87.07	49157495	83427	220935106	18.74	NA	NA	NA	1284	53739396	77.05	51	40	1166
1395	2026993	4142505357	420	29817960	138.93	47551868	0	87.12	49157495	83359	221018465	18.74	NA	NA	NA	1215	53740611	77.08	44	37	1107
1396	7614390	4150119747	8556	29826516	139.14	47551868	0	87.28	49157495	184177	221202642	18.76	NA	NA	NA	24445	53765056	77.19	1027	311	23080
1397	2417282	4152537029	2538	29829054	139.21	47551868	0	87.33	49157495	113736	221316378	18.76	NA	NA	NA	14774	53779830	77.21	520	131	14096
1398	2157446	4154694475	1675	29830729	139.28	47551868	0	87.37	49157495	88465	221404843	18.77	NA	NA	NA	5482	53785312	77.25	3695	86	1674
1399	1887978	4156582453	1209	29831938	139.33	47551868	0	87.41	49315398	83510	221488353	18.77	NA	NA	NA	1940	53787252	77.28	548	46	1319
1400	2170904	4158753357	1167	29833105	139.40	47551868	0	87.46	49315398	91681	221580034	18.77	NA	NA	NA	3033	53790285	77.31	642	43	2321
1401	2046821	4160800178	1604	29834709	139.46	47551868	0	87.50	49315398	85621	221665655	18.77	NA	NA	NA	2999	53793284	77.35	622	46	2304
1402	2238362	4163038540	754	29835463	139.53	47551868	0	87.55	49315398	91963	221757618	18.77	NA	NA	NA	3391	53796675	77.38	2553	55	756
1403	2095069	4165133609	563	29836026	139.60	47551868	0	87.59	49315398	87617	221845235	18.77	NA	NA	NA	3776	53800451	77.42	1909	46	1794
1404	2874886	4168008495	3913	29839939	139.68	47551868	0	87.65	49315398	132687	221977922	18.78	NA	NA	NA	26635	53827086	77.43	4634	84	21890
1405	2105276	4170113771	1422	29841361	139.74	47551868	0	87.70	49315398	87877	222065799	18.78	NA	NA	NA	6433	53833519	77.46	4076	37	2293
1406	2055325	4172169096	435	29841796	139.81	47551868	0	87.74	49315398	85904	222151703	18.78	NA	NA	NA	890	53834409	77.50	56	43	764
1407	1013908	4173183004	691	29842487	139.84	47551868	0	87.76	49355026	43891	222195594	18.78	NA	NA	NA	3279	53837688	77.51	1880	37	1335
1408	2680141	4175863145	3860	29846347	139.91	47551868	0	87.82	49355026	118791	222314385	18.78	NA	NA	NA	11005	53848693	77.55	2358	81	8539
1409	2769295	4178632440	1141	29847488	140.00	47551868	0	87.88	49355026	118535	222432920	18.79	NA	NA	NA	9300	53857993	77.59	4754	64	4455
1410	3917849	4182550289	3512	29851000	140.11	47551868	0	87.96	49355026	230017	222662937	18.78	NA	NA	NA	78286	53936279	77.55	5373	89	72797
1411	2832558	4185382847	2006	29853006	140.20	47551868	0	88.02	49355026	120675	222783612	18.79	NA	NA	NA	5591	53941870	77.59	421	78	5065
1412	4172223	4189555070	29705	29882711	140.20	47551868	0	88.10	49355026	203893	222987505	18.79	NA	NA	NA	95071	54036941	77.53	4747	226	90071
1413	2771461	4192326531	9550	29892261	140.25	47551868	0	88.16	49355026	116032	223103537	18.79	NA	NA	NA	11920	54048861	77.57	656	61	11176
1414	2681826	4195008357	1118	29893379	140.33	47551868	0	88.22	49355026	112469	223216006	18.79	NA	NA	NA	3514	54052375	77.61	165	52	3270
1415	214	4195008571	126	29893505	140.33	47551868	0	88.22	49604618	88	223216094	18.79	NA	NA	NA	145	54052520	77.61	17	16	85
1416	2650381	4197658952	507	29894012	140.42	47551868	0	88.28	49604618	110604	223326698	18.80	NA	NA	NA	2090	54054610	77.66	233	46	1784
1417	2610688	4200269640	1247	29895259	140.50	47551868	0	88.33	49604618	110036	223436734	18.80	NA	NA	NA	2865	54057475	77.70	71	49	2718
1418	2597521	4202867161	477	29895736	140.58	47551868	0	88.38	49604618	109650	223546384	18.80	NA	NA	NA	1893	54059368	77.75	57	46	1763
1419	2829421	4205696582	28848	29924584	140.54	47551868	0	88.44	49604618	166824	223713208	18.80	NA	NA	NA	31815	54091183	77.75	281	75	31432
1420	2401296	4208097878	613	29925197	140.62	47551868	0	88.49	49604618	101625	223814833	18.80	NA	NA	NA	2550	54093733	77.79	43	40	2440
1421	2949859	4211047737	5855	29931052	140.69	47551868	0	88.56	49604618	161413	223976246	18.80	NA	NA	NA	40356	54134089	77.79	4623	140	35566
1422	2743149	4213790886	764	29931816	140.78	47551868	0	88.61	49604618	118919	224095165	18.80	NA	NA	NA	5240	54139329	77.83	77	55	5081
1423	3668206	4217459092	2667	29934483	140.89	47551868	0	88.69	49670235	159972	224255137	18.81	NA	NA	NA	6691	54146020	77.89	855	49	5760
1424	3672348	4221131440	570	29935053	141.01	47551868	0	88.77	49670235	153502	224408639	18.81	NA	NA	NA	2952	54148972	77.95	949	46	1930
1425	3928498	4225059938	2686	29937739	141.13	47551868	0	88.85	49670235	164605	224573244	18.81	NA	NA	NA	13193	54162165	78.01	1643	76	11447
1426	3660954	4228720892	6535	29944274	141.22	47551868	0	88.93	49670235	185142	224758386	18.81	NA	NA	NA	32656	54194821	78.03	1565	85	30979
1427	4177726	4232898618	3480	29947754	141.34	48258731	1	87.71	49670235	177575	224935961	18.82	NA	NA	NA	16412	54211233	78.08	1727	70	14588
1428	6873445	4239772063	23298	29971052	141.46	48258731	0	87.86	49670235	285569	225221530	18.82	NA	NA	NA	110128	54321361	78.05	3425	210	106466
1429	5640587	4245412650	21268	29992320	141.55	48258731	0	87.97	49670235	195005	225416535	18.83	NA	NA	NA	31905	54353266	78.11	1425	106	30347
1430	5003864	4250416514	14929	30007249	141.65	48258731	0	88.08	49670235	203081	225619616	18.84	NA	NA	NA	48093	54401359	78.13	2940	101	45025
1431	3923332	4254339846	3553	30010802	141.76	48258731	0	88.16	49896656	170012	225789628	18.84	NA	NA	NA	14191	54415550	78.18	5210	72	8882
1432	2651977	4256991823	832	30011634	141.84	48258731	0	88.21	49896656	100656	225890284	18.85	NA	NA	NA	5419	54420969	78.22	3832	49	1511
1433	2215805	4259207628	476	30012110	141.92	48258731	0	88.26	49896656	93907	225984191	18.85	NA	NA	NA	6069	54427038	78.26	4324	34	1684
1434	3473652	4262681280	11249	30023359	141.98	48258731	0	88.33	49896656	156969	226141160	18.85	NA	NA	NA	33223	54460261	78.27	3245	103	29848
1435	5930743	4268612023	6812	30030171	142.14	48258731	0	88.45	49896656	197368	226338528	18.86	NA	NA	NA	19084	54479345	78.35	1305	96	17656
1436	4067544	4272679567	5145	30035316	142.26	48258731	0	88.54	49896656	177959	226516487	18.86	NA	NA	NA	26386	54505731	78.39	5212	102	21045
1437	2560343	4275239910	2283	30037599	142.33	48258731	0	88.59	49896656	115491	226631978	18.86	NA	NA	NA	11290	54517021	78.42	1451	67	9745
1438	3555888	4278795798	8177	30045776	142.41	48258731	0	88.66	49896656	166222	226798200	18.87	NA	NA	NA	26017	54543038	78.45	5191	76	20723
1439	3177475	4281973273	7810	30053586	142.48	48258731	0	88.73	49965538	135523	226933723	18.87	NA	NA	NA	16559	54559597	78.48	1029	70	15433
1440	2795117	4284768390	7833	30061419	142.53	48258731	0	88.79	49965538	123168	227056891	18.87	NA	NA	NA	19521	54579118	78.51	909	64	18521
1441	3758597	4288526987	7480	30068899	142.62	48258731	0	88.87	49965538	169874	227226765	18.87	NA	NA	NA	18618	54597736	78.55	1604	81	16906
1442	3093589	4291620576	2426	30071325	142.71	48258731	0	88.93	49965538	123592	227350357	18.88	NA	NA	NA	11171	54608907	78.59	2960	72	8112
1443	3363706	4294984282	2781	30074106	142.81	48258731	0	89.00	49965538	142255	227492612	18.88	NA	NA	NA	10692	54619599	78.63	5173	52	5440
1444	3594022	4298578304	8501	30082607	142.89	48258731	0	89.07	49965538	176403	227669015	18.88	NA	NA	NA	34648	54654247	78.65	5192	78	29351
1445	3172868	4301751172	1204	30083811	142.99	48258731	0	89.14	49965538	132937	227801952	18.88	NA	NA	NA	3582	54657829	78.70	1298	49	2208
1446	2649434	4304400606	829	30084640	143.08	48258731	0	89.19	49965538	100249	227902201	18.89	NA	NA	NA	5293	54663122	78.74	3828	43	1395
1447	3112031	4307512637	6086	30090726	143.15	48258731	0	89.26	50065052	171665	228073866	18.89	NA	NA	NA	48933	54712055	78.73	2090	145	46671
1448	2141636	4309654273	1084	30091810	143.22	48258731	0	89.30	50065052	87877	228161743	18.89	NA	NA	NA	2431	54714486	78.77	83	43	2278
1449	2121415	4311775688	1504	30093314	143.28	48258731	0	89.35	50065052	92563	228254306	18.89	NA	NA	NA	10054	54724540	78.79	4230	52	5745
1450	2791458	4314567146	3217	30096531	143.36	48258731	0	89.40	50065052	128674	228382980	18.89	NA	NA	NA	16787	54741327	78.82	837	85	15838
1451	849122	4315416268	611	30097142	143.38	48258731	0	89.42	50065052	35890	228418870	18.89	NA	NA	NA	1937	54743264	78.83	45	37	1828
1452	2649776	4318066044	3196	30100338	143.46	48258731	0	89.48	50065052	102757	228521627	18.90	NA	NA	NA	5849	54749113	78.87	383	55	5384
1453	1866444	4319932488	3757	30104095	143.50	48258731	0	89.52	50065052	84665	228606292	18.90	NA	NA	NA	7315	54756428	78.89	49	46	7193
1454	1909990	4321842478	2788	30106883	143.55	48258731	0	89.56	50065052	84981	228691273	18.90	NA	NA	NA	3246	54759674	78.92	97	74	3048
1455	2187274	4324029752	4739	30111622	143.60	48258731	0	89.60	50108710	120748	228812021	18.90	NA	NA	NA	26694	54786368	78.93	122	58	26487
1456	3487238	4327516990	1069250	31180872	138.79	48258731	0	89.67	50108710	231788	229043809	18.89	NA	NA	NA	102309	54888677	78.84	392	212	101678
1457	2268645	4329785635	5587	31186459	138.84	48258731	0	89.72	50108710	96420	229140229	18.90	NA	NA	NA	13049	54901726	78.86	4349	109	8564
1458	3189551	4332975186	5736	31192195	138.91	48258731	0	89.79	50108710	129725	229269954	18.90	NA	NA	NA	13381	54915107	78.90	598	117	12639
1459	3081547	4336056733	6509	31198704	138.98	48258731	0	89.85	50108710	168808	229438762	18.90	NA	NA	NA	44964	54960071	78.89	418	75	44444
1460	2780666	4338837399	3807	31202511	139.05	48258731	0	89.91	50108710	171322	229610084	18.90	NA	NA	NA	40528	55000599	78.89	740	213	39548
1461	2386426	4341223825	2520	31205031	139.12	48258731	0	89.96	50108710	109519	229719603	18.90	NA	NA	NA	16771	55017370	78.91	3906	52	12786
1462	1834700	4343058525	931	31205962	139.17	48258731	0	90.00	50108710	82346	229801949	18.90	NA	NA	NA	6575	55023945	78.93	3998	31	2519
1463	2008534	4345067059	402	31206364	139.24	48258731	0	90.04	50258782	85443	229887392	18.90	NA	NA	NA	988	55024933	78.97	39	34	888
1464	2773161	4347840220	14748	31221112	139.26	48258731	0	90.09	50258782	189061	230076453	18.90	NA	NA	NA	70632	55095565	78.91	160	79	70366
1465	2277080	4350117300	2012	31223124	139.32	48258731	0	90.14	50258782	102322	230178775	18.90	NA	NA	NA	9395	55104960	78.94	77	58	9233
1466	2137024	4352254324	525	31223649	139.39	48258731	0	90.19	50258782	93530	230272305	18.90	NA	NA	NA	8859	55113819	78.97	3981	34	4817
1467	1088295	4353342619	583	31224232	139.42	48258731	0	90.21	50258782	48033	230320338	18.90	NA	NA	NA	2693	55116512	78.98	585	37	2044
1468	1887669	4355230288	581	31224813	139.48	48258731	0	90.25	50258782	82950	230403288	18.90	NA	NA	NA	2280	55118792	79.02	439	37	1777
1469	1649567	4356879855	477	31225290	139.53	48258731	0	90.28	50258782	76158	230479446	18.90	NA	NA	NA	1778	55120570	79.04	41	34	1676
1470	1940090	4358819945	1236	31226526	139.59	48258731	0	90.32	50258782	88311	230567757	18.90	NA	NA	NA	7315	55127885	79.07	591	37	6660
1471	2045030	4360864975	1247	31227773	139.65	48258731	0	90.36	50323131	88617	230656374	18.91	NA	NA	NA	6616	55134501	79.10	2450	73	4066
1472	2313026	4363178001	640	31228413	139.72	48258731	0	90.41	50323131	89456	230745830	18.91	NA	NA	NA	1528	55136029	79.13	168	43	1290
1473	2060065	4365238066	281	31228694	139.78	48258731	0	90.45	50323131	84140	230829970	18.91	NA	NA	NA	486	55136515	79.17	74	40	345
1474	2240109	4367478175	325	31229019	139.85	48258731	0	90.50	50323131	89037	230919007	18.91	NA	NA	NA	1247	55137762	79.21	120	40	1060
1475	2006795	4369484970	278	31229297	139.92	48258731	0	90.54	50323131	84851	231003858	18.92	NA	NA	NA	509	55138271	79.25	39	34	409
1476	944669	4370429639	647	31229944	139.94	48258731	0	90.56	50323131	39789	231043647	18.92	NA	NA	NA	1170	55139441	79.26	81	58	1004
1477	3076610	4373506249	2943	31232887	140.03	48258731	0	90.63	50323131	120924	231164571	18.92	NA	NA	NA	28683	55168124	79.28	110	46	28500
1478	2509962	4376016211	3146	31236033	140.10	48258731	0	90.68	50323131	119379	231283950	18.92	NA	NA	NA	22198	55190322	79.29	87	64	22020
1479	2077014	4378093225	889	31236922	140.16	48258731	0	90.72	50352445	86026	231369976	18.92	NA	NA	NA	7385	55197707	79.32	4088	34	3236
1480	2064054	4380157279	1070	31237992	140.22	48258731	0	90.76	50352445	86368	231456344	18.92	NA	NA	NA	5583	55203290	79.35	1852	52	3652
1481	2068407	4382225686	566	31238558	140.28	48258731	0	90.81	50352445	85332	231541676	18.93	NA	NA	NA	6517	55209807	79.37	4074	34	2382
1482	2770413	4384996099	1097	31239655	140.37	48258731	0	90.86	50352445	113249	231654925	18.93	NA	NA	NA	3820	55213627	79.42	551	46	3196
1483	2043427	4387039526	826	31240481	140.43	48258731	0	90.91	50352445	85427	231740352	18.93	NA	NA	NA	2891	55216518	79.45	55	46	2763
1484	2031948	4389071474	447	31240928	140.49	48258731	0	90.95	50352445	83767	231824119	18.93	NA	NA	NA	1431	55217949	79.49	80	40	1284
1485	2055549	4391127023	669	31241597	140.55	48258731	0	90.99	50352445	85050	231909169	18.93	NA	NA	NA	4054	55222003	79.52	1863	46	2118
1486	2323421	4393450444	1326	31242923	140.62	48258731	0	91.04	50352445	95033	232004202	18.94	NA	NA	NA	4722	55226725	79.55	197	75	4423
1487	2027514	4395477958	313	31243236	140.69	48258731	0	91.08	50364671	85937	232090139	18.94	NA	NA	NA	2512	55229237	79.59	1849	37	599
1488	2674304	4398152262	600	31243836	140.77	48258731	0	91.14	50364671	107439	232197578	18.94	NA	NA	NA	4673	55233910	79.63	2483	46	2117
1489	62119	4398214381	1677	31245513	140.76	48258731	0	91.14	50364671	3166	232200744	18.94	NA	NA	NA	2202	55236112	79.63	536	89	1550
1490	1413083	4399627464	4224	31249737	140.79	48258731	0	91.17	50364671	73449	232274193	18.94	NA	NA	NA	18323	55254435	79.62	2659	232	15405
1491	2988450	4402615914	6656	31256393	140.85	48258731	0	91.23	50364671	125103	232399296	18.94	NA	NA	NA	23172	55277607	79.65	3988	551	18606
1492	2988167	4405604081	1713	31258106	140.94	48258731	0	91.29	50364671	109981	232509277	18.95	NA	NA	NA	10118	55287725	79.69	4050	70	5971
1493	2999996	4408604077	2694	31260800	141.03	48258731	0	91.35	50364671	114254	232623531	18.95	NA	NA	NA	13021	55300746	79.72	4093	116	8785
1494	2974645	4411578722	1137	31261937	141.12	48258731	0	91.42	50364671	107799	232731330	18.96	NA	NA	NA	8057	55308803	79.76	4062	74	3894
1495	2996683	4414575405	2002	31263939	141.20	48258731	0	91.48	50497441	113313	232844643	18.96	NA	NA	NA	8524	55317327	79.80	95	86	8316
1496	2971365	4417546770	578	31264517	141.30	48258731	0	91.54	50497441	106078	232950721	18.96	NA	NA	NA	2750	55320077	79.85	39	34	2650
1497	2975181	4420521951	1008	31265525	141.39	48258731	0	91.60	50497441	106935	233057656	18.97	NA	NA	NA	3619	55323696	79.90	78	71	3443
1498	208	4420522159	123	31265648	141.39	48258731	0	91.60	50497441	83	233057739	18.97	NA	NA	NA	142	55323838	79.90	17	16	82
1499	3495732	4424017891	2303	31267951	141.49	48258731	0	91.67	50497441	140150	233197889	18.97	NA	NA	NA	14186	55338024	79.95	5080	123	8956
1500	2978179	4426996070	1171	31269122	141.58	48258731	0	91.73	50497441	108107	233305996	18.98	NA	NA	NA	8341	55346365	79.99	4020	91	4203
1501	3004952	4430001022	2235	31271357	141.66	48258731	0	91.80	50497441	112927	233418923	18.98	NA	NA	NA	12683	55359048	80.02	4048	108	8500
1502	2972386	4432973408	816	31272173	141.75	48258731	0	91.86	50497441	107135	233526058	18.98	NA	NA	NA	7427	55366475	80.07	4067	34	3299
1503	2977216	4435950624	613	31272786	141.85	48258731	0	91.92	50528955	108032	233634090	18.99	NA	NA	NA	3887	55370362	80.11	31	28	3801
1504	2252241	4438202865	371	31273157	141.92	48258731	0	91.97	50528955	69186	233703276	18.99	NA	NA	NA	2986	55373348	80.15	2536	34	389
1505	2258818	4440461683	532	31273689	141.99	48258731	0	92.01	50528955	70996	233774272	18.99	NA	NA	NA	4476	55377824	80.18	2728	40	1681
1506	2968765	4443430448	617	31274306	142.08	48258731	0	92.08	50528955	106018	233880290	19.00	NA	NA	NA	2786	55380610	80.23	40	37	2682
1507	3018857	4446449305	454	31274760	142.17	48258731	0	92.14	50528955	128701	234008991	19.00	NA	NA	NA	18779	55399389	80.26	28	25	18699
1508	2994121	4449443426	1569	31276329	142.26	48258731	0	92.20	50528955	111708	234120699	19.00	NA	NA	NA	7318	55406707	80.31	84	81	7126
1509	3031075	4452474501	5184	31281513	142.34	48258731	0	92.26	50528955	116165	234236864	19.01	NA	NA	NA	5867	55412574	80.35	25	22	5793
1510	2972666	4455447167	862	31282375	142.43	48258731	0	92.32	50528955	106523	234343387	19.01	NA	NA	NA	3462	55416036	80.40	51	46	3338
1511	2973532	4458420699	802	31283177	142.52	48258731	0	92.39	50563160	106536	234449923	19.02	NA	NA	NA	3320	55419356	80.45	58	49	3186
1512	2964323	4461385022	259	31283436	142.61	48258731	0	92.45	50563160	104328	234554251	19.02	NA	NA	NA	1496	55420852	80.50	25	22	1422
1513	1334124	4462719146	4246	31287682	142.64	48258731	0	92.47	50563160	73263	234627514	19.02	NA	NA	NA	19571	55440423	80.50	2566	318	16660
1514	3111818	4465830964	25451	31313133	142.62	48258731	0	92.54	50563160	197710	234825224	19.02	NA	NA	NA	70466	55510889	80.45	7007	1315	62117
1515	3193369	4469024333	9020	31322153	142.68	48258731	0	92.61	50563160	176013	235001237	19.02	NA	NA	NA	43436	55554325	80.44	7367	657	35385
1516	2963841	4471988174	6451	31328604	142.74	48258731	0	92.67	50563160	147605	235148842	19.02	NA	NA	NA	22998	55577323	80.46	6849	131	15991
1517	2919756	4474907930	1842	31330446	142.83	48258731	0	92.73	50563160	131619	235280461	19.02	NA	NA	NA	5394	55582717	80.51	1857	119	3391
1518	2881244	4477789174	2938	31333384	142.91	48258731	0	92.79	50563160	144125	235424586	19.02	NA	NA	NA	13463	55596180	80.54	217	211	13008
1519	3315266	4481104440	11821	31345205	142.96	48258731	0	92.86	50819953	209000	235633586	19.02	NA	NA	NA	63646	55659826	80.51	7683	647	55289
1520	3077491	4484181931	8260	31353465	143.02	48258731	0	92.92	50819953	173714	235807300	19.02	NA	NA	NA	31478	55691304	80.52	890	509	30052
1521	2895424	4487077355	2454	31355919	143.10	48258731	0	92.98	50819953	146608	235953908	19.02	NA	NA	NA	16430	55707734	80.55	1782	136	14485
1522	3043474	4490120829	4059	31359978	143.18	48258731	0	93.04	50819953	161785	236115693	19.02	NA	NA	NA	23978	55731712	80.57	2008	131	21812
1523	2955928	4493076757	4170	31364148	143.26	48258731	0	93.10	50819953	153205	236268898	19.02	NA	NA	NA	19476	55751188	80.59	2092	330	17027
1524	2793784	4495870541	185	31364333	143.34	48258731	0	93.16	50819953	123357	236392255	19.02	NA	NA	NA	230	55751418	80.64	28	25	150
1525	2836636	4498707177	710	31365043	143.43	48258731	0	93.22	50819953	126096	236518351	19.02	NA	NA	NA	1237	55752655	80.69	47	37	1126
1526	2866204	4501573381	1084	31366127	143.52	48258731	0	93.28	50819953	129895	236648246	19.02	NA	NA	NA	10213	55762868	80.73	6799	77	3310
1527	2142709	4503716090	753	31366880	143.58	48258731	0	93.32	50880434	92860	236741106	19.02	NA	NA	NA	2298	55765166	80.76	61	55	2155
1528	2163900	4505879990	2347	31369227	143.64	48258731	0	93.37	50880434	96836	236837942	19.03	NA	NA	NA	5462	55770628	80.79	276	260	4899
1529	2804813	4508684803	703	31369930	143.73	48258731	0	93.43	50880434	127137	236965079	19.03	NA	NA	NA	3126	55773754	80.84	64	61	2974
1530	3003200	4511688003	6844	31376774	143.79	48258731	0	93.49	50880434	161354	237126433	19.03	NA	NA	NA	32040	55805794	80.85	6959	334	24720
1531	2969842	4514657845	2480	31379254	143.87	48258731	0	93.55	50880434	140639	237267072	19.03	NA	NA	NA	9232	55815026	80.89	443	209	8553
1532	1067592	4515725437	4001	31383255	143.89	48258731	0	93.57	50880434	68041	237335113	19.03	NA	NA	NA	19532	55834558	80.88	1108	158	18239
1533	2200207	4517925644	3253	31386508	143.94	48258731	0	93.62	50880434	106652	237441765	19.03	NA	NA	NA	12303	55846861	80.90	189	173	11914
1534	4010724	4521936368	37929	31424437	143.90	48258731	0	93.70	50880434	557269	237999034	19.00	NA	NA	NA	401285	56248146	80.39	7166	2300	391792
1535	2169993	4524106361	5422	31429859	143.94	48258731	0	93.75	51283959	117405	238116439	19.00	NA	NA	NA	23741	56271887	80.40	3828	80	19806
1536	2112897	4526219258	888	31430747	144.01	48258731	0	93.79	51283959	99743	238216182	19.00	NA	NA	NA	9149	56281036	80.42	4486	52	4584
1537	2122550	4528341808	1031	31431778	144.07	48258731	0	93.83	51283959	101000	238317182	19.00	NA	NA	NA	10228	56291264	80.44	4443	22	5736
1538	1462737	4529804545	3262	31435040	144.10	48258731	0	93.86	51283959	71504	238388686	19.00	NA	NA	NA	14763	56306027	80.45	2626	251	11859
1539	1859480	4531664025	7074	31442114	144.13	49988438	1	90.65	51283959	154022	238542708	19.00	NA	NA	NA	73736	56379763	80.38	2601	165	70943
1540	47058	4531711083	378	31442492	144.13	49988438	0	90.66	51283959	3638	238546346	19.00	NA	NA	NA	3037	56382800	80.37	40	34	2936
1541	174799	4531885882	322	31442814	144.13	49988438	0	90.66	51283959	12480	238558826	19.00	NA	NA	NA	8917	56391717	80.36	43	37	8810
1542	1432720	4533318602	561	31443375	144.17	49988438	0	90.69	51283959	61265	238620091	19.00	NA	NA	NA	3144	56394861	80.39	2461	37	619
1543	1591369	4534909971	4486	31447861	144.20	49988438	0	90.72	51371954	91630	238711721	19.00	NA	NA	NA	29334	56424195	80.37	2516	81	26710
1544	1433303	4536343274	266	31448127	144.25	49988438	0	90.75	51371954	61360	238773081	19.00	NA	NA	NA	521	56424716	80.40	40	31	423
1545	1544143	4537887417	1893	31450020	144.29	49988438	0	90.78	51371954	76137	238849218	19.00	NA	NA	NA	14199	56438915	80.40	154	106	13912
1546	383	4537887800	152	31450172	144.29	49988438	0	90.78	51371954	113	238849331	19.00	NA	NA	NA	171	56439086	80.40	26	22	96
1547	1428130	4539315930	224	31450396	144.33	49988438	0	90.81	51371954	61684	238911015	19.00	NA	NA	NA	851	56439937	80.43	36	28	760
1548	4092294	4543408224	27548	31477944	144.34	49988438	0	90.89	51371954	230057	239141072	19.00	NA	NA	NA	73675	56513612	80.39	5967	1269	66412
1549	4100088	4547508312	589	31478533	144.46	49988438	0	90.97	51371954	160511	239301583	19.00	NA	NA	NA	9711	56523323	80.45	7080	37	2567
1550	2148312	4549656624	1442	31479975	144.53	49988438	0	91.01	51371954	97117	239398700	19.00	NA	NA	NA	6168	56529491	80.48	4981	133	1027
1551	3935199	4553591823	8389	31488364	144.61	49988438	0	91.09	51435263	154013	239552713	19.01	NA	NA	NA	9798	56539289	80.54	1566	549	7656
1552	3589410	4557181233	2052	31490416	144.72	49988438	0	91.16	51435263	145724	239698437	19.01	NA	NA	NA	5530	56544819	80.59	1120	213	4170
1553	3629652	4560810885	2710	31493126	144.82	49988438	0	91.24	51435263	147579	239846016	19.02	NA	NA	NA	11474	56556293	80.64	5761	131	5555
1554	3478876	4564289761	305	31493431	144.93	49988438	0	91.31	51435263	136348	239982364	19.02	NA	NA	NA	1547	56557840	80.70	924	37	559
1555	4069001	4568358762	10003	31503434	145.01	49988438	0	91.39	51435263	158251	240140615	19.02	NA	NA	NA	11977	56569817	80.76	729	685	10536
1556	1863457	4570222219	385	31503819	145.07	49988438	0	91.43	51435263	88412	240229027	19.02	NA	NA	NA	1144	56570961	80.79	37	28	1052
1557	1864675	4572086894	433	31504252	145.13	49988438	0	91.46	51435263	88171	240317198	19.03	NA	NA	NA	836	56571797	80.82	66	55	688
1558	3478196	4575565090	257	31504509	145.24	49988438	0	91.53	51435263	136137	240453335	19.03	NA	NA	NA	5900	56577697	80.87	5422	31	420
1559	1856441	4577421531	236	31504745	145.29	49988438	0	91.57	51465097	87373	240540708	19.03	NA	NA	NA	452	56578149	80.90	28	25	372
1560	4151161	4581572692	1232	31505977	145.42	49988438	0	91.65	51465097	164468	240705176	19.03	NA	NA	NA	5713	56583862	80.97	1662	113	3911
1561	4129868	4585702560	966	31506943	145.55	49988438	0	91.74	51465097	160309	240865485	19.04	NA	NA	NA	4869	56588731	81.04	2687	136	2019
1562	4066001	4589768561	9502	31516445	145.63	49988438	0	91.82	51465097	168101	241033586	19.04	NA	NA	NA	17376	56606107	81.08	1069	493	15787
1563	5141412	4594909973	43113	31559558	145.59	49988438	0	91.92	51465097	347125	241380711	19.04	NA	NA	NA	155921	56762028	80.95	3218	2840	149836
1564	5893757	4600803730	74648	31634206	145.44	49988438	0	92.04	51465097	328270	241708981	19.03	NA	NA	NA	170467	56932495	80.81	4118	3877	162445
1565	1860307	4602664037	502	31634708	145.49	49988438	0	92.07	51465097	87518	241796499	19.04	NA	NA	NA	894	56933389	80.84	115	89	663
1566	5302471	4607966508	52477	31687185	145.42	49988438	0	92.18	51465097	240580	242037079	19.04	NA	NA	NA	93581	57026970	80.80	7649	3260	82645
1567	5250413	4613216921	4769	31691954	145.56	49988438	0	92.29	51669360	209102	242246181	19.04	NA	NA	NA	19432	57046402	80.87	10366	204	8835
1568	5480545	4618697466	667408	32359362	142.73	49988438	0	92.40	51669360	213288	242459469	19.05	NA	NA	NA	5565	57051967	80.96	727	113	4698
1569	5483063	4624180529	1267	32360629	142.90	49988438	0	92.51	51669360	213920	242673389	19.06	NA	NA	NA	4792	57056759	81.05	652	98	4015
1570	5486377	4629666906	2678	32363307	143.05	49988438	0	92.61	51669360	212380	242885769	19.06	NA	NA	NA	4602	57061361	81.13	205	179	4191
1571	5421184	4635088090	1411	32364718	143.21	49988438	0	92.72	51669360	212765	243098534	19.07	NA	NA	NA	17982	57079343	81.20	10516	106	7333
1572	5153027	4640241117	794	32365512	143.37	49988438	0	92.83	51669360	204320	243302854	19.07	NA	NA	NA	4649	57083992	81.29	91	46	4485
1573	5961806	4646202923	13555	32379067	143.49	49988438	0	92.95	51669360	246273	243549127	19.08	NA	NA	NA	34954	57118946	81.34	1163	485	33279
1574	5996222	4652199145	4540	32383607	143.66	49988438	0	93.07	51669360	228607	243777734	19.08	NA	NA	NA	11065	57130011	81.43	1391	279	9368
1575	5135039	4657334184	339	32383946	143.82	49988438	0	93.17	51707109	200022	243977756	19.09	NA	NA	NA	2000	57132011	81.52	28	22	1923
1576	5213858	4662548042	712	32384658	143.97	49988438	0	93.27	51707109	202614	244180370	19.09	NA	NA	NA	12324	57144335	81.59	9969	75	2253
1577	5124986	4667673028	305	32384963	144.13	49988438	0	93.38	51707109	198696	244379066	19.10	NA	NA	NA	1448	57145783	81.68	28	25	1368
1578	5143633	4672816661	1495	32386458	144.28	49988438	0	93.48	51707109	200122	244579188	19.11	NA	NA	NA	2980	57148763	81.77	54	49	2850
1579	4520846	4677337507	7483	32393941	144.39	49988438	0	93.57	51707109	182155	244761343	19.11	NA	NA	NA	30172	57178935	81.80	1544	1496	27105
1580	4958355	4682295862	5212	32399153	144.52	49988438	0	93.67	51707109	194335	244955678	19.11	NA	NA	NA	31656	57210591	81.84	9162	1082	21385
1581	5051547	4687347409	2876	32402029	144.66	49988438	0	93.77	51707109	195723	245151401	19.12	NA	NA	NA	5757	57216348	81.92	1408	212	4110
1582	5618595	4692966004	24901	32426930	144.72	49988438	0	93.88	51707109	221253	245372654	19.13	NA	NA	NA	39620	57255968	81.96	2339	1107	36147
1583	4964660	4697930664	519	32427449	144.88	49988438	0	93.98	51734238	192872	245565526	19.13	NA	NA	NA	3550	57259518	82.05	1254	40	2229
1584	5231082	4703161746	10349	32437798	144.99	49988438	0	94.08	51734238	207213	245772739	19.14	NA	NA	NA	15692	57275210	82.12	1796	429	13440
1585	5027283	4708189029	2031	32439829	145.14	49988438	0	94.19	51734238	202034	245974773	19.14	NA	NA	NA	9533	57284743	82.19	81	74	9351
1586	5622464	4713811493	1630	32441459	145.30	49988438	0	94.30	51734238	214603	246189376	19.15	NA	NA	NA	6714	57291457	82.28	2081	123	4483
1587	4963102	4718774595	478	32441937	145.45	49988438	0	94.40	51734238	191393	246380769	19.15	NA	NA	NA	11145	57302602	82.35	9399	25	1694
1588	5020876	4723795471	330	32442267	145.61	49988438	0	94.50	51734238	193582	246574351	19.16	NA	NA	NA	10324	57312926	82.42	9629	31	637
1589	4408190	4728203661	705	32442972	145.74	49988438	0	94.59	51734238	175581	246749932	19.16	NA	NA	NA	12390	57325316	82.48	8005	52	4306
1590	4394982	4732598643	317	32443289	145.87	49988438	0	94.67	51734238	170536	246920468	19.17	NA	NA	NA	9521	57334837	82.54	7983	28	1483
1591	5324223	4737922866	23815	32467104	145.93	49988438	0	94.78	51766442	216557	247137025	19.17	NA	NA	NA	70959	57405796	82.53	3464	3419	64049
1592	2198776	4740121642	977	32468081	145.99	49988438	0	94.82	51766442	91295	247228320	19.17	NA	NA	NA	9162	57414958	82.56	4453	31	4651
1593	2910806	4743032448	2215	32470296	146.07	49988438	0	94.88	51766442	102136	247330456	19.18	NA	NA	NA	8764	57423722	82.60	3438	144	5155
1594	2885908	4745918356	422	32470718	146.16	49988438	0	94.94	51766442	98404	247428860	19.18	NA	NA	NA	2235	57425957	82.64	1582	61	565
1595	1750334	4747668690	3290	32474008	146.20	49988438	0	94.98	51766442	58357	247487217	19.18	NA	NA	NA	10848	57436805	82.66	1868	458	8495
1596	3010987	4750679677	6192	32480200	146.26	49988438	0	95.04	51766442	119582	247606799	19.19	NA	NA	NA	20650	57457455	82.68	4218	948	15457
1597	195360	4750875037	270	32480470	146.27	49988438	0	95.04	51766442	8712	247615511	19.19	NA	NA	NA	1908	57459363	82.68	512	25	1344
1598	1836271	4752711308	5420	32485890	146.30	49988438	0	95.08	51766442	84748	247700259	19.19	NA	NA	NA	11232	57470595	82.70	1560	195	9450
1599	1836419	4754547727	256	32486146	146.36	49988438	0	95.11	51831258	81469	247781728	19.19	NA	NA	NA	4722	57475317	82.72	4118	25	552
1600	2274309	4756822036	19293	32505439	146.34	49988438	0	95.16	51831258	200638	247982366	19.18	NA	NA	NA	89331	57564648	82.63	1907	751	86646
1601	2232836	4759054872	2565	32508004	146.40	49988438	0	95.20	51831258	104568	248086934	19.18	NA	NA	NA	13731	57578379	82.65	4825	131	8748
1602	2801412	4761856284	22716	32530720	146.38	49988438	0	95.26	51831258	191195	248278129	19.18	NA	NA	NA	73627	57652006	82.60	7947	3069	62584
1603	1786267	4763642551	1448	32532168	146.43	49988438	0	95.29	51831258	79247	248357376	19.18	NA	NA	NA	1711	57653717	82.63	190	125	1369
1604	2992729	4766635280	6933	32539101	146.49	49988438	0	95.35	51831258	207237	248564613	19.18	NA	NA	NA	70704	57724421	82.58	5506	129	65042
1605	2349154	4768984434	4420	32543521	146.54	49988438	0	95.40	51831258	124504	248689117	19.18	NA	NA	NA	24274	57748695	82.58	4955	166	19126
1606	2259651	4771244085	1100	32544621	146.61	49988438	0	95.45	51831258	110372	248799489	19.18	NA	NA	NA	11913	57760608	82.60	67	40	11779
1607	2133543	4773377628	415	32545036	146.67	49988438	0	95.49	51987370	92789	248892278	19.18	NA	NA	NA	5836	57766444	82.63	4618	25	1166
1608	2299413	4775677041	2591	32547627	146.73	49988438	0	95.54	51987370	116948	249009226	19.18	NA	NA	NA	16917	57783361	82.65	837	109	15944
1609	2267898	4777944939	1341	32548968	146.79	49988438	0	95.58	51987370	98728	249107954	19.18	NA	NA	NA	9015	57792376	82.67	5025	123	3840
1610	2327327	4780272266	3261	32552229	146.85	49988438	0	95.63	51987370	122707	249230661	19.18	NA	NA	NA	25045	57817421	82.68	4944	134	19940
1611	2269791	4782542057	414	32552643	146.92	49988438	0	95.67	51987370	98942	249329603	19.18	NA	NA	NA	6518	57823939	82.71	4878	22	1591
1612	2289067	4784831124	1248	32553891	146.98	49988438	0	95.72	51987370	104062	249433665	19.18	NA	NA	NA	10552	57834491	82.73	4989	124	5412
1613	3079407	4787910531	12188	32566079	147.02	49988438	0	95.78	51987370	243738	249677403	19.18	NA	NA	NA	94301	57928792	82.65	1256	331	92687
1614	1784649	4789695180	459	32566538	147.07	49988438	0	95.82	51987370	80375	249757778	19.18	NA	NA	NA	1669	57930461	82.68	49	43	1550
1615	2617891	4792313071	33016	32599554	147.01	49988438	0	95.87	52076493	120518	249878296	19.18	NA	NA	NA	43487	57973948	82.66	4255	767	38438
1616	2737522	4795050593	1506	32601060	147.08	49988438	0	95.92	52076493	123451	250001747	19.18	NA	NA	NA	8504	57982452	82.70	6516	77	1884
1617	2659568	4797710161	1933	32602993	147.16	49988438	0	95.98	52076493	129732	250131479	19.18	NA	NA	NA	15532	57997984	82.72	6008	79	9418
1618	2663388	4800373549	1444	32604437	147.23	49988438	0	96.03	52076493	126951	250258430	19.18	NA	NA	NA	13000	58010984	82.75	5624	52	7297
1619	2617842	4802991391	385	32604822	147.31	49988438	0	96.08	52076493	117214	250375644	19.18	NA	NA	NA	6457	58017441	82.79	5621	34	775
1620	2202865	4805194256	1402	32606224	147.37	49988438	0	96.13	52076493	99656	250475300	19.18	NA	NA	NA	5157	58022598	82.82	198	116	4816
1621	2231007	4807425263	2747	32608971	147.43	49988438	0	96.17	52076493	104844	250580144	19.19	NA	NA	NA	10839	58033437	82.84	718	73	10021
1622	2129377	4809554640	257	32609228	147.49	49988438	0	96.21	52076493	91844	250671988	19.19	NA	NA	NA	594	58034031	82.87	34	25	508
1623	2687642	4812242282	1791	32611019	147.56	49988438	0	96.27	52109298	137150	250809138	19.19	NA	NA	NA	19168	58053199	82.89	6059	96	12986
1624	2891778	4815134060	4519	32615538	147.63	49988438	0	96.32	52109298	150892	250960030	19.19	NA	NA	NA	22193	58075392	82.91	5844	136	16186
1625	2278138	4817412198	958	32616496	147.70	49988438	0	96.37	52109298	100534	251060564	19.19	NA	NA	NA	3193	58078585	82.95	388	102	2676
1626	2180549	4819592747	675	32617171	147.76	49988438	0	96.41	52109298	98149	251158713	19.19	NA	NA	NA	8654	58087239	82.97	4767	46	3814
1627	2258444	4821851191	1242	32618413	147.83	49988438	0	96.46	52109298	107504	251266217	19.19	NA	NA	NA	14210	58101449	82.99	4769	49	9365
1628	47986	4821899177	543	32618956	147.83	49988438	0	96.46	52109298	2155	251268372	19.19	NA	NA	NA	868	58102317	82.99	312	58	471
1629	917771	4822816948	381	32619337	147.85	49988438	0	96.48	52109298	48383	251316755	19.19	NA	NA	NA	5706	58108023	83.00	2272	37	3370
1630	1418782	4824235730	2234	32621571	147.88	49988438	0	96.51	52109298	113449	251430204	19.19	NA	NA	NA	35841	58143864	82.97	3020	160	32634
1631	1735859	4825971589	3018	32624589	147.92	49988438	0	96.54	52176579	116822	251547026	19.19	NA	NA	NA	31793	58175657	82.96	2896	77	28793
1632	3508291	4829479880	33747	32658336	147.88	49988438	0	96.61	52176579	264136	251811162	19.18	NA	NA	NA	118158	58293815	82.85	5707	1237	111187
1633	1832693	4831312573	380	32658716	147.93	49988438	0	96.65	52176579	86599	251897761	19.18	NA	NA	NA	3257	58297072	82.87	2231	43	956
1634	1455894	4832768467	347	32659063	147.98	49988438	0	96.68	52176579	69788	251967549	19.18	NA	NA	NA	3891	58300963	82.89	3333	43	488
1635	2884024	4835652491	17012	32676075	147.99	49988438	0	96.74	52176579	206542	252174091	19.18	NA	NA	NA	78020	58378983	82.83	4907	402	72684
1636	2053935	4837706426	1152	32677227	148.05	49988438	0	96.78	52176579	100330	252274421	19.18	NA	NA	NA	9121	58388104	82.85	4194	94	4806
1637	188	4837706614	113	32677340	148.04	49988438	0	96.78	52176579	79	252274500	19.18	NA	NA	NA	132	58388236	82.85	17	16	72
1638	228866	4837935480	2852	32680192	148.04	49988438	0	96.78	52176579	28984	252303484	19.18	NA	NA	NA	17231	58405467	82.83	529	246	16429
1639	886728	4838822208	3457	32683649	148.05	49988438	0	96.80	52295934	57933	252361417	19.17	NA	NA	NA	16884	58422351	82.82	2522	213	14122
1640	1777292	4840599500	3217	32686866	148.09	49988438	0	96.83	52295934	92990	252454407	19.17	NA	NA	NA	17358	58439709	82.83	2496	139	14696
1641	38651	4840638151	535	32687401	148.09	49988438	0	96.84	52295934	3029	252457436	19.17	NA	NA	NA	1784	58441493	82.83	186	55	1516
1642	916820	4841554971	2542	32689943	148.11	49988438	0	96.85	52295934	48752	252506188	19.17	NA	NA	NA	9301	58450794	82.83	2502	103	6669
1643	922464	4842477435	2113	32692056	148.12	49988438	0	96.87	52295934	51214	252557402	19.17	NA	NA	NA	10116	58460910	82.83	2687	157	7245
1644	226357	4842703792	955	32693011	148.13	49988438	0	96.88	52295934	12210	252569612	19.17	NA	NA	NA	4050	58464960	82.83	691	73	3259
1645	24640	4842728432	138	32693149	148.13	49988438	0	96.88	52295934	804	252570416	19.17	NA	NA	NA	168	58465128	82.83	28	22	91
1646	849441	4843577873	490	32693639	148.15	49988438	0	96.89	52295934	38950	252609366	19.17	NA	NA	NA	3303	58468431	82.84	2550	37	689
1647	864064	4844441937	786	32694425	148.17	49988438	0	96.91	52322132	44244	252653610	19.17	NA	NA	NA	5115	58473546	82.85	884	46	4158
1648	721057	4845162994	255	32694680	148.19	49988438	0	96.93	52322132	33575	252687185	19.17	NA	NA	NA	2574	58476120	82.86	2171	25	351
1649	69935	4845232929	527	32695207	148.19	49988438	0	96.93	52322132	3060	252690245	19.17	NA	NA	NA	1055	58477175	82.86	448	61	519
1650	859838	4846092767	806	32696013	148.22	49988438	0	96.94	52322132	41179	252731424	19.17	NA	NA	NA	3047	58480222	82.87	975	83	1962
1651	247831	4846340598	464	32696477	148.22	50928109	1	95.16	52322132	10426	252741850	19.18	NA	NA	NA	1928	58482150	82.87	961	55	885
1652	218034	4846558632	465	32696942	148.23	50928109	0	95.16	52322132	8361	252750211	19.18	NA	NA	NA	1428	58483578	82.87	569	37	795
1653	888185	4847446817	734	32697676	148.25	50928109	0	95.18	52322132	40993	252791204	19.18	NA	NA	NA	3572	58487150	82.88	2689	71	785
1654	898346	4848345163	889	32698565	148.27	50928109	0	95.20	52322132	45019	252836223	19.18	NA	NA	NA	6037	58493187	82.89	2651	85	3274
1655	891650	4849236813	710	32699275	148.30	50928109	0	95.22	52329351	41903	252878126	19.18	NA	NA	NA	4003	58497190	82.90	2737	120	1119
1656	1750177	4850986990	1246	32700521	148.35	50928109	0	95.25	52329351	81535	252959661	19.18	NA	NA	NA	4155	58501345	82.92	1810	64	2254
1657	178	4850987168	108	32700629	148.35	50928109	0	95.25	52329351	74	252959735	19.18	NA	NA	NA	127	58501472	82.92	17	16	67
1658	1170295	4852157463	545	32701174	148.38	50928109	0	95.27	52329351	54109	253013844	19.18	NA	NA	NA	4993	58506465	82.93	2675	43	2248
1659	132468	4852289931	1960	32703134	148.37	50928109	0	95.28	52329351	8022	253021866	19.18	NA	NA	NA	3786	58510251	82.93	328	84	3347
1660	1202447	4853492378	2096	32705230	148.40	50928109	0	95.30	52329351	63959	253085825	19.18	NA	NA	NA	11699	58521950	82.93	2664	119	8889
1661	574695	4854067073	270	32705500	148.42	50928109	0	95.31	52329351	22137	253107962	19.18	NA	NA	NA	1752	58523702	82.94	1164	31	530
1662	909329	4854976402	1037	32706537	148.44	50928109	0	95.33	52329351	46574	253154536	19.18	NA	NA	NA	6568	58530270	82.95	2697	116	3728
1663	906095	4855882497	703	32707240	148.47	50928109	0	95.35	52346450	46488	253201024	19.18	NA	NA	NA	6318	58536588	82.95	2316	64	3911
1664	914060	4856796557	958	32708198	148.49	50928109	0	95.37	52346450	48380	253249404	19.18	NA	NA	NA	7976	58544564	82.96	2709	99	5141
1665	719194	4857515751	775	32708973	148.51	50928109	0	95.38	52346450	33508	253282912	19.18	NA	NA	NA	2737	58547301	82.97	1719	37	954
1666	118794	4857634545	1717	32710690	148.50	50928109	0	95.38	52346450	10094	253293006	19.18	NA	NA	NA	6153	58553454	82.96	483	152	5491
1667	61018	4857695563	226	32710916	148.50	50928109	0	95.38	52346450	2539	253295545	19.18	NA	NA	NA	758	58554212	82.96	444	19	268
1668	3103089	4860798652	51947	32762863	148.36	50928109	0	95.44	52346450	419369	253714914	19.16	NA	NA	NA	269901	58824113	82.63	6336	2008	261530
1669	2592173	4863390825	797	32763660	148.44	50928109	0	95.50	52346450	115702	253830616	19.16	NA	NA	NA	7728	58831841	82.67	5846	40	1815
1670	1881653	4865272478	887	32764547	148.49	50928109	0	95.53	52346450	84041	253914657	19.16	NA	NA	NA	2513	58834354	82.69	117	84	2285
1671	2277679	4867550157	3768	32768315	148.54	50928109	0	95.58	52536146	111452	254026109	19.16	NA	NA	NA	12434	58846788	82.72	1070	262	11075
1672	1984904	4869535061	4190	32772505	148.59	50928109	0	95.62	52536146	96052	254122161	19.16	NA	NA	NA	8466	58855254	82.74	396	208	7835
1673	1940957	4871476018	891	32773396	148.64	50928109	0	95.65	52536146	86919	254209080	19.16	NA	NA	NA	3031	58858285	82.77	86	80	2838
1674	1910655	4873386673	1340	32774736	148.69	50928109	0	95.69	52536146	88378	254297458	19.16	NA	NA	NA	5350	58863635	82.79	175	106	5042
1675	1924413	4875311086	1078	32775814	148.75	50928109	0	95.73	52536146	86917	254384375	19.17	NA	NA	NA	3774	58867409	82.82	131	79	3537
1676	2255132	4877566218	1367	32777181	148.81	50928109	0	95.77	52536146	105426	254489801	19.17	NA	NA	NA	7336	58874745	82.85	890	77	6342
1677	2683672	4880249890	11375	32788556	148.84	50928109	0	95.83	52536146	156082	254645883	19.16	NA	NA	NA	36888	58911633	82.84	1885	242	34734
1678	2035896	4882285786	391	32788947	148.90	50928109	0	95.87	52536146	88668	254734551	19.17	NA	NA	NA	1461	58913094	82.87	597	43	794
1679	2667648	4884953434	5077	32794024	148.96	50928109	0	95.92	52591141	143653	254878204	19.17	NA	NA	NA	22660	58935754	82.89	1692	249	20692
1680	2674125	4887627559	373829	33167853	147.36	50928109	0	95.97	52591141	135802	255014006	19.17	NA	NA	NA	16758	58952512	82.91	1683	258	14790
1681	2059047	4889686606	906	33168759	147.42	50928109	0	96.01	52591141	93141	255107147	19.17	NA	NA	NA	4501	58957013	82.94	688	83	3703
1682	2165639	4891852245	739	33169498	147.48	50928109	0	96.05	52591141	98404	255205551	19.17	NA	NA	NA	3767	58960780	82.97	1446	73	2221
1683	1944223	4893796468	692	33170190	147.54	50928109	0	96.09	52591141	85614	255291165	19.17	NA	NA	NA	1338	58962118	83.00	179	80	1052
1684	1875186	4895671654	747	33170937	147.59	50928109	0	96.13	52591141	83625	255374790	19.17	NA	NA	NA	2234	58964352	83.03	76	74	2057
1685	2768550	4898440204	18244	33189181	147.59	50928109	0	96.18	52591141	177686	255552476	19.17	NA	NA	NA	52500	59016852	83.00	5569	4820	42084
1686	2549554	4900989758	1828	33191009	147.66	50928109	0	96.23	52591141	119813	255672289	19.17	NA	NA	NA	8204	59025056	83.03	1194	64	6919
1687	2731353	4903721111	60445	33251454	147.47	50928109	0	96.29	52687719	167672	255839961	19.17	NA	NA	NA	94546	59119602	82.95	1760	1332	91427
1688	3966191	4907687302	21085	33272539	147.50	50928109	0	96.37	52687719	232804	256072765	19.17	NA	NA	NA	64657	59184259	82.92	10268	3452	50910
1689	3451948	4911139250	1603	33274142	147.60	50928109	0	96.43	52687719	164575	256237340	19.17	NA	NA	NA	15624	59199883	82.96	9926	80	5591
1690	3182922	4914322172	4692	33278834	147.67	50928109	0	96.50	52687719	162423	256399763	19.17	NA	NA	NA	20207	59220090	82.98	1825	189	18166
1691	2264884	4916587056	759	33279593	147.74	50928109	0	96.54	52687719	102439	256502202	19.17	NA	NA	NA	4085	59224175	83.02	737	43	3278
1692	2474802	4919061858	1551	33281144	147.80	50928109	0	96.59	52687719	117408	256619610	19.17	NA	NA	NA	8530	59232705	83.05	84	76	8343
1693	2233454	4921295312	242	33281386	147.87	50928109	0	96.63	52687719	97657	256717267	19.17	NA	NA	NA	409	59233114	83.08	48	37	297
1694	2689761	4923985073	2278	33283664	147.94	50928109	0	96.69	52687719	121024	256838291	19.17	NA	NA	NA	5771	59238885	83.12	1289	94	4361
1695	2267270	4926252343	21320	33304984	147.91	50928109	0	96.73	52748398	102029	256940320	19.17	NA	NA	NA	24705	59263590	83.12	1138	805	22735
1696	2888579	4929140922	1081	33306065	148.00	50928109	0	96.79	52748398	130940	257071260	19.17	NA	NA	NA	5601	59269191	83.17	1534	46	3994
1697	2609537	4931750459	11424	33317489	148.02	50928109	0	96.84	52748398	126627	257197887	19.17	NA	NA	NA	21678	59290869	83.18	1393	247	20011
1698	2275003	4934025462	945	33318434	148.09	50928109	0	96.88	52748398	102661	257300548	19.18	NA	NA	NA	4330	59295199	83.21	1018	46	3239
1699	2838162	4936863624	17137	33335571	148.10	50928109	0	96.94	52748398	137554	257438102	19.18	NA	NA	NA	42397	59337596	83.20	1616	476	40278
1700	2265193	4939128817	243	33335814	148.16	50928109	0	96.98	52748398	98629	257536731	19.18	NA	NA	NA	1309	59338905	83.24	1019	25	238
1701	2274093	4941402910	780	33336594	148.23	50928109	0	97.03	52748398	101737	257638468	19.18	NA	NA	NA	2782	59341687	83.27	114	79	2562
1702	2267712	4943670622	289	33336883	148.29	50928109	0	97.07	52748398	100014	257738482	19.18	NA	NA	NA	1185	59342872	83.31	30	25	1103
1703	2352831	4946023453	4738	33341621	148.34	50928109	0	97.12	52779641	117283	257855765	19.18	NA	NA	NA	13476	59356348	83.33	410	333	12706
1704	2351475	4948374928	3121	33344742	148.40	50928109	0	97.16	52779641	108933	257964698	19.18	NA	NA	NA	7242	59363590	83.36	1391	213	5611
1705	2289822	4950664750	1019	33345761	148.46	50928109	0	97.21	52779641	102016	258066714	19.18	NA	NA	NA	3794	59367384	83.39	1271	107	2389
1706	2300100	4952964850	1138	33346899	148.53	50928109	0	97.25	52779641	102050	258168764	19.18	NA	NA	NA	2815	59370199	83.43	368	136	2284
1707	2268266	4955233116	475	33347374	148.59	50928109	0	97.30	52779641	99534	258268298	19.19	NA	NA	NA	2100	59372299	83.46	1066	52	955
1708	2271867	4957504983	459	33347833	148.66	50928109	0	97.34	52779641	101645	258369943	19.19	NA	NA	NA	2451	59374750	83.50	36	31	2357
1709	2344489	4959849472	5286	33353119	148.71	50928109	0	97.39	52779641	117291	258487234	19.19	NA	NA	NA	12332	59387082	83.52	351	282	11672
1710	2275297	4962124769	530	33353649	148.77	50928109	0	97.43	52779641	100415	258587649	19.19	NA	NA	NA	1787	59388869	83.55	39	31	1690
1711	2271887	4964396656	1339	33354988	148.84	50928109	0	97.48	52811633	107151	258694800	19.19	NA	NA	NA	15245	59404114	83.57	70	67	15081
1712	2540058	4966936714	748	33355736	148.91	50928109	0	97.53	52811633	112810	258807610	19.19	NA	NA	NA	2505	59406619	83.61	1253	73	1152
1713	1906076	4968842790	559	33356295	148.96	50928109	0	97.57	52811633	85091	258892701	19.19	NA	NA	NA	2329	59408948	83.64	44	34	2224
1714	1908987	4970751777	522	33356817	149.02	50928109	0	97.60	52811633	84099	258976800	19.19	NA	NA	NA	1465	59410413	83.67	60	37	1341
1715	1916860	4972668637	517	33357334	149.07	50928109	0	97.64	52811633	84300	259061100	19.19	NA	NA	NA	1405	59411818	83.70	78	34	1266
1716	2076906	4974745543	1413	33358747	149.13	50928109	0	97.68	52811633	94697	259155797	19.20	NA	NA	NA	5818	59417636	83.73	134	119	5538
1717	2049226	4976794769	2202	33360949	149.18	50928109	0	97.72	52811633	96630	259252427	19.20	NA	NA	NA	9114	59426750	83.75	282	137	8668
1718	1957509	4978752278	1290	33362239	149.23	50928109	0	97.76	52811633	91274	259343701	19.20	NA	NA	NA	6684	59433434	83.77	327	85	6245
1719	1876966	4980629244	173	33362412	149.29	50928109	0	97.80	52834596	84880	259428581	19.20	NA	NA	NA	201	59433635	83.80	56	25	93
1720	2119643	4982748887	2798	33365210	149.34	50928109	0	97.84	52834596	104442	259533023	19.20	NA	NA	NA	13440	59447075	83.82	659	118	12636
1721	1932164	4984681051	893	33366103	149.39	50928109	0	97.88	52834596	85288	259618311	19.20	NA	NA	NA	1754	59448829	83.85	205	106	1416
1722	2036233	4986717284	450	33366553	149.45	50928109	0	97.92	52834596	88925	259707236	19.20	NA	NA	NA	1643	59450472	83.88	529	46	1041
1723	2045517	4988762801	1039	33367592	149.51	50928109	0	97.96	52834596	91143	259798379	19.20	NA	NA	NA	3560	59454032	83.91	572	100	2861
1724	1897118	4990659919	289	33367881	149.56	50928109	0	97.99	52834596	87109	259885488	19.20	NA	NA	NA	1018	59455050	83.94	42	34	915
1725	2976560	4993636479	886	33368767	149.65	50928109	0	98.05	52834596	136440	260021928	19.20	NA	NA	NA	4565	59459615	83.98	940	89	3509
1726	2706706	4996343185	389	33369156	149.73	50928109	0	98.11	52834596	119907	260141835	19.21	NA	NA	NA	2332	59461947	84.03	1246	46	1013
1727	3342799	4999685984	33382	33402538	149.68	50928109	0	98.17	52876328	196230	260338065	19.20	NA	NA	NA	80884	59542831	83.97	1284	945	78628
1728	2150757	5001836741	7050	33409588	149.71	50928109	0	98.21	52876328	141433	260479498	19.20	NA	NA	NA	36617	59579448	83.95	47	40	36503
1729	1914488	5003751229	1169	33410757	149.76	50928109	0	98.25	52876328	86956	260566454	19.20	NA	NA	NA	4012	59583460	83.98	276	79	3630
1730	1945507	5005696736	2212	33412969	149.81	50928109	0	98.29	52876328	94707	260661161	19.20	NA	NA	NA	9357	59592817	84.00	170	138	9022
1731	1899381	5007596117	270	33413239	149.87	50928109	0	98.33	52876328	86944	260748105	19.20	NA	NA	NA	692	59593509	84.03	72	34	559
1732	2142937	5009739054	1543	33414782	149.93	50928109	0	98.37	52876328	96682	260844787	19.21	NA	NA	NA	4256	59597765	84.06	703	126	3400
1733	2173854	5011912908	1023	33415805	149.99	50928109	0	98.41	52876328	102153	260946940	19.21	NA	NA	NA	7578	59605343	84.08	717	31	6803
1734	1929279	5013842187	369	33416174	150.04	50928109	0	98.45	52876328	84968	261031908	19.21	NA	NA	NA	1272	59606615	84.12	100	40	1105
1735	1936965	5015779152	444	33416618	150.10	50928109	0	98.49	52931075	84808	261116716	19.21	NA	NA	NA	1477	59608092	84.15	288	31	1131
1736	3140734	5018919886	75929	33492547	149.85	50928109	0	98.55	52931075	157714	261274430	19.21	NA	NA	NA	124630	59732722	84.02	10886	7294	106423
1737	20986	5018940872	667	33493214	149.85	50928109	0	98.55	52931075	2059	261276489	19.21	NA	NA	NA	1431	59734153	84.02	272	79	1053
1738	1126418	5020067290	6518	33499732	149.85	50928109	0	98.57	52931075	62344	261338833	19.21	NA	NA	NA	15340	59749493	84.02	4089	353	10871
1739	1492487	5021559777	10462	33510194	149.85	50928109	0	98.60	52931075	103625	261442458	19.21	NA	NA	NA	36762	59786255	83.99	5782	1019	29934
1740	1401363	5022961140	2703	33512897	149.88	50928109	0	98.63	52931075	76650	261519108	19.21	NA	NA	NA	13034	59799289	84.00	4951	308	7748
1741	1048171	5024009311	965	33513862	149.91	50928109	0	98.65	52931075	49614	261568722	19.21	NA	NA	NA	5314	59804603	84.01	3337	84	1866
1742	950021	5024959332	444	33514306	149.93	50928109	0	98.67	52931075	43518	261612240	19.21	NA	NA	NA	3381	59807984	84.02	2484	58	812
1743	1077843	5026037175	1688	33515994	149.96	50928109	0	98.69	52997775	56768	261669008	19.21	NA	NA	NA	9722	59817706	84.02	3359	133	6203
1744	1056209	5027093384	479	33516473	149.99	50928109	0	98.71	52997775	50199	261719207	19.21	NA	NA	NA	4807	59822513	84.03	3101	40	1639
1745	974645	5028068029	789	33517262	150.01	50928109	0	98.73	52997775	46737	261765944	19.21	NA	NA	NA	3393	59825906	84.04	873	37	2456
1746	1393606	5029461635	3144	33520406	150.04	50928109	0	98.76	52997775	78983	261844927	19.21	NA	NA	NA	15703	59841609	84.05	2363	297	13016
1747	1400884	5030862519	3465	33523871	150.07	50928109	0	98.78	52997775	76336	261921263	19.21	NA	NA	NA	14924	59856533	84.05	4586	250	10061
1748	714550	5031577069	307	33524178	150.09	50928109	0	98.80	52997775	32823	261954086	19.21	NA	NA	NA	914	59857447	84.06	139	34	714
1749	1044296	5032621365	1080	33525258	150.11	50928109	0	98.82	52997775	50035	262004121	19.21	NA	NA	NA	5039	59862486	84.07	2290	120	2602
1750	762124	5033383489	488	33525746	150.13	50928109	0	98.83	52997775	34727	262038848	19.21	NA	NA	NA	2890	59865376	84.08	1955	46	862
1751	798532	5034182021	820	33526566	150.16	50928109	0	98.85	53020793	36589	262075437	19.21	NA	NA	NA	3495	59868871	84.09	1822	79	1567
1752	1032323	5035214344	405	33526971	150.18	50928109	0	98.87	53020793	47390	262122827	19.21	NA	NA	NA	3746	59872617	84.10	3111	55	553
1753	16300	5035230644	137	33527108	150.18	50928109	0	98.87	53020793	814	262123641	19.21	NA	NA	NA	156	59872773	84.10	25	22	82
1754	1295737	5036526381	3042	33530150	150.21	50928109	0	98.89	53020793	72785	262196426	19.21	NA	NA	NA	14838	59887611	84.10	5429	187	9195
1755	1113679	5037640060	664	33530814	150.24	50928109	0	98.92	53020793	54997	262251423	19.21	NA	NA	NA	5712	59893323	84.11	3461	70	2154
1756	19591	5037659651	374	33531188	150.24	50928109	0	98.92	53020793	1720	262253143	19.21	NA	NA	NA	901	59894224	84.11	48	43	783
1757	1060807	5038720458	1494	33532682	150.26	50928109	0	98.94	53020793	55351	262308494	19.21	NA	NA	NA	6686	59900910	84.12	942	137	5580
1758	1262794	5039983252	855	33533537	150.30	50928109	0	98.96	53020793	62059	262370553	19.21	NA	NA	NA	6292	59907202	84.13	3722	64	2479
1759	18847	5040002099	329	33533866	150.30	50928109	0	98.96	53036712	1486	262372039	19.21	NA	NA	NA	741	59907943	84.13	51	43	620
1760	1385857	5041387956	1516	33535382	150.33	50928109	0	98.99	53036712	72399	262444438	19.21	NA	NA	NA	10240	59918183	84.14	4748	92	5373
1761	1147355	5042535311	1410	33536792	150.36	50928109	0	99.01	53036712	57732	262502170	19.21	NA	NA	NA	7094	59925277	84.15	3706	191	3170
1762	1028746	5043564057	830	33537622	150.39	50928109	0	99.03	53036712	47191	262549361	19.21	NA	NA	NA	4602	59929879	84.16	3364	79	1132
1763	1034204	5044598261	557	33538179	150.41	51582242	1	97.80	53036712	47761	262597122	19.21	NA	NA	NA	3338	59933217	84.17	2731	67	513
1764	16456	5044614717	193	33538372	150.41	51582242	0	97.80	53036712	857	262597979	19.21	NA	NA	NA	223	59933440	84.17	34	31	131
1765	1401483	5046016200	1491	33539863	150.45	51582242	0	97.82	53036712	72485	262670464	19.21	NA	NA	NA	10097	59943537	84.18	4639	105	5326
1766	1151278	5047167478	2417	33542280	150.47	51582242	0	97.85	53036712	60688	262731152	19.21	NA	NA	NA	11025	59954562	84.18	3653	222	7123
1767	1183979	5048351457	1932	33544212	150.50	51582242	0	97.87	53059549	65424	262796576	19.21	NA	NA	NA	13331	59967893	84.18	4032	138	9134
1768	1076991	5049428448	654	33544866	150.53	51582242	0	97.89	53059549	51696	262848272	19.21	NA	NA	NA	4970	59972863	84.20	2797	49	2097
1769	1287338	5050715786	815	33545681	150.56	51582242	0	97.92	53059549	61415	262909687	19.21	NA	NA	NA	6138	59979001	84.21	3909	58	2144
1770	1052867	5051768653	377	33546058	150.59	51582242	0	97.94	53059549	48433	262958120	19.21	NA	NA	NA	3863	59982864	84.22	3354	46	436
1771	1254798	5053023451	1451	33547509	150.62	51582242	0	97.96	53059549	65943	263024063	19.21	NA	NA	NA	10143	59993007	84.23	4674	95	5347
1772	1346883	5054370334	1364	33548873	150.66	51582242	0	97.99	53059549	66055	263090118	19.21	NA	NA	NA	5721	59998728	84.24	1969	90	3635
1773	16308	5054386642	139	33549012	150.66	51582242	0	97.99	53059549	813	263090931	19.21	NA	NA	NA	158	59998886	84.24	25	22	84
1774	1434581	5055821223	3622	33552634	150.68	51582242	0	98.01	53059549	83355	263174286	19.21	NA	NA	NA	22083	60020969	84.23	4305	235	17516
1775	1216824	5057038047	1008	33553642	150.72	51582242	0	98.04	53083854	61028	263235314	19.21	NA	NA	NA	6610	60027579	84.25	3365	93	3125
1776	1356428	5058394475	1340	33554982	150.75	51582242	0	98.06	53083854	70947	263306261	19.21	NA	NA	NA	10839	60038418	84.25	3753	73	6986
1777	1127912	5059522387	979	33555961	150.78	51582242	0	98.09	53083854	61080	263367341	19.21	NA	NA	NA	9681	60048099	84.26	2559	84	7011
1778	1133559	5060655946	608	33556569	150.81	51582242	0	98.11	53083854	53302	263420643	19.21	NA	NA	NA	4740	60052839	84.27	3154	52	1507
1779	16303	5060672249	138	33556707	150.81	51582242	0	98.11	53083854	812	263421455	19.21	NA	NA	NA	157	60052996	84.27	25	22	83
1780	1040070	5061712319	290	33556997	150.84	51582242	0	98.13	53083854	48737	263470192	19.21	NA	NA	NA	4314	60057310	84.28	3038	34	1215
1781	1880298	5063592617	4511	33561508	150.88	51582242	0	98.17	53083854	97823	263568015	19.21	NA	NA	NA	18530	60075840	84.29	6699	149	11655
1782	16332	5063608949	145	33561653	150.87	51582242	0	98.17	53083854	821	263568836	19.21	NA	NA	NA	164	60076004	84.29	25	22	90
1783	1221894	5064830843	848	33562501	150.91	51582242	0	98.19	53108102	61352	263630188	19.21	NA	NA	NA	7177	60083181	84.30	4765	64	2321
1784	1492464	5066323307	3860	33566361	150.93	51582242	0	98.22	53108102	87212	263717400	19.21	NA	NA	NA	21894	60105075	84.29	2601	108	19158
1785	1487981	5067811288	1411	33567772	150.97	51582242	0	98.25	53108102	96109	263813509	19.21	NA	NA	NA	29818	60134893	84.27	4250	64	25477
1786	1383774	5069195062	953	33568725	151.01	51582242	0	98.27	53108102	68678	263882187	19.21	NA	NA	NA	7243	60142136	84.29	4454	67	2695
1787	19963	5069215025	407	33569132	151.01	51582242	0	98.27	53108102	1798	263883985	19.21	NA	NA	NA	988	60143124	84.29	51	46	864
1788	713123	5069928148	622	33569754	151.03	51582242	0	98.29	53108102	33391	263917376	19.21	NA	NA	NA	3704	60146828	84.29	2285	40	1352
1789	1036773	5070964921	573	33570327	151.05	51582242	0	98.31	53108102	49094	263966470	19.21	NA	NA	NA	4885	60151713	84.30	3048	49	1761
1790	1502762	5072467683	6095	33576422	151.07	51582242	0	98.34	53108102	120264	264086734	19.21	NA	NA	NA	45324	60197037	84.26	1703	93	43501
1791	788082	5073255765	1904	33578326	151.09	51582242	0	98.35	53178291	41027	264127761	19.21	NA	NA	NA	7060	60204097	84.27	1818	189	5026
1792	16308	5073272073	206661	33784987	150.16	51582242	0	98.35	53178291	815	264128576	19.21	NA	NA	NA	158	60204255	84.27	25	22	84
1793	1598150	5074870223	2352	33787339	150.20	51582242	0	98.38	53178291	79921	264208497	19.21	NA	NA	NA	10961	60215216	84.28	4134	207	6593
1794	1428531	5076298754	1846	33789185	150.23	51582242	0	98.41	53178291	76708	264285205	19.21	NA	NA	NA	10767	60225983	84.29	4126	136	6478
1795	1407007	5077705761	1369	33790554	150.27	51582242	0	98.44	53178291	71179	264356384	19.21	NA	NA	NA	7382	60233365	84.30	3665	125	3565
1796	1444639	5079150400	2280	33792834	150.30	51582242	0	98.47	53178291	76327	264432711	19.21	NA	NA	NA	12026	60245391	84.31	5213	156	6630
1797	1207553	5080357953	887	33793721	150.33	51582242	0	98.49	53178291	60976	264493687	19.21	NA	NA	NA	3923	60249314	84.32	1500	75	2321
1798	1434328	5081792281	1276	33794997	150.37	51582242	0	98.52	53178291	75645	264569332	19.21	NA	NA	NA	9814	60259128	84.33	4526	124	5137
1799	1432470	5083224751	1705	33796702	150.41	51582242	0	98.55	53208838	76592	264645924	19.21	NA	NA	NA	9061	60268189	84.34	2700	110	6224
1800	1214135	5084438886	848	33797550	150.44	51582242	0	98.57	53208838	62342	264708266	19.21	NA	NA	NA	4375	60272564	84.36	1207	80	3061
1801	1392193	5085831079	566	33798116	150.48	51582242	0	98.60	53208838	67804	264776070	19.21	NA	NA	NA	2889	60275453	84.38	1359	64	1439
1802	1456959	5087288038	2450	33800566	150.51	51582242	0	98.62	53208838	77053	264853123	19.21	NA	NA	NA	11732	60287185	84.38	3179	236	8290
1803	1031207	5088319245	311	33800877	150.54	51582242	0	98.64	53208838	47478	264900601	19.21	NA	NA	NA	3844	60291029	84.40	3293	37	487
1804	1287334	5089606579	477	33801354	150.57	51582242	0	98.67	53208838	60774	264961375	19.21	NA	NA	NA	5089	60296118	84.41	3444	37	1581
1805	1011056	5090617635	255	33801609	150.60	51582242	0	98.69	53208838	46028	265007403	19.21	NA	NA	NA	600	60296718	84.43	353	34	186
1806	16266	5090633901	130	33801739	150.60	51582242	0	98.69	53208838	805	265008208	19.21	NA	NA	NA	152	60296870	84.43	22	19	84
1807	717348	5091351249	674	33802413	150.62	51582242	0	98.70	53221673	34481	265042689	19.21	NA	NA	NA	2268	60299138	84.43	404	74	1763
1808	722626	5092073875	360	33802773	150.64	51582242	0	98.72	53221673	32783	265075472	19.21	NA	NA	NA	3561	60302699	84.44	2752	28	754
1809	675273	5092749148	148	33802921	150.66	51582242	0	98.73	53221673	29761	265105233	19.21	NA	NA	NA	170	60302869	84.45	31	25	87
1810	16304	5092765452	138	33803059	150.66	51582242	0	98.73	53221673	814	265106047	19.21	NA	NA	NA	157	60303026	84.45	25	22	83
1811	16300	5092781752	137	33803196	150.66	51582242	0	98.73	53221673	813	265106860	19.21	NA	NA	NA	156	60303182	84.45	25	22	82
1812	16300	5092798052	131	33803327	150.66	51582242	0	98.73	53221673	812	265107672	19.21	NA	NA	NA	156	60303338	84.45	25	22	82
1813	16308	5092814360	139	33803466	150.66	51582242	0	98.73	53221673	814	265108486	19.21	NA	NA	NA	158	60303496	84.45	25	22	84
1814	16304	5092830664	132	33803598	150.66	51582242	0	98.73	53221673	814	265109300	19.21	NA	NA	NA	157	60303653	84.45	25	22	83
1815	16308	5092846972	139	33803737	150.66	51582242	0	98.73	53222975	815	265110115	19.21	NA	NA	NA	158	60303811	84.45	25	22	84
1816	1259408	5094106380	1343	33805080	150.69	51582242	0	98.76	53222975	61151	265171266	19.21	NA	NA	NA	7338	60311149	84.46	4073	121	3117
1817	723232	5094829612	852	33805932	150.71	51582242	0	98.77	53222975	36368	265207634	19.21	NA	NA	NA	3312	60314461	84.47	101	79	3105
1818	16299	5094845911	144	33806076	150.71	51582242	0	98.77	53222975	816	265208450	19.21	NA	NA	NA	163	60314624	84.47	22	19	95
1819	954331	5095800242	388	33806464	150.73	51582242	0	98.79	53222975	44163	265252613	19.21	NA	NA	NA	3430	60318054	84.48	2490	34	879
1820	788114	5096588356	961	33807425	150.75	51582242	0	98.81	53222975	38841	265291454	19.21	NA	NA	NA	5852	60323906	84.49	2022	43	3760
1821	768950	5097357306	891	33808316	150.77	51582242	0	98.82	53222975	35968	265327422	19.21	NA	NA	NA	4261	60328167	84.49	2117	127	1990
1822	1145552	5098502858	3766	33812082	150.79	51582242	0	98.84	53222975	74565	265401987	19.21	NA	NA	NA	22954	60351121	84.48	3000	184	19743
1823	1085944	5099588802	1894	33813976	150.81	51582242	0	98.86	53251119	59535	265461522	19.21	NA	NA	NA	10692	60361813	84.48	3220	99	7346
1824	1110141	5100698943	1549	33815525	150.84	51582242	0	98.88	53251119	62786	265524308	19.21	NA	NA	NA	12578	60374391	84.48	2944	77	9530
1825	837092	5101536035	983	33816508	150.86	51582242	0	98.90	53251119	43209	265567517	19.21	NA	NA	NA	4424	60378815	84.49	523	95	3779
1826	1070852	5102606887	987	33817495	150.89	51582242	0	98.92	53251119	53269	265620786	19.21	NA	NA	NA	6432	60385247	84.50	3246	61	3098
1827	1215814	5103822701	924	33818419	150.92	51582242	0	98.95	53251119	60488	265681274	19.21	NA	NA	NA	6591	60391838	84.51	4337	77	2150
1828	1414911	5105237612	2967	33821386	150.95	51582242	0	98.97	53251119	80060	265761334	19.21	NA	NA	NA	18253	60410091	84.51	1408	85	16733
1829	1244887	5106482499	2656	33824042	150.97	51582242	0	99.00	53251119	70720	265832054	19.21	NA	NA	NA	14457	60424548	84.51	4525	211	9694
1830	1195144	5107677643	831	33824873	151.00	51582242	0	99.02	53251119	57957	265890011	19.21	NA	NA	NA	2033	60426581	84.53	703	73	1230
1831	1064649	5108742292	443	33825316	151.03	51582242	0	99.04	53283011	49403	265939414	19.21	NA	NA	NA	4190	60430771	84.54	3313	61	789
1832	1536162	5110278454	4765	33830081	151.06	51582242	0	99.07	53283011	137053	266076467	19.21	NA	NA	NA	65459	60496230	84.47	2902	83	62447
1833	1088854	5111367308	1042	33831123	151.08	51582242	0	99.09	53283011	53082	266129549	19.21	NA	NA	NA	5650	60501880	84.48	2441	70	3112
1834	1053621	5112420929	688	33831811	151.11	51582242	0	99.11	53283011	49286	266178835	19.21	NA	NA	NA	4628	60506508	84.49	3214	37	1350
1835	1048012	5113468941	1140	33832951	151.14	51582242	0	99.13	53283011	48892	266227727	19.21	NA	NA	NA	4374	60510882	84.50	2399	37	1911
1836	747607	5114216548	696	33833647	151.16	51582242	0	99.15	53283011	35536	266263263	19.21	NA	NA	NA	4650	60515532	84.51	2454	49	2120
1837	1141693	5115358241	529	33834176	151.19	51582242	0	99.17	53283011	52007	266315270	19.21	NA	NA	NA	3731	60519263	84.52	2855	58	791
1838	774771	5116133012	626	33834802	151.21	51582242	0	99.18	53283011	36550	266351820	19.21	NA	NA	NA	4061	60523324	84.53	2057	46	1931
1839	16308	5116149320	139	33834941	151.21	51582242	0	99.18	53340086	815	266352635	19.21	NA	NA	NA	158	60523482	84.53	25	22	84
1840	16308	5116165628	139	33835080	151.21	51582242	0	99.18	53340086	815	266353450	19.21	NA	NA	NA	158	60523640	84.53	25	22	84
1841	16308	5116181936	135	33835215	151.21	51582242	0	99.18	53340086	815	266354265	19.21	NA	NA	NA	158	60523798	84.53	25	22	84
1842	16304	5116198240	138	33835353	151.21	51582242	0	99.19	53340086	815	266355080	19.21	NA	NA	NA	157	60523955	84.53	25	22	83
1843	16308	5116214548	139	33835492	151.21	51582242	0	99.19	53340086	813	266355893	19.21	NA	NA	NA	158	60524113	84.53	25	22	84
1844	16304	5116230852	138	33835630	151.21	51582242	0	99.19	53340086	815	266356708	19.21	NA	NA	NA	157	60524270	84.53	25	22	83
1845	16308	5116247160	139	33835769	151.21	51582242	0	99.19	53340086	815	266357523	19.21	NA	NA	NA	158	60524428	84.53	25	22	84
1846	16308	5116263468	134	33835903	151.21	51582242	0	99.19	53340086	813	266358336	19.21	NA	NA	NA	158	60524586	84.53	25	22	84
1847	16308	5116279776	134	33836037	151.21	51582242	0	99.19	53340661	814	266359150	19.21	NA	NA	NA	158	60524744	84.53	25	22	84
1848	16300	5116296076	137	33836174	151.21	51582242	0	99.19	53340661	813	266359963	19.21	NA	NA	NA	156	60524900	84.53	25	22	82
1849	16304	5116312380	138	33836312	151.21	51582242	0	99.19	53340661	816	266360779	19.21	NA	NA	NA	157	60525057	84.53	25	22	83
1850	16308	5116328688	134	33836446	151.21	51582242	0	99.19	53340661	813	266361592	19.21	NA	NA	NA	158	60525215	84.53	25	22	84
1851	16308	5116344996	134	33836580	151.21	51582242	0	99.19	53340661	815	266362407	19.21	NA	NA	NA	158	60525373	84.53	25	22	84
1852	16292	5116361288	135	33836715	151.21	51582242	0	99.19	53340661	812	266363219	19.21	NA	NA	NA	154	60525527	84.53	25	22	80
1853	16308	5116377596	139	33836854	151.21	51582242	0	99.19	53340661	815	266364034	19.21	NA	NA	NA	158	60525685	84.53	25	22	84
1854	16308	5116393904	139	33836993	151.21	51582242	0	99.19	53340661	815	266364849	19.21	NA	NA	NA	158	60525843	84.53	25	22	84
1855	16308	5116410212	134	33837127	151.21	51582242	0	99.19	53341251	815	266365664	19.21	NA	NA	NA	158	60526001	84.53	25	22	84
1856	16454	5116426666	190	33837317	151.21	51582242	0	99.19	53341251	860	266366524	19.21	NA	NA	NA	222	60526223	84.53	34	31	130
1857	973666	5117400332	333	33837650	151.23	51582242	0	99.21	53341251	45628	266412152	19.21	NA	NA	NA	2950	60529173	84.54	2679	52	192
1858	16308	5117416640	135	33837785	151.23	51582242	0	99.21	53341251	815	266412967	19.21	NA	NA	NA	158	60529331	84.54	25	22	84
1859	16308	5117432948	133	33837918	151.23	51582242	0	99.21	53341251	815	266413782	19.21	NA	NA	NA	158	60529489	84.54	25	22	84
1860	16304	5117449252	138	33838056	151.23	51582242	0	99.21	53341251	815	266414597	19.21	NA	NA	NA	157	60529646	84.54	25	22	83
1861	16304	5117465556	132	33838188	151.23	51582242	0	99.21	53341251	815	266415412	19.21	NA	NA	NA	157	60529803	84.54	25	22	83
1862	777984	5118243540	387	33838575	151.25	51582242	0	99.22	53341251	34653	266450065	19.21	NA	NA	NA	2286	60532089	84.55	2007	58	194
1863	783457	5119026997	1086	33839661	151.27	51582242	0	99.24	53345596	40234	266490299	19.21	NA	NA	NA	6718	60538807	84.56	2060	110	4521
1864	16296	5119043293	136	33839797	151.27	51582242	0	99.24	53345596	810	266491109	19.21	NA	NA	NA	155	60538962	84.56	25	22	81
1865	1263613	5120306906	1705	33841502	151.30	51582242	0	99.26	53345596	65841	266556950	19.21	NA	NA	NA	10095	60549057	84.56	3549	117	6402
1866	766094	5121073000	445	33841947	151.32	51582242	0	99.28	53345596	35120	266592070	19.21	NA	NA	NA	1299	60550356	84.58	216	55	1001
1867	782095	5121855095	1172	33843119	151.34	51582242	0	99.29	53345596	37701	266629771	19.21	NA	NA	NA	4866	60555222	84.58	1857	125	2857
1868	762765	5122617860	617	33843736	151.36	51582242	0	99.31	53345596	35226	266664997	19.21	NA	NA	NA	3501	60558723	84.59	1961	52	1461
1869	852865	5123470725	1286	33845022	151.38	51582242	0	99.33	53345596	43746	266708743	19.21	NA	NA	NA	6664	60565387	84.59	1592	67	4978
1870	1040915	5124511640	226	33845248	151.41	51582242	0	99.35	53345596	47346	266756089	19.21	NA	NA	NA	2949	60568336	84.61	2702	28	192
1871	16296	5124527936	132	33845380	151.41	51582242	0	99.35	53358039	813	266756902	19.21	NA	NA	NA	155	60568491	84.61	25	22	81
1872	1139858	5125667794	388	33845768	151.44	51582242	0	99.37	53358039	51434	266808336	19.21	NA	NA	NA	3234	60571725	84.62	2729	55	423
1873	1064712	5126732506	1345	33847113	151.47	51582242	0	99.39	53358039	51112	266859448	19.21	NA	NA	NA	6097	60577822	84.63	3430	76	2564
1874	1076553	5127809059	1434	33848547	151.49	51582242	0	99.41	53358039	54980	266914428	19.21	NA	NA	NA	7943	60585765	84.64	2641	61	5214
1875	769830	5128578889	583	33849130	151.51	51883255	1	98.85	53358039	36429	266950857	19.21	NA	NA	NA	3484	60589249	84.65	1513	52	1892
1876	1094081	5129672970	693	33849823	151.54	51883255	0	98.87	53358039	51214	267002071	19.21	NA	NA	NA	4552	60593801	84.66	3057	92	1376
1877	1138251	5130811221	1055	33850878	151.57	51883255	0	98.89	53358039	53205	267055276	19.21	NA	NA	NA	5959	60599760	84.67	3767	129	2036
1878	1804202	5132615423	969	33851847	151.62	51883255	0	98.93	53358039	84479	267139755	19.21	NA	NA	NA	5862	60605622	84.69	2317	74	3444
1879	1838882	5134454305	3085	33854932	151.66	51883255	0	98.96	53384772	98995	267238750	19.21	NA	NA	NA	19037	60624659	84.69	2144	144	16722
1880	1188815	5135643120	2990	33857922	151.68	51883255	0	98.98	53384772	70074	267308824	19.21	NA	NA	NA	16226	60640885	84.69	2552	131	13516
1881	699640	5136342760	308	33858230	151.70	51883255	0	99.00	53384772	31438	267340262	19.21	NA	NA	NA	2170	60643055	84.70	1797	43	303
1882	20413	5136363173	198	33858428	151.70	51883255	0	99.00	53384772	1030	267341292	19.21	NA	NA	NA	307	60643362	84.70	85	22	173
1883	822079	5137185252	2459	33860887	151.71	51883255	0	99.01	53384772	49920	267391212	19.21	NA	NA	NA	11912	60655274	84.69	613	167	11105
1884	1137818	5138323070	559	33861446	151.75	51883255	0	99.04	53384772	51904	267443116	19.21	NA	NA	NA	4113	60659387	84.71	2849	49	1188
1885	1273938	5139597008	2489	33863935	151.77	51883255	0	99.06	53384772	73401	267516517	19.21	NA	NA	NA	13105	60672492	84.71	1567	103	11408
1886	1743699	5141340707	938	33864873	151.82	51883255	0	99.09	53384772	82417	267598934	19.21	NA	NA	NA	7110	60679602	84.73	3853	52	3178
1887	23641	5141364348	287	33865160	151.82	51883255	0	99.09	53414718	1717	267600651	19.21	NA	NA	NA	837	60680439	84.73	171	34	605
1888	18727	5141383075	212	33865372	151.82	51883255	0	99.10	53414718	1116	267601767	19.21	NA	NA	NA	423	60680862	84.73	90	28	278
1889	1212046	5142595121	795	33866167	151.85	51883255	0	99.12	53414718	61156	267662923	19.21	NA	NA	NA	6834	60687696	84.74	4276	58	2473
1890	1194595	5143789716	3019	33869186	151.87	51883255	0	99.14	53414718	70074	267732997	19.21	NA	NA	NA	14868	60702564	84.74	3699	241	10901
1891	1494287	5145284003	1769	33870955	151.91	51883255	0	99.17	53414718	80065	267813062	19.21	NA	NA	NA	8516	60711080	84.75	1781	106	6602
1892	1168222	5146452225	1372	33872327	151.94	51883255	0	99.19	53414718	62116	267875178	19.21	NA	NA	NA	6552	60717632	84.76	98	72	6355
1893	1200152	5147652377	662	33872989	151.97	51883255	0	99.22	53414718	59680	267934858	19.21	NA	NA	NA	2712	60720344	84.78	802	67	1816
1894	1122425	5148774802	514	33873503	152.00	51883255	0	99.24	53414718	53671	267988529	19.21	NA	NA	NA	4316	60724660	84.79	3801	67	421
1895	16316	5148791118	141	33873644	152.00	51883255	0	99.24	53434299	816	267989345	19.21	NA	NA	NA	160	60724820	84.79	25	22	86
1896	1285554	5150076672	2971	33876615	152.02	51883255	0	99.26	53434299	72005	268061350	19.21	NA	NA	NA	14302	60739122	84.79	2907	133	11235
1897	748551	5150825223	240	33876855	152.05	51883255	0	99.28	53434299	35363	268096713	19.21	NA	NA	NA	691	60739813	84.80	40	31	593
1898	1145485	5151970708	320	33877175	152.08	51883255	0	99.30	53434299	55107	268151820	19.21	NA	NA	NA	1199	60741012	84.82	701	37	434
1899	1391923	5153362631	1028	33878203	152.11	51883255	0	99.33	53434299	69057	268220877	19.21	NA	NA	NA	6805	60747817	84.83	4162	88	2528
1900	1343471	5154706102	915	33879118	152.15	51883255	0	99.35	53434299	66097	268286974	19.21	NA	NA	NA	5294	60753111	84.85	2790	71	2406
1901	755317	5155461419	241	33879359	152.17	51883255	0	99.37	53434299	33705	268320679	19.21	NA	NA	NA	2156	60755267	84.86	1693	31	405
1902	1432592	5156894011	1409	33880768	152.21	51883255	0	99.39	53434299	78265	268398944	19.21	NA	NA	NA	11600	60766867	84.86	3949	82	7542
1903	1477918	5158371929	4043	33884811	152.23	51883255	0	99.42	53473810	103680	268502624	19.21	NA	NA	NA	34391	60801258	84.84	4030	164	30170
1904	1024928	5159396857	169446	34054257	151.51	51883255	0	99.44	53473810	47234	268549858	19.21	NA	NA	NA	3258	60804516	84.85	2612	46	573
1905	1140278	5160537135	2466	34056723	151.53	51883255	0	99.46	53473810	63017	268612875	19.21	NA	NA	NA	10741	60815257	84.86	1136	130	9448
1906	772284	5161309419	643	34057366	151.55	51883255	0	99.48	53473810	37498	268650373	19.21	NA	NA	NA	2623	60817880	84.87	150	55	2391
1907	1145098	5162454517	494	34057860	151.58	51883255	0	99.50	53473810	55434	268705807	19.21	NA	NA	NA	3624	60821504	84.88	2112	49	1436
1908	1045523	5163500040	403	34058263	151.61	51883255	0	99.52	53473810	50418	268756225	19.21	NA	NA	NA	2137	60823641	84.89	55	40	2015
1909	1115987	5164616027	483	34058746	151.64	51883255	0	99.54	53473810	53487	268809712	19.21	NA	NA	NA	2520	60826161	84.91	1492	55	946
1910	1137105	5165753132	790	34059536	151.67	51883255	0	99.56	53473810	57652	268867364	19.21	NA	NA	NA	6613	60832774	84.92	3496	46	3044
1911	1125364	5166878496	445	34059981	151.70	51883255	0	99.59	53489486	53944	268921308	19.21	NA	NA	NA	4469	60837243	84.93	3439	40	963
1912	16300	5166894796	137	34060118	151.70	51883255	0	99.59	53489486	813	268922121	19.21	NA	NA	NA	156	60837399	84.93	25	22	82
1913	762446	5167657242	273	34060391	151.72	51883255	0	99.60	53489486	34238	268956359	19.21	NA	NA	NA	2524	60839923	84.94	1939	22	536
1914	1248788	5168906030	3232	34063623	151.74	51883255	0	99.63	53489486	66654	269023013	19.21	NA	NA	NA	8598	60848521	84.95	584	105	7882
1915	1152261	5170058291	582	34064205	151.77	51883255	0	99.65	53489486	55250	269078263	19.21	NA	NA	NA	4812	60853333	84.96	4164	70	551
1916	16308	5170074599	135	34064340	151.77	51883255	0	99.65	53489486	815	269079078	19.21	NA	NA	NA	158	60853491	84.96	25	22	84
1917	1059260	5171133859	1048	34065388	151.80	51883255	0	99.67	53489486	50417	269129495	19.21	NA	NA	NA	5899	60859390	84.97	3113	97	2662
1918	760006	5171893865	259	34065647	151.82	51883255	0	99.68	53489486	33978	269163473	19.21	NA	NA	NA	2390	60861780	84.98	1885	28	450
1919	851205	5172745070	1903	34067550	151.84	51883255	0	99.70	53503535	47448	269210921	19.21	NA	NA	NA	9180	60870960	84.98	1982	88	7083
1920	1195040	5173940110	645	34068195	151.87	51883255	0	99.72	53503535	58978	269269899	19.21	NA	NA	NA	2266	60873226	85.00	491	58	1690
1921	818824	5174758934	1717	34069912	151.89	51883255	0	99.74	53503535	42468	269312367	19.21	NA	NA	NA	7988	60881214	85.00	1925	43	5993
1922	781828	5175540762	419	34070331	151.91	51883255	0	99.75	53503535	35060	269347427	19.22	NA	NA	NA	2555	60883769	85.01	1986	55	487
1923	1165586	5176706348	3586	34073917	151.93	51883255	0	99.78	53503535	70531	269417958	19.21	NA	NA	NA	16500	60900269	85.00	2893	156	13424
1924	74270	5176780618	519	34074436	151.93	51883255	0	99.78	53503535	5200	269423158	19.21	NA	NA	NA	2438	60902707	85.00	400	40	1971
1925	1041941	5177822559	642	34075078	151.95	51883255	0	99.80	53503535	50191	269473349	19.21	NA	NA	NA	4666	60907373	85.01	2349	55	2235
1926	1075978	5178898537	524	34075602	151.98	51883255	0	99.82	53503535	51405	269524754	19.21	NA	NA	NA	4832	60912205	85.02	3528	49	1228
1927	784285	5179682822	1690	34077292	152.00	51883255	0	99.83	53524550	39591	269564345	19.22	NA	NA	NA	6304	60918509	85.03	2402	242	3633
1928	808127	5180490949	2253	34079545	152.01	51883255	0	99.85	53524550	45576	269609921	19.21	NA	NA	NA	8627	60927136	85.03	428	190	7982
1929	788465	5181279414	1210	34080755	152.03	51883255	0	99.86	53524550	40012	269649933	19.21	NA	NA	NA	4826	60931962	85.03	252	77	4470
1930	788346	5182067760	1988	34082743	152.04	51883255	0	99.88	53524550	41789	269691722	19.21	NA	NA	NA	6470	60938432	85.04	230	127	6086
1931	794114	5182861874	824	34083567	152.06	51883255	0	99.89	53524550	37801	269729523	19.22	NA	NA	NA	2698	60941130	85.05	401	70	2200
1932	16296	5182878170	136	34083703	152.06	51883255	0	99.90	53524550	813	269730336	19.22	NA	NA	NA	155	60941285	85.05	25	22	81
1933	23141	5182901311	200	34083903	152.06	51883255	0	99.90	53524550	3840	269734176	19.21	NA	NA	NA	2142	60943427	85.04	25	22	2068
1934	774360	5183675671	856	34084759	152.08	51883255	0	99.91	53524550	38064	269772240	19.22	NA	NA	NA	5306	60948733	85.05	2136	49	3094
1935	778548	5184454219	786	34085545	152.10	51883255	0	99.93	53541990	36670	269808910	19.22	NA	NA	NA	1998	60950731	85.06	117	61	1793
1936	775518	5185229737	1033	34086578	152.12	51883255	0	99.94	53541990	36111	269845021	19.22	NA	NA	NA	3877	60954608	85.07	1983	75	1792
1937	16296	5185246033	136	34086714	152.12	51883255	0	99.94	53541990	813	269845834	19.22	NA	NA	NA	155	60954763	85.07	25	22	81
1938	1084887	5186330920	747	34087461	152.15	51883255	0	99.96	53541990	53978	269899812	19.22	NA	NA	NA	3313	60958076	85.08	627	74	2585
1939	1035957	5187366877	442	34087903	152.18	51883255	0	99.98	53541990	47254	269947066	19.22	NA	NA	NA	3304	60961380	85.09	2322	58	897
1940	1375856	5188742733	2129	34090032	152.21	51883255	0	100.01	53541990	75114	270022180	19.22	NA	NA	NA	10261	60971641	85.10	2098	134	8002
1941	1406731	5190149464	1549	34091581	152.24	51883255	0	100.04	53541990	72435	270094615	19.22	NA	NA	NA	9459	60981100	85.11	4217	79	5136
1942	4070164	5194219628	1069	34092650	152.36	51883255	0	100.11	53541990	151772	270246387	19.22	NA	NA	NA	3593	60984693	85.17	350	121	3095
1943	4024748	5198244376	302	34092952	152.47	51883255	0	100.19	53590107	148116	270394503	19.22	NA	NA	NA	908	60985601	85.24	71	55	755
1944	4135900	5202380276	508	34093460	152.59	51883255	0	100.27	53590107	152313	270546816	19.23	NA	NA	NA	1423	60987024	85.30	469	73	854
1945	4019925	5206400201	301	34093761	152.71	51883255	0	100.35	53590107	147337	270694153	19.23	NA	NA	NA	448	60987472	85.37	69	55	297
1946	4291500	5210691701	748	34094509	152.83	51883255	0	100.43	53590107	159083	270853236	19.24	NA	NA	NA	2166	60989638	85.44	893	88	1158
1947	4312695	5215004396	1214	34095723	152.95	51883255	0	100.51	53590107	162038	271015274	19.24	NA	NA	NA	3988	60993626	85.50	1116	129	2716
1948	4273943	5219278339	615	34096338	153.07	51883255	0	100.60	53590107	158897	271174171	19.25	NA	NA	NA	2367	60995993	85.57	816	72	1452
1949	4168576	5223446915	831	34097169	153.19	51883255	0	100.68	53590107	153348	271327519	19.25	NA	NA	NA	2889	60998882	85.63	522	129	2211
1950	4021537	5227468452	454	34097623	153.31	51883255	0	100.75	53590107	147812	271475331	19.26	NA	NA	NA	850	60999732	85.70	100	88	635
1951	4237121	5231705573	435	34098058	153.43	51883255	0	100.84	53613784	157436	271632767	19.26	NA	NA	NA	1022	61000754	85.76	681	80	234
1952	4101909	5235807482	431	34098489	153.55	51883255	0	100.92	53613784	150825	271783592	19.26	NA	NA	NA	1295	61002049	85.83	304	61	903
1953	4089527	5239897009	427	34098916	153.67	51883255	0	100.99	53613784	150061	271933653	19.27	NA	NA	NA	1029	61003078	85.90	302	71	629
1954	4024808	5243921817	546	34099462	153.78	51883255	0	101.07	53613784	148404	272082057	19.27	NA	NA	NA	1276	61004354	85.96	124	87	1038
1955	4062810	5247984627	289	34099751	153.90	51883255	0	101.15	53613784	148528	272230585	19.28	NA	NA	NA	365	61004719	86.03	80	61	197
1956	4031700	5252016327	756	34100507	154.02	51883255	0	101.23	53613784	150085	272380670	19.28	NA	NA	NA	2583	61007302	86.09	107	92	2357
1957	4104018	5256120345	2104	34102611	154.13	51883255	0	101.31	53613784	161397	272542067	19.29	NA	NA	NA	9008	61016310	86.14	431	142	8408
1958	4060330	5260180675	649	34103260	154.24	51883255	0	101.38	53613784	150362	272692429	19.29	NA	NA	NA	2379	61018689	86.21	169	88	2095
1959	4063174	5264243849	573	34103833	154.36	51883255	0	101.46	53627073	149316	272841745	19.29	NA	NA	NA	1672	61020361	86.27	206	91	1348
1960	4021522	5268265371	325	34104158	154.48	51883255	0	101.54	53627073	147943	272989688	19.30	NA	NA	NA	875	61021236	86.33	66	52	730
1961	4105461	5272370832	306	34104464	154.59	51883255	0	101.62	53627073	150211	273139899	19.30	NA	NA	NA	625	61021861	86.40	72	55	471
1962	4278377	5276649209	973	34105437	154.72	51883255	0	101.70	53627073	158757	273298656	19.31	NA	NA	NA	3609	61025470	86.47	391	112	3079
1963	4560568	5281209777	1629	34107066	154.84	51883255	0	101.79	53627073	171372	273470028	19.31	NA	NA	NA	7357	61032827	86.53	1813	121	5396
1964	4567770	5285777547	782	34107848	154.97	51883255	0	101.88	53627073	169396	273639424	19.32	NA	NA	NA	4834	61037661	86.60	419	75	4313
1965	4657748	5290435295	1735	34109583	155.10	51883255	0	101.97	53627073	176532	273815956	19.32	NA	NA	NA	7765	61045426	86.66	896	118	6724
1966	4187566	5294622861	836	34110419	155.22	51883255	0	102.05	53627073	155524	273971480	19.33	NA	NA	NA	3589	61049015	86.73	720	110	2732
1967	4188094	5298810955	525	34110944	155.34	51883255	0	102.13	53667022	153056	274124536	19.33	NA	NA	NA	1282	61050297	86.79	343	70	842
1968	4223611	5303034566	657	34111601	155.46	51883255	0	102.21	53667022	154708	274279244	19.33	NA	NA	NA	2334	61052631	86.86	626	95	1586
1969	4744536	5307779102	1330	34112931	155.59	51883255	0	102.30	53667022	174998	274454242	19.34	NA	NA	NA	6783	61059414	86.93	2629	138	3989
1970	4987338	5312766440	3855	34116786	155.72	51883255	0	102.40	53667022	203135	274657377	19.34	NA	NA	NA	23117	61082531	86.98	2377	239	20474
1971	4522144	5317288584	1214	34118000	155.85	51883255	0	102.49	53667022	166194	274823571	19.35	NA	NA	NA	4316	61086847	87.04	1727	152	2410
1972	4049559	5321338143	341	34118341	155.97	51883255	0	102.56	53667022	148113	274971684	19.35	NA	NA	NA	751	61087598	87.11	352	55	317
1973	4541769	5325879912	1738	34120079	156.09	51883255	0	102.65	53667022	171420	275143104	19.36	NA	NA	NA	7733	61095331	87.17	1500	131	6075
1974	4593745	5330473657	2060	34122139	156.22	51883255	0	102.74	53667022	177752	275320856	19.36	NA	NA	NA	11727	61107058	87.23	1945	121	9634
1975	4443825	5334917482	2958	34125097	156.33	51883255	0	102.83	53721138	171934	275492790	19.36	NA	NA	NA	10308	61117366	87.29	905	250	9126
1976	4418777	5339336259	1356	34126453	156.46	51883255	0	102.91	53721138	163289	275656079	19.37	NA	NA	NA	4473	61121839	87.36	1003	178	3265
1977	4431938	5343768197	737	34127190	156.58	51883255	0	103.00	53721138	164138	275820217	19.37	NA	NA	NA	3337	61125176	87.42	1067	106	2137
1978	4396917	5348165114	689	34127879	156.71	51883255	0	103.08	53721138	160843	275981060	19.38	NA	NA	NA	1767	61126943	87.49	151	109	1480
1979	4290788	5352455902	481	34128360	156.83	51883255	0	103.16	53721138	155733	276136793	19.38	NA	NA	NA	1729	61128672	87.56	371	67	1264
1980	4170284	5356626186	375	34128735	156.95	51883255	0	103.24	53721138	152059	276288852	19.39	NA	NA	NA	1097	61129769	87.63	476	64	530
1981	4320824	5360947010	680	34129415	157.08	51883255	0	103.33	53721138	157840	276446692	19.39	NA	NA	NA	3414	61133183	87.69	1293	75	2019
1982	4163307	5365110317	421	34129836	157.20	51883255	0	103.41	53721138	152922	276599614	19.40	NA	NA	NA	1422	61134605	87.76	631	70	694
1983	4177387	5369287704	626	34130462	157.32	51883255	0	103.49	53730687	153277	276752891	19.40	NA	NA	NA	2071	61136676	87.82	180	100	1764
1984	4449160	5373736864	949	34131411	157.44	51883255	0	103.57	53730687	163964	276916855	19.41	NA	NA	NA	4838	61141514	87.89	1294	105	3412
1985	4573409	5378310273	804	34132215	157.57	51883255	0	103.66	53730687	167693	277084548	19.41	NA	NA	NA	4386	61145900	87.96	1881	80	2398
1986	4233133	5382543406	231	34132446	157.70	51883255	0	103.74	53730687	153508	277238056	19.41	NA	NA	NA	362	61146262	88.03	163	28	144
1987	4172702	5386716108	569	34133015	157.82	52214849	1	103.16	53730687	153706	277391762	19.42	NA	NA	NA	2110	61148372	88.09	583	98	1402
1988	4170406	5390886514	433	34133448	157.94	52214849	0	103.24	53730687	152149	277543911	19.42	NA	NA	NA	1455	61149827	88.16	638	72	718
1989	4369948	5395256462	1368	34134816	158.06	52214849	0	103.33	53730687	164236	277708147	19.43	NA	NA	NA	6721	61156548	88.22	389	163	6142
1990	4384842	5399641304	1364	34136180	158.18	52214849	0	103.41	53730687	162514	277870661	19.43	NA	NA	NA	5403	61161951	88.28	500	140	4736
1991	4472861	5404114165	1165	34137345	158.31	52214849	0	103.50	53747129	165782	278036443	19.44	NA	NA	NA	4533	61166484	88.35	445	93	3968
1992	4409467	5408523632	2182	34139527	158.42	52214849	0	103.58	53747129	171887	278208330	19.44	NA	NA	NA	11456	61177940	88.41	493	119	10817
1993	4567572	5413091204	1552	34141079	158.55	52214849	0	103.67	53747129	172040	278380370	19.44	NA	NA	NA	6789	61184729	88.47	765	101	5896
1994	4367899	5417459103	860	34141939	158.67	52214849	0	103.75	53747129	161301	278541671	19.45	NA	NA	NA	4149	61188878	88.54	295	83	3744
1995	4209676	5421668779	429	34142368	158.80	52214849	0	103.83	53747129	153563	278695234	19.45	NA	NA	NA	2046	61190924	88.60	790	58	1171
1996	4356072	5426024851	463	34142831	158.92	52214849	0	103.92	53747129	157969	278853203	19.46	NA	NA	NA	1795	61192719	88.67	443	74	1251
1997	4671672	5430696523	3716	34146547	159.04	52214849	0	104.01	53747129	192360	279045563	19.46	NA	NA	NA	22379	61215098	88.71	1094	210	21048
1998	4677272	5435373795	4101	34150648	159.16	52214849	0	104.10	53747129	185709	279231272	19.47	NA	NA	NA	18493	61233591	88.76	1155	259	17052
1999	4492274	5439866069	1493	34152141	159.28	52214849	0	104.18	53792796	168991	279400263	19.47	NA	NA	NA	8103	61241694	88.83	1020	111	6945
2000	4347375	5444213444	641	34152782	159.41	52214849	0	104.27	53792796	158040	279558303	19.47	NA	NA	NA	3119	61244813	88.89	457	75	2560
2001	4508004	5448721448	951	34153733	159.54	52214849	0	104.35	53792796	167202	279725505	19.48	NA	NA	NA	4881	61249694	88.96	304	88	4462
2002	4357755	5453079203	787	34154520	159.66	52214849	0	104.44	53792796	158918	279884423	19.48	NA	NA	NA	3743	61253437	89.02	445	71	3200
2003	4350347	5457429550	668	34155188	159.78	52214849	0	104.52	53792796	158370	280042793	19.49	NA	NA	NA	3017	61256454	89.09	279	81	2630
2004	4370635	5461800185	831	34156019	159.91	52214849	0	104.60	53792796	160256	280203049	19.49	NA	NA	NA	3625	61260079	89.16	561	90	2947
2005	4365744	5466165929	769	34156788	160.03	52214849	0	104.69	53792796	160188	280363237	19.50	NA	NA	NA	3312	61263391	89.22	226	81	2978
2006	4545245	5470711174	1303	34158091	160.16	52214849	0	104.77	53792796	166931	280530168	19.50	NA	NA	NA	5356	61268747	89.29	757	77	4495
2007	4380756	5475091930	1123	34159214	160.28	52214849	0	104.86	53809835	162136	280692304	19.51	NA	NA	NA	5169	61273916	89.35	414	104	4624
2008	4356595	5479448525	1421	34160635	160.40	52214849	0	104.94	53809835	163131	280855435	19.51	NA	NA	NA	6143	61280059	89.42	212	115	5789
2009	4489828	5483938353	1108	34161743	160.53	52214849	0	105.03	53809835	165160	281020595	19.51	NA	NA	NA	5022	61285081	89.48	412	127	4456
2010	4317068	5488255421	584	34162327	160.65	52214849	0	105.11	53809835	156663	281177258	19.52	NA	NA	NA	2515	61287596	89.55	845	77	1566
2011	4414111	5492669532	874	34163201	160.78	52214849	0	105.19	53809835	162103	281339361	19.52	NA	NA	NA	4688	61292284	89.61	1340	105	3216
2012	4218304	5496887836	445	34163646	160.90	52214849	0	105.27	53809835	154666	281494027	19.53	NA	NA	NA	1643	61293927	89.68	617	67	932
2013	4335525	5501223361	859	34164505	161.02	52214849	0	105.36	53809835	161929	281655956	19.53	NA	NA	NA	3273	61297200	89.75	670	105	2471
2014	4812473	5506035834	2458	34166963	161.15	52214849	0	105.45	53809835	188564	281844520	19.54	NA	NA	NA	15978	61313178	89.80	2535	126	13290
2015	4411217	5510447051	923	34167886	161.28	52214849	0	105.53	53834559	161838	282006358	19.54	NA	NA	NA	4644	61317822	89.87	1361	101	3155
2016	4400630	5514847681	234728	34402614	160.30	52214849	0	105.62	53834559	160327	282166685	19.54	NA	NA	NA	2285	61320107	89.94	241	74	1943
2017	4456199	5519303880	1139	34403753	160.43	52214849	0	105.70	53834559	163115	282329800	19.55	NA	NA	NA	3831	61323938	90.00	438	130	3236
2018	4457945	5523761825	888	34404641	160.55	52214849	0	105.79	53834559	163883	282493683	19.55	NA	NA	NA	3898	61327836	90.07	434	74	3363
2019	4168317	5527930142	420	34405061	160.67	52214849	0	105.87	53834559	151959	282645642	19.56	NA	NA	NA	969	61328805	90.14	300	73	569
2020	4467837	5532397979	1329	34406390	160.80	52214849	0	105.95	53834559	166248	282811890	19.56	NA	NA	NA	6010	61334815	90.20	545	133	5305
2021	4296133	5536694112	882	34407272	160.92	52214849	0	106.04	53834559	159981	282971871	19.57	NA	NA	NA	3747	61338562	90.26	483	101	3136
2022	4224735	5540918847	488	34407760	161.04	52214849	0	106.12	53834559	155117	283126988	19.57	NA	NA	NA	1937	61340499	90.33	599	74	1237
2023	4391494	5545310341	484	34408244	161.16	52214849	0	106.20	53848487	159436	283286424	19.57	NA	NA	NA	1599	61342098	90.40	147	67	1358
2024	4395816	5549706157	1110	34409354	161.28	52214849	0	106.29	53848487	162126	283448550	19.58	NA	NA	NA	4293	61346391	90.47	155	126	3985
2025	4494097	5554200254	1021	34410375	161.41	52214849	0	106.37	53848487	163979	283612529	19.58	NA	NA	NA	4106	61350497	90.53	676	129	3274
2026	4489728	5558689982	1272	34411647	161.54	52214849	0	106.46	53848487	168655	283781184	19.59	NA	NA	NA	7074	61357571	90.60	635	70	6342
2027	4457547	5563147529	1138	34412785	161.66	52214849	0	106.54	53848487	163632	283944816	19.59	NA	NA	NA	4172	61361743	90.66	555	61	3529
2028	4160747	5567308276	392	34413177	161.78	52214849	0	106.62	53848487	151798	284096614	19.60	NA	NA	NA	800	61362543	90.73	159	70	544
2029	4464189	5571772465	1036	34414213	161.90	52214849	0	106.71	53848487	163682	284260296	19.60	NA	NA	NA	4064	61366607	90.79	571	67	3399
2030	4543281	5576315746	426	34414639	162.03	52214849	0	106.80	53848487	166513	284426809	19.61	NA	NA	NA	1346	61367953	90.87	190	67	1062
2031	4019993	5580335739	185	34414824	162.15	52214849	0	106.87	53864793	147232	284574041	19.61	NA	NA	NA	250	61368203	90.93	87	22	114
2032	4439135	5584774874	796	34415620	162.27	52214849	0	106.96	53864793	163726	284737767	19.61	NA	NA	NA	3853	61372056	91.00	1082	79	2665
2033	4618555	5589393429	960	34416580	162.40	52214849	0	107.05	53864793	171849	284909616	19.62	NA	NA	NA	5538	61377594	91.07	1497	86	3928
2034	4805501	5594198930	761	34417341	162.54	52214849	0	107.14	53864793	175137	285084753	19.62	NA	NA	NA	4984	61382578	91.14	2540	75	2342
2035	5064844	5599263774	4189	34421530	162.67	52214849	0	107.24	53864793	205735	285290488	19.63	NA	NA	NA	24685	61407263	91.18	3384	298	20976
2036	4302876	5603566650	439	34421969	162.79	52214849	0	107.32	53864793	157248	285447736	19.63	NA	NA	NA	1469	61408732	91.25	1042	64	336
2037	4977381	5608544031	2407	34424376	162.92	52214849	0	107.41	53864793	187012	285634748	19.64	NA	NA	NA	12535	61421267	91.31	3166	223	9119
2038	4272617	5612816648	710	34425086	163.04	52214849	0	107.49	53864793	155355	285790103	19.64	NA	NA	NA	1989	61423256	91.38	734	79	1149
2039	4870278	5617686926	1864	34426950	163.18	52214849	0	107.59	53900508	190420	285980523	19.64	NA	NA	NA	14948	61438204	91.44	2621	105	12195
2040	4589231	5622276157	801	34427751	163.31	52214849	0	107.68	53900508	166993	286147516	19.65	NA	NA	NA	3851	61442055	91.51	718	87	3019
2041	4348324	5626624481	1885	34429636	163.42	52214849	0	107.76	53900508	169391	286316907	19.65	NA	NA	NA	11201	61453256	91.56	1039	111	10024
2042	4036263	5630660744	623	34430259	163.54	52214849	0	107.84	53900508	149159	286466066	19.66	NA	NA	NA	1668	61454924	91.62	239	96	1306
2043	4892967	5635553711	2675	34432934	163.67	52214849	0	107.93	53900508	185500	286651566	19.66	NA	NA	NA	12246	61467170	91.68	1620	352	10247
2044	4890298	5640444009	1294	34434228	163.80	52214849	0	108.02	53900508	182276	286833842	19.66	NA	NA	NA	9649	61476819	91.75	3149	118	6355
2045	4159975	5644603984	404	34434632	163.92	52214849	0	108.10	53900508	151719	286985561	19.67	NA	NA	NA	788	61477607	91.82	148	70	543
2046	4907504	5649511488	805	34435437	164.06	52214849	0	108.20	53900508	177825	287163386	19.67	NA	NA	NA	4810	61482417	91.89	1914	80	2789
2047	4851006	5654362494	989	34436426	164.20	52214849	0	108.29	53926285	180967	287344353	19.68	NA	NA	NA	5841	61488258	91.96	159	76	5579
2048	4217830	5658580324	429	34436855	164.32	52214849	0	108.37	53926285	153815	287498168	19.68	NA	NA	NA	1246	61489504	92.03	555	72	592
2049	4161638	5662741962	459	34437314	164.44	52214849	0	108.45	53926285	152220	287650388	19.69	NA	NA	NA	1192	61490696	92.09	148	70	947
2050	4234435	5666976397	566	34437880	164.56	52214849	0	108.53	53926285	155294	287805682	19.69	NA	NA	NA	1867	61492563	92.16	530	81	1229
2051	4177908	5671154305	464	34438344	164.68	52214849	0	108.61	53926285	152382	287958064	19.69	NA	NA	NA	949	61493512	92.22	209	75	638
2052	4168503	5675322808	488	34438832	164.79	52214849	0	108.69	53926285	153087	288111151	19.70	NA	NA	NA	1606	61495118	92.29	154	72	1353
2053	4904183	5680226991	1620	34440452	164.93	52214849	0	108.79	53926285	182014	288293165	19.70	NA	NA	NA	8085	61503203	92.36	1967	105	5986
2054	4447895	5684674886	488	34440940	165.06	52214849	0	108.87	53926285	160295	288453460	19.71	NA	NA	NA	1750	61504953	92.43	690	70	963
2055	4632129	5689307015	892	34441832	165.19	52214849	0	108.96	53935881	163225	288616685	19.71	NA	NA	NA	3893	61508846	92.50	1668	120	2078
2056	4341463	5693648478	1314	34443146	165.31	52214849	0	109.04	53935881	168646	288785331	19.72	NA	NA	NA	8532	61517378	92.55	382	103	8020
2057	4363880	5698012358	828	34443974	165.43	52214849	0	109.13	53935881	163538	288948869	19.72	NA	NA	NA	3820	61521198	92.62	1065	115	2613
2058	4358344	5702370702	424	34444398	165.55	52214849	0	109.21	53935881	161926	289110795	19.72	NA	NA	NA	2542	61523740	92.69	1040	55	1420
2059	4194491	5706565193	551	34444949	165.67	52214849	0	109.29	53935881	154028	289264823	19.73	NA	NA	NA	1543	61525283	92.75	105	85	1326
2060	4190375	5710755568	603	34445552	165.79	52214849	0	109.37	53935881	153513	289418336	19.73	NA	NA	NA	1925	61527208	92.82	239	79	1580
2061	4168207	5714923775	461	34446013	165.91	52214849	0	109.45	53935881	152456	289570792	19.74	NA	NA	NA	1170	61528378	92.88	159	75	909
2062	4127330	5719051105	768	34446781	166.03	52214849	0	109.53	53935881	153518	289724310	19.74	NA	NA	NA	3240	61531618	92.94	347	102	2764
2063	4228789	5723279894	435	34447216	166.15	52214849	0	109.61	53949092	154390	289878700	19.74	NA	NA	NA	1805	61533423	93.01	806	61	911
2064	4063666	5727343560	448	34447664	166.26	52214849	0	109.69	53949092	149930	290028630	19.75	NA	NA	NA	1846	61535269	93.07	299	61	1459
2065	4036011	5731379571	353	34448017	166.38	52214849	0	109.77	53949092	148293	290176923	19.75	NA	NA	NA	911	61536180	93.14	75	58	751
2066	4037880	5735417451	382	34448399	166.49	52214849	0	109.84	53949092	148145	290325068	19.76	NA	NA	NA	830	61537010	93.20	129	61	613
2067	3351133	5738768584	53681	34502080	166.33	52214849	0	109.91	53949092	171138	290496206	19.76	NA	NA	NA	84480	61621490	93.13	5222	414	78817
2068	678867	5739447451	681	34502761	166.35	52214849	0	109.92	53949092	27905	290524111	19.76	NA	NA	NA	2757	61624247	93.14	1752	73	905
2069	2212332	5741659783	4062	34506823	166.39	52214849	0	109.96	53949092	119275	290643386	19.75	NA	NA	NA	23803	61648050	93.14	3798	261	19717
2070	2187613	5743847396	1060	34507883	166.45	52214849	0	110.00	53949092	104241	290747627	19.76	NA	NA	NA	10203	61658253	93.16	2690	61	7425
2071	2178149	5746025545	1546	34509429	166.51	52214849	0	110.05	54278134	100794	290848421	19.76	NA	NA	NA	9213	61667466	93.18	4065	89	5032
2072	2183020	5748208565	974	34510403	166.56	52214849	0	110.09	54278134	102091	290950512	19.76	NA	NA	NA	8725	61676191	93.20	2873	49	5776
2073	2183489	5750392054	1050	34511453	166.62	52214849	0	110.13	54278134	101894	291052406	19.76	NA	NA	NA	10204	61686395	93.22	4566	67	5544
2074	2203437	5752595491	504	34511957	166.68	52214849	0	110.17	54278134	99003	291151409	19.76	NA	NA	NA	7438	61693833	93.24	4585	40	2786
2075	2219947	5754815438	1327	34513284	166.74	52214849	0	110.21	54278134	109271	291260680	19.76	NA	NA	NA	14770	61708603	93.26	4546	81	10116
2076	2184631	5757000069	1152	34514436	166.80	52214849	0	110.26	54278134	102208	291362888	19.76	NA	NA	NA	8644	61717247	93.28	2612	103	5902
2077	2187676	5759187745	1535	34515971	166.86	52214849	0	110.30	54278134	102189	291465077	19.76	NA	NA	NA	10425	61727672	93.30	4096	96	6206
2078	2176729	5761364474	822	34516793	166.91	52214849	0	110.34	54278134	101074	291566151	19.76	NA	NA	NA	9150	61736822	93.32	4242	52	4829
2079	2261765	5763626239	3198	34519991	166.96	52214849	0	110.38	54332477	108241	291674392	19.76	NA	NA	NA	13750	61750572	93.34	4317	70	9336
2080	2178870	5765805109	1266	34521257	167.02	52214849	0	110.42	54332477	100498	291774890	19.76	NA	NA	NA	8774	61759346	93.36	4104	52	4591
2081	2193458	5767998567	1049	34522306	167.08	52214849	0	110.47	54332477	106216	291881106	19.76	NA	NA	NA	13362	61772708	93.37	4495	43	8797
2082	2207497	5770206064	1073	34523379	167.14	52214849	0	110.51	54332477	100737	291981843	19.76	NA	NA	NA	8725	61781433	93.40	4669	70	3959
2083	2186982	5772393046	793	34524172	167.20	52214849	0	110.55	54332477	103773	292085616	19.76	NA	NA	NA	6970	61788403	93.42	35	28	6880
2084	1783844	5774176890	556	34524728	167.25	52214849	0	110.58	54332477	80499	292166115	19.76	NA	NA	NA	4563	61792966	93.44	3822	40	674
2085	1929562	5776106452	895	34525623	167.30	52214849	0	110.62	54332477	84900	292251015	19.76	NA	NA	NA	3944	61796910	93.47	2113	105	1699
2086	69943	5776176395	3550	34529173	167.28	52214849	0	110.62	54332477	2804	292253819	19.76	NA	NA	NA	3730	61800640	93.46	441	448	2814
2087	819231	5776995626	3084	34532257	167.29	52214849	0	110.64	54450477	42099	292295918	19.76	NA	NA	NA	12588	61813228	93.46	2106	316	10139
2088	94895	5777090521	512	34532769	167.29	52214849	0	110.64	54450477	3480	292299398	19.76	NA	NA	NA	1380	61814608	93.46	80	70	1203
2089	105792	5777196313	1062	34533831	167.29	52214849	0	110.64	54450477	6983	292306381	19.76	NA	NA	NA	4055	61818663	93.45	85	77	3866
2090	119552	5777315865	2075	34535906	167.28	52214849	0	110.65	54450477	8557	292314938	19.76	NA	NA	NA	5550	61824213	93.45	270	267	4986
2091	672736	5777988601	787	34536693	167.30	52214849	0	110.66	54450477	27616	292342554	19.76	NA	NA	NA	3930	61828143	93.45	1256	89	2558
2092	678223	5778666824	1158	34537851	167.31	52214849	0	110.67	54450477	30104	292372658	19.76	NA	NA	NA	4489	61832632	93.46	118	102	4242
2093	643932	5779310756	401	34538252	167.33	52214849	0	110.68	54450477	24836	292397494	19.77	NA	NA	NA	1201	61833833	93.47	60	49	1065
2094	99015	5779409771	593	34538845	167.33	52214849	0	110.69	54450477	4964	292402458	19.77	NA	NA	NA	2528	61836361	93.46	83	73	2345
2095	752245	5780162016	4781	34543626	167.33	52214849	0	110.70	54475063	49146	292451604	19.76	NA	NA	NA	19340	61855701	93.45	391	388	18534
2096	101943	5780263959	921	34544547	167.33	52214849	0	110.70	54475063	4897	292456501	19.76	NA	NA	NA	2665	61858366	93.44	113	100	2425
2097	99243	5780363202	690	34545237	167.33	52214849	0	110.70	54475063	4328	292460829	19.76	NA	NA	NA	2103	61860469	93.44	225	76	1775
2098	677680	5781040882	964	34546201	167.34	52214849	0	110.72	54475063	29205	292490034	19.76	NA	NA	NA	3999	61864468	93.45	111	94	3767
2099	104513	5781145395	1044	34547245	167.34	52720948	1	109.66	54475063	5648	292495682	19.76	NA	NA	NA	3203	61867671	93.44	109	97	2970
2100	312435	5781457830	2343	34549588	167.34	52720948	0	109.66	54475063	19060	292514742	19.76	NA	NA	NA	8663	61876334	93.44	460	261	7915
2101	799615	5782257445	1762	34551350	167.35	52720948	0	109.68	54475063	34403	292549145	19.77	NA	NA	NA	5225	61881559	93.44	361	230	4607
2102	92939	5782350384	401	34551751	167.35	52720948	0	109.68	54475063	2683	292551828	19.77	NA	NA	NA	809	61882368	93.44	66	58	658
2103	143979	5782494363	244	34551995	167.36	52720948	0	109.68	54492207	6285	292558113	19.77	NA	NA	NA	630	61882998	93.44	34	31	538
2104	1423013	5783917376	3252	34555247	167.38	52720948	0	109.71	54492207	74191	292632304	19.77	NA	NA	NA	12193	61895191	93.45	1092	187	10887
2105	1031200	5784948576	1671	34556918	167.40	52720948	0	109.73	54492207	63253	292695557	19.76	NA	NA	NA	13154	61908345	93.44	1608	70	11449
2106	752592	5785701168	961	34557879	167.42	52720948	0	109.74	54492207	32784	292728341	19.76	NA	NA	NA	2438	61910783	93.45	552	52	1807
2107	743725	5786444893	269	34558148	167.44	52720948	0	109.76	54492207	31984	292760325	19.77	NA	NA	NA	2064	61912847	93.46	970	28	1039
2108	591229	5787036122	356	34558504	167.46	52720948	0	109.77	54492207	23751	292784076	19.77	NA	NA	NA	2469	61915316	93.47	1310	31	1101
2109	10117	5787046239	459	34558963	167.45	52720948	0	109.77	54492207	750	292784826	19.77	NA	NA	NA	783	61916099	93.47	109	31	616
2110	918881	5787965120	984	34559947	167.48	52720948	0	109.78	54492207	44625	292829451	19.77	NA	NA	NA	6634	61922733	93.47	1838	64	4705
2111	589171	5788554291	285	34560232	167.49	52720948	0	109.80	54524795	22713	292852164	19.77	NA	NA	NA	1841	61924574	93.48	1295	34	485
2112	605293	5789159584	566	34560798	167.51	52720948	0	109.81	54524795	28106	292880270	19.77	NA	NA	NA	5264	61929838	93.48	1296	28	3913
2113	601278	5789760862	696	34561494	167.52	52720948	0	109.82	54524795	25604	292905874	19.77	NA	NA	NA	3755	61933593	93.48	1317	49	2362
2114	579351	5790340213	389	34561883	167.54	52720948	0	109.83	54524795	22899	292928773	19.77	NA	NA	NA	2187	61935780	93.49	1271	43	846
2115	800907	5791141120	990	34562873	167.55	52720948	0	109.85	54524795	35627	292964400	19.77	NA	NA	NA	3211	61938991	93.50	632	77	2475
2116	808023	5791949143	1347	34564220	167.57	52720948	0	109.86	54524795	39391	293003791	19.77	NA	NA	NA	6034	61945025	93.50	585	100	5322
2117	858655	5792807798	4475	34568695	167.57	52720948	0	109.88	54524795	38760	293042551	19.77	NA	NA	NA	7865	61952890	93.50	1861	242	5735
2118	582066	5793389864	183	34568878	167.59	52720948	0	109.89	54524795	22353	293064904	19.77	NA	NA	NA	1692	61954582	93.51	1251	19	395
2119	757458	5794147322	367	34569245	167.61	52720948	0	109.90	54540934	32413	293097317	19.77	NA	NA	NA	1333	61955915	93.52	53	37	1216
2120	600749	5794748071	437	34569682	167.63	52720948	0	109.91	54540934	23644	293120961	19.77	NA	NA	NA	1257	61957172	93.53	103	49	1078
2121	736246	5795484317	489	34570171	167.64	52720948	0	109.93	54540934	31885	293152846	19.77	NA	NA	NA	1839	61959011	93.54	446	37	1329
2122	762625	5796246942	427	34570598	167.66	52720948	0	109.94	54540934	33654	293186500	19.77	NA	NA	NA	2129	61961140	93.55	58	40	2004
2123	793075	5797040017	940	34571538	167.68	52720948	0	109.96	54540934	36398	293222898	19.77	NA	NA	NA	4624	61965764	93.55	1653	75	2869
2124	752755	5797792772	412	34571950	167.70	52720948	0	109.97	54540934	34036	293256934	19.77	NA	NA	NA	2371	61968135	93.56	41	31	2272
2125	1108488	5798901260	992	34572942	167.73	52720948	0	109.99	54540934	56708	293313642	19.77	NA	NA	NA	3201	61971336	93.57	1178	129	1867
2126	2027692	5800928952	1082	34574024	167.78	52720948	0	110.03	54540934	95946	293409588	19.77	NA	NA	NA	8369	61979705	93.59	3926	89	4327
2127	2228275	5803157227	5411	34579435	167.82	52720948	0	110.07	54644213	117302	293526890	19.77	NA	NA	NA	20570	62000275	93.60	2569	214	17760
2128	2113782	5805271009	345616	34925051	166.22	52720948	0	110.11	54644213	106018	293632908	19.77	NA	NA	NA	15983	62016258	93.61	4201	320	11435
2129	2242609	5807513618	2306	34927357	166.27	52720948	0	110.16	54644213	107794	293740702	19.77	NA	NA	NA	11811	62028069	93.63	4010	100	7674
2130	2499302	5810012920	2058	34929415	166.34	52720948	0	110.20	54644213	122843	293863545	19.77	NA	NA	NA	11594	62039663	93.65	3016	191	8360
2131	2810501	5812823421	2284	34931699	166.41	52720948	0	110.26	54644213	134238	293997783	19.77	NA	NA	NA	15229	62054892	93.67	5504	107	9591
2132	2733210	5815556631	644	34932343	166.48	52720948	0	110.31	54644213	121479	294119262	19.77	NA	NA	NA	6584	62061476	93.71	5529	71	957
2133	2783568	5818340199	1366	34933709	166.55	52720948	0	110.36	54644213	125927	294245189	19.77	NA	NA	NA	9533	62071009	93.74	5889	72	3545
2134	2447682	5820787881	590	34934299	166.62	52720948	0	110.41	54644213	112964	294358153	19.77	NA	NA	NA	7692	62078701	93.76	5270	52	2343
2135	2098064	5822885945	483	34934782	166.68	52720948	0	110.45	54690323	94383	294452536	19.78	NA	NA	NA	6210	62084911	93.79	4251	43	1889
2136	1341160	5824227105	523	34935305	166.71	52720948	0	110.47	54690323	64717	294517253	19.78	NA	NA	NA	2520	62087431	93.81	1622	46	825
2137	2672115	5826899220	1636	34936941	166.78	52720948	0	110.52	54690323	129276	294646529	19.78	NA	NA	NA	11983	62099414	93.83	5184	119	6653
2138	2286060	5829185280	868	34937809	166.84	52720948	0	110.57	54690323	106480	294753009	19.78	NA	NA	NA	7664	62107078	93.86	3818	74	3745
2139	65731	5829251011	793	34938602	166.84	52720948	0	110.57	54690323	6004	294759013	19.78	NA	NA	NA	3462	62110540	93.85	494	80	2861
2140	673525	5829924536	996	34939598	166.86	52720948	0	110.58	54690323	30058	294789071	19.78	NA	NA	NA	4859	62115399	93.86	1487	52	3293
2141	430	5829924966	162	34939760	166.86	52720948	0	110.58	54690323	117	294789188	19.78	NA	NA	NA	181	62115580	93.86	26	22	106
2142	683843	5830608809	1311	34941071	166.87	52720948	0	110.59	54690323	36062	294825250	19.78	NA	NA	NA	8692	62124272	93.85	1460	46	7159
2143	75441	5830684250	499	34941570	166.87	52720948	0	110.60	54713229	4553	294829803	19.78	NA	NA	NA	1666	62125938	93.85	147	43	1449
2144	673479	5831357729	884	34942454	166.88	52720948	0	110.61	54713229	31090	294860893	19.78	NA	NA	NA	4122	62130060	93.86	68	46	3981
2145	672921	5832030650	995	34943449	166.90	52720948	0	110.62	54713229	31344	294892237	19.78	NA	NA	NA	5335	62135395	93.86	1431	83	3794
2146	691819	5832722469	1484	34944933	166.91	52720948	0	110.63	54713229	40232	294932469	19.78	NA	NA	NA	10299	62145694	93.86	68	46	10158
2147	695952	5833418421	1751	34946684	166.92	52720948	0	110.65	54713229	38256	294970725	19.78	NA	NA	NA	9110	62154804	93.85	181	43	8859
2148	654266	5834072687	1151	34947835	166.94	52720948	0	110.66	54713229	29709	295000434	19.78	NA	NA	NA	3855	62158659	93.86	237	111	3480
2149	697827	5834770514	2271	34950106	166.95	52720948	0	110.67	54713229	36836	295037270	19.78	NA	NA	NA	8542	62167201	93.86	74	52	8389
2150	1718058	5836488572	19160	34969266	166.90	52720948	0	110.71	54713229	137316	295174586	19.77	NA	NA	NA	64400	62231601	93.79	3079	899	60395
2151	1744666	5838233238	782	34970048	166.95	52720948	0	110.74	54788640	81519	295256105	19.77	NA	NA	NA	5734	62237335	93.81	1695	37	3975
2152	1741149	5839974387	682	34970730	167.00	52720948	0	110.77	54788640	82923	295339028	19.77	NA	NA	NA	7017	62244352	93.82	4059	58	2873
2153	1726557	5841700944	341	34971071	167.04	52720948	0	110.80	54788640	78822	295417850	19.77	NA	NA	NA	4324	62248676	93.84	3911	43	343
2154	1740123	5843441067	1082	34972153	167.09	52720948	0	110.84	54788640	82506	295500356	19.77	NA	NA	NA	5690	62254366	93.86	3180	82	2401
2155	1734983	5845176050	1423	34973576	167.13	52720948	0	110.87	54788640	82597	295582953	19.78	NA	NA	NA	6668	62261034	93.88	3630	78	2933
2156	1729949	5846905999	617	34974193	167.18	52720948	0	110.90	54788640	80188	295663141	19.78	NA	NA	NA	4201	62265235	93.90	2916	43	1215
2157	1255862	5848161861	1026	34975219	167.21	52720948	0	110.93	54788640	58004	295721145	19.78	NA	NA	NA	4294	62269529	93.92	2628	85	1554
2158	1598233	5849760094	1184	34976403	167.25	52720948	0	110.96	54788640	78041	295799186	19.78	NA	NA	NA	7688	62277217	93.93	3249	92	4320
2159	1265113	5851025207	436	34976839	167.28	52720948	0	110.98	54804650	60702	295859888	19.78	NA	NA	NA	4203	62281420	93.94	3225	37	914
2160	1612135	5852637342	728	34977567	167.33	52720948	0	111.01	54804650	79453	295939341	19.78	NA	NA	NA	8606	62290026	93.96	3816	34	4729
2161	1603773	5854241115	680	34978247	167.37	52720948	0	111.04	54804650	75470	296014811	19.78	NA	NA	NA	4809	62294835	93.98	2608	75	2099
2162	1925247	5856166362	3450	34981697	167.41	52720948	0	111.08	54804650	95513	296110324	19.78	NA	NA	NA	14539	62309374	93.99	5007	499	9006
2163	1956934	5858123296	893	34982590	167.46	52720948	0	111.12	54804650	87114	296197438	19.78	NA	NA	NA	6332	62315706	94.01	5049	74	1182
2164	1915554	5860038850	650	34983240	167.51	52720948	0	111.15	54804650	85769	296283207	19.78	NA	NA	NA	5742	62321448	94.03	4759	46	910
2165	1903363	5861942213	350	34983590	167.56	52720948	0	111.19	54804650	84747	296367954	19.78	NA	NA	NA	5580	62327028	94.05	4865	31	657
2166	1287548	5863229761	1272	34984862	167.59	52720948	0	111.21	54804650	68366	296436320	19.78	NA	NA	NA	8764	62335792	94.06	3276	64	5397
2167	2070237	5865299998	6136	34990998	167.62	52720948	0	111.25	54843437	124338	296560658	19.78	NA	NA	NA	33048	62368840	94.04	5333	487	27201
2168	1919588	5867219586	952	34991950	167.67	52720948	0	111.29	54843437	89479	296650137	19.78	NA	NA	NA	7937	62376777	94.06	4752	74	3084
2169	1967219	5869186805	2167	34994117	167.72	52720948	0	111.33	54843437	104027	296754164	19.78	NA	NA	NA	15954	62392731	94.07	1003	78	14846
2170	1265929	5870452734	279	34994396	167.75	52720948	0	111.35	54843437	60650	296814814	19.78	NA	NA	NA	4108	62396839	94.08	3230	25	826
2171	1296495	5871749229	906	34995302	167.79	52720948	0	111.37	54843437	67230	296882044	19.78	NA	NA	NA	7239	62404078	94.09	3327	58	3827
2172	1985531	5873734760	1875	34997177	167.83	52720948	0	111.41	54843437	97542	296979586	19.78	NA	NA	NA	13540	62417618	94.10	3269	81	10163
2173	1956541	5875691301	344	34997521	167.89	52720948	0	111.45	54843437	87028	297066614	19.78	NA	NA	NA	2092	62419710	94.13	990	31	1044
2174	1960141	5877651442	421	34997942	167.94	52720948	0	111.49	54843437	88350	297154964	19.78	NA	NA	NA	3062	62422772	94.16	972	25	2038
2175	1954706	5879606148	214	34998156	168.00	52720948	0	111.52	54869347	85706	297240670	19.78	NA	NA	NA	5300	62428072	94.18	4837	22	414
2176	1973401	5881579549	619	34998775	168.05	52720948	0	111.56	54869347	91564	297332234	19.78	NA	NA	NA	4535	62432607	94.21	32	25	4451
2177	2040953	5883620502	2382	35001157	168.10	52720948	0	111.60	54869347	102494	297434728	19.78	NA	NA	NA	14860	62447467	94.22	995	71	13767
2178	1983491	5885603993	1032	35002189	168.15	52720948	0	111.64	54869347	94486	297529214	19.78	NA	NA	NA	10387	62457854	94.23	3183	40	7137
2179	1974786	5887578779	862	35003051	168.20	52720948	0	111.67	54869347	92989	297622203	19.78	NA	NA	NA	10574	62468428	94.25	4850	28	5669
2180	1971818	5889550597	760	35003811	168.25	52720948	0	111.71	54869347	90464	297712667	19.78	NA	NA	NA	4146	62472574	94.27	50	46	4023
2181	1973913	5891524510	804	35004615	168.31	52720948	0	111.75	54869347	92592	297805259	19.78	NA	NA	NA	5482	62478056	94.30	29	25	5401
2182	1906219	5893430729	398	35005013	168.36	52720948	0	111.79	54869347	84735	297889994	19.78	NA	NA	NA	2366	62480422	94.32	1558	40	741
2183	1917828	5895348557	1085	35006098	168.41	52720948	0	111.82	54897499	86926	297976920	19.78	NA	NA	NA	7408	62487830	94.34	4884	71	2426
2184	1603194	5896951751	767	35006865	168.45	52720948	0	111.85	54897499	72944	298049864	19.79	NA	NA	NA	1958	62489788	94.37	662	31	1238
2185	1906538	5898858289	541	35007406	168.50	52720948	0	111.89	54897499	84624	298134488	19.79	NA	NA	NA	2584	62492372	94.39	1666	52	839
2186	1975820	5900834109	1020	35008426	168.55	52720948	0	111.93	54897499	89485	298223973	19.79	NA	NA	NA	7373	62499745	94.41	4975	71	2300
2187	2000002	5902834111	2869	35011295	168.60	52720948	0	111.96	54897499	98939	298322912	19.79	NA	NA	NA	12107	62511852	94.43	1054	83	10943
2188	1966099	5904800210	292	35011587	168.65	52720948	0	112.00	54897499	87047	298409959	19.79	NA	NA	NA	1112	62512964	94.46	125	25	935
2189	1912013	5906712223	614	35012201	168.70	52720948	0	112.04	54897499	88866	298498825	19.79	NA	NA	NA	4502	62517466	94.48	941	34	3500
2190	1952401	5908664624	854	35013055	168.76	52720948	0	112.07	54897499	86122	298584947	19.79	NA	NA	NA	4317	62521783	94.51	3272	61	957
2191	1920228	5910584852	356	35013411	168.81	52720948	0	112.11	54911652	86676	298671623	19.79	NA	NA	NA	2331	62524114	94.53	947	25	1332
2192	1576336	5912161188	481	35013892	168.85	52720948	0	112.14	54911652	75841	298747464	19.79	NA	NA	NA	5092	62529206	94.55	3662	37	1366
2193	1933994	5914095182	533	35014425	168.90	52720948	0	112.18	54911652	86690	298834154	19.79	NA	NA	NA	5230	62534436	94.57	3916	37	1250
2194	2398644	5916493826	12307	35026732	168.91	52720948	0	112.22	54911652	166249	299000403	19.79	NA	NA	NA	56312	62590748	94.53	3830	590	51865
2195	588270	5917082096	796	35027528	168.93	52720948	0	112.23	54911652	26579	299026982	19.79	NA	NA	NA	3321	62594069	94.53	90	75	3129
2196	709948	5917792044	5254	35032782	168.92	52720948	0	112.25	54911652	52962	299079944	19.79	NA	NA	NA	21977	62616046	94.51	1723	408	19819
2197	972785	5918764829	11221	35044003	168.90	52720948	0	112.27	54911652	80450	299160394	19.78	NA	NA	NA	43773	62659819	94.46	1549	207	41990
2198	976097	5919740926	1131	35045134	168.92	52720948	0	112.28	54911652	45765	299206159	19.78	NA	NA	NA	4569	62664388	94.47	1730	58	2754
2199	1236927	5920977853	1959	35047093	168.94	52720948	0	112.31	55002138	67185	299273344	19.78	NA	NA	NA	12292	62676680	94.47	2244	94	9927
2200	2188380	5923166233	3267	35050360	168.99	52720948	0	112.35	55002138	115020	299388364	19.78	NA	NA	NA	19329	62696009	94.47	3340	240	15722
2201	1214112	5924380345	366	35050726	169.02	52720948	0	112.37	55002138	55498	299443862	19.78	NA	NA	NA	4727	62700736	94.49	3244	22	1434
2202	1327570	5925707915	1101	35051827	169.06	52720948	0	112.40	55002138	63734	299507596	19.78	NA	NA	NA	6575	62707311	94.50	3386	46	3116
2203	580917	5926288832	618	35052445	169.07	52720948	0	112.41	55002138	23812	299531408	19.79	NA	NA	NA	2689	62710000	94.50	1189	40	1433
2204	1984946	5928273778	1639	35054084	169.12	52720948	0	112.45	55002138	98494	299629902	19.79	NA	NA	NA	13719	62723719	94.51	4432	84	9176
2205	2868503	5931142281	16767	35070851	169.12	52720948	0	112.50	55002138	198106	299828008	19.78	NA	NA	NA	75608	62799327	94.45	2155	478	72948
2206	1619904	5932762185	14220	35085071	169.10	53427567	1	111.04	55132905	151070	299979078	19.78	NA	NA	NA	72369	62871696	94.36	3410	985	67778
