tu	raw_bytes	wire_bytes	cumulative_raw_bytes	cumulative_wire_bytes	cumulative_ratio	exact
1	2364113	773944	2364113	773944	3.05463056759	true
2	2525815	16019	4889928	789963	6.19007219325	true
3	2749866	9837	7639794	799800	9.55213053263	true
4	2156755	1982	9796549	801782	12.2184696089	true
5	2024712	1233	11821261	803015	14.721096119	true
6	1957958	7222	13779219	810237	17.0064055332	true
7	2091912	495	15871131	810732	19.5762977161	true
8	2172271	1069	18043402	811801	22.2263855304	true
9	2023269	360	20066671	812161	24.7077500643	true
10	2164713	1403	22231384	813564	27.3259190426	true
11	2197076	1498	24428460	815062	29.9712905276	true
12	2032919	340	26461379	815402	32.4519427227	true
13	2070861	943	28532240	816345	34.951203229	true
14	2642429	2738	31174669	819083	38.0604517491	true
15	2078480	1358	33253149	820441	40.5308230574	true
16	2017151	2267	35270300	822708	42.8709821711	true
17	1186096	1466	36456396	824174	44.2338583843	true
18	804563	452	37260959	824626	45.1852827827	true
19	2278690	1676	39539649	826302	47.851329175	true
20	3728430	17818	43268079	844120	51.2582085485	true
21	1972844	505	45240923	844625	53.5633245523	true
22	2144957	22025	47385880	866650	54.6770668667	true
23	2803559	5993	50189439	872643	57.5142859107	true
24	2608982	45819	52798421	918462	57.4856891194	true
25	2711408	2027	55509829	920489	60.3047173839	true
26	2754076	866	58263905	921355	63.2371941326	true
27	2231230	610	60495135	921965	65.61543551	true
28	2035107	600	62530242	922565	67.7786844287	true
29	2229800	572	64760042	923137	70.1521464311	true
30	340176	230	65100218	923367	70.5030805736	true
31	2157873	856	67258091	924223	72.7725786958	true
32	2338973	3071	69597064	927294	75.0539354293	true
33	2900286	7035	72497350	934329	77.5929570847	true
34	2318494	1061	74815844	935390	79.9835833182	true
35	2183853	307	76999697	935697	82.291272709	true
36	1990855	3919	78990552	939616	84.0668443279	true
37	2154058	1001	81144610	940617	86.2674287197	true
38	1128812	1027	82273422	941644	87.37210878	true
39	2187559	1349	84460981	942993	89.566922554	true
40	2198654	1247	86659635	944240	91.777127637	true
41	1931435	664	88591070	944904	93.7566885102	true
42	1930969	631	90522039	945535	95.7363175345	true
43	2258959	2055	92780998	947590	97.9125972203	true
44	1954631	412	94735629	948002	99.9318872745	true
45	2180122	2087	96915751	950089	102.007023553	true
46	1988692	522	98904443	950611	104.043023908	true
47	1973702	555	100878145	951166	106.057349611	true
48	2158936	500	103037081	951666	108.270213499	true
49	2227342	2170	105264423	953836	110.359037612	true
50	2539200	5402	107803623	959238	112.384645938	true
51	2175896	487	109979519	959725	114.594825601	true
52	2230579	435	112210098	960160	116.866041076	true
53	811012	631	113021110	960791	117.633397898	true
54	2095473	846	115116583	961637	119.708978544	true
55	2325526	1707	117442109	963344	121.910873997	true
56	2224832	503	119666941	963847	124.155536096	true
57	1979969	1433	121646910	965280	126.022408006	true
58	2343022	2430	123989932	967710	128.12715793	true
59	2053542	253	126043474	967963	130.215177646	true
60	1848150	403	127891624	968366	132.069510908	true
61	2080255	636	129971879	969002	134.129629247	true
62	2193366	320	132165245	969322	136.348133025	true
63	2144778	751	134310023	970073	138.453521539	true
64	2133036	1021	136443059	971094	140.504481543	true
65	2146766	510	138589825	971604	142.640237175	true
66	1961807	942	140551632	972546	144.51926387	true
67	2115257	772	142666889	973318	146.577879994	true
68	2721104	2714	145387993	976032	148.958223706	true
69	2432008	1007	147820001	977039	151.293859303	true
70	2515999	2228	150336000	979267	153.518907509	true
71	2868901	7365	153204901	986632	155.280693308	true
72	2395218	780	155600119	987412	157.583783669	true
73	2371626	717	157971745	988129	159.869556505	true
74	2083801	364	160055546	988493	161.918744999	true
75	2171678	494	162227224	988987	164.03372744	true
76	2079828	944	164307052	989931	165.978287376	true
77	2107367	635	166414419	990566	167.999324629	true
78	2144943	431	168559362	990997	170.090688468	true
79	2134812	282	170694174	991279	172.195894395	true
80	2142802	343	172836976	991622	174.297238262	true
81	2097141	459	174934117	992081	176.330478056	true
82	2208781	508	177142898	992589	178.465505864	true
83	2124692	599	179267590	993188	180.497136494	true
84	2096365	237	181363955	993425	182.564315374	true
85	2109446	913	183473401	994338	184.518142724	true
86	1938917	445	185412318	994783	186.384686912	true
87	1091762	2098	186504080	996881	187.087606244	true
88	2066228	920	188570308	997801	188.985887968	true
89	2122662	1407	190692970	999208	190.844118542	true
90	866805	1846	191559775	1001054	191.35808358	true
91	875623	2458	192435398	1003512	191.761930101	true
92	1393722	5679	193829120	1009191	192.063861053	true
93	1218267	1156	195047387	1010347	193.049899688	true
94	2053765	2255	197101152	1012602	194.648195441	true
95	1026436	1078	198127588	1013680	195.453780286	true
96	2426369	43968	200553957	1057648	189.622593717	true
97	1061132	2277	201615089	1059925	190.216372857	true
98	1089866	319	202704955	1060244	191.187080521	true
99	649898	2386	203354853	1062630	191.369388216	true
100	1085211	747	204440064	1063377	192.255487941	true
101	931709	1472	205371773	1064849	192.864690674	true
102	853345	1709	206225118	1066558	193.355746242	true
103	1063005	632	207288123	1067190	194.237317629	true
104	2021777	337	209309900	1067527	196.06988863	true
105	1842478	558	211152378	1068085	197.692485149	true
106	839718	808	211992096	1068893	198.32864094	true
107	856092	1332	212848188	1070225	198.881719265	true
108	1820234	228	214668422	1070453	200.539792032	true
109	840054	1187	215508476	1071640	201.101560225	true
110	873697	728	216382173	1072368	201.779774294	true
111	910026	837	217292199	1073205	202.470356549	true
112	2032426	1225	219324625	1074430	204.131143955	true
113	788879	694210	220113504	1768640	124.453537181	true
114	823749	951	220937253	1769591	124.852156798	true
115	827818	1378	221765071	1770969	125.222446582	true
116	833291	1040	222598362	1772009	125.619205094	true
117	865976	1753	223464338	1773762	125.983270585	true
118	823959	1014	224288297	1774776	126.375552182	true
119	828337	1270	225116634	1776046	126.751578506	true
120	1941425	583	227058059	1776629	127.802742722	true
121	2339464	3691	229397523	1780320	128.851848544	true
122	1502031	526	230899554	1780846	129.657226958	true
123	1856259	2862	232755813	1783708	130.489863251	true
124	1836063	762	234591876	1784470	131.463054016	true
125	1826652	612	236418528	1785082	132.441270485	true
126	2280466	5188	238698994	1790270	133.331281874	true
127	1825852	496	240524846	1790766	134.313944982	true
128	2014222	589	242539068	1791355	135.394194897	true
129	2114877	580	244653945	1791935	136.530591232	true
130	2010535	402	246664480	1792337	137.621708418	true
131	2483424	3342	249147904	1795679	138.748575887	true
132	2485872	2760	251633776	1798439	139.917882119	true
133	2102661	780	253736437	1799219	141.025876783	true
134	2255861	1699	255992298	1800918	142.145449154	true
135	1854886	1360	257847184	1802278	143.067375843	true
136	2021571	330	259868755	1802608	144.162654887	true
137	273380	1329	260142135	1803937	144.207993406	true
138	2141761	546	262283896	1804483	145.351270142	true
139	866457	1282	263150353	1805765	145.727906455	true
140	2125819	2776	265276172	1808541	146.679656143	true
141	2012273	1659	267288445	1810200	147.656858358	true
142	866611	228	268155056	1810428	148.116940304	true
143	2074012	652	270229068	1811080	149.208796961	true
144	646	198	270229714	1811278	149.192842844	true
145	3756776	5998	273986490	1817276	150.767681959	true
146	8674	207	273995164	1817483	150.755282993	true
147	223874	177	274219038	1817660	150.863768802	true
148	2042090	1002	276261128	1818662	151.903502685	true
149	1093399	762	277354527	1819424	152.440842267	true
150	2077665	946	279432192	1820370	153.502964782	true
151	1838850	381	281271042	1820751	154.480784028	true
152	1847469	706	283118511	1821457	155.435187874	true
153	2066085	889	285184596	1822346	156.493111626	true
154	816254	391	286000850	1822737	156.907359647	true
155	1849631	972	287850481	1823709	157.837945089	true
156	2100659	1295	289951140	1825004	158.876988763	true
157	2101130	743	292052270	1825747	159.963165762	true
158	2373926	1277	294426196	1827024	161.150699717	true
159	2219690	8474	296645886	1835498	161.616022464	true
160	1104484	2252	297750370	1837750	162.018974289	true
161	656316	1208	298406686	1838958	162.269440629	true
162	668054	449	299074740	1839407	162.593020468	true
163	2145610	1830	301220350	1841237	163.596728721	true
164	1092342	898	302312692	1842135	164.109955025	true
165	2038426	1624	304351118	1843759	165.070987043	true
166	2142430	1494	306493548	1845253	166.098387592	true
167	1084332	367	307577880	1845620	166.652875456	true
168	3586121	2038	311164001	1847658	168.409955197	true
169	1982016	1227	313146017	1848885	169.370197173	true
170	1831080	199	314977097	1849084	170.342232695	true
171	2138659	4373	317115756	1853457	171.094207203	true
172	2077123	1455	319192879	1854912	172.079796238	true
173	2421284	3204	321614163	1858116	173.086159852	true
174	1241086	485	322855249	1858601	173.708745987	true
175	2151657	1778	325006906	1860379	174.699298369	true
176	2668675	1635	327675581	1862014	175.979117772	true
177	677	129	327676258	1862143	175.967290375	true
178	2217848	5857	329894106	1868000	176.602840471	true
179	2204586	735	332098692	1868735	177.713101109	true
180	1987154	1269	334085846	1870004	178.65515047	true
181	2250938	4252	336336784	1874256	179.45082422	true
182	2253213	1006	338589997	1875262	180.556102027	true
183	2178731	508	340768728	1875770	181.668716314	true
184	2239222	586	343007950	1876356	182.805368491	true
185	2271906	1075	345279856	1877431	183.910810038	true
186	865613	3237	346145469	1880668	184.054532219	true
187	887414	597	347032883	1881265	184.467835738	true
188	3523340	18765	350556223	1900030	184.5003621	true
189	3257436	11017	353813659	1911047	185.141264972	true
190	4423450	114844	358237109	2025891	176.829409381	true
191	134181	303	358371290	2026194	176.869189229	true
192	2269484	1638	360640774	2027832	177.845489173	true
193	2001903	797	362642677	2028629	178.762443502	true
194	2955764	4297	365598441	2032926	179.838538638	true
195	3309255	5635	368907696	2038561	180.964757003	true
196	2631637	5076	371539333	2043637	181.802997793	true
197	2820682	3646	374360015	2047283	182.856993879	true
198	2294379	1615	376654394	2048898	183.832672002	true
199	3156643	5645	379811037	2054543	184.863999926	true
200	2834548	1866	382645585	2056409	186.074650033	true
201	2081130	342	384726715	2056751	187.055562389	true
202	2041564	2748	386768279	2059499	187.797264772	true
203	2219444	600	388987723	2060099	188.819917392	true
204	2394959	10825	391382682	2070924	188.989398935	true
205	2106126	589	393488808	2071513	189.95237201	true
206	2425658	18550	395914466	2090063	189.42704885	true
207	1954883	4438	397869349	2094501	189.959016014	true
208	1962463	1944	399831812	2096445	190.718960908	true
209	1962970	1017	401794782	2097462	191.562365373	true
210	1875777	4768	403670559	2102230	192.020168583	true
211	2004004	3755	405674563	2105985	192.62936963	true
212	2280730	6902	407955293	2112887	193.079560336	true
213	1819211	686	409774504	2113573	193.877620503	true
214	1119109	352	410893613	2113925	194.374735622	true
215	4039995	30736	414933608	2144661	193.472818315	true
216	3668499	11645	418602107	2156306	194.129268759	true
217	1977911	559	420580018	2156865	194.995986304	true
218	1787080	347	422367098	2157212	195.793041203	true
219	190	112	422367288	2157324	195.78296445	true
220	192	113	422367480	2157437	195.772798928	true
221	202	118	422367682	2157555	195.762185437	true
222	174	104	422367856	2157659	195.752830267	true
223	190	112	422368046	2157771	195.742757688	true
224	182	108	422368228	2157879	195.733045273	true
225	192	822583	422368420	2980462	141.71239895	true
226	4692774	16205	427061194	2996667	142.512062234	true
227	4467755	14027	431528949	3010694	143.332052012	true
228	4528803	4153	436057752	3014847	144.636776593	true
229	4958211	6800	441015963	3021647	145.952178729	true
230	4111979	2228	445127942	3023875	147.20447836	true
231	5628993	11274	450756935	3035149	148.512292148	true
232	5033474	4913	455790409	3040062	149.92799785	true
233	5819859	15734	461610268	3055796	151.060564252	true
234	4421038	4022	466031306	3059818	152.306871193	true
235	4696118	5320	470727424	3065138	153.574626656	true
236	4537093	5902	475264517	3071040	154.756863147	true
237	3757262	2235	479021779	3073275	155.866877842	true
238	3625335	1566	482647114	3074841	156.966527375	true
239	2986916	1698	485634030	3076539	157.850763472	true
240	3212306	578	488846336	3077117	158.86504673	true
241	5128272	5897	493974608	3083014	160.224575042	true
242	4167906	7083	498142514	3090097	161.206109064	true
243	3972864	3390	502115378	3093487	162.313718467	true
244	3625279	558	505740657	3094045	163.456141394	true
245	4171612	1043	509912269	3095088	164.748875961	true
246	3900385	2212	513812654	3097300	165.890502696	true
247	4647868	5009	518460522	3102309	167.120851598	true
248	3189766	678	521650288	3102987	168.112302114	true
249	3618424	775	525268712	3103762	169.236143751	true
250	3998628	1172	529267340	3104934	170.460093516	true
251	3287123	560	532554463	3105494	171.487841548	true
252	3301860	2079	535856323	3107573	172.435634819	true
253	2974306	2062	538830629	3109635	173.277773436	true
254	3349993	1969	542180622	3111604	174.244737441	true
255	3343470	2005	545524092	3113609	175.206357638	true
256	5338718	7687	550862810	3121296	176.485283677	true
257	3505271	5123	554368081	3126419	177.317269694	true
258	12057749	1285420	566425830	4411839	128.387692751	true
259	4091247	2071	570517077	4413910	129.254352037	true
260	3385802	961	573902879	4414871	129.99312528	true
261	3067613	1072	576970492	4415943	130.656236278	true
262	3646994	1988	580617486	4417931	131.422941191	true
263	5801598	16361	586419084	4434292	132.246384316	true
264	2953489	472	589372573	4434764	132.898294701	true
265	4158455	2616	593531028	4437380	133.757088192	true
266	3416900	1666	596947928	4439046	134.476625834	true
267	4008697	1300	600956625	4440346	135.340044447	true
268	4474720	1903	605431345	4442249	136.28937617	true
269	6348779	10667	611780124	4452916	137.388651392	true
270	3028678	699	614808802	4453615	138.047137438	true
271	3481459	2158	618290261	4455773	138.761615774	true
272	5534884	3046	623825145	4458819	139.908156173	true
273	4065487	1497	627890632	4460316	140.772678886	true
274	3174398	696	631065030	4461012	141.462302724	true
275	9966603	32937	641031633	4493949	142.643281666	true
276	3820037	1360	644851670	4495309	143.449909673	true
277	2056852	2101	646908522	4497410	143.840237381	true
278	2301148	1561	649209670	4498971	144.30181257	true
279	2469650	1326	651679320	4500297	144.808069334	true
280	3696328	2839	655375648	4503136	145.537609346	true
281	2365559	854	657741207	4503990	146.035228098	true
282	4399740	8162	662140947	4512152	146.746152834	true
283	2314783	739	664455730	4512891	147.23504955	true
284	2437411	638	666893141	4513529	147.754260801	true
285	2593740	1572	669486881	4515101	148.277276854	true
286	4408079	4503	673894960	4519604	149.10486848	true
287	1936260	524	675831220	4520128	149.515947336	true
288	1941572	1234	677772792	4521362	149.904562386	true
289	2096606	769	679869398	4522131	150.342703031	true
290	4858194	3621	684727592	4525752	151.295871272	true
291	2012910	496	686740502	4526248	151.724011146	true
292	2453	460	686742955	4526708	151.709134983	true
293	4639222	29487	691382177	4556195	151.745519452	true
294	3927881	2674	695310058	4558869	152.518104381	true
295	4684806	4301	699994864	4563170	153.401005003	true
296	2173112	665	702167976	4563835	153.854812017	true
297	828820	363	702996796	4564198	154.024167225	true
298	4005274	2837	707002070	4567035	154.805485397	true
299	4042304	1653	711044374	4568688	155.634259551	true
300	3610356	1808	714654730	4570496	156.362620162	true
301	3436414	592	718091144	4571088	157.094141264	true
302	3937166	1050	722028310	4572138	157.919185729	true
303	3603332	1380	725631642	4573518	158.659404423	true
304	4051415	771	729683057	4574289	159.518355093	true
305	4093574	580	733776631	4574869	160.392927317	true
306	3035343	435	736811974	4575304	161.041096723	true
307	3389540	1064	740201514	4576368	161.744316454	true
308	4452736	2590	744654250	4578958	162.625263215	true
309	3638020	1502	748292270	4580460	163.366183746	true
310	2841890	476	751134160	4580936	163.969581762	true
311	3000890	1075	754135050	4582011	164.586040933	true
312	2741515	544	756876565	4582555	165.164753069	true
313	2863323	494	759739888	4583049	165.771713983	true
314	2734982	438	762474870	4583487	166.352576106	true
315	2960009	518	765434879	4584005	166.979503513	true
316	2820418	270	768255297	4584275	167.584906446	true
317	3443053	790	771698350	4585065	168.306959661	true
318	2956245	628	774654595	4585693	168.928577425	true
319	3417930	978	778072525	4586671	169.637744892	true
320	1958069	2554	780030594	4589225	169.970004521	true
321	3578440	6013	783609034	4595238	170.526321814	true
322	3299396	925	786908430	4596163	171.209861356	true
323	3363566	1476	790271996	4597639	171.886482606	true
324	3288197	476	793560193	4598115	172.583807278	true
325	3123475	846	796683668	4598961	173.231229402	true
326	5245186	6950	801928854	4605911	174.108629976	true
327	5535185	4372	807464039	4610283	175.144137356	true
328	4256592	1544	811720631	4611827	176.008473648	true
329	4151359	1806	815871990	4613633	176.839377991	true
330	2006920	2445	817878910	4616078	177.180478753	true
331	2612129	537	820491039	4616615	177.725679746	true
332	3519742	625	824010781	4617240	178.463926718	true
333	3357406	710	827368187	4617950	179.163522126	true
334	2291032	356	829659219	4618306	179.645787655	true
335	2391016	361	832050235	4618667	180.149431643	true
336	2285389	515	834335624	4619182	180.624107039	true
337	3412120	406678	837747744	5025860	166.687441353	true
338	2412619	679	840160363	5026539	167.144900895	true
339	2283680	338	842444043	5026877	167.5879563	true
340	2765196	1600	845209239	5028477	168.084539116	true
341	3926903	1164	849136142	5029641	168.826391784	true
342	2364295	574	851500437	5030215	169.277145609	true
343	2761292	3979	854261729	5034194	169.691857127	true
344	2966529	2117	857228258	5036311	170.209555764	true
345	1870574	248	859098832	5036559	170.572573854	true
346	2279952	310	861378784	5036869	171.014728396	true
347	3002265	608	864381049	5037477	171.590073563	true
348	2913350	4246	867294399	5041723	172.023413226	true
349	5305306	6605	872599705	5048328	172.849249296	true
350	4025920	2260	876625625	5050588	173.569023052	true
351	4445763	2790	881071388	5053378	174.352955192	true
352	6215560	12724	887286948	5066102	175.141943056	true
353	3444930	816	890731878	5066918	175.793624053	true
354	2320007	471	893051885	5067389	176.235115362	true
355	5706894	2444	898758779	5069833	177.275815397	true
356	3850865	3589	902609644	5073422	177.909435486	true
357	3453513	666	906063157	5074088	178.566701445	true
358	3215002	829	909278159	5074917	179.171040433	true
359	3472388	703	912750547	5075620	179.830355109	true
360	3182392	951	915932939	5076571	180.423545539	true
361	3884747	1086	919817686	5077657	181.150023722	true
362	3275903	478	923093589	5078135	181.778071871	true
363	3322471	323	926416060	5078458	182.420738736	true
364	5611010	1924	932027070	5080382	183.456100348	true
365	2901550	293	934928620	5080675	184.016615902	true
366	3661848	758	938590468	5081433	184.709798988	true
367	2060519	297	940650987	5081730	185.104479577	true
368	3946582	694	944597569	5082424	185.855719436	true
369	2901334	649	947498903	5083073	186.402773086	true
370	3899176	1533	951398079	5084606	187.113431995	true
371	3445202	2771	954843281	5087377	187.68872073	true
372	5300007	5605	960143288	5092982	188.522811979	true
373	2665497	373	962808785	5093355	189.032334287	true
374	4076475	913	966885260	5094268	189.79866391	true
375	2287772	2194	969173032	5096462	190.165850741	true
376	3817186	888	972990218	5097350	190.881579252	true
377	78178	495	973068396	5097845	190.878380178	true
378	8742132	13082	981810528	5110927	192.10028396	true
379	4424056	1755	986234584	5112682	192.899653059	true
380	3454626	873	989689210	5113555	193.542302762	true
381	3710924	563	993400134	5114118	194.246619652	true
382	3362712	827	996762846	5114945	194.872642032	true
383	4893327	3887	1001656173	5118832	195.680610928	true
384	3260404	930	1004916577	5119762	196.281892986	true
385	3493082	1573	1008409659	5121335	196.90367043	true
386	3541111	3257	1011950770	5124592	197.469529282	true
387	3007407	718	1014958177	5125310	198.028641585	true
388	3169415	414	1018127592	5125724	198.630982082	true
389	3687154	788	1021814746	5126512	199.319682856	true
390	3897226	2964	1025711972	5129476	199.964279392	true
391	3962726	1603	1029674698	5131079	200.674107337	true
392	3307878	1009	1032982576	5132088	201.27920176	true
393	2979177	306	1035961753	5132394	201.847666605	true
394	3439611	1683	1039401364	5134077	202.451456026	true
395	4069562	2250	1043470926	5136327	203.155080664	true
396	4989508	3643	1048460434	5139970	203.981819738	true
397	3515301	604	1051975735	5140574	204.641686901	true
398	5134301	2454	1057110036	5143028	205.542345093	true
399	5066392	2542	1062176428	5145570	206.425416037	true
400	4039984	1750	1066216412	5147320	207.140106308	true
401	3397846	689	1069614258	5148009	207.772414151	true
402	3498674	949	1073112932	5148958	208.413611453	true
403	3654899	614	1076767831	5149572	209.09850974	true
404	3002431	1344	1079770262	5150916	209.626843459	true
405	3538357	1175	1083308619	5152091	210.265816151	true
406	3453720	718	1086762339	5152809	210.906777061	true
407	3451809	449	1090214148	5153258	211.558231317	true
408	2931158	310	1093145306	5153568	212.114268406	true
409	3577184	813	1096722490	5154381	212.7748201	true
410	3445808	699	1100168298	5155080	213.414398613	true
411	3640308	1076	1103808606	5156156	214.075874741	true
412	2952044	729	1106760650	5156885	214.618059158	true
413	3698570	746	1110459220	5157631	215.304123153	true
414	3483981	1252	1113943201	5158883	215.927207692	true
415	3417405	425	1117360606	5159308	216.571797226	true
416	3398656	348	1120759262	5159656	217.215888424	true
417	3782692	1105	1124541954	5160761	217.902350835	true
418	3603714	1027	1128145668	5161788	218.557148802	true
419	3341496	845	1131487164	5162633	219.168622678	true
420	2917855	568	1134405019	5163201	219.709637297	true
421	2829270	418	1137234289	5163619	220.239775437	true
422	3748364	1533	1140982653	5165152	220.900111555	true
423	3690925	1198	1144673578	5166350	221.563304461	true
424	3133063	1178	1147806641	5167528	222.119094662	true
425	2854794	516	1150661435	5168044	222.649310842	true
426	2858020	629	1153519455	5168673	223.175166044	true
427	3024717	419	1156544172	5169092	223.742230163	true
428	2852423	323	1159396595	5169415	224.280038457	true
429	3045918	1026	1162442513	5170441	224.824635461	true
430	3691941	745	1166134454	5171186	225.506190263	true
431	3077382	1658	1169211836	5172844	226.028822056	true
432	2855987	294	1172067823	5173138	226.568056565	true
433	2977400	960	1175045223	5174098	227.101462516	true
434	3570437	699	1178615660	5174797	227.760752741	true
435	3460856	841	1182076516	5175638	228.392425436	true
436	3629045	974	1185705561	5176612	229.050498859	true
437	3850635	666	1189556196	5177278	229.764790687	true
438	3758524	725	1193314720	5178003	230.458483705	true
439	3688973	773	1197003693	5178776	231.136410032	true
440	4541965	2053	1201545658	5180829	231.92150484	true
441	4775914	1679	1206321572	5182508	232.767913142	true
442	4045035	1596	1210366607	5184104	233.476528827	true
443	4142426	2646	1214509033	5186750	234.15607712	true
444	5507990	5810	1220017023	5192560	234.954824403	true
445	6084031	7415	1226101054	5199975	235.789797836	true
446	3504522	509	1229605576	5200484	236.440603605	true
447	4046457	1122	1233652033	5201606	237.167527298	true
448	4218388	2192	1237870421	5203798	237.878261416	true
449	3838673	552844	1241709094	5756642	215.700245734	true
450	3977412	1262	1245686506	5757904	216.343743487	true
451	3814544	785	1249501050	5758689	216.976650415	true
452	5522045	3071	1255023095	5761760	217.819398066	true
453	3172887	988	1258195982	5762748	218.332639567	true
454	3598386	742	1261794368	5763490	218.92887261	true
455	6184433	9125	1267978801	5772615	219.654143053	true
456	4540705	3317	1272519506	5775932	220.314142549	true
457	4013596	1858	1276533102	5777790	220.937954131	true
458	3982638	1079	1280515740	5778869	221.585874329	true
459	4253028	1785	1284768768	5780654	222.253185885	true
460	4346015	1276	1289114783	5781930	222.955792097	true
461	3735015	2301	1292849798	5784231	223.512822707	true
462	4259135	1955	1297108933	5786186	224.173390382	true
463	3026939	367	1300135872	5786553	224.682271466	true
464	3215595	484	1303351467	5787037	225.219134939	true
465	5568394	4984	1308919861	5792021	225.986725704	true
466	4442281	2694	1313362142	5794715	226.648272089	true
467	3028667	442	1316390809	5795157	227.153605847	true
468	4140675	1604	1320531484	5796761	227.805059412	true
469	3340053	350	1323871537	5797111	228.367463897	true
470	3860593	1056	1327732130	5798167	228.991702033	true
471	3601779	464	1331333909	5798631	229.594521362	true
472	4017589	1155	1335351498	5799786	230.241512014	true
473	2998257	397	1338349755	5800183	230.742677429	true
474	3891969	1148	1342241724	5801331	231.367891954	true
475	3959361	871	1346201085	5802202	232.015549441	true
476	5627541	4046	1351828626	5806248	232.823094363	true
477	4897058	4076	1356725684	5810324	233.502586775	true
478	3307763	521	1360033447	5810845	234.050890533	true
479	2703770	432	1362737217	5811277	234.498754233	true
480	3571061	925	1366308278	5812202	235.075841824	true
481	3537875	867	1369846153	5813069	235.649388129	true
482	4158033	1270	1374004186	5814339	236.313050546	true
483	3597894	1260	1377602080	5815599	236.880513942	true
484	4161670	2481	1381763750	5818080	237.49480069	true
485	3138524	398	1384902274	5818478	238.017961742	true
486	3416968	355	1388319242	5818833	238.590666204	true
487	4373208	2050	1392692450	5820883	239.257935609	true
488	4324011	1502	1397016461	5822385	239.938867148	true
489	4087967	2074	1401104428	5824459	240.555290715	true
490	859109	437	1401963537	5824896	240.68473274	true
491	5256151	8563	1407219688	5833459	241.232463963	true
492	4909494	4279	1412129182	5837738	241.896635649	true
493	2565592	1177	1414694774	5838915	242.28726981	true
494	3590708	440	1418285482	5839355	242.883928448	true
495	3210145	1306	1421495627	5840661	243.379238583	true
496	4491959	1724	1425987586	5842385	244.076278095	true
497	4149810	1969	1430137396	5844354	244.704101771	true
498	3600343	820	1433737739	5845174	245.285724428	true
499	2971287	407	1436709026	5845581	245.776942617	true
500	4031425	1607	1440740451	5847188	246.398858904	true
501	3175574	735	1443916025	5847923	246.910916064	true
502	3108250	505	1447024275	5848428	247.421063404	true
503	4728516	2581	1451752791	5851009	248.120074845	true
504	4668185	128164	1456420976	5979173	243.582344247	true
505	3021649	599	1459442625	5979772	244.063256091	true
506	2943108	453	1462385733	5980225	244.536908394	true
507	3114990	1203	1465500723	5981428	245.008503488	true
508	4759269	1725	1470259992	5983153	245.733310179	true
509	3483060	532	1473743052	5983685	246.293555226	true
510	1974106	283	1475717158	5983968	246.611806413	true
511	2481744	558	1478198902	5984526	247.003505708	true
512	3880823	1560	1482079725	5986086	247.58744278	true
513	3777095	790	1485856820	5986876	248.185668118	true
514	4172407	837	1490029227	5987713	248.847803327	true
515	3911764	968	1493940991	5988681	249.460772915	true
516	4991331	3066	1498932322	5991747	250.166157216	true
517	3266924	494	1502199246	5992241	250.69072589	true
518	869492	367	1503068738	5992608	250.820467149	true
519	15072061	2748801	1518140799	8741409	173.672322048	true
520	2760080	2602	1520900879	8744011	173.936295254	true
521	608	198	1520901487	8744209	173.932426249	true
522	2714206	356	1523615693	8744565	174.235733052	true
523	2826093	1803	1526441786	8746368	174.522931804	true
524	3112395	2003	1529554181	8748371	174.838742093	true
525	3088209	6778	1532642390	8755149	175.056117263	true
526	102633493	10481816	1635275883	19236965	85.0069583742	true
527	3147299	867	1638423182	19237832	85.1667267913	true
528	2231196	898	1640654378	19238730	85.2787256747	true
529	2129017	676	1642783395	19239406	85.3863884883	true
530	3147949	357	1645931344	19239763	85.5484209447	true
531	3318000	404	1649249344	19240167	85.7190763469	true
532	25229237	2372221	1674478581	21612388	77.4777216197	true
533	306189	29518	1674784770	21641906	77.3861955597	true
534	4438943	1259	1679223713	21643165	77.5867907027	true
535	2511883	1572	1681735596	21644737	77.6972063001	true
536	7985337	723237	1689720933	22367974	75.541975013	true
537	2105967	648	1691826900	22368622	75.6339348933	true
538	3214568	1047	1695041468	22369669	75.7740969703	true
539	4677230	2473	1699718698	22372142	75.9747858743	true
540	7549488	51676	1707268186	22423818	76.1363736541	true
541	2089055	942	1709357241	22424760	76.2263337935	true
542	3426501	1661	1712783742	22426421	76.373476713	true
543	158	98	1712783900	22426519	76.3731500194	true
544	2020128	1017	1714804028	22427536	76.4597603589	true
545	1978641	311	1716782669	22427847	76.546922627	true
546	3925800	59050	1720708469	22486897	76.5204940904	true
547	2011694	311	1722720163	22487208	76.6088952884	true
548	2060531	1004	1724780694	22488212	76.6971021974	true
549	1978642	240	1726759336	22488452	76.784268477	true
550	4015435	2567	1730774771	22491019	76.9540397881	true
551	2088854	219	1732863625	22491238	77.0461645997	true
552	2096497	498	1734960122	22491736	77.1376705649	true
553	2080640	275	1737040762	22492011	77.2292331708	true
554	2062302	5505	1739103064	22497516	77.3020036523	true
555	2294538	2066	1741397602	22499582	77.3968868399	true
556	2138474	1477	1743536076	22501059	77.4868452192	true
557	1843791	291	1745379867	22501350	77.5677844663	true
558	2069099	563	1747448966	22501913	77.6577958505	true
559	3928380	6260	1751377346	22508173	77.8107288406	true
560	4136152	2312	1755513498	22510485	77.9864804335	true
561	3536882	424673	1759050380	22935158	76.6966759069	true
562	2118169	935	1761168549	22936093	76.7859002403	true
563	1978548	229	1763147097	22936322	76.8713962509	true
564	2114844	940	1765261941	22937262	76.9604471972	true
565	2317281	346	1767579222	22937608	77.0603116942	true
566	2469287	1628	1770048509	22939236	77.162487408	true
567	2324616	2000	1772373125	22941236	77.2570895919	true
568	2342450	890	1774715575	22942126	77.3561951059	true
569	2162199	338	1776877774	22942464	77.449299866	true
570	2321400	331	1779199174	22942795	77.5493645827	true
571	2011535	626	1781210709	22943421	77.6349224032	true
572	2009216	721	1783219925	22944142	77.7200526827	true
573	1979400	289	1785199325	22944431	77.8053430482	true
574	3702862	2350	1788902187	22946781	77.9587423177	true
575	3749648	10691	1792651835	22957472	78.0857681107	true
576	4018308	3350	1796670143	22960822	78.2493824916	true
577	3323555	192	1799993698	22961014	78.3934759153	true
578	4514112	561	1804507810	22961575	78.588154776	true
579	2186810	6359	1806694620	22967934	78.6616079618	true
580	3341904	1719	1810036524	22969653	78.8012132356	true
581	2333058	796	1812369582	22970449	78.9000503212	true
582	2974693	15925	1815344275	22986374	78.9747993746	true
583	2284107	2046	1817628382	22988420	79.0671295374	true
584	2414788	908	1820043170	22989328	79.1690461766	true
585	2577207	4176	1822620377	22993504	79.2667519052	true
586	2143596	962	1824763973	22994466	79.3566579454	true
587	3699572	4358	1828463545	22998824	79.5024799964	true
588	2177328	514	1830640873	22999338	79.5953723972	true
589	2085298	797	1832726171	23000135	79.683278859	true
590	2894746	3129	1835620917	23003264	79.7982806701	true
591	2908014	7322	1838528931	23010586	79.8992659726	true
592	2494136	937	1841023067	23011523	80.00439897	true
593	2217584	371	1843240651	23011894	80.0994759927	true
594	1905492	1644	1845146143	23013538	80.1765527317	true
595	2330791	1583	1847476934	23015121	80.2723102781	true
596	1087119	368	1848564053	23015489	80.3182610198	true
597	2349598	987	1850913651	23016476	80.4169000937	true
598	2576070	3261	1853489721	23019737	80.5174151642	true
599	1176510	562	1854666231	23020299	80.5665569765	true
600	2504606	6831	1857170837	23027130	80.6514245153	true
601	4162861	1822	1861333698	23028952	80.825809963	true
602	3894958	749	1865228656	23029701	80.992308845	true
603	4149735	749	1869378391	23030450	81.1698595121	true
604	4129003	1171	1873507394	23031621	81.3450079784	true
605	2528026	563	1876035420	23032184	81.4527801619	true
606	4408218	808	1880443638	23032992	81.6413099088	true
607	2046587	7430	1882490225	23040422	81.7038084198	true
608	3350385	764	1885840610	23041186	81.8465078143	true
609	5198451	4643	1891039061	23045829	82.0555884972	true
610	3377777	585	1894416838	23046414	82.2000697375	true
611	4923524	1453	1899340362	23047867	82.4085092994	true
612	3546200	387	1902886562	23048254	82.5609854005	true
613	3177664	1089	1906064226	23049343	82.6949482248	true
614	3256025	372	1909320251	23049715	82.8348745744	true
615	3165253	261	1912485504	23049976	82.971257931	true
616	3167780	313	1915653284	23050289	83.1075603434	true
617	2560948	581	1918214232	23050870	83.2165654485	true
618	2081443	325	1920295675	23051195	83.3056887072	true
619	3489168	2884	1923784843	23054079	83.4466145015	true
620	2791384	895	1926576227	23054974	83.5644502137	true
621	2918630	1172	1929494857	23056146	83.6867903682	true
622	4351380	9493	1933846237	23065639	83.840999896	true
623	3185468	1172	1937031705	23066811	83.974837484	true
624	4601829	877	1941633534	23067688	84.1711373069	true
625	2429099	1352	1944062633	23069040	84.2715012415	true
626	3250950	2227	1947313583	23071267	84.4042758033	true
627	2086449	1052	1949400032	23072319	84.4908581578	true
628	3162250	559	1952562282	23072878	84.625866006	true
629	2582616	429	1955144898	23073307	84.7362234638	true
630	2345178	347	1957490076	23073654	84.836587911	true
631	3160636	527	1960650712	23074181	84.9716274653	true
632	2101856	498	1962752568	23074679	85.0608828838	true
633	2466428	299	1965218996	23074978	85.1666682412	true
634	2075171	556	1967294167	23075534	85.2545456586	true
635	2053163	226	1969347330	23075760	85.3426855714	true
636	2172636	252	1971519966	23076012	85.4359048695	true
637	1954546	2319	1973474512	23078331	85.5120117655	true
638	1169054	556	1974643566	23078887	85.5606063672	true
639	1987523	1677	1976631089	23080564	85.6405020692	true
640	1974251	1071	1978605340	23081635	85.722061717	true
641	1966992	807	1980572332	23082442	85.8042806736	true
642	1709360	4930	1982281692	23087372	85.8599970581	true
643	2042392	1237	1984324084	23088609	85.9438558642	true
644	868758	558	1985192842	23089167	85.9794050604	true
645	1000818	1185	1986193660	23090352	86.0183361432	true
646	1966144	615	1988159804	23090967	86.1011929037	true
647	2268993	1560	1990428797	23092527	86.1936329878	true
648	1150717	1255	1991579514	23093782	86.2387769141	true
649	2112337	1884	1993691851	23095666	86.3232024138	true
650	2077118	581	1995768969	23096247	86.410964041	true
651	2361936	766	1998130905	23097013	86.5103598028	true
652	1193897	1670	1999324802	23098683	86.5557920337	true
653	2023839	3228	2001348641	23101911	86.631302536	true
654	1579055	1156	2002927696	23103067	86.6953160808	true
655	2057911	2306	2004985607	23105373	86.7757299136	true
656	2042454	1065	2007028061	23106438	86.8601236158	true
657	2048018	1742	2009076079	23108180	86.9422031073	true
658	1790086	700	2010866165	23108880	87.0170326299	true
659	2220232	1879	2013086397	23110759	87.1060269808	true
660	1575317	1714	2014661714	23112473	87.1677260153	true
661	1248596	1985	2015910310	23114458	87.2142582794	true
662	2463263	3244	2018373573	23117702	87.3085730147	true
663	2101001	2428	2020474574	23120130	87.3902773903	true
664	2357194	1478	2022831768	23121608	87.4866388185	true
665	2294021	3008	2025125789	23124616	87.5744613013	true
666	2143600	1022	2027269389	23125638	87.6632847492	true
667	1241391	3553	2028510780	23129191	87.7034903642	true
668	1255171	758	2029765951	23129949	87.7548822524	true
669	1244245	723	2031010196	23130672	87.805931276	true
670	1235341	356	2032245537	23131028	87.8579861215	true
671	1252404	654	2033497941	23131682	87.9096444867	true
672	2478768	695	2035976709	23132377	88.0141590724	true
673	4725484	356514	2040702193	23488891	86.8794611461	true
674	3488508	3010	2044190701	23491901	87.0168276718	true
675	3338930	350	2047529631	23492251	87.1576602429	true
676	2081944	312	2049611575	23492563	87.2451241272	true
677	2078948	240	2051690523	23492803	87.3327258139	true
678	2734492	1331	2054425015	23494134	87.4441686167	true
679	2686079	732	2057111094	23494866	87.5557704394	true
680	2685145	771	2059796239	23495637	87.6671800386	true
681	3908517	1494	2063704756	23497131	87.8279461437	true
682	3554555	740	2067259311	23497871	87.9764516113	true
683	5675089	118411	2072934400	23616282	87.775645633	true
684	5705313	2496	2078639713	23618778	88.0079279715	true
685	5707693	2983	2084347406	23621761	88.2384427647	true
686	5577053	1963	2089924459	23623724	88.4671891273	true
687	5617216	897	2095541675	23624621	88.7015996997	true
688	5685352	1029	2101227027	23625650	88.9383795578	true
689	4315588	4599	2105542615	23630249	89.1036998806	true
690	5932584	9086	2111475199	23639335	89.3204144279	true
691	1984254	538	2113459453	23639873	89.402318405	true
692	870527	257	2114329980	23640130	89.4381706023	true
693	5605651	2719	2119935631	23642849	89.6649820417	true
694	5631530	3103	2125567161	23645952	89.8913759531	true
695	4947105	1148	2130514266	23647100	90.0962175489	true
696	5536152	974	2136050418	23648074	90.3266125605	true
697	5538794	858	2141589212	23648932	90.5575445014	true
698	5365619	2869	2146954831	23651801	90.7734185232	true
699	5843065	2060	2152797896	23653861	91.0125368539	true
700	2352965	420	2155150861	23654281	91.1103939705	true
701	4723761	862	2159874622	23655143	91.3067666511	true
702	4718445	644	2164593067	23655787	91.5037435449	true
703	4763914	1576	2169356981	23657363	91.6990190749	true
704	4779663	793	2174136644	23658156	91.8979756495	true
705	4334297	1609	2178470941	23659765	92.0749187915	true
706	4248474	557	2182719415	23660322	92.2523123312	true
707	4560930	1963	2187280345	23662285	92.4374102078	true
708	4325441	386	2191605786	23662671	92.6186982864	true
709	4724820	663	2196330606	23663334	92.8157716913	true
710	4785183	1032	2201115789	23664366	93.0139344954	true
711	4711376	309	2205827165	23664675	93.2118089515	true
712	5134436	1964	2210961601	23666639	93.4210219288	true
713	4689740	410	2215651341	23667049	93.6175583614	true
714	4716568	290	2220367909	23667339	93.8156971935	true
715	4708853	593	2225076762	23667932	94.012301624	true
716	5211719	840	2230288481	23668772	94.2291590371	true
717	5634467	2144	2235922948	23670916	94.4586575357	true
718	5029923	1247	2240952871	23672163	94.6661642622	true
719	4505736	597	2245458607	23672760	94.8541110965	true
720	5535623	1101	2250994230	23673861	95.0835282002	true
721	5827531	4108	2256821761	23677969	95.3131478887	true
722	5500281	673	2262322042	23678642	95.542727577	true
723	5841229	3478	2268163271	23682120	95.7753474351	true
724	4507872	439	2272671143	23682559	95.9639177084	true
725	2104918	1869	2274776061	23684428	96.0452184448	true
726	2652626	599	2277428687	23685027	96.1547853418	true
727	2732609	317	2280161296	23685344	96.268869728	true
728	2068199	667	2282229495	23686011	96.3534761087	true
729	2008390	250	2284237885	23686261	96.4372504804	true
730	2358154	333	2286596039	23686594	96.5354511923	true
731	2718653	3845	2289314692	23690439	96.6345407107	true
732	4455535	6533	2293770227	23696972	96.7959208881	true
733	2086068	312	2295856295	23697284	96.8826763016	true
734	3000517	6096	2298856812	23703380	96.9843461987	true
735	2384970	749	2301241782	23704129	97.0818958165	true
736	2384576	542	2303626358	23704671	97.1802712638	true
737	2355692	515	2305982050	23705186	97.2775345446	true
738	2354256	734	2308336306	23705920	97.3738334559	true
739	2451924	492	2310788230	23706412	97.4752412976	true
740	2287780	4272	2313076010	23710684	97.554166299	true
741	2448580	1335	2315524590	23712019	97.6519371885	true
742	2072237	287	2317596827	23712306	97.7381460496	true
743	2514058	8012	2320110885	23720318	97.8111206182	true
744	3340552	875	2323451437	23721193	97.9483383066	true
745	3753199	582	2327204636	23721775	98.1041526614	true
746	3623193	602	2330827829	23722377	98.2543962184	true
747	3397573	1242	2334225402	23723619	98.3924671021	true
748	3615507	1095	2337840909	23724714	98.5403199803	true
749	3698575	1897	2341539484	23726611	98.6883244303	true
750	2242958	1157	2343782442	23727768	98.7780410699	true
751	2655610	707	2346438052	23728475	98.8870145258	true
752	2491826	624	2348929878	23729099	98.9894255151	true
753	3427977	1108	2352357855	23730207	99.129259808	true
754	2951405	816	2355309260	23731023	99.2502202707	true
755	2636435	865	2357945695	23731888	99.3576952242	true
756	2067665	443	2360013360	23732331	99.4429649578	true
757	2587743	1050	2362601103	23733381	99.5475993496	true
758	2966709	1498	2365567812	23734879	99.666310159	true
759	3452345	8665	2369020157	23743544	99.7753392248	true
760	2038934	2668	2371059091	23746212	99.8499925378	true
761	3842374	1950	2374901465	23748162	100.003590383	true
762	2754286	1939	2377655751	23750101	100.111395358	true
763	1875463	700	2379531214	23750801	100.187409006	true
764	3310952	825	2382842166	23751626	100.323328011	true
765	3001378	508	2385843544	23752134	100.447544797	true
766	3631015	874	2389474559	23753008	100.596714277	true
767	2666915	1728	2392141474	23754736	100.701665302	true
768	2675782	795	2394817256	23755531	100.810933504	true
769	3201278	1676	2398018534	23757207	100.938571356	true
770	2664869	634	2400683403	23757841	101.048045696	true
771	3106428	1633	2403789831	23759474	101.171845429	true
772	4201275	593	2407991106	23760067	101.346141238	true
773	668387	522	2408659493	23760589	101.372044818	true
774	3462004	6803	2412121497	23767392	101.488690766	true
775	2576702	601	2414698199	23767993	101.594535096	true
776	2039143	2258	2416737342	23770251	101.670669864	true
777	2856613	2295	2419593955	23772546	101.781018954	true
778	2790581	3768	2422384536	23776314	101.882257107	true
779	1875035	784	2424259571	23777098	101.957756619	true
780	3465196	504	2427724767	23777602	102.1013291	true
781	3546641	547	2431271408	23778149	102.248135799	true
782	4083423	2052	2435354831	23780201	102.411028023	true
783	4008674	932	2439363505	23781133	102.575579767	true
784	2887751	443	2442251256	23781576	102.695097079	true
785	2681657	366831	2444932913	24148407	101.246136567	true
786	2684927	767	2447617840	24149174	101.354101801	true
787	3209004	2130	2450826844	24151304	101.478033815	true
788	2676294	699	2453503138	24152003	101.585907305	true
789	3104025	1150	2456607163	24153153	101.70958479	true
790	4385462	827	2460992625	24153980	101.887665097	true
791	3350526	901	2464343151	24154881	102.022574692	true
792	2228091	3492	2466571242	24158373	102.100056241	true
793	2092685	398	2468663927	24158771	102.184996373	true
794	2481308	884	2471145235	24159655	102.283962043	true
795	2480326	955	2473625561	24160610	102.382578958	true
796	3267491	447	2476893052	24161057	102.51592271	true
797	3536890	894	2480429942	24161951	102.65851222	true
798	3632947	646	2484062889	24162597	102.806121751	true
799	3622389	550	2487685278	24163147	102.953695477	true
800	3671241	681	2491356519	24163828	103.102725239	true
801	3491215	683	2494847734	24164511	103.244288039	true
802	2915439	309	2497763173	24164820	103.363615909	true
803	3532744	616	2501295917	24165436	103.507171027	true
804	4013682	2161	2505309599	24167597	103.663992701	true
805	3333435	362	2508643034	24167959	103.800367834	true
806	3368501	1949	2512011535	24169908	103.931365192	true
807	3004585	720	2515016120	24170628	104.05257654	true
808	3073114	483	2518089234	24171111	104.177637263	true
809	2075299	739	2520164533	24171850	104.260308292	true
810	2068338	255	2522232871	24172105	104.344775558	true
811	2063351	442	2524296222	24172547	104.428226864	true
812	2138969	830	2526435191	24173377	104.513125783	true
813	2064108	441	2528499299	24173818	104.596605261	true
814	2071381	350	2530570680	24174168	104.680776604	true
815	2463034	7840	2533033714	24182008	104.748692251	true
816	2119021	562	2535152735	24182570	104.833883868	true
817	2702191	1417	2537854926	24183987	104.939476109	true
818	3019439	677	2540874365	24184664	105.06138787	true
819	4114088	2417	2544988453	24187081	105.22098359	true
820	3114934	561	2548103387	24187642	105.347325175	true
821	3232384	646	2551335771	24188288	105.478145911	true
822	3733677	634	2555069448	24188922	105.629736125	true
823	4633419	3866	2559702867	24192788	105.804377197	true
824	3953435	686	2563656302	24193474	105.964786289	true
825	2960325	409	2566616627	24193883	106.085353352	true
826	3524571	649	2570141198	24194532	106.228184038	true
827	3095571	498	2573236769	24195030	106.353940003	true
828	2813597	934	2576050366	24195964	106.466118316	true
829	2535204	294	2578585570	24196258	106.569601382	true
830	2968779	2782	2581554349	24199040	106.680031481	true
831	2638910	587	2584193259	24199627	106.786491337	true
832	2752042	843	2586945301	24200470	106.896490068	true
833	2705839	622	2589651140	24201092	107.005549171	true
834	2652105	404	2592303245	24201496	107.113347249	true
835	2689104	1187	2594992349	24202683	107.219201648	true
836	4105374	11214	2599097723	24213897	107.339092216	true
837	3848860	504	2602946583	24214401	107.495807268	true
838	2924269	670	2605870852	24215071	107.613595351	true
839	2701956	576	2608572808	24215647	107.722614556	true
840	2626154	329	2611198962	24215976	107.829598196	true
841	2683734	973	2613882696	24216949	107.936086251	true
842	2600732	351	2616483428	24217300	108.041913343	true
843	2541479	313	2619024907	24217613	108.145460372	true
844	2593834	324	2621618741	24217937	108.251117385	true
845	2593307	320	2624212048	24218257	108.356767706	true
846	2590341	254	2626802389	24218511	108.462588348	true
847	2614933	521	2629417322	24219032	108.56822527	true
848	2593474	263	2632010796	24219295	108.674129284	true
849	2539412	235	2634550208	24219530	108.777924592	true
850	2590245	247	2637140453	24219777	108.883762761	true
851	2682742	582	2639823195	24220359	108.991910277	true
852	2604030	345	2642427225	24220704	109.097870359	true
853	4010285	1467	2646437510	24222171	109.256825493	true
854	2716192	365	2649153702	24222536	109.367314058	true
855	2761647	920	2651915349	24223456	109.477167461	true
856	2597721	296	2654513070	24223752	109.583068304	true
857	2772905	580	2657285975	24224332	109.69491233	true
858	2600041	326	2659886016	24224658	109.800766475	true
859	4025060	1229	2663911076	24225887	109.961343252	true
860	4425764	2848	2668336840	24228735	110.131083608	true
861	3255893	2758	2671592733	24231493	110.252914792	true
862	3114874	1791	2674707607	24233284	110.373303387	true
863	3208734	1897	2677916341	24235181	110.497063793	true
864	3238002	1604	2681154343	24236785	110.623349714	true
865	3477850	1762	2684632193	24238547	110.758792307	true
866	2899113	1182	2687531306	24239729	110.872993093	true
867	4501791	6013	2692033097	24245742	111.031169803	true
868	3220924	2145	2695254021	24247887	111.154181022	true
869	2426483	350	2697680504	24248237	111.252645048	true
870	1297164	405	2698977668	24248642	111.304281205	true
871	6230289	6092	2705207957	24254734	111.53319418	true
872	3322744	1782	2708530701	24256516	111.66198398	true
873	3324791	639	2711855492	24257155	111.796106839	true
874	3676941	2125	2715532433	24259280	111.937882452	true
875	3577052	435	2719109485	24259715	112.083323526	true
876	3145339	1136	2722254824	24260851	112.20772198	true
877	3944087	1152	2726198911	24262003	112.364956471	true
878	4140176	853	2730339087	24262856	112.531644543	true
879	3386572	683	2733725659	24263539	112.668051392	true
880	2181871	2816	2735907530	24266355	112.744890199	true
881	2368903	1369	2738276433	24267724	112.836145367	true
882	2128345	1049	2740404778	24268773	112.91896702	true
883	1998262	651	2742403040	24269424	112.998274702	true
884	103771	2510	2742506811	24271934	112.990864716	true
885	2609883	3192	2745116694	24275126	113.083519896	true
886	2604083	286	2747720777	24275412	113.189460059	true
887	3841145	35464	2751561922	24310876	113.182343656	true
888	1428996	361	2752990918	24311237	113.239442238	true
889	24534966	2897874	2777525884	27209111	102.080728915	true
890	2425951	714	2779951835	27209825	102.167207433	true
891	2094701	545	2782046536	27210370	102.24214283	true
892	2080076	245	2784126612	27210615	102.317665808	true
893	2679401	1820	2786806013	27212435	102.409285057	true
894	3035972	1007	2789841985	27213442	102.517057012	true
895	2588081	1243	2792430066	27214685	102.607473355	true
896	4011771	4316	2796441837	27219001	102.738591949	true
897	3534652	457511	2799976489	27676512	101.167968312	true
898	5025591	3906	2805002080	27680418	101.335250067	true
899	5349222	7278	2810351302	27687696	101.501811563	true
900	4016300	846	2814367602	27688542	101.643763041	true
901	5204432	878	2819572034	27689420	101.828497455	true
902	5135992	3286	2824708026	27692706	102.001878256	true
903	5090253	1790	2829798279	27694496	102.179085657	true
904	4814829	1395	2834613108	27695891	102.347785381	true
905	4802521	3761	2839415629	27699652	102.507267203	true
906	3691584	3716	2843107213	27703368	102.626771337	true
907	3133630	1280	2846240843	27704648	102.73513827	true
908	3622865	5602	2849863708	27710250	102.84510995	true
909	2100650	854	2851964358	27711104	102.917745825	true
910	2074577	591	2854038935	27711695	102.990413795	true
911	2079549	287	2856118484	27711982	103.064388682	true
912	2047633	1031	2858166117	27713013	103.134441463	true
913	2022327	214	2860188444	27713227	103.206618414	true
914	2061754	1240	2862250198	27714467	103.276393445	true
915	2034867	212	2864285065	27714679	103.349025439	true
916	2064994	588	2866350059	27715267	103.421340267	true
917	2209108	435	2868559167	27715702	103.499423071	true
918	7222090	20134	2875781257	27735836	103.684679164	true
919	2213146	313	2877994403	27736149	103.763301928	true
920	5204278	5066	2883198681	27741215	103.93195399	true
921	4128669	4418	2887327350	27745633	104.064208951	true
922	3599330	5432	2890926680	27751065	104.173540006	true
923	2790038	2289	2893716718	27753354	104.265477895	true
924	2241583	489	2895958301	27753843	104.344407403	true
925	2311397	1717	2898269698	27755560	104.421229404	true
926	3358621	553	2901628319	27756113	104.540153695	true
927	3771845	556	2905400164	27756669	104.673949313	true
928	3726423	418	2909126587	27757087	104.806624233	true
929	2101032	1265	2911227619	27758352	104.877538083	true
930	2106836	339	2913334455	27758691	104.952155525	true
931	2219434	351	2915553889	27759042	105.030782006	true
932	2037808	426	2917591697	27759468	105.102579668	true
933	2334979	822	2919926676	27760290	105.18357971	true
934	2161036	444	2922087712	27760734	105.259742484	true
935	399	174	2922088111	27760908	105.259097109	true
936	2132395	226	2924220506	27761134	105.335052451	true
937	2217502	844	2926438008	27761978	105.411725634	true
938	2151628	338	2928589636	27762316	105.487944017	true
939	417	177	2928590053	27762493	105.487286498	true
940	2156385	275	2930746438	27762768	105.56391344	true
941	3723737	860	2934470175	27763628	105.694766368	true
942	339	159	2934470514	27763787	105.694173277	true
943	3422496	1967	2937893010	27765754	105.809948831	true
944	2127246	358	2940020256	27766112	105.885197611	true
945	2358574	730	2942378830	27766842	105.967355956	true
946	2179041	299	2944557871	27767141	106.044690413	true
947	2288164	2175	2946846035	27769316	106.118783588	true
948	2069714	681	2948915749	27769997	106.190711832	true
949	369	170	2948916118	27770167	106.190075054	true
950	2074266	314	2950990384	27770481	106.263567563	true
951	240671	869	2951231055	27771350	106.268908605	true
952	2123657	511	2953354712	27771861	106.343421206	true
953	2133455	697	2955488167	27772558	106.417571151	true
954	2121860	433	2957610027	27772991	106.492312153	true
955	2064131	690	2959674158	27773681	106.563986171	true
956	2056378	294	2961730536	27773975	106.636897887	true
957	226	132	2961730762	27774107	106.636399219	true
958	2619023	1500	2964349785	27775607	106.7249326	true
959	4270974	5196	2968620759	27780803	106.858709556	true
960	2080540	349	2970701299	27781152	106.932257489	true
961	2493464	802	2973194763	27781954	107.018921815	true
962	443	180	2973195206	27782134	107.018244387	true
963	2727918	443	2975923124	27782577	107.114726039	true
964	3270771	808	2979193895	27783385	107.229334906	true
965	2215367	4346	2981409262	27787731	107.292288888	true
966	2573108	585	2983982370	27788316	107.382626929	true
967	3357129	1121	2987339499	27789437	107.499101151	true
968	831497	2866	2988170996	27792303	107.517933868	true
969	2303126	1307	2990474122	27793610	107.595743122	true
970	1928358	473	2992402480	27794083	107.663292219	true
971	2318372	1906	2994720852	27795989	107.739316345	true
972	5937207	13016	3000658059	27809005	107.902388417	true
973	2209212	986	3002867271	27809991	107.978002258	true
974	1436940	3932	3004304211	27813923	108.014400234	true
975	6483345	28669	3010787556	27842592	108.136036903	true
976	298519	251	3011086075	27842843	108.14578364	true
977	2447951	9218	3013534026	27852061	108.197882591	true
978	802413	1136	3014336439	27853197	108.222278362	true
979	1924712	326	3016261151	27853523	108.290112924	true
980	2698405	650	3018959556	27854173	108.384462034	true
981	3675739	5138	3022635295	27859311	108.496412384	true
982	1441	327	3022636736	27859638	108.495190641	true
983	498	150	3022637234	27859788	108.494624367	true
984	2727667	365	3025364901	27860153	108.591108635	true
985	3193802	528	3028558703	27860681	108.70368542	true
986	2032836	401	3030591539	27861082	108.775084148	true
987	2202987	622	3032794526	27861704	108.851724431	true
988	3488718	549	3036283244	27862253	108.97479267	true
989	3587075	1376	3039870319	27863629	109.098147948	true
990	2524821	474	3042395140	27864103	109.186904025	true
991	3410035	2030	3045805175	27866133	109.301321967	true
992	2114080	676	3047919255	27866809	109.374534235	true
993	2626391	1226	3050545646	27868035	109.463966369	true
994	2562585	348	3053108231	27868383	109.554552591	true
995	3381059	1968	3056489290	27870351	109.66813048	true
996	2636514	365	3059125804	27870716	109.761292247	true
997	2701198	1706	3061827002	27872422	109.851486964	true
998	2631293	321	3064458295	27872743	109.944625651	true
999	2681835	392	3067140130	27873135	110.039295185	true
1000	3063001	2848	3070203131	27875983	110.137932391	true
1001	2991085	1803	3073194216	27877786	110.238101978	true
1002	2719383	857	3075913599	27878643	110.33225681	true
1003	2675280	689	3078588879	27879332	110.425489355	true
1004	2747702	1004	3081336581	27880336	110.520066222	true
1005	2531354	855	3083867935	27881191	110.607467773	true
1006	2509005	303	3086376940	27881494	110.696253938	true
1007	3786994	604	3090163934	27882098	110.829677666	true
1008	3797948	637	3093961882	27882735	110.963357146	true
1009	2834282	223814	3096796164	28106549	110.180590438	true
1010	2585305	815	3099381469	28107364	110.269375278	true
1011	3010136	1024	3102391605	28108388	110.372448431	true
1012	3001454	1160	3105393059	28109548	110.474670706	true
1013	2730971	756	3108124030	28110304	110.56885155	true
1014	2694851	693	3110818881	28110997	110.66199043	true
1015	2522358	684	3113341239	28111681	110.749024187	true
1016	2652155	423	3115993394	28112104	110.84169986	true
1017	2987135	956	3118980529	28113060	110.94418498	true
1018	2732947	868	3121713476	28113928	111.037969365	true
1019	3264867	972	3124978343	28114900	111.150256377	true
1020	3443678	1810	3128422021	28116710	111.265579116	true
1021	2727920	1333	3131149941	28118043	111.357321027	true
1022	2723858	865	3133873799	28118908	111.450764695	true
1023	2713043	901	3136586842	28119809	111.543675208	true
1024	2778565	647	3139365407	28120456	111.639918179	true
1025	2776245	391	3142141652	28120847	111.737091418	true
1026	2730764	577	3144872416	28121424	111.831904956	true
1027	2781314	389	3147653730	28121813	111.929260393	true
1028	2625191	424	3150278921	28122237	112.020922127	true
1029	2783260	1076	3153062181	28123313	112.11560249	true
1030	2761885	434	3155824066	28123747	112.212077075	true
1031	2773762	821	3158597828	28124568	112.307425593	true
1032	2781159	1500	3161378987	28126068	112.40031799	true
1033	2786875	1052	3164165862	28127120	112.495195455	true
1034	3045465	669	3167211327	28127789	112.600792298	true
1035	2792502	997	3170003829	28128786	112.696076859	true
1036	2996107	1433	3172999936	28130219	112.796844418	true
1037	2509101	433	3175509037	28130652	112.884302753	true
1038	3318507	1545	3178827544	28132197	112.996064403	true
1039	2611760	1023	3181439304	28133220	113.084791005	true
1040	2656545	658	3184095849	28133878	113.176571285	true
1041	2566399	774	3186662248	28134652	113.264676172	true
1042	2514233	635	3189176481	28135287	113.351482109	true
1043	3460822	2093	3192637303	28137380	113.466047763	true
1044	2479054	847	3195116357	28138227	113.550734984	true
1045	2491906	701	3197608263	28138928	113.636463443	true
1046	2575663	1050	3200183926	28139978	113.723753658	true
1047	2863527	1630	3203047453	28141608	113.818920831	true
1048	2667739	277	3205715192	28141885	113.912596544	true
1049	2511400	1356	3208226592	28143241	113.996344344	true
1050	2512545	659	3210739137	28143900	114.082950018	true
1051	2517480	852	3213256617	28144752	114.168944072	true
1052	3217639	4342	3216474256	28149094	114.265640521	true
1053	2632792	673	3219107048	28149767	114.356436698	true
1054	2668468	259	3221775516	28150026	114.450179051	true
1055	2769486	515	3224545002	28150541	114.546466514	true
1056	3054582	2146	3227599584	28152687	114.646235509	true
1057	3201206	1887	3230800790	28154574	114.752252689	true
1058	2494692	761	3233295482	28155335	114.837755686	true
1059	2725248	418	3236020730	28155753	114.932842677	true
1060	2799374	1809	3238820104	28157562	115.024876941	true
1061	2668092	258	3241488196	28157820	115.11857793	true
1062	3480757	1642	3244968953	28159462	115.235474066	true
1063	2774305	1347	3247743258	28160809	115.328478596	true
1064	3434765	3441	3251178023	28164250	115.436342988	true
1065	1836901	550	3253014924	28164800	115.499308499	true
1066	2329467	192	3255344391	28164992	115.581229031	true
1067	2500122	685	3257844513	28165677	115.667182898	true
1068	2610546	1409	3260455059	28167086	115.754077614	true
1069	2424891	253	3262879950	28167339	115.839126657	true
1070	3265313	1406	3266145263	28168745	115.949264442	true
1071	2482721	394	3268627984	28169139	116.035778871	true
1072	2758096	518	3271386080	28169657	116.131555311	true
1073	3002172	2751	3274388252	28172408	116.226779479	true
1074	2838276	995	3277226528	28173403	116.323417799	true
1075	2947762	1403	3280174290	28174806	116.422249367	true
1076	2882692	1449	3283056982	28176255	116.518571471	true
1077	2829448	2761	3285886430	28179016	116.60756465	true
1078	3696751	1480	3289583181	28180496	116.732621775	true
1079	2911094	1143	3292494275	28181639	116.831184836	true
1080	2725819	581	3295220094	28182220	116.925497495	true
1081	3268024	1775	3298488118	28183995	117.034086828	true
1082	3722746	2751	3302210864	28186746	117.154738756	true
1083	3095522	1708	3305306386	28188454	117.25745534	true
1084	2663764	806	3307970150	28189260	117.348598367	true
1085	3066382	996	3311036532	28190256	117.453226817	true
1086	2713921	421	3313750453	28190677	117.547742929	true
1087	2759730	932	3316510183	28191609	117.641748756	true
1088	2718509	485	3319228692	28192094	117.73615298	true
1089	2716799	700	3321945491	28192794	117.829594718	true
1090	2712486	324	3324657977	28193118	117.924451527	true
1091	2724287	430	3327382264	28193548	118.019281007	true
1092	2703239	467	3330085503	28194015	118.113206047	true
1093	2844886	2011	3332930389	28196026	118.205678665	true
1094	2798240	854	3335728629	28196880	118.301337914	true
1095	2756571	722	3338485200	28197602	118.396067864	true
1096	3083255	1230	3341568455	28198832	118.500243379	true
1097	2773385	2021	3344341840	28200853	118.590095129	true
1098	3102072	1447	3347443912	28202300	118.694004106	true
1099	3105108	1878	3350549020	28204178	118.796194663	true
1100	2636611	593	3353185631	28204771	118.887178024	true
1101	3323437	887	3356509068	28205658	119.001268043	true
1102	2769903	1864	3359278971	28207522	119.091601559	true
1103	2614514	778	3361893485	28208300	119.181002932	true
1104	2431892	653	3364325377	28208953	119.264453984	true
1105	2518180	906	3366843557	28209859	119.34988959	true
1106	2681400	2307	3369524957	28212166	119.435174066	true
1107	2499941	1096	3372024898	28213262	119.51914309	true
1108	2513946	859	3374538844	28214121	119.604606644	true
1109	2702503	1044	3377241347	28215165	119.69596304	true
1110	2554185	587	3379795532	28215752	119.783996259	true
1111	2472013	475	3382267545	28216227	119.869589403	true
1112	2365888	248	3384633433	28216475	119.952383599	true
1113	2462545	311	3387095978	28216786	120.038333849	true
1114	2659144	2859	3389755122	28219645	120.120402719	true
1115	2797945	3096	3392553067	28222741	120.20636362	true
1116	2533970	1649	3395087037	28224390	120.289120048	true
1117	1824720	357	3396911757	28224747	120.352248224	true
1118	2620250	768	3399532007	28225515	120.441806181	true
1119	2798622	1304	3402330629	28226819	120.53538973	true
1120	2983812	1326	3405314441	28228145	120.635431092	true
1121	2405424	474065	3407719865	28702210	118.726741425	true
1122	2632656	777	3410352521	28702987	118.815248079	true
1123	2538533	791	3412891054	28703778	118.900412831	true
1124	2746171	787	3415637225	28704565	118.992823093	true
1125	2566696	615	3418203921	28705180	119.079689485	true
1126	2785976	1614	3420989897	28706794	119.170043753	true
1127	2773122	2310	3423763019	28709104	119.257048879	true
1128	2811548	2178	3426574567	28711282	119.345927047	true
1129	2826235	2366	3429400802	28713648	119.434521242	true
1130	3777972	4584	3433178774	28718232	119.547010206	true
1131	2617387	262	3435796161	28718494	119.637058998	true
1132	2779729	2947	3438575890	28721441	119.72156585	true
1133	2661375	1700	3441237265	28723141	119.807136169	true
1134	2814110	2754	3444051375	28725895	119.893614281	true
1135	2950905	853	3447002280	28726748	119.992777463	true
1136	2431777	2006	3449434057	28728754	120.069045006	true
1137	2881888	850	3452315945	28729604	120.165803364	true
1138	2928284	817	3455244229	28730421	120.264309005	true
1139	4262857	3534	3459507086	28733955	120.397873735	true
1140	4454558	2018	3463961644	28735973	120.544435506	true
1141	2246241	721	3466207885	28736694	120.61957736	true
1142	2698142	1528	3468906027	28738222	120.707050944	true
1143	2699791	610	3471605818	28738832	120.798431126	true
1144	3288811	1220	3474894629	28740052	120.907736319	true
1145	3218712	1000	3478113341	28741052	121.015519578	true
1146	3436473	1454	3481549814	28742506	121.128958414	true
1147	2684842	355	3484234656	28742861	121.220871367	true
1148	3135391	456	3487370047	28743317	121.328030686	true
1149	3135140	545	3490505187	28743862	121.434801872	true
1150	3986283	5009	3494491470	28748871	121.552302697	true
1151	2889737	638	3497381207	28749509	121.650119555	true
1152	4239435	4224	3501620642	28753733	121.779688293	true
1153	3201625	2079	3504822267	28755812	121.882222175	true
1154	2696126	269	3507518393	28756081	121.974840487	true
1155	2718990	533	3510237383	28756614	122.067131513	true
1156	4502827	6369	3514740210	28762983	122.196651509	true
1157	3531700	1055	3518271910	28764038	122.314951399	true
1158	3944099	3378	3522216009	28767416	122.437691623	true
1159	3199976	948	3525415985	28768364	122.544889414	true
1160	3210131	1312	3528626116	28769676	122.650881296	true
1161	2714898	691	3531341014	28770367	122.742299881	true
1162	3991408	4156	3535332422	28774523	122.863285066	true
1163	3276859	919	3538609281	28775442	122.973238117	true
1164	3250428	847	3541859709	28776289	123.082573608	true
1165	3426308	1998	3545286017	28778287	123.193087101	true
1166	3205128	615	3548491145	28778902	123.30182524	true
1167	3516797	2938	3552007942	28781840	123.411426858	true
1168	3436183	2137	3555444125	28783977	123.521642788	true
1169	3955902	4162	3559400027	28788139	123.641199141	true
1170	3252778	893	3562652805	28789032	123.750350654	true
1171	3069303	386	3565722108	28789418	123.85530364	true
1172	3430537	1508	3569152645	28790926	123.967969804	true
1173	3133981	677	3572286626	28791603	124.073905367	true
1174	2810801	505	3575097427	28792108	124.169353178	true
1175	3460472	1253	3578557899	28793361	124.284132686	true
1176	3067425	334	3581625324	28793695	124.389222154	true
1177	3077881	250	3584703205	28793945	124.495035501	true
1178	3301714	983	3588004919	28794928	124.605448536	true
1179	3876169	5509	3591881088	28800437	124.716200938	true
1180	3246665	904	3595127753	28801341	124.825012592	true
1181	2729396	720	3597857149	28802061	124.916656103	true
1182	2677820	298	3600534969	28802359	125.008335914	true
1183	2126427	365	3602661396	28802724	125.080579045	true
1184	4280847	10307	3606942243	28813031	125.184408506	true
1185	3364504	1085	3610306747	28814116	125.296460492	true
1186	3458224	1581	3613764971	28815697	125.409597797	true
1187	3064935	342	3616829906	28816039	125.514471507	true
1188	3276076	971	3620105982	28817010	125.623927743	true
1189	3559273	1283	3623665255	28818293	125.741842343	true
1190	3414243	2158	3627079498	28820451	125.850893104	true
1191	2759413	634	3629838911	28821085	125.943867519	true
1192	3472982	2990	3633311893	28824075	126.05129195	true
1193	3455612	2058	3636767505	28826133	126.162170451	true
1194	4243100	12899	3641010605	28839032	126.252871629	true
1195	2725740	772	3643736345	28839804	126.344005146	true
1196	2866625	977	3646602970	28840781	126.439120009	true
1197	2822005	695	3649424975	28841476	126.533918548	true
1198	4220581	10127	3653645556	28851603	126.635790601	true
1199	3347817	1496	3656993373	28853099	126.745254401	true
1200	2429576	716	3659422949	28853815	126.826312188	true
1201	3224335	824	3662647284	28854639	126.934434494	true
1202	3272702	4238	3665919986	28858877	127.029197498	true
1203	2696663	806	3668616649	28859683	127.119090289	true
1204	2519065	1514	3671135714	28861197	127.199703949	true
1205	2431597	550	3673567311	28861747	127.281529805	true
1206	2260396	465	3675827707	28862212	127.357795965	true
1207	2237008	1157	3678064715	28863369	127.430194133	true
1208	2208004	669	3680272719	28864038	127.503737315	true
1209	3412333	7214	3683685052	28871252	127.590069596	true
1210	2275956	424	3685961008	28871676	127.667025911	true
1211	2441791	1336	3688402799	28873012	127.745688569	true
1212	184	111	3688402983	28873123	127.745203835	true
1213	4190684	5016	3692593667	28878139	127.868131219	true
1214	2490029	620	3695083696	28878759	127.951609555	true
1215	2954230	506	3698037926	28879265	128.051663572	true
1216	2269728	602	3700307654	28879867	128.127586391	true
1217	4675710	7564	3704983364	28887431	128.255896622	true
1218	3796530	3950	3708779894	28891381	128.369768617	true
1219	1843104	595	3710622998	28891976	128.430917913	true
1220	3299997	592	3713922995	28892568	128.542502522	true
1221	8969668	21372	3722892663	28913940	128.757708669	true
1222	2342035	627	3725234698	28914567	128.83591506	true
1223	2322548	388	3727557246	28914955	128.914509672	true
1224	2339982	362	3729897228	28915317	128.993821095	true
1225	2340997	410	3732238225	28915727	129.072951373	true
1226	2070510	731	3734308735	28916458	129.141291613	true
1227	2386977	886	3736695712	28917344	129.219879668	true
1228	2084453	907	3738780165	28918251	129.287907661	true
1229	2322896	335	3741103061	28918586	129.366735324	true
1230	2339375	361	3743442436	28918947	129.446014615	true
1231	2323605	420	3745766041	28919367	129.524482365	true
1232	2177122	341	3747943163	28919708	129.598236711	true
1233	2580332	272226	3750523495	29191934	128.478075314	true
1234	2567429	947	3753090924	29192881	128.561854652	true
1235	2672847	1034	3755763771	29193915	128.64885614	true
1236	2656418	1075	3758420189	29194990	128.735107941	true
1237	2564593	712	3760984782	29195702	128.819809916	true
1238	2753946	664	3763738728	29196366	128.911205182	true
1239	2550108	379	3766288836	29196745	128.996874001	true
1240	2682388	798	3768971224	29197543	129.085218712	true
1241	2542954	710	3771514178	29198253	129.169172484	true
1242	2341935	411	3773856113	29198664	129.247561224	true
1243	2683442	605	3776539555	29199269	129.336784253	true
1244	2686082	477	3779225637	29199746	129.426661348	true
1245	2421173	514	3781646810	29200260	129.50729925	true
1246	2460610	410	3784107420	29200670	129.5897464	true
1247	2684690	415	3786792110	29201085	129.679842718	true
1248	2418896	537	3789211006	29201622	129.760292288	true
1249	2428440	658	3791639446	29202280	129.840527726	true
1250	2471371	1937	3794110817	29204217	129.91653969	true
1251	2226055	290	3796336872	29204507	129.991472618	true
1252	2330805	454	3798667677	29204961	130.06926039	true
1253	2575899	831	3801243576	29205792	130.15375772	true
1254	2331609	1029	3803575185	29206821	130.229003184	true
1255	3488098	6356	3807063283	29213177	130.320070392	true
1256	2419261	355	3809482544	29213532	130.401299781	true
1257	2465764	522	3811948308	29214054	130.483373105	true
1258	2057299	460	3814005607	29214514	130.551739009	true
1259	2502660	1462	3816508267	29215976	130.630866722	true
1260	2683481	344	3819191748	29216320	130.721177342	true
1261	2941710	709	3822133458	29217029	130.81868995	true
1262	2419658	387	3824553116	29217416	130.899772793	true
1263	2367621	662	3826920737	29218078	130.977839713	true
1264	2122249	496	3829042986	29218574	131.048249856	true
1265	2364856	6314	3831407842	29224888	131.100856298	true
1266	2185000	562	3833592842	29225450	131.173098857	true
1267	2686423	724	3836279265	29226174	131.261767791	true
1268	2708116	1184	3838987381	29227358	131.349107265	true
1269	2587182	447	3841574563	29227805	131.435616291	true
1270	2691103	883	3844265666	29228688	131.52371622	true
1271	2181812	752	3846447478	29229440	131.594976777	true
1272	2814489	2259	3849261967	29231699	131.68108932	true
1273	2098458	1041	3851360425	29232740	131.74818457	true
1274	2326724	431	3853687149	29233171	131.82583405	true
1275	2204698	852	3855891847	29234023	131.897407586	true
1276	2323081	1010	3858214928	29235033	131.972313081	true
1277	2355997	481	3860570925	29235514	132.05072861	true
1278	2343434	697	3862914359	29236211	132.12773567	true
1279	2051637	246	3864965996	29236457	132.196797854	true
1280	2284185	736	3867250181	29237193	132.271596011	true
1281	2611700	1251	3869861881	29238444	132.3552608	true
1282	2297503	435	3872159384	29238879	132.431868677	true
1283	2182232	3431	3874341616	29242310	132.490956289	true
1284	2394589	610	3876736205	29242920	132.570078672	true
1285	2498045	877	3879234250	29243797	132.651524356	true
1286	2431318	664	3881665568	29244461	132.731650209	true
1287	2620739	2189	3884286307	29246650	132.811323929	true
1288	2319437	380	3886605744	29247030	132.888903386	true
1289	3338826	4298	3889944570	29251328	132.98352027	true
1290	2086579	1074	3892031149	29252402	133.049967965	true
1291	2393093	908	3894424242	29253310	133.127644085	true
1292	2670999	1110	3897095241	29254420	133.213895234	true
1293	2441665	822	3899536906	29255242	133.293613022	true
1294	2228621	761	3901765527	29256003	133.366322358	true
1295	2842946	3643	3904608473	29259646	133.44688015	true
1296	2330911	954	3906939384	29260600	133.522189702	true
1297	2592373	3621	3909531757	29264221	133.59425344	true
1298	2520512	441	3912052269	29264662	133.678368436	true
1299	2452837	749	3914505106	29265411	133.758760675	true
1300	2386148	1338	3916891254	29266749	133.834176594	true
1301	3165399	3458	3920056653	29270207	133.926509403	true
1302	2676960	4541	3922733613	29274748	133.997177807	true
1303	2053928	341	3924787541	29275089	134.065776572	true
1304	2355590	654	3927143131	29275743	134.143243811	true
1305	2386162	849	3929529293	29276592	134.220857844	true
1306	2710678	3377	3932239971	29279969	134.297955404	true
1307	2157561	415	3934397532	29280384	134.369738184	true
1308	2217576	376	3936615108	29280760	134.443747635	true
1309	3941435	1033	3940556543	29281793	134.573608351	true
1310	2225214	347	3942781757	29282140	134.648005815	true
1311	2222716	951	3945004473	29283091	134.719537394	true
1312	2327231	385	3947331704	29283476	134.797238688	true
1313	2192529	721	3949524233	29284197	134.868790597	true
1314	2348767	1275	3951873000	29285472	134.943121286	true
1315	2253612	431	3954126612	29285903	135.01808744	true
1316	2515748	427	3956642360	29286330	135.102020636	true
1317	2353684	661	3958996044	29286991	135.179337611	true
1318	2368556	1829	3961364600	29288820	135.251765008	true
1319	3025910	1484	3964390510	29290304	135.348220012	true
1320	2183952	346	3966574462	29290650	135.421182596	true
1321	2218456	971	3968792918	29291621	135.492430344	true
1322	2259963	1737	3971052881	29293358	135.561545419	true
1323	2360926	632	3973413807	29293990	135.639214972	true
1324	2743025	827	3976156832	29294817	135.729021007	true
1325	2884131	1928	3979040963	29296745	135.818534209	true
1326	2216347	554	3981257310	29297299	135.891616152	true
1327	2803987	642	3984061297	29297941	135.984344326	true
1328	3215532	8861	3987276829	29306802	136.052948698	true
1329	3558268	1229	3990835097	29308031	136.168652783	true
1330	3184793	687	3994019890	29308718	136.274124648	true
1331	1994936	408	3996014826	29309126	136.340292986	true
1332	1845838	555	3997860664	29309681	136.40068836	true
1333	2634459	1106	4000495123	29310787	136.485421664	true
1334	2075203	294	4002570326	29311081	136.554851935	true
1335	652406	698	4003222732	29311779	136.573857629	true
1336	761279	846	4003984011	29312625	136.59588696	true
1337	2965441	3997	4006949452	29316622	136.678415815	true
1338	2089591	348	4009039043	29316970	136.748069224	true
1339	2590337	460	4011629380	29317430	136.834278448	true
1340	2598905	562	4014228285	29317992	136.920300851	true
1341	2594155	611	4016822440	29318603	137.005928966	true
1342	2592515	560	4019414955	29319163	137.091736043	true
1343	2587377	400	4022002332	29319563	137.178113194	true
1344	2603644	485	4024605976	29320048	137.26464486	true
1345	2632815	460273	4027238791	29780321	135.231544045	true
1346	2585778	393	4029824569	29780714	135.316586735	true
1347	2091784	349	4031916353	29781063	135.385239708	true
1348	2088694	238	4034005047	29781301	135.454292175	true
1349	2585460	362	4036590507	29781663	135.539459533	true
1350	2591385	551	4039181892	29782214	135.623963081	true
1351	2737041	747	4041918933	29782961	135.712460994	true
1352	2588702	598	4044507635	29783559	135.796653281	true
1353	2591965	714	4047099600	29784273	135.88042253	true
1354	2585104	371	4049684704	29784644	135.965523174	true
1355	769969	570	4050454673	29785214	135.988771912	true
1356	689192	750	4051143865	29785964	136.00848591	true
1357	2257882	752	4053401747	29786716	136.080853861	true
1358	2107219	629	4055508966	29787345	136.148722419	true
1359	2492235	1159	4058001201	29788504	136.227089517	true
1360	2074338	697	4060075539	29789201	136.293536003	true
1361	2286362	539	4062361901	29789740	136.367819961	true
1362	4145549	2535	4066507450	29792275	136.49536499	true
1363	2212835	1039	4068720285	29793314	136.564877778	true
1364	3387917	631	4072108202	29793945	136.675697092	true
1365	2660745	509	4074768947	29794454	136.762665528	true
1366	2037385	660	4076806332	29795114	136.828015895	true
1367	2025317	467	4078831649	29795581	136.893845064	true
1368	2676015	783	4081507664	29796364	136.980057835	true
1369	2113278	659	4083620942	29797023	137.047950797	true
1370	2037465	593	4085658407	29797616	137.113600195	true
1371	2025409	489	4087683816	29798105	137.179321168	true
1372	2715975	2158	4090399791	29800263	137.26052656	true
1373	2270976	1012	4092670767	29801275	137.332069416	true
1374	2062442	511	4094733209	29801786	137.398919951	true
1375	2052101	573	4096785310	29802359	137.465135226	true
1376	2826892	1208	4099612202	29803567	137.554414275	true
1377	2165659	1299	4101777861	29804866	137.62108043	true
1378	2180907	736	4103958768	29805602	137.690853149	true
1379	2211248	1262	4106170016	29806864	137.759209288	true
1380	2024707	366	4108194723	29807230	137.825444464	true
1381	2026083	436	4110220806	29807666	137.891400353	true
1382	2061790	425	4112282596	29808091	137.958603119	true
1383	2026041	405	4114308637	29808496	138.024697288	true
1384	2022611	401	4116331248	29808897	138.090693124	true
1385	2063489	507	4118394737	29809404	138.157567223	true
1386	2052408	685	4120447145	29810089	138.22324197	true
1387	3170138	1704	4123617283	29811793	138.321679712	true
1388	2221060	1434	4125838343	29813227	138.389525663	true
1389	2215576	1065	4128053919	29814292	138.458894781	true
1390	2019538	269	4130073457	29814561	138.525382178	true
1391	2265053	1494	4132338510	29816055	138.594408616	true
1392	2024260	292	4134362770	29816347	138.660942268	true
1393	2026811	409	4136389581	29816756	138.727015809	true
1394	2061962	358	4138451543	29817114	138.794503821	true
1395	2026821	426	4140478364	29817540	138.860494997	true
1396	2026993	420	4142505357	29817960	138.926518011	true
1397	7614390	8556	4150119747	29826516	139.141954997	true
1398	2417282	2538	4152537029	29829054	139.211153964	true
1399	2157446	1675	4154694475	29830729	139.275660176	true
1400	1887978	1209	4156582453	29831938	139.333302885	true
1401	2170904	1167	4158753357	29833105	139.400620787	true
1402	2046821	1604	4160800178	29834709	139.461731569	true
1403	2238362	754	4163038540	29835463	139.533230639	true
1404	2095069	563	4165133609	29836026	139.600817113	true
1405	2874886	3913	4168008495	29839939	139.678854404	true
1406	2105276	1422	4170113771	29841361	139.742747357	true
1407	2055325	435	4172169096	29841796	139.809584383	true
1408	1013908	691	4173183004	29842487	139.840322424	true
1409	2680141	3860	4175863145	29846347	139.912034964	true
1410	2769295	1141	4178632440	29847488	139.999467962	true
1411	3917849	3512	4182550289	29851000	140.11424371	true
1412	2832558	2006	4185382847	29853006	140.199712116	true
1413	4172223	29705	4189555070	29882711	140.199966128	true
1414	2771461	9550	4192326531	29892261	140.247889947	true
1415	2681826	1118	4195008357	29893379	140.332357777	true
1416	214	126	4195008571	29893505	140.33177344	true
1417	2650381	507	4197658952	29894012	140.418052686	true
1418	2610688	1247	4200269640	29895259	140.499523353	true
1419	2597521	477	4202867161	29895736	140.584167622	true
1420	2829421	28848	4205696582	29924584	140.543192915	true
1421	2401296	613	4208097878	29925197	140.620557251	true
1422	2949859	5855	4211047737	29931052	140.691604725	true
1423	2743149	764	4213790886	29931816	140.779660212	true
1424	3668206	2667	4217459092	29934483	140.889658659	true
1425	3672348	570	4221131440	29935053	141.009653131	true
1426	3928498	2686	4225059938	29937739	141.128224079	true
1427	3660954	6535	4228720892	29944274	141.219683336	true
1428	4177726	3480	4232898618	29947754	141.342773752	true
1429	6873445	23298	4239772063	29971052	141.462237061	true
1430	5640587	21268	4245412650	29992320	141.549991798	true
1431	5003864	14929	4250416514	30007249	141.646323993	true
1432	3923332	3553	4254339846	30010802	141.760285047	true
1433	2651977	832	4256991823	30011634	141.844720051	true
1434	2215805	476	4259207628	30012110	141.91630072	true
1435	3473652	11249	4262681280	30023359	141.978826553	true
1436	5930743	6812	4268612023	30030171	142.144113099	true
1437	4067544	5145	4272679567	30035316	142.255189424	true
1438	2560343	2283	4275239910	30037599	142.329615293	true
1439	3555888	8177	4278795798	30045776	142.409229104	true
1440	3177475	7810	4281973273	30053586	142.477948322	true
1441	2795117	7833	4284768390	30061419	142.533803544	true
1442	3758597	7480	4288526987	30068899	142.623346036	true
1443	3093589	2426	4291620576	30071325	142.714714965	true
1444	3363706	2781	4294984282	30074106	142.813365159	true
1445	3594022	8501	4298578304	30082607	142.892479498	true
1446	3172868	1204	4301751172	30083811	142.992228345	true
1447	2649434	829	4304400606	30084640	143.076354113	true
1448	3112031	6086	4307512637	30090726	143.150837803	true
1449	2141636	1084	4309654273	30091810	143.21685113	true
1450	2121415	1504	4311775688	30093314	143.280188018	true
1451	2791458	3217	4314567146	30096531	143.357623043	true
1452	849122	611	4315416268	30097142	143.382925462	true
1453	2649776	3196	4318066044	30100338	143.455732756	true
1454	1866444	3757	4319932488	30104095	143.49982911	true
1455	1909990	2788	4321842478	30106883	143.549980847	true
1456	2187274	4739	4324029752	30111622	143.600027657	true
1457	3487238	1069250	4327516990	31180872	138.787555075	true
1458	2268645	5587	4329785635	31186459	138.835436078	true
1459	3189551	5736	4332975186	31192195	138.912160109	true
1460	3081547	6509	4336056733	31198704	138.981950436	true
1461	2780666	3807	4338837399	31202511	139.054110068	true
1462	2386426	2520	4341223825	31205031	139.119356267	true
1463	1834700	931	4343058525	31205962	139.173999026	true
1464	2008534	402	4345067059	31206364	139.23656915	true
1465	2773161	14748	4347840220	31221112	139.259620862	true
1466	2277080	2012	4350117300	31223124	139.323576334	true
1467	2137024	525	4352254324	31223649	139.389676203	true
1468	1088295	583	4353342619	31224232	139.421927784	true
1469	1887669	581	4355230288	31224813	139.479787693	true
1470	1649567	477	4356879855	31225290	139.530484905	true
1471	1940090	1236	4358819945	31226526	139.587091596	true
1472	2045030	1247	4360864975	31227773	139.647005087	true
1473	2313026	640	4363178001	31228413	139.718211137	true
1474	2060065	281	4365238066	31228694	139.782920989	true
1475	2240109	325	4367478175	31229019	139.853197918	true
1476	2006795	278	4369484970	31229297	139.916212971	true
1477	944669	647	4370429639	31229944	139.943563107	true
1478	3076610	2943	4373506249	31232887	140.028882024	true
1479	2509962	3146	4376016211	31236033	140.095133431	true
1480	2077014	889	4378093225	31236922	140.157638611	true
1481	2064054	1070	4380157279	31237992	140.218912887	true
1482	2068407	566	4382225686	31238558	140.282585579	true
1483	2770413	1097	4384996099	31239655	140.366342042	true
1484	2043427	826	4387039526	31240481	140.428040337	true
1485	2031948	447	4389071474	31240928	140.491072288	true
1486	2055549	669	4391127023	31241597	140.553859106	true
1487	2323421	1326	4393450444	31242923	140.622260088	true
1488	2027514	313	4395477958	31243236	140.685745804	true
1489	2674304	600	4398152262	31243836	140.768638716	true
1490	62119	1677	4398214381	31245513	140.763071517	true
1491	1413083	4224	4399627464	31249737	140.78926373	true
1492	2988450	6656	4402615914	31256393	140.854893717	true
1493	2988167	1713	4405604081	31258106	140.942771165	true
1494	2999996	2694	4408604077	31260800	141.026591674	true
1495	2974645	1137	4411578722	31261937	141.116614815	true
1496	2996683	2002	4414575405	31263939	141.203429453	true
1497	2971365	578	4417546770	31264517	141.295858497	true
1498	2975181	1008	4420521951	31265525	141.386461638	true
1499	208	123	4420522159	31265648	141.385912072	true
1500	3495732	2303	4424017891	31267951	141.487297681	true
1501	2978179	1171	4426996070	31269122	141.577242559	true
1502	3004952	2235	4430001022	31271357	141.663216662	true
1503	2972386	816	4432973408	31272173	141.754569086	true
1504	2977216	613	4435950624	31272786	141.84699195	true
1505	2252241	371	4438202865	31273157	141.917327534	true
1506	2258818	532	4440461683	31273689	141.987140788	true
1507	2968765	617	4443430448	31274306	142.079266219	true
1508	3018857	454	4446449305	31274760	142.17373067	true
1509	2994121	1569	4449443426	31276329	142.262329636	true
1510	3031075	5184	4452474501	31281513	142.335650485	true
1511	2972666	862	4455447167	31282375	142.426755226	true
1512	2973532	802	4458420699	31283177	142.518155972	true
1513	2964323	259	4461385022	31283436	142.611732995	true
1514	1334124	4246	4462719146	31287682	142.635019942	true
1515	3111818	25451	4465830964	31313133	142.618465038	true
1516	3193369	9020	4469024333	31322153	142.679346883	true
1517	2963841	6451	4471988174	31328604	142.744572149	true
1518	2919756	1842	4474907930	31330446	142.829372107	true
1519	2881244	2938	4477789174	31333384	142.907934042	true
1520	3315266	11821	4481104440	31345205	142.959806452	true
1521	3077491	8260	4484181931	31353465	143.020298745	true
1522	2895424	2454	4487077355	31355919	143.101446174	true
1523	3043474	4059	4490120829	31359978	143.179973819	true
1524	2955928	4170	4493076757	31364148	143.25518286	true
1525	2793784	185	4495870541	31364333	143.343413074	true
1526	2836636	710	4498707177	31365043	143.430607667	true
1527	2866204	1084	4501573381	31366127	143.517029724	true
1528	2142709	753	4503716090	31366880	143.581895617	true
1529	2163900	2347	4505879990	31369227	143.640134645	true
1530	2804813	703	4508684803	31369930	143.726326549	true
1531	3003200	6844	4511688003	31376774	143.790690624	true
1532	2969842	2480	4514657845	31379254	143.873969885	true
1533	1067592	4001	4515725437	31383255	143.889645513	true
1534	2200207	3253	4517925644	31386508	143.944832729	true
1535	4010724	37929	4521936368	31424437	143.898723404	true
1536	2169993	5422	4524106361	31429859	143.942941678	true
1537	2112897	888	4526219258	31430747	144.006098805	true
1538	2122550	1031	4528341808	31431778	144.068904024	true
1539	1462737	3262	4529804545	31435040	144.100486114	true
1540	1859480	7074	4531664025	31442114	144.127205474	true
1541	47058	378	4531711083	31442492	144.126969421	true
1542	174799	322	4531885882	31442814	144.13105271	true
1543	1432720	561	4533318602	31443375	144.174046266	true
1544	1591369	4486	4534909971	31447861	144.204083419	true
1545	1433303	266	4536343274	31448127	144.248440424	true
1546	1544143	1893	4537887417	31450020	144.288856319	true
1547	383	152	4537887800	31450172	144.288171143	true
1548	1428130	224	4539315930	31450396	144.332552442	true
1549	4092294	27548	4543408224	31477944	144.336244578	true
1550	4100088	589	4547508312	31478533	144.463794167	true
1551	2148312	1442	4549656624	31479975	144.525420494	true
1552	3935199	8389	4553591823	31488364	144.611889744	true
1553	3589410	2052	4557181233	31490416	144.71645065	true
1554	3629652	2710	4560810885	31493126	144.819249921	true
1555	3478876	305	4564289761	31493431	144.928310955	true
1556	4069001	10003	4568358762	31503434	145.011453735	true
1557	1863457	385	4570222219	31503819	145.068831782	true
1558	1864675	433	4572086894	31504252	145.126025973	true
1559	3478196	257	4575565090	31504509	145.235245215	true
1560	1856441	236	4577421531	31504745	145.293083026	true
1561	4151161	1232	4581572692	31505977	145.419159419	true
1562	4129868	966	4585702560	31506943	145.54577891	true
1563	4066001	9502	4589768561	31516445	145.630909863	true
1564	5141412	43113	4594909973	31559558	145.594877248	true
1565	5893757	74648	4600803730	31634206	145.437623122	true
1566	1860307	502	4602664037	31634708	145.494121109	true
1567	5302471	52477	4607966508	31687185	145.420506997	true
1568	5250413	4769	4613216921	31691954	145.564294363	true
1569	5480545	667408	4618697466	32359362	142.731413122	true
1570	5483063	1267	4624180529	32360629	142.895261059	true
1571	5486377	2678	4629666906	32363307	143.052961368	true
1572	5421184	1411	4635088090	32364718	143.214227604	true
1573	5153027	794	4640241117	32365512	143.369927749	true
1574	5961806	13555	4646202923	32379067	143.494033445	true
1575	5996222	4540	4652199145	32383607	143.659078651	true
1576	5135039	339	4657334184	32383946	143.816142233	true
1577	5213858	712	4662548042	32384658	143.97397811	true
1578	5124986	305	4667673028	32384963	144.130874196	true
1579	5143633	1495	4672816661	32386458	144.283041418	true
1580	4520846	7483	4677337507	32393941	144.389270419	true
1581	4958355	5212	4682295862	32399153	144.519082397	true
1582	5051547	2876	4687347409	32402029	144.662157083	true
1583	5618595	24901	4692966004	32426930	144.724338813	true
1584	4964660	519	4697930664	32427449	144.875123048	true
1585	5231082	10349	4703161746	32437798	144.990166903	true
1586	5027283	2031	4708189029	32439829	145.136061876	true
1587	5622464	1630	4713811493	32441459	145.30208068	true
1588	4963102	478	4718774595	32441937	145.452923942	true
1589	5020876	330	4723795471	32442267	145.606207821	true
1590	4408190	705	4728203661	32442972	145.738918771	true
1591	4394982	317	4732598643	32443289	145.87296137	true
1592	5324223	23815	4737922866	32467104	145.929950081	true
1593	2198776	977	4740121642	32468081	145.993280046	true
1594	2910806	2215	4743032448	32470296	146.072966135	true
1595	2885908	422	4745918356	32470718	146.159944969	true
1596	1750334	3290	4747668690	32474008	146.19903678	true
1597	3010987	6192	4750679677	32480200	146.263867741	true
1598	195360	270	4750875037	32480470	146.268666586	true
1599	1836271	5420	4752711308	32485890	146.300788065	true
1600	1836419	256	4754547727	32486146	146.356164471	true
1601	2274309	19293	4756822036	32505439	146.339264515	true
1602	2232836	2565	4759054872	32508004	146.396403544	true
1603	2801412	22716	4761856284	32530720	146.380291737	true
1604	1786267	1448	4763642551	32532168	146.428684095	true
1605	2992729	6933	4766635280	32539101	146.489458329	true
1606	2349154	4420	4768984434	32543521	146.541747403	true
1607	2259651	1100	4771244085	32544621	146.606226725	true
1608	2133543	415	4773377628	32545036	146.6699139	true
1609	2299413	2591	4775677041	32547627	146.728885673	true
1610	2267898	1341	4777944939	32548968	146.792517016	true
1611	2327327	3261	4780272266	32552229	146.849306878	true
1612	2269791	414	4782542057	32552643	146.91716605	true
1613	2289067	1248	4784831124	32553891	146.981850004	true
1614	3079407	12188	4787910531	32566079	147.02140012	true
1615	1784649	459	4789695180	32566538	147.074128051	true
1616	2617891	33016	4792313071	32599554	147.005479615	true
1617	2737522	1506	4795050593	32601060	147.082659061	true
1618	2659568	1933	4797710161	32602993	147.155513023	true
1619	2663388	1444	4800373549	32604437	147.230683634	true
1620	2617842	385	4802991391	32604822	147.309235149	true
1621	2202865	1402	4805194256	32606224	147.370460805	true
1622	2231007	2747	4807425263	32608971	147.426463196	true
1623	2129377	257	4809554640	32609228	147.490601127	true
1624	2687642	1791	4812242282	32611019	147.564916079	true
1625	2891778	4519	4815134060	32615538	147.633133018	true
1626	2278138	958	4817412198	32616496	147.698642981	true
1627	2180549	675	4819592747	32617171	147.762439207	true
1628	2258444	1242	4821851191	32618413	147.826051225	true
1629	47986	543	4821899177	32618956	147.825061507	true
1630	917771	381	4822816948	32619337	147.851470678	true
1631	1418782	2234	4824235730	32621571	147.884837613	true
1632	1735859	3018	4825971589	32624589	147.924364319	true
1633	3508291	33747	4829479880	32658336	147.878932962	true
1634	1832693	380	4831312573	32658716	147.933328824	true
1635	1455894	347	4832768467	32659063	147.976335604	true
1636	2884024	17012	4835652491	32676075	147.98755637	true
1637	2053935	1152	4837706426	32677227	148.045194471	true
1638	188	113	4837706614	32677340	148.044688276	true
1639	228866	2852	4837935480	32680192	148.03877162	true
1640	886728	3457	4838822208	32683649	148.050243961	true
1641	1777292	3217	4840599500	32686866	148.09004632	true
1642	38651	535	4840638151	32687401	148.08880495	true
1643	916820	2542	4841554971	32689943	148.105335363	true
1644	922464	2113	4842477435	32692056	148.123979569	true
1645	226357	955	4842703792	32693011	148.126576411	true
1646	24640	138	4842728432	32693149	148.126704833	true
1647	849441	490	4843577873	32693639	148.150466609	true
1648	864064	786	4844441937	32694425	148.173333435	true
1649	721057	255	4845162994	32694680	148.194232028	true
1650	69935	527	4845232929	32695207	148.193982347	true
1651	859838	806	4846092767	32696013	148.216627116	true
1652	247831	464	4846340598	32696477	148.222103501	true
1653	218034	465	4846558632	32696942	148.226663888	true
1654	888185	734	4847446817	32697676	148.250500036	true
1655	898346	889	4848345163	32698565	148.273943	true
1656	891650	710	4849236813	32699275	148.297991714	true
1657	1750177	1246	4850986990	32700521	148.345862441	true
1658	178	108	4850987168	32700629	148.345377944	true
1659	1170295	545	4852157463	32701174	148.378693163	true
1660	132468	1960	4852289931	32703134	148.373850989	true
1661	1202447	2096	4853492378	32705230	148.401108263	true
1662	574695	270	4854067073	32705500	148.417454954	true
1663	909329	1037	4854976402	32706537	148.440551869	true
1664	906095	703	4855882497	32707240	148.465064524	true
1665	914060	958	4856796557	32708198	148.488661986	true
1666	719194	775	4857515751	32708973	148.507131392	true
1667	118794	1717	4857634545	32710690	148.502967837	true
1668	61018	226	4857695563	32710916	148.5038072	true
1669	3103089	51947	4860798652	32762863	148.363061311	true
1670	2592173	797	4863390825	32763660	148.438569592	true
1671	1881653	887	4865272478	32764547	148.491980616	true
1672	2277679	3768	4867550157	32768315	148.544414231	true
1673	1984904	4190	4869535061	32772505	148.585988804	true
1674	1940957	891	4871476018	32773396	148.641172798	true
1675	1910655	1340	4873386673	32774736	148.69339216	true
1676	1924413	1078	4875311086	32775814	148.747216042	true
1677	2255132	1367	4877566218	32777181	148.809814303	true
1678	2683672	11375	4880249890	32788556	148.840037054	true
1679	2035896	391	4882285786	32788947	148.900353098	true
1680	2667648	5077	4884953434	32794024	148.958646673	true
1681	2674125	373829	4887627559	33167853	147.360384135	true
1682	2059047	906	4889686606	33168759	147.418436909	true
1683	2165639	739	4891852245	33169498	147.480442574	true
1684	1944223	692	4893796468	33170190	147.535979384	true
1685	1875186	747	4895671654	33170937	147.589187909	true
1686	2768550	18244	4898440204	33189181	147.591475788	true
1687	2549554	1828	4900989758	33191009	147.660161762	true
1688	2731353	60445	4903721111	33251454	147.473885232	true
1689	3966191	21085	4907687302	33272539	147.499633316	true
1690	3451948	1603	4911139250	33274142	147.596270101	true
1691	3182922	4692	4914322172	33278834	147.671104462	true
1692	2264884	759	4916587056	33279593	147.735792803	true
1693	2474802	1551	4919061858	33281144	147.803268361	true
1694	2233454	242	4921295312	33281386	147.869301837	true
1695	2689761	2278	4923985073	33283664	147.939994617	true
1696	2267270	21320	4926252343	33304984	147.913367651	true
1697	2888579	1081	4929140922	33306065	147.995295211	true
1698	2609537	11424	4931750459	33317489	148.022873482	true
1699	2275003	945	4934025462	33318434	148.086955767	true
1700	2838162	17137	4936863624	33335571	148.095967038	true
1701	2265193	243	4939128817	33335814	148.162838232	true
1702	2274093	780	4941402910	33336594	148.227587677	true
1703	2267712	289	4943670622	33336883	148.294326797	true
1704	2352831	4738	4946023453	33341621	148.343820866	true
1705	2351475	3121	4948374928	33344742	148.4004563	true
1706	2289822	1019	4950664750	33345761	148.464590447	true
1707	2300100	1138	4952964850	33346899	148.528498857	true
1708	2268266	475	4955233116	33347374	148.594402546	true
1709	2271867	459	4957504983	33347833	148.660483666	true
1710	2344489	5286	4959849472	33353119	148.707216018	true
1711	2275297	530	4962124769	33353649	148.773070347	true
1712	2271887	1339	4964396656	33354988	148.835210374	true
1713	2540058	748	4966936714	33355736	148.908023316	true
1714	1906076	559	4968842790	33356295	148.962670764	true
1715	1908987	522	4970751777	33356817	149.017568943	true
1716	1916860	517	4972668637	33357334	149.072723767	true
1717	2076906	1413	4974745543	33358747	149.128669101	true
1718	2049226	2202	4976794769	33360949	149.180251707	true
1719	1957509	1290	4978752278	33362239	149.233157823	true
1720	1876966	173	4980629244	33362412	149.288643879	true
1721	2119643	2798	4982748887	33365210	149.3396531	true
1722	1932164	893	4984681051	33366103	149.393564211	true
1723	2036233	450	4986717284	33366553	149.452575578	true
1724	2045517	1039	4988762801	33367592	149.50922443	true
1725	1897118	289	4990659919	33367881	149.564784141	true
1726	2976560	886	4993636479	33368767	149.650014908	true
1727	2706706	389	4996343185	33369156	149.729384375	true
1728	3342799	33382	4999685984	33402538	149.679823252	true
1729	2150757	7050	5001836741	33409588	149.712613666	true
1730	1914488	1169	5003751229	33410757	149.764676957	true
1731	1945507	2212	5005696736	33412969	149.812988364	true
1732	1899381	270	5007596117	33413239	149.868622943	true
1733	2142937	1543	5009739054	33414782	149.925833842	true
1734	2173854	1023	5011912908	33415805	149.986298639	true
1735	1929279	369	5013842187	33416174	150.042377293	true
1736	1936965	444	5015779152	33416618	150.098347834	true
1737	3140734	75929	5018919886	33492547	149.85184274	true
1738	20986	667	5018940872	33493214	149.849485093	true
1739	1126418	6518	5020067290	33499732	149.853953757	true
1740	1492487	10462	5021559777	33510194	149.851707125	true
1741	1401363	2703	5022961140	33512897	149.881436391	true
1742	1048171	965	5024009311	33513862	149.908396442	true
1743	950021	444	5024959332	33514306	149.934757175	true
1744	1077843	1688	5026037175	33515994	149.959364923	true
1745	1056209	479	5027093384	33516473	149.988734913	true
1746	974645	789	5028068029	33517262	150.014283058	true
1747	1393606	3144	5029461635	33520406	150.041787531	true
1748	1400884	3465	5030862519	33523871	150.06806699	true
1749	714550	307	5031577069	33524178	150.088007199	true
1750	1044296	1080	5032621365	33525258	150.114321715	true
1751	762124	488	5033383489	33525746	150.134869154	true
1752	798532	820	5034182021	33526566	150.155015011	true
1753	1032323	405	5035214344	33526971	150.183991987	true
1754	16300	137	5035230644	33527108	150.183864472	true
1755	1295737	3042	5036526381	33530150	150.20888308	true
1756	1113679	664	5037640060	33530814	150.23912214	true
1757	19591	374	5037659651	33531188	150.238030666	true
1758	1060807	1494	5038720458	33532682	150.262972046	true
1759	1262794	855	5039983252	33533537	150.296798456	true
1760	18847	329	5040002099	33533866	150.295885926	true
1761	1385857	1516	5041387956	33535382	150.330416871	true
1762	1147355	1410	5042535311	33536792	150.358308302	true
1763	1028746	830	5043564057	33537622	150.385261573	true
1764	1034204	557	5044598261	33538179	150.413600601	true
1765	16456	193	5044614717	33538372	150.413225693	true
1766	1401483	1491	5046016200	33539863	150.448324729	true
1767	1151278	2417	5047167478	33542280	150.471806866	true
1768	1183979	1932	5048351457	33544212	150.498436422	true
1769	1076991	654	5049428448	33544866	150.527608249	true
1770	1287338	815	5050715786	33545681	150.562326816	true
1771	1052867	377	5051768653	33546058	150.592020469	true
1772	1254798	1451	5053023451	33547509	150.622910661	true
1773	1346883	1364	5054370334	33548873	150.656933662	true
1774	16308	139	5054386642	33549012	150.656795556	true
1775	1434581	3622	5055821223	33552634	150.683288322	true
1776	1216824	1008	5057038047	33553642	150.715026613	true
1777	1356428	1340	5058394475	33554982	150.749431932	true
1778	1127912	979	5059522387	33555961	150.778646661	true
1779	1133559	608	5060655946	33556569	150.809695294	true
1780	16303	138	5060672249	33556707	150.809560932	true
1781	1040070	290	5061712319	33556997	150.839251766	true
1782	1880298	4511	5063592617	33561508	150.875002905	true
1783	16332	145	5063608949	33561653	150.874837691	true
1784	1221894	848	5064830843	33562501	150.907432167	true
1785	1492464	3860	5066323307	33566361	150.934541489	true
1786	1487981	1411	5067811288	33567772	150.972524718	true
1787	1383774	953	5069195062	33568725	151.0094608	true
1788	19963	407	5069215025	33569132	151.008224609	true
1789	713123	622	5069928148	33569754	151.026669662	true
1790	1036773	573	5070964921	33570327	151.054975455	true
1791	1502762	6095	5072467683	33576422	151.072311487	true
1792	788082	1904	5073255765	33578326	151.087215158	true
1793	16308	206661	5073272073	33784987	150.163505258	true
1794	1598150	2352	5074870223	33787339	150.200352357	true
1795	1428531	1846	5076298754	33789185	150.23442424	true
1796	1407007	1369	5077705761	33790554	150.269976663	true
1797	1444639	2280	5079150400	33792834	150.302587821	true
1798	1207553	887	5080357953	33793721	150.334375815	true
1799	1434328	1276	5081792281	33794997	150.371141652	true
1800	1432470	1705	5083224751	33796702	150.405940526	true
1801	1214135	848	5084438886	33797550	150.438090512	true
1802	1392193	566	5085831079	33798116	150.47676264	true
1803	1456959	2450	5087288038	33800566	150.508960057	true
1804	1031207	311	5088319245	33800877	150.538083524	true
1805	1287334	477	5089606579	33801354	150.57404443	true
1806	1011056	255	5090617635	33801609	150.602819972	true
1807	16266	130	5090633901	33801739	150.602721978	true
1808	717348	674	5091351249	33802413	150.620940848	true
1809	722626	360	5092073875	33802773	150.640714447	true
1810	675273	148	5092749148	33802921	150.660031658	true
1811	16304	138	5092765452	33803059	150.659898916	true
1812	16300	137	5092781752	33803196	150.659770514	true
1813	16300	131	5092798052	33803327	150.659668854	true
1814	16308	139	5092814360	33803466	150.659531777	true
1815	16304	132	5092830664	33803598	150.659425781	true
1816	16308	139	5092846972	33803737	150.659288705	true
1817	1259408	1343	5094106380	33805080	150.690558342	true
1818	723232	852	5094829612	33805932	150.708154178	true
1819	16299	144	5094845911	33806076	150.707994356	true
1820	954331	388	5095800242	33806464	150.734493912	true
1821	788114	961	5096588356	33807425	150.753521039	true
1822	768950	891	5097357306	33808316	150.772292415	true
1823	1145552	3766	5098502858	33812082	150.789379311	true
1824	1085944	1894	5099588802	33813976	150.813048486	true
1825	1110141	1549	5100698943	33815525	150.838969467	true
1826	837092	983	5101536035	33816508	150.859338729	true
1827	1070852	987	5102606887	33817495	150.886601358	true
1828	1215814	924	5103822701	33818419	150.918430013	true
1829	1414911	2967	5105237612	33821386	150.947025412	true
1830	1244887	2656	5106482499	33824042	150.97197724	true
1831	1195144	831	5107677643	33824873	151.003601492	true
1832	1064649	443	5108742292	33825316	151.03309876	true
1833	1536162	4765	5110278454	33830081	151.057233768	true
1834	1088854	1042	5111367308	33831123	151.084766178	true
1835	1053621	688	5112420929	33831811	151.112836644	true
1836	1048012	1140	5113468941	33832951	151.138720976	true
1837	747607	696	5114216548	33833647	151.15770842	true
1838	1141693	529	5115358241	33834176	151.189088837	true
1839	774771	626	5116133012	33834802	151.20919023	true
1840	16308	139	5116149320	33834941	151.209051022	true
1841	16308	139	5116165628	33835080	151.208911816	true
1842	16308	135	5116181936	33835215	151.208790486	true
1843	16304	138	5116198240	33835353	151.208655633	true
1844	16308	139	5116214548	33835492	151.20851643	true
1845	16304	138	5116230852	33835630	151.208381579	true
1846	16308	139	5116247160	33835769	151.208242378	true
1847	16308	134	5116263468	33835903	151.208125523	true
1848	16308	134	5116279776	33836037	151.208008668	true
1849	16300	137	5116296076	33836174	151.207878172	true
1850	16304	138	5116312380	33836312	151.207743326	true
1851	16308	134	5116328688	33836446	151.207626475	true
1852	16308	134	5116344996	33836580	151.207509624	true
1853	16292	135	5116361288	33836715	151.207387833	true
1854	16308	139	5116377596	33836854	151.207248641	true
1855	16308	139	5116393904	33836993	151.20710945	true
1856	16308	134	5116410212	33837127	151.206992603	true
1857	16454	190	5116426666	33837317	151.206629828	true
1858	973666	333	5117400332	33837650	151.233916422	true
1859	16308	135	5117416640	33837785	151.233795002	true
1860	16308	133	5117432948	33837918	151.233682521	true
1861	16304	138	5117449252	33838056	151.233547577	true
1862	16304	132	5117465556	33838188	151.23343945	true
1863	777984	387	5118243540	33838575	151.254700885	true
1864	783457	1086	5119026997	33839661	151.272998775	true
1865	16296	136	5119043293	33839797	151.272872382	true
1866	1263613	1705	5120306906	33841502	151.302590116	true
1867	766094	445	5121073000	33841947	151.323237992	true
1868	782095	1172	5121855095	33843119	151.341107036	true
1869	762765	617	5122617860	33843736	151.360885808	true
1870	852865	1286	5123470725	33845022	151.380333716	true
1871	1040915	226	5124511640	33845248	151.410078012	true
1872	16296	132	5124527936	33845380	151.409968982	true
1873	1139858	388	5125667794	33845768	151.441911261	true
1874	1064712	1345	5126732506	33847113	151.467349845	true
1875	1076553	1434	5127809059	33848547	151.492737901	true
1876	769830	583	5128578889	33849130	151.512871645	true
1877	1094081	693	5129672970	33849823	151.542091372	true
1878	1138251	1055	5130811221	33850878	151.570993845	true
1879	1804202	969	5132615423	33851847	151.61995217	true
1880	1838882	3085	5134454305	33854932	151.660452456	true
1881	1188815	2990	5135643120	33857922	151.682171162	true
1882	699640	308	5136342760	33858230	151.701455156	true
1883	20413	198	5136363173	33858428	151.701170917	true
1884	822079	2459	5137185252	33860887	151.714432407	true
1885	1137818	559	5138323070	33861446	151.745530005	true
1886	1273938	2489	5139597008	33863935	151.771996019	true
1887	1743699	938	5141340707	33864873	151.819282092	true
1888	23641	287	5141364348	33865160	151.818693548	true
1889	18727	212	5141383075	33865372	151.818296134	true
1890	1212046	795	5142595121	33866167	151.850521525	true
1891	1194595	3019	5143789716	33869186	151.872256865	true
1892	1494287	1769	5145284003	33870955	151.908441997	true
1893	1168222	1372	5146452225	33872327	151.936777919	true
1894	1200152	662	5147652377	33872989	151.969239473	true
1895	1122425	514	5148774802	33873503	152.000069258	true
1896	16316	141	5148791118	33873644	151.999918226	true
1897	1285554	2971	5150076672	33876615	152.024535863	true
1898	748551	240	5150825223	33876855	152.045555085	true
1899	1145485	320	5151970708	33877175	152.077931764	true
1900	1391923	1028	5153362631	33878203	152.114403205	true
1901	1343471	915	5154706102	33879118	152.149949771	true
1902	755317	241	5155461419	33879359	152.171161768	true
1903	1432592	1409	5156894011	33880768	152.207116763	true
1904	1477918	4043	5158371929	33884811	152.232571963	true
1905	1024928	169446	5159396857	34054257	151.505195283	true
1906	1140278	2466	5160537135	34056723	151.527706732	true
1907	772284	643	5161309419	34057366	151.547521878	true
1908	1145098	494	5162454517	34057860	151.578945859	true
1909	1045523	403	5163500040	34058263	151.607850348	true
1910	1115987	483	5164616027	34058746	151.638466871	true
1911	1137105	790	5165753132	34059536	151.66833547	true
1912	1125364	445	5166878496	34059981	151.699394548	true
1913	16300	137	5166894796	34060118	151.699262933	true
1914	762446	273	5167657242	34060391	151.720432158	true
1915	1248788	3232	5168906030	34063623	151.742697188	true
1916	1152261	582	5170058291	34064205	151.773930758	true
1917	16308	135	5170074599	34064340	151.773808006	true
1918	1059260	1048	5171133859	34065388	151.800233686	true
1919	760006	259	5171893865	34065647	151.821389595	true
1920	851205	1903	5172745070	34067550	151.837894712	true
1921	1195040	645	5173940110	34068195	151.870097902	true
1922	818824	1717	5174758934	34069912	151.88647784	true
1923	781828	419	5175540762	34070331	151.907557399	true
1924	1165586	3586	5176706348	34073917	151.925777949	true
1925	74270	519	5176780618	34074436	151.925643553	true
1926	1041941	642	5177822559	34075078	151.953358962	true
1927	1075978	524	5178898537	34075602	151.982598488	true
1928	784285	1690	5179682822	34077292	151.99807608	true
1929	808127	2253	5180490949	34079545	152.011740444	true
1930	788465	1210	5181279414	34080755	152.029478631	true
1931	788346	1988	5182067760	34082743	152.043741315	true
1932	794114	824	5182861874	34083567	152.063364553	true
1933	16296	136	5182878170	34083703	152.063235911	true
1934	23141	200	5182901311	34083903	152.063022565	true
1935	774360	856	5183675671	34084759	152.081922334	true
1936	778548	786	5184454219	34085545	152.101256383	true
1937	775518	1033	5185229737	34086578	152.119398345	true
1938	16296	136	5185246033	34086714	152.11926949	true
1939	1084887	747	5186330920	34087461	152.147762487	true
1940	1035957	442	5187366877	34087903	152.176180418	true
1941	1375856	2129	5188742733	34090032	152.207036151	true
1942	1406731	1549	5190149464	34091581	152.241383701	true
1943	4070164	1069	5194219628	34092650	152.355995442	true
1944	4024748	302	5198244376	34092952	152.472698052	true
1945	4135900	508	5202380276	34093460	152.591736832	true
1946	4019925	301	5206400201	34093761	152.708297597	true
1947	4291500	748	5210691701	34094509	152.830818036	true
1948	4312695	1214	5215004396	34095723	152.951864256	true
1949	4273943	615	5219278339	34096338	153.074454477	true
1950	4168576	831	5223446915	34097169	153.192979599	true
1951	4021537	454	5227468452	34097623	153.308881736	true
1952	4237121	435	5231705573	34098058	153.43118875	true
1953	4101909	431	5235807482	34098489	153.549545319	true
1954	4089527	427	5239897009	34098916	153.667553801	true
1955	4024808	546	5243921817	34099462	153.783124701	true
1956	4062810	289	5247984627	34099751	153.900966227	true
1957	4031700	756	5252016327	34100507	154.015784193	true
1958	4104018	2104	5256120345	34102611	154.126625231	true
1959	4060330	649	5260180675	34103260	154.242752013	true
1960	4063174	573	5264243849	34103833	154.359301754	true
1961	4021522	325	5268265371	34104158	154.475749585	true
1962	4105461	306	5272370832	34104464	154.594742553	true
1963	4278377	973	5276649209	34105437	154.715777693	true
1964	4560568	1629	5281209777	34107066	154.842101546	true
1965	4567770	782	5285777547	34107848	154.972472816	true
1966	4657748	1735	5290435295	34109583	155.101142544	true
1967	4187566	836	5294622861	34110419	155.220106238	true
1968	4188094	525	5298810955	34110944	155.340495854	true
1969	4223611	657	5303034566	34111601	155.461321384	true
1970	4744536	1330	5307779102	34112931	155.594343447	true
1971	4987338	3855	5312766440	34116786	155.72294647	true
1972	4522144	1214	5317288584	34118000	155.849949704	true
1973	4049559	341	5321338143	34118341	155.967083599	true
1974	4541769	1738	5325879912	34120079	156.092250314	true
1975	4593745	2060	5330473657	34122139	156.217453337	true
1976	4443825	2958	5334917482	34125097	156.334133849	true
1977	4418777	1356	5339336259	34126453	156.457404436	true
1978	4431938	737	5343768197	34127190	156.583890939	true
1979	4396917	689	5348165114	34127879	156.709566217	true
1980	4290788	481	5352455902	34128360	156.833082574	true
1981	4170284	375	5356626186	34128735	156.953552073	true
1982	4320824	680	5360947010	34129415	157.077026079	true
1983	4163307	421	5365110317	34129836	157.197072878	true
1984	4177387	626	5369287704	34130462	157.316584346	true
1985	4449160	949	5373736864	34131411	157.442564094	true
1986	4573409	804	5378310273	34132215	157.572846444	true
1987	4233133	231	5382543406	34132446	157.695800822	true
1988	4172702	569	5386716108	34133015	157.81542029	true
1989	4170406	433	5390886514	34133448	157.935597775	true
1990	4369948	1368	5395256462	34134816	158.057288547	true
1991	4384842	1364	5399641304	34136180	158.179424411	true
1992	4472861	1165	5404114165	34137345	158.305051696	true
1993	4409467	2182	5408523632	34139527	158.424093925	true
1994	4567572	1552	5413091204	34141079	158.550677441	true
1995	4367899	860	5417459103	34141939	158.67461725	true
1996	4209676	429	5421668779	34142368	158.795921214	true
1997	4356072	463	5426024851	34142831	158.92135163	true
1998	4671672	3716	5430696523	34146547	159.040869433	true
1999	4677272	4101	5435373795	34150648	159.158730897	true
2000	4492274	1493	5439866069	34152141	159.283310203	true
2001	4347375	641	5444213444	34152782	159.407612651	true
2002	4508004	951	5448721448	34153733	159.535165541	true
2003	4357755	787	5453079203	34154520	159.659078886	true
2004	4350347	668	5457429550	34155188	159.783326328	true
2005	4370635	831	5461800185	34156019	159.907399776	true
2006	4365744	769	5466165929	34156788	160.031614477	true
2007	4545245	1303	5470711174	34158091	160.158574845	true
2008	4380756	1123	5475091930	34159214	160.281554781	true
2009	4356595	1421	5479448525	34160635	160.402420066	true
2010	4489828	1108	5483938353	34161743	160.528646123	true
2011	4317068	584	5488255421	34162327	160.65227117	true
2012	4414111	874	5492669532	34163201	160.777367788	true
2013	4218304	445	5496887836	34163646	160.898747048	true
2014	4335525	859	5501223361	34164505	161.021603006	true
2015	4812473	2458	5506035834	34166963	161.150870623	true
2016	4411217	923	5510447051	34167886	161.27562153	true
2017	4400630	234728	5514847681	34402614	160.303158388	true
2018	4456199	1139	5519303880	34403753	160.427377792	true
2019	4457945	888	5523761825	34404641	160.552811029	true
2020	4168317	420	5527930142	34405061	160.672005261	true
2021	4467837	1329	5532397979	34406390	160.795653918	true
2022	4296133	882	5536694112	34407272	160.916393255	true
2023	4224735	488	5540918847	34407760	161.036895369	true
2024	4391494	484	5545310341	34408244	161.162259283	true
2025	4395816	1110	5549706157	34409354	161.284811014	true
2026	4494097	1021	5554200254	34410375	161.410628451	true
2027	4489728	1272	5558689982	34411647	161.535133206	true
2028	4457547	1138	5563147529	34412785	161.659323098	true
2029	4160747	392	5567308276	34413177	161.778387273	true
2030	4464189	1036	5571772465	34414213	161.903236462	true
2031	4543281	426	5576315746	34414639	162.033248293	true
2032	4019993	185	5580335739	34414824	162.149187193	true
2033	4439135	796	5584774874	34415620	162.274422893	true
2034	4618555	960	5589393429	34416580	162.404092127	true
2035	4805501	761	5594198930	34417341	162.54012563	true
2036	5064844	4189	5599263774	34421530	162.667486715	true
2037	4302876	439	5603566650	34421969	162.790415911	true
2038	4977381	2407	5608544031	34424376	162.923622232	true
2039	4272617	710	5612816648	34425086	163.044375488	true
2040	4870278	1864	5617686926	34426950	163.177014693	true
2041	4589231	801	5622276157	34427751	163.306518541	true
2042	4348324	1885	5626624481	34429636	163.423873578	true
2043	4036263	623	5630660744	34430259	163.538146605	true
2044	4892967	2675	5635553711	34432934	163.667543143	true
2045	4890298	1294	5640444009	34434228	163.803411216	true
2046	4159975	404	5644603984	34434632	163.922297297	true
2047	4907504	805	5649511488	34435437	164.060978462	true
2048	4851006	989	5654362494	34436426	164.19713515	true
2049	4217830	429	5658580324	34436855	164.317569766	true
2050	4161638	459	5662741962	34437314	164.436226414	true
2051	4234435	566	5666976397	34437880	164.556482484	true
2052	4177908	464	5671154305	34438344	164.675580945	true
2053	4168503	488	5675322808	34438832	164.794288262	true
2054	4904183	1620	5680226991	34440452	164.928932727	true
2055	4447895	488	5684674886	34440940	165.055741394	true
2056	4632129	892	5689307015	34441832	165.185958023	true
2057	4341463	1314	5693648478	34443146	165.305703434	true
2058	4363880	828	5698012358	34443974	165.428424664	true
2059	4358344	424	5702370702	34444398	165.552921029	true
2060	4194491	551	5706565193	34444949	165.672046517	true
2061	4190375	603	5710755568	34445552	165.790798417	true
2062	4168207	461	5714923775	34446013	165.909586546	true
2063	4127330	768	5719051105	34446781	166.02570513	true
2064	4228789	435	5723279894	34447216	166.146369971	true
2065	4063666	448	5727343560	34447664	166.262175572	true
2066	4036011	353	5731379571	34448017	166.37763419	true
2067	4037880	382	5735417451	34448399	166.493004537	true
2068	3351133	53681	5738768584	34502080	166.331090299	true
2069	678867	681	5739447451	34502761	166.347483061	true
2070	2212332	4062	5741659783	34506823	166.392014211	true
2071	2187613	1060	5743847396	34507883	166.450297632	true
2072	2178149	1546	5746025545	34509429	166.50595827	true
2073	2183020	974	5748208565	34510403	166.564515778	true
2074	2183489	1050	5750392054	34511453	166.622716638	true
2075	2203437	504	5752595491	34511957	166.684128953	true
2076	2219947	1327	5754815438	34513284	166.742041644	true
2077	2184631	1152	5757000069	34514436	166.799772391	true
2078	2187676	1535	5759187745	34515971	166.855736001	true
2079	2176729	822	5761364474	34516793	166.914825314	true
2080	2261765	3198	5763626239	34519991	166.964882436	true
2081	2178870	1266	5765805109	34521257	167.021876086	true
2082	2193458	1049	5767998567	34522306	167.080338347	true
2083	2207497	1073	5770206064	34523379	167.139087515	true
2084	2186982	793	5772393046	34524172	167.198594828	true
2085	1783844	556	5774176890	34524728	167.247570785	true
2086	1929562	895	5776106452	34525623	167.299123089	true
2087	69943	3550	5776176395	34529173	167.283948417	true
2088	819231	3084	5776995626	34532257	167.2927323	true
2089	94895	512	5777090521	34532769	167.292999904	true
2090	105792	1062	5777196313	34533831	167.290918665	true
2091	119552	2075	5777315865	34535906	167.284329098	true
2092	672736	787	5777988601	34536693	167.299996007	true
2093	678223	1158	5778666824	34537851	167.314023794	true
2094	643932	401	5779310756	34538252	167.330725249	true
2095	99015	593	5779409771	34538845	167.330719108	true
2096	752245	4781	5780162016	34543626	167.329336417	true
2097	101943	921	5780263959	34544547	167.32782627	true
2098	99243	690	5780363202	34545237	167.327356938	true
2099	677680	964	5781040882	34546201	167.342304354	true
2100	104513	1044	5781145395	34547245	167.340272575	true
2101	312435	2343	5781457830	34549588	167.337967388	true
2102	799615	1762	5782257445	34551350	167.352576527	true
2103	92939	401	5782350384	34551751	167.35332412	true
2104	143979	244	5782494363	34551995	167.356309325	true
2105	1423013	3252	5783917376	34555247	167.381740203	true
2106	1031200	1671	5784948576	34556918	167.403487082	true
2107	752592	961	5785701168	34557879	167.420609581	true
2108	743725	269	5786444893	34558148	167.440827356	true
2109	591229	356	5787036122	34558504	167.456210547	true
2110	10117	459	5787046239	34558963	167.454279198	true
2111	918881	984	5787965120	34559947	167.476099428	true
2112	589171	285	5788554291	34560232	167.491765999	true
2113	605293	566	5789159584	34560798	167.506536857	true
2114	601278	696	5789760862	34561494	167.520560946	true
2115	579351	389	5790340213	34561883	167.535438188	true
2116	800907	990	5791141120	34562873	167.55381186	true
2117	808023	1347	5791949143	34564220	167.570659572	true
2118	858655	4475	5792807798	34568695	167.573806243	true
2119	582066	183	5793389864	34568878	167.589757006	true
2120	757458	367	5794147322	34569245	167.609889137	true
2121	600749	437	5794748071	34569682	167.625148273	true
2122	736246	489	5795484317	34570171	167.644074338	true
2123	762625	427	5796246942	34570598	167.664063607	true
2124	793075	940	5797040017	34571538	167.682444935	true
2125	752755	412	5797792772	34571950	167.70222021	true
2126	1108488	992	5798901260	34572942	167.729470636	true
2127	2027692	1082	5800928952	34574024	167.782869359	true
2128	2228275	5411	5803157227	34579435	167.821053959	true
2129	2113782	345616	5805271009	34925051	166.220831259	true
2130	2242609	2306	5807513618	34927357	166.274064711	true
2131	2499302	2058	5810012920	34929415	166.335820969	true
2132	2810501	2284	5812823421	34931699	166.405402182	true
2133	2733210	644	5815556631	34932343	166.480577355	true
2134	2783568	1366	5818340199	34933709	166.553748959	true
2135	2447682	590	5820787881	34934299	166.621001355	true
2136	2098064	483	5822885945	34934782	166.678754286	true
2137	1341160	523	5824227105	34935305	166.714648834	true
2138	2672115	1636	5826899220	34936941	166.783325993	true
2139	2286060	868	5829185280	34937809	166.844614669	true
2140	65731	793	5829251011	34938602	166.842709133	true
2141	673525	996	5829924536	34939598	166.857229897	true
2142	430	162	5829924966	34939760	166.856468562	true
2143	683843	1311	5830608809	34941071	166.869779378	true
2144	75441	499	5830684250	34941570	166.869555375	true
2145	673479	884	5831357729	34942454	166.884607732	true
2146	672921	995	5832030650	34943449	166.899113193	true
2147	691819	1484	5832722469	34944933	166.911822924	true
2148	695952	1751	5833418421	34946684	166.923374504	true
2149	654266	1151	5834072687	34947835	166.936598133	true
2150	697827	2271	5834770514	34950106	166.945717246	true
2151	1718058	19160	5836488572	34969266	166.903376582	true
2152	1744666	782	5838233238	34970048	166.949534585	true
2153	1741149	682	5839974387	34970730	166.996067483	true
2154	1726557	341	5841700944	34971071	167.043810125	true
2155	1740123	1082	5843441067	34972153	167.088399362	true
2156	1734983	1423	5845176050	34973576	167.131209288	true
2157	1729949	617	5846905999	34974193	167.177724415	true
2158	1255862	1026	5848161861	34975219	167.208727442	true
2159	1598233	1184	5849760094	34976403	167.248761801	true
2160	1265113	436	5851025207	34976839	167.282847001	true
2161	1612135	728	5852637342	34977567	167.325455827	true
2162	1603773	680	5854241115	34978247	167.368053493	true
2163	1925247	3450	5856166362	34981697	167.406582991	true
2164	1956934	893	5858123296	34982590	167.458249832	true
2165	1915554	650	5860038850	34983240	167.509894738	true
2166	1903363	350	5861942213	34983590	167.562626163	true
2167	1287548	1272	5863229761	34984862	167.593336827	true
2168	2070237	6136	5865299998	34990998	167.623112607	true
2169	1919588	952	5867219586	34991950	167.673410199	true
2170	1967219	2167	5869186805	34994117	167.71924278	true
2171	1265929	279	5870452734	34994396	167.754080796	true
2172	1296495	906	5871749229	34995302	167.786785466	true
2173	1985531	1875	5873734760	34997177	167.834530197	true
2174	1956541	344	5875691301	34997521	167.888785637	true
2175	1960141	421	5877651442	34997942	167.942773378	true
2176	1954706	214	5879606148	34998156	167.997598159	true
2177	1973401	619	5881579549	34998775	168.051011757	true
2178	2040953	2382	5883620502	35001157	168.097886078	true
2179	1983491	1032	5885603993	35002189	168.149597529	true
2180	1974786	862	5887578779	35003051	168.201874145	true
2181	1971818	760	5889550597	35003811	168.254553683	true
2182	1973913	804	5891524510	35004615	168.307079224	true
2183	1906219	398	5893430729	35005013	168.359621206	true
2184	1917828	1085	5895348557	35006098	168.409188508	true
2185	1603194	767	5896951751	35006865	168.451295225	true
2186	1906538	541	5898858289	35007406	168.50315299	true
2187	1975820	1020	5900834109	35008426	168.554681921	true
2188	2000002	2869	5902834111	35011295	168.59799419	true
2189	1966099	292	5904800210	35011587	168.652743733	true
2190	1912013	614	5906712223	35012201	168.704396019	true
2191	1952401	854	5908664624	35013055	168.756043253	true
2192	1920228	356	5910584852	35013411	168.809170063	true
2193	1576336	481	5912161188	35013892	168.851871366	true
2194	1933994	533	5914095182	35014425	168.904535259	true
2195	2398644	12307	5916493826	35026732	168.913669308	true
2196	588270	796	5917082096	35027528	168.926625253	true
2197	709948	5254	5917792044	35032782	168.92155593	true
2198	972785	11221	5918764829	35044003	168.895226638	true
2199	976097	1131	5919740926	35045134	168.917628507	true
2200	1236927	1959	5920977853	35047093	168.943479934	true
2201	2188380	3267	5923166233	35050360	168.990168232	true
2202	1214112	366	5924380345	35050726	169.023042347	true
2203	1327570	1101	5925707915	35051827	169.055607715	true
2204	580917	618	5926288832	35052445	169.069199937	true
2205	1984946	1639	5928273778	35054084	169.117920126	true
2206	2868503	16767	5931142281	35070851	169.118858308	true
2207	1619904	14220	5932762185	35085071	169.096485083	true
