logical	physical	worker	raw	wire	latency_ns	cumulative_raw	cumulative_wire	b_root	b_need	b_fill	b_control	b_carry	split_ok	c_root	c_block	c_path	c_region_control	c_raw_run	c_array_control	c_array_values	missing_regions	cf_root	cf_fill	cf_control	cf_total	fc_need	fc_control	fc_total	dir_ok
0	0	0	1111313	192116	15448392	1111313	192116	2981	2882	186203	24	26	1	2935	38	2417	42375	141392	1	1	1749	2981	186203	6	189190	2882	18	2900	1
1	1	1	1104640	192021	17816796	2215953	384137	2898	2821	186252	24	26	1	23	2867	2428	43298	140506	1	1	1713	2898	186252	6	189156	2821	18	2839	1
2	2	2	1111427	192678	16462515	3327380	576815	2970	2892	186766	24	26	1	95	2867	2433	43459	140854	1	1	1749	2970	186766	6	189742	2892	18	2910	1
3	3	3	1123736	193425	16893052	4451116	770240	3051	2994	187330	24	26	1	175	2867	2455	43673	141182	1	1	1803	3051	187330	6	190387	2994	18	3012	1
4	4	4	1119581	193322	14449129	5570697	963562	3047	2993	187232	24	26	1	171	2867	2473	43704	141035	1	1	1797	3047	187232	6	190285	2993	18	3011	1
5	5	5	1109391	192925	20371388	6680088	1156487	2938	2863	187074	24	26	1	63	2867	2490	43438	141126	1	1	1732	2938	187074	6	190018	2863	18	2881	1
6	6	6	1224270	212042	17109531	7904358	1368529	3082	3017	205893	24	26	1	197	2876	2570	47369	155934	1	1	1811	3082	205893	6	208981	3017	18	3035	1
7	7	7	1126667	194063	21743289	9031025	1562592	3083	3051	187879	24	26	1	207	2867	2598	44096	141165	1	1	1827	3083	187879	6	190968	3051	18	3069	1
8	8	8	1369741	236266	24948586	10400766	1798858	3373	3396	229447	24	26	1	433	2931	2902	53765	172760	1	1	2010	3373	229447	6	232826	3396	18	3414	1
9	9	9	1168350	203052	21697619	11569116	2001910	3105	3025	196872	24	26	1	134	2962	2925	46569	147358	1	1	1811	3105	196872	6	199983	3025	18	3043	1
10	10	10	214310	37674	5528781	11783426	2039584	544	450	36630	24	26	1	140	395	2970	6942	26699	1	1	251	544	36630	6	37180	450	18	468	1
11	11	11	858997	147674	14690507	12642423	2187258	2197	2006	143421	24	26	1	221	1967	3015	33720	106666	1	1	1217	2197	143421	6	145624	2006	18	2024	1
12	12	12	221150	39211	6430185	12863573	2226469	515	494	38152	24	26	1	22	485	3035	7479	27619	1	1	272	515	38152	6	38673	494	18	512	1
13	13	13	919338	163084	18071234	13782911	2389553	2645	2447	157942	24	26	1	181	2455	3097	37507	117318	1	1	1471	2645	157942	6	160593	2447	18	2465	1
14	14	14	1813167	291953	30428638	15596078	2681506	3677	3487	284739	24	26	1	1654	2014	3763	67149	213807	1	1	2032	3677	284739	6	288422	3487	18	3505	1
15	15	15	1343775	232369	25274693	16939853	2913875	3554	3297	225468	24	26	1	112	3434	3783	52799	168866	1	1	1939	3554	225468	6	229028	3297	18	3315	1
16	16	16	840989	152970	17259289	17780842	3066845	2451	2378	148091	24	26	1	28	2415	3790	36082	108199	1	1	1445	2451	148091	6	150548	2378	18	2396	1
17	17	17	1361166	242400	25989619	19142008	3309245	3527	3276	235547	24	26	1	370	3148	3990	57483	174054	1	1	1920	3527	235547	6	239080	3276	18	3294	1
18	18	18	1065261	185681	15498062	20207269	3494926	2509	2385	180737	24	26	1	67	2434	4024	43819	132874	1	1	1417	2509	180737	6	183252	2385	18	2403	1
19	19	19	1155706	208594	22176755	21362975	3703520	3068	2872	202604	24	26	1	283	2776	4070	49462	149052	1	1	1720	3068	202604	6	205678	2872	18	2890	1
20	20	20	1254613	224551	20802035	22617588	3928071	3174	3051	218276	24	26	1	144	3021	4215	53837	160204	1	1	1800	3174	218276	6	221456	3051	18	3069	1
21	21	21	2156053	377706	34528979	24773641	4305777	5130	4738	367788	24	26	1	1056	4065	4605	90196	272967	1	1	2702	5130	367788	6	372924	4738	18	4756	1
22	22	22	630003	112521	12960919	25403644	4418298	1831	1734	108906	24	26	1	51	1772	4628	26569	77689	1	1	1054	1831	108906	6	110743	1734	18	1752	1
23	23	23	1446429	258607	26075358	26850073	4676905	3452	3272	251833	24	26	1	107	3337	4641	63644	183528	1	1	1917	3452	251833	6	255291	3272	18	3290	1
24	24	24	1543572	274066	19617723	28393645	4950971	3468	3367	267181	24	26	1	50	3410	4651	67074	195436	1	1	1964	3468	267181	6	270655	3367	18	3385	1
25	25	25	210007	38737	5322663	28603652	4989708	470	437	37780	24	26	1	30	432	4658	7187	25916	1	1	239	470	37780	6	38256	437	18	455	1
26	26	26	1341834	243568	22666693	29945486	5233276	3399	3269	236850	24	26	1	68	3323	4668	57867	174295	1	1	1905	3399	236850	6	240255	3269	18	3287	1
27	27	27	11192	7192	2360053	29956678	5240468	150	131	6861	24	26	1	18	125	4674	673	1496	1	1	83	150	6861	6	7017	131	18	149	1
28	28	28	746326	135059	13932523	30703004	5375527	1989	1920	131100	24	26	1	60	1921	4690	32841	93549	1	1	1164	1989	131100	6	133095	1920	18	1938	1
29	29	29	802893	147938	12704511	31505897	5523465	2326	2258	143304	24	26	1	28	2290	4694	35349	103241	1	1	1369	2326	143304	6	145636	2258	18	2276	1
30	30	0	102214	3459	918814	31608111	5526924	252	45	3138	24	0	1	31	213	2547	373	199	1	1	18	252	3138	6	3396	45	18	63	1
31	31	1	1150341	23331	4623707	32758452	5550255	2930	250	20127	24	0	1	71	2851	2576	5361	12171	1	1	120	2930	20127	6	23063	250	18	268	1
32	32	2	1697061	102299	11489300	34455513	5652554	4053	1121	97101	24	0	1	125	3920	2603	24165	70312	1	1	676	4053	97101	6	101160	1121	18	1139	1
33	33	3	811031	6283	1776868	35266544	5658837	2390	97	3772	24	0	1	40	2342	2591	758	404	1	1	44	2390	3772	6	6168	97	18	115	1
34	34	4	846319	7496	1470969	36112863	5666333	2546	91	4835	24	0	1	55	2483	2573	897	1346	1	1	41	2546	4835	6	7387	91	18	109	1
35	35	5	851146	6227	1689588	36964009	5672560	2038	55	4110	24	0	1	32	1998	2565	628	898	1	1	23	2038	4110	6	6154	55	18	73	1
36	36	6	724853	5358	1655528	37688862	5677918	1838	63	3433	24	0	1	12	1818	2465	653	296	1	1	27	1838	3433	6	5277	63	18	81	1
37	37	7	1144269	20477	3192788	38833131	5698395	2934	152	17367	24	0	1	44	2882	2445	3350	11553	1	1	71	2934	17367	6	20307	152	18	170	1
38	38	8	622239	5337	1354560	39455370	5703732	1714	61	3538	24	0	1	12	1694	2195	763	561	1	1	26	1714	3538	6	5258	61	18	79	1
39	39	9	1273377	42176	6671444	40728747	5745908	3279	403	38470	24	0	1	115	3156	2161	9856	26433	1	1	208	3279	38470	6	41755	403	18	421	1
40	40	10	650986	95219	10524486	41379733	5841127	1804	1510	91881	24	0	1	22	1774	2124	23235	66501	1	1	913	1804	91881	6	93691	1510	18	1528	1
41	41	11	354545	3470	966764	41734278	5844597	670	47	2729	24	0	1	18	644	2090	398	222	1	1	19	670	2729	6	3405	47	18	65	1
42	42	12	1149413	173225	16821483	42883691	6017822	3093	2605	167503	24	0	1	102	2983	2127	42710	122645	1	1	1544	3093	167503	6	170602	2605	18	2623	1
43	43	13	1240270	110619	10092010	44123961	6128441	2581	933	107081	24	0	1	40	2533	2070	28693	76297	1	1	544	2581	107081	6	109668	933	18	951	1
44	44	14	1705459	98138	9022657	45829420	6226579	3738	1313	93063	24	0	1	61	3669	1453	26502	65087	1	1	763	3738	93063	6	96807	1313	18	1331	1
45	45	15	1619994	106079	11814347	47449414	6332658	3759	1067	101229	24	0	1	60	3691	1452	25254	74502	1	1	610	3759	101229	6	104994	1067	18	1085	1
46	46	16	1113360	54856	7567527	48562774	6387514	2998	560	51274	24	0	1	207	2782	1549	12380	37325	1	1	306	2998	51274	6	54278	560	18	578	1
47	47	17	17188	2592	935613	48579962	6390106	200	49	2319	24	0	1	34	158	1346	382	572	1	1	21	200	2319	6	2525	49	18	67	1
48	48	18	803111	41945	2856120	49383073	6432051	2345	651	38925	24	0	1	55	2282	1350	9813	27742	1	1	397	2345	38925	6	41276	651	18	669	1
49	49	19	898645	20631	2641502	50281718	6452682	2589	289	17729	24	0	1	60	2521	1320	4536	11854	1	1	139	2589	17729	6	20324	289	18	307	1
50	50	20	1082936	10994	2178174	51364654	6463676	2793	211	7966	24	0	1	16	2769	1234	1905	4808	1	1	101	2793	7966	6	10765	211	18	229	1
51	51	21	810229	4023	1914247	52174883	6467699	2367	91	1541	24	0	1	26	2333	766	528	228	1	1	44	2367	1541	6	3914	91	18	109	1
52	52	22	763024	29915	4731307	52937907	6497614	1972	330	27589	24	0	1	35	1929	754	7261	19554	1	1	165	1972	27589	6	29567	330	18	348	1
53	53	23	5297	1217	447617	52943204	6498831	127	37	1029	24	0	1	37	83	752	123	136	1	1	14	127	1029	6	1162	37	18	55	1
54	54	24	921806	4745	1855597	53865010	6503576	2580	74	2067	24	0	1	34	2538	750	397	901	1	1	33	2580	2067	6	4653	74	18	92	1
55	55	25	1507436	248728	18984808	55372446	6752304	3729	3308	241667	24	0	1	271	3449	934	62404	178308	1	1	1910	3729	241667	6	245402	3308	18	3326	1
56	56	26	610513	42919	4630557	55982959	6795223	1492	623	40780	24	0	1	60	1424	936	8591	31233	1	1	377	1492	40780	6	42278	623	18	641	1
57	57	27	58777	11345	1940477	56041736	6806568	475	360	10486	24	0	1	50	417	937	2656	6874	1	1	188	475	10486	6	10967	360	18	378	1
58	58	28	915518	55808	7085270	56957254	6862376	2576	834	52374	24	0	1	70	2498	929	13489	37936	1	1	498	2576	52374	6	54956	834	18	852	1
59	59	29	1425503	102523	11907757	58382757	6964899	3689	1198	97612	24	0	1	72	3609	943	21442	75206	1	1	691	3689	97612	6	101307	1198	18	1216	1
60	60	0	1084107	6500	1944576	59466864	6971399	2856	127	3493	24	0	1	52	2796	933	2097	444	1	1	59	2856	3493	6	6355	127	18	145	1
61	61	1	622851	3800	1524630	60089715	6975199	1725	57	1994	24	0	1	23	1694	917	449	609	1	1	24	1725	1994	6	3725	57	18	75	1
62	62	2	1127345	36880	4024522	61217060	7012079	2773	530	33553	24	0	1	107	2658	854	9773	22906	1	1	291	2773	33553	6	36332	530	18	548	1
63	63	3	1539901	89866	11387400	62756961	7101945	3606	845	85391	24	0	1	29	3569	849	22722	61799	1	1	486	3606	85391	6	89003	845	18	863	1
64	64	4	650272	3206	1461240	63407233	7105151	1782	33	1367	24	0	1	30	1744	868	223	257	1	1	12	1782	1367	6	3155	33	18	51	1
65	65	5	904019	16543	2937170	64311252	7121694	2708	289	13522	24	0	1	65	2635	880	4172	8451	1	1	146	2708	13522	6	16236	289	18	307	1
66	66	6	820648	5020	1616438	65131900	7126714	2121	103	2772	24	0	1	87	2026	880	664	1209	1	1	47	2121	2772	6	4899	103	18	121	1
67	67	7	578728	42343	4087902	65710628	7169057	1288	602	40429	24	0	1	28	1252	874	8602	30933	1	1	359	1288	40429	6	41723	602	18	620	1
68	68	8	11130	1952	639015	65721758	7171009	149	31	1748	24	0	1	16	126	881	220	628	1	1	11	149	1748	6	1903	31	18	49	1
69	69	9	1499149	81307	9589913	67220907	7252316	3632	946	76705	24	0	1	64	3560	889	19933	55862	1	1	575	3632	76705	6	80343	946	18	964	1
70	70	10	1435923	131206	13187189	68656830	7383522	3691	1566	125925	24	0	1	186	3496	1021	33187	91696	1	1	919	3691	125925	6	129622	1566	18	1584	1
71	71	11	1456269	106349	10340037	70113099	7489871	2936	904	102485	24	0	1	56	2872	1014	28350	73100	1	1	524	2936	102485	6	105427	904	18	922	1
72	72	12	1057213	26664	3391796	71170312	7516535	2828	321	23491	24	0	1	63	2757	978	5513	16980	1	1	164	2828	23491	6	26325	321	18	339	1
73	73	13	1770010	49608	7983945	72940322	7566143	4136	711	44737	24	0	1	221	3906	968	11733	32016	1	1	394	4136	44737	6	48879	711	18	729	1
74	74	14	664725	7380	1559159	73605047	7573523	1946	161	5249	24	0	1	52	1886	985	1322	2923	1	1	79	1946	5249	6	7201	161	18	179	1
75	75	15	355364	2307	947163	73960411	7575830	662	27	1594	24	0	1	18	636	984	143	448	1	1	9	662	1594	6	2262	27	18	45	1
76	76	16	827991	3657	1580249	74788402	7579487	2387	21	1225	24	0	1	20	2359	891	91	225	1	1	6	2387	1225	6	3618	21	18	39	1
77	77	17	371917	2936	962683	75160319	7582423	784	78	2050	24	0	1	38	738	893	918	220	1	1	35	784	2050	6	2840	78	18	96	1
78	78	18	840575	9605	1757208	76000894	7592028	2420	185	6976	24	0	1	37	2375	864	2105	3988	1	1	88	2420	6976	6	9402	185	18	203	1
79	79	19	940358	5726	1829057	76941252	7597754	2617	119	2966	24	0	1	36	2573	871	675	1401	1	1	55	2617	2966	6	5589	119	18	137	1
80	80	20	1421405	69373	8404892	78362657	7667127	3233	523	65593	24	0	1	30	3195	869	17254	47449	1	1	311	3233	65593	6	68832	523	18	541	1
81	81	21	1140109	6619	2049935	79502766	7673746	2982	140	3473	24	0	1	46	2928	874	1343	1237	1	1	65	2982	3473	6	6461	140	18	158	1
82	82	22	759822	4549	1421120	80262588	7678295	1953	63	2509	24	0	1	18	1927	890	442	1158	1	1	28	1953	2509	6	4468	63	18	81	1
83	83	23	1645089	40024	6921041	81907677	7718319	3070	417	36513	24	0	1	92	2970	887	9137	26469	1	1	214	3070	36513	6	39589	417	18	435	1
84	84	24	1445789	7691	2535193	83353466	7726010	2687	94	4886	24	0	1	75	2604	884	879	3104	1	1	46	2687	4886	6	7579	94	18	112	1
85	85	25	810229	3449	1439859	84163695	7729459	2347	32	1046	24	0	1	18	2321	677	145	205	1	1	14	2347	1046	6	3399	32	18	50	1
86	86	26	1342192	76347	9602173	85505887	7805806	3058	732	72533	24	0	1	112	2938	699	19700	52113	1	1	417	3058	72533	6	75597	732	18	750	1
87	87	27	768484	124125	13661245	86274371	7929931	1986	1594	120521	24	0	1	32	1946	697	30952	88851	1	1	954	1986	120521	6	122513	1594	18	1612	1
88	88	28	1437020	92165	9901441	87711391	8022096	3154	736	88251	24	0	1	89	3057	696	22451	65083	1	1	428	3154	88251	6	91411	736	18	754	1
89	89	29	102624	1244	697745	87814015	8023340	246	41	933	24	0	1	31	207	704	132	79	1	1	16	246	933	6	1185	41	18	59	1
90	90	0	943068	5045	1689628	88757083	8028385	2631	81	2309	24	0	1	26	2597	708	478	1104	1	1	36	2631	2309	6	4946	81	18	99	1
91	91	1	1225492	44074	6385906	89982575	8072459	3171	523	40356	24	0	1	46	3117	686	10415	29235	1	1	283	3171	40356	6	43533	523	18	541	1
92	92	2	1589878	70789	6554284	91572453	8143248	3477	523	66765	24	0	1	64	3405	741	17657	48346	1	1	312	3477	66765	6	70248	523	18	541	1
93	93	3	1096125	5457	1655758	92668578	8148705	2798	33	2602	24	0	1	12	2778	737	429	1417	1	1	12	2798	2602	6	5406	33	18	51	1
94	94	4	1097655	5828	1833148	93766233	8154533	2802	37	2965	24	0	1	16	2778	722	512	1712	1	1	14	2802	2965	6	5773	37	18	55	1
95	95	5	2060575	155540	16878292	95826808	8310073	4499	1416	149601	24	0	1	83	4408	725	36316	112539	1	1	844	4499	149601	6	154106	1416	18	1434	1
96	96	6	1098560	6139	1541289	96925368	8316212	2810	45	3260	24	0	1	24	2778	727	538	1976	1	1	18	2810	3260	6	6076	45	18	63	1
97	97	7	1591784	76793	9387035	98517152	8393005	3440	558	72771	24	0	1	16	3416	739	19318	52693	1	1	325	3440	72771	6	76217	558	18	576	1
98	98	8	2239326	171642	17960584	100756478	8564647	4821	1486	165311	24	0	1	372	4440	847	42884	121559	1	1	876	4821	165311	6	170138	1486	18	1504	1
99	99	9	1587818	70596	6724663	102344296	8635243	3434	515	66623	24	0	1	10	3416	838	17586	48178	1	1	305	3434	66623	6	70063	515	18	533	1
100	100	10	1102324	12317	1982437	103446620	8647560	2845	181	9267	24	0	1	26	2811	713	2015	6520	1	1	90	2845	9267	6	12118	181	18	199	1
101	101	11	1257028	47580	5681391	104703648	8695140	3119	757	43680	24	0	1	24	3087	717	11068	31875	1	1	455	3119	43680	6	46805	757	18	775	1
102	102	12	1104566	29924	3131218	105808214	8725064	2594	443	26863	24	0	1	38	2548	728	7874	18241	1	1	238	2594	26863	6	29463	443	18	461	1
103	103	13	1305128	13373	2543202	107113342	8738437	3301	290	9758	24	0	1	50	3243	726	3129	5884	1	1	140	3301	9758	6	13065	290	18	308	1
104	104	14	1334678	46901	4076582	108448020	8785338	3387	595	42895	24	0	1	74	3305	712	10996	31167	1	1	323	3387	42895	6	46288	595	18	613	1
105	105	15	1482217	71229	7011281	109930237	8856567	3043	689	67473	24	0	1	55	2980	713	18247	48492	1	1	392	3043	67473	6	70522	689	18	707	1
106	106	16	1067317	37794	4352579	110997554	8894361	2420	368	34982	24	0	1	18	2394	714	8738	25510	1	1	191	2420	34982	6	37408	368	18	386	1
107	107	17	2148131	153145	11431671	113145685	9047506	4947	1652	146522	24	0	1	140	4798	750	35837	109914	1	1	960	4947	146522	6	151475	1652	18	1670	1
108	108	18	1456734	38732	6496185	114602419	9086238	3751	645	34312	24	0	1	110	3633	749	10676	22867	1	1	343	3751	34312	6	38069	645	18	663	1
109	109	19	1944167	146944	16434616	116546586	9233182	4507	1445	140968	24	0	1	76	4423	750	37208	102989	1	1	833	4507	140968	6	145481	1445	18	1463	1
110	110	20	1275060	13535	2011586	117821646	9246717	3167	242	10102	24	0	1	30	3129	750	2437	6896	1	1	120	3167	10102	6	13275	242	18	260	1
111	111	21	658225	3967	1373360	118479871	9250684	1862	51	2030	24	0	1	28	1826	744	576	691	1	1	21	1862	2030	6	3898	51	18	69	1
112	112	22	1315464	102017	11137072	119795335	9352701	3351	1256	97386	24	0	1	40	3303	736	24684	71945	1	1	739	3351	97386	6	100743	1256	18	1274	1
113	113	23	1067085	12989	1903587	120862420	9365690	2418	323	10224	24	0	1	10	2400	732	3684	5789	1	1	158	2418	10224	6	12648	323	18	341	1
114	114	24	1707493	33257	7029581	122569913	9398947	3841	507	28885	24	0	1	48	3785	732	9210	18923	1	1	271	3841	28885	6	32732	507	18	525	1
115	115	25	1312724	35227	3640015	123882637	9434174	3376	591	31236	24	0	1	53	3315	730	9468	21018	1	1	314	3376	31236	6	34618	591	18	609	1
116	116	26	1318821	34052	4944946	125201458	9468226	3328	518	30182	24	0	1	50	3270	703	8580	20879	1	1	277	3328	30182	6	33516	518	18	536	1
117	117	27	1539510	141099	14416180	126740968	9609325	3592	1538	135945	24	0	1	26	3558	715	33946	101263	1	1	910	3592	135945	6	139543	1538	18	1556	1
118	118	28	1737115	107934	8783609	128478083	9717259	4127	1274	102509	24	0	1	149	3969	748	24477	77263	1	1	754	4127	102509	6	106642	1274	18	1292	1
119	119	29	1263854	49923	5005945	129741937	9767182	3082	577	46240	24	0	1	53	3021	736	11037	34447	1	1	325	3082	46240	6	49328	577	18	595	1
120	120	0	1185229	19035	4533978	130927166	9786217	3017	142	15852	24	0	1	53	2956	735	3108	11990	1	1	66	3017	15852	6	18875	142	18	160	1
121	121	1	1500925	49487	5338653	132428091	9835704	869	717	47877	24	0	1	41	820	736	9698	37423	1	1	432	869	47877	6	48752	717	18	735	1
122	122	2	1500845	5100	2499263	133928936	9840804	869	71	4136	24	0	1	37	824	703	747	2667	1	1	31	869	4136	6	5011	71	18	89	1
123	123	3	1108849	1621	1731647	135037785	9842425	67	65	1465	24	0	1	59	1	729	165	552	1	1	28	67	1465	6	1538	65	18	83	1
124	124	4	3707928	465799	45354553	138745713	10308224	8744	5476	451555	24	0	1	2398	6337	737	117660	333137	1	1	3055	8744	451555	6	460305	5476	18	5494	1
125	125	5	2646392	139623	15824750	141392105	10447847	6635	2052	130912	24	0	1	165	6461	711	46097	84083	1	1	1207	6635	130912	6	137553	2052	18	2070	1
126	126	6	1329549	28061	6231016	142721654	10475908	478	352	27207	24	0	1	105	365	729	7622	18836	1	1	193	478	27207	6	27691	352	18	370	1
127	127	7	1108022	1540	1739668	143829676	10477448	67	53	1396	24	0	1	59	1	718	133	526	1	1	22	67	1396	6	1469	53	18	71	1
128	128	8	2099460	54976	6145406	145929136	10532424	1300	815	52834	27	0	1	226	1064	703	11603	40507	1	1	473	1300	52834	7	54141	815	20	835	1
129	129	9	1368541	8702	2652442	147297677	10541126	578	167	7930	27	0	1	85	484	728	2058	5124	1	1	78	578	7930	7	8515	167	20	187	1
130	130	10	1297054	5101	2010326	148594731	10546227	3247	88	1739	27	0	1	37	3201	728	525	466	1	1	39	3247	1739	7	4993	88	20	108	1
131	131	11	214310	2741	999963	148809041	10548968	465	40	2209	27	0	1	3	453	717	433	1039	1	1	15	465	2209	7	2681	40	20	60	1
132	132	12	858997	5539	1939626	149668038	10554507	2053	126	3333	27	0	1	3	2041	693	1539	1081	1	1	60	2053	3333	7	5393	126	20	146	1
133	133	13	221150	2331	789725	149889188	10556838	511	32	1761	27	0	1	3	499	686	298	757	1	1	11	511	1761	7	2279	32	20	52	1
134	134	14	919338	6795	1427320	150808526	10563633	2492	147	4129	27	0	1	3	2480	681	1398	2030	1	1	72	2492	4129	7	6628	147	20	167	1
135	135	15	1813167	45075	7782376	152621693	10608708	3602	528	40918	27	0	1	3	3590	673	12869	27355	1	1	300	3602	40918	7	44527	528	20	548	1
136	136	16	1343775	49934	6427215	153965468	10658642	3402	694	45811	27	0	1	3	3390	663	10335	34792	1	1	409	3402	45811	7	49220	694	20	714	1
137	137	17	840989	5610	2246664	154806457	10664252	2433	58	3092	27	0	1	3	2421	601	811	1660	1	1	28	2433	3092	7	5532	58	20	78	1
138	138	18	1361166	18835	3092168	156167623	10683087	3358	202	15248	27	0	1	3	3346	601	3732	10895	1	1	105	3358	15248	7	18613	202	20	222	1
139	139	19	1065261	6707	2205754	157232884	10689794	2447	132	4101	27	0	1	3	2435	593	1480	2008	1	1	61	2447	4101	7	6555	132	20	152	1
140	140	20	1155669	20412	2901880	158388553	10710206	2951	275	17159	27	0	1	7	2935	585	4600	11954	1	1	142	2951	17159	7	20117	275	20	295	1
141	141	21	1254613	5818	2114195	159643166	10716024	3112	96	2583	27	0	1	3	3100	573	809	1181	1	1	43	3112	2583	7	5702	96	20	116	1
142	142	22	2156016	158655	17104181	161799182	10874679	4877	1511	152240	27	0	1	7	4861	551	41665	110002	1	1	888	4877	152240	7	157124	1511	20	1531	1
143	143	23	630003	2978	1195921	162429185	10877657	1781	54	1116	27	0	1	3	1769	537	305	254	1	1	22	1781	1116	7	2904	54	20	74	1
144	144	24	1446429	7808	2412633	163875614	10885465	3351	80	4350	27	0	1	3	3339	531	1101	2698	1	1	35	3351	4350	7	7708	80	20	100	1
145	145	25	1543572	7288	5030965	165419186	10892753	3431	104	3726	27	0	1	3	3419	517	1143	2046	1	1	47	3431	3726	7	7164	104	20	124	1
146	146	26	210007	1908	672346	165629193	10894661	453	50	1378	27	0	1	3	441	497	549	312	1	1	20	453	1378	7	1838	50	20	70	1
147	147	27	1341834	33991	3873273	166971027	10928652	3344	467	30153	27	0	1	3	3332	476	8208	21448	1	1	247	3344	30153	7	33504	467	20	487	1
148	148	28	11192	1336	503716	166982219	10929988	148	28	1133	27	0	1	3	136	442	234	437	1	1	9	148	1133	7	1288	28	20	48	1
149	149	29	746326	4244	1513690	167728545	10934232	1962	94	2161	27	0	1	3	1950	423	764	954	1	1	42	1962	2161	7	4130	94	20	114	1
150	150	0	802893	3642	1355841	168531438	10937874	2309	58	1248	27	0	1	3	2297	412	392	424	1	1	24	2309	1248	7	3564	58	20	78	1
151	151	1	102214	1000	562996	168633652	10938874	240	30	703	27	0	1	3	228	389	137	157	1	1	10	240	703	7	950	30	20	50	1
152	152	2	1150341	4662	1544689	169783993	10943536	2907	30	1698	27	0	1	3	2895	364	386	928	1	1	10	2907	1698	7	4612	30	20	50	1
153	153	3	1697061	86916	10452617	171481054	11030452	3992	1040	81857	27	0	1	3	3980	352	22583	58900	1	1	630	3992	81857	7	85856	1040	20	1060	1
154	154	4	811031	3600	1556629	172292085	11034052	2362	88	1123	27	0	1	3	2350	332	719	53	1	1	39	2362	1123	7	3492	88	20	108	1
155	155	5	846282	3664	1587520	173138367	11037716	2502	56	1079	27	0	1	5	2488	313	426	320	1	1	23	2502	1079	7	3588	56	20	76	1
156	156	6	851146	2623	1323401	173989513	11040339	2009	36	551	27	0	1	3	1997	266	117	149	1	1	13	2009	551	7	2567	36	20	56	1
157	157	7	724853	2574	1251741	174714366	11042913	1840	34	673	27	0	1	3	1828	249	163	241	1	1	12	1840	673	7	2520	34	20	54	1
158	158	8	1144269	6341	1861527	175858635	11049254	2866	62	3386	27	0	1	3	2854	150	948	2268	1	1	26	2866	3386	7	6259	62	20	82	1
159	159	9	622239	3186	1189352	176480874	11052440	1718	60	1381	27	0	1	3	1706	85	709	568	1	1	25	1718	1381	7	3106	60	20	80	1
160	160	10	1273377	5616	1488370	177754251	11058056	3157	60	2372	27	0	1	3	3145	1	795	1557	1	1	25	3157	2372	7	5536	60	20	80	1
161	161	11	650986	2467	1263821	178405237	11060523	1802	38	600	27	0	1	3	1790	1	277	303	1	1	14	1802	600	7	2409	38	20	58	1
162	162	12	354545	1124	794374	178759782	11061647	663	32	402	27	0	1	3	651	1	221	161	1	1	11	663	402	7	1072	32	20	52	1
163	163	13	1149413	6777	1873727	179909195	11068424	3057	90	3603	27	0	1	3	3045	1	1274	2309	1	1	41	3057	3603	7	6667	90	20	110	1
164	164	14	1240270	3120	1454480	181149465	11071544	2566	42	485	27	0	1	3	2554	1	221	244	1	1	16	2566	485	7	3058	42	20	62	1
165	165	15	1705459	11995	2375284	182854924	11083539	3715	72	8181	27	0	1	3	3703	1	3116	5045	1	1	31	3715	8181	7	11903	72	20	92	1
166	166	16	1619994	73194	8372541	184474918	11156733	3737	745	68685	27	0	1	3	3725	1	18611	50052	1	1	428	3737	68685	7	72429	745	20	765	1
167	167	17	1113286	13982	2440723	185588204	11170715	2922	238	10795	27	0	1	5	2908	1	2880	7895	1	1	119	2922	10795	7	13724	238	20	258	1
168	168	18	17188	1044	536486	185605392	11171759	186	30	801	27	0	1	3	174	1	405	376	1	1	10	186	801	7	994	30	20	50	1
169	169	19	803111	2759	1297991	186408503	11174518	2331	52	349	27	0	1	3	2319	1	160	169	1	1	21	2331	349	7	2687	52	20	72	1
170	170	20	898645	19258	2550252	187307148	11193776	2568	286	16377	27	0	1	3	2556	1	4556	11801	1	1	137	2568	16377	7	18952	286	20	306	1
171	171	21	1082936	6827	1867567	188390084	11200603	2786	171	3843	27	0	1	3	2774	1	1509	2314	1	1	80	2786	3843	7	6636	171	20	191	1
172	172	22	810229	2845	1391561	189200313	11203448	2351	52	415	27	0	1	3	2339	1	209	186	1	1	21	2351	415	7	2773	52	20	72	1
173	173	23	763024	3260	1107403	189963337	11206708	1949	40	1244	27	0	1	3	1937	1	351	873	1	1	15	1949	1244	7	3200	40	20	60	1
174	174	24	5297	501	397637	189968634	11207209	127	38	309	27	0	1	3	116	1	153	136	1	1	14	127	309	7	443	38	20	58	1
175	175	25	921806	3693	1692228	190890440	11210902	2549	44	1073	27	0	1	3	2537	1	362	691	1	1	17	2549	1073	7	3629	44	20	64	1
176	176	26	1507436	19578	5500832	192397876	11230480	3627	414	15510	27	0	1	3	3615	1	4461	11029	1	1	222	3627	15510	7	19144	414	20	434	1
177	177	27	610513	41497	3765884	193008389	11271977	1415	593	39462	27	0	1	3	1403	1	8159	31282	1	1	354	1415	39462	7	40884	593	20	613	1
178	178	28	58777	1193	651345	193067166	11273170	446	74	646	27	0	1	3	434	1	531	96	1	1	32	446	646	7	1099	74	20	94	1
179	179	29	915518	13264	2528323	193982684	11286434	2671	191	10375	27	0	1	3	2659	1	2718	7637	1	1	90	2671	10375	7	13053	191	20	211	1
180	180	0	1425503	80123	8761609	195408187	11366557	3644	949	75503	27	0	1	3	3632	1	17555	57926	1	1	556	3644	75503	7	79154	949	20	969	1
181	181	1	1084107	3726	1795488	196492294	11370283	2785	42	872	27	0	1	3	2773	1	431	421	1	1	16	2785	872	7	3664	42	20	62	1
182	182	2	622851	2332	1428670	197115145	11372615	1728	52	525	27	0	1	3	1716	1	406	100	1	1	21	1728	525	7	2260	52	20	72	1
183	183	3	1127345	13156	2817470	198242490	11385771	2673	323	10133	27	0	1	3	2661	1	4044	6069	1	1	157	2673	10133	7	12813	323	20	343	1
184	184	4	650272	1833	954393	198892762	11387604	1776	10	20	27	0	1	3	1764	1	1	1	1	1	0	1776	20	7	1803	10	20	30	1
185	185	5	904019	2733	1517850	199796781	11390337	2676	10	20	27	0	1	3	2664	1	1	1	1	1	0	2676	20	7	2703	10	20	30	1
186	186	6	820648	2124	1172582	200617429	11392461	2067	10	20	27	0	1	3	2055	1	1	1	1	1	0	2067	20	7	2094	10	20	30	1
187	187	7	578728	1334	1103563	201196157	11393795	1277	10	20	27	0	1	3	1265	1	1	1	1	1	0	1277	20	7	1304	10	20	30	1
188	188	8	11130	205	393457	201207287	11394000	148	10	20	27	0	1	3	136	1	1	1	1	1	0	148	20	7	175	10	20	30	1
189	189	9	1499149	3612	2121735	202706436	11397612	3555	10	20	27	0	1	3	3543	1	1	1	1	1	0	3555	20	7	3582	10	20	30	1
190	190	10	1435923	3657	2081796	204142359	11401269	3600	10	20	27	0	1	3	3588	1	1	1	1	1	0	3600	20	7	3627	10	20	30	1
191	191	11	1456269	2943	1946636	205598628	11404212	2886	10	20	27	0	1	3	2874	1	1	1	1	1	0	2886	20	7	2913	10	20	30	1
192	192	12	1057213	2859	1481080	206655841	11407071	2802	10	20	27	0	1	3	2790	1	1	1	1	1	0	2802	20	7	2829	10	20	30	1
193	193	13	1769936	5026	2318964	208425777	11412097	4035	14	950	27	0	1	11	4015	1	600	330	1	1	2	4035	950	7	4992	14	20	34	1
194	194	14	664725	1946	970703	209090502	11414043	1889	10	20	27	0	1	3	1877	1	1	1	1	1	0	1889	20	7	1916	10	20	30	1
195	195	15	355364	721	482276	209445866	11414764	664	10	20	27	0	1	3	652	1	1	1	1	1	0	664	20	7	691	10	20	30	1
196	196	16	827991	2435	1077112	210273857	11417199	2378	10	20	27	0	1	3	2366	1	1	1	1	1	0	2378	20	7	2405	10	20	30	1
197	197	17	371917	815	754715	210645774	11418014	758	10	20	27	0	1	3	746	1	1	1	1	1	0	758	20	7	785	10	20	30	1
198	198	18	840636	2575	1519409	211486410	11420589	2406	12	130	27	0	1	5	2392	1	29	83	1	1	1	2406	130	7	2543	12	20	32	1
199	199	19	940358	2637	1369930	212426768	11423226	2580	10	20	27	0	1	3	2568	1	1	1	1	1	0	2580	20	7	2607	10	20	30	1
200	200	20	1421405	3259	2071256	213848173	11426485	3202	10	20	27	0	1	3	3190	1	1	1	1	1	0	3202	20	7	3229	10	20	30	1
201	201	21	1140109	2989	1649188	214988282	11429474	2932	10	20	27	0	1	3	2920	1	1	1	1	1	0	2932	20	7	2959	10	20	30	1
202	202	22	759822	2014	1206372	215748104	11431488	1957	10	20	27	0	1	3	1945	1	1	1	1	1	0	1957	20	7	1984	10	20	30	1
203	203	23	1645052	4534	2075666	217393156	11436022	3637	12	858	27	0	1	5	3623	1	640	198	1	1	1	3637	858	7	4502	12	20	32	1
204	204	24	1445678	4280	2070685	218838834	11440302	3328	12	913	27	0	1	7	3312	1	650	243	1	1	1	3328	913	7	4248	12	20	32	1
205	205	25	810229	2400	1159082	219649063	11442702	2343	10	20	27	0	1	3	2331	1	1	1	1	1	0	2343	20	7	2370	10	20	30	1
206	206	26	1342192	3039	1888077	220991255	11445741	2982	10	20	27	0	1	3	2970	1	1	1	1	1	0	2982	20	7	3009	10	20	30	1
207	207	27	768484	2035	1201501	221759739	11447776	1978	10	20	27	0	1	3	1966	1	1	1	1	1	0	1978	20	7	2005	10	20	30	1
208	208	28	1437020	3299	1944047	223196759	11451075	3242	10	20	27	0	1	3	3230	1	1	1	1	1	0	3242	20	7	3269	10	20	30	1
209	209	29	102624	308	441567	223299383	11451383	251	10	20	27	0	1	3	239	1	1	1	1	1	0	251	20	7	278	10	20	30	1
210	210	0	943031	3057	1281211	224242414	11454440	2611	12	407	27	0	1	5	2597	1	204	183	1	1	1	2611	407	7	3025	12	20	32	1
211	211	1	1225418	4604	1756217	225467832	11459044	3145	12	1420	27	0	1	5	3131	1	1186	214	1	1	1	3145	1420	7	4572	12	20	32	1
212	212	2	1589878	3509	1910537	227057710	11462553	3452	10	20	27	0	1	3	3440	1	1	1	1	1	0	3452	20	7	3479	10	20	30	1
213	213	3	1096125	2858	1370801	228153835	11465411	2801	10	20	27	0	1	3	2789	1	1	1	1	1	0	2801	20	7	2828	10	20	30	1
214	214	4	1097655	2859	1273581	229251490	11468270	2802	10	20	27	0	1	3	2790	1	1	1	1	1	0	2802	20	7	2829	10	20	30	1
215	215	5	2060538	5622	2591442	231312028	11473892	4613	12	970	27	0	1	5	4599	1	743	207	1	1	1	4613	970	7	5590	12	20	32	1
216	216	6	1098560	2868	1695938	232410588	11476760	2811	10	20	27	0	1	3	2799	1	1	1	1	1	0	2811	20	7	2838	10	20	30	1
217	217	7	1591784	3500	2045976	234002372	11480260	3443	10	20	27	0	1	3	3431	1	1	1	1	1	0	3443	20	7	3470	10	20	30	1
218	218	8	2239326	4826	2653401	236241698	11485086	4769	10	20	27	0	1	3	4757	1	1	1	1	1	0	4769	20	7	4796	10	20	30	1
219	219	9	1587818	3494	2096075	237829516	11488580	3437	10	20	27	0	1	3	3425	1	1	1	1	1	0	3437	20	7	3464	10	20	30	1
220	220	10	1102324	2879	1588278	238931840	11491459	2822	10	20	27	0	1	3	2810	1	1	1	1	1	0	2822	20	7	2849	10	20	30	1
221	221	11	1257028	3157	1850747	240188868	11494616	3100	10	20	27	0	1	3	3088	1	1	1	1	1	0	3100	20	7	3127	10	20	30	1
222	222	12	1104566	2640	1489070	241293434	11497256	2583	10	20	27	0	1	3	2571	1	1	1	1	1	0	2583	20	7	2610	10	20	30	1
223	223	13	1305128	3339	1714628	242598562	11500595	3282	10	20	27	0	1	3	3270	1	1	1	1	1	0	3282	20	7	3309	10	20	30	1
224	224	14	1334678	3422	1494949	243933240	11504017	3365	10	20	27	0	1	3	3353	1	1	1	1	1	0	3365	20	7	3392	10	20	30	1
225	225	15	1482217	3101	1633059	245415457	11507118	3044	10	20	27	0	1	3	3032	1	1	1	1	1	0	3044	20	7	3071	10	20	30	1
226	226	16	1067317	2476	1149532	246482774	11509594	2419	10	20	27	0	1	3	2407	1	1	1	1	1	0	2419	20	7	2446	10	20	30	1
227	227	17	2148131	4865	2172045	248630905	11514459	4808	10	20	27	0	1	3	4796	1	1	1	1	1	0	4808	20	7	4835	10	20	30	1
228	228	18	1456734	3713	2047586	250087639	11518172	3656	10	20	27	0	1	3	3644	1	1	1	1	1	0	3656	20	7	3683	10	20	30	1
229	229	19	1944167	4498	2137665	252031806	11522670	4441	10	20	27	0	1	3	4429	1	1	1	1	1	0	4441	20	7	4468	10	20	30	1
230	230	20	1275060	3210	1884356	253306866	11525880	3153	10	20	27	0	1	3	3141	1	1	1	1	1	0	3153	20	7	3180	10	20	30	1
231	231	21	658225	1907	1034162	253965091	11527787	1850	10	20	27	0	1	3	1838	1	1	1	1	1	0	1850	20	7	1877	10	20	30	1
232	232	22	1315464	3398	1750478	255280555	11531185	3341	10	20	27	0	1	3	3329	1	1	1	1	1	0	3341	20	7	3368	10	20	30	1
233	233	23	1067085	2479	1565039	256347640	11533664	2422	10	20	27	0	1	3	2410	1	1	1	1	1	0	2422	20	7	2449	10	20	30	1
234	234	24	1707493	3877	2495083	258055133	11537541	3820	10	20	27	0	1	3	3808	1	1	1	1	1	0	3820	20	7	3847	10	20	30	1
235	235	25	1312724	3411	1843307	259367857	11540952	3354	10	20	27	0	1	3	3342	1	1	1	1	1	0	3354	20	7	3381	10	20	30	1
236	236	26	1318821	3369	2195185	260686678	11544321	3312	10	20	27	0	1	3	3300	1	1	1	1	1	0	3312	20	7	3339	10	20	30	1
237	237	27	1539901	4032	4670058	262226579	11548353	3603	34	368	27	0	1	3	3591	1	145	203	1	1	12	3603	368	7	3978	34	20	54	1
238	238	28	1748159	24608	4086291	263974738	11572961	958	344	23279	27	0	1	55	894	89	7295	15876	1	1	174	958	23279	7	24244	344	20	364	1
239	239	29	1607717	73378	10037530	265582455	11646339	667	599	72085	27	0	1	69	589	116	19285	52663	1	1	346	667	72085	7	72759	599	20	619	1
240	240	0	214310	3244	935234	265796765	11649583	465	80	2672	27	0	1	3	453	116	1386	1151	1	1	35	465	2672	7	3144	80	20	100	1
241	241	1	858551	13990	2903360	266655316	11663573	2112	153	11698	27	0	1	61	2042	116	9369	2194	1	1	71	2112	11698	7	13817	153	20	173	1
242	242	2	221150	3568	1016504	266876466	11667141	511	76	2954	27	0	1	3	499	116	1413	1405	1	1	33	511	2954	7	3472	76	20	96	1
243	243	3	918182	13197	2654332	267794648	11680338	2591	155	10424	27	0	1	59	2523	116	8271	2017	1	1	72	2591	10424	7	13022	155	20	175	1
244	244	4	1812753	24945	4886386	269607401	11705283	3671	342	20905	27	0	1	45	3617	116	20379	389	1	1	167	3671	20905	7	24583	342	20	362	1
245	245	5	1342683	21000	3641984	270950084	11726283	3494	183	17296	27	0	1	33	3452	116	16228	932	1	1	86	3494	17296	7	20797	183	20	203	1
246	246	6	839869	11016	2478523	271789953	11737299	2510	64	8415	27	0	1	25	2476	116	7381	898	1	1	27	2510	8415	7	10932	64	20	84	1
247	247	7	1359478	61027	6642134	273149431	11798326	3470	571	56959	27	0	1	51	3410	116	27578	29243	1	1	327	3470	56959	7	60436	571	20	591	1
248	248	8	1064821	21250	3099108	274214252	11819576	2481	173	18569	27	0	1	11	2461	116	15781	2652	1	1	81	2481	18569	7	21057	173	20	193	1
249	249	9	1154609	33960	3845113	275368861	11853536	3036	273	30624	27	0	1	31	2996	116	19122	11365	1	1	142	3036	30624	7	33667	273	20	293	1
250	250	10	1253540	25293	3792574	276622401	11878829	3192	197	21877	27	0	1	25	3158	116	18895	2845	1	1	97	3192	21877	7	25076	197	20	217	1
251	251	11	2153022	128699	13799564	278775423	12007528	5072	1250	122350	27	0	1	101	4962	116	56137	66075	1	1	727	5072	122350	7	127429	1250	20	1270	1
252	252	12	629535	6340	1685679	279404958	12013868	1801	76	4436	27	0	1	11	1781	116	3900	400	1	1	33	1801	4436	7	6244	76	20	96	1
253	253	13	1445312	27255	3781233	280850270	12041123	3430	118	23680	27	0	1	23	3398	116	21236	2307	1	1	58	3430	23680	7	27117	118	20	138	1
254	254	14	1542491	26799	3422166	282392761	12067922	3487	153	23132	27	0	1	17	3461	116	21430	1565	1	1	71	3487	23132	7	26626	153	20	173	1
255	255	15	210007	1639	716565	282602768	12069561	453	54	1105	27	0	1	3	441	116	603	366	1	1	22	453	1105	7	1565	54	20	74	1
256	256	16	1340085	43513	3057569	283942853	12113074	3415	334	39737	27	0	1	19	3387	116	22240	17359	1	1	178	3415	39737	7	43159	334	20	354	1
257	257	17	11192	1000	302898	283954045	12114074	148	24	801	27	0	1	3	136	116	228	437	1	1	7	148	801	7	956	24	20	44	1
258	258	18	745287	13274	1495970	284699332	12127348	2015	106	11126	27	0	1	21	1985	116	9937	1053	1	1	48	2015	11126	7	13148	106	20	126	1
259	259	19	801773	10150	1399741	285501105	12137498	2333	68	7722	27	0	1	9	2315	116	7007	579	1	1	29	2333	7722	7	10062	68	20	88	1
260	260	20	101775	1074	597346	285602880	12138572	251	34	762	27	0	1	7	235	116	457	169	1	1	12	251	762	7	1020	34	20	54	1
261	261	21	1149261	19414	2646521	286752141	12157986	2942	117	16328	27	0	1	7	2926	116	13863	2329	1	1	56	2942	16328	7	19277	117	20	137	1
262	262	22	1696005	97620	8221113	288448146	12255606	4036	1092	92465	27	0	1	11	4016	116	34874	57453	1	1	658	4036	92465	7	96508	1092	20	1112	1
263	263	23	809875	10578	1775027	289258021	12266184	2389	130	8032	27	0	1	11	2369	116	7404	492	1	1	60	2389	8032	7	10428	130	20	150	1
264	264	24	845163	11482	2090216	290103184	12277666	2542	96	8817	27	0	1	11	2522	116	7314	1367	1	1	43	2542	8817	7	11366	96	20	116	1
265	265	25	850700	11633	2286954	290953884	12289299	2044	60	9502	27	0	1	11	2024	116	9140	226	1	1	25	2044	9502	7	11553	60	20	80	1
266	266	26	724407	11840	1980976	291678291	12301139	1868	80	9865	27	0	1	7	1852	116	9339	390	1	1	35	1868	9865	7	11740	80	20	100	1
267	267	27	1143189	19772	3074358	292821480	12320911	2928	136	16681	27	0	1	15	2904	116	13917	2628	1	1	63	2928	16681	7	19616	136	20	156	1
268	268	28	621762	5869	1479400	293443242	12326780	1741	46	4055	27	0	1	7	1725	84	3687	264	1	1	18	1741	4055	7	5803	46	20	66	1
269	269	29	1272303	40469	4888316	294715545	12367249	3241	374	36827	27	0	1	23	3209	1	21978	14827	1	1	194	3241	36827	7	40075	374	20	394	1
270	270	0	650509	6509	1653129	295366054	12373758	1824	68	4590	27	0	1	9	1806	1	4108	461	1	1	29	1824	4590	7	6421	68	20	88	1
271	271	1	354432	1048	594835	295720486	12374806	686	30	305	27	0	1	7	670	1	124	161	1	1	10	686	305	7	998	30	20	50	1
272	272	2	1148333	22636	2782951	296868819	12397442	3100	169	19340	27	0	1	11	3080	1	15605	3714	1	1	82	3100	19340	7	22447	169	20	189	1
273	273	3	1239832	70970	5453582	298108651	12468412	2619	503	67821	27	0	1	19	2591	1	25563	42235	1	1	295	2619	67821	7	70447	503	20	523	1
274	274	4	1703712	20002	3817293	299812363	12488414	3778	228	15969	27	0	1	15	3754	1	15714	234	1	1	111	3778	15969	7	19754	228	20	248	1
275	275	5	1618254	36084	4144561	301430617	12524498	3795	383	31879	27	0	1	17	3769	1	20979	10878	1	1	202	3795	31879	7	35681	383	20	403	1
276	276	6	1112235	21532	2777231	302542852	12546030	2987	278	18240	27	0	1	15	2963	1	9379	8840	1	1	137	2987	18240	7	21234	278	20	298	1
277	277	7	17188	1433	647575	302560040	12547463	186	42	1178	27	0	1	3	174	1	524	633	1	1	16	186	1178	7	1371	42	20	62	1
278	278	8	801991	5987	1535900	303362031	12553450	2374	74	3512	27	0	1	11	2354	1	3268	223	1	1	32	2374	3512	7	5893	74	20	94	1
279	279	9	896956	17428	2412854	304258987	12570878	2608	198	14595	27	0	1	17	2582	1	6534	8040	1	1	97	2608	14595	7	17210	198	20	218	1
280	280	10	1081856	4313	1723368	305340843	12575191	2807	94	1385	27	0	1	7	2791	1	997	367	1	1	42	2807	1385	7	4199	94	20	114	1
281	281	11	809073	2896	1483289	306149916	12578087	2374	56	439	27	0	1	9	2356	1	232	186	1	1	23	2374	439	7	2820	56	20	76	1
282	282	12	762578	8690	1851767	306912494	12586777	1996	60	6607	27	0	1	11	1976	1	5707	879	1	1	25	1996	6607	7	8610	60	20	80	1
283	283	13	5297	502	485807	306917791	12587279	127	38	310	27	0	1	3	116	1	153	136	1	1	14	127	310	7	444	38	20	58	1
284	284	14	919940	3725	1923286	307837731	12591004	2599	54	1045	27	0	1	17	2573	1	335	689	1	1	22	2599	1045	7	3651	54	20	74	1
285	285	15	1506319	40360	4195850	309344050	12631364	3682	464	36187	27	0	1	13	3660	1	24884	11281	1	1	250	3682	36187	7	39876	464	20	484	1
286	286	16	610537	4123	877814	309954587	12635487	1431	128	2537	27	0	1	7	1415	1	1900	616	1	1	59	1431	2537	7	3975	128	20	148	1
287	287	17	58777	1151	368137	310013364	12636638	446	70	608	27	0	1	3	434	1	508	80	1	1	30	446	608	7	1061	70	20	90	1
288	288	18	913793	11985	1809358	310927157	12648623	2724	78	9156	27	0	1	15	2700	1	8065	1070	1	1	34	2724	9156	7	11887	78	20	98	1
289	289	19	1423798	50542	3860833	312350955	12699165	3688	613	46214	27	0	1	19	3660	1	13710	32482	1	1	358	3688	46214	7	49909	613	20	633	1
290	290	20	1083027	16447	2429573	313433982	12715612	2825	90	13505	27	0	1	11	2805	1	13031	453	1	1	40	2825	13505	7	16337	90	20	110	1
291	291	21	622374	2033	889914	314056356	12717645	1756	28	222	27	0	1	7	1740	1	103	100	1	1	9	1756	222	7	1985	28	20	48	1
292	292	22	1126905	8667	1566039	315183261	12726312	2732	64	5844	27	0	1	15	2708	1	4921	902	1	1	27	2732	5844	7	8583	64	20	84	1
293	293	23	1538154	65752	5063685	316721415	12792064	3641	602	61482	27	0	1	7	3625	1	27061	34398	1	1	333	3641	61482	7	65130	602	20	622	1
294	294	24	649795	2302	957123	317371210	12794366	1805	30	440	27	0	1	7	1789	1	178	241	1	1	10	1805	440	7	2252	30	20	50	1
295	295	25	902287	18687	2283084	318273497	12813053	2712	226	15722	27	0	1	11	2692	1	7421	8280	1	1	119	2712	15722	7	18441	226	20	246	1
296	296	26	819727	4078	1307451	319093224	12817131	2121	80	1850	27	0	1	17	2095	1	864	965	1	1	35	2121	1850	7	3978	80	20	100	1
297	297	27	578752	2754	854584	319671976	12819885	1292	28	1407	27	0	1	7	1276	1	1235	151	1	1	9	1292	1407	7	2706	28	20	48	1
298	298	28	11130	1134	358038	319683106	12821019	148	24	935	27	0	1	3	136	1	287	627	1	1	7	148	935	7	1090	24	20	44	1
299	299	29	1498048	39778	4203281	321181154	12860797	3615	415	35721	27	0	1	15	3591	1	12116	23583	1	1	221	3615	35721	7	39343	415	20	435	1
300	300	0	1434247	65335	5344633	322615401	12926132	3675	573	61060	27	0	1	27	3639	1	29747	31290	1	1	319	3675	61060	7	64742	573	20	593	1
301	301	1	1455837	94098	6898742	324071238	13020230	2960	712	90399	27	0	1	23	2928	1	28773	61603	1	1	421	2960	90399	7	93366	712	20	732	1
302	302	2	1055548	15308	2379623	325126786	13035538	2859	274	12148	27	0	1	15	2835	1	4449	7678	1	1	135	2859	12148	7	15014	274	20	294	1
303	303	3	1768886	23450	5694520	326895672	13058988	4151	293	18979	27	0	1	41	4101	1	10075	8883	1	1	141	4151	18979	7	23137	293	20	313	1
304	304	4	664248	2316	959614	327559920	13061304	1919	50	320	27	0	1	7	1903	1	217	83	1	1	20	1919	320	7	2246	50	20	70	1
305	305	5	355251	983	544826	327915171	13062287	447	28	481	27	0	1	9	429	1	210	250	1	1	9	447	481	7	935	28	20	48	1
306	306	6	826871	2802	1217002	328742042	13065089	2404	22	349	27	0	1	9	2386	1	104	225	1	1	6	2404	349	7	2760	22	20	42	1
307	307	7	371104	2627	887044	329113146	13067716	786	76	1738	27	0	1	15	762	1	1473	244	1	1	33	786	1738	7	2531	76	20	96	1
308	308	8	838940	5692	1750978	329952086	13073408	2450	86	3129	27	0	1	11	2430	1	2917	191	1	1	38	2450	3129	7	5586	86	20	106	1
309	309	9	939269	4598	1528719	330891355	13078006	2613	48	1910	27	0	1	13	2591	1	521	1368	1	1	19	2613	1910	7	4530	48	20	68	1
310	310	10	1420324	71193	4617018	332311679	13149199	3257	508	67401	27	0	1	17	3231	1	20028	47350	1	1	304	3257	67401	7	70665	508	20	528	1
311	311	11	1138990	5045	1934807	333450669	13154244	2995	84	1939	27	0	1	19	2967	1	716	1202	1	1	37	2995	1939	7	4941	84	20	104	1
312	312	12	759376	2673	1217842	334210045	13156917	1990	40	616	27	0	1	7	1974	1	223	372	1	1	15	1990	616	7	2613	40	20	60	1
313	313	13	1643978	11202	3884413	335854023	13168119	3114	137	7924	27	0	1	27	3078	1	5619	2284	1	1	63	3114	7924	7	11045	137	20	157	1
314	314	14	1444672	6629	2116605	337298695	13174748	2235	66	4301	27	0	1	19	2207	1	1313	2967	1	1	28	2235	4301	7	6543	66	20	86	1
315	315	15	809249	921	1153352	338107944	13175669	415	30	449	27	0	1	7	399	1	138	290	1	1	11	415	449	7	871	30	20	50	1
316	316	16	1341339	70092	5638181	339449283	13245761	3075	579	66411	27	0	1	27	3039	1	20651	45737	1	1	333	3075	66411	7	69493	579	20	599	1
317	317	17	768038	14172	2036596	340217321	13259933	2011	72	12062	27	0	1	7	1995	1	10477	1564	1	1	31	2011	12062	7	14080	72	20	92	1
318	318	18	1435939	75075	6281356	341653260	13335008	2059	580	72409	27	0	1	19	2031	1	21791	50595	1	1	341	2059	72409	7	74475	580	20	600	1
319	319	19	102185	560	424837	341755445	13335568	263	40	230	27	0	1	7	247	1	131	79	1	1	15	263	230	7	500	40	20	60	1
320	320	20	941943	4154	1484449	342697388	13339722	2644	56	1427	27	0	1	15	2620	1	510	896	1	1	23	2644	1427	7	4078	56	20	76	1
321	321	21	1223698	12746	2144245	343921086	13352468	3206	74	9439	27	0	1	19	3178	1	6509	2909	1	1	32	3206	9439	7	12652	74	20	94	1
322	322	22	1588806	19536	2960419	345509892	13372004	3513	164	15832	27	0	1	15	3489	1	10150	5661	1	1	78	3513	15832	7	19352	164	20	184	1
323	323	23	1095045	11266	1882317	346604937	13383270	2812	138	8289	27	0	1	7	2796	1	2482	5786	1	1	65	2812	8289	7	11108	138	20	158	1
324	324	24	1096575	17655	2177105	347701512	13400925	2816	166	14646	27	0	1	9	2798	1	8237	6388	1	1	79	2816	14646	7	17469	166	20	186	1
325	325	25	2058822	91515	9847811	349760334	13492440	4617	988	85883	27	0	1	33	4575	1	26200	59660	1	1	576	4617	85883	7	90507	988	20	1008	1
326	326	26	1097480	11905	2319834	350857814	13504345	2831	123	8924	27	0	1	7	2815	1	4666	4237	1	1	58	2831	8924	7	11762	123	20	143	1
327	327	27	1590712	75746	5497442	352448526	13580091	3472	594	71653	27	0	1	9	3454	1	21985	49645	1	1	341	3472	71653	7	75132	594	20	614	1
328	328	28	2237585	131436	10781296	354686111	13711527	4903	1018	125488	27	0	1	43	4851	1	52134	73331	1	1	591	4903	125488	7	130398	1018	20	1038	1
329	329	29	1586746	11049	2791921	356272857	13722576	3467	36	7519	27	0	1	7	3451	1	7060	438	1	1	13	3467	7519	7	10993	36	20	56	1
330	330	0	1101244	5829	1744988	357374101	13728405	2859	44	2899	27	0	1	7	2843	1	1006	1872	1	1	17	2859	2899	7	5765	44	20	64	1
331	331	1	1255945	11174	2048855	358630046	13739579	3139	141	7867	27	0	1	13	3117	1	4669	3177	1	1	65	3139	7867	7	11013	141	20	161	1
332	332	2	1104126	9374	2025696	359734172	13748953	2619	94	6634	27	0	1	7	2603	1	5049	1564	1	1	42	2619	6634	7	9260	94	20	114	1
333	333	3	1304045	8406	1951337	361038217	13757359	3321	98	4960	27	0	1	13	3299	1	1496	3443	1	1	44	3321	4960	7	8288	98	20	118	1
334	334	4	1333595	11930	2266804	362371812	13769289	3409	237	8257	27	0	1	11	3389	1	7720	516	1	1	113	3409	8257	7	11673	237	20	257	1
335	335	5	1481785	12922	1963776	363853597	13782211	3105	193	9597	27	0	1	11	3085	1	8209	1367	1	1	91	3105	9597	7	12709	193	20	213	1
336	336	6	1066877	7472	1944567	364920474	13789683	2450	56	4939	27	0	1	7	2434	1	4443	475	1	1	23	2450	4939	7	7396	56	20	76	1
337	337	7	2146420	55199	8442251	367066894	13844882	4314	626	50232	27	0	1	41	4264	1	21473	28736	1	1	338	4314	50232	7	54553	626	20	646	1
338	338	8	1455094	18270	2996799	368521988	13863152	3743	308	14192	27	0	1	23	3711	1	8947	5224	1	1	148	3743	14192	7	17942	308	20	328	1
339	339	9	1942432	57065	7065361	370464420	13920217	4539	543	51956	27	0	1	23	4507	1	23991	27942	1	1	296	4539	51956	7	56502	543	20	563	1
340	340	10	1273977	7880	1513269	371738397	13928097	2597	80	5176	27	0	1	13	2575	1	1525	3630	1	1	35	2597	5176	7	7780	80	20	100	1
341	341	11	657757	3061	1143752	372396154	13931158	1876	32	1126	27	0	1	9	1858	1	350	755	1	1	11	1876	1126	7	3009	32	20	52	1
342	342	12	1314381	16660	4377500	373710535	13947818	3388	90	13155	27	0	1	11	3368	1	8955	4179	1	1	40	3388	13155	7	16550	90	20	110	1
343	343	13	1066645	2739	1496239	374777180	13950557	2447	16	249	27	0	1	7	2431	1	77	152	1	1	3	2447	249	7	2703	16	20	36	1
344	344	14	1706418	10954	2242284	376483598	13961511	3876	52	6999	27	0	1	17	3850	1	5096	1882	1	1	21	3876	6999	7	10882	52	20	72	1
345	345	15	1311605	15785	2829681	377795203	13977296	3392	231	12135	27	0	1	11	3372	1	7308	4806	1	1	110	3392	12135	7	15534	231	20	251	1
346	346	16	1317738	17914	2081655	379112941	13995210	3361	231	14295	27	0	1	11	3341	1	7971	6303	1	1	111	3361	14295	7	17663	231	20	251	1
347	347	17	1153470	16443	1944087	380266411	14011653	3163	333	12920	27	0	1	144	3009	94	7893	4913	1	1	170	3163	12920	7	16090	333	20	353	1
348	348	18	214310	2617	742935	380480721	14014270	465	80	2045	27	0	1	3	453	94	865	1066	1	1	35	465	2045	7	2517	80	20	100	1
349	349	19	858551	10600	1832808	381339272	14024870	2070	158	8345	27	0	1	3	2058	94	7135	1096	1	1	77	2070	8345	7	10422	158	20	178	1
350	350	20	221150	3335	856574	381560422	14028205	511	74	2723	27	0	1	3	499	94	998	1611	1	1	32	511	2723	7	3241	74	20	94	1
351	351	21	918182	5982	1502079	382478604	14034187	2512	102	3341	27	0	1	3	2500	94	1356	1871	1	1	46	2512	3341	7	5860	102	20	122	1
352	352	22	1812753	12657	2754931	384291357	14046844	3622	207	8801	27	0	1	3	3610	94	4427	4260	1	1	98	3622	8801	7	12430	207	20	227	1
353	353	23	1342683	45001	4219251	385634040	14091845	3426	603	40945	27	0	1	3	3414	94	8955	31875	1	1	356	3426	40945	7	44378	603	20	623	1
354	354	24	839869	3665	1104522	386473909	14095510	2455	20	1163	27	0	1	3	2443	94	293	756	1	1	5	2455	1163	7	3625	20	20	40	1
355	355	25	1359478	24364	2708551	387833387	14119874	3379	218	20740	27	0	1	3	3367	94	9287	11339	1	1	116	3379	20740	7	24126	218	20	238	1
356	356	26	1064821	9992	1542209	388898208	14129866	2466	104	7395	27	0	1	3	2454	94	5509	1772	1	1	47	2466	7395	7	9868	104	20	124	1
357	357	27	1154609	21586	2838840	390052817	14151452	2969	263	18327	27	0	1	3	2957	94	6315	11898	1	1	134	2969	18327	7	21303	263	20	283	1
358	358	28	1253540	7520	1994986	391306357	14158972	3135	143	4215	27	0	1	3	3123	94	1373	2728	1	1	66	3135	4215	7	7357	143	20	163	1
359	359	29	2153022	66739	9618444	393459379	14225711	4906	727	61079	27	0	1	3	4894	94	23958	37005	1	1	428	4906	61079	7	65992	727	20	747	1
360	360	0	629535	2526	1126941	394088914	14228237	1795	46	658	27	0	1	3	1783	94	293	251	1	1	18	1795	658	7	2460	46	20	66	1
361	361	1	1445312	7779	1792447	395534226	14236016	3369	94	4289	27	0	1	3	3357	94	1641	2534	1	1	42	3369	4289	7	7665	94	20	114	1
362	362	2	1542491	12643	2573572	397076717	14248659	3453	88	9075	27	0	1	3	3441	94	7696	1265	1	1	39	3453	9075	7	12535	88	20	108	1
363	363	3	210007	1109	539216	397286724	14249768	453	34	595	27	0	1	3	441	94	197	284	1	1	12	453	595	7	1055	34	20	54	1
364	364	4	1340085	7035	1841537	398626809	14256803	3368	110	3530	27	0	1	3	3356	94	3266	150	1	1	50	3368	3530	7	6905	110	20	130	1
365	365	5	11192	996	477607	398638001	14257799	148	28	793	27	0	1	3	136	94	242	437	1	1	9	148	793	7	948	28	20	48	1
366	366	6	745287	3347	1165922	399383288	14261146	1985	40	1295	27	0	1	3	1973	94	374	807	1	1	15	1985	1295	7	3287	40	20	60	1
367	367	7	801773	3653	1116352	400185061	14264799	2323	74	1229	27	0	1	3	2311	94	631	484	1	1	32	2323	1229	7	3559	74	20	94	1
368	368	8	101775	705	459557	400286836	14265504	240	30	408	27	0	1	3	228	94	137	157	1	1	10	240	408	7	655	30	20	50	1
369	369	9	1149261	6694	1703348	401436097	14272198	2930	145	3592	27	0	1	3	2918	94	2269	1209	1	1	67	2930	3592	7	6529	145	20	165	1
370	370	10	1696005	84033	9471724	403132102	14356231	4016	949	79041	27	0	1	3	4004	94	20768	58157	1	1	582	4016	79041	7	83064	949	20	969	1
371	371	11	809875	3158	1371310	403941977	14359389	2370	46	715	27	0	1	3	2358	94	394	207	1	1	18	2370	715	7	3092	46	20	66	1
372	372	12	845163	3298	970703	404787140	14362687	2522	52	697	27	0	1	3	2510	94	210	373	1	1	21	2522	697	7	3226	52	20	72	1
373	373	13	850700	2250	1351450	405637840	14364937	2019	18	186	27	0	1	3	2007	94	38	36	1	1	4	2019	186	7	2212	18	20	38	1
374	374	14	724407	2137	1184922	406362247	14367074	1861	18	231	27	0	1	3	1849	94	42	77	1	1	4	1861	231	7	2099	18	20	38	1
375	375	15	1143189	6658	1686608	407505436	14373732	2891	82	3658	27	0	1	3	2879	94	1244	2300	1	1	36	2891	3658	7	6556	82	20	102	1
376	376	16	621762	2027	871934	408127198	14375759	1734	22	244	27	0	1	3	1722	94	59	73	1	1	6	1734	244	7	1985	22	20	42	1
377	377	17	1272303	11210	2093536	409399501	14386969	3179	116	7888	27	0	1	3	3167	1	5506	2361	1	1	53	3179	7888	7	11074	116	20	136	1
378	378	18	650509	2258	1008824	410050010	14389227	1819	28	384	27	0	1	3	1807	1	149	214	1	1	9	1819	384	7	2210	28	20	48	1
379	379	19	354432	1038	618725	410404442	14390265	676	30	305	27	0	1	3	664	1	124	161	1	1	10	676	305	7	988	30	20	50	1
380	380	20	1148333	12081	2305974	411552775	14402346	3076	166	8812	27	0	1	3	3064	1	3014	5777	1	1	79	3076	8812	7	11895	166	20	186	1
381	381	21	1239832	11308	2152595	412792607	14413654	2579	78	8624	27	0	1	3	2567	1	8355	248	1	1	34	2579	8624	7	11210	78	20	98	1
382	382	22	1703712	15699	2802041	414496319	14429353	3740	54	11878	27	0	1	3	3728	1	8204	3653	1	1	22	3740	11878	7	15625	54	20	74	1
383	383	23	1618254	21836	2725821	416114573	14451189	3758	195	17856	27	0	1	3	3746	1	5062	12773	1	1	93	3758	17856	7	21621	195	20	215	1
384	384	24	1112235	13850	1946217	417226808	14465039	2950	226	10647	27	0	1	3	2938	1	2685	7941	1	1	115	2950	10647	7	13604	226	20	246	1
385	385	25	17188	1058	363557	417243996	14466097	186	34	811	27	0	1	3	174	1	414	376	1	1	12	186	811	7	1004	34	20	54	1
386	386	26	801991	2772	1149482	418045987	14468869	2350	50	345	27	0	1	3	2338	1	155	169	1	1	20	2350	345	7	2702	50	20	70	1
387	387	27	896956	15506	2174245	418942943	14484375	2584	187	12708	27	0	1	3	2572	1	5797	6890	1	1	88	2584	12708	7	15299	187	20	207	1
388	388	28	1081856	4168	1808427	420024799	14488543	2794	110	1237	27	0	1	3	2782	1	898	318	1	1	50	2794	1237	7	4038	110	20	130	1
389	389	29	809252	2810	1144292	420834051	14491353	2360	18	405	27	0	1	5	2346	1	98	287	1	1	4	2360	405	7	2772	18	20	38	1
390	390	0	762578	2849	1129512	421596629	14494202	1968	30	824	27	0	1	3	1956	1	227	576	1	1	10	1968	824	7	2799	30	20	50	1
391	391	1	5297	502	382308	421601926	14494704	127	38	310	27	0	1	3	116	1	153	136	1	1	14	127	310	7	444	38	20	58	1
392	392	2	919940	3693	1390440	422521866	14498397	2574	58	1034	27	0	1	3	2562	1	333	680	1	1	24	2574	1034	7	3615	58	20	78	1
393	393	3	1506319	17258	2032656	424028185	14515655	3651	343	13237	27	0	1	3	3639	1	3209	10007	1	1	181	3651	13237	7	16895	343	20	363	1
394	394	4	610537	1699	801095	424638722	14517354	1416	42	214	27	0	1	3	1404	1	193	1	1	1	16	1416	214	7	1637	42	20	62	1
395	395	5	58777	1430	565945	424697499	14518784	446	74	883	27	0	1	3	434	1	783	80	1	1	32	446	883	7	1336	74	20	94	1
396	396	6	913793	22140	2504083	425611292	14540924	2689	292	19132	27	0	1	3	2677	1	6662	12449	1	1	140	2689	19132	7	21828	292	20	312	1
397	397	7	1423798	6507	1982416	427035090	14547431	3664	58	2758	27	0	1	3	3652	1	1003	1734	1	1	24	3664	2758	7	6429	58	20	78	1
398	398	8	1083027	5227	1760778	428118117	14552658	2806	110	2284	27	0	1	3	2794	1	1938	325	1	1	50	2806	2284	7	5097	110	20	130	1
399	399	9	622374	2021	917803	428740491	14554679	1744	28	222	27	0	1	3	1732	1	103	100	1	1	9	1744	222	7	1973	28	20	48	1
400	400	10	1126905	7712	1905946	429867396	14562391	2689	187	4809	27	0	1	3	2677	1	2260	2528	1	1	88	2689	4809	7	7505	187	20	207	1
401	401	11	1538154	4056	2176335	431405550	14566447	3626	34	369	27	0	1	3	3614	1	145	203	1	1	12	3626	369	7	4002	34	20	54	1
402	402	12	649795	2288	937083	432055345	14568735	1791	30	440	27	0	1	3	1779	1	178	241	1	1	10	1791	440	7	2238	30	20	50	1
403	403	13	902287	15018	2035166	432957632	14583753	2687	205	12099	27	0	1	3	2675	1	4087	7991	1	1	107	2687	12099	7	14793	205	20	225	1
404	404	14	819727	3838	1290061	433777359	14587591	2085	82	1644	27	0	1	3	2073	1	700	923	1	1	36	2085	1644	7	3736	82	20	102	1
405	405	15	578752	2810	1003093	434356111	14590401	1277	42	1464	27	0	1	3	1265	1	1292	151	1	1	16	1277	1464	7	2748	42	20	62	1
406	406	16	11130	1167	358358	434367241	14591568	148	30	962	27	0	1	3	136	1	314	627	1	1	10	148	962	7	1117	30	20	50	1
407	407	17	1498048	39396	4167891	435865289	14630964	3578	398	35393	27	0	1	3	3566	1	11847	23524	1	1	215	3578	35393	7	38978	398	20	418	1
408	408	18	1434247	20091	2806340	437299536	14651055	3622	149	16293	27	0	1	3	3610	1	11778	4494	1	1	69	3622	16293	7	19922	149	20	169	1
409	409	19	1455837	17272	2628732	438755373	14668327	2902	58	14285	27	0	1	3	2890	1	12851	1413	1	1	24	2902	14285	7	17194	58	20	78	1
410	410	20	1055548	10599	2108485	439810921	14678926	2823	145	7604	27	0	1	3	2811	1	3855	3728	1	1	67	2823	7604	7	10434	145	20	165	1
411	411	21	1768886	19476	2885930	441579807	14698402	4056	221	15172	27	0	1	3	4044	1	7818	7333	1	1	107	4056	15172	7	19235	221	20	241	1
412	412	22	664248	3100	994583	442244055	14701502	1905	52	1116	27	0	1	3	1893	1	362	733	1	1	21	1905	1116	7	3028	52	20	72	1
413	413	23	355251	1400	605466	442599306	14702902	673	24	676	27	0	1	3	661	1	217	438	1	1	7	673	676	7	1356	24	20	44	1
414	414	24	826871	2796	1033242	443426177	14705698	2398	22	349	27	0	1	3	2386	1	104	225	1	1	6	2398	349	7	2754	22	20	42	1
415	415	25	371104	1898	763925	443797281	14707596	763	76	1032	27	0	1	3	751	1	767	244	1	1	33	763	1032	7	1802	76	20	96	1
416	416	26	838940	5340	1487050	444636221	14712936	2424	48	2841	27	0	1	3	2412	1	2570	250	1	1	19	2424	2841	7	5272	48	20	68	1
417	417	27	939269	4261	1385480	445575490	14717197	2585	42	1607	27	0	1	3	2573	1	470	1116	1	1	16	2585	1607	7	4199	42	20	62	1
418	418	28	1420324	3949	1646849	446995814	14721146	3213	26	683	27	0	1	3	3201	1	206	456	1	1	8	3213	683	7	3903	26	20	46	1
419	419	29	1138990	4964	1864177	448134804	14726110	2952	76	1909	27	0	1	3	2940	1	686	1202	1	1	33	2952	1909	7	4868	76	20	96	1
420	420	0	759376	3577	1171532	448894180	14729687	1984	50	1516	27	0	1	3	1972	1	548	947	1	1	20	1984	1516	7	3507	50	20	70	1
421	421	1	1643978	10971	2995028	450538158	14740658	3637	207	7100	27	0	1	3	3625	1	2693	4386	1	1	103	3637	7100	7	10744	207	20	227	1
422	422	2	1444672	6186	2008437	451982830	14746844	3344	64	2751	27	0	1	3	3332	1	833	1897	1	1	27	3344	2751	7	6102	64	20	84	1
423	423	3	809249	2740	1209852	452792079	14749584	2362	20	331	27	0	1	3	2350	1	81	230	1	1	5	2362	331	7	2700	20	20	40	1
424	424	4	1341339	3856	1520200	454133418	14753440	3007	74	748	27	0	1	3	2995	1	601	127	1	1	32	3007	748	7	3762	74	20	94	1
425	425	5	768038	4726	1362230	454901456	14758166	1999	66	2634	27	0	1	3	1987	1	1204	1409	1	1	28	1999	2634	7	4640	66	20	86	1
426	426	6	1435939	74960	7776986	456337395	14833126	3260	565	71108	27	0	1	3	3248	1	22102	48983	1	1	329	3260	71108	7	74375	565	20	585	1
427	427	7	102185	548	473566	456439580	14833674	251	40	230	27	0	1	3	239	1	131	79	1	1	15	251	230	7	488	40	20	60	1
428	428	8	941943	3662	1314580	457381523	14837336	2615	42	978	27	0	1	3	2603	1	288	669	1	1	16	2615	978	7	3600	42	20	62	1
429	429	9	1223698	6427	1811418	458605221	14843763	3170	44	3186	27	0	1	3	3158	1	971	2194	1	1	17	3170	3186	7	6363	44	20	64	1
430	430	10	1588806	7706	2452683	460194027	14851469	3477	56	4146	27	0	1	3	3465	1	1799	2326	1	1	23	3477	4146	7	7630	56	20	76	1
431	431	11	1095045	8301	1466150	461289072	14859770	2806	119	5349	27	0	1	3	2794	1	1658	3670	1	1	56	2806	5349	7	8162	119	20	139	1
432	432	12	1096575	3994	1778238	462385647	14863764	2810	32	1125	27	0	1	3	2798	1	606	498	1	1	11	2810	1125	7	3942	32	20	52	1
433	433	13	2058822	75249	9496854	464444469	14939013	4637	858	69727	27	0	1	3	4625	1	16524	53180	1	1	509	4637	69727	7	74371	858	20	878	1
434	434	14	1097480	11943	1863578	465541949	14950956	2818	146	8952	27	0	1	3	2806	1	2635	6296	1	1	69	2818	8952	7	11777	146	20	166	1
435	435	15	1590712	11480	1867057	467132661	14962436	3467	103	7883	27	0	1	3	3455	1	2316	5546	1	1	48	3467	7883	7	11357	103	20	123	1
436	436	16	2237585	68062	8723889	469370246	15030498	4794	570	62671	27	0	1	3	4782	1	19955	42693	1	1	327	4794	62671	7	67472	570	20	590	1
437	437	17	1586746	15385	2747491	470956992	15045883	3462	74	11822	27	0	1	3	3450	1	8538	3263	1	1	32	3462	11822	7	15291	74	20	94	1
438	438	18	1101244	11919	2056795	472058236	15057802	2847	152	8893	27	0	1	3	2835	1	2773	6099	1	1	72	2847	8893	7	11747	152	20	172	1
439	439	19	1255945	4326	1651989	473314181	15062128	3121	34	1144	27	0	1	3	3109	1	359	764	1	1	12	3121	1144	7	4272	34	20	54	1
440	440	20	1104126	12951	2222874	474418307	15075079	2602	201	10121	27	0	1	3	2590	1	6895	3205	1	1	95	2602	10121	7	12730	201	20	221	1
441	441	21	1304045	7882	1896287	475722352	15082961	3307	125	4423	27	0	1	3	3295	1	1423	2979	1	1	58	3307	4423	7	7737	125	20	145	1
442	442	22	1333595	10756	1992026	477055947	15093717	3386	64	7279	27	0	1	3	3374	1	2022	5236	1	1	27	3386	7279	7	10672	64	20	84	1
443	443	23	1481785	12792	2294414	478537732	15106509	3078	88	9599	27	0	1	3	3066	1	7792	1786	1	1	39	3078	9599	7	12684	88	20	108	1
444	444	24	1066877	7590	1585309	479604609	15114099	2434	30	5099	27	0	1	3	2422	1	4420	658	1	1	10	2434	5099	7	7540	30	20	50	1
445	445	25	2146420	10222	4716447	481751029	15124321	4833	124	5238	27	0	1	3	4821	1	1847	3370	1	1	57	4833	5238	7	10078	124	20	144	1
446	446	26	1455094	24060	3163588	483206123	15148381	3681	276	20076	27	0	1	3	3669	1	7002	13053	1	1	141	3681	20076	7	23764	276	20	296	1
447	447	27	1942432	28639	4321610	485148555	15177020	4480	419	23713	27	0	1	3	4468	1	13080	10612	1	1	208	4480	23713	7	28200	419	20	439	1
448	448	28	1273977	8683	2218945	486422532	15185703	3175	108	5373	27	0	1	3	3163	1	1617	3735	1	1	49	3175	5373	7	8555	108	20	128	1
449	449	29	657757	3117	1164312	487080289	15188820	1865	38	1187	27	0	1	3	1853	1	411	755	1	1	14	1865	1187	7	3059	38	20	58	1
450	450	0	1314381	10784	2205615	488394670	15199604	3364	231	7162	27	0	1	3	3352	1	3038	4103	1	1	114	3364	7162	7	10533	231	20	251	1
451	451	1	1066645	2735	1217231	489461315	15202339	2443	16	249	27	0	1	3	2431	1	77	152	1	1	3	2443	249	7	2699	16	20	36	1
452	452	2	1706418	7685	4739218	491167733	15210024	3843	64	3751	27	0	1	3	3831	1	1477	2253	1	1	27	3843	3751	7	7601	64	20	84	1
453	453	3	1311605	8193	2134176	492479338	15218217	3376	68	4722	27	0	1	3	3364	1	1361	3340	1	1	29	3376	4722	7	8105	68	20	88	1
454	454	4	1317738	4373	1517970	493797076	15222590	3339	46	961	27	0	1	3	3327	1	940	1	1	1	18	3339	961	7	4307	46	20	66	1
455	455	5	1921139	8489	2747611	495718215	15231079	4362	275	3825	27	0	1	162	4190	95	2660	1050	1	1	136	4362	3825	7	8194	275	20	295	1
456	456	6	1948150	58622	9056327	497666365	15289701	4700	752	53143	27	0	1	158	4532	111	16449	36561	1	1	430	4700	53143	7	57850	752	20	772	1
457	457	7	1106225	974	1763878	498772590	15290675	60	42	845	27	0	1	51	1	132	135	557	1	1	16	60	845	7	912	42	20	62	1
458	458	8	1308339	933	1737328	500080929	15291608	386	38	482	27	0	1	49	328	155	116	191	1	1	14	386	482	7	875	38	20	58	1
459	459	9	1106474	834	1375951	501187403	15292442	60	42	705	27	0	1	51	1	190	115	380	1	1	16	60	705	7	772	42	20	62	1
460	460	10	1106113	5096	2080845	502293516	15297538	2922	101	2046	27	0	1	51	2862	197	674	1154	1	1	48	2922	2046	7	4975	101	20	121	1
461	461	11	1105884	4691	1791928	503399400	15302229	2922	95	1647	27	0	1	51	2862	206	623	797	1	1	45	2922	1647	7	4576	95	20	115	1
462	462	12	1106126	4593	2042786	504505526	15306822	2922	93	1551	27	0	1	51	2862	221	535	774	1	1	44	2922	1551	7	4480	93	20	113	1
463	463	13	1106228	4589	1602799	505611754	15311411	2979	84	1499	27	0	1	73	2897	236	556	686	1	1	38	2979	1499	7	4485	84	20	104	1
464	464	14	214310	887	637506	505826064	15312298	465	22	373	27	0	1	3	453	236	62	56	1	1	6	465	373	7	845	22	20	42	1
465	465	15	858997	3786	1440990	506685061	15316084	2053	58	1648	27	0	1	3	2041	236	587	804	1	1	24	2053	1648	7	3708	58	20	78	1
466	466	16	221150	3426	749334	506906211	15319510	511	72	2816	27	0	1	3	499	236	987	1572	1	1	31	511	2816	7	3334	72	20	92	1
467	467	17	919338	6059	1464250	507825549	15325569	2492	118	3422	27	0	1	3	2480	236	1276	1889	1	1	54	2492	3422	7	5921	118	20	138	1
468	468	18	1813167	88535	10834265	509638716	15414104	3602	1035	83871	27	0	1	3	3590	236	24976	58636	1	1	641	3602	83871	7	87480	1035	20	1055	1
469	469	19	1343775	6129	1776847	510982491	15420233	3402	62	2638	27	0	1	3	3390	236	1147	1234	1	1	26	3402	2638	7	6047	62	20	82	1
470	470	20	840989	3786	1611779	511823480	15424019	2433	20	1306	27	0	1	3	2421	236	293	756	1	1	5	2433	1306	7	3746	20	20	40	1
471	471	21	1361166	17473	2373074	513184646	15441492	3358	180	13908	27	0	1	3	3346	236	4184	9467	1	1	91	3358	13908	7	17273	180	20	200	1
472	472	22	1065261	3328	1437899	514249907	15444820	2447	56	798	27	0	1	3	2435	236	386	155	1	1	23	2447	798	7	3252	56	20	76	1
473	473	23	1155706	21482	2502922	515405613	15466302	2945	217	18293	27	0	1	3	2933	236	6303	11733	1	1	120	2945	18293	7	21245	217	20	237	1
474	474	24	1254613	6181	1239451	516660226	15472483	3112	92	2950	27	0	1	3	3100	236	923	1770	1	1	41	3112	2950	7	6069	92	20	112	1
475	475	25	2156053	53452	4236801	518816279	15525935	4877	542	48006	27	0	1	3	4865	236	17641	30106	1	1	306	4877	48006	7	52890	542	20	562	1
476	476	26	630003	2456	846244	519446282	15528391	1781	36	612	27	0	1	3	1769	236	140	215	1	1	13	1781	612	7	2400	36	20	56	1
477	477	27	1446429	10266	1801697	520892711	15538657	3351	84	6804	27	0	1	3	3339	236	3835	2712	1	1	37	3351	6804	7	10162	84	20	104	1
478	478	28	1543572	5330	2183385	522436283	15543987	3431	54	1818	27	0	1	3	3419	236	643	918	1	1	22	3431	1818	7	5256	54	20	74	1
479	479	29	210007	1715	658865	522646290	15545702	453	62	1173	27	0	1	3	441	236	604	312	1	1	26	453	1173	7	1633	62	20	82	1
480	480	0	1341834	9905	1743728	523988124	15555607	3344	104	6430	27	0	1	3	3332	236	1870	4303	1	1	47	3344	6430	7	9781	104	20	124	1
481	481	1	11192	1121	355188	523999316	15556728	148	24	922	27	0	1	3	136	236	228	437	1	1	7	148	922	7	1077	24	20	44	1
482	482	2	746326	3022	1110812	524745642	15559750	1962	34	999	27	0	1	3	1950	236	240	502	1	1	12	1962	999	7	2968	34	20	54	1
483	483	3	802893	3317	1461010	525548535	15563067	2309	32	949	27	0	1	3	2297	236	263	429	1	1	11	2309	949	7	3265	32	20	52	1
484	484	4	102214	587	366647	525650749	15563654	240	18	302	27	0	1	3	228	236	46	1	1	1	4	240	302	7	549	18	20	38	1
485	485	5	1150341	4540	1331191	526801090	15568194	2907	66	1540	27	0	1	3	2895	211	763	545	1	1	28	2907	1540	7	4454	66	20	86	1
486	486	6	1697061	46725	5574001	528498151	15614919	3992	538	42168	27	0	1	3	3980	195	14316	27635	1	1	308	3992	42168	7	46167	538	20	558	1
487	487	7	811031	3062	1287121	529309182	15617981	2362	36	637	27	0	1	3	2350	178	207	231	1	1	13	2362	637	7	3006	36	20	56	1
488	488	8	846319	3247	1308121	530155501	15621228	2502	36	682	27	0	1	3	2490	160	150	351	1	1	13	2502	682	7	3191	36	20	56	1
489	489	9	851146	2391	1187032	531006647	15623619	2009	24	331	27	0	1	3	1997	140	55	117	1	1	7	2009	331	7	2347	24	20	44	1
490	490	10	724853	2190	1231291	531731500	15625809	1840	26	297	27	0	1	3	1828	127	75	77	1	1	8	1840	297	7	2144	26	20	46	1
491	491	11	1144269	6224	1829097	532875769	15632033	2866	54	3277	27	0	1	3	2854	119	889	2249	1	1	22	2866	3277	7	6150	54	20	74	1
492	492	12	622239	2029	1044203	533498008	15634062	1718	26	258	27	0	1	3	1706	83	84	73	1	1	8	1718	258	7	1983	26	20	46	1
493	493	13	1273377	4682	1666918	534771385	15638744	3157	40	1458	27	0	1	3	3145	1	533	904	1	1	15	3157	1458	7	4622	40	20	60	1
494	494	14	650986	2267	1118423	535422371	15641011	1802	26	412	27	0	1	3	1790	1	147	244	1	1	8	1802	412	7	2221	26	20	46	1
495	495	15	354545	1011	722955	535776916	15642022	663	26	295	27	0	1	3	651	1	114	161	1	1	8	663	295	7	965	26	20	46	1
496	496	16	1149413	9409	1973406	536926329	15651431	3057	122	6203	27	0	1	3	3045	1	1973	4209	1	1	56	3057	6203	7	9267	122	20	142	1
497	497	17	1240270	3632	1640508	538166599	15655063	2566	44	995	27	0	1	3	2554	1	730	244	1	1	17	2566	995	7	3568	44	20	64	1
498	498	18	1705459	44570	4972226	539872058	15699633	3715	352	40476	27	0	1	3	3703	1	13710	26744	1	1	190	3715	40476	7	44198	352	20	372	1
499	499	19	1619994	43122	4360069	541492052	15742755	3737	357	39001	27	0	1	3	3725	1	12256	26723	1	1	194	3737	39001	7	42745	357	20	377	1
500	500	20	1113360	13293	2205545	542605412	15756048	2923	171	10172	27	0	1	3	2911	1	2362	7789	1	1	83	2923	10172	7	13102	171	20	191	1
501	501	21	17188	683	438857	542622600	15756731	186	26	444	27	0	1	3	174	1	303	121	1	1	8	186	444	7	637	26	20	46	1
502	502	22	803111	2753	1070512	543425711	15759484	2331	50	345	27	0	1	3	2319	1	155	169	1	1	20	2331	345	7	2683	50	20	70	1
503	503	23	898645	5556	1320361	544324356	15765040	2568	66	2895	27	0	1	3	2556	1	2539	335	1	1	28	2568	2895	7	5470	66	20	86	1
504	504	24	1082936	4302	1517899	545407292	15769342	2786	112	1377	27	0	1	3	2774	1	988	368	1	1	51	2786	1377	7	4170	112	20	132	1
505	505	25	810229	2691	1048373	546217521	15772033	2351	20	293	27	0	1	3	2339	1	98	175	1	1	5	2351	293	7	2651	20	20	40	1
506	506	26	763024	2903	1269481	546980545	15774936	1949	34	893	27	0	1	3	1937	1	237	635	1	1	12	1949	893	7	2849	34	20	54	1
507	507	27	5297	438	324578	546985842	15775374	127	34	250	27	0	1	3	116	1	115	116	1	1	12	127	250	7	384	34	20	54	1
508	508	28	921806	3419	1027463	547907648	15778793	2549	26	817	27	0	1	3	2537	1	217	579	1	1	8	2549	817	7	3373	26	20	46	1
509	509	29	1507436	17152	2117795	549415084	15795945	3627	339	13159	27	0	1	3	3615	1	3171	9967	1	1	180	3627	13159	7	16793	339	20	359	1
510	510	0	610513	3915	948314	550025597	15799860	1415	124	2349	27	0	1	3	1403	1	1761	567	1	1	57	1415	2349	7	3771	124	20	144	1
511	511	1	58777	1467	399678	550084374	15801327	446	78	916	27	0	1	3	434	1	800	96	1	1	34	446	916	7	1369	78	20	98	1
512	512	2	915518	16998	2163955	550999892	15818325	2671	209	14091	27	0	1	3	2659	1	5350	8720	1	1	100	2671	14091	7	16769	209	20	229	1
513	513	3	1425503	25632	2474483	552425395	15843957	3644	268	21693	27	0	1	3	3632	1	5832	15840	1	1	138	3644	21693	7	25344	268	20	288	1
514	514	4	1084107	3282	979384	553509502	15847239	2785	40	430	27	0	1	3	2773	1	409	1	1	1	15	2785	430	7	3222	40	20	60	1
515	515	5	622851	2072	790664	554132353	15849311	1728	34	283	27	0	1	3	1716	1	118	145	1	1	12	1728	283	7	2018	34	20	54	1
516	516	6	1127345	12693	2006006	555259698	15862004	2673	272	9721	27	0	1	3	2661	1	3822	5878	1	1	130	2673	9721	7	12401	272	20	292	1
517	517	7	1539901	40235	3975452	556799599	15902239	3603	362	36243	27	0	1	3	3591	1	14052	22169	1	1	194	3603	36243	7	39853	362	20	382	1
518	518	8	650272	2331	1317691	557449871	15904570	1776	30	498	27	0	1	3	1764	1	236	241	1	1	10	1776	498	7	2281	30	20	50	1
519	519	9	904019	4724	1036773	558353890	15909294	2676	60	1961	27	0	1	3	2664	1	680	1260	1	1	25	2676	1961	7	4644	60	20	80	1
520	520	10	820648	3395	1284951	559174538	15912689	2067	68	1233	27	0	1	3	2055	1	521	691	1	1	29	2067	1233	7	3307	68	20	88	1
521	521	11	578728	41869	4024422	559753266	15954558	1277	603	39962	27	0	1	3	1265	1	9052	30888	1	1	359	1277	39962	7	41246	603	20	623	1
522	522	12	11130	1169	552646	559764396	15955727	148	28	966	27	0	1	3	136	1	312	633	1	1	9	148	966	7	1121	28	20	48	1
523	523	13	1499149	38757	4230020	561263545	15994484	3555	403	34772	27	0	1	3	3543	1	11198	23552	1	1	218	3555	34772	7	38334	403	20	423	1
524	524	14	1435923	27215	3479416	562699468	16021699	3600	296	23292	27	0	1	3	3588	1	8654	14617	1	1	149	3600	23292	7	26899	296	20	316	1
525	525	15	1456269	4922	1944796	564155737	16026621	2886	38	1971	27	0	1	3	2874	1	549	1401	1	1	14	2886	1971	7	4864	38	20	58	1
526	526	16	1057213	4072	1602269	565212950	16030693	2802	64	1179	27	0	1	3	2790	1	430	728	1	1	27	2802	1179	7	3988	64	20	84	1
527	527	17	1770010	18323	3003339	566982960	16049016	4023	269	14004	27	0	1	3	4011	1	4582	9401	1	1	131	4023	14004	7	18034	269	20	289	1
528	528	18	664725	3948	1189302	567647685	16052964	1889	64	1968	27	0	1	3	1877	1	599	1348	1	1	27	1889	1968	7	3864	64	20	84	1
529	529	19	355364	1391	688075	568003049	16054355	664	24	676	27	0	1	3	652	1	217	438	1	1	7	664	676	7	1347	24	20	44	1
530	530	20	827991	2768	1193952	568831040	16057123	2378	22	341	27	0	1	3	2366	1	103	218	1	1	6	2378	341	7	2726	22	20	42	1
531	531	21	371917	1427	704875	569202957	16058550	758	38	604	27	0	1	3	746	1	353	230	1	1	14	758	604	7	1369	38	20	58	1
532	532	22	840636	2890	1136282	570043593	16061440	2407	44	412	27	0	1	3	2395	1	161	230	1	1	17	2407	412	7	2826	44	20	64	1
533	533	23	940358	4262	966563	570983951	16065702	2580	38	1617	27	0	1	3	2568	1	414	1182	1	1	14	2580	1617	7	4204	38	20	58	1
534	534	24	1421405	3945	1514880	572405356	16069647	3202	30	686	27	0	1	3	3190	1	218	447	1	1	10	3202	686	7	3895	30	20	50	1
535	535	25	1140109	4383	1324360	573545465	16074030	2932	64	1360	27	0	1	3	2920	1	468	871	1	1	27	2932	1360	7	4299	64	20	84	1
536	536	26	759822	2578	1295132	574305287	16076608	1957	24	570	27	0	1	3	1945	1	177	372	1	1	7	1957	570	7	2534	24	20	44	1
537	537	27	1645089	6968	2253034	575950376	16083576	3638	90	3213	27	0	1	3	3626	1	916	2276	1	1	40	3638	3213	7	6858	90	20	110	1
538	538	28	1445789	7578	2275304	577396165	16091154	3323	66	4162	27	0	1	3	3311	1	1279	2862	1	1	28	3323	4162	7	7492	66	20	86	1
539	539	29	810229	2654	1110682	578206394	16093808	2343	20	264	27	0	1	3	2331	1	81	163	1	1	5	2343	264	7	2614	20	20	40	1
540	540	0	1342192	72867	5730180	579548586	16166675	2982	562	69296	27	0	1	3	2970	1	21227	48046	1	1	334	2982	69296	7	72285	562	20	582	1
541	541	1	768484	4990	910244	580317070	16171665	1978	56	2929	27	0	1	3	1966	1	1146	1762	1	1	23	1978	2929	7	4914	56	20	76	1
542	542	2	1437020	8919	1781837	581754090	16180584	3242	94	5556	27	0	1	3	3230	1	1851	3684	1	1	42	3242	5556	7	8805	94	20	114	1
543	543	3	102624	527	356138	581856714	16181111	251	36	213	27	0	1	3	239	1	115	79	1	1	13	251	213	7	471	36	20	56	1
544	544	4	943068	3170	1013763	582799782	16184281	2612	38	493	27	0	1	3	2600	1	235	237	1	1	14	2612	493	7	3112	38	20	58	1
545	545	5	1225492	6602	1716208	584025274	16190883	3145	52	3378	27	0	1	3	3133	1	1163	2194	1	1	21	3145	3378	7	6530	52	20	72	1
546	546	6	1589878	7386	1962846	585615152	16198269	3452	52	3855	27	0	1	3	3440	1	1508	2326	1	1	21	3452	3855	7	7314	52	20	72	1
547	547	7	1096125	3063	1181372	586711277	16201332	2801	18	217	27	0	1	3	2789	1	69	128	1	1	4	2801	217	7	3025	18	20	38	1
548	548	8	1097655	3537	1572619	587808932	16204869	2802	22	686	27	0	1	3	2790	1	205	460	1	1	6	2802	686	7	3495	22	20	42	1
549	549	9	2060575	9312	4865196	589869507	16214181	4613	100	4572	27	0	1	3	4601	1	2113	2438	1	1	45	4613	4572	7	9192	100	20	120	1
550	550	10	1098560	3597	1198801	590968067	16217778	2811	26	733	27	0	1	3	2799	1	193	519	1	1	8	2811	733	7	3551	26	20	46	1
551	551	11	1591784	6976	2400253	592559851	16224754	3443	52	3454	27	0	1	3	3431	1	1129	2304	1	1	21	3443	3454	7	6904	52	20	72	1
552	552	12	2239326	168104	11097063	594799177	16392858	4769	1360	161948	27	0	1	3	4757	1	46056	115869	1	1	813	4769	161948	7	166724	1360	20	1380	1
553	553	13	1587818	6525	1910847	596386995	16399383	3437	32	3029	27	0	1	3	3425	1	866	2142	1	1	11	3437	3029	7	6473	32	20	52	1
554	554	14	1102324	4188	1783818	597489319	16403571	2822	32	1307	27	0	1	3	2810	1	604	682	1	1	11	2822	1307	7	4136	32	20	52	1
555	555	15	1257028	3834	1828097	598746347	16407405	3100	28	679	27	0	1	3	3088	1	200	458	1	1	9	3100	679	7	3786	28	20	48	1
556	556	16	1104566	3250	1612719	599850913	16410655	2583	24	616	27	0	1	3	2571	1	153	442	1	1	7	2583	616	7	3206	24	20	44	1
557	557	17	1305128	7580	2010886	601156041	16418235	3282	76	4195	27	0	1	3	3270	1	1584	2590	1	1	33	3282	4195	7	7484	76	20	96	1
558	558	18	1334678	11460	2196774	602490719	16429695	3365	88	7980	27	0	1	3	3353	1	2328	5631	1	1	39	3365	7980	7	11352	88	20	108	1
559	559	19	1482217	4849	1910317	603972936	16434544	3044	50	1728	27	0	1	3	3032	1	532	1175	1	1	20	3044	1728	7	4779	50	20	70	1
560	560	20	1067317	3261	1372710	605040253	16437805	2419	26	789	27	0	1	3	2407	1	263	505	1	1	8	2419	789	7	3215	26	20	46	1
561	561	21	2148131	49063	4901386	607188384	16486868	4808	631	43597	27	0	1	3	4796	1	10026	33549	1	1	368	4808	43597	7	48412	631	20	651	1
562	562	22	1456734	23878	3277197	608645118	16510746	3656	249	19946	27	0	1	3	3644	1	6912	13013	1	1	128	3656	19946	7	23609	249	20	269	1
563	563	23	1944167	33291	4901836	610589285	16544037	4441	345	28478	27	0	1	3	4429	1	7580	20876	1	1	179	4441	28478	7	32926	345	20	365	1
564	564	24	1275060	7990	1747298	611864345	16552027	3153	82	4728	27	0	1	3	3141	1	1441	3266	1	1	36	3153	4728	7	7888	82	20	102	1
565	565	25	658225	3098	962613	612522570	16555125	1850	38	1183	27	0	1	3	1838	1	406	756	1	1	14	1850	1183	7	3040	38	20	58	1
566	566	26	1315464	6737	2010476	613838034	16561862	3341	46	3323	27	0	1	3	3329	1	878	2424	1	1	18	3341	3323	7	6671	46	20	66	1
567	567	27	1067085	3179	1556059	614905119	16565041	2422	22	708	27	0	1	3	2410	1	230	457	1	1	6	2422	708	7	3137	22	20	42	1
568	568	28	1707493	11357	2218475	616612612	16576398	3820	193	7317	27	0	1	3	3808	1	2830	4466	1	1	92	3820	7317	7	11144	193	20	213	1
569	569	29	1312724	9056	2048915	617925336	16585454	3354	78	5597	27	0	1	3	3342	1	2821	2755	1	1	34	3354	5597	7	8958	78	20	98	1
570	570	0	1318821	8778	2581522	619244157	16594232	3312	40	5399	27	0	1	3	3300	1	2711	2667	1	1	15	3312	5399	7	8718	40	20	60	1
571	571	1	1123218	2322	1119753	620367375	16596554	243	187	1865	27	0	1	233	1	81	550	1214	1	1	105	243	1865	7	2115	187	20	207	1
572	572	2	1185229	1278	1290661	621552604	16597832	172	56	1023	27	0	1	74	90	108	177	718	1	1	23	172	1023	7	1202	56	20	76	1
573	573	3	1347151	2729	1788107	622899755	16600561	483	76	2143	27	0	1	63	411	139	591	1392	1	1	33	483	2143	7	2633	76	20	96	1
574	574	4	1354234	2490	1577649	624253989	16603051	526	98	1839	27	0	1	98	419	166	637	1015	1	1	44	526	1839	7	2372	98	20	118	1
575	575	5	1347049	2000	1838628	625601038	16605051	483	86	1404	27	0	1	63	411	189	567	627	1	1	38	483	1404	7	1894	86	20	106	1
576	576	6	1107945	1206	1275461	626708983	16606257	69	48	1062	27	0	1	60	1	216	151	674	1	1	19	69	1062	7	1138	48	20	68	1
577	577	7	252	320	312847	626709235	16606577	17	14	262	27	0	1	8	1	228	14	1	1	1	2	17	262	7	286	14	20	34	1
578	578	8	1366855	1749	1819588	628076090	16608326	196	118	1408	27	0	1	147	40	247	352	788	1	1	54	196	1408	7	1611	118	20	138	1
579	579	9	214310	3108	744564	628290400	16611434	465	62	2554	27	0	1	3	453	247	1235	1051	1	1	26	465	2554	7	3026	62	20	82	1
580	580	10	858997	4331	1096122	629149397	16615765	2053	60	2191	27	0	1	3	2041	247	930	993	1	1	25	2053	2191	7	4251	60	20	80	1
581	581	11	221150	1843	742335	629370547	16617608	511	28	1277	27	0	1	3	499	247	279	730	1	1	9	511	1277	7	1795	28	20	48	1
582	582	12	919338	4482	1103922	630289885	16622090	2492	58	1905	27	0	1	3	2480	247	521	1116	1	1	24	2492	1905	7	4404	58	20	78	1
583	583	13	1813167	12854	2701241	632103052	16634944	3602	181	9044	27	0	1	3	3590	247	4287	4489	1	1	85	3602	9044	7	12653	181	20	201	1
584	584	14	1343775	5598	2026426	633446827	16640542	3402	62	2107	27	0	1	3	3390	247	632	1207	1	1	26	3402	2107	7	5516	62	20	82	1
585	585	15	840989	3797	1291511	634287816	16644339	2433	20	1317	27	0	1	3	2421	247	293	756	1	1	5	2433	1317	7	3757	20	20	40	1
586	586	16	1361166	7824	2092385	635648982	16652163	3358	72	4367	27	0	1	3	3346	247	1199	2900	1	1	31	3358	4367	7	7732	72	20	92	1
587	587	17	1065261	2912	1357671	636714243	16655075	2447	30	408	27	0	1	3	2435	247	111	31	1	1	10	2447	408	7	2862	30	20	50	1
588	588	18	1155706	6007	1687948	637869949	16661082	2945	90	2945	27	0	1	3	2933	247	936	1741	1	1	40	2945	2945	7	5897	90	20	110	1
589	589	19	1254613	6047	1818207	639124562	16667129	3112	100	2808	27	0	1	3	3100	247	918	1622	1	1	45	3112	2808	7	5927	100	20	120	1
590	590	20	2156053	72300	8434631	641280615	16739429	4877	675	66721	27	0	1	3	4865	247	21310	45141	1	1	400	4877	66721	7	71605	675	20	695	1
591	591	21	630003	2505	741415	641910618	16741934	1781	36	661	27	0	1	3	1769	247	158	235	1	1	13	1781	661	7	2449	36	20	56	1
592	592	22	1446429	6550	2078736	643357047	16748484	3351	44	3128	27	0	1	3	3339	247	728	2132	1	1	17	3351	3128	7	6486	44	20	64	1
593	593	23	1543572	5422	1589499	644900619	16753906	3431	56	1908	27	0	1	3	3419	247	717	923	1	1	23	3431	1908	7	5346	56	20	76	1
594	594	24	210007	1746	581346	645110626	16755652	453	52	1214	27	0	1	3	441	247	580	366	1	1	21	453	1214	7	1674	52	20	72	1
595	595	25	1341834	6586	1624328	646452460	16762238	3344	76	3139	27	0	1	3	3332	247	964	1907	1	1	33	3344	3139	7	6490	76	20	96	1
596	596	26	11192	1115	585136	646463652	16763353	148	20	920	27	0	1	3	136	247	215	437	1	1	5	148	920	7	1075	20	20	40	1
597	597	27	746326	3242	1205662	647209978	16766595	1962	48	1205	27	0	1	3	1950	247	342	595	1	1	19	1962	1205	7	3174	48	20	68	1
598	598	28	802893	3668	1476769	648012871	16770263	2309	78	1254	27	0	1	3	2297	247	509	477	1	1	34	2309	1254	7	3570	78	20	98	1
599	599	29	102214	837	428037	648115085	16771100	240	26	544	27	0	1	3	228	247	120	157	1	1	8	240	544	7	791	26	20	46	1
600	600	0	1150341	4649	1359500	649265426	16775749	2907	44	1671	27	0	1	3	2895	247	455	948	1	1	17	2907	1671	7	4585	44	20	64	1
601	601	1	1697061	36844	6653564	650962487	16812593	3992	317	32508	27	0	1	3	3980	228	9970	22288	1	1	171	3992	32508	7	36507	317	20	337	1
602	602	2	811031	3227	1354910	651773518	16815820	2362	42	796	27	0	1	3	2350	210	373	192	1	1	16	2362	796	7	3165	42	20	62	1
603	603	3	846319	3095	1258282	652619837	16818915	2502	20	546	27	0	1	3	2490	191	60	275	1	1	5	2502	546	7	3055	20	20	40	1
604	604	4	851146	2381	1142172	653470983	16821296	2009	22	323	27	0	1	3	1997	167	48	89	1	1	6	2009	323	7	2339	22	20	42	1
605	605	5	724853	2254	1107252	654195836	16823550	1840	30	357	27	0	1	3	1828	131	129	77	1	1	10	1840	357	7	2204	30	20	50	1
606	606	6	1144269	3680	1468230	655340105	16827230	2866	26	761	27	0	1	3	2854	99	221	421	1	1	8	2866	761	7	3634	26	20	46	1
607	607	7	622239	2648	951913	655962344	16829878	1718	28	875	27	0	1	3	1706	82	223	550	1	1	9	1718	875	7	2600	28	20	48	1
608	608	8	1273377	5455	1586399	657235721	16835333	3157	76	2195	27	0	1	3	3145	1	1207	967	1	1	33	3157	2195	7	5359	76	20	96	1
609	609	9	650986	2075	943923	657886707	16837408	1802	24	222	27	0	1	3	1790	1	126	77	1	1	7	1802	222	7	2031	24	20	44	1
610	610	10	354545	837	511076	658241252	16838245	663	22	125	27	0	1	3	651	1	51	55	1	1	6	663	125	7	795	22	20	42	1
611	611	11	1149413	5094	1859456	659390665	16843339	3057	64	1946	27	0	1	3	3045	1	770	1155	1	1	27	3057	1946	7	5010	64	20	84	1
612	612	12	1240270	3621	1461209	660630935	16846960	2566	42	986	27	0	1	3	2554	1	721	244	1	1	16	2566	986	7	3559	42	20	62	1
613	613	13	1705459	43157	3516156	662336394	16890117	3715	348	39067	27	0	1	3	3703	1	13726	25319	1	1	186	3715	39067	7	42789	348	20	368	1
614	614	14	1619994	22520	3482575	663956388	16912637	3737	215	18541	27	0	1	3	3725	1	5537	12983	1	1	110	3737	18541	7	22285	215	20	235	1
615	615	15	1113360	5236	1678619	665069748	16917873	2923	84	2202	27	0	1	3	2911	1	751	1430	1	1	37	2923	2202	7	5132	84	20	104	1
616	616	16	17188	699	427277	665086936	16918572	186	30	456	27	0	1	3	174	1	315	121	1	1	10	186	456	7	649	30	20	50	1
617	617	17	803111	2739	1161622	665890047	16921311	2331	46	335	27	0	1	3	2319	1	144	170	1	1	18	2331	335	7	2673	46	20	66	1
618	618	18	898645	3174	1272481	666788692	16924485	2568	44	535	27	0	1	3	2556	1	231	283	1	1	17	2568	535	7	3110	44	20	64	1
619	619	19	1082936	5890	1638518	667871628	16930375	2786	60	3017	27	0	1	3	2774	1	709	2287	1	1	25	2786	3017	7	5810	60	20	80	1
620	620	20	810229	2691	959754	668681857	16933066	2351	20	293	27	0	1	3	2339	1	98	175	1	1	5	2351	293	7	2651	20	20	40	1
621	621	21	763024	2813	962173	669444881	16935879	1949	30	807	27	0	1	3	1937	1	220	566	1	1	10	1949	807	7	2763	30	20	50	1
622	622	22	5297	502	505576	669450178	16936381	127	38	310	27	0	1	3	116	1	153	136	1	1	14	127	310	7	444	38	20	58	1
623	623	23	921806	3747	966894	670371984	16940128	2549	46	1125	27	0	1	3	2537	1	366	738	1	1	18	2549	1125	7	3681	46	20	66	1
624	624	24	1507436	9499	2019795	671879420	16949627	3627	220	5625	27	0	1	3	3615	1	1730	3874	1	1	124	3627	5625	7	9259	220	20	240	1
625	625	25	610513	2898	1031942	672489933	16952525	1415	106	1350	27	0	1	3	1403	1	1067	262	1	1	48	1415	1350	7	2772	106	20	126	1
626	626	26	58777	957	583316	672548710	16953482	446	40	444	27	0	1	3	434	1	328	96	1	1	15	446	444	7	897	40	20	60	1
627	627	27	915518	5400	1593239	673464228	16958882	2671	66	2636	27	0	1	3	2659	1	1573	1042	1	1	28	2671	2636	7	5314	66	20	86	1
628	628	28	1425503	7267	2307034	674889731	16966149	3644	60	3536	27	0	1	3	3632	1	1698	1817	1	1	25	3644	3536	7	7187	60	20	80	1
629	629	29	1084107	3956	1684698	675973838	16970105	2785	86	1058	27	0	1	3	2773	1	772	265	1	1	38	2785	1058	7	3850	86	20	106	1
630	630	0	622851	2032	872994	676596689	16972137	1728	32	245	27	0	1	3	1716	1	126	100	1	1	11	1728	245	7	1980	32	20	52	1
631	631	1	1127345	8486	1816927	677724034	16980623	2673	96	5690	27	0	1	3	2661	1	3104	2565	1	1	43	2673	5690	7	8370	96	20	116	1
632	632	2	1539901	39581	4584297	679263935	17020204	3603	366	35585	27	0	1	3	3591	1	11470	24093	1	1	196	3603	35585	7	39195	366	20	386	1
633	633	3	650272	2323	1328470	679914207	17022527	1776	28	492	27	0	1	3	1764	1	230	241	1	1	9	1776	492	7	2275	28	20	48	1
634	634	4	904019	3435	1050703	680818226	17025962	2676	62	670	27	0	1	3	2664	1	565	85	1	1	26	2676	670	7	3353	62	20	82	1
635	635	5	820648	3002	1338631	681638874	17028964	2067	54	854	27	0	1	3	2055	1	474	359	1	1	22	2067	854	7	2928	54	20	74	1
636	636	6	578728	2358	1001473	682217602	17031322	1277	92	962	27	0	1	3	1265	1	812	129	1	1	41	1277	962	7	2246	92	20	112	1
637	637	7	11130	855	404288	682228732	17032177	148	20	660	27	0	1	3	136	1	196	443	1	1	5	148	660	7	815	20	20	40	1
638	638	8	1499149	36901	3874393	683727881	17069078	3555	386	32933	27	0	1	3	3543	1	10356	22555	1	1	206	3555	32933	7	36495	386	20	406	1
639	639	9	1435923	11055	2445053	685163804	17080133	3600	134	7294	27	0	1	3	3588	1	4100	3173	1	1	62	3600	7294	7	10901	134	20	154	1
640	640	10	1456269	8028	2312364	686620073	17088161	2886	60	5055	27	0	1	3	2874	1	3648	1386	1	1	25	2886	5055	7	7948	60	20	80	1
641	641	11	1057213	5297	1942607	687677286	17093458	2802	68	2400	27	0	1	3	2790	1	1632	747	1	1	29	2802	2400	7	5209	68	20	88	1
642	642	12	1770010	14272	2602722	689447296	17107730	4023	199	10023	27	0	1	3	4011	1	3231	6771	1	1	94	4023	10023	7	14053	199	20	219	1
643	643	13	664725	2702	936433	690112021	17110432	1889	38	748	27	0	1	3	1877	1	242	485	1	1	14	1889	748	7	2644	38	20	58	1
644	644	14	355364	1391	948234	690467385	17111823	664	24	676	27	0	1	3	652	1	217	438	1	1	7	664	676	7	1347	24	20	44	1
645	645	15	827991	2776	1410990	691295376	17114599	2378	22	349	27	0	1	3	2366	1	104	225	1	1	6	2378	349	7	2734	22	20	42	1
646	646	16	371917	1504	782614	691667293	17116103	758	40	679	27	0	1	3	746	1	370	288	1	1	15	758	679	7	1444	40	20	60	1
647	647	17	840636	2723	1628449	692507929	17118826	2407	32	257	27	0	1	3	2395	1	104	133	1	1	11	2407	257	7	2671	32	20	52	1
648	648	18	940358	4252	1494859	693448287	17123078	2580	36	1609	27	0	1	3	2568	1	406	1182	1	1	13	2580	1609	7	4196	36	20	56	1
649	649	19	1421405	4128	2080026	694869692	17127206	3202	48	851	27	0	1	3	3190	1	373	457	1	1	19	3202	851	7	4060	48	20	68	1
650	650	20	1140109	4216	1513479	696009801	17131422	2932	40	1217	27	0	1	3	2920	1	555	641	1	1	15	2932	1217	7	4156	40	20	60	1
651	651	21	759822	2604	1016123	696769623	17134026	1957	30	590	27	0	1	3	1945	1	197	372	1	1	10	1957	590	7	2554	30	20	50	1
652	652	22	1645089	6083	1996236	698414712	17140109	3638	48	2370	27	0	1	3	3626	1	637	1712	1	1	19	3638	2370	7	6015	48	20	68	1
653	653	23	1445789	7517	1898577	699860501	17147626	3323	60	4107	27	0	1	3	3311	1	1239	2847	1	1	25	3323	4107	7	7437	60	20	80	1
654	654	24	810229	2654	1202022	700670730	17150280	2343	20	264	27	0	1	3	2331	1	81	163	1	1	5	2343	264	7	2614	20	20	40	1
655	655	25	1342192	5895	1932107	702012922	17156175	2982	90	2796	27	0	1	3	2970	1	1344	1431	1	1	40	2982	2796	7	5785	90	20	110	1
656	656	26	768484	4721	1243901	702781406	17160896	1978	36	2680	27	0	1	3	1966	1	956	1703	1	1	13	1978	2680	7	4665	36	20	56	1
657	657	27	1437020	7412	2027786	704218426	17168308	3242	80	4063	27	0	1	3	3230	1	1669	2373	1	1	35	3242	4063	7	7312	80	20	100	1
658	658	28	102624	548	496657	704321050	17168856	251	40	230	27	0	1	3	239	1	131	79	1	1	15	251	230	7	488	40	20	60	1
659	659	29	943068	3500	1280841	705264118	17172356	2612	26	835	27	0	1	3	2600	1	227	587	1	1	8	2612	835	7	3454	26	20	46	1
660	660	0	1225492	6194	1687448	706489610	17178550	3145	32	2990	27	0	1	3	3133	1	807	2162	1	1	11	3145	2990	7	6142	32	20	52	1
661	661	1	1589878	11719	2403323	708079488	17190269	3452	74	8166	27	0	1	3	3440	1	4715	3430	1	1	32	3452	8166	7	11625	74	20	94	1
662	662	2	1096125	3038	1413511	709175613	17193307	2801	18	192	27	0	1	3	2789	1	68	105	1	1	4	2801	192	7	3000	18	20	38	1
663	663	3	1097655	3537	1074202	710273268	17196844	2802	22	686	27	0	1	3	2790	1	205	460	1	1	6	2802	686	7	3495	22	20	42	1
664	664	4	2060575	5969	2486043	712333843	17202813	4613	58	1271	27	0	1	3	4601	1	647	603	1	1	24	4613	1271	7	5891	58	20	78	1
665	665	5	1098560	3195	1333570	713432403	17206008	2811	24	333	27	0	1	3	2799	1	160	152	1	1	7	2811	333	7	3151	24	20	44	1
666	666	6	1591784	4281	1964507	715024187	17210289	3443	22	789	27	0	1	3	3431	1	301	467	1	1	6	3443	789	7	4239	22	20	42	1
667	667	7	2239326	60707	4049231	717263513	17270996	4769	505	55406	27	0	1	3	4757	1	15808	39576	1	1	294	4769	55406	7	60182	505	20	525	1
668	668	8	1587818	6534	2306154	718851331	17277530	3437	30	3040	27	0	1	3	3425	1	857	2162	1	1	10	3437	3040	7	6484	30	20	50	1
669	669	9	1102324	3960	1588669	719953655	17281490	2822	26	1085	27	0	1	3	2810	1	857	207	1	1	8	2822	1085	7	3914	26	20	46	1
670	670	10	1257028	3595	1804008	721210683	17285085	3100	22	446	27	0	1	3	3088	1	129	296	1	1	6	3100	446	7	3553	22	20	42	1
671	671	11	1104566	3784	1527419	722315249	17288869	2583	36	1138	27	0	1	3	2571	1	324	793	1	1	13	2583	1138	7	3728	36	20	56	1
672	672	12	1305128	6579	1889917	723620377	17295448	3282	48	3222	27	0	1	3	3270	1	896	2305	1	1	19	3282	3222	7	6511	48	20	68	1
673	673	13	1334678	10453	1996316	724955055	17305901	3365	62	6999	27	0	1	3	3353	1	2048	4930	1	1	26	3365	6999	7	10371	62	20	82	1
674	674	14	1482217	4856	1944166	726437272	17310757	3044	54	1731	27	0	1	3	3032	1	540	1170	1	1	22	3044	1731	7	4782	54	20	74	1
675	675	15	1067317	3359	1467520	727504589	17314116	2419	26	887	27	0	1	3	2407	1	271	595	1	1	8	2419	887	7	3313	26	20	46	1
676	676	16	2148131	15692	3330657	729652720	17329808	4808	149	10708	27	0	1	3	4796	1	6502	4185	1	1	69	4808	10708	7	15523	149	20	169	1
677	677	17	1456734	24895	2962629	731109454	17354703	3656	261	20951	27	0	1	3	3644	1	7712	13218	1	1	135	3656	20951	7	24614	261	20	281	1
678	678	18	1944167	28783	5727850	733053621	17383486	4441	306	24009	27	0	1	3	4429	1	6335	17652	1	1	155	4441	24009	7	28457	306	20	326	1
679	679	19	1275060	5243	1929847	734328681	17388729	3153	32	2031	27	0	1	3	3141	1	590	1420	1	1	11	3153	2031	7	5191	32	20	52	1
680	680	20	658225	3153	1107822	734986906	17391882	1850	38	1238	27	0	1	3	1838	1	461	756	1	1	14	1850	1238	7	3095	38	20	58	1
681	681	21	1315464	6712	1801397	736302370	17398594	3341	50	3294	27	0	1	3	3329	1	913	2360	1	1	20	3341	3294	7	6642	50	20	70	1
682	682	22	1067085	2714	1820628	737369455	17401308	2422	16	249	27	0	1	3	2410	1	77	152	1	1	3	2422	249	7	2678	16	20	36	1
683	683	23	1707493	6485	2278424	739076948	17407793	3820	40	2598	27	0	1	3	3808	1	693	1884	1	1	15	3820	2598	7	6425	40	20	60	1
684	684	24	1312724	8166	1753727	740389672	17415959	3354	64	4721	27	0	1	3	3342	1	1351	3349	1	1	27	3354	4721	7	8082	64	20	84	1
685	685	25	1318821	8274	2402194	741708493	17424233	3312	48	4887	27	0	1	3	3300	1	1354	3512	1	1	19	3312	4887	7	8206	48	20	68	1
686	686	26	1153874	8584	1712108	742862367	17432817	3242	350	4965	27	0	1	331	2901	78	1485	3382	1	1	192	3242	4965	7	8214	350	20	370	1
687	687	27	1105846	4374	1466050	743968213	17437191	2935	93	1319	27	0	1	56	2870	101	541	657	1	1	44	2935	1319	7	4261	93	20	113	1
688	688	28	1351618	1782	1696859	745319831	17438973	509	70	1176	27	0	1	93	407	142	239	774	1	1	30	509	1176	7	1692	70	20	90	1
689	689	29	1169843	1181	1169092	746489674	17440154	337	58	759	27	0	1	73	255	189	203	346	1	1	24	337	759	7	1103	58	20	78	1
690	690	0	731129	3318	1123162	747220803	17443472	1881	46	1364	27	0	1	39	1833	221	488	634	1	1	18	1881	1364	7	3252	46	20	66	1
691	691	1	1421045	34053	3865503	748641848	17477525	849	587	32590	27	0	1	484	355	325	10069	22174	1	1	352	849	32590	7	33446	587	20	607	1
692	692	2	1117514	2145	1662078	749759362	17479670	163	138	1817	27	0	1	153	1	342	368	1086	1	1	64	163	1817	7	1987	138	20	158	1
693	693	3	1491409	4062	1598389	751250771	17483732	824	216	2995	27	0	1	283	531	358	714	1902	1	1	117	824	2995	7	3826	216	20	236	1
694	694	4	1778132	7338	2703631	753028903	17491070	1317	463	5531	27	0	1	502	805	391	2245	2874	1	1	272	1317	5531	7	6855	463	20	483	1
695	695	5	1907973	23470	4172731	754936876	17514540	6330	2092	15021	27	0	1	2461	3859	404	5683	8913	1	1	1275	6330	15021	7	21358	2092	20	2112	1
696	696	6	1178394	6637	2244654	756115270	17521177	313	184	6113	27	0	1	126	178	414	1410	4268	1	1	92	313	6113	7	6433	184	20	204	1
697	697	7	1363679	10496	2083646	757478949	17531673	1707	1299	7463	27	0	1	1572	126	454	2688	4300	1	1	812	1707	7463	7	9177	1299	20	1319	1
698	698	8	1473896	8778	2659511	758952845	17540451	1313	559	6879	27	0	1	620	683	523	1980	4355	1	1	333	1313	6879	7	8199	559	20	579	1
699	699	9	2178204	65311	10110580	761131049	17605762	8293	3812	53179	27	0	1	3931	4352	533	18435	34188	1	1	2222	8293	53179	7	61479	3812	20	3832	1
700	700	10	1678831	6024	2563682	762809880	17611786	1158	211	4628	27	0	1	242	906	540	1185	2882	1	1	111	1158	4628	7	5793	211	20	231	1
701	701	11	2236448	22693	6987461	765046328	17634479	3120	1411	18135	27	0	1	1490	1620	568	5572	11974	1	1	862	3120	18135	7	21262	1411	20	1431	1
702	702	12	2171642	55335	7014791	767217970	17689814	2406	1110	51792	27	0	1	579	1817	580	11921	39269	1	1	665	2406	51792	7	54205	1110	20	1130	1
703	703	13	1127282	5502	1727488	768345252	17695316	3123	183	2169	27	0	1	205	2908	590	471	1087	1	1	89	3123	2169	7	5299	183	20	203	1
704	704	14	1309187	15597	2845770	769654439	17710913	4017	967	10586	27	0	1	1034	2973	598	3542	6425	1	1	595	4017	10586	7	14610	967	20	987	1
705	705	15	2320297	25144	6855623	771974736	17736057	6060	1065	17992	27	0	1	1166	4884	634	6387	10950	1	1	644	6060	17992	7	24059	1065	20	1085	1
706	706	16	1502123	12120	2697851	773476859	17748177	4153	464	7476	27	0	1	488	3655	647	2293	4515	1	1	245	4153	7476	7	11636	464	20	484	1
707	707	17	1924714	16258	3203817	775401573	17764435	4581	245	11405	27	0	1	104	4468	674	3131	7579	1	1	110	4581	11405	7	15993	245	20	265	1
708	708	18	1118492	6568	2252265	776520065	17771003	3056	227	3258	27	0	1	169	2877	689	878	1670	1	1	98	3056	3258	7	6321	227	20	247	1
709	709	19	1660696	13733	3651495	778180761	17784736	4076	640	8990	27	0	1	520	3546	701	2890	5378	1	1	318	4076	8990	7	13073	640	20	660	1
710	710	20	1208282	11711	2508443	779389043	17796447	3747	953	6984	27	0	1	875	2862	705	2138	4120	1	1	494	3747	6984	7	10738	953	20	973	1
711	711	21	1745622	13433	2771760	781134665	17809880	4085	386	8935	27	0	1	316	3759	709	2681	5524	1	1	174	4085	8935	7	13027	386	20	406	1
712	712	22	1124361	6067	1978757	782259026	17815947	3072	227	2741	27	0	1	185	2877	729	755	1236	1	1	99	3072	2741	7	5820	227	20	247	1
713	713	23	1315470	9934	2526582	783574496	17825881	3371	216	6320	27	0	1	129	3232	741	1656	3902	1	1	91	3371	6320	7	9698	216	20	236	1
714	714	24	1914486	71583	10854034	785488982	17897464	6364	3164	62028	27	0	1	2536	3818	746	20506	40753	1	1	1609	6364	62028	7	68399	3164	20	3184	1
715	715	25	1380395	17263	3366457	786869377	17914727	4788	1813	10635	27	0	1	1728	3050	752	3883	5979	1	1	938	4788	10635	7	15430	1813	20	1833	1
716	716	26	1964085	19731	6151877	788833462	17934458	4844	596	14264	27	0	1	375	4459	739	4022	9482	1	1	284	4844	14264	7	19115	596	20	616	1
717	717	27	1143944	2748	1837587	789977406	17937206	130	124	2467	27	0	1	110	12	728	246	1472	1	1	45	130	2467	7	2604	124	20	144	1
718	718	28	1222548	5136	1917567	791199954	17942342	558	504	4047	27	0	1	487	62	711	1083	2232	1	1	252	558	4047	7	4612	504	20	524	1
719	719	29	2089483	17729	4062571	793289437	17960071	2264	1043	14395	27	0	1	896	1358	673	4017	9684	1	1	534	2264	14395	7	16666	1043	20	1063	1
720	720	0	1270963	6391	2052976	794560400	17966462	3251	92	3021	27	0	1	97	3145	673	607	1720	1	1	30	3251	3021	7	6279	92	20	112	1
721	721	1	1222063	4056	1917647	795782463	17970518	243	145	3641	27	0	1	91	143	596	805	2219	1	1	53	243	3641	7	3891	145	20	165	1
722	722	2	1517343	10295	2700602	797299806	17980813	1321	1247	7700	27	0	1	1258	54	594	2536	4549	1	1	650	1321	7700	7	9028	1247	20	1267	1
723	723	3	1140094	4672	2526262	798439900	17985485	385	396	3864	27	0	1	375	1	595	1000	2248	1	1	190	385	3864	7	4256	396	20	416	1
724	724	4	2052941	9545	2346024	800492841	17995030	1824	465	7229	27	0	1	304	1510	585	4151	2472	1	1	219	1824	7229	7	9060	465	20	485	1
725	725	5	1222607	9205	1683938	801715448	18004235	1149	933	7096	27	0	1	984	155	585	2204	4286	1	1	478	1149	7096	7	8252	933	20	953	1
726	726	6	1312854	17077	3020879	803028302	18021312	4200	1050	11800	27	0	1	1050	3140	589	4209	6981	1	1	533	4200	11800	7	16007	1050	20	1070	1
727	727	7	1293762	16174	3207368	804322064	18037486	4574	1769	9804	27	0	1	1658	2906	553	3650	5580	1	1	913	4574	9804	7	14385	1769	20	1789	1
728	728	8	1151507	5397	1831597	805473571	18042883	3154	139	2077	27	0	1	141	3003	498	656	902	1	1	57	3154	2077	7	5238	139	20	159	1
729	729	9	1653226	7184	2337783	807126797	18050067	1025	467	5665	27	0	1	422	593	498	1567	3579	1	1	224	1025	5665	7	6697	467	20	487	1
730	730	10	1184481	7596	1603498	808311278	18057663	702	652	6215	27	0	1	655	38	502	1915	3777	1	1	336	702	6215	7	6924	652	20	672	1
731	731	11	1611667	19807	4138031	809922945	18077470	1860	1152	16768	27	0	1	961	889	497	5110	11140	1	1	590	1860	16768	7	18635	1152	20	1172	1
732	732	12	8626	699	547506	809931571	18078169	96	22	554	27	0	1	16	72	507	27	1	1	1	4	96	554	7	657	22	20	42	1
733	733	13	2496563	35285	8161003	812428134	18113454	3994	2436	28828	27	0	1	2220	1764	533	9477	18796	1	1	1249	3994	28828	7	32829	2436	20	2456	1
734	734	14	2284592	37315	9456594	814712726	18150769	2975	1587	32726	27	0	1	1430	1535	526	9677	22501	1	1	820	2975	32726	7	35708	1587	20	1607	1
735	735	15	1252167	9806	2501383	815964893	18160575	962	873	7944	27	0	1	851	102	498	2086	5339	1	1	452	962	7944	7	8913	873	20	893	1
736	736	16	1506128	20620	3449226	817471021	18181195	3183	2611	14799	27	0	1	2762	411	490	5338	8950	1	1	1345	3183	14799	7	17989	2611	20	2631	1
737	737	17	1258827	3889	3155138	818729848	18185084	518	258	3086	27	0	1	264	244	450	719	1896	1	1	120	518	3086	7	3611	258	20	278	1
738	738	18	1109042	1504	2967909	819838890	18186588	93	90	1294	27	0	1	84	1	456	181	636	1	1	28	93	1294	7	1394	90	20	110	1
739	739	19	1123405	2631	2778251	820962295	18189219	218	218	2168	27	0	1	208	1	458	480	1209	1	1	94	218	2168	7	2393	218	20	238	1
740	740	20	1387850	9644	3599075	822350145	18198863	3913	654	5050	27	0	1	632	3271	459	1372	3198	1	1	332	3913	5050	7	8970	654	20	674	1
741	741	21	1160114	5517	2228335	823510259	18204380	3080	188	2222	27	0	1	165	2905	466	734	1001	1	1	79	3080	2222	7	5309	188	20	208	1
742	742	22	1115092	5081	2088975	824625351	18209461	3000	134	1920	27	0	1	125	2866	458	338	1103	1	1	53	3000	1920	7	4927	134	20	154	1
743	743	23	1190349	5824	1868387	825815700	18215285	3155	218	2424	27	0	1	211	2934	465	516	1422	1	1	91	3155	2424	7	5586	218	20	238	1
744	744	24	1217444	18091	2673831	827033144	18233376	3359	436	14269	27	0	1	430	2919	483	2772	10993	1	1	215	3359	14269	7	17635	436	20	456	1
745	745	25	1144880	3481	2481953	828178024	18236857	329	320	2805	27	0	1	298	22	481	678	1625	1	1	145	329	2805	7	3141	320	20	340	1
746	746	26	1134545	3675	2009306	829312569	18240532	284	294	3070	27	0	1	274	1	481	746	1822	1	1	130	284	3070	7	3361	294	20	314	1
747	747	27	1502247	11391	3381637	830814816	18251923	1449	929	8986	27	0	1	875	564	484	2727	5754	1	1	474	1449	8986	7	10442	929	20	949	1
748	748	28	1109452	1491	2370264	831924268	18253414	93	84	1287	27	0	1	84	1	480	207	579	1	1	28	93	1287	7	1387	84	20	104	1
749	749	29	214310	1205	449446	832138578	18254619	465	34	679	27	0	1	3	453	458	145	56	1	1	12	465	679	7	1151	34	20	54	1
750	750	0	858997	4692	1304611	832997575	18259311	2053	58	2554	27	0	1	3	2041	444	1030	1059	1	1	24	2053	2554	7	4614	58	20	78	1
751	751	1	221150	2978	493827	833218725	18262289	511	46	2394	27	0	1	3	499	430	557	1386	1	1	18	511	2394	7	2912	46	20	66	1
752	752	2	919338	4931	916774	834138063	18267220	2492	58	2354	27	0	1	3	2480	424	844	1065	1	1	24	2492	2354	7	4853	58	20	78	1
753	753	3	1813167	15611	3250308	835951230	18282831	3602	199	11783	27	0	1	3	3590	416	7067	4279	1	1	94	3602	11783	7	15392	199	20	219	1
754	754	4	1343775	4486	1793737	837295005	18287317	3402	28	1029	27	0	1	3	3390	375	411	222	1	1	9	3402	1029	7	4438	28	20	48	1
755	755	5	840989	3916	1100732	838135994	18291233	2433	20	1436	27	0	1	3	2421	366	293	756	1	1	5	2433	1436	7	3876	20	20	40	1
756	756	6	1361166	9075	1733848	839497160	18300308	3358	82	5608	27	0	1	3	3346	354	2322	2911	1	1	36	3358	5608	7	8973	82	20	102	1
757	757	7	1065261	3474	1078432	840562421	18303782	2447	38	962	27	0	1	3	2435	345	504	93	1	1	14	2447	962	7	3416	38	20	58	1
758	758	8	1155706	5193	1422660	841718127	18308975	2945	70	2151	27	0	1	3	2933	334	650	1146	1	1	30	2945	2151	7	5103	70	20	90	1
759	759	9	1254613	6179	1444030	842972740	18315154	3112	94	2946	27	0	1	3	3100	324	849	1752	1	1	42	3112	2946	7	6065	94	20	114	1
760	760	10	2213805	84861	7799146	845186545	18400015	4997	849	78988	27	0	1	116	4872	361	23635	54969	1	1	482	4997	78988	7	83992	849	20	869	1
761	761	11	630003	2636	1076692	845816548	18402651	1781	40	788	27	0	1	3	1769	349	168	250	1	1	15	1781	788	7	2576	40	20	60	1
762	762	12	1446429	6635	1966657	847262977	18409286	3351	42	3215	27	0	1	3	3339	327	740	2127	1	1	16	3351	3215	7	6573	42	20	62	1
763	763	13	1543572	5549	1643659	848806549	18414835	3431	68	2023	27	0	1	3	3419	280	827	895	1	1	29	3431	2023	7	5461	68	20	88	1
764	764	14	210007	1260	603376	849016556	18416095	453	30	750	27	0	1	3	441	276	169	284	1	1	10	453	750	7	1210	30	20	50	1
765	765	15	1341834	27060	2778110	850358390	18443155	3344	268	23421	27	0	1	3	3332	266	6128	17005	1	1	142	3344	23421	7	26772	268	20	288	1
766	766	16	11192	1119	287408	850369582	18444274	148	20	924	27	0	1	3	136	259	207	437	1	1	5	148	924	7	1079	20	20	40	1
767	767	17	746326	3246	1053743	851115908	18447520	1962	46	1211	27	0	1	3	1950	251	334	605	1	1	18	1962	1211	7	3180	46	20	66	1
768	768	18	802893	3104	861814	851918801	18450624	2309	24	744	27	0	1	3	2297	241	167	315	1	1	7	2309	744	7	3060	24	20	44	1
769	769	19	102214	821	348287	852021015	18451445	240	26	528	27	0	1	3	228	231	120	157	1	1	8	240	528	7	775	26	20	46	1
770	770	20	1150341	6209	1379260	853171356	18457654	2907	60	3215	27	0	1	3	2895	222	850	2122	1	1	25	2907	3215	7	6129	60	20	80	1
771	771	21	1697061	40673	4222090	854868417	18498327	3992	425	36229	27	0	1	3	3980	210	11310	24687	1	1	235	3992	36229	7	40228	425	20	445	1
772	772	22	811031	3217	1186742	855679448	18501544	2362	42	786	27	0	1	3	2350	205	368	192	1	1	16	2362	786	7	3155	42	20	62	1
773	773	23	846319	4432	1065873	856525767	18505976	2502	48	1855	27	0	1	3	2490	196	481	1157	1	1	19	2502	1855	7	4364	48	20	68	1
774	774	24	851146	2325	1129942	857376913	18508301	2009	18	271	27	0	1	3	1997	178	38	36	1	1	4	2009	271	7	2287	18	20	38	1
775	775	25	724853	2189	824574	858101766	18510490	1840	18	304	27	0	1	3	1828	166	42	77	1	1	4	1840	304	7	2151	18	20	38	1
776	776	26	1144269	3850	1469180	859246035	18514340	2866	40	917	27	0	1	3	2854	153	259	484	1	1	15	2866	917	7	3790	40	20	60	1
777	777	27	622239	2061	943254	859868274	18516401	1718	22	294	27	0	1	3	1706	143	59	73	1	1	6	1718	294	7	2019	22	20	42	1
778	778	28	1273377	4787	1542119	861141651	18521188	3157	40	1563	27	0	1	3	3145	84	636	823	1	1	15	3157	1563	7	4727	40	20	60	1
779	779	29	650986	2068	724945	861792637	18523256	1802	18	221	27	0	1	3	1790	84	42	77	1	1	4	1802	221	7	2030	18	20	38	1
780	780	0	354545	1108	523946	862147182	18524364	663	30	388	27	0	1	3	651	84	124	161	1	1	10	663	388	7	1058	30	20	50	1
781	781	1	1298030	17601	1992586	863445212	18541965	3303	210	14061	27	0	1	32	3262	84	4387	9570	1	1	95	3303	14061	7	17371	210	20	230	1
782	782	2	1240270	3117	1389420	864685482	18545082	2566	32	492	27	0	1	3	2554	84	178	210	1	1	11	2566	492	7	3065	32	20	52	1
783	783	3	1705459	9431	1880627	866390941	18554513	3715	50	5639	27	0	1	3	3703	84	1912	3623	1	1	20	3715	5639	7	9361	50	20	70	1
784	784	4	1619994	5418	1601429	868010935	18559931	3737	90	1564	27	0	1	3	3725	84	1283	177	1	1	40	3737	1564	7	5308	90	20	110	1
785	785	5	1113360	13611	1643469	869124295	18573542	2923	187	10474	27	0	1	3	2911	84	2641	7729	1	1	93	2923	10474	7	13404	187	20	207	1
786	786	6	17188	796	262399	869141483	18574338	186	34	549	27	0	1	3	174	84	325	121	1	1	12	186	549	7	742	34	20	54	1
787	787	7	803111	2843	865384	869944594	18577181	2331	52	433	27	0	1	3	2319	84	160	169	1	1	21	2331	433	7	2771	52	20	72	1
788	788	8	898645	12962	1679548	870843239	18590143	2568	164	10203	27	0	1	3	2556	84	3276	6823	1	1	79	2568	10203	7	12778	164	20	184	1
789	789	9	1082936	3288	1142702	871926175	18593431	2786	18	457	27	0	1	3	2774	84	85	269	1	1	4	2786	457	7	3250	18	20	38	1
790	790	10	810229	2816	886804	872736404	18596247	2351	48	390	27	0	1	3	2339	1	194	175	1	1	19	2351	390	7	2748	48	20	68	1
791	791	11	763024	2843	1120022	873499428	18599090	1949	34	833	27	0	1	3	1937	1	236	576	1	1	12	1949	833	7	2789	34	20	54	1
792	792	12	5297	502	364308	873504725	18599592	127	38	310	27	0	1	3	116	1	153	136	1	1	14	127	310	7	444	38	20	58	1
793	793	13	921806	3743	1026872	874426531	18603335	2549	44	1123	27	0	1	3	2537	1	364	738	1	1	17	2549	1123	7	3679	44	20	64	1
794	794	14	1507436	17604	2729791	875933967	18620939	3627	346	13604	27	0	1	3	3615	1	3426	10157	1	1	185	3627	13604	7	17238	346	20	366	1
795	795	15	610513	1873	893444	876544480	18622812	1415	24	407	27	0	1	3	1403	1	141	245	1	1	7	1415	407	7	1829	24	20	44	1
796	796	16	58777	904	283798	876603257	18623716	446	36	395	27	0	1	3	434	1	295	80	1	1	13	446	395	7	848	36	20	56	1
797	797	17	915518	4164	1266092	877518775	18627880	2671	44	1422	27	0	1	3	2659	1	435	966	1	1	17	2671	1422	7	4100	44	20	64	1
798	798	18	1425503	5611	1338301	878944278	18633491	3644	46	1894	27	0	1	3	3632	1	637	1236	1	1	18	3644	1894	7	5545	46	20	66	1
799	799	19	1084107	3427	1358040	880028385	18636918	2785	32	583	27	0	1	3	2773	1	341	221	1	1	11	2785	583	7	3375	32	20	52	1
800	800	20	622851	2005	671756	880651236	18638923	1728	28	222	27	0	1	3	1716	1	103	100	1	1	9	1728	222	7	1957	28	20	48	1
801	801	21	1127345	4040	1353560	881778581	18642963	2673	40	1300	27	0	1	3	2661	1	381	898	1	1	15	2673	1300	7	3980	40	20	60	1
802	802	22	1539901	4033	1934636	883318482	18646996	3603	34	369	27	0	1	3	3591	1	145	203	1	1	12	3603	369	7	3979	34	20	54	1
803	803	23	650285	2276	712945	883968767	18649272	1778	31	440	27	0	1	6	1763	1	174	245	1	1	10	1778	440	7	2225	31	20	51	1
804	804	24	904019	4694	1227661	884872786	18653966	2676	54	1937	27	0	1	3	2664	1	659	1257	1	1	22	2676	1937	7	4620	54	20	74	1
805	805	25	820648	2846	923203	885693434	18656812	2067	44	708	27	0	1	3	2055	1	318	369	1	1	17	2067	708	7	2782	44	20	64	1
806	806	26	578728	1580	748595	886272162	18658392	1277	26	250	27	0	1	3	1265	1	101	129	1	1	8	1277	250	7	1534	26	20	46	1
807	807	27	11130	1134	430617	886283292	18659526	148	24	935	27	0	1	3	136	1	287	627	1	1	7	148	935	7	1090	24	20	44	1
808	808	28	1499149	6287	1810997	887782441	18665813	3555	116	2589	27	0	1	3	3543	1	969	1599	1	1	53	3555	2589	7	6151	116	20	136	1
809	809	29	1435923	23693	2198885	889218364	18689506	3600	252	19814	27	0	1	3	3588	1	6867	12926	1	1	129	3600	19814	7	23421	252	20	272	1
810	810	0	1456269	5451	1846617	890674633	18694957	2886	64	2474	27	0	1	3	2874	1	796	1657	1	1	27	2886	2474	7	5367	64	20	84	1
811	811	1	1237036	4517	1354261	891911669	18699474	3101	75	1314	27	0	1	47	3045	1	478	815	1	1	29	3101	1314	7	4422	75	20	95	1
812	812	2	1851920	22941	4023632	893763589	18722415	4216	300	18398	27	0	1	21	4186	1	5612	12765	1	1	138	4216	18398	7	22621	300	20	320	1
813	813	3	664725	2654	812424	894428314	18725069	1889	32	706	27	0	1	3	1877	1	206	479	1	1	11	1889	706	7	2602	32	20	52	1
814	814	4	355364	915	459947	894783678	18725984	664	24	200	27	0	1	3	652	1	179	1	1	1	7	664	200	7	871	24	20	44	1
815	815	5	827991	2768	1085852	895611669	18728752	2378	22	341	27	0	1	3	2366	1	103	218	1	1	6	2378	341	7	2726	22	20	42	1
816	816	6	371917	1298	514917	895983586	18730050	758	36	477	27	0	1	3	746	1	170	286	1	1	13	758	477	7	1242	36	20	56	1
817	817	7	840636	2872	871574	896824222	18732922	2407	40	398	27	0	1	3	2395	1	147	230	1	1	15	2407	398	7	2812	40	20	60	1
818	818	8	940358	4145	1177511	897764580	18737067	2580	28	1510	27	0	1	3	2568	1	377	1112	1	1	9	2580	1510	7	4097	28	20	48	1
819	819	9	1421405	4490	1567169	899185985	18741557	3202	36	1225	27	0	1	3	3190	1	753	451	1	1	13	3202	1225	7	4434	36	20	56	1
820	820	10	1140109	3979	1117932	900326094	18745536	2932	44	976	27	0	1	3	2920	1	309	646	1	1	17	2932	976	7	3915	44	20	64	1
821	821	11	759822	2620	1082893	901085916	18748156	1957	34	602	27	0	1	3	1945	1	209	372	1	1	12	1957	602	7	2566	34	20	54	1
822	822	12	1645089	6561	2022186	902731005	18754717	3638	66	2830	27	0	1	3	3626	1	705	2104	1	1	28	3638	2830	7	6475	66	20	86	1
823	823	13	1445789	6085	1840837	904176794	18760802	3323	56	2679	27	0	1	3	3311	1	790	1868	1	1	23	3323	2679	7	6009	56	20	76	1
824	824	14	810229	2654	1033933	904987023	18763456	2343	20	264	27	0	1	3	2331	1	81	163	1	1	5	2343	264	7	2614	20	20	40	1
825	825	15	1342192	4558	1647128	906329215	18768014	2982	74	1475	27	0	1	3	2970	1	613	841	1	1	32	2982	1475	7	4464	74	20	94	1
826	826	16	768484	4269	883014	907097699	18772283	1978	32	2232	27	0	1	3	1966	1	811	1400	1	1	11	1978	2232	7	4217	32	20	52	1
827	827	17	1437020	7065	1753648	908534719	18779348	3242	72	3555	27	169	1	3	3230	1	1136	2398	1	1	31	3242	3555	7	6804	72	20	92	1
828	828	18	102624	688	368687	908637343	18780036	251	36	205	27	169	1	3	239	1	115	71	1	1	13	251	205	7	463	36	20	56	1
829	829	19	943068	3615	1175272	909580411	18783651	2612	22	785	27	169	1	3	2600	1	177	587	1	1	6	2612	785	7	3404	22	20	42	1
830	830	20	1225492	7718	1322751	910805903	18791369	3145	52	4325	27	169	1	3	3133	1	1462	2842	1	1	21	3145	4325	7	7477	52	20	72	1
831	831	21	1589878	7065	1803967	912395781	18798434	3452	46	3371	27	169	1	3	3440	1	977	2373	1	1	18	3452	3371	7	6830	46	20	66	1
832	832	22	1096125	3232	1449190	913491906	18801666	2801	18	217	27	169	1	3	2789	1	69	128	1	1	4	2801	217	7	3025	18	20	38	1
833	833	23	1097655	3706	1395390	914589561	18805372	2802	22	686	27	169	1	3	2790	1	205	460	1	1	6	2802	686	7	3495	22	20	42	1
834	834	24	2060575	69919	7631367	916650136	18875291	4613	817	64293	27	169	1	3	4601	1	14799	49472	1	1	492	4613	64293	7	68913	817	20	837	1
835	835	25	1098560	4130	1086963	917748696	18879421	2811	30	1093	27	169	1	3	2799	1	277	795	1	1	10	2811	1093	7	3911	30	20	50	1
836	836	26	1591784	7082	1720938	919340480	18886503	3443	38	3405	27	169	1	3	3431	1	1027	2357	1	1	14	3443	3405	7	6855	38	20	58	1
837	837	27	2239326	45446	7368058	921579806	18931949	4769	365	40116	27	169	1	3	4757	1	10877	29217	1	1	207	4769	40116	7	44892	365	20	385	1
838	838	28	1587818	6725	1888197	923167624	18938674	3437	30	3062	27	169	1	3	3425	1	856	2185	1	1	10	3437	3062	7	6506	30	20	50	1
839	839	29	1102324	3657	1428881	924269948	18942331	2822	24	615	27	169	1	3	2810	1	387	207	1	1	7	2822	615	7	3444	24	20	44	1
840	840	0	1257028	3764	1290131	925526976	18946095	3100	22	446	27	169	1	3	3088	1	129	296	1	1	6	3100	446	7	3553	22	20	42	1
841	841	1	1104566	4954	1298420	926631542	18951049	2583	54	2121	27	169	1	3	2571	1	657	1443	1	1	22	2583	2121	7	4711	54	20	74	1
842	842	2	1305128	6288	1767507	927936670	18957337	3282	42	2768	27	169	1	3	3270	1	749	1998	1	1	16	3282	2768	7	6057	42	20	62	1
843	843	3	1334678	10182	2199265	929271348	18967519	3365	56	6565	27	169	1	3	3353	1	1830	4714	1	1	23	3365	6565	7	9937	56	20	76	1
844	844	4	1482217	3946	1587179	930753565	18971465	3044	60	646	27	169	1	3	3032	1	625	1	1	1	25	3044	646	7	3697	60	20	80	1
845	845	5	1067317	3175	1004653	931820882	18974640	2419	18	542	27	169	1	3	2407	1	137	384	1	1	4	2419	542	7	2968	18	20	38	1
846	846	6	2148131	30293	3918232	933969013	19004933	4808	338	24951	27	169	1	3	4796	1	6858	18071	1	1	174	4808	24951	7	29766	338	20	358	1
847	847	7	1456734	11630	1752948	935425747	19016563	3656	201	7577	27	169	1	3	3644	1	2601	4955	1	1	95	3656	7577	7	11240	201	20	221	1
848	848	8	1944167	15590	2628152	937369914	19032153	4441	159	10794	27	169	1	3	4429	1	3155	7618	1	1	74	4441	10794	7	15242	159	20	179	1
849	849	9	1275060	7395	1915307	938644974	19039548	3153	56	3990	27	169	1	3	3141	1	1148	2821	1	1	23	3153	3990	7	7150	56	20	76	1
850	850	10	658225	2495	760254	939303199	19042043	1850	20	429	27	169	1	3	1838	1	113	296	1	1	5	1850	429	7	2286	20	20	40	1
851	851	11	1315464	7910	1824357	940618663	19049953	3341	56	4317	27	169	1	3	3329	1	1191	3105	1	1	23	3341	4317	7	7665	56	20	76	1
852	852	12	1067085	2883	1326570	941685748	19052836	2422	16	249	27	169	1	3	2410	1	77	152	1	1	3	2422	249	7	2678	16	20	36	1
853	853	13	1707493	6600	2113236	943393241	19059436	3820	40	2544	27	169	1	3	3808	1	690	1833	1	1	15	3820	2544	7	6371	40	20	60	1
854	854	14	1312724	5774	1640718	944705965	19065210	3354	38	2186	27	169	1	3	3342	1	558	1607	1	1	14	3354	2186	7	5547	38	20	58	1
855	855	15	1318821	8728	2303654	946024786	19073938	3312	52	5168	27	169	1	3	3300	1	1406	3741	1	1	21	3312	5168	7	8487	52	20	72	1
856	856	16	1227449	4205	1489590	947252235	19078143	269	169	3571	27	169	1	117	143	81	894	2576	1	1	71	269	3571	7	3847	169	20	189	1
