tu	pass	project	env	raw	cumulative_raw	p29_cum_wire	grz2_cum_wire	fastintern_cum_wire	zstd3_cum_wire	pred_cum_wire	grz2_group_closes
0	1	catch2	linuxbrew	218940	218940	285724	NA	46469	31012	NA	0
1	1	catch2	linuxbrew	839310	1058250	317133	NA	195074	153455	NA	0
2	1	catch2	linuxbrew	224821	1283071	317594	NA	205648	185570	NA	0
3	1	catch2	linuxbrew	946492	2229563	332784	NA	297577	326906	NA	0
4	1	catch2	linuxbrew	1478533	3708096	361270	NA	465796	527367	NA	0
5	1	catch2	linuxbrew	108107	3816203	361608	NA	470466	543812	NA	0
6	1	catch2	linuxbrew	1161485	4977688	366750	NA	540730	718909	NA	0
7	1	catch2	linuxbrew	1693224	6670912	368078	NA	617942	960733	NA	0
8	1	catch2	linuxbrew	836419	7507331	368785	NA	656176	1087109	NA	0
9	1	catch2	linuxbrew	1271009	8778340	376673	NA	738416	1278899	NA	0
10	1	catch2	linuxbrew	1070628	9848968	379126	NA	790460	1434318	NA	0
11	1	catch2	linuxbrew	1321317	11170285	380030	NA	855600	1632416	NA	0
12	1	catch2	linuxbrew	1349763	12520048	381415	NA	927533	1836417	NA	0
13	1	catch2	linuxbrew	1231181	13751229	382122	NA	984943	2014265	NA	0
14	1	catch2	linuxbrew	1031195	14782424	382463	NA	1030882	2165361	NA	0
15	1	catch2	linuxbrew	1878381	16660805	393108	NA	1155850	2439712	NA	0
16	1	catch2	linuxbrew	1477695	18138500	398477	NA	1240815	2661774	NA	0
17	1	catch2	linuxbrew	1745312	19883812	399368	NA	1324111	2921771	NA	0
18	1	catch2	linuxbrew	1288012	21171824	400256	NA	1388037	3116205	NA	0
19	1	catch2	linuxbrew	620952	21792776	401005	NA	1416471	3206307	NA	0
20	1	catch2	linuxbrew	1330443	23123219	401525	NA	1479777	3406552	NA	0
21	1	catch2	linuxbrew	1031017	24154236	401697	NA	1525049	3557822	NA	0
22	1	catch2	linuxbrew	1513720	25667956	402277	NA	1596415	3781186	NA	0
23	1	catch2	linuxbrew	1328157	26996113	402811	NA	1659759	3980414	NA	0
24	1	catch2	linuxbrew	1334822	28330935	403424	NA	1724865	4180839	NA	0
25	1	catch2	linuxbrew	865445	29196380	403984	NA	1764539	4311870	NA	0
26	1	catch2	linuxbrew	831621	30028001	404221	NA	1800661	4433114	NA	0
27	1	catch2	linuxbrew	699449	30727450	404521	NA	1831940	4536118	NA	0
28	1	catch2	linuxbrew	1155199	31882649	404942	NA	1884876	4710471	NA	0
29	1	catch2	linuxbrew	588663	32471312	405327	NA	1910109	4795927	NA	0
30	1	catch2	linuxbrew	1289018	33760330	405836	NA	1971738	4990756	NA	0
31	1	catch2	linuxbrew	613915	34374245	406015	NA	1997860	5079571	NA	0
32	1	catch2	linuxbrew	443380	34817625	406254	NA	2016932	5143892	NA	0
33	1	catch2	linuxbrew	1353748	36171373	406709	NA	2078910	5341464	NA	0
34	1	catch2	linuxbrew	861195	37032568	407092	NA	2119134	5472049	NA	0
35	1	catch2	linuxbrew	1378402	38410970	410851	NA	2195211	5679776	NA	0
36	1	catch2	linuxbrew	1028063	39439033	411200	NA	2240601	5830379	NA	0
37	1	catch2	linuxbrew	1182778	40621811	411967	NA	2296675	6009700	NA	0
38	1	catch2	linuxbrew	1268083	41889894	413056	NA	2357699	6200310	NA	0
39	1	catch2	linuxbrew	1994146	43884040	425881	NA	2493732	6497723	NA	0
40	1	catch2	linuxbrew	597972	44482012	426202	NA	2519685	6584446	NA	0
41	1	catch2	linuxbrew	1176860	45658872	426707	NA	2576916	6760466	NA	0
42	1	catch2	linuxbrew	1276189	46935061	427082	NA	2636312	6949550	NA	0
43	1	catch2	linuxbrew	214732	47149793	427379	NA	2644699	6979596	NA	0
44	1	catch2	linuxbrew	1292263	48442056	427996	NA	2708235	7175231	NA	0
45	1	catch2	linuxbrew	12371	48454427	428284	NA	2709417	7177642	NA	0
46	1	catch2	linuxbrew	725223	49179650	428627	NA	2742257	7285167	NA	0
47	1	catch2	linuxbrew	827582	50007232	428944	NA	2780399	7410447	NA	0
48	1	catch2	linuxbrew	1169309	51176541	430673	NA	2840407	7588114	NA	0
49	1	catch2	linuxbrew	913922	52090463	431043	NA	2880867	7718854	NA	0
50	1	catch2	linuxbrew	1516024	53606487	431649	NA	2956272	7943136	NA	0
51	1	catch2	linuxbrew	1630020	55236507	432148	NA	3037946	8188341	NA	0
52	1	catch2	linuxbrew	1109298	56345805	435125	NA	3097617	8357459	NA	0
53	1	catch2	linuxbrew	19981	56365786	435472	NA	3098631	8360918	NA	0
54	1	catch2	linuxbrew	827611	57193397	435845	NA	3136555	8486058	NA	0
55	1	catch2	linuxbrew	927662	58121059	436244	NA	3179370	8625492	NA	0
56	1	catch2	linuxbrew	1106279	59227338	436457	NA	3229517	8790487	NA	0
57	1	catch2	linuxbrew	835924	60063262	436704	NA	3267553	8916779	NA	0
58	1	catch2	linuxbrew	728564	60791826	437112	NA	3300528	9024062	NA	0
59	1	catch2	linuxbrew	5794	60797620	437332	NA	3300957	9025299	NA	0
60	1	catch2	linuxbrew	954387	61752007	437653	NA	3345660	9170940	NA	0
61	1	catch2	linuxbrew	1098019	62850026	440394	NA	3402532	9335459	NA	0
62	1	catch2	linuxbrew	596522	63446548	440844	NA	3425632	9415218	NA	0
63	1	catch2	linuxbrew	52790	63499338	441316	NA	3428038	9423973	NA	0
64	1	catch2	linuxbrew	943913	64443251	441824	NA	3472371	9566007	NA	0
65	1	catch2	linuxbrew	1350987	65794238	442369	NA	3534363	9761286	NA	0
66	1	catch2	linuxbrew	1107213	66901451	442790	NA	3584374	9926422	NA	0
67	1	catch2	linuxbrew	589196	67490647	443011	NA	3609625	10011981	NA	0
68	1	catch2	linuxbrew	1092685	68583332	443447	NA	3658910	10172197	NA	0
69	1	catch2	linuxbrew	613981	69197313	443770	NA	3685342	10261181	NA	0
70	1	catch2	linuxbrew	926397	70123710	444305	NA	3729273	10400102	NA	0
71	1	catch2	linuxbrew	794095	70917805	444820	NA	3764388	10514980	NA	0
72	1	catch2	linuxbrew	579343	71497148	445055	NA	3786452	10592034	NA	0
73	1	catch2	linuxbrew	12411	71509559	445303	NA	3787670	10594633	NA	0
74	1	catch2	linuxbrew	1519234	73028793	445714	NA	3854200	10808698	NA	0
75	1	catch2	linuxbrew	1456187	74484980	447014	NA	3922976	11028902	NA	0
76	1	catch2	linuxbrew	1208479	75693459	447463	NA	3977926	11202039	NA	0
77	1	catch2	linuxbrew	1073615	76767074	447820	NA	4028298	11364290	NA	0
78	1	catch2	linuxbrew	1568926	78336000	449375	NA	4106773	11598612	NA	0
79	1	catch2	linuxbrew	627068	78963068	449844	NA	4134452	11690031	NA	0
80	1	catch2	linuxbrew	444307	79407375	450028	NA	4153716	11754556	NA	0
81	1	catch2	linuxbrew	848805	80256180	450257	NA	4192362	11882199	NA	0
82	1	catch2	linuxbrew	465156	80721336	450575	NA	4212431	11950200	NA	0
83	1	catch2	linuxbrew	867283	81588619	450900	NA	4252081	12080035	NA	0
84	1	catch2	linuxbrew	969156	82557775	451267	NA	4298256	12227838	NA	0
85	1	catch2	linuxbrew	1042271	83600046	451506	NA	4345735	12380964	NA	0
86	1	catch2	linuxbrew	1152327	84752373	451970	NA	4400108	12555563	NA	0
87	1	catch2	linuxbrew	730731	85483104	452210	NA	4432961	12663545	NA	0
88	1	catch2	linuxbrew	1391470	86874574	452811	NA	4498699	12869342	NA	0
89	1	catch2	linuxbrew	1175854	88050428	453424	NA	4555564	13045112	NA	0
90	1	catch2	linuxbrew	835848	88886276	453612	NA	4593578	13171397	NA	0
91	1	catch2	linuxbrew	1067724	89954000	454540	NA	4644238	13329719	NA	0
92	1	catch2	linuxbrew	739481	90693481	455261	NA	4679200	13439371	NA	0
93	1	catch2	linuxbrew	1165645	91859126	455916	NA	4735915	13612510	NA	0
94	1	catch2	linuxbrew	108349	91967475	456188	NA	4740403	13628944	NA	0
95	1	catch2	linuxbrew	971136	92938611	456439	NA	4785964	13776978	NA	0
96	1	catch2	linuxbrew	1173028	94111639	457019	NA	4844528	13956283	NA	0
97	1	catch2	linuxbrew	1119238	95230877	457413	NA	4894833	14124333	NA	0
98	1	catch2	linuxbrew	1335797	96566674	458628	NA	4960308	14320689	NA	0
99	1	catch2	linuxbrew	1120744	97687418	458896	NA	5011160	14489040	NA	0
100	1	catch2	linuxbrew	1775801	99463219	459633	NA	5093772	14747053	NA	0
101	1	catch2	linuxbrew	1121529	100584748	459899	NA	5144758	14915686	NA	0
102	1	catch2	linuxbrew	1337846	101922594	460310	NA	5205359	15111997	NA	0
103	1	catch2	linuxbrew	1987090	103909684	469424	NA	5346268	15417351	NA	0
104	1	catch2	linuxbrew	1333916	105243600	469624	NA	5406524	15613417	NA	0
105	1	catch2	linuxbrew	1124428	106368028	470405	NA	5457330	15782491	NA	0
106	1	catch2	linuxbrew	1547421	107915449	470651	NA	5528623	16013359	NA	0
107	1	catch2	linuxbrew	1355940	109271389	471704	NA	5590930	16212998	NA	0
108	1	catch2	linuxbrew	1355940	110627329	471756	NA	5651522	16412637	NA	0
109	1	catch2	linuxbrew	1035704	111663033	472029	NA	5697150	16564660	NA	0
110	1	catch2	linuxbrew	1125141	112788174	472201	NA	5747652	16734150	NA	0
111	1	catch2	linuxbrew	1283446	114071620	472808	365344	5808757	16927847	NA	1
112	1	catch2	linuxbrew	1433392	115505012	611058	365344	5885425	17142294	NA	0
113	1	catch2	linuxbrew	1138200	116643212	611754	365344	5937558	17312889	NA	0
114	1	catch2	linuxbrew	1493977	118137189	614890	365344	6007291	17533619	NA	0
115	1	catch2	linuxbrew	1880441	120017630	623679	365344	6096419	17791437	NA	0
116	1	catch2	linuxbrew	1576352	121593982	626063	365344	6168430	18018966	NA	0
117	1	catch2	linuxbrew	1202307	122796289	626635	365344	6223949	18199221	NA	0
118	1	catch2	linuxbrew	1344242	124140531	631079	365344	6283745	18386206	NA	0
119	1	catch2	linuxbrew	1470009	125610540	633412	365344	6348460	18594792	NA	0
120	1	catch2	linuxbrew	2107003	127717543	646009	365344	6447116	18864598	NA	0
121	1	catch2	linuxbrew	1686462	129404005	647288	365344	6520242	19102470	NA	0
122	1	catch2	linuxbrew	2010517	131414522	653385	365344	6613342	19378908	NA	0
123	1	catch2	linuxbrew	1931511	133346033	655745	365344	6699917	19658850	NA	0
124	1	catch2	linuxbrew	1145780	134491813	656582	365344	6752322	19830128	NA	0
125	1	catch2	linuxbrew	1304151	135795964	660239	365344	6811191	20016428	NA	0
126	1	catch2	linuxbrew	2296557	138092521	670884	365344	6950445	20337324	NA	0
127	1	catch2	linuxbrew	1517831	139610352	673195	365344	7021151	20560418	NA	0
128	1	catch2	linuxbrew	1547665	141158017	674572	365344	7093978	20786683	NA	0
129	1	catch2	linuxbrew	1145042	142303059	675423	365344	7146455	20958158	NA	0
130	1	catch2	linuxbrew	1885117	144188176	682735	365344	7229809	21212540	NA	0
131	1	catch2	linuxbrew	1330364	145518540	683356	365344	7291545	21412842	NA	0
132	1	catch2	linuxbrew	1385255	146903795	689612	365344	7354660	21601800	NA	0
133	1	catch2	linuxbrew	1881298	148785093	690168	365344	7439159	21876002	NA	0
134	1	catch2	linuxbrew	1138926	149924019	690898	365344	7491169	22046686	NA	0
135	1	catch2	linuxbrew	1215710	151139729	693849	365344	7549110	22221299	NA	0
136	1	catch2	linuxbrew	1387527	152527256	695627	365344	7613513	22421276	NA	0
137	1	catch2	linuxbrew	1855886	154383142	698679	365344	7693846	22683744	NA	0
138	1	catch2	linuxbrew	1165421	155548563	699195	365344	7746304	22854882	NA	0
139	1	catch2	linuxbrew	1733417	157281980	700924	365344	7823201	23105698	NA	0
140	1	catch2	linuxbrew	1225826	158507806	702767	365344	7880696	23286247	NA	0
141	1	catch2	linuxbrew	705639	159213445	702999	365344	7912139	23390805	NA	0
142	1	catch2	linuxbrew	1215758	160429203	704089	365344	7970752	23574398	NA	0
143	1	catch2	linuxbrew	1506988	161936191	707965	365344	8036027	23783480	NA	0
144	1	catch2	linuxbrew	1157094	163093285	709493	365344	8090524	23955771	NA	0
145	1	catch2	linuxbrew	1840563	164933848	710982	365344	8172241	24223034	NA	0
146	1	catch2	linuxbrew	1213194	166147042	712914	365344	8229931	24399364	NA	0
147	1	catch2	linuxbrew	1325239	167472281	717190	365344	8291754	24590005	NA	0
148	1	catch2	linuxbrew	1295839	168768120	722756	365344	8351122	24766853	NA	0
149	1	catch2	linuxbrew	1174445	169942565	723386	365344	8405139	24941859	NA	0
150	1	catch2	linuxbrew	1384161	171326726	725355	365344	8469868	25141910	NA	0
151	1	catch2	linuxbrew	1197510	172524236	728042	365344	8526673	25317498	NA	0
152	1	catch2	linuxbrew	1593452	174117688	731687	365344	8597684	25545539	NA	0
153	1	catch2	linuxbrew	1273525	175391213	735553	365344	8657150	25726943	NA	0
154	1	catch2	linuxbrew	1473707	176864920	743222	365344	8726605	25924597	NA	0
155	1	catch2	linuxbrew	1270167	178135087	744497	365344	8785558	26113082	NA	0
156	1	catch2	linuxbrew	1130347	179265434	744901	365344	8836958	26283173	NA	0
157	1	catch2	linuxbrew	1143748	180409182	745823	365344	8889561	26453996	NA	0
158	1	catch2	linuxbrew	1397914	181807096	748328	365344	8955647	26656041	NA	0
159	1	catch2	linuxbrew	1181952	182989048	749133	365344	9009576	26831681	NA	0
160	1	catch2	linuxbrew	1136367	184125415	749765	365344	9061621	27002183	NA	0
161	1	catch2	linuxbrew	1200017	185325432	750719	365344	9117295	27181323	NA	0
162	1	catch2	linuxbrew	1234451	186559883	754326	365344	9184732	27363916	NA	0
163	1	catch2	linuxbrew	1165595	187725478	755610	365344	9238614	27536943	NA	0
164	1	catch2	linuxbrew	1155038	188880516	756929	365344	9292434	27708509	NA	0
165	1	catch2	linuxbrew	1498958	190379474	760483	365344	9362229	27927076	NA	0
166	1	catch2	linuxbrew	1130830	191510304	760892	365344	9413527	28097126	NA	0
167	1	catch2	linuxbrew	2005942	193516246	768414	365344	9509283	28366757	NA	0
168	1	catch2	linuxbrew	11534	193527780	768584	365344	9509713	28368600	NA	0
169	1	catch2	linuxbrew	2497794	196025574	777859	365344	9624689	28706863	NA	0
170	1	catch2	linuxbrew	1132270	197157844	778371	365344	9676292	28877095	NA	0
171	1	catch2	linuxbrew	1126204	198284048	778622	365344	9727116	29046820	NA	0
172	1	catch2	linuxbrew	1132378	199416426	779115	365344	9778406	29216993	NA	0
173	1	catch2	linuxbrew	1192675	200609101	779447	365344	9833044	29396116	NA	0
174	1	catch2	linuxbrew	218940	200828041	779497	365344	9840940	29427128	NA	0
175	1	catch2	linuxbrew	839310	201667351	779548	365344	9877117	29549571	NA	0
176	1	catch2	linuxbrew	224821	201892172	779599	365344	9885281	29581686	NA	0
177	1	catch2	linuxbrew	946492	202838664	779650	365344	9927089	29723022	NA	0
178	1	catch2	linuxbrew	1478533	204317197	779701	365344	9987996	29923483	NA	0
179	1	catch2	linuxbrew	108107	204425304	779752	365344	9992228	29939928	NA	0
180	1	catch2	linuxbrew	1161485	205586789	779803	365344	10045238	30115025	NA	0
181	1	catch2	linuxbrew	1693224	207280013	779854	365344	10119006	30356849	NA	0
182	1	catch2	linuxbrew	836419	208116432	779905	365344	10156757	30483225	NA	0
183	1	catch2	linuxbrew	1271009	209387441	779956	365344	10214929	30675015	NA	0
184	1	catch2	linuxbrew	1070628	210458069	780007	365344	10261217	30830434	NA	0
185	1	catch2	linuxbrew	1321317	211779386	780058	365344	10321234	31028532	NA	0
186	1	catch2	linuxbrew	1349763	213129149	780109	365344	10382952	31232533	NA	0
187	1	catch2	linuxbrew	1231181	214360330	780161	365344	10436608	31410381	NA	0
188	1	catch2	linuxbrew	1031195	215391525	780213	365344	10481540	31561477	NA	0
189	1	catch2	linuxbrew	1878381	217269906	780265	365344	10566880	31835828	NA	0
190	1	catch2	linuxbrew	1477695	218747601	780317	365344	10635017	32057890	NA	0
191	1	catch2	linuxbrew	1745312	220492913	780369	365344	10715525	32317887	NA	0
192	1	catch2	linuxbrew	1288012	221780925	780421	365344	10774475	32512321	NA	0
193	1	catch2	linuxbrew	620952	222401877	780473	365344	10800714	32602423	NA	0
194	1	catch2	linuxbrew	1330443	223732320	780525	365344	10861287	32802668	NA	0
195	1	catch2	linuxbrew	1031017	224763337	780577	365344	10906270	32953938	NA	0
196	1	catch2	linuxbrew	1513720	226277057	780629	365344	10974817	33177302	NA	0
197	1	catch2	linuxbrew	1328157	227605214	780681	365344	11035178	33376530	NA	0
198	1	catch2	linuxbrew	1334822	228940036	780733	365344	11095877	33576955	NA	0
199	1	catch2	linuxbrew	865470	229805506	780842	365344	11135257	33707989	NA	0
200	1	catch2	linuxbrew	831621	230637127	780894	365344	11171233	33829233	NA	0
201	1	catch2	linuxbrew	699449	231336576	780946	365344	11201981	33932237	NA	0
202	1	catch2	linuxbrew	1155199	232491775	780998	365344	11254148	34106590	NA	0
203	1	catch2	linuxbrew	588663	233080438	781050	365344	11279146	34192046	NA	0
204	1	catch2	linuxbrew	1289018	234369456	781102	365344	11338238	34386875	NA	0
205	1	catch2	linuxbrew	613915	234983371	781154	365344	11364165	34475690	NA	0
206	1	catch2	linuxbrew	443380	235426751	781206	365344	11382843	34540011	NA	0
207	1	catch2	linuxbrew	1353748	236780499	781258	365344	11442796	34737583	NA	0
208	1	catch2	linuxbrew	861195	237641694	781310	365344	11481708	34868168	NA	0
209	1	catch2	linuxbrew	1378402	239020096	781362	365344	11545279	35075895	NA	0
210	1	catch2	linuxbrew	1028063	240048159	781414	365344	11590343	35226498	NA	0
211	1	catch2	linuxbrew	1182803	241230962	781897	365344	11644626	35405816	NA	0
212	1	catch2	linuxbrew	1268083	242499045	781949	365344	11702447	35596426	NA	0
213	1	catch2	linuxbrew	1994171	244493216	782407	365344	11791197	35893836	NA	0
214	1	catch2	linuxbrew	597972	245091188	782459	365344	11816678	35980559	NA	0
215	1	catch2	linuxbrew	1176860	246268048	782511	365344	11870450	36156579	NA	0
216	1	catch2	linuxbrew	1276189	247544237	782563	365344	11928242	36345663	NA	0
217	1	catch2	linuxbrew	214732	247758969	782615	365344	11936037	36375709	NA	0
218	1	catch2	linuxbrew	1292263	249051232	782667	365344	11996438	36571344	NA	0
219	1	catch2	linuxbrew	12371	249063603	782718	365344	11996955	36573755	NA	0
220	1	catch2	linuxbrew	725223	249788826	782770	365344	12028931	36681280	NA	0
221	1	catch2	linuxbrew	827582	250616408	782822	365344	12066464	36806560	NA	0
222	1	catch2	linuxbrew	1169309	251785717	782874	365344	12119304	36984227	NA	0
223	1	catch2	linuxbrew	913922	252699639	782926	548803	12159224	37114967	NA	1
224	1	catch2	linuxbrew	1516024	254215663	790196	548803	12228904	37339249	NA	0
225	1	catch2	linuxbrew	1630020	255845683	790248	548803	12304078	37584454	NA	0
226	1	catch2	linuxbrew	1109348	256955031	790619	548803	12355017	37753570	NA	0
227	1	catch2	linuxbrew	19981	256975012	790671	548803	12355773	37757029	NA	0
228	1	catch2	linuxbrew	827611	257802623	790723	548803	12393285	37882169	NA	0
229	1	catch2	linuxbrew	927662	258730285	790775	548803	12435462	38021603	NA	0
230	1	catch2	linuxbrew	1106279	259836564	790827	548803	12485155	38186598	NA	0
231	1	catch2	linuxbrew	835924	260672488	790879	548803	12522902	38312890	NA	0
232	1	catch2	linuxbrew	728564	261401052	790931	548803	12554864	38420173	NA	0
233	1	catch2	linuxbrew	5794	261406846	790982	548803	12555054	38421410	NA	0
234	1	catch2	linuxbrew	954387	262361233	791034	548803	12598887	38567051	NA	0
235	1	catch2	linuxbrew	1098019	263459252	791086	548803	12648957	38731570	NA	0
236	1	catch2	linuxbrew	596522	264055774	791138	548803	12671393	38811329	NA	0
237	1	catch2	linuxbrew	52790	264108564	791190	548803	12673456	38820084	NA	0
238	1	catch2	linuxbrew	943913	265052477	791242	548803	12716137	38962118	NA	0
239	1	catch2	linuxbrew	1350987	266403464	791294	548803	12775867	39157397	NA	0
240	1	catch2	linuxbrew	1107213	267510677	791346	548803	12825439	39322533	NA	0
241	1	catch2	linuxbrew	589196	268099873	791398	548803	12850396	39408092	NA	0
242	1	catch2	linuxbrew	1092685	269192558	791450	548803	12898122	39568308	NA	0
243	1	catch2	linuxbrew	613981	269806539	791502	548803	12924105	39657292	NA	0
244	1	catch2	linuxbrew	926397	270732936	791554	548803	12965885	39796213	NA	0
245	1	catch2	linuxbrew	794095	271527031	791606	548803	13000196	39911091	NA	0
246	1	catch2	linuxbrew	579343	272106374	791658	548803	13021949	39988145	NA	0
247	1	catch2	linuxbrew	12411	272118785	791709	548803	13022468	39990744	NA	0
248	1	catch2	linuxbrew	1519234	273638019	791761	548803	13088365	40204809	NA	0
249	1	catch2	linuxbrew	1456187	275094206	791813	548803	13155503	40425013	NA	0
250	1	catch2	linuxbrew	1208479	276302685	791865	548803	13208229	40598150	NA	0
251	1	catch2	linuxbrew	1073615	277376300	791917	548803	13257653	40760401	NA	0
252	1	catch2	linuxbrew	1568976	278945276	792929	548803	13329668	40994720	NA	0
253	1	catch2	linuxbrew	627068	279572344	792981	548803	13356390	41086139	NA	0
254	1	catch2	linuxbrew	444307	280016651	793033	548803	13375181	41150664	NA	0
255	1	catch2	linuxbrew	848805	280865456	793085	548803	13413405	41278307	NA	0
256	1	catch2	linuxbrew	465156	281330612	793137	548803	13433107	41346308	NA	0
257	1	catch2	linuxbrew	867210	282197822	793234	548803	13472391	41476113	NA	0
258	1	catch2	linuxbrew	969156	283166978	793286	548803	13516725	41623916	NA	0
259	1	catch2	linuxbrew	1042271	284209249	793338	548803	13563425	41777042	NA	0
260	1	catch2	linuxbrew	1152327	285361576	793390	548803	13616672	41951641	NA	0
261	1	catch2	linuxbrew	730731	286092307	793442	548803	13648810	42059623	NA	0
262	1	catch2	linuxbrew	1391495	287483802	793978	548803	13712230	42265414	NA	0
263	1	catch2	linuxbrew	1175929	288659731	794769	548803	13766428	42441180	NA	0
264	1	catch2	linuxbrew	835848	289495579	794821	548803	13804201	42567465	NA	0
265	1	catch2	linuxbrew	1067724	290563303	794873	548803	13852360	42725787	NA	0
266	1	catch2	linuxbrew	739481	291302784	794925	548803	13884930	42835439	NA	0
267	1	catch2	linuxbrew	1165645	292468429	794977	548803	13937879	43008578	NA	0
268	1	catch2	linuxbrew	108349	292576778	795029	548803	13942108	43025012	NA	0
269	1	catch2	linuxbrew	971161	293547939	795256	548803	13987066	43173048	NA	0
270	1	catch2	linuxbrew	1173078	294721017	796207	548803	14042483	43352353	NA	0
271	1	catch2	linuxbrew	1119238	295840255	796259	548803	14092505	43520403	NA	0
272	1	catch2	linuxbrew	1335797	297176052	796311	548803	14152272	43716759	NA	0
273	1	catch2	linuxbrew	1120744	298296796	796363	548803	14202373	43885110	NA	0
274	1	catch2	linuxbrew	1775826	300072622	797009	548803	14281925	44143121	NA	0
275	1	catch2	linuxbrew	1121529	301194151	797061	548803	14332057	44311754	NA	0
276	1	catch2	linuxbrew	1337846	302531997	797113	548803	14391835	44508065	NA	0
277	1	catch2	linuxbrew	1987090	304519087	797165	548803	14483571	44813419	NA	0
278	1	catch2	linuxbrew	1333916	305853003	797217	548803	14543270	45009485	NA	0
279	1	catch2	linuxbrew	1124428	306977431	797269	548803	14593679	45178559	NA	0
280	1	catch2	linuxbrew	1547421	308524852	797321	548803	14664687	45409427	NA	0
281	1	catch2	linuxbrew	1144289	309669141	798227	548803	14716954	45580110	NA	0
282	1	catch2	linuxbrew	1139091	310808232	799047	548803	14768666	45750688	NA	0
283	1	catch2	linuxbrew	1130309	311938541	799476	548803	14820549	45921125	NA	0
284	1	catch2	linuxbrew	1217365	313155906	800013	548803	14876755	46104944	NA	0
285	1	catch2	linuxbrew	1144701	314300607	801046	548803	14929100	46275804	NA	0
286	1	catch2	linuxbrew	1385387	315685994	802403	548803	14995887	46483090	NA	0
287	1	catch2	linuxbrew	1547220	317233214	802633	548803	15067395	46714044	NA	0
288	1	catch2	linuxbrew	1731159	318964373	803327	548803	15143314	46961038	NA	0
289	1	catch2	linuxbrew	1275760	320240133	803742	548803	15202091	47153053	NA	0
290	1	catch2	linuxbrew	1195057	321435190	804125	548803	15256988	47333615	NA	0
291	1	catch2	linuxbrew	1494697	322929887	804476	548803	15323395	47554142	NA	0
292	1	catch2	linuxbrew	1494528	324424415	804837	548803	15389674	47774695	NA	0
293	1	catch2	linuxbrew	1169205	325593620	806135	548803	15444068	47948771	NA	0
294	1	catch2	linuxbrew	218940	325812560	806150	548803	15451964	47979783	NA	0
295	1	catch2	linuxbrew	839310	326651870	806165	548803	15488141	48102226	NA	0
296	1	catch2	linuxbrew	224821	326876691	806180	548803	15496305	48134341	NA	0
297	1	catch2	linuxbrew	946492	327823183	806195	548803	15538113	48275677	NA	0
298	1	catch2	linuxbrew	1478533	329301716	806210	548803	15599020	48476138	NA	0
299	1	catch2	linuxbrew	108107	329409823	806225	548803	15603252	48492583	NA	0
300	1	catch2	linuxbrew	1161485	330571308	806240	548803	15656262	48667680	NA	0
301	1	catch2	linuxbrew	1693224	332264532	806255	548803	15730030	48909504	NA	0
302	1	catch2	linuxbrew	836419	333100951	806270	548803	15767781	49035880	NA	0
303	1	catch2	linuxbrew	1271009	334371960	806285	548803	15825953	49227670	NA	0
304	1	catch2	linuxbrew	1070628	335442588	806300	548803	15872241	49383089	NA	0
305	1	catch2	linuxbrew	1321317	336763905	806315	548803	15932258	49581187	NA	0
306	1	catch2	linuxbrew	1349763	338113668	806330	548803	15993976	49785188	NA	0
307	1	catch2	linuxbrew	1231181	339344849	806345	548803	16047632	49963036	NA	0
308	1	catch2	linuxbrew	1031195	340376044	806360	548803	16092564	50114132	NA	0
309	1	catch2	linuxbrew	1878381	342254425	806375	548803	16177904	50388483	NA	0
310	1	catch2	linuxbrew	1477695	343732120	806390	548803	16246041	50610545	NA	0
311	1	catch2	linuxbrew	1745312	345477432	806405	548803	16326549	50870542	NA	0
312	1	catch2	linuxbrew	1288012	346765444	806420	548803	16385499	51064976	NA	0
313	1	catch2	linuxbrew	620952	347386396	806435	548803	16411738	51155078	NA	0
314	1	catch2	linuxbrew	1330443	348716839	806450	548803	16472311	51355323	NA	0
315	1	catch2	linuxbrew	1031017	349747856	806465	548803	16517294	51506593	NA	0
316	1	catch2	linuxbrew	1513720	351261576	806480	548803	16585841	51729957	NA	0
317	1	catch2	linuxbrew	1328157	352589733	806495	548803	16646202	51929185	NA	0
318	1	catch2	linuxbrew	1334822	353924555	806510	548803	16706901	52129610	NA	0
319	1	catch2	linuxbrew	865470	354790025	806562	548803	16745996	52260644	NA	0
320	1	catch2	linuxbrew	831621	355621646	806577	548803	16781972	52381888	NA	0
321	1	catch2	linuxbrew	699449	356321095	806592	548803	16812720	52484892	NA	0
322	1	catch2	linuxbrew	1155199	357476294	806607	548803	16864887	52659245	NA	0
323	1	catch2	linuxbrew	588663	358064957	806622	548803	16889885	52744701	NA	0
324	1	catch2	linuxbrew	1289018	359353975	806637	548803	16948977	52939530	NA	0
325	1	catch2	linuxbrew	613915	359967890	806652	548803	16974904	53028345	NA	0
326	1	catch2	linuxbrew	443380	360411270	806667	548803	16993582	53092666	NA	0
327	1	catch2	linuxbrew	1353748	361765018	806682	548803	17053535	53290238	NA	0
328	1	catch2	linuxbrew	861195	362626213	806697	548803	17092447	53420823	NA	0
329	1	catch2	linuxbrew	1378402	364004615	806712	548803	17156018	53628550	NA	0
330	1	catch2	linuxbrew	1028063	365032678	806727	548803	17201082	53779153	NA	0
331	1	catch2	linuxbrew	1182803	366215481	806779	548803	17255099	53958471	NA	0
332	1	catch2	linuxbrew	1268083	367483564	806794	548803	17312920	54149081	NA	0
333	1	catch2	linuxbrew	1994171	369477735	806846	548803	17401409	54446491	NA	0
334	1	catch2	linuxbrew	597972	370075707	806861	548803	17426890	54533214	NA	0
335	1	catch2	linuxbrew	1176860	371252567	806876	560083	17480662	54709234	NA	1
336	1	catch2	linuxbrew	1276189	372528756	808295	560083	17538454	54898318	NA	0
337	1	catch2	linuxbrew	214732	372743488	808310	560083	17546249	54928364	NA	0
338	1	catch2	linuxbrew	1292263	374035751	808325	560083	17606650	55123999	NA	0
339	1	catch2	linuxbrew	12371	374048122	808340	560083	17607167	55126410	NA	0
340	1	catch2	linuxbrew	725223	374773345	808355	560083	17639143	55233935	NA	0
341	1	catch2	linuxbrew	827582	375600927	808370	560083	17676676	55359215	NA	0
342	1	catch2	linuxbrew	1169309	376770236	808385	560083	17729516	55536882	NA	0
343	1	catch2	linuxbrew	913922	377684158	808400	560083	17769436	55667622	NA	0
344	1	catch2	linuxbrew	1516024	379200182	808415	560083	17839116	55891904	NA	0
345	1	catch2	linuxbrew	1630020	380830202	808430	560083	17914290	56137109	NA	0
346	1	catch2	linuxbrew	1109348	381939550	808482	560083	17964926	56306225	NA	0
347	1	catch2	linuxbrew	19981	381959531	808497	560083	17965682	56309684	NA	0
348	1	catch2	linuxbrew	827611	382787142	808512	560083	18003194	56434824	NA	0
349	1	catch2	linuxbrew	927662	383714804	808527	560083	18045371	56574258	NA	0
350	1	catch2	linuxbrew	1106279	384821083	808542	560083	18095064	56739253	NA	0
351	1	catch2	linuxbrew	835924	385657007	808557	560083	18132811	56865545	NA	0
352	1	catch2	linuxbrew	728564	386385571	808572	560083	18164773	56972828	NA	0
353	1	catch2	linuxbrew	5794	386391365	808587	560083	18164963	56974065	NA	0
354	1	catch2	linuxbrew	954387	387345752	808602	560083	18208796	57119706	NA	0
355	1	catch2	linuxbrew	1098019	388443771	808617	560083	18258866	57284225	NA	0
356	1	catch2	linuxbrew	596522	389040293	808632	560083	18281302	57363984	NA	0
357	1	catch2	linuxbrew	52790	389093083	808647	560083	18283365	57372739	NA	0
358	1	catch2	linuxbrew	943913	390036996	808662	560083	18326046	57514773	NA	0
359	1	catch2	linuxbrew	1350987	391387983	808677	560083	18385776	57710052	NA	0
360	1	catch2	linuxbrew	1107213	392495196	808692	560083	18435348	57875188	NA	0
361	1	catch2	linuxbrew	589196	393084392	808707	560083	18460305	57960747	NA	0
362	1	catch2	linuxbrew	1092685	394177077	808722	560083	18508031	58120963	NA	0
363	1	catch2	linuxbrew	613981	394791058	808737	560083	18534014	58209947	NA	0
364	1	catch2	linuxbrew	926397	395717455	808752	560083	18575794	58348868	NA	0
365	1	catch2	linuxbrew	794095	396511550	808767	560083	18610105	58463746	NA	0
366	1	catch2	linuxbrew	579343	397090893	808782	560083	18631858	58540800	NA	0
367	1	catch2	linuxbrew	12411	397103304	808797	560083	18632377	58543399	NA	0
368	1	catch2	linuxbrew	1519234	398622538	808812	560083	18698274	58757464	NA	0
369	1	catch2	linuxbrew	1456187	400078725	808827	560083	18765412	58977668	NA	0
370	1	catch2	linuxbrew	1208479	401287204	808842	560083	18818138	59150805	NA	0
371	1	catch2	linuxbrew	1073615	402360819	808857	560083	18867562	59313056	NA	0
372	1	catch2	linuxbrew	1568976	403929795	808909	560083	18939126	59547375	NA	0
373	1	catch2	linuxbrew	627068	404556863	808924	560083	18965848	59638794	NA	0
374	1	catch2	linuxbrew	444307	405001170	808939	560083	18984639	59703319	NA	0
375	1	catch2	linuxbrew	848805	405849975	808954	560083	19022863	59830962	NA	0
376	1	catch2	linuxbrew	465156	406315131	808969	560083	19042565	59898963	NA	0
377	1	catch2	linuxbrew	867283	407182414	809021	560083	19081763	60028798	NA	0
378	1	catch2	linuxbrew	969156	408151570	809036	560083	19126097	60176601	NA	0
379	1	catch2	linuxbrew	1042271	409193841	809051	560083	19172797	60329727	NA	0
380	1	catch2	linuxbrew	1152327	410346168	809066	560083	19226044	60504326	NA	0
381	1	catch2	linuxbrew	730731	411076899	809081	560083	19258182	60612308	NA	0
382	1	catch2	linuxbrew	1391495	412468394	809133	560083	19321330	60818099	NA	0
383	1	catch2	linuxbrew	1175929	413644323	809185	560083	19375190	60993865	NA	0
384	1	catch2	linuxbrew	835848	414480171	809200	560083	19412963	61120150	NA	0
385	1	catch2	linuxbrew	1067724	415547895	809215	560083	19461122	61278472	NA	0
386	1	catch2	linuxbrew	739481	416287376	809230	560083	19493692	61388124	NA	0
387	1	catch2	linuxbrew	1165645	417453021	809245	560083	19546641	61561263	NA	0
388	1	catch2	linuxbrew	108349	417561370	809260	560083	19550870	61577697	NA	0
389	1	catch2	linuxbrew	971161	418532531	809312	560083	19595579	61725733	NA	0
390	1	catch2	linuxbrew	1173078	419705609	809364	560083	19650704	61905038	NA	0
391	1	catch2	linuxbrew	1119238	420824847	809379	560083	19700726	62073088	NA	0
392	1	catch2	linuxbrew	1335797	422160644	809394	560083	19760493	62269444	NA	0
393	1	catch2	linuxbrew	1120744	423281388	809409	560083	19810594	62437795	NA	0
394	1	catch2	linuxbrew	1775826	425057214	809461	560083	19889857	62695806	NA	0
395	1	catch2	linuxbrew	1121529	426178743	809476	560083	19939989	62864439	NA	0
396	1	catch2	linuxbrew	1337846	427516589	809491	560083	19999767	63060750	NA	0
397	1	catch2	linuxbrew	1987090	429503679	809506	560083	20091503	63366104	NA	0
398	1	catch2	linuxbrew	1333916	430837595	809521	560083	20151202	63562170	NA	0
399	1	catch2	linuxbrew	1124428	431962023	809536	560083	20201611	63731244	NA	0
400	1	catch2	linuxbrew	1547421	433509444	809551	560083	20272619	63962112	NA	0
401	1	catch2	linuxbrew	1669807	435179251	809851	560083	20346337	64204153	NA	0
402	1	catch2	linuxbrew	1641304	436820555	821322	560083	20419951	64441744	NA	0
403	1	catch2	linuxbrew	218940	437039495	821392	560083	20427847	64472761	NA	0
404	1	catch2	linuxbrew	839561	437879056	821556	560083	20463971	64595091	NA	0
405	1	catch2	linuxbrew	224821	438103877	821619	560083	20472135	64627211	NA	0
406	1	catch2	linuxbrew	946392	439050269	821831	560083	20513967	64768328	NA	0
407	1	catch2	linuxbrew	1478856	440529125	821979	560083	20574848	64968626	NA	0
408	1	catch2	linuxbrew	108113	440637238	822048	560083	20579081	64985073	NA	0
409	1	catch2	linuxbrew	1162036	441799274	822179	560083	20632044	65160049	NA	0
410	1	catch2	linuxbrew	1693799	443493073	822274	560083	20705782	65401888	NA	0
411	1	catch2	linuxbrew	836319	444329392	822396	560083	20743497	65528083	NA	0
412	1	catch2	linuxbrew	1271599	445600991	825580	560083	20801651	65719780	NA	0
413	1	catch2	linuxbrew	1070927	446671918	825662	560083	20847882	65875194	NA	0
414	1	catch2	linuxbrew	1321907	447993825	825749	560083	20907832	66073160	NA	0
415	1	catch2	linuxbrew	1350353	449344178	825842	560083	20969479	66277147	NA	0
416	1	catch2	linuxbrew	1231528	450575706	825935	560083	21023055	66454751	NA	0
417	1	catch2	linuxbrew	1031494	451607200	826017	560083	21067928	66605730	NA	0
418	1	catch2	linuxbrew	1879065	453486265	829358	560083	21153244	66880183	NA	0
419	1	catch2	linuxbrew	1478710	454964975	832844	560083	21221307	67101935	NA	0
420	1	catch2	linuxbrew	1745972	456710947	832978	560083	21301685	67361860	NA	0
421	1	catch2	linuxbrew	1288602	457999549	833056	560083	21360546	67556214	NA	0
422	1	catch2	linuxbrew	620606	458620155	833252	560083	21386745	67646185	NA	0
423	1	catch2	linuxbrew	1331033	459951188	833345	560083	21447250	67846355	NA	0
424	1	catch2	linuxbrew	1031316	460982504	833412	560083	21492151	67997554	NA	0
425	1	catch2	linuxbrew	1514358	462496862	833502	560083	21560680	68220731	NA	0
426	1	catch2	linuxbrew	1328711	463825573	833591	560083	21620980	68419883	NA	0
427	1	catch2	linuxbrew	1335412	465160985	833676	560083	21681636	68620242	NA	0
428	1	catch2	linuxbrew	865370	466026355	833790	560083	21720687	68751112	NA	0
429	1	catch2	linuxbrew	831872	466858227	833883	560083	21756620	68872281	NA	0
430	1	catch2	linuxbrew	699700	467557927	833963	560083	21787331	68975185	NA	0
431	1	catch2	linuxbrew	1155750	468713677	834074	560083	21839459	69149444	NA	0
432	1	catch2	linuxbrew	588308	469301985	834143	560083	21864419	69234781	NA	0
433	1	catch2	linuxbrew	1289617	470591602	834239	560083	21923455	69429511	NA	0
434	1	catch2	linuxbrew	613560	471205162	834314	560083	21949334	69518200	NA	0
435	1	catch2	linuxbrew	443882	471649044	834383	560083	21968018	69582549	NA	0
436	1	catch2	linuxbrew	1354287	473003331	834518	560083	22027977	69780000	NA	0
437	1	catch2	linuxbrew	861131	473864462	834619	560083	22066841	69910353	NA	0
438	1	catch2	linuxbrew	1378955	475243417	836450	560083	22130313	70117816	NA	0
439	1	catch2	linuxbrew	1028362	476271779	836544	560083	22175281	70268360	NA	0
440	1	catch2	linuxbrew	1183774	477455553	836730	560083	22229238	70447764	NA	0
441	1	catch2	linuxbrew	1268671	478724224	837182	560083	22287358	70638295	NA	0
442	1	catch2	linuxbrew	1993569	480717793	840131	560083	22376089	70935377	NA	0
443	1	catch2	linuxbrew	597626	481315419	840266	560083	22401535	71022018	NA	0
444	1	catch2	linuxbrew	1177414	482492833	840363	560083	22455278	71197937	NA	0
445	1	catch2	linuxbrew	1276779	483769612	840461	560083	22513012	71386855	NA	0
446	1	catch2	linuxbrew	214732	483984344	840524	560083	22520807	71416906	NA	0
447	1	catch2	linuxbrew	1292827	485277171	840609	571744	22581170	71612431	NA	1
448	1	catch2	linuxbrew	12371	485289542	841602	571744	22581687	71614842	NA	0
449	1	catch2	linuxbrew	725314	486014856	841807	571744	22613789	71722229	NA	0
450	1	catch2	linuxbrew	827518	486842374	841882	571744	22651296	71847406	NA	0
451	1	catch2	linuxbrew	1169860	488012234	841975	571744	22704101	72024855	NA	0
452	1	catch2	linuxbrew	914221	488926455	842064	571744	22744000	72155471	NA	0
453	1	catch2	linuxbrew	1516539	490442994	842147	571744	22813633	72379585	NA	0
454	1	catch2	linuxbrew	1630613	492073607	842258	571744	22888807	72624695	NA	0
455	1	catch2	linuxbrew	1109854	493183461	842360	571744	22939370	72793823	NA	0
456	1	catch2	linuxbrew	19981	493203442	842422	571744	22940126	72797282	NA	0
457	1	catch2	linuxbrew	827547	494030989	842510	571744	22977578	72922242	NA	0
458	1	catch2	linuxbrew	927597	494958586	842615	571744	23019695	73061501	NA	0
459	1	catch2	linuxbrew	1106830	496065416	842689	571744	23069350	73226382	NA	0
460	1	catch2	linuxbrew	836015	496901431	842865	571744	23107362	73352626	NA	0
461	1	catch2	linuxbrew	728815	497630246	842950	571744	23139319	73459797	NA	0
462	1	catch2	linuxbrew	5794	497636040	843012	571744	23139509	73461034	NA	0
463	1	catch2	linuxbrew	954128	498590168	843195	571744	23183606	73606342	NA	0
464	1	catch2	linuxbrew	1097967	499688135	843289	571744	23233641	73770678	NA	0
465	1	catch2	linuxbrew	596546	500284681	843371	571744	23256077	73850442	NA	0
466	1	catch2	linuxbrew	52790	500337471	843434	571744	23258140	73859197	NA	0
467	1	catch2	linuxbrew	943812	501281283	843523	571744	23300771	74001124	NA	0
468	1	catch2	linuxbrew	1350928	502632211	843638	571744	23360487	74196228	NA	0
469	1	catch2	linuxbrew	1107764	503739975	843732	571744	23410050	74361265	NA	0
470	1	catch2	linuxbrew	588841	504328816	843806	571744	23434990	74446691	NA	0
471	1	catch2	linuxbrew	1092984	505421800	843909	571744	23482691	74606806	NA	0
472	1	catch2	linuxbrew	613626	506035426	843983	571744	23508656	74695663	NA	0
473	1	catch2	linuxbrew	926266	506961692	844068	571744	23550482	74834452	NA	0
474	1	catch2	linuxbrew	794316	507756008	844293	571744	23584762	74949153	NA	0
475	1	catch2	linuxbrew	579367	508335375	844362	571744	23606515	75026213	NA	0
476	1	catch2	linuxbrew	12411	508347786	844424	571744	23607034	75028812	NA	0
477	1	catch2	linuxbrew	1519764	509867550	844530	571744	23672959	75242698	NA	0
478	1	catch2	linuxbrew	1457166	511324716	844667	571744	23740026	75462773	NA	0
479	1	catch2	linuxbrew	1208826	512533542	844771	571744	23792721	75635810	NA	0
480	1	catch2	linuxbrew	1074126	513607668	844860	571744	23842133	75797873	NA	0
481	1	catch2	linuxbrew	1569565	515177233	845931	571744	23913656	76032034	NA	0
482	1	catch2	linuxbrew	626713	515803946	846013	571744	23940318	76123308	NA	0
483	1	catch2	linuxbrew	444809	516248755	846080	571744	23959095	76187879	NA	0
484	1	catch2	linuxbrew	848741	517097496	846147	571744	23997263	76315376	NA	0
485	1	catch2	linuxbrew	465391	517562887	846279	571744	24017068	76383310	NA	0
486	1	catch2	linuxbrew	867188	518430075	846364	571744	24056259	76512933	NA	0
487	1	catch2	linuxbrew	969698	519399773	846458	571744	24100543	76660624	NA	0
488	1	catch2	linuxbrew	1042255	520442028	846554	571744	24147233	76813541	NA	0
489	1	catch2	linuxbrew	1152881	521594909	846654	571744	24200397	76987960	NA	0
490	1	catch2	linuxbrew	730982	522325891	846728	571744	24232468	77095785	NA	0
491	1	catch2	linuxbrew	1392097	523717988	846874	571744	24295583	77301460	NA	0
492	1	catch2	linuxbrew	1176483	524894471	846981	571744	24349402	77477127	NA	0
493	1	catch2	linuxbrew	835924	525730395	847111	571744	24387363	77603364	NA	0
494	1	catch2	linuxbrew	1068263	526798658	847494	571744	24435475	77761515	NA	0
495	1	catch2	linuxbrew	739732	527538390	847568	571744	24467968	77871015	NA	0
496	1	catch2	linuxbrew	1166235	528704625	847668	571744	24520869	78044020	NA	0
497	1	catch2	linuxbrew	108355	528812980	847737	571744	24525098	78060455	NA	0
498	1	catch2	linuxbrew	971667	529784647	847835	571744	24569755	78208377	NA	0
499	1	catch2	linuxbrew	1173597	530958244	847925	571744	24624900	78387532	NA	0
500	1	catch2	linuxbrew	1119789	532078033	848007	571744	24674972	78555370	NA	0
501	1	catch2	linuxbrew	1336396	533414429	848100	571744	24734716	78751554	NA	0
502	1	catch2	linuxbrew	1121295	534535724	848169	571744	24784841	78919654	NA	0
503	1	catch2	linuxbrew	1776426	536312150	848301	571744	24864043	79177521	NA	0
504	1	catch2	linuxbrew	1122080	537434230	848375	571744	24914199	79345906	NA	0
505	1	catch2	linuxbrew	1338445	538772675	848452	571744	24973949	79542025	NA	0
506	1	catch2	linuxbrew	1988158	540760833	849155	571744	25065698	79847262	NA	0
507	1	catch2	linuxbrew	1334515	542095348	849222	571744	25125411	80043149	NA	0
508	1	catch2	linuxbrew	1124979	543220327	849304	571744	25175817	80212002	NA	0
509	1	catch2	linuxbrew	1547984	544768311	849386	571744	25246770	80442683	NA	0
510	1	catch2	linuxbrew	1177818	545946129	850124	571744	25300126	80617788	NA	0
511	1	catch2	linuxbrew	218940	546165069	850176	571744	25308022	80648805	NA	0
512	1	catch2	linuxbrew	839561	547004630	850228	571744	25344146	80771135	NA	0
513	1	catch2	linuxbrew	224821	547229451	850280	571744	25352310	80803255	NA	0
514	1	catch2	linuxbrew	946392	548175843	850332	571744	25394086	80944372	NA	0
515	1	catch2	linuxbrew	1478856	549654699	850384	571744	25454967	81144670	NA	0
516	1	catch2	linuxbrew	108113	549762812	850436	571744	25459200	81161117	NA	0
517	1	catch2	linuxbrew	1162036	550924848	850488	571744	25512163	81336093	NA	0
518	1	catch2	linuxbrew	1693799	552618647	850540	571744	25585901	81577932	NA	0
519	1	catch2	linuxbrew	836319	553454966	850592	571744	25623616	81704127	NA	0
520	1	catch2	linuxbrew	1271599	554726565	850644	571744	25681740	81895824	NA	0
521	1	catch2	linuxbrew	1070927	555797492	850696	571744	25727971	82051238	NA	0
522	1	catch2	linuxbrew	1321907	557119399	850748	571744	25787921	82249204	NA	0
523	1	catch2	linuxbrew	1350353	558469752	850800	571744	25849568	82453191	NA	0
524	1	catch2	linuxbrew	1231528	559701280	850852	571744	25903144	82630795	NA	0
525	1	catch2	linuxbrew	1031494	560732774	850904	571744	25948017	82781774	NA	0
526	1	catch2	linuxbrew	1879065	562611839	850956	571744	26033333	83056227	NA	0
527	1	catch2	linuxbrew	1478710	564090549	851008	571744	26101396	83277979	NA	0
528	1	catch2	linuxbrew	1745972	565836521	851060	571744	26181774	83537904	NA	0
529	1	catch2	linuxbrew	1288602	567125123	851112	571744	26240635	83732258	NA	0
530	1	catch2	linuxbrew	620606	567745729	851164	571744	26266809	83822229	NA	0
531	1	catch2	linuxbrew	1331033	569076762	851216	571744	26327314	84022399	NA	0
532	1	catch2	linuxbrew	1031316	570108078	851268	571744	26372215	84173598	NA	0
533	1	catch2	linuxbrew	1514358	571622436	851320	571744	26440744	84396775	NA	0
534	1	catch2	linuxbrew	1328711	572951147	851372	571744	26501044	84595927	NA	0
535	1	catch2	linuxbrew	1335412	574286559	851424	571744	26561700	84796286	NA	0
536	1	catch2	linuxbrew	865370	575151929	851476	571744	26600751	84927156	NA	0
537	1	catch2	linuxbrew	831872	575983801	851528	571744	26636684	85048325	NA	0
538	1	catch2	linuxbrew	699700	576683501	851580	571744	26667395	85151229	NA	0
539	1	catch2	linuxbrew	1155750	577839251	851632	571744	26719523	85325488	NA	0
540	1	catch2	linuxbrew	588308	578427559	851684	571744	26744483	85410825	NA	0
541	1	catch2	linuxbrew	1289617	579717176	851736	571744	26803519	85605555	NA	0
542	1	catch2	linuxbrew	613560	580330736	851788	571744	26829398	85694244	NA	0
543	1	catch2	linuxbrew	443882	580774618	851840	571744	26848082	85758593	NA	0
544	1	catch2	linuxbrew	1354287	582128905	851892	571744	26908041	85956044	NA	0
545	1	catch2	linuxbrew	861131	582990036	851944	571744	26946905	86086397	NA	0
546	1	catch2	linuxbrew	1378955	584368991	851996	571744	27010377	86293860	NA	0
547	1	catch2	linuxbrew	1028362	585397353	852048	571744	27055345	86444404	NA	0
548	1	catch2	linuxbrew	1183774	586581127	852100	571744	27109302	86623808	NA	0
549	1	catch2	linuxbrew	1268671	587849798	852152	571744	27167117	86814339	NA	0
550	1	catch2	linuxbrew	1993569	589843367	852204	571744	27255472	87111421	NA	0
551	1	catch2	linuxbrew	597626	590440993	852256	571744	27280893	87198062	NA	0
552	1	catch2	linuxbrew	1177414	591618407	852308	571744	27334636	87373981	NA	0
553	1	catch2	linuxbrew	1276779	592895186	852360	571744	27392370	87562899	NA	0
554	1	catch2	linuxbrew	214732	593109918	852412	571744	27400165	87592950	NA	0
555	1	catch2	linuxbrew	1292827	594402745	852464	571744	27460528	87788475	NA	0
556	1	catch2	linuxbrew	12371	594415116	852515	571744	27461045	87790886	NA	0
557	1	catch2	linuxbrew	725314	595140430	852567	571744	27492966	87898273	NA	0
558	1	catch2	linuxbrew	827518	595967948	852619	571744	27530473	88023450	NA	0
559	1	catch2	linuxbrew	1169860	597137808	852671	580269	27583278	88200899	NA	1
560	1	catch2	linuxbrew	914221	598052029	857615	580269	27623177	88331515	NA	0
561	1	catch2	linuxbrew	1516539	599568568	857667	580269	27692810	88555629	NA	0
562	1	catch2	linuxbrew	1630613	601199181	857719	580269	27767984	88800739	NA	0
563	1	catch2	linuxbrew	1109854	602309035	857771	580269	27818547	88969867	NA	0
564	1	catch2	linuxbrew	19981	602329016	857823	580269	27819303	88973326	NA	0
565	1	catch2	linuxbrew	827547	603156563	857875	580269	27856755	89098286	NA	0
566	1	catch2	linuxbrew	927597	604084160	857927	580269	27898872	89237545	NA	0
567	1	catch2	linuxbrew	1106830	605190990	857979	580269	27948527	89402426	NA	0
568	1	catch2	linuxbrew	835824	606026814	858035	580269	27986311	89528580	NA	0
569	1	catch2	linuxbrew	728815	606755629	858087	580269	28018268	89635751	NA	0
570	1	catch2	linuxbrew	5794	606761423	858138	580269	28018458	89636988	NA	0
571	1	catch2	linuxbrew	954128	607715551	858190	580269	28062195	89782296	NA	0
572	1	catch2	linuxbrew	1097967	608813518	858242	580269	28112230	89946632	NA	0
573	1	catch2	linuxbrew	596546	609410064	858294	580269	28134666	90026396	NA	0
574	1	catch2	linuxbrew	52790	609462854	858346	580269	28136729	90035151	NA	0
575	1	catch2	linuxbrew	943812	610406666	858398	580269	28179360	90177078	NA	0
576	1	catch2	linuxbrew	1350928	611757594	858450	580269	28239076	90372182	NA	0
577	1	catch2	linuxbrew	1107764	612865358	858502	580269	28288639	90537219	NA	0
578	1	catch2	linuxbrew	588841	613454199	858554	580269	28313579	90622645	NA	0
579	1	catch2	linuxbrew	1092984	614547183	858606	580269	28361280	90782760	NA	0
580	1	catch2	linuxbrew	613626	615160809	858658	580269	28387245	90871617	NA	0
581	1	catch2	linuxbrew	926266	616087075	858710	580269	28429071	91010406	NA	0
582	1	catch2	linuxbrew	794316	616881391	858762	580269	28463328	91125107	NA	0
583	1	catch2	linuxbrew	579367	617460758	858814	580269	28485081	91202167	NA	0
584	1	catch2	linuxbrew	12411	617473169	858865	580269	28485600	91204766	NA	0
585	1	catch2	linuxbrew	1519764	618992933	858917	580269	28551525	91418652	NA	0
586	1	catch2	linuxbrew	1457166	620450099	858969	580269	28618592	91638727	NA	0
587	1	catch2	linuxbrew	1208826	621658925	859021	580269	28671287	91811764	NA	0
588	1	catch2	linuxbrew	1074126	622733051	859073	580269	28720699	91973827	NA	0
589	1	catch2	linuxbrew	1569565	624302616	859125	580269	28792222	92207988	NA	0
590	1	catch2	linuxbrew	626713	624929329	859177	580269	28818884	92299262	NA	0
591	1	catch2	linuxbrew	444809	625374138	859229	580269	28837661	92363833	NA	0
592	1	catch2	linuxbrew	848741	626222879	859281	580269	28875829	92491330	NA	0
593	1	catch2	linuxbrew	465391	626688270	859333	580269	28895523	92559264	NA	0
594	1	catch2	linuxbrew	867188	627555458	859385	580269	28934714	92688887	NA	0
595	1	catch2	linuxbrew	969698	628525156	859437	580269	28978998	92836578	NA	0
596	1	catch2	linuxbrew	1042255	629567411	859489	580269	29025688	92989495	NA	0
597	1	catch2	linuxbrew	1152881	630720292	859541	580269	29078852	93163914	NA	0
598	1	catch2	linuxbrew	730982	631451274	859593	580269	29110923	93271739	NA	0
599	1	catch2	linuxbrew	1392097	632843371	859645	580269	29174038	93477414	NA	0
600	1	catch2	linuxbrew	1176483	634019854	859697	580269	29227857	93653081	NA	0
601	1	catch2	linuxbrew	835924	634855778	859749	580269	29265612	93779318	NA	0
602	1	catch2	linuxbrew	1068263	635924041	859801	580269	29313724	93937469	NA	0
603	1	catch2	linuxbrew	739732	636663773	859853	580269	29346217	94046969	NA	0
604	1	catch2	linuxbrew	1166235	637830008	859905	580269	29399118	94219974	NA	0
605	1	catch2	linuxbrew	108355	637938363	859957	580269	29403347	94236409	NA	0
606	1	catch2	linuxbrew	971667	638910030	860009	580269	29448004	94384331	NA	0
607	1	catch2	linuxbrew	1173597	640083627	860061	580269	29503149	94563486	NA	0
608	1	catch2	linuxbrew	1119789	641203416	860113	580269	29553221	94731324	NA	0
609	1	catch2	linuxbrew	1336396	642539812	860165	580269	29612965	94927508	NA	0
610	1	catch2	linuxbrew	1121295	643661107	860217	580269	29663090	95095608	NA	0
611	1	catch2	linuxbrew	1776426	645437533	860269	580269	29742292	95353475	NA	0
612	1	catch2	linuxbrew	1122080	646559613	860321	580269	29792448	95521860	NA	0
613	1	catch2	linuxbrew	1338445	647898058	860373	580269	29852198	95717979	NA	0
614	1	catch2	linuxbrew	1988158	649886216	860425	580269	29943915	96023216	NA	0
615	1	catch2	linuxbrew	1334515	651220731	860477	580269	30003628	96219103	NA	0
616	1	catch2	linuxbrew	1124979	652345710	860529	580269	30054034	96387956	NA	0
617	1	catch2	linuxbrew	1547984	653893694	860581	580269	30124987	96618637	NA	0
618	1	catch2	linuxbrew	1129541	655023235	860939	580269	30176204	96788595	NA	0
619	1	catch2	linuxbrew	1351989	656375224	861367	580269	30237409	96987819	NA	0
620	1	catch2	linuxbrew	1129435	657504659	861746	580269	30288612	97157919	NA	0
621	1	catch2	linuxbrew	1127566	658632225	862251	580269	30339873	97327656	NA	0
622	1	catch2	linuxbrew	1127647	659759872	862591	580269	30391117	97497658	NA	0
623	1	catch2	linuxbrew	1382632	661142504	863241	580269	30454945	97705317	NA	0
624	1	catch2	linuxbrew	1891899	663034403	863903	580269	30540347	97981469	NA	0
625	1	catch2	linuxbrew	1315264	664349667	864237	580269	30600982	98178291	NA	0
626	1	catch2	linuxbrew	1384636	665734303	864689	580269	30665184	98386854	NA	0
627	1	catch2	linuxbrew	1363880	667098183	865109	580269	30727656	98591180	NA	0
628	1	catch2	linuxbrew	1363982	668462165	865498	580269	30790190	98795560	NA	0
629	1	catch2	linuxbrew	1368033	669830198	866012	580269	30853281	99000477	NA	0
630	1	catch2	linuxbrew	1370945	671201143	866552	580269	30916741	99205822	NA	0
631	1	catch2	linuxbrew	1554887	672756030	866982	580269	30987821	99435190	NA	0
632	1	catch2	linuxbrew	1127579	673883609	867299	580269	31038723	99604990	NA	0
633	1	catch2	linuxbrew	1127847	675011456	867637	580269	31089610	99774813	NA	0
634	1	catch2	linuxbrew	1127652	676139108	867965	580269	31140590	99944638	NA	0
635	1	catch2	linuxbrew	1128013	677267121	868312	580269	31191562	100114484	NA	0
636	1	catch2	linuxbrew	1323169	678590290	868633	580269	31251977	100313821	NA	0
637	1	catch2	linuxbrew	1166116	679756406	869081	580269	31305885	100491823	NA	0
638	1	catch2	linuxbrew	1127544	680883950	869416	580269	31356759	100661621	NA	0
639	1	catch2	linuxbrew	1343097	682227047	870074	580269	31419296	100863666	NA	0
640	1	catch2	linuxbrew	232	682227279	870210	580269	31419392	100863790	NA	0
641	1	catch2	linuxbrew	1130017	683357296	870604	580269	31470635	101033805	NA	0
642	1	catch2	linuxbrew	1142909	684500205	871613	580269	31522891	101204606	NA	0
643	1	catch2	linuxbrew	218940	684719145	871628	580269	31530787	101235618	NA	0
644	1	catch2	linuxbrew	839310	685558455	871643	580269	31566964	101358061	NA	0
645	1	catch2	linuxbrew	224821	685783276	871658	580269	31575128	101390176	NA	0
646	1	catch2	linuxbrew	946492	686729768	871673	580269	31616936	101531512	NA	0
647	1	catch2	linuxbrew	1478533	688208301	871688	580269	31677843	101731973	NA	0
648	1	catch2	linuxbrew	108107	688316408	871703	580269	31682075	101748418	NA	0
649	1	catch2	linuxbrew	1161485	689477893	871718	580269	31735085	101923515	NA	0
650	1	catch2	linuxbrew	1693224	691171117	871733	580269	31808853	102165339	NA	0
651	1	catch2	linuxbrew	836419	692007536	871748	580269	31846604	102291715	NA	0
652	1	catch2	linuxbrew	1271009	693278545	871763	580269	31904776	102483505	NA	0
653	1	catch2	linuxbrew	1070628	694349173	871778	580269	31951064	102638924	NA	0
654	1	catch2	linuxbrew	1321317	695670490	871793	580269	32011081	102837022	NA	0
655	1	catch2	linuxbrew	1349763	697020253	871808	580269	32072799	103041023	NA	0
656	1	catch2	linuxbrew	1231181	698251434	871823	580269	32126455	103218871	NA	0
657	1	catch2	linuxbrew	1031195	699282629	871838	580269	32171387	103369967	NA	0
658	1	catch2	linuxbrew	1878381	701161010	871853	580269	32256727	103644318	NA	0
659	1	catch2	linuxbrew	1477695	702638705	871868	580269	32324864	103866380	NA	0
660	1	catch2	linuxbrew	1745312	704384017	871883	580269	32405372	104126377	NA	0
661	1	catch2	linuxbrew	1288012	705672029	871898	580269	32464322	104320811	NA	0
662	1	catch2	linuxbrew	620952	706292981	871913	580269	32490561	104410913	NA	0
663	1	catch2	linuxbrew	1330443	707623424	871928	580269	32551134	104611158	NA	0
664	1	catch2	linuxbrew	1031017	708654441	871943	580269	32596117	104762428	NA	0
665	1	catch2	linuxbrew	1513720	710168161	871958	580269	32664664	104985792	NA	0
666	1	catch2	linuxbrew	1328157	711496318	871973	580269	32725025	105185020	NA	0
667	1	catch2	linuxbrew	1334822	712831140	871988	580269	32785724	105385445	NA	0
668	1	catch2	linuxbrew	865470	713696610	872003	580269	32824819	105516479	NA	0
669	1	catch2	linuxbrew	831621	714528231	872018	580269	32860795	105637723	NA	0
670	1	catch2	linuxbrew	699449	715227680	872033	580269	32891543	105740727	NA	0
671	1	catch2	linuxbrew	1155199	716382879	872048	590574	32943710	105915080	NA	1
672	1	catch2	linuxbrew	588663	716971542	874945	590574	32968708	106000536	NA	0
673	1	catch2	linuxbrew	1289018	718260560	874960	590574	33027800	106195365	NA	0
674	1	catch2	linuxbrew	613915	718874475	874975	590574	33053727	106284180	NA	0
675	1	catch2	linuxbrew	443380	719317855	874990	590574	33072405	106348501	NA	0
676	1	catch2	linuxbrew	1353748	720671603	875005	590574	33132358	106546073	NA	0
677	1	catch2	linuxbrew	861195	721532798	875020	590574	33171270	106676658	NA	0
678	1	catch2	linuxbrew	1378402	722911200	875035	590574	33234841	106884385	NA	0
679	1	catch2	linuxbrew	1028063	723939263	875050	590574	33279905	107034988	NA	0
680	1	catch2	linuxbrew	1182803	725122066	875065	590574	33333922	107214306	NA	0
681	1	catch2	linuxbrew	1268083	726390149	875080	590574	33391743	107404916	NA	0
682	1	catch2	linuxbrew	1994171	728384320	875095	590574	33480232	107702326	NA	0
683	1	catch2	linuxbrew	597972	728982292	875110	590574	33505713	107789049	NA	0
684	1	catch2	linuxbrew	1176860	730159152	875125	590574	33559485	107965069	NA	0
685	1	catch2	linuxbrew	1276189	731435341	875140	590574	33617277	108154153	NA	0
686	1	catch2	linuxbrew	214732	731650073	875155	590574	33625072	108184199	NA	0
687	1	catch2	linuxbrew	1292263	732942336	875170	590574	33685473	108379834	NA	0
688	1	catch2	linuxbrew	12371	732954707	875185	590574	33685990	108382245	NA	0
689	1	catch2	linuxbrew	725223	733679930	875200	590574	33717966	108489770	NA	0
690	1	catch2	linuxbrew	827582	734507512	875215	590574	33755499	108615050	NA	0
691	1	catch2	linuxbrew	1169309	735676821	875230	590574	33808339	108792717	NA	0
692	1	catch2	linuxbrew	913922	736590743	875245	590574	33848259	108923457	NA	0
693	1	catch2	linuxbrew	1516024	738106767	875260	590574	33917939	109147739	NA	0
694	1	catch2	linuxbrew	1630020	739736787	875275	590574	33993113	109392944	NA	0
695	1	catch2	linuxbrew	1109348	740846135	875290	590574	34043749	109562060	NA	0
696	1	catch2	linuxbrew	19981	740866116	875305	590574	34044505	109565519	NA	0
697	1	catch2	linuxbrew	827611	741693727	875320	590574	34082017	109690659	NA	0
698	1	catch2	linuxbrew	927662	742621389	875335	590574	34124194	109830093	NA	0
699	1	catch2	linuxbrew	1106279	743727668	875350	590574	34173887	109995088	NA	0
700	1	catch2	linuxbrew	835924	744563592	875365	590574	34211634	110121380	NA	0
701	1	catch2	linuxbrew	728564	745292156	875380	590574	34243596	110228663	NA	0
702	1	catch2	linuxbrew	5794	745297950	875395	590574	34243786	110229900	NA	0
703	1	catch2	linuxbrew	954387	746252337	875410	590574	34287619	110375541	NA	0
704	1	catch2	linuxbrew	1098019	747350356	875425	590574	34337689	110540060	NA	0
705	1	catch2	linuxbrew	596522	747946878	875440	590574	34360125	110619819	NA	0
706	1	catch2	linuxbrew	52790	747999668	875455	590574	34362188	110628574	NA	0
707	1	catch2	linuxbrew	943913	748943581	875470	590574	34404869	110770608	NA	0
708	1	catch2	linuxbrew	1350987	750294568	875485	590574	34464599	110965887	NA	0
709	1	catch2	linuxbrew	1107213	751401781	875500	590574	34514171	111131023	NA	0
710	1	catch2	linuxbrew	589196	751990977	875515	590574	34539128	111216582	NA	0
711	1	catch2	linuxbrew	1092685	753083662	875530	590574	34586854	111376798	NA	0
712	1	catch2	linuxbrew	613981	753697643	875545	590574	34612837	111465782	NA	0
713	1	catch2	linuxbrew	926397	754624040	875560	590574	34654617	111604703	NA	0
714	1	catch2	linuxbrew	794095	755418135	875575	590574	34688928	111719581	NA	0
715	1	catch2	linuxbrew	579343	755997478	875590	590574	34710681	111796635	NA	0
716	1	catch2	linuxbrew	12411	756009889	875605	590574	34711200	111799234	NA	0
717	1	catch2	linuxbrew	1519234	757529123	875620	590574	34777097	112013299	NA	0
718	1	catch2	linuxbrew	1456187	758985310	875635	590574	34844235	112233503	NA	0
719	1	catch2	linuxbrew	1208479	760193789	875650	590574	34896961	112406640	NA	0
720	1	catch2	linuxbrew	1073615	761267404	875665	590574	34946385	112568891	NA	0
721	1	catch2	linuxbrew	1568976	762836380	875680	590574	35017949	112803210	NA	0
722	1	catch2	linuxbrew	627068	763463448	875695	590574	35044671	112894629	NA	0
723	1	catch2	linuxbrew	444307	763907755	875710	590574	35063462	112959154	NA	0
724	1	catch2	linuxbrew	848805	764756560	875725	590574	35101686	113086797	NA	0
725	1	catch2	linuxbrew	465156	765221716	875740	590574	35121388	113154798	NA	0
726	1	catch2	linuxbrew	867283	766088999	875755	590574	35160586	113284633	NA	0
727	1	catch2	linuxbrew	969156	767058155	875770	590574	35204920	113432436	NA	0
728	1	catch2	linuxbrew	1042271	768100426	875785	590574	35251620	113585562	NA	0
729	1	catch2	linuxbrew	1152327	769252753	875800	590574	35304867	113760161	NA	0
730	1	catch2	linuxbrew	730731	769983484	875815	590574	35337005	113868143	NA	0
731	1	catch2	linuxbrew	1391495	771374979	875830	590574	35400153	114073934	NA	0
732	1	catch2	linuxbrew	1175929	772550908	875845	590574	35454013	114249700	NA	0
733	1	catch2	linuxbrew	835848	773386756	875860	590574	35491786	114375985	NA	0
734	1	catch2	linuxbrew	1067724	774454480	875875	590574	35539945	114534307	NA	0
735	1	catch2	linuxbrew	739481	775193961	875890	590574	35572515	114643959	NA	0
736	1	catch2	linuxbrew	1165645	776359606	875905	590574	35625464	114817098	NA	0
737	1	catch2	linuxbrew	108349	776467955	875920	590574	35629693	114833532	NA	0
738	1	catch2	linuxbrew	971161	777439116	875935	590574	35674402	114981568	NA	0
739	1	catch2	linuxbrew	1173078	778612194	875950	590574	35729527	115160873	NA	0
740	1	catch2	linuxbrew	1119238	779731432	875965	590574	35779549	115328923	NA	0
741	1	catch2	linuxbrew	1335797	781067229	875980	590574	35839316	115525279	NA	0
742	1	catch2	linuxbrew	1120744	782187973	875995	590574	35889417	115693630	NA	0
743	1	catch2	linuxbrew	1775826	783963799	876010	590574	35968680	115951641	NA	0
744	1	catch2	linuxbrew	1121529	785085328	876025	590574	36018812	116120274	NA	0
745	1	catch2	linuxbrew	1337846	786423174	876040	590574	36078590	116316585	NA	0
746	1	catch2	linuxbrew	1987090	788410264	876055	590574	36170326	116621939	NA	0
747	1	catch2	linuxbrew	1333916	789744180	876070	590574	36230025	116818005	NA	0
748	1	catch2	linuxbrew	1124428	790868608	876085	590574	36280434	116987079	NA	0
749	1	catch2	linuxbrew	1547421	792416029	876100	590574	36351442	117217947	NA	0
750	1	catch2	linuxbrew	2615093	795031122	898328	590574	36468230	117608551	NA	0
751	1	catch2	linuxbrew	3631777	798662899	928623	590574	36635200	118172106	NA	0
752	1	catch2	linuxbrew	1220651	799883550	929240	590574	36691530	118356118	NA	0
753	1	catch2	linuxbrew	218940	800102490	929255	590574	36699426	118387130	NA	0
754	1	catch2	linuxbrew	839310	800941800	929270	590574	36735603	118509573	NA	0
755	1	catch2	linuxbrew	224821	801166621	929285	590574	36743767	118541688	NA	0
756	1	catch2	linuxbrew	946492	802113113	929300	590574	36785575	118683024	NA	0
757	1	catch2	linuxbrew	1478533	803591646	929315	590574	36846482	118883485	NA	0
758	1	catch2	linuxbrew	108107	803699753	929330	590574	36850714	118899930	NA	0
759	1	catch2	linuxbrew	1161485	804861238	929345	590574	36903724	119075027	NA	0
760	1	catch2	linuxbrew	1693224	806554462	929360	590574	36977492	119316851	NA	0
761	1	catch2	linuxbrew	836419	807390881	929375	590574	37015243	119443227	NA	0
762	1	catch2	linuxbrew	1271009	808661890	929390	590574	37073415	119635017	NA	0
763	1	catch2	linuxbrew	1070628	809732518	929405	590574	37119703	119790436	NA	0
764	1	catch2	linuxbrew	1321317	811053835	929420	590574	37179720	119988534	NA	0
765	1	catch2	linuxbrew	1349763	812403598	929435	590574	37241438	120192535	NA	0
766	1	catch2	linuxbrew	1231181	813634779	929450	590574	37295094	120370383	NA	0
767	1	catch2	linuxbrew	1031195	814665974	929465	590574	37340026	120521479	NA	0
768	1	catch2	linuxbrew	1878381	816544355	929480	590574	37425366	120795830	NA	0
769	1	catch2	linuxbrew	1477695	818022050	929495	590574	37493503	121017892	NA	0
770	1	catch2	linuxbrew	1745312	819767362	929510	590574	37574011	121277889	NA	0
771	1	catch2	linuxbrew	1288012	821055374	929525	590574	37632961	121472323	NA	0
772	1	catch2	linuxbrew	620952	821676326	929540	590574	37659200	121562425	NA	0
773	1	catch2	linuxbrew	1330443	823006769	929555	590574	37719773	121762670	NA	0
774	1	catch2	linuxbrew	1031017	824037786	929570	590574	37764756	121913940	NA	0
775	1	catch2	linuxbrew	1513720	825551506	929585	590574	37833303	122137304	NA	0
776	1	catch2	linuxbrew	1328157	826879663	929600	590574	37893664	122336532	NA	0
777	1	catch2	linuxbrew	1334822	828214485	929615	590574	37954363	122536957	NA	0
778	1	catch2	linuxbrew	865470	829079955	929630	590574	37993458	122667991	NA	0
779	1	catch2	linuxbrew	831621	829911576	929645	590574	38029434	122789235	NA	0
780	1	catch2	linuxbrew	699449	830611025	929660	590574	38060182	122892239	NA	0
781	1	catch2	linuxbrew	1155199	831766224	929675	590574	38112349	123066592	NA	0
782	1	catch2	linuxbrew	588663	832354887	929690	590574	38137347	123152048	NA	0
783	1	catch2	linuxbrew	1289018	833643905	929705	602406	38196439	123346877	NA	1
784	1	catch2	linuxbrew	613915	834257820	935404	602406	38222366	123435692	NA	0
785	1	catch2	linuxbrew	443380	834701200	935419	602406	38241044	123500013	NA	0
786	1	catch2	linuxbrew	1353748	836054948	935434	602406	38300997	123697585	NA	0
787	1	catch2	linuxbrew	861195	836916143	935449	602406	38339909	123828170	NA	0
788	1	catch2	linuxbrew	1378402	838294545	935464	602406	38403480	124035897	NA	0
789	1	catch2	linuxbrew	1028063	839322608	935479	602406	38448544	124186500	NA	0
790	1	catch2	linuxbrew	1182803	840505411	935494	602406	38502561	124365818	NA	0
791	1	catch2	linuxbrew	1268083	841773494	935509	602406	38560382	124556428	NA	0
792	1	catch2	linuxbrew	2053898	843827392	938348	602406	38660471	124861490	NA	0
793	1	catch2	linuxbrew	597972	844425364	938363	602406	38685952	124948213	NA	0
794	1	catch2	linuxbrew	1176860	845602224	938378	602406	38739724	125124233	NA	0
795	1	catch2	linuxbrew	1276189	846878413	938393	602406	38797516	125313317	NA	0
796	1	catch2	linuxbrew	214732	847093145	938408	602406	38805311	125343363	NA	0
797	1	catch2	linuxbrew	1292263	848385408	938423	602406	38865712	125538998	NA	0
798	1	catch2	linuxbrew	12371	848397779	938438	602406	38866229	125541409	NA	0
799	1	catch2	linuxbrew	725223	849123002	938453	602406	38898205	125648934	NA	0
800	1	catch2	linuxbrew	827582	849950584	938468	602406	38935738	125774214	NA	0
801	1	catch2	linuxbrew	1310073	851260657	938648	602406	38994737	125970129	NA	0
802	1	catch2	linuxbrew	913922	852174579	938663	602406	39034657	126100869	NA	0
803	1	catch2	linuxbrew	1516024	853690603	938678	602406	39104337	126325151	NA	0
804	1	catch2	linuxbrew	1630020	855320623	938693	602406	39179511	126570356	NA	0
805	1	catch2	linuxbrew	1109348	856429971	938708	602406	39230147	126739472	NA	0
806	1	catch2	linuxbrew	19981	856449952	938723	602406	39230903	126742931	NA	0
807	1	catch2	linuxbrew	827611	857277563	938738	602406	39268415	126868071	NA	0
808	1	catch2	linuxbrew	927662	858205225	938753	602406	39310592	127007505	NA	0
809	1	catch2	linuxbrew	1106279	859311504	938768	602406	39360285	127172500	NA	0
810	1	catch2	linuxbrew	835924	860147428	938783	602406	39398032	127298792	NA	0
811	1	catch2	linuxbrew	728564	860875992	938798	602406	39429994	127406075	NA	0
812	1	catch2	linuxbrew	5794	860881786	938813	602406	39430184	127407312	NA	0
813	1	catch2	linuxbrew	954387	861836173	938828	602406	39474017	127552953	NA	0
814	1	catch2	linuxbrew	1098019	862934192	938843	602406	39524087	127717472	NA	0
815	1	catch2	linuxbrew	596522	863530714	938858	602406	39546523	127797231	NA	0
816	1	catch2	linuxbrew	52790	863583504	938873	602406	39548586	127805986	NA	0
817	1	catch2	linuxbrew	943913	864527417	938888	602406	39591267	127948020	NA	0
818	1	catch2	linuxbrew	1350987	865878404	938903	602406	39650997	128143299	NA	0
819	1	catch2	linuxbrew	1107213	866985617	938918	602406	39700569	128308435	NA	0
820	1	catch2	linuxbrew	589196	867574813	938933	602406	39725526	128393994	NA	0
821	1	catch2	linuxbrew	1092685	868667498	938948	602406	39773252	128554210	NA	0
822	1	catch2	linuxbrew	613994	869281492	939077	602406	39799311	128643196	NA	0
823	1	catch2	linuxbrew	926397	870207889	939092	602406	39841091	128782117	NA	0
824	1	catch2	linuxbrew	794095	871001984	939107	602406	39875402	128896995	NA	0
825	1	catch2	linuxbrew	579343	871581327	939122	602406	39897155	128974049	NA	0
826	1	catch2	linuxbrew	12411	871593738	939137	602406	39897674	128976648	NA	0
827	1	catch2	linuxbrew	1519234	873112972	939152	602406	39963571	129190713	NA	0
828	1	catch2	linuxbrew	1456187	874569159	939167	602406	40030709	129410917	NA	0
829	1	catch2	linuxbrew	1208479	875777638	939182	602406	40083435	129584054	NA	0
830	1	catch2	linuxbrew	1258003	877035641	939427	602406	40140522	129769501	NA	0
831	1	catch2	linuxbrew	1654048	878689689	939823	602406	40215580	130013965	NA	0
832	1	catch2	linuxbrew	627068	879316757	939838	602406	40242302	130105384	NA	0
833	1	catch2	linuxbrew	444307	879761064	939853	602406	40261093	130169909	NA	0
834	1	catch2	linuxbrew	848805	880609869	939868	602406	40299317	130297552	NA	0
835	1	catch2	linuxbrew	465156	881075025	939883	602406	40319019	130365553	NA	0
836	1	catch2	linuxbrew	867283	881942308	939898	602406	40358217	130495388	NA	0
837	1	catch2	linuxbrew	969156	882911464	939913	602406	40402551	130643191	NA	0
838	1	catch2	linuxbrew	1042271	883953735	939928	602406	40449251	130796317	NA	0
839	1	catch2	linuxbrew	1152327	885106062	939943	602406	40502498	130970916	NA	0
840	1	catch2	linuxbrew	730731	885836793	939958	602406	40534636	131078898	NA	0
841	1	catch2	linuxbrew	1391495	887228288	939973	602406	40597784	131284689	NA	0
842	1	catch2	linuxbrew	1175929	888404217	939988	602406	40651644	131460455	NA	0
843	1	catch2	linuxbrew	835848	889240065	940003	602406	40689417	131586740	NA	0
844	1	catch2	linuxbrew	1067724	890307789	940018	602406	40737576	131745062	NA	0
845	1	catch2	linuxbrew	739481	891047270	940033	602406	40770146	131854714	NA	0
846	1	catch2	linuxbrew	1165645	892212915	940048	602406	40823095	132027853	NA	0
847	1	catch2	linuxbrew	108349	892321264	940063	602406	40827324	132044287	NA	0
848	1	catch2	linuxbrew	971161	893292425	940078	602406	40872033	132192323	NA	0
849	1	catch2	linuxbrew	1173078	894465503	940093	602406	40927158	132371628	NA	0
850	1	catch2	linuxbrew	1119238	895584741	940108	602406	40977180	132539678	NA	0
851	1	catch2	linuxbrew	1335797	896920538	940123	602406	41036947	132736034	NA	0
852	1	catch2	linuxbrew	1120744	898041282	940138	602406	41087048	132904385	NA	0
853	1	catch2	linuxbrew	1775826	899817108	940153	602406	41166311	133162396	NA	0
854	1	catch2	linuxbrew	1121529	900938637	940168	602406	41216443	133331029	NA	0
855	1	catch2	linuxbrew	1337846	902276483	940183	602406	41276221	133527340	NA	0
856	1	catch2	linuxbrew	1987090	904263573	940198	602406	41367957	133832694	NA	0
857	1	catch2	linuxbrew	1333916	905597489	940213	602406	41427656	134028760	NA	0
858	1	catch2	linuxbrew	1124428	906721917	940228	602406	41478065	134197834	NA	0
859	1	catch2	linuxbrew	1547421	908269338	940243	602406	41549073	134428702	NA	0
860	1	catch2	linuxbrew	1195395	909464733	940668	602406	41603525	134609097	NA	0
861	2	catch2	linuxbrew	218940	909683673	940683	602406	41611421	134640109	NA	0
862	2	catch2	linuxbrew	839310	910522983	940698	602406	41647598	134762552	NA	0
863	2	catch2	linuxbrew	224821	910747804	940713	602406	41655762	134794667	NA	0
864	2	catch2	linuxbrew	946492	911694296	940728	602406	41697570	134936003	NA	0
865	2	catch2	linuxbrew	1478533	913172829	940743	602406	41758477	135136464	NA	0
866	2	catch2	linuxbrew	108107	913280936	940758	602406	41762709	135152909	NA	0
867	2	catch2	linuxbrew	1161485	914442421	940773	602406	41815719	135328006	NA	0
868	2	catch2	linuxbrew	1693224	916135645	940788	602406	41889487	135569830	NA	0
869	2	catch2	linuxbrew	836419	916972064	940803	602406	41927238	135696206	NA	0
870	2	catch2	linuxbrew	1271009	918243073	940818	602406	41985410	135887996	NA	0
871	2	catch2	linuxbrew	1070628	919313701	940833	602406	42031698	136043415	NA	0
872	2	catch2	linuxbrew	1321317	920635018	940848	602406	42091715	136241513	NA	0
873	2	catch2	linuxbrew	1349763	921984781	940863	602406	42153433	136445514	NA	0
874	2	catch2	linuxbrew	1231181	923215962	940878	602406	42207089	136623362	NA	0
875	2	catch2	linuxbrew	1031195	924247157	940893	602406	42252021	136774458	NA	0
876	2	catch2	linuxbrew	1878381	926125538	940908	602406	42337361	137048809	NA	0
877	2	catch2	linuxbrew	1477695	927603233	940923	602406	42405498	137270871	NA	0
878	2	catch2	linuxbrew	1745312	929348545	940938	602406	42486006	137530868	NA	0
879	2	catch2	linuxbrew	1288012	930636557	940953	602406	42544956	137725302	NA	0
880	2	catch2	linuxbrew	620952	931257509	940968	602406	42571195	137815404	NA	0
881	2	catch2	linuxbrew	1330443	932587952	940983	602406	42631768	138015649	NA	0
882	2	catch2	linuxbrew	1031017	933618969	940998	602406	42676751	138166919	NA	0
883	2	catch2	linuxbrew	1513720	935132689	941013	602406	42745298	138390283	NA	0
884	2	catch2	linuxbrew	1328157	936460846	941028	602406	42805659	138589511	NA	0
885	2	catch2	linuxbrew	1334822	937795668	941043	602406	42866358	138789936	NA	0
886	2	catch2	linuxbrew	865445	938661113	941095	602406	42905453	138920967	NA	0
887	2	catch2	linuxbrew	831621	939492734	941110	602406	42941429	139042211	NA	0
888	2	catch2	linuxbrew	699449	940192183	941125	602406	42972177	139145215	NA	0
889	2	catch2	linuxbrew	1155199	941347382	941140	602406	43024344	139319568	NA	0
890	2	catch2	linuxbrew	588663	941936045	941155	602406	43049342	139405024	NA	0
891	2	catch2	linuxbrew	1289018	943225063	941170	602406	43108434	139599853	NA	0
892	2	catch2	linuxbrew	613915	943838978	941185	602406	43134361	139688668	NA	0
893	2	catch2	linuxbrew	443380	944282358	941200	602406	43153039	139752989	NA	0
894	2	catch2	linuxbrew	1353748	945636106	941215	602406	43212992	139950561	NA	0
895	2	catch2	linuxbrew	861195	946497301	941230	611305	43251904	140081146	NA	1
896	2	catch2	linuxbrew	1378402	947875703	941245	611305	43315475	140288873	NA	0
897	2	catch2	linuxbrew	1028063	948903766	941260	611305	43360539	140439476	NA	0
898	2	catch2	linuxbrew	1182778	950086544	941312	611305	43414556	140618797	NA	0
899	2	catch2	linuxbrew	1268083	951354627	941327	611305	43472377	140809407	NA	0
900	2	catch2	linuxbrew	1994146	953348773	941379	611305	43560866	141106820	NA	0
901	2	catch2	linuxbrew	597972	953946745	941394	611305	43586347	141193543	NA	0
902	2	catch2	linuxbrew	1176860	955123605	941409	611305	43640119	141369563	NA	0
903	2	catch2	linuxbrew	1276189	956399794	941424	611305	43697911	141558647	NA	0
904	2	catch2	linuxbrew	214732	956614526	941439	611305	43705706	141588693	NA	0
905	2	catch2	linuxbrew	1292263	957906789	941454	611305	43766107	141784328	NA	0
906	2	catch2	linuxbrew	12371	957919160	941469	611305	43766624	141786739	NA	0
907	2	catch2	linuxbrew	725223	958644383	941484	611305	43798600	141894264	NA	0
908	2	catch2	linuxbrew	827582	959471965	941499	611305	43836133	142019544	NA	0
909	2	catch2	linuxbrew	1169309	960641274	941514	611305	43888973	142197211	NA	0
910	2	catch2	linuxbrew	913922	961555196	941529	611305	43928893	142327951	NA	0
911	2	catch2	linuxbrew	1516024	963071220	941544	611305	43998573	142552233	NA	0
912	2	catch2	linuxbrew	1630020	964701240	941559	611305	44073747	142797438	NA	0
913	2	catch2	linuxbrew	1109298	965810538	941611	611305	44124383	142966556	NA	0
914	2	catch2	linuxbrew	19981	965830519	941626	611305	44125139	142970015	NA	0
915	2	catch2	linuxbrew	827611	966658130	941641	611305	44162651	143095155	NA	0
916	2	catch2	linuxbrew	927662	967585792	941656	611305	44204828	143234589	NA	0
917	2	catch2	linuxbrew	1106279	968692071	941671	611305	44254521	143399584	NA	0
918	2	catch2	linuxbrew	835924	969527995	941686	611305	44292268	143525876	NA	0
919	2	catch2	linuxbrew	728564	970256559	941701	611305	44324230	143633159	NA	0
920	2	catch2	linuxbrew	5794	970262353	941716	611305	44324420	143634396	NA	0
921	2	catch2	linuxbrew	954387	971216740	941731	611305	44368253	143780037	NA	0
922	2	catch2	linuxbrew	1098019	972314759	941746	611305	44418323	143944556	NA	0
923	2	catch2	linuxbrew	596522	972911281	941761	611305	44440759	144024315	NA	0
924	2	catch2	linuxbrew	52790	972964071	941776	611305	44442822	144033070	NA	0
925	2	catch2	linuxbrew	943913	973907984	941791	611305	44485503	144175104	NA	0
926	2	catch2	linuxbrew	1350987	975258971	941806	611305	44545233	144370383	NA	0
927	2	catch2	linuxbrew	1107213	976366184	941821	611305	44594805	144535519	NA	0
928	2	catch2	linuxbrew	589196	976955380	941836	611305	44619762	144621078	NA	0
929	2	catch2	linuxbrew	1092685	978048065	941851	611305	44667488	144781294	NA	0
930	2	catch2	linuxbrew	613981	978662046	941866	611305	44693471	144870278	NA	0
931	2	catch2	linuxbrew	926397	979588443	941881	611305	44735251	145009199	NA	0
932	2	catch2	linuxbrew	794095	980382538	941896	611305	44769562	145124077	NA	0
933	2	catch2	linuxbrew	579343	980961881	941911	611305	44791315	145201131	NA	0
934	2	catch2	linuxbrew	12411	980974292	941926	611305	44791834	145203730	NA	0
935	2	catch2	linuxbrew	1519234	982493526	941941	611305	44857731	145417795	NA	0
936	2	catch2	linuxbrew	1456187	983949713	941956	611305	44924869	145637999	NA	0
937	2	catch2	linuxbrew	1208479	985158192	941971	611305	44977595	145811136	NA	0
938	2	catch2	linuxbrew	1073615	986231807	941986	611305	45027019	145973387	NA	0
939	2	catch2	linuxbrew	1568926	987800733	942038	611305	45098583	146207709	NA	0
940	2	catch2	linuxbrew	627068	988427801	942053	611305	45125305	146299128	NA	0
941	2	catch2	linuxbrew	444307	988872108	942068	611305	45144096	146363653	NA	0
942	2	catch2	linuxbrew	848805	989720913	942083	611305	45182320	146491296	NA	0
943	2	catch2	linuxbrew	465156	990186069	942098	611305	45202022	146559297	NA	0
944	2	catch2	linuxbrew	867283	991053352	942113	611305	45241220	146689132	NA	0
945	2	catch2	linuxbrew	969156	992022508	942128	611305	45285554	146836935	NA	0
946	2	catch2	linuxbrew	1042271	993064779	942143	611305	45332254	146990061	NA	0
947	2	catch2	linuxbrew	1152327	994217106	942158	611305	45385501	147164660	NA	0
948	2	catch2	linuxbrew	730731	994947837	942173	611305	45417639	147272642	NA	0
949	2	catch2	linuxbrew	1391470	996339307	942225	611305	45480787	147478439	NA	0
950	2	catch2	linuxbrew	1175854	997515161	942277	611305	45534647	147654209	NA	0
951	2	catch2	linuxbrew	835848	998351009	942292	611305	45572420	147780494	NA	0
952	2	catch2	linuxbrew	1067724	999418733	942307	611305	45620579	147938816	NA	0
953	2	catch2	linuxbrew	739481	1000158214	942322	611305	45653149	148048468	NA	0
954	2	catch2	linuxbrew	1165645	1001323859	942337	611305	45706098	148221607	NA	0
955	2	catch2	linuxbrew	108349	1001432208	942352	611305	45710327	148238041	NA	0
956	2	catch2	linuxbrew	971136	1002403344	942404	611305	45755036	148386075	NA	0
957	2	catch2	linuxbrew	1173028	1003576372	942456	611305	45810161	148565380	NA	0
958	2	catch2	linuxbrew	1119238	1004695610	942471	611305	45860183	148733430	NA	0
959	2	catch2	linuxbrew	1335797	1006031407	942486	611305	45919950	148929786	NA	0
960	2	catch2	linuxbrew	1120744	1007152151	942501	611305	45970051	149098137	NA	0
961	2	catch2	linuxbrew	1775801	1008927952	942553	611305	46049314	149356150	NA	0
962	2	catch2	linuxbrew	1121529	1010049481	942568	611305	46099446	149524783	NA	0
963	2	catch2	linuxbrew	1337846	1011387327	942583	611305	46159224	149721094	NA	0
964	2	catch2	linuxbrew	1987090	1013374417	942598	611305	46250960	150026448	NA	0
965	2	catch2	linuxbrew	1333916	1014708333	942613	611305	46310659	150222514	NA	0
966	2	catch2	linuxbrew	1124428	1015832761	942628	611305	46361068	150391588	NA	0
967	2	catch2	linuxbrew	1547421	1017380182	942643	611305	46432076	150622456	NA	0
968	2	catch2	linuxbrew	1355940	1018736122	942658	611305	46492668	150822095	NA	0
969	2	catch2	linuxbrew	1355940	1020092062	942673	611305	46553260	151021734	NA	0
970	2	catch2	linuxbrew	1035704	1021127766	942725	611305	46598428	151173757	NA	0
971	2	catch2	linuxbrew	1125141	1022252907	942777	611305	46648828	151343247	NA	0
972	2	catch2	linuxbrew	1283446	1023536353	942829	611305	46707851	151536944	NA	0
973	2	catch2	linuxbrew	1433392	1024969745	942881	611305	46772990	151751391	NA	0
974	2	catch2	linuxbrew	1138200	1026107945	942933	611305	46823670	151921986	NA	0
975	2	catch2	linuxbrew	1493977	1027601922	942985	611305	46890490	152142716	NA	0
976	2	catch2	linuxbrew	1880441	1029482363	943037	611305	46969370	152400534	NA	0
977	2	catch2	linuxbrew	1576352	1031058715	943089	611305	47038746	152628063	NA	0
978	2	catch2	linuxbrew	1202307	1032261022	943141	611305	47092689	152808318	NA	0
979	2	catch2	linuxbrew	1344242	1033605264	943193	611305	47149048	152995303	NA	0
980	2	catch2	linuxbrew	1470009	1035075273	943245	611305	47211126	153203889	NA	0
981	2	catch2	linuxbrew	2107003	1037182276	943297	611305	47293306	153473695	NA	0
982	2	catch2	linuxbrew	1686462	1038868738	943349	611305	47364880	153711567	NA	0
983	2	catch2	linuxbrew	2010517	1040879255	943401	611305	47449021	153988005	NA	0
984	2	catch2	linuxbrew	1931511	1042810766	943453	611305	47533745	154267947	NA	0
985	2	catch2	linuxbrew	1145780	1043956546	943505	611305	47584659	154439225	NA	0
986	2	catch2	linuxbrew	1304151	1045260697	943557	611305	47640480	154625525	NA	0
987	2	catch2	linuxbrew	2296557	1047557254	943609	611305	47733660	154946421	NA	0
988	2	catch2	linuxbrew	1517831	1049075085	943661	611305	47800859	155169515	NA	0
989	2	catch2	linuxbrew	1547665	1050622750	943713	611305	47870134	155395780	NA	0
990	2	catch2	linuxbrew	1145042	1051767792	943765	611305	47921101	155567255	NA	0
991	2	catch2	linuxbrew	1885117	1053652909	943817	611305	47999471	155821637	NA	0
992	2	catch2	linuxbrew	1330364	1054983273	943869	611305	48059631	156021939	NA	0
993	2	catch2	linuxbrew	1385255	1056368528	943921	611305	48116883	156210897	NA	0
994	2	catch2	linuxbrew	1881298	1058249826	943973	611305	48199799	156485099	NA	0
995	2	catch2	linuxbrew	1138926	1059388752	944025	611305	48250517	156655783	NA	0
996	2	catch2	linuxbrew	1215710	1060604462	944077	611305	48302754	156830396	NA	0
997	2	catch2	linuxbrew	1387527	1061991989	944129	611305	48363576	157030373	NA	0
998	2	catch2	linuxbrew	1855886	1063847875	944181	611305	48442709	157292841	NA	0
999	2	catch2	linuxbrew	1165421	1065013296	944233	611305	48493340	157463979	NA	0
1000	2	catch2	linuxbrew	1733417	1066746713	944285	611305	48568310	157714795	NA	0
1001	2	catch2	linuxbrew	1225826	1067972539	944337	611305	48622216	157895344	NA	0
1002	2	catch2	linuxbrew	705639	1068678178	944389	611305	48653354	157999902	NA	0
1003	2	catch2	linuxbrew	1215758	1069893936	944441	611305	48708225	158183495	NA	0
1004	2	catch2	linuxbrew	1506988	1071400924	944493	611305	48771209	158392577	NA	0
1005	2	catch2	linuxbrew	1157094	1072558018	944545	611305	48822379	158564868	NA	0
1006	2	catch2	linuxbrew	1840563	1074398581	944597	611305	48903103	158832131	NA	0
1007	2	catch2	linuxbrew	1213194	1075611775	944649	612339	48955172	159008461	NA	1
1008	2	catch2	linuxbrew	1325239	1076937014	944701	612339	49012277	159199102	NA	0
1009	2	catch2	linuxbrew	1295839	1078232853	944753	612339	49066731	159375950	NA	0
1010	2	catch2	linuxbrew	1174445	1079407298	944805	612339	49119382	159550956	NA	0
1011	2	catch2	linuxbrew	1384161	1080791459	944857	612339	49180182	159751007	NA	0
1012	2	catch2	linuxbrew	1197510	1081988969	944909	612339	49232576	159926595	NA	0
1013	2	catch2	linuxbrew	1593452	1083582421	944961	612339	49300154	160154636	NA	0
1014	2	catch2	linuxbrew	1273525	1084855946	945013	612339	49354370	160336040	NA	0
1015	2	catch2	linuxbrew	1473707	1086329653	945065	612339	49413687	160533694	NA	0
1016	2	catch2	linuxbrew	1270167	1087599820	945117	612339	49470097	160722179	NA	0
1017	2	catch2	linuxbrew	1130347	1088730167	945169	612339	49520607	160892270	NA	0
1018	2	catch2	linuxbrew	1143748	1089873915	945221	612339	49571433	161063093	NA	0
1019	2	catch2	linuxbrew	1397914	1091271829	945273	612339	49632544	161265138	NA	0
1020	2	catch2	linuxbrew	1181952	1092453781	945325	612339	49685041	161440778	NA	0
1021	2	catch2	linuxbrew	1136367	1093590148	945377	612339	49735746	161611280	NA	0
1022	2	catch2	linuxbrew	1200017	1094790165	945429	612339	49789223	161790420	NA	0
1023	2	catch2	linuxbrew	1234451	1096024616	945481	612339	49843470	161973013	NA	0
1024	2	catch2	linuxbrew	1165595	1097190211	945533	612339	49895011	162146040	NA	0
1025	2	catch2	linuxbrew	1155038	1098345249	945585	612339	49946158	162317606	NA	0
1026	2	catch2	linuxbrew	1498958	1099844207	945637	612339	50012442	162536173	NA	0
1027	2	catch2	linuxbrew	1130830	1100975037	945689	612339	50062962	162706223	NA	0
1028	2	catch2	linuxbrew	2005942	1102980979	945741	612339	50143758	162975854	NA	0
1029	2	catch2	linuxbrew	11534	1102992513	945792	612339	50144082	162977697	NA	0
1030	2	catch2	linuxbrew	2497794	1105490307	945844	612339	50243096	163315960	NA	0
1031	2	catch2	linuxbrew	1132270	1106622577	945896	612339	50293699	163486192	NA	0
1032	2	catch2	linuxbrew	1126204	1107748781	945948	612339	50344134	163655917	NA	0
1033	2	catch2	linuxbrew	1132378	1108881159	946000	612339	50394737	163826090	NA	0
1034	2	catch2	linuxbrew	1192675	1110073834	946052	612339	50448370	164005213	NA	0
1035	2	catch2	linuxbrew	218940	1110292774	946067	612339	50456266	164036225	NA	0
1036	2	catch2	linuxbrew	839310	1111132084	946082	612339	50492443	164158668	NA	0
1037	2	catch2	linuxbrew	224821	1111356905	946097	612339	50500607	164190783	NA	0
1038	2	catch2	linuxbrew	946492	1112303397	946112	612339	50542415	164332119	NA	0
1039	2	catch2	linuxbrew	1478533	1113781930	946127	612339	50603322	164532580	NA	0
1040	2	catch2	linuxbrew	108107	1113890037	946142	612339	50607554	164549025	NA	0
1041	2	catch2	linuxbrew	1161485	1115051522	946157	612339	50660564	164724122	NA	0
1042	2	catch2	linuxbrew	1693224	1116744746	946172	612339	50734332	164965946	NA	0
1043	2	catch2	linuxbrew	836419	1117581165	946187	612339	50772083	165092322	NA	0
1044	2	catch2	linuxbrew	1271009	1118852174	946202	612339	50830255	165284112	NA	0
1045	2	catch2	linuxbrew	1070628	1119922802	946217	612339	50876543	165439531	NA	0
1046	2	catch2	linuxbrew	1321317	1121244119	946232	612339	50936560	165637629	NA	0
1047	2	catch2	linuxbrew	1349763	1122593882	946247	612339	50998278	165841630	NA	0
1048	2	catch2	linuxbrew	1231181	1123825063	946262	612339	51051934	166019478	NA	0
1049	2	catch2	linuxbrew	1031195	1124856258	946277	612339	51096866	166170574	NA	0
1050	2	catch2	linuxbrew	1878381	1126734639	946292	612339	51182206	166444925	NA	0
1051	2	catch2	linuxbrew	1477695	1128212334	946307	612339	51250343	166666987	NA	0
1052	2	catch2	linuxbrew	1745312	1129957646	946322	612339	51330851	166926984	NA	0
1053	2	catch2	linuxbrew	1288012	1131245658	946337	612339	51389801	167121418	NA	0
1054	2	catch2	linuxbrew	620952	1131866610	946352	612339	51416040	167211520	NA	0
1055	2	catch2	linuxbrew	1330443	1133197053	946367	612339	51476613	167411765	NA	0
1056	2	catch2	linuxbrew	1031017	1134228070	946382	612339	51521596	167563035	NA	0
1057	2	catch2	linuxbrew	1513720	1135741790	946397	612339	51590143	167786399	NA	0
1058	2	catch2	linuxbrew	1328157	1137069947	946412	612339	51650504	167985627	NA	0
1059	2	catch2	linuxbrew	1334822	1138404769	946427	612339	51711203	168186052	NA	0
1060	2	catch2	linuxbrew	865470	1139270239	946442	612339	51750298	168317086	NA	0
1061	2	catch2	linuxbrew	831621	1140101860	946457	612339	51786274	168438330	NA	0
1062	2	catch2	linuxbrew	699449	1140801309	946472	612339	51817022	168541334	NA	0
1063	2	catch2	linuxbrew	1155199	1141956508	946487	612339	51869189	168715687	NA	0
1064	2	catch2	linuxbrew	588663	1142545171	946502	612339	51894187	168801143	NA	0
1065	2	catch2	linuxbrew	1289018	1143834189	946517	612339	51953279	168995972	NA	0
1066	2	catch2	linuxbrew	613915	1144448104	946532	612339	51979206	169084787	NA	0
1067	2	catch2	linuxbrew	443380	1144891484	946547	612339	51997884	169149108	NA	0
1068	2	catch2	linuxbrew	1353748	1146245232	946562	612339	52057837	169346680	NA	0
1069	2	catch2	linuxbrew	861195	1147106427	946577	612339	52096749	169477265	NA	0
1070	2	catch2	linuxbrew	1378402	1148484829	946592	612339	52160320	169684992	NA	0
1071	2	catch2	linuxbrew	1028063	1149512892	946607	612339	52205384	169835595	NA	0
1072	2	catch2	linuxbrew	1182803	1150695695	946622	612339	52259401	170014913	NA	0
1073	2	catch2	linuxbrew	1268083	1151963778	946637	612339	52317222	170205523	NA	0
1074	2	catch2	linuxbrew	1994171	1153957949	946652	612339	52405711	170502933	NA	0
1075	2	catch2	linuxbrew	597972	1154555921	946667	612339	52431192	170589656	NA	0
1076	2	catch2	linuxbrew	1176860	1155732781	946682	612339	52484964	170765676	NA	0
1077	2	catch2	linuxbrew	1276189	1157008970	946697	612339	52542756	170954760	NA	0
1078	2	catch2	linuxbrew	214732	1157223702	946712	612339	52550551	170984806	NA	0
1079	2	catch2	linuxbrew	1292263	1158515965	946727	612339	52610952	171180441	NA	0
1080	2	catch2	linuxbrew	12371	1158528336	946742	612339	52611469	171182852	NA	0
1081	2	catch2	linuxbrew	725223	1159253559	946757	612339	52643445	171290377	NA	0
1082	2	catch2	linuxbrew	827582	1160081141	946772	612339	52680978	171415657	NA	0
1083	2	catch2	linuxbrew	1169309	1161250450	946787	612339	52733818	171593324	NA	0
1084	2	catch2	linuxbrew	913922	1162164372	946802	612339	52773738	171724064	NA	0
1085	2	catch2	linuxbrew	1516024	1163680396	946817	612339	52843418	171948346	NA	0
1086	2	catch2	linuxbrew	1630020	1165310416	946832	612339	52918592	172193551	NA	0
1087	2	catch2	linuxbrew	1109348	1166419764	946847	612339	52969228	172362667	NA	0
1088	2	catch2	linuxbrew	19981	1166439745	946862	612339	52969984	172366126	NA	0
1089	2	catch2	linuxbrew	827611	1167267356	946877	612339	53007496	172491266	NA	0
1090	2	catch2	linuxbrew	927662	1168195018	946892	612339	53049673	172630700	NA	0
1091	2	catch2	linuxbrew	1106279	1169301297	946907	612339	53099366	172795695	NA	0
1092	2	catch2	linuxbrew	835924	1170137221	946922	612339	53137113	172921987	NA	0
1093	2	catch2	linuxbrew	728564	1170865785	946937	612339	53169075	173029270	NA	0
1094	2	catch2	linuxbrew	5794	1170871579	946952	612339	53169265	173030507	NA	0
1095	2	catch2	linuxbrew	954387	1171825966	946967	612339	53213098	173176148	NA	0
1096	2	catch2	linuxbrew	1098019	1172923985	946982	612339	53263168	173340667	NA	0
1097	2	catch2	linuxbrew	596522	1173520507	946997	612339	53285604	173420426	NA	0
1098	2	catch2	linuxbrew	52790	1173573297	947012	612339	53287667	173429181	NA	0
1099	2	catch2	linuxbrew	943913	1174517210	947027	612339	53330348	173571215	NA	0
1100	2	catch2	linuxbrew	1350987	1175868197	947042	612339	53390078	173766494	NA	0
1101	2	catch2	linuxbrew	1107213	1176975410	947057	612339	53439650	173931630	NA	0
1102	2	catch2	linuxbrew	589196	1177564606	947072	612339	53464607	174017189	NA	0
1103	2	catch2	linuxbrew	1092685	1178657291	947087	612339	53512333	174177405	NA	0
1104	2	catch2	linuxbrew	613981	1179271272	947102	612339	53538316	174266389	NA	0
1105	2	catch2	linuxbrew	926397	1180197669	947117	612339	53580096	174405310	NA	0
1106	2	catch2	linuxbrew	794095	1180991764	947132	612339	53614407	174520188	NA	0
1107	2	catch2	linuxbrew	579343	1181571107	947147	612339	53636160	174597242	NA	0
1108	2	catch2	linuxbrew	12411	1181583518	947162	612339	53636679	174599841	NA	0
1109	2	catch2	linuxbrew	1519234	1183102752	947177	612339	53702576	174813906	NA	0
1110	2	catch2	linuxbrew	1456187	1184558939	947192	612339	53769714	175034110	NA	0
1111	2	catch2	linuxbrew	1208479	1185767418	947207	612339	53822440	175207247	NA	0
1112	2	catch2	linuxbrew	1073615	1186841033	947222	612339	53871864	175369498	NA	0
1113	2	catch2	linuxbrew	1568976	1188410009	947237	612339	53943428	175603817	NA	0
1114	2	catch2	linuxbrew	627068	1189037077	947252	612339	53970150	175695236	NA	0
1115	2	catch2	linuxbrew	444307	1189481384	947267	612339	53988941	175759761	NA	0
1116	2	catch2	linuxbrew	848805	1190330189	947282	612339	54027165	175887404	NA	0
1117	2	catch2	linuxbrew	465156	1190795345	947297	612339	54046867	175955405	NA	0
1118	2	catch2	linuxbrew	867210	1191662555	947349	612339	54086059	176085210	NA	0
1119	2	catch2	linuxbrew	969156	1192631711	947364	613374	54130393	176233013	NA	1
1120	2	catch2	linuxbrew	1042271	1193673982	947379	613374	54177093	176386139	NA	0
1121	2	catch2	linuxbrew	1152327	1194826309	947394	613374	54230340	176560738	NA	0
1122	2	catch2	linuxbrew	730731	1195557040	947409	613374	54262478	176668720	NA	0
1123	2	catch2	linuxbrew	1391495	1196948535	947424	613374	54325626	176874511	NA	0
1124	2	catch2	linuxbrew	1175929	1198124464	947439	613374	54379486	177050277	NA	0
1125	2	catch2	linuxbrew	835848	1198960312	947454	613374	54417259	177176562	NA	0
1126	2	catch2	linuxbrew	1067724	1200028036	947469	613374	54465418	177334884	NA	0
1127	2	catch2	linuxbrew	739481	1200767517	947484	613374	54497988	177444536	NA	0
1128	2	catch2	linuxbrew	1165645	1201933162	947499	613374	54550937	177617675	NA	0
1129	2	catch2	linuxbrew	108349	1202041511	947514	613374	54555166	177634109	NA	0
1130	2	catch2	linuxbrew	971161	1203012672	947529	613374	54599875	177782145	NA	0
1131	2	catch2	linuxbrew	1173078	1204185750	947544	613374	54655000	177961450	NA	0
1132	2	catch2	linuxbrew	1119238	1205304988	947559	613374	54705022	178129500	NA	0
1133	2	catch2	linuxbrew	1335797	1206640785	947574	613374	54764789	178325856	NA	0
1134	2	catch2	linuxbrew	1120744	1207761529	947589	613374	54814890	178494207	NA	0
1135	2	catch2	linuxbrew	1775826	1209537355	947604	613374	54894153	178752218	NA	0
1136	2	catch2	linuxbrew	1121529	1210658884	947619	613374	54944285	178920851	NA	0
1137	2	catch2	linuxbrew	1337846	1211996730	947634	613374	55004063	179117162	NA	0
1138	2	catch2	linuxbrew	1987090	1213983820	947649	613374	55095799	179422516	NA	0
1139	2	catch2	linuxbrew	1333916	1215317736	947664	613374	55155498	179618582	NA	0
1140	2	catch2	linuxbrew	1124428	1216442164	947679	613374	55205907	179787656	NA	0
1141	2	catch2	linuxbrew	1547421	1217989585	947694	613374	55276915	180018524	NA	0
1142	2	catch2	linuxbrew	1144289	1219133874	947746	613374	55327763	180189207	NA	0
1143	2	catch2	linuxbrew	1139091	1220272965	947798	613374	55378528	180359785	NA	0
1144	2	catch2	linuxbrew	1130309	1221403274	947850	613374	55429094	180530222	NA	0
1145	2	catch2	linuxbrew	1217365	1222620639	947902	613374	55484025	180714041	NA	0
1146	2	catch2	linuxbrew	1144701	1223765340	947954	613374	55534877	180884901	NA	0
1147	2	catch2	linuxbrew	1385387	1225150727	948006	613374	55597452	181092187	NA	0
1148	2	catch2	linuxbrew	1547220	1226697947	948058	613374	55668478	181323141	NA	0
1149	2	catch2	linuxbrew	1731159	1228429106	948110	613374	55742860	181570135	NA	0
1150	2	catch2	linuxbrew	1275760	1229704866	948162	613374	55800364	181762150	NA	0
1151	2	catch2	linuxbrew	1195057	1230899923	948214	613374	55853985	181942712	NA	0
1152	2	catch2	linuxbrew	1494697	1232394620	948266	613374	55919390	182163239	NA	0
1153	2	catch2	linuxbrew	1494528	1233889148	948318	613374	55984809	182383792	NA	0
1154	2	catch2	linuxbrew	1169205	1235058353	948370	613374	56036369	182557868	NA	0
1155	2	catch2	linuxbrew	218940	1235277293	948385	613374	56044265	182588880	NA	0
1156	2	catch2	linuxbrew	839310	1236116603	948400	613374	56080442	182711323	NA	0
1157	2	catch2	linuxbrew	224821	1236341424	948415	613374	56088606	182743438	NA	0
1158	2	catch2	linuxbrew	946492	1237287916	948430	613374	56130414	182884774	NA	0
1159	2	catch2	linuxbrew	1478533	1238766449	948445	613374	56191321	183085235	NA	0
1160	2	catch2	linuxbrew	108107	1238874556	948460	613374	56195553	183101680	NA	0
1161	2	catch2	linuxbrew	1161485	1240036041	948475	613374	56248563	183276777	NA	0
1162	2	catch2	linuxbrew	1693224	1241729265	948490	613374	56322331	183518601	NA	0
1163	2	catch2	linuxbrew	836419	1242565684	948505	613374	56360082	183644977	NA	0
1164	2	catch2	linuxbrew	1271009	1243836693	948520	613374	56418254	183836767	NA	0
1165	2	catch2	linuxbrew	1070628	1244907321	948535	613374	56464542	183992186	NA	0
1166	2	catch2	linuxbrew	1321317	1246228638	948550	613374	56524559	184190284	NA	0
1167	2	catch2	linuxbrew	1349763	1247578401	948565	613374	56586277	184394285	NA	0
1168	2	catch2	linuxbrew	1231181	1248809582	948580	613374	56639933	184572133	NA	0
1169	2	catch2	linuxbrew	1031195	1249840777	948595	613374	56684865	184723229	NA	0
1170	2	catch2	linuxbrew	1878381	1251719158	948610	613374	56770205	184997580	NA	0
1171	2	catch2	linuxbrew	1477695	1253196853	948625	613374	56838342	185219642	NA	0
1172	2	catch2	linuxbrew	1745312	1254942165	948640	613374	56918850	185479639	NA	0
1173	2	catch2	linuxbrew	1288012	1256230177	948655	613374	56977800	185674073	NA	0
1174	2	catch2	linuxbrew	620952	1256851129	948670	613374	57004039	185764175	NA	0
1175	2	catch2	linuxbrew	1330443	1258181572	948685	613374	57064612	185964420	NA	0
1176	2	catch2	linuxbrew	1031017	1259212589	948700	613374	57109595	186115690	NA	0
1177	2	catch2	linuxbrew	1513720	1260726309	948715	613374	57178142	186339054	NA	0
1178	2	catch2	linuxbrew	1328157	1262054466	948730	613374	57238503	186538282	NA	0
1179	2	catch2	linuxbrew	1334822	1263389288	948745	613374	57299202	186738707	NA	0
1180	2	catch2	linuxbrew	865470	1264254758	948760	613374	57338297	186869741	NA	0
1181	2	catch2	linuxbrew	831621	1265086379	948775	613374	57374273	186990985	NA	0
1182	2	catch2	linuxbrew	699449	1265785828	948790	613374	57405021	187093989	NA	0
1183	2	catch2	linuxbrew	1155199	1266941027	948805	613374	57457188	187268342	NA	0
1184	2	catch2	linuxbrew	588663	1267529690	948820	613374	57482186	187353798	NA	0
1185	2	catch2	linuxbrew	1289018	1268818708	948835	613374	57541278	187548627	NA	0
1186	2	catch2	linuxbrew	613915	1269432623	948850	613374	57567205	187637442	NA	0
1187	2	catch2	linuxbrew	443380	1269876003	948865	613374	57585883	187701763	NA	0
1188	2	catch2	linuxbrew	1353748	1271229751	948880	613374	57645836	187899335	NA	0
1189	2	catch2	linuxbrew	861195	1272090946	948895	613374	57684748	188029920	NA	0
1190	2	catch2	linuxbrew	1378402	1273469348	948910	613374	57748319	188237647	NA	0
1191	2	catch2	linuxbrew	1028063	1274497411	948925	613374	57793383	188388250	NA	0
1192	2	catch2	linuxbrew	1182803	1275680214	948940	613374	57847400	188567568	NA	0
1193	2	catch2	linuxbrew	1268083	1276948297	948955	613374	57905221	188758178	NA	0
1194	2	catch2	linuxbrew	1994171	1278942468	948970	613374	57993710	189055588	NA	0
1195	2	catch2	linuxbrew	597972	1279540440	948985	613374	58019191	189142311	NA	0
1196	2	catch2	linuxbrew	1176860	1280717300	949000	613374	58072963	189318331	NA	0
1197	2	catch2	linuxbrew	1276189	1281993489	949015	613374	58130755	189507415	NA	0
1198	2	catch2	linuxbrew	214732	1282208221	949030	613374	58138550	189537461	NA	0
1199	2	catch2	linuxbrew	1292263	1283500484	949045	613374	58198951	189733096	NA	0
1200	2	catch2	linuxbrew	12371	1283512855	949060	613374	58199468	189735507	NA	0
1201	2	catch2	linuxbrew	725223	1284238078	949075	613374	58231444	189843032	NA	0
1202	2	catch2	linuxbrew	827582	1285065660	949090	613374	58268977	189968312	NA	0
1203	2	catch2	linuxbrew	1169309	1286234969	949105	613374	58321817	190145979	NA	0
1204	2	catch2	linuxbrew	913922	1287148891	949120	613374	58361737	190276719	NA	0
1205	2	catch2	linuxbrew	1516024	1288664915	949135	613374	58431417	190501001	NA	0
1206	2	catch2	linuxbrew	1630020	1290294935	949150	613374	58506591	190746206	NA	0
1207	2	catch2	linuxbrew	1109348	1291404283	949165	613374	58557227	190915322	NA	0
1208	2	catch2	linuxbrew	19981	1291424264	949180	613374	58557983	190918781	NA	0
1209	2	catch2	linuxbrew	827611	1292251875	949195	613374	58595495	191043921	NA	0
1210	2	catch2	linuxbrew	927662	1293179537	949210	613374	58637672	191183355	NA	0
1211	2	catch2	linuxbrew	1106279	1294285816	949225	613374	58687365	191348350	NA	0
1212	2	catch2	linuxbrew	835924	1295121740	949240	613374	58725112	191474642	NA	0
1213	2	catch2	linuxbrew	728564	1295850304	949255	613374	58757074	191581925	NA	0
1214	2	catch2	linuxbrew	5794	1295856098	949270	613374	58757264	191583162	NA	0
1215	2	catch2	linuxbrew	954387	1296810485	949285	613374	58801097	191728803	NA	0
1216	2	catch2	linuxbrew	1098019	1297908504	949300	613374	58851167	191893322	NA	0
1217	2	catch2	linuxbrew	596522	1298505026	949315	613374	58873603	191973081	NA	0
1218	2	catch2	linuxbrew	52790	1298557816	949330	613374	58875666	191981836	NA	0
1219	2	catch2	linuxbrew	943913	1299501729	949345	613374	58918347	192123870	NA	0
1220	2	catch2	linuxbrew	1350987	1300852716	949360	613374	58978077	192319149	NA	0
1221	2	catch2	linuxbrew	1107213	1301959929	949375	613374	59027649	192484285	NA	0
1222	2	catch2	linuxbrew	589196	1302549125	949390	613374	59052606	192569844	NA	0
1223	2	catch2	linuxbrew	1092685	1303641810	949405	613374	59100332	192730060	NA	0
1224	2	catch2	linuxbrew	613981	1304255791	949420	613374	59126315	192819044	NA	0
1225	2	catch2	linuxbrew	926397	1305182188	949435	613374	59168095	192957965	NA	0
1226	2	catch2	linuxbrew	794095	1305976283	949450	613374	59202406	193072843	NA	0
1227	2	catch2	linuxbrew	579343	1306555626	949465	613374	59224159	193149897	NA	0
1228	2	catch2	linuxbrew	12411	1306568037	949480	613374	59224678	193152496	NA	0
1229	2	catch2	linuxbrew	1519234	1308087271	949495	613374	59290575	193366561	NA	0
1230	2	catch2	linuxbrew	1456187	1309543458	949510	613374	59357713	193586765	NA	0
1231	2	catch2	linuxbrew	1208479	1310751937	949525	744951	59410439	193759902	NA	1
1232	2	catch2	linuxbrew	1073615	1311825552	949540	744951	59459863	193922153	NA	0
1233	2	catch2	linuxbrew	1568976	1313394528	949555	744951	59531427	194156472	NA	0
1234	2	catch2	linuxbrew	627068	1314021596	949570	744951	59558149	194247891	NA	0
1235	2	catch2	linuxbrew	444307	1314465903	949585	744951	59576940	194312416	NA	0
1236	2	catch2	linuxbrew	848805	1315314708	949600	744951	59615164	194440059	NA	0
1237	2	catch2	linuxbrew	465156	1315779864	949615	744951	59634866	194508060	NA	0
1238	2	catch2	linuxbrew	867283	1316647147	949630	744951	59674064	194637895	NA	0
1239	2	catch2	linuxbrew	969156	1317616303	949645	744951	59718398	194785698	NA	0
1240	2	catch2	linuxbrew	1042271	1318658574	949660	744951	59765098	194938824	NA	0
1241	2	catch2	linuxbrew	1152327	1319810901	949675	744951	59818345	195113423	NA	0
1242	2	catch2	linuxbrew	730731	1320541632	949690	744951	59850483	195221405	NA	0
1243	2	catch2	linuxbrew	1391495	1321933127	949705	744951	59913631	195427196	NA	0
1244	2	catch2	linuxbrew	1175929	1323109056	949720	744951	59967491	195602962	NA	0
1245	2	catch2	linuxbrew	835848	1323944904	949735	744951	60005264	195729247	NA	0
1246	2	catch2	linuxbrew	1067724	1325012628	949750	744951	60053423	195887569	NA	0
1247	2	catch2	linuxbrew	739481	1325752109	949765	744951	60085993	195997221	NA	0
1248	2	catch2	linuxbrew	1165645	1326917754	949780	744951	60138942	196170360	NA	0
1249	2	catch2	linuxbrew	108349	1327026103	949795	744951	60143171	196186794	NA	0
1250	2	catch2	linuxbrew	971161	1327997264	949810	744951	60187880	196334830	NA	0
1251	2	catch2	linuxbrew	1173078	1329170342	949825	744951	60243005	196514135	NA	0
1252	2	catch2	linuxbrew	1119238	1330289580	949840	744951	60293027	196682185	NA	0
1253	2	catch2	linuxbrew	1335797	1331625377	949855	744951	60352794	196878541	NA	0
1254	2	catch2	linuxbrew	1120744	1332746121	949870	744951	60402895	197046892	NA	0
1255	2	catch2	linuxbrew	1775826	1334521947	949885	744951	60482158	197304903	NA	0
1256	2	catch2	linuxbrew	1121529	1335643476	949900	744951	60532290	197473536	NA	0
1257	2	catch2	linuxbrew	1337846	1336981322	949915	744951	60592068	197669847	NA	0
1258	2	catch2	linuxbrew	1987090	1338968412	949930	744951	60683804	197975201	NA	0
1259	2	catch2	linuxbrew	1333916	1340302328	949945	744951	60743503	198171267	NA	0
1260	2	catch2	linuxbrew	1124428	1341426756	949960	744951	60793912	198340341	NA	0
1261	2	catch2	linuxbrew	1547421	1342974177	949975	744951	60864920	198571209	NA	0
1262	2	catch2	linuxbrew	1669807	1344643984	950027	744951	60938159	198813250	NA	0
1263	2	catch2	linuxbrew	1641304	1346285288	950079	744951	61009794	199050841	NA	0
1264	2	catch2	linuxbrew	218940	1346504228	950094	744951	61017690	199081858	NA	0
1265	2	catch2	linuxbrew	839561	1347343789	950109	744951	61053814	199204188	NA	0
1266	2	catch2	linuxbrew	224821	1347568610	950124	744951	61061978	199236308	NA	0
1267	2	catch2	linuxbrew	946392	1348515002	950139	744951	61103754	199377425	NA	0
1268	2	catch2	linuxbrew	1478856	1349993858	950154	744951	61164635	199577723	NA	0
1269	2	catch2	linuxbrew	108113	1350101971	950169	744951	61168868	199594170	NA	0
1270	2	catch2	linuxbrew	1162036	1351264007	950184	744951	61221831	199769146	NA	0
1271	2	catch2	linuxbrew	1693799	1352957806	950199	744951	61295569	200010985	NA	0
1272	2	catch2	linuxbrew	836319	1353794125	950214	744951	61333284	200137180	NA	0
1273	2	catch2	linuxbrew	1271599	1355065724	950229	744951	61391408	200328877	NA	0
1274	2	catch2	linuxbrew	1070927	1356136651	950244	744951	61437639	200484291	NA	0
1275	2	catch2	linuxbrew	1321907	1357458558	950259	744951	61497589	200682257	NA	0
1276	2	catch2	linuxbrew	1350353	1358808911	950274	744951	61559236	200886244	NA	0
1277	2	catch2	linuxbrew	1231528	1360040439	950289	744951	61612812	201063848	NA	0
1278	2	catch2	linuxbrew	1031494	1361071933	950304	744951	61657685	201214827	NA	0
1279	2	catch2	linuxbrew	1879065	1362950998	950319	744951	61743001	201489280	NA	0
1280	2	catch2	linuxbrew	1478710	1364429708	950334	744951	61811064	201711032	NA	0
1281	2	catch2	linuxbrew	1745972	1366175680	950349	744951	61891442	201970957	NA	0
1282	2	catch2	linuxbrew	1288602	1367464282	950364	744951	61950303	202165311	NA	0
1283	2	catch2	linuxbrew	620606	1368084888	950379	744951	61976477	202255282	NA	0
1284	2	catch2	linuxbrew	1331033	1369415921	950394	744951	62036982	202455452	NA	0
1285	2	catch2	linuxbrew	1031316	1370447237	950409	744951	62081883	202606651	NA	0
1286	2	catch2	linuxbrew	1514358	1371961595	950424	744951	62150412	202829828	NA	0
1287	2	catch2	linuxbrew	1328711	1373290306	950439	744951	62210712	203028980	NA	0
1288	2	catch2	linuxbrew	1335412	1374625718	950454	744951	62271368	203229339	NA	0
1289	2	catch2	linuxbrew	865370	1375491088	950469	744951	62310419	203360209	NA	0
1290	2	catch2	linuxbrew	831872	1376322960	950484	744951	62346352	203481378	NA	0
1291	2	catch2	linuxbrew	699700	1377022660	950499	744951	62377063	203584282	NA	0
1292	2	catch2	linuxbrew	1155750	1378178410	950514	744951	62429191	203758541	NA	0
1293	2	catch2	linuxbrew	588308	1378766718	950529	744951	62454151	203843878	NA	0
1294	2	catch2	linuxbrew	1289617	1380056335	950544	744951	62513187	204038608	NA	0
1295	2	catch2	linuxbrew	613560	1380669895	950559	744951	62539066	204127297	NA	0
1296	2	catch2	linuxbrew	443882	1381113777	950574	744951	62557750	204191646	NA	0
1297	2	catch2	linuxbrew	1354287	1382468064	950589	744951	62617709	204389097	NA	0
1298	2	catch2	linuxbrew	861131	1383329195	950604	744951	62656573	204519450	NA	0
1299	2	catch2	linuxbrew	1378955	1384708150	950619	744951	62720045	204726913	NA	0
1300	2	catch2	linuxbrew	1028362	1385736512	950634	744951	62765013	204877457	NA	0
1301	2	catch2	linuxbrew	1183774	1386920286	950649	744951	62818970	205056861	NA	0
1302	2	catch2	linuxbrew	1268671	1388188957	950664	744951	62876785	205247392	NA	0
1303	2	catch2	linuxbrew	1993569	1390182526	950679	744951	62965140	205544474	NA	0
1304	2	catch2	linuxbrew	597626	1390780152	950694	744951	62990561	205631115	NA	0
1305	2	catch2	linuxbrew	1177414	1391957566	950709	744951	63044304	205807034	NA	0
1306	2	catch2	linuxbrew	1276779	1393234345	950724	744951	63102038	205995952	NA	0
1307	2	catch2	linuxbrew	214732	1393449077	950739	744951	63109833	206026003	NA	0
1308	2	catch2	linuxbrew	1292827	1394741904	950754	744951	63170196	206221528	NA	0
1309	2	catch2	linuxbrew	12371	1394754275	950769	744951	63170713	206223939	NA	0
1310	2	catch2	linuxbrew	725314	1395479589	950784	744951	63202634	206331326	NA	0
1311	2	catch2	linuxbrew	827518	1396307107	950799	744951	63240141	206456503	NA	0
1312	2	catch2	linuxbrew	1169860	1397476967	950814	744951	63292946	206633952	NA	0
1313	2	catch2	linuxbrew	914221	1398391188	950829	744951	63332845	206764568	NA	0
1314	2	catch2	linuxbrew	1516539	1399907727	950844	744951	63402478	206988682	NA	0
1315	2	catch2	linuxbrew	1630613	1401538340	950859	744951	63477652	207233792	NA	0
1316	2	catch2	linuxbrew	1109854	1402648194	950874	744951	63528215	207402920	NA	0
1317	2	catch2	linuxbrew	19981	1402668175	950889	744951	63528971	207406379	NA	0
1318	2	catch2	linuxbrew	827547	1403495722	950904	744951	63566423	207531339	NA	0
1319	2	catch2	linuxbrew	927597	1404423319	950919	744951	63608540	207670598	NA	0
1320	2	catch2	linuxbrew	1106830	1405530149	950934	744951	63658195	207835479	NA	0
1321	2	catch2	linuxbrew	836015	1406366164	950986	744951	63695989	207961723	NA	0
1322	2	catch2	linuxbrew	728815	1407094979	951001	744951	63727946	208068894	NA	0
1323	2	catch2	linuxbrew	5794	1407100773	951016	744951	63728136	208070131	NA	0
1324	2	catch2	linuxbrew	954128	1408054901	951031	744951	63771873	208215439	NA	0
1325	2	catch2	linuxbrew	1097967	1409152868	951046	744951	63821908	208379775	NA	0
1326	2	catch2	linuxbrew	596546	1409749414	951061	744951	63844344	208459539	NA	0
1327	2	catch2	linuxbrew	52790	1409802204	951076	744951	63846407	208468294	NA	0
1328	2	catch2	linuxbrew	943812	1410746016	951091	744951	63889038	208610221	NA	0
1329	2	catch2	linuxbrew	1350928	1412096944	951106	744951	63948754	208805325	NA	0
1330	2	catch2	linuxbrew	1107764	1413204708	951121	744951	63998317	208970362	NA	0
1331	2	catch2	linuxbrew	588841	1413793549	951136	744951	64023257	209055788	NA	0
1332	2	catch2	linuxbrew	1092984	1414886533	951151	744951	64070958	209215903	NA	0
1333	2	catch2	linuxbrew	613626	1415500159	951166	744951	64096923	209304760	NA	0
1334	2	catch2	linuxbrew	926266	1416426425	951181	744951	64138749	209443549	NA	0
1335	2	catch2	linuxbrew	794316	1417220741	951196	744951	64173006	209558250	NA	0
1336	2	catch2	linuxbrew	579367	1417800108	951211	744951	64194759	209635310	NA	0
1337	2	catch2	linuxbrew	12411	1417812519	951226	744951	64195278	209637909	NA	0
1338	2	catch2	linuxbrew	1519764	1419332283	951241	744951	64261203	209851795	NA	0
1339	2	catch2	linuxbrew	1457166	1420789449	951256	744951	64328270	210071870	NA	0
1340	2	catch2	linuxbrew	1208826	1421998275	951271	744951	64380965	210244907	NA	0
1341	2	catch2	linuxbrew	1074126	1423072401	951286	744951	64430377	210406970	NA	0
1342	2	catch2	linuxbrew	1569565	1424641966	951301	744951	64501900	210641131	NA	0
1343	2	catch2	linuxbrew	626713	1425268679	951316	774346	64528562	210732405	NA	1
1344	2	catch2	linuxbrew	444809	1425713488	951331	774346	64547339	210796976	NA	0
1345	2	catch2	linuxbrew	848741	1426562229	951346	774346	64585507	210924473	NA	0
1346	2	catch2	linuxbrew	465391	1427027620	951361	774346	64605201	210992407	NA	0
1347	2	catch2	linuxbrew	867188	1427894808	951376	774346	64644392	211122030	NA	0
1348	2	catch2	linuxbrew	969698	1428864506	951391	774346	64688676	211269721	NA	0
1349	2	catch2	linuxbrew	1042255	1429906761	951406	774346	64735366	211422638	NA	0
1350	2	catch2	linuxbrew	1152881	1431059642	951421	774346	64788530	211597057	NA	0
1351	2	catch2	linuxbrew	730982	1431790624	951436	774346	64820601	211704882	NA	0
1352	2	catch2	linuxbrew	1392097	1433182721	951451	774346	64883716	211910557	NA	0
1353	2	catch2	linuxbrew	1176483	1434359204	951466	774346	64937535	212086224	NA	0
1354	2	catch2	linuxbrew	835924	1435195128	951481	774346	64975290	212212461	NA	0
1355	2	catch2	linuxbrew	1068263	1436263391	951496	774346	65023402	212370612	NA	0
1356	2	catch2	linuxbrew	739732	1437003123	951511	774346	65055895	212480112	NA	0
1357	2	catch2	linuxbrew	1166235	1438169358	951526	774346	65108796	212653117	NA	0
1358	2	catch2	linuxbrew	108355	1438277713	951541	774346	65113025	212669552	NA	0
1359	2	catch2	linuxbrew	971667	1439249380	951556	774346	65157682	212817474	NA	0
1360	2	catch2	linuxbrew	1173597	1440422977	951571	774346	65212827	212996629	NA	0
1361	2	catch2	linuxbrew	1119789	1441542766	951586	774346	65262899	213164467	NA	0
1362	2	catch2	linuxbrew	1336396	1442879162	951601	774346	65322643	213360651	NA	0
1363	2	catch2	linuxbrew	1121295	1444000457	951616	774346	65372768	213528751	NA	0
1364	2	catch2	linuxbrew	1776426	1445776883	951631	774346	65451970	213786618	NA	0
1365	2	catch2	linuxbrew	1122080	1446898963	951646	774346	65502126	213955003	NA	0
1366	2	catch2	linuxbrew	1338445	1448237408	951661	774346	65561876	214151122	NA	0
1367	2	catch2	linuxbrew	1988158	1450225566	951676	774346	65653593	214456359	NA	0
1368	2	catch2	linuxbrew	1334515	1451560081	951691	774346	65713306	214652246	NA	0
1369	2	catch2	linuxbrew	1124979	1452685060	951706	774346	65763712	214821099	NA	0
1370	2	catch2	linuxbrew	1547984	1454233044	951721	774346	65834665	215051780	NA	0
1371	2	catch2	linuxbrew	1177818	1455410862	951773	774346	65887120	215226885	NA	0
1372	2	catch2	linuxbrew	218940	1455629802	951788	774346	65895016	215257902	NA	0
1373	2	catch2	linuxbrew	839561	1456469363	951803	774346	65931140	215380232	NA	0
1374	2	catch2	linuxbrew	224821	1456694184	951818	774346	65939304	215412352	NA	0
1375	2	catch2	linuxbrew	946392	1457640576	951833	774346	65981080	215553469	NA	0
1376	2	catch2	linuxbrew	1478856	1459119432	951848	774346	66041961	215753767	NA	0
1377	2	catch2	linuxbrew	108113	1459227545	951863	774346	66046194	215770214	NA	0
1378	2	catch2	linuxbrew	1162036	1460389581	951878	774346	66099157	215945190	NA	0
1379	2	catch2	linuxbrew	1693799	1462083380	951893	774346	66172895	216187029	NA	0
1380	2	catch2	linuxbrew	836319	1462919699	951908	774346	66210610	216313224	NA	0
1381	2	catch2	linuxbrew	1271599	1464191298	951923	774346	66268734	216504921	NA	0
1382	2	catch2	linuxbrew	1070927	1465262225	951938	774346	66314965	216660335	NA	0
1383	2	catch2	linuxbrew	1321907	1466584132	951953	774346	66374915	216858301	NA	0
1384	2	catch2	linuxbrew	1350353	1467934485	951968	774346	66436562	217062288	NA	0
1385	2	catch2	linuxbrew	1231528	1469166013	951983	774346	66490138	217239892	NA	0
1386	2	catch2	linuxbrew	1031494	1470197507	951998	774346	66535011	217390871	NA	0
1387	2	catch2	linuxbrew	1879065	1472076572	952013	774346	66620327	217665324	NA	0
1388	2	catch2	linuxbrew	1478710	1473555282	952028	774346	66688390	217887076	NA	0
1389	2	catch2	linuxbrew	1745972	1475301254	952043	774346	66768768	218147001	NA	0
1390	2	catch2	linuxbrew	1288602	1476589856	952058	774346	66827629	218341355	NA	0
1391	2	catch2	linuxbrew	620606	1477210462	952073	774346	66853803	218431326	NA	0
1392	2	catch2	linuxbrew	1331033	1478541495	952088	774346	66914308	218631496	NA	0
1393	2	catch2	linuxbrew	1031316	1479572811	952103	774346	66959209	218782695	NA	0
1394	2	catch2	linuxbrew	1514358	1481087169	952118	774346	67027738	219005872	NA	0
1395	2	catch2	linuxbrew	1328711	1482415880	952133	774346	67088038	219205024	NA	0
1396	2	catch2	linuxbrew	1335412	1483751292	952148	774346	67148694	219405383	NA	0
1397	2	catch2	linuxbrew	865370	1484616662	952163	774346	67187745	219536253	NA	0
1398	2	catch2	linuxbrew	831872	1485448534	952178	774346	67223678	219657422	NA	0
1399	2	catch2	linuxbrew	699700	1486148234	952193	774346	67254389	219760326	NA	0
1400	2	catch2	linuxbrew	1155750	1487303984	952208	774346	67306517	219934585	NA	0
1401	2	catch2	linuxbrew	588308	1487892292	952223	774346	67331477	220019922	NA	0
1402	2	catch2	linuxbrew	1289617	1489181909	952238	774346	67390513	220214652	NA	0
1403	2	catch2	linuxbrew	613560	1489795469	952253	774346	67416392	220303341	NA	0
1404	2	catch2	linuxbrew	443882	1490239351	952268	774346	67435076	220367690	NA	0
1405	2	catch2	linuxbrew	1354287	1491593638	952283	774346	67495035	220565141	NA	0
1406	2	catch2	linuxbrew	861131	1492454769	952298	774346	67533899	220695494	NA	0
1407	2	catch2	linuxbrew	1378955	1493833724	952313	774346	67597371	220902957	NA	0
1408	2	catch2	linuxbrew	1028362	1494862086	952328	774346	67642339	221053501	NA	0
1409	2	catch2	linuxbrew	1183774	1496045860	952343	774346	67696296	221232905	NA	0
1410	2	catch2	linuxbrew	1268671	1497314531	952358	774346	67754111	221423436	NA	0
1411	2	catch2	linuxbrew	1993569	1499308100	952373	774346	67842466	221720518	NA	0
1412	2	catch2	linuxbrew	597626	1499905726	952388	774346	67867887	221807159	NA	0
1413	2	catch2	linuxbrew	1177414	1501083140	952403	774346	67921630	221983078	NA	0
1414	2	catch2	linuxbrew	1276779	1502359919	952418	774346	67979364	222171996	NA	0
1415	2	catch2	linuxbrew	214732	1502574651	952433	774346	67987159	222202047	NA	0
1416	2	catch2	linuxbrew	1292827	1503867478	952448	774346	68047522	222397572	NA	0
1417	2	catch2	linuxbrew	12371	1503879849	952463	774346	68048039	222399983	NA	0
1418	2	catch2	linuxbrew	725314	1504605163	952478	774346	68079960	222507370	NA	0
1419	2	catch2	linuxbrew	827518	1505432681	952493	774346	68117467	222632547	NA	0
1420	2	catch2	linuxbrew	1169860	1506602541	952508	774346	68170272	222809996	NA	0
1421	2	catch2	linuxbrew	914221	1507516762	952523	774346	68210171	222940612	NA	0
1422	2	catch2	linuxbrew	1516539	1509033301	952538	774346	68279804	223164726	NA	0
1423	2	catch2	linuxbrew	1630613	1510663914	952553	774346	68354978	223409836	NA	0
1424	2	catch2	linuxbrew	1109854	1511773768	952568	774346	68405541	223578964	NA	0
1425	2	catch2	linuxbrew	19981	1511793749	952583	774346	68406297	223582423	NA	0
1426	2	catch2	linuxbrew	827547	1512621296	952598	774346	68443749	223707383	NA	0
1427	2	catch2	linuxbrew	927597	1513548893	952613	774346	68485866	223846642	NA	0
1428	2	catch2	linuxbrew	1106830	1514655723	952628	774346	68535521	224011523	NA	0
1429	2	catch2	linuxbrew	835824	1515491547	952680	774346	68573305	224137677	NA	0
1430	2	catch2	linuxbrew	728815	1516220362	952695	774346	68605262	224244848	NA	0
1431	2	catch2	linuxbrew	5794	1516226156	952710	774346	68605452	224246085	NA	0
1432	2	catch2	linuxbrew	954128	1517180284	952725	774346	68649189	224391393	NA	0
1433	2	catch2	linuxbrew	1097967	1518278251	952740	774346	68699224	224555729	NA	0
1434	2	catch2	linuxbrew	596546	1518874797	952755	774346	68721660	224635493	NA	0
1435	2	catch2	linuxbrew	52790	1518927587	952770	774346	68723723	224644248	NA	0
1436	2	catch2	linuxbrew	943812	1519871399	952785	774346	68766354	224786175	NA	0
1437	2	catch2	linuxbrew	1350928	1521222327	952800	774346	68826070	224981279	NA	0
1438	2	catch2	linuxbrew	1107764	1522330091	952815	774346	68875633	225146316	NA	0
1439	2	catch2	linuxbrew	588841	1522918932	952830	774346	68900573	225231742	NA	0
1440	2	catch2	linuxbrew	1092984	1524011916	952845	774346	68948274	225391857	NA	0
1441	2	catch2	linuxbrew	613626	1524625542	952860	774346	68974239	225480714	NA	0
1442	2	catch2	linuxbrew	926266	1525551808	952875	774346	69016065	225619503	NA	0
1443	2	catch2	linuxbrew	794316	1526346124	952890	774346	69050322	225734204	NA	0
1444	2	catch2	linuxbrew	579367	1526925491	952905	774346	69072075	225811264	NA	0
1445	2	catch2	linuxbrew	12411	1526937902	952920	774346	69072594	225813863	NA	0
1446	2	catch2	linuxbrew	1519764	1528457666	952935	774346	69138519	226027749	NA	0
1447	2	catch2	linuxbrew	1457166	1529914832	952950	774346	69205586	226247824	NA	0
1448	2	catch2	linuxbrew	1208826	1531123658	952965	774346	69258281	226420861	NA	0
1449	2	catch2	linuxbrew	1074126	1532197784	952980	774346	69307693	226582924	NA	0
1450	2	catch2	linuxbrew	1569565	1533767349	952995	774346	69379216	226817085	NA	0
1451	2	catch2	linuxbrew	626713	1534394062	953010	774346	69405878	226908359	NA	0
1452	2	catch2	linuxbrew	444809	1534838871	953025	774346	69424655	226972930	NA	0
1453	2	catch2	linuxbrew	848741	1535687612	953040	774346	69462823	227100427	NA	0
1454	2	catch2	linuxbrew	465391	1536153003	953055	774346	69482517	227168361	NA	0
1455	2	catch2	linuxbrew	867188	1537020191	953070	776176	69521708	227297984	NA	1
1456	2	catch2	linuxbrew	969698	1537989889	953085	776176	69565992	227445675	NA	0
1457	2	catch2	linuxbrew	1042255	1539032144	953100	776176	69612682	227598592	NA	0
1458	2	catch2	linuxbrew	1152881	1540185025	953115	776176	69665846	227773011	NA	0
1459	2	catch2	linuxbrew	730982	1540916007	953130	776176	69697917	227880836	NA	0
1460	2	catch2	linuxbrew	1392097	1542308104	953145	776176	69761032	228086511	NA	0
1461	2	catch2	linuxbrew	1176483	1543484587	953160	776176	69814851	228262178	NA	0
1462	2	catch2	linuxbrew	835924	1544320511	953175	776176	69852606	228388415	NA	0
1463	2	catch2	linuxbrew	1068263	1545388774	953190	776176	69900718	228546566	NA	0
1464	2	catch2	linuxbrew	739732	1546128506	953205	776176	69933211	228656066	NA	0
1465	2	catch2	linuxbrew	1166235	1547294741	953220	776176	69986112	228829071	NA	0
1466	2	catch2	linuxbrew	108355	1547403096	953235	776176	69990341	228845506	NA	0
1467	2	catch2	linuxbrew	971667	1548374763	953250	776176	70034998	228993428	NA	0
1468	2	catch2	linuxbrew	1173597	1549548360	953265	776176	70090143	229172583	NA	0
1469	2	catch2	linuxbrew	1119789	1550668149	953280	776176	70140215	229340421	NA	0
1470	2	catch2	linuxbrew	1336396	1552004545	953295	776176	70199959	229536605	NA	0
1471	2	catch2	linuxbrew	1121295	1553125840	953310	776176	70250084	229704705	NA	0
1472	2	catch2	linuxbrew	1776426	1554902266	953325	776176	70329286	229962572	NA	0
1473	2	catch2	linuxbrew	1122080	1556024346	953340	776176	70379442	230130957	NA	0
1474	2	catch2	linuxbrew	1338445	1557362791	953355	776176	70439192	230327076	NA	0
1475	2	catch2	linuxbrew	1988158	1559350949	953370	776176	70530909	230632313	NA	0
1476	2	catch2	linuxbrew	1334515	1560685464	953385	776176	70590622	230828200	NA	0
1477	2	catch2	linuxbrew	1124979	1561810443	953400	776176	70641028	230997053	NA	0
1478	2	catch2	linuxbrew	1547984	1563358427	953415	776176	70711981	231227734	NA	0
1479	2	catch2	linuxbrew	1129541	1564487968	953467	776176	70762471	231397692	NA	0
1480	2	catch2	linuxbrew	1351989	1565839957	953519	776176	70822943	231596916	NA	0
1481	2	catch2	linuxbrew	1129435	1566969392	953571	776176	70873434	231767016	NA	0
1482	2	catch2	linuxbrew	1127566	1568096958	953623	776176	70923976	231936753	NA	0
1483	2	catch2	linuxbrew	1127647	1569224605	953675	776176	70974445	232106755	NA	0
1484	2	catch2	linuxbrew	1382632	1570607237	953727	776176	71037149	232314414	NA	0
1485	2	catch2	linuxbrew	1891899	1572499136	953779	776176	71120923	232590566	NA	0
1486	2	catch2	linuxbrew	1315264	1573814400	953831	776176	71181035	232787388	NA	0
1487	2	catch2	linuxbrew	1384636	1575199036	953883	776176	71244063	232995951	NA	0
1488	2	catch2	linuxbrew	1363880	1576562916	953935	776176	71305860	233200277	NA	0
1489	2	catch2	linuxbrew	1363982	1577926898	953987	776176	71367672	233404657	NA	0
1490	2	catch2	linuxbrew	1368033	1579294931	954039	776176	71429633	233609574	NA	0
1491	2	catch2	linuxbrew	1370945	1580665876	954091	776176	71491710	233814919	NA	0
1492	2	catch2	linuxbrew	1554887	1582220763	954143	776176	71561998	234044287	NA	0
1493	2	catch2	linuxbrew	1127579	1583348342	954195	776176	71612467	234214087	NA	0
1494	2	catch2	linuxbrew	1127847	1584476189	954247	776176	71662936	234383910	NA	0
1495	2	catch2	linuxbrew	1127652	1585603841	954299	776176	71713405	234553735	NA	0
1496	2	catch2	linuxbrew	1128013	1586731854	954351	776176	71763876	234723581	NA	0
1497	2	catch2	linuxbrew	1323169	1588055023	954403	776176	71823922	234922918	NA	0
1498	2	catch2	linuxbrew	1166116	1589221139	954455	776176	71877217	235100920	NA	0
1499	2	catch2	linuxbrew	1127544	1590348683	954507	776176	71927698	235270718	NA	0
1500	2	catch2	linuxbrew	1343097	1591691780	954559	776176	71988307	235472763	NA	0
1501	2	catch2	linuxbrew	232	1591692012	954610	776176	71988329	235472887	NA	0
1502	2	catch2	linuxbrew	1130017	1592822029	954662	776176	72038823	235642902	NA	0
1503	2	catch2	linuxbrew	1142909	1593964938	954714	776176	72089685	235813703	NA	0
1504	2	catch2	linuxbrew	218940	1594183878	954729	776176	72097581	235844715	NA	0
1505	2	catch2	linuxbrew	839310	1595023188	954744	776176	72133758	235967158	NA	0
1506	2	catch2	linuxbrew	224821	1595248009	954759	776176	72141922	235999273	NA	0
1507	2	catch2	linuxbrew	946492	1596194501	954774	776176	72183730	236140609	NA	0
1508	2	catch2	linuxbrew	1478533	1597673034	954789	776176	72244637	236341070	NA	0
1509	2	catch2	linuxbrew	108107	1597781141	954804	776176	72248869	236357515	NA	0
1510	2	catch2	linuxbrew	1161485	1598942626	954819	776176	72301879	236532612	NA	0
1511	2	catch2	linuxbrew	1693224	1600635850	954834	776176	72375647	236774436	NA	0
1512	2	catch2	linuxbrew	836419	1601472269	954849	776176	72413398	236900812	NA	0
1513	2	catch2	linuxbrew	1271009	1602743278	954864	776176	72471570	237092602	NA	0
1514	2	catch2	linuxbrew	1070628	1603813906	954879	776176	72517858	237248021	NA	0
1515	2	catch2	linuxbrew	1321317	1605135223	954894	776176	72577875	237446119	NA	0
1516	2	catch2	linuxbrew	1349763	1606484986	954909	776176	72639593	237650120	NA	0
1517	2	catch2	linuxbrew	1231181	1607716167	954924	776176	72693249	237827968	NA	0
1518	2	catch2	linuxbrew	1031195	1608747362	954939	776176	72738181	237979064	NA	0
1519	2	catch2	linuxbrew	1878381	1610625743	954954	776176	72823521	238253415	NA	0
1520	2	catch2	linuxbrew	1477695	1612103438	954969	776176	72891658	238475477	NA	0
1521	2	catch2	linuxbrew	1745312	1613848750	954984	776176	72972166	238735474	NA	0
1522	2	catch2	linuxbrew	1288012	1615136762	954999	776176	73031116	238929908	NA	0
1523	2	catch2	linuxbrew	620952	1615757714	955014	776176	73057355	239020010	NA	0
1524	2	catch2	linuxbrew	1330443	1617088157	955029	776176	73117928	239220255	NA	0
1525	2	catch2	linuxbrew	1031017	1618119174	955044	776176	73162911	239371525	NA	0
1526	2	catch2	linuxbrew	1513720	1619632894	955059	776176	73231458	239594889	NA	0
1527	2	catch2	linuxbrew	1328157	1620961051	955074	776176	73291819	239794117	NA	0
1528	2	catch2	linuxbrew	1334822	1622295873	955089	776176	73352518	239994542	NA	0
1529	2	catch2	linuxbrew	865470	1623161343	955104	776176	73391613	240125576	NA	0
1530	2	catch2	linuxbrew	831621	1623992964	955119	776176	73427589	240246820	NA	0
1531	2	catch2	linuxbrew	699449	1624692413	955134	776176	73458337	240349824	NA	0
1532	2	catch2	linuxbrew	1155199	1625847612	955149	776176	73510504	240524177	NA	0
1533	2	catch2	linuxbrew	588663	1626436275	955164	776176	73535502	240609633	NA	0
1534	2	catch2	linuxbrew	1289018	1627725293	955179	776176	73594594	240804462	NA	0
1535	2	catch2	linuxbrew	613915	1628339208	955194	776176	73620521	240893277	NA	0
1536	2	catch2	linuxbrew	443380	1628782588	955209	776176	73639199	240957598	NA	0
1537	2	catch2	linuxbrew	1353748	1630136336	955224	776176	73699152	241155170	NA	0
1538	2	catch2	linuxbrew	861195	1630997531	955239	776176	73738064	241285755	NA	0
1539	2	catch2	linuxbrew	1378402	1632375933	955254	776176	73801635	241493482	NA	0
1540	2	catch2	linuxbrew	1028063	1633403996	955269	776176	73846699	241644085	NA	0
1541	2	catch2	linuxbrew	1182803	1634586799	955284	776176	73900716	241823403	NA	0
1542	2	catch2	linuxbrew	1268083	1635854882	955299	776176	73958537	242014013	NA	0
1543	2	catch2	linuxbrew	1994171	1637849053	955314	776176	74047026	242311423	NA	0
1544	2	catch2	linuxbrew	597972	1638447025	955329	776176	74072507	242398146	NA	0
1545	2	catch2	linuxbrew	1176860	1639623885	955344	776176	74126279	242574166	NA	0
1546	2	catch2	linuxbrew	1276189	1640900074	955359	776176	74184071	242763250	NA	0
1547	2	catch2	linuxbrew	214732	1641114806	955374	776176	74191866	242793296	NA	0
1548	2	catch2	linuxbrew	1292263	1642407069	955389	776176	74252267	242988931	NA	0
1549	2	catch2	linuxbrew	12371	1642419440	955404	776176	74252784	242991342	NA	0
1550	2	catch2	linuxbrew	725223	1643144663	955419	776176	74284760	243098867	NA	0
1551	2	catch2	linuxbrew	827582	1643972245	955434	776176	74322293	243224147	NA	0
1552	2	catch2	linuxbrew	1169309	1645141554	955449	776176	74375133	243401814	NA	0
1553	2	catch2	linuxbrew	913922	1646055476	955464	776176	74415053	243532554	NA	0
1554	2	catch2	linuxbrew	1516024	1647571500	955479	776176	74484733	243756836	NA	0
1555	2	catch2	linuxbrew	1630020	1649201520	955494	776176	74559907	244002041	NA	0
1556	2	catch2	linuxbrew	1109348	1650310868	955509	776176	74610543	244171157	NA	0
1557	2	catch2	linuxbrew	19981	1650330849	955524	776176	74611299	244174616	NA	0
1558	2	catch2	linuxbrew	827611	1651158460	955539	776176	74648811	244299756	NA	0
1559	2	catch2	linuxbrew	927662	1652086122	955554	776176	74690988	244439190	NA	0
1560	2	catch2	linuxbrew	1106279	1653192401	955569	776176	74740681	244604185	NA	0
1561	2	catch2	linuxbrew	835924	1654028325	955584	776176	74778428	244730477	NA	0
1562	2	catch2	linuxbrew	728564	1654756889	955599	776176	74810390	244837760	NA	0
1563	2	catch2	linuxbrew	5794	1654762683	955614	776176	74810580	244838997	NA	0
1564	2	catch2	linuxbrew	954387	1655717070	955629	776176	74854413	244984638	NA	0
1565	2	catch2	linuxbrew	1098019	1656815089	955644	776176	74904483	245149157	NA	0
1566	2	catch2	linuxbrew	596522	1657411611	955659	776176	74926919	245228916	NA	0
1567	2	catch2	linuxbrew	52790	1657464401	955674	777645	74928982	245237671	NA	1
1568	2	catch2	linuxbrew	943913	1658408314	955689	777645	74971663	245379705	NA	0
1569	2	catch2	linuxbrew	1350987	1659759301	955704	777645	75031393	245574984	NA	0
1570	2	catch2	linuxbrew	1107213	1660866514	955719	777645	75080965	245740120	NA	0
1571	2	catch2	linuxbrew	589196	1661455710	955734	777645	75105922	245825679	NA	0
1572	2	catch2	linuxbrew	1092685	1662548395	955749	777645	75153648	245985895	NA	0
1573	2	catch2	linuxbrew	613981	1663162376	955764	777645	75179631	246074879	NA	0
1574	2	catch2	linuxbrew	926397	1664088773	955779	777645	75221411	246213800	NA	0
1575	2	catch2	linuxbrew	794095	1664882868	955794	777645	75255722	246328678	NA	0
1576	2	catch2	linuxbrew	579343	1665462211	955809	777645	75277475	246405732	NA	0
1577	2	catch2	linuxbrew	12411	1665474622	955824	777645	75277994	246408331	NA	0
1578	2	catch2	linuxbrew	1519234	1666993856	955839	777645	75343891	246622396	NA	0
1579	2	catch2	linuxbrew	1456187	1668450043	955854	777645	75411029	246842600	NA	0
1580	2	catch2	linuxbrew	1208479	1669658522	955869	777645	75463755	247015737	NA	0
1581	2	catch2	linuxbrew	1073615	1670732137	955884	777645	75513179	247177988	NA	0
1582	2	catch2	linuxbrew	1568976	1672301113	955899	777645	75584743	247412307	NA	0
1583	2	catch2	linuxbrew	627068	1672928181	955914	777645	75611465	247503726	NA	0
1584	2	catch2	linuxbrew	444307	1673372488	955929	777645	75630256	247568251	NA	0
1585	2	catch2	linuxbrew	848805	1674221293	955944	777645	75668480	247695894	NA	0
1586	2	catch2	linuxbrew	465156	1674686449	955959	777645	75688182	247763895	NA	0
1587	2	catch2	linuxbrew	867283	1675553732	955974	777645	75727380	247893730	NA	0
1588	2	catch2	linuxbrew	969156	1676522888	955989	777645	75771714	248041533	NA	0
1589	2	catch2	linuxbrew	1042271	1677565159	956004	777645	75818414	248194659	NA	0
1590	2	catch2	linuxbrew	1152327	1678717486	956019	777645	75871661	248369258	NA	0
1591	2	catch2	linuxbrew	730731	1679448217	956034	777645	75903799	248477240	NA	0
1592	2	catch2	linuxbrew	1391495	1680839712	956049	777645	75966947	248683031	NA	0
1593	2	catch2	linuxbrew	1175929	1682015641	956064	777645	76020807	248858797	NA	0
1594	2	catch2	linuxbrew	835848	1682851489	956079	777645	76058580	248985082	NA	0
1595	2	catch2	linuxbrew	1067724	1683919213	956094	777645	76106739	249143404	NA	0
1596	2	catch2	linuxbrew	739481	1684658694	956109	777645	76139309	249253056	NA	0
1597	2	catch2	linuxbrew	1165645	1685824339	956124	777645	76192258	249426195	NA	0
1598	2	catch2	linuxbrew	108349	1685932688	956139	777645	76196487	249442629	NA	0
1599	2	catch2	linuxbrew	971161	1686903849	956154	777645	76241196	249590665	NA	0
1600	2	catch2	linuxbrew	1173078	1688076927	956169	777645	76296321	249769970	NA	0
1601	2	catch2	linuxbrew	1119238	1689196165	956184	777645	76346343	249938020	NA	0
1602	2	catch2	linuxbrew	1335797	1690531962	956199	777645	76406110	250134376	NA	0
1603	2	catch2	linuxbrew	1120744	1691652706	956214	777645	76456211	250302727	NA	0
1604	2	catch2	linuxbrew	1775826	1693428532	956229	777645	76535474	250560738	NA	0
1605	2	catch2	linuxbrew	1121529	1694550061	956244	777645	76585606	250729371	NA	0
1606	2	catch2	linuxbrew	1337846	1695887907	956259	777645	76645384	250925682	NA	0
1607	2	catch2	linuxbrew	1987090	1697874997	956274	777645	76737120	251231036	NA	0
1608	2	catch2	linuxbrew	1333916	1699208913	956289	777645	76796819	251427102	NA	0
1609	2	catch2	linuxbrew	1124428	1700333341	956304	777645	76847228	251596176	NA	0
1610	2	catch2	linuxbrew	1547421	1701880762	956319	777645	76918236	251827044	NA	0
1611	2	catch2	linuxbrew	2615093	1704495855	956371	777645	77030768	252217648	NA	0
1612	2	catch2	linuxbrew	3631777	1708127632	956423	777645	77195634	252781203	NA	0
1613	2	catch2	linuxbrew	1220651	1709348283	956475	777645	77250603	252965215	NA	0
1614	2	catch2	linuxbrew	218940	1709567223	956490	777645	77258499	252996227	NA	0
1615	2	catch2	linuxbrew	839310	1710406533	956505	777645	77294676	253118670	NA	0
1616	2	catch2	linuxbrew	224821	1710631354	956520	777645	77302840	253150785	NA	0
1617	2	catch2	linuxbrew	946492	1711577846	956535	777645	77344648	253292121	NA	0
1618	2	catch2	linuxbrew	1478533	1713056379	956550	777645	77405555	253492582	NA	0
1619	2	catch2	linuxbrew	108107	1713164486	956565	777645	77409787	253509027	NA	0
1620	2	catch2	linuxbrew	1161485	1714325971	956580	777645	77462797	253684124	NA	0
1621	2	catch2	linuxbrew	1693224	1716019195	956595	777645	77536565	253925948	NA	0
1622	2	catch2	linuxbrew	836419	1716855614	956610	777645	77574316	254052324	NA	0
1623	2	catch2	linuxbrew	1271009	1718126623	956625	777645	77632488	254244114	NA	0
1624	2	catch2	linuxbrew	1070628	1719197251	956640	777645	77678776	254399533	NA	0
1625	2	catch2	linuxbrew	1321317	1720518568	956655	777645	77738793	254597631	NA	0
1626	2	catch2	linuxbrew	1349763	1721868331	956670	777645	77800511	254801632	NA	0
1627	2	catch2	linuxbrew	1231181	1723099512	956685	777645	77854167	254979480	NA	0
1628	2	catch2	linuxbrew	1031195	1724130707	956700	777645	77899099	255130576	NA	0
1629	2	catch2	linuxbrew	1878381	1726009088	956715	777645	77984439	255404927	NA	0
1630	2	catch2	linuxbrew	1477695	1727486783	956730	777645	78052576	255626989	NA	0
1631	2	catch2	linuxbrew	1745312	1729232095	956745	777645	78133084	255886986	NA	0
1632	2	catch2	linuxbrew	1288012	1730520107	956760	777645	78192034	256081420	NA	0
1633	2	catch2	linuxbrew	620952	1731141059	956775	777645	78218273	256171522	NA	0
1634	2	catch2	linuxbrew	1330443	1732471502	956790	777645	78278846	256371767	NA	0
1635	2	catch2	linuxbrew	1031017	1733502519	956805	777645	78323829	256523037	NA	0
1636	2	catch2	linuxbrew	1513720	1735016239	956820	777645	78392376	256746401	NA	0
1637	2	catch2	linuxbrew	1328157	1736344396	956835	777645	78452737	256945629	NA	0
1638	2	catch2	linuxbrew	1334822	1737679218	956850	777645	78513436	257146054	NA	0
1639	2	catch2	linuxbrew	865470	1738544688	956865	777645	78552531	257277088	NA	0
1640	2	catch2	linuxbrew	831621	1739376309	956880	777645	78588507	257398332	NA	0
1641	2	catch2	linuxbrew	699449	1740075758	956895	777645	78619255	257501336	NA	0
1642	2	catch2	linuxbrew	1155199	1741230957	956910	777645	78671422	257675689	NA	0
1643	2	catch2	linuxbrew	588663	1741819620	956925	777645	78696420	257761145	NA	0
1644	2	catch2	linuxbrew	1289018	1743108638	956940	777645	78755512	257955974	NA	0
1645	2	catch2	linuxbrew	613915	1743722553	956955	777645	78781439	258044789	NA	0
1646	2	catch2	linuxbrew	443380	1744165933	956970	777645	78800117	258109110	NA	0
1647	2	catch2	linuxbrew	1353748	1745519681	956985	777645	78860070	258306682	NA	0
1648	2	catch2	linuxbrew	861195	1746380876	957000	777645	78898982	258437267	NA	0
1649	2	catch2	linuxbrew	1378402	1747759278	957015	777645	78962553	258644994	NA	0
1650	2	catch2	linuxbrew	1028063	1748787341	957030	777645	79007617	258795597	NA	0
1651	2	catch2	linuxbrew	1182803	1749970144	957045	777645	79061634	258974915	NA	0
1652	2	catch2	linuxbrew	1268083	1751238227	957060	777645	79119455	259165525	NA	0
1653	2	catch2	linuxbrew	2053898	1753292125	957112	777645	79210126	259470587	NA	0
1654	2	catch2	linuxbrew	597972	1753890097	957127	777645	79235607	259557310	NA	0
1655	2	catch2	linuxbrew	1176860	1755066957	957142	777645	79289379	259733330	NA	0
1656	2	catch2	linuxbrew	1276189	1756343146	957157	777645	79347171	259922414	NA	0
1657	2	catch2	linuxbrew	214732	1756557878	957172	777645	79354966	259952460	NA	0
1658	2	catch2	linuxbrew	1292263	1757850141	957187	777645	79415367	260148095	NA	0
1659	2	catch2	linuxbrew	12371	1757862512	957202	777645	79415884	260150506	NA	0
1660	2	catch2	linuxbrew	725223	1758587735	957217	777645	79447860	260258031	NA	0
1661	2	catch2	linuxbrew	827582	1759415317	957232	777645	79485393	260383311	NA	0
1662	2	catch2	linuxbrew	1310073	1760725390	957284	777645	79544289	260579226	NA	0
1663	2	catch2	linuxbrew	913922	1761639312	957299	777645	79584209	260709966	NA	0
1664	2	catch2	linuxbrew	1516024	1763155336	957314	777645	79653889	260934248	NA	0
1665	2	catch2	linuxbrew	1630020	1764785356	957329	777645	79729063	261179453	NA	0
1666	2	catch2	linuxbrew	1109348	1765894704	957344	777645	79779699	261348569	NA	0
1667	2	catch2	linuxbrew	19981	1765914685	957359	777645	79780455	261352028	NA	0
1668	2	catch2	linuxbrew	827611	1766742296	957374	777645	79817967	261477168	NA	0
1669	2	catch2	linuxbrew	927662	1767669958	957389	777645	79860144	261616602	NA	0
1670	2	catch2	linuxbrew	1106279	1768776237	957404	777645	79909837	261781597	NA	0
1671	2	catch2	linuxbrew	835924	1769612161	957419	777645	79947584	261907889	NA	0
1672	2	catch2	linuxbrew	728564	1770340725	957434	777645	79979546	262015172	NA	0
1673	2	catch2	linuxbrew	5794	1770346519	957449	777645	79979736	262016409	NA	0
1674	2	catch2	linuxbrew	954387	1771300906	957464	777645	80023569	262162050	NA	0
1675	2	catch2	linuxbrew	1098019	1772398925	957479	777645	80073639	262326569	NA	0
1676	2	catch2	linuxbrew	596522	1772995447	957494	777645	80096075	262406328	NA	0
1677	2	catch2	linuxbrew	52790	1773048237	957509	777645	80098138	262415083	NA	0
1678	2	catch2	linuxbrew	943913	1773992150	957524	777645	80140819	262557117	NA	0
1679	2	catch2	linuxbrew	1350987	1775343137	957539	867269	80200549	262752396	NA	1
1680	2	catch2	linuxbrew	1107213	1776450350	957554	867269	80250121	262917532	NA	0
1681	2	catch2	linuxbrew	589196	1777039546	957569	867269	80275078	263003091	NA	0
1682	2	catch2	linuxbrew	1092685	1778132231	957584	867269	80322804	263163307	NA	0
1683	2	catch2	linuxbrew	613994	1778746225	957636	867269	80348787	263252293	NA	0
1684	2	catch2	linuxbrew	926397	1779672622	957651	867269	80390567	263391214	NA	0
1685	2	catch2	linuxbrew	794095	1780466717	957666	867269	80424878	263506092	NA	0
1686	2	catch2	linuxbrew	579343	1781046060	957681	867269	80446631	263583146	NA	0
1687	2	catch2	linuxbrew	12411	1781058471	957696	867269	80447150	263585745	NA	0
1688	2	catch2	linuxbrew	1519234	1782577705	957711	867269	80513047	263799810	NA	0
1689	2	catch2	linuxbrew	1456187	1784033892	957726	867269	80580185	264020014	NA	0
1690	2	catch2	linuxbrew	1208479	1785242371	957741	867269	80632911	264193151	NA	0
1691	2	catch2	linuxbrew	1258003	1786500374	957793	867269	80689919	264378598	NA	0
1692	2	catch2	linuxbrew	1654048	1788154422	957845	867269	80764824	264623062	NA	0
1693	2	catch2	linuxbrew	627068	1788781490	957860	867269	80791546	264714481	NA	0
1694	2	catch2	linuxbrew	444307	1789225797	957875	867269	80810337	264779006	NA	0
1695	2	catch2	linuxbrew	848805	1790074602	957890	867269	80848561	264906649	NA	0
1696	2	catch2	linuxbrew	465156	1790539758	957905	867269	80868263	264974650	NA	0
1697	2	catch2	linuxbrew	867283	1791407041	957920	867269	80907461	265104485	NA	0
1698	2	catch2	linuxbrew	969156	1792376197	957935	867269	80951795	265252288	NA	0
1699	2	catch2	linuxbrew	1042271	1793418468	957950	867269	80998495	265405414	NA	0
1700	2	catch2	linuxbrew	1152327	1794570795	957965	867269	81051742	265580013	NA	0
1701	2	catch2	linuxbrew	730731	1795301526	957980	867269	81083880	265687995	NA	0
1702	2	catch2	linuxbrew	1391495	1796693021	957995	867269	81147028	265893786	NA	0
1703	2	catch2	linuxbrew	1175929	1797868950	958010	867269	81200888	266069552	NA	0
1704	2	catch2	linuxbrew	835848	1798704798	958025	867269	81238661	266195837	NA	0
1705	2	catch2	linuxbrew	1067724	1799772522	958040	867269	81286820	266354159	NA	0
1706	2	catch2	linuxbrew	739481	1800512003	958055	867269	81319390	266463811	NA	0
1707	2	catch2	linuxbrew	1165645	1801677648	958070	867269	81372339	266636950	NA	0
1708	2	catch2	linuxbrew	108349	1801785997	958085	867269	81376568	266653384	NA	0
1709	2	catch2	linuxbrew	971161	1802757158	958100	867269	81421277	266801420	NA	0
1710	2	catch2	linuxbrew	1173078	1803930236	958115	867269	81476402	266980725	NA	0
1711	2	catch2	linuxbrew	1119238	1805049474	958130	867269	81526424	267148775	NA	0
1712	2	catch2	linuxbrew	1335797	1806385271	958145	867269	81586191	267345131	NA	0
1713	2	catch2	linuxbrew	1120744	1807506015	958160	867269	81636292	267513482	NA	0
1714	2	catch2	linuxbrew	1775826	1809281841	958175	867269	81715555	267771493	NA	0
1715	2	catch2	linuxbrew	1121529	1810403370	958190	867269	81765687	267940126	NA	0
1716	2	catch2	linuxbrew	1337846	1811741216	958205	867269	81825465	268136437	NA	0
1717	2	catch2	linuxbrew	1987090	1813728306	958220	867269	81917201	268441791	NA	0
1718	2	catch2	linuxbrew	1333916	1815062222	958235	867269	81976900	268637857	NA	0
1719	2	catch2	linuxbrew	1124428	1816186650	958250	867269	82027309	268806931	NA	0
1720	2	catch2	linuxbrew	1547421	1817734071	958265	867269	82098317	269037799	NA	0
1721	2	catch2	linuxbrew	1195395	1818929466	958317	867269	82151937	269218194	NA	0
1722	3	catch2	linuxbrew	218940	1819148406	958332	867269	82159833	269249206	NA	0
1723	3	catch2	linuxbrew	839310	1819987716	958347	867269	82196010	269371649	NA	0
1724	3	catch2	linuxbrew	224821	1820212537	958362	867269	82204174	269403764	NA	0
1725	3	catch2	linuxbrew	946492	1821159029	958377	867269	82245982	269545100	NA	0
1726	3	catch2	linuxbrew	1478533	1822637562	958392	867269	82306889	269745561	NA	0
1727	3	catch2	linuxbrew	108107	1822745669	958407	867269	82311121	269762006	NA	0
1728	3	catch2	linuxbrew	1161485	1823907154	958422	867269	82364131	269937103	NA	0
1729	3	catch2	linuxbrew	1693224	1825600378	958437	867269	82437899	270178927	NA	0
1730	3	catch2	linuxbrew	836419	1826436797	958452	867269	82475650	270305303	NA	0
1731	3	catch2	linuxbrew	1271009	1827707806	958467	867269	82533822	270497093	NA	0
1732	3	catch2	linuxbrew	1070628	1828778434	958482	867269	82580110	270652512	NA	0
1733	3	catch2	linuxbrew	1321317	1830099751	958497	867269	82640127	270850610	NA	0
1734	3	catch2	linuxbrew	1349763	1831449514	958512	867269	82701845	271054611	NA	0
1735	3	catch2	linuxbrew	1231181	1832680695	958527	867269	82755501	271232459	NA	0
1736	3	catch2	linuxbrew	1031195	1833711890	958542	867269	82800433	271383555	NA	0
1737	3	catch2	linuxbrew	1878381	1835590271	958557	867269	82885773	271657906	NA	0
1738	3	catch2	linuxbrew	1477695	1837067966	958572	867269	82953910	271879968	NA	0
1739	3	catch2	linuxbrew	1745312	1838813278	958587	867269	83034418	272139965	NA	0
1740	3	catch2	linuxbrew	1288012	1840101290	958602	867269	83093368	272334399	NA	0
1741	3	catch2	linuxbrew	620952	1840722242	958617	867269	83119607	272424501	NA	0
1742	3	catch2	linuxbrew	1330443	1842052685	958632	867269	83180180	272624746	NA	0
1743	3	catch2	linuxbrew	1031017	1843083702	958647	867269	83225163	272776016	NA	0
1744	3	catch2	linuxbrew	1513720	1844597422	958662	867269	83293710	272999380	NA	0
1745	3	catch2	linuxbrew	1328157	1845925579	958677	867269	83354071	273198608	NA	0
1746	3	catch2	linuxbrew	1334822	1847260401	958692	867269	83414770	273399033	NA	0
1747	3	catch2	linuxbrew	865445	1848125846	958707	867269	83453865	273530064	NA	0
1748	3	catch2	linuxbrew	831621	1848957467	958722	867269	83489841	273651308	NA	0
1749	3	catch2	linuxbrew	699449	1849656916	958737	867269	83520589	273754312	NA	0
1750	3	catch2	linuxbrew	1155199	1850812115	958752	867269	83572756	273928665	NA	0
1751	3	catch2	linuxbrew	588663	1851400778	958767	867269	83597754	274014121	NA	0
1752	3	catch2	linuxbrew	1289018	1852689796	958782	867269	83656846	274208950	NA	0
1753	3	catch2	linuxbrew	613915	1853303711	958797	867269	83682773	274297765	NA	0
1754	3	catch2	linuxbrew	443380	1853747091	958812	867269	83701451	274362086	NA	0
1755	3	catch2	linuxbrew	1353748	1855100839	958827	867269	83761404	274559658	NA	0
1756	3	catch2	linuxbrew	861195	1855962034	958842	867269	83800316	274690243	NA	0
1757	3	catch2	linuxbrew	1378402	1857340436	958857	867269	83863887	274897970	NA	0
1758	3	catch2	linuxbrew	1028063	1858368499	958872	867269	83908951	275048573	NA	0
1759	3	catch2	linuxbrew	1182778	1859551277	958887	867269	83962968	275227894	NA	0
1760	3	catch2	linuxbrew	1268083	1860819360	958902	867269	84020789	275418504	NA	0
1761	3	catch2	linuxbrew	1994146	1862813506	958917	867269	84109278	275715917	NA	0
1762	3	catch2	linuxbrew	597972	1863411478	958932	867269	84134759	275802640	NA	0
1763	3	catch2	linuxbrew	1176860	1864588338	958947	867269	84188531	275978660	NA	0
1764	3	catch2	linuxbrew	1276189	1865864527	958962	867269	84246323	276167744	NA	0
1765	3	catch2	linuxbrew	214732	1866079259	958977	867269	84254118	276197790	NA	0
1766	3	catch2	linuxbrew	1292263	1867371522	958992	867269	84314519	276393425	NA	0
1767	3	catch2	linuxbrew	12371	1867383893	959007	867269	84315036	276395836	NA	0
1768	3	catch2	linuxbrew	725223	1868109116	959022	867269	84347012	276503361	NA	0
1769	3	catch2	linuxbrew	827582	1868936698	959037	867269	84384545	276628641	NA	0
1770	3	catch2	linuxbrew	1169309	1870106007	959052	867269	84437385	276806308	NA	0
1771	3	catch2	linuxbrew	913922	1871019929	959067	867269	84477305	276937048	NA	0
1772	3	catch2	linuxbrew	1516024	1872535953	959082	867269	84546985	277161330	NA	0
1773	3	catch2	linuxbrew	1630020	1874165973	959097	867269	84622159	277406535	NA	0
1774	3	catch2	linuxbrew	1109298	1875275271	959112	867269	84672795	277575653	NA	0
1775	3	catch2	linuxbrew	19981	1875295252	959127	867269	84673551	277579112	NA	0
1776	3	catch2	linuxbrew	827611	1876122863	959142	867269	84711063	277704252	NA	0
1777	3	catch2	linuxbrew	927662	1877050525	959157	867269	84753240	277843686	NA	0
1778	3	catch2	linuxbrew	1106279	1878156804	959172	867269	84802933	278008681	NA	0
1779	3	catch2	linuxbrew	835924	1878992728	959187	867269	84840680	278134973	NA	0
1780	3	catch2	linuxbrew	728564	1879721292	959202	867269	84872642	278242256	NA	0
1781	3	catch2	linuxbrew	5794	1879727086	959217	867269	84872832	278243493	NA	0
1782	3	catch2	linuxbrew	954387	1880681473	959232	867269	84916665	278389134	NA	0
1783	3	catch2	linuxbrew	1098019	1881779492	959247	867269	84966735	278553653	NA	0
1784	3	catch2	linuxbrew	596522	1882376014	959262	867269	84989171	278633412	NA	0
1785	3	catch2	linuxbrew	52790	1882428804	959277	867269	84991234	278642167	NA	0
1786	3	catch2	linuxbrew	943913	1883372717	959292	867269	85033915	278784201	NA	0
1787	3	catch2	linuxbrew	1350987	1884723704	959307	867269	85093645	278979480	NA	0
1788	3	catch2	linuxbrew	1107213	1885830917	959322	867269	85143217	279144616	NA	0
1789	3	catch2	linuxbrew	589196	1886420113	959337	867269	85168174	279230175	NA	0
1790	3	catch2	linuxbrew	1092685	1887512798	959352	867269	85215900	279390391	NA	0
1791	3	catch2	linuxbrew	613981	1888126779	959367	868373	85241883	279479375	NA	1
1792	3	catch2	linuxbrew	926397	1889053176	959382	868373	85283663	279618296	NA	0
1793	3	catch2	linuxbrew	794095	1889847271	959397	868373	85317974	279733174	NA	0
1794	3	catch2	linuxbrew	579343	1890426614	959412	868373	85339727	279810228	NA	0
1795	3	catch2	linuxbrew	12411	1890439025	959427	868373	85340246	279812827	NA	0
1796	3	catch2	linuxbrew	1519234	1891958259	959442	868373	85406143	280026892	NA	0
1797	3	catch2	linuxbrew	1456187	1893414446	959457	868373	85473281	280247096	NA	0
1798	3	catch2	linuxbrew	1208479	1894622925	959472	868373	85526007	280420233	NA	0
1799	3	catch2	linuxbrew	1073615	1895696540	959487	868373	85575431	280582484	NA	0
1800	3	catch2	linuxbrew	1568926	1897265466	959502	868373	85646995	280816806	NA	0
1801	3	catch2	linuxbrew	627068	1897892534	959517	868373	85673717	280908225	NA	0
1802	3	catch2	linuxbrew	444307	1898336841	959532	868373	85692508	280972750	NA	0
1803	3	catch2	linuxbrew	848805	1899185646	959547	868373	85730732	281100393	NA	0
1804	3	catch2	linuxbrew	465156	1899650802	959562	868373	85750434	281168394	NA	0
1805	3	catch2	linuxbrew	867283	1900518085	959577	868373	85789632	281298229	NA	0
1806	3	catch2	linuxbrew	969156	1901487241	959592	868373	85833966	281446032	NA	0
1807	3	catch2	linuxbrew	1042271	1902529512	959607	868373	85880666	281599158	NA	0
1808	3	catch2	linuxbrew	1152327	1903681839	959622	868373	85933913	281773757	NA	0
1809	3	catch2	linuxbrew	730731	1904412570	959637	868373	85966051	281881739	NA	0
1810	3	catch2	linuxbrew	1391470	1905804040	959652	868373	86029199	282087536	NA	0
1811	3	catch2	linuxbrew	1175854	1906979894	959667	868373	86083059	282263306	NA	0
1812	3	catch2	linuxbrew	835848	1907815742	959682	868373	86120832	282389591	NA	0
1813	3	catch2	linuxbrew	1067724	1908883466	959697	868373	86168991	282547913	NA	0
1814	3	catch2	linuxbrew	739481	1909622947	959712	868373	86201561	282657565	NA	0
1815	3	catch2	linuxbrew	1165645	1910788592	959727	868373	86254510	282830704	NA	0
1816	3	catch2	linuxbrew	108349	1910896941	959742	868373	86258739	282847138	NA	0
1817	3	catch2	linuxbrew	971136	1911868077	959757	868373	86303448	282995172	NA	0
1818	3	catch2	linuxbrew	1173028	1913041105	959772	868373	86358573	283174477	NA	0
1819	3	catch2	linuxbrew	1119238	1914160343	959787	868373	86408595	283342527	NA	0
1820	3	catch2	linuxbrew	1335797	1915496140	959802	868373	86468362	283538883	NA	0
1821	3	catch2	linuxbrew	1120744	1916616884	959817	868373	86518463	283707234	NA	0
1822	3	catch2	linuxbrew	1775801	1918392685	959832	868373	86597726	283965247	NA	0
1823	3	catch2	linuxbrew	1121529	1919514214	959847	868373	86647858	284133880	NA	0
1824	3	catch2	linuxbrew	1337846	1920852060	959862	868373	86707636	284330191	NA	0
1825	3	catch2	linuxbrew	1987090	1922839150	959877	868373	86799372	284635545	NA	0
1826	3	catch2	linuxbrew	1333916	1924173066	959892	868373	86859071	284831611	NA	0
1827	3	catch2	linuxbrew	1124428	1925297494	959907	868373	86909480	285000685	NA	0
1828	3	catch2	linuxbrew	1547421	1926844915	959922	868373	86980488	285231553	NA	0
1829	3	catch2	linuxbrew	1355940	1928200855	959937	868373	87041080	285431192	NA	0
1830	3	catch2	linuxbrew	1355940	1929556795	959952	868373	87101672	285630831	NA	0
1831	3	catch2	linuxbrew	1035704	1930592499	959967	868373	87146840	285782854	NA	0
1832	3	catch2	linuxbrew	1125141	1931717640	959982	868373	87197240	285952344	NA	0
1833	3	catch2	linuxbrew	1283446	1933001086	959997	868373	87256263	286146041	NA	0
1834	3	catch2	linuxbrew	1433392	1934434478	960012	868373	87321402	286360488	NA	0
1835	3	catch2	linuxbrew	1138200	1935572678	960027	868373	87372082	286531083	NA	0
1836	3	catch2	linuxbrew	1493977	1937066655	960042	868373	87438902	286751813	NA	0
1837	3	catch2	linuxbrew	1880441	1938947096	960057	868373	87517782	287009631	NA	0
1838	3	catch2	linuxbrew	1576352	1940523448	960072	868373	87587158	287237160	NA	0
1839	3	catch2	linuxbrew	1202307	1941725755	960087	868373	87641101	287417415	NA	0
1840	3	catch2	linuxbrew	1344242	1943069997	960102	868373	87697460	287604400	NA	0
1841	3	catch2	linuxbrew	1470009	1944540006	960117	868373	87759538	287812986	NA	0
1842	3	catch2	linuxbrew	2107003	1946647009	960132	868373	87841718	288082792	NA	0
1843	3	catch2	linuxbrew	1686462	1948333471	960147	868373	87913292	288320664	NA	0
1844	3	catch2	linuxbrew	2010517	1950343988	960162	868373	87997433	288597102	NA	0
1845	3	catch2	linuxbrew	1931511	1952275499	960177	868373	88082157	288877044	NA	0
1846	3	catch2	linuxbrew	1145780	1953421279	960192	868373	88133071	289048322	NA	0
1847	3	catch2	linuxbrew	1304151	1954725430	960207	868373	88188892	289234622	NA	0
1848	3	catch2	linuxbrew	2296557	1957021987	960222	868373	88282072	289555518	NA	0
1849	3	catch2	linuxbrew	1517831	1958539818	960237	868373	88349271	289778612	NA	0
1850	3	catch2	linuxbrew	1547665	1960087483	960252	868373	88418546	290004877	NA	0
1851	3	catch2	linuxbrew	1145042	1961232525	960267	868373	88469513	290176352	NA	0
1852	3	catch2	linuxbrew	1885117	1963117642	960282	868373	88547883	290430734	NA	0
1853	3	catch2	linuxbrew	1330364	1964448006	960297	868373	88608043	290631036	NA	0
1854	3	catch2	linuxbrew	1385255	1965833261	960312	868373	88665295	290819994	NA	0
1855	3	catch2	linuxbrew	1881298	1967714559	960327	868373	88748211	291094196	NA	0
1856	3	catch2	linuxbrew	1138926	1968853485	960342	868373	88798929	291264880	NA	0
1857	3	catch2	linuxbrew	1215710	1970069195	960357	868373	88851166	291439493	NA	0
1858	3	catch2	linuxbrew	1387527	1971456722	960372	868373	88911988	291639470	NA	0
1859	3	catch2	linuxbrew	1855886	1973312608	960387	868373	88991121	291901938	NA	0
1860	3	catch2	linuxbrew	1165421	1974478029	960402	868373	89041752	292073076	NA	0
1861	3	catch2	linuxbrew	1733417	1976211446	960417	868373	89116722	292323892	NA	0
1862	3	catch2	linuxbrew	1225826	1977437272	960432	868373	89170628	292504441	NA	0
1863	3	catch2	linuxbrew	705639	1978142911	960447	868373	89201766	292608999	NA	0
1864	3	catch2	linuxbrew	1215758	1979358669	960462	868373	89256637	292792592	NA	0
1865	3	catch2	linuxbrew	1506988	1980865657	960477	868373	89319621	293001674	NA	0
1866	3	catch2	linuxbrew	1157094	1982022751	960492	868373	89370791	293173965	NA	0
1867	3	catch2	linuxbrew	1840563	1983863314	960507	868373	89451515	293441228	NA	0
1868	3	catch2	linuxbrew	1213194	1985076508	960522	868373	89503584	293617558	NA	0
1869	3	catch2	linuxbrew	1325239	1986401747	960537	868373	89560689	293808199	NA	0
1870	3	catch2	linuxbrew	1295839	1987697586	960552	868373	89615143	293985047	NA	0
1871	3	catch2	linuxbrew	1174445	1988872031	960567	868373	89667794	294160053	NA	0
1872	3	catch2	linuxbrew	1384161	1990256192	960582	868373	89728594	294360104	NA	0
1873	3	catch2	linuxbrew	1197510	1991453702	960597	868373	89780988	294535692	NA	0
1874	3	catch2	linuxbrew	1593452	1993047154	960612	868373	89848566	294763733	NA	0
1875	3	catch2	linuxbrew	1273525	1994320679	960627	868373	89902782	294945137	NA	0
1876	3	catch2	linuxbrew	1473707	1995794386	960642	868373	89962099	295142791	NA	0
1877	3	catch2	linuxbrew	1270167	1997064553	960657	868373	90018509	295331276	NA	0
1878	3	catch2	linuxbrew	1130347	1998194900	960672	868373	90069019	295501367	NA	0
1879	3	catch2	linuxbrew	1143748	1999338648	960687	868373	90119845	295672190	NA	0
1880	3	catch2	linuxbrew	1397914	2000736562	960702	868373	90180956	295874235	NA	0
1881	3	catch2	linuxbrew	1181952	2001918514	960717	868373	90233453	296049875	NA	0
1882	3	catch2	linuxbrew	1136367	2003054881	960732	868373	90284158	296220377	NA	0
1883	3	catch2	linuxbrew	1200017	2004254898	960747	868373	90337635	296399517	NA	0
1884	3	catch2	linuxbrew	1234451	2005489349	960762	868373	90391882	296582110	NA	0
1885	3	catch2	linuxbrew	1165595	2006654944	960777	868373	90443423	296755137	NA	0
1886	3	catch2	linuxbrew	1155038	2007809982	960792	868373	90494570	296926703	NA	0
1887	3	catch2	linuxbrew	1498958	2009308940	960807	868373	90560854	297145270	NA	0
1888	3	catch2	linuxbrew	1130830	2010439770	960822	868373	90611374	297315320	NA	0
1889	3	catch2	linuxbrew	2005942	2012445712	960837	868373	90692170	297584951	NA	0
1890	3	catch2	linuxbrew	11534	2012457246	960852	868373	90692494	297586794	NA	0
1891	3	catch2	linuxbrew	2497794	2014955040	960867	868373	90791508	297925057	NA	0
1892	3	catch2	linuxbrew	1132270	2016087310	960882	868373	90842111	298095289	NA	0
1893	3	catch2	linuxbrew	1126204	2017213514	960897	868373	90892546	298265014	NA	0
1894	3	catch2	linuxbrew	1132378	2018345892	960912	868373	90943149	298435187	NA	0
1895	3	catch2	linuxbrew	1192675	2019538567	960927	868373	90996782	298614310	NA	0
1896	3	catch2	linuxbrew	218940	2019757507	960942	868373	91004678	298645322	NA	0
1897	3	catch2	linuxbrew	839310	2020596817	960957	868373	91040855	298767765	NA	0
1898	3	catch2	linuxbrew	224821	2020821638	960972	868373	91049019	298799880	NA	0
1899	3	catch2	linuxbrew	946492	2021768130	960987	868373	91090827	298941216	NA	0
1900	3	catch2	linuxbrew	1478533	2023246663	961002	868373	91151734	299141677	NA	0
1901	3	catch2	linuxbrew	108107	2023354770	961017	868373	91155966	299158122	NA	0
1902	3	catch2	linuxbrew	1161485	2024516255	961032	868373	91208976	299333219	NA	0
1903	3	catch2	linuxbrew	1693224	2026209479	961047	1133057	91282744	299575043	NA	1
1904	3	catch2	linuxbrew	836419	2027045898	961062	1133057	91320495	299701419	NA	0
1905	3	catch2	linuxbrew	1271009	2028316907	961077	1133057	91378667	299893209	NA	0
1906	3	catch2	linuxbrew	1070628	2029387535	961092	1133057	91424955	300048628	NA	0
1907	3	catch2	linuxbrew	1321317	2030708852	961107	1133057	91484972	300246726	NA	0
1908	3	catch2	linuxbrew	1349763	2032058615	961122	1133057	91546690	300450727	NA	0
1909	3	catch2	linuxbrew	1231181	2033289796	961137	1133057	91600346	300628575	NA	0
1910	3	catch2	linuxbrew	1031195	2034320991	961152	1133057	91645278	300779671	NA	0
1911	3	catch2	linuxbrew	1878381	2036199372	961167	1133057	91730618	301054022	NA	0
1912	3	catch2	linuxbrew	1477695	2037677067	961182	1133057	91798755	301276084	NA	0
1913	3	catch2	linuxbrew	1745312	2039422379	961197	1133057	91879263	301536081	NA	0
1914	3	catch2	linuxbrew	1288012	2040710391	961212	1133057	91938213	301730515	NA	0
1915	3	catch2	linuxbrew	620952	2041331343	961227	1133057	91964452	301820617	NA	0
1916	3	catch2	linuxbrew	1330443	2042661786	961242	1133057	92025025	302020862	NA	0
1917	3	catch2	linuxbrew	1031017	2043692803	961257	1133057	92070008	302172132	NA	0
1918	3	catch2	linuxbrew	1513720	2045206523	961272	1133057	92138555	302395496	NA	0
1919	3	catch2	linuxbrew	1328157	2046534680	961287	1133057	92198916	302594724	NA	0
1920	3	catch2	linuxbrew	1334822	2047869502	961302	1133057	92259615	302795149	NA	0
1921	3	catch2	linuxbrew	865470	2048734972	961317	1133057	92298710	302926183	NA	0
1922	3	catch2	linuxbrew	831621	2049566593	961332	1133057	92334686	303047427	NA	0
1923	3	catch2	linuxbrew	699449	2050266042	961347	1133057	92365434	303150431	NA	0
1924	3	catch2	linuxbrew	1155199	2051421241	961362	1133057	92417601	303324784	NA	0
1925	3	catch2	linuxbrew	588663	2052009904	961377	1133057	92442599	303410240	NA	0
1926	3	catch2	linuxbrew	1289018	2053298922	961392	1133057	92501691	303605069	NA	0
1927	3	catch2	linuxbrew	613915	2053912837	961407	1133057	92527618	303693884	NA	0
1928	3	catch2	linuxbrew	443380	2054356217	961422	1133057	92546296	303758205	NA	0
1929	3	catch2	linuxbrew	1353748	2055709965	961437	1133057	92606249	303955777	NA	0
1930	3	catch2	linuxbrew	861195	2056571160	961452	1133057	92645161	304086362	NA	0
1931	3	catch2	linuxbrew	1378402	2057949562	961467	1133057	92708732	304294089	NA	0
1932	3	catch2	linuxbrew	1028063	2058977625	961482	1133057	92753796	304444692	NA	0
1933	3	catch2	linuxbrew	1182803	2060160428	961497	1133057	92807813	304624010	NA	0
1934	3	catch2	linuxbrew	1268083	2061428511	961512	1133057	92865634	304814620	NA	0
1935	3	catch2	linuxbrew	1994171	2063422682	961527	1133057	92954123	305112030	NA	0
1936	3	catch2	linuxbrew	597972	2064020654	961542	1133057	92979604	305198753	NA	0
1937	3	catch2	linuxbrew	1176860	2065197514	961557	1133057	93033376	305374773	NA	0
1938	3	catch2	linuxbrew	1276189	2066473703	961572	1133057	93091168	305563857	NA	0
1939	3	catch2	linuxbrew	214732	2066688435	961587	1133057	93098963	305593903	NA	0
1940	3	catch2	linuxbrew	1292263	2067980698	961602	1133057	93159364	305789538	NA	0
1941	3	catch2	linuxbrew	12371	2067993069	961617	1133057	93159881	305791949	NA	0
1942	3	catch2	linuxbrew	725223	2068718292	961632	1133057	93191857	305899474	NA	0
1943	3	catch2	linuxbrew	827582	2069545874	961647	1133057	93229390	306024754	NA	0
1944	3	catch2	linuxbrew	1169309	2070715183	961662	1133057	93282230	306202421	NA	0
1945	3	catch2	linuxbrew	913922	2071629105	961677	1133057	93322150	306333161	NA	0
1946	3	catch2	linuxbrew	1516024	2073145129	961692	1133057	93391830	306557443	NA	0
1947	3	catch2	linuxbrew	1630020	2074775149	961707	1133057	93467004	306802648	NA	0
1948	3	catch2	linuxbrew	1109348	2075884497	961722	1133057	93517640	306971764	NA	0
1949	3	catch2	linuxbrew	19981	2075904478	961737	1133057	93518396	306975223	NA	0
1950	3	catch2	linuxbrew	827611	2076732089	961752	1133057	93555908	307100363	NA	0
1951	3	catch2	linuxbrew	927662	2077659751	961767	1133057	93598085	307239797	NA	0
1952	3	catch2	linuxbrew	1106279	2078766030	961782	1133057	93647778	307404792	NA	0
1953	3	catch2	linuxbrew	835924	2079601954	961797	1133057	93685525	307531084	NA	0
1954	3	catch2	linuxbrew	728564	2080330518	961812	1133057	93717487	307638367	NA	0
1955	3	catch2	linuxbrew	5794	2080336312	961827	1133057	93717677	307639604	NA	0
1956	3	catch2	linuxbrew	954387	2081290699	961842	1133057	93761510	307785245	NA	0
1957	3	catch2	linuxbrew	1098019	2082388718	961857	1133057	93811580	307949764	NA	0
1958	3	catch2	linuxbrew	596522	2082985240	961872	1133057	93834016	308029523	NA	0
1959	3	catch2	linuxbrew	52790	2083038030	961887	1133057	93836079	308038278	NA	0
1960	3	catch2	linuxbrew	943913	2083981943	961902	1133057	93878760	308180312	NA	0
1961	3	catch2	linuxbrew	1350987	2085332930	961917	1133057	93938490	308375591	NA	0
1962	3	catch2	linuxbrew	1107213	2086440143	961932	1133057	93988062	308540727	NA	0
1963	3	catch2	linuxbrew	589196	2087029339	961947	1133057	94013019	308626286	NA	0
1964	3	catch2	linuxbrew	1092685	2088122024	961962	1133057	94060745	308786502	NA	0
1965	3	catch2	linuxbrew	613981	2088736005	961977	1133057	94086728	308875486	NA	0
1966	3	catch2	linuxbrew	926397	2089662402	961992	1133057	94128508	309014407	NA	0
1967	3	catch2	linuxbrew	794095	2090456497	962007	1133057	94162819	309129285	NA	0
1968	3	catch2	linuxbrew	579343	2091035840	962022	1133057	94184572	309206339	NA	0
1969	3	catch2	linuxbrew	12411	2091048251	962037	1133057	94185091	309208938	NA	0
1970	3	catch2	linuxbrew	1519234	2092567485	962052	1133057	94250988	309423003	NA	0
1971	3	catch2	linuxbrew	1456187	2094023672	962067	1133057	94318126	309643207	NA	0
1972	3	catch2	linuxbrew	1208479	2095232151	962082	1133057	94370852	309816344	NA	0
1973	3	catch2	linuxbrew	1073615	2096305766	962097	1133057	94420276	309978595	NA	0
1974	3	catch2	linuxbrew	1568976	2097874742	962112	1133057	94491840	310212914	NA	0
1975	3	catch2	linuxbrew	627068	2098501810	962127	1133057	94518562	310304333	NA	0
1976	3	catch2	linuxbrew	444307	2098946117	962142	1133057	94537353	310368858	NA	0
1977	3	catch2	linuxbrew	848805	2099794922	962157	1133057	94575577	310496501	NA	0
1978	3	catch2	linuxbrew	465156	2100260078	962172	1133057	94595279	310564502	NA	0
1979	3	catch2	linuxbrew	867210	2101127288	962187	1133057	94634471	310694307	NA	0
1980	3	catch2	linuxbrew	969156	2102096444	962202	1133057	94678805	310842110	NA	0
1981	3	catch2	linuxbrew	1042271	2103138715	962217	1133057	94725505	310995236	NA	0
1982	3	catch2	linuxbrew	1152327	2104291042	962232	1133057	94778752	311169835	NA	0
1983	3	catch2	linuxbrew	730731	2105021773	962247	1133057	94810890	311277817	NA	0
1984	3	catch2	linuxbrew	1391495	2106413268	962262	1133057	94874038	311483608	NA	0
1985	3	catch2	linuxbrew	1175929	2107589197	962277	1133057	94927898	311659374	NA	0
1986	3	catch2	linuxbrew	835848	2108425045	962292	1133057	94965671	311785659	NA	0
1987	3	catch2	linuxbrew	1067724	2109492769	962307	1133057	95013830	311943981	NA	0
1988	3	catch2	linuxbrew	739481	2110232250	962322	1133057	95046400	312053633	NA	0
1989	3	catch2	linuxbrew	1165645	2111397895	962337	1133057	95099349	312226772	NA	0
1990	3	catch2	linuxbrew	108349	2111506244	962352	1133057	95103578	312243206	NA	0
1991	3	catch2	linuxbrew	971161	2112477405	962367	1133057	95148287	312391242	NA	0
1992	3	catch2	linuxbrew	1173078	2113650483	962382	1133057	95203412	312570547	NA	0
1993	3	catch2	linuxbrew	1119238	2114769721	962397	1133057	95253434	312738597	NA	0
1994	3	catch2	linuxbrew	1335797	2116105518	962412	1133057	95313201	312934953	NA	0
1995	3	catch2	linuxbrew	1120744	2117226262	962427	1133057	95363302	313103304	NA	0
1996	3	catch2	linuxbrew	1775826	2119002088	962442	1133057	95442565	313361315	NA	0
1997	3	catch2	linuxbrew	1121529	2120123617	962457	1133057	95492697	313529948	NA	0
1998	3	catch2	linuxbrew	1337846	2121461463	962472	1133057	95552475	313726259	NA	0
1999	3	catch2	linuxbrew	1987090	2123448553	962487	1133057	95644211	314031613	NA	0
2000	3	catch2	linuxbrew	1333916	2124782469	962502	1133057	95703910	314227679	NA	0
2001	3	catch2	linuxbrew	1124428	2125906897	962517	1133057	95754319	314396753	NA	0
2002	3	catch2	linuxbrew	1547421	2127454318	962532	1133057	95825327	314627621	NA	0
2003	3	catch2	linuxbrew	1144289	2128598607	962547	1133057	95876175	314798304	NA	0
2004	3	catch2	linuxbrew	1139091	2129737698	962562	1133057	95926940	314968882	NA	0
2005	3	catch2	linuxbrew	1130309	2130868007	962577	1133057	95977506	315139319	NA	0
2006	3	catch2	linuxbrew	1217365	2132085372	962592	1133057	96032437	315323138	NA	0
2007	3	catch2	linuxbrew	1144701	2133230073	962607	1133057	96083289	315493998	NA	0
2008	3	catch2	linuxbrew	1385387	2134615460	962622	1133057	96145864	315701284	NA	0
2009	3	catch2	linuxbrew	1547220	2136162680	962637	1133057	96216890	315932238	NA	0
2010	3	catch2	linuxbrew	1731159	2137893839	962652	1133057	96291272	316179232	NA	0
2011	3	catch2	linuxbrew	1275760	2139169599	962667	1133057	96348776	316371247	NA	0
2012	3	catch2	linuxbrew	1195057	2140364656	962682	1133057	96402397	316551809	NA	0
2013	3	catch2	linuxbrew	1494697	2141859353	962697	1133057	96467802	316772336	NA	0
2014	3	catch2	linuxbrew	1494528	2143353881	962712	1133057	96533221	316992889	NA	0
2015	3	catch2	linuxbrew	1169205	2144523086	962727	1191370	96584781	317166965	NA	1
2016	3	catch2	linuxbrew	218940	2144742026	962742	1191370	96592677	317197977	NA	0
2017	3	catch2	linuxbrew	839310	2145581336	962757	1191370	96628854	317320420	NA	0
2018	3	catch2	linuxbrew	224821	2145806157	962772	1191370	96637018	317352535	NA	0
2019	3	catch2	linuxbrew	946492	2146752649	962787	1191370	96678826	317493871	NA	0
2020	3	catch2	linuxbrew	1478533	2148231182	962802	1191370	96739733	317694332	NA	0
2021	3	catch2	linuxbrew	108107	2148339289	962817	1191370	96743965	317710777	NA	0
2022	3	catch2	linuxbrew	1161485	2149500774	962832	1191370	96796975	317885874	NA	0
2023	3	catch2	linuxbrew	1693224	2151193998	962847	1191370	96870743	318127698	NA	0
2024	3	catch2	linuxbrew	836419	2152030417	962862	1191370	96908494	318254074	NA	0
2025	3	catch2	linuxbrew	1271009	2153301426	962877	1191370	96966666	318445864	NA	0
2026	3	catch2	linuxbrew	1070628	2154372054	962892	1191370	97012954	318601283	NA	0
2027	3	catch2	linuxbrew	1321317	2155693371	962907	1191370	97072971	318799381	NA	0
2028	3	catch2	linuxbrew	1349763	2157043134	962922	1191370	97134689	319003382	NA	0
2029	3	catch2	linuxbrew	1231181	2158274315	962937	1191370	97188345	319181230	NA	0
2030	3	catch2	linuxbrew	1031195	2159305510	962952	1191370	97233277	319332326	NA	0
2031	3	catch2	linuxbrew	1878381	2161183891	962967	1191370	97318617	319606677	NA	0
2032	3	catch2	linuxbrew	1477695	2162661586	962982	1191370	97386754	319828739	NA	0
2033	3	catch2	linuxbrew	1745312	2164406898	962997	1191370	97467262	320088736	NA	0
2034	3	catch2	linuxbrew	1288012	2165694910	963012	1191370	97526212	320283170	NA	0
2035	3	catch2	linuxbrew	620952	2166315862	963027	1191370	97552451	320373272	NA	0
2036	3	catch2	linuxbrew	1330443	2167646305	963042	1191370	97613024	320573517	NA	0
2037	3	catch2	linuxbrew	1031017	2168677322	963057	1191370	97658007	320724787	NA	0
2038	3	catch2	linuxbrew	1513720	2170191042	963072	1191370	97726554	320948151	NA	0
2039	3	catch2	linuxbrew	1328157	2171519199	963087	1191370	97786915	321147379	NA	0
2040	3	catch2	linuxbrew	1334822	2172854021	963102	1191370	97847614	321347804	NA	0
2041	3	catch2	linuxbrew	865470	2173719491	963117	1191370	97886709	321478838	NA	0
2042	3	catch2	linuxbrew	831621	2174551112	963132	1191370	97922685	321600082	NA	0
2043	3	catch2	linuxbrew	699449	2175250561	963147	1191370	97953433	321703086	NA	0
2044	3	catch2	linuxbrew	1155199	2176405760	963162	1191370	98005600	321877439	NA	0
2045	3	catch2	linuxbrew	588663	2176994423	963177	1191370	98030598	321962895	NA	0
2046	3	catch2	linuxbrew	1289018	2178283441	963192	1191370	98089690	322157724	NA	0
2047	3	catch2	linuxbrew	613915	2178897356	963207	1191370	98115617	322246539	NA	0
2048	3	catch2	linuxbrew	443380	2179340736	963222	1191370	98134295	322310860	NA	0
2049	3	catch2	linuxbrew	1353748	2180694484	963237	1191370	98194248	322508432	NA	0
2050	3	catch2	linuxbrew	861195	2181555679	963252	1191370	98233160	322639017	NA	0
2051	3	catch2	linuxbrew	1378402	2182934081	963267	1191370	98296731	322846744	NA	0
2052	3	catch2	linuxbrew	1028063	2183962144	963282	1191370	98341795	322997347	NA	0
2053	3	catch2	linuxbrew	1182803	2185144947	963297	1191370	98395812	323176665	NA	0
2054	3	catch2	linuxbrew	1268083	2186413030	963312	1191370	98453633	323367275	NA	0
2055	3	catch2	linuxbrew	1994171	2188407201	963327	1191370	98542122	323664685	NA	0
2056	3	catch2	linuxbrew	597972	2189005173	963342	1191370	98567603	323751408	NA	0
2057	3	catch2	linuxbrew	1176860	2190182033	963357	1191370	98621375	323927428	NA	0
2058	3	catch2	linuxbrew	1276189	2191458222	963372	1191370	98679167	324116512	NA	0
2059	3	catch2	linuxbrew	214732	2191672954	963387	1191370	98686962	324146558	NA	0
2060	3	catch2	linuxbrew	1292263	2192965217	963402	1191370	98747363	324342193	NA	0
2061	3	catch2	linuxbrew	12371	2192977588	963417	1191370	98747880	324344604	NA	0
2062	3	catch2	linuxbrew	725223	2193702811	963432	1191370	98779856	324452129	NA	0
2063	3	catch2	linuxbrew	827582	2194530393	963447	1191370	98817389	324577409	NA	0
2064	3	catch2	linuxbrew	1169309	2195699702	963462	1191370	98870229	324755076	NA	0
2065	3	catch2	linuxbrew	913922	2196613624	963477	1191370	98910149	324885816	NA	0
2066	3	catch2	linuxbrew	1516024	2198129648	963492	1191370	98979829	325110098	NA	0
2067	3	catch2	linuxbrew	1630020	2199759668	963507	1191370	99055003	325355303	NA	0
2068	3	catch2	linuxbrew	1109348	2200869016	963522	1191370	99105639	325524419	NA	0
2069	3	catch2	linuxbrew	19981	2200888997	963537	1191370	99106395	325527878	NA	0
2070	3	catch2	linuxbrew	827611	2201716608	963552	1191370	99143907	325653018	NA	0
2071	3	catch2	linuxbrew	927662	2202644270	963567	1191370	99186084	325792452	NA	0
2072	3	catch2	linuxbrew	1106279	2203750549	963582	1191370	99235777	325957447	NA	0
2073	3	catch2	linuxbrew	835924	2204586473	963597	1191370	99273524	326083739	NA	0
2074	3	catch2	linuxbrew	728564	2205315037	963612	1191370	99305486	326191022	NA	0
2075	3	catch2	linuxbrew	5794	2205320831	963627	1191370	99305676	326192259	NA	0
2076	3	catch2	linuxbrew	954387	2206275218	963642	1191370	99349509	326337900	NA	0
2077	3	catch2	linuxbrew	1098019	2207373237	963657	1191370	99399579	326502419	NA	0
2078	3	catch2	linuxbrew	596522	2207969759	963672	1191370	99422015	326582178	NA	0
2079	3	catch2	linuxbrew	52790	2208022549	963687	1191370	99424078	326590933	NA	0
2080	3	catch2	linuxbrew	943913	2208966462	963702	1191370	99466759	326732967	NA	0
2081	3	catch2	linuxbrew	1350987	2210317449	963717	1191370	99526489	326928246	NA	0
2082	3	catch2	linuxbrew	1107213	2211424662	963732	1191370	99576061	327093382	NA	0
2083	3	catch2	linuxbrew	589196	2212013858	963747	1191370	99601018	327178941	NA	0
2084	3	catch2	linuxbrew	1092685	2213106543	963762	1191370	99648744	327339157	NA	0
2085	3	catch2	linuxbrew	613981	2213720524	963777	1191370	99674727	327428141	NA	0
2086	3	catch2	linuxbrew	926397	2214646921	963792	1191370	99716507	327567062	NA	0
2087	3	catch2	linuxbrew	794095	2215441016	963807	1191370	99750818	327681940	NA	0
2088	3	catch2	linuxbrew	579343	2216020359	963822	1191370	99772571	327758994	NA	0
2089	3	catch2	linuxbrew	12411	2216032770	963837	1191370	99773090	327761593	NA	0
2090	3	catch2	linuxbrew	1519234	2217552004	963852	1191370	99838987	327975658	NA	0
2091	3	catch2	linuxbrew	1456187	2219008191	963867	1191370	99906125	328195862	NA	0
2092	3	catch2	linuxbrew	1208479	2220216670	963882	1191370	99958851	328368999	NA	0
2093	3	catch2	linuxbrew	1073615	2221290285	963897	1191370	100008275	328531250	NA	0
2094	3	catch2	linuxbrew	1568976	2222859261	963912	1191370	100079839	328765569	NA	0
2095	3	catch2	linuxbrew	627068	2223486329	963927	1191370	100106561	328856988	NA	0
2096	3	catch2	linuxbrew	444307	2223930636	963942	1191370	100125352	328921513	NA	0
2097	3	catch2	linuxbrew	848805	2224779441	963957	1191370	100163576	329049156	NA	0
2098	3	catch2	linuxbrew	465156	2225244597	963972	1191370	100183278	329117157	NA	0
2099	3	catch2	linuxbrew	867283	2226111880	963987	1191370	100222476	329246992	NA	0
2100	3	catch2	linuxbrew	969156	2227081036	964002	1191370	100266810	329394795	NA	0
2101	3	catch2	linuxbrew	1042271	2228123307	964017	1191370	100313510	329547921	NA	0
2102	3	catch2	linuxbrew	1152327	2229275634	964032	1191370	100366757	329722520	NA	0
2103	3	catch2	linuxbrew	730731	2230006365	964047	1191370	100398895	329830502	NA	0
2104	3	catch2	linuxbrew	1391495	2231397860	964062	1191370	100462043	330036293	NA	0
2105	3	catch2	linuxbrew	1175929	2232573789	964077	1191370	100515903	330212059	NA	0
2106	3	catch2	linuxbrew	835848	2233409637	964092	1191370	100553676	330338344	NA	0
2107	3	catch2	linuxbrew	1067724	2234477361	964107	1191370	100601835	330496666	NA	0
2108	3	catch2	linuxbrew	739481	2235216842	964122	1191370	100634405	330606318	NA	0
2109	3	catch2	linuxbrew	1165645	2236382487	964137	1191370	100687354	330779457	NA	0
2110	3	catch2	linuxbrew	108349	2236490836	964152	1191370	100691583	330795891	NA	0
2111	3	catch2	linuxbrew	971161	2237461997	964167	1191370	100736292	330943927	NA	0
2112	3	catch2	linuxbrew	1173078	2238635075	964182	1191370	100791417	331123232	NA	0
2113	3	catch2	linuxbrew	1119238	2239754313	964197	1191370	100841439	331291282	NA	0
2114	3	catch2	linuxbrew	1335797	2241090110	964212	1191370	100901206	331487638	NA	0
2115	3	catch2	linuxbrew	1120744	2242210854	964227	1191370	100951307	331655989	NA	0
2116	3	catch2	linuxbrew	1775826	2243986680	964242	1191370	101030570	331914000	NA	0
2117	3	catch2	linuxbrew	1121529	2245108209	964257	1191370	101080702	332082633	NA	0
2118	3	catch2	linuxbrew	1337846	2246446055	964272	1191370	101140480	332278944	NA	0
2119	3	catch2	linuxbrew	1987090	2248433145	964287	1191370	101232216	332584298	NA	0
2120	3	catch2	linuxbrew	1333916	2249767061	964302	1191370	101291915	332780364	NA	0
2121	3	catch2	linuxbrew	1124428	2250891489	964317	1191370	101342324	332949438	NA	0
2122	3	catch2	linuxbrew	1547421	2252438910	964332	1191370	101413332	333180306	NA	0
2123	3	catch2	linuxbrew	1669807	2254108717	964347	1191370	101486571	333422347	NA	0
2124	3	catch2	linuxbrew	1641304	2255750021	964362	1191370	101558206	333659938	NA	0
2125	3	catch2	linuxbrew	218940	2255968961	964377	1191370	101566102	333690955	NA	0
2126	3	catch2	linuxbrew	839561	2256808522	964392	1191370	101602226	333813285	NA	0
2127	3	catch2	linuxbrew	224821	2257033343	964407	1192414	101610390	333845405	NA	1
2128	3	catch2	linuxbrew	946392	2257979735	964422	1192414	101652166	333986522	NA	0
2129	3	catch2	linuxbrew	1478856	2259458591	964437	1192414	101713047	334186820	NA	0
2130	3	catch2	linuxbrew	108113	2259566704	964452	1192414	101717280	334203267	NA	0
2131	3	catch2	linuxbrew	1162036	2260728740	964467	1192414	101770243	334378243	NA	0
2132	3	catch2	linuxbrew	1693799	2262422539	964482	1192414	101843981	334620082	NA	0
2133	3	catch2	linuxbrew	836319	2263258858	964497	1192414	101881696	334746277	NA	0
2134	3	catch2	linuxbrew	1271599	2264530457	964512	1192414	101939820	334937974	NA	0
2135	3	catch2	linuxbrew	1070927	2265601384	964527	1192414	101986051	335093388	NA	0
2136	3	catch2	linuxbrew	1321907	2266923291	964542	1192414	102046001	335291354	NA	0
2137	3	catch2	linuxbrew	1350353	2268273644	964557	1192414	102107648	335495341	NA	0
2138	3	catch2	linuxbrew	1231528	2269505172	964572	1192414	102161224	335672945	NA	0
2139	3	catch2	linuxbrew	1031494	2270536666	964587	1192414	102206097	335823924	NA	0
2140	3	catch2	linuxbrew	1879065	2272415731	964602	1192414	102291413	336098377	NA	0
2141	3	catch2	linuxbrew	1478710	2273894441	964617	1192414	102359476	336320129	NA	0
2142	3	catch2	linuxbrew	1745972	2275640413	964632	1192414	102439854	336580054	NA	0
2143	3	catch2	linuxbrew	1288602	2276929015	964647	1192414	102498715	336774408	NA	0
2144	3	catch2	linuxbrew	620606	2277549621	964662	1192414	102524889	336864379	NA	0
2145	3	catch2	linuxbrew	1331033	2278880654	964677	1192414	102585394	337064549	NA	0
2146	3	catch2	linuxbrew	1031316	2279911970	964692	1192414	102630295	337215748	NA	0
2147	3	catch2	linuxbrew	1514358	2281426328	964707	1192414	102698824	337438925	NA	0
2148	3	catch2	linuxbrew	1328711	2282755039	964722	1192414	102759124	337638077	NA	0
2149	3	catch2	linuxbrew	1335412	2284090451	964737	1192414	102819780	337838436	NA	0
2150	3	catch2	linuxbrew	865370	2284955821	964752	1192414	102858831	337969306	NA	0
2151	3	catch2	linuxbrew	831872	2285787693	964767	1192414	102894764	338090475	NA	0
2152	3	catch2	linuxbrew	699700	2286487393	964782	1192414	102925475	338193379	NA	0
2153	3	catch2	linuxbrew	1155750	2287643143	964797	1192414	102977603	338367638	NA	0
2154	3	catch2	linuxbrew	588308	2288231451	964812	1192414	103002563	338452975	NA	0
2155	3	catch2	linuxbrew	1289617	2289521068	964827	1192414	103061599	338647705	NA	0
2156	3	catch2	linuxbrew	613560	2290134628	964842	1192414	103087478	338736394	NA	0
2157	3	catch2	linuxbrew	443882	2290578510	964857	1192414	103106162	338800743	NA	0
2158	3	catch2	linuxbrew	1354287	2291932797	964872	1192414	103166121	338998194	NA	0
2159	3	catch2	linuxbrew	861131	2292793928	964887	1192414	103204985	339128547	NA	0
2160	3	catch2	linuxbrew	1378955	2294172883	964902	1192414	103268457	339336010	NA	0
2161	3	catch2	linuxbrew	1028362	2295201245	964917	1192414	103313425	339486554	NA	0
2162	3	catch2	linuxbrew	1183774	2296385019	964932	1192414	103367382	339665958	NA	0
2163	3	catch2	linuxbrew	1268671	2297653690	964947	1192414	103425197	339856489	NA	0
2164	3	catch2	linuxbrew	1993569	2299647259	964962	1192414	103513552	340153571	NA	0
2165	3	catch2	linuxbrew	597626	2300244885	964977	1192414	103538973	340240212	NA	0
2166	3	catch2	linuxbrew	1177414	2301422299	964992	1192414	103592716	340416131	NA	0
2167	3	catch2	linuxbrew	1276779	2302699078	965007	1192414	103650450	340605049	NA	0
2168	3	catch2	linuxbrew	214732	2302913810	965022	1192414	103658245	340635100	NA	0
2169	3	catch2	linuxbrew	1292827	2304206637	965037	1192414	103718608	340830625	NA	0
2170	3	catch2	linuxbrew	12371	2304219008	965052	1192414	103719125	340833036	NA	0
2171	3	catch2	linuxbrew	725314	2304944322	965067	1192414	103751046	340940423	NA	0
2172	3	catch2	linuxbrew	827518	2305771840	965082	1192414	103788553	341065600	NA	0
2173	3	catch2	linuxbrew	1169860	2306941700	965097	1192414	103841358	341243049	NA	0
2174	3	catch2	linuxbrew	914221	2307855921	965112	1192414	103881257	341373665	NA	0
2175	3	catch2	linuxbrew	1516539	2309372460	965127	1192414	103950890	341597779	NA	0
2176	3	catch2	linuxbrew	1630613	2311003073	965142	1192414	104026064	341842889	NA	0
2177	3	catch2	linuxbrew	1109854	2312112927	965157	1192414	104076627	342012017	NA	0
2178	3	catch2	linuxbrew	19981	2312132908	965172	1192414	104077383	342015476	NA	0
2179	3	catch2	linuxbrew	827547	2312960455	965187	1192414	104114835	342140436	NA	0
2180	3	catch2	linuxbrew	927597	2313888052	965202	1192414	104156952	342279695	NA	0
2181	3	catch2	linuxbrew	1106830	2314994882	965217	1192414	104206607	342444576	NA	0
2182	3	catch2	linuxbrew	836015	2315830897	965232	1192414	104244401	342570820	NA	0
2183	3	catch2	linuxbrew	728815	2316559712	965247	1192414	104276358	342677991	NA	0
2184	3	catch2	linuxbrew	5794	2316565506	965262	1192414	104276548	342679228	NA	0
2185	3	catch2	linuxbrew	954128	2317519634	965277	1192414	104320285	342824536	NA	0
2186	3	catch2	linuxbrew	1097967	2318617601	965292	1192414	104370320	342988872	NA	0
2187	3	catch2	linuxbrew	596546	2319214147	965307	1192414	104392756	343068636	NA	0
2188	3	catch2	linuxbrew	52790	2319266937	965322	1192414	104394819	343077391	NA	0
2189	3	catch2	linuxbrew	943812	2320210749	965337	1192414	104437450	343219318	NA	0
2190	3	catch2	linuxbrew	1350928	2321561677	965352	1192414	104497166	343414422	NA	0
2191	3	catch2	linuxbrew	1107764	2322669441	965367	1192414	104546729	343579459	NA	0
2192	3	catch2	linuxbrew	588841	2323258282	965382	1192414	104571669	343664885	NA	0
2193	3	catch2	linuxbrew	1092984	2324351266	965397	1192414	104619370	343825000	NA	0
2194	3	catch2	linuxbrew	613626	2324964892	965412	1192414	104645335	343913857	NA	0
2195	3	catch2	linuxbrew	926266	2325891158	965427	1192414	104687161	344052646	NA	0
2196	3	catch2	linuxbrew	794316	2326685474	965442	1192414	104721418	344167347	NA	0
2197	3	catch2	linuxbrew	579367	2327264841	965457	1192414	104743171	344244407	NA	0
2198	3	catch2	linuxbrew	12411	2327277252	965472	1192414	104743690	344247006	NA	0
2199	3	catch2	linuxbrew	1519764	2328797016	965487	1192414	104809615	344460892	NA	0
2200	3	catch2	linuxbrew	1457166	2330254182	965502	1192414	104876682	344680967	NA	0
2201	3	catch2	linuxbrew	1208826	2331463008	965517	1192414	104929377	344854004	NA	0
2202	3	catch2	linuxbrew	1074126	2332537134	965532	1192414	104978789	345016067	NA	0
2203	3	catch2	linuxbrew	1569565	2334106699	965547	1192414	105050312	345250228	NA	0
2204	3	catch2	linuxbrew	626713	2334733412	965562	1192414	105076974	345341502	NA	0
2205	3	catch2	linuxbrew	444809	2335178221	965577	1192414	105095751	345406073	NA	0
2206	3	catch2	linuxbrew	848741	2336026962	965592	1192414	105133919	345533570	NA	0
2207	3	catch2	linuxbrew	465391	2336492353	965607	1192414	105153613	345601504	NA	0
2208	3	catch2	linuxbrew	867188	2337359541	965622	1192414	105192804	345731127	NA	0
2209	3	catch2	linuxbrew	969698	2338329239	965637	1192414	105237088	345878818	NA	0
2210	3	catch2	linuxbrew	1042255	2339371494	965652	1192414	105283778	346031735	NA	0
2211	3	catch2	linuxbrew	1152881	2340524375	965667	1192414	105336942	346206154	NA	0
2212	3	catch2	linuxbrew	730982	2341255357	965682	1192414	105369013	346313979	NA	0
2213	3	catch2	linuxbrew	1392097	2342647454	965697	1192414	105432128	346519654	NA	0
2214	3	catch2	linuxbrew	1176483	2343823937	965712	1192414	105485947	346695321	NA	0
2215	3	catch2	linuxbrew	835924	2344659861	965727	1192414	105523702	346821558	NA	0
2216	3	catch2	linuxbrew	1068263	2345728124	965742	1192414	105571814	346979709	NA	0
2217	3	catch2	linuxbrew	739732	2346467856	965757	1192414	105604307	347089209	NA	0
2218	3	catch2	linuxbrew	1166235	2347634091	965772	1192414	105657208	347262214	NA	0
2219	3	catch2	linuxbrew	108355	2347742446	965787	1192414	105661437	347278649	NA	0
2220	3	catch2	linuxbrew	971667	2348714113	965802	1192414	105706094	347426571	NA	0
2221	3	catch2	linuxbrew	1173597	2349887710	965817	1192414	105761239	347605726	NA	0
2222	3	catch2	linuxbrew	1119789	2351007499	965832	1192414	105811311	347773564	NA	0
2223	3	catch2	linuxbrew	1336396	2352343895	965847	1192414	105871055	347969748	NA	0
2224	3	catch2	linuxbrew	1121295	2353465190	965862	1192414	105921180	348137848	NA	0
2225	3	catch2	linuxbrew	1776426	2355241616	965877	1192414	106000382	348395715	NA	0
2226	3	catch2	linuxbrew	1122080	2356363696	965892	1192414	106050538	348564100	NA	0
2227	3	catch2	linuxbrew	1338445	2357702141	965907	1192414	106110288	348760219	NA	0
2228	3	catch2	linuxbrew	1988158	2359690299	965922	1192414	106202005	349065456	NA	0
2229	3	catch2	linuxbrew	1334515	2361024814	965937	1192414	106261718	349261343	NA	0
2230	3	catch2	linuxbrew	1124979	2362149793	965952	1192414	106312124	349430196	NA	0
2231	3	catch2	linuxbrew	1547984	2363697777	965967	1192414	106383077	349660877	NA	0
2232	3	catch2	linuxbrew	1177818	2364875595	965982	1192414	106435532	349835982	NA	0
2233	3	catch2	linuxbrew	218940	2365094535	965997	1192414	106443428	349866999	NA	0
2234	3	catch2	linuxbrew	839561	2365934096	966012	1192414	106479552	349989329	NA	0
2235	3	catch2	linuxbrew	224821	2366158917	966027	1192414	106487716	350021449	NA	0
2236	3	catch2	linuxbrew	946392	2367105309	966042	1192414	106529492	350162566	NA	0
2237	3	catch2	linuxbrew	1478856	2368584165	966057	1192414	106590373	350362864	NA	0
2238	3	catch2	linuxbrew	108113	2368692278	966072	1192414	106594606	350379311	NA	0
2239	3	catch2	linuxbrew	1162036	2369854314	966087	1207982	106647569	350554287	NA	1
2240	3	catch2	linuxbrew	1693799	2371548113	966102	1207982	106721307	350796126	NA	0
2241	3	catch2	linuxbrew	836319	2372384432	966117	1207982	106759022	350922321	NA	0
2242	3	catch2	linuxbrew	1271599	2373656031	966132	1207982	106817146	351114018	NA	0
2243	3	catch2	linuxbrew	1070927	2374726958	966147	1207982	106863377	351269432	NA	0
2244	3	catch2	linuxbrew	1321907	2376048865	966162	1207982	106923327	351467398	NA	0
2245	3	catch2	linuxbrew	1350353	2377399218	966177	1207982	106984974	351671385	NA	0
2246	3	catch2	linuxbrew	1231528	2378630746	966192	1207982	107038550	351848989	NA	0
2247	3	catch2	linuxbrew	1031494	2379662240	966207	1207982	107083423	351999968	NA	0
2248	3	catch2	linuxbrew	1879065	2381541305	966222	1207982	107168739	352274421	NA	0
2249	3	catch2	linuxbrew	1478710	2383020015	966237	1207982	107236802	352496173	NA	0
2250	3	catch2	linuxbrew	1745972	2384765987	966252	1207982	107317180	352756098	NA	0
2251	3	catch2	linuxbrew	1288602	2386054589	966267	1207982	107376041	352950452	NA	0
2252	3	catch2	linuxbrew	620606	2386675195	966282	1207982	107402215	353040423	NA	0
2253	3	catch2	linuxbrew	1331033	2388006228	966297	1207982	107462720	353240593	NA	0
2254	3	catch2	linuxbrew	1031316	2389037544	966312	1207982	107507621	353391792	NA	0
2255	3	catch2	linuxbrew	1514358	2390551902	966327	1207982	107576150	353614969	NA	0
2256	3	catch2	linuxbrew	1328711	2391880613	966342	1207982	107636450	353814121	NA	0
2257	3	catch2	linuxbrew	1335412	2393216025	966357	1207982	107697106	354014480	NA	0
2258	3	catch2	linuxbrew	865370	2394081395	966372	1207982	107736157	354145350	NA	0
2259	3	catch2	linuxbrew	831872	2394913267	966387	1207982	107772090	354266519	NA	0
2260	3	catch2	linuxbrew	699700	2395612967	966402	1207982	107802801	354369423	NA	0
2261	3	catch2	linuxbrew	1155750	2396768717	966417	1207982	107854929	354543682	NA	0
2262	3	catch2	linuxbrew	588308	2397357025	966432	1207982	107879889	354629019	NA	0
2263	3	catch2	linuxbrew	1289617	2398646642	966447	1207982	107938925	354823749	NA	0
2264	3	catch2	linuxbrew	613560	2399260202	966462	1207982	107964804	354912438	NA	0
2265	3	catch2	linuxbrew	443882	2399704084	966477	1207982	107983488	354976787	NA	0
2266	3	catch2	linuxbrew	1354287	2401058371	966492	1207982	108043447	355174238	NA	0
2267	3	catch2	linuxbrew	861131	2401919502	966507	1207982	108082311	355304591	NA	0
2268	3	catch2	linuxbrew	1378955	2403298457	966522	1207982	108145783	355512054	NA	0
2269	3	catch2	linuxbrew	1028362	2404326819	966537	1207982	108190751	355662598	NA	0
2270	3	catch2	linuxbrew	1183774	2405510593	966552	1207982	108244708	355842002	NA	0
2271	3	catch2	linuxbrew	1268671	2406779264	966567	1207982	108302523	356032533	NA	0
2272	3	catch2	linuxbrew	1993569	2408772833	966582	1207982	108390878	356329615	NA	0
2273	3	catch2	linuxbrew	597626	2409370459	966597	1207982	108416299	356416256	NA	0
2274	3	catch2	linuxbrew	1177414	2410547873	966612	1207982	108470042	356592175	NA	0
2275	3	catch2	linuxbrew	1276779	2411824652	966627	1207982	108527776	356781093	NA	0
2276	3	catch2	linuxbrew	214732	2412039384	966642	1207982	108535571	356811144	NA	0
2277	3	catch2	linuxbrew	1292827	2413332211	966657	1207982	108595934	357006669	NA	0
2278	3	catch2	linuxbrew	12371	2413344582	966672	1207982	108596451	357009080	NA	0
2279	3	catch2	linuxbrew	725314	2414069896	966687	1207982	108628372	357116467	NA	0
2280	3	catch2	linuxbrew	827518	2414897414	966702	1207982	108665879	357241644	NA	0
2281	3	catch2	linuxbrew	1169860	2416067274	966717	1207982	108718684	357419093	NA	0
2282	3	catch2	linuxbrew	914221	2416981495	966732	1207982	108758583	357549709	NA	0
2283	3	catch2	linuxbrew	1516539	2418498034	966747	1207982	108828216	357773823	NA	0
2284	3	catch2	linuxbrew	1630613	2420128647	966762	1207982	108903390	358018933	NA	0
2285	3	catch2	linuxbrew	1109854	2421238501	966777	1207982	108953953	358188061	NA	0
2286	3	catch2	linuxbrew	19981	2421258482	966792	1207982	108954709	358191520	NA	0
2287	3	catch2	linuxbrew	827547	2422086029	966807	1207982	108992161	358316480	NA	0
2288	3	catch2	linuxbrew	927597	2423013626	966822	1207982	109034278	358455739	NA	0
2289	3	catch2	linuxbrew	1106830	2424120456	966837	1207982	109083933	358620620	NA	0
2290	3	catch2	linuxbrew	835824	2424956280	966852	1207982	109121717	358746774	NA	0
2291	3	catch2	linuxbrew	728815	2425685095	966867	1207982	109153674	358853945	NA	0
2292	3	catch2	linuxbrew	5794	2425690889	966882	1207982	109153864	358855182	NA	0
2293	3	catch2	linuxbrew	954128	2426645017	966897	1207982	109197601	359000490	NA	0
2294	3	catch2	linuxbrew	1097967	2427742984	966912	1207982	109247636	359164826	NA	0
2295	3	catch2	linuxbrew	596546	2428339530	966927	1207982	109270072	359244590	NA	0
2296	3	catch2	linuxbrew	52790	2428392320	966942	1207982	109272135	359253345	NA	0
2297	3	catch2	linuxbrew	943812	2429336132	966957	1207982	109314766	359395272	NA	0
2298	3	catch2	linuxbrew	1350928	2430687060	966972	1207982	109374482	359590376	NA	0
2299	3	catch2	linuxbrew	1107764	2431794824	966987	1207982	109424045	359755413	NA	0
2300	3	catch2	linuxbrew	588841	2432383665	967002	1207982	109448985	359840839	NA	0
2301	3	catch2	linuxbrew	1092984	2433476649	967017	1207982	109496686	360000954	NA	0
2302	3	catch2	linuxbrew	613626	2434090275	967032	1207982	109522651	360089811	NA	0
2303	3	catch2	linuxbrew	926266	2435016541	967047	1207982	109564477	360228600	NA	0
2304	3	catch2	linuxbrew	794316	2435810857	967062	1207982	109598734	360343301	NA	0
2305	3	catch2	linuxbrew	579367	2436390224	967077	1207982	109620487	360420361	NA	0
2306	3	catch2	linuxbrew	12411	2436402635	967092	1207982	109621006	360422960	NA	0
2307	3	catch2	linuxbrew	1519764	2437922399	967107	1207982	109686931	360636846	NA	0
2308	3	catch2	linuxbrew	1457166	2439379565	967122	1207982	109753998	360856921	NA	0
2309	3	catch2	linuxbrew	1208826	2440588391	967137	1207982	109806693	361029958	NA	0
2310	3	catch2	linuxbrew	1074126	2441662517	967152	1207982	109856105	361192021	NA	0
2311	3	catch2	linuxbrew	1569565	2443232082	967167	1207982	109927628	361426182	NA	0
2312	3	catch2	linuxbrew	626713	2443858795	967182	1207982	109954290	361517456	NA	0
2313	3	catch2	linuxbrew	444809	2444303604	967197	1207982	109973067	361582027	NA	0
2314	3	catch2	linuxbrew	848741	2445152345	967212	1207982	110011235	361709524	NA	0
2315	3	catch2	linuxbrew	465391	2445617736	967227	1207982	110030929	361777458	NA	0
2316	3	catch2	linuxbrew	867188	2446484924	967242	1207982	110070120	361907081	NA	0
2317	3	catch2	linuxbrew	969698	2447454622	967257	1207982	110114404	362054772	NA	0
2318	3	catch2	linuxbrew	1042255	2448496877	967272	1207982	110161094	362207689	NA	0
2319	3	catch2	linuxbrew	1152881	2449649758	967287	1207982	110214258	362382108	NA	0
2320	3	catch2	linuxbrew	730982	2450380740	967302	1207982	110246329	362489933	NA	0
2321	3	catch2	linuxbrew	1392097	2451772837	967317	1207982	110309444	362695608	NA	0
2322	3	catch2	linuxbrew	1176483	2452949320	967332	1207982	110363263	362871275	NA	0
2323	3	catch2	linuxbrew	835924	2453785244	967347	1207982	110401018	362997512	NA	0
2324	3	catch2	linuxbrew	1068263	2454853507	967362	1207982	110449130	363155663	NA	0
2325	3	catch2	linuxbrew	739732	2455593239	967377	1207982	110481623	363265163	NA	0
2326	3	catch2	linuxbrew	1166235	2456759474	967392	1207982	110534524	363438168	NA	0
2327	3	catch2	linuxbrew	108355	2456867829	967407	1207982	110538753	363454603	NA	0
2328	3	catch2	linuxbrew	971667	2457839496	967422	1207982	110583410	363602525	NA	0
2329	3	catch2	linuxbrew	1173597	2459013093	967437	1207982	110638555	363781680	NA	0
2330	3	catch2	linuxbrew	1119789	2460132882	967452	1207982	110688627	363949518	NA	0
2331	3	catch2	linuxbrew	1336396	2461469278	967467	1207982	110748371	364145702	NA	0
2332	3	catch2	linuxbrew	1121295	2462590573	967482	1207982	110798496	364313802	NA	0
2333	3	catch2	linuxbrew	1776426	2464366999	967497	1207982	110877698	364571669	NA	0
2334	3	catch2	linuxbrew	1122080	2465489079	967512	1207982	110927854	364740054	NA	0
2335	3	catch2	linuxbrew	1338445	2466827524	967527	1207982	110987604	364936173	NA	0
2336	3	catch2	linuxbrew	1988158	2468815682	967542	1207982	111079321	365241410	NA	0
2337	3	catch2	linuxbrew	1334515	2470150197	967557	1207982	111139034	365437297	NA	0
2338	3	catch2	linuxbrew	1124979	2471275176	967572	1207982	111189440	365606150	NA	0
2339	3	catch2	linuxbrew	1547984	2472823160	967587	1207982	111260393	365836831	NA	0
2340	3	catch2	linuxbrew	1129541	2473952701	967602	1207982	111310883	366006789	NA	0
2341	3	catch2	linuxbrew	1351989	2475304690	967617	1207982	111371355	366206013	NA	0
2342	3	catch2	linuxbrew	1129435	2476434125	967632	1207982	111421846	366376113	NA	0
2343	3	catch2	linuxbrew	1127566	2477561691	967647	1207982	111472388	366545850	NA	0
2344	3	catch2	linuxbrew	1127647	2478689338	967662	1207982	111522857	366715852	NA	0
2345	3	catch2	linuxbrew	1382632	2480071970	967677	1207982	111585561	366923511	NA	0
2346	3	catch2	linuxbrew	1891899	2481963869	967692	1207982	111669335	367199663	NA	0
2347	3	catch2	linuxbrew	1315264	2483279133	967707	1207982	111729447	367396485	NA	0
2348	3	catch2	linuxbrew	1384636	2484663769	967722	1207982	111792475	367605048	NA	0
2349	3	catch2	linuxbrew	1363880	2486027649	967737	1207982	111854272	367809374	NA	0
2350	3	catch2	linuxbrew	1363982	2487391631	967752	1207982	111916084	368013754	NA	0
2351	3	catch2	linuxbrew	1368033	2488759664	967767	1291414	111978045	368218671	NA	1
2352	3	catch2	linuxbrew	1370945	2490130609	967782	1291414	112040122	368424016	NA	0
2353	3	catch2	linuxbrew	1554887	2491685496	967797	1291414	112110410	368653384	NA	0
2354	3	catch2	linuxbrew	1127579	2492813075	967812	1291414	112160879	368823184	NA	0
2355	3	catch2	linuxbrew	1127847	2493940922	967827	1291414	112211348	368993007	NA	0
2356	3	catch2	linuxbrew	1127652	2495068574	967842	1291414	112261817	369162832	NA	0
2357	3	catch2	linuxbrew	1128013	2496196587	967857	1291414	112312288	369332678	NA	0
2358	3	catch2	linuxbrew	1323169	2497519756	967872	1291414	112372334	369532015	NA	0
2359	3	catch2	linuxbrew	1166116	2498685872	967887	1291414	112425629	369710017	NA	0
2360	3	catch2	linuxbrew	1127544	2499813416	967902	1291414	112476110	369879815	NA	0
2361	3	catch2	linuxbrew	1343097	2501156513	967917	1291414	112536719	370081860	NA	0
2362	3	catch2	linuxbrew	232	2501156745	967932	1291414	112536741	370081984	NA	0
2363	3	catch2	linuxbrew	1130017	2502286762	967947	1291414	112587235	370251999	NA	0
2364	3	catch2	linuxbrew	1142909	2503429671	967962	1291414	112638097	370422800	NA	0
2365	3	catch2	linuxbrew	218940	2503648611	967977	1291414	112645993	370453812	NA	0
2366	3	catch2	linuxbrew	839310	2504487921	967992	1291414	112682170	370576255	NA	0
2367	3	catch2	linuxbrew	224821	2504712742	968007	1291414	112690334	370608370	NA	0
2368	3	catch2	linuxbrew	946492	2505659234	968022	1291414	112732142	370749706	NA	0
2369	3	catch2	linuxbrew	1478533	2507137767	968037	1291414	112793049	370950167	NA	0
2370	3	catch2	linuxbrew	108107	2507245874	968052	1291414	112797281	370966612	NA	0
2371	3	catch2	linuxbrew	1161485	2508407359	968067	1291414	112850291	371141709	NA	0
2372	3	catch2	linuxbrew	1693224	2510100583	968082	1291414	112924059	371383533	NA	0
2373	3	catch2	linuxbrew	836419	2510937002	968097	1291414	112961810	371509909	NA	0
2374	3	catch2	linuxbrew	1271009	2512208011	968112	1291414	113019982	371701699	NA	0
2375	3	catch2	linuxbrew	1070628	2513278639	968127	1291414	113066270	371857118	NA	0
2376	3	catch2	linuxbrew	1321317	2514599956	968142	1291414	113126287	372055216	NA	0
2377	3	catch2	linuxbrew	1349763	2515949719	968157	1291414	113188005	372259217	NA	0
2378	3	catch2	linuxbrew	1231181	2517180900	968172	1291414	113241661	372437065	NA	0
2379	3	catch2	linuxbrew	1031195	2518212095	968187	1291414	113286593	372588161	NA	0
2380	3	catch2	linuxbrew	1878381	2520090476	968202	1291414	113371933	372862512	NA	0
2381	3	catch2	linuxbrew	1477695	2521568171	968217	1291414	113440070	373084574	NA	0
2382	3	catch2	linuxbrew	1745312	2523313483	968232	1291414	113520578	373344571	NA	0
2383	3	catch2	linuxbrew	1288012	2524601495	968247	1291414	113579528	373539005	NA	0
2384	3	catch2	linuxbrew	620952	2525222447	968262	1291414	113605767	373629107	NA	0
2385	3	catch2	linuxbrew	1330443	2526552890	968277	1291414	113666340	373829352	NA	0
2386	3	catch2	linuxbrew	1031017	2527583907	968292	1291414	113711323	373980622	NA	0
2387	3	catch2	linuxbrew	1513720	2529097627	968307	1291414	113779870	374203986	NA	0
2388	3	catch2	linuxbrew	1328157	2530425784	968322	1291414	113840231	374403214	NA	0
2389	3	catch2	linuxbrew	1334822	2531760606	968337	1291414	113900930	374603639	NA	0
2390	3	catch2	linuxbrew	865470	2532626076	968352	1291414	113940025	374734673	NA	0
2391	3	catch2	linuxbrew	831621	2533457697	968367	1291414	113976001	374855917	NA	0
2392	3	catch2	linuxbrew	699449	2534157146	968382	1291414	114006749	374958921	NA	0
2393	3	catch2	linuxbrew	1155199	2535312345	968397	1291414	114058916	375133274	NA	0
2394	3	catch2	linuxbrew	588663	2535901008	968412	1291414	114083914	375218730	NA	0
2395	3	catch2	linuxbrew	1289018	2537190026	968427	1291414	114143006	375413559	NA	0
2396	3	catch2	linuxbrew	613915	2537803941	968442	1291414	114168933	375502374	NA	0
2397	3	catch2	linuxbrew	443380	2538247321	968457	1291414	114187611	375566695	NA	0
2398	3	catch2	linuxbrew	1353748	2539601069	968472	1291414	114247564	375764267	NA	0
2399	3	catch2	linuxbrew	861195	2540462264	968487	1291414	114286476	375894852	NA	0
2400	3	catch2	linuxbrew	1378402	2541840666	968502	1291414	114350047	376102579	NA	0
2401	3	catch2	linuxbrew	1028063	2542868729	968517	1291414	114395111	376253182	NA	0
2402	3	catch2	linuxbrew	1182803	2544051532	968532	1291414	114449128	376432500	NA	0
2403	3	catch2	linuxbrew	1268083	2545319615	968547	1291414	114506949	376623110	NA	0
2404	3	catch2	linuxbrew	1994171	2547313786	968562	1291414	114595438	376920520	NA	0
2405	3	catch2	linuxbrew	597972	2547911758	968577	1291414	114620919	377007243	NA	0
2406	3	catch2	linuxbrew	1176860	2549088618	968592	1291414	114674691	377183263	NA	0
2407	3	catch2	linuxbrew	1276189	2550364807	968607	1291414	114732483	377372347	NA	0
2408	3	catch2	linuxbrew	214732	2550579539	968622	1291414	114740278	377402393	NA	0
2409	3	catch2	linuxbrew	1292263	2551871802	968637	1291414	114800679	377598028	NA	0
2410	3	catch2	linuxbrew	12371	2551884173	968652	1291414	114801196	377600439	NA	0
2411	3	catch2	linuxbrew	725223	2552609396	968667	1291414	114833172	377707964	NA	0
2412	3	catch2	linuxbrew	827582	2553436978	968682	1291414	114870705	377833244	NA	0
2413	3	catch2	linuxbrew	1169309	2554606287	968697	1291414	114923545	378010911	NA	0
2414	3	catch2	linuxbrew	913922	2555520209	968712	1291414	114963465	378141651	NA	0
2415	3	catch2	linuxbrew	1516024	2557036233	968727	1291414	115033145	378365933	NA	0
2416	3	catch2	linuxbrew	1630020	2558666253	968742	1291414	115108319	378611138	NA	0
2417	3	catch2	linuxbrew	1109348	2559775601	968757	1291414	115158955	378780254	NA	0
2418	3	catch2	linuxbrew	19981	2559795582	968772	1291414	115159711	378783713	NA	0
2419	3	catch2	linuxbrew	827611	2560623193	968787	1291414	115197223	378908853	NA	0
2420	3	catch2	linuxbrew	927662	2561550855	968802	1291414	115239400	379048287	NA	0
2421	3	catch2	linuxbrew	1106279	2562657134	968817	1291414	115289093	379213282	NA	0
2422	3	catch2	linuxbrew	835924	2563493058	968832	1291414	115326840	379339574	NA	0
2423	3	catch2	linuxbrew	728564	2564221622	968847	1291414	115358802	379446857	NA	0
2424	3	catch2	linuxbrew	5794	2564227416	968862	1291414	115358992	379448094	NA	0
2425	3	catch2	linuxbrew	954387	2565181803	968877	1291414	115402825	379593735	NA	0
2426	3	catch2	linuxbrew	1098019	2566279822	968892	1291414	115452895	379758254	NA	0
2427	3	catch2	linuxbrew	596522	2566876344	968907	1291414	115475331	379838013	NA	0
2428	3	catch2	linuxbrew	52790	2566929134	968922	1291414	115477394	379846768	NA	0
2429	3	catch2	linuxbrew	943913	2567873047	968937	1291414	115520075	379988802	NA	0
2430	3	catch2	linuxbrew	1350987	2569224034	968952	1291414	115579805	380184081	NA	0
2431	3	catch2	linuxbrew	1107213	2570331247	968967	1291414	115629377	380349217	NA	0
2432	3	catch2	linuxbrew	589196	2570920443	968982	1291414	115654334	380434776	NA	0
2433	3	catch2	linuxbrew	1092685	2572013128	968997	1291414	115702060	380594992	NA	0
2434	3	catch2	linuxbrew	613981	2572627109	969012	1291414	115728043	380683976	NA	0
2435	3	catch2	linuxbrew	926397	2573553506	969027	1291414	115769823	380822897	NA	0
2436	3	catch2	linuxbrew	794095	2574347601	969042	1291414	115804134	380937775	NA	0
2437	3	catch2	linuxbrew	579343	2574926944	969057	1291414	115825887	381014829	NA	0
2438	3	catch2	linuxbrew	12411	2574939355	969072	1291414	115826406	381017428	NA	0
2439	3	catch2	linuxbrew	1519234	2576458589	969087	1291414	115892303	381231493	NA	0
2440	3	catch2	linuxbrew	1456187	2577914776	969102	1291414	115959441	381451697	NA	0
2441	3	catch2	linuxbrew	1208479	2579123255	969117	1291414	116012167	381624834	NA	0
2442	3	catch2	linuxbrew	1073615	2580196870	969132	1291414	116061591	381787085	NA	0
2443	3	catch2	linuxbrew	1568976	2581765846	969147	1291414	116133155	382021404	NA	0
2444	3	catch2	linuxbrew	627068	2582392914	969162	1291414	116159877	382112823	NA	0
2445	3	catch2	linuxbrew	444307	2582837221	969177	1291414	116178668	382177348	NA	0
2446	3	catch2	linuxbrew	848805	2583686026	969192	1291414	116216892	382304991	NA	0
2447	3	catch2	linuxbrew	465156	2584151182	969207	1291414	116236594	382372992	NA	0
2448	3	catch2	linuxbrew	867283	2585018465	969222	1291414	116275792	382502827	NA	0
2449	3	catch2	linuxbrew	969156	2585987621	969237	1291414	116320126	382650630	NA	0
2450	3	catch2	linuxbrew	1042271	2587029892	969252	1291414	116366826	382803756	NA	0
2451	3	catch2	linuxbrew	1152327	2588182219	969267	1291414	116420073	382978355	NA	0
2452	3	catch2	linuxbrew	730731	2588912950	969282	1291414	116452211	383086337	NA	0
2453	3	catch2	linuxbrew	1391495	2590304445	969297	1291414	116515359	383292128	NA	0
2454	3	catch2	linuxbrew	1175929	2591480374	969312	1291414	116569219	383467894	NA	0
2455	3	catch2	linuxbrew	835848	2592316222	969327	1291414	116606992	383594179	NA	0
2456	3	catch2	linuxbrew	1067724	2593383946	969342	1291414	116655151	383752501	NA	0
2457	3	catch2	linuxbrew	739481	2594123427	969357	1291414	116687721	383862153	NA	0
2458	3	catch2	linuxbrew	1165645	2595289072	969372	1291414	116740670	384035292	NA	0
2459	3	catch2	linuxbrew	108349	2595397421	969387	1291414	116744899	384051726	NA	0
2460	3	catch2	linuxbrew	971161	2596368582	969402	1291414	116789608	384199762	NA	0
2461	3	catch2	linuxbrew	1173078	2597541660	969417	1291414	116844733	384379067	NA	0
2462	3	catch2	linuxbrew	1119238	2598660898	969432	1291414	116894755	384547117	NA	0
2463	3	catch2	linuxbrew	1335797	2599996695	969447	1338260	116954522	384743473	NA	1
2464	3	catch2	linuxbrew	1120744	2601117439	969462	1338260	117004623	384911824	NA	0
2465	3	catch2	linuxbrew	1775826	2602893265	969477	1338260	117083886	385169835	NA	0
2466	3	catch2	linuxbrew	1121529	2604014794	969492	1338260	117134018	385338468	NA	0
2467	3	catch2	linuxbrew	1337846	2605352640	969507	1338260	117193796	385534779	NA	0
2468	3	catch2	linuxbrew	1987090	2607339730	969522	1338260	117285532	385840133	NA	0
2469	3	catch2	linuxbrew	1333916	2608673646	969537	1338260	117345231	386036199	NA	0
2470	3	catch2	linuxbrew	1124428	2609798074	969552	1338260	117395640	386205273	NA	0
2471	3	catch2	linuxbrew	1547421	2611345495	969567	1338260	117466648	386436141	NA	0
2472	3	catch2	linuxbrew	2615093	2613960588	969582	1338260	117579180	386826745	NA	0
2473	3	catch2	linuxbrew	3631777	2617592365	969597	1338260	117744046	387390300	NA	0
2474	3	catch2	linuxbrew	1220651	2618813016	969612	1338260	117799015	387574312	NA	0
2475	3	catch2	linuxbrew	218940	2619031956	969627	1338260	117806911	387605324	NA	0
2476	3	catch2	linuxbrew	839310	2619871266	969642	1338260	117843088	387727767	NA	0
2477	3	catch2	linuxbrew	224821	2620096087	969657	1338260	117851252	387759882	NA	0
2478	3	catch2	linuxbrew	946492	2621042579	969672	1338260	117893060	387901218	NA	0
2479	3	catch2	linuxbrew	1478533	2622521112	969687	1338260	117953967	388101679	NA	0
2480	3	catch2	linuxbrew	108107	2622629219	969702	1338260	117958199	388118124	NA	0
2481	3	catch2	linuxbrew	1161485	2623790704	969717	1338260	118011209	388293221	NA	0
2482	3	catch2	linuxbrew	1693224	2625483928	969732	1338260	118084977	388535045	NA	0
2483	3	catch2	linuxbrew	836419	2626320347	969747	1338260	118122728	388661421	NA	0
2484	3	catch2	linuxbrew	1271009	2627591356	969762	1338260	118180900	388853211	NA	0
2485	3	catch2	linuxbrew	1070628	2628661984	969777	1338260	118227188	389008630	NA	0
2486	3	catch2	linuxbrew	1321317	2629983301	969792	1338260	118287205	389206728	NA	0
2487	3	catch2	linuxbrew	1349763	2631333064	969807	1338260	118348923	389410729	NA	0
2488	3	catch2	linuxbrew	1231181	2632564245	969822	1338260	118402579	389588577	NA	0
2489	3	catch2	linuxbrew	1031195	2633595440	969837	1338260	118447511	389739673	NA	0
2490	3	catch2	linuxbrew	1878381	2635473821	969852	1338260	118532851	390014024	NA	0
2491	3	catch2	linuxbrew	1477695	2636951516	969867	1338260	118600988	390236086	NA	0
2492	3	catch2	linuxbrew	1745312	2638696828	969882	1338260	118681496	390496083	NA	0
2493	3	catch2	linuxbrew	1288012	2639984840	969897	1338260	118740446	390690517	NA	0
2494	3	catch2	linuxbrew	620952	2640605792	969912	1338260	118766685	390780619	NA	0
2495	3	catch2	linuxbrew	1330443	2641936235	969927	1338260	118827258	390980864	NA	0
2496	3	catch2	linuxbrew	1031017	2642967252	969942	1338260	118872241	391132134	NA	0
2497	3	catch2	linuxbrew	1513720	2644480972	969957	1338260	118940788	391355498	NA	0
2498	3	catch2	linuxbrew	1328157	2645809129	969972	1338260	119001149	391554726	NA	0
2499	3	catch2	linuxbrew	1334822	2647143951	969987	1338260	119061848	391755151	NA	0
2500	3	catch2	linuxbrew	865470	2648009421	970002	1338260	119100943	391886185	NA	0
2501	3	catch2	linuxbrew	831621	2648841042	970017	1338260	119136919	392007429	NA	0
2502	3	catch2	linuxbrew	699449	2649540491	970032	1338260	119167667	392110433	NA	0
2503	3	catch2	linuxbrew	1155199	2650695690	970047	1338260	119219834	392284786	NA	0
2504	3	catch2	linuxbrew	588663	2651284353	970062	1338260	119244832	392370242	NA	0
2505	3	catch2	linuxbrew	1289018	2652573371	970077	1338260	119303924	392565071	NA	0
2506	3	catch2	linuxbrew	613915	2653187286	970092	1338260	119329851	392653886	NA	0
2507	3	catch2	linuxbrew	443380	2653630666	970107	1338260	119348529	392718207	NA	0
2508	3	catch2	linuxbrew	1353748	2654984414	970122	1338260	119408482	392915779	NA	0
2509	3	catch2	linuxbrew	861195	2655845609	970137	1338260	119447394	393046364	NA	0
2510	3	catch2	linuxbrew	1378402	2657224011	970152	1338260	119510965	393254091	NA	0
2511	3	catch2	linuxbrew	1028063	2658252074	970167	1338260	119556029	393404694	NA	0
2512	3	catch2	linuxbrew	1182803	2659434877	970182	1338260	119610046	393584012	NA	0
2513	3	catch2	linuxbrew	1268083	2660702960	970197	1338260	119667867	393774622	NA	0
2514	3	catch2	linuxbrew	2053898	2662756858	970212	1338260	119758538	394079684	NA	0
2515	3	catch2	linuxbrew	597972	2663354830	970227	1338260	119784019	394166407	NA	0
2516	3	catch2	linuxbrew	1176860	2664531690	970242	1338260	119837791	394342427	NA	0
2517	3	catch2	linuxbrew	1276189	2665807879	970257	1338260	119895583	394531511	NA	0
2518	3	catch2	linuxbrew	214732	2666022611	970272	1338260	119903378	394561557	NA	0
2519	3	catch2	linuxbrew	1292263	2667314874	970287	1338260	119963779	394757192	NA	0
2520	3	catch2	linuxbrew	12371	2667327245	970302	1338260	119964296	394759603	NA	0
2521	3	catch2	linuxbrew	725223	2668052468	970317	1338260	119996272	394867128	NA	0
2522	3	catch2	linuxbrew	827582	2668880050	970332	1338260	120033805	394992408	NA	0
2523	3	catch2	linuxbrew	1310073	2670190123	970347	1338260	120092701	395188323	NA	0
2524	3	catch2	linuxbrew	913922	2671104045	970362	1338260	120132621	395319063	NA	0
2525	3	catch2	linuxbrew	1516024	2672620069	970377	1338260	120202301	395543345	NA	0
2526	3	catch2	linuxbrew	1630020	2674250089	970392	1338260	120277475	395788550	NA	0
2527	3	catch2	linuxbrew	1109348	2675359437	970407	1338260	120328111	395957666	NA	0
2528	3	catch2	linuxbrew	19981	2675379418	970422	1338260	120328867	395961125	NA	0
2529	3	catch2	linuxbrew	827611	2676207029	970437	1338260	120366379	396086265	NA	0
2530	3	catch2	linuxbrew	927662	2677134691	970452	1338260	120408556	396225699	NA	0
2531	3	catch2	linuxbrew	1106279	2678240970	970467	1338260	120458249	396390694	NA	0
2532	3	catch2	linuxbrew	835924	2679076894	970482	1338260	120495996	396516986	NA	0
2533	3	catch2	linuxbrew	728564	2679805458	970497	1338260	120527958	396624269	NA	0
2534	3	catch2	linuxbrew	5794	2679811252	970512	1338260	120528148	396625506	NA	0
2535	3	catch2	linuxbrew	954387	2680765639	970527	1338260	120571981	396771147	NA	0
2536	3	catch2	linuxbrew	1098019	2681863658	970542	1338260	120622051	396935666	NA	0
2537	3	catch2	linuxbrew	596522	2682460180	970557	1338260	120644487	397015425	NA	0
2538	3	catch2	linuxbrew	52790	2682512970	970572	1338260	120646550	397024180	NA	0
2539	3	catch2	linuxbrew	943913	2683456883	970587	1338260	120689231	397166214	NA	0
2540	3	catch2	linuxbrew	1350987	2684807870	970602	1338260	120748961	397361493	NA	0
2541	3	catch2	linuxbrew	1107213	2685915083	970617	1338260	120798533	397526629	NA	0
2542	3	catch2	linuxbrew	589196	2686504279	970632	1338260	120823490	397612188	NA	0
2543	3	catch2	linuxbrew	1092685	2687596964	970647	1338260	120871216	397772404	NA	0
2544	3	catch2	linuxbrew	613994	2688210958	970662	1338260	120897199	397861390	NA	0
2545	3	catch2	linuxbrew	926397	2689137355	970677	1338260	120938979	398000311	NA	0
2546	3	catch2	linuxbrew	794095	2689931450	970692	1338260	120973290	398115189	NA	0
2547	3	catch2	linuxbrew	579343	2690510793	970707	1338260	120995043	398192243	NA	0
2548	3	catch2	linuxbrew	12411	2690523204	970722	1338260	120995562	398194842	NA	0
2549	3	catch2	linuxbrew	1519234	2692042438	970737	1338260	121061459	398408907	NA	0
2550	3	catch2	linuxbrew	1456187	2693498625	970752	1338260	121128597	398629111	NA	0
2551	3	catch2	linuxbrew	1208479	2694707104	970767	1338260	121181323	398802248	NA	0
2552	3	catch2	linuxbrew	1258003	2695965107	970782	1338260	121238331	398987695	NA	0
2553	3	catch2	linuxbrew	1654048	2697619155	970797	1338260	121313236	399232159	NA	0
2554	3	catch2	linuxbrew	627068	2698246223	970812	1338260	121339958	399323578	NA	0
2555	3	catch2	linuxbrew	444307	2698690530	970827	1338260	121358749	399388103	NA	0
2556	3	catch2	linuxbrew	848805	2699539335	970842	1338260	121396973	399515746	NA	0
2557	3	catch2	linuxbrew	465156	2700004491	970857	1338260	121416675	399583747	NA	0
2558	3	catch2	linuxbrew	867283	2700871774	970872	1338260	121455873	399713582	NA	0
2559	3	catch2	linuxbrew	969156	2701840930	970887	1338260	121500207	399861385	NA	0
2560	3	catch2	linuxbrew	1042271	2702883201	970902	1338260	121546907	400014511	NA	0
2561	3	catch2	linuxbrew	1152327	2704035528	970917	1338260	121600154	400189110	NA	0
2562	3	catch2	linuxbrew	730731	2704766259	970932	1338260	121632292	400297092	NA	0
2563	3	catch2	linuxbrew	1391495	2706157754	970947	1338260	121695440	400502883	NA	0
2564	3	catch2	linuxbrew	1175929	2707333683	970962	1338260	121749300	400678649	NA	0
2565	3	catch2	linuxbrew	835848	2708169531	970977	1338260	121787073	400804934	NA	0
2566	3	catch2	linuxbrew	1067724	2709237255	970992	1338260	121835232	400963256	NA	0
2567	3	catch2	linuxbrew	739481	2709976736	971007	1338260	121867802	401072908	NA	0
2568	3	catch2	linuxbrew	1165645	2711142381	971022	1338260	121920751	401246047	NA	0
2569	3	catch2	linuxbrew	108349	2711250730	971037	1338260	121924980	401262481	NA	0
2570	3	catch2	linuxbrew	971161	2712221891	971052	1338260	121969689	401410517	NA	0
2571	3	catch2	linuxbrew	1173078	2713394969	971067	1338260	122024814	401589822	NA	0
2572	3	catch2	linuxbrew	1119238	2714514207	971082	1338260	122074836	401757872	NA	0
2573	3	catch2	linuxbrew	1335797	2715850004	971097	1338260	122134603	401954228	NA	0
2574	3	catch2	linuxbrew	1120744	2716970748	971112	1338260	122184704	402122579	NA	0
2575	3	catch2	linuxbrew	1775826	2718746574	971127	1385500	122263967	402380590	NA	1
2576	3	catch2	linuxbrew	1121529	2719868103	971142	1385500	122314099	402549223	NA	0
2577	3	catch2	linuxbrew	1337846	2721205949	971157	1385500	122373877	402745534	NA	0
2578	3	catch2	linuxbrew	1987090	2723193039	971172	1385500	122465613	403050888	NA	0
2579	3	catch2	linuxbrew	1333916	2724526955	971187	1385500	122525312	403246954	NA	0
2580	3	catch2	linuxbrew	1124428	2725651383	971202	1385500	122575721	403416028	NA	0
2581	3	catch2	linuxbrew	1547421	2727198804	971217	1385500	122646729	403646896	NA	0
2582	3	catch2	linuxbrew	1195395	2728394199	971232	1385500	122700349	403827291	NA	0
2583	4	catch2	linuxbrew	218940	2728613139	971247	1385500	122708245	403858303	NA	0
2584	4	catch2	linuxbrew	839310	2729452449	971262	1385500	122744422	403980746	NA	0
2585	4	catch2	linuxbrew	224821	2729677270	971277	1385500	122752586	404012861	NA	0
2586	4	catch2	linuxbrew	946492	2730623762	971292	1385500	122794394	404154197	NA	0
2587	4	catch2	linuxbrew	1478533	2732102295	971307	1385500	122855301	404354658	NA	0
2588	4	catch2	linuxbrew	108107	2732210402	971322	1385500	122859533	404371103	NA	0
2589	4	catch2	linuxbrew	1161485	2733371887	971337	1385500	122912543	404546200	NA	0
2590	4	catch2	linuxbrew	1693224	2735065111	971352	1385500	122986311	404788024	NA	0
2591	4	catch2	linuxbrew	836419	2735901530	971367	1385500	123024062	404914400	NA	0
2592	4	catch2	linuxbrew	1271009	2737172539	971382	1385500	123082234	405106190	NA	0
2593	4	catch2	linuxbrew	1070628	2738243167	971397	1385500	123128522	405261609	NA	0
2594	4	catch2	linuxbrew	1321317	2739564484	971412	1385500	123188539	405459707	NA	0
2595	4	catch2	linuxbrew	1349763	2740914247	971427	1385500	123250257	405663708	NA	0
2596	4	catch2	linuxbrew	1231181	2742145428	971442	1385500	123303913	405841556	NA	0
2597	4	catch2	linuxbrew	1031195	2743176623	971457	1385500	123348845	405992652	NA	0
2598	4	catch2	linuxbrew	1878381	2745055004	971472	1385500	123434185	406267003	NA	0
2599	4	catch2	linuxbrew	1477695	2746532699	971487	1385500	123502322	406489065	NA	0
2600	4	catch2	linuxbrew	1745312	2748278011	971502	1385500	123582830	406749062	NA	0
2601	4	catch2	linuxbrew	1288012	2749566023	971517	1385500	123641780	406943496	NA	0
2602	4	catch2	linuxbrew	620952	2750186975	971532	1385500	123668019	407033598	NA	0
2603	4	catch2	linuxbrew	1330443	2751517418	971547	1385500	123728592	407233843	NA	0
2604	4	catch2	linuxbrew	1031017	2752548435	971562	1385500	123773575	407385113	NA	0
2605	4	catch2	linuxbrew	1513720	2754062155	971577	1385500	123842122	407608477	NA	0
2606	4	catch2	linuxbrew	1328157	2755390312	971592	1385500	123902483	407807705	NA	0
2607	4	catch2	linuxbrew	1334822	2756725134	971607	1385500	123963182	408008130	NA	0
2608	4	catch2	linuxbrew	865445	2757590579	971622	1385500	124002277	408139161	NA	0
2609	4	catch2	linuxbrew	831621	2758422200	971637	1385500	124038253	408260405	NA	0
2610	4	catch2	linuxbrew	699449	2759121649	971652	1385500	124069001	408363409	NA	0
2611	4	catch2	linuxbrew	1155199	2760276848	971667	1385500	124121168	408537762	NA	0
2612	4	catch2	linuxbrew	588663	2760865511	971682	1385500	124146166	408623218	NA	0
2613	4	catch2	linuxbrew	1289018	2762154529	971697	1385500	124205258	408818047	NA	0
2614	4	catch2	linuxbrew	613915	2762768444	971712	1385500	124231185	408906862	NA	0
2615	4	catch2	linuxbrew	443380	2763211824	971727	1385500	124249863	408971183	NA	0
2616	4	catch2	linuxbrew	1353748	2764565572	971742	1385500	124309816	409168755	NA	0
2617	4	catch2	linuxbrew	861195	2765426767	971757	1385500	124348728	409299340	NA	0
2618	4	catch2	linuxbrew	1378402	2766805169	971772	1385500	124412299	409507067	NA	0
2619	4	catch2	linuxbrew	1028063	2767833232	971787	1385500	124457363	409657670	NA	0
2620	4	catch2	linuxbrew	1182778	2769016010	971802	1385500	124511380	409836991	NA	0
2621	4	catch2	linuxbrew	1268083	2770284093	971817	1385500	124569201	410027601	NA	0
2622	4	catch2	linuxbrew	1994146	2772278239	971832	1385500	124657690	410325014	NA	0
2623	4	catch2	linuxbrew	597972	2772876211	971847	1385500	124683171	410411737	NA	0
2624	4	catch2	linuxbrew	1176860	2774053071	971862	1385500	124736943	410587757	NA	0
2625	4	catch2	linuxbrew	1276189	2775329260	971877	1385500	124794735	410776841	NA	0
2626	4	catch2	linuxbrew	214732	2775543992	971892	1385500	124802530	410806887	NA	0
2627	4	catch2	linuxbrew	1292263	2776836255	971907	1385500	124862931	411002522	NA	0
2628	4	catch2	linuxbrew	12371	2776848626	971922	1385500	124863448	411004933	NA	0
2629	4	catch2	linuxbrew	725223	2777573849	971937	1385500	124895424	411112458	NA	0
2630	4	catch2	linuxbrew	827582	2778401431	971952	1385500	124932957	411237738	NA	0
2631	4	catch2	linuxbrew	1169309	2779570740	971967	1385500	124985797	411415405	NA	0
2632	4	catch2	linuxbrew	913922	2780484662	971982	1385500	125025717	411546145	NA	0
2633	4	catch2	linuxbrew	1516024	2782000686	971997	1385500	125095397	411770427	NA	0
2634	4	catch2	linuxbrew	1630020	2783630706	972012	1385500	125170571	412015632	NA	0
2635	4	catch2	linuxbrew	1109298	2784740004	972027	1385500	125221207	412184750	NA	0
2636	4	catch2	linuxbrew	19981	2784759985	972042	1385500	125221963	412188209	NA	0
2637	4	catch2	linuxbrew	827611	2785587596	972057	1385500	125259475	412313349	NA	0
2638	4	catch2	linuxbrew	927662	2786515258	972072	1385500	125301652	412452783	NA	0
2639	4	catch2	linuxbrew	1106279	2787621537	972087	1385500	125351345	412617778	NA	0
2640	4	catch2	linuxbrew	835924	2788457461	972102	1385500	125389092	412744070	NA	0
2641	4	catch2	linuxbrew	728564	2789186025	972117	1385500	125421054	412851353	NA	0
2642	4	catch2	linuxbrew	5794	2789191819	972132	1385500	125421244	412852590	NA	0
2643	4	catch2	linuxbrew	954387	2790146206	972147	1385500	125465077	412998231	NA	0
2644	4	catch2	linuxbrew	1098019	2791244225	972162	1385500	125515147	413162750	NA	0
2645	4	catch2	linuxbrew	596522	2791840747	972177	1385500	125537583	413242509	NA	0
2646	4	catch2	linuxbrew	52790	2791893537	972192	1385500	125539646	413251264	NA	0
2647	4	catch2	linuxbrew	943913	2792837450	972207	1385500	125582327	413393298	NA	0
2648	4	catch2	linuxbrew	1350987	2794188437	972222	1385500	125642057	413588577	NA	0
2649	4	catch2	linuxbrew	1107213	2795295650	972237	1385500	125691629	413753713	NA	0
2650	4	catch2	linuxbrew	589196	2795884846	972252	1385500	125716586	413839272	NA	0
2651	4	catch2	linuxbrew	1092685	2796977531	972267	1385500	125764312	413999488	NA	0
2652	4	catch2	linuxbrew	613981	2797591512	972282	1385500	125790295	414088472	NA	0
2653	4	catch2	linuxbrew	926397	2798517909	972297	1385500	125832075	414227393	NA	0
2654	4	catch2	linuxbrew	794095	2799312004	972312	1385500	125866386	414342271	NA	0
2655	4	catch2	linuxbrew	579343	2799891347	972327	1385500	125888139	414419325	NA	0
2656	4	catch2	linuxbrew	12411	2799903758	972342	1385500	125888658	414421924	NA	0
2657	4	catch2	linuxbrew	1519234	2801422992	972357	1385500	125954555	414635989	NA	0
2658	4	catch2	linuxbrew	1456187	2802879179	972372	1385500	126021693	414856193	NA	0
2659	4	catch2	linuxbrew	1208479	2804087658	972387	1385500	126074419	415029330	NA	0
2660	4	catch2	linuxbrew	1073615	2805161273	972402	1385500	126123843	415191581	NA	0
2661	4	catch2	linuxbrew	1568926	2806730199	972417	1385500	126195407	415425903	NA	0
2662	4	catch2	linuxbrew	627068	2807357267	972432	1385500	126222129	415517322	NA	0
2663	4	catch2	linuxbrew	444307	2807801574	972447	1385500	126240920	415581847	NA	0
2664	4	catch2	linuxbrew	848805	2808650379	972462	1385500	126279144	415709490	NA	0
2665	4	catch2	linuxbrew	465156	2809115535	972477	1385500	126298846	415777491	NA	0
2666	4	catch2	linuxbrew	867283	2809982818	972492	1385500	126338044	415907326	NA	0
2667	4	catch2	linuxbrew	969156	2810951974	972507	1385500	126382378	416055129	NA	0
2668	4	catch2	linuxbrew	1042271	2811994245	972522	1385500	126429078	416208255	NA	0
2669	4	catch2	linuxbrew	1152327	2813146572	972537	1385500	126482325	416382854	NA	0
2670	4	catch2	linuxbrew	730731	2813877303	972552	1385500	126514463	416490836	NA	0
2671	4	catch2	linuxbrew	1391470	2815268773	972567	1385500	126577611	416696633	NA	0
2672	4	catch2	linuxbrew	1175854	2816444627	972582	1385500	126631471	416872403	NA	0
2673	4	catch2	linuxbrew	835848	2817280475	972597	1385500	126669244	416998688	NA	0
2674	4	catch2	linuxbrew	1067724	2818348199	972612	1385500	126717403	417157010	NA	0
2675	4	catch2	linuxbrew	739481	2819087680	972627	1385500	126749973	417266662	NA	0
2676	4	catch2	linuxbrew	1165645	2820253325	972642	1385500	126802922	417439801	NA	0
2677	4	catch2	linuxbrew	108349	2820361674	972657	1385500	126807151	417456235	NA	0
2678	4	catch2	linuxbrew	971136	2821332810	972672	1385500	126851860	417604269	NA	0
2679	4	catch2	linuxbrew	1173028	2822505838	972687	1385500	126906985	417783574	NA	0
2680	4	catch2	linuxbrew	1119238	2823625076	972702	1385500	126957007	417951624	NA	0
2681	4	catch2	linuxbrew	1335797	2824960873	972717	1385500	127016774	418147980	NA	0
2682	4	catch2	linuxbrew	1120744	2826081617	972732	1385500	127066875	418316331	NA	0
2683	4	catch2	linuxbrew	1775801	2827857418	972747	1385500	127146138	418574344	NA	0
2684	4	catch2	linuxbrew	1121529	2828978947	972762	1385500	127196270	418742977	NA	0
2685	4	catch2	linuxbrew	1337846	2830316793	972777	1385500	127256048	418939288	NA	0
2686	4	catch2	linuxbrew	1987090	2832303883	972792	1385500	127347784	419244642	NA	0
2687	4	catch2	linuxbrew	1333916	2833637799	972807	1387873	127407483	419440708	NA	1
2688	4	catch2	linuxbrew	1124428	2834762227	972822	1387873	127457892	419609782	NA	0
2689	4	catch2	linuxbrew	1547421	2836309648	972837	1387873	127528900	419840650	NA	0
2690	4	catch2	linuxbrew	1355940	2837665588	972852	1387873	127589492	420040289	NA	0
2691	4	catch2	linuxbrew	1355940	2839021528	972867	1387873	127650084	420239928	NA	0
2692	4	catch2	linuxbrew	1035704	2840057232	972882	1387873	127695252	420391951	NA	0
2693	4	catch2	linuxbrew	1125141	2841182373	972897	1387873	127745652	420561441	NA	0
2694	4	catch2	linuxbrew	1283446	2842465819	972912	1387873	127804675	420755138	NA	0
2695	4	catch2	linuxbrew	1433392	2843899211	972927	1387873	127869814	420969585	NA	0
2696	4	catch2	linuxbrew	1138200	2845037411	972942	1387873	127920494	421140180	NA	0
2697	4	catch2	linuxbrew	1493977	2846531388	972957	1387873	127987314	421360910	NA	0
2698	4	catch2	linuxbrew	1880441	2848411829	972972	1387873	128066194	421618728	NA	0
2699	4	catch2	linuxbrew	1576352	2849988181	972987	1387873	128135570	421846257	NA	0
2700	4	catch2	linuxbrew	1202307	2851190488	973002	1387873	128189513	422026512	NA	0
2701	4	catch2	linuxbrew	1344242	2852534730	973017	1387873	128245872	422213497	NA	0
2702	4	catch2	linuxbrew	1470009	2854004739	973032	1387873	128307950	422422083	NA	0
2703	4	catch2	linuxbrew	2107003	2856111742	973047	1387873	128390130	422691889	NA	0
2704	4	catch2	linuxbrew	1686462	2857798204	973062	1387873	128461704	422929761	NA	0
2705	4	catch2	linuxbrew	2010517	2859808721	973077	1387873	128545845	423206199	NA	0
2706	4	catch2	linuxbrew	1931511	2861740232	973092	1387873	128630569	423486141	NA	0
2707	4	catch2	linuxbrew	1145780	2862886012	973107	1387873	128681483	423657419	NA	0
2708	4	catch2	linuxbrew	1304151	2864190163	973122	1387873	128737304	423843719	NA	0
2709	4	catch2	linuxbrew	2296557	2866486720	973137	1387873	128830484	424164615	NA	0
2710	4	catch2	linuxbrew	1517831	2868004551	973152	1387873	128897683	424387709	NA	0
2711	4	catch2	linuxbrew	1547665	2869552216	973167	1387873	128966958	424613974	NA	0
2712	4	catch2	linuxbrew	1145042	2870697258	973182	1387873	129017925	424785449	NA	0
2713	4	catch2	linuxbrew	1885117	2872582375	973197	1387873	129096295	425039831	NA	0
2714	4	catch2	linuxbrew	1330364	2873912739	973212	1387873	129156455	425240133	NA	0
2715	4	catch2	linuxbrew	1385255	2875297994	973227	1387873	129213707	425429091	NA	0
2716	4	catch2	linuxbrew	1881298	2877179292	973242	1387873	129296623	425703293	NA	0
2717	4	catch2	linuxbrew	1138926	2878318218	973257	1387873	129347341	425873977	NA	0
2718	4	catch2	linuxbrew	1215710	2879533928	973272	1387873	129399578	426048590	NA	0
2719	4	catch2	linuxbrew	1387527	2880921455	973287	1387873	129460400	426248567	NA	0
2720	4	catch2	linuxbrew	1855886	2882777341	973302	1387873	129539533	426511035	NA	0
2721	4	catch2	linuxbrew	1165421	2883942762	973317	1387873	129590164	426682173	NA	0
2722	4	catch2	linuxbrew	1733417	2885676179	973332	1387873	129665134	426932989	NA	0
2723	4	catch2	linuxbrew	1225826	2886902005	973347	1387873	129719040	427113538	NA	0
2724	4	catch2	linuxbrew	705639	2887607644	973362	1387873	129750178	427218096	NA	0
2725	4	catch2	linuxbrew	1215758	2888823402	973377	1387873	129805049	427401689	NA	0
2726	4	catch2	linuxbrew	1506988	2890330390	973392	1387873	129868033	427610771	NA	0
2727	4	catch2	linuxbrew	1157094	2891487484	973407	1387873	129919203	427783062	NA	0
2728	4	catch2	linuxbrew	1840563	2893328047	973422	1387873	129999927	428050325	NA	0
2729	4	catch2	linuxbrew	1213194	2894541241	973437	1387873	130051996	428226655	NA	0
2730	4	catch2	linuxbrew	1325239	2895866480	973452	1387873	130109101	428417296	NA	0
2731	4	catch2	linuxbrew	1295839	2897162319	973467	1387873	130163555	428594144	NA	0
2732	4	catch2	linuxbrew	1174445	2898336764	973482	1387873	130216206	428769150	NA	0
2733	4	catch2	linuxbrew	1384161	2899720925	973497	1387873	130277006	428969201	NA	0
2734	4	catch2	linuxbrew	1197510	2900918435	973512	1387873	130329400	429144789	NA	0
2735	4	catch2	linuxbrew	1593452	2902511887	973527	1387873	130396978	429372830	NA	0
2736	4	catch2	linuxbrew	1273525	2903785412	973542	1387873	130451194	429554234	NA	0
2737	4	catch2	linuxbrew	1473707	2905259119	973557	1387873	130510511	429751888	NA	0
2738	4	catch2	linuxbrew	1270167	2906529286	973572	1387873	130566921	429940373	NA	0
2739	4	catch2	linuxbrew	1130347	2907659633	973587	1387873	130617431	430110464	NA	0
2740	4	catch2	linuxbrew	1143748	2908803381	973602	1387873	130668257	430281287	NA	0
2741	4	catch2	linuxbrew	1397914	2910201295	973617	1387873	130729368	430483332	NA	0
2742	4	catch2	linuxbrew	1181952	2911383247	973632	1387873	130781865	430658972	NA	0
2743	4	catch2	linuxbrew	1136367	2912519614	973647	1387873	130832570	430829474	NA	0
2744	4	catch2	linuxbrew	1200017	2913719631	973662	1387873	130886047	431008614	NA	0
2745	4	catch2	linuxbrew	1234451	2914954082	973677	1387873	130940294	431191207	NA	0
2746	4	catch2	linuxbrew	1165595	2916119677	973692	1387873	130991835	431364234	NA	0
2747	4	catch2	linuxbrew	1155038	2917274715	973707	1387873	131042982	431535800	NA	0
2748	4	catch2	linuxbrew	1498958	2918773673	973722	1387873	131109266	431754367	NA	0
2749	4	catch2	linuxbrew	1130830	2919904503	973737	1387873	131159786	431924417	NA	0
2750	4	catch2	linuxbrew	2005942	2921910445	973752	1387873	131240582	432194048	NA	0
2751	4	catch2	linuxbrew	11534	2921921979	973767	1387873	131240906	432195891	NA	0
2752	4	catch2	linuxbrew	2497794	2924419773	973782	1387873	131339920	432534154	NA	0
2753	4	catch2	linuxbrew	1132270	2925552043	973797	1387873	131390523	432704386	NA	0
2754	4	catch2	linuxbrew	1126204	2926678247	973812	1387873	131440958	432874111	NA	0
2755	4	catch2	linuxbrew	1132378	2927810625	973827	1387873	131491561	433044284	NA	0
2756	4	catch2	linuxbrew	1192675	2929003300	973842	1387873	131545194	433223407	NA	0
2757	4	catch2	linuxbrew	218940	2929222240	973857	1387873	131553090	433254419	NA	0
2758	4	catch2	linuxbrew	839310	2930061550	973872	1387873	131589267	433376862	NA	0
2759	4	catch2	linuxbrew	224821	2930286371	973887	1387873	131597431	433408977	NA	0
2760	4	catch2	linuxbrew	946492	2931232863	973902	1387873	131639239	433550313	NA	0
2761	4	catch2	linuxbrew	1478533	2932711396	973917	1387873	131700146	433750774	NA	0
2762	4	catch2	linuxbrew	108107	2932819503	973932	1387873	131704378	433767219	NA	0
2763	4	catch2	linuxbrew	1161485	2933980988	973947	1387873	131757388	433942316	NA	0
2764	4	catch2	linuxbrew	1693224	2935674212	973962	1387873	131831156	434184140	NA	0
2765	4	catch2	linuxbrew	836419	2936510631	973977	1387873	131868907	434310516	NA	0
2766	4	catch2	linuxbrew	1271009	2937781640	973992	1387873	131927079	434502306	NA	0
2767	4	catch2	linuxbrew	1070628	2938852268	974007	1387873	131973367	434657725	NA	0
2768	4	catch2	linuxbrew	1321317	2940173585	974022	1387873	132033384	434855823	NA	0
2769	4	catch2	linuxbrew	1349763	2941523348	974037	1387873	132095102	435059824	NA	0
2770	4	catch2	linuxbrew	1231181	2942754529	974052	1387873	132148758	435237672	NA	0
2771	4	catch2	linuxbrew	1031195	2943785724	974067	1387873	132193690	435388768	NA	0
2772	4	catch2	linuxbrew	1878381	2945664105	974082	1387873	132279030	435663119	NA	0
2773	4	catch2	linuxbrew	1477695	2947141800	974097	1387873	132347167	435885181	NA	0
2774	4	catch2	linuxbrew	1745312	2948887112	974112	1387873	132427675	436145178	NA	0
2775	4	catch2	linuxbrew	1288012	2950175124	974127	1387873	132486625	436339612	NA	0
2776	4	catch2	linuxbrew	620952	2950796076	974142	1387873	132512864	436429714	NA	0
2777	4	catch2	linuxbrew	1330443	2952126519	974157	1387873	132573437	436629959	NA	0
2778	4	catch2	linuxbrew	1031017	2953157536	974172	1387873	132618420	436781229	NA	0
2779	4	catch2	linuxbrew	1513720	2954671256	974187	1387873	132686967	437004593	NA	0
2780	4	catch2	linuxbrew	1328157	2955999413	974202	1387873	132747328	437203821	NA	0
2781	4	catch2	linuxbrew	1334822	2957334235	974217	1387873	132808027	437404246	NA	0
2782	4	catch2	linuxbrew	865470	2958199705	974232	1387873	132847122	437535280	NA	0
2783	4	catch2	linuxbrew	831621	2959031326	974247	1387873	132883098	437656524	NA	0
2784	4	catch2	linuxbrew	699449	2959730775	974262	1387873	132913846	437759528	NA	0
2785	4	catch2	linuxbrew	1155199	2960885974	974277	1387873	132966013	437933881	NA	0
2786	4	catch2	linuxbrew	588663	2961474637	974292	1387873	132991011	438019337	NA	0
2787	4	catch2	linuxbrew	1289018	2962763655	974307	1387873	133050103	438214166	NA	0
2788	4	catch2	linuxbrew	613915	2963377570	974322	1387873	133076030	438302981	NA	0
2789	4	catch2	linuxbrew	443380	2963820950	974337	1387873	133094708	438367302	NA	0
2790	4	catch2	linuxbrew	1353748	2965174698	974352	1387873	133154661	438564874	NA	0
2791	4	catch2	linuxbrew	861195	2966035893	974367	1387873	133193573	438695459	NA	0
2792	4	catch2	linuxbrew	1378402	2967414295	974382	1387873	133257144	438903186	NA	0
2793	4	catch2	linuxbrew	1028063	2968442358	974397	1387873	133302208	439053789	NA	0
2794	4	catch2	linuxbrew	1182803	2969625161	974412	1387873	133356225	439233107	NA	0
2795	4	catch2	linuxbrew	1268083	2970893244	974427	1387873	133414046	439423717	NA	0
2796	4	catch2	linuxbrew	1994171	2972887415	974442	1387873	133502535	439721127	NA	0
2797	4	catch2	linuxbrew	597972	2973485387	974457	1387873	133528016	439807850	NA	0
2798	4	catch2	linuxbrew	1176860	2974662247	974472	1387873	133581788	439983870	NA	0
2799	4	catch2	linuxbrew	1276189	2975938436	974487	1388908	133639580	440172954	NA	1
2800	4	catch2	linuxbrew	214732	2976153168	974502	1388908	133647375	440203000	NA	0
2801	4	catch2	linuxbrew	1292263	2977445431	974517	1388908	133707776	440398635	NA	0
2802	4	catch2	linuxbrew	12371	2977457802	974532	1388908	133708293	440401046	NA	0
2803	4	catch2	linuxbrew	725223	2978183025	974547	1388908	133740269	440508571	NA	0
2804	4	catch2	linuxbrew	827582	2979010607	974562	1388908	133777802	440633851	NA	0
2805	4	catch2	linuxbrew	1169309	2980179916	974577	1388908	133830642	440811518	NA	0
2806	4	catch2	linuxbrew	913922	2981093838	974592	1388908	133870562	440942258	NA	0
2807	4	catch2	linuxbrew	1516024	2982609862	974607	1388908	133940242	441166540	NA	0
2808	4	catch2	linuxbrew	1630020	2984239882	974622	1388908	134015416	441411745	NA	0
2809	4	catch2	linuxbrew	1109348	2985349230	974637	1388908	134066052	441580861	NA	0
2810	4	catch2	linuxbrew	19981	2985369211	974652	1388908	134066808	441584320	NA	0
2811	4	catch2	linuxbrew	827611	2986196822	974667	1388908	134104320	441709460	NA	0
2812	4	catch2	linuxbrew	927662	2987124484	974682	1388908	134146497	441848894	NA	0
2813	4	catch2	linuxbrew	1106279	2988230763	974697	1388908	134196190	442013889	NA	0
2814	4	catch2	linuxbrew	835924	2989066687	974712	1388908	134233937	442140181	NA	0
2815	4	catch2	linuxbrew	728564	2989795251	974727	1388908	134265899	442247464	NA	0
2816	4	catch2	linuxbrew	5794	2989801045	974742	1388908	134266089	442248701	NA	0
2817	4	catch2	linuxbrew	954387	2990755432	974757	1388908	134309922	442394342	NA	0
2818	4	catch2	linuxbrew	1098019	2991853451	974772	1388908	134359992	442558861	NA	0
2819	4	catch2	linuxbrew	596522	2992449973	974787	1388908	134382428	442638620	NA	0
2820	4	catch2	linuxbrew	52790	2992502763	974802	1388908	134384491	442647375	NA	0
2821	4	catch2	linuxbrew	943913	2993446676	974817	1388908	134427172	442789409	NA	0
2822	4	catch2	linuxbrew	1350987	2994797663	974832	1388908	134486902	442984688	NA	0
2823	4	catch2	linuxbrew	1107213	2995904876	974847	1388908	134536474	443149824	NA	0
2824	4	catch2	linuxbrew	589196	2996494072	974862	1388908	134561431	443235383	NA	0
2825	4	catch2	linuxbrew	1092685	2997586757	974877	1388908	134609157	443395599	NA	0
2826	4	catch2	linuxbrew	613981	2998200738	974892	1388908	134635140	443484583	NA	0
2827	4	catch2	linuxbrew	926397	2999127135	974907	1388908	134676920	443623504	NA	0
2828	4	catch2	linuxbrew	794095	2999921230	974922	1388908	134711231	443738382	NA	0
2829	4	catch2	linuxbrew	579343	3000500573	974937	1388908	134732984	443815436	NA	0
2830	4	catch2	linuxbrew	12411	3000512984	974952	1388908	134733503	443818035	NA	0
2831	4	catch2	linuxbrew	1519234	3002032218	974967	1388908	134799400	444032100	NA	0
2832	4	catch2	linuxbrew	1456187	3003488405	974982	1388908	134866538	444252304	NA	0
2833	4	catch2	linuxbrew	1208479	3004696884	974997	1388908	134919264	444425441	NA	0
2834	4	catch2	linuxbrew	1073615	3005770499	975012	1388908	134968688	444587692	NA	0
2835	4	catch2	linuxbrew	1568976	3007339475	975027	1388908	135040252	444822011	NA	0
2836	4	catch2	linuxbrew	627068	3007966543	975042	1388908	135066974	444913430	NA	0
2837	4	catch2	linuxbrew	444307	3008410850	975057	1388908	135085765	444977955	NA	0
2838	4	catch2	linuxbrew	848805	3009259655	975072	1388908	135123989	445105598	NA	0
2839	4	catch2	linuxbrew	465156	3009724811	975087	1388908	135143691	445173599	NA	0
2840	4	catch2	linuxbrew	867210	3010592021	975102	1388908	135182883	445303404	NA	0
2841	4	catch2	linuxbrew	969156	3011561177	975117	1388908	135227217	445451207	NA	0
2842	4	catch2	linuxbrew	1042271	3012603448	975132	1388908	135273917	445604333	NA	0
2843	4	catch2	linuxbrew	1152327	3013755775	975147	1388908	135327164	445778932	NA	0
2844	4	catch2	linuxbrew	730731	3014486506	975162	1388908	135359302	445886914	NA	0
2845	4	catch2	linuxbrew	1391495	3015878001	975177	1388908	135422450	446092705	NA	0
2846	4	catch2	linuxbrew	1175929	3017053930	975192	1388908	135476310	446268471	NA	0
2847	4	catch2	linuxbrew	835848	3017889778	975207	1388908	135514083	446394756	NA	0
2848	4	catch2	linuxbrew	1067724	3018957502	975222	1388908	135562242	446553078	NA	0
2849	4	catch2	linuxbrew	739481	3019696983	975237	1388908	135594812	446662730	NA	0
2850	4	catch2	linuxbrew	1165645	3020862628	975252	1388908	135647761	446835869	NA	0
2851	4	catch2	linuxbrew	108349	3020970977	975267	1388908	135651990	446852303	NA	0
2852	4	catch2	linuxbrew	971161	3021942138	975282	1388908	135696699	447000339	NA	0
2853	4	catch2	linuxbrew	1173078	3023115216	975297	1388908	135751824	447179644	NA	0
2854	4	catch2	linuxbrew	1119238	3024234454	975312	1388908	135801846	447347694	NA	0
2855	4	catch2	linuxbrew	1335797	3025570251	975327	1388908	135861613	447544050	NA	0
2856	4	catch2	linuxbrew	1120744	3026690995	975342	1388908	135911714	447712401	NA	0
2857	4	catch2	linuxbrew	1775826	3028466821	975357	1388908	135990977	447970412	NA	0
2858	4	catch2	linuxbrew	1121529	3029588350	975372	1388908	136041109	448139045	NA	0
2859	4	catch2	linuxbrew	1337846	3030926196	975387	1388908	136100887	448335356	NA	0
2860	4	catch2	linuxbrew	1987090	3032913286	975402	1388908	136192623	448640710	NA	0
2861	4	catch2	linuxbrew	1333916	3034247202	975417	1388908	136252322	448836776	NA	0
2862	4	catch2	linuxbrew	1124428	3035371630	975432	1388908	136302731	449005850	NA	0
2863	4	catch2	linuxbrew	1547421	3036919051	975447	1388908	136373739	449236718	NA	0
2864	4	catch2	linuxbrew	1144289	3038063340	975462	1388908	136424587	449407401	NA	0
2865	4	catch2	linuxbrew	1139091	3039202431	975477	1388908	136475352	449577979	NA	0
2866	4	catch2	linuxbrew	1130309	3040332740	975492	1388908	136525918	449748416	NA	0
2867	4	catch2	linuxbrew	1217365	3041550105	975507	1388908	136580849	449932235	NA	0
2868	4	catch2	linuxbrew	1144701	3042694806	975522	1388908	136631701	450103095	NA	0
2869	4	catch2	linuxbrew	1385387	3044080193	975537	1388908	136694276	450310381	NA	0
2870	4	catch2	linuxbrew	1547220	3045627413	975552	1388908	136765302	450541335	NA	0
2871	4	catch2	linuxbrew	1731159	3047358572	975567	1388908	136839684	450788329	NA	0
2872	4	catch2	linuxbrew	1275760	3048634332	975582	1388908	136897188	450980344	NA	0
2873	4	catch2	linuxbrew	1195057	3049829389	975597	1388908	136950809	451160906	NA	0
2874	4	catch2	linuxbrew	1494697	3051324086	975612	1388908	137016214	451381433	NA	0
2875	4	catch2	linuxbrew	1494528	3052818614	975627	1388908	137081633	451601986	NA	0
2876	4	catch2	linuxbrew	1169205	3053987819	975642	1388908	137133193	451776062	NA	0
2877	4	catch2	linuxbrew	218940	3054206759	975657	1388908	137141089	451807074	NA	0
2878	4	catch2	linuxbrew	839310	3055046069	975672	1388908	137177266	451929517	NA	0
2879	4	catch2	linuxbrew	224821	3055270890	975687	1388908	137185430	451961632	NA	0
2880	4	catch2	linuxbrew	946492	3056217382	975702	1388908	137227238	452102968	NA	0
2881	4	catch2	linuxbrew	1478533	3057695915	975717	1388908	137288145	452303429	NA	0
2882	4	catch2	linuxbrew	108107	3057804022	975732	1388908	137292377	452319874	NA	0
2883	4	catch2	linuxbrew	1161485	3058965507	975747	1388908	137345387	452494971	NA	0
2884	4	catch2	linuxbrew	1693224	3060658731	975762	1388908	137419155	452736795	NA	0
2885	4	catch2	linuxbrew	836419	3061495150	975777	1388908	137456906	452863171	NA	0
2886	4	catch2	linuxbrew	1271009	3062766159	975792	1388908	137515078	453054961	NA	0
2887	4	catch2	linuxbrew	1070628	3063836787	975807	1388908	137561366	453210380	NA	0
2888	4	catch2	linuxbrew	1321317	3065158104	975822	1388908	137621383	453408478	NA	0
2889	4	catch2	linuxbrew	1349763	3066507867	975837	1388908	137683101	453612479	NA	0
2890	4	catch2	linuxbrew	1231181	3067739048	975852	1388908	137736757	453790327	NA	0
2891	4	catch2	linuxbrew	1031195	3068770243	975867	1388908	137781689	453941423	NA	0
2892	4	catch2	linuxbrew	1878381	3070648624	975882	1388908	137867029	454215774	NA	0
2893	4	catch2	linuxbrew	1477695	3072126319	975897	1388908	137935166	454437836	NA	0
2894	4	catch2	linuxbrew	1745312	3073871631	975912	1388908	138015674	454697833	NA	0
2895	4	catch2	linuxbrew	1288012	3075159643	975927	1388908	138074624	454892267	NA	0
2896	4	catch2	linuxbrew	620952	3075780595	975942	1388908	138100863	454982369	NA	0
2897	4	catch2	linuxbrew	1330443	3077111038	975957	1388908	138161436	455182614	NA	0
2898	4	catch2	linuxbrew	1031017	3078142055	975972	1388908	138206419	455333884	NA	0
2899	4	catch2	linuxbrew	1513720	3079655775	975987	1388908	138274966	455557248	NA	0
2900	4	catch2	linuxbrew	1328157	3080983932	976002	1388908	138335327	455756476	NA	0
2901	4	catch2	linuxbrew	1334822	3082318754	976017	1388908	138396026	455956901	NA	0
2902	4	catch2	linuxbrew	865470	3083184224	976032	1388908	138435121	456087935	NA	0
2903	4	catch2	linuxbrew	831621	3084015845	976047	1388908	138471097	456209179	NA	0
2904	4	catch2	linuxbrew	699449	3084715294	976062	1388908	138501845	456312183	NA	0
2905	4	catch2	linuxbrew	1155199	3085870493	976077	1388908	138554012	456486536	NA	0
2906	4	catch2	linuxbrew	588663	3086459156	976092	1388908	138579010	456571992	NA	0
2907	4	catch2	linuxbrew	1289018	3087748174	976107	1388908	138638102	456766821	NA	0
2908	4	catch2	linuxbrew	613915	3088362089	976122	1388908	138664029	456855636	NA	0
2909	4	catch2	linuxbrew	443380	3088805469	976137	1388908	138682707	456919957	NA	0
2910	4	catch2	linuxbrew	1353748	3090159217	976152	1388908	138742660	457117529	NA	0
2911	4	catch2	linuxbrew	861195	3091020412	976167	1389943	138781572	457248114	NA	1
2912	4	catch2	linuxbrew	1378402	3092398814	976182	1389943	138845143	457455841	NA	0
2913	4	catch2	linuxbrew	1028063	3093426877	976197	1389943	138890207	457606444	NA	0
2914	4	catch2	linuxbrew	1182803	3094609680	976212	1389943	138944224	457785762	NA	0
2915	4	catch2	linuxbrew	1268083	3095877763	976227	1389943	139002045	457976372	NA	0
2916	4	catch2	linuxbrew	1994171	3097871934	976242	1389943	139090534	458273782	NA	0
2917	4	catch2	linuxbrew	597972	3098469906	976257	1389943	139116015	458360505	NA	0
2918	4	catch2	linuxbrew	1176860	3099646766	976272	1389943	139169787	458536525	NA	0
2919	4	catch2	linuxbrew	1276189	3100922955	976287	1389943	139227579	458725609	NA	0
2920	4	catch2	linuxbrew	214732	3101137687	976302	1389943	139235374	458755655	NA	0
2921	4	catch2	linuxbrew	1292263	3102429950	976317	1389943	139295775	458951290	NA	0
2922	4	catch2	linuxbrew	12371	3102442321	976332	1389943	139296292	458953701	NA	0
2923	4	catch2	linuxbrew	725223	3103167544	976347	1389943	139328268	459061226	NA	0
2924	4	catch2	linuxbrew	827582	3103995126	976362	1389943	139365801	459186506	NA	0
2925	4	catch2	linuxbrew	1169309	3105164435	976377	1389943	139418641	459364173	NA	0
2926	4	catch2	linuxbrew	913922	3106078357	976392	1389943	139458561	459494913	NA	0
2927	4	catch2	linuxbrew	1516024	3107594381	976407	1389943	139528241	459719195	NA	0
2928	4	catch2	linuxbrew	1630020	3109224401	976422	1389943	139603415	459964400	NA	0
2929	4	catch2	linuxbrew	1109348	3110333749	976437	1389943	139654051	460133516	NA	0
2930	4	catch2	linuxbrew	19981	3110353730	976452	1389943	139654807	460136975	NA	0
2931	4	catch2	linuxbrew	827611	3111181341	976467	1389943	139692319	460262115	NA	0
2932	4	catch2	linuxbrew	927662	3112109003	976482	1389943	139734496	460401549	NA	0
2933	4	catch2	linuxbrew	1106279	3113215282	976497	1389943	139784189	460566544	NA	0
2934	4	catch2	linuxbrew	835924	3114051206	976512	1389943	139821936	460692836	NA	0
2935	4	catch2	linuxbrew	728564	3114779770	976527	1389943	139853898	460800119	NA	0
2936	4	catch2	linuxbrew	5794	3114785564	976542	1389943	139854088	460801356	NA	0
2937	4	catch2	linuxbrew	954387	3115739951	976557	1389943	139897921	460946997	NA	0
2938	4	catch2	linuxbrew	1098019	3116837970	976572	1389943	139947991	461111516	NA	0
2939	4	catch2	linuxbrew	596522	3117434492	976587	1389943	139970427	461191275	NA	0
2940	4	catch2	linuxbrew	52790	3117487282	976602	1389943	139972490	461200030	NA	0
2941	4	catch2	linuxbrew	943913	3118431195	976617	1389943	140015171	461342064	NA	0
2942	4	catch2	linuxbrew	1350987	3119782182	976632	1389943	140074901	461537343	NA	0
2943	4	catch2	linuxbrew	1107213	3120889395	976647	1389943	140124473	461702479	NA	0
2944	4	catch2	linuxbrew	589196	3121478591	976662	1389943	140149430	461788038	NA	0
2945	4	catch2	linuxbrew	1092685	3122571276	976677	1389943	140197156	461948254	NA	0
2946	4	catch2	linuxbrew	613981	3123185257	976692	1389943	140223139	462037238	NA	0
2947	4	catch2	linuxbrew	926397	3124111654	976707	1389943	140264919	462176159	NA	0
2948	4	catch2	linuxbrew	794095	3124905749	976722	1389943	140299230	462291037	NA	0
2949	4	catch2	linuxbrew	579343	3125485092	976737	1389943	140320983	462368091	NA	0
2950	4	catch2	linuxbrew	12411	3125497503	976752	1389943	140321502	462370690	NA	0
2951	4	catch2	linuxbrew	1519234	3127016737	976767	1389943	140387399	462584755	NA	0
2952	4	catch2	linuxbrew	1456187	3128472924	976782	1389943	140454537	462804959	NA	0
2953	4	catch2	linuxbrew	1208479	3129681403	976797	1389943	140507263	462978096	NA	0
2954	4	catch2	linuxbrew	1073615	3130755018	976812	1389943	140556687	463140347	NA	0
2955	4	catch2	linuxbrew	1568976	3132323994	976827	1389943	140628251	463374666	NA	0
2956	4	catch2	linuxbrew	627068	3132951062	976842	1389943	140654973	463466085	NA	0
2957	4	catch2	linuxbrew	444307	3133395369	976857	1389943	140673764	463530610	NA	0
2958	4	catch2	linuxbrew	848805	3134244174	976872	1389943	140711988	463658253	NA	0
2959	4	catch2	linuxbrew	465156	3134709330	976887	1389943	140731690	463726254	NA	0
2960	4	catch2	linuxbrew	867283	3135576613	976902	1389943	140770888	463856089	NA	0
2961	4	catch2	linuxbrew	969156	3136545769	976917	1389943	140815222	464003892	NA	0
2962	4	catch2	linuxbrew	1042271	3137588040	976932	1389943	140861922	464157018	NA	0
2963	4	catch2	linuxbrew	1152327	3138740367	976947	1389943	140915169	464331617	NA	0
2964	4	catch2	linuxbrew	730731	3139471098	976962	1389943	140947307	464439599	NA	0
2965	4	catch2	linuxbrew	1391495	3140862593	976977	1389943	141010455	464645390	NA	0
2966	4	catch2	linuxbrew	1175929	3142038522	976992	1389943	141064315	464821156	NA	0
2967	4	catch2	linuxbrew	835848	3142874370	977007	1389943	141102088	464947441	NA	0
2968	4	catch2	linuxbrew	1067724	3143942094	977022	1389943	141150247	465105763	NA	0
2969	4	catch2	linuxbrew	739481	3144681575	977037	1389943	141182817	465215415	NA	0
2970	4	catch2	linuxbrew	1165645	3145847220	977052	1389943	141235766	465388554	NA	0
2971	4	catch2	linuxbrew	108349	3145955569	977067	1389943	141239995	465404988	NA	0
2972	4	catch2	linuxbrew	971161	3146926730	977082	1389943	141284704	465553024	NA	0
2973	4	catch2	linuxbrew	1173078	3148099808	977097	1389943	141339829	465732329	NA	0
2974	4	catch2	linuxbrew	1119238	3149219046	977112	1389943	141389851	465900379	NA	0
2975	4	catch2	linuxbrew	1335797	3150554843	977127	1389943	141449618	466096735	NA	0
2976	4	catch2	linuxbrew	1120744	3151675587	977142	1389943	141499719	466265086	NA	0
2977	4	catch2	linuxbrew	1775826	3153451413	977157	1389943	141578982	466523097	NA	0
2978	4	catch2	linuxbrew	1121529	3154572942	977172	1389943	141629114	466691730	NA	0
2979	4	catch2	linuxbrew	1337846	3155910788	977187	1389943	141688892	466888041	NA	0
2980	4	catch2	linuxbrew	1987090	3157897878	977202	1389943	141780628	467193395	NA	0
2981	4	catch2	linuxbrew	1333916	3159231794	977217	1389943	141840327	467389461	NA	0
2982	4	catch2	linuxbrew	1124428	3160356222	977232	1389943	141890736	467558535	NA	0
2983	4	catch2	linuxbrew	1547421	3161903643	977247	1389943	141961744	467789403	NA	0
2984	4	catch2	linuxbrew	1669807	3163573450	977262	1389943	142034983	468031444	NA	0
2985	4	catch2	linuxbrew	1641304	3165214754	977277	1389943	142106618	468269035	NA	0
2986	4	catch2	linuxbrew	218940	3165433694	977292	1389943	142114514	468300052	NA	0
2987	4	catch2	linuxbrew	839561	3166273255	977307	1389943	142150638	468422382	NA	0
2988	4	catch2	linuxbrew	224821	3166498076	977322	1389943	142158802	468454502	NA	0
2989	4	catch2	linuxbrew	946392	3167444468	977337	1389943	142200578	468595619	NA	0
2990	4	catch2	linuxbrew	1478856	3168923324	977352	1389943	142261459	468795917	NA	0
2991	4	catch2	linuxbrew	108113	3169031437	977367	1389943	142265692	468812364	NA	0
2992	4	catch2	linuxbrew	1162036	3170193473	977382	1389943	142318655	468987340	NA	0
2993	4	catch2	linuxbrew	1693799	3171887272	977397	1389943	142392393	469229179	NA	0
2994	4	catch2	linuxbrew	836319	3172723591	977412	1389943	142430108	469355374	NA	0
2995	4	catch2	linuxbrew	1271599	3173995190	977427	1389943	142488232	469547071	NA	0
2996	4	catch2	linuxbrew	1070927	3175066117	977442	1389943	142534463	469702485	NA	0
2997	4	catch2	linuxbrew	1321907	3176388024	977457	1389943	142594413	469900451	NA	0
2998	4	catch2	linuxbrew	1350353	3177738377	977472	1389943	142656060	470104438	NA	0
2999	4	catch2	linuxbrew	1231528	3178969905	977487	1389943	142709636	470282042	NA	0
3000	4	catch2	linuxbrew	1031494	3180001399	977502	1389943	142754509	470433021	NA	0
3001	4	catch2	linuxbrew	1879065	3181880464	977517	1389943	142839825	470707474	NA	0
3002	4	catch2	linuxbrew	1478710	3183359174	977532	1389943	142907888	470929226	NA	0
3003	4	catch2	linuxbrew	1745972	3185105146	977547	1389943	142988266	471189151	NA	0
3004	4	catch2	linuxbrew	1288602	3186393748	977562	1389943	143047127	471383505	NA	0
3005	4	catch2	linuxbrew	620606	3187014354	977577	1389943	143073301	471473476	NA	0
3006	4	catch2	linuxbrew	1331033	3188345387	977592	1389943	143133806	471673646	NA	0
3007	4	catch2	linuxbrew	1031316	3189376703	977607	1389943	143178707	471824845	NA	0
3008	4	catch2	linuxbrew	1514358	3190891061	977622	1389943	143247236	472048022	NA	0
3009	4	catch2	linuxbrew	1328711	3192219772	977637	1389943	143307536	472247174	NA	0
3010	4	catch2	linuxbrew	1335412	3193555184	977652	1389943	143368192	472447533	NA	0
3011	4	catch2	linuxbrew	865370	3194420554	977667	1389943	143407243	472578403	NA	0
3012	4	catch2	linuxbrew	831872	3195252426	977682	1389943	143443176	472699572	NA	0
3013	4	catch2	linuxbrew	699700	3195952126	977697	1389943	143473887	472802476	NA	0
3014	4	catch2	linuxbrew	1155750	3197107876	977712	1389943	143526015	472976735	NA	0
3015	4	catch2	linuxbrew	588308	3197696184	977727	1389943	143550975	473062072	NA	0
3016	4	catch2	linuxbrew	1289617	3198985801	977742	1389943	143610011	473256802	NA	0
3017	4	catch2	linuxbrew	613560	3199599361	977757	1389943	143635890	473345491	NA	0
3018	4	catch2	linuxbrew	443882	3200043243	977772	1389943	143654574	473409840	NA	0
3019	4	catch2	linuxbrew	1354287	3201397530	977787	1389943	143714533	473607291	NA	0
3020	4	catch2	linuxbrew	861131	3202258661	977802	1389943	143753397	473737644	NA	0
3021	4	catch2	linuxbrew	1378955	3203637616	977817	1389943	143816869	473945107	NA	0
3022	4	catch2	linuxbrew	1028362	3204665978	977832	1389943	143861837	474095651	NA	0
3023	4	catch2	linuxbrew	1183774	3205849752	977847	1424457	143915794	474275055	NA	1
3024	4	catch2	linuxbrew	1268671	3207118423	977862	1424457	143973609	474465586	NA	0
3025	4	catch2	linuxbrew	1993569	3209111992	977877	1424457	144061964	474762668	NA	0
3026	4	catch2	linuxbrew	597626	3209709618	977892	1424457	144087385	474849309	NA	0
3027	4	catch2	linuxbrew	1177414	3210887032	977907	1424457	144141128	475025228	NA	0
3028	4	catch2	linuxbrew	1276779	3212163811	977922	1424457	144198862	475214146	NA	0
3029	4	catch2	linuxbrew	214732	3212378543	977937	1424457	144206657	475244197	NA	0
3030	4	catch2	linuxbrew	1292827	3213671370	977952	1424457	144267020	475439722	NA	0
3031	4	catch2	linuxbrew	12371	3213683741	977967	1424457	144267537	475442133	NA	0
3032	4	catch2	linuxbrew	725314	3214409055	977982	1424457	144299458	475549520	NA	0
3033	4	catch2	linuxbrew	827518	3215236573	977997	1424457	144336965	475674697	NA	0
3034	4	catch2	linuxbrew	1169860	3216406433	978012	1424457	144389770	475852146	NA	0
3035	4	catch2	linuxbrew	914221	3217320654	978027	1424457	144429669	475982762	NA	0
3036	4	catch2	linuxbrew	1516539	3218837193	978042	1424457	144499302	476206876	NA	0
3037	4	catch2	linuxbrew	1630613	3220467806	978057	1424457	144574476	476451986	NA	0
3038	4	catch2	linuxbrew	1109854	3221577660	978072	1424457	144625039	476621114	NA	0
3039	4	catch2	linuxbrew	19981	3221597641	978087	1424457	144625795	476624573	NA	0
3040	4	catch2	linuxbrew	827547	3222425188	978102	1424457	144663247	476749533	NA	0
3041	4	catch2	linuxbrew	927597	3223352785	978117	1424457	144705364	476888792	NA	0
3042	4	catch2	linuxbrew	1106830	3224459615	978132	1424457	144755019	477053673	NA	0
3043	4	catch2	linuxbrew	836015	3225295630	978147	1424457	144792813	477179917	NA	0
3044	4	catch2	linuxbrew	728815	3226024445	978162	1424457	144824770	477287088	NA	0
3045	4	catch2	linuxbrew	5794	3226030239	978177	1424457	144824960	477288325	NA	0
3046	4	catch2	linuxbrew	954128	3226984367	978192	1424457	144868697	477433633	NA	0
3047	4	catch2	linuxbrew	1097967	3228082334	978207	1424457	144918732	477597969	NA	0
3048	4	catch2	linuxbrew	596546	3228678880	978222	1424457	144941168	477677733	NA	0
3049	4	catch2	linuxbrew	52790	3228731670	978237	1424457	144943231	477686488	NA	0
3050	4	catch2	linuxbrew	943812	3229675482	978252	1424457	144985862	477828415	NA	0
3051	4	catch2	linuxbrew	1350928	3231026410	978267	1424457	145045578	478023519	NA	0
3052	4	catch2	linuxbrew	1107764	3232134174	978282	1424457	145095141	478188556	NA	0
3053	4	catch2	linuxbrew	588841	3232723015	978297	1424457	145120081	478273982	NA	0
3054	4	catch2	linuxbrew	1092984	3233815999	978312	1424457	145167782	478434097	NA	0
3055	4	catch2	linuxbrew	613626	3234429625	978327	1424457	145193747	478522954	NA	0
3056	4	catch2	linuxbrew	926266	3235355891	978342	1424457	145235573	478661743	NA	0
3057	4	catch2	linuxbrew	794316	3236150207	978357	1424457	145269830	478776444	NA	0
3058	4	catch2	linuxbrew	579367	3236729574	978372	1424457	145291583	478853504	NA	0
3059	4	catch2	linuxbrew	12411	3236741985	978387	1424457	145292102	478856103	NA	0
3060	4	catch2	linuxbrew	1519764	3238261749	978402	1424457	145358027	479069989	NA	0
3061	4	catch2	linuxbrew	1457166	3239718915	978417	1424457	145425094	479290064	NA	0
3062	4	catch2	linuxbrew	1208826	3240927741	978432	1424457	145477789	479463101	NA	0
3063	4	catch2	linuxbrew	1074126	3242001867	978447	1424457	145527201	479625164	NA	0
3064	4	catch2	linuxbrew	1569565	3243571432	978462	1424457	145598724	479859325	NA	0
3065	4	catch2	linuxbrew	626713	3244198145	978477	1424457	145625386	479950599	NA	0
3066	4	catch2	linuxbrew	444809	3244642954	978492	1424457	145644163	480015170	NA	0
3067	4	catch2	linuxbrew	848741	3245491695	978507	1424457	145682331	480142667	NA	0
3068	4	catch2	linuxbrew	465391	3245957086	978522	1424457	145702025	480210601	NA	0
3069	4	catch2	linuxbrew	867188	3246824274	978537	1424457	145741216	480340224	NA	0
3070	4	catch2	linuxbrew	969698	3247793972	978552	1424457	145785500	480487915	NA	0
3071	4	catch2	linuxbrew	1042255	3248836227	978567	1424457	145832190	480640832	NA	0
3072	4	catch2	linuxbrew	1152881	3249989108	978582	1424457	145885354	480815251	NA	0
3073	4	catch2	linuxbrew	730982	3250720090	978597	1424457	145917425	480923076	NA	0
3074	4	catch2	linuxbrew	1392097	3252112187	978612	1424457	145980540	481128751	NA	0
3075	4	catch2	linuxbrew	1176483	3253288670	978627	1424457	146034359	481304418	NA	0
3076	4	catch2	linuxbrew	835924	3254124594	978642	1424457	146072114	481430655	NA	0
3077	4	catch2	linuxbrew	1068263	3255192857	978657	1424457	146120226	481588806	NA	0
3078	4	catch2	linuxbrew	739732	3255932589	978672	1424457	146152719	481698306	NA	0
3079	4	catch2	linuxbrew	1166235	3257098824	978687	1424457	146205620	481871311	NA	0
3080	4	catch2	linuxbrew	108355	3257207179	978702	1424457	146209849	481887746	NA	0
3081	4	catch2	linuxbrew	971667	3258178846	978717	1424457	146254506	482035668	NA	0
3082	4	catch2	linuxbrew	1173597	3259352443	978732	1424457	146309651	482214823	NA	0
3083	4	catch2	linuxbrew	1119789	3260472232	978747	1424457	146359723	482382661	NA	0
3084	4	catch2	linuxbrew	1336396	3261808628	978762	1424457	146419467	482578845	NA	0
3085	4	catch2	linuxbrew	1121295	3262929923	978777	1424457	146469592	482746945	NA	0
3086	4	catch2	linuxbrew	1776426	3264706349	978792	1424457	146548794	483004812	NA	0
3087	4	catch2	linuxbrew	1122080	3265828429	978807	1424457	146598950	483173197	NA	0
3088	4	catch2	linuxbrew	1338445	3267166874	978822	1424457	146658700	483369316	NA	0
3089	4	catch2	linuxbrew	1988158	3269155032	978837	1424457	146750417	483674553	NA	0
3090	4	catch2	linuxbrew	1334515	3270489547	978852	1424457	146810130	483870440	NA	0
3091	4	catch2	linuxbrew	1124979	3271614526	978867	1424457	146860536	484039293	NA	0
3092	4	catch2	linuxbrew	1547984	3273162510	978882	1424457	146931489	484269974	NA	0
3093	4	catch2	linuxbrew	1177818	3274340328	978897	1424457	146983944	484445079	NA	0
3094	4	catch2	linuxbrew	218940	3274559268	978912	1424457	146991840	484476096	NA	0
3095	4	catch2	linuxbrew	839561	3275398829	978927	1424457	147027964	484598426	NA	0
3096	4	catch2	linuxbrew	224821	3275623650	978942	1424457	147036128	484630546	NA	0
3097	4	catch2	linuxbrew	946392	3276570042	978957	1424457	147077904	484771663	NA	0
3098	4	catch2	linuxbrew	1478856	3278048898	978972	1424457	147138785	484971961	NA	0
3099	4	catch2	linuxbrew	108113	3278157011	978987	1424457	147143018	484988408	NA	0
3100	4	catch2	linuxbrew	1162036	3279319047	979002	1424457	147195981	485163384	NA	0
3101	4	catch2	linuxbrew	1693799	3281012846	979017	1424457	147269719	485405223	NA	0
3102	4	catch2	linuxbrew	836319	3281849165	979032	1424457	147307434	485531418	NA	0
3103	4	catch2	linuxbrew	1271599	3283120764	979047	1424457	147365558	485723115	NA	0
3104	4	catch2	linuxbrew	1070927	3284191691	979062	1424457	147411789	485878529	NA	0
3105	4	catch2	linuxbrew	1321907	3285513598	979077	1424457	147471739	486076495	NA	0
3106	4	catch2	linuxbrew	1350353	3286863951	979092	1424457	147533386	486280482	NA	0
3107	4	catch2	linuxbrew	1231528	3288095479	979107	1424457	147586962	486458086	NA	0
3108	4	catch2	linuxbrew	1031494	3289126973	979122	1424457	147631835	486609065	NA	0
3109	4	catch2	linuxbrew	1879065	3291006038	979137	1424457	147717151	486883518	NA	0
3110	4	catch2	linuxbrew	1478710	3292484748	979152	1424457	147785214	487105270	NA	0
3111	4	catch2	linuxbrew	1745972	3294230720	979167	1424457	147865592	487365195	NA	0
3112	4	catch2	linuxbrew	1288602	3295519322	979182	1424457	147924453	487559549	NA	0
3113	4	catch2	linuxbrew	620606	3296139928	979197	1424457	147950627	487649520	NA	0
3114	4	catch2	linuxbrew	1331033	3297470961	979212	1424457	148011132	487849690	NA	0
3115	4	catch2	linuxbrew	1031316	3298502277	979227	1424457	148056033	488000889	NA	0
3116	4	catch2	linuxbrew	1514358	3300016635	979242	1424457	148124562	488224066	NA	0
3117	4	catch2	linuxbrew	1328711	3301345346	979257	1424457	148184862	488423218	NA	0
3118	4	catch2	linuxbrew	1335412	3302680758	979272	1424457	148245518	488623577	NA	0
3119	4	catch2	linuxbrew	865370	3303546128	979287	1424457	148284569	488754447	NA	0
3120	4	catch2	linuxbrew	831872	3304378000	979302	1424457	148320502	488875616	NA	0
3121	4	catch2	linuxbrew	699700	3305077700	979317	1424457	148351213	488978520	NA	0
3122	4	catch2	linuxbrew	1155750	3306233450	979332	1424457	148403341	489152779	NA	0
3123	4	catch2	linuxbrew	588308	3306821758	979347	1424457	148428301	489238116	NA	0
3124	4	catch2	linuxbrew	1289617	3308111375	979362	1424457	148487337	489432846	NA	0
3125	4	catch2	linuxbrew	613560	3308724935	979377	1424457	148513216	489521535	NA	0
3126	4	catch2	linuxbrew	443882	3309168817	979392	1424457	148531900	489585884	NA	0
3127	4	catch2	linuxbrew	1354287	3310523104	979407	1424457	148591859	489783335	NA	0
3128	4	catch2	linuxbrew	861131	3311384235	979422	1424457	148630723	489913688	NA	0
3129	4	catch2	linuxbrew	1378955	3312763190	979437	1424457	148694195	490121151	NA	0
3130	4	catch2	linuxbrew	1028362	3313791552	979452	1424457	148739163	490271695	NA	0
3131	4	catch2	linuxbrew	1183774	3314975326	979467	1424457	148793120	490451099	NA	0
3132	4	catch2	linuxbrew	1268671	3316243997	979482	1424457	148850935	490641630	NA	0
3133	4	catch2	linuxbrew	1993569	3318237566	979497	1424457	148939290	490938712	NA	0
3134	4	catch2	linuxbrew	597626	3318835192	979512	1424457	148964711	491025353	NA	0
3135	4	catch2	linuxbrew	1177414	3320012606	979527	1427259	149018454	491201272	NA	1
3136	4	catch2	linuxbrew	1276779	3321289385	979542	1427259	149076188	491390190	NA	0
3137	4	catch2	linuxbrew	214732	3321504117	979557	1427259	149083983	491420241	NA	0
3138	4	catch2	linuxbrew	1292827	3322796944	979572	1427259	149144346	491615766	NA	0
3139	4	catch2	linuxbrew	12371	3322809315	979587	1427259	149144863	491618177	NA	0
3140	4	catch2	linuxbrew	725314	3323534629	979602	1427259	149176784	491725564	NA	0
3141	4	catch2	linuxbrew	827518	3324362147	979617	1427259	149214291	491850741	NA	0
3142	4	catch2	linuxbrew	1169860	3325532007	979632	1427259	149267096	492028190	NA	0
3143	4	catch2	linuxbrew	914221	3326446228	979647	1427259	149306995	492158806	NA	0
3144	4	catch2	linuxbrew	1516539	3327962767	979662	1427259	149376628	492382920	NA	0
3145	4	catch2	linuxbrew	1630613	3329593380	979677	1427259	149451802	492628030	NA	0
3146	4	catch2	linuxbrew	1109854	3330703234	979692	1427259	149502365	492797158	NA	0
3147	4	catch2	linuxbrew	19981	3330723215	979707	1427259	149503121	492800617	NA	0
3148	4	catch2	linuxbrew	827547	3331550762	979722	1427259	149540573	492925577	NA	0
3149	4	catch2	linuxbrew	927597	3332478359	979737	1427259	149582690	493064836	NA	0
3150	4	catch2	linuxbrew	1106830	3333585189	979752	1427259	149632345	493229717	NA	0
3151	4	catch2	linuxbrew	835824	3334421013	979767	1427259	149670129	493355871	NA	0
3152	4	catch2	linuxbrew	728815	3335149828	979782	1427259	149702086	493463042	NA	0
3153	4	catch2	linuxbrew	5794	3335155622	979797	1427259	149702276	493464279	NA	0
3154	4	catch2	linuxbrew	954128	3336109750	979812	1427259	149746013	493609587	NA	0
3155	4	catch2	linuxbrew	1097967	3337207717	979827	1427259	149796048	493773923	NA	0
3156	4	catch2	linuxbrew	596546	3337804263	979842	1427259	149818484	493853687	NA	0
3157	4	catch2	linuxbrew	52790	3337857053	979857	1427259	149820547	493862442	NA	0
3158	4	catch2	linuxbrew	943812	3338800865	979872	1427259	149863178	494004369	NA	0
3159	4	catch2	linuxbrew	1350928	3340151793	979887	1427259	149922894	494199473	NA	0
3160	4	catch2	linuxbrew	1107764	3341259557	979902	1427259	149972457	494364510	NA	0
3161	4	catch2	linuxbrew	588841	3341848398	979917	1427259	149997397	494449936	NA	0
3162	4	catch2	linuxbrew	1092984	3342941382	979932	1427259	150045098	494610051	NA	0
3163	4	catch2	linuxbrew	613626	3343555008	979947	1427259	150071063	494698908	NA	0
3164	4	catch2	linuxbrew	926266	3344481274	979962	1427259	150112889	494837697	NA	0
3165	4	catch2	linuxbrew	794316	3345275590	979977	1427259	150147146	494952398	NA	0
3166	4	catch2	linuxbrew	579367	3345854957	979992	1427259	150168899	495029458	NA	0
3167	4	catch2	linuxbrew	12411	3345867368	980007	1427259	150169418	495032057	NA	0
3168	4	catch2	linuxbrew	1519764	3347387132	980022	1427259	150235343	495245943	NA	0
3169	4	catch2	linuxbrew	1457166	3348844298	980037	1427259	150302410	495466018	NA	0
3170	4	catch2	linuxbrew	1208826	3350053124	980052	1427259	150355105	495639055	NA	0
3171	4	catch2	linuxbrew	1074126	3351127250	980067	1427259	150404517	495801118	NA	0
3172	4	catch2	linuxbrew	1569565	3352696815	980082	1427259	150476040	496035279	NA	0
3173	4	catch2	linuxbrew	626713	3353323528	980097	1427259	150502702	496126553	NA	0
3174	4	catch2	linuxbrew	444809	3353768337	980112	1427259	150521479	496191124	NA	0
3175	4	catch2	linuxbrew	848741	3354617078	980127	1427259	150559647	496318621	NA	0
3176	4	catch2	linuxbrew	465391	3355082469	980142	1427259	150579341	496386555	NA	0
3177	4	catch2	linuxbrew	867188	3355949657	980157	1427259	150618532	496516178	NA	0
3178	4	catch2	linuxbrew	969698	3356919355	980172	1427259	150662816	496663869	NA	0
3179	4	catch2	linuxbrew	1042255	3357961610	980187	1427259	150709506	496816786	NA	0
3180	4	catch2	linuxbrew	1152881	3359114491	980202	1427259	150762670	496991205	NA	0
3181	4	catch2	linuxbrew	730982	3359845473	980217	1427259	150794741	497099030	NA	0
3182	4	catch2	linuxbrew	1392097	3361237570	980232	1427259	150857856	497304705	NA	0
3183	4	catch2	linuxbrew	1176483	3362414053	980247	1427259	150911675	497480372	NA	0
3184	4	catch2	linuxbrew	835924	3363249977	980262	1427259	150949430	497606609	NA	0
3185	4	catch2	linuxbrew	1068263	3364318240	980277	1427259	150997542	497764760	NA	0
3186	4	catch2	linuxbrew	739732	3365057972	980292	1427259	151030035	497874260	NA	0
3187	4	catch2	linuxbrew	1166235	3366224207	980307	1427259	151082936	498047265	NA	0
3188	4	catch2	linuxbrew	108355	3366332562	980322	1427259	151087165	498063700	NA	0
3189	4	catch2	linuxbrew	971667	3367304229	980337	1427259	151131822	498211622	NA	0
3190	4	catch2	linuxbrew	1173597	3368477826	980352	1427259	151186967	498390777	NA	0
3191	4	catch2	linuxbrew	1119789	3369597615	980367	1427259	151237039	498558615	NA	0
3192	4	catch2	linuxbrew	1336396	3370934011	980382	1427259	151296783	498754799	NA	0
3193	4	catch2	linuxbrew	1121295	3372055306	980397	1427259	151346908	498922899	NA	0
3194	4	catch2	linuxbrew	1776426	3373831732	980412	1427259	151426110	499180766	NA	0
3195	4	catch2	linuxbrew	1122080	3374953812	980427	1427259	151476266	499349151	NA	0
3196	4	catch2	linuxbrew	1338445	3376292257	980442	1427259	151536016	499545270	NA	0
3197	4	catch2	linuxbrew	1988158	3378280415	980457	1427259	151627733	499850507	NA	0
3198	4	catch2	linuxbrew	1334515	3379614930	980472	1427259	151687446	500046394	NA	0
3199	4	catch2	linuxbrew	1124979	3380739909	980487	1427259	151737852	500215247	NA	0
3200	4	catch2	linuxbrew	1547984	3382287893	980502	1427259	151808805	500445928	NA	0
3201	4	catch2	linuxbrew	1129541	3383417434	980517	1427259	151859295	500615886	NA	0
3202	4	catch2	linuxbrew	1351989	3384769423	980532	1427259	151919767	500815110	NA	0
3203	4	catch2	linuxbrew	1129435	3385898858	980547	1427259	151970258	500985210	NA	0
3204	4	catch2	linuxbrew	1127566	3387026424	980562	1427259	152020800	501154947	NA	0
3205	4	catch2	linuxbrew	1127647	3388154071	980577	1427259	152071269	501324949	NA	0
3206	4	catch2	linuxbrew	1382632	3389536703	980592	1427259	152133973	501532608	NA	0
3207	4	catch2	linuxbrew	1891899	3391428602	980607	1427259	152217747	501808760	NA	0
3208	4	catch2	linuxbrew	1315264	3392743866	980622	1427259	152277859	502005582	NA	0
3209	4	catch2	linuxbrew	1384636	3394128502	980637	1427259	152340887	502214145	NA	0
3210	4	catch2	linuxbrew	1363880	3395492382	980652	1427259	152402684	502418471	NA	0
3211	4	catch2	linuxbrew	1363982	3396856364	980667	1427259	152464496	502622851	NA	0
3212	4	catch2	linuxbrew	1368033	3398224397	980682	1427259	152526457	502827768	NA	0
3213	4	catch2	linuxbrew	1370945	3399595342	980697	1427259	152588534	503033113	NA	0
3214	4	catch2	linuxbrew	1554887	3401150229	980712	1427259	152658822	503262481	NA	0
3215	4	catch2	linuxbrew	1127579	3402277808	980727	1427259	152709291	503432281	NA	0
3216	4	catch2	linuxbrew	1127847	3403405655	980742	1427259	152759760	503602104	NA	0
3217	4	catch2	linuxbrew	1127652	3404533307	980757	1427259	152810229	503771929	NA	0
3218	4	catch2	linuxbrew	1128013	3405661320	980772	1427259	152860700	503941775	NA	0
3219	4	catch2	linuxbrew	1323169	3406984489	980787	1427259	152920746	504141112	NA	0
3220	4	catch2	linuxbrew	1166116	3408150605	980802	1427259	152974041	504319114	NA	0
3221	4	catch2	linuxbrew	1127544	3409278149	980817	1427259	153024522	504488912	NA	0
3222	4	catch2	linuxbrew	1343097	3410621246	980832	1427259	153085131	504690957	NA	0
3223	4	catch2	linuxbrew	232	3410621478	980847	1427259	153085153	504691081	NA	0
3224	4	catch2	linuxbrew	1130017	3411751495	980862	1427259	153135647	504861096	NA	0
3225	4	catch2	linuxbrew	1142909	3412894404	980877	1427259	153186509	505031897	NA	0
3226	4	catch2	linuxbrew	218940	3413113344	980892	1427259	153194405	505062909	NA	0
3227	4	catch2	linuxbrew	839310	3413952654	980907	1427259	153230582	505185352	NA	0
3228	4	catch2	linuxbrew	224821	3414177475	980922	1427259	153238746	505217467	NA	0
3229	4	catch2	linuxbrew	946492	3415123967	980937	1427259	153280554	505358803	NA	0
3230	4	catch2	linuxbrew	1478533	3416602500	980952	1427259	153341461	505559264	NA	0
3231	4	catch2	linuxbrew	108107	3416710607	980967	1427259	153345693	505575709	NA	0
3232	4	catch2	linuxbrew	1161485	3417872092	980982	1427259	153398703	505750806	NA	0
3233	4	catch2	linuxbrew	1693224	3419565316	980997	1427259	153472471	505992630	NA	0
3234	4	catch2	linuxbrew	836419	3420401735	981012	1427259	153510222	506119006	NA	0
3235	4	catch2	linuxbrew	1271009	3421672744	981027	1427259	153568394	506310796	NA	0
3236	4	catch2	linuxbrew	1070628	3422743372	981042	1427259	153614682	506466215	NA	0
3237	4	catch2	linuxbrew	1321317	3424064689	981057	1427259	153674699	506664313	NA	0
3238	4	catch2	linuxbrew	1349763	3425414452	981072	1427259	153736417	506868314	NA	0
3239	4	catch2	linuxbrew	1231181	3426645633	981087	1427259	153790073	507046162	NA	0
3240	4	catch2	linuxbrew	1031195	3427676828	981102	1427259	153835005	507197258	NA	0
3241	4	catch2	linuxbrew	1878381	3429555209	981117	1427259	153920345	507471609	NA	0
3242	4	catch2	linuxbrew	1477695	3431032904	981132	1427259	153988482	507693671	NA	0
3243	4	catch2	linuxbrew	1745312	3432778216	981147	1427259	154068990	507953668	NA	0
3244	4	catch2	linuxbrew	1288012	3434066228	981162	1427259	154127940	508148102	NA	0
3245	4	catch2	linuxbrew	620952	3434687180	981177	1427259	154154179	508238204	NA	0
3246	4	catch2	linuxbrew	1330443	3436017623	981192	1427259	154214752	508438449	NA	0
3247	4	catch2	linuxbrew	1031017	3437048640	981207	1439100	154259735	508589719	NA	1
3248	4	catch2	linuxbrew	1513720	3438562360	981222	1439100	154328282	508813083	NA	0
3249	4	catch2	linuxbrew	1328157	3439890517	981237	1439100	154388643	509012311	NA	0
3250	4	catch2	linuxbrew	1334822	3441225339	981252	1439100	154449342	509212736	NA	0
3251	4	catch2	linuxbrew	865470	3442090809	981267	1439100	154488437	509343770	NA	0
3252	4	catch2	linuxbrew	831621	3442922430	981282	1439100	154524413	509465014	NA	0
3253	4	catch2	linuxbrew	699449	3443621879	981297	1439100	154555161	509568018	NA	0
3254	4	catch2	linuxbrew	1155199	3444777078	981312	1439100	154607328	509742371	NA	0
3255	4	catch2	linuxbrew	588663	3445365741	981327	1439100	154632326	509827827	NA	0
3256	4	catch2	linuxbrew	1289018	3446654759	981342	1439100	154691418	510022656	NA	0
3257	4	catch2	linuxbrew	613915	3447268674	981357	1439100	154717345	510111471	NA	0
3258	4	catch2	linuxbrew	443380	3447712054	981372	1439100	154736023	510175792	NA	0
3259	4	catch2	linuxbrew	1353748	3449065802	981387	1439100	154795976	510373364	NA	0
3260	4	catch2	linuxbrew	861195	3449926997	981402	1439100	154834888	510503949	NA	0
3261	4	catch2	linuxbrew	1378402	3451305399	981417	1439100	154898459	510711676	NA	0
3262	4	catch2	linuxbrew	1028063	3452333462	981432	1439100	154943523	510862279	NA	0
3263	4	catch2	linuxbrew	1182803	3453516265	981447	1439100	154997540	511041597	NA	0
3264	4	catch2	linuxbrew	1268083	3454784348	981462	1439100	155055361	511232207	NA	0
3265	4	catch2	linuxbrew	1994171	3456778519	981477	1439100	155143850	511529617	NA	0
3266	4	catch2	linuxbrew	597972	3457376491	981492	1439100	155169331	511616340	NA	0
3267	4	catch2	linuxbrew	1176860	3458553351	981507	1439100	155223103	511792360	NA	0
3268	4	catch2	linuxbrew	1276189	3459829540	981522	1439100	155280895	511981444	NA	0
3269	4	catch2	linuxbrew	214732	3460044272	981537	1439100	155288690	512011490	NA	0
3270	4	catch2	linuxbrew	1292263	3461336535	981552	1439100	155349091	512207125	NA	0
3271	4	catch2	linuxbrew	12371	3461348906	981567	1439100	155349608	512209536	NA	0
3272	4	catch2	linuxbrew	725223	3462074129	981582	1439100	155381584	512317061	NA	0
3273	4	catch2	linuxbrew	827582	3462901711	981597	1439100	155419117	512442341	NA	0
3274	4	catch2	linuxbrew	1169309	3464071020	981612	1439100	155471957	512620008	NA	0
3275	4	catch2	linuxbrew	913922	3464984942	981627	1439100	155511877	512750748	NA	0
3276	4	catch2	linuxbrew	1516024	3466500966	981642	1439100	155581557	512975030	NA	0
3277	4	catch2	linuxbrew	1630020	3468130986	981657	1439100	155656731	513220235	NA	0
3278	4	catch2	linuxbrew	1109348	3469240334	981672	1439100	155707367	513389351	NA	0
3279	4	catch2	linuxbrew	19981	3469260315	981687	1439100	155708123	513392810	NA	0
3280	4	catch2	linuxbrew	827611	3470087926	981702	1439100	155745635	513517950	NA	0
3281	4	catch2	linuxbrew	927662	3471015588	981717	1439100	155787812	513657384	NA	0
3282	4	catch2	linuxbrew	1106279	3472121867	981732	1439100	155837505	513822379	NA	0
3283	4	catch2	linuxbrew	835924	3472957791	981747	1439100	155875252	513948671	NA	0
3284	4	catch2	linuxbrew	728564	3473686355	981762	1439100	155907214	514055954	NA	0
3285	4	catch2	linuxbrew	5794	3473692149	981777	1439100	155907404	514057191	NA	0
3286	4	catch2	linuxbrew	954387	3474646536	981792	1439100	155951237	514202832	NA	0
3287	4	catch2	linuxbrew	1098019	3475744555	981807	1439100	156001307	514367351	NA	0
3288	4	catch2	linuxbrew	596522	3476341077	981822	1439100	156023743	514447110	NA	0
3289	4	catch2	linuxbrew	52790	3476393867	981837	1439100	156025806	514455865	NA	0
3290	4	catch2	linuxbrew	943913	3477337780	981852	1439100	156068487	514597899	NA	0
3291	4	catch2	linuxbrew	1350987	3478688767	981867	1439100	156128217	514793178	NA	0
3292	4	catch2	linuxbrew	1107213	3479795980	981882	1439100	156177789	514958314	NA	0
3293	4	catch2	linuxbrew	589196	3480385176	981897	1439100	156202746	515043873	NA	0
3294	4	catch2	linuxbrew	1092685	3481477861	981912	1439100	156250472	515204089	NA	0
3295	4	catch2	linuxbrew	613981	3482091842	981927	1439100	156276455	515293073	NA	0
3296	4	catch2	linuxbrew	926397	3483018239	981942	1439100	156318235	515431994	NA	0
3297	4	catch2	linuxbrew	794095	3483812334	981957	1439100	156352546	515546872	NA	0
3298	4	catch2	linuxbrew	579343	3484391677	981972	1439100	156374299	515623926	NA	0
3299	4	catch2	linuxbrew	12411	3484404088	981987	1439100	156374818	515626525	NA	0
3300	4	catch2	linuxbrew	1519234	3485923322	982002	1439100	156440715	515840590	NA	0
3301	4	catch2	linuxbrew	1456187	3487379509	982017	1439100	156507853	516060794	NA	0
3302	4	catch2	linuxbrew	1208479	3488587988	982032	1439100	156560579	516233931	NA	0
3303	4	catch2	linuxbrew	1073615	3489661603	982047	1439100	156610003	516396182	NA	0
3304	4	catch2	linuxbrew	1568976	3491230579	982062	1439100	156681567	516630501	NA	0
3305	4	catch2	linuxbrew	627068	3491857647	982077	1439100	156708289	516721920	NA	0
3306	4	catch2	linuxbrew	444307	3492301954	982092	1439100	156727080	516786445	NA	0
3307	4	catch2	linuxbrew	848805	3493150759	982107	1439100	156765304	516914088	NA	0
3308	4	catch2	linuxbrew	465156	3493615915	982122	1439100	156785006	516982089	NA	0
3309	4	catch2	linuxbrew	867283	3494483198	982137	1439100	156824204	517111924	NA	0
3310	4	catch2	linuxbrew	969156	3495452354	982152	1439100	156868538	517259727	NA	0
3311	4	catch2	linuxbrew	1042271	3496494625	982167	1439100	156915238	517412853	NA	0
3312	4	catch2	linuxbrew	1152327	3497646952	982182	1439100	156968485	517587452	NA	0
3313	4	catch2	linuxbrew	730731	3498377683	982197	1439100	157000623	517695434	NA	0
3314	4	catch2	linuxbrew	1391495	3499769178	982212	1439100	157063771	517901225	NA	0
3315	4	catch2	linuxbrew	1175929	3500945107	982227	1439100	157117631	518076991	NA	0
3316	4	catch2	linuxbrew	835848	3501780955	982242	1439100	157155404	518203276	NA	0
3317	4	catch2	linuxbrew	1067724	3502848679	982257	1439100	157203563	518361598	NA	0
3318	4	catch2	linuxbrew	739481	3503588160	982272	1439100	157236133	518471250	NA	0
3319	4	catch2	linuxbrew	1165645	3504753805	982287	1439100	157289082	518644389	NA	0
3320	4	catch2	linuxbrew	108349	3504862154	982302	1439100	157293311	518660823	NA	0
3321	4	catch2	linuxbrew	971161	3505833315	982317	1439100	157338020	518808859	NA	0
3322	4	catch2	linuxbrew	1173078	3507006393	982332	1439100	157393145	518988164	NA	0
3323	4	catch2	linuxbrew	1119238	3508125631	982347	1439100	157443167	519156214	NA	0
3324	4	catch2	linuxbrew	1335797	3509461428	982362	1439100	157502934	519352570	NA	0
3325	4	catch2	linuxbrew	1120744	3510582172	982377	1439100	157553035	519520921	NA	0
3326	4	catch2	linuxbrew	1775826	3512357998	982392	1439100	157632298	519778932	NA	0
3327	4	catch2	linuxbrew	1121529	3513479527	982407	1439100	157682430	519947565	NA	0
3328	4	catch2	linuxbrew	1337846	3514817373	982422	1439100	157742208	520143876	NA	0
3329	4	catch2	linuxbrew	1987090	3516804463	982437	1439100	157833944	520449230	NA	0
3330	4	catch2	linuxbrew	1333916	3518138379	982452	1439100	157893643	520645296	NA	0
3331	4	catch2	linuxbrew	1124428	3519262807	982467	1439100	157944052	520814370	NA	0
3332	4	catch2	linuxbrew	1547421	3520810228	982482	1439100	158015060	521045238	NA	0
3333	4	catch2	linuxbrew	2615093	3523425321	982497	1439100	158127592	521435842	NA	0
3334	4	catch2	linuxbrew	3631777	3527057098	982512	1439100	158292458	521999397	NA	0
3335	4	catch2	linuxbrew	1220651	3528277749	982527	1439100	158347427	522183409	NA	0
3336	4	catch2	linuxbrew	218940	3528496689	982542	1439100	158355323	522214421	NA	0
3337	4	catch2	linuxbrew	839310	3529335999	982557	1439100	158391500	522336864	NA	0
3338	4	catch2	linuxbrew	224821	3529560820	982572	1439100	158399664	522368979	NA	0
3339	4	catch2	linuxbrew	946492	3530507312	982587	1439100	158441472	522510315	NA	0
3340	4	catch2	linuxbrew	1478533	3531985845	982602	1439100	158502379	522710776	NA	0
3341	4	catch2	linuxbrew	108107	3532093952	982617	1439100	158506611	522727221	NA	0
3342	4	catch2	linuxbrew	1161485	3533255437	982632	1439100	158559621	522902318	NA	0
3343	4	catch2	linuxbrew	1693224	3534948661	982647	1439100	158633389	523144142	NA	0
3344	4	catch2	linuxbrew	836419	3535785080	982662	1439100	158671140	523270518	NA	0
3345	4	catch2	linuxbrew	1271009	3537056089	982677	1439100	158729312	523462308	NA	0
3346	4	catch2	linuxbrew	1070628	3538126717	982692	1439100	158775600	523617727	NA	0
3347	4	catch2	linuxbrew	1321317	3539448034	982707	1439100	158835617	523815825	NA	0
3348	4	catch2	linuxbrew	1349763	3540797797	982722	1439100	158897335	524019826	NA	0
3349	4	catch2	linuxbrew	1231181	3542028978	982737	1439100	158950991	524197674	NA	0
3350	4	catch2	linuxbrew	1031195	3543060173	982752	1439100	158995923	524348770	NA	0
3351	4	catch2	linuxbrew	1878381	3544938554	982767	1439100	159081263	524623121	NA	0
3352	4	catch2	linuxbrew	1477695	3546416249	982782	1439100	159149400	524845183	NA	0
3353	4	catch2	linuxbrew	1745312	3548161561	982797	1439100	159229908	525105180	NA	0
3354	4	catch2	linuxbrew	1288012	3549449573	982812	1439100	159288858	525299614	NA	0
3355	4	catch2	linuxbrew	620952	3550070525	982827	1439100	159315097	525389716	NA	0
3356	4	catch2	linuxbrew	1330443	3551400968	982842	1439100	159375670	525589961	NA	0
3357	4	catch2	linuxbrew	1031017	3552431985	982857	1439100	159420653	525741231	NA	0
3358	4	catch2	linuxbrew	1513720	3553945705	982872	1439100	159489200	525964595	NA	0
3359	4	catch2	linuxbrew	1328157	3555273862	982887	1541603	159549561	526163823	NA	1
3360	4	catch2	linuxbrew	1334822	3556608684	982902	1541603	159610260	526364248	NA	0
3361	4	catch2	linuxbrew	865470	3557474154	982917	1541603	159649355	526495282	NA	0
3362	4	catch2	linuxbrew	831621	3558305775	982932	1541603	159685331	526616526	NA	0
3363	4	catch2	linuxbrew	699449	3559005224	982947	1541603	159716079	526719530	NA	0
3364	4	catch2	linuxbrew	1155199	3560160423	982962	1541603	159768246	526893883	NA	0
3365	4	catch2	linuxbrew	588663	3560749086	982977	1541603	159793244	526979339	NA	0
3366	4	catch2	linuxbrew	1289018	3562038104	982992	1541603	159852336	527174168	NA	0
3367	4	catch2	linuxbrew	613915	3562652019	983007	1541603	159878263	527262983	NA	0
3368	4	catch2	linuxbrew	443380	3563095399	983022	1541603	159896941	527327304	NA	0
3369	4	catch2	linuxbrew	1353748	3564449147	983037	1541603	159956894	527524876	NA	0
3370	4	catch2	linuxbrew	861195	3565310342	983052	1541603	159995806	527655461	NA	0
3371	4	catch2	linuxbrew	1378402	3566688744	983067	1541603	160059377	527863188	NA	0
3372	4	catch2	linuxbrew	1028063	3567716807	983082	1541603	160104441	528013791	NA	0
3373	4	catch2	linuxbrew	1182803	3568899610	983097	1541603	160158458	528193109	NA	0
3374	4	catch2	linuxbrew	1268083	3570167693	983112	1541603	160216279	528383719	NA	0
3375	4	catch2	linuxbrew	2053898	3572221591	983127	1541603	160306950	528688781	NA	0
3376	4	catch2	linuxbrew	597972	3572819563	983142	1541603	160332431	528775504	NA	0
3377	4	catch2	linuxbrew	1176860	3573996423	983157	1541603	160386203	528951524	NA	0
3378	4	catch2	linuxbrew	1276189	3575272612	983172	1541603	160443995	529140608	NA	0
3379	4	catch2	linuxbrew	214732	3575487344	983187	1541603	160451790	529170654	NA	0
3380	4	catch2	linuxbrew	1292263	3576779607	983202	1541603	160512191	529366289	NA	0
3381	4	catch2	linuxbrew	12371	3576791978	983217	1541603	160512708	529368700	NA	0
3382	4	catch2	linuxbrew	725223	3577517201	983232	1541603	160544684	529476225	NA	0
3383	4	catch2	linuxbrew	827582	3578344783	983247	1541603	160582217	529601505	NA	0
3384	4	catch2	linuxbrew	1310073	3579654856	983262	1541603	160641113	529797420	NA	0
3385	4	catch2	linuxbrew	913922	3580568778	983277	1541603	160681033	529928160	NA	0
3386	4	catch2	linuxbrew	1516024	3582084802	983292	1541603	160750713	530152442	NA	0
3387	4	catch2	linuxbrew	1630020	3583714822	983307	1541603	160825887	530397647	NA	0
3388	4	catch2	linuxbrew	1109348	3584824170	983322	1541603	160876523	530566763	NA	0
3389	4	catch2	linuxbrew	19981	3584844151	983337	1541603	160877279	530570222	NA	0
3390	4	catch2	linuxbrew	827611	3585671762	983352	1541603	160914791	530695362	NA	0
3391	4	catch2	linuxbrew	927662	3586599424	983367	1541603	160956968	530834796	NA	0
3392	4	catch2	linuxbrew	1106279	3587705703	983382	1541603	161006661	530999791	NA	0
3393	4	catch2	linuxbrew	835924	3588541627	983397	1541603	161044408	531126083	NA	0
3394	4	catch2	linuxbrew	728564	3589270191	983412	1541603	161076370	531233366	NA	0
3395	4	catch2	linuxbrew	5794	3589275985	983427	1541603	161076560	531234603	NA	0
3396	4	catch2	linuxbrew	954387	3590230372	983442	1541603	161120393	531380244	NA	0
3397	4	catch2	linuxbrew	1098019	3591328391	983457	1541603	161170463	531544763	NA	0
3398	4	catch2	linuxbrew	596522	3591924913	983472	1541603	161192899	531624522	NA	0
3399	4	catch2	linuxbrew	52790	3591977703	983487	1541603	161194962	531633277	NA	0
3400	4	catch2	linuxbrew	943913	3592921616	983502	1541603	161237643	531775311	NA	0
3401	4	catch2	linuxbrew	1350987	3594272603	983517	1541603	161297373	531970590	NA	0
3402	4	catch2	linuxbrew	1107213	3595379816	983532	1541603	161346945	532135726	NA	0
3403	4	catch2	linuxbrew	589196	3595969012	983547	1541603	161371902	532221285	NA	0
3404	4	catch2	linuxbrew	1092685	3597061697	983562	1541603	161419628	532381501	NA	0
3405	4	catch2	linuxbrew	613994	3597675691	983577	1541603	161445611	532470487	NA	0
3406	4	catch2	linuxbrew	926397	3598602088	983592	1541603	161487391	532609408	NA	0
3407	4	catch2	linuxbrew	794095	3599396183	983607	1541603	161521702	532724286	NA	0
3408	4	catch2	linuxbrew	579343	3599975526	983622	1541603	161543455	532801340	NA	0
3409	4	catch2	linuxbrew	12411	3599987937	983637	1541603	161543974	532803939	NA	0
3410	4	catch2	linuxbrew	1519234	3601507171	983652	1541603	161609871	533018004	NA	0
3411	4	catch2	linuxbrew	1456187	3602963358	983667	1541603	161677009	533238208	NA	0
3412	4	catch2	linuxbrew	1208479	3604171837	983682	1541603	161729735	533411345	NA	0
3413	4	catch2	linuxbrew	1258003	3605429840	983697	1541603	161786743	533596792	NA	0
3414	4	catch2	linuxbrew	1654048	3607083888	983712	1541603	161861648	533841256	NA	0
3415	4	catch2	linuxbrew	627068	3607710956	983727	1541603	161888370	533932675	NA	0
3416	4	catch2	linuxbrew	444307	3608155263	983742	1541603	161907161	533997200	NA	0
3417	4	catch2	linuxbrew	848805	3609004068	983757	1541603	161945385	534124843	NA	0
3418	4	catch2	linuxbrew	465156	3609469224	983772	1541603	161965087	534192844	NA	0
3419	4	catch2	linuxbrew	867283	3610336507	983787	1541603	162004285	534322679	NA	0
3420	4	catch2	linuxbrew	969156	3611305663	983802	1541603	162048619	534470482	NA	0
3421	4	catch2	linuxbrew	1042271	3612347934	983817	1541603	162095319	534623608	NA	0
3422	4	catch2	linuxbrew	1152327	3613500261	983832	1541603	162148566	534798207	NA	0
3423	4	catch2	linuxbrew	730731	3614230992	983847	1541603	162180704	534906189	NA	0
3424	4	catch2	linuxbrew	1391495	3615622487	983862	1541603	162243852	535111980	NA	0
3425	4	catch2	linuxbrew	1175929	3616798416	983877	1541603	162297712	535287746	NA	0
3426	4	catch2	linuxbrew	835848	3617634264	983892	1541603	162335485	535414031	NA	0
3427	4	catch2	linuxbrew	1067724	3618701988	983907	1541603	162383644	535572353	NA	0
3428	4	catch2	linuxbrew	739481	3619441469	983922	1541603	162416214	535682005	NA	0
3429	4	catch2	linuxbrew	1165645	3620607114	983937	1541603	162469163	535855144	NA	0
3430	4	catch2	linuxbrew	108349	3620715463	983952	1541603	162473392	535871578	NA	0
3431	4	catch2	linuxbrew	971161	3621686624	983967	1541603	162518101	536019614	NA	0
3432	4	catch2	linuxbrew	1173078	3622859702	983982	1541603	162573226	536198919	NA	0
3433	4	catch2	linuxbrew	1119238	3623978940	983997	1541603	162623248	536366969	NA	0
3434	4	catch2	linuxbrew	1335797	3625314737	984012	1541603	162683015	536563325	NA	0
3435	4	catch2	linuxbrew	1120744	3626435481	984027	1541603	162733116	536731676	NA	0
3436	4	catch2	linuxbrew	1775826	3628211307	984042	1541603	162812379	536989687	NA	0
3437	4	catch2	linuxbrew	1121529	3629332836	984057	1541603	162862511	537158320	NA	0
3438	4	catch2	linuxbrew	1337846	3630670682	984072	1541603	162922289	537354631	NA	0
3439	4	catch2	linuxbrew	1987090	3632657772	984087	1541603	163014025	537659985	NA	0
3440	4	catch2	linuxbrew	1333916	3633991688	984102	1541603	163073724	537856051	NA	0
3441	4	catch2	linuxbrew	1124428	3635116116	984117	1541603	163124133	538025125	NA	0
3442	4	catch2	linuxbrew	1547421	3636663537	984132	1541603	163195141	538255993	NA	0
3443	4	catch2	linuxbrew	1195395	3637858932	984154	1542531	163248761	538436388	NA	1
