tu	pass	project	env	raw	cumulative_raw	p29_cum_wire	grz2_cum_wire	fastintern_cum_wire	zstd3_cum_wire	pred_cum_wire	grz2_group_closes
0	1	eigen	fedora-clang-libcxx	6227078	6227078	749155	NA	1052300	732763	NA	0
1	1	eigen	fedora-clang-libcxx	6227079	12454157	749461	NA	1241821	1465533	NA	0
2	1	eigen	fedora-clang-libcxx	6227079	18681236	749651	NA	1431342	2198303	NA	0
3	1	eigen	fedora-clang-libcxx	6227079	24908315	749708	NA	1620863	2931071	NA	0
4	1	eigen	fedora-clang-libcxx	6236945	31145260	750189	NA	1814517	3665288	NA	0
5	1	eigen	fedora-clang-libcxx	6236941	37382201	751039	NA	2004306	4399503	NA	0
6	1	eigen	fedora-clang-libcxx	6236969	43619170	751546	NA	2194102	5133723	NA	0
7	1	eigen	fedora-clang-libcxx	6236989	49856159	751620	NA	2383890	5867954	NA	0
8	1	eigen	fedora-clang-libcxx	6237037	56093196	751689	NA	2573667	6602183	NA	0
9	1	eigen	fedora-clang-libcxx	6237223	62330419	751761	NA	2763454	7336433	NA	0
10	1	eigen	fedora-clang-libcxx	6237330	68567749	751830	NA	2953216	8070672	NA	0
11	1	eigen	fedora-clang-libcxx	6237238	74804987	751900	NA	3142982	8804900	NA	0
12	1	eigen	fedora-clang-libcxx	6237165	81042152	751970	NA	3332745	9539126	NA	0
13	1	eigen	fedora-clang-libcxx	6237171	87279323	752040	NA	3522506	10273354	NA	0
14	1	eigen	fedora-clang-libcxx	6237132	93516455	752123	NA	3712300	11007605	NA	0
15	1	eigen	fedora-clang-libcxx	6236942	99753397	752200	NA	3902066	11741802	NA	0
16	1	eigen	fedora-clang-libcxx	6236867	105990264	752273	NA	4091816	12475996	NA	0
17	1	eigen	fedora-clang-libcxx	6237369	112227633	752338	NA	4281572	13210269	NA	0
18	1	eigen	fedora-clang-libcxx	6237203	118464836	752409	NA	4471347	13944493	NA	0
19	1	eigen	fedora-clang-libcxx	6237334	124702170	752754	NA	4664756	14678563	NA	0
20	1	eigen	fedora-clang-libcxx	6237329	130939499	753542	NA	4854536	15412637	NA	0
21	1	eigen	fedora-clang-libcxx	6237329	137176828	754010	NA	5044314	16146711	NA	0
22	1	eigen	fedora-clang-libcxx	6237324	143414152	754074	NA	5234096	16880787	NA	0
23	1	eigen	fedora-clang-libcxx	6237324	149651476	754136	NA	5423880	17614862	NA	0
24	1	eigen	fedora-clang-libcxx	6237324	155888800	754193	NA	5613661	18348940	NA	0
25	1	eigen	fedora-clang-libcxx	6237314	162126114	754255	NA	5803433	19083017	NA	0
26	1	eigen	fedora-clang-libcxx	6237310	168363424	754318	NA	5993210	19817088	NA	0
27	1	eigen	fedora-clang-libcxx	6237310	174600734	754380	NA	6182987	20551159	NA	0
28	1	eigen	fedora-clang-libcxx	6237303	180838037	754443	NA	6372751	21285227	NA	0
29	1	eigen	fedora-clang-libcxx	6237318	187075355	754508	NA	6562534	22019292	NA	0
30	1	eigen	fedora-clang-libcxx	6237319	193312674	754570	NA	6752317	22753358	NA	0
31	1	eigen	fedora-clang-libcxx	6237444	199550118	754636	NA	6942103	23487443	NA	0
32	1	eigen	fedora-clang-libcxx	6256459	205806577	754992	NA	7137240	24222681	NA	0
33	1	eigen	fedora-clang-libcxx	6225877	212032454	755358	NA	7327404	24955240	NA	0
34	1	eigen	fedora-clang-libcxx	6225956	218258410	755551	NA	7517151	25687754	NA	0
35	1	eigen	fedora-clang-libcxx	6225895	224484305	755724	NA	7706582	26420240	NA	0
36	1	eigen	fedora-clang-libcxx	6237301	230721606	755995	NA	7899509	27154087	NA	0
37	1	eigen	fedora-clang-libcxx	6232218	236953824	756381	NA	8091712	27887448	NA	0
38	1	eigen	fedora-clang-libcxx	6256652	243210476	756886	NA	8288769	28623689	NA	0
39	1	eigen	fedora-clang-libcxx	6228642	249439118	757043	NA	8479235	29356260	NA	0
40	1	eigen	fedora-clang-libcxx	6233064	255672182	757301	NA	8671260	30089518	NA	0
41	1	eigen	fedora-clang-libcxx	7554347	263226529	802643	NA	9124468	31014868	NA	0
42	1	eigen	fedora-clang-libcxx	7554336	270780865	803413	NA	9358102	31940218	NA	0
43	1	eigen	fedora-clang-libcxx	7554349	278335214	803942	NA	9591749	32865574	NA	0
44	1	eigen	fedora-clang-libcxx	7554344	285889558	804011	NA	9825388	33790919	NA	0
45	1	eigen	fedora-clang-libcxx	7554370	293443928	804075	NA	10059053	34716272	NA	0
46	1	eigen	fedora-clang-libcxx	7554370	300998298	804137	NA	10292718	35641623	NA	0
47	1	eigen	fedora-clang-libcxx	7554332	308552630	804207	NA	10526343	36566963	NA	0
48	1	eigen	fedora-clang-libcxx	7554355	316106985	804277	NA	10759996	37492322	NA	0
49	1	eigen	fedora-clang-libcxx	7554334	323661319	804346	NA	10993627	38417673	NA	0
50	1	eigen	fedora-clang-libcxx	7554370	331215689	804411	NA	11227289	39343037	NA	0
51	1	eigen	fedora-clang-libcxx	6225735	337441424	804590	NA	11417373	40075535	NA	0
52	1	eigen	fedora-clang-libcxx	6226516	343667940	804750	NA	11607288	40807867	NA	0
53	1	eigen	fedora-clang-libcxx	6249931	349917871	805241	NA	11804000	41543804	NA	0
54	1	eigen	fedora-clang-libcxx	6249992	356167863	806436	NA	11994092	42279761	NA	0
55	1	eigen	fedora-clang-libcxx	6250104	362417967	807130	NA	12184201	43015737	NA	0
56	1	eigen	fedora-clang-libcxx	6249962	368667929	807208	NA	12374303	43751693	NA	0
57	1	eigen	fedora-clang-libcxx	6249931	374917860	807271	NA	12564375	44487635	NA	0
58	1	eigen	fedora-clang-libcxx	6250063	381167923	807340	NA	12754468	45223597	NA	0
59	1	eigen	fedora-clang-libcxx	6249962	387417885	807402	NA	12944570	45959547	NA	0
60	1	eigen	fedora-clang-libcxx	6250196	393668081	807472	NA	13134673	46695525	NA	0
61	1	eigen	fedora-clang-libcxx	6250235	399918316	807544	NA	13324844	47431513	NA	0
62	1	eigen	fedora-clang-libcxx	6249931	406168247	807607	NA	13514918	48167450	NA	0
63	1	eigen	fedora-clang-libcxx	6250013	412418260	807681	NA	13705001	48903393	NA	0
64	1	eigen	fedora-clang-libcxx	6249934	418668194	807746	NA	13895086	49639323	NA	0
65	1	eigen	fedora-clang-libcxx	6266693	424934887	809553	NA	14090926	50375273	NA	0
66	1	eigen	fedora-clang-libcxx	6019272	430954159	819950	NA	14276682	51084558	NA	0
67	1	eigen	fedora-clang-libcxx	6019272	436973431	820079	NA	14459581	51793844	NA	0
68	1	eigen	fedora-clang-libcxx	6019298	442992729	820143	NA	14642521	52503149	NA	0
69	1	eigen	fedora-clang-libcxx	6019301	449012030	820206	NA	14825464	53212443	NA	0
70	1	eigen	fedora-clang-libcxx	6019301	455031331	820266	NA	15008407	53921750	NA	0
71	1	eigen	fedora-clang-libcxx	6266661	461297992	820364	NA	15198229	54657718	NA	0
72	1	eigen	fedora-clang-libcxx	6266661	467564653	820449	NA	15388052	55393683	NA	0
73	1	eigen	fedora-clang-libcxx	6266687	473831340	820514	NA	15577871	56129668	NA	0
74	1	eigen	fedora-clang-libcxx	6266689	480098029	820588	NA	15767691	56865656	NA	0
75	1	eigen	fedora-clang-libcxx	6266689	486364718	820655	NA	15957511	57601642	NA	0
76	1	eigen	fedora-clang-libcxx	6227467	492592185	825188	NA	16150432	58335008	NA	0
77	1	eigen	fedora-clang-libcxx	6227694	498819879	825419	NA	16339921	59068331	NA	0
78	1	eigen	fedora-clang-libcxx	6387543	505207422	827400	NA	16556440	59819375	NA	0
79	1	eigen	fedora-clang-libcxx	6387544	511594966	828816	NA	16749299	60570419	NA	0
80	1	eigen	fedora-clang-libcxx	6387544	517982510	829617	NA	16942158	61321464	NA	0
81	1	eigen	fedora-clang-libcxx	6387545	524370055	829681	NA	17135015	62072516	NA	0
82	1	eigen	fedora-clang-libcxx	6387545	530757600	829744	640008	17327874	62823568	NA	1
83	1	eigen	fedora-clang-libcxx	6387546	537145146	829816	640008	17520732	63574618	NA	0
84	1	eigen	fedora-clang-libcxx	6387545	543532691	829879	640008	17713593	64325669	NA	0
85	1	eigen	fedora-clang-libcxx	6387546	549920237	829941	640008	17906451	65076719	NA	0
86	1	eigen	fedora-clang-libcxx	6387545	556307782	830005	640008	18099308	65827769	NA	0
87	1	eigen	fedora-clang-libcxx	6387545	562695327	830063	640008	18292163	66578817	NA	0
88	1	eigen	fedora-clang-libcxx	6387556	569082883	830127	640008	18485032	67329865	NA	0
89	1	eigen	fedora-clang-libcxx	6387557	575470440	830191	640008	18677902	68080916	NA	0
90	1	eigen	fedora-clang-libcxx	6387541	581857981	830263	640008	18870752	68831963	NA	0
91	1	eigen	fedora-clang-libcxx	6387699	588245680	830337	640008	19063643	69583027	NA	0
92	1	eigen	fedora-clang-libcxx	6387545	594633225	830406	640008	19256498	70334071	NA	0
93	1	eigen	fedora-clang-libcxx	6212500	600845725	832397	640008	19453421	71067491	NA	0
94	1	eigen	fedora-clang-libcxx	6215178	607060903	840217	640008	19645440	71801163	NA	0
95	1	eigen	fedora-clang-libcxx	6218969	613279872	843832	640008	19837708	72535287	NA	0
96	1	eigen	fedora-clang-libcxx	6093768	619373640	844074	640008	20022041	73253943	NA	0
97	1	eigen	fedora-clang-libcxx	6097559	625471199	844266	640008	20206468	73973057	NA	0
98	1	eigen	fedora-clang-libcxx	6229186	631700385	844564	640008	20398186	74706322	NA	0
99	1	eigen	fedora-clang-libcxx	6269550	637969935	848056	640008	20595735	75443142	NA	0
100	1	eigen	fedora-clang-libcxx	6268202	644238137	850034	640008	20787332	76179809	NA	0
101	1	eigen	fedora-clang-libcxx	6257478	650495615	850502	640008	20983221	76915880	NA	0
102	1	eigen	fedora-clang-libcxx	6256891	656752506	851651	640008	21173418	77651886	NA	0
103	1	eigen	fedora-clang-libcxx	6257003	663009509	852299	640008	21363647	78387920	NA	0
104	1	eigen	fedora-clang-libcxx	6256858	669266367	852371	640008	21553861	79123943	NA	0
105	1	eigen	fedora-clang-libcxx	6257003	675523370	852440	640008	21744090	79859978	NA	0
106	1	eigen	fedora-clang-libcxx	6256821	681780191	852510	640008	21934291	80595985	NA	0
107	1	eigen	fedora-clang-libcxx	6257055	688037246	852584	640008	22124547	81332027	NA	0
108	1	eigen	fedora-clang-libcxx	6256797	694294043	852653	640008	22314728	82068027	NA	0
109	1	eigen	fedora-clang-libcxx	6208759	700502802	865464	640008	22504768	82799393	NA	0
110	1	eigen	fedora-clang-libcxx	6231592	706734394	866911	640008	22696291	83532485	NA	0
111	1	eigen	fedora-clang-libcxx	6238861	712973255	867332	640008	22889148	84266565	NA	0
112	1	eigen	fedora-clang-libcxx	6238850	719212105	899164	640008	23078888	85000644	NA	0
113	1	eigen	fedora-clang-libcxx	6238850	725450955	899572	640008	23268629	85734727	NA	0
114	1	eigen	fedora-clang-libcxx	6238934	731689889	899639	640008	23458390	86468819	NA	0
115	1	eigen	fedora-clang-libcxx	6238938	737928827	899706	640008	23648160	87202922	NA	0
116	1	eigen	fedora-clang-libcxx	6238907	744167734	899773	640008	23837929	87937021	NA	0
117	1	eigen	fedora-clang-libcxx	6238907	750406641	899834	640008	24027700	88671119	NA	0
118	1	eigen	fedora-clang-libcxx	6238938	756645579	899898	640008	24217470	89405222	NA	0
119	1	eigen	fedora-clang-libcxx	6238907	762884486	899961	640008	24407242	90139322	NA	0
120	1	eigen	fedora-clang-libcxx	6238908	769123394	900022	640008	24597011	90873421	NA	0
121	1	eigen	fedora-clang-libcxx	6239017	775362411	900089	640008	24786765	91607523	NA	0
122	1	eigen	fedora-clang-libcxx	6239347	781601758	900161	640008	24976536	92341639	NA	0
123	1	eigen	fedora-clang-libcxx	6233799	787835557	900477	640008	25168357	93075120	NA	0
124	1	eigen	fedora-clang-libcxx	6233789	794069346	900901	640008	25357990	93808603	NA	0
125	1	eigen	fedora-clang-libcxx	6233818	800303164	901184	640008	25547636	94542092	NA	0
126	1	eigen	fedora-clang-libcxx	6233818	806536982	901249	640008	25737289	95275581	NA	0
127	1	eigen	fedora-clang-libcxx	6233811	812770793	901317	640008	25926930	96009069	NA	0
128	1	eigen	fedora-clang-libcxx	6233697	819004490	901385	640008	26116573	96742542	NA	0
129	1	eigen	fedora-clang-libcxx	6233803	825238293	901453	640008	26306212	97476030	NA	0
130	1	eigen	fedora-clang-libcxx	6233711	831472004	901524	640008	26495859	98209501	NA	0
131	1	eigen	fedora-clang-libcxx	6233671	837705675	901588	640008	26685471	98942961	NA	0
132	1	eigen	fedora-clang-libcxx	6226647	843932322	903828	640008	26875949	99675492	NA	0
133	1	eigen	fedora-clang-libcxx	6231955	850164277	904570	640008	27070316	100408938	NA	0
134	1	eigen	fedora-clang-libcxx	6264986	856429263	905376	640008	27269711	101147147	NA	0
135	1	eigen	fedora-clang-libcxx	6265042	862694305	906175	640008	27460243	101885352	NA	0
136	1	eigen	fedora-clang-libcxx	6265042	868959347	906645	640008	27650773	102623562	NA	0
137	1	eigen	fedora-clang-libcxx	6265161	875224508	906718	640008	27841318	103361781	NA	0
138	1	eigen	fedora-clang-libcxx	6265177	881489685	906787	640008	28031868	104100009	NA	0
139	1	eigen	fedora-clang-libcxx	6264987	887754672	906856	640008	28222402	104838228	NA	0
140	1	eigen	fedora-clang-libcxx	6264987	894019659	906920	640008	28412936	105576438	NA	0
141	1	eigen	fedora-clang-libcxx	6264964	900284623	906996	640008	28603456	106314639	NA	0
142	1	eigen	fedora-clang-libcxx	6264972	906549595	907073	640008	28793977	107052844	NA	0
143	1	eigen	fedora-clang-libcxx	6265308	912814903	907147	640008	28984510	107791087	NA	0
144	1	eigen	fedora-clang-libcxx	6265322	919080225	907232	640008	29175055	108529340	NA	0
145	1	eigen	fedora-clang-libcxx	6264972	925345197	907300	640008	29365581	109267542	NA	0
146	1	eigen	fedora-clang-libcxx	6266077	931611274	907383	640008	29556283	110005856	NA	0
147	1	eigen	fedora-clang-libcxx	6245684	937856958	907896	640008	29751929	110741336	NA	0
148	1	eigen	fedora-clang-libcxx	6245673	944102631	909085	640008	29942031	111476809	NA	0
149	1	eigen	fedora-clang-libcxx	6245673	950348304	909749	640008	30132133	112212285	NA	0
150	1	eigen	fedora-clang-libcxx	6245678	956593982	909812	640008	30322245	112947763	NA	0
151	1	eigen	fedora-clang-libcxx	6245713	962839695	909878	640008	30512382	113683250	NA	0
152	1	eigen	fedora-clang-libcxx	6245678	969085373	909941	640008	30702494	114418724	NA	0
153	1	eigen	fedora-clang-libcxx	6245763	975331136	910008	640008	30892620	115154211	NA	0
154	1	eigen	fedora-clang-libcxx	6245675	981576811	910073	640008	31082725	115889685	NA	0
155	1	eigen	fedora-clang-libcxx	6245678	987822489	910138	640008	31272837	116625159	NA	0
156	1	eigen	fedora-clang-libcxx	6245674	994068163	910205	640008	31462942	117360636	NA	0
157	1	eigen	fedora-clang-libcxx	6245670	1000313833	910278	640008	31653048	118096106	NA	0
158	1	eigen	fedora-clang-libcxx	6245841	1006559674	910345	640008	31843167	118831597	NA	0
159	1	eigen	fedora-clang-libcxx	6259907	1012819581	910841	640008	32039832	119567765	NA	0
160	1	eigen	fedora-clang-libcxx	6259935	1019079516	912095	640008	32229913	120303947	NA	0
161	1	eigen	fedora-clang-libcxx	6259935	1025339451	912752	640008	32419994	121040132	NA	0
162	1	eigen	fedora-clang-libcxx	6259896	1031599347	912821	640008	32610035	121776302	NA	0
163	1	eigen	fedora-clang-libcxx	6259945	1037859292	912890	640008	32800103	122512486	NA	0
164	1	eigen	fedora-clang-libcxx	6259944	1044119236	912954	640008	32990171	123248670	NA	0
165	1	eigen	fedora-clang-libcxx	6259945	1050379181	913020	640008	33180239	123984854	NA	0
166	1	eigen	fedora-clang-libcxx	6260074	1056639255	913090	640008	33370319	124721045	NA	0
167	1	eigen	fedora-clang-libcxx	6260147	1062899402	913168	677037	33560424	125457245	NA	1
168	1	eigen	fedora-clang-libcxx	6259917	1069159319	913238	677037	33750489	126193416	NA	0
169	1	eigen	fedora-clang-libcxx	6259902	1075419221	913302	677037	33940533	126929581	NA	0
170	1	eigen	fedora-clang-libcxx	6242290	1081661511	913564	677037	34133060	127663286	NA	0
171	1	eigen	fedora-clang-libcxx	6242268	1087903779	914029	677037	34322686	128396984	NA	0
172	1	eigen	fedora-clang-libcxx	6242290	1094146069	914301	677037	34512318	129130694	NA	0
173	1	eigen	fedora-clang-libcxx	6242175	1100388244	914377	677037	34701922	129864382	NA	0
174	1	eigen	fedora-clang-libcxx	6242176	1106630420	914440	677037	34891523	130598064	NA	0
175	1	eigen	fedora-clang-libcxx	6228658	1112859078	914660	677037	35082363	131330951	NA	0
176	1	eigen	fedora-clang-libcxx	6315303	1119174381	920931	677037	35289029	132074532	NA	0
177	1	eigen	fedora-clang-libcxx	6255545	1125429926	921392	677037	35484706	132810137	NA	0
178	1	eigen	fedora-clang-libcxx	6255545	1131685471	922144	677037	35674677	133545742	NA	0
179	1	eigen	fedora-clang-libcxx	6255448	1137940919	922582	677037	35864613	134281326	NA	0
180	1	eigen	fedora-clang-libcxx	6255448	1144196367	922644	677037	36054549	135016909	NA	0
181	1	eigen	fedora-clang-libcxx	6255458	1150451825	922711	677037	36244494	135752492	NA	0
182	1	eigen	fedora-clang-libcxx	6255659	1156707484	922780	677037	36434459	136488094	NA	0
183	1	eigen	fedora-clang-libcxx	6255794	1162963278	922848	677037	36624464	137223719	NA	0
184	1	eigen	fedora-clang-libcxx	6230412	1169193690	923108	677037	36815894	137956815	NA	0
185	1	eigen	fedora-clang-libcxx	6230412	1175424102	923511	677037	37005478	138689912	NA	0
186	1	eigen	fedora-clang-libcxx	6230416	1181654518	923749	677037	37195060	139423010	NA	0
187	1	eigen	fedora-clang-libcxx	6230416	1187884934	923814	677037	37384642	140156108	NA	0
188	1	eigen	fedora-clang-libcxx	6225054	1194109988	923973	677037	37574497	140888466	NA	0
189	1	eigen	fedora-clang-libcxx	6229808	1200339796	924940	677037	37765671	141621219	NA	0
190	1	eigen	fedora-clang-libcxx	6229809	1206569605	925239	677037	37955192	142353971	NA	0
191	1	eigen	fedora-clang-libcxx	6229823	1212799428	925418	677037	38144733	143086727	NA	0
192	1	eigen	fedora-clang-libcxx	6236990	1219036418	925782	677037	38336513	143820817	NA	0
193	1	eigen	fedora-clang-libcxx	6236880	1225273298	926252	677037	38526457	144554884	NA	0
194	1	eigen	fedora-clang-libcxx	6236883	1231510181	926527	677037	38716402	145288947	NA	0
195	1	eigen	fedora-clang-libcxx	6236923	1237747104	926602	677037	38906362	146023014	NA	0
196	1	eigen	fedora-clang-libcxx	6236926	1243984030	926674	677037	39096320	146757081	NA	0
197	1	eigen	fedora-clang-libcxx	6236764	1250220794	926746	677037	39286256	147491127	NA	0
198	1	eigen	fedora-clang-libcxx	6277948	1256498742	927592	677037	39486467	148229888	NA	0
199	1	eigen	fedora-clang-libcxx	6277947	1262776689	928664	677037	39677114	148968657	NA	0
200	1	eigen	fedora-clang-libcxx	6277950	1269054639	929256	677037	39867767	149707430	NA	0
201	1	eigen	fedora-clang-libcxx	6277937	1275332576	929321	677037	40058408	150446204	NA	0
202	1	eigen	fedora-clang-libcxx	6277937	1281610513	929385	677037	40249047	151184980	NA	0
203	1	eigen	fedora-clang-libcxx	6277937	1287888450	929443	677037	40439687	151923755	NA	0
204	1	eigen	fedora-clang-libcxx	6277950	1294166400	929510	677037	40630338	152662527	NA	0
205	1	eigen	fedora-clang-libcxx	6278154	1300444554	929596	677037	40821016	153401338	NA	0
206	1	eigen	fedora-clang-libcxx	6277938	1306722492	929667	677037	41011649	154140113	NA	0
207	1	eigen	fedora-clang-libcxx	6277938	1313000430	929731	677037	41202282	154878887	NA	0
208	1	eigen	fedora-clang-libcxx	6277938	1319278368	929789	677037	41392915	155617662	NA	0
209	1	eigen	fedora-clang-libcxx	6277939	1325556307	929852	677037	41583547	156356433	NA	0
210	1	eigen	fedora-clang-libcxx	6277939	1331834246	929915	677037	41774179	157095206	NA	0
211	1	eigen	fedora-clang-libcxx	6277939	1338112185	929973	677037	41964811	157833979	NA	0
212	1	eigen	fedora-clang-libcxx	6277953	1344390138	930037	677037	42155465	158572756	NA	0
213	1	eigen	fedora-clang-libcxx	6277953	1350668091	930100	677037	42346121	159311534	NA	0
214	1	eigen	fedora-clang-libcxx	6277953	1356946044	930158	677037	42536777	160050315	NA	0
215	1	eigen	fedora-clang-libcxx	6277954	1363223998	930226	677037	42727431	160789093	NA	0
216	1	eigen	fedora-clang-libcxx	6277954	1369501952	930288	677037	42918085	161527868	NA	0
217	1	eigen	fedora-clang-libcxx	6277954	1375779906	930346	677037	43108739	162266645	NA	0
218	1	eigen	fedora-clang-libcxx	6278197	1382058103	930413	677037	43299421	163005446	NA	0
219	1	eigen	fedora-clang-libcxx	6277937	1388336040	930479	677037	43490052	163744214	NA	0
220	1	eigen	fedora-clang-libcxx	6277949	1394613989	930548	677037	43680699	164482994	NA	0
221	1	eigen	fedora-clang-libcxx	6277950	1400891939	930614	677037	43871345	165221772	NA	0
222	1	eigen	fedora-clang-libcxx	6277955	1407169894	930680	677037	44061999	165960553	NA	0
223	1	eigen	fedora-clang-libcxx	6277959	1413447853	930750	677037	44252651	166699338	NA	0
224	1	eigen	fedora-clang-libcxx	6277950	1419725803	959848	677037	44443299	167438107	NA	0
225	1	eigen	fedora-clang-libcxx	6277951	1426003754	959914	677037	44633948	168176875	NA	0
226	1	eigen	fedora-clang-libcxx	6265889	1432269643	960356	677037	44828243	168914851	NA	0
227	1	eigen	fedora-clang-libcxx	6265944	1438535587	961347	677037	45018766	169652831	NA	0
228	1	eigen	fedora-clang-libcxx	6265812	1444801399	961886	677037	45209281	170390798	NA	0
229	1	eigen	fedora-clang-libcxx	6265851	1451067250	961956	677037	45399803	171128773	NA	0
230	1	eigen	fedora-clang-libcxx	6265871	1457333121	962024	677037	45590336	171866753	NA	0
231	1	eigen	fedora-clang-libcxx	6266288	1463599409	962106	677037	45780948	172604752	NA	0
232	1	eigen	fedora-clang-libcxx	6265851	1469865260	962172	677037	45971468	173342730	NA	0
233	1	eigen	fedora-clang-libcxx	6265872	1476131132	962241	677037	46162003	174080707	NA	0
234	1	eigen	fedora-clang-libcxx	6265915	1482397047	962314	677037	46352550	174818695	NA	0
235	1	eigen	fedora-clang-libcxx	6265917	1488662964	962386	677037	46543096	175556679	NA	0
236	1	eigen	fedora-clang-libcxx	6265893	1494928857	962458	677037	46733631	176294667	NA	0
237	1	eigen	fedora-clang-libcxx	6265866	1501194723	962536	677037	46924166	177032646	NA	0
238	1	eigen	fedora-clang-libcxx	6266028	1507460751	963219	677037	47123509	177770534	NA	0
239	1	eigen	fedora-clang-libcxx	6265969	1513726720	964695	677037	47314087	178508416	NA	0
240	1	eigen	fedora-clang-libcxx	6265916	1519992636	965484	677037	47504650	179246293	NA	0
241	1	eigen	fedora-clang-libcxx	6265916	1526258552	965551	677037	47695212	179984170	NA	0
242	1	eigen	fedora-clang-libcxx	6266053	1532524605	965618	677037	47885792	180722047	NA	0
243	1	eigen	fedora-clang-libcxx	6265825	1538790430	965685	677037	48076320	181459900	NA	0
244	1	eigen	fedora-clang-libcxx	6266011	1545056441	965755	677037	48266871	182197770	NA	0
245	1	eigen	fedora-clang-libcxx	6265831	1551322272	965823	677037	48457401	182935623	NA	0
246	1	eigen	fedora-clang-libcxx	6265835	1557588107	965892	677037	48647938	183673477	NA	0
247	1	eigen	fedora-clang-libcxx	6265835	1563853942	965952	677037	48838470	184411324	NA	0
248	1	eigen	fedora-clang-libcxx	6265829	1570119771	966017	677037	49028999	185149173	NA	0
249	1	eigen	fedora-clang-libcxx	6266124	1576385895	966083	677037	49219579	185887041	NA	0
250	1	eigen	fedora-clang-libcxx	6262104	1582647999	966600	677037	49416402	186623474	NA	0
251	1	eigen	fedora-clang-libcxx	6261998	1588909997	968072	677037	49606635	187359894	NA	0
252	1	eigen	fedora-clang-libcxx	6262020	1595172017	968929	712672	49796892	188096319	NA	1
253	1	eigen	fedora-clang-libcxx	6261998	1601434015	968993	712672	49987125	188832737	NA	0
254	1	eigen	fedora-clang-libcxx	6262019	1607696034	969059	712672	50177380	189569163	NA	0
255	1	eigen	fedora-clang-libcxx	6262146	1613958180	969128	712672	50367675	190305614	NA	0
256	1	eigen	fedora-clang-libcxx	6262056	1620220236	969197	712672	50557938	191042050	NA	0
257	1	eigen	fedora-clang-libcxx	6262133	1626482369	969265	712672	50748223	191778496	NA	0
258	1	eigen	fedora-clang-libcxx	6262231	1632744600	969338	712672	50938533	192514954	NA	0
259	1	eigen	fedora-clang-libcxx	6262320	1639006920	969405	712672	51128843	193251395	NA	0
260	1	eigen	fedora-clang-libcxx	6228752	1645235672	969604	712672	51318917	193984071	NA	0
261	1	eigen	fedora-clang-libcxx	6228752	1651464424	969787	712672	51508409	194716744	NA	0
262	1	eigen	fedora-clang-libcxx	6239019	1657703443	970159	712672	51701509	195450729	NA	0
263	1	eigen	fedora-clang-libcxx	6239535	1663942978	970858	712672	51891318	196184758	NA	0
264	1	eigen	fedora-clang-libcxx	6239226	1670182204	971298	712672	52081109	196918754	NA	0
265	1	eigen	fedora-clang-libcxx	6243595	1676425799	971746	712672	52275689	197653604	NA	0
266	1	eigen	fedora-clang-libcxx	6243584	1682669383	972571	712672	52465572	198388449	NA	0
267	1	eigen	fedora-clang-libcxx	6243584	1688912967	973102	712672	52655455	199123297	NA	0
268	1	eigen	fedora-clang-libcxx	6243672	1695156639	973169	712672	52845367	199858170	NA	0
269	1	eigen	fedora-clang-libcxx	6243633	1701400272	973239	712672	53035287	200593040	NA	0
270	1	eigen	fedora-clang-libcxx	6243633	1707643905	973299	712672	53225207	201327908	NA	0
271	1	eigen	fedora-clang-libcxx	6243584	1713887489	973372	712672	53415086	202062759	NA	0
272	1	eigen	fedora-clang-libcxx	6243593	1720131082	973439	712672	53604977	202797611	NA	0
273	1	eigen	fedora-clang-libcxx	6243594	1726374676	973503	712672	53794871	203532470	NA	0
274	1	eigen	fedora-clang-libcxx	6243595	1732618271	973568	712672	53984764	204267322	NA	0
275	1	eigen	fedora-clang-libcxx	6243592	1738861863	973633	712672	54174655	205002171	NA	0
276	1	eigen	fedora-clang-libcxx	6243599	1745105462	973698	712672	54364544	205737026	NA	0
277	1	eigen	fedora-clang-libcxx	6243582	1751349044	973764	712672	54554422	206471877	NA	0
278	1	eigen	fedora-clang-libcxx	6243601	1757592645	973832	712672	54744319	207206734	NA	0
279	1	eigen	fedora-clang-libcxx	6243602	1763836247	973898	712672	54934217	207941588	NA	0
280	1	eigen	fedora-clang-libcxx	6243615	1770079862	973965	712672	55124132	208676447	NA	0
281	1	eigen	fedora-clang-libcxx	6243616	1776323478	974031	712672	55314048	209411306	NA	0
282	1	eigen	fedora-clang-libcxx	6243789	1782567267	974098	712672	55503965	210146175	NA	0
283	1	eigen	fedora-clang-libcxx	6235931	1788803198	974433	712672	55696164	210879867	NA	0
284	1	eigen	fedora-clang-libcxx	6235765	1795038963	974908	712672	55885843	211613528	NA	0
285	1	eigen	fedora-clang-libcxx	6235577	1801274540	975224	712672	56075520	212347147	NA	0
286	1	eigen	fedora-clang-libcxx	6235549	1807510089	975289	712672	56265180	213080757	NA	0
287	1	eigen	fedora-clang-libcxx	6226000	1813736089	975471	712672	56455208	213813252	NA	0
288	1	eigen	fedora-clang-libcxx	6225989	1819962078	975643	712672	56644669	214545741	NA	0
289	1	eigen	fedora-clang-libcxx	6225994	1826188072	975781	712672	56834140	215278238	NA	0
290	1	eigen	fedora-clang-libcxx	6225994	1832414066	975845	712672	57023611	216010739	NA	0
291	1	eigen	fedora-clang-libcxx	6225996	1838640062	975911	712672	57213077	216743237	NA	0
292	1	eigen	fedora-clang-libcxx	6230978	1844871040	976145	712672	57404591	217476421	NA	0
293	1	eigen	fedora-clang-libcxx	6230995	1851102035	976509	712672	57594154	218209611	NA	0
294	1	eigen	fedora-clang-libcxx	6228483	1857330518	976666	712672	57784576	218942253	NA	0
295	1	eigen	fedora-clang-libcxx	6239678	1863570196	977051	712672	57978092	219676587	NA	0
296	1	eigen	fedora-clang-libcxx	6239730	1869809926	977835	712672	58167973	220410926	NA	0
297	1	eigen	fedora-clang-libcxx	6239475	1876049401	978317	712672	58357802	221145231	NA	0
298	1	eigen	fedora-clang-libcxx	6239616	1882289017	978391	712672	58547668	221879573	NA	0
299	1	eigen	fedora-clang-libcxx	6239707	1888528724	978464	712672	58737578	222613921	NA	0
300	1	eigen	fedora-clang-libcxx	6239482	1894768206	978536	712672	58927420	223348228	NA	0
301	1	eigen	fedora-clang-libcxx	6239486	1901007692	978606	712672	59117268	224082537	NA	0
302	1	eigen	fedora-clang-libcxx	6239474	1907247166	978670	712672	59307104	224816842	NA	0
303	1	eigen	fedora-clang-libcxx	6239477	1913486643	978734	712672	59496941	225551148	NA	0
304	1	eigen	fedora-clang-libcxx	6239476	1919726119	978798	712672	59686778	226285455	NA	0
305	1	eigen	fedora-clang-libcxx	6239475	1925965594	978862	712672	59876616	227019757	NA	0
306	1	eigen	fedora-clang-libcxx	6239566	1932205160	978934	712672	60066455	227754066	NA	0
307	1	eigen	fedora-clang-libcxx	6239566	1938444726	978997	712672	60256296	228488374	NA	0
308	1	eigen	fedora-clang-libcxx	6243803	1944688529	979437	712672	60450033	229222682	NA	0
309	1	eigen	fedora-clang-libcxx	6243759	1950932288	980234	712672	60639873	229956991	NA	0
310	1	eigen	fedora-clang-libcxx	6243995	1957176283	980727	712672	60829701	230691331	NA	0
311	1	eigen	fedora-clang-libcxx	6243969	1963420252	980810	712672	61019530	231425663	NA	0
312	1	eigen	fedora-clang-libcxx	6244021	1969664273	980895	712672	61209364	232160020	NA	0
313	1	eigen	fedora-clang-libcxx	6243721	1975907994	980967	712672	61399210	232894334	NA	0
314	1	eigen	fedora-clang-libcxx	6231681	1982139675	981933	712672	61591655	233628029	NA	0
315	1	eigen	fedora-clang-libcxx	6231681	1988371356	982531	712672	61781188	234361725	NA	0
316	1	eigen	fedora-clang-libcxx	6231687	1994603043	982954	712672	61970719	235095414	NA	0
317	1	eigen	fedora-clang-libcxx	6231834	2000834877	983020	712672	62160262	235829103	NA	0
318	1	eigen	fedora-clang-libcxx	6231452	2007066329	983275	712672	62351664	236562052	NA	0
319	1	eigen	fedora-clang-libcxx	6231441	2013297770	983789	712672	62541323	237295002	NA	0
320	1	eigen	fedora-clang-libcxx	6231440	2019529210	984139	712672	62730990	238027950	NA	0
321	1	eigen	fedora-clang-libcxx	6231440	2025760650	984203	712672	62920649	238760895	NA	0
322	1	eigen	fedora-clang-libcxx	6231544	2031992194	984275	712672	63110323	239493861	NA	0
323	1	eigen	fedora-clang-libcxx	6231449	2038223643	984350	712672	63299984	240226808	NA	0
324	1	eigen	fedora-clang-libcxx	6231441	2044455084	984416	712672	63489627	240959750	NA	0
325	1	eigen	fedora-clang-libcxx	6231449	2050686533	984485	712672	63679287	241692699	NA	0
326	1	eigen	fedora-clang-libcxx	6335260	2057021793	985866	712672	63888514	242440917	NA	0
327	1	eigen	fedora-clang-libcxx	6335240	2063357033	989096	712672	64079966	243189128	NA	0
328	1	eigen	fedora-clang-libcxx	6335240	2069692273	990993	712672	64271417	243937343	NA	0
329	1	eigen	fedora-clang-libcxx	6335218	2076027491	991077	712672	64462878	244685562	NA	0
330	1	eigen	fedora-clang-libcxx	6335217	2082362708	991149	712672	64654340	245433786	NA	0
331	1	eigen	fedora-clang-libcxx	6335551	2088698259	991247	712672	64845834	246182056	NA	0
332	1	eigen	fedora-clang-libcxx	6335464	2095033723	991334	712672	65037345	246930323	NA	0
333	1	eigen	fedora-clang-libcxx	6335379	2101369102	991414	712672	65228824	247678575	NA	0
334	1	eigen	fedora-clang-libcxx	6335258	2107704360	991481	712672	65420286	248426796	NA	0
335	1	eigen	fedora-clang-libcxx	6335258	2114039618	991548	712672	65611751	249175019	NA	0
336	1	eigen	fedora-clang-libcxx	6335431	2120375049	1009862	712672	65803208	249923265	NA	0
337	1	eigen	fedora-clang-libcxx	6335384	2126710433	1009937	1211307	65994698	250671520	NA	1
338	1	eigen	fedora-clang-libcxx	6335347	2133045780	1010009	1211307	66186195	251419772	NA	0
339	1	eigen	fedora-clang-libcxx	6335166	2139380946	1010083	1211307	66377631	252167973	NA	0
340	1	eigen	fedora-clang-libcxx	6335158	2145716104	1010154	1211307	66569062	252916167	NA	0
341	1	eigen	fedora-clang-libcxx	6335158	2152051262	1010216	1211307	66760490	253664366	NA	0
342	1	eigen	fedora-clang-libcxx	6335211	2158386473	1010281	1211307	66951950	254412579	NA	0
343	1	eigen	fedora-clang-libcxx	6335176	2164721649	1010348	1211307	67143397	255160784	NA	0
344	1	eigen	fedora-clang-libcxx	6335180	2171056829	1010428	1211307	67334847	255908995	NA	0
345	1	eigen	fedora-clang-libcxx	6335218	2177392047	1010493	1211307	67526305	256657218	NA	0
346	1	eigen	fedora-clang-libcxx	6335218	2183727265	1010554	1211307	67717769	257405445	NA	0
347	1	eigen	fedora-clang-libcxx	6335152	2190062417	1010633	1211307	67909185	258153642	NA	0
348	1	eigen	fedora-clang-libcxx	6335150	2196397567	1010704	1211307	68100603	258901838	NA	0
349	1	eigen	fedora-clang-libcxx	6335152	2202732719	1010773	1211307	68292018	259650030	NA	0
350	1	eigen	fedora-clang-libcxx	6335151	2209067870	1010837	1211307	68483432	260398225	NA	0
351	1	eigen	fedora-clang-libcxx	6335155	2215403025	1010906	1211307	68674850	261146419	NA	0
352	1	eigen	fedora-clang-libcxx	6335156	2221738181	1010974	1211307	68866273	261894613	NA	0
353	1	eigen	fedora-clang-libcxx	6335161	2228073342	1011044	1211307	69057702	262642811	NA	0
354	1	eigen	fedora-clang-libcxx	6335165	2234408507	1011114	1211307	69249129	263391010	NA	0
355	1	eigen	fedora-clang-libcxx	6335588	2240744095	1011189	1211307	69440611	264139292	NA	0
356	1	eigen	fedora-clang-libcxx	6335185	2247079280	1011258	1211307	69632082	264887509	NA	0
357	1	eigen	fedora-clang-libcxx	6335186	2253414466	1011325	1211307	69823553	265635725	NA	0
358	1	eigen	fedora-clang-libcxx	6335199	2259749665	1011393	1211307	70015035	266383941	NA	0
359	1	eigen	fedora-clang-libcxx	6335200	2266084865	1011481	1211307	70206516	267132154	NA	0
360	1	eigen	fedora-clang-libcxx	6335155	2272420020	1011553	1211307	70397937	267880349	NA	0
361	1	eigen	fedora-clang-libcxx	6335155	2278755175	1011617	1211307	70589357	268628546	NA	0
362	1	eigen	fedora-clang-libcxx	6335155	2285090330	1011675	1211307	70780776	269376747	NA	0
363	1	eigen	fedora-clang-libcxx	6335155	2291425485	1011733	1211307	70972197	270124946	NA	0
364	1	eigen	fedora-clang-libcxx	6335156	2297760641	1011797	1211307	71163620	270873143	NA	0
365	1	eigen	fedora-clang-libcxx	6335161	2304095802	1011867	1211307	71355049	271621337	NA	0
366	1	eigen	fedora-clang-libcxx	6263722	2310359524	1012647	1211307	71549575	272357428	NA	0
367	1	eigen	fedora-clang-libcxx	6263476	2316623000	1013691	1211307	71739163	273093503	NA	0
368	1	eigen	fedora-clang-libcxx	6263712	2322886712	1014323	1211307	71928715	273829584	NA	0
369	1	eigen	fedora-clang-libcxx	6263716	2329150428	1014398	1211307	72118264	274565668	NA	0
370	1	eigen	fedora-clang-libcxx	6263259	2335413687	1014467	1211307	72307805	275301706	NA	0
371	1	eigen	fedora-clang-libcxx	6258140	2341671827	1015018	1211307	72503296	276037607	NA	0
372	1	eigen	fedora-clang-libcxx	6258096	2347929923	1015965	1211307	72693367	276773500	NA	0
373	1	eigen	fedora-clang-libcxx	6258023	2354187946	1016599	1211307	72883414	277509384	NA	0
374	1	eigen	fedora-clang-libcxx	6258208	2360446154	1016700	1211307	73073493	278245324	NA	0
375	1	eigen	fedora-clang-libcxx	6258461	2366704615	1016802	1211307	73263546	278981275	NA	0
376	1	eigen	fedora-clang-libcxx	6258458	2372963073	1016900	1211307	73453625	279717226	NA	0
377	1	eigen	fedora-clang-libcxx	6257855	2379220928	1016981	1211307	73643642	280453105	NA	0
378	1	eigen	fedora-clang-libcxx	6257855	2385478783	1017044	1211307	73833659	281188984	NA	0
379	1	eigen	fedora-clang-libcxx	6258413	2391737196	1017120	1211307	74023726	281924942	NA	0
380	1	eigen	fedora-clang-libcxx	6230959	2397968155	1017434	1211307	74215253	282658181	NA	0
381	1	eigen	fedora-clang-libcxx	6230948	2404199103	1017837	1211307	74404864	283391420	NA	0
382	1	eigen	fedora-clang-libcxx	6230948	2410430051	1018108	1211307	74594475	284124660	NA	0
383	1	eigen	fedora-clang-libcxx	6230948	2416660999	1018165	1211307	74784086	284857900	NA	0
384	1	eigen	fedora-clang-libcxx	6230950	2422891949	1018227	1211307	74973695	285591139	NA	0
385	1	eigen	fedora-clang-libcxx	6230951	2429122900	1018290	1211307	75163306	286324378	NA	0
386	1	eigen	fedora-clang-libcxx	6231203	2435354103	1018357	1211307	75352999	287057647	NA	0
387	1	eigen	fedora-clang-libcxx	6231218	2441585321	1018425	1211307	75542716	287790920	NA	0
388	1	eigen	fedora-clang-libcxx	6270155	2447855476	1019124	1211307	75741419	288528386	NA	0
389	1	eigen	fedora-clang-libcxx	6270082	2454125558	1019437	1211307	75932161	289265850	NA	0
390	1	eigen	fedora-clang-libcxx	6270245	2460395803	1019641	1211307	76122942	290003338	NA	0
391	1	eigen	fedora-clang-libcxx	6270075	2466665878	1019711	1211307	76313681	290740802	NA	0
392	1	eigen	fedora-clang-libcxx	6270073	2472935951	1019778	1211307	76504417	291478264	NA	0
393	1	eigen	fedora-clang-libcxx	6270051	2479206002	1019859	1211307	76695166	292215726	NA	0
394	1	eigen	fedora-clang-libcxx	6270051	2485476053	1019921	1211307	76885915	292953188	NA	0
395	1	eigen	fedora-clang-libcxx	6270047	2491746100	1019982	1211307	77076656	293690650	NA	0
396	1	eigen	fedora-clang-libcxx	6270061	2498016161	1020053	1211307	77267395	294428110	NA	0
397	1	eigen	fedora-clang-libcxx	6270063	2504286224	1020134	1211307	77458138	295165572	NA	0
398	1	eigen	fedora-clang-libcxx	6270063	2510556287	1020196	1211307	77648880	295903034	NA	0
399	1	eigen	fedora-clang-libcxx	6270053	2516826340	1020267	1211307	77839619	296640496	NA	0
400	1	eigen	fedora-clang-libcxx	6270043	2523096383	1020334	1211307	78030359	297377958	NA	0
401	1	eigen	fedora-clang-libcxx	6270077	2529366460	1020403	1211307	78221110	298115420	NA	0
402	1	eigen	fedora-clang-libcxx	6270063	2535636523	1020472	1211307	78411850	298852884	NA	0
403	1	eigen	fedora-clang-libcxx	6233247	2541869770	1020843	1211307	78603508	299586348	NA	0
404	1	eigen	fedora-clang-libcxx	6233236	2548103006	1021372	1211307	78793208	300319810	NA	0
405	1	eigen	fedora-clang-libcxx	6233382	2554336388	1021740	1211307	78982934	301053295	NA	0
406	1	eigen	fedora-clang-libcxx	6233236	2560569624	1021807	1211307	79172632	301786758	NA	0
407	1	eigen	fedora-clang-libcxx	6233286	2566802910	1021877	1211307	79362367	302520241	NA	0
408	1	eigen	fedora-clang-libcxx	6233285	2573036195	1021942	1211307	79552104	303253721	NA	0
409	1	eigen	fedora-clang-libcxx	6233286	2579269481	1022005	1211307	79741839	303987202	NA	0
410	1	eigen	fedora-clang-libcxx	6233251	2585502732	1022072	1211307	79931549	304720668	NA	0
411	1	eigen	fedora-clang-libcxx	6233344	2591736076	1022137	1211307	80121289	305454152	NA	0
412	1	eigen	fedora-clang-libcxx	6233419	2597969495	1022204	1211307	80311010	306187631	NA	0
413	1	eigen	fedora-clang-libcxx	6259285	2604228780	1022712	1211307	80507617	306924024	NA	0
414	1	eigen	fedora-clang-libcxx	6259164	2610487944	1023968	1211307	80697806	307660402	NA	0
415	1	eigen	fedora-clang-libcxx	6258998	2616746942	1024744	1211307	80887984	308396763	NA	0
416	1	eigen	fedora-clang-libcxx	6259240	2623006182	1024818	1211307	81078256	309133180	NA	0
417	1	eigen	fedora-clang-libcxx	6259226	2629265408	1024898	1211307	81268482	309869585	NA	0
418	1	eigen	fedora-clang-libcxx	6258985	2635524393	1024966	1211307	81458653	310605938	NA	0
419	1	eigen	fedora-clang-libcxx	6259110	2641783503	1025035	1211307	81648862	311342314	NA	0
420	1	eigen	fedora-clang-libcxx	6258995	2648042498	1025103	1211307	81839038	312078669	NA	0
421	1	eigen	fedora-clang-libcxx	6259722	2654302220	1025171	1211307	82029210	312815097	NA	0
422	1	eigen	fedora-clang-libcxx	6259380	2660561600	1025238	1230688	82219447	313551492	NA	1
423	1	eigen	fedora-clang-libcxx	6226073	2666787673	1025403	1230688	82409517	314283993	NA	0
424	1	eigen	fedora-clang-libcxx	6257870	2673045543	1030923	1230688	82606654	315019816	NA	0
425	1	eigen	fedora-clang-libcxx	6258668	2679304211	1032441	1230688	82796959	315755766	NA	0
426	1	eigen	fedora-clang-libcxx	6258604	2685562815	1033376	1230688	82987255	316491699	NA	0
427	1	eigen	fedora-clang-libcxx	6258593	2691821408	1033453	1230688	83177537	317227627	NA	0
428	1	eigen	fedora-clang-libcxx	6258618	2698080026	1033519	1230688	83367840	317963566	NA	0
429	1	eigen	fedora-clang-libcxx	6258685	2704338711	1033589	1230688	83558122	318699510	NA	0
430	1	eigen	fedora-clang-libcxx	6258749	2710597460	1033664	1230688	83748425	319435454	NA	0
431	1	eigen	fedora-clang-libcxx	6258602	2716856062	1033737	1230688	83938718	320171388	NA	0
432	1	eigen	fedora-clang-libcxx	6258603	2723114665	1033807	1230688	84129007	320907322	NA	0
433	1	eigen	fedora-clang-libcxx	6258596	2729373261	1033874	1230688	84319290	321643263	NA	0
434	1	eigen	fedora-clang-libcxx	6259796	2735633057	1033944	1230688	84509686	322379308	NA	0
435	1	eigen	fedora-clang-libcxx	6258601	2741891658	1034011	1230688	84699971	323115239	NA	0
436	1	eigen	fedora-clang-libcxx	6229119	2748120777	1034254	1230688	84890593	323847991	NA	0
437	1	eigen	fedora-clang-libcxx	6229055	2754349832	1034558	1230688	85080136	324580729	NA	0
438	1	eigen	fedora-clang-libcxx	6229045	2760578877	1034768	1230688	85269670	325313464	NA	0
439	1	eigen	fedora-clang-libcxx	6229049	2766807926	1034834	1230688	85459209	326046201	NA	0
440	1	eigen	fedora-clang-libcxx	6229081	2773037007	1034898	1230688	85648777	326778942	NA	0
441	1	eigen	fedora-clang-libcxx	6236456	2779273463	1035320	1230688	85841248	327512518	NA	0
442	1	eigen	fedora-clang-libcxx	6236456	2785509919	1035939	1230688	86031014	328246095	NA	0
443	1	eigen	fedora-clang-libcxx	6236445	2791746364	1036372	1230688	86220763	328979661	NA	0
444	1	eigen	fedora-clang-libcxx	6236450	2797982814	1036441	1230688	86410522	329713235	NA	0
445	1	eigen	fedora-clang-libcxx	6236450	2804219264	1036505	1230688	86600281	330446818	NA	0
446	1	eigen	fedora-clang-libcxx	6236449	2810455713	1036574	1230688	86790037	331180399	NA	0
447	1	eigen	fedora-clang-libcxx	6236482	2816692195	1036641	1230688	86979823	331913986	NA	0
448	1	eigen	fedora-clang-libcxx	6236447	2822928642	1068999	1230688	87169572	332647559	NA	0
449	1	eigen	fedora-clang-libcxx	6236455	2829165097	1069063	1230688	87359332	333381134	NA	0
450	1	eigen	fedora-clang-libcxx	6234121	2835399218	1069380	1230688	87551018	334114544	NA	0
451	1	eigen	fedora-clang-libcxx	6234122	2841633340	1069749	1230688	87740637	334847958	NA	0
452	1	eigen	fedora-clang-libcxx	6234147	2847867487	1070025	1230688	87930268	335581377	NA	0
453	1	eigen	fedora-clang-libcxx	6234148	2854101635	1070090	1230688	88119899	336314799	NA	0
454	1	eigen	fedora-clang-libcxx	6234053	2860335688	1070154	1230688	88309523	337048211	NA	0
455	1	eigen	fedora-clang-libcxx	6234054	2866569742	1070219	1230688	88499144	337781610	NA	0
456	1	eigen	fedora-clang-libcxx	6234067	2872803809	1070284	1230688	88688795	338515021	NA	0
457	1	eigen	fedora-clang-libcxx	6234068	2879037877	1070352	1230688	88878446	339248433	NA	0
458	1	eigen	fedora-clang-libcxx	6234039	2885271916	1070416	1230688	89068037	339981833	NA	0
459	1	eigen	fedora-clang-libcxx	6238735	2891510651	1070767	1230688	89260117	340715315	NA	0
460	1	eigen	fedora-clang-libcxx	6238735	2897749386	1071142	1230688	89449728	341448793	NA	0
461	1	eigen	fedora-clang-libcxx	6238736	2903988122	1071445	1230688	89639335	342182280	NA	0
462	1	eigen	fedora-clang-libcxx	6238736	2910226858	1071505	1230688	89828942	342915768	NA	0
463	1	eigen	fedora-clang-libcxx	6238761	2916465619	1071569	1230688	90018568	343649257	NA	0
464	1	eigen	fedora-clang-libcxx	6238746	2922704365	1071639	1230688	90208183	344382743	NA	0
465	1	eigen	fedora-clang-libcxx	6238754	2928943119	1071706	1230688	90397808	345116229	NA	0
466	1	eigen	fedora-clang-libcxx	6232836	2935175955	1071975	1230688	90588453	345849669	NA	0
467	1	eigen	fedora-clang-libcxx	6232836	2941408791	1072224	1230688	90778079	346583110	NA	0
468	1	eigen	fedora-clang-libcxx	6232825	2947641616	1072400	1230688	90967692	347316540	NA	0
469	1	eigen	fedora-clang-libcxx	6232830	2953874446	1072464	1230688	91157312	348049979	NA	0
470	1	eigen	fedora-clang-libcxx	6232830	2960107276	1072523	1230688	91346932	348783411	NA	0
471	1	eigen	fedora-clang-libcxx	6232862	2966340138	1072592	1230688	91536570	349516852	NA	0
472	1	eigen	fedora-clang-libcxx	6232903	2972573041	1072853	1230688	91728460	350250181	NA	0
473	1	eigen	fedora-clang-libcxx	6235703	2978808744	1072958	1230688	91918142	350983704	NA	0
474	1	eigen	fedora-clang-libcxx	6233443	2985042187	1073034	1230688	92107737	351717119	NA	0
475	1	eigen	fedora-clang-libcxx	6235831	2991278018	1073094	1230688	92297397	352450644	NA	0
476	1	eigen	fedora-clang-libcxx	6233475	2997511493	1073154	1230688	92486993	353184058	NA	0
477	1	eigen	fedora-clang-libcxx	6235959	3003747452	1073214	1230688	92676670	353917588	NA	0
478	1	eigen	fedora-clang-libcxx	6233507	3009980959	1073274	1230688	92866260	354651003	NA	0
479	1	eigen	fedora-clang-libcxx	6235735	3016216694	1073339	1230688	93055943	355384526	NA	0
480	1	eigen	fedora-clang-libcxx	6233451	3022450145	1073399	1230688	93245540	356117943	NA	0
481	1	eigen	fedora-clang-libcxx	6235863	3028686008	1073459	1230688	93435209	356851472	NA	0
482	1	eigen	fedora-clang-libcxx	6233483	3034919491	1073519	1230688	93624811	357584890	NA	0
483	1	eigen	fedora-clang-libcxx	6235991	3041155482	1073579	1230688	93814490	358318418	NA	0
484	1	eigen	fedora-clang-libcxx	6233515	3047388997	1073639	1230688	94004081	359051835	NA	0
485	1	eigen	fedora-clang-libcxx	6236151	3053625148	1073704	1230688	94193765	359785365	NA	0
486	1	eigen	fedora-clang-libcxx	6233555	3059858703	1073768	1230688	94383362	360518786	NA	0
487	1	eigen	fedora-clang-libcxx	6236279	3066094982	1073838	1230688	94573079	361252320	NA	0
488	1	eigen	fedora-clang-libcxx	6233587	3072328569	1073898	1230688	94762670	361985742	NA	0
489	1	eigen	fedora-clang-libcxx	6236407	3078564976	1073958	1230688	94952405	362719278	NA	0
490	1	eigen	fedora-clang-libcxx	6233619	3084798595	1074018	1230688	95141988	363452701	NA	0
491	1	eigen	fedora-clang-libcxx	6236183	3091034778	1074083	1230688	95331667	364186228	NA	0
492	1	eigen	fedora-clang-libcxx	6233563	3097268341	1074147	1230688	95521258	364919647	NA	0
493	1	eigen	fedora-clang-libcxx	6236311	3103504652	1074211	1230688	95710973	365653173	NA	0
494	1	eigen	fedora-clang-libcxx	6233595	3109738247	1074275	1230688	95900568	366386593	NA	0
495	1	eigen	fedora-clang-libcxx	6236439	3115974686	1074339	1230688	96090316	367120123	NA	0
496	1	eigen	fedora-clang-libcxx	6233627	3122208313	1074400	1230688	96279899	367853541	NA	0
497	1	eigen	fedora-clang-libcxx	6253433	3128461746	1074774	1230688	96474155	368588299	NA	0
498	1	eigen	fedora-clang-libcxx	6253434	3134715180	1075523	1230688	96663961	369323056	NA	0
499	1	eigen	fedora-clang-libcxx	6253459	3140968639	1075955	1230688	96853778	370057822	NA	0
500	1	eigen	fedora-clang-libcxx	6253471	3147222110	1076023	1230688	97043595	370792592	NA	0
501	1	eigen	fedora-clang-libcxx	6253365	3153475475	1076091	1230688	97233412	371527346	NA	0
502	1	eigen	fedora-clang-libcxx	6253366	3159728841	1076159	1230688	97423232	372262097	NA	0
503	1	eigen	fedora-clang-libcxx	6253379	3165982220	1076227	1230688	97613066	372996855	NA	0
504	1	eigen	fedora-clang-libcxx	6253380	3172235600	1076290	1230688	97802897	373731614	NA	0
505	1	eigen	fedora-clang-libcxx	6253346	3178488946	1076356	1230688	97992677	374466359	NA	0
506	1	eigen	fedora-clang-libcxx	6253346	3184742292	1076416	1230688	98182457	375201104	NA	0
507	1	eigen	fedora-clang-libcxx	6253359	3190995651	1076481	1230688	98372254	375935853	NA	0
508	1	eigen	fedora-clang-libcxx	6253345	3197248996	1076549	1244812	98562037	376670600	NA	1
509	1	eigen	fedora-clang-libcxx	6253345	3203502341	1076612	1244812	98751820	377405346	NA	0
510	1	eigen	fedora-clang-libcxx	6253345	3209755686	1076670	1244812	98941602	378140088	NA	0
511	1	eigen	fedora-clang-libcxx	6253350	3216009036	1076736	1244812	99131384	378874831	NA	0
512	1	eigen	fedora-clang-libcxx	6253343	3222262379	1076802	1244812	99321158	379609571	NA	0
513	1	eigen	fedora-clang-libcxx	6242210	3228504589	1077059	1244812	99513553	380343330	NA	0
514	1	eigen	fedora-clang-libcxx	6242211	3234746800	1077513	1244812	99703186	381077089	NA	0
515	1	eigen	fedora-clang-libcxx	6242229	3240989029	1077804	1244812	99892840	381810860	NA	0
516	1	eigen	fedora-clang-libcxx	6242230	3247231259	1077870	1244812	100082494	382544630	NA	0
517	1	eigen	fedora-clang-libcxx	6242216	3253473475	1077941	1244812	100272117	383278386	NA	0
518	1	eigen	fedora-clang-libcxx	6242251	3259715726	1078008	1244812	100461773	384012145	NA	0
519	1	eigen	fedora-clang-libcxx	6265896	3265981622	1078443	1244812	100656356	384747679	NA	0
520	1	eigen	fedora-clang-libcxx	6265896	3272247518	1079178	1244812	100846150	385483208	NA	0
521	1	eigen	fedora-clang-libcxx	6265897	3278513415	1079617	1244812	101035945	386218742	NA	0
522	1	eigen	fedora-clang-libcxx	6265897	3284779312	1079684	1244812	101225740	386954271	NA	0
523	1	eigen	fedora-clang-libcxx	6319036	3291098348	1083899	1244812	101441110	387703586	NA	0
524	1	eigen	fedora-clang-libcxx	6319043	3297417391	1084166	1244812	101634290	388452902	NA	0
525	1	eigen	fedora-clang-libcxx	6282078	3303699469	1084878	1244812	101834880	389192171	NA	0
526	1	eigen	fedora-clang-libcxx	6282246	3309981715	1087102	1244812	102025617	389931483	NA	0
527	1	eigen	fedora-clang-libcxx	6282105	3316263820	1088373	1244812	102216335	390670770	NA	0
528	1	eigen	fedora-clang-libcxx	6282122	3322545942	1088450	1244812	102407059	391410068	NA	0
529	1	eigen	fedora-clang-libcxx	6282121	3328828063	1088525	1244812	102597790	392149360	NA	0
530	1	eigen	fedora-clang-libcxx	6282000	3335110063	1088593	1244812	102788456	392888611	NA	0
531	1	eigen	fedora-clang-libcxx	6282103	3341392166	1088664	1244812	102979139	393627879	NA	0
532	1	eigen	fedora-clang-libcxx	6282137	3347674303	1088732	1244812	103169827	394367154	NA	0
533	1	eigen	fedora-clang-libcxx	6282101	3353956404	1088800	1244812	103360508	395106422	NA	0
534	1	eigen	fedora-clang-libcxx	6282115	3360238519	1088870	1244812	103551200	395845700	NA	0
535	1	eigen	fedora-clang-libcxx	6282481	3366521000	1088942	1244812	103741930	396585001	NA	0
536	1	eigen	fedora-clang-libcxx	6282382	3372803382	1089015	1244812	103932667	397324286	NA	0
537	1	eigen	fedora-clang-libcxx	6282093	3379085475	1089083	1244812	104123356	398063547	NA	0
538	1	eigen	fedora-clang-libcxx	6240616	3385326091	1089439	1244812	104316705	398797768	NA	0
539	1	eigen	fedora-clang-libcxx	6240605	3391566696	1090094	1244812	104506494	399531982	NA	0
540	1	eigen	fedora-clang-libcxx	6240627	3397807323	1090532	1244812	104696303	400266206	NA	0
541	1	eigen	fedora-clang-libcxx	6240675	3404047998	1090601	1244812	104886110	401000433	NA	0
542	1	eigen	fedora-clang-libcxx	6240690	3410288688	1090673	1244812	105075928	401734666	NA	0
543	1	eigen	fedora-clang-libcxx	6240743	3416529431	1090747	1244812	105265767	402468906	NA	0
544	1	eigen	fedora-clang-libcxx	6240667	3422770098	1090818	1244812	105455583	403203143	NA	0
545	1	eigen	fedora-clang-libcxx	6226132	3428996230	1091014	1244812	105646065	403935744	NA	0
546	1	eigen	fedora-clang-libcxx	6266352	3435262582	1091698	1244812	105843550	404672582	NA	0
547	1	eigen	fedora-clang-libcxx	6266510	3441529092	1093149	1244812	106033915	405409428	NA	0
548	1	eigen	fedora-clang-libcxx	6266429	3447795521	1094012	1244812	106224267	406146284	NA	0
549	1	eigen	fedora-clang-libcxx	6266340	3454061861	1094081	1244812	106414611	406883119	NA	0
550	1	eigen	fedora-clang-libcxx	6266780	3460328641	1094181	1244812	106605030	407620007	NA	0
551	1	eigen	fedora-clang-libcxx	6266456	3466595097	1094257	1244812	106795420	408356854	NA	0
552	1	eigen	fedora-clang-libcxx	6266354	3472861451	1094329	1244812	106985764	409093688	NA	0
553	1	eigen	fedora-clang-libcxx	6266534	3479127985	1094408	1244812	107176157	409830540	NA	0
554	1	eigen	fedora-clang-libcxx	6266410	3485394395	1094488	1244812	107366486	410567382	NA	0
555	1	eigen	fedora-clang-libcxx	7569886	3492964281	1097976	1244812	107605662	411494486	NA	0
556	1	eigen	fedora-clang-libcxx	7569874	3500534155	1099059	1244812	107839656	412421589	NA	0
557	1	eigen	fedora-clang-libcxx	7569967	3508104122	1099780	1244812	108073663	413348701	NA	0
558	1	eigen	fedora-clang-libcxx	7569874	3515673996	1099849	1244812	108307657	414275806	NA	0
559	1	eigen	fedora-clang-libcxx	7570706	3523244702	1099953	1244812	108541729	415203019	NA	0
560	1	eigen	fedora-clang-libcxx	7570716	3530815418	1128740	1244812	108775794	416130229	NA	0
561	1	eigen	fedora-clang-libcxx	7570185	3538385603	1128824	1244812	109009839	417057370	NA	0
562	1	eigen	fedora-clang-libcxx	7570446	3545956049	1128912	1244812	109243873	417984551	NA	0
563	1	eigen	fedora-clang-libcxx	7552460	3553508509	1129455	1244812	109479724	418908863	NA	0
564	1	eigen	fedora-clang-libcxx	7552384	3561060893	1130045	1244812	109713251	419833171	NA	0
565	1	eigen	fedora-clang-libcxx	7552396	3568613289	1130384	1244812	109946796	420757496	NA	0
566	1	eigen	fedora-clang-libcxx	7552396	3576165685	1130450	1244812	110180340	421681802	NA	0
567	1	eigen	fedora-clang-libcxx	7552314	3583717999	1130515	1244812	110413876	422606084	NA	0
568	1	eigen	fedora-clang-libcxx	7552314	3591270313	1130580	1244812	110647412	423530365	NA	0
569	1	eigen	fedora-clang-libcxx	6252170	3597522483	1131018	1244812	110842405	424265859	NA	0
570	1	eigen	fedora-clang-libcxx	6252297	3603774780	1131889	1244812	111032450	425001388	NA	0
571	1	eigen	fedora-clang-libcxx	6252173	3610026953	1132448	1244812	111222482	425736900	NA	0
572	1	eigen	fedora-clang-libcxx	6252353	3616279306	1132532	1244812	111412564	426472445	NA	0
573	1	eigen	fedora-clang-libcxx	6252290	3622531596	1132614	1244812	111602623	427207977	NA	0
574	1	eigen	fedora-clang-libcxx	6252287	3628783883	1132690	1244812	111792720	427943519	NA	0
575	1	eigen	fedora-clang-libcxx	6251947	3635035830	1132767	1244812	111982719	428679012	NA	0
576	1	eigen	fedora-clang-libcxx	6252006	3641287836	1132838	1244812	112172708	429414514	NA	0
577	1	eigen	fedora-clang-libcxx	6251908	3647539744	1132906	1244812	112362665	430149992	NA	0
578	1	eigen	fedora-clang-libcxx	6231291	3653771035	1133255	1244812	112554815	430883371	NA	0
579	1	eigen	fedora-clang-libcxx	6231292	3660002327	1133789	1244812	112744502	431616755	NA	0
580	1	eigen	fedora-clang-libcxx	6231292	3666233619	1134159	1244812	112934190	432350143	NA	0
581	1	eigen	fedora-clang-libcxx	6231292	3672464911	1134218	1244812	113123877	433083533	NA	0
582	1	eigen	fedora-clang-libcxx	6231292	3678696203	1134275	1244812	113313562	433816919	NA	0
583	1	eigen	fedora-clang-libcxx	6231308	3684927511	1134338	1244812	113503264	434550309	NA	0
584	1	eigen	fedora-clang-libcxx	6231314	3691158825	1134406	1244812	113692964	435283690	NA	0
585	1	eigen	fedora-clang-libcxx	6231307	3697390132	1134472	1244812	113882667	436017074	NA	0
586	1	eigen	fedora-clang-libcxx	6231293	3703621425	1134536	1244812	114072345	436750449	NA	0
587	1	eigen	fedora-clang-libcxx	6231283	3709852708	1134605	1244812	114262017	437483831	NA	0
588	1	eigen	fedora-clang-libcxx	6232501	3716085209	1134912	1244812	114454143	438217269	NA	0
589	1	eigen	fedora-clang-libcxx	6232489	3722317698	1135395	1244812	114643792	438950704	NA	0
590	1	eigen	fedora-clang-libcxx	6232489	3728550187	1135710	1880001	114833443	439684145	NA	1
591	1	eigen	fedora-clang-libcxx	6232585	3734782772	1135777	1880001	115023113	440417596	NA	0
592	1	eigen	fedora-clang-libcxx	6232730	3741015502	1135848	1880001	115212800	441151051	NA	0
593	1	eigen	fedora-clang-libcxx	6232494	3747247996	1135916	1880001	115402455	441884488	NA	0
594	1	eigen	fedora-clang-libcxx	6232586	3753480582	1135988	1880001	115592125	442617944	NA	0
595	1	eigen	fedora-clang-libcxx	6232490	3759713072	1136057	1880001	115781780	443351380	NA	0
596	1	eigen	fedora-clang-libcxx	6235366	3765948438	1136367	1880001	115973797	444085060	NA	0
597	1	eigen	fedora-clang-libcxx	6235252	3772183690	1136749	1880001	116163492	444818725	NA	0
598	1	eigen	fedora-clang-libcxx	6235190	3778418880	1137009	1880001	116353191	445552378	NA	0
599	1	eigen	fedora-clang-libcxx	6235191	3784654071	1137073	1880001	116542890	446286036	NA	0
600	1	eigen	fedora-clang-libcxx	6235191	3790889262	1137134	1880001	116732589	447019695	NA	0
601	1	eigen	fedora-clang-libcxx	6235174	3797124436	1137202	1880001	116922269	447753343	NA	0
602	1	eigen	fedora-clang-libcxx	6235258	3803359694	1137277	1880001	117111964	448487001	NA	0
603	1	eigen	fedora-clang-libcxx	6235260	3809594954	1137348	1880001	117301660	449220661	NA	0
604	1	eigen	fedora-clang-libcxx	6235260	3815830214	1137416	1880001	117491359	449954315	NA	0
605	1	eigen	fedora-clang-libcxx	6235178	3822065392	1137488	1880001	117681036	450687955	NA	0
606	1	eigen	fedora-clang-libcxx	6235177	3828300569	1137550	1880001	117870713	451421604	NA	0
607	1	eigen	fedora-clang-libcxx	6235180	3834535749	1137614	1880001	118060398	452155253	NA	0
608	1	eigen	fedora-clang-libcxx	6383833	3840919582	1138220	1880001	118261101	452911116	NA	0
609	1	eigen	fedora-clang-libcxx	6383833	3847303415	1138903	1880001	118455698	453666986	NA	0
610	1	eigen	fedora-clang-libcxx	6383492	3853686907	1139347	1880001	118650219	454422817	NA	0
611	1	eigen	fedora-clang-libcxx	6383292	3860070199	1139445	1880001	118844737	455178611	NA	0
612	1	eigen	fedora-clang-libcxx	6383487	3866453686	1139531	1880001	119039280	455934431	NA	0
613	1	eigen	fedora-clang-libcxx	6383351	3872837037	1139619	1880001	119233794	456690236	NA	0
614	1	eigen	fedora-clang-libcxx	6383268	3879220305	1139706	1880001	119428301	457446033	NA	0
615	1	eigen	fedora-clang-libcxx	6383268	3885603573	1139777	1880001	119622813	458201832	NA	0
616	1	eigen	fedora-clang-libcxx	6383193	3891986766	1139849	1880001	119817327	458957622	NA	0
617	1	eigen	fedora-clang-libcxx	6393490	3898380256	1140877	1880001	120018607	459714691	NA	0
618	1	eigen	fedora-clang-libcxx	6393750	3904774006	1141320	1880001	120213617	460471788	NA	0
619	1	eigen	fedora-clang-libcxx	6393319	3911167325	1141636	1880001	120408516	461228839	NA	0
620	1	eigen	fedora-clang-libcxx	6392773	3917560098	1141747	1880001	120603361	461985829	NA	0
621	1	eigen	fedora-clang-libcxx	6392775	3923952873	1141819	1880001	120798201	462742815	NA	0
622	1	eigen	fedora-clang-libcxx	6392831	3930345704	1141900	1880001	120993056	463499810	NA	0
623	1	eigen	fedora-clang-libcxx	6392747	3936738451	1141971	1880001	121187891	464256792	NA	0
624	1	eigen	fedora-clang-libcxx	6392747	3943131198	1142038	1880001	121382729	465013776	NA	0
625	1	eigen	fedora-clang-libcxx	6392674	3949523872	1142108	1880001	121577571	465770753	NA	0
626	1	eigen	fedora-clang-libcxx	6240449	3955764321	1142439	1880001	121769591	466504702	NA	0
627	1	eigen	fedora-clang-libcxx	6240449	3962004770	1142817	1880001	121959317	467238656	NA	0
628	1	eigen	fedora-clang-libcxx	6240366	3968245136	1143067	1880001	122149038	467972598	NA	0
629	1	eigen	fedora-clang-libcxx	6240529	3974485665	1143159	1880001	122338681	468706562	NA	0
630	1	eigen	fedora-clang-libcxx	6240529	3980726194	1143244	1880001	122528324	469440534	NA	0
631	1	eigen	fedora-clang-libcxx	6240532	3986966726	1143331	1880001	122717964	470174498	NA	0
632	1	eigen	fedora-clang-libcxx	6240462	3993207188	1143412	1880001	122907606	470908450	NA	0
633	1	eigen	fedora-clang-libcxx	6240876	3999448064	1143481	1880001	123097360	471642446	NA	0
634	1	eigen	fedora-clang-libcxx	6350876	4005798940	1143805	1880001	123292701	472394874	NA	0
635	1	eigen	fedora-clang-libcxx	6350878	4012149818	1144171	1880001	123486604	473147309	NA	0
636	1	eigen	fedora-clang-libcxx	6350879	4018500697	1144385	1880001	123680507	473899748	NA	0
637	1	eigen	fedora-clang-libcxx	6350926	4024851623	1144449	1880001	123874442	474652196	NA	0
638	1	eigen	fedora-clang-libcxx	6350883	4031202506	1144513	1880001	124068341	475404634	NA	0
639	1	eigen	fedora-clang-libcxx	6350883	4037553389	1144573	1880001	124262240	476157074	NA	0
640	1	eigen	fedora-clang-libcxx	6350884	4043904273	1144634	1880001	124456142	476909514	NA	0
641	1	eigen	fedora-clang-libcxx	6350878	4050255151	1144698	1880001	124650045	477661955	NA	0
642	1	eigen	fedora-clang-libcxx	6350879	4056606030	1144761	1880001	124843947	478414393	NA	0
643	1	eigen	fedora-clang-libcxx	6350879	4062956909	1144825	1880001	125037845	479166833	NA	0
644	1	eigen	fedora-clang-libcxx	6350879	4069307788	1144888	1880001	125231745	479919272	NA	0
645	1	eigen	fedora-clang-libcxx	6350878	4075658666	1144950	1880001	125425642	480671707	NA	0
646	1	eigen	fedora-clang-libcxx	6350879	4082009545	1145013	1880001	125619542	481424143	NA	0
647	1	eigen	fedora-clang-libcxx	6351338	4088360883	1145082	1880001	125813495	482176641	NA	0
648	1	eigen	fedora-clang-libcxx	6351072	4094711955	1145150	1880001	126007425	482929103	NA	0
649	1	eigen	fedora-clang-libcxx	7544987	4102256942	1145376	1880001	126241819	483852884	NA	0
650	1	eigen	fedora-clang-libcxx	7544987	4109801929	1145589	1880001	126475113	484776666	NA	0
651	1	eigen	fedora-clang-libcxx	7544986	4117346915	1145750	1880001	126708400	485700450	NA	0
652	1	eigen	fedora-clang-libcxx	7544991	4124891906	1145814	1880001	126941709	486624242	NA	0
653	1	eigen	fedora-clang-libcxx	7545006	4132436912	1145883	1880001	127175035	487548038	NA	0
654	1	eigen	fedora-clang-libcxx	7544985	4139981897	1145947	1880001	127408320	488471819	NA	0
655	1	eigen	fedora-clang-libcxx	7548927	4147530824	1146193	1880001	127644105	489396150	NA	0
656	1	eigen	fedora-clang-libcxx	7548944	4155079768	1146578	1880001	127877523	490320501	NA	0
657	1	eigen	fedora-clang-libcxx	7548939	4162628707	1146830	1880001	128110919	491244842	NA	0
658	1	eigen	fedora-clang-libcxx	7548957	4170177664	1146895	1880001	128344329	492169191	NA	0
659	1	eigen	fedora-clang-libcxx	7548931	4177726595	1146962	1880001	128577716	493093522	NA	0
660	1	eigen	fedora-clang-libcxx	7548924	4185275519	1147026	1880001	128811091	494017852	NA	0
661	1	eigen	fedora-clang-libcxx	7548032	4192823551	1147256	1880001	129046231	494942065	NA	0
662	1	eigen	fedora-clang-libcxx	7548049	4200371600	1147552	1880001	129279596	495866299	NA	0
663	1	eigen	fedora-clang-libcxx	7548057	4207919657	1147752	1880001	129512950	496790523	NA	0
664	1	eigen	fedora-clang-libcxx	7548060	4215467717	1147819	1880001	129746307	497714750	NA	0
665	1	eigen	fedora-clang-libcxx	7548038	4223015755	1147883	1880001	129979638	498638963	NA	0
666	1	eigen	fedora-clang-libcxx	7691901	4230707656	1151784	1880001	130248348	499585852	NA	0
667	1	eigen	fedora-clang-libcxx	7691901	4238399557	1153902	1880001	130486739	500532745	NA	0
668	1	eigen	fedora-clang-libcxx	7691915	4246091472	1155152	1880001	130725144	501479642	NA	0
669	1	eigen	fedora-clang-libcxx	7691998	4253783470	1155229	1880001	130963529	502426547	NA	0
670	1	eigen	fedora-clang-libcxx	7692074	4261475544	1155309	1911118	131201951	503373465	NA	1
671	1	eigen	fedora-clang-libcxx	7691890	4269167434	1155385	1911118	131440326	504320351	NA	0
672	1	eigen	fedora-clang-libcxx	7692207	4276859641	1171711	1911118	131678751	505267274	NA	0
673	1	eigen	fedora-clang-libcxx	7692823	4284552464	1171820	1911118	131917169	506214257	NA	0
674	1	eigen	fedora-clang-libcxx	7692000	4292244464	1171897	1911118	132155557	507161162	NA	0
675	1	eigen	fedora-clang-libcxx	7692211	4299936675	1171975	1911118	132393983	508108067	NA	0
676	1	eigen	fedora-clang-libcxx	7691890	4307628565	1172043	1911118	132632359	509054949	NA	0
677	1	eigen	fedora-clang-libcxx	7692552	4315321117	1172161	1911118	132870799	510001925	NA	0
678	1	eigen	fedora-clang-libcxx	7693179	4323014296	1172286	1911118	133109361	510948960	NA	0
679	1	eigen	fedora-clang-libcxx	7692300	4330706596	1172379	1911118	133347778	511895899	NA	0
680	1	eigen	fedora-clang-libcxx	7692087	4338398683	1172460	1911118	133586197	512842814	NA	0
681	1	eigen	fedora-clang-libcxx	7691891	4346090574	1172533	1911118	133824573	513789704	NA	0
682	1	eigen	fedora-clang-libcxx	7692091	4353782665	1172609	1911118	134063009	514736635	NA	0
683	1	eigen	fedora-clang-libcxx	7590031	4361372696	1173210	1911118	134304038	515666815	NA	0
684	1	eigen	fedora-clang-libcxx	7590030	4368962726	1173758	1911118	134538640	516596993	NA	0
685	1	eigen	fedora-clang-libcxx	7590034	4376552760	1174127	1911118	134773241	517527174	NA	0
686	1	eigen	fedora-clang-libcxx	7590033	4384142793	1174192	1911118	135007839	518457357	NA	0
687	1	eigen	fedora-clang-libcxx	7590033	4391732826	1174258	1911118	135242441	519387540	NA	0
688	1	eigen	fedora-clang-libcxx	7590037	4399322863	1174323	1911118	135477050	520317721	NA	0
689	1	eigen	fedora-clang-libcxx	7557368	4406880231	1174723	1911118	135714323	521243086	NA	0
690	1	eigen	fedora-clang-libcxx	7558288	4414438519	1175359	1911118	135948057	522168581	NA	0
691	1	eigen	fedora-clang-libcxx	7557392	4421995911	1175792	1911118	136181671	523093959	NA	0
692	1	eigen	fedora-clang-libcxx	7557368	4429553279	1175866	1911118	136415270	524019335	NA	0
693	1	eigen	fedora-clang-libcxx	7557281	4437110560	1175938	1911118	136648854	524944695	NA	0
694	1	eigen	fedora-clang-libcxx	7556184	4444666744	1176434	1911118	136886769	525870495	NA	0
695	1	eigen	fedora-clang-libcxx	7556192	4452222936	1176927	1911118	137120488	526796305	NA	0
696	1	eigen	fedora-clang-libcxx	7556232	4459779168	1177258	1911118	137354215	527722133	NA	0
697	1	eigen	fedora-clang-libcxx	7556182	4467335350	1177338	1911118	137587929	528647951	NA	0
698	1	eigen	fedora-clang-libcxx	7556102	4474891452	1177407	1911118	137821632	529573750	NA	0
699	1	eigen	fedora-clang-libcxx	7556209	4482447661	1177478	1911118	138055389	530499582	NA	0
700	1	eigen	fedora-clang-libcxx	7546611	4489994272	1177755	1911118	138289905	531423629	NA	0
701	1	eigen	fedora-clang-libcxx	7546870	4497541142	1177901	1911118	138523319	532347717	NA	0
702	1	eigen	fedora-clang-libcxx	7546623	4505087765	1178006	1911118	138756698	533271772	NA	0
703	1	eigen	fedora-clang-libcxx	7546611	4512634376	1178068	1911118	138990067	534195820	NA	0
704	1	eigen	fedora-clang-libcxx	7546152	4520180528	1178287	1911118	139224535	535119770	NA	0
705	1	eigen	fedora-clang-libcxx	7546152	4527726680	1178578	1911118	139457870	536043719	NA	0
706	1	eigen	fedora-clang-libcxx	7546156	4535272836	1178779	1911118	139691200	536967670	NA	0
707	1	eigen	fedora-clang-libcxx	7546158	4542818994	1178848	1911118	139924534	537891619	NA	0
708	1	eigen	fedora-clang-libcxx	7553553	4550372547	1179152	1911118	140160304	538816257	NA	0
709	1	eigen	fedora-clang-libcxx	7553755	4557926302	1179553	1911118	140393725	539740915	NA	0
710	1	eigen	fedora-clang-libcxx	7553565	4565479867	1179792	1911118	140627157	540665559	NA	0
711	1	eigen	fedora-clang-libcxx	7553553	4573033420	1179862	1911118	140860583	541590199	NA	0
712	1	eigen	fedora-clang-libcxx	7553555	4580586975	1179931	1911118	141094004	542514837	NA	0
713	1	eigen	fedora-clang-libcxx	6350210	4586937185	1180258	1911118	141289538	543267284	NA	0
714	1	eigen	fedora-clang-libcxx	6350202	4593287387	1180693	1911118	141483461	544019740	NA	0
715	1	eigen	fedora-clang-libcxx	6350205	4599637592	1180945	1911118	141677387	544772201	NA	0
716	1	eigen	fedora-clang-libcxx	6350447	4605988039	1181021	1911118	141871346	545524690	NA	0
717	1	eigen	fedora-clang-libcxx	6350113	4612338152	1181092	1911118	142065268	546277132	NA	0
718	1	eigen	fedora-clang-libcxx	6350230	4618688382	1181161	1911118	142259192	547029587	NA	0
719	1	eigen	fedora-clang-libcxx	6350228	4625038610	1181227	1911118	142453116	547782055	NA	0
720	1	eigen	fedora-clang-libcxx	6402113	4631440723	1182107	1911118	142656812	548540826	NA	0
721	1	eigen	fedora-clang-libcxx	6402134	4637842857	1182586	1911118	142851925	549299606	NA	0
722	1	eigen	fedora-clang-libcxx	6402139	4644244996	1182903	1911118	143047046	550058385	NA	0
723	1	eigen	fedora-clang-libcxx	6402118	4650647114	1182969	1911118	143242156	550817144	NA	0
724	1	eigen	fedora-clang-libcxx	6402117	4657049231	1183033	1911118	143437261	551575909	NA	0
725	1	eigen	fedora-clang-libcxx	6402116	4663451347	1183099	1911118	143632371	552334675	NA	0
726	1	eigen	fedora-clang-libcxx	6402116	4669853463	1183164	1911118	143827478	553093451	NA	0
727	1	eigen	fedora-clang-libcxx	6402116	4676255579	1183227	1911118	144022585	553852226	NA	0
728	1	eigen	fedora-clang-libcxx	6402127	4682657706	1183292	1911118	144217700	554611001	NA	0
729	1	eigen	fedora-clang-libcxx	6402128	4689059834	1183357	1911118	144412819	555369783	NA	0
730	1	eigen	fedora-clang-libcxx	6402128	4695461962	1183419	1911118	144607938	556128564	NA	0
731	1	eigen	fedora-clang-libcxx	6402166	4701864128	1183481	1911118	144803058	556887357	NA	0
732	1	eigen	fedora-clang-libcxx	6402166	4708266294	1183544	1911118	144998178	557646152	NA	0
733	1	eigen	fedora-clang-libcxx	6402130	4714668424	1183610	1911118	145193289	558404942	NA	0
734	1	eigen	fedora-clang-libcxx	6402132	4721070556	1183677	1911118	145388396	559163732	NA	0
735	1	eigen	fedora-clang-libcxx	6402130	4727472686	1183743	1911118	145583507	559922518	NA	0
736	1	eigen	fedora-clang-libcxx	6402138	4733874824	1183810	1911118	145778633	560681303	NA	0
737	1	eigen	fedora-clang-libcxx	6402138	4740276962	1183873	1911118	145973759	561440090	NA	0
738	1	eigen	fedora-clang-libcxx	6402145	4746679107	1183947	1911118	146168900	562198864	NA	0
739	1	eigen	fedora-clang-libcxx	6402319	4753081426	1184022	1911118	146364067	562957661	NA	0
740	1	eigen	fedora-clang-libcxx	6402203	4759483629	1184093	1911118	146559230	563716458	NA	0
741	1	eigen	fedora-clang-libcxx	6402319	4765885948	1184158	1911118	146754397	564475261	NA	0
742	1	eigen	fedora-clang-libcxx	6402203	4772288151	1184224	1911118	146949559	565234058	NA	0
743	1	eigen	fedora-clang-libcxx	6402100	4778690251	1184299	1911118	147144646	565992830	NA	0
744	1	eigen	fedora-clang-libcxx	6402100	4785092351	1184363	1911118	147339733	566751603	NA	0
745	1	eigen	fedora-clang-libcxx	6402125	4791494476	1184437	1911118	147534849	567510382	NA	0
746	1	eigen	fedora-clang-libcxx	6402125	4797896601	1184500	1930418	147729965	568269167	NA	1
747	1	eigen	fedora-clang-libcxx	6402160	4804298761	1184571	1930418	147925082	569027960	NA	0
748	1	eigen	fedora-clang-libcxx	6402160	4810700921	1184635	1930418	148120199	569786754	NA	0
749	1	eigen	fedora-clang-libcxx	6402268	4817103189	1184713	1930418	148315331	570545556	NA	0
750	1	eigen	fedora-clang-libcxx	6402271	4823505460	1184790	1930418	148510462	571304358	NA	0
751	1	eigen	fedora-clang-libcxx	6402106	4829907566	1184861	1930418	148705551	572063134	NA	0
752	1	eigen	fedora-clang-libcxx	6402105	4836309671	1184930	1930418	148900639	572821906	NA	0
753	1	eigen	fedora-clang-libcxx	6402102	4842711773	1185001	1930418	149095725	573580676	NA	0
754	1	eigen	fedora-clang-libcxx	6402098	4849113871	1185075	1930418	149290805	574339445	NA	0
755	1	eigen	fedora-clang-libcxx	6402100	4855515971	1185146	1930418	149485890	575098214	NA	0
756	1	eigen	fedora-clang-libcxx	6402110	4861918081	1185218	1930418	149680984	575856986	NA	0
757	1	eigen	fedora-clang-libcxx	6402110	4868320191	1185278	1930418	149876078	576615758	NA	0
758	1	eigen	fedora-clang-libcxx	6402124	4874722315	1185347	1930418	150071183	577374532	NA	0
759	1	eigen	fedora-clang-libcxx	6413056	4881135371	1187145	1930418	150269932	578135377	NA	0
760	1	eigen	fedora-clang-libcxx	6413057	4887548428	1187245	1930418	150465537	578896221	NA	0
761	1	eigen	fedora-clang-libcxx	6413059	4893961487	1187330	1930418	150661146	579657065	NA	0
762	1	eigen	fedora-clang-libcxx	6413060	4900374547	1187395	1930418	150856756	580417913	NA	0
763	1	eigen	fedora-clang-libcxx	6413496	4906788043	1187881	1930418	151052656	581178734	NA	0
764	1	eigen	fedora-clang-libcxx	6415482	4913203525	1188218	1930418	151249395	581939937	NA	0
765	1	eigen	fedora-clang-libcxx	6413654	4919617179	1188334	1930418	151445550	582700821	NA	0
766	1	eigen	fedora-clang-libcxx	6412691	4926029870	1188403	1930418	151641123	583461484	NA	0
767	1	eigen	fedora-clang-libcxx	6412691	4932442561	1188463	1930418	151836696	584222146	NA	0
768	1	eigen	fedora-clang-libcxx	6412703	4938855264	1188539	1930418	152032286	584982820	NA	0
769	1	eigen	fedora-clang-libcxx	6412703	4945267967	1188598	1930418	152227876	585743494	NA	0
770	1	eigen	fedora-clang-libcxx	6412717	4951680684	1188670	1930418	152423474	586504165	NA	0
771	1	eigen	fedora-clang-libcxx	6412702	4958093386	1188742	1930418	152619064	587264833	NA	0
772	1	eigen	fedora-clang-libcxx	6412701	4964506087	1188805	1930418	152814653	588025497	NA	0
773	1	eigen	fedora-clang-libcxx	6412708	4970918795	1188869	1930418	153010246	588786168	NA	0
774	1	eigen	fedora-clang-libcxx	6412708	4977331503	1188931	1930418	153205839	589546847	NA	0
775	1	eigen	fedora-clang-libcxx	6412710	4983744213	1188994	1930418	153401429	590307528	NA	0
776	1	eigen	fedora-clang-libcxx	6412687	4990156900	1189068	1930418	153596910	591068191	NA	0
777	1	eigen	fedora-clang-libcxx	6412687	4996569587	1189133	1930418	153792393	591828854	NA	0
778	1	eigen	fedora-clang-libcxx	6412700	5002982287	1189196	1930418	153987984	592589519	NA	0
779	1	eigen	fedora-clang-libcxx	6412711	5009394998	1189262	1930418	154183582	593350196	NA	0
780	1	eigen	fedora-clang-libcxx	6412716	5015807714	1189330	1930418	154379177	594110880	NA	0
781	1	eigen	fedora-clang-libcxx	6412716	5022220430	1189389	1930418	154574772	594871563	NA	0
782	1	eigen	fedora-clang-libcxx	6412753	5028633183	1189454	1930418	154770377	595632244	NA	0
783	1	eigen	fedora-clang-libcxx	6412753	5035045936	1189514	1930418	154965982	596392930	NA	0
784	1	eigen	fedora-clang-libcxx	6412714	5041458650	1212016	1930418	155161573	597153613	NA	0
785	1	eigen	fedora-clang-libcxx	6412716	5047871366	1212080	1930418	155357166	597914296	NA	0
786	1	eigen	fedora-clang-libcxx	6412714	5054284080	1212141	1930418	155552757	598674972	NA	0
787	1	eigen	fedora-clang-libcxx	6412868	5060696948	1212209	1930418	155748368	599435655	NA	0
788	1	eigen	fedora-clang-libcxx	6412868	5067109816	1212269	1930418	155943980	600196349	NA	0
789	1	eigen	fedora-clang-libcxx	6412906	5073522722	1212339	1930418	156139633	600957038	NA	0
790	1	eigen	fedora-clang-libcxx	6412790	5079935512	1212409	1930418	156335283	601717728	NA	0
791	1	eigen	fedora-clang-libcxx	6412906	5086348418	1212475	1930418	156530935	602478422	NA	0
792	1	eigen	fedora-clang-libcxx	6412790	5092761208	1212540	1930418	156726583	603239115	NA	0
793	1	eigen	fedora-clang-libcxx	6412690	5099173898	1212607	1930418	156922154	603999782	NA	0
794	1	eigen	fedora-clang-libcxx	6412689	5105586587	1212671	1930418	157117728	604760446	NA	0
795	1	eigen	fedora-clang-libcxx	6412686	5111999273	1212741	1930418	157313297	605521109	NA	0
796	1	eigen	fedora-clang-libcxx	6412687	5118411960	1212819	1930418	157508779	606281770	NA	0
797	1	eigen	fedora-clang-libcxx	6412729	5124824689	1212887	1930418	157704377	607042451	NA	0
798	1	eigen	fedora-clang-libcxx	6412701	5131237390	1212955	1930418	157899967	607803117	NA	0
799	1	eigen	fedora-clang-libcxx	6412702	5137650092	1213020	1930418	158095556	608563781	NA	0
800	1	eigen	fedora-clang-libcxx	6239804	5143889896	1213409	1930418	158289713	609298231	NA	0
801	1	eigen	fedora-clang-libcxx	6239803	5150129699	1214216	1930418	158479561	610032681	NA	0
802	1	eigen	fedora-clang-libcxx	6239804	5156369503	1214731	1930418	158669412	610767131	NA	0
803	1	eigen	fedora-clang-libcxx	6239803	5162609306	1214793	1930418	158859260	611501580	NA	0
804	1	eigen	fedora-clang-libcxx	6239845	5168849151	1214860	1930418	159049122	612236048	NA	0
805	1	eigen	fedora-clang-libcxx	6239846	5175088997	1214926	1930418	159238981	612970516	NA	0
806	1	eigen	fedora-clang-libcxx	6239845	5181328842	1214988	1930418	159428845	613704984	NA	0
807	1	eigen	fedora-clang-libcxx	6239804	5187568646	1215051	1930418	159618694	614439437	NA	0
808	1	eigen	fedora-clang-libcxx	6240057	5193808703	1215129	1930418	159808620	615173927	NA	0
809	1	eigen	fedora-clang-libcxx	6239814	5200048517	1215197	1930418	159998475	615908372	NA	0
810	1	eigen	fedora-clang-libcxx	6239828	5206288345	1215264	1930418	160188348	616642822	NA	0
811	1	eigen	fedora-clang-libcxx	6544689	5212833034	1215604	1930418	160391064	617423914	NA	0
812	1	eigen	fedora-clang-libcxx	6544693	5219377727	1216115	1930418	160591250	618205000	NA	0
813	1	eigen	fedora-clang-libcxx	6544655	5225922382	1216459	1930418	160791428	618986088	NA	0
814	1	eigen	fedora-clang-libcxx	6544452	5232466834	1216531	1930418	160991585	619767154	NA	0
815	1	eigen	fedora-clang-libcxx	6544460	5239011294	1216601	1930418	161191749	620548223	NA	0
816	1	eigen	fedora-clang-libcxx	6544461	5245555755	1216664	1930418	161391917	621329289	NA	0
817	1	eigen	fedora-clang-libcxx	6570903	5252126658	1217212	1930418	161599787	622114155	NA	0
818	1	eigen	fedora-clang-libcxx	6570907	5258697565	1218471	1930418	161800751	622899019	NA	0
819	1	eigen	fedora-clang-libcxx	6570570	5265268135	1219217	1930418	162001658	623683842	NA	0
820	1	eigen	fedora-clang-libcxx	6540175	5271808310	1220104	1930418	162203912	624464379	NA	0
821	1	eigen	fedora-clang-libcxx	6540176	5278348486	1220691	1930418	162404046	625244912	NA	0
822	1	eigen	fedora-clang-libcxx	6541386	5284889872	1220959	1930418	162606499	626025806	NA	0
823	1	eigen	fedora-clang-libcxx	6541476	5291431348	1221382	1930418	162806626	626806707	NA	0
824	1	eigen	fedora-clang-libcxx	6541478	5297972826	1221664	1930418	163006761	627587611	NA	0
825	1	eigen	fedora-clang-libcxx	6541401	5304514227	1221731	1930418	163206893	628368501	NA	0
826	1	eigen	fedora-clang-libcxx	6559497	5311073724	1222241	1930418	163414036	629152006	NA	0
827	1	eigen	fedora-clang-libcxx	6559446	5317633170	1223657	1930418	163614724	629935480	NA	0
828	1	eigen	fedora-clang-libcxx	6559501	5324192671	1224468	1930418	163815457	630718988	NA	0
829	1	eigen	fedora-clang-libcxx	6559446	5330752117	1224538	2458435	164016145	631502468	NA	1
830	1	eigen	fedora-clang-libcxx	6559500	5337311617	1224604	2458435	164216878	632285981	NA	0
831	1	eigen	fedora-clang-libcxx	6559446	5343871063	1224666	2458435	164417569	633069464	NA	0
832	1	eigen	fedora-clang-libcxx	6559449	5350430512	1224734	2458435	164618265	633852947	NA	0
833	1	eigen	fedora-clang-libcxx	6559446	5356989958	1224800	2458435	164818956	634636428	NA	0
834	1	eigen	fedora-clang-libcxx	6559449	5363549407	1224865	2458435	165019656	635419905	NA	0
835	1	eigen	fedora-clang-libcxx	6559505	5370108912	1224935	2458435	165220384	636203410	NA	0
836	1	eigen	fedora-clang-libcxx	6559522	5376668434	1225005	2458435	165421114	636986919	NA	0
837	1	eigen	fedora-clang-libcxx	6559452	5383227886	1225078	2458435	165621815	637770400	NA	0
838	1	eigen	fedora-clang-libcxx	6559425	5389787311	1225146	2458435	165822491	638553874	NA	0
839	1	eigen	fedora-clang-libcxx	6559425	5396346736	1225208	2458435	166023167	639337350	NA	0
840	1	eigen	fedora-clang-libcxx	6544333	5402891069	1225526	2458435	166226240	640118709	NA	0
841	1	eigen	fedora-clang-libcxx	6544518	5409435587	1226080	2458435	166426493	640900074	NA	0
842	1	eigen	fedora-clang-libcxx	6544335	5415979922	1226462	2458435	166626712	641681424	NA	0
843	1	eigen	fedora-clang-libcxx	6544279	5422524201	1226533	2458435	166826933	642462766	NA	0
844	1	eigen	fedora-clang-libcxx	6544246	5429068447	1226601	2458435	167027123	643244099	NA	0
845	1	eigen	fedora-clang-libcxx	7591158	5436659605	1227303	2458435	167269204	644173405	NA	0
846	1	eigen	fedora-clang-libcxx	7591126	5444250731	1229421	2458435	167503741	645102715	NA	0
847	1	eigen	fedora-clang-libcxx	7591119	5451841850	1230634	2458435	167738259	646032018	NA	0
848	1	eigen	fedora-clang-libcxx	7591037	5459432887	1230702	2458435	167972775	646961322	NA	0
849	1	eigen	fedora-clang-libcxx	7591053	5467023940	1230769	2458435	168207307	647890626	NA	0
850	1	eigen	fedora-clang-libcxx	7591055	5474614995	1230837	2458435	168441805	648819926	NA	0
851	1	eigen	fedora-clang-libcxx	7591131	5482206126	1230919	2458435	168676360	649749247	NA	0
852	1	eigen	fedora-clang-libcxx	7591312	5489797438	1230998	2458435	168911003	650678569	NA	0
853	1	eigen	fedora-clang-libcxx	7591045	5497388483	1231073	2458435	169145506	651607863	NA	0
854	1	eigen	fedora-clang-libcxx	6546346	5503934829	1231361	2458435	169348597	652389061	NA	0
855	1	eigen	fedora-clang-libcxx	6546347	5510481176	1231846	2458435	169548721	653170261	NA	0
856	1	eigen	fedora-clang-libcxx	6546347	5517027523	1232157	2458435	169748845	653951460	NA	0
857	1	eigen	fedora-clang-libcxx	6565753	5523593276	1232737	2458435	169956020	654735063	NA	0
858	1	eigen	fedora-clang-libcxx	6565754	5530159030	1234167	2458435	170156719	655518667	NA	0
859	1	eigen	fedora-clang-libcxx	6565754	5536724784	1235006	2458435	170357418	656302271	NA	0
860	1	eigen	fedora-clang-libcxx	6565755	5543290539	1235069	2458435	170558116	657085877	NA	0
861	1	eigen	fedora-clang-libcxx	6565842	5549856381	1235139	2458435	170758822	657869490	NA	0
862	1	eigen	fedora-clang-libcxx	6565834	5556422215	1235206	2458435	170959525	658653109	NA	0
863	1	eigen	fedora-clang-libcxx	6565872	5562988087	1235276	2458435	171160240	659436722	NA	0
864	1	eigen	fedora-clang-libcxx	6565852	5569553939	1235349	2458435	171360949	660220341	NA	0
865	1	eigen	fedora-clang-libcxx	6565834	5576119773	1235416	2458435	171561652	661003958	NA	0
866	1	eigen	fedora-clang-libcxx	6565832	5582685605	1235480	2458435	171762353	661787568	NA	0
867	1	eigen	fedora-clang-libcxx	6541155	5589226760	1235855	2458435	171964216	662568151	NA	0
868	1	eigen	fedora-clang-libcxx	6540888	5595767648	1236244	2458435	172164333	663348702	NA	0
869	1	eigen	fedora-clang-libcxx	6541084	5602308732	1236477	2458435	172364510	664129282	NA	0
870	1	eigen	fedora-clang-libcxx	6540998	5608849730	1236549	2458435	172564638	664909835	NA	0
871	1	eigen	fedora-clang-libcxx	6540902	5615390632	1236618	2458435	172764757	665690381	NA	0
872	1	eigen	fedora-clang-libcxx	6548589	5621939221	1236972	2458435	172966578	666471315	NA	0
873	1	eigen	fedora-clang-libcxx	6548322	5628487543	1237274	2458435	173166620	667252222	NA	0
874	1	eigen	fedora-clang-libcxx	6548518	5635036061	1237477	2458435	173366659	668033155	NA	0
875	1	eigen	fedora-clang-libcxx	6548420	5641584481	1237545	2458435	173566785	668814058	NA	0
876	1	eigen	fedora-clang-libcxx	6548336	5648132817	1237619	2458435	173766824	669594956	NA	0
877	1	eigen	fedora-clang-libcxx	6539910	5654672727	1237997	2458435	173968048	670375350	NA	0
878	1	eigen	fedora-clang-libcxx	6539649	5661212376	1238312	2458435	174168149	671155714	NA	0
879	1	eigen	fedora-clang-libcxx	6539841	5667752217	1238524	2458435	174368307	671936105	NA	0
880	1	eigen	fedora-clang-libcxx	6539745	5674291962	1238597	2458435	174568402	672716463	NA	0
881	1	eigen	fedora-clang-libcxx	6539663	5680831625	1238663	2458435	174768491	673496818	NA	0
882	1	eigen	fedora-clang-libcxx	6548616	5687380241	1239021	2458435	174970732	674277927	NA	0
883	1	eigen	fedora-clang-libcxx	6548355	5693928596	1239466	2458435	175170810	675059008	NA	0
884	1	eigen	fedora-clang-libcxx	6548547	5700477143	1239740	2458435	175370886	675840114	NA	0
885	1	eigen	fedora-clang-libcxx	6548451	5707025594	1239823	2458435	175570965	676621189	NA	0
886	1	eigen	fedora-clang-libcxx	6548369	5713573963	1239901	2458435	175771041	677402259	NA	0
887	1	eigen	fedora-clang-libcxx	6539975	5720113938	1240283	2458435	175972081	678182674	NA	0
888	1	eigen	fedora-clang-libcxx	6539711	5726653649	1240541	2458435	176172183	678963060	NA	0
889	1	eigen	fedora-clang-libcxx	6539905	5733193554	1240734	2458435	176372347	679743469	NA	0
890	1	eigen	fedora-clang-libcxx	6539808	5739733362	1240801	2458435	176572450	680523848	NA	0
891	1	eigen	fedora-clang-libcxx	6539725	5746273087	1240866	2458435	176772546	681304223	NA	0
892	1	eigen	fedora-clang-libcxx	6547602	5752820689	1241198	2458435	176974178	682085091	NA	0
893	1	eigen	fedora-clang-libcxx	6547338	5759368027	1241485	2458435	177174217	682865932	NA	0
894	1	eigen	fedora-clang-libcxx	6547532	5765915559	1241712	2458435	177374251	683646797	NA	0
895	1	eigen	fedora-clang-libcxx	6547435	5772462994	1241796	2458435	177574287	684427629	NA	0
896	1	eigen	fedora-clang-libcxx	6547352	5779010346	1304412	2458435	177774321	685208459	NA	0
897	1	eigen	fedora-clang-libcxx	7846641	5786856987	1348322	2458435	178083714	686179822	NA	0
898	1	eigen	fedora-clang-libcxx	7846641	5794703628	1349938	2458435	178329052	687151182	NA	0
899	1	eigen	fedora-clang-libcxx	7846641	5802550269	1350855	2458435	178574392	688122546	NA	0
900	1	eigen	fedora-clang-libcxx	7846641	5810396910	1350916	2458435	178819731	689093917	NA	0
901	1	eigen	fedora-clang-libcxx	7846641	5818243551	1350975	2458435	179065064	690065282	NA	0
902	1	eigen	fedora-clang-libcxx	7846641	5826090192	1351046	2458435	179310400	691036650	NA	0
903	1	eigen	fedora-clang-libcxx	7846641	5833936833	1351107	2458435	179555736	692008013	NA	0
904	1	eigen	fedora-clang-libcxx	7846641	5841783474	1351166	2458435	179801071	692979375	NA	0
905	1	eigen	fedora-clang-libcxx	7846753	5849630227	1351237	2458435	180046411	693950752	NA	0
906	1	eigen	fedora-clang-libcxx	7846751	5857476978	1351306	2458435	180291751	694922132	NA	0
907	1	eigen	fedora-clang-libcxx	7846629	5865323607	1351375	2607872	180537071	695893483	NA	1
908	1	eigen	fedora-clang-libcxx	7846872	5873170479	1351449	2607872	180782422	696864876	NA	0
909	1	eigen	fedora-clang-libcxx	7846872	5881017351	1351514	2607872	181027774	697836271	NA	0
910	1	eigen	fedora-clang-libcxx	7846965	5888864316	1351581	2607872	181273113	698807672	NA	0
911	1	eigen	fedora-clang-libcxx	7846845	5896711161	1351655	2607872	181518448	699779048	NA	0
912	1	eigen	fedora-clang-libcxx	7846848	5904558009	1351736	2607872	181763788	700750422	NA	0
913	1	eigen	fedora-clang-libcxx	7846626	5912404635	1351803	2607872	182009108	701721771	NA	0
914	1	eigen	fedora-clang-libcxx	7848025	5920252660	1351871	2607872	182254500	702693245	NA	0
915	1	eigen	fedora-clang-libcxx	7847513	5928100173	1351942	2607872	182499733	703664674	NA	0
916	1	eigen	fedora-clang-libcxx	7906765	5936006938	1354339	2607872	182760226	704642687	NA	0
917	1	eigen	fedora-clang-libcxx	7906469	5943913407	1358368	2607872	183006830	705620646	NA	0
918	1	eigen	fedora-clang-libcxx	7906229	5951819636	1360568	2607872	183253431	706598594	NA	0
919	1	eigen	fedora-clang-libcxx	7906249	5959725885	1360635	2607872	183500039	707576549	NA	0
920	1	eigen	fedora-clang-libcxx	7906616	5967632501	1360710	2607872	183746662	708554565	NA	0
921	1	eigen	fedora-clang-libcxx	7852529	5975485030	1361303	2607872	183997108	709526518	NA	0
922	1	eigen	fedora-clang-libcxx	7852480	5983337510	1362605	2607872	184242579	710498472	NA	0
923	1	eigen	fedora-clang-libcxx	7852472	5991189982	1363403	2607872	184488048	711470430	NA	0
924	1	eigen	fedora-clang-libcxx	7852502	5999042484	1363468	2607872	184733526	712442387	NA	0
925	1	eigen	fedora-clang-libcxx	7852343	6006894827	1363538	2607872	184978990	713414322	NA	0
926	1	eigen	fedora-clang-libcxx	7852327	6014747154	1363611	2607872	185224444	714386245	NA	0
927	1	eigen	fedora-clang-libcxx	7830285	6022577439	1363982	2607872	185472803	715355443	NA	0
928	1	eigen	fedora-clang-libcxx	7830045	6030407484	1364739	2607872	185717645	716324612	NA	0
929	1	eigen	fedora-clang-libcxx	7886114	6038293598	1367554	2607872	185971538	717298550	NA	0
930	1	eigen	fedora-clang-libcxx	7885977	6046179575	1369391	2607872	186217648	718272477	NA	0
931	1	eigen	fedora-clang-libcxx	7885853	6054065428	1370445	2607872	186463751	719246401	NA	0
932	1	eigen	fedora-clang-libcxx	7885915	6061951343	1370512	2607872	186709861	720220320	NA	0
933	1	eigen	fedora-clang-libcxx	7885899	6069837242	1370580	2607872	186955949	721194235	NA	0
934	1	eigen	fedora-clang-libcxx	7923753	6077760995	1371461	2607872	187211037	722180697	NA	0
935	1	eigen	fedora-clang-libcxx	7923754	6085684749	1372101	2607872	187459466	723167158	NA	0
936	1	eigen	fedora-clang-libcxx	7923769	6093608518	1372539	2607872	187707901	724153626	NA	0
937	1	eigen	fedora-clang-libcxx	7923872	6101532390	1372607	2607872	187956346	725140099	NA	0
938	1	eigen	fedora-clang-libcxx	6979881	6108512271	1373100	2607872	188171816	725967169	NA	0
939	1	eigen	fedora-clang-libcxx	6979733	6115492004	1374188	2607872	188381904	726794216	NA	0
940	1	eigen	fedora-clang-libcxx	6979928	6122471932	1374817	2607872	188592128	727621284	NA	0
941	1	eigen	fedora-clang-libcxx	6979881	6129451813	1374886	2607872	188802363	728448340	NA	0
942	1	eigen	fedora-clang-libcxx	7830950	6137282763	1375243	2607872	189050543	729417405	NA	0
943	1	eigen	fedora-clang-libcxx	7830882	6145113645	1376005	2607872	189295376	730386468	NA	0
944	1	eigen	fedora-clang-libcxx	7837864	6152951509	1377477	2607872	189543449	731355726	NA	0
945	1	eigen	fedora-clang-libcxx	7837879	6160789388	1378208	2607872	189788269	732324992	NA	0
946	1	eigen	fedora-clang-libcxx	7853255	6168642643	1379238	2607872	190039692	733296369	NA	0
947	1	eigen	fedora-clang-libcxx	7853269	6176495912	1379506	2607872	190285149	734267758	NA	0
948	1	eigen	fedora-clang-libcxx	7853260	6184349172	1379686	2607872	190530601	735239143	NA	0
949	1	eigen	fedora-clang-libcxx	7853255	6192202427	1379750	2607872	190776041	736210524	NA	0
950	1	eigen	fedora-clang-libcxx	7853269	6200055696	1379810	2607872	191021498	737181911	NA	0
951	1	eigen	fedora-clang-libcxx	7853260	6207908956	1379873	2607872	191266950	738153297	NA	0
952	1	eigen	fedora-clang-libcxx	7853363	6215762319	1380094	2607872	191513250	739124794	NA	0
953	1	eigen	fedora-clang-libcxx	7853377	6223615696	1380349	2607872	191758686	740096301	NA	0
954	1	eigen	fedora-clang-libcxx	7853368	6231469064	1380522	2607872	192004114	741067808	NA	0
955	1	eigen	fedora-clang-libcxx	7853366	6239322430	1380590	2607872	192249533	742039307	NA	0
956	1	eigen	fedora-clang-libcxx	7853358	6247175788	1380654	2607872	192494958	743010800	NA	0
957	1	eigen	fedora-clang-libcxx	7853487	6255029275	1380867	2607872	192741414	743982398	NA	0
958	1	eigen	fedora-clang-libcxx	7853501	6262882776	1381162	2607872	192986871	744954007	NA	0
959	1	eigen	fedora-clang-libcxx	7853492	6270736268	1381361	2607872	193232329	745925613	NA	0
960	1	eigen	fedora-clang-libcxx	7853527	6278589795	1381426	2607872	193477763	746897217	NA	0
961	1	eigen	fedora-clang-libcxx	7856886	6286446681	1381715	2607872	193725356	747869379	NA	0
962	1	eigen	fedora-clang-libcxx	7856809	6294303490	1382332	2607872	193970994	748841542	NA	0
963	1	eigen	fedora-clang-libcxx	7856800	6302160290	1382753	2607872	194216627	749813704	NA	0
964	1	eigen	fedora-clang-libcxx	7856862	6310017152	1382821	2607872	194462249	750785870	NA	0
965	1	eigen	fedora-clang-libcxx	7857159	6317874311	1382887	2607872	194707939	751758056	NA	0
966	1	eigen	fedora-clang-libcxx	7852635	6325726946	1383092	2607872	194954279	752729633	NA	0
967	1	eigen	fedora-clang-libcxx	7852649	6333579595	1383424	2607872	195199749	753701222	NA	0
968	1	eigen	fedora-clang-libcxx	7852640	6341432235	1383632	2607872	195445219	754672807	NA	0
969	1	eigen	fedora-clang-libcxx	7852614	6349284849	1383700	2607872	195690649	755644387	NA	0
970	1	eigen	fedora-clang-libcxx	7852614	6357137463	1383763	2607872	195936079	756615965	NA	0
971	1	eigen	fedora-clang-libcxx	7853875	6364991338	1383965	2607872	196182252	757587582	NA	0
972	1	eigen	fedora-clang-libcxx	7853890	6372845228	1384226	2607872	196427700	758559204	NA	0
973	1	eigen	fedora-clang-libcxx	7853918	6380699146	1384400	2607872	196673164	759530821	NA	0
974	1	eigen	fedora-clang-libcxx	7853933	6388553079	1384467	2607872	196918633	760502444	NA	0
975	1	eigen	fedora-clang-libcxx	7853877	6396406956	1384530	2654783	197164049	761474056	NA	1
976	1	eigen	fedora-clang-libcxx	7860544	6404267500	1384855	2654783	197411620	762446387	NA	0
977	1	eigen	fedora-clang-libcxx	7860559	6412128059	1385478	2654783	197657248	763418724	NA	0
978	1	eigen	fedora-clang-libcxx	7860548	6419988607	1385835	2654783	197902853	764391056	NA	0
979	1	eigen	fedora-clang-libcxx	7860563	6427849170	1385900	2654783	198148471	765363389	NA	0
980	1	eigen	fedora-clang-libcxx	7860550	6435709720	1385965	2654783	198394074	766335720	NA	0
981	1	eigen	fedora-clang-libcxx	7860546	6443570266	1386029	2654783	198639669	767308052	NA	0
982	1	eigen	fedora-clang-libcxx	7860550	6451430816	1386092	2654783	198885274	768280381	NA	0
983	1	eigen	fedora-clang-libcxx	7860565	6459291381	1386157	2654783	199130894	769252720	NA	0
984	1	eigen	fedora-clang-libcxx	7860565	6467151946	1386223	2654783	199376514	770225058	NA	0
985	1	eigen	fedora-clang-libcxx	7860547	6475012493	1386290	2654783	199622119	771197388	NA	0
986	1	eigen	fedora-clang-libcxx	7860552	6482873045	1386355	2654783	199867726	772169714	NA	0
987	1	eigen	fedora-clang-libcxx	7853156	6490726201	1386575	2654783	200114230	773141317	NA	0
988	1	eigen	fedora-clang-libcxx	7853171	6498579372	1386897	2654783	200359680	774112928	NA	0
989	1	eigen	fedora-clang-libcxx	7853173	6506432545	1387103	2654783	200605122	775084535	NA	0
990	1	eigen	fedora-clang-libcxx	7853160	6514285705	1387167	2654783	200850552	776056141	NA	0
991	1	eigen	fedora-clang-libcxx	7855774	6522141479	1387419	2654783	201097962	777028217	NA	0
992	1	eigen	fedora-clang-libcxx	7855789	6529997268	1387881	2654783	201343506	778000306	NA	0
993	1	eigen	fedora-clang-libcxx	7855784	6537853052	1388199	2654783	201589047	778972393	NA	0
994	1	eigen	fedora-clang-libcxx	7855799	6545708851	1388268	2654783	201834600	779944485	NA	0
995	1	eigen	fedora-clang-libcxx	7855785	6553564636	1388335	2654783	202080152	780916570	NA	0
996	1	eigen	fedora-clang-libcxx	7855800	6561420436	1388400	2654783	202325706	781888658	NA	0
997	1	eigen	fedora-clang-libcxx	7852817	6569273253	1389017	2654783	202571485	782860123	NA	0
998	1	eigen	fedora-clang-libcxx	7852739	6577125992	1389213	2654783	202816653	783831574	NA	0
999	1	eigen	fedora-clang-libcxx	7852819	6584978811	1389354	2654783	203061904	784803038	NA	0
1000	1	eigen	fedora-clang-libcxx	7850448	6592829259	1389496	2654783	203307461	785774150	NA	0
1001	1	eigen	fedora-clang-libcxx	7850463	6600679722	1389612	2654783	203552818	786745272	NA	0
1002	1	eigen	fedora-clang-libcxx	7850860	6608530582	1389778	2654783	203798483	787716407	NA	0
1003	1	eigen	fedora-clang-libcxx	7850875	6616381457	1389931	2654783	204043848	788687558	NA	0
1004	1	eigen	fedora-clang-libcxx	7850875	6624232332	1390044	2654783	204289213	789658700	NA	0
1005	1	eigen	fedora-clang-libcxx	7850675	6632083007	1390201	2654783	204534816	790629844	NA	0
1006	1	eigen	fedora-clang-libcxx	7850690	6639933697	1390335	2654783	204780167	791600998	NA	0
1007	1	eigen	fedora-clang-libcxx	7855420	6647789117	1390565	2654783	205026869	792572732	NA	0
1008	1	eigen	fedora-clang-libcxx	7855421	6655644538	1421787	2654783	205272349	793544469	NA	0
1009	1	eigen	fedora-clang-libcxx	7855435	6663499973	1422033	2654783	205517838	794516211	NA	0
1010	1	eigen	fedora-clang-libcxx	7855436	6671355409	1422102	2654783	205763329	795487955	NA	0
1011	1	eigen	fedora-clang-libcxx	7855444	6679210853	1422168	2654783	206008830	796459695	NA	0
1012	1	eigen	fedora-clang-libcxx	7855445	6687066298	1422232	2654783	206254332	797431433	NA	0
1013	1	eigen	fedora-clang-libcxx	7855446	6694921744	1422296	2654783	206499835	798403173	NA	0
1014	1	eigen	fedora-clang-libcxx	7855447	6702777191	1422362	2654783	206745337	799374909	NA	0
1015	1	eigen	fedora-clang-libcxx	7855436	6710632627	1422428	2654783	206990828	800346645	NA	0
1016	1	eigen	fedora-clang-libcxx	7855436	6718488063	1422490	2654783	207236325	801318383	NA	0
1017	1	eigen	fedora-clang-libcxx	7831348	6726319411	1422966	2654783	207485786	802288170	NA	0
1018	1	eigen	fedora-clang-libcxx	7831363	6734150774	1423894	2654783	207730721	803257967	NA	0
1019	1	eigen	fedora-clang-libcxx	7831362	6741982136	1424474	2654783	207975654	804227758	NA	0
1020	1	eigen	fedora-clang-libcxx	7831374	6749813510	1424540	2654783	208220598	805197538	NA	0
1021	1	eigen	fedora-clang-libcxx	7831357	6757644867	1424605	2654783	208465524	806167316	NA	0
1022	1	eigen	fedora-clang-libcxx	7831371	6765476238	1424668	2654783	208710461	807137095	NA	0
1023	1	eigen	fedora-clang-libcxx	7831375	6773307613	1424733	2654783	208955404	808106874	NA	0
1024	1	eigen	fedora-clang-libcxx	7831683	6781139296	1424803	2654783	209200407	809076704	NA	0
1025	1	eigen	fedora-clang-libcxx	7819005	6788958301	1425052	2654783	209446019	810044388	NA	0
1026	1	eigen	fedora-clang-libcxx	7819020	6796777321	1425376	2654783	209690634	811012079	NA	0
1027	1	eigen	fedora-clang-libcxx	7819002	6804596323	1425606	2654783	209935227	811979767	NA	0
1028	1	eigen	fedora-clang-libcxx	7819002	6812415325	1425671	2654783	210179820	812947448	NA	0
1029	1	eigen	fedora-clang-libcxx	6537571	6818952896	1425959	2654783	210381244	813727915	NA	0
1030	1	eigen	fedora-clang-libcxx	6537571	6825490467	1426331	2654783	210581334	814508377	NA	0
1031	1	eigen	fedora-clang-libcxx	6537579	6832028046	1426551	2654783	210781430	815288834	NA	0
1032	1	eigen	fedora-clang-libcxx	6537579	6838565625	1426613	2654783	210981527	816069293	NA	0
1033	1	eigen	fedora-clang-libcxx	6537579	6845103204	1426670	2654783	211181624	816849752	NA	0
1034	1	eigen	fedora-clang-libcxx	6537580	6851640784	1426733	2654783	211381724	817630214	NA	0
1035	1	eigen	fedora-clang-libcxx	6537580	6858178364	1426795	2654783	211581824	818410674	NA	0
1036	1	eigen	fedora-clang-libcxx	6537580	6864715944	1426854	2654783	211781924	819191135	NA	0
1037	1	eigen	fedora-clang-libcxx	6235278	6870951222	1427117	2654783	211973921	819924616	NA	0
1038	1	eigen	fedora-clang-libcxx	6235280	6877186502	1427453	2654783	212163545	820658095	NA	0
1039	1	eigen	fedora-clang-libcxx	6235268	6883421770	1427684	2654783	212353161	821391566	NA	0
1040	1	eigen	fedora-clang-libcxx	6235268	6889657038	1427753	2654783	212542777	822125040	NA	0
1041	1	eigen	fedora-clang-libcxx	6227440	6895884478	1427911	2654783	212732792	822857708	NA	0
1042	1	eigen	fedora-clang-libcxx	6232220	6902116698	1428105	2654783	212924503	823590873	NA	0
1043	1	eigen	fedora-clang-libcxx	7268275	6909384973	1430160	2654783	213150514	824485303	NA	0
1044	1	eigen	fedora-clang-libcxx	7268240	6916653213	1430334	2654783	213375768	825379732	NA	0
1045	1	eigen	fedora-clang-libcxx	7268278	6923921491	1430469	2654783	213601046	826274175	NA	0
1046	1	eigen	fedora-clang-libcxx	7268288	6931189779	1430543	3176192	213826344	827168615	NA	1
1047	1	eigen	fedora-clang-libcxx	7541398	6938731177	1430825	3176192	214059688	828092005	NA	0
1048	1	eigen	fedora-clang-libcxx	7541363	6946272540	1430881	3176192	214292861	829015393	NA	0
1049	1	eigen	fedora-clang-libcxx	7541401	6953813941	1430899	3176192	214526033	829938795	NA	0
1050	1	eigen	fedora-clang-libcxx	7541411	6961355352	1430920	3176192	214759204	830862195	NA	0
1051	1	eigen	fedora-clang-libcxx	6271908	6967627260	1431423	3176192	214957137	831599630	NA	0
1052	1	eigen	fedora-clang-libcxx	6227496	6973854756	1431620	3176192	215147392	832332205	NA	0
1053	1	eigen	fedora-clang-libcxx	6227168	6980081924	1431841	3176192	215338032	833064965	NA	0
1054	1	eigen	fedora-clang-libcxx	6227215	6986309139	1432107	3176192	215527609	833797734	NA	0
1055	1	eigen	fedora-clang-libcxx	6227042	6992536181	1432280	3176192	215717147	834530481	NA	0
1056	1	eigen	fedora-clang-libcxx	6263669	6998799850	1432852	3176192	215912969	835266775	NA	0
1057	1	eigen	fedora-clang-libcxx	6263679	7005063529	1433602	3176192	216103111	836003068	NA	0
1058	1	eigen	fedora-clang-libcxx	6263790	7011327319	1434061	3176192	216293300	836739395	NA	0
1059	1	eigen	fedora-clang-libcxx	6263670	7017590989	1434127	3176192	216483430	837475687	NA	0
1060	1	eigen	fedora-clang-libcxx	6263852	7023854841	1434194	3176192	216673587	838212000	NA	0
1061	1	eigen	fedora-clang-libcxx	6263730	7030118571	1434262	3176192	216863743	838948315	NA	0
1062	1	eigen	fedora-clang-libcxx	6263784	7036382355	1434331	3176192	217053903	839684628	NA	0
1063	1	eigen	fedora-clang-libcxx	6263664	7042646019	1434397	3176192	217244032	840420919	NA	0
1064	1	eigen	fedora-clang-libcxx	6263744	7048909763	1434463	3176192	217434203	841157235	NA	0
1065	1	eigen	fedora-clang-libcxx	6263850	7055173613	1434528	3176192	217624370	841893542	NA	0
1066	1	eigen	fedora-clang-libcxx	6226796	7061400409	1434730	3176192	217814632	842626128	NA	0
1067	1	eigen	fedora-clang-libcxx	6236106	7067636515	1435149	3176192	218006671	843359885	NA	0
1068	1	eigen	fedora-clang-libcxx	6236080	7073872595	1435497	3176192	218196384	844093603	NA	0
1069	1	eigen	fedora-clang-libcxx	6235860	7080108455	1435732	3176192	218386188	844827315	NA	0
1070	1	eigen	fedora-clang-libcxx	6235783	7086344238	1435802	3176192	218575982	845561030	NA	0
1071	1	eigen	fedora-clang-libcxx	6235828	7092580066	1435870	3176192	218765788	846294748	NA	0
1072	1	eigen	fedora-clang-libcxx	6230275	7098810341	1436332	3176192	218959893	847029178	NA	0
1073	1	eigen	fedora-clang-libcxx	6226300	7105036641	1436609	3176192	219150093	847761850	NA	0
1074	1	eigen	fedora-clang-libcxx	6228783	7111265424	1436872	3176192	219340826	848494604	NA	0
1075	1	eigen	fedora-clang-libcxx	6228785	7117494209	1437146	3176192	219530369	849227361	NA	0
1076	1	eigen	fedora-clang-libcxx	6228803	7123723012	1437334	3176192	219719927	849960124	NA	0
1077	1	eigen	fedora-clang-libcxx	6228797	7129951809	1437400	3176192	219909480	850692883	NA	0
1078	1	eigen	fedora-clang-libcxx	6228809	7136180618	1437469	3176192	220099042	851425646	NA	0
1079	1	eigen	fedora-clang-libcxx	6228821	7142409439	1437535	3176192	220288609	852158409	NA	0
1080	1	eigen	fedora-clang-libcxx	6228823	7148638262	1437601	3176192	220478181	852891172	NA	0
1081	1	eigen	fedora-clang-libcxx	6228845	7154867107	1437668	3176192	220667766	853623928	NA	0
1082	1	eigen	fedora-clang-libcxx	6267801	7161134908	1438087	3176192	220863636	854360938	NA	0
1083	1	eigen	fedora-clang-libcxx	6280830	7167415738	1438727	3176192	221059677	855098759	NA	0
1084	1	eigen	fedora-clang-libcxx	6225039	7173640777	1438879	3176192	221249484	855831129	NA	0
1085	1	eigen	fedora-clang-libcxx	6943574	7180584351	1439086	3176192	221460108	856654951	NA	0
1086	1	eigen	fedora-clang-libcxx	6260470	7186844821	1439708	3176192	221657209	857391396	NA	0
1087	1	eigen	fedora-clang-libcxx	6230177	7193074998	1440003	3176192	221849034	858124808	NA	0
1088	1	eigen	fedora-clang-libcxx	6230178	7199305176	1440491	3176192	222038672	858858217	NA	0
1089	1	eigen	fedora-clang-libcxx	6230178	7205535354	1440804	3176192	222228310	859591626	NA	0
1090	1	eigen	fedora-clang-libcxx	6230179	7211765533	1440868	3176192	222417946	860325039	NA	0
1091	1	eigen	fedora-clang-libcxx	6230170	7217995703	1440934	3176192	222607575	861058453	NA	0
1092	1	eigen	fedora-clang-libcxx	6230171	7224225874	1440999	3176192	222797212	861791865	NA	0
1093	1	eigen	fedora-clang-libcxx	6230183	7230456057	1441069	3176192	222986858	862525281	NA	0
1094	1	eigen	fedora-clang-libcxx	6230184	7236686241	1441136	3176192	223176503	863258695	NA	0
1095	1	eigen	fedora-clang-libcxx	6350753	7243036994	1441434	3176192	223371865	864011168	NA	0
1096	1	eigen	fedora-clang-libcxx	6350753	7249387747	1441767	3176192	223565742	864763644	NA	0
1097	1	eigen	fedora-clang-libcxx	6350753	7255738500	1441994	3176192	223759617	865516123	NA	0
1098	1	eigen	fedora-clang-libcxx	6350753	7262089253	1442052	3176192	223953492	866268604	NA	0
1099	1	eigen	fedora-clang-libcxx	6350754	7268440007	1442119	3176192	224147368	867021084	NA	0
1100	1	eigen	fedora-clang-libcxx	6350754	7274790761	1442181	3176192	224341246	867773565	NA	0
1101	1	eigen	fedora-clang-libcxx	6350754	7281141515	1442239	3176192	224535124	868526046	NA	0
1102	1	eigen	fedora-clang-libcxx	6350754	7287492269	1442297	3176192	224729001	869278524	NA	0
1103	1	eigen	fedora-clang-libcxx	6350769	7293843038	1442361	3176192	224922886	870031007	NA	0
1104	1	eigen	fedora-clang-libcxx	6350767	7300193805	1442428	3176192	225116769	870783487	NA	0
1105	1	eigen	fedora-clang-libcxx	6350769	7306544574	1442491	3176192	225310655	871535967	NA	0
1106	1	eigen	fedora-clang-libcxx	6350767	7312895341	1442556	3176192	225504538	872288446	NA	0
1107	1	eigen	fedora-clang-libcxx	6350803	7319246144	1442621	3176192	225698418	873040935	NA	0
1108	1	eigen	fedora-clang-libcxx	6350803	7325596947	1442684	3176192	225892302	873793429	NA	0
1109	1	eigen	fedora-clang-libcxx	6350804	7331947751	1442749	3176192	226086189	874545922	NA	0
1110	1	eigen	fedora-clang-libcxx	6350804	7338298555	1442812	3176192	226280075	875298413	NA	0
1111	1	eigen	fedora-clang-libcxx	6247211	7344545766	1443298	3176192	226473850	876032816	NA	0
1112	1	eigen	fedora-clang-libcxx	6247211	7350792977	1444001	3176192	226663747	876767221	NA	0
1113	1	eigen	fedora-clang-libcxx	6247203	7357040180	1444377	3176192	226853638	877501619	NA	0
1114	1	eigen	fedora-clang-libcxx	6247323	7363287503	1444445	3176192	227043526	878236018	NA	0
1115	1	eigen	fedora-clang-libcxx	6246568	7369534071	1444513	3176192	227233414	878970356	NA	0
1116	1	eigen	fedora-clang-libcxx	6247147	7375781218	1444585	3176192	227423322	879704742	NA	0
1117	1	eigen	fedora-clang-libcxx	6234645	7382015863	1444818	3176192	227614591	880437769	NA	0
1118	1	eigen	fedora-clang-libcxx	6950186	7388966049	1445106	3176192	227827177	881262402	NA	0
1119	1	eigen	fedora-clang-libcxx	7732595	7396698644	1448077	3176192	228070020	882216697	NA	0
1120	1	eigen	fedora-clang-libcxx	7732603	7404431247	1478997	3176192	228311075	883170994	NA	0
1121	1	eigen	fedora-clang-libcxx	7732663	7412163910	1479229	3176192	228552181	884125304	NA	0
1122	1	eigen	fedora-clang-libcxx	7732639	7419896549	1479294	3176192	228793276	885079613	NA	0
1123	1	eigen	fedora-clang-libcxx	6241704	7426138253	1479789	3176192	228988101	885814398	NA	0
1124	1	eigen	fedora-clang-libcxx	6224081	7432362334	1479956	3176192	229177648	886546488	NA	0
1125	1	eigen	fedora-clang-libcxx	6224081	7438586415	1480009	3176192	229366967	887278578	NA	0
1126	1	eigen	fedora-clang-libcxx	6224081	7444810496	1480024	3176192	229556286	888010668	NA	0
1127	1	eigen	fedora-clang-libcxx	6224081	7451034577	1480039	3176192	229745605	888742758	NA	0
1128	1	eigen	fedora-clang-libcxx	6224081	7457258658	1480054	3176192	229934924	889474848	NA	0
1129	1	eigen	fedora-clang-libcxx	6224081	7463482739	1480069	3327665	230124243	890206938	NA	1
1130	1	eigen	fedora-clang-libcxx	6314438	7469797177	1480370	3327665	230318880	890954814	NA	0
1131	1	eigen	fedora-clang-libcxx	6327276	7476124453	1480744	3327665	230515158	891703586	NA	0
1132	1	eigen	fedora-clang-libcxx	6327276	7482451729	1481186	3327665	230708175	892452358	NA	0
1133	1	eigen	fedora-clang-libcxx	6327277	7488779006	1481470	3327665	230901190	893201131	NA	0
1134	1	eigen	fedora-clang-libcxx	6317130	7495096136	1481805	3327665	231096284	893949326	NA	0
1135	1	eigen	fedora-clang-libcxx	6312912	7501409048	1482027	3327665	231290222	894696918	NA	0
1136	1	eigen	fedora-clang-libcxx	6314263	7507723311	1482248	3327665	231484318	895444550	NA	0
1137	1	eigen	fedora-clang-libcxx	5344268	7513067579	1514739	3327665	231656906	896083170	NA	0
1138	1	eigen	fedora-clang-libcxx	5344387	7518411966	1514914	3327665	231828532	896721754	NA	0
1139	1	eigen	fedora-clang-libcxx	6227530	7524639496	1517819	3327665	232019649	897454694	NA	0
1140	1	eigen	fedora-clang-libcxx	6051241	7530690737	1518148	3327665	232204020	898169953	NA	0
1141	1	eigen	fedora-clang-libcxx	6238667	7536929404	1518540	3327665	232398281	898904429	NA	0
1142	1	eigen	fedora-clang-libcxx	6238668	7543168072	1519537	3327665	232588178	899638907	NA	0
1143	1	eigen	fedora-clang-libcxx	6238675	7549406747	1520088	3327665	232778081	900373384	NA	0
1144	1	eigen	fedora-clang-libcxx	6238676	7555645423	1520153	3327665	232967980	901107861	NA	0
1145	1	eigen	fedora-clang-libcxx	6345846	7561991269	1520356	3327665	233162064	901859820	NA	0
1146	1	eigen	fedora-clang-libcxx	6235607	7568226876	1521275	3327665	233356040	902594171	NA	0
1147	1	eigen	fedora-clang-libcxx	6235610	7574462486	1521598	3327665	233546069	903328523	NA	0
1148	1	eigen	fedora-clang-libcxx	5573221	7580035707	1526261	3327665	233759452	904003278	NA	0
1149	1	eigen	fedora-clang-libcxx	244	7580035951	1526399	3327665	233759564	904003410	NA	0
1150	1	eigen	fedora-clang-libcxx	323	7580036274	1526479	3327665	233759679	904003589	NA	0
1151	1	eigen	fedora-clang-libcxx	5360722	7585396996	1611103	3327665	233939797	904642379	NA	0
1152	1	eigen	fedora-clang-libcxx	5360727	7590757723	1611193	3327665	234111442	905281170	NA	0
1153	1	eigen	fedora-clang-libcxx	5360722	7596118445	1611378	3327665	234283165	905919959	NA	0
1154	1	eigen	fedora-clang-libcxx	5360727	7601479172	1611454	3327665	234454800	906558749	NA	0
1155	1	eigen	fedora-clang-libcxx	5360722	7606839894	1611617	3327665	234626529	907197536	NA	0
1156	1	eigen	fedora-clang-libcxx	5360727	7612200621	1611705	3327665	234798152	907836323	NA	0
1157	1	eigen	fedora-clang-libcxx	5360720	7617561341	1611865	3327665	234969859	908475103	NA	0
1158	1	eigen	fedora-clang-libcxx	5360725	7622922066	1611952	3327665	235141493	909113885	NA	0
1159	1	eigen	fedora-clang-libcxx	5360716	7628282782	1612110	3327665	235313212	909752631	NA	0
1160	1	eigen	fedora-clang-libcxx	5360721	7633643503	1612201	3327665	235484851	910391378	NA	0
1161	1	eigen	fedora-clang-libcxx	5360778	7639004281	1612364	3327665	235656626	911030209	NA	0
1162	1	eigen	fedora-clang-libcxx	5360783	7644365064	1612451	3327665	235828309	911669039	NA	0
1163	1	eigen	fedora-clang-libcxx	5360747	7649725811	1612611	3327665	236000036	912307854	NA	0
1164	1	eigen	fedora-clang-libcxx	5360752	7655086563	1612696	3327665	236171682	912946668	NA	0
1165	1	eigen	fedora-clang-libcxx	5360751	7660447314	1612858	3327665	236343414	913585476	NA	0
1166	1	eigen	fedora-clang-libcxx	5360756	7665808070	1612945	3327665	236515062	914224286	NA	0
1167	1	eigen	fedora-clang-libcxx	5360791	7671168861	1613112	3327665	236686841	914863099	NA	0
1168	1	eigen	fedora-clang-libcxx	5360796	7676529657	1613216	3327665	236858437	915501911	NA	0
1169	1	eigen	fedora-clang-libcxx	5360785	7681890442	1613387	3327665	237030159	916140717	NA	0
1170	1	eigen	fedora-clang-libcxx	5360790	7687251232	1613475	3327665	237201755	916779523	NA	0
1171	1	eigen	fedora-clang-libcxx	5360789	7692612021	1613629	3327665	237373467	917418344	NA	0
1172	1	eigen	fedora-clang-libcxx	5360794	7697972815	1613712	3327665	237545063	918057164	NA	0
1173	1	eigen	fedora-clang-libcxx	5360784	7703333599	1613868	3327665	237716769	918695933	NA	0
1174	1	eigen	fedora-clang-libcxx	5360789	7708694388	1613952	3327665	237888365	919334701	NA	0
1175	1	eigen	fedora-clang-libcxx	5360703	7714055091	1614115	3327665	238060080	919973476	NA	0
1176	1	eigen	fedora-clang-libcxx	5360708	7719415799	1614210	3327665	238231720	920612252	NA	0
1177	1	eigen	fedora-clang-libcxx	5360725	7724776524	1614370	3327665	238403456	921251039	NA	0
1178	1	eigen	fedora-clang-libcxx	5360730	7730137254	1614455	3327665	238575110	921889826	NA	0
1179	1	eigen	fedora-clang-libcxx	5360749	7735498003	1614613	3327665	238746849	922528617	NA	0
1180	1	eigen	fedora-clang-libcxx	5360754	7740858757	1614698	3327665	238918510	923167409	NA	0
1181	1	eigen	fedora-clang-libcxx	5360795	7746219552	1614855	3327665	239090303	923806214	NA	0
1182	1	eigen	fedora-clang-libcxx	5360800	7751580352	1614943	3327665	239261939	924445022	NA	0
1183	1	eigen	fedora-clang-libcxx	5360807	7756941159	1615105	3327665	239433684	925083829	NA	0
1184	1	eigen	fedora-clang-libcxx	5360802	7762301961	1615192	3327665	239605344	925722636	NA	0
1185	1	eigen	fedora-clang-libcxx	5360735	7767662696	1615354	3327665	239777084	926361440	NA	0
1186	1	eigen	fedora-clang-libcxx	5360740	7773023436	1615440	3327665	239948756	927000243	NA	0
1187	1	eigen	fedora-clang-libcxx	5360726	7778384162	1615600	3327665	240120493	927639044	NA	0
1188	1	eigen	fedora-clang-libcxx	5360731	7783744893	1615685	3327665	240292144	928277844	NA	0
1189	1	eigen	fedora-clang-libcxx	5360753	7789105646	1615845	3327665	240463908	928916654	NA	0
1190	1	eigen	fedora-clang-libcxx	5360758	7794466404	1615937	3327665	240635551	929555461	NA	0
1191	1	eigen	fedora-clang-libcxx	5360753	7799827157	1616093	3327665	240807289	930194274	NA	0
1192	1	eigen	fedora-clang-libcxx	5360758	7805187915	1616175	3327665	240978932	930833084	NA	0
1193	1	eigen	fedora-clang-libcxx	5360751	7810548666	1616337	3327665	241150658	931471842	NA	0
1194	1	eigen	fedora-clang-libcxx	5360756	7815909422	1616420	3327665	241322300	932110601	NA	0
1195	1	eigen	fedora-clang-libcxx	5360744	7821270166	1616576	3327665	241494020	932749401	NA	0
1196	1	eigen	fedora-clang-libcxx	5360749	7826630915	1616660	3327665	241665658	933388202	NA	0
1197	1	eigen	fedora-clang-libcxx	5360807	7831991722	1616826	3327665	241837437	934027075	NA	0
1198	1	eigen	fedora-clang-libcxx	5360813	7837352535	1616917	3327665	242009125	934665947	NA	0
1199	1	eigen	fedora-clang-libcxx	5360778	7842713313	1617075	3327665	242180877	935304807	NA	0
1200	1	eigen	fedora-clang-libcxx	5360783	7848074096	1617157	3327665	242352526	935943668	NA	0
1201	1	eigen	fedora-clang-libcxx	5360782	7853434878	1617318	3327665	242524281	936582646	NA	0
1202	1	eigen	fedora-clang-libcxx	5360787	7858795665	1617400	3327665	242695939	937221625	NA	0
1203	1	eigen	fedora-clang-libcxx	5360675	7864156340	1617536	3327665	242867686	937860384	NA	0
1204	1	eigen	fedora-clang-libcxx	5360668	7869517008	1617644	3327665	243039308	938499140	NA	0
1205	1	eigen	fedora-clang-libcxx	5360651	7874877659	1617798	3327665	243210994	939137901	NA	0
1206	1	eigen	fedora-clang-libcxx	5360651	7880238310	1617889	3327665	243382607	939776660	NA	0
1207	1	eigen	fedora-clang-libcxx	5360657	7885598967	1618030	3327665	243554313	940415413	NA	0
1208	1	eigen	fedora-clang-libcxx	5360644	7890959611	1618123	3327665	243725908	941054162	NA	0
1209	1	eigen	fedora-clang-libcxx	5360663	7896320274	1618267	3327665	243897627	941692917	NA	0
1210	1	eigen	fedora-clang-libcxx	5360675	7901680949	1618356	3327665	244069252	942331676	NA	0
1211	1	eigen	fedora-clang-libcxx	5360681	7907041630	1618500	3327665	244240960	942970435	NA	0
1212	1	eigen	fedora-clang-libcxx	5360671	7912402301	1618593	3327665	244412556	943609193	NA	0
1213	1	eigen	fedora-clang-libcxx	5360720	7917763021	1618728	3327665	244584304	944247963	NA	0
1214	1	eigen	fedora-clang-libcxx	5360720	7923123741	1618822	3327665	244755915	944886733	NA	0
1215	1	eigen	fedora-clang-libcxx	5360807	7928484548	1618958	3327665	244927724	945525521	NA	0
1216	1	eigen	fedora-clang-libcxx	5360807	7933845355	1619059	3327665	245099334	946164311	NA	0
1217	1	eigen	fedora-clang-libcxx	5360644	7939205999	1619207	3327665	245271028	946803048	NA	0
1218	1	eigen	fedora-clang-libcxx	5360650	7944566649	1619313	3327665	245442652	947441783	NA	0
1219	1	eigen	fedora-clang-libcxx	5360660	7949927309	1619451	3327665	245614364	948080520	NA	0
1220	1	eigen	fedora-clang-libcxx	5360639	7955287948	1619547	3327665	245785958	948719254	NA	0
1221	1	eigen	fedora-clang-libcxx	5360665	7960648613	1619690	3327665	245957683	949358047	NA	0
1222	1	eigen	fedora-clang-libcxx	5360655	7966009268	1619785	3327665	246129303	949996833	NA	0
1223	1	eigen	fedora-clang-libcxx	5360678	7971369946	1619926	3327665	246300994	950635627	NA	0
1224	1	eigen	fedora-clang-libcxx	5360658	7976730604	1620012	3327665	246472613	951274416	NA	0
1225	1	eigen	fedora-clang-libcxx	7327390	7984057994	1712804	3327665	246724638	952198427	NA	0
1226	1	eigen	fedora-clang-libcxx	7327383	7991385377	1712912	3327665	246966837	953122437	NA	0
1227	1	eigen	fedora-clang-libcxx	7327351	7998712728	1713099	3420090	247209102	954046440	NA	1
1228	1	eigen	fedora-clang-libcxx	7327351	8006040079	1713197	3420090	247451261	954970438	NA	0
1229	1	eigen	fedora-clang-libcxx	7327361	8013367440	1713350	3420090	247693561	955894445	NA	0
1230	1	eigen	fedora-clang-libcxx	7327348	8020694788	1713435	3420090	247935720	956818444	NA	0
1231	1	eigen	fedora-clang-libcxx	7327344	8028022132	1713589	3420090	248177958	957742442	NA	0
1232	1	eigen	fedora-clang-libcxx	7327356	8035349488	1795194	3420090	248420116	958666445	NA	0
1233	1	eigen	fedora-clang-libcxx	7327404	8042676892	1795347	3420090	248662398	959590465	NA	0
1234	1	eigen	fedora-clang-libcxx	7327394	8050004286	1795438	3420090	248904559	960514484	NA	0
1235	1	eigen	fedora-clang-libcxx	7327418	8057331704	1795609	3420090	249146919	961438467	NA	0
1236	1	eigen	fedora-clang-libcxx	7327418	8064659122	1795719	3420090	249389133	962362455	NA	0
1237	1	eigen	fedora-clang-libcxx	5435617	8070094739	1795919	3420090	249563529	963013204	NA	0
1238	1	eigen	fedora-clang-libcxx	5435613	8075530352	1796007	3420090	249737807	963663957	NA	0
1239	1	eigen	fedora-clang-libcxx	5435605	8080965957	1796174	3420090	249912162	964314751	NA	0
1240	1	eigen	fedora-clang-libcxx	5435601	8086401558	1796256	3420090	250086439	964965547	NA	0
1241	1	eigen	fedora-clang-libcxx	5431962	8091833520	1796466	3420090	250261314	965617075	NA	0
1242	1	eigen	fedora-clang-libcxx	5431958	8097265478	1796548	3420090	250436070	966268604	NA	0
1243	1	eigen	fedora-clang-libcxx	5431967	8102697445	1796707	3420090	250610897	966920121	NA	0
1244	1	eigen	fedora-clang-libcxx	5431963	8108129408	1796789	3420090	250785656	967571639	NA	0
1245	1	eigen	fedora-clang-libcxx	5894623	8114024031	1797054	3420090	250973562	968274749	NA	0
1246	1	eigen	fedora-clang-libcxx	5894619	8119918650	1797136	3420090	251161333	968977862	NA	0
1247	1	eigen	fedora-clang-libcxx	5894649	8125813299	1797307	3420090	251349155	969680972	NA	0
1248	1	eigen	fedora-clang-libcxx	5894645	8131707944	1797392	3420090	251536904	970384087	NA	0
1249	1	eigen	fedora-clang-libcxx	5894653	8137602597	1797537	3420090	251724739	971087201	NA	0
1250	1	eigen	fedora-clang-libcxx	5894649	8143497246	1797625	3420090	251912487	971790319	NA	0
1251	1	eigen	fedora-clang-libcxx	6003323	8149500569	1798481	3420090	252104725	972511836	NA	0
1252	1	eigen	fedora-clang-libcxx	6003319	8155503888	1798559	3420090	252296496	973233353	NA	0
1253	1	eigen	fedora-clang-libcxx	6003311	8161507199	1798720	3420090	252488342	973954824	NA	0
1254	1	eigen	fedora-clang-libcxx	6003307	8167510506	1798802	3420090	252680111	974676295	NA	0
1255	1	eigen	fedora-clang-libcxx	7087952	8174598458	1802456	3420090	252914262	975563073	NA	0
1256	1	eigen	fedora-clang-libcxx	7087948	8181686406	1802538	3420090	253145087	976449847	NA	0
1257	1	eigen	fedora-clang-libcxx	7087955	8188774361	1802713	3420090	253375893	977336655	NA	0
1258	1	eigen	fedora-clang-libcxx	7087985	8195862346	1802796	3420090	253606737	978223467	NA	0
1259	1	eigen	fedora-clang-libcxx	5360641	8201222987	1802946	3420090	253778436	978862225	NA	0
1260	1	eigen	fedora-clang-libcxx	5360647	8206583634	1803039	3420090	253950065	979500984	NA	0
1261	1	eigen	fedora-clang-libcxx	5360694	8211944328	1803204	3420090	254121733	980139750	NA	0
1262	1	eigen	fedora-clang-libcxx	5360706	8217305034	1803289	3420090	254293366	980778518	NA	0
1263	1	eigen	fedora-clang-libcxx	5640780	8222945814	1865685	3420090	254518818	981446810	NA	0
1264	1	eigen	fedora-clang-libcxx	5640806	8228586620	1865774	3420090	254696725	982115105	NA	0
1265	1	eigen	fedora-clang-libcxx	5640775	8234227395	1865984	3420090	254874730	982783467	NA	0
1266	1	eigen	fedora-clang-libcxx	5640801	8239868196	1866073	3420090	255052637	983451833	NA	0
1267	1	eigen	fedora-clang-libcxx	5640790	8245508986	1866252	3420090	255230668	984120204	NA	0
1268	1	eigen	fedora-clang-libcxx	5640790	8251149776	1866351	3420090	255408566	984788574	NA	0
1269	1	eigen	fedora-clang-libcxx	6394752	8257544528	1872953	3420090	255635504	985544140	NA	0
1270	1	eigen	fedora-clang-libcxx	6232510	8263777038	1873332	3420090	255828365	986278145	NA	0
1271	1	eigen	fedora-clang-libcxx	6264626	8270041664	1874592	3420090	256028672	987016405	NA	0
1272	1	eigen	fedora-clang-libcxx	6264627	8276306291	1874951	3420090	256219328	987754664	NA	0
1273	1	eigen	fedora-clang-libcxx	6264641	8282570932	1875212	3420090	256409999	988492922	NA	0
1274	1	eigen	fedora-clang-libcxx	6264642	8288835574	1875277	3420090	256600672	989231181	NA	0
1275	1	eigen	fedora-clang-libcxx	6264643	8295100217	1875342	3420090	256791344	989969442	NA	0
1276	1	eigen	fedora-clang-libcxx	6264641	8301364858	1875409	3420090	256982015	990707705	NA	0
1277	1	eigen	fedora-clang-libcxx	6264642	8307629500	1875475	3420090	257172688	991445961	NA	0
1278	1	eigen	fedora-clang-libcxx	6270268	8313899768	1875966	3420090	257367846	992185578	NA	0
1279	1	eigen	fedora-clang-libcxx	6270268	8320170036	1876952	3420090	257558862	992925201	NA	0
1280	1	eigen	fedora-clang-libcxx	6270270	8326440306	1877666	3420090	257749881	993664825	NA	0
1281	1	eigen	fedora-clang-libcxx	6270269	8332710575	1877733	3420090	257940898	994404443	NA	0
1282	1	eigen	fedora-clang-libcxx	6270513	8338981088	1877799	3420090	258131910	995144076	NA	0
1283	1	eigen	fedora-clang-libcxx	6566171	8345547259	1878880	3420090	258340875	995928666	NA	0
1284	1	eigen	fedora-clang-libcxx	6566224	8352113483	1879530	3420090	258541919	996713264	NA	0
1285	1	eigen	fedora-clang-libcxx	6566171	8358679654	1879619	3420090	258742960	997497851	NA	0
1286	1	eigen	fedora-clang-libcxx	7654885	8366334539	1904151	3420090	258987711	998438930	NA	0
1287	1	eigen	fedora-clang-libcxx	7654992	8373989531	1904270	3420090	259224628	999380011	NA	0
1288	1	eigen	fedora-clang-libcxx	7654816	8381644347	1904354	3420090	259461553	1000321089	NA	0
1289	1	eigen	fedora-clang-libcxx	7654758	8389299105	1904434	3420090	259698457	1001262168	NA	0
1290	1	eigen	fedora-clang-libcxx	7654771	8396953876	1904504	3420090	259935381	1002203247	NA	0
1291	1	eigen	fedora-clang-libcxx	7654672	8404608548	1904573	3420090	260172279	1003144309	NA	0
1292	1	eigen	fedora-clang-libcxx	7654932	8412263480	1904640	3420090	260409237	1004085402	NA	0
1293	1	eigen	fedora-clang-libcxx	7654654	8419918134	1904703	3420090	260646127	1005026460	NA	0
1294	1	eigen	fedora-clang-libcxx	7654688	8427572822	1904769	3420090	260883032	1005967521	NA	0
1295	1	eigen	fedora-clang-libcxx	7648380	8435221202	1905226	3420090	261122254	1006907348	NA	0
1296	1	eigen	fedora-clang-libcxx	7648360	8442869562	1905831	3420090	261358845	1007847173	NA	0
1297	1	eigen	fedora-clang-libcxx	7648460	8450518022	1906259	3420090	261595462	1008787014	NA	0
1298	1	eigen	fedora-clang-libcxx	7648281	8458166303	1906337	3420090	261831961	1009726825	NA	0
1299	1	eigen	fedora-clang-libcxx	7648303	8465814606	1906407	3420090	262068569	1010666648	NA	0
1300	1	eigen	fedora-clang-libcxx	7648282	8473462888	1906471	3420090	262305155	1011606463	NA	0
1301	1	eigen	fedora-clang-libcxx	7648464	8481111352	1906547	3420090	262541773	1012546301	NA	0
1302	1	eigen	fedora-clang-libcxx	7653289	8488764641	1906995	3420090	262780925	1013486505	NA	0
1303	1	eigen	fedora-clang-libcxx	7653281	8496417922	1907543	3420090	263017698	1014426706	NA	0
1304	1	eigen	fedora-clang-libcxx	7653338	8504071260	1907894	3420090	263254473	1015366914	NA	0
1305	1	eigen	fedora-clang-libcxx	7653167	8511724427	1907997	3420090	263491244	1016307105	NA	0
1306	1	eigen	fedora-clang-libcxx	7653162	8519377589	1908095	3420090	263728020	1017247299	NA	0
1307	1	eigen	fedora-clang-libcxx	7653191	8527030780	1908187	3420090	263964787	1018187494	NA	0
1308	1	eigen	fedora-clang-libcxx	7653080	8534683860	1908274	3992310	264201565	1019127674	NA	1
1309	1	eigen	fedora-clang-libcxx	7653097	8542336957	1908359	3992310	264438337	1020067849	NA	0
1310	1	eigen	fedora-clang-libcxx	7653068	8549990025	1908438	3992310	264675113	1021008027	NA	0
1311	1	eigen	fedora-clang-libcxx	7653094	8557643119	1908525	3992310	264911888	1021948204	NA	0
1312	1	eigen	fedora-clang-libcxx	7653053	8565296172	1908612	3992310	265148662	1022888382	NA	0
1313	1	eigen	fedora-clang-libcxx	7653062	8572949234	1908699	3992310	265385443	1023828569	NA	0
1314	1	eigen	fedora-clang-libcxx	7644053	8580593287	1908904	3992310	265622161	1024767629	NA	0
1315	1	eigen	fedora-clang-libcxx	7644059	8588237346	1909033	3992310	265858598	1025706695	NA	0
1316	1	eigen	fedora-clang-libcxx	7644052	8595881398	1909132	3992310	266095033	1026645754	NA	0
1317	1	eigen	fedora-clang-libcxx	7644090	8603525488	1909196	3992310	266331493	1027584826	NA	0
1318	1	eigen	fedora-clang-libcxx	7644169	8611169657	1909263	3992310	266567940	1028523900	NA	0
1319	1	eigen	fedora-clang-libcxx	6511385	8617681042	1921409	3992310	266772586	1029300686	NA	0
1320	1	eigen	fedora-clang-libcxx	6439565	8624120607	1922682	3992310	266981384	1030058713	NA	0
1321	1	eigen	fedora-clang-libcxx	6563436	8630684043	1923809	3992310	267188858	1030842679	NA	0
1322	1	eigen	fedora-clang-libcxx	6563437	8637247480	1924332	3992310	267389631	1031626644	NA	0
1323	1	eigen	fedora-clang-libcxx	6563434	8643810914	1924693	3992310	267590401	1032410611	NA	0
1324	1	eigen	fedora-clang-libcxx	6563435	8650374349	1924761	3992310	267791174	1033194580	NA	0
1325	1	eigen	fedora-clang-libcxx	6563642	8656937991	1924833	3992310	267991983	1033978562	NA	0
1326	1	eigen	fedora-clang-libcxx	6253317	8663191308	1925909	3992310	268189911	1034715255	NA	0
1327	1	eigen	fedora-clang-libcxx	6253540	8669444848	1926196	3992310	268380480	1035451975	NA	0
1328	1	eigen	fedora-clang-libcxx	6253062	8675697910	1926381	3992310	268570945	1036188647	NA	0
1329	1	eigen	fedora-clang-libcxx	6253062	8681950972	1926445	3992310	268761410	1036925320	NA	0
1330	1	eigen	fedora-clang-libcxx	6253075	8688204047	1926510	3992310	268951882	1037661998	NA	0
1331	1	eigen	fedora-clang-libcxx	6253057	8694457104	1926575	3992310	269142342	1038398665	NA	0
1332	1	eigen	fedora-clang-libcxx	6253406	8700710510	1926646	3992310	269332900	1039135356	NA	0
1333	1	eigen	fedora-clang-libcxx	6253073	8706963583	1926715	3992310	269523375	1039872025	NA	0
1334	1	eigen	fedora-clang-libcxx	7863967	8714827550	1930142	3992310	269782319	1040849339	NA	0
1335	1	eigen	fedora-clang-libcxx	7863887	8722691437	1930573	3992310	270028685	1041826647	NA	0
1336	1	eigen	fedora-clang-libcxx	7864737	8730556174	1930877	3992310	270274954	1042804032	NA	0
1337	1	eigen	fedora-clang-libcxx	7864829	8738421003	1930944	3992310	270521286	1043781431	NA	0
1338	1	eigen	fedora-clang-libcxx	7864701	8746285704	1931015	3992310	270767573	1044758823	NA	0
1339	1	eigen	fedora-clang-libcxx	7863864	8754149568	1931091	3992310	271013924	1045736120	NA	0
1340	1	eigen	fedora-clang-libcxx	7600192	8761749760	1932356	3992310	271255920	1046665162	NA	0
1341	1	eigen	fedora-clang-libcxx	7600193	8769349953	1932933	3992310	271490363	1047594211	NA	0
1342	1	eigen	fedora-clang-libcxx	7600193	8776950146	1933334	3992310	271724808	1048523262	NA	0
1343	1	eigen	fedora-clang-libcxx	7600192	8784550338	1933399	3992310	271959254	1049452313	NA	0
1344	1	eigen	fedora-clang-libcxx	7600193	8792150531	2086501	3992310	272193698	1050381364	NA	0
1345	1	eigen	fedora-clang-libcxx	7600192	8799750723	2086568	3992310	272428139	1051310415	NA	0
1346	1	eigen	fedora-clang-libcxx	7600192	8807350915	2086632	3992310	272662583	1052239461	NA	0
1347	1	eigen	fedora-clang-libcxx	7600193	8814951108	2086695	3992310	272897031	1053168504	NA	0
1348	1	eigen	fedora-clang-libcxx	7600225	8822551333	2086760	3992310	273131509	1054097561	NA	0
1349	1	eigen	fedora-clang-libcxx	7600225	8830151558	2086824	3992310	273365988	1055026620	NA	0
1350	1	eigen	fedora-clang-libcxx	7600197	8837751755	2086895	3992310	273600438	1055955663	NA	0
1351	1	eigen	fedora-clang-libcxx	7600239	8845351994	2086964	3992310	273834933	1056884720	NA	0
1352	1	eigen	fedora-clang-libcxx	7594962	8852946956	2087254	3992310	274069903	1057812740	NA	0
1353	1	eigen	fedora-clang-libcxx	7594962	8860541918	2087509	3992310	274304195	1058740769	NA	0
1354	1	eigen	fedora-clang-libcxx	7594962	8868136880	2087681	3992310	274538489	1059668808	NA	0
1355	1	eigen	fedora-clang-libcxx	7594962	8875731842	2087745	3992310	274772780	1060596846	NA	0
1356	1	eigen	fedora-clang-libcxx	7594962	8883326804	2087809	3992310	275007071	1061524881	NA	0
1357	1	eigen	fedora-clang-libcxx	7594962	8890921766	2087870	3992310	275241362	1062452907	NA	0
1358	1	eigen	fedora-clang-libcxx	7594966	8898516732	2087951	3992310	275475649	1063380926	NA	0
1359	1	eigen	fedora-clang-libcxx	7595030	8906111762	2088026	3992310	275709966	1064308961	NA	0
1360	1	eigen	fedora-clang-libcxx	6260852	8912372614	2089359	3992310	275912931	1065048841	NA	0
1361	1	eigen	fedora-clang-libcxx	7134547	8919507161	2094328	3992310	276141831	1065905962	NA	0
1362	1	eigen	fedora-clang-libcxx	7879948	8927387109	2095117	3992310	276394594	1066884627	NA	0
1363	1	eigen	fedora-clang-libcxx	6961331	8934348440	2098253	3992310	276607307	1067709637	NA	0
1364	1	eigen	fedora-clang-libcxx	7887658	8942236098	2113620	3992310	276883893	1068683494	NA	0
1365	1	eigen	fedora-clang-libcxx	7887119	8950123217	2113826	3992310	277129383	1069657333	NA	0
1366	1	eigen	fedora-clang-libcxx	7886358	8958009575	2113964	3992310	277374943	1070631101	NA	0
1367	1	eigen	fedora-clang-libcxx	7886534	8965896109	2114033	3992310	277620457	1071604884	NA	0
1368	1	eigen	fedora-clang-libcxx	7887329	8973783438	2114109	3992310	277865994	1072578735	NA	0
1369	1	eigen	fedora-clang-libcxx	7888282	8981671720	2114182	3992310	278111769	1073552680	NA	0
1370	1	eigen	fedora-clang-libcxx	7889096	8989560816	2114272	3992310	278357709	1074526726	NA	0
1371	1	eigen	fedora-clang-libcxx	7886321	8997447137	2114355	3992310	278603221	1075500468	NA	0
1372	1	eigen	fedora-clang-libcxx	7886048	9005333185	2114433	3992310	278848737	1076474197	NA	0
1373	1	eigen	fedora-clang-libcxx	7886178	9013219363	2114502	3992310	279094271	1077447941	NA	0
1374	1	eigen	fedora-clang-libcxx	7886392	9021105755	2114590	3992310	279339833	1078421694	NA	0
1375	1	eigen	fedora-clang-libcxx	7886062	9028991817	2114658	3992310	279585363	1079395426	NA	0
1376	1	eigen	fedora-clang-libcxx	7890133	9036881950	2114736	3992310	279831552	1080369566	NA	0
1377	1	eigen	fedora-clang-libcxx	7888223	9044770173	2114829	3992310	280077288	1081343528	NA	0
1378	1	eigen	fedora-clang-libcxx	6376517	9051146690	2122993	3992310	280278971	1082101376	NA	0
1379	1	eigen	fedora-clang-libcxx	6376517	9057523207	2123683	3992310	280473003	1082859223	NA	0
1380	1	eigen	fedora-clang-libcxx	6388100	9063911307	2124331	3992310	280675496	1083618337	NA	0
1381	1	eigen	fedora-clang-libcxx	6388100	9070299407	2124696	4187511	280870047	1084377454	NA	1
1382	1	eigen	fedora-clang-libcxx	6388093	9076687500	2124955	4187511	281064585	1085136564	NA	0
1383	1	eigen	fedora-clang-libcxx	6388011	9083075511	2125017	4187511	281259032	1085895654	NA	0
1384	1	eigen	fedora-clang-libcxx	6388011	9089463522	2125070	4187511	281453479	1086654744	NA	0
1385	1	eigen	fedora-clang-libcxx	6379978	9095843500	2126209	4187511	281649545	1087411331	NA	0
1386	1	eigen	fedora-clang-libcxx	6379979	9102223479	2126566	4187511	281843689	1088167911	NA	0
1387	1	eigen	fedora-clang-libcxx	6379984	9108603463	2126819	4187511	282037931	1088924501	NA	0
1388	1	eigen	fedora-clang-libcxx	6379988	9114983451	2126888	4187511	282232172	1089681084	NA	0
1389	1	eigen	fedora-clang-libcxx	7319837	9122303288	2156774	4187511	282598973	1090562410	NA	0
1390	1	eigen	fedora-clang-libcxx	7334893	9129638181	2157143	4187511	282828011	1091445190	NA	0
1391	1	eigen	fedora-clang-libcxx	7485260	9137123441	2158819	4187511	283062881	1092343023	NA	0
1392	1	eigen	fedora-clang-libcxx	7359107	9144482548	2159911	4187511	283296601	1093229113	NA	0
1393	1	eigen	fedora-clang-libcxx	7366113	9151848661	2160065	4187511	283523652	1094115446	NA	0
1394	1	eigen	fedora-clang-libcxx	7371747	9159220408	2160151	4187511	283750678	1095001927	NA	0
1395	1	eigen	fedora-clang-libcxx	7367217	9166587625	2160225	4187511	283977529	1095888250	NA	0
1396	1	eigen	fedora-clang-libcxx	7357275	9173944900	2160295	4187511	284203698	1096774317	NA	0
1397	1	eigen	fedora-clang-libcxx	7354067	9181298967	2160371	4187511	284429580	1097660333	NA	0
1398	1	eigen	fedora-clang-libcxx	7362207	9188661174	2160451	4187511	284656065	1098546515	NA	0
1399	1	eigen	fedora-clang-libcxx	7357257	9196018431	2160522	4187511	284882124	1099432547	NA	0
1400	1	eigen	fedora-clang-libcxx	7328079	9203346510	2161096	4187511	285110698	1100315076	NA	0
1401	1	eigen	fedora-clang-libcxx	7326265	9210672775	2161587	4187511	285338298	1101196912	NA	0
1402	1	eigen	fedora-clang-libcxx	7318615	9217991390	2162289	4187511	285563513	1102078196	NA	0
1403	1	eigen	fedora-clang-libcxx	7333037	9225324427	2162658	4187511	285791482	1102960311	NA	0
1404	1	eigen	fedora-clang-libcxx	7315772	9232640199	2162981	4187511	286017477	1103841411	NA	0
1405	1	eigen	fedora-clang-libcxx	7321435	9239961634	2163356	4187511	286244298	1104723018	NA	0
1406	1	eigen	fedora-clang-libcxx	7308910	9247270544	2163568	4187511	286468603	1105603354	NA	0
1407	1	eigen	fedora-clang-libcxx	7347848	9254618392	2164169	4187511	286699537	1106487804	NA	0
1408	1	eigen	fedora-clang-libcxx	7347854	9261966246	2165730	4187511	286924311	1107372254	NA	0
1409	1	eigen	fedora-clang-libcxx	7347898	9269314144	2166642	4187511	287149107	1108256701	NA	0
1410	1	eigen	fedora-clang-libcxx	7347882	9276662026	2166710	4187511	287373882	1109141156	NA	0
1411	1	eigen	fedora-clang-libcxx	7347882	9284009908	2166776	4187511	287598666	1110025604	NA	0
1412	1	eigen	fedora-clang-libcxx	7348068	9291357976	2166852	4187511	287823432	1110910066	NA	0
1413	1	eigen	fedora-clang-libcxx	7347898	9298705874	2166921	4187511	288048239	1111794518	NA	0
1414	1	eigen	fedora-clang-libcxx	7347922	9306053796	2166993	4187511	288273053	1112678967	NA	0
1415	1	eigen	fedora-clang-libcxx	7309023	9313362819	2167210	4187511	288497596	1113559420	NA	0
1416	1	eigen	fedora-clang-libcxx	7316867	9320679686	2167497	4187511	288723845	1114440686	NA	0
1417	1	eigen	fedora-clang-libcxx	8627357	9329307043	2167795	4187511	288990958	1115512346	NA	0
1418	1	eigen	fedora-clang-libcxx	7316353	9336623396	2168141	4187511	289218300	1116394090	NA	0
1419	1	eigen	fedora-clang-libcxx	7313458	9343936854	2168358	4187511	289443736	1117274841	NA	0
1420	1	eigen	fedora-clang-libcxx	7307559	9351244413	2168534	4187511	289667825	1118154976	NA	0
1421	1	eigen	fedora-clang-libcxx	7501181	9358745594	2192377	4187511	289925634	1119066604	NA	0
1422	1	eigen	fedora-clang-libcxx	7516705	9366262299	2192554	4187511	290157813	1119978597	NA	0
1423	1	eigen	fedora-clang-libcxx	7533121	9373795420	2192665	4187511	290389914	1120890992	NA	0
1424	1	eigen	fedora-clang-libcxx	7516897	9381312317	2192735	4187511	290622107	1121802981	NA	0
1425	1	eigen	fedora-clang-libcxx	7517185	9388829502	2192800	4187511	290854302	1122714967	NA	0
1426	1	eigen	fedora-clang-libcxx	7517185	9396346687	2192859	4187511	291086496	1123626962	NA	0
1427	1	eigen	fedora-clang-libcxx	7517089	9403863776	2192924	4187511	291318690	1124538956	NA	0
1428	1	eigen	fedora-clang-libcxx	7517089	9411380865	2192983	4187511	291550884	1125450950	NA	0
1429	1	eigen	fedora-clang-libcxx	7521697	9418902562	2193073	4187511	291783035	1126363046	NA	0
1430	1	eigen	fedora-clang-libcxx	7561617	9426464179	2193152	4187511	292014002	1127276268	NA	0
1431	1	eigen	fedora-clang-libcxx	7522337	9433986516	2193232	4187511	292246142	1128188363	NA	0
1432	1	eigen	fedora-clang-libcxx	7524257	9441510773	2193301	4187511	292478263	1129100462	NA	0
1433	1	eigen	fedora-clang-libcxx	7522337	9449033110	2193367	4187511	292710404	1130012553	NA	0
1434	1	eigen	fedora-clang-libcxx	7528097	9456561207	2193441	4187511	292942492	1130924735	NA	0
1435	1	eigen	fedora-clang-libcxx	7508881	9464070088	2193516	4187511	293174372	1131836533	NA	0
1436	1	eigen	fedora-clang-libcxx	7508929	9471579017	2193585	4187511	293406261	1132748327	NA	0
1437	1	eigen	fedora-clang-libcxx	7338885	9478917902	2196670	4187511	293637646	1133631081	NA	0
1438	1	eigen	fedora-clang-libcxx	7329737	9486247639	2197098	4187511	293866855	1134513755	NA	0
1439	1	eigen	fedora-clang-libcxx	7324045	9493571684	2197657	4187511	294094278	1135395885	NA	0
1440	1	eigen	fedora-clang-libcxx	7315718	9500887402	2198444	4187511	294319776	1136277524	NA	0
1441	1	eigen	fedora-clang-libcxx	7309647	9508197049	2198677	4187511	294544719	1137158148	NA	0
1442	1	eigen	fedora-clang-libcxx	7318174	9515515223	2198965	4187511	294770830	1138039239	NA	0
1443	1	eigen	fedora-clang-libcxx	7398582	9522913805	2199641	4187511	295004070	1138925695	NA	0
1444	1	eigen	fedora-clang-libcxx	7398588	9530312393	2202466	4187511	295229455	1139812156	NA	0
1445	1	eigen	fedora-clang-libcxx	7398589	9537710982	2203938	4187511	295454837	1140698620	NA	0
1446	1	eigen	fedora-clang-libcxx	7398600	9545109582	2204006	4187511	295680232	1141585088	NA	0
1447	1	eigen	fedora-clang-libcxx	7398588	9552508170	2204072	4187511	295905617	1142471548	NA	0
1448	1	eigen	fedora-clang-libcxx	7398586	9559906756	2204136	4187511	296130999	1143358005	NA	0
1449	1	eigen	fedora-clang-libcxx	7398618	9567305374	2204201	4187511	296356402	1144244464	NA	0
1450	1	eigen	fedora-clang-libcxx	7398591	9574703965	2204266	4187511	296581785	1145130931	NA	0
1451	1	eigen	fedora-clang-libcxx	7398584	9582102549	2204333	4187511	296807172	1146017393	NA	0
1452	1	eigen	fedora-clang-libcxx	7398591	9589501140	2204398	4187511	297032559	1146903854	NA	0
1453	1	eigen	fedora-clang-libcxx	7398585	9596899725	2204468	4187511	297257940	1147790317	NA	0
1454	1	eigen	fedora-clang-libcxx	7398597	9604298322	2204535	4361803	297483333	1148676777	NA	1
1455	1	eigen	fedora-clang-libcxx	7334880	9611633202	2205068	4361803	297712501	1149559604	NA	0
1456	1	eigen	fedora-clang-libcxx	7476088	9619109290	2248932	4361803	297945460	1150467982	NA	0
1457	1	eigen	fedora-clang-libcxx	7312124	9626421414	2249175	4361803	298170993	1151348811	NA	0
1458	1	eigen	fedora-clang-libcxx	7312126	9633733540	2249611	4361803	298395025	1152229643	NA	0
1459	1	eigen	fedora-clang-libcxx	7312124	9641045664	2249889	4361803	298619052	1153110477	NA	0
1460	1	eigen	fedora-clang-libcxx	7312126	9648357790	2249957	4361803	298843084	1153991309	NA	0
1461	1	eigen	fedora-clang-libcxx	7312124	9655669914	2250022	4361803	299067110	1154872150	NA	0
1462	1	eigen	fedora-clang-libcxx	7312124	9662982038	2250085	4361803	299291133	1155752990	NA	0
1463	1	eigen	fedora-clang-libcxx	7312120	9670294158	2250150	4361803	299515150	1156633828	NA	0
1464	1	eigen	fedora-clang-libcxx	7316514	9677610672	2250415	4361803	299741515	1157514926	NA	0
1465	1	eigen	fedora-clang-libcxx	7309699	9684920371	2250622	4361803	299965822	1158395305	NA	0
1466	1	eigen	fedora-clang-libcxx	7307620	9692227991	2250831	4361803	300189920	1159275499	NA	0
1467	1	eigen	fedora-clang-libcxx	7326580	9699554571	2251365	4361803	300417570	1160157430	NA	0
1468	1	eigen	fedora-clang-libcxx	7307835	9706862406	2251573	4361803	300641685	1161037590	NA	0
1469	1	eigen	fedora-clang-libcxx	7309858	9714172264	2251808	4361803	300866043	1161918106	NA	0
1470	1	eigen	fedora-clang-libcxx	7338549	9721510813	2252511	4361803	301098281	1162802892	NA	0
1471	1	eigen	fedora-clang-libcxx	7338533	9728849346	2252618	4361803	301323225	1163687661	NA	0
1472	1	eigen	fedora-clang-libcxx	7338557	9736187903	2252691	4361803	301548171	1164572432	NA	0
1473	1	eigen	fedora-clang-libcxx	7338549	9743526452	2252754	4361803	301773117	1165457207	NA	0
1474	1	eigen	fedora-clang-libcxx	7338589	9750865041	2252816	4361803	301998057	1166341978	NA	0
1475	1	eigen	fedora-clang-libcxx	7338541	9758203582	2252878	4361803	302222997	1167226746	NA	0
1476	1	eigen	fedora-clang-libcxx	7338525	9765542107	2252940	4361803	302447937	1168111513	NA	0
1477	1	eigen	fedora-clang-libcxx	7338472	9772880579	2253006	4361803	302672882	1168996282	NA	0
1478	1	eigen	fedora-clang-libcxx	7309070	9780189649	2253222	4361803	302897436	1169876624	NA	0
1479	1	eigen	fedora-clang-libcxx	7469320	9787658969	2254883	4361803	303129186	1170783294	NA	0
1480	1	eigen	fedora-clang-libcxx	7311454	9794970423	2255138	4361803	303354374	1171664181	NA	0
1481	1	eigen	fedora-clang-libcxx	7310660	9802281083	2255382	4361803	303578993	1172544703	NA	0
1482	1	eigen	fedora-clang-libcxx	7312870	9809593953	2255699	4361803	303804521	1173425720	NA	0
1483	1	eigen	fedora-clang-libcxx	7311892	9816905845	2255971	4361803	304029815	1174306642	NA	0
1484	1	eigen	fedora-clang-libcxx	7319790	9824225635	2256262	4361803	304256029	1175187868	NA	0
1485	1	eigen	fedora-clang-libcxx	7311988	9831537623	2256519	4361803	304481633	1176068670	NA	0
1486	1	eigen	fedora-clang-libcxx	7383801	9838921424	2307167	4361803	304713880	1176963210	NA	0
1487	1	eigen	fedora-clang-libcxx	7319713	9846241137	2307550	4361803	304941070	1177844971	NA	0
1488	1	eigen	fedora-clang-libcxx	7350354	9853591491	2308261	4361803	305174322	1178730793	NA	0
1489	1	eigen	fedora-clang-libcxx	7322221	9860913712	2308739	4361803	305401910	1179612809	NA	0
1490	1	eigen	fedora-clang-libcxx	7315945	9868229657	2309211	4361803	305627684	1180494060	NA	0
1491	1	eigen	fedora-clang-libcxx	7308703	9875538360	2309411	4361803	305851948	1181374341	NA	0
1492	1	eigen	fedora-clang-libcxx	7311652	9882850012	2309676	4361803	306076948	1182254934	NA	0
1493	1	eigen	fedora-clang-libcxx	7325919	9890175931	2310109	4361803	306304915	1183137249	NA	0
1494	1	eigen	fedora-clang-libcxx	7343585	9897519516	2310554	4361803	306533355	1184020373	NA	0
1495	1	eigen	fedora-clang-libcxx	7308973	9904828489	2310742	4361803	306757803	1184900675	NA	0
1496	1	eigen	fedora-clang-libcxx	7311917	9912140406	2311054	4361803	306982664	1185781347	NA	0
1497	1	eigen	fedora-clang-libcxx	7309801	9919450207	2311288	4361803	307207383	1186661825	NA	0
1498	1	eigen	fedora-clang-libcxx	6372269	9925822476	2313289	4361803	307405286	1187412286	NA	0
1499	1	eigen	fedora-clang-libcxx	7498851	9933321327	2314104	4361803	307642038	1188323078	NA	0
1500	1	eigen	fedora-clang-libcxx	7498968	9940820295	2315581	4361803	307873205	1189233877	NA	0
1501	1	eigen	fedora-clang-libcxx	7498744	9948319039	2316426	4361803	308104325	1190144660	NA	0
1502	1	eigen	fedora-clang-libcxx	7498760	9955817799	2316498	4361803	308335445	1191055443	NA	0
1503	1	eigen	fedora-clang-libcxx	7499050	9963316849	2316570	4361803	308566608	1191966242	NA	0
1504	1	eigen	fedora-clang-libcxx	7498834	9970815683	2316646	4361803	308797765	1192877026	NA	0
1505	1	eigen	fedora-clang-libcxx	7499036	9978314719	2316718	4361803	309028926	1193787825	NA	0
1506	1	eigen	fedora-clang-libcxx	7499060	9985813779	2316789	4361803	309260091	1194698622	NA	0
1507	1	eigen	fedora-clang-libcxx	7498774	9993312553	2316861	4361803	309491213	1195609409	NA	0
1508	1	eigen	fedora-clang-libcxx	7498756	10000811309	2316932	4361803	309722329	1196520195	NA	0
1509	1	eigen	fedora-clang-libcxx	7498772	10008310081	2317002	4361803	309953464	1197430982	NA	0
1510	1	eigen	fedora-clang-libcxx	7498728	10015808809	2317070	4361803	310184589	1198341763	NA	0
1511	1	eigen	fedora-clang-libcxx	7498879	10023307688	2317151	4361803	310415764	1199252562	NA	0
1512	1	eigen	fedora-clang-libcxx	7316707	10030624395	2317551	4361803	310641907	1200133785	NA	0
1513	1	eigen	fedora-clang-libcxx	7316968	10037941363	2317783	4361803	310868237	1201015058	NA	0
1514	1	eigen	fedora-clang-libcxx	7623578	10045564941	2319548	4361803	311127236	1201935016	NA	0
1515	1	eigen	fedora-clang-libcxx	7313129	10052878070	2319797	4361803	311352972	1202816043	NA	0
1516	1	eigen	fedora-clang-libcxx	7313129	10060191199	2320251	4361803	311576982	1203697075	NA	0
1517	1	eigen	fedora-clang-libcxx	7313129	10067504328	2320519	4361803	311800992	1204578108	NA	0
1518	1	eigen	fedora-clang-libcxx	7313129	10074817457	2320578	4361803	312025001	1205459141	NA	0
1519	1	eigen	fedora-clang-libcxx	7313131	10082130588	2320645	4361803	312249016	1206340174	NA	0
1520	1	eigen	fedora-clang-libcxx	7313131	10089443719	2320713	4361803	312473031	1207221204	NA	0
1521	1	eigen	fedora-clang-libcxx	7313138	10096756857	2320777	4361803	312697046	1208102233	NA	0
1522	2	eigen	fedora-clang-libcxx	6227078	10102983935	2320827	4361803	312886488	1208834996	NA	0
1523	2	eigen	fedora-clang-libcxx	6227079	10109211014	2320878	4361803	313075930	1209567766	NA	0
1524	2	eigen	fedora-clang-libcxx	6227079	10115438093	2320930	4361803	313265372	1210300536	NA	0
1525	2	eigen	fedora-clang-libcxx	6227079	10121665172	2320982	4361803	313454814	1211033304	NA	0
1526	2	eigen	fedora-clang-libcxx	6236945	10127902117	2321034	4361803	313644460	1211767521	NA	0
1527	2	eigen	fedora-clang-libcxx	6236941	10134139058	2321086	4361803	313834107	1212501736	NA	0
1528	2	eigen	fedora-clang-libcxx	6236969	10140376027	2321138	4866904	314023754	1213235956	NA	1
1529	2	eigen	fedora-clang-libcxx	6236989	10146613016	2321190	4866904	314213401	1213970187	NA	0
1530	2	eigen	fedora-clang-libcxx	6237037	10152850053	2321242	4866904	314403049	1214704416	NA	0
1531	2	eigen	fedora-clang-libcxx	6237223	10159087276	2321294	4866904	314592695	1215438666	NA	0
1532	2	eigen	fedora-clang-libcxx	6237330	10165324606	2321346	4866904	314782344	1216172905	NA	0
1533	2	eigen	fedora-clang-libcxx	6237238	10171561844	2321398	4866904	314972001	1216907133	NA	0
1534	2	eigen	fedora-clang-libcxx	6237165	10177799009	2321450	4866904	315161652	1217641359	NA	0
1535	2	eigen	fedora-clang-libcxx	6237171	10184036180	2321502	4866904	315351300	1218375587	NA	0
1536	2	eigen	fedora-clang-libcxx	6237132	10190273312	2321554	4866904	315540946	1219109838	NA	0
1537	2	eigen	fedora-clang-libcxx	6236942	10196510254	2321606	4866904	315730591	1219844035	NA	0
1538	2	eigen	fedora-clang-libcxx	6236867	10202747121	2321658	4866904	315920236	1220578229	NA	0
1539	2	eigen	fedora-clang-libcxx	6237369	10208984490	2321710	4866904	316109879	1221312502	NA	0
1540	2	eigen	fedora-clang-libcxx	6237203	10215221693	2321762	4866904	316299524	1222046726	NA	0
1541	2	eigen	fedora-clang-libcxx	6237334	10221459027	2321814	4866904	316489206	1222780796	NA	0
1542	2	eigen	fedora-clang-libcxx	6237329	10227696356	2321866	4866904	316678893	1223514870	NA	0
1543	2	eigen	fedora-clang-libcxx	6237329	10233933685	2321918	4866904	316868580	1224248944	NA	0
1544	2	eigen	fedora-clang-libcxx	6237324	10240171009	2321970	4866904	317058265	1224983020	NA	0
1545	2	eigen	fedora-clang-libcxx	6237324	10246408333	2322022	4866904	317247951	1225717095	NA	0
1546	2	eigen	fedora-clang-libcxx	6237324	10252645657	2322074	4866904	317437636	1226451173	NA	0
1547	2	eigen	fedora-clang-libcxx	6237314	10258882971	2322126	4866904	317627318	1227185250	NA	0
1548	2	eigen	fedora-clang-libcxx	6237310	10265120281	2322178	4866904	317817004	1227919321	NA	0
1549	2	eigen	fedora-clang-libcxx	6237310	10271357591	2322230	4866904	318006690	1228653392	NA	0
1550	2	eigen	fedora-clang-libcxx	6237303	10277594894	2322282	4866904	318196373	1229387460	NA	0
1551	2	eigen	fedora-clang-libcxx	6237318	10283832212	2322334	4866904	318386053	1230121525	NA	0
1552	2	eigen	fedora-clang-libcxx	6237319	10290069531	2322386	4866904	318575735	1230855591	NA	0
1553	2	eigen	fedora-clang-libcxx	6237444	10296306975	2322438	4866904	318765418	1231589676	NA	0
1554	2	eigen	fedora-clang-libcxx	6256459	10302563434	2322490	4866904	318955258	1232324914	NA	0
1555	2	eigen	fedora-clang-libcxx	6225877	10308789311	2322542	4866904	319144629	1233057473	NA	0
1556	2	eigen	fedora-clang-libcxx	6225956	10315015267	2322594	4866904	319334002	1233789987	NA	0
1557	2	eigen	fedora-clang-libcxx	6225895	10321241162	2322646	4866904	319523372	1234522473	NA	0
1558	2	eigen	fedora-clang-libcxx	6237301	10327478463	2322698	4866904	319713029	1235256320	NA	0
1559	2	eigen	fedora-clang-libcxx	6232218	10333710681	2322750	4866904	319902621	1235989681	NA	0
1560	2	eigen	fedora-clang-libcxx	6256652	10339967333	2322802	4866904	320092784	1236725922	NA	0
1561	2	eigen	fedora-clang-libcxx	6228642	10346195975	2322854	4866904	320282175	1237458493	NA	0
1562	2	eigen	fedora-clang-libcxx	6233064	10352429039	2322906	4866904	320471714	1238191751	NA	0
1563	2	eigen	fedora-clang-libcxx	7554347	10359983386	2322958	4866904	320705259	1239117101	NA	0
1564	2	eigen	fedora-clang-libcxx	7554336	10367537722	2323010	4866904	320938804	1240042451	NA	0
1565	2	eigen	fedora-clang-libcxx	7554349	10375092071	2323062	4866904	321172349	1240967807	NA	0
1566	2	eigen	fedora-clang-libcxx	7554344	10382646415	2323114	4866904	321405894	1241893152	NA	0
1567	2	eigen	fedora-clang-libcxx	7554370	10390200785	2323166	4866904	321639439	1242818505	NA	0
1568	2	eigen	fedora-clang-libcxx	7554370	10397755155	2323218	4866904	321872984	1243743856	NA	0
1569	2	eigen	fedora-clang-libcxx	7554332	10405309487	2323270	4866904	322106529	1244669196	NA	0
1570	2	eigen	fedora-clang-libcxx	7554355	10412863842	2323322	4866904	322340074	1245594555	NA	0
1571	2	eigen	fedora-clang-libcxx	7554334	10420418176	2323374	4866904	322573618	1246519906	NA	0
1572	2	eigen	fedora-clang-libcxx	7554370	10427972546	2323426	4866904	322807163	1247445270	NA	0
1573	2	eigen	fedora-clang-libcxx	6225735	10434198281	2323478	4866904	322996544	1248177768	NA	0
1574	2	eigen	fedora-clang-libcxx	6226516	10440424797	2323530	4866904	323185910	1248910100	NA	0
1575	2	eigen	fedora-clang-libcxx	6249931	10446674728	2323582	4866904	323375899	1249646037	NA	0
1576	2	eigen	fedora-clang-libcxx	6249992	10452924720	2323634	4866904	323565888	1250381994	NA	0
1577	2	eigen	fedora-clang-libcxx	6250104	10459174824	2323686	4866904	323755878	1251117970	NA	0
1578	2	eigen	fedora-clang-libcxx	6249962	10465424786	2323738	4866904	323945868	1251853926	NA	0
1579	2	eigen	fedora-clang-libcxx	6249931	10471674717	2323790	4866904	324135860	1252589868	NA	0
1580	2	eigen	fedora-clang-libcxx	6250063	10477924780	2323842	4866904	324325852	1253325830	NA	0
1581	2	eigen	fedora-clang-libcxx	6249962	10484174742	2323894	4866904	324515842	1254061780	NA	0
1582	2	eigen	fedora-clang-libcxx	6250196	10490424938	2323946	4866904	324705837	1254797758	NA	0
1583	2	eigen	fedora-clang-libcxx	6250235	10496675173	2323998	4866904	324895823	1255533746	NA	0
1584	2	eigen	fedora-clang-libcxx	6249931	10502925104	2324050	4866904	325085812	1256269683	NA	0
1585	2	eigen	fedora-clang-libcxx	6250013	10509175117	2324102	4866904	325275801	1257005626	NA	0
1586	2	eigen	fedora-clang-libcxx	6249934	10515425051	2324154	4866904	325465790	1257741556	NA	0
1587	2	eigen	fedora-clang-libcxx	6266693	10521691744	2324206	4866904	325655660	1258477506	NA	0
1588	2	eigen	fedora-clang-libcxx	6019272	10527711016	2324258	4866904	325838497	1259186791	NA	0
1589	2	eigen	fedora-clang-libcxx	6019272	10533730288	2324310	4866904	326021335	1259896077	NA	0
1590	2	eigen	fedora-clang-libcxx	6019298	10539749586	2324362	4866904	326204171	1260605382	NA	0
1591	2	eigen	fedora-clang-libcxx	6019301	10545768887	2324414	4866904	326387006	1261314676	NA	0
1592	2	eigen	fedora-clang-libcxx	6019301	10551788188	2324466	4866904	326569841	1262023983	NA	0
1593	2	eigen	fedora-clang-libcxx	6266661	10558054849	2324518	4866904	326759663	1262759951	NA	0
1594	2	eigen	fedora-clang-libcxx	6266661	10564321510	2324570	4866904	326949486	1263495916	NA	0
1595	2	eigen	fedora-clang-libcxx	6266687	10570588197	2324622	4866904	327139305	1264231901	NA	0
1596	2	eigen	fedora-clang-libcxx	6266689	10576854886	2324674	4866904	327329125	1264967889	NA	0
1597	2	eigen	fedora-clang-libcxx	6266689	10583121575	2324726	4866904	327518945	1265703875	NA	0
1598	2	eigen	fedora-clang-libcxx	6227467	10589349042	2324778	4866904	327707904	1266437241	NA	0
1599	2	eigen	fedora-clang-libcxx	6227694	10595576736	2324830	4866904	327896865	1267170564	NA	0
1600	2	eigen	fedora-clang-libcxx	6387543	10601964279	2324882	4866904	328089636	1267921608	NA	0
1601	2	eigen	fedora-clang-libcxx	6387544	10608351823	2324934	4866904	328282410	1268672652	NA	0
1602	2	eigen	fedora-clang-libcxx	6387544	10614739367	2324986	4866904	328475184	1269423697	NA	0
1603	2	eigen	fedora-clang-libcxx	6387545	10621126912	2325038	4866904	328667958	1270174749	NA	0
1604	2	eigen	fedora-clang-libcxx	6387545	10627514457	2325090	4866904	328860734	1270925801	NA	0
1605	2	eigen	fedora-clang-libcxx	6387546	10633902003	2325142	4866904	329053509	1271676851	NA	0
1606	2	eigen	fedora-clang-libcxx	6387545	10640289548	2325194	4866904	329246285	1272427902	NA	0
1607	2	eigen	fedora-clang-libcxx	6387546	10646677094	2325246	4866904	329439060	1273178952	NA	0
1608	2	eigen	fedora-clang-libcxx	6387545	10653064639	2325298	4866904	329631832	1273930002	NA	0
1609	2	eigen	fedora-clang-libcxx	6387545	10659452184	2325350	4866904	329824602	1274681050	NA	0
1610	2	eigen	fedora-clang-libcxx	6387556	10665839740	2325402	4866904	330017372	1275432098	NA	0
1611	2	eigen	fedora-clang-libcxx	6387557	10672227297	2325454	5007134	330210142	1276183149	NA	1
1612	2	eigen	fedora-clang-libcxx	6387541	10678614838	2325506	5007134	330402914	1276934196	NA	0
1613	2	eigen	fedora-clang-libcxx	6387699	10685002537	2325558	5007134	330595684	1277685260	NA	0
1614	2	eigen	fedora-clang-libcxx	6387545	10691390082	2325610	5007134	330788454	1278436304	NA	0
1615	2	eigen	fedora-clang-libcxx	6212500	10697602582	2325662	5007134	330975660	1279169724	NA	0
1616	2	eigen	fedora-clang-libcxx	6215178	10703817760	2325714	5007134	331162864	1279903396	NA	0
1617	2	eigen	fedora-clang-libcxx	6218969	10710036729	2325766	5007134	331350189	1280637520	NA	0
1618	2	eigen	fedora-clang-libcxx	6093768	10716130497	2325818	5007134	331534430	1281356176	NA	0
1619	2	eigen	fedora-clang-libcxx	6097559	10722228056	2325870	5007134	331718782	1282075290	NA	0
1620	2	eigen	fedora-clang-libcxx	6229186	10728457242	2325922	5007134	331908367	1282808555	NA	0
1621	2	eigen	fedora-clang-libcxx	6269550	10734726792	2325974	5007134	332098417	1283545375	NA	0
1622	2	eigen	fedora-clang-libcxx	6268202	10740994994	2326026	5007134	332288449	1284282042	NA	0
1623	2	eigen	fedora-clang-libcxx	6257478	10747252472	2326078	5007134	332478555	1285018113	NA	0
1624	2	eigen	fedora-clang-libcxx	6256891	10753509363	2326130	5007134	332668656	1285754119	NA	0
1625	2	eigen	fedora-clang-libcxx	6257003	10759766366	2326182	5007134	332858761	1286490153	NA	0
1626	2	eigen	fedora-clang-libcxx	6256858	10766023224	2326234	5007134	333048866	1287226176	NA	0
1627	2	eigen	fedora-clang-libcxx	6257003	10772280227	2326286	5007134	333238973	1287962211	NA	0
1628	2	eigen	fedora-clang-libcxx	6256821	10778537048	2326338	5007134	333429079	1288698218	NA	0
1629	2	eigen	fedora-clang-libcxx	6257055	10784794103	2326390	5007134	333619182	1289434260	NA	0
1630	2	eigen	fedora-clang-libcxx	6256797	10791050900	2326442	5007134	333809285	1290170260	NA	0
1631	2	eigen	fedora-clang-libcxx	6208759	10797259659	2326494	5007134	333998646	1290901626	NA	0
1632	2	eigen	fedora-clang-libcxx	6231592	10803491251	2326546	5007134	334188138	1291634718	NA	0
1633	2	eigen	fedora-clang-libcxx	6238861	10809730112	2326598	5007134	334377786	1292368798	NA	0
1634	2	eigen	fedora-clang-libcxx	6238850	10815968962	2326650	5007134	334567437	1293102877	NA	0
1635	2	eigen	fedora-clang-libcxx	6238850	10822207812	2326702	5007134	334757088	1293836960	NA	0
1636	2	eigen	fedora-clang-libcxx	6238934	10828446746	2326754	5007134	334946739	1294571052	NA	0
1637	2	eigen	fedora-clang-libcxx	6238938	10834685684	2326806	5007134	335136390	1295305155	NA	0
1638	2	eigen	fedora-clang-libcxx	6238907	10840924591	2326858	5007134	335326041	1296039254	NA	0
1639	2	eigen	fedora-clang-libcxx	6238907	10847163498	2326910	5007134	335515693	1296773352	NA	0
1640	2	eigen	fedora-clang-libcxx	6238938	10853402436	2326962	5007134	335705345	1297507455	NA	0
1641	2	eigen	fedora-clang-libcxx	6238907	10859641343	2327014	5007134	335894998	1298241555	NA	0
1642	2	eigen	fedora-clang-libcxx	6238908	10865880251	2327066	5007134	336084648	1298975654	NA	0
1643	2	eigen	fedora-clang-libcxx	6239017	10872119268	2327118	5007134	336274300	1299709756	NA	0
1644	2	eigen	fedora-clang-libcxx	6239347	10878358615	2327170	5007134	336463950	1300443872	NA	0
1645	2	eigen	fedora-clang-libcxx	6233799	10884592414	2327222	5007134	336653478	1301177353	NA	0
1646	2	eigen	fedora-clang-libcxx	6233789	10890826203	2327274	5007134	336843006	1301910836	NA	0
1647	2	eigen	fedora-clang-libcxx	6233818	10897060021	2327326	5007134	337032535	1302644325	NA	0
1648	2	eigen	fedora-clang-libcxx	6233818	10903293839	2327378	5007134	337222064	1303377814	NA	0
1649	2	eigen	fedora-clang-libcxx	6233811	10909527650	2327430	5007134	337411593	1304111302	NA	0
1650	2	eigen	fedora-clang-libcxx	6233697	10915761347	2327482	5007134	337601122	1304844775	NA	0
1651	2	eigen	fedora-clang-libcxx	6233803	10921995150	2327534	5007134	337790650	1305578263	NA	0
1652	2	eigen	fedora-clang-libcxx	6233711	10928228861	2327586	5007134	337980179	1306311734	NA	0
1653	2	eigen	fedora-clang-libcxx	6233671	10934462532	2327638	5007134	338169707	1307045194	NA	0
1654	2	eigen	fedora-clang-libcxx	6226647	10940689179	2327690	5007134	338359039	1307777725	NA	0
1655	2	eigen	fedora-clang-libcxx	6231955	10946921134	2327742	5007134	338548677	1308511171	NA	0
1656	2	eigen	fedora-clang-libcxx	6264986	10953186120	2327794	5007134	338739107	1309249380	NA	0
1657	2	eigen	fedora-clang-libcxx	6265042	10959451162	2327846	5007134	338929543	1309987585	NA	0
1658	2	eigen	fedora-clang-libcxx	6265042	10965716204	2327898	5007134	339119978	1310725795	NA	0
1659	2	eigen	fedora-clang-libcxx	6265161	10971981365	2327950	5007134	339310413	1311464014	NA	0
1660	2	eigen	fedora-clang-libcxx	6265177	10978246542	2328002	5007134	339500846	1312202242	NA	0
1661	2	eigen	fedora-clang-libcxx	6264987	10984511529	2328054	5007134	339691279	1312940461	NA	0
1662	2	eigen	fedora-clang-libcxx	6264987	10990776516	2328106	5007134	339881712	1313678671	NA	0
1663	2	eigen	fedora-clang-libcxx	6264964	10997041480	2328158	5007134	340072139	1314416872	NA	0
1664	2	eigen	fedora-clang-libcxx	6264972	11003306452	2328210	5007134	340262568	1315155077	NA	0
1665	2	eigen	fedora-clang-libcxx	6265308	11009571760	2328262	5007134	340453000	1315893320	NA	0
1666	2	eigen	fedora-clang-libcxx	6265322	11015837082	2328314	5007134	340643426	1316631573	NA	0
1667	2	eigen	fedora-clang-libcxx	6264972	11022102054	2328366	5007134	340833856	1317369775	NA	0
1668	2	eigen	fedora-clang-libcxx	6266077	11028368131	2328418	5007134	341024290	1318108089	NA	0
1669	2	eigen	fedora-clang-libcxx	6245684	11034613815	2328470	5007134	341214312	1318843569	NA	0
1670	2	eigen	fedora-clang-libcxx	6245673	11040859488	2328522	5007134	341404333	1319579042	NA	0
1671	2	eigen	fedora-clang-libcxx	6245673	11047105161	2328574	5007134	341594354	1320314518	NA	0
1672	2	eigen	fedora-clang-libcxx	6245678	11053350839	2328626	5007134	341784376	1321049996	NA	0
1673	2	eigen	fedora-clang-libcxx	6245713	11059596552	2328678	5007134	341974398	1321785483	NA	0
1674	2	eigen	fedora-clang-libcxx	6245678	11065842230	2328730	5007134	342164418	1322520957	NA	0
1675	2	eigen	fedora-clang-libcxx	6245763	11072087993	2328782	5007134	342354441	1323256444	NA	0
1676	2	eigen	fedora-clang-libcxx	6245675	11078333668	2328834	5007134	342544463	1323991918	NA	0
1677	2	eigen	fedora-clang-libcxx	6245678	11084579346	2328886	5007134	342734485	1324727392	NA	0
1678	2	eigen	fedora-clang-libcxx	6245674	11090825020	2328938	5007134	342924507	1325462869	NA	0
1679	2	eigen	fedora-clang-libcxx	6245670	11097070690	2328990	5007134	343114529	1326198339	NA	0
1680	2	eigen	fedora-clang-libcxx	6245841	11103316531	2329042	5007134	343304551	1326933830	NA	0
1681	2	eigen	fedora-clang-libcxx	6259907	11109576438	2329094	5007134	343494512	1327669998	NA	0
1682	2	eigen	fedora-clang-libcxx	6259935	11115836373	2329146	5007134	343684476	1328406180	NA	0
1683	2	eigen	fedora-clang-libcxx	6259935	11122096308	2329198	5007134	343874440	1329142365	NA	0
1684	2	eigen	fedora-clang-libcxx	6259896	11128356204	2329250	5007134	344064397	1329878535	NA	0
1685	2	eigen	fedora-clang-libcxx	6259945	11134616149	2329302	5007134	344254359	1330614719	NA	0
1686	2	eigen	fedora-clang-libcxx	6259944	11140876093	2329354	5007134	344444324	1331350903	NA	0
1687	2	eigen	fedora-clang-libcxx	6259945	11147136038	2329406	5007134	344634286	1332087087	NA	0
1688	2	eigen	fedora-clang-libcxx	6260074	11153396112	2329458	5007134	344824250	1332823278	NA	0
1689	2	eigen	fedora-clang-libcxx	6260147	11159656259	2329510	5007134	345014211	1333559478	NA	0
1690	2	eigen	fedora-clang-libcxx	6259917	11165916176	2329562	5007134	345204170	1334295649	NA	0
1691	2	eigen	fedora-clang-libcxx	6259902	11172176078	2329614	5007134	345394132	1335031814	NA	0
1692	2	eigen	fedora-clang-libcxx	6242290	11178418368	2329666	5007134	345583646	1335765519	NA	0
1693	2	eigen	fedora-clang-libcxx	6242268	11184660636	2329718	5007134	345773159	1336499217	NA	0
1694	2	eigen	fedora-clang-libcxx	6242290	11190902926	2329770	5007134	345962673	1337232927	NA	0
1695	2	eigen	fedora-clang-libcxx	6242175	11197145101	2329822	5007134	346152189	1337966615	NA	0
1696	2	eigen	fedora-clang-libcxx	6242176	11203387277	2329874	5052230	346341703	1338700297	NA	1
1697	2	eigen	fedora-clang-libcxx	6228658	11209615935	2329926	5052230	346531120	1339433184	NA	0
1698	2	eigen	fedora-clang-libcxx	6315303	11215931238	2329978	5052230	346721265	1340176765	NA	0
1699	2	eigen	fedora-clang-libcxx	6255545	11222186783	2330030	5052230	346911125	1340912370	NA	0
1700	2	eigen	fedora-clang-libcxx	6255545	11228442328	2330082	5052230	347100985	1341647975	NA	0
1701	2	eigen	fedora-clang-libcxx	6255448	11234697776	2330134	5052230	347290841	1342383559	NA	0
1702	2	eigen	fedora-clang-libcxx	6255448	11240953224	2330186	5052230	347480697	1343119142	NA	0
1703	2	eigen	fedora-clang-libcxx	6255458	11247208682	2330238	5052230	347670554	1343854725	NA	0
1704	2	eigen	fedora-clang-libcxx	6255659	11253464341	2330290	5052230	347860408	1344590327	NA	0
1705	2	eigen	fedora-clang-libcxx	6255794	11259720135	2330342	5052230	348050268	1345325952	NA	0
1706	2	eigen	fedora-clang-libcxx	6230412	11265950547	2330394	5052230	348239771	1346059048	NA	0
1707	2	eigen	fedora-clang-libcxx	6230412	11272180959	2330446	5052230	348429274	1346792145	NA	0
1708	2	eigen	fedora-clang-libcxx	6230416	11278411375	2330498	5052230	348618774	1347525243	NA	0
1709	2	eigen	fedora-clang-libcxx	6230416	11284641791	2330550	5052230	348808274	1348258341	NA	0
1710	2	eigen	fedora-clang-libcxx	6225054	11290866845	2330602	5052230	348997638	1348990699	NA	0
1711	2	eigen	fedora-clang-libcxx	6229808	11297096653	2330654	5052230	349187068	1349723452	NA	0
1712	2	eigen	fedora-clang-libcxx	6229809	11303326462	2330706	5052230	349376497	1350456204	NA	0
1713	2	eigen	fedora-clang-libcxx	6229823	11309556285	2330758	5052230	349565928	1351188960	NA	0
1714	2	eigen	fedora-clang-libcxx	6236990	11315793275	2330810	5052230	349755758	1351923050	NA	0
1715	2	eigen	fedora-clang-libcxx	6236880	11322030155	2330862	5052230	349945587	1352657117	NA	0
1716	2	eigen	fedora-clang-libcxx	6236883	11328267038	2330914	5052230	350135417	1353391180	NA	0
1717	2	eigen	fedora-clang-libcxx	6236923	11334503961	2330966	5052230	350325249	1354125247	NA	0
1718	2	eigen	fedora-clang-libcxx	6236926	11340740887	2331018	5052230	350515078	1354859314	NA	0
1719	2	eigen	fedora-clang-libcxx	6236764	11346977651	2331070	5052230	350704902	1355593360	NA	0
1720	2	eigen	fedora-clang-libcxx	6277948	11353255599	2331122	5052230	350895458	1356332121	NA	0
1721	2	eigen	fedora-clang-libcxx	6277947	11359533546	2331174	5052230	351086015	1357070890	NA	0
1722	2	eigen	fedora-clang-libcxx	6277950	11365811496	2331226	5052230	351276572	1357809663	NA	0
1723	2	eigen	fedora-clang-libcxx	6277937	11372089433	2331278	5052230	351467134	1358548437	NA	0
1724	2	eigen	fedora-clang-libcxx	6277937	11378367370	2331330	5052230	351657693	1359287213	NA	0
1725	2	eigen	fedora-clang-libcxx	6277937	11384645307	2331382	5052230	351848252	1360025988	NA	0
1726	2	eigen	fedora-clang-libcxx	6277950	11390923257	2331434	5052230	352038809	1360764760	NA	0
1727	2	eigen	fedora-clang-libcxx	6278154	11397201411	2331486	5052230	352229365	1361503571	NA	0
1728	2	eigen	fedora-clang-libcxx	6277938	11403479349	2331538	5052230	352419921	1362242346	NA	0
1729	2	eigen	fedora-clang-libcxx	6277938	11409757287	2331590	5052230	352610477	1362981120	NA	0
1730	2	eigen	fedora-clang-libcxx	6277938	11416035225	2331642	5052230	352801033	1363719895	NA	0
1731	2	eigen	fedora-clang-libcxx	6277939	11422313164	2331695	5052230	352991589	1364458666	NA	0
1732	2	eigen	fedora-clang-libcxx	6277939	11428591103	2331748	5052230	353182145	1365197439	NA	0
1733	2	eigen	fedora-clang-libcxx	6277939	11434869042	2331801	5052230	353372701	1365936212	NA	0
1734	2	eigen	fedora-clang-libcxx	6277953	11441146995	2331854	5052230	353563259	1366674989	NA	0
1735	2	eigen	fedora-clang-libcxx	6277953	11447424948	2331907	5052230	353753820	1367413767	NA	0
1736	2	eigen	fedora-clang-libcxx	6277953	11453702901	2331960	5052230	353944381	1368152548	NA	0
1737	2	eigen	fedora-clang-libcxx	6277954	11459980855	2332013	5052230	354134938	1368891326	NA	0
1738	2	eigen	fedora-clang-libcxx	6277954	11466258809	2332066	5052230	354325495	1369630101	NA	0
1739	2	eigen	fedora-clang-libcxx	6277954	11472536763	2332119	5052230	354516052	1370368878	NA	0
1740	2	eigen	fedora-clang-libcxx	6278197	11478814960	2332172	5052230	354706609	1371107679	NA	0
1741	2	eigen	fedora-clang-libcxx	6277937	11485092897	2332225	5052230	354897165	1371846447	NA	0
1742	2	eigen	fedora-clang-libcxx	6277949	11491370846	2332278	5052230	355087722	1372585227	NA	0
1743	2	eigen	fedora-clang-libcxx	6277950	11497648796	2332331	5052230	355278279	1373324005	NA	0
1744	2	eigen	fedora-clang-libcxx	6277955	11503926751	2332384	5052230	355468835	1374062786	NA	0
1745	2	eigen	fedora-clang-libcxx	6277959	11510204710	2332437	5052230	355659392	1374801571	NA	0
1746	2	eigen	fedora-clang-libcxx	6277950	11516482660	2332490	5052230	355849949	1375540340	NA	0
1747	2	eigen	fedora-clang-libcxx	6277951	11522760611	2332543	5052230	356040506	1376279108	NA	0
1748	2	eigen	fedora-clang-libcxx	6265889	11529026500	2332596	5052230	356230913	1377017084	NA	0
1749	2	eigen	fedora-clang-libcxx	6265944	11535292444	2332649	5052230	356421327	1377755064	NA	0
1750	2	eigen	fedora-clang-libcxx	6265812	11541558256	2332702	5052230	356611736	1378493031	NA	0
1751	2	eigen	fedora-clang-libcxx	6265851	11547824107	2332755	5052230	356802149	1379231006	NA	0
1752	2	eigen	fedora-clang-libcxx	6265871	11554089978	2332808	5052230	356992558	1379968986	NA	0
1753	2	eigen	fedora-clang-libcxx	6266288	11560356266	2332861	5052230	357182966	1380706985	NA	0
1754	2	eigen	fedora-clang-libcxx	6265851	11566622117	2332914	5052230	357373377	1381444963	NA	0
1755	2	eigen	fedora-clang-libcxx	6265872	11572887989	2332967	5052230	357563790	1382182940	NA	0
1756	2	eigen	fedora-clang-libcxx	6265915	11579153904	2333020	5052230	357754203	1382920928	NA	0
1757	2	eigen	fedora-clang-libcxx	6265917	11585419821	2333073	5052230	357944617	1383658912	NA	0
1758	2	eigen	fedora-clang-libcxx	6265893	11591685714	2333126	5052230	358135029	1384396900	NA	0
1759	2	eigen	fedora-clang-libcxx	6265866	11597951580	2333179	5052230	358325438	1385134879	NA	0
1760	2	eigen	fedora-clang-libcxx	6266028	11604217608	2333232	5052230	358515888	1385872767	NA	0
1761	2	eigen	fedora-clang-libcxx	6265969	11610483577	2333285	5052230	358706333	1386610649	NA	0
1762	2	eigen	fedora-clang-libcxx	6265916	11616749493	2333338	5052230	358896778	1387348526	NA	0
1763	2	eigen	fedora-clang-libcxx	6265916	11623015409	2333391	5052230	359087224	1388086403	NA	0
1764	2	eigen	fedora-clang-libcxx	6266053	11629281462	2333444	5052230	359277670	1388824280	NA	0
1765	2	eigen	fedora-clang-libcxx	6265825	11635547287	2333497	5052230	359468114	1389562133	NA	0
1766	2	eigen	fedora-clang-libcxx	6266011	11641813298	2333550	5052230	359658557	1390300003	NA	0
1767	2	eigen	fedora-clang-libcxx	6265831	11648079129	2333603	5052230	359849001	1391037856	NA	0
1768	2	eigen	fedora-clang-libcxx	6265835	11654344964	2333656	5052230	360039446	1391775710	NA	0
1769	2	eigen	fedora-clang-libcxx	6265835	11660610799	2333709	5052230	360229890	1392513557	NA	0
1770	2	eigen	fedora-clang-libcxx	6265829	11666876628	2333762	5052230	360420334	1393251406	NA	0
1771	2	eigen	fedora-clang-libcxx	6266124	11673142752	2333815	5052230	360610778	1393989274	NA	0
1772	2	eigen	fedora-clang-libcxx	6262104	11679404856	2333868	5052230	360800914	1394725707	NA	0
1773	2	eigen	fedora-clang-libcxx	6261998	11685666854	2333921	5052230	360991055	1395462127	NA	0
1774	2	eigen	fedora-clang-libcxx	6262020	11691928874	2333974	5052230	361181195	1396198552	NA	0
1775	2	eigen	fedora-clang-libcxx	6261998	11698190872	2334027	5052230	361371336	1396934970	NA	0
1776	2	eigen	fedora-clang-libcxx	6262019	11704452891	2334080	5052230	361561476	1397671396	NA	0
1777	2	eigen	fedora-clang-libcxx	6262146	11710715037	2334133	5052230	361751616	1398407847	NA	0
1778	2	eigen	fedora-clang-libcxx	6262056	11716977093	2334186	5052230	361941757	1399144283	NA	0
1779	2	eigen	fedora-clang-libcxx	6262133	11723239226	2334239	5052230	362131899	1399880729	NA	0
1780	2	eigen	fedora-clang-libcxx	6262231	11729501457	2334292	5052230	362322041	1400617187	NA	0
1781	2	eigen	fedora-clang-libcxx	6262320	11735763777	2334345	5548410	362512182	1401353628	NA	1
1782	2	eigen	fedora-clang-libcxx	6228752	11741992529	2334398	5548410	362701568	1402086304	NA	0
1783	2	eigen	fedora-clang-libcxx	6228752	11748221281	2334451	5548410	362890954	1402818977	NA	0
1784	2	eigen	fedora-clang-libcxx	6239019	11754460300	2334504	5548410	363080620	1403552962	NA	0
1785	2	eigen	fedora-clang-libcxx	6239535	11760699835	2334557	5548410	363270285	1404286991	NA	0
1786	2	eigen	fedora-clang-libcxx	6239226	11766939061	2334610	5548410	363459952	1405020987	NA	0
1787	2	eigen	fedora-clang-libcxx	6243595	11773182656	2334663	5548410	363649753	1405755837	NA	0
1788	2	eigen	fedora-clang-libcxx	6243584	11779426240	2334716	5548410	363839554	1406490682	NA	0
1789	2	eigen	fedora-clang-libcxx	6243584	11785669824	2334769	5548410	364029355	1407225530	NA	0
1790	2	eigen	fedora-clang-libcxx	6243672	11791913496	2334822	5548410	364219156	1407960403	NA	0
1791	2	eigen	fedora-clang-libcxx	6243633	11798157129	2334875	5548410	364408958	1408695273	NA	0
1792	2	eigen	fedora-clang-libcxx	6243633	11804400762	2334928	5548410	364598760	1409430141	NA	0
1793	2	eigen	fedora-clang-libcxx	6243584	11810644346	2334981	5548410	364788560	1410164992	NA	0
1794	2	eigen	fedora-clang-libcxx	6243593	11816887939	2335034	5548410	364978361	1410899844	NA	0
1795	2	eigen	fedora-clang-libcxx	6243594	11823131533	2335087	5548410	365168161	1411634703	NA	0
1796	2	eigen	fedora-clang-libcxx	6243595	11829375128	2335140	5548410	365357962	1412369555	NA	0
1797	2	eigen	fedora-clang-libcxx	6243592	11835618720	2335193	5548410	365547763	1413104404	NA	0
1798	2	eigen	fedora-clang-libcxx	6243599	11841862319	2335246	5548410	365737564	1413839259	NA	0
1799	2	eigen	fedora-clang-libcxx	6243582	11848105901	2335299	5548410	365927360	1414574110	NA	0
1800	2	eigen	fedora-clang-libcxx	6243601	11854349502	2335352	5548410	366117161	1415308967	NA	0
1801	2	eigen	fedora-clang-libcxx	6243602	11860593104	2335405	5548410	366306962	1416043821	NA	0
1802	2	eigen	fedora-clang-libcxx	6243615	11866836719	2335458	5548410	366496763	1416778680	NA	0
1803	2	eigen	fedora-clang-libcxx	6243616	11873080335	2335511	5548410	366686564	1417513539	NA	0
1804	2	eigen	fedora-clang-libcxx	6243789	11879324124	2335564	5548410	366876365	1418248408	NA	0
1805	2	eigen	fedora-clang-libcxx	6235931	11885560055	2335617	5548410	367065944	1418982100	NA	0
1806	2	eigen	fedora-clang-libcxx	6235765	11891795820	2335670	5548410	367255521	1419715761	NA	0
1807	2	eigen	fedora-clang-libcxx	6235577	11898031397	2335723	5548410	367445093	1420449380	NA	0
1808	2	eigen	fedora-clang-libcxx	6235549	11904266946	2335776	5548410	367634665	1421182990	NA	0
1809	2	eigen	fedora-clang-libcxx	6226000	11910492946	2335829	5548410	367824042	1421915485	NA	0
1810	2	eigen	fedora-clang-libcxx	6225989	11916718935	2335882	5548410	368013419	1422647974	NA	0
1811	2	eigen	fedora-clang-libcxx	6225994	11922944929	2335935	5548410	368202798	1423380471	NA	0
1812	2	eigen	fedora-clang-libcxx	6225994	11929170923	2335988	5548410	368392177	1424112972	NA	0
1813	2	eigen	fedora-clang-libcxx	6225996	11935396919	2336041	5548410	368581553	1424845470	NA	0
1814	2	eigen	fedora-clang-libcxx	6230978	11941627897	2336094	5548410	368771027	1425578654	NA	0
1815	2	eigen	fedora-clang-libcxx	6230995	11947858892	2336147	5548410	368960502	1426311844	NA	0
1816	2	eigen	fedora-clang-libcxx	6228483	11954087375	2336200	5548410	369149884	1427044486	NA	0
1817	2	eigen	fedora-clang-libcxx	6239678	11960327053	2336253	5548410	369339619	1427778820	NA	0
1818	2	eigen	fedora-clang-libcxx	6239730	11966566783	2336306	5548410	369529360	1428513159	NA	0
1819	2	eigen	fedora-clang-libcxx	6239475	11972806258	2336359	5548410	369719100	1429247464	NA	0
1820	2	eigen	fedora-clang-libcxx	6239616	11979045874	2336412	5548410	369908841	1429981806	NA	0
1821	2	eigen	fedora-clang-libcxx	6239707	11985285581	2336465	5548410	370098582	1430716154	NA	0
1822	2	eigen	fedora-clang-libcxx	6239482	11991525063	2336518	5548410	370288323	1431450461	NA	0
1823	2	eigen	fedora-clang-libcxx	6239486	11997764549	2336571	5548410	370478064	1432184770	NA	0
1824	2	eigen	fedora-clang-libcxx	6239474	12004004023	2336624	5548410	370667803	1432919075	NA	0
1825	2	eigen	fedora-clang-libcxx	6239477	12010243500	2336677	5548410	370857545	1433653381	NA	0
1826	2	eigen	fedora-clang-libcxx	6239476	12016482976	2336730	5548410	371047287	1434387688	NA	0
1827	2	eigen	fedora-clang-libcxx	6239475	12022722451	2336783	5548410	371237029	1435121990	NA	0
1828	2	eigen	fedora-clang-libcxx	6239566	12028962017	2336836	5548410	371426770	1435856299	NA	0
1829	2	eigen	fedora-clang-libcxx	6239566	12035201583	2336889	5548410	371616512	1436590607	NA	0
1830	2	eigen	fedora-clang-libcxx	6243803	12041445386	2336942	5548410	371806229	1437324915	NA	0
1831	2	eigen	fedora-clang-libcxx	6243759	12047689145	2336995	5548410	371995941	1438059224	NA	0
1832	2	eigen	fedora-clang-libcxx	6243995	12053933140	2337048	5548410	372185658	1438793564	NA	0
1833	2	eigen	fedora-clang-libcxx	6243969	12060177109	2337101	5548410	372375374	1439527896	NA	0
1834	2	eigen	fedora-clang-libcxx	6244021	12066421130	2337154	5548410	372565087	1440262253	NA	0
1835	2	eigen	fedora-clang-libcxx	6243721	12072664851	2337207	5548410	372754803	1440996567	NA	0
1836	2	eigen	fedora-clang-libcxx	6231681	12078896532	2337260	5548410	372944222	1441730262	NA	0
1837	2	eigen	fedora-clang-libcxx	6231681	12085128213	2337313	5548410	373133641	1442463958	NA	0
1838	2	eigen	fedora-clang-libcxx	6231687	12091359900	2337366	5548410	373323058	1443197647	NA	0
1839	2	eigen	fedora-clang-libcxx	6231834	12097591734	2337419	5548410	373512469	1443931336	NA	0
1840	2	eigen	fedora-clang-libcxx	6231452	12103823186	2337472	5548410	373702023	1444664285	NA	0
1841	2	eigen	fedora-clang-libcxx	6231441	12110054627	2337525	5548410	373891584	1445397235	NA	0
1842	2	eigen	fedora-clang-libcxx	6231440	12116286067	2337578	5548410	374081143	1446130183	NA	0
1843	2	eigen	fedora-clang-libcxx	6231440	12122517507	2337631	5548410	374270702	1446863128	NA	0
1844	2	eigen	fedora-clang-libcxx	6231544	12128749051	2337684	5548410	374460260	1447596094	NA	0
1845	2	eigen	fedora-clang-libcxx	6231449	12134980500	2337737	5548410	374649816	1448329041	NA	0
1846	2	eigen	fedora-clang-libcxx	6231441	12141211941	2337790	5548410	374839369	1449061983	NA	0
1847	2	eigen	fedora-clang-libcxx	6231449	12147443390	2337843	5548410	375028924	1449794932	NA	0
1848	2	eigen	fedora-clang-libcxx	6335260	12153778650	2337896	5548410	375220266	1450543150	NA	0
1849	2	eigen	fedora-clang-libcxx	6335240	12160113890	2337949	5548410	375411611	1451291361	NA	0
1850	2	eigen	fedora-clang-libcxx	6335240	12166449130	2338002	5548410	375602954	1452039576	NA	0
1851	2	eigen	fedora-clang-libcxx	6335218	12172784348	2338055	5548410	375794296	1452787795	NA	0
1852	2	eigen	fedora-clang-libcxx	6335217	12179119565	2338108	5548410	375985640	1453536019	NA	0
1853	2	eigen	fedora-clang-libcxx	6335551	12185455116	2338161	5548410	376176991	1454284289	NA	0
1854	2	eigen	fedora-clang-libcxx	6335464	12191790580	2338214	5548410	376368339	1455032556	NA	0
1855	2	eigen	fedora-clang-libcxx	6335379	12198125959	2338267	5548410	376559682	1455780808	NA	0
1856	2	eigen	fedora-clang-libcxx	6335258	12204461217	2338320	5548410	376751024	1456529029	NA	0
1857	2	eigen	fedora-clang-libcxx	6335258	12210796475	2338373	5548410	376942369	1457277252	NA	0
1858	2	eigen	fedora-clang-libcxx	6335431	12217131906	2338426	5548410	377133714	1458025498	NA	0
1859	2	eigen	fedora-clang-libcxx	6335384	12223467290	2338479	5548410	377325057	1458773753	NA	0
1860	2	eigen	fedora-clang-libcxx	6335347	12229802637	2338532	5548410	377516398	1459522005	NA	0
1861	2	eigen	fedora-clang-libcxx	6335166	12236137803	2338585	5548410	377707739	1460270206	NA	0
1862	2	eigen	fedora-clang-libcxx	6335158	12242472961	2338638	5548410	377899084	1461018400	NA	0
1863	2	eigen	fedora-clang-libcxx	6335158	12248808119	2338691	5548410	378090427	1461766599	NA	0
1864	2	eigen	fedora-clang-libcxx	6335211	12255143330	2338744	5548410	378281770	1462514812	NA	0
1865	2	eigen	fedora-clang-libcxx	6335176	12261478506	2338797	5548410	378473111	1463263017	NA	0
1866	2	eigen	fedora-clang-libcxx	6335180	12267813686	2338850	5585549	378664452	1464011228	NA	1
1867	2	eigen	fedora-clang-libcxx	6335218	12274148904	2338903	5585549	378855794	1464759451	NA	0
1868	2	eigen	fedora-clang-libcxx	6335218	12280484122	2338956	5585549	379047140	1465507678	NA	0
1869	2	eigen	fedora-clang-libcxx	6335152	12286819274	2339009	5585549	379238479	1466255875	NA	0
1870	2	eigen	fedora-clang-libcxx	6335150	12293154424	2339062	5585549	379429819	1467004071	NA	0
1871	2	eigen	fedora-clang-libcxx	6335152	12299489576	2339115	5585549	379621158	1467752263	NA	0
1872	2	eigen	fedora-clang-libcxx	6335151	12305824727	2339168	5585549	379812494	1468500458	NA	0
1873	2	eigen	fedora-clang-libcxx	6335155	12312159882	2339221	5585549	380003834	1469248652	NA	0
1874	2	eigen	fedora-clang-libcxx	6335156	12318495038	2339274	5585549	380195176	1469996846	NA	0
1875	2	eigen	fedora-clang-libcxx	6335161	12324830199	2339327	5585549	380386517	1470745044	NA	0
1876	2	eigen	fedora-clang-libcxx	6335165	12331165364	2339380	5585549	380577853	1471493243	NA	0
1877	2	eigen	fedora-clang-libcxx	6335588	12337500952	2339433	5585549	380769194	1472241525	NA	0
1878	2	eigen	fedora-clang-libcxx	6335185	12343836137	2339486	5585549	380960535	1472989742	NA	0
1879	2	eigen	fedora-clang-libcxx	6335186	12350171323	2339539	5585549	381151876	1473737958	NA	0
1880	2	eigen	fedora-clang-libcxx	6335199	12356506522	2339592	5585549	381343217	1474486174	NA	0
1881	2	eigen	fedora-clang-libcxx	6335200	12362841722	2339645	5585549	381534558	1475234387	NA	0
1882	2	eigen	fedora-clang-libcxx	6335155	12369176877	2339698	5585549	381725900	1475982582	NA	0
1883	2	eigen	fedora-clang-libcxx	6335155	12375512032	2339751	5585549	381917242	1476730779	NA	0
1884	2	eigen	fedora-clang-libcxx	6335155	12381847187	2339804	5585549	382108583	1477478980	NA	0
1885	2	eigen	fedora-clang-libcxx	6335155	12388182342	2339857	5585549	382299925	1478227179	NA	0
1886	2	eigen	fedora-clang-libcxx	6335156	12394517498	2339910	5585549	382491266	1478975376	NA	0
1887	2	eigen	fedora-clang-libcxx	6335161	12400852659	2339963	5585549	382682607	1479723570	NA	0
1888	2	eigen	fedora-clang-libcxx	6263722	12407116381	2340016	5585549	382872069	1480459661	NA	0
1889	2	eigen	fedora-clang-libcxx	6263476	12413379857	2340069	5585549	383061531	1481195736	NA	0
1890	2	eigen	fedora-clang-libcxx	6263712	12419643569	2340122	5585549	383251001	1481931817	NA	0
1891	2	eigen	fedora-clang-libcxx	6263716	12425907285	2340175	5585549	383440469	1482667901	NA	0
1892	2	eigen	fedora-clang-libcxx	6263259	12432170544	2340228	5585549	383629931	1483403939	NA	0
1893	2	eigen	fedora-clang-libcxx	6258140	12438428684	2340281	5585549	383819858	1484139840	NA	0
1894	2	eigen	fedora-clang-libcxx	6258096	12444686780	2340334	5585549	384009790	1484875733	NA	0
1895	2	eigen	fedora-clang-libcxx	6258023	12450944803	2340387	5585549	384199723	1485611617	NA	0
1896	2	eigen	fedora-clang-libcxx	6258208	12457203011	2340440	5585549	384389657	1486347557	NA	0
1897	2	eigen	fedora-clang-libcxx	6258461	12463461472	2340493	5585549	384579590	1487083508	NA	0
1898	2	eigen	fedora-clang-libcxx	6258458	12469719930	2340546	5585549	384769530	1487819459	NA	0
1899	2	eigen	fedora-clang-libcxx	6257855	12475977785	2340599	5585549	384959461	1488555338	NA	0
1900	2	eigen	fedora-clang-libcxx	6257855	12482235640	2340652	5585549	385149392	1489291217	NA	0
1901	2	eigen	fedora-clang-libcxx	6258413	12488494053	2340705	5585549	385339331	1490027175	NA	0
1902	2	eigen	fedora-clang-libcxx	6230959	12494725012	2340758	5585549	385528853	1490760414	NA	0
1903	2	eigen	fedora-clang-libcxx	6230948	12500955960	2340811	5585549	385718375	1491493653	NA	0
1904	2	eigen	fedora-clang-libcxx	6230948	12507186908	2340864	5585549	385907897	1492226893	NA	0
1905	2	eigen	fedora-clang-libcxx	6230948	12513417856	2340917	5585549	386097419	1492960133	NA	0
1906	2	eigen	fedora-clang-libcxx	6230950	12519648806	2340970	5585549	386286942	1493693372	NA	0
1907	2	eigen	fedora-clang-libcxx	6230951	12525879757	2341023	5585549	386476464	1494426611	NA	0
1908	2	eigen	fedora-clang-libcxx	6231203	12532110960	2341076	5585549	386665986	1495159880	NA	0
1909	2	eigen	fedora-clang-libcxx	6231218	12538342178	2341129	5585549	386855508	1495893153	NA	0
1910	2	eigen	fedora-clang-libcxx	6270155	12544612333	2341182	5585549	387046158	1496630619	NA	0
1911	2	eigen	fedora-clang-libcxx	6270082	12550882415	2341235	5585549	387236806	1497368083	NA	0
1912	2	eigen	fedora-clang-libcxx	6270245	12557152660	2341288	5585549	387427459	1498105571	NA	0
1913	2	eigen	fedora-clang-libcxx	6270075	12563422735	2341341	5585549	387618107	1498843035	NA	0
1914	2	eigen	fedora-clang-libcxx	6270073	12569692808	2341394	5585549	387808751	1499580497	NA	0
1915	2	eigen	fedora-clang-libcxx	6270051	12575962859	2341447	5585549	387999407	1500317959	NA	0
1916	2	eigen	fedora-clang-libcxx	6270051	12582232910	2341500	5585549	388190063	1501055421	NA	0
1917	2	eigen	fedora-clang-libcxx	6270047	12588502957	2341553	5585549	388380714	1501792883	NA	0
1918	2	eigen	fedora-clang-libcxx	6270061	12594773018	2341606	5585549	388571361	1502530343	NA	0
1919	2	eigen	fedora-clang-libcxx	6270063	12601043081	2341659	5585549	388762014	1503267805	NA	0
1920	2	eigen	fedora-clang-libcxx	6270063	12607313144	2341712	5585549	388952666	1504005267	NA	0
1921	2	eigen	fedora-clang-libcxx	6270053	12613583197	2341765	5585549	389143313	1504742729	NA	0
1922	2	eigen	fedora-clang-libcxx	6270043	12619853240	2341818	5585549	389333963	1505480191	NA	0
1923	2	eigen	fedora-clang-libcxx	6270077	12626123317	2341871	5585549	389524610	1506217653	NA	0
1924	2	eigen	fedora-clang-libcxx	6270063	12632393380	2341924	5585549	389715261	1506955117	NA	0
1925	2	eigen	fedora-clang-libcxx	6233247	12638626627	2341977	5585549	389904879	1507688581	NA	0
1926	2	eigen	fedora-clang-libcxx	6233236	12644859863	2342030	5585549	390094496	1508422043	NA	0
1927	2	eigen	fedora-clang-libcxx	6233382	12651093245	2342083	5585549	390284114	1509155528	NA	0
1928	2	eigen	fedora-clang-libcxx	6233236	12657326481	2342136	5585549	390473731	1509888991	NA	0
1929	2	eigen	fedora-clang-libcxx	6233286	12663559767	2342189	5585549	390663350	1510622474	NA	0
1930	2	eigen	fedora-clang-libcxx	6233285	12669793052	2342242	5585549	390852969	1511355954	NA	0
1931	2	eigen	fedora-clang-libcxx	6233286	12676026338	2342295	5585549	391042588	1512089435	NA	0
1932	2	eigen	fedora-clang-libcxx	6233251	12682259589	2342348	5585549	391232207	1512822901	NA	0
1933	2	eigen	fedora-clang-libcxx	6233344	12688492933	2342401	5585549	391421826	1513556385	NA	0
1934	2	eigen	fedora-clang-libcxx	6233419	12694726352	2342454	5585549	391611444	1514289864	NA	0
1935	2	eigen	fedora-clang-libcxx	6259285	12700985637	2342507	5585549	391801540	1515026257	NA	0
1936	2	eigen	fedora-clang-libcxx	6259164	12707244801	2342560	5585549	391991632	1515762635	NA	0
1937	2	eigen	fedora-clang-libcxx	6258998	12713503799	2342613	5585549	392181728	1516498996	NA	0
1938	2	eigen	fedora-clang-libcxx	6259240	12719763039	2342666	5585549	392371825	1517235413	NA	0
1939	2	eigen	fedora-clang-libcxx	6259226	12726022265	2342719	5585549	392561922	1517971818	NA	0
1940	2	eigen	fedora-clang-libcxx	6258985	12732281250	2342772	5585549	392752019	1518708171	NA	0
1941	2	eigen	fedora-clang-libcxx	6259110	12738540360	2342825	5585549	392942116	1519444547	NA	0
1942	2	eigen	fedora-clang-libcxx	6258995	12744799355	2342878	5585549	393132208	1520180902	NA	0
1943	2	eigen	fedora-clang-libcxx	6259722	12751059077	2342931	5585549	393322309	1520917330	NA	0
1944	2	eigen	fedora-clang-libcxx	6259380	12757318457	2342984	5585549	393512404	1521653725	NA	0
1945	2	eigen	fedora-clang-libcxx	6226073	12763544530	2343037	5585549	393701764	1522386226	NA	0
1946	2	eigen	fedora-clang-libcxx	6257870	12769802400	2343090	5585549	393891903	1523122049	NA	0
1947	2	eigen	fedora-clang-libcxx	6258668	12776061068	2343143	5585549	394082090	1523857999	NA	0
1948	2	eigen	fedora-clang-libcxx	6258604	12782319672	2343196	5585549	394272276	1524593932	NA	0
1949	2	eigen	fedora-clang-libcxx	6258593	12788578265	2343249	5585549	394462462	1525329860	NA	0
1950	2	eigen	fedora-clang-libcxx	6258618	12794836883	2343302	5585549	394652648	1526065799	NA	0
1951	2	eigen	fedora-clang-libcxx	6258685	12801095568	2343355	5607930	394842834	1526801743	NA	1
1952	2	eigen	fedora-clang-libcxx	6258749	12807354317	2343408	5607930	395033020	1527537687	NA	0
1953	2	eigen	fedora-clang-libcxx	6258602	12813612919	2343461	5607930	395223207	1528273621	NA	0
1954	2	eigen	fedora-clang-libcxx	6258603	12819871522	2343514	5607930	395413391	1529009555	NA	0
1955	2	eigen	fedora-clang-libcxx	6258596	12826130118	2343567	5607930	395603577	1529745496	NA	0
1956	2	eigen	fedora-clang-libcxx	6259796	12832389914	2343620	5607930	395793773	1530481541	NA	0
1957	2	eigen	fedora-clang-libcxx	6258601	12838648515	2343673	5607930	395983959	1531217472	NA	0
1958	2	eigen	fedora-clang-libcxx	6229119	12844877634	2343726	5607930	396173406	1531950224	NA	0
1959	2	eigen	fedora-clang-libcxx	6229055	12851106689	2343779	5607930	396362853	1532682962	NA	0
1960	2	eigen	fedora-clang-libcxx	6229045	12857335734	2343832	5607930	396552300	1533415697	NA	0
1961	2	eigen	fedora-clang-libcxx	6229049	12863564783	2343885	5607930	396741747	1534148434	NA	0
1962	2	eigen	fedora-clang-libcxx	6229081	12869793864	2343938	5607930	396931194	1534881175	NA	0
1963	2	eigen	fedora-clang-libcxx	6236456	12876030320	2343991	5607930	397120852	1535614751	NA	0
1964	2	eigen	fedora-clang-libcxx	6236456	12882266776	2344044	5607930	397310510	1536348328	NA	0
1965	2	eigen	fedora-clang-libcxx	6236445	12888503221	2344097	5607930	397500166	1537081894	NA	0
1966	2	eigen	fedora-clang-libcxx	6236450	12894739671	2344150	5607930	397689826	1537815468	NA	0
1967	2	eigen	fedora-clang-libcxx	6236450	12900976121	2344203	5607930	397879486	1538549051	NA	0
1968	2	eigen	fedora-clang-libcxx	6236449	12907212570	2344256	5607930	398069143	1539282632	NA	0
1969	2	eigen	fedora-clang-libcxx	6236482	12913449052	2344309	5607930	398258800	1540016219	NA	0
1970	2	eigen	fedora-clang-libcxx	6236447	12919685499	2344362	5607930	398448456	1540749792	NA	0
1971	2	eigen	fedora-clang-libcxx	6236455	12925921954	2344415	5607930	398638108	1541483367	NA	0
1972	2	eigen	fedora-clang-libcxx	6234121	12932156075	2344468	5607930	398827615	1542216777	NA	0
1973	2	eigen	fedora-clang-libcxx	6234122	12938390197	2344521	5607930	399017122	1542950191	NA	0
1974	2	eigen	fedora-clang-libcxx	6234147	12944624344	2344574	5607930	399206629	1543683610	NA	0
1975	2	eigen	fedora-clang-libcxx	6234148	12950858492	2344627	5607930	399396136	1544417032	NA	0
1976	2	eigen	fedora-clang-libcxx	6234053	12957092545	2344680	5607930	399585643	1545150444	NA	0
1977	2	eigen	fedora-clang-libcxx	6234054	12963326599	2344733	5607930	399775150	1545883843	NA	0
1978	2	eigen	fedora-clang-libcxx	6234067	12969560666	2344786	5607930	399964658	1546617254	NA	0
1979	2	eigen	fedora-clang-libcxx	6234068	12975794734	2344839	5607930	400154166	1547350666	NA	0
1980	2	eigen	fedora-clang-libcxx	6234039	12982028773	2344892	5607930	400343673	1548084066	NA	0
1981	2	eigen	fedora-clang-libcxx	6238735	12988267508	2344945	5607930	400533193	1548817548	NA	0
1982	2	eigen	fedora-clang-libcxx	6238735	12994506243	2344998	5607930	400722713	1549551026	NA	0
1983	2	eigen	fedora-clang-libcxx	6238736	13000744979	2345051	5607930	400912234	1550284513	NA	0
1984	2	eigen	fedora-clang-libcxx	6238736	13006983715	2345104	5607930	401101755	1551018001	NA	0
1985	2	eigen	fedora-clang-libcxx	6238761	13013222476	2345157	5607930	401291277	1551751490	NA	0
1986	2	eigen	fedora-clang-libcxx	6238746	13019461222	2345210	5607930	401480797	1552484976	NA	0
1987	2	eigen	fedora-clang-libcxx	6238754	13025699976	2345263	5607930	401670316	1553218462	NA	0
1988	2	eigen	fedora-clang-libcxx	6232836	13031932812	2345316	5607930	401859852	1553951902	NA	0
1989	2	eigen	fedora-clang-libcxx	6232836	13038165648	2345369	5607930	402049388	1554685343	NA	0
1990	2	eigen	fedora-clang-libcxx	6232825	13044398473	2345422	5607930	402238918	1555418773	NA	0
1991	2	eigen	fedora-clang-libcxx	6232830	13050631303	2345475	5607930	402428451	1556152212	NA	0
1992	2	eigen	fedora-clang-libcxx	6232830	13056864133	2345528	5607930	402617984	1556885644	NA	0
1993	2	eigen	fedora-clang-libcxx	6232862	13063096995	2345581	5607930	402807517	1557619085	NA	0
1994	2	eigen	fedora-clang-libcxx	6232903	13069329898	2345634	5607930	402996997	1558352414	NA	0
1995	2	eigen	fedora-clang-libcxx	6235703	13075565601	2345687	5607930	403186480	1559085937	NA	0
1996	2	eigen	fedora-clang-libcxx	6233443	13081799044	2345740	5607930	403375963	1559819352	NA	0
1997	2	eigen	fedora-clang-libcxx	6235831	13088034875	2345793	5607930	403565446	1560552877	NA	0
1998	2	eigen	fedora-clang-libcxx	6233475	13094268350	2345846	5607930	403754929	1561286291	NA	0
1999	2	eigen	fedora-clang-libcxx	6235959	13100504309	2345899	5607930	403944412	1562019821	NA	0
2000	2	eigen	fedora-clang-libcxx	6233507	13106737816	2345952	5607930	404133895	1562753236	NA	0
2001	2	eigen	fedora-clang-libcxx	6235735	13112973551	2346005	5607930	404323380	1563486759	NA	0
2002	2	eigen	fedora-clang-libcxx	6233451	13119207002	2346058	5607930	404512865	1564220176	NA	0
2003	2	eigen	fedora-clang-libcxx	6235863	13125442865	2346111	5607930	404702350	1564953705	NA	0
2004	2	eigen	fedora-clang-libcxx	6233483	13131676348	2346164	5607930	404891835	1565687123	NA	0
2005	2	eigen	fedora-clang-libcxx	6235991	13137912339	2346217	5607930	405081320	1566420651	NA	0
2006	2	eigen	fedora-clang-libcxx	6233515	13144145854	2346270	5607930	405270805	1567154068	NA	0
2007	2	eigen	fedora-clang-libcxx	6236151	13150382005	2346323	5607930	405460288	1567887598	NA	0
2008	2	eigen	fedora-clang-libcxx	6233555	13156615560	2346376	5607930	405649771	1568621019	NA	0
2009	2	eigen	fedora-clang-libcxx	6236279	13162851839	2346429	5607930	405839254	1569354553	NA	0
2010	2	eigen	fedora-clang-libcxx	6233587	13169085426	2346482	5607930	406028737	1570087975	NA	0
2011	2	eigen	fedora-clang-libcxx	6236407	13175321833	2346535	5607930	406218220	1570821511	NA	0
2012	2	eigen	fedora-clang-libcxx	6233619	13181555452	2346588	5607930	406407703	1571554934	NA	0
2013	2	eigen	fedora-clang-libcxx	6236183	13187791635	2346641	5607930	406597186	1572288461	NA	0
2014	2	eigen	fedora-clang-libcxx	6233563	13194025198	2346694	5607930	406786669	1573021880	NA	0
2015	2	eigen	fedora-clang-libcxx	6236311	13200261509	2346747	5607930	406976152	1573755406	NA	0
2016	2	eigen	fedora-clang-libcxx	6233595	13206495104	2346800	5607930	407165635	1574488826	NA	0
2017	2	eigen	fedora-clang-libcxx	6236439	13212731543	2346853	5607930	407355118	1575222356	NA	0
2018	2	eigen	fedora-clang-libcxx	6233627	13218965170	2346906	5607930	407544601	1575955774	NA	0
2019	2	eigen	fedora-clang-libcxx	6253433	13225218603	2346959	5607930	407734291	1576690532	NA	0
2020	2	eigen	fedora-clang-libcxx	6253434	13231472037	2347012	5607930	407923981	1577425289	NA	0
2021	2	eigen	fedora-clang-libcxx	6253459	13237725496	2347065	5607930	408113672	1578160055	NA	0
2022	2	eigen	fedora-clang-libcxx	6253471	13243978967	2347118	5607930	408303363	1578894825	NA	0
2023	2	eigen	fedora-clang-libcxx	6253365	13250232332	2347171	5607930	408493053	1579629579	NA	0
2024	2	eigen	fedora-clang-libcxx	6253366	13256485698	2347224	5607930	408682743	1580364330	NA	0
2025	2	eigen	fedora-clang-libcxx	6253379	13262739077	2347277	5607930	408872433	1581099088	NA	0
2026	2	eigen	fedora-clang-libcxx	6253380	13268992457	2347330	5607930	409062123	1581833847	NA	0
2027	2	eigen	fedora-clang-libcxx	6253346	13275245803	2347383	5607930	409251813	1582568592	NA	0
2028	2	eigen	fedora-clang-libcxx	6253346	13281499149	2347436	5607930	409441503	1583303337	NA	0
2029	2	eigen	fedora-clang-libcxx	6253359	13287752508	2347489	5607930	409631190	1584038086	NA	0
2030	2	eigen	fedora-clang-libcxx	6253345	13294005853	2347542	5607930	409820884	1584772833	NA	0
2031	2	eigen	fedora-clang-libcxx	6253345	13300259198	2347595	5607930	410010578	1585507579	NA	0
2032	2	eigen	fedora-clang-libcxx	6253345	13306512543	2347648	5607930	410200272	1586242321	NA	0
2033	2	eigen	fedora-clang-libcxx	6253350	13312765893	2347701	5607930	410389962	1586977064	NA	0
2034	2	eigen	fedora-clang-libcxx	6253343	13319019236	2347754	5607930	410579653	1587711804	NA	0
2035	2	eigen	fedora-clang-libcxx	6242210	13325261446	2347807	5607930	410769180	1588445563	NA	0
2036	2	eigen	fedora-clang-libcxx	6242211	13331503657	2347860	5607930	410958707	1589179322	NA	0
2037	2	eigen	fedora-clang-libcxx	6242229	13337745886	2347913	6002298	411148234	1589913093	NA	1
2038	2	eigen	fedora-clang-libcxx	6242230	13343988116	2347966	6002298	411337761	1590646863	NA	0
2039	2	eigen	fedora-clang-libcxx	6242216	13350230332	2348019	6002298	411527288	1591380619	NA	0
2040	2	eigen	fedora-clang-libcxx	6242251	13356472583	2348072	6002298	411716815	1592114378	NA	0
2041	2	eigen	fedora-clang-libcxx	6265896	13362738479	2348125	6002298	411906506	1592849912	NA	0
2042	2	eigen	fedora-clang-libcxx	6265896	13369004375	2348178	6002298	412096197	1593585441	NA	0
2043	2	eigen	fedora-clang-libcxx	6265897	13375270272	2348231	6002298	412285888	1594320975	NA	0
2044	2	eigen	fedora-clang-libcxx	6265897	13381536169	2348284	6002298	412475579	1595056504	NA	0
2045	2	eigen	fedora-clang-libcxx	6319036	13387855205	2348337	6002298	412668670	1595805819	NA	0
2046	2	eigen	fedora-clang-libcxx	6319043	13394174248	2348390	6002298	412861761	1596555135	NA	0
2047	2	eigen	fedora-clang-libcxx	6282078	13400456326	2348443	6002298	413052338	1597294404	NA	0
2048	2	eigen	fedora-clang-libcxx	6282246	13406738572	2348496	6002298	413242913	1598033716	NA	0
2049	2	eigen	fedora-clang-libcxx	6282105	13413020677	2348549	6002298	413433488	1598773003	NA	0
2050	2	eigen	fedora-clang-libcxx	6282122	13419302799	2348602	6002298	413624063	1599512301	NA	0
2051	2	eigen	fedora-clang-libcxx	6282121	13425584920	2348655	6002298	413814639	1600251593	NA	0
2052	2	eigen	fedora-clang-libcxx	6282000	13431866920	2348708	6002298	414005212	1600990844	NA	0
2053	2	eigen	fedora-clang-libcxx	6282103	13438149023	2348761	6002298	414195790	1601730112	NA	0
2054	2	eigen	fedora-clang-libcxx	6282137	13444431160	2348814	6002298	414386365	1602469387	NA	0
2055	2	eigen	fedora-clang-libcxx	6282101	13450713261	2348867	6002298	414576940	1603208655	NA	0
2056	2	eigen	fedora-clang-libcxx	6282115	13456995376	2348920	6002298	414767520	1603947933	NA	0
2057	2	eigen	fedora-clang-libcxx	6282481	13463277857	2348973	6002298	414958096	1604687234	NA	0
2058	2	eigen	fedora-clang-libcxx	6282382	13469560239	2349026	6002298	415148673	1605426519	NA	0
2059	2	eigen	fedora-clang-libcxx	6282093	13475842332	2349079	6002298	415339248	1606165780	NA	0
2060	2	eigen	fedora-clang-libcxx	6240616	13482082948	2349132	6002298	415528937	1606900001	NA	0
2061	2	eigen	fedora-clang-libcxx	6240605	13488323553	2349185	6002298	415718630	1607634215	NA	0
2062	2	eigen	fedora-clang-libcxx	6240627	13494564180	2349238	6002298	415908318	1608368439	NA	0
2063	2	eigen	fedora-clang-libcxx	6240675	13500804855	2349291	6002298	416098010	1609102666	NA	0
2064	2	eigen	fedora-clang-libcxx	6240690	13507045545	2349344	6002298	416287698	1609836899	NA	0
2065	2	eigen	fedora-clang-libcxx	6240743	13513286288	2349397	6002298	416477387	1610571139	NA	0
2066	2	eigen	fedora-clang-libcxx	6240667	13519526955	2349450	6002298	416667075	1611305376	NA	0
2067	2	eigen	fedora-clang-libcxx	6226132	13525753087	2349503	6002298	416856489	1612037977	NA	0
2068	2	eigen	fedora-clang-libcxx	6266352	13532019439	2349556	6002298	417046733	1612774815	NA	0
2069	2	eigen	fedora-clang-libcxx	6266510	13538285949	2349609	6002298	417236983	1613511661	NA	0
2070	2	eigen	fedora-clang-libcxx	6266429	13544552378	2349662	6002298	417427228	1614248517	NA	0
2071	2	eigen	fedora-clang-libcxx	6266340	13550818718	2349715	6002298	417617473	1614985352	NA	0
2072	2	eigen	fedora-clang-libcxx	6266780	13557085498	2349768	6002298	417807723	1615722240	NA	0
2073	2	eigen	fedora-clang-libcxx	6266456	13563351954	2349821	6002298	417997967	1616459087	NA	0
2074	2	eigen	fedora-clang-libcxx	6266354	13569618308	2349874	6002298	418188216	1617195921	NA	0
2075	2	eigen	fedora-clang-libcxx	6266534	13575884842	2349927	6002298	418378467	1617932773	NA	0
2076	2	eigen	fedora-clang-libcxx	6266410	13582151252	2349980	6002298	418568709	1618669615	NA	0
2077	2	eigen	fedora-clang-libcxx	7569886	13589721138	2350033	6002298	418802604	1619596719	NA	0
2078	2	eigen	fedora-clang-libcxx	7569874	13597291012	2350086	6002298	419036502	1620523822	NA	0
2079	2	eigen	fedora-clang-libcxx	7569967	13604860979	2350139	6002298	419270400	1621450934	NA	0
2080	2	eigen	fedora-clang-libcxx	7569874	13612430853	2350192	6002298	419504298	1622378039	NA	0
2081	2	eigen	fedora-clang-libcxx	7570706	13620001559	2350245	6002298	419738195	1623305252	NA	0
2082	2	eigen	fedora-clang-libcxx	7570716	13627572275	2350298	6002298	419972093	1624232462	NA	0
2083	2	eigen	fedora-clang-libcxx	7570185	13635142460	2350351	6002298	420205993	1625159603	NA	0
2084	2	eigen	fedora-clang-libcxx	7570446	13642712906	2350404	6002298	420439888	1626086784	NA	0
2085	2	eigen	fedora-clang-libcxx	7552460	13650265366	2350457	6002298	420673298	1627011096	NA	0
2086	2	eigen	fedora-clang-libcxx	7552384	13657817750	2350510	6002298	420906704	1627935404	NA	0
2087	2	eigen	fedora-clang-libcxx	7552396	13665370146	2350563	6002298	421140112	1628859729	NA	0
2088	2	eigen	fedora-clang-libcxx	7552396	13672922542	2350616	6002298	421373519	1629784035	NA	0
2089	2	eigen	fedora-clang-libcxx	7552314	13680474856	2350669	6002298	421606927	1630708317	NA	0
2090	2	eigen	fedora-clang-libcxx	7552314	13688027170	2350722	6002298	421840335	1631632598	NA	0
2091	2	eigen	fedora-clang-libcxx	6252170	13694279340	2350775	6002298	422030223	1632368092	NA	0
2092	2	eigen	fedora-clang-libcxx	6252297	13700531637	2350828	6002298	422220105	1633103621	NA	0
2093	2	eigen	fedora-clang-libcxx	6252173	13706783810	2350881	6002298	422409993	1633839133	NA	0
2094	2	eigen	fedora-clang-libcxx	6252353	13713036163	2350934	6002298	422599883	1634574678	NA	0
2095	2	eigen	fedora-clang-libcxx	6252290	13719288453	2350987	6002298	422789771	1635310210	NA	0
2096	2	eigen	fedora-clang-libcxx	6252287	13725540740	2351040	6002298	422979657	1636045752	NA	0
2097	2	eigen	fedora-clang-libcxx	6251947	13731792687	2351093	6002298	423169539	1636781245	NA	0
2098	2	eigen	fedora-clang-libcxx	6252006	13738044693	2351146	6002298	423359423	1637516747	NA	0
2099	2	eigen	fedora-clang-libcxx	6251908	13744296601	2351199	6002298	423549305	1638252225	NA	0
2100	2	eigen	fedora-clang-libcxx	6231291	13750527892	2351252	6002298	423738888	1638985604	NA	0
2101	2	eigen	fedora-clang-libcxx	6231292	13756759184	2351305	6002298	423928475	1639718988	NA	0
2102	2	eigen	fedora-clang-libcxx	6231292	13762990476	2351358	6002298	424118063	1640452376	NA	0
2103	2	eigen	fedora-clang-libcxx	6231292	13769221768	2351411	6002298	424307651	1641185766	NA	0
2104	2	eigen	fedora-clang-libcxx	6231292	13775453060	2351464	6002298	424497237	1641919152	NA	0
2105	2	eigen	fedora-clang-libcxx	6231308	13781684368	2351517	6002298	424686820	1642652542	NA	0
2106	2	eigen	fedora-clang-libcxx	6231314	13787915682	2351570	6002298	424876403	1643385923	NA	0
2107	2	eigen	fedora-clang-libcxx	6231307	13794146989	2351623	6002298	425065986	1644119307	NA	0
2108	2	eigen	fedora-clang-libcxx	6231293	13800378282	2351676	6002298	425255569	1644852682	NA	0
2109	2	eigen	fedora-clang-libcxx	6231283	13806609565	2351729	6002298	425445152	1645586064	NA	0
2110	2	eigen	fedora-clang-libcxx	6232501	13812842066	2351782	6002298	425634719	1646319502	NA	0
2111	2	eigen	fedora-clang-libcxx	6232489	13819074555	2351835	6002298	425824285	1647052937	NA	0
2112	2	eigen	fedora-clang-libcxx	6232489	13825307044	2351888	6002298	426013853	1647786378	NA	0
2113	2	eigen	fedora-clang-libcxx	6232585	13831539629	2351941	6002298	426203419	1648519829	NA	0
2114	2	eigen	fedora-clang-libcxx	6232730	13837772359	2351994	6002298	426392987	1649253284	NA	0
2115	2	eigen	fedora-clang-libcxx	6232494	13844004853	2352047	6002298	426582554	1649986721	NA	0
2116	2	eigen	fedora-clang-libcxx	6232586	13850237439	2352100	6002298	426772120	1650720177	NA	0
2117	2	eigen	fedora-clang-libcxx	6232490	13856469929	2352153	6002298	426961687	1651453613	NA	0
2118	2	eigen	fedora-clang-libcxx	6235366	13862705295	2352206	6002298	427151278	1652187293	NA	0
2119	2	eigen	fedora-clang-libcxx	6235252	13868940547	2352259	6248868	427340869	1652920958	NA	1
2120	2	eigen	fedora-clang-libcxx	6235190	13875175737	2352312	6248868	427530460	1653654611	NA	0
2121	2	eigen	fedora-clang-libcxx	6235191	13881410928	2352365	6248868	427720053	1654388269	NA	0
2122	2	eigen	fedora-clang-libcxx	6235191	13887646119	2352418	6248868	427909646	1655121928	NA	0
2123	2	eigen	fedora-clang-libcxx	6235174	13893881293	2352471	6248868	428099239	1655855576	NA	0
2124	2	eigen	fedora-clang-libcxx	6235258	13900116551	2352524	6248868	428288830	1656589234	NA	0
2125	2	eigen	fedora-clang-libcxx	6235260	13906351811	2352577	6248868	428478422	1657322894	NA	0
2126	2	eigen	fedora-clang-libcxx	6235260	13912587071	2352630	6248868	428668018	1658056548	NA	0
2127	2	eigen	fedora-clang-libcxx	6235178	13918822249	2352683	6248868	428857610	1658790188	NA	0
2128	2	eigen	fedora-clang-libcxx	6235177	13925057426	2352736	6248868	429047202	1659523837	NA	0
2129	2	eigen	fedora-clang-libcxx	6235180	13931292606	2352789	6248868	429236792	1660257486	NA	0
2130	2	eigen	fedora-clang-libcxx	6383833	13937676439	2352842	6248868	429431218	1661013349	NA	0
2131	2	eigen	fedora-clang-libcxx	6383833	13944060272	2352895	6248868	429625641	1661769219	NA	0
2132	2	eigen	fedora-clang-libcxx	6383492	13950443764	2352948	6248868	429820058	1662525050	NA	0
2133	2	eigen	fedora-clang-libcxx	6383292	13956827056	2353001	6248868	430014478	1663280844	NA	0
2134	2	eigen	fedora-clang-libcxx	6383487	13963210543	2353054	6248868	430208900	1664036664	NA	0
2135	2	eigen	fedora-clang-libcxx	6383351	13969593894	2353107	6248868	430403321	1664792469	NA	0
2136	2	eigen	fedora-clang-libcxx	6383268	13975977162	2353160	6248868	430597739	1665548266	NA	0
2137	2	eigen	fedora-clang-libcxx	6383268	13982360430	2353213	6248868	430792160	1666304065	NA	0
2138	2	eigen	fedora-clang-libcxx	6383193	13988743623	2353266	6248868	430986580	1667059855	NA	0
2139	2	eigen	fedora-clang-libcxx	6393490	13995137113	2353319	6248868	431181326	1667816924	NA	0
2140	2	eigen	fedora-clang-libcxx	6393750	14001530863	2353372	6248868	431376074	1668574021	NA	0
2141	2	eigen	fedora-clang-libcxx	6393319	14007924182	2353425	6248868	431570816	1669331072	NA	0
2142	2	eigen	fedora-clang-libcxx	6392773	14014316955	2353478	6248868	431765555	1670088062	NA	0
2143	2	eigen	fedora-clang-libcxx	6392775	14020709730	2353531	6248868	431960294	1670845048	NA	0
2144	2	eigen	fedora-clang-libcxx	6392831	14027102561	2353584	6248868	432155036	1671602043	NA	0
2145	2	eigen	fedora-clang-libcxx	6392747	14033495308	2353637	6248868	432349776	1672359025	NA	0
2146	2	eigen	fedora-clang-libcxx	6392747	14039888055	2353690	6248868	432544519	1673116009	NA	0
2147	2	eigen	fedora-clang-libcxx	6392674	14046280729	2353743	6248868	432739257	1673872986	NA	0
2148	2	eigen	fedora-clang-libcxx	6240449	14052521178	2353796	6248868	432928900	1674606935	NA	0
2149	2	eigen	fedora-clang-libcxx	6240449	14058761627	2353849	6248868	433118545	1675340889	NA	0
2150	2	eigen	fedora-clang-libcxx	6240366	14065001993	2353902	6248868	433308186	1676074831	NA	0
2151	2	eigen	fedora-clang-libcxx	6240529	14071242522	2353955	6248868	433497829	1676808795	NA	0
2152	2	eigen	fedora-clang-libcxx	6240529	14077483051	2354008	6248868	433687472	1677542767	NA	0
2153	2	eigen	fedora-clang-libcxx	6240532	14083723583	2354061	6248868	433877112	1678276731	NA	0
2154	2	eigen	fedora-clang-libcxx	6240462	14089964045	2354114	6248868	434066754	1679010683	NA	0
2155	2	eigen	fedora-clang-libcxx	6240876	14096204921	2354167	6248868	434256400	1679744679	NA	0
2156	2	eigen	fedora-clang-libcxx	6350876	14102555797	2354220	6248868	434450206	1680497107	NA	0
2157	2	eigen	fedora-clang-libcxx	6350878	14108906675	2354273	6248868	434644015	1681249542	NA	0
2158	2	eigen	fedora-clang-libcxx	6350879	14115257554	2354326	6248868	434837823	1682001981	NA	0
2159	2	eigen	fedora-clang-libcxx	6350926	14121608480	2354379	6248868	435031629	1682754429	NA	0
2160	2	eigen	fedora-clang-libcxx	6350883	14127959363	2354432	6248868	435225437	1683506867	NA	0
2161	2	eigen	fedora-clang-libcxx	6350883	14134310246	2354485	6248868	435419245	1684259307	NA	0
2162	2	eigen	fedora-clang-libcxx	6350884	14140661130	2354538	6248868	435613051	1685011747	NA	0
2163	2	eigen	fedora-clang-libcxx	6350878	14147012008	2354591	6248868	435806860	1685764188	NA	0
2164	2	eigen	fedora-clang-libcxx	6350879	14153362887	2354644	6248868	436000668	1686516626	NA	0
2165	2	eigen	fedora-clang-libcxx	6350879	14159713766	2354697	6248868	436194474	1687269066	NA	0
2166	2	eigen	fedora-clang-libcxx	6350879	14166064645	2354750	6248868	436388281	1688021505	NA	0
2167	2	eigen	fedora-clang-libcxx	6350878	14172415523	2354803	6248868	436582085	1688773940	NA	0
2168	2	eigen	fedora-clang-libcxx	6350879	14178766402	2354856	6248868	436775892	1689526376	NA	0
2169	2	eigen	fedora-clang-libcxx	6351338	14185117740	2354909	6248868	436969698	1690278874	NA	0
2170	2	eigen	fedora-clang-libcxx	6351072	14191468812	2354962	6248868	437163500	1691031336	NA	0
2171	2	eigen	fedora-clang-libcxx	7544987	14199013799	2355015	6248868	437396686	1691955117	NA	0
2172	2	eigen	fedora-clang-libcxx	7544987	14206558786	2355068	6248868	437629872	1692878899	NA	0
2173	2	eigen	fedora-clang-libcxx	7544986	14214103772	2355121	6248868	437863058	1693802683	NA	0
2174	2	eigen	fedora-clang-libcxx	7544991	14221648763	2355174	6248868	438096244	1694726475	NA	0
2175	2	eigen	fedora-clang-libcxx	7545006	14229193769	2355227	6248868	438329430	1695650271	NA	0
2176	2	eigen	fedora-clang-libcxx	7544985	14236738754	2355280	6248868	438562616	1696574052	NA	0
2177	2	eigen	fedora-clang-libcxx	7548927	14244287681	2355333	6248868	438795908	1697498383	NA	0
2178	2	eigen	fedora-clang-libcxx	7548944	14251836625	2355386	6248868	439029207	1698422734	NA	0
2179	2	eigen	fedora-clang-libcxx	7548939	14259385564	2355439	6248868	439262506	1699347075	NA	0
2180	2	eigen	fedora-clang-libcxx	7548957	14266934521	2355492	6248868	439495805	1700271424	NA	0
2181	2	eigen	fedora-clang-libcxx	7548931	14274483452	2355545	6248868	439729105	1701195755	NA	0
2182	2	eigen	fedora-clang-libcxx	7548924	14282032376	2355598	6248868	439962403	1702120085	NA	0
2183	2	eigen	fedora-clang-libcxx	7548032	14289580408	2355651	6248868	440195648	1703044298	NA	0
2184	2	eigen	fedora-clang-libcxx	7548049	14297128457	2355704	6248868	440428893	1703968532	NA	0
2185	2	eigen	fedora-clang-libcxx	7548057	14304676514	2355757	6248868	440662138	1704892756	NA	0
2186	2	eigen	fedora-clang-libcxx	7548060	14312224574	2355810	6248868	440895383	1705816983	NA	0
2187	2	eigen	fedora-clang-libcxx	7548038	14319772612	2355863	6248868	441128628	1706741196	NA	0
2188	2	eigen	fedora-clang-libcxx	7691901	14327464513	2355916	6248868	441366903	1707688085	NA	0
2189	2	eigen	fedora-clang-libcxx	7691901	14335156414	2355969	6248868	441605180	1708634978	NA	0
2190	2	eigen	fedora-clang-libcxx	7691915	14342848329	2356022	6248868	441843455	1709581875	NA	0
2191	2	eigen	fedora-clang-libcxx	7691998	14350540327	2356075	6248868	442081730	1710528780	NA	0
2192	2	eigen	fedora-clang-libcxx	7692074	14358232401	2356128	6248868	442320009	1711475698	NA	0
2193	2	eigen	fedora-clang-libcxx	7691890	14365924291	2356181	6248868	442558286	1712422584	NA	0
2194	2	eigen	fedora-clang-libcxx	7692207	14373616498	2356234	6248868	442796560	1713369507	NA	0
2195	2	eigen	fedora-clang-libcxx	7692823	14381309321	2356287	6248868	443034839	1714316490	NA	0
2196	2	eigen	fedora-clang-libcxx	7692000	14389001321	2356340	6248868	443273118	1715263395	NA	0
2197	2	eigen	fedora-clang-libcxx	7692211	14396693532	2356393	6248868	443511396	1716210300	NA	0
2198	2	eigen	fedora-clang-libcxx	7691890	14404385422	2356446	6279525	443749674	1717157182	NA	1
2199	2	eigen	fedora-clang-libcxx	7692552	14412077974	2356499	6279525	443987958	1718104158	NA	0
2200	2	eigen	fedora-clang-libcxx	7693179	14419771153	2356552	6279525	444226245	1719051193	NA	0
2201	2	eigen	fedora-clang-libcxx	7692300	14427463453	2356605	6279525	444464522	1719998132	NA	0
2202	2	eigen	fedora-clang-libcxx	7692087	14435155540	2356658	6279525	444702797	1720945047	NA	0
2203	2	eigen	fedora-clang-libcxx	7691891	14442847431	2356711	6279525	444941072	1721891937	NA	0
2204	2	eigen	fedora-clang-libcxx	7692091	14450539522	2356764	6279525	445179349	1722838868	NA	0
2205	2	eigen	fedora-clang-libcxx	7590031	14458129553	2356817	6279525	445413841	1723769048	NA	0
2206	2	eigen	fedora-clang-libcxx	7590030	14465719583	2356870	6279525	445648333	1724699226	NA	0
2207	2	eigen	fedora-clang-libcxx	7590034	14473309617	2356923	6279525	445882825	1725629407	NA	0
2208	2	eigen	fedora-clang-libcxx	7590033	14480899650	2356976	6279525	446117319	1726559590	NA	0
2209	2	eigen	fedora-clang-libcxx	7590033	14488489683	2357029	6279525	446351813	1727489773	NA	0
2210	2	eigen	fedora-clang-libcxx	7590037	14496079720	2357082	6279525	446586305	1728419954	NA	0
2211	2	eigen	fedora-clang-libcxx	7557368	14503637088	2357135	6279525	446819802	1729345319	NA	0
2212	2	eigen	fedora-clang-libcxx	7558288	14511195376	2357188	6279525	447053291	1730270814	NA	0
2213	2	eigen	fedora-clang-libcxx	7557392	14518752768	2357241	6279525	447286787	1731196192	NA	0
2214	2	eigen	fedora-clang-libcxx	7557368	14526310136	2357294	6279525	447520283	1732121568	NA	0
2215	2	eigen	fedora-clang-libcxx	7557281	14533867417	2357347	6279525	447753779	1733046928	NA	0
2216	2	eigen	fedora-clang-libcxx	7556184	14541423601	2357400	6279525	447987386	1733972728	NA	0
2217	2	eigen	fedora-clang-libcxx	7556192	14548979793	2357453	6279525	448220993	1734898538	NA	0
2218	2	eigen	fedora-clang-libcxx	7556232	14556536025	2357506	6279525	448454600	1735824366	NA	0
2219	2	eigen	fedora-clang-libcxx	7556182	14564092207	2357559	6279525	448688211	1736750184	NA	0
2220	2	eigen	fedora-clang-libcxx	7556102	14571648309	2357612	6279525	448921818	1737675983	NA	0
2221	2	eigen	fedora-clang-libcxx	7556209	14579204518	2357665	6279525	449155428	1738601815	NA	0
2222	2	eigen	fedora-clang-libcxx	7546611	14586751129	2357718	6279525	449388709	1739525862	NA	0
2223	2	eigen	fedora-clang-libcxx	7546870	14594297999	2357771	6279525	449621994	1740449950	NA	0
2224	2	eigen	fedora-clang-libcxx	7546623	14601844622	2357824	6279525	449855273	1741374005	NA	0
2225	2	eigen	fedora-clang-libcxx	7546611	14609391233	2357877	6279525	450088554	1742298053	NA	0
2226	2	eigen	fedora-clang-libcxx	7546152	14616937385	2357930	6279525	450321796	1743222003	NA	0
2227	2	eigen	fedora-clang-libcxx	7546152	14624483537	2357983	6279525	450555038	1744145952	NA	0
2228	2	eigen	fedora-clang-libcxx	7546156	14632029693	2358036	6279525	450788279	1745069903	NA	0
2229	2	eigen	fedora-clang-libcxx	7546158	14639575851	2358089	6279525	451021520	1745993852	NA	0
2230	2	eigen	fedora-clang-libcxx	7553553	14647129404	2358142	6279525	451254834	1746918490	NA	0
2231	2	eigen	fedora-clang-libcxx	7553755	14654683159	2358195	6279525	451488148	1747843148	NA	0
2232	2	eigen	fedora-clang-libcxx	7553565	14662236724	2358248	6279525	451721460	1748767792	NA	0
2233	2	eigen	fedora-clang-libcxx	7553553	14669790277	2358301	6279525	451954774	1749692432	NA	0
2234	2	eigen	fedora-clang-libcxx	7553555	14677343832	2358354	6279525	452188086	1750617070	NA	0
2235	2	eigen	fedora-clang-libcxx	6350210	14683694042	2358407	6279525	452381909	1751369517	NA	0
2236	2	eigen	fedora-clang-libcxx	6350202	14690044244	2358460	6279525	452575731	1752121973	NA	0
2237	2	eigen	fedora-clang-libcxx	6350205	14696394449	2358513	6279525	452769555	1752874434	NA	0
2238	2	eigen	fedora-clang-libcxx	6350447	14702744896	2358566	6279525	452963379	1753626923	NA	0
2239	2	eigen	fedora-clang-libcxx	6350113	14709095009	2358619	6279525	453157202	1754379365	NA	0
2240	2	eigen	fedora-clang-libcxx	6350230	14715445239	2358672	6279525	453351024	1755131820	NA	0
2241	2	eigen	fedora-clang-libcxx	6350228	14721795467	2358725	6279525	453544846	1755884288	NA	0
2242	2	eigen	fedora-clang-libcxx	6402113	14728197580	2358778	6279525	453739843	1756643059	NA	0
2243	2	eigen	fedora-clang-libcxx	6402134	14734599714	2358831	6279525	453934839	1757401839	NA	0
2244	2	eigen	fedora-clang-libcxx	6402139	14741001853	2358884	6279525	454129836	1758160618	NA	0
2245	2	eigen	fedora-clang-libcxx	6402118	14747403971	2358937	6279525	454324836	1758919377	NA	0
2246	2	eigen	fedora-clang-libcxx	6402117	14753806088	2358990	6279525	454519833	1759678142	NA	0
2247	2	eigen	fedora-clang-libcxx	6402116	14760208204	2359043	6279525	454714833	1760436908	NA	0
2248	2	eigen	fedora-clang-libcxx	6402116	14766610320	2359096	6279525	454909830	1761195684	NA	0
2249	2	eigen	fedora-clang-libcxx	6402116	14773012436	2359149	6279525	455104827	1761954459	NA	0
2250	2	eigen	fedora-clang-libcxx	6402127	14779414563	2359202	6279525	455299824	1762713234	NA	0
2251	2	eigen	fedora-clang-libcxx	6402128	14785816691	2359255	6279525	455494823	1763472016	NA	0
2252	2	eigen	fedora-clang-libcxx	6402128	14792218819	2359308	6279525	455689822	1764230797	NA	0
2253	2	eigen	fedora-clang-libcxx	6402166	14798620985	2359361	6279525	455884819	1764989590	NA	0
2254	2	eigen	fedora-clang-libcxx	6402166	14805023151	2359414	6279525	456079816	1765748385	NA	0
2255	2	eigen	fedora-clang-libcxx	6402130	14811425281	2359467	6279525	456274813	1766507175	NA	0
2256	2	eigen	fedora-clang-libcxx	6402132	14817827413	2359520	6279525	456469810	1767265965	NA	0
2257	2	eigen	fedora-clang-libcxx	6402130	14824229543	2359573	6279525	456664806	1768024751	NA	0
2258	2	eigen	fedora-clang-libcxx	6402138	14830631681	2359626	6279525	456859803	1768783536	NA	0
2259	2	eigen	fedora-clang-libcxx	6402138	14837033819	2359679	6279525	457054800	1769542323	NA	0
2260	2	eigen	fedora-clang-libcxx	6402145	14843435964	2359732	6279525	457249798	1770301097	NA	0
2261	2	eigen	fedora-clang-libcxx	6402319	14849838283	2359785	6279525	457444798	1771059894	NA	0
2262	2	eigen	fedora-clang-libcxx	6402203	14856240486	2359838	6279525	457639796	1771818691	NA	0
2263	2	eigen	fedora-clang-libcxx	6402319	14862642805	2359891	6279525	457834794	1772577494	NA	0
2264	2	eigen	fedora-clang-libcxx	6402203	14869045008	2359944	6279525	458029792	1773336291	NA	0
2265	2	eigen	fedora-clang-libcxx	6402100	14875447108	2359997	6279525	458224789	1774095063	NA	0
2266	2	eigen	fedora-clang-libcxx	6402100	14881849208	2360050	6279525	458419786	1774853836	NA	0
2267	2	eigen	fedora-clang-libcxx	6402125	14888251333	2360103	6279525	458614783	1775612615	NA	0
2268	2	eigen	fedora-clang-libcxx	6402125	14894653458	2360156	6279525	458809780	1776371400	NA	0
2269	2	eigen	fedora-clang-libcxx	6402160	14901055618	2360209	6279525	459004778	1777130193	NA	0
2270	2	eigen	fedora-clang-libcxx	6402160	14907457778	2360262	6279525	459199776	1777888987	NA	0
2271	2	eigen	fedora-clang-libcxx	6402268	14913860046	2360315	6279525	459394772	1778647789	NA	0
2272	2	eigen	fedora-clang-libcxx	6402271	14920262317	2360368	6279525	459589769	1779406591	NA	0
2273	2	eigen	fedora-clang-libcxx	6402106	14926664423	2360421	6279525	459784765	1780165367	NA	0
2274	2	eigen	fedora-clang-libcxx	6402105	14933066528	2360474	6279525	459979762	1780924139	NA	0
2275	2	eigen	fedora-clang-libcxx	6402102	14939468630	2360527	6692469	460174759	1781682909	NA	1
2276	2	eigen	fedora-clang-libcxx	6402098	14945870728	2360580	6692469	460369755	1782441678	NA	0
2277	2	eigen	fedora-clang-libcxx	6402100	14952272828	2360633	6692469	460564752	1783200447	NA	0
2278	2	eigen	fedora-clang-libcxx	6402110	14958674938	2360686	6692469	460759749	1783959219	NA	0
2279	2	eigen	fedora-clang-libcxx	6402110	14965077048	2360739	6692469	460954746	1784717991	NA	0
2280	2	eigen	fedora-clang-libcxx	6402124	14971479172	2360792	6692469	461149743	1785476765	NA	0
2281	2	eigen	fedora-clang-libcxx	6413056	14977892228	2360845	6692469	461345244	1786237610	NA	0
2282	2	eigen	fedora-clang-libcxx	6413057	14984305285	2360898	6692469	461540745	1786998454	NA	0
2283	2	eigen	fedora-clang-libcxx	6413059	14990718344	2360951	6692469	461736246	1787759298	NA	0
2284	2	eigen	fedora-clang-libcxx	6413060	14997131404	2361004	6692469	461931747	1788520146	NA	0
2285	2	eigen	fedora-clang-libcxx	6413496	15003544900	2361057	6692469	462127249	1789280967	NA	0
2286	2	eigen	fedora-clang-libcxx	6415482	15009960382	2361110	6692469	462322812	1790042170	NA	0
2287	2	eigen	fedora-clang-libcxx	6413654	15016374036	2361163	6692469	462518332	1790803054	NA	0
2288	2	eigen	fedora-clang-libcxx	6412691	15022786727	2361216	6692469	462713815	1791563717	NA	0
2289	2	eigen	fedora-clang-libcxx	6412691	15029199418	2361269	6692469	462909298	1792324379	NA	0
2290	2	eigen	fedora-clang-libcxx	6412703	15035612121	2361322	6692469	463104779	1793085053	NA	0
2291	2	eigen	fedora-clang-libcxx	6412703	15042024824	2361375	6692469	463300260	1793845727	NA	0
2292	2	eigen	fedora-clang-libcxx	6412717	15048437541	2361428	6692469	463495742	1794606398	NA	0
2293	2	eigen	fedora-clang-libcxx	6412702	15054850243	2361481	6692469	463691224	1795367066	NA	0
2294	2	eigen	fedora-clang-libcxx	6412701	15061262944	2361534	6692469	463886706	1796127730	NA	0
2295	2	eigen	fedora-clang-libcxx	6412708	15067675652	2361587	6692469	464082188	1796888401	NA	0
2296	2	eigen	fedora-clang-libcxx	6412708	15074088360	2361640	6692469	464277670	1797649080	NA	0
2297	2	eigen	fedora-clang-libcxx	6412710	15080501070	2361693	6692469	464473152	1798409761	NA	0
2298	2	eigen	fedora-clang-libcxx	6412687	15086913757	2361746	6692469	464668633	1799170424	NA	0
2299	2	eigen	fedora-clang-libcxx	6412687	15093326444	2361799	6692469	464864116	1799931087	NA	0
2300	2	eigen	fedora-clang-libcxx	6412700	15099739144	2361852	6692469	465059597	1800691752	NA	0
2301	2	eigen	fedora-clang-libcxx	6412711	15106151855	2361905	6692469	465255079	1801452429	NA	0
2302	2	eigen	fedora-clang-libcxx	6412716	15112564571	2361958	6692469	465450563	1802213113	NA	0
2303	2	eigen	fedora-clang-libcxx	6412716	15118977287	2362011	6692469	465646047	1802973796	NA	0
2304	2	eigen	fedora-clang-libcxx	6412753	15125390040	2362064	6692469	465841532	1803734477	NA	0
2305	2	eigen	fedora-clang-libcxx	6412753	15131802793	2362117	6692469	466037017	1804495163	NA	0
2306	2	eigen	fedora-clang-libcxx	6412714	15138215507	2362170	6692469	466232498	1805255846	NA	0
2307	2	eigen	fedora-clang-libcxx	6412716	15144628223	2362223	6692469	466427982	1806016529	NA	0
2308	2	eigen	fedora-clang-libcxx	6412714	15151040937	2362276	6692469	466623463	1806777205	NA	0
2309	2	eigen	fedora-clang-libcxx	6412868	15157453805	2362329	6692469	466818946	1807537888	NA	0
2310	2	eigen	fedora-clang-libcxx	6412868	15163866673	2362382	6692469	467014430	1808298582	NA	0
2311	2	eigen	fedora-clang-libcxx	6412906	15170279579	2362435	6692469	467209915	1809059271	NA	0
2312	2	eigen	fedora-clang-libcxx	6412790	15176692369	2362488	6692469	467405400	1809819961	NA	0
2313	2	eigen	fedora-clang-libcxx	6412906	15183105275	2362541	6692469	467600884	1810580655	NA	0
2314	2	eigen	fedora-clang-libcxx	6412790	15189518065	2362594	6692469	467796369	1811341348	NA	0
2315	2	eigen	fedora-clang-libcxx	6412690	15195930755	2362647	6692469	467991851	1812102015	NA	0
2316	2	eigen	fedora-clang-libcxx	6412689	15202343444	2362700	6692469	468187335	1812862679	NA	0
2317	2	eigen	fedora-clang-libcxx	6412686	15208756130	2362753	6692469	468382817	1813623342	NA	0
2318	2	eigen	fedora-clang-libcxx	6412687	15215168817	2362806	6692469	468578299	1814384003	NA	0
2319	2	eigen	fedora-clang-libcxx	6412729	15221581546	2362859	6692469	468773781	1815144684	NA	0
2320	2	eigen	fedora-clang-libcxx	6412701	15227994247	2362912	6692469	468969263	1815905350	NA	0
2321	2	eigen	fedora-clang-libcxx	6412702	15234406949	2362965	6692469	469164744	1816666014	NA	0
2322	2	eigen	fedora-clang-libcxx	6239804	15240646753	2363018	6692469	469354496	1817400464	NA	0
2323	2	eigen	fedora-clang-libcxx	6239803	15246886556	2363071	6692469	469544248	1818134914	NA	0
2324	2	eigen	fedora-clang-libcxx	6239804	15253126360	2363124	6692469	469734000	1818869364	NA	0
2325	2	eigen	fedora-clang-libcxx	6239803	15259366163	2363177	6692469	469923752	1819603813	NA	0
2326	2	eigen	fedora-clang-libcxx	6239845	15265606008	2363230	6692469	470113502	1820338281	NA	0
2327	2	eigen	fedora-clang-libcxx	6239846	15271845854	2363283	6692469	470303252	1821072749	NA	0
2328	2	eigen	fedora-clang-libcxx	6239845	15278085699	2363336	6692469	470493004	1821807217	NA	0
2329	2	eigen	fedora-clang-libcxx	6239804	15284325503	2363389	6692469	470682754	1822541670	NA	0
2330	2	eigen	fedora-clang-libcxx	6240057	15290565560	2363442	6692469	470872504	1823276160	NA	0
2331	2	eigen	fedora-clang-libcxx	6239814	15296805374	2363495	6692469	471062255	1824010605	NA	0
2332	2	eigen	fedora-clang-libcxx	6239828	15303045202	2363548	6692469	471252006	1824745055	NA	0
2333	2	eigen	fedora-clang-libcxx	6544689	15309589891	2363601	6692469	471452081	1825526147	NA	0
2334	2	eigen	fedora-clang-libcxx	6544693	15316134584	2363654	6692469	471652158	1826307233	NA	0
2335	2	eigen	fedora-clang-libcxx	6544655	15322679239	2363707	6692469	471852222	1827088321	NA	0
2336	2	eigen	fedora-clang-libcxx	6544452	15329223691	2363760	6692469	472052293	1827869387	NA	0
2337	2	eigen	fedora-clang-libcxx	6544460	15335768151	2363813	6692469	472252362	1828650456	NA	0
2338	2	eigen	fedora-clang-libcxx	6544461	15342312612	2363866	6692469	472452431	1829431522	NA	0
2339	2	eigen	fedora-clang-libcxx	6570903	15348883515	2363919	6692469	472653228	1830216388	NA	0
2340	2	eigen	fedora-clang-libcxx	6570907	15355454422	2363972	6692469	472854026	1831001252	NA	0
2341	2	eigen	fedora-clang-libcxx	6570570	15362024992	2364025	6692469	473054823	1831786075	NA	0
2342	2	eigen	fedora-clang-libcxx	6540175	15368565167	2364078	6692469	473254869	1832566612	NA	0
2343	2	eigen	fedora-clang-libcxx	6540176	15375105343	2364131	6692469	473454916	1833347145	NA	0
2344	2	eigen	fedora-clang-libcxx	6541386	15381646729	2364184	6692469	473654931	1834128039	NA	0
2345	2	eigen	fedora-clang-libcxx	6541476	15388188205	2364237	6692469	473854946	1834908940	NA	0
2346	2	eigen	fedora-clang-libcxx	6541478	15394729683	2364290	6692469	474054959	1835689844	NA	0
2347	2	eigen	fedora-clang-libcxx	6541401	15401271084	2364343	6692469	474254972	1836470734	NA	0
2348	2	eigen	fedora-clang-libcxx	6559497	15407830581	2364396	6692469	474455568	1837254239	NA	0
2349	2	eigen	fedora-clang-libcxx	6559446	15414390027	2364449	6692469	474656164	1838037713	NA	0
2350	2	eigen	fedora-clang-libcxx	6559501	15420949528	2364502	6692469	474856760	1838821221	NA	0
2351	2	eigen	fedora-clang-libcxx	6559446	15427508974	2364555	6692469	475057356	1839604701	NA	0
2352	2	eigen	fedora-clang-libcxx	6559500	15434068474	2364608	6692469	475257954	1840388214	NA	0
2353	2	eigen	fedora-clang-libcxx	6559446	15440627920	2364661	6692469	475458551	1841171697	NA	0
2354	2	eigen	fedora-clang-libcxx	6559449	15447187369	2364714	6692469	475659145	1841955180	NA	0
2355	2	eigen	fedora-clang-libcxx	6559446	15453746815	2364767	6692469	475859741	1842738661	NA	0
2356	2	eigen	fedora-clang-libcxx	6559449	15460306264	2364820	6692469	476060337	1843522138	NA	0
2357	2	eigen	fedora-clang-libcxx	6559505	15466865769	2364873	6692469	476260933	1844305643	NA	0
2358	2	eigen	fedora-clang-libcxx	6559522	15473425291	2364926	6783572	476461531	1845089152	NA	1
2359	2	eigen	fedora-clang-libcxx	6559452	15479984743	2364979	6783572	476662127	1845872633	NA	0
2360	2	eigen	fedora-clang-libcxx	6559425	15486544168	2365032	6783572	476862723	1846656107	NA	0
2361	2	eigen	fedora-clang-libcxx	6559425	15493103593	2365085	6783572	477063319	1847439583	NA	0
2362	2	eigen	fedora-clang-libcxx	6544333	15499647926	2365138	6783572	477263435	1848220942	NA	0
2363	2	eigen	fedora-clang-libcxx	6544518	15506192444	2365191	6783572	477463553	1849002307	NA	0
2364	2	eigen	fedora-clang-libcxx	6544335	15512736779	2365244	6783572	477663669	1849783657	NA	0
2365	2	eigen	fedora-clang-libcxx	6544279	15519281058	2365297	6783572	477863783	1850564999	NA	0
2366	2	eigen	fedora-clang-libcxx	6544246	15525825304	2365350	6783572	478063892	1851346332	NA	0
2367	2	eigen	fedora-clang-libcxx	7591158	15533416462	2365403	6783572	478298275	1852275638	NA	0
2368	2	eigen	fedora-clang-libcxx	7591126	15541007588	2365456	6783572	478532659	1853204948	NA	0
2369	2	eigen	fedora-clang-libcxx	7591119	15548598707	2365509	6783572	478767042	1854134251	NA	0
2370	2	eigen	fedora-clang-libcxx	7591037	15556189744	2365562	6783572	479001424	1855063555	NA	0
2371	2	eigen	fedora-clang-libcxx	7591053	15563780797	2365615	6783572	479235807	1855992859	NA	0
2372	2	eigen	fedora-clang-libcxx	7591055	15571371852	2365668	6783572	479470189	1856922159	NA	0
2373	2	eigen	fedora-clang-libcxx	7591131	15578962983	2365721	6783572	479704573	1857851480	NA	0
2374	2	eigen	fedora-clang-libcxx	7591312	15586554295	2365774	6783572	479938955	1858780802	NA	0
2375	2	eigen	fedora-clang-libcxx	7591045	15594145340	2365827	6783572	480173339	1859710096	NA	0
2376	2	eigen	fedora-clang-libcxx	6546346	15600691686	2365880	6783572	480373374	1860491294	NA	0
2377	2	eigen	fedora-clang-libcxx	6546347	15607238033	2365933	6783572	480573412	1861272494	NA	0
2378	2	eigen	fedora-clang-libcxx	6546347	15613784380	2365986	6783572	480773450	1862053693	NA	0
2379	2	eigen	fedora-clang-libcxx	6565753	15620350133	2366039	6783572	480974054	1862837296	NA	0
2380	2	eigen	fedora-clang-libcxx	6565754	15626915887	2366092	6783572	481174657	1863620900	NA	0
2381	2	eigen	fedora-clang-libcxx	6565754	15633481641	2366145	6783572	481375260	1864404504	NA	0
2382	2	eigen	fedora-clang-libcxx	6565755	15640047396	2366198	6783572	481575863	1865188110	NA	0
2383	2	eigen	fedora-clang-libcxx	6565842	15646613238	2366251	6783572	481776466	1865971723	NA	0
2384	2	eigen	fedora-clang-libcxx	6565834	15653179072	2366304	6783572	481977075	1866755342	NA	0
2385	2	eigen	fedora-clang-libcxx	6565872	15659744944	2366357	6783572	482177679	1867538955	NA	0
2386	2	eigen	fedora-clang-libcxx	6565852	15666310796	2366410	6783572	482378283	1868322574	NA	0
2387	2	eigen	fedora-clang-libcxx	6565834	15672876630	2366463	6783572	482578892	1869106191	NA	0
2388	2	eigen	fedora-clang-libcxx	6565832	15679442462	2366516	6783572	482779496	1869889801	NA	0
2389	2	eigen	fedora-clang-libcxx	6541155	15685983617	2366569	6783572	482979538	1870670384	NA	0
2390	2	eigen	fedora-clang-libcxx	6540888	15692524505	2366622	6783572	483179579	1871450935	NA	0
2391	2	eigen	fedora-clang-libcxx	6541084	15699065589	2366675	6783572	483379614	1872231515	NA	0
2392	2	eigen	fedora-clang-libcxx	6540998	15705606587	2366728	6783572	483579649	1873012068	NA	0
2393	2	eigen	fedora-clang-libcxx	6540902	15712147489	2366781	6783572	483779684	1873792614	NA	0
2394	2	eigen	fedora-clang-libcxx	6548589	15718696078	2366834	6783572	483979726	1874573548	NA	0
2395	2	eigen	fedora-clang-libcxx	6548322	15725244400	2366887	6783572	484179768	1875354455	NA	0
2396	2	eigen	fedora-clang-libcxx	6548518	15731792918	2366940	6783572	484379807	1876135388	NA	0
2397	2	eigen	fedora-clang-libcxx	6548420	15738341338	2366993	6783572	484579848	1876916291	NA	0
2398	2	eigen	fedora-clang-libcxx	6548336	15744889674	2367046	6783572	484779887	1877697189	NA	0
2399	2	eigen	fedora-clang-libcxx	6539910	15751429584	2367099	6783572	484979902	1878477583	NA	0
2400	2	eigen	fedora-clang-libcxx	6539649	15757969233	2367152	6783572	485179917	1879257947	NA	0
2401	2	eigen	fedora-clang-libcxx	6539841	15764509074	2367205	6783572	485379931	1880038338	NA	0
2402	2	eigen	fedora-clang-libcxx	6539745	15771048819	2367258	6783572	485579946	1880818696	NA	0
2403	2	eigen	fedora-clang-libcxx	6539663	15777588482	2367311	6783572	485779960	1881599051	NA	0
2404	2	eigen	fedora-clang-libcxx	6548616	15784137098	2367364	6783572	485980038	1882380160	NA	0
2405	2	eigen	fedora-clang-libcxx	6548355	15790685453	2367417	6783572	486180116	1883161241	NA	0
2406	2	eigen	fedora-clang-libcxx	6548547	15797234000	2367470	6783572	486380192	1883942347	NA	0
2407	2	eigen	fedora-clang-libcxx	6548451	15803782451	2367523	6783572	486580271	1884723422	NA	0
2408	2	eigen	fedora-clang-libcxx	6548369	15810330820	2367576	6783572	486780347	1885504492	NA	0
2409	2	eigen	fedora-clang-libcxx	6539975	15816870795	2367629	6783572	486980367	1886284907	NA	0
2410	2	eigen	fedora-clang-libcxx	6539711	15823410506	2367682	6783572	487180387	1887065293	NA	0
2411	2	eigen	fedora-clang-libcxx	6539905	15829950411	2367735	6783572	487380403	1887845702	NA	0
2412	2	eigen	fedora-clang-libcxx	6539808	15836490219	2367788	6783572	487580421	1888626081	NA	0
2413	2	eigen	fedora-clang-libcxx	6539725	15843029944	2367841	6783572	487780437	1889406456	NA	0
2414	2	eigen	fedora-clang-libcxx	6547602	15849577546	2367894	6783572	487980475	1890187324	NA	0
2415	2	eigen	fedora-clang-libcxx	6547338	15856124884	2367947	6783572	488180514	1890968165	NA	0
2416	2	eigen	fedora-clang-libcxx	6547532	15862672416	2368000	6783572	488380548	1891749030	NA	0
2417	2	eigen	fedora-clang-libcxx	6547435	15869219851	2368053	6783572	488580584	1892529862	NA	0
2418	2	eigen	fedora-clang-libcxx	6547352	15875767203	2368106	6783572	488780618	1893310692	NA	0
2419	2	eigen	fedora-clang-libcxx	7846641	15883613844	2368159	6783572	489025857	1894282055	NA	0
2420	2	eigen	fedora-clang-libcxx	7846641	15891460485	2368212	6783572	489271101	1895253415	NA	0
2421	2	eigen	fedora-clang-libcxx	7846641	15899307126	2368265	6783572	489516348	1896224779	NA	0
2422	2	eigen	fedora-clang-libcxx	7846641	15907153767	2368318	6783572	489761593	1897196150	NA	0
2423	2	eigen	fedora-clang-libcxx	7846641	15915000408	2368371	6783572	490006833	1898167515	NA	0
2424	2	eigen	fedora-clang-libcxx	7846641	15922847049	2368424	6783572	490252076	1899138883	NA	0
2425	2	eigen	fedora-clang-libcxx	7846641	15930693690	2368477	6783572	490497319	1900110246	NA	0
2426	2	eigen	fedora-clang-libcxx	7846641	15938540331	2368530	6783572	490742560	1901081608	NA	0
2427	2	eigen	fedora-clang-libcxx	7846753	15946387084	2368583	6783572	490987798	1902052985	NA	0
2428	2	eigen	fedora-clang-libcxx	7846751	15954233835	2368636	6783572	491233037	1903024365	NA	0
2429	2	eigen	fedora-clang-libcxx	7846629	15962080464	2368689	6783572	491478276	1903995716	NA	0
2430	2	eigen	fedora-clang-libcxx	7846872	15969927336	2368742	6783572	491723519	1904967109	NA	0
2431	2	eigen	fedora-clang-libcxx	7846872	15977774208	2368795	6783572	491968762	1905938504	NA	0
2432	2	eigen	fedora-clang-libcxx	7846965	15985621173	2368848	6783572	492214004	1906909905	NA	0
2433	2	eigen	fedora-clang-libcxx	7846845	15993468018	2368901	6783572	492459245	1907881281	NA	0
2434	2	eigen	fedora-clang-libcxx	7846848	16001314866	2368954	6783572	492704485	1908852655	NA	0
2435	2	eigen	fedora-clang-libcxx	7846626	16009161492	2369007	6932887	492949724	1909824004	NA	1
2436	2	eigen	fedora-clang-libcxx	7848025	16017009517	2369060	6932887	493194977	1910795478	NA	0
2437	2	eigen	fedora-clang-libcxx	7847513	16024857030	2369113	6932887	493440227	1911766907	NA	0
2438	2	eigen	fedora-clang-libcxx	7906765	16032763795	2369166	6932887	493686723	1912744920	NA	0
2439	2	eigen	fedora-clang-libcxx	7906469	16040670264	2369219	6932887	493933226	1913722879	NA	0
2440	2	eigen	fedora-clang-libcxx	7906229	16048576493	2369272	6932887	494179726	1914700827	NA	0
2441	2	eigen	fedora-clang-libcxx	7906249	16056482742	2369325	6932887	494426226	1915678782	NA	0
2442	2	eigen	fedora-clang-libcxx	7906616	16064389358	2369378	6932887	494672725	1916656798	NA	0
2443	2	eigen	fedora-clang-libcxx	7852529	16072241887	2369431	6932887	494918091	1917628751	NA	0
2444	2	eigen	fedora-clang-libcxx	7852480	16080094367	2369484	6932887	495163456	1918600705	NA	0
2445	2	eigen	fedora-clang-libcxx	7852472	16087946839	2369537	6932887	495408819	1919572663	NA	0
2446	2	eigen	fedora-clang-libcxx	7852502	16095799341	2369590	6932887	495654182	1920544620	NA	0
2447	2	eigen	fedora-clang-libcxx	7852343	16103651684	2369643	6932887	495899545	1921516555	NA	0
2448	2	eigen	fedora-clang-libcxx	7852327	16111504011	2369696	6932887	496144908	1922488478	NA	0
2449	2	eigen	fedora-clang-libcxx	7830285	16119334296	2369749	6932887	496389645	1923457676	NA	0
2450	2	eigen	fedora-clang-libcxx	7830045	16127164341	2369802	6932887	496634385	1924426845	NA	0
2451	2	eigen	fedora-clang-libcxx	7886114	16135050455	2369855	6932887	496880363	1925400783	NA	0
2452	2	eigen	fedora-clang-libcxx	7885977	16142936432	2369908	6932887	497126342	1926374710	NA	0
2453	2	eigen	fedora-clang-libcxx	7885853	16150822285	2369961	6932887	497372321	1927348634	NA	0
2454	2	eigen	fedora-clang-libcxx	7885915	16158708200	2370014	6932887	497618300	1928322553	NA	0
2455	2	eigen	fedora-clang-libcxx	7885899	16166594099	2370067	6932887	497864277	1929296468	NA	0
2456	2	eigen	fedora-clang-libcxx	7923753	16174517852	2370120	6932887	498112624	1930282930	NA	0
2457	2	eigen	fedora-clang-libcxx	7923754	16182441606	2370173	6932887	498360971	1931269391	NA	0
2458	2	eigen	fedora-clang-libcxx	7923769	16190365375	2370226	6932887	498609320	1932255859	NA	0
2459	2	eigen	fedora-clang-libcxx	7923872	16198289247	2370279	6932887	498857670	1933242332	NA	0
2460	2	eigen	fedora-clang-libcxx	6979881	16205269128	2370332	6932887	499067759	1934069402	NA	0
2461	2	eigen	fedora-clang-libcxx	6979733	16212248861	2370385	6932887	499277847	1934896449	NA	0
2462	2	eigen	fedora-clang-libcxx	6979928	16219228789	2370438	6932887	499487929	1935723517	NA	0
2463	2	eigen	fedora-clang-libcxx	6979881	16226208670	2370491	6932887	499698018	1936550573	NA	0
2464	2	eigen	fedora-clang-libcxx	7830950	16234039620	2370544	6932887	499942752	1937519638	NA	0
2465	2	eigen	fedora-clang-libcxx	7830882	16241870502	2370597	6932887	500187487	1938488701	NA	0
2466	2	eigen	fedora-clang-libcxx	7837864	16249708366	2370650	6932887	500432185	1939457959	NA	0
2467	2	eigen	fedora-clang-libcxx	7837879	16257546245	2370703	6932887	500676883	1940427225	NA	0
2468	2	eigen	fedora-clang-libcxx	7853255	16265399500	2370756	6932887	500922184	1941398602	NA	0
2469	2	eigen	fedora-clang-libcxx	7853269	16273252769	2370809	6932887	501167487	1942369991	NA	0
2470	2	eigen	fedora-clang-libcxx	7853260	16281106029	2370862	6932887	501412788	1943341376	NA	0
2471	2	eigen	fedora-clang-libcxx	7853255	16288959284	2370915	6932887	501658089	1944312757	NA	0
2472	2	eigen	fedora-clang-libcxx	7853269	16296812553	2370968	6932887	501903392	1945284144	NA	0
2473	2	eigen	fedora-clang-libcxx	7853260	16304665813	2371021	6932887	502148693	1946255530	NA	0
2474	2	eigen	fedora-clang-libcxx	7853363	16312519176	2371074	6932887	502393984	1947227027	NA	0
2475	2	eigen	fedora-clang-libcxx	7853377	16320372553	2371127	6932887	502639275	1948198534	NA	0
2476	2	eigen	fedora-clang-libcxx	7853368	16328225921	2371180	6932887	502884566	1949170041	NA	0
2477	2	eigen	fedora-clang-libcxx	7853366	16336079287	2371233	6932887	503129857	1950141540	NA	0
2478	2	eigen	fedora-clang-libcxx	7853358	16343932645	2371286	6932887	503375148	1951113033	NA	0
2479	2	eigen	fedora-clang-libcxx	7853487	16351786132	2371339	6932887	503620468	1952084631	NA	0
2480	2	eigen	fedora-clang-libcxx	7853501	16359639633	2371392	6932887	503865788	1953056240	NA	0
2481	2	eigen	fedora-clang-libcxx	7853492	16367493125	2371445	6932887	504111108	1954027846	NA	0
2482	2	eigen	fedora-clang-libcxx	7853527	16375346652	2371498	6932887	504356426	1954999450	NA	0
2483	2	eigen	fedora-clang-libcxx	7856886	16383203538	2371551	6932887	504601929	1955971612	NA	0
2484	2	eigen	fedora-clang-libcxx	7856809	16391060347	2371604	6932887	504847432	1956943775	NA	0
2485	2	eigen	fedora-clang-libcxx	7856800	16398917147	2371657	6932887	505092935	1957915937	NA	0
2486	2	eigen	fedora-clang-libcxx	7856862	16406774009	2371710	6932887	505338437	1958888103	NA	0
2487	2	eigen	fedora-clang-libcxx	7857159	16414631168	2371763	6932887	505583939	1959860289	NA	0
2488	2	eigen	fedora-clang-libcxx	7852635	16422483803	2371816	6932887	505829271	1960831866	NA	0
2489	2	eigen	fedora-clang-libcxx	7852649	16430336452	2371869	6932887	506074604	1961803455	NA	0
2490	2	eigen	fedora-clang-libcxx	7852640	16438189092	2371922	6932887	506319937	1962775040	NA	0
2491	2	eigen	fedora-clang-libcxx	7852614	16446041706	2371975	6932887	506565269	1963746620	NA	0
2492	2	eigen	fedora-clang-libcxx	7852614	16453894320	2372028	6932887	506810601	1964718198	NA	0
2493	2	eigen	fedora-clang-libcxx	7853875	16461748195	2372081	6932887	507055910	1965689815	NA	0
2494	2	eigen	fedora-clang-libcxx	7853890	16469602085	2372134	6932887	507301220	1966661437	NA	0
2495	2	eigen	fedora-clang-libcxx	7853918	16477456003	2372187	6932887	507546530	1967633054	NA	0
2496	2	eigen	fedora-clang-libcxx	7853933	16485309936	2372240	6932887	507791840	1968604677	NA	0
2497	2	eigen	fedora-clang-libcxx	7853877	16493163813	2372293	6932887	508037150	1969576289	NA	0
2498	2	eigen	fedora-clang-libcxx	7860544	16501024357	2372346	6932887	508282638	1970548620	NA	0
2499	2	eigen	fedora-clang-libcxx	7860559	16508884916	2372399	6932887	508528127	1971520957	NA	0
2500	2	eigen	fedora-clang-libcxx	7860548	16516745464	2372452	6932887	508773615	1972493289	NA	0
2501	2	eigen	fedora-clang-libcxx	7860563	16524606027	2372505	6932887	509019104	1973465622	NA	0
2502	2	eigen	fedora-clang-libcxx	7860550	16532466577	2372558	6932887	509264591	1974437953	NA	0
2503	2	eigen	fedora-clang-libcxx	7860546	16540327123	2372611	7361318	509510081	1975410285	NA	1
2504	2	eigen	fedora-clang-libcxx	7860550	16548187673	2372664	7361318	509755570	1976382614	NA	0
2505	2	eigen	fedora-clang-libcxx	7860565	16556048238	2372717	7361318	510001059	1977354953	NA	0
2506	2	eigen	fedora-clang-libcxx	7860565	16563908803	2372770	7361318	510246548	1978327291	NA	0
2507	2	eigen	fedora-clang-libcxx	7860547	16571769350	2372823	7361318	510492037	1979299621	NA	0
2508	2	eigen	fedora-clang-libcxx	7860552	16579629902	2372876	7361318	510737526	1980271947	NA	0
2509	2	eigen	fedora-clang-libcxx	7853156	16587483058	2372929	7361318	510982842	1981243550	NA	0
2510	2	eigen	fedora-clang-libcxx	7853171	16595336229	2372982	7361318	511228159	1982215161	NA	0
2511	2	eigen	fedora-clang-libcxx	7853173	16603189402	2373035	7361318	511473476	1983186768	NA	0
2512	2	eigen	fedora-clang-libcxx	7853160	16611042562	2373088	7361318	511718793	1984158374	NA	0
2513	2	eigen	fedora-clang-libcxx	7855774	16618898336	2373141	7361318	511964207	1985130450	NA	0
2514	2	eigen	fedora-clang-libcxx	7855789	16626754125	2373194	7361318	512209621	1986102539	NA	0
2515	2	eigen	fedora-clang-libcxx	7855784	16634609909	2373247	7361318	512455033	1987074626	NA	0
2516	2	eigen	fedora-clang-libcxx	7855799	16642465708	2373300	7361318	512700447	1988046718	NA	0
2517	2	eigen	fedora-clang-libcxx	7855785	16650321493	2373353	7361318	512945861	1989018803	NA	0
2518	2	eigen	fedora-clang-libcxx	7855800	16658177293	2373406	7361318	513191275	1989990891	NA	0
2519	2	eigen	fedora-clang-libcxx	7852817	16666030110	2373459	7361318	513436442	1990962356	NA	0
2520	2	eigen	fedora-clang-libcxx	7852739	16673882849	2373512	7361318	513681610	1991933807	NA	0
2521	2	eigen	fedora-clang-libcxx	7852819	16681735668	2373565	7361318	513926775	1992905271	NA	0
2522	2	eigen	fedora-clang-libcxx	7850448	16689586116	2373618	7361318	514171992	1993876383	NA	0
2523	2	eigen	fedora-clang-libcxx	7850463	16697436579	2373671	7361318	514417210	1994847505	NA	0
2524	2	eigen	fedora-clang-libcxx	7850860	16705287439	2373724	7361318	514662442	1995818640	NA	0
2525	2	eigen	fedora-clang-libcxx	7850875	16713138314	2373777	7361318	514907674	1996789791	NA	0
2526	2	eigen	fedora-clang-libcxx	7850875	16720989189	2373830	7361318	515152906	1997760933	NA	0
2527	2	eigen	fedora-clang-libcxx	7850675	16728839864	2373883	7361318	515398127	1998732077	NA	0
2528	2	eigen	fedora-clang-libcxx	7850690	16736690554	2373936	7361318	515643349	1999703231	NA	0
2529	2	eigen	fedora-clang-libcxx	7855420	16744545974	2373989	7361318	515888715	2000674965	NA	0
2530	2	eigen	fedora-clang-libcxx	7855421	16752401395	2374042	7361318	516134081	2001646702	NA	0
2531	2	eigen	fedora-clang-libcxx	7855435	16760256830	2374095	7361318	516379448	2002618444	NA	0
2532	2	eigen	fedora-clang-libcxx	7855436	16768112266	2374148	7361318	516624815	2003590188	NA	0
2533	2	eigen	fedora-clang-libcxx	7855444	16775967710	2374201	7361318	516870182	2004561928	NA	0
2534	2	eigen	fedora-clang-libcxx	7855445	16783823155	2374254	7361318	517115549	2005533666	NA	0
2535	2	eigen	fedora-clang-libcxx	7855446	16791678601	2374307	7361318	517360916	2006505406	NA	0
2536	2	eigen	fedora-clang-libcxx	7855447	16799534048	2374360	7361318	517606283	2007477142	NA	0
2537	2	eigen	fedora-clang-libcxx	7855436	16807389484	2374413	7361318	517851650	2008448878	NA	0
2538	2	eigen	fedora-clang-libcxx	7855436	16815244920	2374466	7361318	518097017	2009420616	NA	0
2539	2	eigen	fedora-clang-libcxx	7831348	16823076268	2374519	7361318	518341858	2010390403	NA	0
2540	2	eigen	fedora-clang-libcxx	7831363	16830907631	2374572	7361318	518586702	2011360200	NA	0
2541	2	eigen	fedora-clang-libcxx	7831362	16838738993	2374625	7361318	518831546	2012329991	NA	0
2542	2	eigen	fedora-clang-libcxx	7831374	16846570367	2374678	7361318	519076390	2013299771	NA	0
2543	2	eigen	fedora-clang-libcxx	7831357	16854401724	2374731	7361318	519321234	2014269549	NA	0
2544	2	eigen	fedora-clang-libcxx	7831371	16862233095	2374784	7361318	519566078	2015239328	NA	0
2545	2	eigen	fedora-clang-libcxx	7831375	16870064470	2374837	7361318	519810922	2016209107	NA	0
2546	2	eigen	fedora-clang-libcxx	7831683	16877896153	2374890	7361318	520055766	2017178937	NA	0
2547	2	eigen	fedora-clang-libcxx	7819005	16885715158	2374943	7361318	520300285	2018146621	NA	0
2548	2	eigen	fedora-clang-libcxx	7819020	16893534178	2374996	7361318	520544804	2019114312	NA	0
2549	2	eigen	fedora-clang-libcxx	7819002	16901353180	2375049	7361318	520789324	2020082000	NA	0
2550	2	eigen	fedora-clang-libcxx	7819002	16909172182	2375102	7361318	521033844	2021049681	NA	0
2551	2	eigen	fedora-clang-libcxx	6537571	16915709753	2375155	7361318	521233834	2021830148	NA	0
2552	2	eigen	fedora-clang-libcxx	6537571	16922247324	2375208	7361318	521433824	2022610610	NA	0
2553	2	eigen	fedora-clang-libcxx	6537579	16928784903	2375261	7361318	521633815	2023391067	NA	0
2554	2	eigen	fedora-clang-libcxx	6537579	16935322482	2375314	7361318	521833807	2024171526	NA	0
2555	2	eigen	fedora-clang-libcxx	6537579	16941860061	2375367	7361318	522033799	2024951985	NA	0
2556	2	eigen	fedora-clang-libcxx	6537580	16948397641	2375420	7361318	522233790	2025732447	NA	0
2557	2	eigen	fedora-clang-libcxx	6537580	16954935221	2375473	7361318	522433781	2026512907	NA	0
2558	2	eigen	fedora-clang-libcxx	6537580	16961472801	2375526	7361318	522633772	2027293368	NA	0
2559	2	eigen	fedora-clang-libcxx	6235278	16967708079	2375579	7361318	522823279	2028026849	NA	0
2560	2	eigen	fedora-clang-libcxx	6235280	16973943359	2375632	7361318	523012785	2028760328	NA	0
2561	2	eigen	fedora-clang-libcxx	6235268	16980178627	2375685	7361318	523202297	2029493799	NA	0
2562	2	eigen	fedora-clang-libcxx	6235268	16986413895	2375738	7361318	523391809	2030227273	NA	0
2563	2	eigen	fedora-clang-libcxx	6227440	16992641335	2375791	7361318	523581214	2030959941	NA	0
2564	2	eigen	fedora-clang-libcxx	6232220	16998873555	2375844	7361318	523770709	2031693106	NA	0
2565	2	eigen	fedora-clang-libcxx	7268275	17006141830	2375897	7361318	523995932	2032587536	NA	0
2566	2	eigen	fedora-clang-libcxx	7268240	17013410070	2375950	7361318	524221156	2033481965	NA	0
2567	2	eigen	fedora-clang-libcxx	7268278	17020678348	2376003	7361318	524446380	2034376408	NA	0
2568	2	eigen	fedora-clang-libcxx	7268288	17027946636	2376056	7361318	524671603	2035270848	NA	0
2569	2	eigen	fedora-clang-libcxx	7541398	17035488034	2376109	7361318	524904774	2036194238	NA	0
2570	2	eigen	fedora-clang-libcxx	7541363	17043029397	2376162	7361318	525137947	2037117626	NA	0
2571	2	eigen	fedora-clang-libcxx	7541401	17050570798	2376215	7361318	525371119	2038041028	NA	0
2572	2	eigen	fedora-clang-libcxx	7541411	17058112209	2376268	7361318	525604290	2038964428	NA	0
2573	2	eigen	fedora-clang-libcxx	6271908	17064384117	2376321	7361318	525794446	2039701863	NA	0
2574	2	eigen	fedora-clang-libcxx	6227496	17070611613	2376374	7361318	525983821	2040434438	NA	0
2575	2	eigen	fedora-clang-libcxx	6227168	17076838781	2376427	7479807	526173240	2041167198	NA	1
2576	2	eigen	fedora-clang-libcxx	6227215	17083065996	2376480	7479807	526362660	2041899967	NA	0
2577	2	eigen	fedora-clang-libcxx	6227042	17089293038	2376533	7479807	526552079	2042632714	NA	0
2578	2	eigen	fedora-clang-libcxx	6263669	17095556707	2376586	7479807	526742118	2043369008	NA	0
2579	2	eigen	fedora-clang-libcxx	6263679	17101820386	2376639	7479807	526932152	2044105301	NA	0
2580	2	eigen	fedora-clang-libcxx	6263790	17108084176	2376692	7479807	527122190	2044841628	NA	0
2581	2	eigen	fedora-clang-libcxx	6263670	17114347846	2376745	7479807	527312228	2045577920	NA	0
2582	2	eigen	fedora-clang-libcxx	6263852	17120611698	2376798	7479807	527502267	2046314233	NA	0
2583	2	eigen	fedora-clang-libcxx	6263730	17126875428	2376851	7479807	527692306	2047050548	NA	0
2584	2	eigen	fedora-clang-libcxx	6263784	17133139212	2376904	7479807	527882344	2047786861	NA	0
2585	2	eigen	fedora-clang-libcxx	6263664	17139402876	2376957	7479807	528072382	2048523152	NA	0
2586	2	eigen	fedora-clang-libcxx	6263744	17145666620	2377010	7479807	528262421	2049259468	NA	0
2587	2	eigen	fedora-clang-libcxx	6263850	17151930470	2377063	7479807	528452459	2049995775	NA	0
2588	2	eigen	fedora-clang-libcxx	6226796	17158157266	2377116	7479807	528641849	2050728361	NA	0
2589	2	eigen	fedora-clang-libcxx	6236106	17164393372	2377169	7479807	528831492	2051462118	NA	0
2590	2	eigen	fedora-clang-libcxx	6236080	17170629452	2377222	7479807	529021136	2052195836	NA	0
2591	2	eigen	fedora-clang-libcxx	6235860	17176865312	2377275	7479807	529210776	2052929548	NA	0
2592	2	eigen	fedora-clang-libcxx	6235783	17183101095	2377328	7479807	529400415	2053663263	NA	0
2593	2	eigen	fedora-clang-libcxx	6235828	17189336923	2377381	7479807	529590050	2054396981	NA	0
2594	2	eigen	fedora-clang-libcxx	6230275	17195567198	2377434	7479807	529780253	2055131411	NA	0
2595	2	eigen	fedora-clang-libcxx	6226300	17201793498	2377487	7479807	529969690	2055864083	NA	0
2596	2	eigen	fedora-clang-libcxx	6228783	17208022281	2377540	7479807	530159143	2056596837	NA	0
2597	2	eigen	fedora-clang-libcxx	6228785	17214251066	2377593	7479807	530348594	2057329594	NA	0
2598	2	eigen	fedora-clang-libcxx	6228803	17220479869	2377646	7479807	530538045	2058062357	NA	0
2599	2	eigen	fedora-clang-libcxx	6228797	17226708666	2377699	7479807	530727496	2058795116	NA	0
2600	2	eigen	fedora-clang-libcxx	6228809	17232937475	2377752	7479807	530916947	2059527879	NA	0
2601	2	eigen	fedora-clang-libcxx	6228821	17239166296	2377805	7479807	531106399	2060260642	NA	0
2602	2	eigen	fedora-clang-libcxx	6228823	17245395119	2377858	7479807	531295851	2060993405	NA	0
2603	2	eigen	fedora-clang-libcxx	6228845	17251623964	2377911	7479807	531485302	2061726161	NA	0
2604	2	eigen	fedora-clang-libcxx	6267801	17257891765	2377964	7479807	531674768	2062463171	NA	0
2605	2	eigen	fedora-clang-libcxx	6280830	17264172595	2378017	7479807	531864277	2063200992	NA	0
2606	2	eigen	fedora-clang-libcxx	6225039	17270397634	2378070	7479807	532053627	2063933362	NA	0
2607	2	eigen	fedora-clang-libcxx	6943574	17277341208	2378123	7479807	532262962	2064757184	NA	0
2608	2	eigen	fedora-clang-libcxx	6260470	17283601678	2378176	7479807	532453107	2065493629	NA	0
2609	2	eigen	fedora-clang-libcxx	6230177	17289831855	2378229	7479807	532642658	2066227041	NA	0
2610	2	eigen	fedora-clang-libcxx	6230178	17296062033	2378282	7479807	532832211	2066960450	NA	0
2611	2	eigen	fedora-clang-libcxx	6230178	17302292211	2378335	7479807	533021764	2067693859	NA	0
2612	2	eigen	fedora-clang-libcxx	6230179	17308522390	2378388	7479807	533211315	2068427272	NA	0
2613	2	eigen	fedora-clang-libcxx	6230170	17314752560	2378441	7479807	533400865	2069160686	NA	0
2614	2	eigen	fedora-clang-libcxx	6230171	17320982731	2378494	7479807	533590416	2069894098	NA	0
2615	2	eigen	fedora-clang-libcxx	6230183	17327212914	2378547	7479807	533779967	2070627514	NA	0
2616	2	eigen	fedora-clang-libcxx	6230184	17333443098	2378600	7479807	533969518	2071360928	NA	0
2617	2	eigen	fedora-clang-libcxx	6350753	17339793851	2378653	7479807	534163291	2072113401	NA	0
2618	2	eigen	fedora-clang-libcxx	6350753	17346144604	2378706	7479807	534357067	2072865877	NA	0
2619	2	eigen	fedora-clang-libcxx	6350753	17352495357	2378759	7479807	534550840	2073618356	NA	0
2620	2	eigen	fedora-clang-libcxx	6350753	17358846110	2378812	7479807	534744613	2074370837	NA	0
2621	2	eigen	fedora-clang-libcxx	6350754	17365196864	2378865	7479807	534938384	2075123317	NA	0
2622	2	eigen	fedora-clang-libcxx	6350754	17371547618	2378918	7479807	535132158	2075875798	NA	0
2623	2	eigen	fedora-clang-libcxx	6350754	17377898372	2378971	7479807	535325932	2076628279	NA	0
2624	2	eigen	fedora-clang-libcxx	6350754	17384249126	2379024	7479807	535519705	2077380757	NA	0
2625	2	eigen	fedora-clang-libcxx	6350769	17390599895	2379077	7479807	535713476	2078133240	NA	0
2626	2	eigen	fedora-clang-libcxx	6350767	17396950662	2379130	7479807	535907249	2078885720	NA	0
2627	2	eigen	fedora-clang-libcxx	6350769	17403301431	2379183	7479807	536101019	2079638200	NA	0
2628	2	eigen	fedora-clang-libcxx	6350767	17409652198	2379236	7479807	536294792	2080390679	NA	0
2629	2	eigen	fedora-clang-libcxx	6350803	17416003001	2379289	7479807	536488562	2081143168	NA	0
2630	2	eigen	fedora-clang-libcxx	6350803	17422353804	2379342	7479807	536682336	2081895662	NA	0
2631	2	eigen	fedora-clang-libcxx	6350804	17428704608	2379395	7479807	536876110	2082648155	NA	0
2632	2	eigen	fedora-clang-libcxx	6350804	17435055412	2379448	7479807	537069883	2083400646	NA	0
2633	2	eigen	fedora-clang-libcxx	6247211	17441302623	2379501	7479807	537259692	2084135049	NA	0
2634	2	eigen	fedora-clang-libcxx	6247211	17447549834	2379554	7479807	537449499	2084869454	NA	0
2635	2	eigen	fedora-clang-libcxx	6247203	17453797037	2379607	7479807	537639295	2085603852	NA	0
2636	2	eigen	fedora-clang-libcxx	6247323	17460044360	2379660	7479807	537829090	2086338251	NA	0
2637	2	eigen	fedora-clang-libcxx	6246568	17466290928	2379713	7479807	538018881	2087072589	NA	0
2638	2	eigen	fedora-clang-libcxx	6247147	17472538075	2379766	7479807	538208673	2087806975	NA	0
2639	2	eigen	fedora-clang-libcxx	6234645	17478772720	2379819	7479807	538398147	2088540002	NA	0
2640	2	eigen	fedora-clang-libcxx	6950186	17485722906	2379872	7479807	538607665	2089364635	NA	0
2641	2	eigen	fedora-clang-libcxx	7732595	17493455501	2379925	7479807	538848760	2090318930	NA	0
2642	2	eigen	fedora-clang-libcxx	7732603	17501188104	2379978	7479807	539089855	2091273227	NA	0
2643	2	eigen	fedora-clang-libcxx	7732663	17508920767	2380031	7479807	539330950	2092227537	NA	0
2644	2	eigen	fedora-clang-libcxx	7732639	17516653406	2380084	7479807	539572045	2093181846	NA	0
2645	2	eigen	fedora-clang-libcxx	6241704	17522895110	2380137	7479807	539761882	2093916631	NA	0
2646	2	eigen	fedora-clang-libcxx	6224081	17529119191	2380152	7479807	539951201	2094648721	NA	0
2647	2	eigen	fedora-clang-libcxx	6224081	17535343272	2380167	7479807	540140520	2095380811	NA	0
2648	2	eigen	fedora-clang-libcxx	6224081	17541567353	2380182	7479807	540329839	2096112901	NA	0
2649	2	eigen	fedora-clang-libcxx	6224081	17547791434	2380197	7479807	540519158	2096844991	NA	0
2650	2	eigen	fedora-clang-libcxx	6224081	17554015515	2380212	7479807	540708477	2097577081	NA	0
2651	2	eigen	fedora-clang-libcxx	6224081	17560239596	2380227	7479807	540897796	2098309171	NA	0
2652	2	eigen	fedora-clang-libcxx	6314438	17566554034	2380280	7479807	541090701	2099057047	NA	0
2653	2	eigen	fedora-clang-libcxx	6327276	17572881310	2380333	7479807	541283641	2099805819	NA	0
2654	2	eigen	fedora-clang-libcxx	6327276	17579208586	2380386	7479807	541476581	2100554591	NA	0
2655	2	eigen	fedora-clang-libcxx	6327277	17585535863	2380439	7479807	541669522	2101303364	NA	0
2656	2	eigen	fedora-clang-libcxx	6317130	17591852993	2380492	7479807	541862512	2102051559	NA	0
2657	2	eigen	fedora-clang-libcxx	6312912	17598165905	2380545	7479807	542055324	2102799151	NA	0
2658	2	eigen	fedora-clang-libcxx	6314263	17604480168	2380598	7479807	542248167	2103546783	NA	0
2659	2	eigen	fedora-clang-libcxx	5344268	17609824436	2380651	7637162	542419628	2104185403	NA	1
2660	2	eigen	fedora-clang-libcxx	5344387	17615168823	2380704	7637162	542591082	2104823987	NA	0
2661	2	eigen	fedora-clang-libcxx	6227530	17621396353	2380757	7637162	542780549	2105556927	NA	0
2662	2	eigen	fedora-clang-libcxx	6051241	17627447594	2380810	7637162	542964408	2106272186	NA	0
2663	2	eigen	fedora-clang-libcxx	6238667	17633686261	2380863	7637162	543154210	2107006662	NA	0
2664	2	eigen	fedora-clang-libcxx	6238668	17639924929	2380916	7637162	543344011	2107741140	NA	0
2665	2	eigen	fedora-clang-libcxx	6238675	17646163604	2380969	7637162	543533813	2108475617	NA	0
2666	2	eigen	fedora-clang-libcxx	6238676	17652402280	2381022	7637162	543723611	2109210094	NA	0
2667	2	eigen	fedora-clang-libcxx	6345846	17658748126	2381075	7637162	543917278	2109962053	NA	0
2668	2	eigen	fedora-clang-libcxx	6235607	17664983733	2381128	7637162	544107191	2110696404	NA	0
2669	2	eigen	fedora-clang-libcxx	6235610	17671219343	2381181	7637162	544297104	2111430756	NA	0
2670	2	eigen	fedora-clang-libcxx	5573221	17676792564	2381234	7637162	544476033	2112105511	NA	0
2671	2	eigen	fedora-clang-libcxx	244	17676792808	2381286	7637162	544476058	2112105643	NA	0
2672	2	eigen	fedora-clang-libcxx	323	17676793131	2381338	7637162	544476081	2112105822	NA	0
2673	2	eigen	fedora-clang-libcxx	5360722	17682153853	2381391	7637162	544647671	2112744612	NA	0
2674	2	eigen	fedora-clang-libcxx	5360727	17687514580	2381444	7637162	544819261	2113383403	NA	0
2675	2	eigen	fedora-clang-libcxx	5360722	17692875302	2381497	7637162	544990851	2114022192	NA	0
2676	2	eigen	fedora-clang-libcxx	5360727	17698236029	2381550	7637162	545162441	2114660982	NA	0
2677	2	eigen	fedora-clang-libcxx	5360722	17703596751	2381603	7637162	545334035	2115299769	NA	0
2678	2	eigen	fedora-clang-libcxx	5360727	17708957478	2381656	7637162	545505629	2115938556	NA	0
2679	2	eigen	fedora-clang-libcxx	5360720	17714318198	2381709	7637162	545677219	2116577336	NA	0
2680	2	eigen	fedora-clang-libcxx	5360725	17719678923	2381762	7637162	545848809	2117216118	NA	0
2681	2	eigen	fedora-clang-libcxx	5360716	17725039639	2381815	7637162	546020399	2117854864	NA	0
2682	2	eigen	fedora-clang-libcxx	5360721	17730400360	2381868	7637162	546191989	2118493611	NA	0
2683	2	eigen	fedora-clang-libcxx	5360778	17735761138	2381921	7637162	546363579	2119132442	NA	0
2684	2	eigen	fedora-clang-libcxx	5360783	17741121921	2381974	7637162	546535169	2119771272	NA	0
2685	2	eigen	fedora-clang-libcxx	5360747	17746482668	2382027	7637162	546706759	2120410087	NA	0
2686	2	eigen	fedora-clang-libcxx	5360752	17751843420	2382080	7637162	546878349	2121048901	NA	0
2687	2	eigen	fedora-clang-libcxx	5360751	17757204171	2382133	7637162	547049939	2121687709	NA	0
2688	2	eigen	fedora-clang-libcxx	5360756	17762564927	2382186	7637162	547221529	2122326519	NA	0
2689	2	eigen	fedora-clang-libcxx	5360791	17767925718	2382239	7637162	547393125	2122965332	NA	0
2690	2	eigen	fedora-clang-libcxx	5360796	17773286514	2382292	7637162	547564721	2123604144	NA	0
2691	2	eigen	fedora-clang-libcxx	5360785	17778647299	2382345	7637162	547736317	2124242950	NA	0
2692	2	eigen	fedora-clang-libcxx	5360790	17784008089	2382398	7637162	547907913	2124881756	NA	0
2693	2	eigen	fedora-clang-libcxx	5360789	17789368878	2382451	7637162	548079509	2125520577	NA	0
2694	2	eigen	fedora-clang-libcxx	5360794	17794729672	2382504	7637162	548251105	2126159397	NA	0
2695	2	eigen	fedora-clang-libcxx	5360784	17800090456	2382557	7637162	548422701	2126798166	NA	0
2696	2	eigen	fedora-clang-libcxx	5360789	17805451245	2382610	7637162	548594297	2127436934	NA	0
2697	2	eigen	fedora-clang-libcxx	5360703	17810811948	2382663	7637162	548765887	2128075709	NA	0
2698	2	eigen	fedora-clang-libcxx	5360708	17816172656	2382716	7637162	548937477	2128714485	NA	0
2699	2	eigen	fedora-clang-libcxx	5360725	17821533381	2382769	7637162	549109067	2129353272	NA	0
2700	2	eigen	fedora-clang-libcxx	5360730	17826894111	2382822	7637162	549280657	2129992059	NA	0
2701	2	eigen	fedora-clang-libcxx	5360749	17832254860	2382875	7637162	549452247	2130630850	NA	0
2702	2	eigen	fedora-clang-libcxx	5360754	17837615614	2382928	7637162	549623837	2131269642	NA	0
2703	2	eigen	fedora-clang-libcxx	5360795	17842976409	2382981	7637162	549795431	2131908447	NA	0
2704	2	eigen	fedora-clang-libcxx	5360800	17848337209	2383034	7637162	549967025	2132547255	NA	0
2705	2	eigen	fedora-clang-libcxx	5360807	17853698016	2383087	7637162	550138619	2133186062	NA	0
2706	2	eigen	fedora-clang-libcxx	5360802	17859058818	2383140	7637162	550310213	2133824869	NA	0
2707	2	eigen	fedora-clang-libcxx	5360735	17864419553	2383193	7637162	550481803	2134463673	NA	0
2708	2	eigen	fedora-clang-libcxx	5360740	17869780293	2383246	7637162	550653393	2135102476	NA	0
2709	2	eigen	fedora-clang-libcxx	5360726	17875141019	2383299	7637162	550824983	2135741277	NA	0
2710	2	eigen	fedora-clang-libcxx	5360731	17880501750	2383352	7637162	550996573	2136380077	NA	0
2711	2	eigen	fedora-clang-libcxx	5360753	17885862503	2383405	7637162	551168169	2137018887	NA	0
2712	2	eigen	fedora-clang-libcxx	5360758	17891223261	2383458	7637162	551339765	2137657694	NA	0
2713	2	eigen	fedora-clang-libcxx	5360753	17896584014	2383511	7637162	551511361	2138296507	NA	0
2714	2	eigen	fedora-clang-libcxx	5360758	17901944772	2383564	7637162	551682957	2138935317	NA	0
2715	2	eigen	fedora-clang-libcxx	5360751	17907305523	2383617	7637162	551854553	2139574075	NA	0
2716	2	eigen	fedora-clang-libcxx	5360756	17912666279	2383670	7637162	552026149	2140212834	NA	0
2717	2	eigen	fedora-clang-libcxx	5360744	17918027023	2383723	7637162	552197745	2140851634	NA	0
2718	2	eigen	fedora-clang-libcxx	5360749	17923387772	2383776	7637162	552369341	2141490435	NA	0
2719	2	eigen	fedora-clang-libcxx	5360807	17928748579	2383829	7637162	552540937	2142129308	NA	0
2720	2	eigen	fedora-clang-libcxx	5360813	17934109392	2383882	7637162	552712533	2142768180	NA	0
2721	2	eigen	fedora-clang-libcxx	5360778	17939470170	2383935	7637162	552884129	2143407040	NA	0
2722	2	eigen	fedora-clang-libcxx	5360783	17944830953	2383988	7637162	553055725	2144045901	NA	0
2723	2	eigen	fedora-clang-libcxx	5360782	17950191735	2384041	7637162	553227321	2144684879	NA	0
2724	2	eigen	fedora-clang-libcxx	5360787	17955552522	2384094	7637162	553398917	2145323858	NA	0
2725	2	eigen	fedora-clang-libcxx	5360675	17960913197	2384147	7637162	553570514	2145962617	NA	0
2726	2	eigen	fedora-clang-libcxx	5360668	17966273865	2384200	7637162	553742111	2146601373	NA	0
2727	2	eigen	fedora-clang-libcxx	5360651	17971634516	2384253	7637162	553913705	2147240134	NA	0
2728	2	eigen	fedora-clang-libcxx	5360651	17976995167	2384306	7637162	554085299	2147878893	NA	0
2729	2	eigen	fedora-clang-libcxx	5360657	17982355824	2384359	7637162	554256894	2148517646	NA	0
2730	2	eigen	fedora-clang-libcxx	5360644	17987716468	2384412	7637162	554428489	2149156395	NA	0
2731	2	eigen	fedora-clang-libcxx	5360663	17993077131	2384465	7637162	554600083	2149795150	NA	0
2732	2	eigen	fedora-clang-libcxx	5360675	17998437806	2384518	7637162	554771677	2150433909	NA	0
2733	2	eigen	fedora-clang-libcxx	5360681	18003798487	2384571	7637162	554943274	2151072668	NA	0
2734	2	eigen	fedora-clang-libcxx	5360671	18009159158	2384624	7637162	555114870	2151711426	NA	0
2735	2	eigen	fedora-clang-libcxx	5360720	18014519878	2384677	7637162	555286467	2152350196	NA	0
2736	2	eigen	fedora-clang-libcxx	5360720	18019880598	2384730	7637162	555458063	2152988966	NA	0
2737	2	eigen	fedora-clang-libcxx	5360807	18025241405	2384783	7637162	555629661	2153627754	NA	0
2738	2	eigen	fedora-clang-libcxx	5360807	18030602212	2384836	7637162	555801259	2154266544	NA	0
2739	2	eigen	fedora-clang-libcxx	5360644	18035962856	2384889	7637162	555972854	2154905281	NA	0
2740	2	eigen	fedora-clang-libcxx	5360650	18041323506	2384942	7637162	556144447	2155544016	NA	0
2741	2	eigen	fedora-clang-libcxx	5360660	18046684166	2384995	7637162	556316040	2156182753	NA	0
2742	2	eigen	fedora-clang-libcxx	5360639	18052044805	2385048	7637162	556487634	2156821487	NA	0
2743	2	eigen	fedora-clang-libcxx	5360665	18057405470	2385101	7637162	556659227	2157460280	NA	0
2744	2	eigen	fedora-clang-libcxx	5360655	18062766125	2385154	7637162	556830819	2158099066	NA	0
2745	2	eigen	fedora-clang-libcxx	5360678	18068126803	2385207	7637162	557002412	2158737860	NA	0
2746	2	eigen	fedora-clang-libcxx	5360658	18073487461	2385260	7637162	557174004	2159376649	NA	0
2747	2	eigen	fedora-clang-libcxx	7327390	18080814851	2385313	7637162	557416165	2160300660	NA	0
2748	2	eigen	fedora-clang-libcxx	7327383	18088142234	2385366	7637162	557658326	2161224670	NA	0
2749	2	eigen	fedora-clang-libcxx	7327351	18095469585	2385419	7637162	557900485	2162148673	NA	0
2750	2	eigen	fedora-clang-libcxx	7327351	18102796936	2385472	7637162	558142644	2163072671	NA	0
2751	2	eigen	fedora-clang-libcxx	7327361	18110124297	2385525	7637162	558384804	2163996678	NA	0
2752	2	eigen	fedora-clang-libcxx	7327348	18117451645	2385578	7637162	558626963	2164920677	NA	0
2753	2	eigen	fedora-clang-libcxx	7327344	18124778989	2385631	7637162	558869121	2165844675	NA	0
2754	2	eigen	fedora-clang-libcxx	7327356	18132106345	2385684	7637162	559111279	2166768678	NA	0
2755	2	eigen	fedora-clang-libcxx	7327404	18139433749	2385737	8098124	559353440	2167692698	NA	1
2756	2	eigen	fedora-clang-libcxx	7327394	18146761143	2385790	8098124	559595601	2168616717	NA	0
2757	2	eigen	fedora-clang-libcxx	7327418	18154088561	2385843	8098124	559837764	2169540700	NA	0
2758	2	eigen	fedora-clang-libcxx	7327418	18161415979	2385896	8098124	560079928	2170464688	NA	0
2759	2	eigen	fedora-clang-libcxx	5435617	18166851596	2385949	8098124	560254109	2171115437	NA	0
2760	2	eigen	fedora-clang-libcxx	5435613	18172287209	2386002	8098124	560428291	2171766190	NA	0
2761	2	eigen	fedora-clang-libcxx	5435605	18177722814	2386055	8098124	560602472	2172416984	NA	0
2762	2	eigen	fedora-clang-libcxx	5435601	18183158415	2386108	8098124	560776653	2173067780	NA	0
2763	2	eigen	fedora-clang-libcxx	5431962	18188590377	2386161	8098124	560951324	2173719308	NA	0
2764	2	eigen	fedora-clang-libcxx	5431958	18194022335	2386214	8098124	561125995	2174370837	NA	0
2765	2	eigen	fedora-clang-libcxx	5431967	18199454302	2386267	8098124	561300666	2175022354	NA	0
2766	2	eigen	fedora-clang-libcxx	5431963	18204886265	2386320	8098124	561475337	2175673872	NA	0
2767	2	eigen	fedora-clang-libcxx	5894623	18210780888	2386373	8098124	561663011	2176376982	NA	0
2768	2	eigen	fedora-clang-libcxx	5894619	18216675507	2386426	8098124	561850685	2177080095	NA	0
2769	2	eigen	fedora-clang-libcxx	5894649	18222570156	2386479	8098124	562038362	2177783205	NA	0
2770	2	eigen	fedora-clang-libcxx	5894645	18228464801	2386532	8098124	562226039	2178486320	NA	0
2771	2	eigen	fedora-clang-libcxx	5894653	18234359454	2386585	8098124	562413716	2179189434	NA	0
2772	2	eigen	fedora-clang-libcxx	5894649	18240254103	2386638	8098124	562601393	2179892552	NA	0
2773	2	eigen	fedora-clang-libcxx	6003323	18246257426	2386691	8098124	562793088	2180614069	NA	0
2774	2	eigen	fedora-clang-libcxx	6003319	18252260745	2386744	8098124	562984783	2181335586	NA	0
2775	2	eigen	fedora-clang-libcxx	6003311	18258264056	2386797	8098124	563176478	2182057057	NA	0
2776	2	eigen	fedora-clang-libcxx	6003307	18264267363	2386850	8098124	563368173	2182778528	NA	0
2777	2	eigen	fedora-clang-libcxx	7087952	18271355315	2386903	8098124	563598903	2183665306	NA	0
2778	2	eigen	fedora-clang-libcxx	7087948	18278443263	2386956	8098124	563829633	2184552080	NA	0
2779	2	eigen	fedora-clang-libcxx	7087955	18285531218	2387009	8098124	564060363	2185438888	NA	0
2780	2	eigen	fedora-clang-libcxx	7087985	18292619203	2387062	8098124	564291093	2186325700	NA	0
2781	2	eigen	fedora-clang-libcxx	5360641	18297979844	2387115	8098124	564462680	2186964458	NA	0
2782	2	eigen	fedora-clang-libcxx	5360647	18303340491	2387168	8098124	564634267	2187603217	NA	0
2783	2	eigen	fedora-clang-libcxx	5360694	18308701185	2387221	8098124	564805853	2188241983	NA	0
2784	2	eigen	fedora-clang-libcxx	5360706	18314061891	2387274	8098124	564977439	2188880751	NA	0
2785	2	eigen	fedora-clang-libcxx	5640780	18319702671	2387327	8098124	565155278	2189549043	NA	0
2786	2	eigen	fedora-clang-libcxx	5640806	18325343477	2387380	8098124	565333117	2190217338	NA	0
2787	2	eigen	fedora-clang-libcxx	5640775	18330984252	2387433	8098124	565510956	2190885700	NA	0
2788	2	eigen	fedora-clang-libcxx	5640801	18336625053	2387486	8098124	565688795	2191554066	NA	0
2789	2	eigen	fedora-clang-libcxx	5640790	18342265843	2387539	8098124	565866638	2192222437	NA	0
2790	2	eigen	fedora-clang-libcxx	5640790	18347906633	2387592	8098124	566044481	2192890807	NA	0
2791	2	eigen	fedora-clang-libcxx	6394752	18354301385	2387645	8098124	566240777	2193646373	NA	0
2792	2	eigen	fedora-clang-libcxx	6232510	18360533895	2387698	8098124	566432641	2194380378	NA	0
2793	2	eigen	fedora-clang-libcxx	6264626	18366798521	2387751	8098124	566623213	2195118638	NA	0
2794	2	eigen	fedora-clang-libcxx	6264627	18373063148	2387804	8098124	566813784	2195856897	NA	0
2795	2	eigen	fedora-clang-libcxx	6264641	18379327789	2387857	8098124	567004356	2196595155	NA	0
2796	2	eigen	fedora-clang-libcxx	6264642	18385592431	2387910	8098124	567194931	2197333414	NA	0
2797	2	eigen	fedora-clang-libcxx	6264643	18391857074	2387963	8098124	567385504	2198071675	NA	0
2798	2	eigen	fedora-clang-libcxx	6264641	18398121715	2388016	8098124	567576076	2198809938	NA	0
2799	2	eigen	fedora-clang-libcxx	6264642	18404386357	2388069	8098124	567766651	2199548194	NA	0
2800	2	eigen	fedora-clang-libcxx	6270268	18410656625	2388122	8098124	567957587	2200287811	NA	0
2801	2	eigen	fedora-clang-libcxx	6270268	18416926893	2388175	8098124	568148523	2201027434	NA	0
2802	2	eigen	fedora-clang-libcxx	6270270	18423197163	2388228	8098124	568339460	2201767058	NA	0
2803	2	eigen	fedora-clang-libcxx	6270269	18429467432	2388281	8098124	568530397	2202506676	NA	0
2804	2	eigen	fedora-clang-libcxx	6270513	18435737945	2388334	8098124	568721341	2203246309	NA	0
2805	2	eigen	fedora-clang-libcxx	6566171	18442304116	2388387	8098124	568922197	2204030899	NA	0
2806	2	eigen	fedora-clang-libcxx	6566224	18448870340	2388440	8098124	569123054	2204815497	NA	0
2807	2	eigen	fedora-clang-libcxx	6566171	18455436511	2388493	8098124	569323910	2205600084	NA	0
2808	2	eigen	fedora-clang-libcxx	7654885	18463091396	2388550	8098124	569560681	2206541163	NA	0
2809	2	eigen	fedora-clang-libcxx	7654992	18470746388	2388568	8098124	569797452	2207482244	NA	0
2810	2	eigen	fedora-clang-libcxx	7654816	18478401204	2388586	8098124	570034221	2208423322	NA	0
2811	2	eigen	fedora-clang-libcxx	7654758	18486055962	2388604	8098124	570270990	2209364401	NA	0
2812	2	eigen	fedora-clang-libcxx	7654771	18493710733	2388622	8098124	570507759	2210305480	NA	0
2813	2	eigen	fedora-clang-libcxx	7654672	18501365405	2388640	8098124	570744528	2211246542	NA	0
2814	2	eigen	fedora-clang-libcxx	7654932	18509020337	2388658	8098124	570981299	2212187635	NA	0
2815	2	eigen	fedora-clang-libcxx	7654654	18516674991	2388676	8098124	571218068	2213128693	NA	0
2816	2	eigen	fedora-clang-libcxx	7654688	18524329679	2388694	8098124	571454837	2214069754	NA	0
2817	2	eigen	fedora-clang-libcxx	7648380	18531978059	2388747	8098124	571691336	2215009581	NA	0
2818	2	eigen	fedora-clang-libcxx	7648360	18539626419	2388800	8098124	571927835	2215949406	NA	0
2819	2	eigen	fedora-clang-libcxx	7648460	18547274879	2388853	8098124	572164334	2216889247	NA	0
2820	2	eigen	fedora-clang-libcxx	7648281	18554923160	2388906	8098124	572400833	2217829058	NA	0
2821	2	eigen	fedora-clang-libcxx	7648303	18562571463	2388959	8098124	572637332	2218768881	NA	0
2822	2	eigen	fedora-clang-libcxx	7648282	18570219745	2389012	8098124	572873833	2219708696	NA	0
2823	2	eigen	fedora-clang-libcxx	7648464	18577868209	2389065	8098124	573110332	2220648534	NA	0
2824	2	eigen	fedora-clang-libcxx	7653289	18585521498	2389118	8098124	573346955	2221588738	NA	0
2825	2	eigen	fedora-clang-libcxx	7653281	18593174779	2389171	8098124	573583580	2222528939	NA	0
2826	2	eigen	fedora-clang-libcxx	7653338	18600828117	2389224	8098124	573820205	2223469147	NA	0
2827	2	eigen	fedora-clang-libcxx	7653167	18608481284	2389277	8098124	574056828	2224409338	NA	0
2828	2	eigen	fedora-clang-libcxx	7653162	18616134446	2389330	8098124	574293454	2225349532	NA	0
2829	2	eigen	fedora-clang-libcxx	7653191	18623787637	2389383	8098124	574530072	2226289727	NA	0
2830	2	eigen	fedora-clang-libcxx	7653080	18631440717	2389436	8098124	574766700	2227229907	NA	0
2831	2	eigen	fedora-clang-libcxx	7653097	18639093814	2389489	8098124	575003320	2228170082	NA	0
2832	2	eigen	fedora-clang-libcxx	7653068	18646746882	2389542	8098124	575239946	2229110260	NA	0
2833	2	eigen	fedora-clang-libcxx	7653094	18654399976	2389595	8098124	575476567	2230050437	NA	0
2834	2	eigen	fedora-clang-libcxx	7653053	18662053029	2389648	8098124	575713188	2230990615	NA	0
2835	2	eigen	fedora-clang-libcxx	7653062	18669706091	2389701	8273674	575949811	2231930802	NA	1
2836	2	eigen	fedora-clang-libcxx	7644053	18677350144	2389754	8273674	576186157	2232869862	NA	0
2837	2	eigen	fedora-clang-libcxx	7644059	18684994203	2389807	8273674	576422503	2233808928	NA	0
2838	2	eigen	fedora-clang-libcxx	7644052	18692638255	2389860	8273674	576658849	2234747987	NA	0
2839	2	eigen	fedora-clang-libcxx	7644090	18700282345	2389913	8273674	576895195	2235687059	NA	0
2840	2	eigen	fedora-clang-libcxx	7644169	18707926514	2389966	8273674	577131541	2236626133	NA	0
2841	2	eigen	fedora-clang-libcxx	6511385	18714437899	2390019	8273674	577331486	2237402919	NA	0
2842	2	eigen	fedora-clang-libcxx	6439565	18720877464	2390072	8273674	577526848	2238160946	NA	0
2843	2	eigen	fedora-clang-libcxx	6563436	18727440900	2390125	8273674	577727532	2238944912	NA	0
2844	2	eigen	fedora-clang-libcxx	6563437	18734004337	2390178	8273674	577928217	2239728877	NA	0
2845	2	eigen	fedora-clang-libcxx	6563434	18740567771	2390231	8273674	578128901	2240512844	NA	0
2846	2	eigen	fedora-clang-libcxx	6563435	18747131206	2390284	8273674	578329586	2241296813	NA	0
2847	2	eigen	fedora-clang-libcxx	6563642	18753694848	2390337	8273674	578530268	2242080795	NA	0
2848	2	eigen	fedora-clang-libcxx	6253317	18759948165	2390390	8273674	578720631	2242817488	NA	0
2849	2	eigen	fedora-clang-libcxx	6253540	18766201705	2390443	8273674	578910994	2243554208	NA	0
2850	2	eigen	fedora-clang-libcxx	6253062	18772454767	2390496	8273674	579101356	2244290880	NA	0
2851	2	eigen	fedora-clang-libcxx	6253062	18778707829	2390549	8273674	579291718	2245027553	NA	0
2852	2	eigen	fedora-clang-libcxx	6253075	18784960904	2390602	8273674	579482080	2245764231	NA	0
2853	2	eigen	fedora-clang-libcxx	6253057	18791213961	2390655	8273674	579672443	2246500898	NA	0
2854	2	eigen	fedora-clang-libcxx	6253406	18797467367	2390708	8273674	579862804	2247237589	NA	0
2855	2	eigen	fedora-clang-libcxx	6253073	18803720440	2390761	8273674	580053166	2247974258	NA	0
2856	2	eigen	fedora-clang-libcxx	7863967	18811584407	2390814	8273674	580299420	2248951572	NA	0
2857	2	eigen	fedora-clang-libcxx	7863887	18819448294	2390867	8273674	580545673	2249928880	NA	0
2858	2	eigen	fedora-clang-libcxx	7864737	18827313031	2390920	8273674	580791928	2250906265	NA	0
2859	2	eigen	fedora-clang-libcxx	7864829	18835177860	2390973	8273674	581038185	2251883664	NA	0
2860	2	eigen	fedora-clang-libcxx	7864701	18843042561	2391026	8273674	581284446	2252861056	NA	0
2861	2	eigen	fedora-clang-libcxx	7863864	18850906425	2391079	8273674	581530699	2253838353	NA	0
2862	2	eigen	fedora-clang-libcxx	7600192	18858506617	2391132	8273674	581765044	2254767395	NA	0
2863	2	eigen	fedora-clang-libcxx	7600193	18866106810	2391185	8273674	581999388	2255696444	NA	0
2864	2	eigen	fedora-clang-libcxx	7600193	18873707003	2391238	8273674	582233733	2256625495	NA	0
2865	2	eigen	fedora-clang-libcxx	7600192	18881307195	2391291	8273674	582468081	2257554546	NA	0
2866	2	eigen	fedora-clang-libcxx	7600193	18888907388	2391344	8273674	582702426	2258483597	NA	0
2867	2	eigen	fedora-clang-libcxx	7600192	18896507580	2391397	8273674	582936769	2259412648	NA	0
2868	2	eigen	fedora-clang-libcxx	7600192	18904107772	2391450	8273674	583171116	2260341694	NA	0
2869	2	eigen	fedora-clang-libcxx	7600193	18911707965	2391503	8273674	583405467	2261270737	NA	0
2870	2	eigen	fedora-clang-libcxx	7600225	18919308190	2391556	8273674	583639812	2262199794	NA	0
2871	2	eigen	fedora-clang-libcxx	7600225	18926908415	2391609	8273674	583874157	2263128853	NA	0
2872	2	eigen	fedora-clang-libcxx	7600197	18934508612	2391662	8273674	584108503	2264057896	NA	0
2873	2	eigen	fedora-clang-libcxx	7600239	18942108851	2391715	8273674	584342848	2264986953	NA	0
2874	2	eigen	fedora-clang-libcxx	7594962	18949703813	2391768	8273674	584577021	2265914973	NA	0
2875	2	eigen	fedora-clang-libcxx	7594962	18957298775	2391821	8273674	584811195	2266843002	NA	0
2876	2	eigen	fedora-clang-libcxx	7594962	18964893737	2391874	8273674	585045372	2267771041	NA	0
2877	2	eigen	fedora-clang-libcxx	7594962	18972488699	2391927	8273674	585279544	2268699079	NA	0
2878	2	eigen	fedora-clang-libcxx	7594962	18980083661	2391980	8273674	585513715	2269627114	NA	0
2879	2	eigen	fedora-clang-libcxx	7594962	18987678623	2392033	8273674	585747888	2270555140	NA	0
2880	2	eigen	fedora-clang-libcxx	7594966	18995273589	2392086	8273674	585982056	2271483159	NA	0
2881	2	eigen	fedora-clang-libcxx	7595030	19002868619	2392139	8273674	586216224	2272411194	NA	0
2882	2	eigen	fedora-clang-libcxx	6260852	19009129471	2392192	8273674	586406970	2273151074	NA	0
2883	2	eigen	fedora-clang-libcxx	7134547	19016264018	2392245	8273674	586626230	2274008195	NA	0
2884	2	eigen	fedora-clang-libcxx	7879948	19024143966	2392298	8273674	586872950	2274986860	NA	0
2885	2	eigen	fedora-clang-libcxx	6961331	19031105297	2392351	8273674	587082480	2275811870	NA	0
2886	2	eigen	fedora-clang-libcxx	7887658	19038992955	2392404	8273674	587327927	2276785727	NA	0
2887	2	eigen	fedora-clang-libcxx	7887119	19046880074	2392457	8273674	587573373	2277759566	NA	0
2888	2	eigen	fedora-clang-libcxx	7886358	19054766432	2392510	8273674	587818804	2278733334	NA	0
2889	2	eigen	fedora-clang-libcxx	7886534	19062652966	2392563	8273674	588064237	2279707117	NA	0
2890	2	eigen	fedora-clang-libcxx	7887329	19070540295	2392616	8273674	588309677	2280680968	NA	0
2891	2	eigen	fedora-clang-libcxx	7888282	19078428577	2392669	8273674	588555122	2281654913	NA	0
2892	2	eigen	fedora-clang-libcxx	7889096	19086317673	2392722	8273674	588800576	2282628959	NA	0
2893	2	eigen	fedora-clang-libcxx	7886321	19094203994	2392775	8273674	589046007	2283602701	NA	0
2894	2	eigen	fedora-clang-libcxx	7886048	19102090042	2392828	8273674	589291430	2284576430	NA	0
2895	2	eigen	fedora-clang-libcxx	7886178	19109976220	2392881	8273674	589536853	2285550174	NA	0
2896	2	eigen	fedora-clang-libcxx	7886392	19117862612	2392934	8273674	589782280	2286523927	NA	0
2897	2	eigen	fedora-clang-libcxx	7886062	19125748674	2392987	8273674	590027704	2287497659	NA	0
2898	2	eigen	fedora-clang-libcxx	7890133	19133638807	2393040	8273674	590273161	2288471799	NA	0
2899	2	eigen	fedora-clang-libcxx	7888223	19141527030	2393093	8273674	590518606	2289445761	NA	0
2900	2	eigen	fedora-clang-libcxx	6376517	19147903547	2393146	8273674	590712545	2290203609	NA	0
2901	2	eigen	fedora-clang-libcxx	6376517	19154280064	2393199	8273674	590906484	2290961456	NA	0
2902	2	eigen	fedora-clang-libcxx	6388100	19160668164	2393252	8273674	591100932	2291720570	NA	0
2903	2	eigen	fedora-clang-libcxx	6388100	19167056264	2393305	8273674	591295380	2292479687	NA	0
2904	2	eigen	fedora-clang-libcxx	6388093	19173444357	2393358	8273674	591489826	2293238797	NA	0
2905	2	eigen	fedora-clang-libcxx	6388011	19179832368	2393373	8273674	591684273	2293997887	NA	0
2906	2	eigen	fedora-clang-libcxx	6388011	19186220379	2393388	8273674	591878720	2294756977	NA	0
2907	2	eigen	fedora-clang-libcxx	6379978	19192600357	2393441	8273674	592072864	2295513564	NA	0
2908	2	eigen	fedora-clang-libcxx	6379979	19198980336	2393494	8273674	592267008	2296270144	NA	0
2909	2	eigen	fedora-clang-libcxx	6379984	19205360320	2393547	8493394	592461152	2297026734	NA	1
2910	2	eigen	fedora-clang-libcxx	6379988	19211740308	2393600	8493394	592655296	2297783317	NA	0
2911	2	eigen	fedora-clang-libcxx	7319837	19219060145	2393653	8493394	592879336	2298664643	NA	0
2912	2	eigen	fedora-clang-libcxx	7334893	19226395038	2393706	8493394	593103734	2299547423	NA	0
2913	2	eigen	fedora-clang-libcxx	7485260	19233880298	2393759	8493394	593332140	2300445256	NA	0
2914	2	eigen	fedora-clang-libcxx	7359107	19241239405	2393812	8493394	593557309	2301331346	NA	0
2915	2	eigen	fedora-clang-libcxx	7366113	19248605518	2393865	8493394	593782526	2302217679	NA	0
2916	2	eigen	fedora-clang-libcxx	7371747	19255977265	2393918	8493394	594007702	2303104160	NA	0
2917	2	eigen	fedora-clang-libcxx	7367217	19263344482	2393971	8493394	594232875	2303990483	NA	0
2918	2	eigen	fedora-clang-libcxx	7357275	19270701757	2394024	8493394	594458054	2304876550	NA	0
2919	2	eigen	fedora-clang-libcxx	7354067	19278055824	2394077	8493394	594683221	2305762566	NA	0
2920	2	eigen	fedora-clang-libcxx	7362207	19285418031	2394130	8493394	594908390	2306648748	NA	0
2921	2	eigen	fedora-clang-libcxx	7357257	19292775288	2394183	8493394	595133560	2307534780	NA	0
2922	2	eigen	fedora-clang-libcxx	7328079	19300103367	2394236	8493394	595357852	2308417309	NA	0
2923	2	eigen	fedora-clang-libcxx	7326265	19307429632	2394289	8493394	595581999	2309299145	NA	0
2924	2	eigen	fedora-clang-libcxx	7318615	19314748247	2394342	8493394	595806077	2310180429	NA	0
2925	2	eigen	fedora-clang-libcxx	7333037	19322081284	2394395	8493394	596030283	2311062544	NA	0
2926	2	eigen	fedora-clang-libcxx	7315772	19329397056	2394448	8493394	596254263	2311943644	NA	0
2927	2	eigen	fedora-clang-libcxx	7321435	19336718491	2394501	8493394	596478280	2312825251	NA	0
2928	2	eigen	fedora-clang-libcxx	7308910	19344027401	2394554	8493394	596702074	2313705587	NA	0
2929	2	eigen	fedora-clang-libcxx	7347848	19351375249	2394607	8493394	596926752	2314590037	NA	0
2930	2	eigen	fedora-clang-libcxx	7347854	19358723103	2394660	8493394	597151437	2315474487	NA	0
2931	2	eigen	fedora-clang-libcxx	7347898	19366071001	2394713	8493394	597376115	2316358934	NA	0
2932	2	eigen	fedora-clang-libcxx	7347882	19373418883	2394766	8493394	597600789	2317243389	NA	0
2933	2	eigen	fedora-clang-libcxx	7347882	19380766765	2394819	8493394	597825471	2318127837	NA	0
2934	2	eigen	fedora-clang-libcxx	7348068	19388114833	2394872	8493394	598050153	2319012299	NA	0
2935	2	eigen	fedora-clang-libcxx	7347898	19395462731	2394925	8493394	598274835	2319896751	NA	0
2936	2	eigen	fedora-clang-libcxx	7347922	19402810653	2394978	8493394	598499520	2320781200	NA	0
2937	2	eigen	fedora-clang-libcxx	7309023	19410119676	2395031	8493394	598723316	2321661653	NA	0
2938	2	eigen	fedora-clang-libcxx	7316867	19417436543	2395084	8493394	598947292	2322542919	NA	0
2939	2	eigen	fedora-clang-libcxx	8627357	19426063900	2395137	8493394	599213723	2323614579	NA	0
2940	2	eigen	fedora-clang-libcxx	7316353	19433380253	2395190	8493394	599437799	2324496323	NA	0
2941	2	eigen	fedora-clang-libcxx	7313458	19440693711	2395243	8493394	599661663	2325377074	NA	0
2942	2	eigen	fedora-clang-libcxx	7307559	19448001270	2395296	8493394	599885426	2326257209	NA	0
2943	2	eigen	fedora-clang-libcxx	7501181	19455502451	2395349	8493394	600116521	2327168837	NA	0
2944	2	eigen	fedora-clang-libcxx	7516705	19463019156	2395402	8493394	600347626	2328080830	NA	0
2945	2	eigen	fedora-clang-libcxx	7533121	19470552277	2395455	8493394	600578740	2328993225	NA	0
2946	2	eigen	fedora-clang-libcxx	7516897	19478069174	2395508	8493394	600809844	2329905214	NA	0
2947	2	eigen	fedora-clang-libcxx	7517185	19485586359	2395561	8493394	601040947	2330817200	NA	0
2948	2	eigen	fedora-clang-libcxx	7517185	19493103544	2395614	8493394	601272050	2331729195	NA	0
2949	2	eigen	fedora-clang-libcxx	7517089	19500620633	2395667	8493394	601503153	2332641189	NA	0
2950	2	eigen	fedora-clang-libcxx	7517089	19508137722	2395720	8493394	601734258	2333553183	NA	0
2951	2	eigen	fedora-clang-libcxx	7521697	19515659419	2395773	8493394	601965360	2334465279	NA	0
2952	2	eigen	fedora-clang-libcxx	7561617	19523221036	2395826	8493394	602196480	2335378501	NA	0
2953	2	eigen	fedora-clang-libcxx	7522337	19530743373	2395879	8493394	602427584	2336290596	NA	0
2954	2	eigen	fedora-clang-libcxx	7524257	19538267630	2395932	8493394	602658690	2337202695	NA	0
2955	2	eigen	fedora-clang-libcxx	7522337	19545789967	2395985	8493394	602889796	2338114786	NA	0
2956	2	eigen	fedora-clang-libcxx	7528097	19553318064	2396038	8493394	603120901	2339026968	NA	0
2957	2	eigen	fedora-clang-libcxx	7508881	19560826945	2396091	8493394	603352003	2339938766	NA	0
2958	2	eigen	fedora-clang-libcxx	7508929	19568335874	2396144	8493394	603583105	2340850560	NA	0
2959	2	eigen	fedora-clang-libcxx	7338885	19575674759	2396197	8493394	603807504	2341733314	NA	0
2960	2	eigen	fedora-clang-libcxx	7329737	19583004496	2396250	8493394	604031842	2342615988	NA	0
2961	2	eigen	fedora-clang-libcxx	7324045	19590328541	2396303	8493394	604256024	2343498118	NA	0
2962	2	eigen	fedora-clang-libcxx	7315718	19597644259	2396356	8493394	604480172	2344379757	NA	0
2963	2	eigen	fedora-clang-libcxx	7309647	19604953906	2396409	8493394	604704028	2345260381	NA	0
2964	2	eigen	fedora-clang-libcxx	7318174	19612272080	2396462	8493394	604927982	2346141472	NA	0
2965	2	eigen	fedora-clang-libcxx	7398582	19619670662	2396515	8493394	605153278	2347027928	NA	0
2966	2	eigen	fedora-clang-libcxx	7398588	19627069250	2396568	8493394	605378581	2347914389	NA	0
2967	2	eigen	fedora-clang-libcxx	7398589	19634467839	2396621	8493394	605603883	2348800853	NA	0
2968	2	eigen	fedora-clang-libcxx	7398600	19641866439	2396674	8493394	605829185	2349687321	NA	0
2969	2	eigen	fedora-clang-libcxx	7398588	19649265027	2396727	8493394	606054488	2350573781	NA	0
2970	2	eigen	fedora-clang-libcxx	7398586	19656663613	2396780	8493394	606279791	2351460238	NA	0
2971	2	eigen	fedora-clang-libcxx	7398618	19664062231	2396833	8493394	606505093	2352346697	NA	0
2972	2	eigen	fedora-clang-libcxx	7398591	19671460822	2396886	8493394	606730395	2353233164	NA	0
2973	2	eigen	fedora-clang-libcxx	7398584	19678859406	2396939	8493394	606955697	2354119626	NA	0
2974	2	eigen	fedora-clang-libcxx	7398591	19686257997	2396992	8493394	607180999	2355006087	NA	0
2975	2	eigen	fedora-clang-libcxx	7398585	19693656582	2397045	8493394	607406301	2355892550	NA	0
2976	2	eigen	fedora-clang-libcxx	7398597	19701055179	2397098	8493394	607631603	2356779010	NA	0
2977	2	eigen	fedora-clang-libcxx	7334880	19708390059	2397151	8493394	607856047	2357661837	NA	0
2978	2	eigen	fedora-clang-libcxx	7476088	19715866147	2397204	8493394	608086381	2358570215	NA	0
2979	2	eigen	fedora-clang-libcxx	7312124	19723178271	2397257	8493394	608310328	2359451044	NA	0
2980	2	eigen	fedora-clang-libcxx	7312126	19730490397	2397310	8493394	608534278	2360331876	NA	0
2981	2	eigen	fedora-clang-libcxx	7312124	19737802521	2397363	8865318	608758229	2361212710	NA	1
2982	2	eigen	fedora-clang-libcxx	7312126	19745114647	2397416	8865318	608982179	2362093542	NA	0
2983	2	eigen	fedora-clang-libcxx	7312124	19752426771	2397469	8865318	609206126	2362974383	NA	0
2984	2	eigen	fedora-clang-libcxx	7312124	19759738895	2397522	8865318	609430071	2363855223	NA	0
2985	2	eigen	fedora-clang-libcxx	7312120	19767051015	2397575	8865318	609654016	2364736061	NA	0
2986	2	eigen	fedora-clang-libcxx	7316514	19774367529	2397628	8865318	609877964	2365617159	NA	0
2987	2	eigen	fedora-clang-libcxx	7309699	19781677228	2397681	8865318	610101749	2366497538	NA	0
2988	2	eigen	fedora-clang-libcxx	7307620	19788984848	2397734	8865318	610325512	2367377732	NA	0
2989	2	eigen	fedora-clang-libcxx	7326580	19796311428	2397787	8865318	610549740	2368259663	NA	0
2990	2	eigen	fedora-clang-libcxx	7307835	19803619263	2397840	8865318	610773502	2369139823	NA	0
2991	2	eigen	fedora-clang-libcxx	7309858	19810929121	2397893	8865318	610997318	2370020339	NA	0
2992	2	eigen	fedora-clang-libcxx	7338549	19818267670	2397946	8865318	611222158	2370905125	NA	0
2993	2	eigen	fedora-clang-libcxx	7338533	19825606203	2397999	8865318	611446999	2371789894	NA	0
2994	2	eigen	fedora-clang-libcxx	7338557	19832944760	2398052	8865318	611671842	2372674665	NA	0
2995	2	eigen	fedora-clang-libcxx	7338549	19840283309	2398105	8865318	611896686	2373559440	NA	0
2996	2	eigen	fedora-clang-libcxx	7338589	19847621898	2398158	8865318	612121528	2374444211	NA	0
2997	2	eigen	fedora-clang-libcxx	7338541	19854960439	2398211	8865318	612346370	2375328979	NA	0
2998	2	eigen	fedora-clang-libcxx	7338525	19862298964	2398264	8865318	612571212	2376213746	NA	0
2999	2	eigen	fedora-clang-libcxx	7338472	19869637436	2398317	8865318	612796053	2377098515	NA	0
3000	2	eigen	fedora-clang-libcxx	7309070	19876946506	2398370	8865318	613019870	2377978857	NA	0
3001	2	eigen	fedora-clang-libcxx	7469320	19884415826	2398423	8865318	613250384	2378885527	NA	0
3002	2	eigen	fedora-clang-libcxx	7311454	19891727280	2398476	8865318	613474266	2379766414	NA	0
3003	2	eigen	fedora-clang-libcxx	7310660	19899037940	2398529	8865318	613698110	2380646936	NA	0
3004	2	eigen	fedora-clang-libcxx	7312870	19906350810	2398582	8865318	613922055	2381527953	NA	0
3005	2	eigen	fedora-clang-libcxx	7311892	19913662702	2398635	8865318	614145942	2382408875	NA	0
3006	2	eigen	fedora-clang-libcxx	7319790	19920982492	2398688	8865318	614369943	2383290101	NA	0
3007	2	eigen	fedora-clang-libcxx	7311988	19928294480	2398741	8865318	614593845	2384170903	NA	0
3008	2	eigen	fedora-clang-libcxx	7383801	19935678281	2398794	8865318	614821084	2385065443	NA	0
3009	2	eigen	fedora-clang-libcxx	7319713	19942997994	2398847	8865318	615045202	2385947204	NA	0
3010	2	eigen	fedora-clang-libcxx	7350354	19950348348	2398900	8865318	615270174	2386833026	NA	0
3011	2	eigen	fedora-clang-libcxx	7322221	19957670569	2398953	8865318	615494327	2387715042	NA	0
3012	2	eigen	fedora-clang-libcxx	7315945	19964986514	2399006	8865318	615718368	2388596293	NA	0
3013	2	eigen	fedora-clang-libcxx	7308703	19972295217	2399059	8865318	615942139	2389476574	NA	0
3014	2	eigen	fedora-clang-libcxx	7311652	19979606869	2399112	8865318	616166030	2390357167	NA	0
3015	2	eigen	fedora-clang-libcxx	7325919	19986932788	2399165	8865318	616390261	2391239482	NA	0
3016	2	eigen	fedora-clang-libcxx	7343585	19994276373	2399218	8865318	616614685	2392122606	NA	0
3017	2	eigen	fedora-clang-libcxx	7308973	20001585346	2399271	8865318	616838477	2393002908	NA	0
3018	2	eigen	fedora-clang-libcxx	7311917	20008897263	2399324	8865318	617062358	2393883580	NA	0
3019	2	eigen	fedora-clang-libcxx	7309801	20016207064	2399377	8865318	617286199	2394764058	NA	0
3020	2	eigen	fedora-clang-libcxx	6372269	20022579333	2399430	8865318	617478739	2395514519	NA	0
3021	2	eigen	fedora-clang-libcxx	7498851	20030078184	2399483	8865318	617709768	2396425311	NA	0
3022	2	eigen	fedora-clang-libcxx	7498968	20037577152	2399536	8865318	617940796	2397336110	NA	0
3023	2	eigen	fedora-clang-libcxx	7498744	20045075896	2399589	8865318	618171826	2398246893	NA	0
3024	2	eigen	fedora-clang-libcxx	7498760	20052574656	2399642	8865318	618402854	2399157676	NA	0
3025	2	eigen	fedora-clang-libcxx	7499050	20060073706	2399695	8865318	618633885	2400068475	NA	0
3026	2	eigen	fedora-clang-libcxx	7498834	20067572540	2399748	8865318	618864913	2400979259	NA	0
3027	2	eigen	fedora-clang-libcxx	7499036	20075071576	2399801	8865318	619095944	2401890058	NA	0
3028	2	eigen	fedora-clang-libcxx	7499060	20082570636	2399854	8865318	619326975	2402800855	NA	0
3029	2	eigen	fedora-clang-libcxx	7498774	20090069410	2399907	8865318	619558003	2403711642	NA	0
3030	2	eigen	fedora-clang-libcxx	7498756	20097568166	2399960	8865318	619789031	2404622428	NA	0
3031	2	eigen	fedora-clang-libcxx	7498772	20105066938	2400013	8865318	620020063	2405533215	NA	0
3032	2	eigen	fedora-clang-libcxx	7498728	20112565666	2400066	8865318	620251090	2406443996	NA	0
3033	2	eigen	fedora-clang-libcxx	7498879	20120064545	2400119	8865318	620482122	2407354795	NA	0
3034	2	eigen	fedora-clang-libcxx	7316707	20127381252	2400172	8865318	620706142	2408236018	NA	0
3035	2	eigen	fedora-clang-libcxx	7316968	20134698220	2400225	8865318	620930092	2409117291	NA	0
3036	2	eigen	fedora-clang-libcxx	7623578	20142321798	2400278	8865318	621161887	2410037249	NA	0
3037	2	eigen	fedora-clang-libcxx	7313129	20149634927	2400331	8865318	621385830	2410918276	NA	0
3038	2	eigen	fedora-clang-libcxx	7313129	20156948056	2400384	8865318	621609776	2411799308	NA	0
3039	2	eigen	fedora-clang-libcxx	7313129	20164261185	2400437	8865318	621833722	2412680341	NA	0
3040	2	eigen	fedora-clang-libcxx	7313129	20171574314	2400490	8865318	622057667	2413561374	NA	0
3041	2	eigen	fedora-clang-libcxx	7313131	20178887445	2400543	8865318	622281609	2414442407	NA	0
3042	2	eigen	fedora-clang-libcxx	7313131	20186200576	2400596	8865318	622505551	2415323437	NA	0
3043	2	eigen	fedora-clang-libcxx	7313138	20193513714	2400649	8865318	622729488	2416204466	NA	0
3044	3	eigen	fedora-clang-libcxx	6227078	20199740792	2400664	8865318	622918930	2416937229	NA	0
3045	3	eigen	fedora-clang-libcxx	6227079	20205967871	2400679	8865318	623108372	2417669999	NA	0
3046	3	eigen	fedora-clang-libcxx	6227079	20212194950	2400694	8865318	623297814	2418402769	NA	0
3047	3	eigen	fedora-clang-libcxx	6227079	20218422029	2400709	8865318	623487256	2419135537	NA	0
3048	3	eigen	fedora-clang-libcxx	6236945	20224658974	2400724	8865318	623676902	2419869754	NA	0
3049	3	eigen	fedora-clang-libcxx	6236941	20230895915	2400739	8865318	623866549	2420603969	NA	0
3050	3	eigen	fedora-clang-libcxx	6236969	20237132884	2400754	8865318	624056196	2421338189	NA	0
3051	3	eigen	fedora-clang-libcxx	6236989	20243369873	2400769	8865318	624245843	2422072420	NA	0
3052	3	eigen	fedora-clang-libcxx	6237037	20249606910	2400784	8865318	624435491	2422806649	NA	0
3053	3	eigen	fedora-clang-libcxx	6237223	20255844133	2400799	8865318	624625137	2423540899	NA	0
3054	3	eigen	fedora-clang-libcxx	6237330	20262081463	2400814	8865318	624814786	2424275138	NA	0
3055	3	eigen	fedora-clang-libcxx	6237238	20268318701	2400829	8865318	625004443	2425009366	NA	0
3056	3	eigen	fedora-clang-libcxx	6237165	20274555866	2400844	9031827	625194094	2425743592	NA	1
3057	3	eigen	fedora-clang-libcxx	6237171	20280793037	2400859	9031827	625383742	2426477820	NA	0
3058	3	eigen	fedora-clang-libcxx	6237132	20287030169	2400874	9031827	625573388	2427212071	NA	0
3059	3	eigen	fedora-clang-libcxx	6236942	20293267111	2400889	9031827	625763033	2427946268	NA	0
3060	3	eigen	fedora-clang-libcxx	6236867	20299503978	2400904	9031827	625952678	2428680462	NA	0
3061	3	eigen	fedora-clang-libcxx	6237369	20305741347	2400919	9031827	626142321	2429414735	NA	0
3062	3	eigen	fedora-clang-libcxx	6237203	20311978550	2400934	9031827	626331966	2430148959	NA	0
3063	3	eigen	fedora-clang-libcxx	6237334	20318215884	2400949	9031827	626521648	2430883029	NA	0
3064	3	eigen	fedora-clang-libcxx	6237329	20324453213	2400964	9031827	626711335	2431617103	NA	0
3065	3	eigen	fedora-clang-libcxx	6237329	20330690542	2400979	9031827	626901022	2432351177	NA	0
3066	3	eigen	fedora-clang-libcxx	6237324	20336927866	2400994	9031827	627090707	2433085253	NA	0
3067	3	eigen	fedora-clang-libcxx	6237324	20343165190	2401009	9031827	627280393	2433819328	NA	0
3068	3	eigen	fedora-clang-libcxx	6237324	20349402514	2401024	9031827	627470078	2434553406	NA	0
3069	3	eigen	fedora-clang-libcxx	6237314	20355639828	2401039	9031827	627659760	2435287483	NA	0
3070	3	eigen	fedora-clang-libcxx	6237310	20361877138	2401054	9031827	627849446	2436021554	NA	0
3071	3	eigen	fedora-clang-libcxx	6237310	20368114448	2401069	9031827	628039132	2436755625	NA	0
3072	3	eigen	fedora-clang-libcxx	6237303	20374351751	2401084	9031827	628228815	2437489693	NA	0
3073	3	eigen	fedora-clang-libcxx	6237318	20380589069	2401099	9031827	628418495	2438223758	NA	0
3074	3	eigen	fedora-clang-libcxx	6237319	20386826388	2401114	9031827	628608177	2438957824	NA	0
3075	3	eigen	fedora-clang-libcxx	6237444	20393063832	2401129	9031827	628797860	2439691909	NA	0
3076	3	eigen	fedora-clang-libcxx	6256459	20399320291	2401144	9031827	628987700	2440427147	NA	0
3077	3	eigen	fedora-clang-libcxx	6225877	20405546168	2401159	9031827	629177071	2441159706	NA	0
3078	3	eigen	fedora-clang-libcxx	6225956	20411772124	2401174	9031827	629366444	2441892220	NA	0
3079	3	eigen	fedora-clang-libcxx	6225895	20417998019	2401189	9031827	629555814	2442624706	NA	0
3080	3	eigen	fedora-clang-libcxx	6237301	20424235320	2401204	9031827	629745471	2443358553	NA	0
3081	3	eigen	fedora-clang-libcxx	6232218	20430467538	2401219	9031827	629935063	2444091914	NA	0
3082	3	eigen	fedora-clang-libcxx	6256652	20436724190	2401234	9031827	630125226	2444828155	NA	0
3083	3	eigen	fedora-clang-libcxx	6228642	20442952832	2401249	9031827	630314617	2445560726	NA	0
3084	3	eigen	fedora-clang-libcxx	6233064	20449185896	2401264	9031827	630504156	2446293984	NA	0
3085	3	eigen	fedora-clang-libcxx	7554347	20456740243	2401279	9031827	630737701	2447219334	NA	0
3086	3	eigen	fedora-clang-libcxx	7554336	20464294579	2401294	9031827	630971246	2448144684	NA	0
3087	3	eigen	fedora-clang-libcxx	7554349	20471848928	2401309	9031827	631204791	2449070040	NA	0
3088	3	eigen	fedora-clang-libcxx	7554344	20479403272	2401324	9031827	631438336	2449995385	NA	0
3089	3	eigen	fedora-clang-libcxx	7554370	20486957642	2401339	9031827	631671881	2450920738	NA	0
3090	3	eigen	fedora-clang-libcxx	7554370	20494512012	2401354	9031827	631905426	2451846089	NA	0
3091	3	eigen	fedora-clang-libcxx	7554332	20502066344	2401369	9031827	632138971	2452771429	NA	0
3092	3	eigen	fedora-clang-libcxx	7554355	20509620699	2401384	9031827	632372516	2453696788	NA	0
3093	3	eigen	fedora-clang-libcxx	7554334	20517175033	2401399	9031827	632606060	2454622139	NA	0
3094	3	eigen	fedora-clang-libcxx	7554370	20524729403	2401414	9031827	632839605	2455547503	NA	0
3095	3	eigen	fedora-clang-libcxx	6225735	20530955138	2401429	9031827	633028986	2456280001	NA	0
3096	3	eigen	fedora-clang-libcxx	6226516	20537181654	2401444	9031827	633218352	2457012333	NA	0
3097	3	eigen	fedora-clang-libcxx	6249931	20543431585	2401459	9031827	633408341	2457748270	NA	0
3098	3	eigen	fedora-clang-libcxx	6249992	20549681577	2401474	9031827	633598330	2458484227	NA	0
3099	3	eigen	fedora-clang-libcxx	6250104	20555931681	2401489	9031827	633788320	2459220203	NA	0
3100	3	eigen	fedora-clang-libcxx	6249962	20562181643	2401504	9031827	633978310	2459956159	NA	0
3101	3	eigen	fedora-clang-libcxx	6249931	20568431574	2401519	9031827	634168302	2460692101	NA	0
3102	3	eigen	fedora-clang-libcxx	6250063	20574681637	2401534	9031827	634358294	2461428063	NA	0
3103	3	eigen	fedora-clang-libcxx	6249962	20580931599	2401549	9031827	634548284	2462164013	NA	0
3104	3	eigen	fedora-clang-libcxx	6250196	20587181795	2401564	9031827	634738279	2462899991	NA	0
3105	3	eigen	fedora-clang-libcxx	6250235	20593432030	2401579	9031827	634928265	2463635979	NA	0
3106	3	eigen	fedora-clang-libcxx	6249931	20599681961	2401594	9031827	635118254	2464371916	NA	0
3107	3	eigen	fedora-clang-libcxx	6250013	20605931974	2401609	9031827	635308243	2465107859	NA	0
3108	3	eigen	fedora-clang-libcxx	6249934	20612181908	2401624	9031827	635498232	2465843789	NA	0
3109	3	eigen	fedora-clang-libcxx	6266693	20618448601	2401639	9031827	635688102	2466579739	NA	0
3110	3	eigen	fedora-clang-libcxx	6019272	20624467873	2401654	9031827	635870939	2467289024	NA	0
3111	3	eigen	fedora-clang-libcxx	6019272	20630487145	2401669	9031827	636053777	2467998310	NA	0
3112	3	eigen	fedora-clang-libcxx	6019298	20636506443	2401684	9031827	636236613	2468707615	NA	0
3113	3	eigen	fedora-clang-libcxx	6019301	20642525744	2401699	9031827	636419448	2469416909	NA	0
3114	3	eigen	fedora-clang-libcxx	6019301	20648545045	2401714	9031827	636602283	2470126216	NA	0
3115	3	eigen	fedora-clang-libcxx	6266661	20654811706	2401729	9031827	636792105	2470862184	NA	0
3116	3	eigen	fedora-clang-libcxx	6266661	20661078367	2401744	9031827	636981928	2471598149	NA	0
3117	3	eigen	fedora-clang-libcxx	6266687	20667345054	2401759	9031827	637171747	2472334134	NA	0
3118	3	eigen	fedora-clang-libcxx	6266689	20673611743	2401774	9031827	637361567	2473070122	NA	0
3119	3	eigen	fedora-clang-libcxx	6266689	20679878432	2401789	9031827	637551387	2473806108	NA	0
3120	3	eigen	fedora-clang-libcxx	6227467	20686105899	2401804	9031827	637740346	2474539474	NA	0
3121	3	eigen	fedora-clang-libcxx	6227694	20692333593	2401819	9031827	637929307	2475272797	NA	0
3122	3	eigen	fedora-clang-libcxx	6387543	20698721136	2401834	9031827	638122078	2476023841	NA	0
3123	3	eigen	fedora-clang-libcxx	6387544	20705108680	2401849	9031827	638314852	2476774885	NA	0
3124	3	eigen	fedora-clang-libcxx	6387544	20711496224	2401864	9031827	638507626	2477525930	NA	0
3125	3	eigen	fedora-clang-libcxx	6387545	20717883769	2401879	9031827	638700400	2478276982	NA	0
3126	3	eigen	fedora-clang-libcxx	6387545	20724271314	2401894	9031827	638893176	2479028034	NA	0
3127	3	eigen	fedora-clang-libcxx	6387546	20730658860	2401909	9031827	639085951	2479779084	NA	0
3128	3	eigen	fedora-clang-libcxx	6387545	20737046405	2401924	9031827	639278727	2480530135	NA	0
3129	3	eigen	fedora-clang-libcxx	6387546	20743433951	2401939	9031827	639471502	2481281185	NA	0
3130	3	eigen	fedora-clang-libcxx	6387545	20749821496	2401954	9031827	639664274	2482032235	NA	0
3131	3	eigen	fedora-clang-libcxx	6387545	20756209041	2401969	9031827	639857044	2482783283	NA	0
3132	3	eigen	fedora-clang-libcxx	6387556	20762596597	2401984	9031827	640049814	2483534331	NA	0
3133	3	eigen	fedora-clang-libcxx	6387557	20768984154	2401999	9031827	640242584	2484285382	NA	0
3134	3	eigen	fedora-clang-libcxx	6387541	20775371695	2402014	9031827	640435356	2485036429	NA	0
3135	3	eigen	fedora-clang-libcxx	6387699	20781759394	2402029	9031827	640628126	2485787493	NA	0
3136	3	eigen	fedora-clang-libcxx	6387545	20788146939	2402044	9031827	640820896	2486538537	NA	0
3137	3	eigen	fedora-clang-libcxx	6212500	20794359439	2402059	9031827	641008102	2487271957	NA	0
3138	3	eigen	fedora-clang-libcxx	6215178	20800574617	2402074	9031827	641195306	2488005629	NA	0
3139	3	eigen	fedora-clang-libcxx	6218969	20806793586	2402089	9342505	641382631	2488739753	NA	1
3140	3	eigen	fedora-clang-libcxx	6093768	20812887354	2402104	9342505	641566872	2489458409	NA	0
3141	3	eigen	fedora-clang-libcxx	6097559	20818984913	2402119	9342505	641751224	2490177523	NA	0
3142	3	eigen	fedora-clang-libcxx	6229186	20825214099	2402134	9342505	641940809	2490910788	NA	0
3143	3	eigen	fedora-clang-libcxx	6269550	20831483649	2402149	9342505	642130859	2491647608	NA	0
3144	3	eigen	fedora-clang-libcxx	6268202	20837751851	2402164	9342505	642320891	2492384275	NA	0
3145	3	eigen	fedora-clang-libcxx	6257478	20844009329	2402179	9342505	642510997	2493120346	NA	0
3146	3	eigen	fedora-clang-libcxx	6256891	20850266220	2402194	9342505	642701098	2493856352	NA	0
3147	3	eigen	fedora-clang-libcxx	6257003	20856523223	2402209	9342505	642891203	2494592386	NA	0
3148	3	eigen	fedora-clang-libcxx	6256858	20862780081	2402224	9342505	643081308	2495328409	NA	0
3149	3	eigen	fedora-clang-libcxx	6257003	20869037084	2402239	9342505	643271415	2496064444	NA	0
3150	3	eigen	fedora-clang-libcxx	6256821	20875293905	2402254	9342505	643461521	2496800451	NA	0
3151	3	eigen	fedora-clang-libcxx	6257055	20881550960	2402269	9342505	643651624	2497536493	NA	0
3152	3	eigen	fedora-clang-libcxx	6256797	20887807757	2402284	9342505	643841727	2498272493	NA	0
3153	3	eigen	fedora-clang-libcxx	6208759	20894016516	2402299	9342505	644031088	2499003859	NA	0
3154	3	eigen	fedora-clang-libcxx	6231592	20900248108	2402314	9342505	644220580	2499736951	NA	0
3155	3	eigen	fedora-clang-libcxx	6238861	20906486969	2402329	9342505	644410228	2500471031	NA	0
3156	3	eigen	fedora-clang-libcxx	6238850	20912725819	2402344	9342505	644599879	2501205110	NA	0
3157	3	eigen	fedora-clang-libcxx	6238850	20918964669	2402359	9342505	644789530	2501939193	NA	0
3158	3	eigen	fedora-clang-libcxx	6238934	20925203603	2402374	9342505	644979181	2502673285	NA	0
3159	3	eigen	fedora-clang-libcxx	6238938	20931442541	2402389	9342505	645168832	2503407388	NA	0
3160	3	eigen	fedora-clang-libcxx	6238907	20937681448	2402404	9342505	645358483	2504141487	NA	0
3161	3	eigen	fedora-clang-libcxx	6238907	20943920355	2402419	9342505	645548135	2504875585	NA	0
3162	3	eigen	fedora-clang-libcxx	6238938	20950159293	2402434	9342505	645737787	2505609688	NA	0
3163	3	eigen	fedora-clang-libcxx	6238907	20956398200	2402449	9342505	645927440	2506343788	NA	0
3164	3	eigen	fedora-clang-libcxx	6238908	20962637108	2402464	9342505	646117090	2507077887	NA	0
3165	3	eigen	fedora-clang-libcxx	6239017	20968876125	2402479	9342505	646306742	2507811989	NA	0
3166	3	eigen	fedora-clang-libcxx	6239347	20975115472	2402494	9342505	646496392	2508546105	NA	0
3167	3	eigen	fedora-clang-libcxx	6233799	20981349271	2402509	9342505	646685920	2509279586	NA	0
3168	3	eigen	fedora-clang-libcxx	6233789	20987583060	2402524	9342505	646875448	2510013069	NA	0
3169	3	eigen	fedora-clang-libcxx	6233818	20993816878	2402539	9342505	647064977	2510746558	NA	0
3170	3	eigen	fedora-clang-libcxx	6233818	21000050696	2402554	9342505	647254506	2511480047	NA	0
3171	3	eigen	fedora-clang-libcxx	6233811	21006284507	2402569	9342505	647444035	2512213535	NA	0
3172	3	eigen	fedora-clang-libcxx	6233697	21012518204	2402584	9342505	647633564	2512947008	NA	0
3173	3	eigen	fedora-clang-libcxx	6233803	21018752007	2402599	9342505	647823092	2513680496	NA	0
3174	3	eigen	fedora-clang-libcxx	6233711	21024985718	2402614	9342505	648012621	2514413967	NA	0
3175	3	eigen	fedora-clang-libcxx	6233671	21031219389	2402629	9342505	648202149	2515147427	NA	0
3176	3	eigen	fedora-clang-libcxx	6226647	21037446036	2402644	9342505	648391481	2515879958	NA	0
3177	3	eigen	fedora-clang-libcxx	6231955	21043677991	2402659	9342505	648581119	2516613404	NA	0
3178	3	eigen	fedora-clang-libcxx	6264986	21049942977	2402674	9342505	648771549	2517351613	NA	0
3179	3	eigen	fedora-clang-libcxx	6265042	21056208019	2402689	9342505	648961985	2518089818	NA	0
3180	3	eigen	fedora-clang-libcxx	6265042	21062473061	2402704	9342505	649152420	2518828028	NA	0
3181	3	eigen	fedora-clang-libcxx	6265161	21068738222	2402719	9342505	649342855	2519566247	NA	0
3182	3	eigen	fedora-clang-libcxx	6265177	21075003399	2402734	9342505	649533288	2520304475	NA	0
3183	3	eigen	fedora-clang-libcxx	6264987	21081268386	2402749	9342505	649723721	2521042694	NA	0
3184	3	eigen	fedora-clang-libcxx	6264987	21087533373	2402764	9342505	649914154	2521780904	NA	0
3185	3	eigen	fedora-clang-libcxx	6264964	21093798337	2402779	9342505	650104581	2522519105	NA	0
3186	3	eigen	fedora-clang-libcxx	6264972	21100063309	2402794	9342505	650295010	2523257310	NA	0
3187	3	eigen	fedora-clang-libcxx	6265308	21106328617	2402809	9342505	650485442	2523995553	NA	0
3188	3	eigen	fedora-clang-libcxx	6265322	21112593939	2402824	9342505	650675868	2524733806	NA	0
3189	3	eigen	fedora-clang-libcxx	6264972	21118858911	2402839	9342505	650866298	2525472008	NA	0
3190	3	eigen	fedora-clang-libcxx	6266077	21125124988	2402854	9342505	651056732	2526210322	NA	0
3191	3	eigen	fedora-clang-libcxx	6245684	21131370672	2402869	9342505	651246754	2526945802	NA	0
3192	3	eigen	fedora-clang-libcxx	6245673	21137616345	2402884	9342505	651436775	2527681275	NA	0
3193	3	eigen	fedora-clang-libcxx	6245673	21143862018	2402899	9342505	651626796	2528416751	NA	0
3194	3	eigen	fedora-clang-libcxx	6245678	21150107696	2402914	9342505	651816818	2529152229	NA	0
3195	3	eigen	fedora-clang-libcxx	6245713	21156353409	2402929	9342505	652006840	2529887716	NA	0
3196	3	eigen	fedora-clang-libcxx	6245678	21162599087	2402944	9342505	652196860	2530623190	NA	0
3197	3	eigen	fedora-clang-libcxx	6245763	21168844850	2402959	9342505	652386883	2531358677	NA	0
3198	3	eigen	fedora-clang-libcxx	6245675	21175090525	2402974	9342505	652576905	2532094151	NA	0
3199	3	eigen	fedora-clang-libcxx	6245678	21181336203	2402989	9342505	652766927	2532829625	NA	0
3200	3	eigen	fedora-clang-libcxx	6245674	21187581877	2403004	9342505	652956949	2533565102	NA	0
3201	3	eigen	fedora-clang-libcxx	6245670	21193827547	2403019	9342505	653146971	2534300572	NA	0
3202	3	eigen	fedora-clang-libcxx	6245841	21200073388	2403034	9342505	653336993	2535036063	NA	0
3203	3	eigen	fedora-clang-libcxx	6259907	21206333295	2403049	9342505	653526954	2535772231	NA	0
3204	3	eigen	fedora-clang-libcxx	6259935	21212593230	2403064	9342505	653716918	2536508413	NA	0
3205	3	eigen	fedora-clang-libcxx	6259935	21218853165	2403079	9342505	653906882	2537244598	NA	0
3206	3	eigen	fedora-clang-libcxx	6259896	21225113061	2403094	9342505	654096839	2537980768	NA	0
3207	3	eigen	fedora-clang-libcxx	6259945	21231373006	2403109	9342505	654286801	2538716952	NA	0
3208	3	eigen	fedora-clang-libcxx	6259944	21237632950	2403124	9342505	654476766	2539453136	NA	0
3209	3	eigen	fedora-clang-libcxx	6259945	21243892895	2403139	9342505	654666728	2540189320	NA	0
3210	3	eigen	fedora-clang-libcxx	6260074	21250152969	2403154	9342505	654856692	2540925511	NA	0
3211	3	eigen	fedora-clang-libcxx	6260147	21256413116	2403169	9342505	655046653	2541661711	NA	0
3212	3	eigen	fedora-clang-libcxx	6259917	21262673033	2403184	9342505	655236612	2542397882	NA	0
3213	3	eigen	fedora-clang-libcxx	6259902	21268932935	2403199	9342505	655426574	2543134047	NA	0
3214	3	eigen	fedora-clang-libcxx	6242290	21275175225	2403214	9342505	655616088	2543867752	NA	0
3215	3	eigen	fedora-clang-libcxx	6242268	21281417493	2403229	9342505	655805601	2544601450	NA	0
3216	3	eigen	fedora-clang-libcxx	6242290	21287659783	2403244	9342505	655995115	2545335160	NA	0
3217	3	eigen	fedora-clang-libcxx	6242175	21293901958	2403259	9342505	656184631	2546068848	NA	0
3218	3	eigen	fedora-clang-libcxx	6242176	21300144134	2403274	9342505	656374145	2546802530	NA	0
3219	3	eigen	fedora-clang-libcxx	6228658	21306372792	2403289	9342505	656563562	2547535417	NA	0
3220	3	eigen	fedora-clang-libcxx	6315303	21312688095	2403304	9342505	656753707	2548278998	NA	0
3221	3	eigen	fedora-clang-libcxx	6255545	21318943640	2403319	9342505	656943567	2549014603	NA	0
3222	3	eigen	fedora-clang-libcxx	6255545	21325199185	2403334	9342505	657133427	2549750208	NA	0
3223	3	eigen	fedora-clang-libcxx	6255448	21331454633	2403349	9342505	657323283	2550485792	NA	0
3224	3	eigen	fedora-clang-libcxx	6255448	21337710081	2403364	9527226	657513139	2551221375	NA	1
3225	3	eigen	fedora-clang-libcxx	6255458	21343965539	2403379	9527226	657702996	2551956958	NA	0
3226	3	eigen	fedora-clang-libcxx	6255659	21350221198	2403394	9527226	657892850	2552692560	NA	0
3227	3	eigen	fedora-clang-libcxx	6255794	21356476992	2403409	9527226	658082710	2553428185	NA	0
3228	3	eigen	fedora-clang-libcxx	6230412	21362707404	2403424	9527226	658272213	2554161281	NA	0
3229	3	eigen	fedora-clang-libcxx	6230412	21368937816	2403439	9527226	658461716	2554894378	NA	0
3230	3	eigen	fedora-clang-libcxx	6230416	21375168232	2403454	9527226	658651216	2555627476	NA	0
3231	3	eigen	fedora-clang-libcxx	6230416	21381398648	2403469	9527226	658840716	2556360574	NA	0
3232	3	eigen	fedora-clang-libcxx	6225054	21387623702	2403484	9527226	659030080	2557092932	NA	0
3233	3	eigen	fedora-clang-libcxx	6229808	21393853510	2403499	9527226	659219510	2557825685	NA	0
3234	3	eigen	fedora-clang-libcxx	6229809	21400083319	2403514	9527226	659408939	2558558437	NA	0
3235	3	eigen	fedora-clang-libcxx	6229823	21406313142	2403529	9527226	659598370	2559291193	NA	0
3236	3	eigen	fedora-clang-libcxx	6236990	21412550132	2403544	9527226	659788200	2560025283	NA	0
3237	3	eigen	fedora-clang-libcxx	6236880	21418787012	2403559	9527226	659978029	2560759350	NA	0
3238	3	eigen	fedora-clang-libcxx	6236883	21425023895	2403574	9527226	660167859	2561493413	NA	0
3239	3	eigen	fedora-clang-libcxx	6236923	21431260818	2403589	9527226	660357691	2562227480	NA	0
3240	3	eigen	fedora-clang-libcxx	6236926	21437497744	2403604	9527226	660547520	2562961547	NA	0
3241	3	eigen	fedora-clang-libcxx	6236764	21443734508	2403619	9527226	660737344	2563695593	NA	0
3242	3	eigen	fedora-clang-libcxx	6277948	21450012456	2403634	9527226	660927900	2564434354	NA	0
3243	3	eigen	fedora-clang-libcxx	6277947	21456290403	2403649	9527226	661118457	2565173123	NA	0
3244	3	eigen	fedora-clang-libcxx	6277950	21462568353	2403664	9527226	661309014	2565911896	NA	0
3245	3	eigen	fedora-clang-libcxx	6277937	21468846290	2403679	9527226	661499576	2566650670	NA	0
3246	3	eigen	fedora-clang-libcxx	6277937	21475124227	2403694	9527226	661690135	2567389446	NA	0
3247	3	eigen	fedora-clang-libcxx	6277937	21481402164	2403709	9527226	661880694	2568128221	NA	0
3248	3	eigen	fedora-clang-libcxx	6277950	21487680114	2403724	9527226	662071251	2568866993	NA	0
3249	3	eigen	fedora-clang-libcxx	6278154	21493958268	2403739	9527226	662261807	2569605804	NA	0
3250	3	eigen	fedora-clang-libcxx	6277938	21500236206	2403754	9527226	662452363	2570344579	NA	0
3251	3	eigen	fedora-clang-libcxx	6277938	21506514144	2403769	9527226	662642919	2571083353	NA	0
3252	3	eigen	fedora-clang-libcxx	6277938	21512792082	2403784	9527226	662833475	2571822128	NA	0
3253	3	eigen	fedora-clang-libcxx	6277939	21519070021	2403799	9527226	663024031	2572560899	NA	0
3254	3	eigen	fedora-clang-libcxx	6277939	21525347960	2403814	9527226	663214587	2573299672	NA	0
3255	3	eigen	fedora-clang-libcxx	6277939	21531625899	2403829	9527226	663405143	2574038445	NA	0
3256	3	eigen	fedora-clang-libcxx	6277953	21537903852	2403844	9527226	663595701	2574777222	NA	0
3257	3	eigen	fedora-clang-libcxx	6277953	21544181805	2403859	9527226	663786262	2575516000	NA	0
3258	3	eigen	fedora-clang-libcxx	6277953	21550459758	2403874	9527226	663976823	2576254781	NA	0
3259	3	eigen	fedora-clang-libcxx	6277954	21556737712	2403889	9527226	664167380	2576993559	NA	0
3260	3	eigen	fedora-clang-libcxx	6277954	21563015666	2403904	9527226	664357937	2577732334	NA	0
3261	3	eigen	fedora-clang-libcxx	6277954	21569293620	2403919	9527226	664548494	2578471111	NA	0
3262	3	eigen	fedora-clang-libcxx	6278197	21575571817	2403934	9527226	664739051	2579209912	NA	0
3263	3	eigen	fedora-clang-libcxx	6277937	21581849754	2403949	9527226	664929607	2579948680	NA	0
3264	3	eigen	fedora-clang-libcxx	6277949	21588127703	2403964	9527226	665120164	2580687460	NA	0
3265	3	eigen	fedora-clang-libcxx	6277950	21594405653	2403979	9527226	665310721	2581426238	NA	0
3266	3	eigen	fedora-clang-libcxx	6277955	21600683608	2403994	9527226	665501277	2582165019	NA	0
3267	3	eigen	fedora-clang-libcxx	6277959	21606961567	2404009	9527226	665691834	2582903804	NA	0
3268	3	eigen	fedora-clang-libcxx	6277950	21613239517	2404024	9527226	665882391	2583642573	NA	0
3269	3	eigen	fedora-clang-libcxx	6277951	21619517468	2404039	9527226	666072948	2584381341	NA	0
3270	3	eigen	fedora-clang-libcxx	6265889	21625783357	2404054	9527226	666263355	2585119317	NA	0
3271	3	eigen	fedora-clang-libcxx	6265944	21632049301	2404069	9527226	666453769	2585857297	NA	0
3272	3	eigen	fedora-clang-libcxx	6265812	21638315113	2404084	9527226	666644178	2586595264	NA	0
3273	3	eigen	fedora-clang-libcxx	6265851	21644580964	2404099	9527226	666834591	2587333239	NA	0
3274	3	eigen	fedora-clang-libcxx	6265871	21650846835	2404114	9527226	667025000	2588071219	NA	0
3275	3	eigen	fedora-clang-libcxx	6266288	21657113123	2404129	9527226	667215408	2588809218	NA	0
3276	3	eigen	fedora-clang-libcxx	6265851	21663378974	2404144	9527226	667405819	2589547196	NA	0
3277	3	eigen	fedora-clang-libcxx	6265872	21669644846	2404159	9527226	667596232	2590285173	NA	0
3278	3	eigen	fedora-clang-libcxx	6265915	21675910761	2404174	9527226	667786645	2591023161	NA	0
3279	3	eigen	fedora-clang-libcxx	6265917	21682176678	2404189	9527226	667977059	2591761145	NA	0
3280	3	eigen	fedora-clang-libcxx	6265893	21688442571	2404204	9527226	668167471	2592499133	NA	0
3281	3	eigen	fedora-clang-libcxx	6265866	21694708437	2404219	9527226	668357880	2593237112	NA	0
3282	3	eigen	fedora-clang-libcxx	6266028	21700974465	2404234	9527226	668548330	2593975000	NA	0
3283	3	eigen	fedora-clang-libcxx	6265969	21707240434	2404249	9527226	668738775	2594712882	NA	0
3284	3	eigen	fedora-clang-libcxx	6265916	21713506350	2404264	9527226	668929220	2595450759	NA	0
3285	3	eigen	fedora-clang-libcxx	6265916	21719772266	2404279	9527226	669119666	2596188636	NA	0
3286	3	eigen	fedora-clang-libcxx	6266053	21726038319	2404294	9527226	669310112	2596926513	NA	0
3287	3	eigen	fedora-clang-libcxx	6265825	21732304144	2404309	9527226	669500556	2597664366	NA	0
3288	3	eigen	fedora-clang-libcxx	6266011	21738570155	2404324	9527226	669690999	2598402236	NA	0
3289	3	eigen	fedora-clang-libcxx	6265831	21744835986	2404339	9527226	669881443	2599140089	NA	0
3290	3	eigen	fedora-clang-libcxx	6265835	21751101821	2404354	9527226	670071888	2599877943	NA	0
3291	3	eigen	fedora-clang-libcxx	6265835	21757367656	2404369	9527226	670262332	2600615790	NA	0
3292	3	eigen	fedora-clang-libcxx	6265829	21763633485	2404384	9527226	670452776	2601353639	NA	0
3293	3	eigen	fedora-clang-libcxx	6266124	21769899609	2404399	9527226	670643220	2602091507	NA	0
3294	3	eigen	fedora-clang-libcxx	6262104	21776161713	2404414	9527226	670833356	2602827940	NA	0
3295	3	eigen	fedora-clang-libcxx	6261998	21782423711	2404429	9527226	671023497	2603564360	NA	0
3296	3	eigen	fedora-clang-libcxx	6262020	21788685731	2404444	9527226	671213637	2604300785	NA	0
3297	3	eigen	fedora-clang-libcxx	6261998	21794947729	2404459	9527226	671403778	2605037203	NA	0
3298	3	eigen	fedora-clang-libcxx	6262019	21801209748	2404474	9527226	671593918	2605773629	NA	0
3299	3	eigen	fedora-clang-libcxx	6262146	21807471894	2404489	9527226	671784058	2606510080	NA	0
3300	3	eigen	fedora-clang-libcxx	6262056	21813733950	2404504	9527226	671974199	2607246516	NA	0
3301	3	eigen	fedora-clang-libcxx	6262133	21819996083	2404519	9527226	672164341	2607982962	NA	0
3302	3	eigen	fedora-clang-libcxx	6262231	21826258314	2404534	9527226	672354483	2608719420	NA	0
3303	3	eigen	fedora-clang-libcxx	6262320	21832520634	2404549	9527226	672544624	2609455861	NA	0
3304	3	eigen	fedora-clang-libcxx	6228752	21838749386	2404564	9527226	672734010	2610188537	NA	0
3305	3	eigen	fedora-clang-libcxx	6228752	21844978138	2404579	9527226	672923396	2610921210	NA	0
3306	3	eigen	fedora-clang-libcxx	6239019	21851217157	2404594	9527226	673113062	2611655195	NA	0
3307	3	eigen	fedora-clang-libcxx	6239535	21857456692	2404609	9527226	673302727	2612389224	NA	0
3308	3	eigen	fedora-clang-libcxx	6239226	21863695918	2404624	9527226	673492394	2613123220	NA	0
3309	3	eigen	fedora-clang-libcxx	6243595	21869939513	2404639	9649167	673682195	2613858070	NA	1
3310	3	eigen	fedora-clang-libcxx	6243584	21876183097	2404654	9649167	673871996	2614592915	NA	0
3311	3	eigen	fedora-clang-libcxx	6243584	21882426681	2404669	9649167	674061797	2615327763	NA	0
3312	3	eigen	fedora-clang-libcxx	6243672	21888670353	2404684	9649167	674251598	2616062636	NA	0
3313	3	eigen	fedora-clang-libcxx	6243633	21894913986	2404699	9649167	674441400	2616797506	NA	0
3314	3	eigen	fedora-clang-libcxx	6243633	21901157619	2404714	9649167	674631202	2617532374	NA	0
3315	3	eigen	fedora-clang-libcxx	6243584	21907401203	2404729	9649167	674821002	2618267225	NA	0
3316	3	eigen	fedora-clang-libcxx	6243593	21913644796	2404744	9649167	675010803	2619002077	NA	0
3317	3	eigen	fedora-clang-libcxx	6243594	21919888390	2404759	9649167	675200603	2619736936	NA	0
3318	3	eigen	fedora-clang-libcxx	6243595	21926131985	2404774	9649167	675390404	2620471788	NA	0
3319	3	eigen	fedora-clang-libcxx	6243592	21932375577	2404789	9649167	675580205	2621206637	NA	0
3320	3	eigen	fedora-clang-libcxx	6243599	21938619176	2404804	9649167	675770006	2621941492	NA	0
3321	3	eigen	fedora-clang-libcxx	6243582	21944862758	2404819	9649167	675959802	2622676343	NA	0
3322	3	eigen	fedora-clang-libcxx	6243601	21951106359	2404834	9649167	676149603	2623411200	NA	0
3323	3	eigen	fedora-clang-libcxx	6243602	21957349961	2404849	9649167	676339404	2624146054	NA	0
3324	3	eigen	fedora-clang-libcxx	6243615	21963593576	2404864	9649167	676529205	2624880913	NA	0
3325	3	eigen	fedora-clang-libcxx	6243616	21969837192	2404879	9649167	676719006	2625615772	NA	0
3326	3	eigen	fedora-clang-libcxx	6243789	21976080981	2404894	9649167	676908807	2626350641	NA	0
3327	3	eigen	fedora-clang-libcxx	6235931	21982316912	2404909	9649167	677098386	2627084333	NA	0
3328	3	eigen	fedora-clang-libcxx	6235765	21988552677	2404924	9649167	677287963	2627817994	NA	0
3329	3	eigen	fedora-clang-libcxx	6235577	21994788254	2404939	9649167	677477535	2628551613	NA	0
3330	3	eigen	fedora-clang-libcxx	6235549	22001023803	2404954	9649167	677667107	2629285223	NA	0
3331	3	eigen	fedora-clang-libcxx	6226000	22007249803	2404969	9649167	677856484	2630017718	NA	0
3332	3	eigen	fedora-clang-libcxx	6225989	22013475792	2404984	9649167	678045861	2630750207	NA	0
3333	3	eigen	fedora-clang-libcxx	6225994	22019701786	2404999	9649167	678235240	2631482704	NA	0
3334	3	eigen	fedora-clang-libcxx	6225994	22025927780	2405014	9649167	678424619	2632215205	NA	0
3335	3	eigen	fedora-clang-libcxx	6225996	22032153776	2405029	9649167	678613995	2632947703	NA	0
3336	3	eigen	fedora-clang-libcxx	6230978	22038384754	2405044	9649167	678803469	2633680887	NA	0
3337	3	eigen	fedora-clang-libcxx	6230995	22044615749	2405059	9649167	678992944	2634414077	NA	0
3338	3	eigen	fedora-clang-libcxx	6228483	22050844232	2405074	9649167	679182326	2635146719	NA	0
3339	3	eigen	fedora-clang-libcxx	6239678	22057083910	2405089	9649167	679372061	2635881053	NA	0
3340	3	eigen	fedora-clang-libcxx	6239730	22063323640	2405104	9649167	679561802	2636615392	NA	0
3341	3	eigen	fedora-clang-libcxx	6239475	22069563115	2405119	9649167	679751542	2637349697	NA	0
3342	3	eigen	fedora-clang-libcxx	6239616	22075802731	2405134	9649167	679941283	2638084039	NA	0
3343	3	eigen	fedora-clang-libcxx	6239707	22082042438	2405149	9649167	680131024	2638818387	NA	0
3344	3	eigen	fedora-clang-libcxx	6239482	22088281920	2405164	9649167	680320765	2639552694	NA	0
3345	3	eigen	fedora-clang-libcxx	6239486	22094521406	2405179	9649167	680510506	2640287003	NA	0
3346	3	eigen	fedora-clang-libcxx	6239474	22100760880	2405194	9649167	680700245	2641021308	NA	0
3347	3	eigen	fedora-clang-libcxx	6239477	22107000357	2405209	9649167	680889987	2641755614	NA	0
3348	3	eigen	fedora-clang-libcxx	6239476	22113239833	2405224	9649167	681079729	2642489921	NA	0
3349	3	eigen	fedora-clang-libcxx	6239475	22119479308	2405239	9649167	681269471	2643224223	NA	0
3350	3	eigen	fedora-clang-libcxx	6239566	22125718874	2405254	9649167	681459212	2643958532	NA	0
3351	3	eigen	fedora-clang-libcxx	6239566	22131958440	2405269	9649167	681648954	2644692840	NA	0
3352	3	eigen	fedora-clang-libcxx	6243803	22138202243	2405284	9649167	681838671	2645427148	NA	0
3353	3	eigen	fedora-clang-libcxx	6243759	22144446002	2405299	9649167	682028383	2646161457	NA	0
3354	3	eigen	fedora-clang-libcxx	6243995	22150689997	2405314	9649167	682218100	2646895797	NA	0
3355	3	eigen	fedora-clang-libcxx	6243969	22156933966	2405329	9649167	682407816	2647630129	NA	0
3356	3	eigen	fedora-clang-libcxx	6244021	22163177987	2405344	9649167	682597529	2648364486	NA	0
3357	3	eigen	fedora-clang-libcxx	6243721	22169421708	2405359	9649167	682787245	2649098800	NA	0
3358	3	eigen	fedora-clang-libcxx	6231681	22175653389	2405374	9649167	682976664	2649832495	NA	0
3359	3	eigen	fedora-clang-libcxx	6231681	22181885070	2405389	9649167	683166083	2650566191	NA	0
3360	3	eigen	fedora-clang-libcxx	6231687	22188116757	2405404	9649167	683355500	2651299880	NA	0
3361	3	eigen	fedora-clang-libcxx	6231834	22194348591	2405419	9649167	683544911	2652033569	NA	0
3362	3	eigen	fedora-clang-libcxx	6231452	22200580043	2405434	9649167	683734465	2652766518	NA	0
3363	3	eigen	fedora-clang-libcxx	6231441	22206811484	2405449	9649167	683924026	2653499468	NA	0
3364	3	eigen	fedora-clang-libcxx	6231440	22213042924	2405464	9649167	684113585	2654232416	NA	0
3365	3	eigen	fedora-clang-libcxx	6231440	22219274364	2405479	9649167	684303144	2654965361	NA	0
3366	3	eigen	fedora-clang-libcxx	6231544	22225505908	2405494	9649167	684492702	2655698327	NA	0
3367	3	eigen	fedora-clang-libcxx	6231449	22231737357	2405509	9649167	684682258	2656431274	NA	0
3368	3	eigen	fedora-clang-libcxx	6231441	22237968798	2405524	9649167	684871811	2657164216	NA	0
3369	3	eigen	fedora-clang-libcxx	6231449	22244200247	2405539	9649167	685061366	2657897165	NA	0
3370	3	eigen	fedora-clang-libcxx	6335260	22250535507	2405554	9649167	685252708	2658645383	NA	0
3371	3	eigen	fedora-clang-libcxx	6335240	22256870747	2405569	9649167	685444053	2659393594	NA	0
3372	3	eigen	fedora-clang-libcxx	6335240	22263205987	2405584	9649167	685635396	2660141809	NA	0
3373	3	eigen	fedora-clang-libcxx	6335218	22269541205	2405599	9649167	685826738	2660890028	NA	0
3374	3	eigen	fedora-clang-libcxx	6335217	22275876422	2405614	9649167	686018082	2661638252	NA	0
3375	3	eigen	fedora-clang-libcxx	6335551	22282211973	2405629	9649167	686209433	2662386522	NA	0
3376	3	eigen	fedora-clang-libcxx	6335464	22288547437	2405644	9649167	686400781	2663134789	NA	0
3377	3	eigen	fedora-clang-libcxx	6335379	22294882816	2405659	9649167	686592124	2663883041	NA	0
3378	3	eigen	fedora-clang-libcxx	6335258	22301218074	2405674	9649167	686783466	2664631262	NA	0
3379	3	eigen	fedora-clang-libcxx	6335258	22307553332	2405689	9649167	686974811	2665379485	NA	0
3380	3	eigen	fedora-clang-libcxx	6335431	22313888763	2405704	9649167	687166156	2666127731	NA	0
3381	3	eigen	fedora-clang-libcxx	6335384	22320224147	2405719	9649167	687357499	2666875986	NA	0
3382	3	eigen	fedora-clang-libcxx	6335347	22326559494	2405734	9649167	687548840	2667624238	NA	0
3383	3	eigen	fedora-clang-libcxx	6335166	22332894660	2405749	9649167	687740181	2668372439	NA	0
3384	3	eigen	fedora-clang-libcxx	6335158	22339229818	2405764	9649167	687931526	2669120633	NA	0
3385	3	eigen	fedora-clang-libcxx	6335158	22345564976	2405779	9649167	688122869	2669868832	NA	0
3386	3	eigen	fedora-clang-libcxx	6335211	22351900187	2405794	9649167	688314212	2670617045	NA	0
3387	3	eigen	fedora-clang-libcxx	6335176	22358235363	2405809	9649167	688505553	2671365250	NA	0
3388	3	eigen	fedora-clang-libcxx	6335180	22364570543	2405824	9649167	688696894	2672113461	NA	0
3389	3	eigen	fedora-clang-libcxx	6335218	22370905761	2405839	9649167	688888236	2672861684	NA	0
3390	3	eigen	fedora-clang-libcxx	6335218	22377240979	2405854	9649167	689079582	2673609911	NA	0
3391	3	eigen	fedora-clang-libcxx	6335152	22383576131	2405869	9649167	689270921	2674358108	NA	0
3392	3	eigen	fedora-clang-libcxx	6335150	22389911281	2405884	9649167	689462261	2675106304	NA	0
3393	3	eigen	fedora-clang-libcxx	6335152	22396246433	2405899	9649167	689653600	2675854496	NA	0
3394	3	eigen	fedora-clang-libcxx	6335151	22402581584	2405914	9672806	689844936	2676602691	NA	1
3395	3	eigen	fedora-clang-libcxx	6335155	22408916739	2405929	9672806	690036276	2677350885	NA	0
3396	3	eigen	fedora-clang-libcxx	6335156	22415251895	2405944	9672806	690227618	2678099079	NA	0
3397	3	eigen	fedora-clang-libcxx	6335161	22421587056	2405959	9672806	690418959	2678847277	NA	0
3398	3	eigen	fedora-clang-libcxx	6335165	22427922221	2405974	9672806	690610295	2679595476	NA	0
3399	3	eigen	fedora-clang-libcxx	6335588	22434257809	2405989	9672806	690801636	2680343758	NA	0
3400	3	eigen	fedora-clang-libcxx	6335185	22440592994	2406004	9672806	690992977	2681091975	NA	0
3401	3	eigen	fedora-clang-libcxx	6335186	22446928180	2406019	9672806	691184318	2681840191	NA	0
3402	3	eigen	fedora-clang-libcxx	6335199	22453263379	2406034	9672806	691375659	2682588407	NA	0
3403	3	eigen	fedora-clang-libcxx	6335200	22459598579	2406049	9672806	691567000	2683336620	NA	0
3404	3	eigen	fedora-clang-libcxx	6335155	22465933734	2406064	9672806	691758342	2684084815	NA	0
3405	3	eigen	fedora-clang-libcxx	6335155	22472268889	2406079	9672806	691949684	2684833012	NA	0
3406	3	eigen	fedora-clang-libcxx	6335155	22478604044	2406094	9672806	692141025	2685581213	NA	0
3407	3	eigen	fedora-clang-libcxx	6335155	22484939199	2406109	9672806	692332367	2686329412	NA	0
3408	3	eigen	fedora-clang-libcxx	6335156	22491274355	2406124	9672806	692523708	2687077609	NA	0
3409	3	eigen	fedora-clang-libcxx	6335161	22497609516	2406139	9672806	692715049	2687825803	NA	0
3410	3	eigen	fedora-clang-libcxx	6263722	22503873238	2406154	9672806	692904511	2688561894	NA	0
3411	3	eigen	fedora-clang-libcxx	6263476	22510136714	2406169	9672806	693093973	2689297969	NA	0
3412	3	eigen	fedora-clang-libcxx	6263712	22516400426	2406184	9672806	693283443	2690034050	NA	0
3413	3	eigen	fedora-clang-libcxx	6263716	22522664142	2406199	9672806	693472911	2690770134	NA	0
3414	3	eigen	fedora-clang-libcxx	6263259	22528927401	2406214	9672806	693662373	2691506172	NA	0
3415	3	eigen	fedora-clang-libcxx	6258140	22535185541	2406229	9672806	693852300	2692242073	NA	0
3416	3	eigen	fedora-clang-libcxx	6258096	22541443637	2406244	9672806	694042232	2692977966	NA	0
3417	3	eigen	fedora-clang-libcxx	6258023	22547701660	2406259	9672806	694232165	2693713850	NA	0
3418	3	eigen	fedora-clang-libcxx	6258208	22553959868	2406274	9672806	694422099	2694449790	NA	0
3419	3	eigen	fedora-clang-libcxx	6258461	22560218329	2406289	9672806	694612032	2695185741	NA	0
3420	3	eigen	fedora-clang-libcxx	6258458	22566476787	2406304	9672806	694801972	2695921692	NA	0
3421	3	eigen	fedora-clang-libcxx	6257855	22572734642	2406319	9672806	694991903	2696657571	NA	0
3422	3	eigen	fedora-clang-libcxx	6257855	22578992497	2406334	9672806	695181834	2697393450	NA	0
3423	3	eigen	fedora-clang-libcxx	6258413	22585250910	2406349	9672806	695371773	2698129408	NA	0
3424	3	eigen	fedora-clang-libcxx	6230959	22591481869	2406364	9672806	695561295	2698862647	NA	0
3425	3	eigen	fedora-clang-libcxx	6230948	22597712817	2406379	9672806	695750817	2699595886	NA	0
3426	3	eigen	fedora-clang-libcxx	6230948	22603943765	2406394	9672806	695940339	2700329126	NA	0
3427	3	eigen	fedora-clang-libcxx	6230948	22610174713	2406409	9672806	696129861	2701062366	NA	0
3428	3	eigen	fedora-clang-libcxx	6230950	22616405663	2406424	9672806	696319384	2701795605	NA	0
3429	3	eigen	fedora-clang-libcxx	6230951	22622636614	2406439	9672806	696508906	2702528844	NA	0
3430	3	eigen	fedora-clang-libcxx	6231203	22628867817	2406454	9672806	696698428	2703262113	NA	0
3431	3	eigen	fedora-clang-libcxx	6231218	22635099035	2406469	9672806	696887950	2703995386	NA	0
3432	3	eigen	fedora-clang-libcxx	6270155	22641369190	2406484	9672806	697078600	2704732852	NA	0
3433	3	eigen	fedora-clang-libcxx	6270082	22647639272	2406499	9672806	697269248	2705470316	NA	0
3434	3	eigen	fedora-clang-libcxx	6270245	22653909517	2406514	9672806	697459901	2706207804	NA	0
3435	3	eigen	fedora-clang-libcxx	6270075	22660179592	2406529	9672806	697650549	2706945268	NA	0
3436	3	eigen	fedora-clang-libcxx	6270073	22666449665	2406544	9672806	697841193	2707682730	NA	0
3437	3	eigen	fedora-clang-libcxx	6270051	22672719716	2406559	9672806	698031849	2708420192	NA	0
3438	3	eigen	fedora-clang-libcxx	6270051	22678989767	2406574	9672806	698222505	2709157654	NA	0
3439	3	eigen	fedora-clang-libcxx	6270047	22685259814	2406589	9672806	698413156	2709895116	NA	0
3440	3	eigen	fedora-clang-libcxx	6270061	22691529875	2406604	9672806	698603803	2710632576	NA	0
3441	3	eigen	fedora-clang-libcxx	6270063	22697799938	2406619	9672806	698794456	2711370038	NA	0
3442	3	eigen	fedora-clang-libcxx	6270063	22704070001	2406634	9672806	698985108	2712107500	NA	0
3443	3	eigen	fedora-clang-libcxx	6270053	22710340054	2406649	9672806	699175755	2712844962	NA	0
3444	3	eigen	fedora-clang-libcxx	6270043	22716610097	2406664	9672806	699366405	2713582424	NA	0
3445	3	eigen	fedora-clang-libcxx	6270077	22722880174	2406679	9672806	699557052	2714319886	NA	0
3446	3	eigen	fedora-clang-libcxx	6270063	22729150237	2406694	9672806	699747703	2715057350	NA	0
3447	3	eigen	fedora-clang-libcxx	6233247	22735383484	2406709	9672806	699937321	2715790814	NA	0
3448	3	eigen	fedora-clang-libcxx	6233236	22741616720	2406724	9672806	700126938	2716524276	NA	0
3449	3	eigen	fedora-clang-libcxx	6233382	22747850102	2406739	9672806	700316556	2717257761	NA	0
3450	3	eigen	fedora-clang-libcxx	6233236	22754083338	2406754	9672806	700506173	2717991224	NA	0
3451	3	eigen	fedora-clang-libcxx	6233286	22760316624	2406769	9672806	700695792	2718724707	NA	0
3452	3	eigen	fedora-clang-libcxx	6233285	22766549909	2406784	9672806	700885411	2719458187	NA	0
3453	3	eigen	fedora-clang-libcxx	6233286	22772783195	2406799	9672806	701075030	2720191668	NA	0
3454	3	eigen	fedora-clang-libcxx	6233251	22779016446	2406814	9672806	701264649	2720925134	NA	0
3455	3	eigen	fedora-clang-libcxx	6233344	22785249790	2406829	9672806	701454268	2721658618	NA	0
3456	3	eigen	fedora-clang-libcxx	6233419	22791483209	2406844	9672806	701643886	2722392097	NA	0
3457	3	eigen	fedora-clang-libcxx	6259285	22797742494	2406859	9672806	701833982	2723128490	NA	0
3458	3	eigen	fedora-clang-libcxx	6259164	22804001658	2406874	9672806	702024074	2723864868	NA	0
3459	3	eigen	fedora-clang-libcxx	6258998	22810260656	2406889	9672806	702214170	2724601229	NA	0
3460	3	eigen	fedora-clang-libcxx	6259240	22816519896	2406904	9672806	702404267	2725337646	NA	0
3461	3	eigen	fedora-clang-libcxx	6259226	22822779122	2406919	9672806	702594364	2726074051	NA	0
3462	3	eigen	fedora-clang-libcxx	6258985	22829038107	2406934	9672806	702784461	2726810404	NA	0
3463	3	eigen	fedora-clang-libcxx	6259110	22835297217	2406949	9672806	702974558	2727546780	NA	0
3464	3	eigen	fedora-clang-libcxx	6258995	22841556212	2406964	9672806	703164650	2728283135	NA	0
3465	3	eigen	fedora-clang-libcxx	6259722	22847815934	2406979	9672806	703354751	2729019563	NA	0
3466	3	eigen	fedora-clang-libcxx	6259380	22854075314	2406994	9672806	703544846	2729755958	NA	0
3467	3	eigen	fedora-clang-libcxx	6226073	22860301387	2407009	9672806	703734206	2730488459	NA	0
3468	3	eigen	fedora-clang-libcxx	6257870	22866559257	2407024	9672806	703924345	2731224282	NA	0
3469	3	eigen	fedora-clang-libcxx	6258668	22872817925	2407039	9672806	704114532	2731960232	NA	0
3470	3	eigen	fedora-clang-libcxx	6258604	22879076529	2407054	9672806	704304718	2732696165	NA	0
3471	3	eigen	fedora-clang-libcxx	6258593	22885335122	2407069	9672806	704494904	2733432093	NA	0
3472	3	eigen	fedora-clang-libcxx	6258618	22891593740	2407084	9672806	704685090	2734168032	NA	0
3473	3	eigen	fedora-clang-libcxx	6258685	22897852425	2407099	9672806	704875276	2734903976	NA	0
3474	3	eigen	fedora-clang-libcxx	6258749	22904111174	2407114	9672806	705065462	2735639920	NA	0
3475	3	eigen	fedora-clang-libcxx	6258602	22910369776	2407129	9672806	705255649	2736375854	NA	0
3476	3	eigen	fedora-clang-libcxx	6258603	22916628379	2407144	9672806	705445833	2737111788	NA	0
3477	3	eigen	fedora-clang-libcxx	6258596	22922886975	2407159	9672806	705636019	2737847729	NA	0
3478	3	eigen	fedora-clang-libcxx	6259796	22929146771	2407174	9672806	705826215	2738583774	NA	0
3479	3	eigen	fedora-clang-libcxx	6258601	22935405372	2407189	10033309	706016401	2739319705	NA	1
3480	3	eigen	fedora-clang-libcxx	6229119	22941634491	2407204	10033309	706205848	2740052457	NA	0
3481	3	eigen	fedora-clang-libcxx	6229055	22947863546	2407219	10033309	706395295	2740785195	NA	0
3482	3	eigen	fedora-clang-libcxx	6229045	22954092591	2407234	10033309	706584742	2741517930	NA	0
3483	3	eigen	fedora-clang-libcxx	6229049	22960321640	2407249	10033309	706774189	2742250667	NA	0
3484	3	eigen	fedora-clang-libcxx	6229081	22966550721	2407264	10033309	706963636	2742983408	NA	0
3485	3	eigen	fedora-clang-libcxx	6236456	22972787177	2407279	10033309	707153294	2743716984	NA	0
3486	3	eigen	fedora-clang-libcxx	6236456	22979023633	2407294	10033309	707342952	2744450561	NA	0
3487	3	eigen	fedora-clang-libcxx	6236445	22985260078	2407309	10033309	707532608	2745184127	NA	0
3488	3	eigen	fedora-clang-libcxx	6236450	22991496528	2407324	10033309	707722268	2745917701	NA	0
3489	3	eigen	fedora-clang-libcxx	6236450	22997732978	2407339	10033309	707911928	2746651284	NA	0
3490	3	eigen	fedora-clang-libcxx	6236449	23003969427	2407354	10033309	708101585	2747384865	NA	0
3491	3	eigen	fedora-clang-libcxx	6236482	23010205909	2407369	10033309	708291242	2748118452	NA	0
3492	3	eigen	fedora-clang-libcxx	6236447	23016442356	2407384	10033309	708480898	2748852025	NA	0
3493	3	eigen	fedora-clang-libcxx	6236455	23022678811	2407399	10033309	708670550	2749585600	NA	0
3494	3	eigen	fedora-clang-libcxx	6234121	23028912932	2407414	10033309	708860057	2750319010	NA	0
3495	3	eigen	fedora-clang-libcxx	6234122	23035147054	2407429	10033309	709049564	2751052424	NA	0
3496	3	eigen	fedora-clang-libcxx	6234147	23041381201	2407444	10033309	709239071	2751785843	NA	0
3497	3	eigen	fedora-clang-libcxx	6234148	23047615349	2407459	10033309	709428578	2752519265	NA	0
3498	3	eigen	fedora-clang-libcxx	6234053	23053849402	2407474	10033309	709618085	2753252677	NA	0
3499	3	eigen	fedora-clang-libcxx	6234054	23060083456	2407489	10033309	709807592	2753986076	NA	0
3500	3	eigen	fedora-clang-libcxx	6234067	23066317523	2407504	10033309	709997100	2754719487	NA	0
3501	3	eigen	fedora-clang-libcxx	6234068	23072551591	2407519	10033309	710186608	2755452899	NA	0
3502	3	eigen	fedora-clang-libcxx	6234039	23078785630	2407534	10033309	710376115	2756186299	NA	0
3503	3	eigen	fedora-clang-libcxx	6238735	23085024365	2407549	10033309	710565635	2756919781	NA	0
3504	3	eigen	fedora-clang-libcxx	6238735	23091263100	2407564	10033309	710755155	2757653259	NA	0
3505	3	eigen	fedora-clang-libcxx	6238736	23097501836	2407579	10033309	710944676	2758386746	NA	0
3506	3	eigen	fedora-clang-libcxx	6238736	23103740572	2407594	10033309	711134197	2759120234	NA	0
3507	3	eigen	fedora-clang-libcxx	6238761	23109979333	2407609	10033309	711323719	2759853723	NA	0
3508	3	eigen	fedora-clang-libcxx	6238746	23116218079	2407624	10033309	711513239	2760587209	NA	0
3509	3	eigen	fedora-clang-libcxx	6238754	23122456833	2407639	10033309	711702758	2761320695	NA	0
3510	3	eigen	fedora-clang-libcxx	6232836	23128689669	2407654	10033309	711892294	2762054135	NA	0
3511	3	eigen	fedora-clang-libcxx	6232836	23134922505	2407669	10033309	712081830	2762787576	NA	0
3512	3	eigen	fedora-clang-libcxx	6232825	23141155330	2407684	10033309	712271360	2763521006	NA	0
3513	3	eigen	fedora-clang-libcxx	6232830	23147388160	2407699	10033309	712460893	2764254445	NA	0
3514	3	eigen	fedora-clang-libcxx	6232830	23153620990	2407714	10033309	712650426	2764987877	NA	0
3515	3	eigen	fedora-clang-libcxx	6232862	23159853852	2407729	10033309	712839959	2765721318	NA	0
3516	3	eigen	fedora-clang-libcxx	6232903	23166086755	2407744	10033309	713029439	2766454647	NA	0
3517	3	eigen	fedora-clang-libcxx	6235703	23172322458	2407759	10033309	713218922	2767188170	NA	0
3518	3	eigen	fedora-clang-libcxx	6233443	23178555901	2407774	10033309	713408405	2767921585	NA	0
3519	3	eigen	fedora-clang-libcxx	6235831	23184791732	2407789	10033309	713597888	2768655110	NA	0
3520	3	eigen	fedora-clang-libcxx	6233475	23191025207	2407804	10033309	713787371	2769388524	NA	0
3521	3	eigen	fedora-clang-libcxx	6235959	23197261166	2407819	10033309	713976854	2770122054	NA	0
3522	3	eigen	fedora-clang-libcxx	6233507	23203494673	2407834	10033309	714166337	2770855469	NA	0
3523	3	eigen	fedora-clang-libcxx	6235735	23209730408	2407849	10033309	714355822	2771588992	NA	0
3524	3	eigen	fedora-clang-libcxx	6233451	23215963859	2407864	10033309	714545307	2772322409	NA	0
3525	3	eigen	fedora-clang-libcxx	6235863	23222199722	2407879	10033309	714734792	2773055938	NA	0
3526	3	eigen	fedora-clang-libcxx	6233483	23228433205	2407894	10033309	714924277	2773789356	NA	0
3527	3	eigen	fedora-clang-libcxx	6235991	23234669196	2407909	10033309	715113762	2774522884	NA	0
3528	3	eigen	fedora-clang-libcxx	6233515	23240902711	2407924	10033309	715303247	2775256301	NA	0
3529	3	eigen	fedora-clang-libcxx	6236151	23247138862	2407939	10033309	715492730	2775989831	NA	0
3530	3	eigen	fedora-clang-libcxx	6233555	23253372417	2407954	10033309	715682213	2776723252	NA	0
3531	3	eigen	fedora-clang-libcxx	6236279	23259608696	2407969	10033309	715871696	2777456786	NA	0
3532	3	eigen	fedora-clang-libcxx	6233587	23265842283	2407984	10033309	716061179	2778190208	NA	0
3533	3	eigen	fedora-clang-libcxx	6236407	23272078690	2407999	10033309	716250662	2778923744	NA	0
3534	3	eigen	fedora-clang-libcxx	6233619	23278312309	2408014	10033309	716440145	2779657167	NA	0
3535	3	eigen	fedora-clang-libcxx	6236183	23284548492	2408029	10033309	716629628	2780390694	NA	0
3536	3	eigen	fedora-clang-libcxx	6233563	23290782055	2408044	10033309	716819111	2781124113	NA	0
3537	3	eigen	fedora-clang-libcxx	6236311	23297018366	2408059	10033309	717008594	2781857639	NA	0
3538	3	eigen	fedora-clang-libcxx	6233595	23303251961	2408074	10033309	717198077	2782591059	NA	0
3539	3	eigen	fedora-clang-libcxx	6236439	23309488400	2408089	10033309	717387560	2783324589	NA	0
3540	3	eigen	fedora-clang-libcxx	6233627	23315722027	2408104	10033309	717577043	2784058007	NA	0
3541	3	eigen	fedora-clang-libcxx	6253433	23321975460	2408119	10033309	717766733	2784792765	NA	0
3542	3	eigen	fedora-clang-libcxx	6253434	23328228894	2408134	10033309	717956423	2785527522	NA	0
3543	3	eigen	fedora-clang-libcxx	6253459	23334482353	2408149	10033309	718146114	2786262288	NA	0
3544	3	eigen	fedora-clang-libcxx	6253471	23340735824	2408164	10033309	718335805	2786997058	NA	0
3545	3	eigen	fedora-clang-libcxx	6253365	23346989189	2408179	10033309	718525495	2787731812	NA	0
3546	3	eigen	fedora-clang-libcxx	6253366	23353242555	2408194	10033309	718715185	2788466563	NA	0
3547	3	eigen	fedora-clang-libcxx	6253379	23359495934	2408209	10033309	718904875	2789201321	NA	0
3548	3	eigen	fedora-clang-libcxx	6253380	23365749314	2408224	10033309	719094565	2789936080	NA	0
3549	3	eigen	fedora-clang-libcxx	6253346	23372002660	2408239	10033309	719284255	2790670825	NA	0
3550	3	eigen	fedora-clang-libcxx	6253346	23378256006	2408254	10033309	719473945	2791405570	NA	0
3551	3	eigen	fedora-clang-libcxx	6253359	23384509365	2408269	10033309	719663632	2792140319	NA	0
3552	3	eigen	fedora-clang-libcxx	6253345	23390762710	2408284	10033309	719853326	2792875066	NA	0
3553	3	eigen	fedora-clang-libcxx	6253345	23397016055	2408299	10033309	720043020	2793609812	NA	0
3554	3	eigen	fedora-clang-libcxx	6253345	23403269400	2408314	10033309	720232714	2794344554	NA	0
3555	3	eigen	fedora-clang-libcxx	6253350	23409522750	2408329	10033309	720422404	2795079297	NA	0
3556	3	eigen	fedora-clang-libcxx	6253343	23415776093	2408344	10033309	720612095	2795814037	NA	0
3557	3	eigen	fedora-clang-libcxx	6242210	23422018303	2408359	10033309	720801622	2796547796	NA	0
3558	3	eigen	fedora-clang-libcxx	6242211	23428260514	2408374	10033309	720991149	2797281555	NA	0
3559	3	eigen	fedora-clang-libcxx	6242229	23434502743	2408389	10033309	721180676	2798015326	NA	0
3560	3	eigen	fedora-clang-libcxx	6242230	23440744973	2408404	10033309	721370203	2798749096	NA	0
3561	3	eigen	fedora-clang-libcxx	6242216	23446987189	2408419	10033309	721559730	2799482852	NA	0
3562	3	eigen	fedora-clang-libcxx	6242251	23453229440	2408434	10033309	721749257	2800216611	NA	0
3563	3	eigen	fedora-clang-libcxx	6265896	23459495336	2408449	10033309	721938948	2800952145	NA	0
3564	3	eigen	fedora-clang-libcxx	6265896	23465761232	2408464	10033309	722128639	2801687674	NA	0
3565	3	eigen	fedora-clang-libcxx	6265897	23472027129	2408479	10203562	722318330	2802423208	NA	1
3566	3	eigen	fedora-clang-libcxx	6265897	23478293026	2408494	10203562	722508021	2803158737	NA	0
3567	3	eigen	fedora-clang-libcxx	6319036	23484612062	2408509	10203562	722701112	2803908052	NA	0
3568	3	eigen	fedora-clang-libcxx	6319043	23490931105	2408524	10203562	722894203	2804657368	NA	0
3569	3	eigen	fedora-clang-libcxx	6282078	23497213183	2408539	10203562	723084780	2805396637	NA	0
3570	3	eigen	fedora-clang-libcxx	6282246	23503495429	2408554	10203562	723275355	2806135949	NA	0
3571	3	eigen	fedora-clang-libcxx	6282105	23509777534	2408569	10203562	723465930	2806875236	NA	0
3572	3	eigen	fedora-clang-libcxx	6282122	23516059656	2408584	10203562	723656505	2807614534	NA	0
3573	3	eigen	fedora-clang-libcxx	6282121	23522341777	2408599	10203562	723847081	2808353826	NA	0
3574	3	eigen	fedora-clang-libcxx	6282000	23528623777	2408614	10203562	724037654	2809093077	NA	0
3575	3	eigen	fedora-clang-libcxx	6282103	23534905880	2408629	10203562	724228232	2809832345	NA	0
3576	3	eigen	fedora-clang-libcxx	6282137	23541188017	2408644	10203562	724418807	2810571620	NA	0
3577	3	eigen	fedora-clang-libcxx	6282101	23547470118	2408659	10203562	724609382	2811310888	NA	0
3578	3	eigen	fedora-clang-libcxx	6282115	23553752233	2408674	10203562	724799962	2812050166	NA	0
3579	3	eigen	fedora-clang-libcxx	6282481	23560034714	2408689	10203562	724990538	2812789467	NA	0
3580	3	eigen	fedora-clang-libcxx	6282382	23566317096	2408704	10203562	725181115	2813528752	NA	0
3581	3	eigen	fedora-clang-libcxx	6282093	23572599189	2408719	10203562	725371690	2814268013	NA	0
3582	3	eigen	fedora-clang-libcxx	6240616	23578839805	2408734	10203562	725561379	2815002234	NA	0
3583	3	eigen	fedora-clang-libcxx	6240605	23585080410	2408749	10203562	725751072	2815736448	NA	0
3584	3	eigen	fedora-clang-libcxx	6240627	23591321037	2408764	10203562	725940760	2816470672	NA	0
3585	3	eigen	fedora-clang-libcxx	6240675	23597561712	2408779	10203562	726130452	2817204899	NA	0
3586	3	eigen	fedora-clang-libcxx	6240690	23603802402	2408794	10203562	726320140	2817939132	NA	0
3587	3	eigen	fedora-clang-libcxx	6240743	23610043145	2408809	10203562	726509829	2818673372	NA	0
3588	3	eigen	fedora-clang-libcxx	6240667	23616283812	2408824	10203562	726699517	2819407609	NA	0
3589	3	eigen	fedora-clang-libcxx	6226132	23622509944	2408839	10203562	726888931	2820140210	NA	0
3590	3	eigen	fedora-clang-libcxx	6266352	23628776296	2408854	10203562	727079175	2820877048	NA	0
3591	3	eigen	fedora-clang-libcxx	6266510	23635042806	2408869	10203562	727269425	2821613894	NA	0
3592	3	eigen	fedora-clang-libcxx	6266429	23641309235	2408884	10203562	727459670	2822350750	NA	0
3593	3	eigen	fedora-clang-libcxx	6266340	23647575575	2408899	10203562	727649915	2823087585	NA	0
3594	3	eigen	fedora-clang-libcxx	6266780	23653842355	2408914	10203562	727840165	2823824473	NA	0
3595	3	eigen	fedora-clang-libcxx	6266456	23660108811	2408929	10203562	728030409	2824561320	NA	0
3596	3	eigen	fedora-clang-libcxx	6266354	23666375165	2408944	10203562	728220658	2825298154	NA	0
3597	3	eigen	fedora-clang-libcxx	6266534	23672641699	2408959	10203562	728410909	2826035006	NA	0
3598	3	eigen	fedora-clang-libcxx	6266410	23678908109	2408974	10203562	728601151	2826771848	NA	0
3599	3	eigen	fedora-clang-libcxx	7569886	23686477995	2408989	10203562	728835046	2827698952	NA	0
3600	3	eigen	fedora-clang-libcxx	7569874	23694047869	2409004	10203562	729068944	2828626055	NA	0
3601	3	eigen	fedora-clang-libcxx	7569967	23701617836	2409019	10203562	729302842	2829553167	NA	0
3602	3	eigen	fedora-clang-libcxx	7569874	23709187710	2409034	10203562	729536740	2830480272	NA	0
3603	3	eigen	fedora-clang-libcxx	7570706	23716758416	2409049	10203562	729770637	2831407485	NA	0
3604	3	eigen	fedora-clang-libcxx	7570716	23724329132	2409064	10203562	730004535	2832334695	NA	0
3605	3	eigen	fedora-clang-libcxx	7570185	23731899317	2409079	10203562	730238435	2833261836	NA	0
3606	3	eigen	fedora-clang-libcxx	7570446	23739469763	2409094	10203562	730472330	2834189017	NA	0
3607	3	eigen	fedora-clang-libcxx	7552460	23747022223	2409109	10203562	730705740	2835113329	NA	0
3608	3	eigen	fedora-clang-libcxx	7552384	23754574607	2409124	10203562	730939146	2836037637	NA	0
3609	3	eigen	fedora-clang-libcxx	7552396	23762127003	2409139	10203562	731172554	2836961962	NA	0
3610	3	eigen	fedora-clang-libcxx	7552396	23769679399	2409154	10203562	731405961	2837886268	NA	0
3611	3	eigen	fedora-clang-libcxx	7552314	23777231713	2409169	10203562	731639369	2838810550	NA	0
3612	3	eigen	fedora-clang-libcxx	7552314	23784784027	2409184	10203562	731872777	2839734831	NA	0
3613	3	eigen	fedora-clang-libcxx	6252170	23791036197	2409199	10203562	732062665	2840470325	NA	0
3614	3	eigen	fedora-clang-libcxx	6252297	23797288494	2409214	10203562	732252547	2841205854	NA	0
3615	3	eigen	fedora-clang-libcxx	6252173	23803540667	2409229	10203562	732442435	2841941366	NA	0
3616	3	eigen	fedora-clang-libcxx	6252353	23809793020	2409244	10203562	732632325	2842676911	NA	0
3617	3	eigen	fedora-clang-libcxx	6252290	23816045310	2409259	10203562	732822213	2843412443	NA	0
3618	3	eigen	fedora-clang-libcxx	6252287	23822297597	2409274	10203562	733012099	2844147985	NA	0
3619	3	eigen	fedora-clang-libcxx	6251947	23828549544	2409289	10203562	733201981	2844883478	NA	0
3620	3	eigen	fedora-clang-libcxx	6252006	23834801550	2409304	10203562	733391865	2845618980	NA	0
3621	3	eigen	fedora-clang-libcxx	6251908	23841053458	2409319	10203562	733581747	2846354458	NA	0
3622	3	eigen	fedora-clang-libcxx	6231291	23847284749	2409334	10203562	733771330	2847087837	NA	0
3623	3	eigen	fedora-clang-libcxx	6231292	23853516041	2409349	10203562	733960917	2847821221	NA	0
3624	3	eigen	fedora-clang-libcxx	6231292	23859747333	2409364	10203562	734150505	2848554609	NA	0
3625	3	eigen	fedora-clang-libcxx	6231292	23865978625	2409379	10203562	734340093	2849287999	NA	0
3626	3	eigen	fedora-clang-libcxx	6231292	23872209917	2409394	10203562	734529679	2850021385	NA	0
3627	3	eigen	fedora-clang-libcxx	6231308	23878441225	2409409	10203562	734719262	2850754775	NA	0
3628	3	eigen	fedora-clang-libcxx	6231314	23884672539	2409424	10203562	734908845	2851488156	NA	0
3629	3	eigen	fedora-clang-libcxx	6231307	23890903846	2409439	10203562	735098428	2852221540	NA	0
3630	3	eigen	fedora-clang-libcxx	6231293	23897135139	2409454	10203562	735288011	2852954915	NA	0
3631	3	eigen	fedora-clang-libcxx	6231283	23903366422	2409469	10203562	735477594	2853688297	NA	0
3632	3	eigen	fedora-clang-libcxx	6232501	23909598923	2409484	10203562	735667161	2854421735	NA	0
3633	3	eigen	fedora-clang-libcxx	6232489	23915831412	2409499	10203562	735856727	2855155170	NA	0
3634	3	eigen	fedora-clang-libcxx	6232489	23922063901	2409514	10203562	736046295	2855888611	NA	0
3635	3	eigen	fedora-clang-libcxx	6232585	23928296486	2409529	10203562	736235861	2856622062	NA	0
3636	3	eigen	fedora-clang-libcxx	6232730	23934529216	2409544	10203562	736425429	2857355517	NA	0
3637	3	eigen	fedora-clang-libcxx	6232494	23940761710	2409559	10203562	736614996	2858088954	NA	0
3638	3	eigen	fedora-clang-libcxx	6232586	23946994296	2409574	10203562	736804562	2858822410	NA	0
3639	3	eigen	fedora-clang-libcxx	6232490	23953226786	2409589	10203562	736994129	2859555846	NA	0
3640	3	eigen	fedora-clang-libcxx	6235366	23959462152	2409604	10203562	737183720	2860289526	NA	0
3641	3	eigen	fedora-clang-libcxx	6235252	23965697404	2409619	10203562	737373311	2861023191	NA	0
3642	3	eigen	fedora-clang-libcxx	6235190	23971932594	2409634	10203562	737562902	2861756844	NA	0
3643	3	eigen	fedora-clang-libcxx	6235191	23978167785	2409649	10203562	737752495	2862490502	NA	0
3644	3	eigen	fedora-clang-libcxx	6235191	23984402976	2409664	10203562	737942088	2863224161	NA	0
3645	3	eigen	fedora-clang-libcxx	6235174	23990638150	2409679	10203562	738131681	2863957809	NA	0
3646	3	eigen	fedora-clang-libcxx	6235258	23996873408	2409694	10203562	738321272	2864691467	NA	0
3647	3	eigen	fedora-clang-libcxx	6235260	24003108668	2409709	10367580	738510864	2865425127	NA	1
3648	3	eigen	fedora-clang-libcxx	6235260	24009343928	2409724	10367580	738700460	2866158781	NA	0
3649	3	eigen	fedora-clang-libcxx	6235178	24015579106	2409739	10367580	738890052	2866892421	NA	0
3650	3	eigen	fedora-clang-libcxx	6235177	24021814283	2409754	10367580	739079644	2867626070	NA	0
3651	3	eigen	fedora-clang-libcxx	6235180	24028049463	2409769	10367580	739269234	2868359719	NA	0
3652	3	eigen	fedora-clang-libcxx	6383833	24034433296	2409784	10367580	739463660	2869115582	NA	0
3653	3	eigen	fedora-clang-libcxx	6383833	24040817129	2409799	10367580	739658083	2869871452	NA	0
3654	3	eigen	fedora-clang-libcxx	6383492	24047200621	2409814	10367580	739852500	2870627283	NA	0
3655	3	eigen	fedora-clang-libcxx	6383292	24053583913	2409829	10367580	740046920	2871383077	NA	0
3656	3	eigen	fedora-clang-libcxx	6383487	24059967400	2409844	10367580	740241342	2872138897	NA	0
3657	3	eigen	fedora-clang-libcxx	6383351	24066350751	2409859	10367580	740435763	2872894702	NA	0
3658	3	eigen	fedora-clang-libcxx	6383268	24072734019	2409874	10367580	740630181	2873650499	NA	0
3659	3	eigen	fedora-clang-libcxx	6383268	24079117287	2409889	10367580	740824602	2874406298	NA	0
3660	3	eigen	fedora-clang-libcxx	6383193	24085500480	2409904	10367580	741019022	2875162088	NA	0
3661	3	eigen	fedora-clang-libcxx	6393490	24091893970	2409919	10367580	741213768	2875919157	NA	0
3662	3	eigen	fedora-clang-libcxx	6393750	24098287720	2409934	10367580	741408516	2876676254	NA	0
3663	3	eigen	fedora-clang-libcxx	6393319	24104681039	2409949	10367580	741603258	2877433305	NA	0
3664	3	eigen	fedora-clang-libcxx	6392773	24111073812	2409964	10367580	741797997	2878190295	NA	0
3665	3	eigen	fedora-clang-libcxx	6392775	24117466587	2409979	10367580	741992736	2878947281	NA	0
3666	3	eigen	fedora-clang-libcxx	6392831	24123859418	2409994	10367580	742187478	2879704276	NA	0
3667	3	eigen	fedora-clang-libcxx	6392747	24130252165	2410009	10367580	742382218	2880461258	NA	0
3668	3	eigen	fedora-clang-libcxx	6392747	24136644912	2410024	10367580	742576961	2881218242	NA	0
3669	3	eigen	fedora-clang-libcxx	6392674	24143037586	2410039	10367580	742771699	2881975219	NA	0
3670	3	eigen	fedora-clang-libcxx	6240449	24149278035	2410054	10367580	742961342	2882709168	NA	0
3671	3	eigen	fedora-clang-libcxx	6240449	24155518484	2410069	10367580	743150987	2883443122	NA	0
3672	3	eigen	fedora-clang-libcxx	6240366	24161758850	2410084	10367580	743340628	2884177064	NA	0
3673	3	eigen	fedora-clang-libcxx	6240529	24167999379	2410099	10367580	743530271	2884911028	NA	0
3674	3	eigen	fedora-clang-libcxx	6240529	24174239908	2410114	10367580	743719914	2885645000	NA	0
3675	3	eigen	fedora-clang-libcxx	6240532	24180480440	2410129	10367580	743909554	2886378964	NA	0
3676	3	eigen	fedora-clang-libcxx	6240462	24186720902	2410144	10367580	744099196	2887112916	NA	0
3677	3	eigen	fedora-clang-libcxx	6240876	24192961778	2410159	10367580	744288842	2887846912	NA	0
3678	3	eigen	fedora-clang-libcxx	6350876	24199312654	2410174	10367580	744482648	2888599340	NA	0
3679	3	eigen	fedora-clang-libcxx	6350878	24205663532	2410189	10367580	744676457	2889351775	NA	0
3680	3	eigen	fedora-clang-libcxx	6350879	24212014411	2410204	10367580	744870265	2890104214	NA	0
3681	3	eigen	fedora-clang-libcxx	6350926	24218365337	2410219	10367580	745064071	2890856662	NA	0
3682	3	eigen	fedora-clang-libcxx	6350883	24224716220	2410234	10367580	745257879	2891609100	NA	0
3683	3	eigen	fedora-clang-libcxx	6350883	24231067103	2410249	10367580	745451687	2892361540	NA	0
3684	3	eigen	fedora-clang-libcxx	6350884	24237417987	2410264	10367580	745645493	2893113980	NA	0
3685	3	eigen	fedora-clang-libcxx	6350878	24243768865	2410279	10367580	745839302	2893866421	NA	0
3686	3	eigen	fedora-clang-libcxx	6350879	24250119744	2410294	10367580	746033110	2894618859	NA	0
3687	3	eigen	fedora-clang-libcxx	6350879	24256470623	2410309	10367580	746226916	2895371299	NA	0
3688	3	eigen	fedora-clang-libcxx	6350879	24262821502	2410324	10367580	746420723	2896123738	NA	0
3689	3	eigen	fedora-clang-libcxx	6350878	24269172380	2410339	10367580	746614527	2896876173	NA	0
3690	3	eigen	fedora-clang-libcxx	6350879	24275523259	2410354	10367580	746808334	2897628609	NA	0
3691	3	eigen	fedora-clang-libcxx	6351338	24281874597	2410369	10367580	747002140	2898381107	NA	0
3692	3	eigen	fedora-clang-libcxx	6351072	24288225669	2410384	10367580	747195942	2899133569	NA	0
3693	3	eigen	fedora-clang-libcxx	7544987	24295770656	2410399	10367580	747429128	2900057350	NA	0
3694	3	eigen	fedora-clang-libcxx	7544987	24303315643	2410414	10367580	747662314	2900981132	NA	0
3695	3	eigen	fedora-clang-libcxx	7544986	24310860629	2410429	10367580	747895500	2901904916	NA	0
3696	3	eigen	fedora-clang-libcxx	7544991	24318405620	2410444	10367580	748128686	2902828708	NA	0
3697	3	eigen	fedora-clang-libcxx	7545006	24325950626	2410459	10367580	748361872	2903752504	NA	0
3698	3	eigen	fedora-clang-libcxx	7544985	24333495611	2410474	10367580	748595058	2904676285	NA	0
3699	3	eigen	fedora-clang-libcxx	7548927	24341044538	2410489	10367580	748828350	2905600616	NA	0
3700	3	eigen	fedora-clang-libcxx	7548944	24348593482	2410504	10367580	749061649	2906524967	NA	0
3701	3	eigen	fedora-clang-libcxx	7548939	24356142421	2410519	10367580	749294948	2907449308	NA	0
3702	3	eigen	fedora-clang-libcxx	7548957	24363691378	2410534	10367580	749528247	2908373657	NA	0
3703	3	eigen	fedora-clang-libcxx	7548931	24371240309	2410549	10367580	749761547	2909297988	NA	0
3704	3	eigen	fedora-clang-libcxx	7548924	24378789233	2410564	10367580	749994845	2910222318	NA	0
3705	3	eigen	fedora-clang-libcxx	7548032	24386337265	2410579	10367580	750228090	2911146531	NA	0
3706	3	eigen	fedora-clang-libcxx	7548049	24393885314	2410594	10367580	750461335	2912070765	NA	0
3707	3	eigen	fedora-clang-libcxx	7548057	24401433371	2410609	10367580	750694580	2912994989	NA	0
3708	3	eigen	fedora-clang-libcxx	7548060	24408981431	2410624	10367580	750927825	2913919216	NA	0
3709	3	eigen	fedora-clang-libcxx	7548038	24416529469	2410639	10367580	751161070	2914843429	NA	0
3710	3	eigen	fedora-clang-libcxx	7691901	24424221370	2410654	10367580	751399345	2915790318	NA	0
3711	3	eigen	fedora-clang-libcxx	7691901	24431913271	2410669	10367580	751637622	2916737211	NA	0
3712	3	eigen	fedora-clang-libcxx	7691915	24439605186	2410684	10367580	751875897	2917684108	NA	0
3713	3	eigen	fedora-clang-libcxx	7691998	24447297184	2410699	10367580	752114172	2918631013	NA	0
3714	3	eigen	fedora-clang-libcxx	7692074	24454989258	2410714	10367580	752352451	2919577931	NA	0
3715	3	eigen	fedora-clang-libcxx	7691890	24462681148	2410729	10367580	752590728	2920524817	NA	0
3716	3	eigen	fedora-clang-libcxx	7692207	24470373355	2410744	10367580	752829002	2921471740	NA	0
3717	3	eigen	fedora-clang-libcxx	7692823	24478066178	2410759	10367580	753067281	2922418723	NA	0
3718	3	eigen	fedora-clang-libcxx	7692000	24485758178	2410774	10367580	753305560	2923365628	NA	0
3719	3	eigen	fedora-clang-libcxx	7692211	24493450389	2410789	10367580	753543838	2924312533	NA	0
3720	3	eigen	fedora-clang-libcxx	7691890	24501142279	2410804	10367580	753782116	2925259415	NA	0
3721	3	eigen	fedora-clang-libcxx	7692552	24508834831	2410819	10367580	754020400	2926206391	NA	0
3722	3	eigen	fedora-clang-libcxx	7693179	24516528010	2410834	10367580	754258687	2927153426	NA	0
3723	3	eigen	fedora-clang-libcxx	7692300	24524220310	2410849	10367580	754496964	2928100365	NA	0
3724	3	eigen	fedora-clang-libcxx	7692087	24531912397	2410864	10367580	754735239	2929047280	NA	0
3725	3	eigen	fedora-clang-libcxx	7691891	24539604288	2410879	10398475	754973514	2929994170	NA	1
3726	3	eigen	fedora-clang-libcxx	7692091	24547296379	2410894	10398475	755211791	2930941101	NA	0
3727	3	eigen	fedora-clang-libcxx	7590031	24554886410	2410909	10398475	755446283	2931871281	NA	0
3728	3	eigen	fedora-clang-libcxx	7590030	24562476440	2410924	10398475	755680775	2932801459	NA	0
3729	3	eigen	fedora-clang-libcxx	7590034	24570066474	2410939	10398475	755915267	2933731640	NA	0
3730	3	eigen	fedora-clang-libcxx	7590033	24577656507	2410954	10398475	756149761	2934661823	NA	0
3731	3	eigen	fedora-clang-libcxx	7590033	24585246540	2410969	10398475	756384255	2935592006	NA	0
3732	3	eigen	fedora-clang-libcxx	7590037	24592836577	2410984	10398475	756618747	2936522187	NA	0
3733	3	eigen	fedora-clang-libcxx	7557368	24600393945	2410999	10398475	756852244	2937447552	NA	0
3734	3	eigen	fedora-clang-libcxx	7558288	24607952233	2411014	10398475	757085733	2938373047	NA	0
3735	3	eigen	fedora-clang-libcxx	7557392	24615509625	2411029	10398475	757319229	2939298425	NA	0
3736	3	eigen	fedora-clang-libcxx	7557368	24623066993	2411044	10398475	757552725	2940223801	NA	0
3737	3	eigen	fedora-clang-libcxx	7557281	24630624274	2411059	10398475	757786221	2941149161	NA	0
3738	3	eigen	fedora-clang-libcxx	7556184	24638180458	2411074	10398475	758019828	2942074961	NA	0
3739	3	eigen	fedora-clang-libcxx	7556192	24645736650	2411089	10398475	758253435	2943000771	NA	0
3740	3	eigen	fedora-clang-libcxx	7556232	24653292882	2411104	10398475	758487042	2943926599	NA	0
3741	3	eigen	fedora-clang-libcxx	7556182	24660849064	2411119	10398475	758720653	2944852417	NA	0
3742	3	eigen	fedora-clang-libcxx	7556102	24668405166	2411134	10398475	758954260	2945778216	NA	0
3743	3	eigen	fedora-clang-libcxx	7556209	24675961375	2411149	10398475	759187870	2946704048	NA	0
3744	3	eigen	fedora-clang-libcxx	7546611	24683507986	2411164	10398475	759421151	2947628095	NA	0
3745	3	eigen	fedora-clang-libcxx	7546870	24691054856	2411179	10398475	759654436	2948552183	NA	0
3746	3	eigen	fedora-clang-libcxx	7546623	24698601479	2411194	10398475	759887715	2949476238	NA	0
3747	3	eigen	fedora-clang-libcxx	7546611	24706148090	2411209	10398475	760120996	2950400286	NA	0
3748	3	eigen	fedora-clang-libcxx	7546152	24713694242	2411224	10398475	760354238	2951324236	NA	0
3749	3	eigen	fedora-clang-libcxx	7546152	24721240394	2411239	10398475	760587480	2952248185	NA	0
3750	3	eigen	fedora-clang-libcxx	7546156	24728786550	2411254	10398475	760820721	2953172136	NA	0
3751	3	eigen	fedora-clang-libcxx	7546158	24736332708	2411269	10398475	761053962	2954096085	NA	0
3752	3	eigen	fedora-clang-libcxx	7553553	24743886261	2411284	10398475	761287276	2955020723	NA	0
3753	3	eigen	fedora-clang-libcxx	7553755	24751440016	2411299	10398475	761520590	2955945381	NA	0
3754	3	eigen	fedora-clang-libcxx	7553565	24758993581	2411314	10398475	761753902	2956870025	NA	0
3755	3	eigen	fedora-clang-libcxx	7553553	24766547134	2411329	10398475	761987216	2957794665	NA	0
3756	3	eigen	fedora-clang-libcxx	7553555	24774100689	2411344	10398475	762220528	2958719303	NA	0
3757	3	eigen	fedora-clang-libcxx	6350210	24780450899	2411359	10398475	762414351	2959471750	NA	0
3758	3	eigen	fedora-clang-libcxx	6350202	24786801101	2411374	10398475	762608173	2960224206	NA	0
3759	3	eigen	fedora-clang-libcxx	6350205	24793151306	2411389	10398475	762801997	2960976667	NA	0
3760	3	eigen	fedora-clang-libcxx	6350447	24799501753	2411404	10398475	762995821	2961729156	NA	0
3761	3	eigen	fedora-clang-libcxx	6350113	24805851866	2411419	10398475	763189644	2962481598	NA	0
3762	3	eigen	fedora-clang-libcxx	6350230	24812202096	2411434	10398475	763383466	2963234053	NA	0
3763	3	eigen	fedora-clang-libcxx	6350228	24818552324	2411449	10398475	763577288	2963986521	NA	0
3764	3	eigen	fedora-clang-libcxx	6402113	24824954437	2411464	10398475	763772285	2964745292	NA	0
3765	3	eigen	fedora-clang-libcxx	6402134	24831356571	2411479	10398475	763967281	2965504072	NA	0
3766	3	eigen	fedora-clang-libcxx	6402139	24837758710	2411494	10398475	764162278	2966262851	NA	0
3767	3	eigen	fedora-clang-libcxx	6402118	24844160828	2411509	10398475	764357278	2967021610	NA	0
3768	3	eigen	fedora-clang-libcxx	6402117	24850562945	2411524	10398475	764552275	2967780375	NA	0
3769	3	eigen	fedora-clang-libcxx	6402116	24856965061	2411539	10398475	764747275	2968539141	NA	0
3770	3	eigen	fedora-clang-libcxx	6402116	24863367177	2411554	10398475	764942272	2969297917	NA	0
3771	3	eigen	fedora-clang-libcxx	6402116	24869769293	2411569	10398475	765137269	2970056692	NA	0
3772	3	eigen	fedora-clang-libcxx	6402127	24876171420	2411584	10398475	765332266	2970815467	NA	0
3773	3	eigen	fedora-clang-libcxx	6402128	24882573548	2411599	10398475	765527265	2971574249	NA	0
3774	3	eigen	fedora-clang-libcxx	6402128	24888975676	2411614	10398475	765722264	2972333030	NA	0
3775	3	eigen	fedora-clang-libcxx	6402166	24895377842	2411629	10398475	765917261	2973091823	NA	0
3776	3	eigen	fedora-clang-libcxx	6402166	24901780008	2411644	10398475	766112258	2973850618	NA	0
3777	3	eigen	fedora-clang-libcxx	6402130	24908182138	2411659	10398475	766307255	2974609408	NA	0
3778	3	eigen	fedora-clang-libcxx	6402132	24914584270	2411674	10398475	766502252	2975368198	NA	0
3779	3	eigen	fedora-clang-libcxx	6402130	24920986400	2411689	10398475	766697248	2976126984	NA	0
3780	3	eigen	fedora-clang-libcxx	6402138	24927388538	2411704	10398475	766892245	2976885769	NA	0
3781	3	eigen	fedora-clang-libcxx	6402138	24933790676	2411719	10398475	767087242	2977644556	NA	0
3782	3	eigen	fedora-clang-libcxx	6402145	24940192821	2411734	10398475	767282240	2978403330	NA	0
3783	3	eigen	fedora-clang-libcxx	6402319	24946595140	2411749	10398475	767477240	2979162127	NA	0
3784	3	eigen	fedora-clang-libcxx	6402203	24952997343	2411764	10398475	767672238	2979920924	NA	0
3785	3	eigen	fedora-clang-libcxx	6402319	24959399662	2411779	10398475	767867236	2980679727	NA	0
3786	3	eigen	fedora-clang-libcxx	6402203	24965801865	2411794	10398475	768062234	2981438524	NA	0
3787	3	eigen	fedora-clang-libcxx	6402100	24972203965	2411809	10398475	768257231	2982197296	NA	0
3788	3	eigen	fedora-clang-libcxx	6402100	24978606065	2411824	10398475	768452228	2982956069	NA	0
3789	3	eigen	fedora-clang-libcxx	6402125	24985008190	2411839	10398475	768647225	2983714848	NA	0
3790	3	eigen	fedora-clang-libcxx	6402125	24991410315	2411854	10398475	768842222	2984473633	NA	0
3791	3	eigen	fedora-clang-libcxx	6402160	24997812475	2411869	10398475	769037220	2985232426	NA	0
3792	3	eigen	fedora-clang-libcxx	6402160	25004214635	2411884	10398475	769232218	2985991220	NA	0
3793	3	eigen	fedora-clang-libcxx	6402268	25010616903	2411899	10398475	769427214	2986750022	NA	0
3794	3	eigen	fedora-clang-libcxx	6402271	25017019174	2411914	10398475	769622211	2987508824	NA	0
3795	3	eigen	fedora-clang-libcxx	6402106	25023421280	2411929	10398475	769817207	2988267600	NA	0
3796	3	eigen	fedora-clang-libcxx	6402105	25029823385	2411944	10398475	770012204	2989026372	NA	0
3797	3	eigen	fedora-clang-libcxx	6402102	25036225487	2411959	10398475	770207201	2989785142	NA	0
3798	3	eigen	fedora-clang-libcxx	6402098	25042627585	2411974	10398475	770402197	2990543911	NA	0
3799	3	eigen	fedora-clang-libcxx	6402100	25049029685	2411989	10398475	770597194	2991302680	NA	0
3800	3	eigen	fedora-clang-libcxx	6402110	25055431795	2412004	10398475	770792191	2992061452	NA	0
3801	3	eigen	fedora-clang-libcxx	6402110	25061833905	2412019	10398475	770987188	2992820224	NA	0
3802	3	eigen	fedora-clang-libcxx	6402124	25068236029	2412034	10398475	771182185	2993578998	NA	0
3803	3	eigen	fedora-clang-libcxx	6413056	25074649085	2412049	10897493	771377686	2994339843	NA	1
3804	3	eigen	fedora-clang-libcxx	6413057	25081062142	2412064	10897493	771573187	2995100687	NA	0
3805	3	eigen	fedora-clang-libcxx	6413059	25087475201	2412079	10897493	771768688	2995861531	NA	0
3806	3	eigen	fedora-clang-libcxx	6413060	25093888261	2412094	10897493	771964189	2996622379	NA	0
3807	3	eigen	fedora-clang-libcxx	6413496	25100301757	2412109	10897493	772159691	2997383200	NA	0
3808	3	eigen	fedora-clang-libcxx	6415482	25106717239	2412124	10897493	772355254	2998144403	NA	0
3809	3	eigen	fedora-clang-libcxx	6413654	25113130893	2412139	10897493	772550774	2998905287	NA	0
3810	3	eigen	fedora-clang-libcxx	6412691	25119543584	2412154	10897493	772746257	2999665950	NA	0
3811	3	eigen	fedora-clang-libcxx	6412691	25125956275	2412169	10897493	772941740	3000426612	NA	0
3812	3	eigen	fedora-clang-libcxx	6412703	25132368978	2412184	10897493	773137221	3001187286	NA	0
3813	3	eigen	fedora-clang-libcxx	6412703	25138781681	2412199	10897493	773332702	3001947960	NA	0
3814	3	eigen	fedora-clang-libcxx	6412717	25145194398	2412214	10897493	773528184	3002708631	NA	0
3815	3	eigen	fedora-clang-libcxx	6412702	25151607100	2412229	10897493	773723666	3003469299	NA	0
3816	3	eigen	fedora-clang-libcxx	6412701	25158019801	2412244	10897493	773919148	3004229963	NA	0
3817	3	eigen	fedora-clang-libcxx	6412708	25164432509	2412259	10897493	774114630	3004990634	NA	0
3818	3	eigen	fedora-clang-libcxx	6412708	25170845217	2412274	10897493	774310112	3005751313	NA	0
3819	3	eigen	fedora-clang-libcxx	6412710	25177257927	2412289	10897493	774505594	3006511994	NA	0
3820	3	eigen	fedora-clang-libcxx	6412687	25183670614	2412304	10897493	774701075	3007272657	NA	0
3821	3	eigen	fedora-clang-libcxx	6412687	25190083301	2412319	10897493	774896558	3008033320	NA	0
3822	3	eigen	fedora-clang-libcxx	6412700	25196496001	2412334	10897493	775092039	3008793985	NA	0
3823	3	eigen	fedora-clang-libcxx	6412711	25202908712	2412349	10897493	775287521	3009554662	NA	0
3824	3	eigen	fedora-clang-libcxx	6412716	25209321428	2412364	10897493	775483005	3010315346	NA	0
3825	3	eigen	fedora-clang-libcxx	6412716	25215734144	2412379	10897493	775678489	3011076029	NA	0
3826	3	eigen	fedora-clang-libcxx	6412753	25222146897	2412394	10897493	775873974	3011836710	NA	0
3827	3	eigen	fedora-clang-libcxx	6412753	25228559650	2412409	10897493	776069459	3012597396	NA	0
3828	3	eigen	fedora-clang-libcxx	6412714	25234972364	2412424	10897493	776264940	3013358079	NA	0
3829	3	eigen	fedora-clang-libcxx	6412716	25241385080	2412439	10897493	776460424	3014118762	NA	0
3830	3	eigen	fedora-clang-libcxx	6412714	25247797794	2412454	10897493	776655905	3014879438	NA	0
3831	3	eigen	fedora-clang-libcxx	6412868	25254210662	2412469	10897493	776851388	3015640121	NA	0
3832	3	eigen	fedora-clang-libcxx	6412868	25260623530	2412484	10897493	777046872	3016400815	NA	0
3833	3	eigen	fedora-clang-libcxx	6412906	25267036436	2412499	10897493	777242357	3017161504	NA	0
3834	3	eigen	fedora-clang-libcxx	6412790	25273449226	2412514	10897493	777437842	3017922194	NA	0
3835	3	eigen	fedora-clang-libcxx	6412906	25279862132	2412529	10897493	777633326	3018682888	NA	0
3836	3	eigen	fedora-clang-libcxx	6412790	25286274922	2412544	10897493	777828811	3019443581	NA	0
3837	3	eigen	fedora-clang-libcxx	6412690	25292687612	2412559	10897493	778024293	3020204248	NA	0
3838	3	eigen	fedora-clang-libcxx	6412689	25299100301	2412574	10897493	778219777	3020964912	NA	0
3839	3	eigen	fedora-clang-libcxx	6412686	25305512987	2412589	10897493	778415259	3021725575	NA	0
3840	3	eigen	fedora-clang-libcxx	6412687	25311925674	2412604	10897493	778610741	3022486236	NA	0
3841	3	eigen	fedora-clang-libcxx	6412729	25318338403	2412619	10897493	778806223	3023246917	NA	0
3842	3	eigen	fedora-clang-libcxx	6412701	25324751104	2412634	10897493	779001705	3024007583	NA	0
3843	3	eigen	fedora-clang-libcxx	6412702	25331163806	2412649	10897493	779197186	3024768247	NA	0
3844	3	eigen	fedora-clang-libcxx	6239804	25337403610	2412664	10897493	779386938	3025502697	NA	0
3845	3	eigen	fedora-clang-libcxx	6239803	25343643413	2412679	10897493	779576690	3026237147	NA	0
3846	3	eigen	fedora-clang-libcxx	6239804	25349883217	2412694	10897493	779766442	3026971597	NA	0
3847	3	eigen	fedora-clang-libcxx	6239803	25356123020	2412709	10897493	779956194	3027706046	NA	0
3848	3	eigen	fedora-clang-libcxx	6239845	25362362865	2412724	10897493	780145944	3028440514	NA	0
3849	3	eigen	fedora-clang-libcxx	6239846	25368602711	2412739	10897493	780335694	3029174982	NA	0
3850	3	eigen	fedora-clang-libcxx	6239845	25374842556	2412754	10897493	780525446	3029909450	NA	0
3851	3	eigen	fedora-clang-libcxx	6239804	25381082360	2412769	10897493	780715196	3030643903	NA	0
3852	3	eigen	fedora-clang-libcxx	6240057	25387322417	2412784	10897493	780904946	3031378393	NA	0
3853	3	eigen	fedora-clang-libcxx	6239814	25393562231	2412799	10897493	781094697	3032112838	NA	0
3854	3	eigen	fedora-clang-libcxx	6239828	25399802059	2412814	10897493	781284448	3032847288	NA	0
3855	3	eigen	fedora-clang-libcxx	6544689	25406346748	2412829	10897493	781484523	3033628380	NA	0
3856	3	eigen	fedora-clang-libcxx	6544693	25412891441	2412844	10897493	781684600	3034409466	NA	0
3857	3	eigen	fedora-clang-libcxx	6544655	25419436096	2412859	10897493	781884664	3035190554	NA	0
3858	3	eigen	fedora-clang-libcxx	6544452	25425980548	2412874	10897493	782084735	3035971620	NA	0
3859	3	eigen	fedora-clang-libcxx	6544460	25432525008	2412889	10897493	782284804	3036752689	NA	0
3860	3	eigen	fedora-clang-libcxx	6544461	25439069469	2412904	10897493	782484873	3037533755	NA	0
3861	3	eigen	fedora-clang-libcxx	6570903	25445640372	2412919	10897493	782685670	3038318621	NA	0
3862	3	eigen	fedora-clang-libcxx	6570907	25452211279	2412934	10897493	782886468	3039103485	NA	0
3863	3	eigen	fedora-clang-libcxx	6570570	25458781849	2412949	10897493	783087265	3039888308	NA	0
3864	3	eigen	fedora-clang-libcxx	6540175	25465322024	2412964	10897493	783287311	3040668845	NA	0
3865	3	eigen	fedora-clang-libcxx	6540176	25471862200	2412979	10897493	783487358	3041449378	NA	0
3866	3	eigen	fedora-clang-libcxx	6541386	25478403586	2412994	10897493	783687373	3042230272	NA	0
3867	3	eigen	fedora-clang-libcxx	6541476	25484945062	2413009	10897493	783887388	3043011173	NA	0
3868	3	eigen	fedora-clang-libcxx	6541478	25491486540	2413024	10897493	784087401	3043792077	NA	0
3869	3	eigen	fedora-clang-libcxx	6541401	25498027941	2413039	10897493	784287414	3044572967	NA	0
3870	3	eigen	fedora-clang-libcxx	6559497	25504587438	2413054	10897493	784488010	3045356472	NA	0
3871	3	eigen	fedora-clang-libcxx	6559446	25511146884	2413069	10897493	784688606	3046139946	NA	0
3872	3	eigen	fedora-clang-libcxx	6559501	25517706385	2413084	10897493	784889202	3046923454	NA	0
3873	3	eigen	fedora-clang-libcxx	6559446	25524265831	2413099	10897493	785089798	3047706934	NA	0
3874	3	eigen	fedora-clang-libcxx	6559500	25530825331	2413114	10897493	785290396	3048490447	NA	0
3875	3	eigen	fedora-clang-libcxx	6559446	25537384777	2413129	10897493	785490993	3049273930	NA	0
3876	3	eigen	fedora-clang-libcxx	6559449	25543944226	2413144	10897493	785691587	3050057413	NA	0
3877	3	eigen	fedora-clang-libcxx	6559446	25550503672	2413159	10897493	785892183	3050840894	NA	0
3878	3	eigen	fedora-clang-libcxx	6559449	25557063121	2413174	10897493	786092779	3051624371	NA	0
3879	3	eigen	fedora-clang-libcxx	6559505	25563622626	2413189	10897493	786293375	3052407876	NA	0
3880	3	eigen	fedora-clang-libcxx	6559522	25570182148	2413204	10897493	786493973	3053191385	NA	0
3881	3	eigen	fedora-clang-libcxx	6559452	25576741600	2413219	10897493	786694569	3053974866	NA	0
3882	3	eigen	fedora-clang-libcxx	6559425	25583301025	2413234	10897493	786895165	3054758340	NA	0
3883	3	eigen	fedora-clang-libcxx	6559425	25589860450	2413249	10897493	787095761	3055541816	NA	0
3884	3	eigen	fedora-clang-libcxx	6544333	25596404783	2413264	10897493	787295877	3056323175	NA	0
3885	3	eigen	fedora-clang-libcxx	6544518	25602949301	2413279	10897493	787495995	3057104540	NA	0
3886	3	eigen	fedora-clang-libcxx	6544335	25609493636	2413294	10950065	787696111	3057885890	NA	1
3887	3	eigen	fedora-clang-libcxx	6544279	25616037915	2413309	10950065	787896225	3058667232	NA	0
3888	3	eigen	fedora-clang-libcxx	6544246	25622582161	2413324	10950065	788096334	3059448565	NA	0
3889	3	eigen	fedora-clang-libcxx	7591158	25630173319	2413339	10950065	788330717	3060377871	NA	0
3890	3	eigen	fedora-clang-libcxx	7591126	25637764445	2413354	10950065	788565101	3061307181	NA	0
3891	3	eigen	fedora-clang-libcxx	7591119	25645355564	2413369	10950065	788799484	3062236484	NA	0
3892	3	eigen	fedora-clang-libcxx	7591037	25652946601	2413384	10950065	789033866	3063165788	NA	0
3893	3	eigen	fedora-clang-libcxx	7591053	25660537654	2413399	10950065	789268249	3064095092	NA	0
3894	3	eigen	fedora-clang-libcxx	7591055	25668128709	2413414	10950065	789502631	3065024392	NA	0
3895	3	eigen	fedora-clang-libcxx	7591131	25675719840	2413429	10950065	789737015	3065953713	NA	0
3896	3	eigen	fedora-clang-libcxx	7591312	25683311152	2413444	10950065	789971397	3066883035	NA	0
3897	3	eigen	fedora-clang-libcxx	7591045	25690902197	2413459	10950065	790205781	3067812329	NA	0
3898	3	eigen	fedora-clang-libcxx	6546346	25697448543	2413474	10950065	790405816	3068593527	NA	0
3899	3	eigen	fedora-clang-libcxx	6546347	25703994890	2413489	10950065	790605854	3069374727	NA	0
3900	3	eigen	fedora-clang-libcxx	6546347	25710541237	2413504	10950065	790805892	3070155926	NA	0
3901	3	eigen	fedora-clang-libcxx	6565753	25717106990	2413519	10950065	791006496	3070939529	NA	0
3902	3	eigen	fedora-clang-libcxx	6565754	25723672744	2413534	10950065	791207099	3071723133	NA	0
3903	3	eigen	fedora-clang-libcxx	6565754	25730238498	2413549	10950065	791407702	3072506737	NA	0
3904	3	eigen	fedora-clang-libcxx	6565755	25736804253	2413564	10950065	791608305	3073290343	NA	0
3905	3	eigen	fedora-clang-libcxx	6565842	25743370095	2413579	10950065	791808908	3074073956	NA	0
3906	3	eigen	fedora-clang-libcxx	6565834	25749935929	2413594	10950065	792009517	3074857575	NA	0
3907	3	eigen	fedora-clang-libcxx	6565872	25756501801	2413609	10950065	792210121	3075641188	NA	0
3908	3	eigen	fedora-clang-libcxx	6565852	25763067653	2413624	10950065	792410725	3076424807	NA	0
3909	3	eigen	fedora-clang-libcxx	6565834	25769633487	2413639	10950065	792611334	3077208424	NA	0
3910	3	eigen	fedora-clang-libcxx	6565832	25776199319	2413654	10950065	792811938	3077992034	NA	0
3911	3	eigen	fedora-clang-libcxx	6541155	25782740474	2413669	10950065	793011980	3078772617	NA	0
3912	3	eigen	fedora-clang-libcxx	6540888	25789281362	2413684	10950065	793212021	3079553168	NA	0
3913	3	eigen	fedora-clang-libcxx	6541084	25795822446	2413699	10950065	793412056	3080333748	NA	0
3914	3	eigen	fedora-clang-libcxx	6540998	25802363444	2413714	10950065	793612091	3081114301	NA	0
3915	3	eigen	fedora-clang-libcxx	6540902	25808904346	2413729	10950065	793812126	3081894847	NA	0
3916	3	eigen	fedora-clang-libcxx	6548589	25815452935	2413744	10950065	794012168	3082675781	NA	0
3917	3	eigen	fedora-clang-libcxx	6548322	25822001257	2413759	10950065	794212210	3083456688	NA	0
3918	3	eigen	fedora-clang-libcxx	6548518	25828549775	2413774	10950065	794412249	3084237621	NA	0
3919	3	eigen	fedora-clang-libcxx	6548420	25835098195	2413789	10950065	794612290	3085018524	NA	0
3920	3	eigen	fedora-clang-libcxx	6548336	25841646531	2413804	10950065	794812329	3085799422	NA	0
3921	3	eigen	fedora-clang-libcxx	6539910	25848186441	2413819	10950065	795012344	3086579816	NA	0
3922	3	eigen	fedora-clang-libcxx	6539649	25854726090	2413834	10950065	795212359	3087360180	NA	0
3923	3	eigen	fedora-clang-libcxx	6539841	25861265931	2413849	10950065	795412373	3088140571	NA	0
3924	3	eigen	fedora-clang-libcxx	6539745	25867805676	2413864	10950065	795612388	3088920929	NA	0
3925	3	eigen	fedora-clang-libcxx	6539663	25874345339	2413879	10950065	795812402	3089701284	NA	0
3926	3	eigen	fedora-clang-libcxx	6548616	25880893955	2413894	10950065	796012480	3090482393	NA	0
3927	3	eigen	fedora-clang-libcxx	6548355	25887442310	2413909	10950065	796212558	3091263474	NA	0
3928	3	eigen	fedora-clang-libcxx	6548547	25893990857	2413924	10950065	796412634	3092044580	NA	0
3929	3	eigen	fedora-clang-libcxx	6548451	25900539308	2413939	10950065	796612713	3092825655	NA	0
3930	3	eigen	fedora-clang-libcxx	6548369	25907087677	2413954	10950065	796812789	3093606725	NA	0
3931	3	eigen	fedora-clang-libcxx	6539975	25913627652	2413969	10950065	797012809	3094387140	NA	0
3932	3	eigen	fedora-clang-libcxx	6539711	25920167363	2413984	10950065	797212829	3095167526	NA	0
3933	3	eigen	fedora-clang-libcxx	6539905	25926707268	2413999	10950065	797412845	3095947935	NA	0
3934	3	eigen	fedora-clang-libcxx	6539808	25933247076	2414014	10950065	797612863	3096728314	NA	0
3935	3	eigen	fedora-clang-libcxx	6539725	25939786801	2414029	10950065	797812879	3097508689	NA	0
3936	3	eigen	fedora-clang-libcxx	6547602	25946334403	2414044	10950065	798012917	3098289557	NA	0
3937	3	eigen	fedora-clang-libcxx	6547338	25952881741	2414059	10950065	798212956	3099070398	NA	0
3938	3	eigen	fedora-clang-libcxx	6547532	25959429273	2414074	10950065	798412990	3099851263	NA	0
3939	3	eigen	fedora-clang-libcxx	6547435	25965976708	2414089	10950065	798613026	3100632095	NA	0
3940	3	eigen	fedora-clang-libcxx	6547352	25972524060	2414104	10950065	798813060	3101412925	NA	0
3941	3	eigen	fedora-clang-libcxx	7846641	25980370701	2414119	10950065	799058299	3102384288	NA	0
3942	3	eigen	fedora-clang-libcxx	7846641	25988217342	2414134	10950065	799303543	3103355648	NA	0
3943	3	eigen	fedora-clang-libcxx	7846641	25996063983	2414149	10950065	799548790	3104327012	NA	0
3944	3	eigen	fedora-clang-libcxx	7846641	26003910624	2414164	10950065	799794035	3105298383	NA	0
3945	3	eigen	fedora-clang-libcxx	7846641	26011757265	2414179	10950065	800039275	3106269748	NA	0
3946	3	eigen	fedora-clang-libcxx	7846641	26019603906	2414194	10950065	800284518	3107241116	NA	0
3947	3	eigen	fedora-clang-libcxx	7846641	26027450547	2414209	10950065	800529761	3108212479	NA	0
3948	3	eigen	fedora-clang-libcxx	7846641	26035297188	2414224	10950065	800775002	3109183841	NA	0
3949	3	eigen	fedora-clang-libcxx	7846753	26043143941	2414239	10950065	801020240	3110155218	NA	0
3950	3	eigen	fedora-clang-libcxx	7846751	26050990692	2414254	10950065	801265479	3111126598	NA	0
3951	3	eigen	fedora-clang-libcxx	7846629	26058837321	2414269	10950065	801510718	3112097949	NA	0
3952	3	eigen	fedora-clang-libcxx	7846872	26066684193	2414284	10950065	801755961	3113069342	NA	0
3953	3	eigen	fedora-clang-libcxx	7846872	26074531065	2414299	10950065	802001204	3114040737	NA	0
3954	3	eigen	fedora-clang-libcxx	7846965	26082378030	2414314	10950065	802246446	3115012138	NA	0
3955	3	eigen	fedora-clang-libcxx	7846845	26090224875	2414329	10950065	802491687	3115983514	NA	0
3956	3	eigen	fedora-clang-libcxx	7846848	26098071723	2414344	10950065	802736927	3116954888	NA	0
3957	3	eigen	fedora-clang-libcxx	7846626	26105918349	2414359	10950065	802982166	3117926237	NA	0
3958	3	eigen	fedora-clang-libcxx	7848025	26113766374	2414374	10950065	803227419	3118897711	NA	0
3959	3	eigen	fedora-clang-libcxx	7847513	26121613887	2414389	10950065	803472669	3119869140	NA	0
3960	3	eigen	fedora-clang-libcxx	7906765	26129520652	2414404	10950065	803719165	3120847153	NA	0
3961	3	eigen	fedora-clang-libcxx	7906469	26137427121	2414419	10950065	803965668	3121825112	NA	0
3962	3	eigen	fedora-clang-libcxx	7906229	26145333350	2414434	11105957	804212168	3122803060	NA	1
3963	3	eigen	fedora-clang-libcxx	7906249	26153239599	2414449	11105957	804458668	3123781015	NA	0
3964	3	eigen	fedora-clang-libcxx	7906616	26161146215	2414464	11105957	804705167	3124759031	NA	0
3965	3	eigen	fedora-clang-libcxx	7852529	26168998744	2414479	11105957	804950533	3125730984	NA	0
3966	3	eigen	fedora-clang-libcxx	7852480	26176851224	2414494	11105957	805195898	3126702938	NA	0
3967	3	eigen	fedora-clang-libcxx	7852472	26184703696	2414509	11105957	805441261	3127674896	NA	0
3968	3	eigen	fedora-clang-libcxx	7852502	26192556198	2414524	11105957	805686624	3128646853	NA	0
3969	3	eigen	fedora-clang-libcxx	7852343	26200408541	2414539	11105957	805931987	3129618788	NA	0
3970	3	eigen	fedora-clang-libcxx	7852327	26208260868	2414554	11105957	806177350	3130590711	NA	0
3971	3	eigen	fedora-clang-libcxx	7830285	26216091153	2414569	11105957	806422087	3131559909	NA	0
3972	3	eigen	fedora-clang-libcxx	7830045	26223921198	2414584	11105957	806666827	3132529078	NA	0
3973	3	eigen	fedora-clang-libcxx	7886114	26231807312	2414599	11105957	806912805	3133503016	NA	0
3974	3	eigen	fedora-clang-libcxx	7885977	26239693289	2414614	11105957	807158784	3134476943	NA	0
3975	3	eigen	fedora-clang-libcxx	7885853	26247579142	2414629	11105957	807404763	3135450867	NA	0
3976	3	eigen	fedora-clang-libcxx	7885915	26255465057	2414644	11105957	807650742	3136424786	NA	0
3977	3	eigen	fedora-clang-libcxx	7885899	26263350956	2414659	11105957	807896719	3137398701	NA	0
3978	3	eigen	fedora-clang-libcxx	7923753	26271274709	2414674	11105957	808145066	3138385163	NA	0
3979	3	eigen	fedora-clang-libcxx	7923754	26279198463	2414689	11105957	808393413	3139371624	NA	0
3980	3	eigen	fedora-clang-libcxx	7923769	26287122232	2414704	11105957	808641762	3140358092	NA	0
3981	3	eigen	fedora-clang-libcxx	7923872	26295046104	2414719	11105957	808890112	3141344565	NA	0
3982	3	eigen	fedora-clang-libcxx	6979881	26302025985	2414734	11105957	809100201	3142171635	NA	0
3983	3	eigen	fedora-clang-libcxx	6979733	26309005718	2414749	11105957	809310289	3142998682	NA	0
3984	3	eigen	fedora-clang-libcxx	6979928	26315985646	2414764	11105957	809520371	3143825750	NA	0
3985	3	eigen	fedora-clang-libcxx	6979881	26322965527	2414779	11105957	809730460	3144652806	NA	0
3986	3	eigen	fedora-clang-libcxx	7830950	26330796477	2414794	11105957	809975194	3145621871	NA	0
3987	3	eigen	fedora-clang-libcxx	7830882	26338627359	2414809	11105957	810219929	3146590934	NA	0
3988	3	eigen	fedora-clang-libcxx	7837864	26346465223	2414824	11105957	810464627	3147560192	NA	0
3989	3	eigen	fedora-clang-libcxx	7837879	26354303102	2414839	11105957	810709325	3148529458	NA	0
3990	3	eigen	fedora-clang-libcxx	7853255	26362156357	2414854	11105957	810954626	3149500835	NA	0
3991	3	eigen	fedora-clang-libcxx	7853269	26370009626	2414869	11105957	811199929	3150472224	NA	0
3992	3	eigen	fedora-clang-libcxx	7853260	26377862886	2414884	11105957	811445230	3151443609	NA	0
3993	3	eigen	fedora-clang-libcxx	7853255	26385716141	2414899	11105957	811690531	3152414990	NA	0
3994	3	eigen	fedora-clang-libcxx	7853269	26393569410	2414914	11105957	811935834	3153386377	NA	0
3995	3	eigen	fedora-clang-libcxx	7853260	26401422670	2414929	11105957	812181135	3154357763	NA	0
3996	3	eigen	fedora-clang-libcxx	7853363	26409276033	2414944	11105957	812426426	3155329260	NA	0
3997	3	eigen	fedora-clang-libcxx	7853377	26417129410	2414959	11105957	812671717	3156300767	NA	0
3998	3	eigen	fedora-clang-libcxx	7853368	26424982778	2414974	11105957	812917008	3157272274	NA	0
3999	3	eigen	fedora-clang-libcxx	7853366	26432836144	2414989	11105957	813162299	3158243773	NA	0
4000	3	eigen	fedora-clang-libcxx	7853358	26440689502	2415004	11105957	813407590	3159215266	NA	0
4001	3	eigen	fedora-clang-libcxx	7853487	26448542989	2415019	11105957	813652910	3160186864	NA	0
4002	3	eigen	fedora-clang-libcxx	7853501	26456396490	2415034	11105957	813898230	3161158473	NA	0
4003	3	eigen	fedora-clang-libcxx	7853492	26464249982	2415049	11105957	814143550	3162130079	NA	0
4004	3	eigen	fedora-clang-libcxx	7853527	26472103509	2415064	11105957	814388868	3163101683	NA	0
4005	3	eigen	fedora-clang-libcxx	7856886	26479960395	2415079	11105957	814634371	3164073845	NA	0
4006	3	eigen	fedora-clang-libcxx	7856809	26487817204	2415094	11105957	814879874	3165046008	NA	0
4007	3	eigen	fedora-clang-libcxx	7856800	26495674004	2415109	11105957	815125377	3166018170	NA	0
4008	3	eigen	fedora-clang-libcxx	7856862	26503530866	2415124	11105957	815370879	3166990336	NA	0
4009	3	eigen	fedora-clang-libcxx	7857159	26511388025	2415139	11105957	815616381	3167962522	NA	0
4010	3	eigen	fedora-clang-libcxx	7852635	26519240660	2415154	11105957	815861713	3168934099	NA	0
4011	3	eigen	fedora-clang-libcxx	7852649	26527093309	2415169	11105957	816107046	3169905688	NA	0
4012	3	eigen	fedora-clang-libcxx	7852640	26534945949	2415184	11105957	816352379	3170877273	NA	0
4013	3	eigen	fedora-clang-libcxx	7852614	26542798563	2415199	11105957	816597711	3171848853	NA	0
4014	3	eigen	fedora-clang-libcxx	7852614	26550651177	2415214	11105957	816843043	3172820431	NA	0
4015	3	eigen	fedora-clang-libcxx	7853875	26558505052	2415229	11105957	817088352	3173792048	NA	0
4016	3	eigen	fedora-clang-libcxx	7853890	26566358942	2415244	11105957	817333662	3174763670	NA	0
4017	3	eigen	fedora-clang-libcxx	7853918	26574212860	2415259	11105957	817578972	3175735287	NA	0
4018	3	eigen	fedora-clang-libcxx	7853933	26582066793	2415274	11105957	817824282	3176706910	NA	0
4019	3	eigen	fedora-clang-libcxx	7853877	26589920670	2415289	11105957	818069592	3177678522	NA	0
4020	3	eigen	fedora-clang-libcxx	7860544	26597781214	2415304	11105957	818315080	3178650853	NA	0
4021	3	eigen	fedora-clang-libcxx	7860559	26605641773	2415319	11105957	818560569	3179623190	NA	0
4022	3	eigen	fedora-clang-libcxx	7860548	26613502321	2415334	11105957	818806057	3180595522	NA	0
4023	3	eigen	fedora-clang-libcxx	7860563	26621362884	2415349	11105957	819051546	3181567855	NA	0
4024	3	eigen	fedora-clang-libcxx	7860550	26629223434	2415364	11105957	819297033	3182540186	NA	0
4025	3	eigen	fedora-clang-libcxx	7860546	26637083980	2415379	11105957	819542523	3183512518	NA	0
4026	3	eigen	fedora-clang-libcxx	7860550	26644944530	2415394	11105957	819788012	3184484847	NA	0
4027	3	eigen	fedora-clang-libcxx	7860565	26652805095	2415409	11105957	820033501	3185457186	NA	0
4028	3	eigen	fedora-clang-libcxx	7860565	26660665660	2415424	11105957	820278990	3186429524	NA	0
4029	3	eigen	fedora-clang-libcxx	7860547	26668526207	2415439	11105957	820524479	3187401854	NA	0
4030	3	eigen	fedora-clang-libcxx	7860552	26676386759	2415454	11621606	820769968	3188374180	NA	1
4031	3	eigen	fedora-clang-libcxx	7853156	26684239915	2415469	11621606	821015284	3189345783	NA	0
4032	3	eigen	fedora-clang-libcxx	7853171	26692093086	2415484	11621606	821260601	3190317394	NA	0
4033	3	eigen	fedora-clang-libcxx	7853173	26699946259	2415499	11621606	821505918	3191289001	NA	0
4034	3	eigen	fedora-clang-libcxx	7853160	26707799419	2415514	11621606	821751235	3192260607	NA	0
4035	3	eigen	fedora-clang-libcxx	7855774	26715655193	2415529	11621606	821996649	3193232683	NA	0
4036	3	eigen	fedora-clang-libcxx	7855789	26723510982	2415544	11621606	822242063	3194204772	NA	0
4037	3	eigen	fedora-clang-libcxx	7855784	26731366766	2415559	11621606	822487475	3195176859	NA	0
4038	3	eigen	fedora-clang-libcxx	7855799	26739222565	2415574	11621606	822732889	3196148951	NA	0
4039	3	eigen	fedora-clang-libcxx	7855785	26747078350	2415589	11621606	822978303	3197121036	NA	0
4040	3	eigen	fedora-clang-libcxx	7855800	26754934150	2415604	11621606	823223717	3198093124	NA	0
4041	3	eigen	fedora-clang-libcxx	7852817	26762786967	2415619	11621606	823468884	3199064589	NA	0
4042	3	eigen	fedora-clang-libcxx	7852739	26770639706	2415634	11621606	823714052	3200036040	NA	0
4043	3	eigen	fedora-clang-libcxx	7852819	26778492525	2415649	11621606	823959217	3201007504	NA	0
4044	3	eigen	fedora-clang-libcxx	7850448	26786342973	2415664	11621606	824204434	3201978616	NA	0
4045	3	eigen	fedora-clang-libcxx	7850463	26794193436	2415679	11621606	824449652	3202949738	NA	0
4046	3	eigen	fedora-clang-libcxx	7850860	26802044296	2415694	11621606	824694884	3203920873	NA	0
4047	3	eigen	fedora-clang-libcxx	7850875	26809895171	2415709	11621606	824940116	3204892024	NA	0
4048	3	eigen	fedora-clang-libcxx	7850875	26817746046	2415724	11621606	825185348	3205863166	NA	0
4049	3	eigen	fedora-clang-libcxx	7850675	26825596721	2415739	11621606	825430569	3206834310	NA	0
4050	3	eigen	fedora-clang-libcxx	7850690	26833447411	2415754	11621606	825675791	3207805464	NA	0
4051	3	eigen	fedora-clang-libcxx	7855420	26841302831	2415769	11621606	825921157	3208777198	NA	0
4052	3	eigen	fedora-clang-libcxx	7855421	26849158252	2415784	11621606	826166523	3209748935	NA	0
4053	3	eigen	fedora-clang-libcxx	7855435	26857013687	2415799	11621606	826411890	3210720677	NA	0
4054	3	eigen	fedora-clang-libcxx	7855436	26864869123	2415814	11621606	826657257	3211692421	NA	0
4055	3	eigen	fedora-clang-libcxx	7855444	26872724567	2415829	11621606	826902624	3212664161	NA	0
4056	3	eigen	fedora-clang-libcxx	7855445	26880580012	2415844	11621606	827147991	3213635899	NA	0
4057	3	eigen	fedora-clang-libcxx	7855446	26888435458	2415859	11621606	827393358	3214607639	NA	0
4058	3	eigen	fedora-clang-libcxx	7855447	26896290905	2415874	11621606	827638725	3215579375	NA	0
4059	3	eigen	fedora-clang-libcxx	7855436	26904146341	2415889	11621606	827884092	3216551111	NA	0
4060	3	eigen	fedora-clang-libcxx	7855436	26912001777	2415904	11621606	828129459	3217522849	NA	0
4061	3	eigen	fedora-clang-libcxx	7831348	26919833125	2415919	11621606	828374300	3218492636	NA	0
4062	3	eigen	fedora-clang-libcxx	7831363	26927664488	2415934	11621606	828619144	3219462433	NA	0
4063	3	eigen	fedora-clang-libcxx	7831362	26935495850	2415949	11621606	828863988	3220432224	NA	0
4064	3	eigen	fedora-clang-libcxx	7831374	26943327224	2415964	11621606	829108832	3221402004	NA	0
4065	3	eigen	fedora-clang-libcxx	7831357	26951158581	2415979	11621606	829353676	3222371782	NA	0
4066	3	eigen	fedora-clang-libcxx	7831371	26958989952	2415994	11621606	829598520	3223341561	NA	0
4067	3	eigen	fedora-clang-libcxx	7831375	26966821327	2416009	11621606	829843364	3224311340	NA	0
4068	3	eigen	fedora-clang-libcxx	7831683	26974653010	2416024	11621606	830088208	3225281170	NA	0
4069	3	eigen	fedora-clang-libcxx	7819005	26982472015	2416039	11621606	830332727	3226248854	NA	0
4070	3	eigen	fedora-clang-libcxx	7819020	26990291035	2416054	11621606	830577246	3227216545	NA	0
4071	3	eigen	fedora-clang-libcxx	7819002	26998110037	2416069	11621606	830821766	3228184233	NA	0
4072	3	eigen	fedora-clang-libcxx	7819002	27005929039	2416084	11621606	831066286	3229151914	NA	0
4073	3	eigen	fedora-clang-libcxx	6537571	27012466610	2416099	11621606	831266276	3229932381	NA	0
4074	3	eigen	fedora-clang-libcxx	6537571	27019004181	2416114	11621606	831466266	3230712843	NA	0
4075	3	eigen	fedora-clang-libcxx	6537579	27025541760	2416129	11621606	831666257	3231493300	NA	0
4076	3	eigen	fedora-clang-libcxx	6537579	27032079339	2416144	11621606	831866249	3232273759	NA	0
4077	3	eigen	fedora-clang-libcxx	6537579	27038616918	2416159	11621606	832066241	3233054218	NA	0
4078	3	eigen	fedora-clang-libcxx	6537580	27045154498	2416174	11621606	832266232	3233834680	NA	0
4079	3	eigen	fedora-clang-libcxx	6537580	27051692078	2416189	11621606	832466223	3234615140	NA	0
4080	3	eigen	fedora-clang-libcxx	6537580	27058229658	2416204	11621606	832666214	3235395601	NA	0
4081	3	eigen	fedora-clang-libcxx	6235278	27064464936	2416219	11621606	832855721	3236129082	NA	0
4082	3	eigen	fedora-clang-libcxx	6235280	27070700216	2416234	11621606	833045227	3236862561	NA	0
4083	3	eigen	fedora-clang-libcxx	6235268	27076935484	2416249	11621606	833234739	3237596032	NA	0
4084	3	eigen	fedora-clang-libcxx	6235268	27083170752	2416264	11621606	833424251	3238329506	NA	0
4085	3	eigen	fedora-clang-libcxx	6227440	27089398192	2416279	11621606	833613656	3239062174	NA	0
4086	3	eigen	fedora-clang-libcxx	6232220	27095630412	2416294	11621606	833803151	3239795339	NA	0
4087	3	eigen	fedora-clang-libcxx	7268275	27102898687	2416309	11621606	834028374	3240689769	NA	0
4088	3	eigen	fedora-clang-libcxx	7268240	27110166927	2416324	11621606	834253598	3241584198	NA	0
4089	3	eigen	fedora-clang-libcxx	7268278	27117435205	2416339	11621606	834478822	3242478641	NA	0
4090	3	eigen	fedora-clang-libcxx	7268288	27124703493	2416354	11621606	834704045	3243373081	NA	0
4091	3	eigen	fedora-clang-libcxx	7541398	27132244891	2416369	11621606	834937216	3244296471	NA	0
4092	3	eigen	fedora-clang-libcxx	7541363	27139786254	2416384	11621606	835170389	3245219859	NA	0
4093	3	eigen	fedora-clang-libcxx	7541401	27147327655	2416399	11621606	835403561	3246143261	NA	0
4094	3	eigen	fedora-clang-libcxx	7541411	27154869066	2416414	11621606	835636732	3247066661	NA	0
4095	3	eigen	fedora-clang-libcxx	6271908	27161140974	2416429	11621606	835826888	3247804096	NA	0
4096	3	eigen	fedora-clang-libcxx	6227496	27167368470	2416444	11621606	836016263	3248536671	NA	0
4097	3	eigen	fedora-clang-libcxx	6227168	27173595638	2416459	11621606	836205682	3249269431	NA	0
4098	3	eigen	fedora-clang-libcxx	6227215	27179822853	2416474	11621606	836395102	3250002200	NA	0
4099	3	eigen	fedora-clang-libcxx	6227042	27186049895	2416489	11621606	836584521	3250734947	NA	0
4100	3	eigen	fedora-clang-libcxx	6263669	27192313564	2416504	11621606	836774560	3251471241	NA	0
4101	3	eigen	fedora-clang-libcxx	6263679	27198577243	2416519	11621606	836964594	3252207534	NA	0
4102	3	eigen	fedora-clang-libcxx	6263790	27204841033	2416534	11621606	837154632	3252943861	NA	0
4103	3	eigen	fedora-clang-libcxx	6263670	27211104703	2416549	11677682	837344670	3253680153	NA	1
4104	3	eigen	fedora-clang-libcxx	6263852	27217368555	2416564	11677682	837534709	3254416466	NA	0
4105	3	eigen	fedora-clang-libcxx	6263730	27223632285	2416579	11677682	837724748	3255152781	NA	0
4106	3	eigen	fedora-clang-libcxx	6263784	27229896069	2416594	11677682	837914786	3255889094	NA	0
4107	3	eigen	fedora-clang-libcxx	6263664	27236159733	2416609	11677682	838104824	3256625385	NA	0
4108	3	eigen	fedora-clang-libcxx	6263744	27242423477	2416624	11677682	838294863	3257361701	NA	0
4109	3	eigen	fedora-clang-libcxx	6263850	27248687327	2416639	11677682	838484901	3258098008	NA	0
4110	3	eigen	fedora-clang-libcxx	6226796	27254914123	2416654	11677682	838674291	3258830594	NA	0
4111	3	eigen	fedora-clang-libcxx	6236106	27261150229	2416669	11677682	838863934	3259564351	NA	0
4112	3	eigen	fedora-clang-libcxx	6236080	27267386309	2416684	11677682	839053578	3260298069	NA	0
4113	3	eigen	fedora-clang-libcxx	6235860	27273622169	2416699	11677682	839243218	3261031781	NA	0
4114	3	eigen	fedora-clang-libcxx	6235783	27279857952	2416714	11677682	839432857	3261765496	NA	0
4115	3	eigen	fedora-clang-libcxx	6235828	27286093780	2416729	11677682	839622492	3262499214	NA	0
4116	3	eigen	fedora-clang-libcxx	6230275	27292324055	2416744	11677682	839812695	3263233644	NA	0
4117	3	eigen	fedora-clang-libcxx	6226300	27298550355	2416759	11677682	840002132	3263966316	NA	0
4118	3	eigen	fedora-clang-libcxx	6228783	27304779138	2416774	11677682	840191585	3264699070	NA	0
4119	3	eigen	fedora-clang-libcxx	6228785	27311007923	2416789	11677682	840381036	3265431827	NA	0
4120	3	eigen	fedora-clang-libcxx	6228803	27317236726	2416804	11677682	840570487	3266164590	NA	0
4121	3	eigen	fedora-clang-libcxx	6228797	27323465523	2416819	11677682	840759938	3266897349	NA	0
4122	3	eigen	fedora-clang-libcxx	6228809	27329694332	2416834	11677682	840949389	3267630112	NA	0
4123	3	eigen	fedora-clang-libcxx	6228821	27335923153	2416849	11677682	841138841	3268362875	NA	0
4124	3	eigen	fedora-clang-libcxx	6228823	27342151976	2416864	11677682	841328293	3269095638	NA	0
4125	3	eigen	fedora-clang-libcxx	6228845	27348380821	2416879	11677682	841517744	3269828394	NA	0
4126	3	eigen	fedora-clang-libcxx	6267801	27354648622	2416894	11677682	841707210	3270565404	NA	0
4127	3	eigen	fedora-clang-libcxx	6280830	27360929452	2416909	11677682	841896719	3271303225	NA	0
4128	3	eigen	fedora-clang-libcxx	6225039	27367154491	2416924	11677682	842086069	3272035595	NA	0
4129	3	eigen	fedora-clang-libcxx	6943574	27374098065	2416939	11677682	842295404	3272859417	NA	0
4130	3	eigen	fedora-clang-libcxx	6260470	27380358535	2416954	11677682	842485549	3273595862	NA	0
4131	3	eigen	fedora-clang-libcxx	6230177	27386588712	2416969	11677682	842675100	3274329274	NA	0
4132	3	eigen	fedora-clang-libcxx	6230178	27392818890	2416984	11677682	842864653	3275062683	NA	0
4133	3	eigen	fedora-clang-libcxx	6230178	27399049068	2416999	11677682	843054206	3275796092	NA	0
4134	3	eigen	fedora-clang-libcxx	6230179	27405279247	2417014	11677682	843243757	3276529505	NA	0
4135	3	eigen	fedora-clang-libcxx	6230170	27411509417	2417029	11677682	843433307	3277262919	NA	0
4136	3	eigen	fedora-clang-libcxx	6230171	27417739588	2417044	11677682	843622858	3277996331	NA	0
4137	3	eigen	fedora-clang-libcxx	6230183	27423969771	2417059	11677682	843812409	3278729747	NA	0
4138	3	eigen	fedora-clang-libcxx	6230184	27430199955	2417074	11677682	844001960	3279463161	NA	0
4139	3	eigen	fedora-clang-libcxx	6350753	27436550708	2417089	11677682	844195733	3280215634	NA	0
4140	3	eigen	fedora-clang-libcxx	6350753	27442901461	2417104	11677682	844389509	3280968110	NA	0
4141	3	eigen	fedora-clang-libcxx	6350753	27449252214	2417119	11677682	844583282	3281720589	NA	0
4142	3	eigen	fedora-clang-libcxx	6350753	27455602967	2417134	11677682	844777055	3282473070	NA	0
4143	3	eigen	fedora-clang-libcxx	6350754	27461953721	2417149	11677682	844970826	3283225550	NA	0
4144	3	eigen	fedora-clang-libcxx	6350754	27468304475	2417164	11677682	845164600	3283978031	NA	0
4145	3	eigen	fedora-clang-libcxx	6350754	27474655229	2417179	11677682	845358374	3284730512	NA	0
4146	3	eigen	fedora-clang-libcxx	6350754	27481005983	2417194	11677682	845552147	3285482990	NA	0
4147	3	eigen	fedora-clang-libcxx	6350769	27487356752	2417209	11677682	845745918	3286235473	NA	0
4148	3	eigen	fedora-clang-libcxx	6350767	27493707519	2417224	11677682	845939691	3286987953	NA	0
4149	3	eigen	fedora-clang-libcxx	6350769	27500058288	2417239	11677682	846133461	3287740433	NA	0
4150	3	eigen	fedora-clang-libcxx	6350767	27506409055	2417254	11677682	846327234	3288492912	NA	0
4151	3	eigen	fedora-clang-libcxx	6350803	27512759858	2417269	11677682	846521004	3289245401	NA	0
4152	3	eigen	fedora-clang-libcxx	6350803	27519110661	2417284	11677682	846714778	3289997895	NA	0
4153	3	eigen	fedora-clang-libcxx	6350804	27525461465	2417299	11677682	846908552	3290750388	NA	0
4154	3	eigen	fedora-clang-libcxx	6350804	27531812269	2417314	11677682	847102325	3291502879	NA	0
4155	3	eigen	fedora-clang-libcxx	6247211	27538059480	2417329	11677682	847292134	3292237282	NA	0
4156	3	eigen	fedora-clang-libcxx	6247211	27544306691	2417344	11677682	847481941	3292971687	NA	0
4157	3	eigen	fedora-clang-libcxx	6247203	27550553894	2417359	11677682	847671737	3293706085	NA	0
4158	3	eigen	fedora-clang-libcxx	6247323	27556801217	2417374	11677682	847861532	3294440484	NA	0
4159	3	eigen	fedora-clang-libcxx	6246568	27563047785	2417389	11677682	848051323	3295174822	NA	0
4160	3	eigen	fedora-clang-libcxx	6247147	27569294932	2417404	11677682	848241115	3295909208	NA	0
4161	3	eigen	fedora-clang-libcxx	6234645	27575529577	2417419	11677682	848430589	3296642235	NA	0
4162	3	eigen	fedora-clang-libcxx	6950186	27582479763	2417434	11677682	848640107	3297466868	NA	0
4163	3	eigen	fedora-clang-libcxx	7732595	27590212358	2417449	11677682	848881202	3298421163	NA	0
4164	3	eigen	fedora-clang-libcxx	7732603	27597944961	2417464	11677682	849122297	3299375460	NA	0
4165	3	eigen	fedora-clang-libcxx	7732663	27605677624	2417479	11677682	849363392	3300329770	NA	0
4166	3	eigen	fedora-clang-libcxx	7732639	27613410263	2417494	11677682	849604487	3301284079	NA	0
4167	3	eigen	fedora-clang-libcxx	6241704	27619651967	2417509	11677682	849794324	3302018864	NA	0
4168	3	eigen	fedora-clang-libcxx	6224081	27625876048	2417524	11677682	849983643	3302750954	NA	0
4169	3	eigen	fedora-clang-libcxx	6224081	27632100129	2417539	11677682	850172962	3303483044	NA	0
4170	3	eigen	fedora-clang-libcxx	6224081	27638324210	2417554	11677682	850362281	3304215134	NA	0
4171	3	eigen	fedora-clang-libcxx	6224081	27644548291	2417569	11677682	850551600	3304947224	NA	0
4172	3	eigen	fedora-clang-libcxx	6224081	27650772372	2417584	11677682	850740919	3305679314	NA	0
4173	3	eigen	fedora-clang-libcxx	6224081	27656996453	2417599	11677682	850930238	3306411404	NA	0
4174	3	eigen	fedora-clang-libcxx	6314438	27663310891	2417614	11677682	851123143	3307159280	NA	0
4175	3	eigen	fedora-clang-libcxx	6327276	27669638167	2417629	11677682	851316083	3307908052	NA	0
4176	3	eigen	fedora-clang-libcxx	6327276	27675965443	2417644	11677682	851509023	3308656824	NA	0
4177	3	eigen	fedora-clang-libcxx	6327277	27682292720	2417659	11677682	851701964	3309405597	NA	0
4178	3	eigen	fedora-clang-libcxx	6317130	27688609850	2417674	11677682	851894954	3310153792	NA	0
4179	3	eigen	fedora-clang-libcxx	6312912	27694922762	2417689	11677682	852087766	3310901384	NA	0
4180	3	eigen	fedora-clang-libcxx	6314263	27701237025	2417704	11677682	852280609	3311649016	NA	0
4181	3	eigen	fedora-clang-libcxx	5344268	27706581293	2417719	11677682	852452070	3312287636	NA	0
4182	3	eigen	fedora-clang-libcxx	5344387	27711925680	2417734	11677682	852623524	3312926220	NA	0
4183	3	eigen	fedora-clang-libcxx	6227530	27718153210	2417749	11677682	852812991	3313659160	NA	0
4184	3	eigen	fedora-clang-libcxx	6051241	27724204451	2417764	11677682	852996850	3314374419	NA	0
4185	3	eigen	fedora-clang-libcxx	6238667	27730443118	2417779	11677682	853186652	3315108895	NA	0
4186	3	eigen	fedora-clang-libcxx	6238668	27736681786	2417794	11677682	853376453	3315843373	NA	0
4187	3	eigen	fedora-clang-libcxx	6238675	27742920461	2417809	11838703	853566255	3316577850	NA	1
4188	3	eigen	fedora-clang-libcxx	6238676	27749159137	2417824	11838703	853756053	3317312327	NA	0
4189	3	eigen	fedora-clang-libcxx	6345846	27755504983	2417839	11838703	853949720	3318064286	NA	0
4190	3	eigen	fedora-clang-libcxx	6235607	27761740590	2417854	11838703	854139633	3318798637	NA	0
4191	3	eigen	fedora-clang-libcxx	6235610	27767976200	2417869	11838703	854329546	3319532989	NA	0
4192	3	eigen	fedora-clang-libcxx	5573221	27773549421	2417884	11838703	854508475	3320207744	NA	0
4193	3	eigen	fedora-clang-libcxx	244	27773549665	2417899	11838703	854508500	3320207876	NA	0
4194	3	eigen	fedora-clang-libcxx	323	27773549988	2417914	11838703	854508523	3320208055	NA	0
4195	3	eigen	fedora-clang-libcxx	5360722	27778910710	2417929	11838703	854680113	3320846845	NA	0
4196	3	eigen	fedora-clang-libcxx	5360727	27784271437	2417944	11838703	854851703	3321485636	NA	0
4197	3	eigen	fedora-clang-libcxx	5360722	27789632159	2417959	11838703	855023293	3322124425	NA	0
4198	3	eigen	fedora-clang-libcxx	5360727	27794992886	2417974	11838703	855194883	3322763215	NA	0
4199	3	eigen	fedora-clang-libcxx	5360722	27800353608	2417989	11838703	855366477	3323402002	NA	0
4200	3	eigen	fedora-clang-libcxx	5360727	27805714335	2418004	11838703	855538071	3324040789	NA	0
4201	3	eigen	fedora-clang-libcxx	5360720	27811075055	2418019	11838703	855709661	3324679569	NA	0
4202	3	eigen	fedora-clang-libcxx	5360725	27816435780	2418034	11838703	855881251	3325318351	NA	0
4203	3	eigen	fedora-clang-libcxx	5360716	27821796496	2418049	11838703	856052841	3325957097	NA	0
4204	3	eigen	fedora-clang-libcxx	5360721	27827157217	2418064	11838703	856224431	3326595844	NA	0
4205	3	eigen	fedora-clang-libcxx	5360778	27832517995	2418079	11838703	856396021	3327234675	NA	0
4206	3	eigen	fedora-clang-libcxx	5360783	27837878778	2418094	11838703	856567611	3327873505	NA	0
4207	3	eigen	fedora-clang-libcxx	5360747	27843239525	2418109	11838703	856739201	3328512320	NA	0
4208	3	eigen	fedora-clang-libcxx	5360752	27848600277	2418124	11838703	856910791	3329151134	NA	0
4209	3	eigen	fedora-clang-libcxx	5360751	27853961028	2418139	11838703	857082381	3329789942	NA	0
4210	3	eigen	fedora-clang-libcxx	5360756	27859321784	2418154	11838703	857253971	3330428752	NA	0
4211	3	eigen	fedora-clang-libcxx	5360791	27864682575	2418169	11838703	857425567	3331067565	NA	0
4212	3	eigen	fedora-clang-libcxx	5360796	27870043371	2418184	11838703	857597163	3331706377	NA	0
4213	3	eigen	fedora-clang-libcxx	5360785	27875404156	2418199	11838703	857768759	3332345183	NA	0
4214	3	eigen	fedora-clang-libcxx	5360790	27880764946	2418214	11838703	857940355	3332983989	NA	0
4215	3	eigen	fedora-clang-libcxx	5360789	27886125735	2418229	11838703	858111951	3333622810	NA	0
4216	3	eigen	fedora-clang-libcxx	5360794	27891486529	2418244	11838703	858283547	3334261630	NA	0
4217	3	eigen	fedora-clang-libcxx	5360784	27896847313	2418259	11838703	858455143	3334900399	NA	0
4218	3	eigen	fedora-clang-libcxx	5360789	27902208102	2418274	11838703	858626739	3335539167	NA	0
4219	3	eigen	fedora-clang-libcxx	5360703	27907568805	2418289	11838703	858798329	3336177942	NA	0
4220	3	eigen	fedora-clang-libcxx	5360708	27912929513	2418304	11838703	858969919	3336816718	NA	0
4221	3	eigen	fedora-clang-libcxx	5360725	27918290238	2418319	11838703	859141509	3337455505	NA	0
4222	3	eigen	fedora-clang-libcxx	5360730	27923650968	2418334	11838703	859313099	3338094292	NA	0
4223	3	eigen	fedora-clang-libcxx	5360749	27929011717	2418349	11838703	859484689	3338733083	NA	0
4224	3	eigen	fedora-clang-libcxx	5360754	27934372471	2418364	11838703	859656279	3339371875	NA	0
4225	3	eigen	fedora-clang-libcxx	5360795	27939733266	2418379	11838703	859827873	3340010680	NA	0
4226	3	eigen	fedora-clang-libcxx	5360800	27945094066	2418394	11838703	859999467	3340649488	NA	0
4227	3	eigen	fedora-clang-libcxx	5360807	27950454873	2418409	11838703	860171061	3341288295	NA	0
4228	3	eigen	fedora-clang-libcxx	5360802	27955815675	2418424	11838703	860342655	3341927102	NA	0
4229	3	eigen	fedora-clang-libcxx	5360735	27961176410	2418439	11838703	860514245	3342565906	NA	0
4230	3	eigen	fedora-clang-libcxx	5360740	27966537150	2418454	11838703	860685835	3343204709	NA	0
4231	3	eigen	fedora-clang-libcxx	5360726	27971897876	2418469	11838703	860857425	3343843510	NA	0
4232	3	eigen	fedora-clang-libcxx	5360731	27977258607	2418484	11838703	861029015	3344482310	NA	0
4233	3	eigen	fedora-clang-libcxx	5360753	27982619360	2418499	11838703	861200611	3345121120	NA	0
4234	3	eigen	fedora-clang-libcxx	5360758	27987980118	2418514	11838703	861372207	3345759927	NA	0
4235	3	eigen	fedora-clang-libcxx	5360753	27993340871	2418529	11838703	861543803	3346398740	NA	0
4236	3	eigen	fedora-clang-libcxx	5360758	27998701629	2418544	11838703	861715399	3347037550	NA	0
4237	3	eigen	fedora-clang-libcxx	5360751	28004062380	2418559	11838703	861886995	3347676308	NA	0
4238	3	eigen	fedora-clang-libcxx	5360756	28009423136	2418574	11838703	862058591	3348315067	NA	0
4239	3	eigen	fedora-clang-libcxx	5360744	28014783880	2418589	11838703	862230187	3348953867	NA	0
4240	3	eigen	fedora-clang-libcxx	5360749	28020144629	2418604	11838703	862401783	3349592668	NA	0
4241	3	eigen	fedora-clang-libcxx	5360807	28025505436	2418619	11838703	862573379	3350231541	NA	0
4242	3	eigen	fedora-clang-libcxx	5360813	28030866249	2418634	11838703	862744975	3350870413	NA	0
4243	3	eigen	fedora-clang-libcxx	5360778	28036227027	2418649	11838703	862916571	3351509273	NA	0
4244	3	eigen	fedora-clang-libcxx	5360783	28041587810	2418664	11838703	863088167	3352148134	NA	0
4245	3	eigen	fedora-clang-libcxx	5360782	28046948592	2418679	11838703	863259763	3352787112	NA	0
4246	3	eigen	fedora-clang-libcxx	5360787	28052309379	2418694	11838703	863431359	3353426091	NA	0
4247	3	eigen	fedora-clang-libcxx	5360675	28057670054	2418709	11838703	863602956	3354064850	NA	0
4248	3	eigen	fedora-clang-libcxx	5360668	28063030722	2418724	11838703	863774553	3354703606	NA	0
4249	3	eigen	fedora-clang-libcxx	5360651	28068391373	2418739	11838703	863946147	3355342367	NA	0
4250	3	eigen	fedora-clang-libcxx	5360651	28073752024	2418754	11838703	864117741	3355981126	NA	0
4251	3	eigen	fedora-clang-libcxx	5360657	28079112681	2418769	11838703	864289336	3356619879	NA	0
4252	3	eigen	fedora-clang-libcxx	5360644	28084473325	2418784	11838703	864460931	3357258628	NA	0
4253	3	eigen	fedora-clang-libcxx	5360663	28089833988	2418799	11838703	864632525	3357897383	NA	0
4254	3	eigen	fedora-clang-libcxx	5360675	28095194663	2418814	11838703	864804119	3358536142	NA	0
4255	3	eigen	fedora-clang-libcxx	5360681	28100555344	2418829	11838703	864975716	3359174901	NA	0
4256	3	eigen	fedora-clang-libcxx	5360671	28105916015	2418844	11838703	865147312	3359813659	NA	0
4257	3	eigen	fedora-clang-libcxx	5360720	28111276735	2418859	11838703	865318909	3360452429	NA	0
4258	3	eigen	fedora-clang-libcxx	5360720	28116637455	2418874	11838703	865490505	3361091199	NA	0
4259	3	eigen	fedora-clang-libcxx	5360807	28121998262	2418889	11838703	865662103	3361729987	NA	0
4260	3	eigen	fedora-clang-libcxx	5360807	28127359069	2418904	11838703	865833701	3362368777	NA	0
4261	3	eigen	fedora-clang-libcxx	5360644	28132719713	2418919	11838703	866005296	3363007514	NA	0
4262	3	eigen	fedora-clang-libcxx	5360650	28138080363	2418934	11838703	866176889	3363646249	NA	0
4263	3	eigen	fedora-clang-libcxx	5360660	28143441023	2418949	11838703	866348482	3364284986	NA	0
4264	3	eigen	fedora-clang-libcxx	5360639	28148801662	2418964	11838703	866520076	3364923720	NA	0
4265	3	eigen	fedora-clang-libcxx	5360665	28154162327	2418979	11838703	866691669	3365562513	NA	0
4266	3	eigen	fedora-clang-libcxx	5360655	28159522982	2418994	11838703	866863261	3366201299	NA	0
4267	3	eigen	fedora-clang-libcxx	5360678	28164883660	2419009	11838703	867034854	3366840093	NA	0
4268	3	eigen	fedora-clang-libcxx	5360658	28170244318	2419024	11838703	867206446	3367478882	NA	0
4269	3	eigen	fedora-clang-libcxx	7327390	28177571708	2419039	11838703	867448607	3368402893	NA	0
4270	3	eigen	fedora-clang-libcxx	7327383	28184899091	2419054	11838703	867690768	3369326903	NA	0
4271	3	eigen	fedora-clang-libcxx	7327351	28192226442	2419069	11838703	867932927	3370250906	NA	0
4272	3	eigen	fedora-clang-libcxx	7327351	28199553793	2419084	11838703	868175086	3371174904	NA	0
4273	3	eigen	fedora-clang-libcxx	7327361	28206881154	2419099	11838703	868417246	3372098911	NA	0
4274	3	eigen	fedora-clang-libcxx	7327348	28214208502	2419114	11838703	868659405	3373022910	NA	0
4275	3	eigen	fedora-clang-libcxx	7327344	28221535846	2419129	11838703	868901563	3373946908	NA	0
4276	3	eigen	fedora-clang-libcxx	7327356	28228863202	2419144	11838703	869143721	3374870911	NA	0
4277	3	eigen	fedora-clang-libcxx	7327404	28236190606	2419159	11838703	869385882	3375794931	NA	0
4278	3	eigen	fedora-clang-libcxx	7327394	28243518000	2419174	11838703	869628043	3376718950	NA	0
4279	3	eigen	fedora-clang-libcxx	7327418	28250845418	2419189	11838703	869870206	3377642933	NA	0
4280	3	eigen	fedora-clang-libcxx	7327418	28258172836	2419204	11838703	870112370	3378566921	NA	0
4281	3	eigen	fedora-clang-libcxx	5435617	28263608453	2419219	11838703	870286551	3379217670	NA	0
4282	3	eigen	fedora-clang-libcxx	5435613	28269044066	2419234	11838703	870460733	3379868423	NA	0
4283	3	eigen	fedora-clang-libcxx	5435605	28274479671	2419249	12326169	870634914	3380519217	NA	1
4284	3	eigen	fedora-clang-libcxx	5435601	28279915272	2419264	12326169	870809095	3381170013	NA	0
4285	3	eigen	fedora-clang-libcxx	5431962	28285347234	2419279	12326169	870983766	3381821541	NA	0
4286	3	eigen	fedora-clang-libcxx	5431958	28290779192	2419294	12326169	871158437	3382473070	NA	0
4287	3	eigen	fedora-clang-libcxx	5431967	28296211159	2419309	12326169	871333108	3383124587	NA	0
4288	3	eigen	fedora-clang-libcxx	5431963	28301643122	2419324	12326169	871507779	3383776105	NA	0
4289	3	eigen	fedora-clang-libcxx	5894623	28307537745	2419339	12326169	871695453	3384479215	NA	0
4290	3	eigen	fedora-clang-libcxx	5894619	28313432364	2419354	12326169	871883127	3385182328	NA	0
4291	3	eigen	fedora-clang-libcxx	5894649	28319327013	2419369	12326169	872070804	3385885438	NA	0
4292	3	eigen	fedora-clang-libcxx	5894645	28325221658	2419384	12326169	872258481	3386588553	NA	0
4293	3	eigen	fedora-clang-libcxx	5894653	28331116311	2419399	12326169	872446158	3387291667	NA	0
4294	3	eigen	fedora-clang-libcxx	5894649	28337010960	2419414	12326169	872633835	3387994785	NA	0
4295	3	eigen	fedora-clang-libcxx	6003323	28343014283	2419429	12326169	872825530	3388716302	NA	0
4296	3	eigen	fedora-clang-libcxx	6003319	28349017602	2419444	12326169	873017225	3389437819	NA	0
4297	3	eigen	fedora-clang-libcxx	6003311	28355020913	2419459	12326169	873208920	3390159290	NA	0
4298	3	eigen	fedora-clang-libcxx	6003307	28361024220	2419474	12326169	873400615	3390880761	NA	0
4299	3	eigen	fedora-clang-libcxx	7087952	28368112172	2419489	12326169	873631345	3391767539	NA	0
4300	3	eigen	fedora-clang-libcxx	7087948	28375200120	2419504	12326169	873862075	3392654313	NA	0
4301	3	eigen	fedora-clang-libcxx	7087955	28382288075	2419519	12326169	874092805	3393541121	NA	0
4302	3	eigen	fedora-clang-libcxx	7087985	28389376060	2419534	12326169	874323535	3394427933	NA	0
4303	3	eigen	fedora-clang-libcxx	5360641	28394736701	2419549	12326169	874495122	3395066691	NA	0
4304	3	eigen	fedora-clang-libcxx	5360647	28400097348	2419564	12326169	874666709	3395705450	NA	0
4305	3	eigen	fedora-clang-libcxx	5360694	28405458042	2419579	12326169	874838295	3396344216	NA	0
4306	3	eigen	fedora-clang-libcxx	5360706	28410818748	2419594	12326169	875009881	3396982984	NA	0
4307	3	eigen	fedora-clang-libcxx	5640780	28416459528	2419609	12326169	875187720	3397651276	NA	0
4308	3	eigen	fedora-clang-libcxx	5640806	28422100334	2419624	12326169	875365559	3398319571	NA	0
4309	3	eigen	fedora-clang-libcxx	5640775	28427741109	2419639	12326169	875543398	3398987933	NA	0
4310	3	eigen	fedora-clang-libcxx	5640801	28433381910	2419654	12326169	875721237	3399656299	NA	0
4311	3	eigen	fedora-clang-libcxx	5640790	28439022700	2419669	12326169	875899080	3400324670	NA	0
4312	3	eigen	fedora-clang-libcxx	5640790	28444663490	2419684	12326169	876076923	3400993040	NA	0
4313	3	eigen	fedora-clang-libcxx	6394752	28451058242	2419699	12326169	876273219	3401748606	NA	0
4314	3	eigen	fedora-clang-libcxx	6232510	28457290752	2419714	12326169	876465083	3402482611	NA	0
4315	3	eigen	fedora-clang-libcxx	6264626	28463555378	2419729	12326169	876655655	3403220871	NA	0
4316	3	eigen	fedora-clang-libcxx	6264627	28469820005	2419744	12326169	876846226	3403959130	NA	0
4317	3	eigen	fedora-clang-libcxx	6264641	28476084646	2419759	12326169	877036798	3404697388	NA	0
4318	3	eigen	fedora-clang-libcxx	6264642	28482349288	2419774	12326169	877227373	3405435647	NA	0
4319	3	eigen	fedora-clang-libcxx	6264643	28488613931	2419789	12326169	877417946	3406173908	NA	0
4320	3	eigen	fedora-clang-libcxx	6264641	28494878572	2419804	12326169	877608518	3406912171	NA	0
4321	3	eigen	fedora-clang-libcxx	6264642	28501143214	2419819	12326169	877799093	3407650427	NA	0
4322	3	eigen	fedora-clang-libcxx	6270268	28507413482	2419834	12326169	877990029	3408390044	NA	0
4323	3	eigen	fedora-clang-libcxx	6270268	28513683750	2419849	12326169	878180965	3409129667	NA	0
4324	3	eigen	fedora-clang-libcxx	6270270	28519954020	2419864	12326169	878371902	3409869291	NA	0
4325	3	eigen	fedora-clang-libcxx	6270269	28526224289	2419879	12326169	878562839	3410608909	NA	0
4326	3	eigen	fedora-clang-libcxx	6270513	28532494802	2419894	12326169	878753783	3411348542	NA	0
4327	3	eigen	fedora-clang-libcxx	6566171	28539060973	2419909	12326169	878954639	3412133132	NA	0
4328	3	eigen	fedora-clang-libcxx	6566224	28545627197	2419924	12326169	879155496	3412917730	NA	0
4329	3	eigen	fedora-clang-libcxx	6566171	28552193368	2419939	12326169	879356352	3413702317	NA	0
4330	3	eigen	fedora-clang-libcxx	7654885	28559848253	2419958	12326169	879593123	3414643396	NA	0
4331	3	eigen	fedora-clang-libcxx	7654992	28567503245	2419976	12326169	879829894	3415584477	NA	0
4332	3	eigen	fedora-clang-libcxx	7654816	28575158061	2419994	12326169	880066663	3416525555	NA	0
4333	3	eigen	fedora-clang-libcxx	7654758	28582812819	2420012	12326169	880303432	3417466634	NA	0
4334	3	eigen	fedora-clang-libcxx	7654771	28590467590	2420030	12326169	880540201	3418407713	NA	0
4335	3	eigen	fedora-clang-libcxx	7654672	28598122262	2420048	12326169	880776970	3419348775	NA	0
4336	3	eigen	fedora-clang-libcxx	7654932	28605777194	2420066	12326169	881013741	3420289868	NA	0
4337	3	eigen	fedora-clang-libcxx	7654654	28613431848	2420084	12326169	881250510	3421230926	NA	0
4338	3	eigen	fedora-clang-libcxx	7654688	28621086536	2420102	12326169	881487279	3422171987	NA	0
4339	3	eigen	fedora-clang-libcxx	7648380	28628734916	2420117	12326169	881723778	3423111814	NA	0
4340	3	eigen	fedora-clang-libcxx	7648360	28636383276	2420132	12326169	881960277	3424051639	NA	0
4341	3	eigen	fedora-clang-libcxx	7648460	28644031736	2420147	12326169	882196776	3424991480	NA	0
4342	3	eigen	fedora-clang-libcxx	7648281	28651680017	2420162	12326169	882433275	3425931291	NA	0
4343	3	eigen	fedora-clang-libcxx	7648303	28659328320	2420177	12326169	882669774	3426871114	NA	0
4344	3	eigen	fedora-clang-libcxx	7648282	28666976602	2420192	12326169	882906275	3427810929	NA	0
4345	3	eigen	fedora-clang-libcxx	7648464	28674625066	2420207	12326169	883142774	3428750767	NA	0
4346	3	eigen	fedora-clang-libcxx	7653289	28682278355	2420222	12326169	883379397	3429690971	NA	0
4347	3	eigen	fedora-clang-libcxx	7653281	28689931636	2420237	12326169	883616022	3430631172	NA	0
4348	3	eigen	fedora-clang-libcxx	7653338	28697584974	2420252	12326169	883852647	3431571380	NA	0
4349	3	eigen	fedora-clang-libcxx	7653167	28705238141	2420267	12326169	884089270	3432511571	NA	0
4350	3	eigen	fedora-clang-libcxx	7653162	28712891303	2420282	12326169	884325896	3433451765	NA	0
4351	3	eigen	fedora-clang-libcxx	7653191	28720544494	2420297	12326169	884562514	3434391960	NA	0
4352	3	eigen	fedora-clang-libcxx	7653080	28728197574	2420312	12326169	884799142	3435332140	NA	0
4353	3	eigen	fedora-clang-libcxx	7653097	28735850671	2420327	12326169	885035762	3436272315	NA	0
4354	3	eigen	fedora-clang-libcxx	7653068	28743503739	2420342	12326169	885272388	3437212493	NA	0
4355	3	eigen	fedora-clang-libcxx	7653094	28751156833	2420357	12326169	885509009	3438152670	NA	0
4356	3	eigen	fedora-clang-libcxx	7653053	28758809886	2420372	12326169	885745630	3439092848	NA	0
4357	3	eigen	fedora-clang-libcxx	7653062	28766462948	2420387	12326169	885982253	3440033035	NA	0
4358	3	eigen	fedora-clang-libcxx	7644053	28774107001	2420402	12326169	886218599	3440972095	NA	0
4359	3	eigen	fedora-clang-libcxx	7644059	28781751060	2420417	12326169	886454945	3441911161	NA	0
4360	3	eigen	fedora-clang-libcxx	7644052	28789395112	2420432	12326169	886691291	3442850220	NA	0
4361	3	eigen	fedora-clang-libcxx	7644090	28797039202	2420447	12326169	886927637	3443789292	NA	0
4362	3	eigen	fedora-clang-libcxx	7644169	28804683371	2420462	12326169	887163983	3444728366	NA	0
4363	3	eigen	fedora-clang-libcxx	6511385	28811194756	2420477	12505228	887363928	3445505152	NA	1
4364	3	eigen	fedora-clang-libcxx	6439565	28817634321	2420492	12505228	887559290	3446263179	NA	0
4365	3	eigen	fedora-clang-libcxx	6563436	28824197757	2420507	12505228	887759974	3447047145	NA	0
4366	3	eigen	fedora-clang-libcxx	6563437	28830761194	2420522	12505228	887960659	3447831110	NA	0
4367	3	eigen	fedora-clang-libcxx	6563434	28837324628	2420537	12505228	888161343	3448615077	NA	0
4368	3	eigen	fedora-clang-libcxx	6563435	28843888063	2420552	12505228	888362028	3449399046	NA	0
4369	3	eigen	fedora-clang-libcxx	6563642	28850451705	2420567	12505228	888562710	3450183028	NA	0
4370	3	eigen	fedora-clang-libcxx	6253317	28856705022	2420582	12505228	888753073	3450919721	NA	0
4371	3	eigen	fedora-clang-libcxx	6253540	28862958562	2420597	12505228	888943436	3451656441	NA	0
4372	3	eigen	fedora-clang-libcxx	6253062	28869211624	2420612	12505228	889133798	3452393113	NA	0
4373	3	eigen	fedora-clang-libcxx	6253062	28875464686	2420627	12505228	889324160	3453129786	NA	0
4374	3	eigen	fedora-clang-libcxx	6253075	28881717761	2420642	12505228	889514522	3453866464	NA	0
4375	3	eigen	fedora-clang-libcxx	6253057	28887970818	2420657	12505228	889704885	3454603131	NA	0
4376	3	eigen	fedora-clang-libcxx	6253406	28894224224	2420672	12505228	889895246	3455339822	NA	0
4377	3	eigen	fedora-clang-libcxx	6253073	28900477297	2420687	12505228	890085608	3456076491	NA	0
4378	3	eigen	fedora-clang-libcxx	7863967	28908341264	2420702	12505228	890331862	3457053805	NA	0
4379	3	eigen	fedora-clang-libcxx	7863887	28916205151	2420717	12505228	890578115	3458031113	NA	0
4380	3	eigen	fedora-clang-libcxx	7864737	28924069888	2420732	12505228	890824370	3459008498	NA	0
4381	3	eigen	fedora-clang-libcxx	7864829	28931934717	2420747	12505228	891070627	3459985897	NA	0
4382	3	eigen	fedora-clang-libcxx	7864701	28939799418	2420762	12505228	891316888	3460963289	NA	0
4383	3	eigen	fedora-clang-libcxx	7863864	28947663282	2420777	12505228	891563141	3461940586	NA	0
4384	3	eigen	fedora-clang-libcxx	7600192	28955263474	2420792	12505228	891797486	3462869628	NA	0
4385	3	eigen	fedora-clang-libcxx	7600193	28962863667	2420807	12505228	892031830	3463798677	NA	0
4386	3	eigen	fedora-clang-libcxx	7600193	28970463860	2420822	12505228	892266175	3464727728	NA	0
4387	3	eigen	fedora-clang-libcxx	7600192	28978064052	2420837	12505228	892500523	3465656779	NA	0
4388	3	eigen	fedora-clang-libcxx	7600193	28985664245	2420852	12505228	892734868	3466585830	NA	0
4389	3	eigen	fedora-clang-libcxx	7600192	28993264437	2420867	12505228	892969211	3467514881	NA	0
4390	3	eigen	fedora-clang-libcxx	7600192	29000864629	2420882	12505228	893203558	3468443927	NA	0
4391	3	eigen	fedora-clang-libcxx	7600193	29008464822	2420897	12505228	893437909	3469372970	NA	0
4392	3	eigen	fedora-clang-libcxx	7600225	29016065047	2420912	12505228	893672254	3470302027	NA	0
4393	3	eigen	fedora-clang-libcxx	7600225	29023665272	2420927	12505228	893906599	3471231086	NA	0
4394	3	eigen	fedora-clang-libcxx	7600197	29031265469	2420942	12505228	894140945	3472160129	NA	0
4395	3	eigen	fedora-clang-libcxx	7600239	29038865708	2420957	12505228	894375290	3473089186	NA	0
4396	3	eigen	fedora-clang-libcxx	7594962	29046460670	2420972	12505228	894609463	3474017206	NA	0
4397	3	eigen	fedora-clang-libcxx	7594962	29054055632	2420987	12505228	894843637	3474945235	NA	0
4398	3	eigen	fedora-clang-libcxx	7594962	29061650594	2421002	12505228	895077814	3475873274	NA	0
4399	3	eigen	fedora-clang-libcxx	7594962	29069245556	2421017	12505228	895311986	3476801312	NA	0
4400	3	eigen	fedora-clang-libcxx	7594962	29076840518	2421032	12505228	895546157	3477729347	NA	0
4401	3	eigen	fedora-clang-libcxx	7594962	29084435480	2421047	12505228	895780330	3478657373	NA	0
4402	3	eigen	fedora-clang-libcxx	7594966	29092030446	2421062	12505228	896014498	3479585392	NA	0
4403	3	eigen	fedora-clang-libcxx	7595030	29099625476	2421077	12505228	896248666	3480513427	NA	0
4404	3	eigen	fedora-clang-libcxx	6260852	29105886328	2421092	12505228	896439412	3481253307	NA	0
4405	3	eigen	fedora-clang-libcxx	7134547	29113020875	2421107	12505228	896658672	3482110428	NA	0
4406	3	eigen	fedora-clang-libcxx	7879948	29120900823	2421122	12505228	896905392	3483089093	NA	0
4407	3	eigen	fedora-clang-libcxx	6961331	29127862154	2421137	12505228	897114922	3483914103	NA	0
4408	3	eigen	fedora-clang-libcxx	7887658	29135749812	2421152	12505228	897360369	3484887960	NA	0
4409	3	eigen	fedora-clang-libcxx	7887119	29143636931	2421167	12505228	897605815	3485861799	NA	0
4410	3	eigen	fedora-clang-libcxx	7886358	29151523289	2421182	12505228	897851246	3486835567	NA	0
4411	3	eigen	fedora-clang-libcxx	7886534	29159409823	2421197	12505228	898096679	3487809350	NA	0
4412	3	eigen	fedora-clang-libcxx	7887329	29167297152	2421212	12505228	898342119	3488783201	NA	0
4413	3	eigen	fedora-clang-libcxx	7888282	29175185434	2421227	12505228	898587564	3489757146	NA	0
4414	3	eigen	fedora-clang-libcxx	7889096	29183074530	2421242	12505228	898833018	3490731192	NA	0
4415	3	eigen	fedora-clang-libcxx	7886321	29190960851	2421257	12505228	899078449	3491704934	NA	0
4416	3	eigen	fedora-clang-libcxx	7886048	29198846899	2421272	12505228	899323872	3492678663	NA	0
4417	3	eigen	fedora-clang-libcxx	7886178	29206733077	2421287	12505228	899569295	3493652407	NA	0
4418	3	eigen	fedora-clang-libcxx	7886392	29214619469	2421302	12505228	899814722	3494626160	NA	0
4419	3	eigen	fedora-clang-libcxx	7886062	29222505531	2421317	12505228	900060146	3495599892	NA	0
4420	3	eigen	fedora-clang-libcxx	7890133	29230395664	2421332	12505228	900305603	3496574032	NA	0
4421	3	eigen	fedora-clang-libcxx	7888223	29238283887	2421347	12505228	900551048	3497547994	NA	0
4422	3	eigen	fedora-clang-libcxx	6376517	29244660404	2421362	12505228	900744987	3498305842	NA	0
4423	3	eigen	fedora-clang-libcxx	6376517	29251036921	2421377	12505228	900938926	3499063689	NA	0
4424	3	eigen	fedora-clang-libcxx	6388100	29257425021	2421392	12505228	901133374	3499822803	NA	0
4425	3	eigen	fedora-clang-libcxx	6388100	29263813121	2421407	12505228	901327822	3500581920	NA	0
4426	3	eigen	fedora-clang-libcxx	6388093	29270201214	2421422	12505228	901522268	3501341030	NA	0
4427	3	eigen	fedora-clang-libcxx	6388011	29276589225	2421437	12505228	901716715	3502100120	NA	0
4428	3	eigen	fedora-clang-libcxx	6388011	29282977236	2421452	12505228	901911162	3502859210	NA	0
4429	3	eigen	fedora-clang-libcxx	6379978	29289357214	2421467	12505228	902105306	3503615797	NA	0
4430	3	eigen	fedora-clang-libcxx	6379979	29295737193	2421482	12505228	902299450	3504372377	NA	0
4431	3	eigen	fedora-clang-libcxx	6379984	29302117177	2421497	12505228	902493594	3505128967	NA	0
4432	3	eigen	fedora-clang-libcxx	6379988	29308497165	2421512	12505228	902687738	3505885550	NA	0
4433	3	eigen	fedora-clang-libcxx	7319837	29315817002	2421527	12505228	902911778	3506766876	NA	0
4434	3	eigen	fedora-clang-libcxx	7334893	29323151895	2421542	12505228	903136176	3507649656	NA	0
4435	3	eigen	fedora-clang-libcxx	7485260	29330637155	2421557	12505228	903364582	3508547489	NA	0
4436	3	eigen	fedora-clang-libcxx	7359107	29337996262	2421572	12505228	903589751	3509433579	NA	0
4437	3	eigen	fedora-clang-libcxx	7366113	29345362375	2421587	12787959	903814968	3510319912	NA	1
4438	3	eigen	fedora-clang-libcxx	7371747	29352734122	2421602	12787959	904040144	3511206393	NA	0
4439	3	eigen	fedora-clang-libcxx	7367217	29360101339	2421617	12787959	904265317	3512092716	NA	0
4440	3	eigen	fedora-clang-libcxx	7357275	29367458614	2421632	12787959	904490496	3512978783	NA	0
4441	3	eigen	fedora-clang-libcxx	7354067	29374812681	2421647	12787959	904715663	3513864799	NA	0
4442	3	eigen	fedora-clang-libcxx	7362207	29382174888	2421662	12787959	904940832	3514750981	NA	0
4443	3	eigen	fedora-clang-libcxx	7357257	29389532145	2421677	12787959	905166002	3515637013	NA	0
4444	3	eigen	fedora-clang-libcxx	7328079	29396860224	2421692	12787959	905390294	3516519542	NA	0
4445	3	eigen	fedora-clang-libcxx	7326265	29404186489	2421707	12787959	905614441	3517401378	NA	0
4446	3	eigen	fedora-clang-libcxx	7318615	29411505104	2421722	12787959	905838519	3518282662	NA	0
4447	3	eigen	fedora-clang-libcxx	7333037	29418838141	2421737	12787959	906062725	3519164777	NA	0
4448	3	eigen	fedora-clang-libcxx	7315772	29426153913	2421752	12787959	906286705	3520045877	NA	0
4449	3	eigen	fedora-clang-libcxx	7321435	29433475348	2421767	12787959	906510722	3520927484	NA	0
4450	3	eigen	fedora-clang-libcxx	7308910	29440784258	2421782	12787959	906734516	3521807820	NA	0
4451	3	eigen	fedora-clang-libcxx	7347848	29448132106	2421797	12787959	906959194	3522692270	NA	0
4452	3	eigen	fedora-clang-libcxx	7347854	29455479960	2421812	12787959	907183879	3523576720	NA	0
4453	3	eigen	fedora-clang-libcxx	7347898	29462827858	2421827	12787959	907408557	3524461167	NA	0
4454	3	eigen	fedora-clang-libcxx	7347882	29470175740	2421842	12787959	907633231	3525345622	NA	0
4455	3	eigen	fedora-clang-libcxx	7347882	29477523622	2421857	12787959	907857913	3526230070	NA	0
4456	3	eigen	fedora-clang-libcxx	7348068	29484871690	2421872	12787959	908082595	3527114532	NA	0
4457	3	eigen	fedora-clang-libcxx	7347898	29492219588	2421887	12787959	908307277	3527998984	NA	0
4458	3	eigen	fedora-clang-libcxx	7347922	29499567510	2421902	12787959	908531962	3528883433	NA	0
4459	3	eigen	fedora-clang-libcxx	7309023	29506876533	2421917	12787959	908755758	3529763886	NA	0
4460	3	eigen	fedora-clang-libcxx	7316867	29514193400	2421932	12787959	908979734	3530645152	NA	0
4461	3	eigen	fedora-clang-libcxx	8627357	29522820757	2421947	12787959	909246165	3531716812	NA	0
4462	3	eigen	fedora-clang-libcxx	7316353	29530137110	2421962	12787959	909470241	3532598556	NA	0
4463	3	eigen	fedora-clang-libcxx	7313458	29537450568	2421977	12787959	909694105	3533479307	NA	0
4464	3	eigen	fedora-clang-libcxx	7307559	29544758127	2421992	12787959	909917868	3534359442	NA	0
4465	3	eigen	fedora-clang-libcxx	7501181	29552259308	2422007	12787959	910148963	3535271070	NA	0
4466	3	eigen	fedora-clang-libcxx	7516705	29559776013	2422022	12787959	910380068	3536183063	NA	0
4467	3	eigen	fedora-clang-libcxx	7533121	29567309134	2422037	12787959	910611182	3537095458	NA	0
4468	3	eigen	fedora-clang-libcxx	7516897	29574826031	2422052	12787959	910842286	3538007447	NA	0
4469	3	eigen	fedora-clang-libcxx	7517185	29582343216	2422067	12787959	911073389	3538919433	NA	0
4470	3	eigen	fedora-clang-libcxx	7517185	29589860401	2422082	12787959	911304492	3539831428	NA	0
4471	3	eigen	fedora-clang-libcxx	7517089	29597377490	2422097	12787959	911535595	3540743422	NA	0
4472	3	eigen	fedora-clang-libcxx	7517089	29604894579	2422112	12787959	911766700	3541655416	NA	0
4473	3	eigen	fedora-clang-libcxx	7521697	29612416276	2422127	12787959	911997802	3542567512	NA	0
4474	3	eigen	fedora-clang-libcxx	7561617	29619977893	2422142	12787959	912228922	3543480734	NA	0
4475	3	eigen	fedora-clang-libcxx	7522337	29627500230	2422157	12787959	912460026	3544392829	NA	0
4476	3	eigen	fedora-clang-libcxx	7524257	29635024487	2422172	12787959	912691132	3545304928	NA	0
4477	3	eigen	fedora-clang-libcxx	7522337	29642546824	2422187	12787959	912922238	3546217019	NA	0
4478	3	eigen	fedora-clang-libcxx	7528097	29650074921	2422202	12787959	913153343	3547129201	NA	0
4479	3	eigen	fedora-clang-libcxx	7508881	29657583802	2422217	12787959	913384445	3548040999	NA	0
4480	3	eigen	fedora-clang-libcxx	7508929	29665092731	2422232	12787959	913615547	3548952793	NA	0
4481	3	eigen	fedora-clang-libcxx	7338885	29672431616	2422247	12787959	913839946	3549835547	NA	0
4482	3	eigen	fedora-clang-libcxx	7329737	29679761353	2422262	12787959	914064284	3550718221	NA	0
4483	3	eigen	fedora-clang-libcxx	7324045	29687085398	2422277	12787959	914288466	3551600351	NA	0
4484	3	eigen	fedora-clang-libcxx	7315718	29694401116	2422292	12787959	914512614	3552481990	NA	0
4485	3	eigen	fedora-clang-libcxx	7309647	29701710763	2422307	12787959	914736470	3553362614	NA	0
4486	3	eigen	fedora-clang-libcxx	7318174	29709028937	2422322	12787959	914960424	3554243705	NA	0
4487	3	eigen	fedora-clang-libcxx	7398582	29716427519	2422337	12787959	915185720	3555130161	NA	0
4488	3	eigen	fedora-clang-libcxx	7398588	29723826107	2422352	12787959	915411023	3556016622	NA	0
4489	3	eigen	fedora-clang-libcxx	7398589	29731224696	2422367	12787959	915636325	3556903086	NA	0
4490	3	eigen	fedora-clang-libcxx	7398600	29738623296	2422382	12787959	915861627	3557789554	NA	0
4491	3	eigen	fedora-clang-libcxx	7398588	29746021884	2422397	12787959	916086930	3558676014	NA	0
4492	3	eigen	fedora-clang-libcxx	7398586	29753420470	2422412	12787959	916312233	3559562471	NA	0
4493	3	eigen	fedora-clang-libcxx	7398618	29760819088	2422427	12787959	916537535	3560448930	NA	0
4494	3	eigen	fedora-clang-libcxx	7398591	29768217679	2422442	12787959	916762837	3561335397	NA	0
4495	3	eigen	fedora-clang-libcxx	7398584	29775616263	2422457	12787959	916988139	3562221859	NA	0
4496	3	eigen	fedora-clang-libcxx	7398591	29783014854	2422472	12787959	917213441	3563108320	NA	0
4497	3	eigen	fedora-clang-libcxx	7398585	29790413439	2422487	12787959	917438743	3563994783	NA	0
4498	3	eigen	fedora-clang-libcxx	7398597	29797812036	2422502	12787959	917664045	3564881243	NA	0
4499	3	eigen	fedora-clang-libcxx	7334880	29805146916	2422517	12787959	917888489	3565764070	NA	0
4500	3	eigen	fedora-clang-libcxx	7476088	29812623004	2422532	12787959	918118823	3566672448	NA	0
4501	3	eigen	fedora-clang-libcxx	7312124	29819935128	2422547	12787959	918342770	3567553277	NA	0
4502	3	eigen	fedora-clang-libcxx	7312126	29827247254	2422562	12787959	918566720	3568434109	NA	0
4503	3	eigen	fedora-clang-libcxx	7312124	29834559378	2422577	12787959	918790671	3569314943	NA	0
4504	3	eigen	fedora-clang-libcxx	7312126	29841871504	2422592	12787959	919014621	3570195775	NA	0
4505	3	eigen	fedora-clang-libcxx	7312124	29849183628	2422607	12787959	919238568	3571076616	NA	0
4506	3	eigen	fedora-clang-libcxx	7312124	29856495752	2422622	12787959	919462513	3571957456	NA	0
4507	3	eigen	fedora-clang-libcxx	7312120	29863807872	2422637	12787959	919686458	3572838294	NA	0
4508	3	eigen	fedora-clang-libcxx	7316514	29871124386	2422652	12787959	919910406	3573719392	NA	0
4509	3	eigen	fedora-clang-libcxx	7309699	29878434085	2422667	13044854	920134191	3574599771	NA	1
4510	3	eigen	fedora-clang-libcxx	7307620	29885741705	2422682	13044854	920357954	3575479965	NA	0
4511	3	eigen	fedora-clang-libcxx	7326580	29893068285	2422697	13044854	920582182	3576361896	NA	0
4512	3	eigen	fedora-clang-libcxx	7307835	29900376120	2422712	13044854	920805944	3577242056	NA	0
4513	3	eigen	fedora-clang-libcxx	7309858	29907685978	2422727	13044854	921029760	3578122572	NA	0
4514	3	eigen	fedora-clang-libcxx	7338549	29915024527	2422742	13044854	921254600	3579007358	NA	0
4515	3	eigen	fedora-clang-libcxx	7338533	29922363060	2422757	13044854	921479441	3579892127	NA	0
4516	3	eigen	fedora-clang-libcxx	7338557	29929701617	2422772	13044854	921704284	3580776898	NA	0
4517	3	eigen	fedora-clang-libcxx	7338549	29937040166	2422787	13044854	921929128	3581661673	NA	0
4518	3	eigen	fedora-clang-libcxx	7338589	29944378755	2422802	13044854	922153970	3582546444	NA	0
4519	3	eigen	fedora-clang-libcxx	7338541	29951717296	2422817	13044854	922378812	3583431212	NA	0
4520	3	eigen	fedora-clang-libcxx	7338525	29959055821	2422832	13044854	922603654	3584315979	NA	0
4521	3	eigen	fedora-clang-libcxx	7338472	29966394293	2422847	13044854	922828495	3585200748	NA	0
4522	3	eigen	fedora-clang-libcxx	7309070	29973703363	2422862	13044854	923052312	3586081090	NA	0
4523	3	eigen	fedora-clang-libcxx	7469320	29981172683	2422877	13044854	923282826	3586987760	NA	0
4524	3	eigen	fedora-clang-libcxx	7311454	29988484137	2422892	13044854	923506708	3587868647	NA	0
4525	3	eigen	fedora-clang-libcxx	7310660	29995794797	2422907	13044854	923730552	3588749169	NA	0
4526	3	eigen	fedora-clang-libcxx	7312870	30003107667	2422922	13044854	923954497	3589630186	NA	0
4527	3	eigen	fedora-clang-libcxx	7311892	30010419559	2422937	13044854	924178384	3590511108	NA	0
4528	3	eigen	fedora-clang-libcxx	7319790	30017739349	2422952	13044854	924402385	3591392334	NA	0
4529	3	eigen	fedora-clang-libcxx	7311988	30025051337	2422967	13044854	924626287	3592273136	NA	0
4530	3	eigen	fedora-clang-libcxx	7383801	30032435138	2422982	13044854	924853526	3593167676	NA	0
4531	3	eigen	fedora-clang-libcxx	7319713	30039754851	2422997	13044854	925077644	3594049437	NA	0
4532	3	eigen	fedora-clang-libcxx	7350354	30047105205	2423012	13044854	925302616	3594935259	NA	0
4533	3	eigen	fedora-clang-libcxx	7322221	30054427426	2423027	13044854	925526769	3595817275	NA	0
4534	3	eigen	fedora-clang-libcxx	7315945	30061743371	2423042	13044854	925750810	3596698526	NA	0
4535	3	eigen	fedora-clang-libcxx	7308703	30069052074	2423057	13044854	925974581	3597578807	NA	0
4536	3	eigen	fedora-clang-libcxx	7311652	30076363726	2423072	13044854	926198472	3598459400	NA	0
4537	3	eigen	fedora-clang-libcxx	7325919	30083689645	2423087	13044854	926422703	3599341715	NA	0
4538	3	eigen	fedora-clang-libcxx	7343585	30091033230	2423102	13044854	926647127	3600224839	NA	0
4539	3	eigen	fedora-clang-libcxx	7308973	30098342203	2423117	13044854	926870919	3601105141	NA	0
4540	3	eigen	fedora-clang-libcxx	7311917	30105654120	2423132	13044854	927094800	3601985813	NA	0
4541	3	eigen	fedora-clang-libcxx	7309801	30112963921	2423147	13044854	927318641	3602866291	NA	0
4542	3	eigen	fedora-clang-libcxx	6372269	30119336190	2423162	13044854	927511181	3603616752	NA	0
4543	3	eigen	fedora-clang-libcxx	7498851	30126835041	2423177	13044854	927742210	3604527544	NA	0
4544	3	eigen	fedora-clang-libcxx	7498968	30134334009	2423192	13044854	927973238	3605438343	NA	0
4545	3	eigen	fedora-clang-libcxx	7498744	30141832753	2423207	13044854	928204268	3606349126	NA	0
4546	3	eigen	fedora-clang-libcxx	7498760	30149331513	2423222	13044854	928435296	3607259909	NA	0
4547	3	eigen	fedora-clang-libcxx	7499050	30156830563	2423237	13044854	928666327	3608170708	NA	0
4548	3	eigen	fedora-clang-libcxx	7498834	30164329397	2423252	13044854	928897355	3609081492	NA	0
4549	3	eigen	fedora-clang-libcxx	7499036	30171828433	2423267	13044854	929128386	3609992291	NA	0
4550	3	eigen	fedora-clang-libcxx	7499060	30179327493	2423282	13044854	929359417	3610903088	NA	0
4551	3	eigen	fedora-clang-libcxx	7498774	30186826267	2423297	13044854	929590445	3611813875	NA	0
4552	3	eigen	fedora-clang-libcxx	7498756	30194325023	2423312	13044854	929821473	3612724661	NA	0
4553	3	eigen	fedora-clang-libcxx	7498772	30201823795	2423327	13044854	930052505	3613635448	NA	0
4554	3	eigen	fedora-clang-libcxx	7498728	30209322523	2423342	13044854	930283532	3614546229	NA	0
4555	3	eigen	fedora-clang-libcxx	7498879	30216821402	2423357	13044854	930514564	3615457028	NA	0
4556	3	eigen	fedora-clang-libcxx	7316707	30224138109	2423372	13044854	930738584	3616338251	NA	0
4557	3	eigen	fedora-clang-libcxx	7316968	30231455077	2423387	13044854	930962534	3617219524	NA	0
4558	3	eigen	fedora-clang-libcxx	7623578	30239078655	2423402	13044854	931194329	3618139482	NA	0
4559	3	eigen	fedora-clang-libcxx	7313129	30246391784	2423417	13044854	931418272	3619020509	NA	0
4560	3	eigen	fedora-clang-libcxx	7313129	30253704913	2423432	13044854	931642218	3619901541	NA	0
4561	3	eigen	fedora-clang-libcxx	7313129	30261018042	2423447	13044854	931866164	3620782574	NA	0
4562	3	eigen	fedora-clang-libcxx	7313129	30268331171	2423462	13044854	932090109	3621663607	NA	0
4563	3	eigen	fedora-clang-libcxx	7313131	30275644302	2423477	13044854	932314051	3622544640	NA	0
4564	3	eigen	fedora-clang-libcxx	7313131	30282957433	2423492	13044854	932537993	3623425670	NA	0
4565	3	eigen	fedora-clang-libcxx	7313138	30290270571	2423507	13044854	932761930	3624306699	NA	0
4566	4	eigen	fedora-clang-libcxx	6227078	30296497649	2423522	13044854	932951372	3625039462	NA	0
4567	4	eigen	fedora-clang-libcxx	6227079	30302724728	2423537	13044854	933140814	3625772232	NA	0
4568	4	eigen	fedora-clang-libcxx	6227079	30308951807	2423552	13044854	933330256	3626505002	NA	0
4569	4	eigen	fedora-clang-libcxx	6227079	30315178886	2423567	13044854	933519698	3627237770	NA	0
4570	4	eigen	fedora-clang-libcxx	6236945	30321415831	2423582	13044854	933709344	3627971987	NA	0
4571	4	eigen	fedora-clang-libcxx	6236941	30327652772	2423597	13044854	933898991	3628706202	NA	0
4572	4	eigen	fedora-clang-libcxx	6236969	30333889741	2423612	13044854	934088638	3629440422	NA	0
4573	4	eigen	fedora-clang-libcxx	6236989	30340126730	2423627	13044854	934278285	3630174653	NA	0
4574	4	eigen	fedora-clang-libcxx	6237037	30346363767	2423642	13044854	934467933	3630908882	NA	0
4575	4	eigen	fedora-clang-libcxx	6237223	30352600990	2423657	13044854	934657579	3631643132	NA	0
4576	4	eigen	fedora-clang-libcxx	6237330	30358838320	2423672	13044854	934847228	3632377371	NA	0
4577	4	eigen	fedora-clang-libcxx	6237238	30365075558	2423687	13044854	935036885	3633111599	NA	0
4578	4	eigen	fedora-clang-libcxx	6237165	30371312723	2423702	13044854	935226536	3633845825	NA	0
4579	4	eigen	fedora-clang-libcxx	6237171	30377549894	2423717	13044854	935416184	3634580053	NA	0
4580	4	eigen	fedora-clang-libcxx	6237132	30383787026	2423732	13044854	935605830	3635314304	NA	0
4581	4	eigen	fedora-clang-libcxx	6236942	30390023968	2423747	13044854	935795475	3636048501	NA	0
4582	4	eigen	fedora-clang-libcxx	6236867	30396260835	2423762	13044854	935985120	3636782695	NA	0
4583	4	eigen	fedora-clang-libcxx	6237369	30402498204	2423777	13044854	936174763	3637516968	NA	0
4584	4	eigen	fedora-clang-libcxx	6237203	30408735407	2423792	13044854	936364408	3638251192	NA	0
4585	4	eigen	fedora-clang-libcxx	6237334	30414972741	2423807	13229888	936554090	3638985262	NA	1
4586	4	eigen	fedora-clang-libcxx	6237329	30421210070	2423822	13229888	936743777	3639719336	NA	0
4587	4	eigen	fedora-clang-libcxx	6237329	30427447399	2423837	13229888	936933464	3640453410	NA	0
4588	4	eigen	fedora-clang-libcxx	6237324	30433684723	2423852	13229888	937123149	3641187486	NA	0
4589	4	eigen	fedora-clang-libcxx	6237324	30439922047	2423867	13229888	937312835	3641921561	NA	0
4590	4	eigen	fedora-clang-libcxx	6237324	30446159371	2423882	13229888	937502520	3642655639	NA	0
4591	4	eigen	fedora-clang-libcxx	6237314	30452396685	2423897	13229888	937692202	3643389716	NA	0
4592	4	eigen	fedora-clang-libcxx	6237310	30458633995	2423912	13229888	937881888	3644123787	NA	0
4593	4	eigen	fedora-clang-libcxx	6237310	30464871305	2423927	13229888	938071574	3644857858	NA	0
4594	4	eigen	fedora-clang-libcxx	6237303	30471108608	2423942	13229888	938261257	3645591926	NA	0
4595	4	eigen	fedora-clang-libcxx	6237318	30477345926	2423957	13229888	938450937	3646325991	NA	0
4596	4	eigen	fedora-clang-libcxx	6237319	30483583245	2423972	13229888	938640619	3647060057	NA	0
4597	4	eigen	fedora-clang-libcxx	6237444	30489820689	2423987	13229888	938830302	3647794142	NA	0
4598	4	eigen	fedora-clang-libcxx	6256459	30496077148	2424002	13229888	939020142	3648529380	NA	0
4599	4	eigen	fedora-clang-libcxx	6225877	30502303025	2424017	13229888	939209513	3649261939	NA	0
4600	4	eigen	fedora-clang-libcxx	6225956	30508528981	2424032	13229888	939398886	3649994453	NA	0
4601	4	eigen	fedora-clang-libcxx	6225895	30514754876	2424047	13229888	939588256	3650726939	NA	0
4602	4	eigen	fedora-clang-libcxx	6237301	30520992177	2424062	13229888	939777913	3651460786	NA	0
4603	4	eigen	fedora-clang-libcxx	6232218	30527224395	2424077	13229888	939967505	3652194147	NA	0
4604	4	eigen	fedora-clang-libcxx	6256652	30533481047	2424092	13229888	940157668	3652930388	NA	0
4605	4	eigen	fedora-clang-libcxx	6228642	30539709689	2424107	13229888	940347059	3653662959	NA	0
4606	4	eigen	fedora-clang-libcxx	6233064	30545942753	2424122	13229888	940536598	3654396217	NA	0
4607	4	eigen	fedora-clang-libcxx	7554347	30553497100	2424137	13229888	940770143	3655321567	NA	0
4608	4	eigen	fedora-clang-libcxx	7554336	30561051436	2424152	13229888	941003688	3656246917	NA	0
4609	4	eigen	fedora-clang-libcxx	7554349	30568605785	2424167	13229888	941237233	3657172273	NA	0
4610	4	eigen	fedora-clang-libcxx	7554344	30576160129	2424182	13229888	941470778	3658097618	NA	0
4611	4	eigen	fedora-clang-libcxx	7554370	30583714499	2424197	13229888	941704323	3659022971	NA	0
4612	4	eigen	fedora-clang-libcxx	7554370	30591268869	2424212	13229888	941937868	3659948322	NA	0
4613	4	eigen	fedora-clang-libcxx	7554332	30598823201	2424227	13229888	942171413	3660873662	NA	0
4614	4	eigen	fedora-clang-libcxx	7554355	30606377556	2424242	13229888	942404958	3661799021	NA	0
4615	4	eigen	fedora-clang-libcxx	7554334	30613931890	2424257	13229888	942638502	3662724372	NA	0
4616	4	eigen	fedora-clang-libcxx	7554370	30621486260	2424272	13229888	942872047	3663649736	NA	0
4617	4	eigen	fedora-clang-libcxx	6225735	30627711995	2424287	13229888	943061428	3664382234	NA	0
4618	4	eigen	fedora-clang-libcxx	6226516	30633938511	2424302	13229888	943250794	3665114566	NA	0
4619	4	eigen	fedora-clang-libcxx	6249931	30640188442	2424317	13229888	943440783	3665850503	NA	0
4620	4	eigen	fedora-clang-libcxx	6249992	30646438434	2424332	13229888	943630772	3666586460	NA	0
4621	4	eigen	fedora-clang-libcxx	6250104	30652688538	2424347	13229888	943820762	3667322436	NA	0
4622	4	eigen	fedora-clang-libcxx	6249962	30658938500	2424362	13229888	944010752	3668058392	NA	0
4623	4	eigen	fedora-clang-libcxx	6249931	30665188431	2424377	13229888	944200744	3668794334	NA	0
4624	4	eigen	fedora-clang-libcxx	6250063	30671438494	2424392	13229888	944390736	3669530296	NA	0
4625	4	eigen	fedora-clang-libcxx	6249962	30677688456	2424407	13229888	944580726	3670266246	NA	0
4626	4	eigen	fedora-clang-libcxx	6250196	30683938652	2424422	13229888	944770721	3671002224	NA	0
4627	4	eigen	fedora-clang-libcxx	6250235	30690188887	2424437	13229888	944960707	3671738212	NA	0
4628	4	eigen	fedora-clang-libcxx	6249931	30696438818	2424452	13229888	945150696	3672474149	NA	0
4629	4	eigen	fedora-clang-libcxx	6250013	30702688831	2424467	13229888	945340685	3673210092	NA	0
4630	4	eigen	fedora-clang-libcxx	6249934	30708938765	2424482	13229888	945530674	3673946022	NA	0
4631	4	eigen	fedora-clang-libcxx	6266693	30715205458	2424497	13229888	945720544	3674681972	NA	0
4632	4	eigen	fedora-clang-libcxx	6019272	30721224730	2424512	13229888	945903381	3675391257	NA	0
4633	4	eigen	fedora-clang-libcxx	6019272	30727244002	2424527	13229888	946086219	3676100543	NA	0
4634	4	eigen	fedora-clang-libcxx	6019298	30733263300	2424542	13229888	946269055	3676809848	NA	0
4635	4	eigen	fedora-clang-libcxx	6019301	30739282601	2424557	13229888	946451890	3677519142	NA	0
4636	4	eigen	fedora-clang-libcxx	6019301	30745301902	2424572	13229888	946634725	3678228449	NA	0
4637	4	eigen	fedora-clang-libcxx	6266661	30751568563	2424587	13229888	946824547	3678964417	NA	0
4638	4	eigen	fedora-clang-libcxx	6266661	30757835224	2424602	13229888	947014370	3679700382	NA	0
4639	4	eigen	fedora-clang-libcxx	6266687	30764101911	2424617	13229888	947204189	3680436367	NA	0
4640	4	eigen	fedora-clang-libcxx	6266689	30770368600	2424632	13229888	947394009	3681172355	NA	0
4641	4	eigen	fedora-clang-libcxx	6266689	30776635289	2424647	13229888	947583829	3681908341	NA	0
4642	4	eigen	fedora-clang-libcxx	6227467	30782862756	2424662	13229888	947772788	3682641707	NA	0
4643	4	eigen	fedora-clang-libcxx	6227694	30789090450	2424677	13229888	947961749	3683375030	NA	0
4644	4	eigen	fedora-clang-libcxx	6387543	30795477993	2424692	13229888	948154520	3684126074	NA	0
4645	4	eigen	fedora-clang-libcxx	6387544	30801865537	2424707	13229888	948347294	3684877118	NA	0
4646	4	eigen	fedora-clang-libcxx	6387544	30808253081	2424722	13229888	948540068	3685628163	NA	0
4647	4	eigen	fedora-clang-libcxx	6387545	30814640626	2424737	13229888	948732842	3686379215	NA	0
4648	4	eigen	fedora-clang-libcxx	6387545	30821028171	2424752	13229888	948925618	3687130267	NA	0
4649	4	eigen	fedora-clang-libcxx	6387546	30827415717	2424767	13229888	949118393	3687881317	NA	0
4650	4	eigen	fedora-clang-libcxx	6387545	30833803262	2424782	13229888	949311169	3688632368	NA	0
4651	4	eigen	fedora-clang-libcxx	6387546	30840190808	2424797	13229888	949503944	3689383418	NA	0
4652	4	eigen	fedora-clang-libcxx	6387545	30846578353	2424812	13229888	949696716	3690134468	NA	0
4653	4	eigen	fedora-clang-libcxx	6387545	30852965898	2424827	13229888	949889486	3690885516	NA	0
4654	4	eigen	fedora-clang-libcxx	6387556	30859353454	2424842	13229888	950082256	3691636564	NA	0
4655	4	eigen	fedora-clang-libcxx	6387557	30865741011	2424857	13229888	950275026	3692387615	NA	0
4656	4	eigen	fedora-clang-libcxx	6387541	30872128552	2424872	13229888	950467798	3693138662	NA	0
4657	4	eigen	fedora-clang-libcxx	6387699	30878516251	2424887	13229888	950660568	3693889726	NA	0
4658	4	eigen	fedora-clang-libcxx	6387545	30884903796	2424902	13229888	950853338	3694640770	NA	0
4659	4	eigen	fedora-clang-libcxx	6212500	30891116296	2424917	13229888	951040544	3695374190	NA	0
4660	4	eigen	fedora-clang-libcxx	6215178	30897331474	2424932	13229888	951227748	3696107862	NA	0
4661	4	eigen	fedora-clang-libcxx	6218969	30903550443	2424947	13229888	951415073	3696841986	NA	0
4662	4	eigen	fedora-clang-libcxx	6093768	30909644211	2424962	13229888	951599314	3697560642	NA	0
4663	4	eigen	fedora-clang-libcxx	6097559	30915741770	2424977	13229888	951783666	3698279756	NA	0
4664	4	eigen	fedora-clang-libcxx	6229186	30921970956	2424992	13229888	951973251	3699013021	NA	0
4665	4	eigen	fedora-clang-libcxx	6269550	30928240506	2425007	13229888	952163301	3699749841	NA	0
4666	4	eigen	fedora-clang-libcxx	6268202	30934508708	2425022	13229888	952353333	3700486508	NA	0
4667	4	eigen	fedora-clang-libcxx	6257478	30940766186	2425037	13229888	952543439	3701222579	NA	0
4668	4	eigen	fedora-clang-libcxx	6256891	30947023077	2425052	13559332	952733540	3701958585	NA	1
4669	4	eigen	fedora-clang-libcxx	6257003	30953280080	2425067	13559332	952923645	3702694619	NA	0
4670	4	eigen	fedora-clang-libcxx	6256858	30959536938	2425082	13559332	953113750	3703430642	NA	0
4671	4	eigen	fedora-clang-libcxx	6257003	30965793941	2425097	13559332	953303857	3704166677	NA	0
4672	4	eigen	fedora-clang-libcxx	6256821	30972050762	2425112	13559332	953493963	3704902684	NA	0
4673	4	eigen	fedora-clang-libcxx	6257055	30978307817	2425127	13559332	953684066	3705638726	NA	0
4674	4	eigen	fedora-clang-libcxx	6256797	30984564614	2425142	13559332	953874169	3706374726	NA	0
4675	4	eigen	fedora-clang-libcxx	6208759	30990773373	2425157	13559332	954063530	3707106092	NA	0
4676	4	eigen	fedora-clang-libcxx	6231592	30997004965	2425172	13559332	954253022	3707839184	NA	0
4677	4	eigen	fedora-clang-libcxx	6238861	31003243826	2425187	13559332	954442670	3708573264	NA	0
4678	4	eigen	fedora-clang-libcxx	6238850	31009482676	2425202	13559332	954632321	3709307343	NA	0
4679	4	eigen	fedora-clang-libcxx	6238850	31015721526	2425217	13559332	954821972	3710041426	NA	0
4680	4	eigen	fedora-clang-libcxx	6238934	31021960460	2425232	13559332	955011623	3710775518	NA	0
4681	4	eigen	fedora-clang-libcxx	6238938	31028199398	2425247	13559332	955201274	3711509621	NA	0
4682	4	eigen	fedora-clang-libcxx	6238907	31034438305	2425262	13559332	955390925	3712243720	NA	0
4683	4	eigen	fedora-clang-libcxx	6238907	31040677212	2425277	13559332	955580577	3712977818	NA	0
4684	4	eigen	fedora-clang-libcxx	6238938	31046916150	2425292	13559332	955770229	3713711921	NA	0
4685	4	eigen	fedora-clang-libcxx	6238907	31053155057	2425307	13559332	955959882	3714446021	NA	0
4686	4	eigen	fedora-clang-libcxx	6238908	31059393965	2425322	13559332	956149532	3715180120	NA	0
4687	4	eigen	fedora-clang-libcxx	6239017	31065632982	2425337	13559332	956339184	3715914222	NA	0
4688	4	eigen	fedora-clang-libcxx	6239347	31071872329	2425352	13559332	956528834	3716648338	NA	0
4689	4	eigen	fedora-clang-libcxx	6233799	31078106128	2425367	13559332	956718362	3717381819	NA	0
4690	4	eigen	fedora-clang-libcxx	6233789	31084339917	2425382	13559332	956907890	3718115302	NA	0
4691	4	eigen	fedora-clang-libcxx	6233818	31090573735	2425397	13559332	957097419	3718848791	NA	0
4692	4	eigen	fedora-clang-libcxx	6233818	31096807553	2425412	13559332	957286948	3719582280	NA	0
4693	4	eigen	fedora-clang-libcxx	6233811	31103041364	2425427	13559332	957476477	3720315768	NA	0
4694	4	eigen	fedora-clang-libcxx	6233697	31109275061	2425442	13559332	957666006	3721049241	NA	0
4695	4	eigen	fedora-clang-libcxx	6233803	31115508864	2425457	13559332	957855534	3721782729	NA	0
4696	4	eigen	fedora-clang-libcxx	6233711	31121742575	2425472	13559332	958045063	3722516200	NA	0
4697	4	eigen	fedora-clang-libcxx	6233671	31127976246	2425487	13559332	958234591	3723249660	NA	0
4698	4	eigen	fedora-clang-libcxx	6226647	31134202893	2425502	13559332	958423923	3723982191	NA	0
4699	4	eigen	fedora-clang-libcxx	6231955	31140434848	2425517	13559332	958613561	3724715637	NA	0
4700	4	eigen	fedora-clang-libcxx	6264986	31146699834	2425532	13559332	958803991	3725453846	NA	0
4701	4	eigen	fedora-clang-libcxx	6265042	31152964876	2425547	13559332	958994427	3726192051	NA	0
4702	4	eigen	fedora-clang-libcxx	6265042	31159229918	2425562	13559332	959184862	3726930261	NA	0
4703	4	eigen	fedora-clang-libcxx	6265161	31165495079	2425577	13559332	959375297	3727668480	NA	0
4704	4	eigen	fedora-clang-libcxx	6265177	31171760256	2425592	13559332	959565730	3728406708	NA	0
4705	4	eigen	fedora-clang-libcxx	6264987	31178025243	2425607	13559332	959756163	3729144927	NA	0
4706	4	eigen	fedora-clang-libcxx	6264987	31184290230	2425622	13559332	959946596	3729883137	NA	0
4707	4	eigen	fedora-clang-libcxx	6264964	31190555194	2425637	13559332	960137023	3730621338	NA	0
4708	4	eigen	fedora-clang-libcxx	6264972	31196820166	2425652	13559332	960327452	3731359543	NA	0
4709	4	eigen	fedora-clang-libcxx	6265308	31203085474	2425667	13559332	960517884	3732097786	NA	0
4710	4	eigen	fedora-clang-libcxx	6265322	31209350796	2425682	13559332	960708310	3732836039	NA	0
4711	4	eigen	fedora-clang-libcxx	6264972	31215615768	2425697	13559332	960898740	3733574241	NA	0
4712	4	eigen	fedora-clang-libcxx	6266077	31221881845	2425712	13559332	961089174	3734312555	NA	0
4713	4	eigen	fedora-clang-libcxx	6245684	31228127529	2425727	13559332	961279196	3735048035	NA	0
4714	4	eigen	fedora-clang-libcxx	6245673	31234373202	2425742	13559332	961469217	3735783508	NA	0
4715	4	eigen	fedora-clang-libcxx	6245673	31240618875	2425757	13559332	961659238	3736518984	NA	0
4716	4	eigen	fedora-clang-libcxx	6245678	31246864553	2425772	13559332	961849260	3737254462	NA	0
4717	4	eigen	fedora-clang-libcxx	6245713	31253110266	2425787	13559332	962039282	3737989949	NA	0
4718	4	eigen	fedora-clang-libcxx	6245678	31259355944	2425802	13559332	962229302	3738725423	NA	0
4719	4	eigen	fedora-clang-libcxx	6245763	31265601707	2425817	13559332	962419325	3739460910	NA	0
4720	4	eigen	fedora-clang-libcxx	6245675	31271847382	2425832	13559332	962609347	3740196384	NA	0
4721	4	eigen	fedora-clang-libcxx	6245678	31278093060	2425847	13559332	962799369	3740931858	NA	0
4722	4	eigen	fedora-clang-libcxx	6245674	31284338734	2425862	13559332	962989391	3741667335	NA	0
4723	4	eigen	fedora-clang-libcxx	6245670	31290584404	2425877	13559332	963179413	3742402805	NA	0
4724	4	eigen	fedora-clang-libcxx	6245841	31296830245	2425892	13559332	963369435	3743138296	NA	0
4725	4	eigen	fedora-clang-libcxx	6259907	31303090152	2425907	13559332	963559396	3743874464	NA	0
4726	4	eigen	fedora-clang-libcxx	6259935	31309350087	2425922	13559332	963749360	3744610646	NA	0
4727	4	eigen	fedora-clang-libcxx	6259935	31315610022	2425937	13559332	963939324	3745346831	NA	0
4728	4	eigen	fedora-clang-libcxx	6259896	31321869918	2425952	13559332	964129281	3746083001	NA	0
4729	4	eigen	fedora-clang-libcxx	6259945	31328129863	2425967	13559332	964319243	3746819185	NA	0
4730	4	eigen	fedora-clang-libcxx	6259944	31334389807	2425982	13559332	964509208	3747555369	NA	0
4731	4	eigen	fedora-clang-libcxx	6259945	31340649752	2425997	13559332	964699170	3748291553	NA	0
4732	4	eigen	fedora-clang-libcxx	6260074	31346909826	2426012	13559332	964889134	3749027744	NA	0
4733	4	eigen	fedora-clang-libcxx	6260147	31353169973	2426027	13559332	965079095	3749763944	NA	0
4734	4	eigen	fedora-clang-libcxx	6259917	31359429890	2426042	13559332	965269054	3750500115	NA	0
4735	4	eigen	fedora-clang-libcxx	6259902	31365689792	2426057	13559332	965459016	3751236280	NA	0
4736	4	eigen	fedora-clang-libcxx	6242290	31371932082	2426072	13559332	965648530	3751969985	NA	0
4737	4	eigen	fedora-clang-libcxx	6242268	31378174350	2426087	13559332	965838043	3752703683	NA	0
4738	4	eigen	fedora-clang-libcxx	6242290	31384416640	2426102	13559332	966027557	3753437393	NA	0
4739	4	eigen	fedora-clang-libcxx	6242175	31390658815	2426117	13559332	966217073	3754171081	NA	0
4740	4	eigen	fedora-clang-libcxx	6242176	31396900991	2426132	13559332	966406587	3754904763	NA	0
4741	4	eigen	fedora-clang-libcxx	6228658	31403129649	2426147	13559332	966596004	3755637650	NA	0
4742	4	eigen	fedora-clang-libcxx	6315303	31409444952	2426162	13559332	966786149	3756381231	NA	0
4743	4	eigen	fedora-clang-libcxx	6255545	31415700497	2426177	13559332	966976009	3757116836	NA	0
4744	4	eigen	fedora-clang-libcxx	6255545	31421956042	2426192	13559332	967165869	3757852441	NA	0
4745	4	eigen	fedora-clang-libcxx	6255448	31428211490	2426207	13559332	967355725	3758588025	NA	0
4746	4	eigen	fedora-clang-libcxx	6255448	31434466938	2426222	13559332	967545581	3759323608	NA	0
4747	4	eigen	fedora-clang-libcxx	6255458	31440722396	2426237	13559332	967735438	3760059191	NA	0
4748	4	eigen	fedora-clang-libcxx	6255659	31446978055	2426252	13559332	967925292	3760794793	NA	0
4749	4	eigen	fedora-clang-libcxx	6255794	31453233849	2426267	13559332	968115152	3761530418	NA	0
4750	4	eigen	fedora-clang-libcxx	6230412	31459464261	2426282	13559332	968304655	3762263514	NA	0
4751	4	eigen	fedora-clang-libcxx	6230412	31465694673	2426297	13559332	968494158	3762996611	NA	0
4752	4	eigen	fedora-clang-libcxx	6230416	31471925089	2426312	13559332	968683658	3763729709	NA	0
4753	4	eigen	fedora-clang-libcxx	6230416	31478155505	2426327	13735074	968873158	3764462807	NA	1
4754	4	eigen	fedora-clang-libcxx	6225054	31484380559	2426342	13735074	969062522	3765195165	NA	0
4755	4	eigen	fedora-clang-libcxx	6229808	31490610367	2426357	13735074	969251952	3765927918	NA	0
4756	4	eigen	fedora-clang-libcxx	6229809	31496840176	2426372	13735074	969441381	3766660670	NA	0
4757	4	eigen	fedora-clang-libcxx	6229823	31503069999	2426387	13735074	969630812	3767393426	NA	0
4758	4	eigen	fedora-clang-libcxx	6236990	31509306989	2426402	13735074	969820642	3768127516	NA	0
4759	4	eigen	fedora-clang-libcxx	6236880	31515543869	2426417	13735074	970010471	3768861583	NA	0
4760	4	eigen	fedora-clang-libcxx	6236883	31521780752	2426432	13735074	970200301	3769595646	NA	0
4761	4	eigen	fedora-clang-libcxx	6236923	31528017675	2426447	13735074	970390133	3770329713	NA	0
4762	4	eigen	fedora-clang-libcxx	6236926	31534254601	2426462	13735074	970579962	3771063780	NA	0
4763	4	eigen	fedora-clang-libcxx	6236764	31540491365	2426477	13735074	970769786	3771797826	NA	0
4764	4	eigen	fedora-clang-libcxx	6277948	31546769313	2426492	13735074	970960342	3772536587	NA	0
4765	4	eigen	fedora-clang-libcxx	6277947	31553047260	2426507	13735074	971150899	3773275356	NA	0
4766	4	eigen	fedora-clang-libcxx	6277950	31559325210	2426522	13735074	971341456	3774014129	NA	0
4767	4	eigen	fedora-clang-libcxx	6277937	31565603147	2426537	13735074	971532018	3774752903	NA	0
4768	4	eigen	fedora-clang-libcxx	6277937	31571881084	2426552	13735074	971722577	3775491679	NA	0
4769	4	eigen	fedora-clang-libcxx	6277937	31578159021	2426567	13735074	971913136	3776230454	NA	0
4770	4	eigen	fedora-clang-libcxx	6277950	31584436971	2426582	13735074	972103693	3776969226	NA	0
4771	4	eigen	fedora-clang-libcxx	6278154	31590715125	2426597	13735074	972294249	3777708037	NA	0
4772	4	eigen	fedora-clang-libcxx	6277938	31596993063	2426612	13735074	972484805	3778446812	NA	0
4773	4	eigen	fedora-clang-libcxx	6277938	31603271001	2426627	13735074	972675361	3779185586	NA	0
4774	4	eigen	fedora-clang-libcxx	6277938	31609548939	2426642	13735074	972865917	3779924361	NA	0
4775	4	eigen	fedora-clang-libcxx	6277939	31615826878	2426657	13735074	973056473	3780663132	NA	0
4776	4	eigen	fedora-clang-libcxx	6277939	31622104817	2426672	13735074	973247029	3781401905	NA	0
4777	4	eigen	fedora-clang-libcxx	6277939	31628382756	2426687	13735074	973437585	3782140678	NA	0
4778	4	eigen	fedora-clang-libcxx	6277953	31634660709	2426702	13735074	973628143	3782879455	NA	0
4779	4	eigen	fedora-clang-libcxx	6277953	31640938662	2426717	13735074	973818704	3783618233	NA	0
4780	4	eigen	fedora-clang-libcxx	6277953	31647216615	2426732	13735074	974009265	3784357014	NA	0
4781	4	eigen	fedora-clang-libcxx	6277954	31653494569	2426747	13735074	974199822	3785095792	NA	0
4782	4	eigen	fedora-clang-libcxx	6277954	31659772523	2426762	13735074	974390379	3785834567	NA	0
4783	4	eigen	fedora-clang-libcxx	6277954	31666050477	2426777	13735074	974580936	3786573344	NA	0
4784	4	eigen	fedora-clang-libcxx	6278197	31672328674	2426792	13735074	974771493	3787312145	NA	0
4785	4	eigen	fedora-clang-libcxx	6277937	31678606611	2426807	13735074	974962049	3788050913	NA	0
4786	4	eigen	fedora-clang-libcxx	6277949	31684884560	2426822	13735074	975152606	3788789693	NA	0
4787	4	eigen	fedora-clang-libcxx	6277950	31691162510	2426837	13735074	975343163	3789528471	NA	0
4788	4	eigen	fedora-clang-libcxx	6277955	31697440465	2426852	13735074	975533719	3790267252	NA	0
4789	4	eigen	fedora-clang-libcxx	6277959	31703718424	2426867	13735074	975724276	3791006037	NA	0
4790	4	eigen	fedora-clang-libcxx	6277950	31709996374	2426882	13735074	975914833	3791744806	NA	0
4791	4	eigen	fedora-clang-libcxx	6277951	31716274325	2426897	13735074	976105390	3792483574	NA	0
4792	4	eigen	fedora-clang-libcxx	6265889	31722540214	2426912	13735074	976295797	3793221550	NA	0
4793	4	eigen	fedora-clang-libcxx	6265944	31728806158	2426927	13735074	976486211	3793959530	NA	0
4794	4	eigen	fedora-clang-libcxx	6265812	31735071970	2426942	13735074	976676620	3794697497	NA	0
4795	4	eigen	fedora-clang-libcxx	6265851	31741337821	2426957	13735074	976867033	3795435472	NA	0
4796	4	eigen	fedora-clang-libcxx	6265871	31747603692	2426972	13735074	977057442	3796173452	NA	0
4797	4	eigen	fedora-clang-libcxx	6266288	31753869980	2426987	13735074	977247850	3796911451	NA	0
4798	4	eigen	fedora-clang-libcxx	6265851	31760135831	2427002	13735074	977438261	3797649429	NA	0
4799	4	eigen	fedora-clang-libcxx	6265872	31766401703	2427017	13735074	977628674	3798387406	NA	0
4800	4	eigen	fedora-clang-libcxx	6265915	31772667618	2427032	13735074	977819087	3799125394	NA	0
4801	4	eigen	fedora-clang-libcxx	6265917	31778933535	2427047	13735074	978009501	3799863378	NA	0
4802	4	eigen	fedora-clang-libcxx	6265893	31785199428	2427062	13735074	978199913	3800601366	NA	0
4803	4	eigen	fedora-clang-libcxx	6265866	31791465294	2427077	13735074	978390322	3801339345	NA	0
4804	4	eigen	fedora-clang-libcxx	6266028	31797731322	2427092	13735074	978580772	3802077233	NA	0
4805	4	eigen	fedora-clang-libcxx	6265969	31803997291	2427107	13735074	978771217	3802815115	NA	0
4806	4	eigen	fedora-clang-libcxx	6265916	31810263207	2427122	13735074	978961662	3803552992	NA	0
4807	4	eigen	fedora-clang-libcxx	6265916	31816529123	2427137	13735074	979152108	3804290869	NA	0
4808	4	eigen	fedora-clang-libcxx	6266053	31822795176	2427152	13735074	979342554	3805028746	NA	0
4809	4	eigen	fedora-clang-libcxx	6265825	31829061001	2427167	13735074	979532998	3805766599	NA	0
4810	4	eigen	fedora-clang-libcxx	6266011	31835327012	2427182	13735074	979723441	3806504469	NA	0
4811	4	eigen	fedora-clang-libcxx	6265831	31841592843	2427197	13735074	979913885	3807242322	NA	0
4812	4	eigen	fedora-clang-libcxx	6265835	31847858678	2427212	13735074	980104330	3807980176	NA	0
4813	4	eigen	fedora-clang-libcxx	6265835	31854124513	2427227	13735074	980294774	3808718023	NA	0
4814	4	eigen	fedora-clang-libcxx	6265829	31860390342	2427242	13735074	980485218	3809455872	NA	0
4815	4	eigen	fedora-clang-libcxx	6266124	31866656466	2427257	13735074	980675662	3810193740	NA	0
4816	4	eigen	fedora-clang-libcxx	6262104	31872918570	2427272	13735074	980865798	3810930173	NA	0
4817	4	eigen	fedora-clang-libcxx	6261998	31879180568	2427287	13735074	981055939	3811666593	NA	0
4818	4	eigen	fedora-clang-libcxx	6262020	31885442588	2427302	13735074	981246079	3812403018	NA	0
4819	4	eigen	fedora-clang-libcxx	6261998	31891704586	2427317	13735074	981436220	3813139436	NA	0
4820	4	eigen	fedora-clang-libcxx	6262019	31897966605	2427332	13735074	981626360	3813875862	NA	0
4821	4	eigen	fedora-clang-libcxx	6262146	31904228751	2427347	13735074	981816500	3814612313	NA	0
4822	4	eigen	fedora-clang-libcxx	6262056	31910490807	2427362	13735074	982006641	3815348749	NA	0
4823	4	eigen	fedora-clang-libcxx	6262133	31916752940	2427377	13735074	982196783	3816085195	NA	0
4824	4	eigen	fedora-clang-libcxx	6262231	31923015171	2427392	13735074	982386925	3816821653	NA	0
4825	4	eigen	fedora-clang-libcxx	6262320	31929277491	2427407	13735074	982577066	3817558094	NA	0
4826	4	eigen	fedora-clang-libcxx	6228752	31935506243	2427422	13735074	982766452	3818290770	NA	0
4827	4	eigen	fedora-clang-libcxx	6228752	31941734995	2427437	13735074	982955838	3819023443	NA	0
4828	4	eigen	fedora-clang-libcxx	6239019	31947974014	2427452	13735074	983145504	3819757428	NA	0
4829	4	eigen	fedora-clang-libcxx	6239535	31954213549	2427467	13735074	983335169	3820491457	NA	0
4830	4	eigen	fedora-clang-libcxx	6239226	31960452775	2427482	13735074	983524836	3821225453	NA	0
4831	4	eigen	fedora-clang-libcxx	6243595	31966696370	2427497	13735074	983714637	3821960303	NA	0
4832	4	eigen	fedora-clang-libcxx	6243584	31972939954	2427512	13735074	983904438	3822695148	NA	0
4833	4	eigen	fedora-clang-libcxx	6243584	31979183538	2427527	13735074	984094239	3823429996	NA	0
4834	4	eigen	fedora-clang-libcxx	6243672	31985427210	2427542	13735074	984284040	3824164869	NA	0
4835	4	eigen	fedora-clang-libcxx	6243633	31991670843	2427557	13735074	984473842	3824899739	NA	0
4836	4	eigen	fedora-clang-libcxx	6243633	31997914476	2427572	13735074	984663644	3825634607	NA	0
4837	4	eigen	fedora-clang-libcxx	6243584	32004158060	2427587	13735074	984853444	3826369458	NA	0
4838	4	eigen	fedora-clang-libcxx	6243593	32010401653	2427602	13860245	985043245	3827104310	NA	1
4839	4	eigen	fedora-clang-libcxx	6243594	32016645247	2427617	13860245	985233045	3827839169	NA	0
4840	4	eigen	fedora-clang-libcxx	6243595	32022888842	2427632	13860245	985422846	3828574021	NA	0
4841	4	eigen	fedora-clang-libcxx	6243592	32029132434	2427647	13860245	985612647	3829308870	NA	0
4842	4	eigen	fedora-clang-libcxx	6243599	32035376033	2427662	13860245	985802448	3830043725	NA	0
4843	4	eigen	fedora-clang-libcxx	6243582	32041619615	2427677	13860245	985992244	3830778576	NA	0
4844	4	eigen	fedora-clang-libcxx	6243601	32047863216	2427692	13860245	986182045	3831513433	NA	0
4845	4	eigen	fedora-clang-libcxx	6243602	32054106818	2427707	13860245	986371846	3832248287	NA	0
4846	4	eigen	fedora-clang-libcxx	6243615	32060350433	2427722	13860245	986561647	3832983146	NA	0
4847	4	eigen	fedora-clang-libcxx	6243616	32066594049	2427737	13860245	986751448	3833718005	NA	0
4848	4	eigen	fedora-clang-libcxx	6243789	32072837838	2427752	13860245	986941249	3834452874	NA	0
4849	4	eigen	fedora-clang-libcxx	6235931	32079073769	2427767	13860245	987130828	3835186566	NA	0
4850	4	eigen	fedora-clang-libcxx	6235765	32085309534	2427782	13860245	987320405	3835920227	NA	0
4851	4	eigen	fedora-clang-libcxx	6235577	32091545111	2427797	13860245	987509977	3836653846	NA	0
4852	4	eigen	fedora-clang-libcxx	6235549	32097780660	2427812	13860245	987699549	3837387456	NA	0
4853	4	eigen	fedora-clang-libcxx	6226000	32104006660	2427827	13860245	987888926	3838119951	NA	0
4854	4	eigen	fedora-clang-libcxx	6225989	32110232649	2427842	13860245	988078303	3838852440	NA	0
4855	4	eigen	fedora-clang-libcxx	6225994	32116458643	2427857	13860245	988267682	3839584937	NA	0
4856	4	eigen	fedora-clang-libcxx	6225994	32122684637	2427872	13860245	988457061	3840317438	NA	0
4857	4	eigen	fedora-clang-libcxx	6225996	32128910633	2427887	13860245	988646437	3841049936	NA	0
4858	4	eigen	fedora-clang-libcxx	6230978	32135141611	2427902	13860245	988835911	3841783120	NA	0
4859	4	eigen	fedora-clang-libcxx	6230995	32141372606	2427917	13860245	989025386	3842516310	NA	0
4860	4	eigen	fedora-clang-libcxx	6228483	32147601089	2427932	13860245	989214768	3843248952	NA	0
4861	4	eigen	fedora-clang-libcxx	6239678	32153840767	2427947	13860245	989404503	3843983286	NA	0
4862	4	eigen	fedora-clang-libcxx	6239730	32160080497	2427962	13860245	989594244	3844717625	NA	0
4863	4	eigen	fedora-clang-libcxx	6239475	32166319972	2427977	13860245	989783984	3845451930	NA	0
4864	4	eigen	fedora-clang-libcxx	6239616	32172559588	2427992	13860245	989973725	3846186272	NA	0
4865	4	eigen	fedora-clang-libcxx	6239707	32178799295	2428007	13860245	990163466	3846920620	NA	0
4866	4	eigen	fedora-clang-libcxx	6239482	32185038777	2428022	13860245	990353207	3847654927	NA	0
4867	4	eigen	fedora-clang-libcxx	6239486	32191278263	2428037	13860245	990542948	3848389236	NA	0
4868	4	eigen	fedora-clang-libcxx	6239474	32197517737	2428052	13860245	990732687	3849123541	NA	0
4869	4	eigen	fedora-clang-libcxx	6239477	32203757214	2428067	13860245	990922429	3849857847	NA	0
4870	4	eigen	fedora-clang-libcxx	6239476	32209996690	2428082	13860245	991112171	3850592154	NA	0
4871	4	eigen	fedora-clang-libcxx	6239475	32216236165	2428097	13860245	991301913	3851326456	NA	0
4872	4	eigen	fedora-clang-libcxx	6239566	32222475731	2428112	13860245	991491654	3852060765	NA	0
4873	4	eigen	fedora-clang-libcxx	6239566	32228715297	2428127	13860245	991681396	3852795073	NA	0
4874	4	eigen	fedora-clang-libcxx	6243803	32234959100	2428142	13860245	991871113	3853529381	NA	0
4875	4	eigen	fedora-clang-libcxx	6243759	32241202859	2428157	13860245	992060825	3854263690	NA	0
4876	4	eigen	fedora-clang-libcxx	6243995	32247446854	2428172	13860245	992250542	3854998030	NA	0
4877	4	eigen	fedora-clang-libcxx	6243969	32253690823	2428187	13860245	992440258	3855732362	NA	0
4878	4	eigen	fedora-clang-libcxx	6244021	32259934844	2428202	13860245	992629971	3856466719	NA	0
4879	4	eigen	fedora-clang-libcxx	6243721	32266178565	2428217	13860245	992819687	3857201033	NA	0
4880	4	eigen	fedora-clang-libcxx	6231681	32272410246	2428232	13860245	993009106	3857934728	NA	0
4881	4	eigen	fedora-clang-libcxx	6231681	32278641927	2428247	13860245	993198525	3858668424	NA	0
4882	4	eigen	fedora-clang-libcxx	6231687	32284873614	2428262	13860245	993387942	3859402113	NA	0
4883	4	eigen	fedora-clang-libcxx	6231834	32291105448	2428277	13860245	993577353	3860135802	NA	0
4884	4	eigen	fedora-clang-libcxx	6231452	32297336900	2428292	13860245	993766907	3860868751	NA	0
4885	4	eigen	fedora-clang-libcxx	6231441	32303568341	2428307	13860245	993956468	3861601701	NA	0
4886	4	eigen	fedora-clang-libcxx	6231440	32309799781	2428322	13860245	994146027	3862334649	NA	0
4887	4	eigen	fedora-clang-libcxx	6231440	32316031221	2428337	13860245	994335586	3863067594	NA	0
4888	4	eigen	fedora-clang-libcxx	6231544	32322262765	2428352	13860245	994525144	3863800560	NA	0
4889	4	eigen	fedora-clang-libcxx	6231449	32328494214	2428367	13860245	994714700	3864533507	NA	0
4890	4	eigen	fedora-clang-libcxx	6231441	32334725655	2428382	13860245	994904253	3865266449	NA	0
4891	4	eigen	fedora-clang-libcxx	6231449	32340957104	2428397	13860245	995093808	3865999398	NA	0
4892	4	eigen	fedora-clang-libcxx	6335260	32347292364	2428412	13860245	995285150	3866747616	NA	0
4893	4	eigen	fedora-clang-libcxx	6335240	32353627604	2428427	13860245	995476495	3867495827	NA	0
4894	4	eigen	fedora-clang-libcxx	6335240	32359962844	2428442	13860245	995667838	3868244042	NA	0
4895	4	eigen	fedora-clang-libcxx	6335218	32366298062	2428457	13860245	995859180	3868992261	NA	0
4896	4	eigen	fedora-clang-libcxx	6335217	32372633279	2428472	13860245	996050524	3869740485	NA	0
4897	4	eigen	fedora-clang-libcxx	6335551	32378968830	2428487	13860245	996241875	3870488755	NA	0
4898	4	eigen	fedora-clang-libcxx	6335464	32385304294	2428502	13860245	996433223	3871237022	NA	0
4899	4	eigen	fedora-clang-libcxx	6335379	32391639673	2428517	13860245	996624566	3871985274	NA	0
4900	4	eigen	fedora-clang-libcxx	6335258	32397974931	2428532	13860245	996815908	3872733495	NA	0
4901	4	eigen	fedora-clang-libcxx	6335258	32404310189	2428547	13860245	997007253	3873481718	NA	0
4902	4	eigen	fedora-clang-libcxx	6335431	32410645620	2428562	13860245	997198598	3874229964	NA	0
4903	4	eigen	fedora-clang-libcxx	6335384	32416981004	2428577	13860245	997389941	3874978219	NA	0
4904	4	eigen	fedora-clang-libcxx	6335347	32423316351	2428592	13860245	997581282	3875726471	NA	0
4905	4	eigen	fedora-clang-libcxx	6335166	32429651517	2428607	13860245	997772623	3876474672	NA	0
4906	4	eigen	fedora-clang-libcxx	6335158	32435986675	2428622	13860245	997963968	3877222866	NA	0
4907	4	eigen	fedora-clang-libcxx	6335158	32442321833	2428637	13860245	998155311	3877971065	NA	0
4908	4	eigen	fedora-clang-libcxx	6335211	32448657044	2428652	13860245	998346654	3878719278	NA	0
4909	4	eigen	fedora-clang-libcxx	6335176	32454992220	2428667	13860245	998537995	3879467483	NA	0
4910	4	eigen	fedora-clang-libcxx	6335180	32461327400	2428682	13860245	998729336	3880215694	NA	0
4911	4	eigen	fedora-clang-libcxx	6335218	32467662618	2428697	13860245	998920678	3880963917	NA	0
4912	4	eigen	fedora-clang-libcxx	6335218	32473997836	2428712	13860245	999112024	3881712144	NA	0
4913	4	eigen	fedora-clang-libcxx	6335152	32480332988	2428727	13860245	999303363	3882460341	NA	0
4914	4	eigen	fedora-clang-libcxx	6335150	32486668138	2428742	13860245	999494703	3883208537	NA	0
4915	4	eigen	fedora-clang-libcxx	6335152	32493003290	2428757	13860245	999686042	3883956729	NA	0
4916	4	eigen	fedora-clang-libcxx	6335151	32499338441	2428772	13860245	999877378	3884704924	NA	0
4917	4	eigen	fedora-clang-libcxx	6335155	32505673596	2428787	13860245	1000068718	3885453118	NA	0
4918	4	eigen	fedora-clang-libcxx	6335156	32512008752	2428802	13860245	1000260060	3886201312	NA	0
4919	4	eigen	fedora-clang-libcxx	6335161	32518343913	2428817	13860245	1000451401	3886949510	NA	0
4920	4	eigen	fedora-clang-libcxx	6335165	32524679078	2428832	13860245	1000642737	3887697709	NA	0
4921	4	eigen	fedora-clang-libcxx	6335588	32531014666	2428847	13860245	1000834078	3888445991	NA	0
4922	4	eigen	fedora-clang-libcxx	6335185	32537349851	2428862	13860245	1001025419	3889194208	NA	0
4923	4	eigen	fedora-clang-libcxx	6335186	32543685037	2428877	13883908	1001216760	3889942424	NA	1
4924	4	eigen	fedora-clang-libcxx	6335199	32550020236	2428892	13883908	1001408101	3890690640	NA	0
4925	4	eigen	fedora-clang-libcxx	6335200	32556355436	2428907	13883908	1001599442	3891438853	NA	0
4926	4	eigen	fedora-clang-libcxx	6335155	32562690591	2428922	13883908	1001790784	3892187048	NA	0
4927	4	eigen	fedora-clang-libcxx	6335155	32569025746	2428937	13883908	1001982126	3892935245	NA	0
4928	4	eigen	fedora-clang-libcxx	6335155	32575360901	2428952	13883908	1002173467	3893683446	NA	0
4929	4	eigen	fedora-clang-libcxx	6335155	32581696056	2428967	13883908	1002364809	3894431645	NA	0
4930	4	eigen	fedora-clang-libcxx	6335156	32588031212	2428982	13883908	1002556150	3895179842	NA	0
4931	4	eigen	fedora-clang-libcxx	6335161	32594366373	2428997	13883908	1002747491	3895928036	NA	0
4932	4	eigen	fedora-clang-libcxx	6263722	32600630095	2429012	13883908	1002936953	3896664127	NA	0
4933	4	eigen	fedora-clang-libcxx	6263476	32606893571	2429027	13883908	1003126415	3897400202	NA	0
4934	4	eigen	fedora-clang-libcxx	6263712	32613157283	2429042	13883908	1003315885	3898136283	NA	0
4935	4	eigen	fedora-clang-libcxx	6263716	32619420999	2429057	13883908	1003505353	3898872367	NA	0
4936	4	eigen	fedora-clang-libcxx	6263259	32625684258	2429072	13883908	1003694815	3899608405	NA	0
4937	4	eigen	fedora-clang-libcxx	6258140	32631942398	2429087	13883908	1003884742	3900344306	NA	0
4938	4	eigen	fedora-clang-libcxx	6258096	32638200494	2429102	13883908	1004074674	3901080199	NA	0
4939	4	eigen	fedora-clang-libcxx	6258023	32644458517	2429117	13883908	1004264607	3901816083	NA	0
4940	4	eigen	fedora-clang-libcxx	6258208	32650716725	2429132	13883908	1004454541	3902552023	NA	0
4941	4	eigen	fedora-clang-libcxx	6258461	32656975186	2429147	13883908	1004644474	3903287974	NA	0
4942	4	eigen	fedora-clang-libcxx	6258458	32663233644	2429162	13883908	1004834414	3904023925	NA	0
4943	4	eigen	fedora-clang-libcxx	6257855	32669491499	2429177	13883908	1005024345	3904759804	NA	0
4944	4	eigen	fedora-clang-libcxx	6257855	32675749354	2429192	13883908	1005214276	3905495683	NA	0
4945	4	eigen	fedora-clang-libcxx	6258413	32682007767	2429207	13883908	1005404215	3906231641	NA	0
4946	4	eigen	fedora-clang-libcxx	6230959	32688238726	2429222	13883908	1005593737	3906964880	NA	0
4947	4	eigen	fedora-clang-libcxx	6230948	32694469674	2429237	13883908	1005783259	3907698119	NA	0
4948	4	eigen	fedora-clang-libcxx	6230948	32700700622	2429252	13883908	1005972781	3908431359	NA	0
4949	4	eigen	fedora-clang-libcxx	6230948	32706931570	2429267	13883908	1006162303	3909164599	NA	0
4950	4	eigen	fedora-clang-libcxx	6230950	32713162520	2429282	13883908	1006351826	3909897838	NA	0
4951	4	eigen	fedora-clang-libcxx	6230951	32719393471	2429297	13883908	1006541348	3910631077	NA	0
4952	4	eigen	fedora-clang-libcxx	6231203	32725624674	2429312	13883908	1006730870	3911364346	NA	0
4953	4	eigen	fedora-clang-libcxx	6231218	32731855892	2429327	13883908	1006920392	3912097619	NA	0
4954	4	eigen	fedora-clang-libcxx	6270155	32738126047	2429342	13883908	1007111042	3912835085	NA	0
4955	4	eigen	fedora-clang-libcxx	6270082	32744396129	2429357	13883908	1007301690	3913572549	NA	0
4956	4	eigen	fedora-clang-libcxx	6270245	32750666374	2429372	13883908	1007492343	3914310037	NA	0
4957	4	eigen	fedora-clang-libcxx	6270075	32756936449	2429387	13883908	1007682991	3915047501	NA	0
4958	4	eigen	fedora-clang-libcxx	6270073	32763206522	2429402	13883908	1007873635	3915784963	NA	0
4959	4	eigen	fedora-clang-libcxx	6270051	32769476573	2429417	13883908	1008064291	3916522425	NA	0
4960	4	eigen	fedora-clang-libcxx	6270051	32775746624	2429432	13883908	1008254947	3917259887	NA	0
4961	4	eigen	fedora-clang-libcxx	6270047	32782016671	2429447	13883908	1008445598	3917997349	NA	0
4962	4	eigen	fedora-clang-libcxx	6270061	32788286732	2429462	13883908	1008636245	3918734809	NA	0
4963	4	eigen	fedora-clang-libcxx	6270063	32794556795	2429477	13883908	1008826898	3919472271	NA	0
4964	4	eigen	fedora-clang-libcxx	6270063	32800826858	2429492	13883908	1009017550	3920209733	NA	0
4965	4	eigen	fedora-clang-libcxx	6270053	32807096911	2429507	13883908	1009208197	3920947195	NA	0
4966	4	eigen	fedora-clang-libcxx	6270043	32813366954	2429522	13883908	1009398847	3921684657	NA	0
4967	4	eigen	fedora-clang-libcxx	6270077	32819637031	2429537	13883908	1009589494	3922422119	NA	0
4968	4	eigen	fedora-clang-libcxx	6270063	32825907094	2429552	13883908	1009780145	3923159583	NA	0
4969	4	eigen	fedora-clang-libcxx	6233247	32832140341	2429567	13883908	1009969763	3923893047	NA	0
4970	4	eigen	fedora-clang-libcxx	6233236	32838373577	2429582	13883908	1010159380	3924626509	NA	0
4971	4	eigen	fedora-clang-libcxx	6233382	32844606959	2429597	13883908	1010348998	3925359994	NA	0
4972	4	eigen	fedora-clang-libcxx	6233236	32850840195	2429612	13883908	1010538615	3926093457	NA	0
4973	4	eigen	fedora-clang-libcxx	6233286	32857073481	2429627	13883908	1010728234	3926826940	NA	0
4974	4	eigen	fedora-clang-libcxx	6233285	32863306766	2429642	13883908	1010917853	3927560420	NA	0
4975	4	eigen	fedora-clang-libcxx	6233286	32869540052	2429657	13883908	1011107472	3928293901	NA	0
4976	4	eigen	fedora-clang-libcxx	6233251	32875773303	2429672	13883908	1011297091	3929027367	NA	0
4977	4	eigen	fedora-clang-libcxx	6233344	32882006647	2429687	13883908	1011486710	3929760851	NA	0
4978	4	eigen	fedora-clang-libcxx	6233419	32888240066	2429702	13883908	1011676328	3930494330	NA	0
4979	4	eigen	fedora-clang-libcxx	6259285	32894499351	2429717	13883908	1011866424	3931230723	NA	0
4980	4	eigen	fedora-clang-libcxx	6259164	32900758515	2429732	13883908	1012056516	3931967101	NA	0
4981	4	eigen	fedora-clang-libcxx	6258998	32907017513	2429747	13883908	1012246612	3932703462	NA	0
4982	4	eigen	fedora-clang-libcxx	6259240	32913276753	2429762	13883908	1012436709	3933439879	NA	0
4983	4	eigen	fedora-clang-libcxx	6259226	32919535979	2429777	13883908	1012626806	3934176284	NA	0
4984	4	eigen	fedora-clang-libcxx	6258985	32925794964	2429792	13883908	1012816903	3934912637	NA	0
4985	4	eigen	fedora-clang-libcxx	6259110	32932054074	2429807	13883908	1013007000	3935649013	NA	0
4986	4	eigen	fedora-clang-libcxx	6258995	32938313069	2429822	13883908	1013197092	3936385368	NA	0
4987	4	eigen	fedora-clang-libcxx	6259722	32944572791	2429837	13883908	1013387193	3937121796	NA	0
4988	4	eigen	fedora-clang-libcxx	6259380	32950832171	2429852	13883908	1013577288	3937858191	NA	0
4989	4	eigen	fedora-clang-libcxx	6226073	32957058244	2429867	13883908	1013766648	3938590692	NA	0
4990	4	eigen	fedora-clang-libcxx	6257870	32963316114	2429882	13883908	1013956787	3939326515	NA	0
4991	4	eigen	fedora-clang-libcxx	6258668	32969574782	2429897	13883908	1014146974	3940062465	NA	0
4992	4	eigen	fedora-clang-libcxx	6258604	32975833386	2429912	13883908	1014337160	3940798398	NA	0
4993	4	eigen	fedora-clang-libcxx	6258593	32982091979	2429927	13883908	1014527346	3941534326	NA	0
4994	4	eigen	fedora-clang-libcxx	6258618	32988350597	2429942	13883908	1014717532	3942270265	NA	0
4995	4	eigen	fedora-clang-libcxx	6258685	32994609282	2429957	13883908	1014907718	3943006209	NA	0
4996	4	eigen	fedora-clang-libcxx	6258749	33000868031	2429972	13883908	1015097904	3943742153	NA	0
4997	4	eigen	fedora-clang-libcxx	6258602	33007126633	2429987	13883908	1015288091	3944478087	NA	0
4998	4	eigen	fedora-clang-libcxx	6258603	33013385236	2430002	13883908	1015478275	3945214021	NA	0
4999	4	eigen	fedora-clang-libcxx	6258596	33019643832	2430017	13883908	1015668461	3945949962	NA	0
5000	4	eigen	fedora-clang-libcxx	6259796	33025903628	2430032	13883908	1015858657	3946686007	NA	0
5001	4	eigen	fedora-clang-libcxx	6258601	33032162229	2430047	13883908	1016048843	3947421938	NA	0
5002	4	eigen	fedora-clang-libcxx	6229119	33038391348	2430062	13883908	1016238290	3948154690	NA	0
5003	4	eigen	fedora-clang-libcxx	6229055	33044620403	2430077	13883908	1016427737	3948887428	NA	0
5004	4	eigen	fedora-clang-libcxx	6229045	33050849448	2430092	13883908	1016617184	3949620163	NA	0
5005	4	eigen	fedora-clang-libcxx	6229049	33057078497	2430107	13883908	1016806631	3950352900	NA	0
5006	4	eigen	fedora-clang-libcxx	6229081	33063307578	2430122	13883908	1016996078	3951085641	NA	0
5007	4	eigen	fedora-clang-libcxx	6236456	33069544034	2430137	13883908	1017185736	3951819217	NA	0
5008	4	eigen	fedora-clang-libcxx	6236456	33075780490	2430152	14244078	1017375394	3952552794	NA	1
5009	4	eigen	fedora-clang-libcxx	6236445	33082016935	2430167	14244078	1017565050	3953286360	NA	0
5010	4	eigen	fedora-clang-libcxx	6236450	33088253385	2430182	14244078	1017754710	3954019934	NA	0
5011	4	eigen	fedora-clang-libcxx	6236450	33094489835	2430197	14244078	1017944370	3954753517	NA	0
5012	4	eigen	fedora-clang-libcxx	6236449	33100726284	2430212	14244078	1018134027	3955487098	NA	0
5013	4	eigen	fedora-clang-libcxx	6236482	33106962766	2430227	14244078	1018323684	3956220685	NA	0
5014	4	eigen	fedora-clang-libcxx	6236447	33113199213	2430242	14244078	1018513340	3956954258	NA	0
5015	4	eigen	fedora-clang-libcxx	6236455	33119435668	2430257	14244078	1018702992	3957687833	NA	0
5016	4	eigen	fedora-clang-libcxx	6234121	33125669789	2430272	14244078	1018892499	3958421243	NA	0
5017	4	eigen	fedora-clang-libcxx	6234122	33131903911	2430287	14244078	1019082006	3959154657	NA	0
5018	4	eigen	fedora-clang-libcxx	6234147	33138138058	2430302	14244078	1019271513	3959888076	NA	0
5019	4	eigen	fedora-clang-libcxx	6234148	33144372206	2430317	14244078	1019461020	3960621498	NA	0
5020	4	eigen	fedora-clang-libcxx	6234053	33150606259	2430332	14244078	1019650527	3961354910	NA	0
5021	4	eigen	fedora-clang-libcxx	6234054	33156840313	2430347	14244078	1019840034	3962088309	NA	0
5022	4	eigen	fedora-clang-libcxx	6234067	33163074380	2430362	14244078	1020029542	3962821720	NA	0
5023	4	eigen	fedora-clang-libcxx	6234068	33169308448	2430377	14244078	1020219050	3963555132	NA	0
5024	4	eigen	fedora-clang-libcxx	6234039	33175542487	2430392	14244078	1020408557	3964288532	NA	0
5025	4	eigen	fedora-clang-libcxx	6238735	33181781222	2430407	14244078	1020598077	3965022014	NA	0
5026	4	eigen	fedora-clang-libcxx	6238735	33188019957	2430422	14244078	1020787597	3965755492	NA	0
5027	4	eigen	fedora-clang-libcxx	6238736	33194258693	2430437	14244078	1020977118	3966488979	NA	0
5028	4	eigen	fedora-clang-libcxx	6238736	33200497429	2430452	14244078	1021166639	3967222467	NA	0
5029	4	eigen	fedora-clang-libcxx	6238761	33206736190	2430467	14244078	1021356161	3967955956	NA	0
5030	4	eigen	fedora-clang-libcxx	6238746	33212974936	2430482	14244078	1021545681	3968689442	NA	0
5031	4	eigen	fedora-clang-libcxx	6238754	33219213690	2430497	14244078	1021735200	3969422928	NA	0
5032	4	eigen	fedora-clang-libcxx	6232836	33225446526	2430512	14244078	1021924736	3970156368	NA	0
5033	4	eigen	fedora-clang-libcxx	6232836	33231679362	2430527	14244078	1022114272	3970889809	NA	0
5034	4	eigen	fedora-clang-libcxx	6232825	33237912187	2430542	14244078	1022303802	3971623239	NA	0
5035	4	eigen	fedora-clang-libcxx	6232830	33244145017	2430557	14244078	1022493335	3972356678	NA	0
5036	4	eigen	fedora-clang-libcxx	6232830	33250377847	2430572	14244078	1022682868	3973090110	NA	0
5037	4	eigen	fedora-clang-libcxx	6232862	33256610709	2430587	14244078	1022872401	3973823551	NA	0
5038	4	eigen	fedora-clang-libcxx	6232903	33262843612	2430602	14244078	1023061881	3974556880	NA	0
5039	4	eigen	fedora-clang-libcxx	6235703	33269079315	2430617	14244078	1023251364	3975290403	NA	0
5040	4	eigen	fedora-clang-libcxx	6233443	33275312758	2430632	14244078	1023440847	3976023818	NA	0
5041	4	eigen	fedora-clang-libcxx	6235831	33281548589	2430647	14244078	1023630330	3976757343	NA	0
5042	4	eigen	fedora-clang-libcxx	6233475	33287782064	2430662	14244078	1023819813	3977490757	NA	0
5043	4	eigen	fedora-clang-libcxx	6235959	33294018023	2430677	14244078	1024009296	3978224287	NA	0
5044	4	eigen	fedora-clang-libcxx	6233507	33300251530	2430692	14244078	1024198779	3978957702	NA	0
5045	4	eigen	fedora-clang-libcxx	6235735	33306487265	2430707	14244078	1024388264	3979691225	NA	0
5046	4	eigen	fedora-clang-libcxx	6233451	33312720716	2430722	14244078	1024577749	3980424642	NA	0
5047	4	eigen	fedora-clang-libcxx	6235863	33318956579	2430737	14244078	1024767234	3981158171	NA	0
5048	4	eigen	fedora-clang-libcxx	6233483	33325190062	2430752	14244078	1024956719	3981891589	NA	0
5049	4	eigen	fedora-clang-libcxx	6235991	33331426053	2430767	14244078	1025146204	3982625117	NA	0
5050	4	eigen	fedora-clang-libcxx	6233515	33337659568	2430782	14244078	1025335689	3983358534	NA	0
5051	4	eigen	fedora-clang-libcxx	6236151	33343895719	2430797	14244078	1025525172	3984092064	NA	0
5052	4	eigen	fedora-clang-libcxx	6233555	33350129274	2430812	14244078	1025714655	3984825485	NA	0
5053	4	eigen	fedora-clang-libcxx	6236279	33356365553	2430827	14244078	1025904138	3985559019	NA	0
5054	4	eigen	fedora-clang-libcxx	6233587	33362599140	2430842	14244078	1026093621	3986292441	NA	0
5055	4	eigen	fedora-clang-libcxx	6236407	33368835547	2430857	14244078	1026283104	3987025977	NA	0
5056	4	eigen	fedora-clang-libcxx	6233619	33375069166	2430872	14244078	1026472587	3987759400	NA	0
5057	4	eigen	fedora-clang-libcxx	6236183	33381305349	2430887	14244078	1026662070	3988492927	NA	0
5058	4	eigen	fedora-clang-libcxx	6233563	33387538912	2430902	14244078	1026851553	3989226346	NA	0
5059	4	eigen	fedora-clang-libcxx	6236311	33393775223	2430917	14244078	1027041036	3989959872	NA	0
5060	4	eigen	fedora-clang-libcxx	6233595	33400008818	2430932	14244078	1027230519	3990693292	NA	0
5061	4	eigen	fedora-clang-libcxx	6236439	33406245257	2430947	14244078	1027420002	3991426822	NA	0
5062	4	eigen	fedora-clang-libcxx	6233627	33412478884	2430962	14244078	1027609485	3992160240	NA	0
5063	4	eigen	fedora-clang-libcxx	6253433	33418732317	2430977	14244078	1027799175	3992894998	NA	0
5064	4	eigen	fedora-clang-libcxx	6253434	33424985751	2430992	14244078	1027988865	3993629755	NA	0
5065	4	eigen	fedora-clang-libcxx	6253459	33431239210	2431007	14244078	1028178556	3994364521	NA	0
5066	4	eigen	fedora-clang-libcxx	6253471	33437492681	2431022	14244078	1028368247	3995099291	NA	0
5067	4	eigen	fedora-clang-libcxx	6253365	33443746046	2431037	14244078	1028557937	3995834045	NA	0
5068	4	eigen	fedora-clang-libcxx	6253366	33449999412	2431052	14244078	1028747627	3996568796	NA	0
5069	4	eigen	fedora-clang-libcxx	6253379	33456252791	2431067	14244078	1028937317	3997303554	NA	0
5070	4	eigen	fedora-clang-libcxx	6253380	33462506171	2431082	14244078	1029127007	3998038313	NA	0
5071	4	eigen	fedora-clang-libcxx	6253346	33468759517	2431097	14244078	1029316697	3998773058	NA	0
5072	4	eigen	fedora-clang-libcxx	6253346	33475012863	2431112	14244078	1029506387	3999507803	NA	0
5073	4	eigen	fedora-clang-libcxx	6253359	33481266222	2431127	14244078	1029696074	4000242552	NA	0
5074	4	eigen	fedora-clang-libcxx	6253345	33487519567	2431142	14244078	1029885768	4000977299	NA	0
5075	4	eigen	fedora-clang-libcxx	6253345	33493772912	2431157	14244078	1030075462	4001712045	NA	0
5076	4	eigen	fedora-clang-libcxx	6253345	33500026257	2431172	14244078	1030265156	4002446787	NA	0
5077	4	eigen	fedora-clang-libcxx	6253350	33506279607	2431187	14244078	1030454846	4003181530	NA	0
5078	4	eigen	fedora-clang-libcxx	6253343	33512532950	2431202	14244078	1030644537	4003916270	NA	0
5079	4	eigen	fedora-clang-libcxx	6242210	33518775160	2431217	14244078	1030834064	4004650029	NA	0
5080	4	eigen	fedora-clang-libcxx	6242211	33525017371	2431232	14244078	1031023591	4005383788	NA	0
5081	4	eigen	fedora-clang-libcxx	6242229	33531259600	2431247	14244078	1031213118	4006117559	NA	0
5082	4	eigen	fedora-clang-libcxx	6242230	33537501830	2431262	14244078	1031402645	4006851329	NA	0
5083	4	eigen	fedora-clang-libcxx	6242216	33543744046	2431277	14244078	1031592172	4007585085	NA	0
5084	4	eigen	fedora-clang-libcxx	6242251	33549986297	2431292	14244078	1031781699	4008318844	NA	0
5085	4	eigen	fedora-clang-libcxx	6265896	33556252193	2431307	14244078	1031971390	4009054378	NA	0
5086	4	eigen	fedora-clang-libcxx	6265896	33562518089	2431322	14244078	1032161081	4009789907	NA	0
5087	4	eigen	fedora-clang-libcxx	6265897	33568783986	2431337	14244078	1032350772	4010525441	NA	0
5088	4	eigen	fedora-clang-libcxx	6265897	33575049883	2431352	14244078	1032540463	4011260970	NA	0
5089	4	eigen	fedora-clang-libcxx	6319036	33581368919	2431367	14244078	1032733554	4012010285	NA	0
5090	4	eigen	fedora-clang-libcxx	6319043	33587687962	2431382	14244078	1032926645	4012759601	NA	0
5091	4	eigen	fedora-clang-libcxx	6282078	33593970040	2431397	14244078	1033117222	4013498870	NA	0
5092	4	eigen	fedora-clang-libcxx	6282246	33600252286	2431412	14244078	1033307797	4014238182	NA	0
5093	4	eigen	fedora-clang-libcxx	6282105	33606534391	2431427	14431832	1033498372	4014977469	NA	1
5094	4	eigen	fedora-clang-libcxx	6282122	33612816513	2431442	14431832	1033688947	4015716767	NA	0
5095	4	eigen	fedora-clang-libcxx	6282121	33619098634	2431457	14431832	1033879523	4016456059	NA	0
5096	4	eigen	fedora-clang-libcxx	6282000	33625380634	2431472	14431832	1034070096	4017195310	NA	0
5097	4	eigen	fedora-clang-libcxx	6282103	33631662737	2431487	14431832	1034260674	4017934578	NA	0
5098	4	eigen	fedora-clang-libcxx	6282137	33637944874	2431502	14431832	1034451249	4018673853	NA	0
5099	4	eigen	fedora-clang-libcxx	6282101	33644226975	2431517	14431832	1034641824	4019413121	NA	0
5100	4	eigen	fedora-clang-libcxx	6282115	33650509090	2431532	14431832	1034832404	4020152399	NA	0
5101	4	eigen	fedora-clang-libcxx	6282481	33656791571	2431547	14431832	1035022980	4020891700	NA	0
5102	4	eigen	fedora-clang-libcxx	6282382	33663073953	2431562	14431832	1035213557	4021630985	NA	0
5103	4	eigen	fedora-clang-libcxx	6282093	33669356046	2431577	14431832	1035404132	4022370246	NA	0
5104	4	eigen	fedora-clang-libcxx	6240616	33675596662	2431592	14431832	1035593821	4023104467	NA	0
5105	4	eigen	fedora-clang-libcxx	6240605	33681837267	2431607	14431832	1035783514	4023838681	NA	0
5106	4	eigen	fedora-clang-libcxx	6240627	33688077894	2431622	14431832	1035973202	4024572905	NA	0
5107	4	eigen	fedora-clang-libcxx	6240675	33694318569	2431637	14431832	1036162894	4025307132	NA	0
5108	4	eigen	fedora-clang-libcxx	6240690	33700559259	2431652	14431832	1036352582	4026041365	NA	0
5109	4	eigen	fedora-clang-libcxx	6240743	33706800002	2431667	14431832	1036542271	4026775605	NA	0
5110	4	eigen	fedora-clang-libcxx	6240667	33713040669	2431682	14431832	1036731959	4027509842	NA	0
5111	4	eigen	fedora-clang-libcxx	6226132	33719266801	2431697	14431832	1036921373	4028242443	NA	0
5112	4	eigen	fedora-clang-libcxx	6266352	33725533153	2431712	14431832	1037111617	4028979281	NA	0
5113	4	eigen	fedora-clang-libcxx	6266510	33731799663	2431727	14431832	1037301867	4029716127	NA	0
5114	4	eigen	fedora-clang-libcxx	6266429	33738066092	2431742	14431832	1037492112	4030452983	NA	0
5115	4	eigen	fedora-clang-libcxx	6266340	33744332432	2431757	14431832	1037682357	4031189818	NA	0
5116	4	eigen	fedora-clang-libcxx	6266780	33750599212	2431772	14431832	1037872607	4031926706	NA	0
5117	4	eigen	fedora-clang-libcxx	6266456	33756865668	2431787	14431832	1038062851	4032663553	NA	0
5118	4	eigen	fedora-clang-libcxx	6266354	33763132022	2431802	14431832	1038253100	4033400387	NA	0
5119	4	eigen	fedora-clang-libcxx	6266534	33769398556	2431817	14431832	1038443351	4034137239	NA	0
5120	4	eigen	fedora-clang-libcxx	6266410	33775664966	2431832	14431832	1038633593	4034874081	NA	0
5121	4	eigen	fedora-clang-libcxx	7569886	33783234852	2431847	14431832	1038867488	4035801185	NA	0
5122	4	eigen	fedora-clang-libcxx	7569874	33790804726	2431862	14431832	1039101386	4036728288	NA	0
5123	4	eigen	fedora-clang-libcxx	7569967	33798374693	2431877	14431832	1039335284	4037655400	NA	0
5124	4	eigen	fedora-clang-libcxx	7569874	33805944567	2431892	14431832	1039569182	4038582505	NA	0
5125	4	eigen	fedora-clang-libcxx	7570706	33813515273	2431907	14431832	1039803079	4039509718	NA	0
5126	4	eigen	fedora-clang-libcxx	7570716	33821085989	2431922	14431832	1040036977	4040436928	NA	0
5127	4	eigen	fedora-clang-libcxx	7570185	33828656174	2431937	14431832	1040270877	4041364069	NA	0
5128	4	eigen	fedora-clang-libcxx	7570446	33836226620	2431952	14431832	1040504772	4042291250	NA	0
5129	4	eigen	fedora-clang-libcxx	7552460	33843779080	2431967	14431832	1040738182	4043215562	NA	0
5130	4	eigen	fedora-clang-libcxx	7552384	33851331464	2431982	14431832	1040971588	4044139870	NA	0
5131	4	eigen	fedora-clang-libcxx	7552396	33858883860	2431997	14431832	1041204996	4045064195	NA	0
5132	4	eigen	fedora-clang-libcxx	7552396	33866436256	2432012	14431832	1041438403	4045988501	NA	0
5133	4	eigen	fedora-clang-libcxx	7552314	33873988570	2432027	14431832	1041671811	4046912783	NA	0
5134	4	eigen	fedora-clang-libcxx	7552314	33881540884	2432042	14431832	1041905219	4047837064	NA	0
5135	4	eigen	fedora-clang-libcxx	6252170	33887793054	2432057	14431832	1042095107	4048572558	NA	0
5136	4	eigen	fedora-clang-libcxx	6252297	33894045351	2432072	14431832	1042284989	4049308087	NA	0
5137	4	eigen	fedora-clang-libcxx	6252173	33900297524	2432087	14431832	1042474877	4050043599	NA	0
5138	4	eigen	fedora-clang-libcxx	6252353	33906549877	2432102	14431832	1042664767	4050779144	NA	0
5139	4	eigen	fedora-clang-libcxx	6252290	33912802167	2432117	14431832	1042854655	4051514676	NA	0
5140	4	eigen	fedora-clang-libcxx	6252287	33919054454	2432132	14431832	1043044541	4052250218	NA	0
5141	4	eigen	fedora-clang-libcxx	6251947	33925306401	2432147	14431832	1043234423	4052985711	NA	0
5142	4	eigen	fedora-clang-libcxx	6252006	33931558407	2432162	14431832	1043424307	4053721213	NA	0
5143	4	eigen	fedora-clang-libcxx	6251908	33937810315	2432177	14431832	1043614189	4054456691	NA	0
5144	4	eigen	fedora-clang-libcxx	6231291	33944041606	2432192	14431832	1043803772	4055190070	NA	0
5145	4	eigen	fedora-clang-libcxx	6231292	33950272898	2432207	14431832	1043993359	4055923454	NA	0
5146	4	eigen	fedora-clang-libcxx	6231292	33956504190	2432222	14431832	1044182947	4056656842	NA	0
5147	4	eigen	fedora-clang-libcxx	6231292	33962735482	2432237	14431832	1044372535	4057390232	NA	0
5148	4	eigen	fedora-clang-libcxx	6231292	33968966774	2432252	14431832	1044562121	4058123618	NA	0
5149	4	eigen	fedora-clang-libcxx	6231308	33975198082	2432267	14431832	1044751704	4058857008	NA	0
5150	4	eigen	fedora-clang-libcxx	6231314	33981429396	2432282	14431832	1044941287	4059590389	NA	0
5151	4	eigen	fedora-clang-libcxx	6231307	33987660703	2432297	14431832	1045130870	4060323773	NA	0
5152	4	eigen	fedora-clang-libcxx	6231293	33993891996	2432312	14431832	1045320453	4061057148	NA	0
5153	4	eigen	fedora-clang-libcxx	6231283	34000123279	2432327	14431832	1045510036	4061790530	NA	0
5154	4	eigen	fedora-clang-libcxx	6232501	34006355780	2432342	14431832	1045699603	4062523968	NA	0
5155	4	eigen	fedora-clang-libcxx	6232489	34012588269	2432357	14431832	1045889169	4063257403	NA	0
5156	4	eigen	fedora-clang-libcxx	6232489	34018820758	2432372	14431832	1046078737	4063990844	NA	0
5157	4	eigen	fedora-clang-libcxx	6232585	34025053343	2432387	14431832	1046268303	4064724295	NA	0
5158	4	eigen	fedora-clang-libcxx	6232730	34031286073	2432402	14431832	1046457871	4065457750	NA	0
5159	4	eigen	fedora-clang-libcxx	6232494	34037518567	2432417	14431832	1046647438	4066191187	NA	0
5160	4	eigen	fedora-clang-libcxx	6232586	34043751153	2432432	14431832	1046837004	4066924643	NA	0
5161	4	eigen	fedora-clang-libcxx	6232490	34049983643	2432447	14431832	1047026571	4067658079	NA	0
5162	4	eigen	fedora-clang-libcxx	6235366	34056219009	2432462	14431832	1047216162	4068391759	NA	0
5163	4	eigen	fedora-clang-libcxx	6235252	34062454261	2432477	14431832	1047405753	4069125424	NA	0
5164	4	eigen	fedora-clang-libcxx	6235190	34068689451	2432492	14431832	1047595344	4069859077	NA	0
5165	4	eigen	fedora-clang-libcxx	6235191	34074924642	2432507	14431832	1047784937	4070592735	NA	0
5166	4	eigen	fedora-clang-libcxx	6235191	34081159833	2432522	14431832	1047974530	4071326394	NA	0
5167	4	eigen	fedora-clang-libcxx	6235174	34087395007	2432537	14431832	1048164123	4072060042	NA	0
5168	4	eigen	fedora-clang-libcxx	6235258	34093630265	2432552	14431832	1048353714	4072793700	NA	0
5169	4	eigen	fedora-clang-libcxx	6235260	34099865525	2432567	14431832	1048543306	4073527360	NA	0
5170	4	eigen	fedora-clang-libcxx	6235260	34106100785	2432582	14431832	1048732902	4074261014	NA	0
5171	4	eigen	fedora-clang-libcxx	6235178	34112335963	2432597	14431832	1048922494	4074994654	NA	0
5172	4	eigen	fedora-clang-libcxx	6235177	34118571140	2432612	14431832	1049112086	4075728303	NA	0
5173	4	eigen	fedora-clang-libcxx	6235180	34124806320	2432627	14431832	1049301676	4076461952	NA	0
5174	4	eigen	fedora-clang-libcxx	6383833	34131190153	2432642	14431832	1049496102	4077217815	NA	0
5175	4	eigen	fedora-clang-libcxx	6383833	34137573986	2432657	14579374	1049690525	4077973685	NA	1
5176	4	eigen	fedora-clang-libcxx	6383492	34143957478	2432672	14579374	1049884942	4078729516	NA	0
5177	4	eigen	fedora-clang-libcxx	6383292	34150340770	2432687	14579374	1050079362	4079485310	NA	0
5178	4	eigen	fedora-clang-libcxx	6383487	34156724257	2432702	14579374	1050273784	4080241130	NA	0
5179	4	eigen	fedora-clang-libcxx	6383351	34163107608	2432717	14579374	1050468205	4080996935	NA	0
5180	4	eigen	fedora-clang-libcxx	6383268	34169490876	2432732	14579374	1050662623	4081752732	NA	0
5181	4	eigen	fedora-clang-libcxx	6383268	34175874144	2432747	14579374	1050857044	4082508531	NA	0
5182	4	eigen	fedora-clang-libcxx	6383193	34182257337	2432762	14579374	1051051464	4083264321	NA	0
5183	4	eigen	fedora-clang-libcxx	6393490	34188650827	2432777	14579374	1051246210	4084021390	NA	0
5184	4	eigen	fedora-clang-libcxx	6393750	34195044577	2432792	14579374	1051440958	4084778487	NA	0
5185	4	eigen	fedora-clang-libcxx	6393319	34201437896	2432807	14579374	1051635700	4085535538	NA	0
5186	4	eigen	fedora-clang-libcxx	6392773	34207830669	2432822	14579374	1051830439	4086292528	NA	0
5187	4	eigen	fedora-clang-libcxx	6392775	34214223444	2432837	14579374	1052025178	4087049514	NA	0
5188	4	eigen	fedora-clang-libcxx	6392831	34220616275	2432852	14579374	1052219920	4087806509	NA	0
5189	4	eigen	fedora-clang-libcxx	6392747	34227009022	2432867	14579374	1052414660	4088563491	NA	0
5190	4	eigen	fedora-clang-libcxx	6392747	34233401769	2432882	14579374	1052609403	4089320475	NA	0
5191	4	eigen	fedora-clang-libcxx	6392674	34239794443	2432897	14579374	1052804141	4090077452	NA	0
5192	4	eigen	fedora-clang-libcxx	6240449	34246034892	2432912	14579374	1052993784	4090811401	NA	0
5193	4	eigen	fedora-clang-libcxx	6240449	34252275341	2432927	14579374	1053183429	4091545355	NA	0
5194	4	eigen	fedora-clang-libcxx	6240366	34258515707	2432942	14579374	1053373070	4092279297	NA	0
5195	4	eigen	fedora-clang-libcxx	6240529	34264756236	2432957	14579374	1053562713	4093013261	NA	0
5196	4	eigen	fedora-clang-libcxx	6240529	34270996765	2432972	14579374	1053752356	4093747233	NA	0
5197	4	eigen	fedora-clang-libcxx	6240532	34277237297	2432987	14579374	1053941996	4094481197	NA	0
5198	4	eigen	fedora-clang-libcxx	6240462	34283477759	2433002	14579374	1054131638	4095215149	NA	0
5199	4	eigen	fedora-clang-libcxx	6240876	34289718635	2433017	14579374	1054321284	4095949145	NA	0
5200	4	eigen	fedora-clang-libcxx	6350876	34296069511	2433032	14579374	1054515090	4096701573	NA	0
5201	4	eigen	fedora-clang-libcxx	6350878	34302420389	2433047	14579374	1054708899	4097454008	NA	0
5202	4	eigen	fedora-clang-libcxx	6350879	34308771268	2433062	14579374	1054902707	4098206447	NA	0
5203	4	eigen	fedora-clang-libcxx	6350926	34315122194	2433077	14579374	1055096513	4098958895	NA	0
5204	4	eigen	fedora-clang-libcxx	6350883	34321473077	2433092	14579374	1055290321	4099711333	NA	0
5205	4	eigen	fedora-clang-libcxx	6350883	34327823960	2433107	14579374	1055484129	4100463773	NA	0
5206	4	eigen	fedora-clang-libcxx	6350884	34334174844	2433122	14579374	1055677935	4101216213	NA	0
5207	4	eigen	fedora-clang-libcxx	6350878	34340525722	2433137	14579374	1055871744	4101968654	NA	0
5208	4	eigen	fedora-clang-libcxx	6350879	34346876601	2433152	14579374	1056065552	4102721092	NA	0
5209	4	eigen	fedora-clang-libcxx	6350879	34353227480	2433167	14579374	1056259358	4103473532	NA	0
5210	4	eigen	fedora-clang-libcxx	6350879	34359578359	2433182	14579374	1056453165	4104225971	NA	0
5211	4	eigen	fedora-clang-libcxx	6350878	34365929237	2433197	14579374	1056646969	4104978406	NA	0
5212	4	eigen	fedora-clang-libcxx	6350879	34372280116	2433212	14579374	1056840776	4105730842	NA	0
5213	4	eigen	fedora-clang-libcxx	6351338	34378631454	2433227	14579374	1057034582	4106483340	NA	0
5214	4	eigen	fedora-clang-libcxx	6351072	34384982526	2433242	14579374	1057228384	4107235802	NA	0
5215	4	eigen	fedora-clang-libcxx	7544987	34392527513	2433257	14579374	1057461570	4108159583	NA	0
5216	4	eigen	fedora-clang-libcxx	7544987	34400072500	2433272	14579374	1057694756	4109083365	NA	0
5217	4	eigen	fedora-clang-libcxx	7544986	34407617486	2433287	14579374	1057927942	4110007149	NA	0
5218	4	eigen	fedora-clang-libcxx	7544991	34415162477	2433302	14579374	1058161128	4110930941	NA	0
5219	4	eigen	fedora-clang-libcxx	7545006	34422707483	2433317	14579374	1058394314	4111854737	NA	0
5220	4	eigen	fedora-clang-libcxx	7544985	34430252468	2433332	14579374	1058627500	4112778518	NA	0
5221	4	eigen	fedora-clang-libcxx	7548927	34437801395	2433347	14579374	1058860792	4113702849	NA	0
5222	4	eigen	fedora-clang-libcxx	7548944	34445350339	2433362	14579374	1059094091	4114627200	NA	0
5223	4	eigen	fedora-clang-libcxx	7548939	34452899278	2433377	14579374	1059327390	4115551541	NA	0
5224	4	eigen	fedora-clang-libcxx	7548957	34460448235	2433392	14579374	1059560689	4116475890	NA	0
5225	4	eigen	fedora-clang-libcxx	7548931	34467997166	2433407	14579374	1059793989	4117400221	NA	0
5226	4	eigen	fedora-clang-libcxx	7548924	34475546090	2433422	14579374	1060027287	4118324551	NA	0
5227	4	eigen	fedora-clang-libcxx	7548032	34483094122	2433437	14579374	1060260532	4119248764	NA	0
5228	4	eigen	fedora-clang-libcxx	7548049	34490642171	2433452	14579374	1060493777	4120172998	NA	0
5229	4	eigen	fedora-clang-libcxx	7548057	34498190228	2433467	14579374	1060727022	4121097222	NA	0
5230	4	eigen	fedora-clang-libcxx	7548060	34505738288	2433482	14579374	1060960267	4122021449	NA	0
5231	4	eigen	fedora-clang-libcxx	7548038	34513286326	2433497	14579374	1061193512	4122945662	NA	0
5232	4	eigen	fedora-clang-libcxx	7691901	34520978227	2433512	14579374	1061431787	4123892551	NA	0
5233	4	eigen	fedora-clang-libcxx	7691901	34528670128	2433527	14579374	1061670064	4124839444	NA	0
5234	4	eigen	fedora-clang-libcxx	7691915	34536362043	2433542	14579374	1061908339	4125786341	NA	0
5235	4	eigen	fedora-clang-libcxx	7691998	34544054041	2433557	14579374	1062146614	4126733246	NA	0
5236	4	eigen	fedora-clang-libcxx	7692074	34551746115	2433572	14579374	1062384893	4127680164	NA	0
5237	4	eigen	fedora-clang-libcxx	7691890	34559438005	2433587	14579374	1062623170	4128627050	NA	0
5238	4	eigen	fedora-clang-libcxx	7692207	34567130212	2433602	14579374	1062861444	4129573973	NA	0
5239	4	eigen	fedora-clang-libcxx	7692823	34574823035	2433617	14579374	1063099723	4130520956	NA	0
5240	4	eigen	fedora-clang-libcxx	7692000	34582515035	2433632	14579374	1063338002	4131467861	NA	0
5241	4	eigen	fedora-clang-libcxx	7692211	34590207246	2433647	14579374	1063576280	4132414766	NA	0
5242	4	eigen	fedora-clang-libcxx	7691890	34597899136	2433662	14579374	1063814558	4133361648	NA	0
5243	4	eigen	fedora-clang-libcxx	7692552	34605591688	2433677	14579374	1064052842	4134308624	NA	0
5244	4	eigen	fedora-clang-libcxx	7693179	34613284867	2433692	14579374	1064291129	4135255659	NA	0
5245	4	eigen	fedora-clang-libcxx	7692300	34620977167	2433707	14579374	1064529406	4136202598	NA	0
5246	4	eigen	fedora-clang-libcxx	7692087	34628669254	2433722	14579374	1064767681	4137149513	NA	0
5247	4	eigen	fedora-clang-libcxx	7691891	34636361145	2433737	14579374	1065005956	4138096403	NA	0
5248	4	eigen	fedora-clang-libcxx	7692091	34644053236	2433752	14579374	1065244233	4139043334	NA	0
5249	4	eigen	fedora-clang-libcxx	7590031	34651643267	2433767	14579374	1065478725	4139973514	NA	0
5250	4	eigen	fedora-clang-libcxx	7590030	34659233297	2433782	14579374	1065713217	4140903692	NA	0
5251	4	eigen	fedora-clang-libcxx	7590034	34666823331	2433797	14579374	1065947709	4141833873	NA	0
5252	4	eigen	fedora-clang-libcxx	7590033	34674413364	2433812	14612181	1066182203	4142764056	NA	1
5253	4	eigen	fedora-clang-libcxx	7590033	34682003397	2433827	14612181	1066416697	4143694239	NA	0
5254	4	eigen	fedora-clang-libcxx	7590037	34689593434	2433842	14612181	1066651189	4144624420	NA	0
5255	4	eigen	fedora-clang-libcxx	7557368	34697150802	2433857	14612181	1066884686	4145549785	NA	0
5256	4	eigen	fedora-clang-libcxx	7558288	34704709090	2433872	14612181	1067118175	4146475280	NA	0
5257	4	eigen	fedora-clang-libcxx	7557392	34712266482	2433887	14612181	1067351671	4147400658	NA	0
5258	4	eigen	fedora-clang-libcxx	7557368	34719823850	2433902	14612181	1067585167	4148326034	NA	0
5259	4	eigen	fedora-clang-libcxx	7557281	34727381131	2433917	14612181	1067818663	4149251394	NA	0
5260	4	eigen	fedora-clang-libcxx	7556184	34734937315	2433932	14612181	1068052270	4150177194	NA	0
5261	4	eigen	fedora-clang-libcxx	7556192	34742493507	2433947	14612181	1068285877	4151103004	NA	0
5262	4	eigen	fedora-clang-libcxx	7556232	34750049739	2433962	14612181	1068519484	4152028832	NA	0
5263	4	eigen	fedora-clang-libcxx	7556182	34757605921	2433977	14612181	1068753095	4152954650	NA	0
5264	4	eigen	fedora-clang-libcxx	7556102	34765162023	2433992	14612181	1068986702	4153880449	NA	0
5265	4	eigen	fedora-clang-libcxx	7556209	34772718232	2434007	14612181	1069220312	4154806281	NA	0
5266	4	eigen	fedora-clang-libcxx	7546611	34780264843	2434022	14612181	1069453593	4155730328	NA	0
5267	4	eigen	fedora-clang-libcxx	7546870	34787811713	2434037	14612181	1069686878	4156654416	NA	0
5268	4	eigen	fedora-clang-libcxx	7546623	34795358336	2434052	14612181	1069920157	4157578471	NA	0
5269	4	eigen	fedora-clang-libcxx	7546611	34802904947	2434067	14612181	1070153438	4158502519	NA	0
5270	4	eigen	fedora-clang-libcxx	7546152	34810451099	2434082	14612181	1070386680	4159426469	NA	0
5271	4	eigen	fedora-clang-libcxx	7546152	34817997251	2434097	14612181	1070619922	4160350418	NA	0
5272	4	eigen	fedora-clang-libcxx	7546156	34825543407	2434112	14612181	1070853163	4161274369	NA	0
5273	4	eigen	fedora-clang-libcxx	7546158	34833089565	2434127	14612181	1071086404	4162198318	NA	0
5274	4	eigen	fedora-clang-libcxx	7553553	34840643118	2434142	14612181	1071319718	4163122956	NA	0
5275	4	eigen	fedora-clang-libcxx	7553755	34848196873	2434157	14612181	1071553032	4164047614	NA	0
5276	4	eigen	fedora-clang-libcxx	7553565	34855750438	2434172	14612181	1071786344	4164972258	NA	0
5277	4	eigen	fedora-clang-libcxx	7553553	34863303991	2434187	14612181	1072019658	4165896898	NA	0
5278	4	eigen	fedora-clang-libcxx	7553555	34870857546	2434202	14612181	1072252970	4166821536	NA	0
5279	4	eigen	fedora-clang-libcxx	6350210	34877207756	2434217	14612181	1072446793	4167573983	NA	0
5280	4	eigen	fedora-clang-libcxx	6350202	34883557958	2434232	14612181	1072640615	4168326439	NA	0
5281	4	eigen	fedora-clang-libcxx	6350205	34889908163	2434247	14612181	1072834439	4169078900	NA	0
5282	4	eigen	fedora-clang-libcxx	6350447	34896258610	2434262	14612181	1073028263	4169831389	NA	0
5283	4	eigen	fedora-clang-libcxx	6350113	34902608723	2434277	14612181	1073222086	4170583831	NA	0
5284	4	eigen	fedora-clang-libcxx	6350230	34908958953	2434292	14612181	1073415908	4171336286	NA	0
5285	4	eigen	fedora-clang-libcxx	6350228	34915309181	2434307	14612181	1073609730	4172088754	NA	0
5286	4	eigen	fedora-clang-libcxx	6402113	34921711294	2434322	14612181	1073804727	4172847525	NA	0
5287	4	eigen	fedora-clang-libcxx	6402134	34928113428	2434337	14612181	1073999723	4173606305	NA	0
5288	4	eigen	fedora-clang-libcxx	6402139	34934515567	2434352	14612181	1074194720	4174365084	NA	0
5289	4	eigen	fedora-clang-libcxx	6402118	34940917685	2434367	14612181	1074389720	4175123843	NA	0
5290	4	eigen	fedora-clang-libcxx	6402117	34947319802	2434382	14612181	1074584717	4175882608	NA	0
5291	4	eigen	fedora-clang-libcxx	6402116	34953721918	2434397	14612181	1074779717	4176641374	NA	0
5292	4	eigen	fedora-clang-libcxx	6402116	34960124034	2434412	14612181	1074974714	4177400150	NA	0
5293	4	eigen	fedora-clang-libcxx	6402116	34966526150	2434427	14612181	1075169711	4178158925	NA	0
5294	4	eigen	fedora-clang-libcxx	6402127	34972928277	2434442	14612181	1075364708	4178917700	NA	0
5295	4	eigen	fedora-clang-libcxx	6402128	34979330405	2434457	14612181	1075559707	4179676482	NA	0
5296	4	eigen	fedora-clang-libcxx	6402128	34985732533	2434472	14612181	1075754706	4180435263	NA	0
5297	4	eigen	fedora-clang-libcxx	6402166	34992134699	2434487	14612181	1075949703	4181194056	NA	0
5298	4	eigen	fedora-clang-libcxx	6402166	34998536865	2434502	14612181	1076144700	4181952851	NA	0
5299	4	eigen	fedora-clang-libcxx	6402130	35004938995	2434517	14612181	1076339697	4182711641	NA	0
5300	4	eigen	fedora-clang-libcxx	6402132	35011341127	2434532	14612181	1076534694	4183470431	NA	0
5301	4	eigen	fedora-clang-libcxx	6402130	35017743257	2434547	14612181	1076729690	4184229217	NA	0
5302	4	eigen	fedora-clang-libcxx	6402138	35024145395	2434562	14612181	1076924687	4184988002	NA	0
5303	4	eigen	fedora-clang-libcxx	6402138	35030547533	2434577	14612181	1077119684	4185746789	NA	0
5304	4	eigen	fedora-clang-libcxx	6402145	35036949678	2434592	14612181	1077314682	4186505563	NA	0
5305	4	eigen	fedora-clang-libcxx	6402319	35043351997	2434607	14612181	1077509682	4187264360	NA	0
5306	4	eigen	fedora-clang-libcxx	6402203	35049754200	2434622	14612181	1077704680	4188023157	NA	0
5307	4	eigen	fedora-clang-libcxx	6402319	35056156519	2434637	14612181	1077899678	4188781960	NA	0
5308	4	eigen	fedora-clang-libcxx	6402203	35062558722	2434652	14612181	1078094676	4189540757	NA	0
5309	4	eigen	fedora-clang-libcxx	6402100	35068960822	2434667	14612181	1078289673	4190299529	NA	0
5310	4	eigen	fedora-clang-libcxx	6402100	35075362922	2434682	14612181	1078484670	4191058302	NA	0
5311	4	eigen	fedora-clang-libcxx	6402125	35081765047	2434697	14612181	1078679667	4191817081	NA	0
5312	4	eigen	fedora-clang-libcxx	6402125	35088167172	2434712	14612181	1078874664	4192575866	NA	0
5313	4	eigen	fedora-clang-libcxx	6402160	35094569332	2434727	14612181	1079069662	4193334659	NA	0
5314	4	eigen	fedora-clang-libcxx	6402160	35100971492	2434742	14612181	1079264660	4194093453	NA	0
5315	4	eigen	fedora-clang-libcxx	6402268	35107373760	2434757	14612181	1079459656	4194852255	NA	0
5316	4	eigen	fedora-clang-libcxx	6402271	35113776031	2434772	14612181	1079654653	4195611057	NA	0
5317	4	eigen	fedora-clang-libcxx	6402106	35120178137	2434787	14612181	1079849649	4196369833	NA	0
5318	4	eigen	fedora-clang-libcxx	6402105	35126580242	2434802	14612181	1080044646	4197128605	NA	0
5319	4	eigen	fedora-clang-libcxx	6402102	35132982344	2434817	14612181	1080239643	4197887375	NA	0
5320	4	eigen	fedora-clang-libcxx	6402098	35139384442	2434832	14612181	1080434639	4198646144	NA	0
5321	4	eigen	fedora-clang-libcxx	6402100	35145786542	2434847	14612181	1080629636	4199404913	NA	0
5322	4	eigen	fedora-clang-libcxx	6402110	35152188652	2434862	14612181	1080824633	4200163685	NA	0
5323	4	eigen	fedora-clang-libcxx	6402110	35158590762	2434877	14612181	1081019630	4200922457	NA	0
5324	4	eigen	fedora-clang-libcxx	6402124	35164992886	2434892	14612181	1081214627	4201681231	NA	0
5325	4	eigen	fedora-clang-libcxx	6413056	35171405942	2434907	14612181	1081410128	4202442076	NA	0
5326	4	eigen	fedora-clang-libcxx	6413057	35177818999	2434922	14612181	1081605629	4203202920	NA	0
5327	4	eigen	fedora-clang-libcxx	6413059	35184232058	2434937	14612181	1081801130	4203963764	NA	0
5328	4	eigen	fedora-clang-libcxx	6413060	35190645118	2434952	14612181	1081996631	4204724612	NA	0
5329	4	eigen	fedora-clang-libcxx	6413496	35197058614	2434967	14612181	1082192133	4205485433	NA	0
5330	4	eigen	fedora-clang-libcxx	6415482	35203474096	2434982	14612181	1082387696	4206246636	NA	0
5331	4	eigen	fedora-clang-libcxx	6413654	35209887750	2434997	15108343	1082583216	4207007520	NA	1
5332	4	eigen	fedora-clang-libcxx	6412691	35216300441	2435012	15108343	1082778699	4207768183	NA	0
5333	4	eigen	fedora-clang-libcxx	6412691	35222713132	2435027	15108343	1082974182	4208528845	NA	0
5334	4	eigen	fedora-clang-libcxx	6412703	35229125835	2435042	15108343	1083169663	4209289519	NA	0
5335	4	eigen	fedora-clang-libcxx	6412703	35235538538	2435057	15108343	1083365144	4210050193	NA	0
5336	4	eigen	fedora-clang-libcxx	6412717	35241951255	2435072	15108343	1083560626	4210810864	NA	0
5337	4	eigen	fedora-clang-libcxx	6412702	35248363957	2435087	15108343	1083756108	4211571532	NA	0
5338	4	eigen	fedora-clang-libcxx	6412701	35254776658	2435102	15108343	1083951590	4212332196	NA	0
5339	4	eigen	fedora-clang-libcxx	6412708	35261189366	2435117	15108343	1084147072	4213092867	NA	0
5340	4	eigen	fedora-clang-libcxx	6412708	35267602074	2435132	15108343	1084342554	4213853546	NA	0
5341	4	eigen	fedora-clang-libcxx	6412710	35274014784	2435147	15108343	1084538036	4214614227	NA	0
5342	4	eigen	fedora-clang-libcxx	6412687	35280427471	2435162	15108343	1084733517	4215374890	NA	0
5343	4	eigen	fedora-clang-libcxx	6412687	35286840158	2435177	15108343	1084929000	4216135553	NA	0
5344	4	eigen	fedora-clang-libcxx	6412700	35293252858	2435192	15108343	1085124481	4216896218	NA	0
5345	4	eigen	fedora-clang-libcxx	6412711	35299665569	2435207	15108343	1085319963	4217656895	NA	0
5346	4	eigen	fedora-clang-libcxx	6412716	35306078285	2435222	15108343	1085515447	4218417579	NA	0
5347	4	eigen	fedora-clang-libcxx	6412716	35312491001	2435237	15108343	1085710931	4219178262	NA	0
5348	4	eigen	fedora-clang-libcxx	6412753	35318903754	2435252	15108343	1085906416	4219938943	NA	0
5349	4	eigen	fedora-clang-libcxx	6412753	35325316507	2435267	15108343	1086101901	4220699629	NA	0
5350	4	eigen	fedora-clang-libcxx	6412714	35331729221	2435282	15108343	1086297382	4221460312	NA	0
5351	4	eigen	fedora-clang-libcxx	6412716	35338141937	2435297	15108343	1086492866	4222220995	NA	0
5352	4	eigen	fedora-clang-libcxx	6412714	35344554651	2435312	15108343	1086688347	4222981671	NA	0
5353	4	eigen	fedora-clang-libcxx	6412868	35350967519	2435327	15108343	1086883830	4223742354	NA	0
5354	4	eigen	fedora-clang-libcxx	6412868	35357380387	2435342	15108343	1087079314	4224503048	NA	0
5355	4	eigen	fedora-clang-libcxx	6412906	35363793293	2435357	15108343	1087274799	4225263737	NA	0
5356	4	eigen	fedora-clang-libcxx	6412790	35370206083	2435372	15108343	1087470284	4226024427	NA	0
5357	4	eigen	fedora-clang-libcxx	6412906	35376618989	2435387	15108343	1087665768	4226785121	NA	0
5358	4	eigen	fedora-clang-libcxx	6412790	35383031779	2435402	15108343	1087861253	4227545814	NA	0
5359	4	eigen	fedora-clang-libcxx	6412690	35389444469	2435417	15108343	1088056735	4228306481	NA	0
5360	4	eigen	fedora-clang-libcxx	6412689	35395857158	2435432	15108343	1088252219	4229067145	NA	0
5361	4	eigen	fedora-clang-libcxx	6412686	35402269844	2435447	15108343	1088447701	4229827808	NA	0
5362	4	eigen	fedora-clang-libcxx	6412687	35408682531	2435462	15108343	1088643183	4230588469	NA	0
5363	4	eigen	fedora-clang-libcxx	6412729	35415095260	2435477	15108343	1088838665	4231349150	NA	0
5364	4	eigen	fedora-clang-libcxx	6412701	35421507961	2435492	15108343	1089034147	4232109816	NA	0
5365	4	eigen	fedora-clang-libcxx	6412702	35427920663	2435507	15108343	1089229628	4232870480	NA	0
5366	4	eigen	fedora-clang-libcxx	6239804	35434160467	2435522	15108343	1089419380	4233604930	NA	0
5367	4	eigen	fedora-clang-libcxx	6239803	35440400270	2435537	15108343	1089609132	4234339380	NA	0
5368	4	eigen	fedora-clang-libcxx	6239804	35446640074	2435552	15108343	1089798884	4235073830	NA	0
5369	4	eigen	fedora-clang-libcxx	6239803	35452879877	2435567	15108343	1089988636	4235808279	NA	0
5370	4	eigen	fedora-clang-libcxx	6239845	35459119722	2435582	15108343	1090178386	4236542747	NA	0
5371	4	eigen	fedora-clang-libcxx	6239846	35465359568	2435597	15108343	1090368136	4237277215	NA	0
5372	4	eigen	fedora-clang-libcxx	6239845	35471599413	2435612	15108343	1090557888	4238011683	NA	0
5373	4	eigen	fedora-clang-libcxx	6239804	35477839217	2435627	15108343	1090747638	4238746136	NA	0
5374	4	eigen	fedora-clang-libcxx	6240057	35484079274	2435642	15108343	1090937388	4239480626	NA	0
5375	4	eigen	fedora-clang-libcxx	6239814	35490319088	2435657	15108343	1091127139	4240215071	NA	0
5376	4	eigen	fedora-clang-libcxx	6239828	35496558916	2435672	15108343	1091316890	4240949521	NA	0
5377	4	eigen	fedora-clang-libcxx	6544689	35503103605	2435687	15108343	1091516965	4241730613	NA	0
5378	4	eigen	fedora-clang-libcxx	6544693	35509648298	2435702	15108343	1091717042	4242511699	NA	0
5379	4	eigen	fedora-clang-libcxx	6544655	35516192953	2435717	15108343	1091917106	4243292787	NA	0
5380	4	eigen	fedora-clang-libcxx	6544452	35522737405	2435732	15108343	1092117177	4244073853	NA	0
5381	4	eigen	fedora-clang-libcxx	6544460	35529281865	2435747	15108343	1092317246	4244854922	NA	0
5382	4	eigen	fedora-clang-libcxx	6544461	35535826326	2435762	15108343	1092517315	4245635988	NA	0
5383	4	eigen	fedora-clang-libcxx	6570903	35542397229	2435777	15108343	1092718112	4246420854	NA	0
5384	4	eigen	fedora-clang-libcxx	6570907	35548968136	2435792	15108343	1092918910	4247205718	NA	0
5385	4	eigen	fedora-clang-libcxx	6570570	35555538706	2435807	15108343	1093119707	4247990541	NA	0
5386	4	eigen	fedora-clang-libcxx	6540175	35562078881	2435822	15108343	1093319753	4248771078	NA	0
5387	4	eigen	fedora-clang-libcxx	6540176	35568619057	2435837	15108343	1093519800	4249551611	NA	0
5388	4	eigen	fedora-clang-libcxx	6541386	35575160443	2435852	15108343	1093719815	4250332505	NA	0
5389	4	eigen	fedora-clang-libcxx	6541476	35581701919	2435867	15108343	1093919830	4251113406	NA	0
5390	4	eigen	fedora-clang-libcxx	6541478	35588243397	2435882	15108343	1094119843	4251894310	NA	0
5391	4	eigen	fedora-clang-libcxx	6541401	35594784798	2435897	15108343	1094319856	4252675200	NA	0
5392	4	eigen	fedora-clang-libcxx	6559497	35601344295	2435912	15108343	1094520452	4253458705	NA	0
5393	4	eigen	fedora-clang-libcxx	6559446	35607903741	2435927	15108343	1094721048	4254242179	NA	0
5394	4	eigen	fedora-clang-libcxx	6559501	35614463242	2435942	15108343	1094921644	4255025687	NA	0
5395	4	eigen	fedora-clang-libcxx	6559446	35621022688	2435957	15108343	1095122240	4255809167	NA	0
5396	4	eigen	fedora-clang-libcxx	6559500	35627582188	2435972	15108343	1095322838	4256592680	NA	0
5397	4	eigen	fedora-clang-libcxx	6559446	35634141634	2435987	15108343	1095523435	4257376163	NA	0
5398	4	eigen	fedora-clang-libcxx	6559449	35640701083	2436002	15108343	1095724029	4258159646	NA	0
5399	4	eigen	fedora-clang-libcxx	6559446	35647260529	2436017	15108343	1095924625	4258943127	NA	0
5400	4	eigen	fedora-clang-libcxx	6559449	35653819978	2436032	15108343	1096125221	4259726604	NA	0
5401	4	eigen	fedora-clang-libcxx	6559505	35660379483	2436047	15108343	1096325817	4260510109	NA	0
5402	4	eigen	fedora-clang-libcxx	6559522	35666939005	2436062	15108343	1096526415	4261293618	NA	0
5403	4	eigen	fedora-clang-libcxx	6559452	35673498457	2436077	15108343	1096727011	4262077099	NA	0
5404	4	eigen	fedora-clang-libcxx	6559425	35680057882	2436092	15108343	1096927607	4262860573	NA	0
5405	4	eigen	fedora-clang-libcxx	6559425	35686617307	2436107	15108343	1097128203	4263644049	NA	0
5406	4	eigen	fedora-clang-libcxx	6544333	35693161640	2436122	15108343	1097328319	4264425408	NA	0
5407	4	eigen	fedora-clang-libcxx	6544518	35699706158	2436137	15108343	1097528437	4265206773	NA	0
5408	4	eigen	fedora-clang-libcxx	6544335	35706250493	2436152	15108343	1097728553	4265988123	NA	0
5409	4	eigen	fedora-clang-libcxx	6544279	35712794772	2436167	15108343	1097928667	4266769465	NA	0
5410	4	eigen	fedora-clang-libcxx	6544246	35719339018	2436182	15108343	1098128776	4267550798	NA	0
5411	4	eigen	fedora-clang-libcxx	7591158	35726930176	2436197	15108343	1098363159	4268480104	NA	0
5412	4	eigen	fedora-clang-libcxx	7591126	35734521302	2436212	15108343	1098597543	4269409414	NA	0
5413	4	eigen	fedora-clang-libcxx	7591119	35742112421	2436227	15257341	1098831926	4270338717	NA	1
5414	4	eigen	fedora-clang-libcxx	7591037	35749703458	2436242	15257341	1099066308	4271268021	NA	0
5415	4	eigen	fedora-clang-libcxx	7591053	35757294511	2436257	15257341	1099300691	4272197325	NA	0
5416	4	eigen	fedora-clang-libcxx	7591055	35764885566	2436272	15257341	1099535073	4273126625	NA	0
5417	4	eigen	fedora-clang-libcxx	7591131	35772476697	2436287	15257341	1099769457	4274055946	NA	0
5418	4	eigen	fedora-clang-libcxx	7591312	35780068009	2436302	15257341	1100003839	4274985268	NA	0
5419	4	eigen	fedora-clang-libcxx	7591045	35787659054	2436317	15257341	1100238223	4275914562	NA	0
5420	4	eigen	fedora-clang-libcxx	6546346	35794205400	2436332	15257341	1100438258	4276695760	NA	0
5421	4	eigen	fedora-clang-libcxx	6546347	35800751747	2436347	15257341	1100638296	4277476960	NA	0
5422	4	eigen	fedora-clang-libcxx	6546347	35807298094	2436362	15257341	1100838334	4278258159	NA	0
5423	4	eigen	fedora-clang-libcxx	6565753	35813863847	2436377	15257341	1101038938	4279041762	NA	0
5424	4	eigen	fedora-clang-libcxx	6565754	35820429601	2436392	15257341	1101239541	4279825366	NA	0
5425	4	eigen	fedora-clang-libcxx	6565754	35826995355	2436407	15257341	1101440144	4280608970	NA	0
5426	4	eigen	fedora-clang-libcxx	6565755	35833561110	2436422	15257341	1101640747	4281392576	NA	0
5427	4	eigen	fedora-clang-libcxx	6565842	35840126952	2436437	15257341	1101841350	4282176189	NA	0
5428	4	eigen	fedora-clang-libcxx	6565834	35846692786	2436452	15257341	1102041959	4282959808	NA	0
5429	4	eigen	fedora-clang-libcxx	6565872	35853258658	2436467	15257341	1102242563	4283743421	NA	0
5430	4	eigen	fedora-clang-libcxx	6565852	35859824510	2436482	15257341	1102443167	4284527040	NA	0
5431	4	eigen	fedora-clang-libcxx	6565834	35866390344	2436497	15257341	1102643776	4285310657	NA	0
5432	4	eigen	fedora-clang-libcxx	6565832	35872956176	2436512	15257341	1102844380	4286094267	NA	0
5433	4	eigen	fedora-clang-libcxx	6541155	35879497331	2436527	15257341	1103044422	4286874850	NA	0
5434	4	eigen	fedora-clang-libcxx	6540888	35886038219	2436542	15257341	1103244463	4287655401	NA	0
5435	4	eigen	fedora-clang-libcxx	6541084	35892579303	2436557	15257341	1103444498	4288435981	NA	0
5436	4	eigen	fedora-clang-libcxx	6540998	35899120301	2436572	15257341	1103644533	4289216534	NA	0
5437	4	eigen	fedora-clang-libcxx	6540902	35905661203	2436587	15257341	1103844568	4289997080	NA	0
5438	4	eigen	fedora-clang-libcxx	6548589	35912209792	2436602	15257341	1104044610	4290778014	NA	0
5439	4	eigen	fedora-clang-libcxx	6548322	35918758114	2436617	15257341	1104244652	4291558921	NA	0
5440	4	eigen	fedora-clang-libcxx	6548518	35925306632	2436632	15257341	1104444691	4292339854	NA	0
5441	4	eigen	fedora-clang-libcxx	6548420	35931855052	2436647	15257341	1104644732	4293120757	NA	0
5442	4	eigen	fedora-clang-libcxx	6548336	35938403388	2436662	15257341	1104844771	4293901655	NA	0
5443	4	eigen	fedora-clang-libcxx	6539910	35944943298	2436677	15257341	1105044786	4294682049	NA	0
5444	4	eigen	fedora-clang-libcxx	6539649	35951482947	2436692	15257341	1105244801	4295462413	NA	0
5445	4	eigen	fedora-clang-libcxx	6539841	35958022788	2436707	15257341	1105444815	4296242804	NA	0
5446	4	eigen	fedora-clang-libcxx	6539745	35964562533	2436722	15257341	1105644830	4297023162	NA	0
5447	4	eigen	fedora-clang-libcxx	6539663	35971102196	2436737	15257341	1105844844	4297803517	NA	0
5448	4	eigen	fedora-clang-libcxx	6548616	35977650812	2436752	15257341	1106044922	4298584626	NA	0
5449	4	eigen	fedora-clang-libcxx	6548355	35984199167	2436767	15257341	1106245000	4299365707	NA	0
5450	4	eigen	fedora-clang-libcxx	6548547	35990747714	2436782	15257341	1106445076	4300146813	NA	0
5451	4	eigen	fedora-clang-libcxx	6548451	35997296165	2436797	15257341	1106645155	4300927888	NA	0
5452	4	eigen	fedora-clang-libcxx	6548369	36003844534	2436812	15257341	1106845231	4301708958	NA	0
5453	4	eigen	fedora-clang-libcxx	6539975	36010384509	2436827	15257341	1107045251	4302489373	NA	0
5454	4	eigen	fedora-clang-libcxx	6539711	36016924220	2436842	15257341	1107245271	4303269759	NA	0
5455	4	eigen	fedora-clang-libcxx	6539905	36023464125	2436857	15257341	1107445287	4304050168	NA	0
5456	4	eigen	fedora-clang-libcxx	6539808	36030003933	2436872	15257341	1107645305	4304830547	NA	0
5457	4	eigen	fedora-clang-libcxx	6539725	36036543658	2436887	15257341	1107845321	4305610922	NA	0
5458	4	eigen	fedora-clang-libcxx	6547602	36043091260	2436902	15257341	1108045359	4306391790	NA	0
5459	4	eigen	fedora-clang-libcxx	6547338	36049638598	2436917	15257341	1108245398	4307172631	NA	0
5460	4	eigen	fedora-clang-libcxx	6547532	36056186130	2436932	15257341	1108445432	4307953496	NA	0
5461	4	eigen	fedora-clang-libcxx	6547435	36062733565	2436947	15257341	1108645468	4308734328	NA	0
5462	4	eigen	fedora-clang-libcxx	6547352	36069280917	2436962	15257341	1108845502	4309515158	NA	0
5463	4	eigen	fedora-clang-libcxx	7846641	36077127558	2436977	15257341	1109090741	4310486521	NA	0
5464	4	eigen	fedora-clang-libcxx	7846641	36084974199	2436992	15257341	1109335985	4311457881	NA	0
5465	4	eigen	fedora-clang-libcxx	7846641	36092820840	2437007	15257341	1109581232	4312429245	NA	0
5466	4	eigen	fedora-clang-libcxx	7846641	36100667481	2437022	15257341	1109826477	4313400616	NA	0
5467	4	eigen	fedora-clang-libcxx	7846641	36108514122	2437037	15257341	1110071717	4314371981	NA	0
5468	4	eigen	fedora-clang-libcxx	7846641	36116360763	2437052	15257341	1110316960	4315343349	NA	0
5469	4	eigen	fedora-clang-libcxx	7846641	36124207404	2437067	15257341	1110562203	4316314712	NA	0
5470	4	eigen	fedora-clang-libcxx	7846641	36132054045	2437082	15257341	1110807444	4317286074	NA	0
5471	4	eigen	fedora-clang-libcxx	7846753	36139900798	2437097	15257341	1111052682	4318257451	NA	0
5472	4	eigen	fedora-clang-libcxx	7846751	36147747549	2437112	15257341	1111297921	4319228831	NA	0
5473	4	eigen	fedora-clang-libcxx	7846629	36155594178	2437127	15257341	1111543160	4320200182	NA	0
5474	4	eigen	fedora-clang-libcxx	7846872	36163441050	2437142	15257341	1111788403	4321171575	NA	0
5475	4	eigen	fedora-clang-libcxx	7846872	36171287922	2437157	15257341	1112033646	4322142970	NA	0
5476	4	eigen	fedora-clang-libcxx	7846965	36179134887	2437172	15257341	1112278888	4323114371	NA	0
5477	4	eigen	fedora-clang-libcxx	7846845	36186981732	2437187	15257341	1112524129	4324085747	NA	0
5478	4	eigen	fedora-clang-libcxx	7846848	36194828580	2437202	15257341	1112769369	4325057121	NA	0
5479	4	eigen	fedora-clang-libcxx	7846626	36202675206	2437217	15257341	1113014608	4326028470	NA	0
5480	4	eigen	fedora-clang-libcxx	7848025	36210523231	2437232	15257341	1113259861	4326999944	NA	0
5481	4	eigen	fedora-clang-libcxx	7847513	36218370744	2437247	15257341	1113505111	4327971373	NA	0
5482	4	eigen	fedora-clang-libcxx	7906765	36226277509	2437262	15257341	1113751607	4328949386	NA	0
5483	4	eigen	fedora-clang-libcxx	7906469	36234183978	2437277	15257341	1113998110	4329927345	NA	0
5484	4	eigen	fedora-clang-libcxx	7906229	36242090207	2437292	15257341	1114244610	4330905293	NA	0
5485	4	eigen	fedora-clang-libcxx	7906249	36249996456	2437307	15257341	1114491110	4331883248	NA	0
5486	4	eigen	fedora-clang-libcxx	7906616	36257903072	2437322	15257341	1114737609	4332861264	NA	0
5487	4	eigen	fedora-clang-libcxx	7852529	36265755601	2437337	15257341	1114982975	4333833217	NA	0
5488	4	eigen	fedora-clang-libcxx	7852480	36273608081	2437352	15319527	1115228340	4334805171	NA	1
5489	4	eigen	fedora-clang-libcxx	7852472	36281460553	2437367	15319527	1115473703	4335777129	NA	0
5490	4	eigen	fedora-clang-libcxx	7852502	36289313055	2437382	15319527	1115719066	4336749086	NA	0
5491	4	eigen	fedora-clang-libcxx	7852343	36297165398	2437397	15319527	1115964429	4337721021	NA	0
5492	4	eigen	fedora-clang-libcxx	7852327	36305017725	2437412	15319527	1116209792	4338692944	NA	0
5493	4	eigen	fedora-clang-libcxx	7830285	36312848010	2437427	15319527	1116454529	4339662142	NA	0
5494	4	eigen	fedora-clang-libcxx	7830045	36320678055	2437442	15319527	1116699269	4340631311	NA	0
5495	4	eigen	fedora-clang-libcxx	7886114	36328564169	2437457	15319527	1116945247	4341605249	NA	0
5496	4	eigen	fedora-clang-libcxx	7885977	36336450146	2437472	15319527	1117191226	4342579176	NA	0
5497	4	eigen	fedora-clang-libcxx	7885853	36344335999	2437487	15319527	1117437205	4343553100	NA	0
5498	4	eigen	fedora-clang-libcxx	7885915	36352221914	2437502	15319527	1117683184	4344527019	NA	0
5499	4	eigen	fedora-clang-libcxx	7885899	36360107813	2437517	15319527	1117929161	4345500934	NA	0
5500	4	eigen	fedora-clang-libcxx	7923753	36368031566	2437532	15319527	1118177508	4346487396	NA	0
5501	4	eigen	fedora-clang-libcxx	7923754	36375955320	2437547	15319527	1118425855	4347473857	NA	0
5502	4	eigen	fedora-clang-libcxx	7923769	36383879089	2437562	15319527	1118674204	4348460325	NA	0
5503	4	eigen	fedora-clang-libcxx	7923872	36391802961	2437577	15319527	1118922554	4349446798	NA	0
5504	4	eigen	fedora-clang-libcxx	6979881	36398782842	2437592	15319527	1119132643	4350273868	NA	0
5505	4	eigen	fedora-clang-libcxx	6979733	36405762575	2437607	15319527	1119342731	4351100915	NA	0
5506	4	eigen	fedora-clang-libcxx	6979928	36412742503	2437622	15319527	1119552813	4351927983	NA	0
5507	4	eigen	fedora-clang-libcxx	6979881	36419722384	2437637	15319527	1119762902	4352755039	NA	0
5508	4	eigen	fedora-clang-libcxx	7830950	36427553334	2437652	15319527	1120007636	4353724104	NA	0
5509	4	eigen	fedora-clang-libcxx	7830882	36435384216	2437667	15319527	1120252371	4354693167	NA	0
5510	4	eigen	fedora-clang-libcxx	7837864	36443222080	2437682	15319527	1120497069	4355662425	NA	0
5511	4	eigen	fedora-clang-libcxx	7837879	36451059959	2437697	15319527	1120741767	4356631691	NA	0
5512	4	eigen	fedora-clang-libcxx	7853255	36458913214	2437712	15319527	1120987068	4357603068	NA	0
5513	4	eigen	fedora-clang-libcxx	7853269	36466766483	2437727	15319527	1121232371	4358574457	NA	0
5514	4	eigen	fedora-clang-libcxx	7853260	36474619743	2437742	15319527	1121477672	4359545842	NA	0
5515	4	eigen	fedora-clang-libcxx	7853255	36482472998	2437757	15319527	1121722973	4360517223	NA	0
5516	4	eigen	fedora-clang-libcxx	7853269	36490326267	2437772	15319527	1121968276	4361488610	NA	0
5517	4	eigen	fedora-clang-libcxx	7853260	36498179527	2437787	15319527	1122213577	4362459996	NA	0
5518	4	eigen	fedora-clang-libcxx	7853363	36506032890	2437802	15319527	1122458868	4363431493	NA	0
5519	4	eigen	fedora-clang-libcxx	7853377	36513886267	2437817	15319527	1122704159	4364403000	NA	0
5520	4	eigen	fedora-clang-libcxx	7853368	36521739635	2437832	15319527	1122949450	4365374507	NA	0
5521	4	eigen	fedora-clang-libcxx	7853366	36529593001	2437847	15319527	1123194741	4366346006	NA	0
5522	4	eigen	fedora-clang-libcxx	7853358	36537446359	2437862	15319527	1123440032	4367317499	NA	0
5523	4	eigen	fedora-clang-libcxx	7853487	36545299846	2437877	15319527	1123685352	4368289097	NA	0
5524	4	eigen	fedora-clang-libcxx	7853501	36553153347	2437892	15319527	1123930672	4369260706	NA	0
5525	4	eigen	fedora-clang-libcxx	7853492	36561006839	2437907	15319527	1124175992	4370232312	NA	0
5526	4	eigen	fedora-clang-libcxx	7853527	36568860366	2437922	15319527	1124421310	4371203916	NA	0
5527	4	eigen	fedora-clang-libcxx	7856886	36576717252	2437937	15319527	1124666813	4372176078	NA	0
5528	4	eigen	fedora-clang-libcxx	7856809	36584574061	2437952	15319527	1124912316	4373148241	NA	0
5529	4	eigen	fedora-clang-libcxx	7856800	36592430861	2437967	15319527	1125157819	4374120403	NA	0
5530	4	eigen	fedora-clang-libcxx	7856862	36600287723	2437982	15319527	1125403321	4375092569	NA	0
5531	4	eigen	fedora-clang-libcxx	7857159	36608144882	2437997	15319527	1125648823	4376064755	NA	0
5532	4	eigen	fedora-clang-libcxx	7852635	36615997517	2438012	15319527	1125894155	4377036332	NA	0
5533	4	eigen	fedora-clang-libcxx	7852649	36623850166	2438027	15319527	1126139488	4378007921	NA	0
5534	4	eigen	fedora-clang-libcxx	7852640	36631702806	2438042	15319527	1126384821	4378979506	NA	0
5535	4	eigen	fedora-clang-libcxx	7852614	36639555420	2438057	15319527	1126630153	4379951086	NA	0
5536	4	eigen	fedora-clang-libcxx	7852614	36647408034	2438072	15319527	1126875485	4380922664	NA	0
5537	4	eigen	fedora-clang-libcxx	7853875	36655261909	2438087	15319527	1127120794	4381894281	NA	0
5538	4	eigen	fedora-clang-libcxx	7853890	36663115799	2438102	15319527	1127366104	4382865903	NA	0
5539	4	eigen	fedora-clang-libcxx	7853918	36670969717	2438117	15319527	1127611414	4383837520	NA	0
5540	4	eigen	fedora-clang-libcxx	7853933	36678823650	2438132	15319527	1127856724	4384809143	NA	0
5541	4	eigen	fedora-clang-libcxx	7853877	36686677527	2438147	15319527	1128102034	4385780755	NA	0
5542	4	eigen	fedora-clang-libcxx	7860544	36694538071	2438162	15319527	1128347522	4386753086	NA	0
5543	4	eigen	fedora-clang-libcxx	7860559	36702398630	2438177	15319527	1128593011	4387725423	NA	0
5544	4	eigen	fedora-clang-libcxx	7860548	36710259178	2438192	15319527	1128838499	4388697755	NA	0
5545	4	eigen	fedora-clang-libcxx	7860563	36718119741	2438207	15319527	1129083988	4389670088	NA	0
5546	4	eigen	fedora-clang-libcxx	7860550	36725980291	2438222	15319527	1129329475	4390642419	NA	0
5547	4	eigen	fedora-clang-libcxx	7860546	36733840837	2438237	15319527	1129574965	4391614751	NA	0
5548	4	eigen	fedora-clang-libcxx	7860550	36741701387	2438252	15319527	1129820454	4392587080	NA	0
5549	4	eigen	fedora-clang-libcxx	7860565	36749561952	2438267	15319527	1130065943	4393559419	NA	0
5550	4	eigen	fedora-clang-libcxx	7860565	36757422517	2438282	15319527	1130311432	4394531757	NA	0
5551	4	eigen	fedora-clang-libcxx	7860547	36765283064	2438297	15319527	1130556921	4395504087	NA	0
5552	4	eigen	fedora-clang-libcxx	7860552	36773143616	2438312	15319527	1130802410	4396476413	NA	0
5553	4	eigen	fedora-clang-libcxx	7853156	36780996772	2438327	15319527	1131047726	4397448016	NA	0
5554	4	eigen	fedora-clang-libcxx	7853171	36788849943	2438342	15319527	1131293043	4398419627	NA	0
5555	4	eigen	fedora-clang-libcxx	7853173	36796703116	2438357	15319527	1131538360	4399391234	NA	0
5556	4	eigen	fedora-clang-libcxx	7853160	36804556276	2438372	15833032	1131783677	4400362840	NA	1
5557	4	eigen	fedora-clang-libcxx	7855774	36812412050	2438387	15833032	1132029091	4401334916	NA	0
5558	4	eigen	fedora-clang-libcxx	7855789	36820267839	2438402	15833032	1132274505	4402307005	NA	0
5559	4	eigen	fedora-clang-libcxx	7855784	36828123623	2438417	15833032	1132519917	4403279092	NA	0
5560	4	eigen	fedora-clang-libcxx	7855799	36835979422	2438432	15833032	1132765331	4404251184	NA	0
5561	4	eigen	fedora-clang-libcxx	7855785	36843835207	2438447	15833032	1133010745	4405223269	NA	0
5562	4	eigen	fedora-clang-libcxx	7855800	36851691007	2438462	15833032	1133256159	4406195357	NA	0
5563	4	eigen	fedora-clang-libcxx	7852817	36859543824	2438477	15833032	1133501326	4407166822	NA	0
5564	4	eigen	fedora-clang-libcxx	7852739	36867396563	2438492	15833032	1133746494	4408138273	NA	0
5565	4	eigen	fedora-clang-libcxx	7852819	36875249382	2438507	15833032	1133991659	4409109737	NA	0
5566	4	eigen	fedora-clang-libcxx	7850448	36883099830	2438522	15833032	1134236876	4410080849	NA	0
5567	4	eigen	fedora-clang-libcxx	7850463	36890950293	2438537	15833032	1134482094	4411051971	NA	0
5568	4	eigen	fedora-clang-libcxx	7850860	36898801153	2438552	15833032	1134727326	4412023106	NA	0
5569	4	eigen	fedora-clang-libcxx	7850875	36906652028	2438567	15833032	1134972558	4412994257	NA	0
5570	4	eigen	fedora-clang-libcxx	7850875	36914502903	2438582	15833032	1135217790	4413965399	NA	0
5571	4	eigen	fedora-clang-libcxx	7850675	36922353578	2438597	15833032	1135463011	4414936543	NA	0
5572	4	eigen	fedora-clang-libcxx	7850690	36930204268	2438612	15833032	1135708233	4415907697	NA	0
5573	4	eigen	fedora-clang-libcxx	7855420	36938059688	2438627	15833032	1135953599	4416879431	NA	0
5574	4	eigen	fedora-clang-libcxx	7855421	36945915109	2438642	15833032	1136198965	4417851168	NA	0
5575	4	eigen	fedora-clang-libcxx	7855435	36953770544	2438657	15833032	1136444332	4418822910	NA	0
5576	4	eigen	fedora-clang-libcxx	7855436	36961625980	2438672	15833032	1136689699	4419794654	NA	0
5577	4	eigen	fedora-clang-libcxx	7855444	36969481424	2438687	15833032	1136935066	4420766394	NA	0
5578	4	eigen	fedora-clang-libcxx	7855445	36977336869	2438702	15833032	1137180433	4421738132	NA	0
5579	4	eigen	fedora-clang-libcxx	7855446	36985192315	2438717	15833032	1137425800	4422709872	NA	0
5580	4	eigen	fedora-clang-libcxx	7855447	36993047762	2438732	15833032	1137671167	4423681608	NA	0
5581	4	eigen	fedora-clang-libcxx	7855436	37000903198	2438747	15833032	1137916534	4424653344	NA	0
5582	4	eigen	fedora-clang-libcxx	7855436	37008758634	2438762	15833032	1138161901	4425625082	NA	0
5583	4	eigen	fedora-clang-libcxx	7831348	37016589982	2438777	15833032	1138406742	4426594869	NA	0
5584	4	eigen	fedora-clang-libcxx	7831363	37024421345	2438792	15833032	1138651586	4427564666	NA	0
5585	4	eigen	fedora-clang-libcxx	7831362	37032252707	2438807	15833032	1138896430	4428534457	NA	0
5586	4	eigen	fedora-clang-libcxx	7831374	37040084081	2438822	15833032	1139141274	4429504237	NA	0
5587	4	eigen	fedora-clang-libcxx	7831357	37047915438	2438837	15833032	1139386118	4430474015	NA	0
5588	4	eigen	fedora-clang-libcxx	7831371	37055746809	2438852	15833032	1139630962	4431443794	NA	0
5589	4	eigen	fedora-clang-libcxx	7831375	37063578184	2438867	15833032	1139875806	4432413573	NA	0
5590	4	eigen	fedora-clang-libcxx	7831683	37071409867	2438882	15833032	1140120650	4433383403	NA	0
5591	4	eigen	fedora-clang-libcxx	7819005	37079228872	2438897	15833032	1140365169	4434351087	NA	0
5592	4	eigen	fedora-clang-libcxx	7819020	37087047892	2438912	15833032	1140609688	4435318778	NA	0
5593	4	eigen	fedora-clang-libcxx	7819002	37094866894	2438927	15833032	1140854208	4436286466	NA	0
5594	4	eigen	fedora-clang-libcxx	7819002	37102685896	2438942	15833032	1141098728	4437254147	NA	0
5595	4	eigen	fedora-clang-libcxx	6537571	37109223467	2438957	15833032	1141298718	4438034614	NA	0
5596	4	eigen	fedora-clang-libcxx	6537571	37115761038	2438972	15833032	1141498708	4438815076	NA	0
5597	4	eigen	fedora-clang-libcxx	6537579	37122298617	2438987	15833032	1141698699	4439595533	NA	0
5598	4	eigen	fedora-clang-libcxx	6537579	37128836196	2439002	15833032	1141898691	4440375992	NA	0
5599	4	eigen	fedora-clang-libcxx	6537579	37135373775	2439017	15833032	1142098683	4441156451	NA	0
5600	4	eigen	fedora-clang-libcxx	6537580	37141911355	2439032	15833032	1142298674	4441936913	NA	0
5601	4	eigen	fedora-clang-libcxx	6537580	37148448935	2439047	15833032	1142498665	4442717373	NA	0
5602	4	eigen	fedora-clang-libcxx	6537580	37154986515	2439062	15833032	1142698656	4443497834	NA	0
5603	4	eigen	fedora-clang-libcxx	6235278	37161221793	2439077	15833032	1142888163	4444231315	NA	0
5604	4	eigen	fedora-clang-libcxx	6235280	37167457073	2439092	15833032	1143077669	4444964794	NA	0
5605	4	eigen	fedora-clang-libcxx	6235268	37173692341	2439107	15833032	1143267181	4445698265	NA	0
5606	4	eigen	fedora-clang-libcxx	6235268	37179927609	2439122	15833032	1143456693	4446431739	NA	0
5607	4	eigen	fedora-clang-libcxx	6227440	37186155049	2439137	15833032	1143646098	4447164407	NA	0
5608	4	eigen	fedora-clang-libcxx	6232220	37192387269	2439152	15833032	1143835593	4447897572	NA	0
5609	4	eigen	fedora-clang-libcxx	7268275	37199655544	2439167	15833032	1144060816	4448792002	NA	0
5610	4	eigen	fedora-clang-libcxx	7268240	37206923784	2439182	15833032	1144286040	4449686431	NA	0
5611	4	eigen	fedora-clang-libcxx	7268278	37214192062	2439197	15833032	1144511264	4450580874	NA	0
5612	4	eigen	fedora-clang-libcxx	7268288	37221460350	2439212	15833032	1144736487	4451475314	NA	0
5613	4	eigen	fedora-clang-libcxx	7541398	37229001748	2439227	15833032	1144969658	4452398704	NA	0
5614	4	eigen	fedora-clang-libcxx	7541363	37236543111	2439242	15833032	1145202831	4453322092	NA	0
5615	4	eigen	fedora-clang-libcxx	7541401	37244084512	2439257	15833032	1145436003	4454245494	NA	0
5616	4	eigen	fedora-clang-libcxx	7541411	37251625923	2439272	15833032	1145669174	4455168894	NA	0
5617	4	eigen	fedora-clang-libcxx	6271908	37257897831	2439287	15833032	1145859330	4455906329	NA	0
5618	4	eigen	fedora-clang-libcxx	6227496	37264125327	2439302	15833032	1146048705	4456638904	NA	0
5619	4	eigen	fedora-clang-libcxx	6227168	37270352495	2439317	15833032	1146238124	4457371664	NA	0
5620	4	eigen	fedora-clang-libcxx	6227215	37276579710	2439332	15833032	1146427544	4458104433	NA	0
5621	4	eigen	fedora-clang-libcxx	6227042	37282806752	2439347	15833032	1146616963	4458837180	NA	0
5622	4	eigen	fedora-clang-libcxx	6263669	37289070421	2439362	15833032	1146807002	4459573474	NA	0
5623	4	eigen	fedora-clang-libcxx	6263679	37295334100	2439377	15833032	1146997036	4460309767	NA	0
5624	4	eigen	fedora-clang-libcxx	6263790	37301597890	2439392	15833032	1147187074	4461046094	NA	0
5625	4	eigen	fedora-clang-libcxx	6263670	37307861560	2439407	15833032	1147377112	4461782386	NA	0
5626	4	eigen	fedora-clang-libcxx	6263852	37314125412	2439422	15833032	1147567151	4462518699	NA	0
5627	4	eigen	fedora-clang-libcxx	6263730	37320389142	2439437	15833032	1147757190	4463255014	NA	0
5628	4	eigen	fedora-clang-libcxx	6263784	37326652926	2439452	15833032	1147947228	4463991327	NA	0
5629	4	eigen	fedora-clang-libcxx	6263664	37332916590	2439467	15833032	1148137266	4464727618	NA	0
5630	4	eigen	fedora-clang-libcxx	6263744	37339180334	2439482	15979231	1148327305	4465463934	NA	1
5631	4	eigen	fedora-clang-libcxx	6263850	37345444184	2439497	15979231	1148517343	4466200241	NA	0
5632	4	eigen	fedora-clang-libcxx	6226796	37351670980	2439512	15979231	1148706733	4466932827	NA	0
5633	4	eigen	fedora-clang-libcxx	6236106	37357907086	2439527	15979231	1148896376	4467666584	NA	0
5634	4	eigen	fedora-clang-libcxx	6236080	37364143166	2439542	15979231	1149086020	4468400302	NA	0
5635	4	eigen	fedora-clang-libcxx	6235860	37370379026	2439557	15979231	1149275660	4469134014	NA	0
5636	4	eigen	fedora-clang-libcxx	6235783	37376614809	2439572	15979231	1149465299	4469867729	NA	0
5637	4	eigen	fedora-clang-libcxx	6235828	37382850637	2439587	15979231	1149654934	4470601447	NA	0
5638	4	eigen	fedora-clang-libcxx	6230275	37389080912	2439602	15979231	1149845137	4471335877	NA	0
5639	4	eigen	fedora-clang-libcxx	6226300	37395307212	2439617	15979231	1150034574	4472068549	NA	0
5640	4	eigen	fedora-clang-libcxx	6228783	37401535995	2439632	15979231	1150224027	4472801303	NA	0
5641	4	eigen	fedora-clang-libcxx	6228785	37407764780	2439647	15979231	1150413478	4473534060	NA	0
5642	4	eigen	fedora-clang-libcxx	6228803	37413993583	2439662	15979231	1150602929	4474266823	NA	0
5643	4	eigen	fedora-clang-libcxx	6228797	37420222380	2439677	15979231	1150792380	4474999582	NA	0
5644	4	eigen	fedora-clang-libcxx	6228809	37426451189	2439692	15979231	1150981831	4475732345	NA	0
5645	4	eigen	fedora-clang-libcxx	6228821	37432680010	2439707	15979231	1151171283	4476465108	NA	0
5646	4	eigen	fedora-clang-libcxx	6228823	37438908833	2439722	15979231	1151360735	4477197871	NA	0
5647	4	eigen	fedora-clang-libcxx	6228845	37445137678	2439737	15979231	1151550186	4477930627	NA	0
5648	4	eigen	fedora-clang-libcxx	6267801	37451405479	2439752	15979231	1151739652	4478667637	NA	0
5649	4	eigen	fedora-clang-libcxx	6280830	37457686309	2439767	15979231	1151929161	4479405458	NA	0
5650	4	eigen	fedora-clang-libcxx	6225039	37463911348	2439782	15979231	1152118511	4480137828	NA	0
5651	4	eigen	fedora-clang-libcxx	6943574	37470854922	2439797	15979231	1152327846	4480961650	NA	0
5652	4	eigen	fedora-clang-libcxx	6260470	37477115392	2439812	15979231	1152517991	4481698095	NA	0
5653	4	eigen	fedora-clang-libcxx	6230177	37483345569	2439827	15979231	1152707542	4482431507	NA	0
5654	4	eigen	fedora-clang-libcxx	6230178	37489575747	2439842	15979231	1152897095	4483164916	NA	0
5655	4	eigen	fedora-clang-libcxx	6230178	37495805925	2439857	15979231	1153086648	4483898325	NA	0
5656	4	eigen	fedora-clang-libcxx	6230179	37502036104	2439872	15979231	1153276199	4484631738	NA	0
5657	4	eigen	fedora-clang-libcxx	6230170	37508266274	2439887	15979231	1153465749	4485365152	NA	0
5658	4	eigen	fedora-clang-libcxx	6230171	37514496445	2439902	15979231	1153655300	4486098564	NA	0
5659	4	eigen	fedora-clang-libcxx	6230183	37520726628	2439917	15979231	1153844851	4486831980	NA	0
5660	4	eigen	fedora-clang-libcxx	6230184	37526956812	2439932	15979231	1154034402	4487565394	NA	0
5661	4	eigen	fedora-clang-libcxx	6350753	37533307565	2439947	15979231	1154228175	4488317867	NA	0
5662	4	eigen	fedora-clang-libcxx	6350753	37539658318	2439962	15979231	1154421951	4489070343	NA	0
5663	4	eigen	fedora-clang-libcxx	6350753	37546009071	2439977	15979231	1154615724	4489822822	NA	0
5664	4	eigen	fedora-clang-libcxx	6350753	37552359824	2439992	15979231	1154809497	4490575303	NA	0
5665	4	eigen	fedora-clang-libcxx	6350754	37558710578	2440007	15979231	1155003268	4491327783	NA	0
5666	4	eigen	fedora-clang-libcxx	6350754	37565061332	2440022	15979231	1155197042	4492080264	NA	0
5667	4	eigen	fedora-clang-libcxx	6350754	37571412086	2440037	15979231	1155390816	4492832745	NA	0
5668	4	eigen	fedora-clang-libcxx	6350754	37577762840	2440052	15979231	1155584589	4493585223	NA	0
5669	4	eigen	fedora-clang-libcxx	6350769	37584113609	2440067	15979231	1155778360	4494337706	NA	0
5670	4	eigen	fedora-clang-libcxx	6350767	37590464376	2440082	15979231	1155972133	4495090186	NA	0
5671	4	eigen	fedora-clang-libcxx	6350769	37596815145	2440097	15979231	1156165903	4495842666	NA	0
5672	4	eigen	fedora-clang-libcxx	6350767	37603165912	2440112	15979231	1156359676	4496595145	NA	0
5673	4	eigen	fedora-clang-libcxx	6350803	37609516715	2440127	15979231	1156553446	4497347634	NA	0
5674	4	eigen	fedora-clang-libcxx	6350803	37615867518	2440142	15979231	1156747220	4498100128	NA	0
5675	4	eigen	fedora-clang-libcxx	6350804	37622218322	2440157	15979231	1156940994	4498852621	NA	0
5676	4	eigen	fedora-clang-libcxx	6350804	37628569126	2440172	15979231	1157134767	4499605112	NA	0
5677	4	eigen	fedora-clang-libcxx	6247211	37634816337	2440187	15979231	1157324576	4500339515	NA	0
5678	4	eigen	fedora-clang-libcxx	6247211	37641063548	2440202	15979231	1157514383	4501073920	NA	0
5679	4	eigen	fedora-clang-libcxx	6247203	37647310751	2440217	15979231	1157704179	4501808318	NA	0
5680	4	eigen	fedora-clang-libcxx	6247323	37653558074	2440232	15979231	1157893974	4502542717	NA	0
5681	4	eigen	fedora-clang-libcxx	6246568	37659804642	2440247	15979231	1158083765	4503277055	NA	0
5682	4	eigen	fedora-clang-libcxx	6247147	37666051789	2440262	15979231	1158273557	4504011441	NA	0
5683	4	eigen	fedora-clang-libcxx	6234645	37672286434	2440277	15979231	1158463031	4504744468	NA	0
5684	4	eigen	fedora-clang-libcxx	6950186	37679236620	2440292	15979231	1158672549	4505569101	NA	0
5685	4	eigen	fedora-clang-libcxx	7732595	37686969215	2440307	15979231	1158913644	4506523396	NA	0
5686	4	eigen	fedora-clang-libcxx	7732603	37694701818	2440322	15979231	1159154739	4507477693	NA	0
5687	4	eigen	fedora-clang-libcxx	7732663	37702434481	2440337	15979231	1159395834	4508432003	NA	0
5688	4	eigen	fedora-clang-libcxx	7732639	37710167120	2440352	15979231	1159636929	4509386312	NA	0
5689	4	eigen	fedora-clang-libcxx	6241704	37716408824	2440367	15979231	1159826766	4510121097	NA	0
5690	4	eigen	fedora-clang-libcxx	6224081	37722632905	2440382	15979231	1160016085	4510853187	NA	0
5691	4	eigen	fedora-clang-libcxx	6224081	37728856986	2440397	15979231	1160205404	4511585277	NA	0
5692	4	eigen	fedora-clang-libcxx	6224081	37735081067	2440412	15979231	1160394723	4512317367	NA	0
5693	4	eigen	fedora-clang-libcxx	6224081	37741305148	2440427	15979231	1160584042	4513049457	NA	0
5694	4	eigen	fedora-clang-libcxx	6224081	37747529229	2440442	15979231	1160773361	4513781547	NA	0
5695	4	eigen	fedora-clang-libcxx	6224081	37753753310	2440457	15979231	1160962680	4514513637	NA	0
5696	4	eigen	fedora-clang-libcxx	6314438	37760067748	2440472	15979231	1161155585	4515261513	NA	0
5697	4	eigen	fedora-clang-libcxx	6327276	37766395024	2440487	15979231	1161348525	4516010285	NA	0
5698	4	eigen	fedora-clang-libcxx	6327276	37772722300	2440502	15979231	1161541465	4516759057	NA	0
5699	4	eigen	fedora-clang-libcxx	6327277	37779049577	2440517	15979231	1161734406	4517507830	NA	0
5700	4	eigen	fedora-clang-libcxx	6317130	37785366707	2440532	15979231	1161927396	4518256025	NA	0
5701	4	eigen	fedora-clang-libcxx	6312912	37791679619	2440547	15979231	1162120208	4519003617	NA	0
5702	4	eigen	fedora-clang-libcxx	6314263	37797993882	2440562	15979231	1162313051	4519751249	NA	0
5703	4	eigen	fedora-clang-libcxx	5344268	37803338150	2440577	15979231	1162484512	4520389869	NA	0
5704	4	eigen	fedora-clang-libcxx	5344387	37808682537	2440592	15979231	1162655966	4521028453	NA	0
5705	4	eigen	fedora-clang-libcxx	6227530	37814910067	2440607	15979231	1162845433	4521761393	NA	0
5706	4	eigen	fedora-clang-libcxx	6051241	37820961308	2440622	15979231	1163029292	4522476652	NA	0
5707	4	eigen	fedora-clang-libcxx	6238667	37827199975	2440637	15979231	1163219094	4523211128	NA	0
5708	4	eigen	fedora-clang-libcxx	6238668	37833438643	2440652	15979231	1163408895	4523945606	NA	0
5709	4	eigen	fedora-clang-libcxx	6238675	37839677318	2440667	15979231	1163598697	4524680083	NA	0
5710	4	eigen	fedora-clang-libcxx	6238676	37845915994	2440682	15979231	1163788495	4525414560	NA	0
5711	4	eigen	fedora-clang-libcxx	6345846	37852261840	2440697	15979231	1163982162	4526166519	NA	0
5712	4	eigen	fedora-clang-libcxx	6235607	37858497447	2440712	15979231	1164172075	4526900870	NA	0
5713	4	eigen	fedora-clang-libcxx	6235610	37864733057	2440727	15979231	1164361988	4527635222	NA	0
5714	4	eigen	fedora-clang-libcxx	5573221	37870306278	2440742	15979231	1164540917	4528309977	NA	0
5715	4	eigen	fedora-clang-libcxx	244	37870306522	2440757	15979231	1164540942	4528310109	NA	0
5716	4	eigen	fedora-clang-libcxx	323	37870306845	2440772	15979231	1164540965	4528310288	NA	0
5717	4	eigen	fedora-clang-libcxx	5360722	37875667567	2440787	16084613	1164712555	4528949078	NA	1
5718	4	eigen	fedora-clang-libcxx	5360727	37881028294	2440802	16084613	1164884145	4529587869	NA	0
5719	4	eigen	fedora-clang-libcxx	5360722	37886389016	2440817	16084613	1165055735	4530226658	NA	0
5720	4	eigen	fedora-clang-libcxx	5360727	37891749743	2440832	16084613	1165227325	4530865448	NA	0
5721	4	eigen	fedora-clang-libcxx	5360722	37897110465	2440847	16084613	1165398919	4531504235	NA	0
5722	4	eigen	fedora-clang-libcxx	5360727	37902471192	2440862	16084613	1165570513	4532143022	NA	0
5723	4	eigen	fedora-clang-libcxx	5360720	37907831912	2440877	16084613	1165742103	4532781802	NA	0
5724	4	eigen	fedora-clang-libcxx	5360725	37913192637	2440892	16084613	1165913693	4533420584	NA	0
5725	4	eigen	fedora-clang-libcxx	5360716	37918553353	2440907	16084613	1166085283	4534059330	NA	0
5726	4	eigen	fedora-clang-libcxx	5360721	37923914074	2440922	16084613	1166256873	4534698077	NA	0
5727	4	eigen	fedora-clang-libcxx	5360778	37929274852	2440937	16084613	1166428463	4535336908	NA	0
5728	4	eigen	fedora-clang-libcxx	5360783	37934635635	2440952	16084613	1166600053	4535975738	NA	0
5729	4	eigen	fedora-clang-libcxx	5360747	37939996382	2440967	16084613	1166771643	4536614553	NA	0
5730	4	eigen	fedora-clang-libcxx	5360752	37945357134	2440982	16084613	1166943233	4537253367	NA	0
5731	4	eigen	fedora-clang-libcxx	5360751	37950717885	2440997	16084613	1167114823	4537892175	NA	0
5732	4	eigen	fedora-clang-libcxx	5360756	37956078641	2441012	16084613	1167286413	4538530985	NA	0
5733	4	eigen	fedora-clang-libcxx	5360791	37961439432	2441027	16084613	1167458009	4539169798	NA	0
5734	4	eigen	fedora-clang-libcxx	5360796	37966800228	2441042	16084613	1167629605	4539808610	NA	0
5735	4	eigen	fedora-clang-libcxx	5360785	37972161013	2441057	16084613	1167801201	4540447416	NA	0
5736	4	eigen	fedora-clang-libcxx	5360790	37977521803	2441072	16084613	1167972797	4541086222	NA	0
5737	4	eigen	fedora-clang-libcxx	5360789	37982882592	2441087	16084613	1168144393	4541725043	NA	0
5738	4	eigen	fedora-clang-libcxx	5360794	37988243386	2441102	16084613	1168315989	4542363863	NA	0
5739	4	eigen	fedora-clang-libcxx	5360784	37993604170	2441117	16084613	1168487585	4543002632	NA	0
5740	4	eigen	fedora-clang-libcxx	5360789	37998964959	2441132	16084613	1168659181	4543641400	NA	0
5741	4	eigen	fedora-clang-libcxx	5360703	38004325662	2441147	16084613	1168830771	4544280175	NA	0
5742	4	eigen	fedora-clang-libcxx	5360708	38009686370	2441162	16084613	1169002361	4544918951	NA	0
5743	4	eigen	fedora-clang-libcxx	5360725	38015047095	2441177	16084613	1169173951	4545557738	NA	0
5744	4	eigen	fedora-clang-libcxx	5360730	38020407825	2441192	16084613	1169345541	4546196525	NA	0
5745	4	eigen	fedora-clang-libcxx	5360749	38025768574	2441207	16084613	1169517131	4546835316	NA	0
5746	4	eigen	fedora-clang-libcxx	5360754	38031129328	2441222	16084613	1169688721	4547474108	NA	0
5747	4	eigen	fedora-clang-libcxx	5360795	38036490123	2441237	16084613	1169860315	4548112913	NA	0
5748	4	eigen	fedora-clang-libcxx	5360800	38041850923	2441252	16084613	1170031909	4548751721	NA	0
5749	4	eigen	fedora-clang-libcxx	5360807	38047211730	2441267	16084613	1170203503	4549390528	NA	0
5750	4	eigen	fedora-clang-libcxx	5360802	38052572532	2441282	16084613	1170375097	4550029335	NA	0
5751	4	eigen	fedora-clang-libcxx	5360735	38057933267	2441297	16084613	1170546687	4550668139	NA	0
5752	4	eigen	fedora-clang-libcxx	5360740	38063294007	2441312	16084613	1170718277	4551306942	NA	0
5753	4	eigen	fedora-clang-libcxx	5360726	38068654733	2441327	16084613	1170889867	4551945743	NA	0
5754	4	eigen	fedora-clang-libcxx	5360731	38074015464	2441342	16084613	1171061457	4552584543	NA	0
5755	4	eigen	fedora-clang-libcxx	5360753	38079376217	2441357	16084613	1171233053	4553223353	NA	0
5756	4	eigen	fedora-clang-libcxx	5360758	38084736975	2441372	16084613	1171404649	4553862160	NA	0
5757	4	eigen	fedora-clang-libcxx	5360753	38090097728	2441387	16084613	1171576245	4554500973	NA	0
5758	4	eigen	fedora-clang-libcxx	5360758	38095458486	2441402	16084613	1171747841	4555139783	NA	0
5759	4	eigen	fedora-clang-libcxx	5360751	38100819237	2441417	16084613	1171919437	4555778541	NA	0
5760	4	eigen	fedora-clang-libcxx	5360756	38106179993	2441432	16084613	1172091033	4556417300	NA	0
5761	4	eigen	fedora-clang-libcxx	5360744	38111540737	2441447	16084613	1172262629	4557056100	NA	0
5762	4	eigen	fedora-clang-libcxx	5360749	38116901486	2441462	16084613	1172434225	4557694901	NA	0
5763	4	eigen	fedora-clang-libcxx	5360807	38122262293	2441477	16084613	1172605821	4558333774	NA	0
5764	4	eigen	fedora-clang-libcxx	5360813	38127623106	2441492	16084613	1172777417	4558972646	NA	0
5765	4	eigen	fedora-clang-libcxx	5360778	38132983884	2441507	16084613	1172949013	4559611506	NA	0
5766	4	eigen	fedora-clang-libcxx	5360783	38138344667	2441522	16084613	1173120609	4560250367	NA	0
5767	4	eigen	fedora-clang-libcxx	5360782	38143705449	2441537	16084613	1173292205	4560889345	NA	0
5768	4	eigen	fedora-clang-libcxx	5360787	38149066236	2441552	16084613	1173463801	4561528324	NA	0
5769	4	eigen	fedora-clang-libcxx	5360675	38154426911	2441567	16084613	1173635398	4562167083	NA	0
5770	4	eigen	fedora-clang-libcxx	5360668	38159787579	2441582	16084613	1173806995	4562805839	NA	0
5771	4	eigen	fedora-clang-libcxx	5360651	38165148230	2441597	16084613	1173978589	4563444600	NA	0
5772	4	eigen	fedora-clang-libcxx	5360651	38170508881	2441612	16084613	1174150183	4564083359	NA	0
5773	4	eigen	fedora-clang-libcxx	5360657	38175869538	2441627	16084613	1174321778	4564722112	NA	0
5774	4	eigen	fedora-clang-libcxx	5360644	38181230182	2441642	16084613	1174493373	4565360861	NA	0
5775	4	eigen	fedora-clang-libcxx	5360663	38186590845	2441657	16084613	1174664967	4565999616	NA	0
5776	4	eigen	fedora-clang-libcxx	5360675	38191951520	2441672	16084613	1174836561	4566638375	NA	0
5777	4	eigen	fedora-clang-libcxx	5360681	38197312201	2441687	16084613	1175008158	4567277134	NA	0
5778	4	eigen	fedora-clang-libcxx	5360671	38202672872	2441702	16084613	1175179754	4567915892	NA	0
5779	4	eigen	fedora-clang-libcxx	5360720	38208033592	2441717	16084613	1175351351	4568554662	NA	0
5780	4	eigen	fedora-clang-libcxx	5360720	38213394312	2441732	16084613	1175522947	4569193432	NA	0
5781	4	eigen	fedora-clang-libcxx	5360807	38218755119	2441747	16084613	1175694545	4569832220	NA	0
5782	4	eigen	fedora-clang-libcxx	5360807	38224115926	2441762	16084613	1175866143	4570471010	NA	0
5783	4	eigen	fedora-clang-libcxx	5360644	38229476570	2441777	16084613	1176037738	4571109747	NA	0
5784	4	eigen	fedora-clang-libcxx	5360650	38234837220	2441792	16084613	1176209331	4571748482	NA	0
5785	4	eigen	fedora-clang-libcxx	5360660	38240197880	2441807	16084613	1176380924	4572387219	NA	0
5786	4	eigen	fedora-clang-libcxx	5360639	38245558519	2441822	16084613	1176552518	4573025953	NA	0
5787	4	eigen	fedora-clang-libcxx	5360665	38250919184	2441837	16084613	1176724111	4573664746	NA	0
5788	4	eigen	fedora-clang-libcxx	5360655	38256279839	2441852	16084613	1176895703	4574303532	NA	0
5789	4	eigen	fedora-clang-libcxx	5360678	38261640517	2441867	16084613	1177067296	4574942326	NA	0
5790	4	eigen	fedora-clang-libcxx	5360658	38267001175	2441882	16084613	1177238888	4575581115	NA	0
5791	4	eigen	fedora-clang-libcxx	7327390	38274328565	2441897	16084613	1177481049	4576505126	NA	0
5792	4	eigen	fedora-clang-libcxx	7327383	38281655948	2441912	16084613	1177723210	4577429136	NA	0
5793	4	eigen	fedora-clang-libcxx	7327351	38288983299	2441927	16084613	1177965369	4578353139	NA	0
5794	4	eigen	fedora-clang-libcxx	7327351	38296310650	2441942	16084613	1178207528	4579277137	NA	0
5795	4	eigen	fedora-clang-libcxx	7327361	38303638011	2441957	16084613	1178449688	4580201144	NA	0
5796	4	eigen	fedora-clang-libcxx	7327348	38310965359	2441972	16084613	1178691847	4581125143	NA	0
5797	4	eigen	fedora-clang-libcxx	7327344	38318292703	2441987	16084613	1178934005	4582049141	NA	0
5798	4	eigen	fedora-clang-libcxx	7327356	38325620059	2442002	16084613	1179176163	4582973144	NA	0
5799	4	eigen	fedora-clang-libcxx	7327404	38332947463	2442017	16084613	1179418324	4583897164	NA	0
5800	4	eigen	fedora-clang-libcxx	7327394	38340274857	2442032	16084613	1179660485	4584821183	NA	0
5801	4	eigen	fedora-clang-libcxx	7327418	38347602275	2442047	16084613	1179902648	4585745166	NA	0
5802	4	eigen	fedora-clang-libcxx	7327418	38354929693	2442062	16084613	1180144812	4586669154	NA	0
5803	4	eigen	fedora-clang-libcxx	5435617	38360365310	2442077	16084613	1180318993	4587319903	NA	0
5804	4	eigen	fedora-clang-libcxx	5435613	38365800923	2442092	16084613	1180493175	4587970656	NA	0
5805	4	eigen	fedora-clang-libcxx	5435605	38371236528	2442107	16084613	1180667356	4588621450	NA	0
5806	4	eigen	fedora-clang-libcxx	5435601	38376672129	2442122	16084613	1180841537	4589272246	NA	0
5807	4	eigen	fedora-clang-libcxx	5431962	38382104091	2442137	16084613	1181016208	4589923774	NA	0
5808	4	eigen	fedora-clang-libcxx	5431958	38387536049	2442152	16084613	1181190879	4590575303	NA	0
5809	4	eigen	fedora-clang-libcxx	5431967	38392968016	2442167	16084613	1181365550	4591226820	NA	0
5810	4	eigen	fedora-clang-libcxx	5431963	38398399979	2442182	16084613	1181540221	4591878338	NA	0
5811	4	eigen	fedora-clang-libcxx	5894623	38404294602	2442197	16084613	1181727895	4592581448	NA	0
5812	4	eigen	fedora-clang-libcxx	5894619	38410189221	2442212	16156073	1181915569	4593284561	NA	1
5813	4	eigen	fedora-clang-libcxx	5894649	38416083870	2442227	16156073	1182103246	4593987671	NA	0
5814	4	eigen	fedora-clang-libcxx	5894645	38421978515	2442242	16156073	1182290923	4594690786	NA	0
5815	4	eigen	fedora-clang-libcxx	5894653	38427873168	2442257	16156073	1182478600	4595393900	NA	0
5816	4	eigen	fedora-clang-libcxx	5894649	38433767817	2442272	16156073	1182666277	4596097018	NA	0
5817	4	eigen	fedora-clang-libcxx	6003323	38439771140	2442287	16156073	1182857972	4596818535	NA	0
5818	4	eigen	fedora-clang-libcxx	6003319	38445774459	2442302	16156073	1183049667	4597540052	NA	0
5819	4	eigen	fedora-clang-libcxx	6003311	38451777770	2442317	16156073	1183241362	4598261523	NA	0
5820	4	eigen	fedora-clang-libcxx	6003307	38457781077	2442332	16156073	1183433057	4598982994	NA	0
5821	4	eigen	fedora-clang-libcxx	7087952	38464869029	2442347	16156073	1183663787	4599869772	NA	0
5822	4	eigen	fedora-clang-libcxx	7087948	38471956977	2442362	16156073	1183894517	4600756546	NA	0
5823	4	eigen	fedora-clang-libcxx	7087955	38479044932	2442377	16156073	1184125247	4601643354	NA	0
5824	4	eigen	fedora-clang-libcxx	7087985	38486132917	2442392	16156073	1184355977	4602530166	NA	0
5825	4	eigen	fedora-clang-libcxx	5360641	38491493558	2442407	16156073	1184527564	4603168924	NA	0
5826	4	eigen	fedora-clang-libcxx	5360647	38496854205	2442422	16156073	1184699151	4603807683	NA	0
5827	4	eigen	fedora-clang-libcxx	5360694	38502214899	2442437	16156073	1184870737	4604446449	NA	0
5828	4	eigen	fedora-clang-libcxx	5360706	38507575605	2442452	16156073	1185042323	4605085217	NA	0
5829	4	eigen	fedora-clang-libcxx	5640780	38513216385	2442467	16156073	1185220162	4605753509	NA	0
5830	4	eigen	fedora-clang-libcxx	5640806	38518857191	2442482	16156073	1185398001	4606421804	NA	0
5831	4	eigen	fedora-clang-libcxx	5640775	38524497966	2442497	16156073	1185575840	4607090166	NA	0
5832	4	eigen	fedora-clang-libcxx	5640801	38530138767	2442512	16156073	1185753679	4607758532	NA	0
5833	4	eigen	fedora-clang-libcxx	5640790	38535779557	2442527	16156073	1185931522	4608426903	NA	0
5834	4	eigen	fedora-clang-libcxx	5640790	38541420347	2442542	16156073	1186109365	4609095273	NA	0
5835	4	eigen	fedora-clang-libcxx	6394752	38547815099	2442557	16156073	1186305661	4609850839	NA	0
5836	4	eigen	fedora-clang-libcxx	6232510	38554047609	2442572	16156073	1186497525	4610584844	NA	0
5837	4	eigen	fedora-clang-libcxx	6264626	38560312235	2442587	16156073	1186688097	4611323104	NA	0
5838	4	eigen	fedora-clang-libcxx	6264627	38566576862	2442602	16156073	1186878668	4612061363	NA	0
5839	4	eigen	fedora-clang-libcxx	6264641	38572841503	2442617	16156073	1187069240	4612799621	NA	0
5840	4	eigen	fedora-clang-libcxx	6264642	38579106145	2442632	16156073	1187259815	4613537880	NA	0
5841	4	eigen	fedora-clang-libcxx	6264643	38585370788	2442647	16156073	1187450388	4614276141	NA	0
5842	4	eigen	fedora-clang-libcxx	6264641	38591635429	2442662	16156073	1187640960	4615014404	NA	0
5843	4	eigen	fedora-clang-libcxx	6264642	38597900071	2442677	16156073	1187831535	4615752660	NA	0
5844	4	eigen	fedora-clang-libcxx	6270268	38604170339	2442692	16156073	1188022471	4616492277	NA	0
5845	4	eigen	fedora-clang-libcxx	6270268	38610440607	2442707	16156073	1188213407	4617231900	NA	0
5846	4	eigen	fedora-clang-libcxx	6270270	38616710877	2442722	16156073	1188404344	4617971524	NA	0
5847	4	eigen	fedora-clang-libcxx	6270269	38622981146	2442737	16156073	1188595281	4618711142	NA	0
5848	4	eigen	fedora-clang-libcxx	6270513	38629251659	2442752	16156073	1188786225	4619450775	NA	0
5849	4	eigen	fedora-clang-libcxx	6566171	38635817830	2442767	16156073	1188987081	4620235365	NA	0
5850	4	eigen	fedora-clang-libcxx	6566224	38642384054	2442782	16156073	1189187938	4621019963	NA	0
5851	4	eigen	fedora-clang-libcxx	6566171	38648950225	2442797	16156073	1189388794	4621804550	NA	0
5852	4	eigen	fedora-clang-libcxx	7654885	38656605110	2442816	16156073	1189625565	4622745629	NA	0
5853	4	eigen	fedora-clang-libcxx	7654992	38664260102	2442834	16156073	1189862336	4623686710	NA	0
5854	4	eigen	fedora-clang-libcxx	7654816	38671914918	2442852	16156073	1190099105	4624627788	NA	0
5855	4	eigen	fedora-clang-libcxx	7654758	38679569676	2442870	16156073	1190335874	4625568867	NA	0
5856	4	eigen	fedora-clang-libcxx	7654771	38687224447	2442888	16156073	1190572643	4626509946	NA	0
5857	4	eigen	fedora-clang-libcxx	7654672	38694879119	2442906	16156073	1190809412	4627451008	NA	0
5858	4	eigen	fedora-clang-libcxx	7654932	38702534051	2442924	16156073	1191046183	4628392101	NA	0
5859	4	eigen	fedora-clang-libcxx	7654654	38710188705	2442942	16156073	1191282952	4629333159	NA	0
5860	4	eigen	fedora-clang-libcxx	7654688	38717843393	2442960	16156073	1191519721	4630274220	NA	0
5861	4	eigen	fedora-clang-libcxx	7648380	38725491773	2442975	16156073	1191756220	4631214047	NA	0
5862	4	eigen	fedora-clang-libcxx	7648360	38733140133	2442990	16156073	1191992719	4632153872	NA	0
5863	4	eigen	fedora-clang-libcxx	7648460	38740788593	2443005	16156073	1192229218	4633093713	NA	0
5864	4	eigen	fedora-clang-libcxx	7648281	38748436874	2443020	16156073	1192465717	4634033524	NA	0
5865	4	eigen	fedora-clang-libcxx	7648303	38756085177	2443035	16156073	1192702216	4634973347	NA	0
5866	4	eigen	fedora-clang-libcxx	7648282	38763733459	2443050	16156073	1192938717	4635913162	NA	0
5867	4	eigen	fedora-clang-libcxx	7648464	38771381923	2443065	16156073	1193175216	4636853000	NA	0
5868	4	eigen	fedora-clang-libcxx	7653289	38779035212	2443080	16156073	1193411839	4637793204	NA	0
5869	4	eigen	fedora-clang-libcxx	7653281	38786688493	2443095	16156073	1193648464	4638733405	NA	0
5870	4	eigen	fedora-clang-libcxx	7653338	38794341831	2443110	16156073	1193885089	4639673613	NA	0
5871	4	eigen	fedora-clang-libcxx	7653167	38801994998	2443125	16156073	1194121712	4640613804	NA	0
5872	4	eigen	fedora-clang-libcxx	7653162	38809648160	2443140	16156073	1194358338	4641553998	NA	0
5873	4	eigen	fedora-clang-libcxx	7653191	38817301351	2443155	16156073	1194594956	4642494193	NA	0
5874	4	eigen	fedora-clang-libcxx	7653080	38824954431	2443170	16156073	1194831584	4643434373	NA	0
5875	4	eigen	fedora-clang-libcxx	7653097	38832607528	2443185	16156073	1195068204	4644374548	NA	0
5876	4	eigen	fedora-clang-libcxx	7653068	38840260596	2443200	16156073	1195304830	4645314726	NA	0
5877	4	eigen	fedora-clang-libcxx	7653094	38847913690	2443215	16156073	1195541451	4646254903	NA	0
5878	4	eigen	fedora-clang-libcxx	7653053	38855566743	2443230	16156073	1195778072	4647195081	NA	0
5879	4	eigen	fedora-clang-libcxx	7653062	38863219805	2443245	16156073	1196014695	4648135268	NA	0
5880	4	eigen	fedora-clang-libcxx	7644053	38870863858	2443260	16156073	1196251041	4649074328	NA	0
5881	4	eigen	fedora-clang-libcxx	7644059	38878507917	2443275	16156073	1196487387	4650013394	NA	0
5882	4	eigen	fedora-clang-libcxx	7644052	38886151969	2443290	16156073	1196723733	4650952453	NA	0
5883	4	eigen	fedora-clang-libcxx	7644090	38893796059	2443305	16156073	1196960079	4651891525	NA	0
5884	4	eigen	fedora-clang-libcxx	7644169	38901440228	2443320	16156073	1197196425	4652830599	NA	0
5885	4	eigen	fedora-clang-libcxx	6511385	38907951613	2443335	16156073	1197396370	4653607385	NA	0
5886	4	eigen	fedora-clang-libcxx	6439565	38914391178	2443350	16156073	1197591732	4654365412	NA	0
5887	4	eigen	fedora-clang-libcxx	6563436	38920954614	2443365	16156073	1197792416	4655149378	NA	0
5888	4	eigen	fedora-clang-libcxx	6563437	38927518051	2443380	16156073	1197993101	4655933343	NA	0
5889	4	eigen	fedora-clang-libcxx	6563434	38934081485	2443395	16156073	1198193785	4656717310	NA	0
5890	4	eigen	fedora-clang-libcxx	6563435	38940644920	2443410	16790667	1198394470	4657501279	NA	1
5891	4	eigen	fedora-clang-libcxx	6563642	38947208562	2443425	16790667	1198595152	4658285261	NA	0
5892	4	eigen	fedora-clang-libcxx	6253317	38953461879	2443440	16790667	1198785515	4659021954	NA	0
5893	4	eigen	fedora-clang-libcxx	6253540	38959715419	2443455	16790667	1198975878	4659758674	NA	0
5894	4	eigen	fedora-clang-libcxx	6253062	38965968481	2443470	16790667	1199166240	4660495346	NA	0
5895	4	eigen	fedora-clang-libcxx	6253062	38972221543	2443485	16790667	1199356602	4661232019	NA	0
5896	4	eigen	fedora-clang-libcxx	6253075	38978474618	2443500	16790667	1199546964	4661968697	NA	0
5897	4	eigen	fedora-clang-libcxx	6253057	38984727675	2443515	16790667	1199737327	4662705364	NA	0
5898	4	eigen	fedora-clang-libcxx	6253406	38990981081	2443530	16790667	1199927688	4663442055	NA	0
5899	4	eigen	fedora-clang-libcxx	6253073	38997234154	2443545	16790667	1200118050	4664178724	NA	0
5900	4	eigen	fedora-clang-libcxx	7863967	39005098121	2443560	16790667	1200364304	4665156038	NA	0
5901	4	eigen	fedora-clang-libcxx	7863887	39012962008	2443575	16790667	1200610557	4666133346	NA	0
5902	4	eigen	fedora-clang-libcxx	7864737	39020826745	2443590	16790667	1200856812	4667110731	NA	0
5903	4	eigen	fedora-clang-libcxx	7864829	39028691574	2443605	16790667	1201103069	4668088130	NA	0
5904	4	eigen	fedora-clang-libcxx	7864701	39036556275	2443620	16790667	1201349330	4669065522	NA	0
5905	4	eigen	fedora-clang-libcxx	7863864	39044420139	2443635	16790667	1201595583	4670042819	NA	0
5906	4	eigen	fedora-clang-libcxx	7600192	39052020331	2443650	16790667	1201829928	4670971861	NA	0
5907	4	eigen	fedora-clang-libcxx	7600193	39059620524	2443665	16790667	1202064272	4671900910	NA	0
5908	4	eigen	fedora-clang-libcxx	7600193	39067220717	2443680	16790667	1202298617	4672829961	NA	0
5909	4	eigen	fedora-clang-libcxx	7600192	39074820909	2443695	16790667	1202532965	4673759012	NA	0
5910	4	eigen	fedora-clang-libcxx	7600193	39082421102	2443710	16790667	1202767310	4674688063	NA	0
5911	4	eigen	fedora-clang-libcxx	7600192	39090021294	2443725	16790667	1203001653	4675617114	NA	0
5912	4	eigen	fedora-clang-libcxx	7600192	39097621486	2443740	16790667	1203236000	4676546160	NA	0
5913	4	eigen	fedora-clang-libcxx	7600193	39105221679	2443755	16790667	1203470351	4677475203	NA	0
5914	4	eigen	fedora-clang-libcxx	7600225	39112821904	2443770	16790667	1203704696	4678404260	NA	0
5915	4	eigen	fedora-clang-libcxx	7600225	39120422129	2443785	16790667	1203939041	4679333319	NA	0
5916	4	eigen	fedora-clang-libcxx	7600197	39128022326	2443800	16790667	1204173387	4680262362	NA	0
5917	4	eigen	fedora-clang-libcxx	7600239	39135622565	2443815	16790667	1204407732	4681191419	NA	0
5918	4	eigen	fedora-clang-libcxx	7594962	39143217527	2443830	16790667	1204641905	4682119439	NA	0
5919	4	eigen	fedora-clang-libcxx	7594962	39150812489	2443845	16790667	1204876079	4683047468	NA	0
5920	4	eigen	fedora-clang-libcxx	7594962	39158407451	2443860	16790667	1205110256	4683975507	NA	0
5921	4	eigen	fedora-clang-libcxx	7594962	39166002413	2443875	16790667	1205344428	4684903545	NA	0
5922	4	eigen	fedora-clang-libcxx	7594962	39173597375	2443890	16790667	1205578599	4685831580	NA	0
5923	4	eigen	fedora-clang-libcxx	7594962	39181192337	2443905	16790667	1205812772	4686759606	NA	0
5924	4	eigen	fedora-clang-libcxx	7594966	39188787303	2443920	16790667	1206046940	4687687625	NA	0
5925	4	eigen	fedora-clang-libcxx	7595030	39196382333	2443935	16790667	1206281108	4688615660	NA	0
5926	4	eigen	fedora-clang-libcxx	6260852	39202643185	2443950	16790667	1206471854	4689355540	NA	0
5927	4	eigen	fedora-clang-libcxx	7134547	39209777732	2443965	16790667	1206691114	4690212661	NA	0
5928	4	eigen	fedora-clang-libcxx	7879948	39217657680	2443980	16790667	1206937834	4691191326	NA	0
5929	4	eigen	fedora-clang-libcxx	6961331	39224619011	2443995	16790667	1207147364	4692016336	NA	0
5930	4	eigen	fedora-clang-libcxx	7887658	39232506669	2444010	16790667	1207392811	4692990193	NA	0
5931	4	eigen	fedora-clang-libcxx	7887119	39240393788	2444025	16790667	1207638257	4693964032	NA	0
5932	4	eigen	fedora-clang-libcxx	7886358	39248280146	2444040	16790667	1207883688	4694937800	NA	0
5933	4	eigen	fedora-clang-libcxx	7886534	39256166680	2444055	16790667	1208129121	4695911583	NA	0
5934	4	eigen	fedora-clang-libcxx	7887329	39264054009	2444070	16790667	1208374561	4696885434	NA	0
5935	4	eigen	fedora-clang-libcxx	7888282	39271942291	2444085	16790667	1208620006	4697859379	NA	0
5936	4	eigen	fedora-clang-libcxx	7889096	39279831387	2444100	16790667	1208865460	4698833425	NA	0
5937	4	eigen	fedora-clang-libcxx	7886321	39287717708	2444115	16790667	1209110891	4699807167	NA	0
5938	4	eigen	fedora-clang-libcxx	7886048	39295603756	2444130	16790667	1209356314	4700780896	NA	0
5939	4	eigen	fedora-clang-libcxx	7886178	39303489934	2444145	16790667	1209601737	4701754640	NA	0
5940	4	eigen	fedora-clang-libcxx	7886392	39311376326	2444160	16790667	1209847164	4702728393	NA	0
5941	4	eigen	fedora-clang-libcxx	7886062	39319262388	2444175	16790667	1210092588	4703702125	NA	0
5942	4	eigen	fedora-clang-libcxx	7890133	39327152521	2444190	16790667	1210338045	4704676265	NA	0
5943	4	eigen	fedora-clang-libcxx	7888223	39335040744	2444205	16790667	1210583490	4705650227	NA	0
5944	4	eigen	fedora-clang-libcxx	6376517	39341417261	2444220	16790667	1210777429	4706408075	NA	0
5945	4	eigen	fedora-clang-libcxx	6376517	39347793778	2444235	16790667	1210971368	4707165922	NA	0
5946	4	eigen	fedora-clang-libcxx	6388100	39354181878	2444250	16790667	1211165816	4707925036	NA	0
5947	4	eigen	fedora-clang-libcxx	6388100	39360569978	2444265	16790667	1211360264	4708684153	NA	0
5948	4	eigen	fedora-clang-libcxx	6388093	39366958071	2444280	16790667	1211554710	4709443263	NA	0
5949	4	eigen	fedora-clang-libcxx	6388011	39373346082	2444295	16790667	1211749157	4710202353	NA	0
5950	4	eigen	fedora-clang-libcxx	6388011	39379734093	2444310	16790667	1211943604	4710961443	NA	0
5951	4	eigen	fedora-clang-libcxx	6379978	39386114071	2444325	16790667	1212137748	4711718030	NA	0
5952	4	eigen	fedora-clang-libcxx	6379979	39392494050	2444340	16790667	1212331892	4712474610	NA	0
5953	4	eigen	fedora-clang-libcxx	6379984	39398874034	2444355	16790667	1212526036	4713231200	NA	0
5954	4	eigen	fedora-clang-libcxx	6379988	39405254022	2444370	16790667	1212720180	4713987783	NA	0
5955	4	eigen	fedora-clang-libcxx	7319837	39412573859	2444385	16790667	1212944220	4714869109	NA	0
5956	4	eigen	fedora-clang-libcxx	7334893	39419908752	2444400	16790667	1213168618	4715751889	NA	0
5957	4	eigen	fedora-clang-libcxx	7485260	39427394012	2444415	16790667	1213397024	4716649722	NA	0
5958	4	eigen	fedora-clang-libcxx	7359107	39434753119	2444430	16790667	1213622193	4717535812	NA	0
5959	4	eigen	fedora-clang-libcxx	7366113	39442119232	2444445	16790667	1213847410	4718422145	NA	0
5960	4	eigen	fedora-clang-libcxx	7371747	39449490979	2444460	16790667	1214072586	4719308626	NA	0
5961	4	eigen	fedora-clang-libcxx	7367217	39456858196	2444475	16790667	1214297759	4720194949	NA	0
5962	4	eigen	fedora-clang-libcxx	7357275	39464215471	2444490	16790667	1214522938	4721081016	NA	0
5963	4	eigen	fedora-clang-libcxx	7354067	39471569538	2444505	16986842	1214748105	4721967032	NA	1
5964	4	eigen	fedora-clang-libcxx	7362207	39478931745	2444520	16986842	1214973274	4722853214	NA	0
5965	4	eigen	fedora-clang-libcxx	7357257	39486289002	2444535	16986842	1215198444	4723739246	NA	0
5966	4	eigen	fedora-clang-libcxx	7328079	39493617081	2444550	16986842	1215422736	4724621775	NA	0
5967	4	eigen	fedora-clang-libcxx	7326265	39500943346	2444565	16986842	1215646883	4725503611	NA	0
5968	4	eigen	fedora-clang-libcxx	7318615	39508261961	2444580	16986842	1215870961	4726384895	NA	0
5969	4	eigen	fedora-clang-libcxx	7333037	39515594998	2444595	16986842	1216095167	4727267010	NA	0
5970	4	eigen	fedora-clang-libcxx	7315772	39522910770	2444610	16986842	1216319147	4728148110	NA	0
5971	4	eigen	fedora-clang-libcxx	7321435	39530232205	2444625	16986842	1216543164	4729029717	NA	0
5972	4	eigen	fedora-clang-libcxx	7308910	39537541115	2444640	16986842	1216766958	4729910053	NA	0
5973	4	eigen	fedora-clang-libcxx	7347848	39544888963	2444655	16986842	1216991636	4730794503	NA	0
5974	4	eigen	fedora-clang-libcxx	7347854	39552236817	2444670	16986842	1217216321	4731678953	NA	0
5975	4	eigen	fedora-clang-libcxx	7347898	39559584715	2444685	16986842	1217440999	4732563400	NA	0
5976	4	eigen	fedora-clang-libcxx	7347882	39566932597	2444700	16986842	1217665673	4733447855	NA	0
5977	4	eigen	fedora-clang-libcxx	7347882	39574280479	2444715	16986842	1217890355	4734332303	NA	0
5978	4	eigen	fedora-clang-libcxx	7348068	39581628547	2444730	16986842	1218115037	4735216765	NA	0
5979	4	eigen	fedora-clang-libcxx	7347898	39588976445	2444745	16986842	1218339719	4736101217	NA	0
5980	4	eigen	fedora-clang-libcxx	7347922	39596324367	2444760	16986842	1218564404	4736985666	NA	0
5981	4	eigen	fedora-clang-libcxx	7309023	39603633390	2444775	16986842	1218788200	4737866119	NA	0
5982	4	eigen	fedora-clang-libcxx	7316867	39610950257	2444790	16986842	1219012176	4738747385	NA	0
5983	4	eigen	fedora-clang-libcxx	8627357	39619577614	2444805	16986842	1219278607	4739819045	NA	0
5984	4	eigen	fedora-clang-libcxx	7316353	39626893967	2444820	16986842	1219502683	4740700789	NA	0
5985	4	eigen	fedora-clang-libcxx	7313458	39634207425	2444835	16986842	1219726547	4741581540	NA	0
5986	4	eigen	fedora-clang-libcxx	7307559	39641514984	2444850	16986842	1219950310	4742461675	NA	0
5987	4	eigen	fedora-clang-libcxx	7501181	39649016165	2444865	16986842	1220181405	4743373303	NA	0
5988	4	eigen	fedora-clang-libcxx	7516705	39656532870	2444880	16986842	1220412510	4744285296	NA	0
5989	4	eigen	fedora-clang-libcxx	7533121	39664065991	2444895	16986842	1220643624	4745197691	NA	0
5990	4	eigen	fedora-clang-libcxx	7516897	39671582888	2444910	16986842	1220874728	4746109680	NA	0
5991	4	eigen	fedora-clang-libcxx	7517185	39679100073	2444925	16986842	1221105831	4747021666	NA	0
5992	4	eigen	fedora-clang-libcxx	7517185	39686617258	2444940	16986842	1221336934	4747933661	NA	0
5993	4	eigen	fedora-clang-libcxx	7517089	39694134347	2444955	16986842	1221568037	4748845655	NA	0
5994	4	eigen	fedora-clang-libcxx	7517089	39701651436	2444970	16986842	1221799142	4749757649	NA	0
5995	4	eigen	fedora-clang-libcxx	7521697	39709173133	2444985	16986842	1222030244	4750669745	NA	0
5996	4	eigen	fedora-clang-libcxx	7561617	39716734750	2445000	16986842	1222261364	4751582967	NA	0
5997	4	eigen	fedora-clang-libcxx	7522337	39724257087	2445015	16986842	1222492468	4752495062	NA	0
5998	4	eigen	fedora-clang-libcxx	7524257	39731781344	2445030	16986842	1222723574	4753407161	NA	0
5999	4	eigen	fedora-clang-libcxx	7522337	39739303681	2445045	16986842	1222954680	4754319252	NA	0
6000	4	eigen	fedora-clang-libcxx	7528097	39746831778	2445060	16986842	1223185785	4755231434	NA	0
6001	4	eigen	fedora-clang-libcxx	7508881	39754340659	2445075	16986842	1223416887	4756143232	NA	0
6002	4	eigen	fedora-clang-libcxx	7508929	39761849588	2445090	16986842	1223647989	4757055026	NA	0
6003	4	eigen	fedora-clang-libcxx	7338885	39769188473	2445105	16986842	1223872388	4757937780	NA	0
6004	4	eigen	fedora-clang-libcxx	7329737	39776518210	2445120	16986842	1224096726	4758820454	NA	0
6005	4	eigen	fedora-clang-libcxx	7324045	39783842255	2445135	16986842	1224320908	4759702584	NA	0
6006	4	eigen	fedora-clang-libcxx	7315718	39791157973	2445150	16986842	1224545056	4760584223	NA	0
6007	4	eigen	fedora-clang-libcxx	7309647	39798467620	2445165	16986842	1224768912	4761464847	NA	0
6008	4	eigen	fedora-clang-libcxx	7318174	39805785794	2445180	16986842	1224992866	4762345938	NA	0
6009	4	eigen	fedora-clang-libcxx	7398582	39813184376	2445195	16986842	1225218162	4763232394	NA	0
6010	4	eigen	fedora-clang-libcxx	7398588	39820582964	2445210	16986842	1225443465	4764118855	NA	0
6011	4	eigen	fedora-clang-libcxx	7398589	39827981553	2445225	16986842	1225668767	4765005319	NA	0
6012	4	eigen	fedora-clang-libcxx	7398600	39835380153	2445240	16986842	1225894069	4765891787	NA	0
6013	4	eigen	fedora-clang-libcxx	7398588	39842778741	2445255	16986842	1226119372	4766778247	NA	0
6014	4	eigen	fedora-clang-libcxx	7398586	39850177327	2445270	16986842	1226344675	4767664704	NA	0
6015	4	eigen	fedora-clang-libcxx	7398618	39857575945	2445285	16986842	1226569977	4768551163	NA	0
6016	4	eigen	fedora-clang-libcxx	7398591	39864974536	2445300	16986842	1226795279	4769437630	NA	0
6017	4	eigen	fedora-clang-libcxx	7398584	39872373120	2445315	16986842	1227020581	4770324092	NA	0
6018	4	eigen	fedora-clang-libcxx	7398591	39879771711	2445330	16986842	1227245883	4771210553	NA	0
6019	4	eigen	fedora-clang-libcxx	7398585	39887170296	2445345	16986842	1227471185	4772097016	NA	0
6020	4	eigen	fedora-clang-libcxx	7398597	39894568893	2445360	16986842	1227696487	4772983476	NA	0
6021	4	eigen	fedora-clang-libcxx	7334880	39901903773	2445375	16986842	1227920931	4773866303	NA	0
6022	4	eigen	fedora-clang-libcxx	7476088	39909379861	2445390	16986842	1228151265	4774774681	NA	0
6023	4	eigen	fedora-clang-libcxx	7312124	39916691985	2445405	16986842	1228375212	4775655510	NA	0
6024	4	eigen	fedora-clang-libcxx	7312126	39924004111	2445420	16986842	1228599162	4776536342	NA	0
6025	4	eigen	fedora-clang-libcxx	7312124	39931316235	2445435	16986842	1228823113	4777417176	NA	0
6026	4	eigen	fedora-clang-libcxx	7312126	39938628361	2445450	16986842	1229047063	4778298008	NA	0
6027	4	eigen	fedora-clang-libcxx	7312124	39945940485	2445465	16986842	1229271010	4779178849	NA	0
6028	4	eigen	fedora-clang-libcxx	7312124	39953252609	2445480	16986842	1229494955	4780059689	NA	0
6029	4	eigen	fedora-clang-libcxx	7312120	39960564729	2445495	16986842	1229718900	4780940527	NA	0
6030	4	eigen	fedora-clang-libcxx	7316514	39967881243	2445510	16986842	1229942848	4781821625	NA	0
6031	4	eigen	fedora-clang-libcxx	7309699	39975190942	2445525	16986842	1230166633	4782702004	NA	0
6032	4	eigen	fedora-clang-libcxx	7307620	39982498562	2445540	16986842	1230390396	4783582198	NA	0
6033	4	eigen	fedora-clang-libcxx	7326580	39989825142	2445555	16986842	1230614624	4784464129	NA	0
6034	4	eigen	fedora-clang-libcxx	7307835	39997132977	2445570	16986842	1230838386	4785344289	NA	0
6035	4	eigen	fedora-clang-libcxx	7309858	40004442835	2445585	17069581	1231062202	4786224805	NA	1
6036	4	eigen	fedora-clang-libcxx	7338549	40011781384	2445600	17069581	1231287042	4787109591	NA	0
6037	4	eigen	fedora-clang-libcxx	7338533	40019119917	2445615	17069581	1231511883	4787994360	NA	0
6038	4	eigen	fedora-clang-libcxx	7338557	40026458474	2445630	17069581	1231736726	4788879131	NA	0
6039	4	eigen	fedora-clang-libcxx	7338549	40033797023	2445645	17069581	1231961570	4789763906	NA	0
6040	4	eigen	fedora-clang-libcxx	7338589	40041135612	2445660	17069581	1232186412	4790648677	NA	0
6041	4	eigen	fedora-clang-libcxx	7338541	40048474153	2445675	17069581	1232411254	4791533445	NA	0
6042	4	eigen	fedora-clang-libcxx	7338525	40055812678	2445690	17069581	1232636096	4792418212	NA	0
6043	4	eigen	fedora-clang-libcxx	7338472	40063151150	2445705	17069581	1232860937	4793302981	NA	0
6044	4	eigen	fedora-clang-libcxx	7309070	40070460220	2445720	17069581	1233084754	4794183323	NA	0
6045	4	eigen	fedora-clang-libcxx	7469320	40077929540	2445735	17069581	1233315268	4795089993	NA	0
6046	4	eigen	fedora-clang-libcxx	7311454	40085240994	2445750	17069581	1233539150	4795970880	NA	0
6047	4	eigen	fedora-clang-libcxx	7310660	40092551654	2445765	17069581	1233762994	4796851402	NA	0
6048	4	eigen	fedora-clang-libcxx	7312870	40099864524	2445780	17069581	1233986939	4797732419	NA	0
6049	4	eigen	fedora-clang-libcxx	7311892	40107176416	2445795	17069581	1234210826	4798613341	NA	0
6050	4	eigen	fedora-clang-libcxx	7319790	40114496206	2445810	17069581	1234434827	4799494567	NA	0
6051	4	eigen	fedora-clang-libcxx	7311988	40121808194	2445825	17069581	1234658729	4800375369	NA	0
6052	4	eigen	fedora-clang-libcxx	7383801	40129191995	2445840	17069581	1234885968	4801269909	NA	0
6053	4	eigen	fedora-clang-libcxx	7319713	40136511708	2445855	17069581	1235110086	4802151670	NA	0
6054	4	eigen	fedora-clang-libcxx	7350354	40143862062	2445870	17069581	1235335058	4803037492	NA	0
6055	4	eigen	fedora-clang-libcxx	7322221	40151184283	2445885	17069581	1235559211	4803919508	NA	0
6056	4	eigen	fedora-clang-libcxx	7315945	40158500228	2445900	17069581	1235783252	4804800759	NA	0
6057	4	eigen	fedora-clang-libcxx	7308703	40165808931	2445915	17069581	1236007023	4805681040	NA	0
6058	4	eigen	fedora-clang-libcxx	7311652	40173120583	2445930	17069581	1236230914	4806561633	NA	0
6059	4	eigen	fedora-clang-libcxx	7325919	40180446502	2445945	17069581	1236455145	4807443948	NA	0
6060	4	eigen	fedora-clang-libcxx	7343585	40187790087	2445960	17069581	1236679569	4808327072	NA	0
6061	4	eigen	fedora-clang-libcxx	7308973	40195099060	2445975	17069581	1236903361	4809207374	NA	0
6062	4	eigen	fedora-clang-libcxx	7311917	40202410977	2445990	17069581	1237127242	4810088046	NA	0
6063	4	eigen	fedora-clang-libcxx	7309801	40209720778	2446005	17069581	1237351083	4810968524	NA	0
6064	4	eigen	fedora-clang-libcxx	6372269	40216093047	2446020	17069581	1237543623	4811718985	NA	0
6065	4	eigen	fedora-clang-libcxx	7498851	40223591898	2446035	17069581	1237774652	4812629777	NA	0
6066	4	eigen	fedora-clang-libcxx	7498968	40231090866	2446050	17069581	1238005680	4813540576	NA	0
6067	4	eigen	fedora-clang-libcxx	7498744	40238589610	2446065	17069581	1238236710	4814451359	NA	0
6068	4	eigen	fedora-clang-libcxx	7498760	40246088370	2446080	17069581	1238467738	4815362142	NA	0
6069	4	eigen	fedora-clang-libcxx	7499050	40253587420	2446095	17069581	1238698769	4816272941	NA	0
6070	4	eigen	fedora-clang-libcxx	7498834	40261086254	2446110	17069581	1238929797	4817183725	NA	0
6071	4	eigen	fedora-clang-libcxx	7499036	40268585290	2446125	17069581	1239160828	4818094524	NA	0
6072	4	eigen	fedora-clang-libcxx	7499060	40276084350	2446140	17069581	1239391859	4819005321	NA	0
6073	4	eigen	fedora-clang-libcxx	7498774	40283583124	2446155	17069581	1239622887	4819916108	NA	0
6074	4	eigen	fedora-clang-libcxx	7498756	40291081880	2446170	17069581	1239853915	4820826894	NA	0
6075	4	eigen	fedora-clang-libcxx	7498772	40298580652	2446185	17069581	1240084947	4821737681	NA	0
6076	4	eigen	fedora-clang-libcxx	7498728	40306079380	2446200	17069581	1240315974	4822648462	NA	0
6077	4	eigen	fedora-clang-libcxx	7498879	40313578259	2446215	17069581	1240547006	4823559261	NA	0
6078	4	eigen	fedora-clang-libcxx	7316707	40320894966	2446230	17069581	1240771026	4824440484	NA	0
6079	4	eigen	fedora-clang-libcxx	7316968	40328211934	2446245	17069581	1240994976	4825321757	NA	0
6080	4	eigen	fedora-clang-libcxx	7623578	40335835512	2446260	17069581	1241226771	4826241715	NA	0
6081	4	eigen	fedora-clang-libcxx	7313129	40343148641	2446275	17069581	1241450714	4827122742	NA	0
6082	4	eigen	fedora-clang-libcxx	7313129	40350461770	2446290	17069581	1241674660	4828003774	NA	0
6083	4	eigen	fedora-clang-libcxx	7313129	40357774899	2446305	17069581	1241898606	4828884807	NA	0
6084	4	eigen	fedora-clang-libcxx	7313129	40365088028	2446320	17069581	1242122551	4829765840	NA	0
6085	4	eigen	fedora-clang-libcxx	7313131	40372401159	2446335	17069581	1242346493	4830646873	NA	0
6086	4	eigen	fedora-clang-libcxx	7313131	40379714290	2446350	17069581	1242570435	4831527903	NA	0
6087	4	eigen	fedora-clang-libcxx	7313138	40387027428	2446386	17349247	1242794372	4832408932	NA	1
