tu	pass	project	env	raw	cumulative_raw	p29_cum_wire	grz2_cum_wire	fastintern_cum_wire	zstd3_cum_wire	pred_cum_wire	grz2_group_closes
0	1	opencv	conan-gcc	374417	374417	274513	NA	87273	58602	NA	0
1	1	opencv	conan-gcc	148871	523288	276382	NA	99014	82838	NA	0
2	1	opencv	conan-gcc	1127169	1650457	321808	NA	319243	264371	NA	0
3	1	opencv	conan-gcc	1126463	2776920	326545	NA	376595	445559	NA	0
4	1	opencv	conan-gcc	1586081	4363001	343284	NA	511063	693974	NA	0
5	1	opencv	conan-gcc	1510424	5873425	345463	NA	588479	930872	NA	0
6	1	opencv	conan-gcc	1472581	7346006	354861	NA	676356	1162339	NA	0
7	1	opencv	conan-gcc	1469294	8815300	356089	NA	750504	1393368	NA	0
8	1	opencv	conan-gcc	1462858	10278158	357684	NA	826025	1623920	NA	0
9	1	opencv	conan-gcc	1493122	11771280	359419	NA	903284	1858210	NA	0
10	1	opencv	conan-gcc	1365628	13136908	360544	NA	969698	2070142	NA	0
11	1	opencv	conan-gcc	1410801	14547709	361919	NA	1040433	2290925	NA	0
12	1	opencv	conan-gcc	1487435	16035144	362774	NA	1114673	2524544	NA	0
13	1	opencv	conan-gcc	1757849	17792993	367488	NA	1210009	2795587	NA	0
14	1	opencv	conan-gcc	1509153	19302146	368973	NA	1286006	3030882	NA	0
15	1	opencv	conan-gcc	1533543	20835689	370851	NA	1363525	3269705	NA	0
16	1	opencv	conan-gcc	1574610	22410299	371937	NA	1441981	3515265	NA	0
17	1	opencv	conan-gcc	88613	22498912	378009	NA	1458962	3530355	NA	0
18	1	opencv	conan-gcc	55364	22554276	378311	NA	1462744	3541016	NA	0
19	1	opencv	conan-gcc	172071	22726347	378947	NA	1505915	3587367	NA	0
20	1	opencv	conan-gcc	138646	22864993	380723	NA	1525591	3611936	NA	0
21	1	opencv	conan-gcc	106982	22971975	382502	NA	1532586	3630125	NA	0
22	1	opencv	conan-gcc	125965	23097940	384275	NA	1542176	3651022	NA	0
23	1	opencv	conan-gcc	124726	23222666	385601	NA	1552079	3672522	NA	0
24	1	opencv	conan-gcc	124921	23347587	387048	NA	1561363	3693796	NA	0
25	1	opencv	conan-gcc	127523	23475110	388458	NA	1576560	3715758	NA	0
26	1	opencv	conan-gcc	105640	23580750	389731	NA	1582379	3733785	NA	0
27	1	opencv	conan-gcc	98918	23679668	390406	NA	1591013	3752067	NA	0
28	1	opencv	conan-gcc	94468	23774136	390832	NA	1596836	3768473	NA	0
29	1	opencv	conan-gcc	121324	23895460	392038	NA	1609329	3789609	NA	0
30	1	opencv	conan-gcc	55387	23950847	392440	NA	1612765	3800247	NA	0
31	1	opencv	conan-gcc	109456	24060303	392897	NA	1618077	3818901	NA	0
32	1	opencv	conan-gcc	113291	24173594	395369	NA	1634753	3837650	NA	0
33	1	opencv	conan-gcc	147752	24321346	396877	NA	1643317	3858226	NA	0
34	1	opencv	conan-gcc	120570	24441916	397627	NA	1651480	3878390	NA	0
35	1	opencv	conan-gcc	118067	24559983	398032	NA	1657687	3897681	NA	0
36	1	opencv	conan-gcc	112381	24672364	398390	NA	1663395	3916595	NA	0
37	1	opencv	conan-gcc	117690	24790054	398886	NA	1670540	3936424	NA	0
38	1	opencv	conan-gcc	121570	24911624	399601	NA	1678706	3956852	NA	0
39	1	opencv	conan-gcc	131733	25043357	400997	NA	1689345	3978715	NA	0
40	1	opencv	conan-gcc	173879	25217236	403359	NA	1699799	4001383	NA	0
41	1	opencv	conan-gcc	119292	25336528	404156	NA	1706244	4021452	NA	0
42	1	opencv	conan-gcc	116556	25453084	404528	NA	1712128	4040646	NA	0
43	1	opencv	conan-gcc	120562	25573646	405225	NA	1719044	4060682	NA	0
44	1	opencv	conan-gcc	117960	25691606	405885	NA	1725654	4080140	NA	0
45	1	opencv	conan-gcc	122042	25813648	406715	NA	1733363	4100575	NA	0
46	1	opencv	conan-gcc	109319	25922967	406937	NA	1738089	4118817	NA	0
47	1	opencv	conan-gcc	120197	26043164	407721	NA	1745402	4139094	NA	0
48	1	opencv	conan-gcc	128736	26171900	408732	NA	1754580	4160110	NA	0
49	1	opencv	conan-gcc	136854	26308754	410021	NA	1765663	4183117	NA	0
50	1	opencv	conan-gcc	123083	26431837	410675	NA	1771948	4203298	NA	0
51	1	opencv	conan-gcc	172437	26604274	412854	NA	1780945	4224951	NA	0
52	1	opencv	conan-gcc	116198	26720472	413110	NA	1786331	4243894	NA	0
53	1	opencv	conan-gcc	117905	26838377	413500	NA	1791695	4263063	NA	0
54	1	opencv	conan-gcc	118009	26956386	413860	NA	1797799	4282425	NA	0
55	1	opencv	conan-gcc	118741	27075127	414365	NA	1803597	4301861	NA	0
56	1	opencv	conan-gcc	206699	27281826	416333	NA	1818834	4327750	NA	0
57	1	opencv	conan-gcc	121820	27403646	416780	NA	1824868	4347391	NA	0
58	1	opencv	conan-gcc	127063	27530709	417730	NA	1835967	4369782	NA	0
59	1	opencv	conan-gcc	136237	27666946	419073	NA	1848553	4393143	NA	0
60	1	opencv	conan-gcc	111055	27778001	419294	NA	1853105	4411682	NA	0
61	1	opencv	conan-gcc	135551	27913552	420535	NA	1858798	4431747	NA	0
62	1	opencv	conan-gcc	120570	28034122	421392	NA	1864288	4451905	NA	0
63	1	opencv	conan-gcc	118067	28152189	421850	NA	1869034	4471201	NA	0
64	1	opencv	conan-gcc	112381	28264570	422218	NA	1873799	4490118	NA	0
65	1	opencv	conan-gcc	117690	28382260	422985	NA	1879077	4509950	NA	0
66	1	opencv	conan-gcc	121570	28503830	423949	NA	1884491	4530363	NA	0
67	1	opencv	conan-gcc	114830	28618660	424283	NA	1889347	4549542	NA	0
68	1	opencv	conan-gcc	154213	28772873	426031	NA	1895786	4571184	NA	0
69	1	opencv	conan-gcc	119292	28892165	426662	NA	1900717	4591253	NA	0
70	1	opencv	conan-gcc	116556	29008721	426991	NA	1905382	4610443	NA	0
71	1	opencv	conan-gcc	120562	29129283	427853	NA	1910631	4630481	NA	0
72	1	opencv	conan-gcc	111231	29240514	428135	NA	1915246	4649093	NA	0
73	1	opencv	conan-gcc	122042	29362556	429109	NA	1920687	4669531	NA	0
74	1	opencv	conan-gcc	109319	29471875	429254	NA	1925115	4687770	NA	0
75	1	opencv	conan-gcc	113923	29585798	429550	NA	1930185	4706658	NA	0
76	1	opencv	conan-gcc	153091	29738889	430852	NA	1937970	4727974	NA	0
77	1	opencv	conan-gcc	120504	29859393	431365	NA	1943439	4748122	NA	0
78	1	opencv	conan-gcc	118000	29977393	431697	NA	1948179	4767416	NA	0
79	1	opencv	conan-gcc	112348	30089741	431924	NA	1952931	4786322	NA	0
80	1	opencv	conan-gcc	117628	30207369	432418	NA	1958191	4806134	NA	0
81	1	opencv	conan-gcc	127688	30335057	433118	NA	1963816	4827326	NA	0
82	1	opencv	conan-gcc	138807	30473864	434717	NA	1971504	4850115	NA	0
83	1	opencv	conan-gcc	179624	30653488	436179	NA	1978584	4873538	NA	0
84	1	opencv	conan-gcc	119241	30772729	436580	NA	1983502	4893612	NA	0
85	1	opencv	conan-gcc	116525	30889254	436814	NA	1988159	4912801	NA	0
86	1	opencv	conan-gcc	120483	31009737	437303	NA	1993353	4932818	NA	0
87	1	opencv	conan-gcc	117878	31127615	437960	NA	1998477	4952244	NA	0
88	1	opencv	conan-gcc	128339	31255954	438664	NA	2004223	4973411	NA	0
89	1	opencv	conan-gcc	110104	31366058	438920	NA	2009385	4991986	NA	0
90	1	opencv	conan-gcc	120167	31486225	439752	NA	2014286	5012259	NA	0
91	1	opencv	conan-gcc	130757	31616982	440952	NA	2021200	5033811	NA	0
92	1	opencv	conan-gcc	136803	31753785	442235	NA	2026853	5056800	NA	0
93	1	opencv	conan-gcc	123404	31877189	442771	NA	2032088	5077016	NA	0
94	1	opencv	conan-gcc	178275	32055464	444545	NA	2038358	5099369	NA	0
95	1	opencv	conan-gcc	116149	32171613	444882	NA	2042820	5118309	NA	0
96	1	opencv	conan-gcc	117856	32289469	445135	NA	2047714	5137473	NA	0
97	1	opencv	conan-gcc	117943	32407412	445370	NA	2052614	5156831	NA	0
98	1	opencv	conan-gcc	118717	32526129	445743	NA	2057624	5176253	NA	0
99	1	opencv	conan-gcc	206377	32732506	449272	NA	2066398	5202065	NA	0
100	1	opencv	conan-gcc	121729	32854235	449814	NA	2071399	5221706	NA	0
101	1	opencv	conan-gcc	126946	32981181	451391	NA	2077731	5244073	NA	0
102	1	opencv	conan-gcc	136072	33117253	453381	NA	2085111	5267400	NA	0
103	1	opencv	conan-gcc	120193	33237446	454368	NA	2092218	5286997	NA	0
104	1	opencv	conan-gcc	371137	33608583	456113	NA	2104703	5311313	NA	0
105	1	opencv	conan-gcc	110787	33719370	456390	NA	2109848	5329814	NA	0
106	1	opencv	conan-gcc	111656	33831026	456709	NA	2115109	5348400	NA	0
107	1	opencv	conan-gcc	123347	33954373	457812	NA	2122680	5369291	NA	0
108	1	opencv	conan-gcc	121342	34075715	458674	NA	2131814	5390042	NA	0
109	1	opencv	conan-gcc	133928	34209643	460151	NA	2143468	5412842	NA	0
110	1	opencv	conan-gcc	110793	34320436	460542	NA	2148568	5431270	NA	0
111	1	opencv	conan-gcc	128560	34448996	461808	335759	2157768	5453103	NA	1
112	1	opencv	conan-gcc	137393	34586389	664672	335759	2167876	5476002	NA	0
113	1	opencv	conan-gcc	119124	34705513	665329	335759	2175109	5496286	NA	0
114	1	opencv	conan-gcc	118666	34824179	666157	335759	2182124	5516120	NA	0
115	1	opencv	conan-gcc	95716	34919895	666804	335759	2187687	5532746	NA	0
116	1	opencv	conan-gcc	94030	35013925	667309	335759	2193048	5549248	NA	0
117	1	opencv	conan-gcc	142618	35156543	668698	335759	2203096	5572440	NA	0
118	1	opencv	conan-gcc	113827	35270370	669168	335759	2209015	5591388	NA	0
119	1	opencv	conan-gcc	119302	35389672	670116	335759	2215475	5611398	NA	0
120	1	opencv	conan-gcc	118496	35508168	670698	335759	2221980	5631668	NA	0
121	1	opencv	conan-gcc	156101	35664269	672576	335759	2235699	5655865	NA	0
122	1	opencv	conan-gcc	133494	35797763	673706	335759	2245770	5677487	NA	0
123	1	opencv	conan-gcc	130118	35927881	674694	335759	2254214	5699153	NA	0
124	1	opencv	conan-gcc	112104	36039985	675179	335759	2259641	5717918	NA	0
125	1	opencv	conan-gcc	98783	36138768	675827	335759	2268009	5736334	NA	0
126	1	opencv	conan-gcc	115966	36254734	676134	335759	2272833	5755288	NA	0
127	1	opencv	conan-gcc	150324	36405058	678151	335759	2285629	5779006	NA	0
128	1	opencv	conan-gcc	111845	36516903	678411	335759	2290657	5797621	NA	0
129	1	opencv	conan-gcc	752	36517655	678594	335759	2290837	5797864	NA	0
130	1	opencv	conan-gcc	116603	36634258	678779	335759	2297024	5817152	NA	0
131	1	opencv	conan-gcc	126493	36760751	679709	335759	2305848	5838178	NA	0
132	1	opencv	conan-gcc	126236	36886987	680995	335759	2313826	5859353	NA	0
133	1	opencv	conan-gcc	3799	36890786	681157	335759	2314685	5859962	NA	0
134	1	opencv	conan-gcc	12088	36902874	681517	335759	2316470	5861312	NA	0
135	1	opencv	conan-gcc	53953	36956827	682133	335759	2320714	5863964	NA	0
136	1	opencv	conan-gcc	37889	36994716	684233	335759	2322130	5866224	NA	0
137	1	opencv	conan-gcc	15904	37010620	684585	335759	2325697	5868853	NA	0
138	1	opencv	conan-gcc	21713	37032333	684926	335759	2328352	5870976	NA	0
139	1	opencv	conan-gcc	9225	37041558	685293	335759	2329574	5872256	NA	0
140	1	opencv	conan-gcc	44988	37086546	686041	335759	2332784	5874743	NA	0
141	1	opencv	conan-gcc	59546	37146092	687925	335759	2335166	5877629	NA	0
142	1	opencv	conan-gcc	16381	37162473	688635	335759	2337622	5879852	NA	0
143	1	opencv	conan-gcc	10329	37172802	689147	335759	2339289	5881336	NA	0
144	1	opencv	conan-gcc	14379	37187181	689810	335759	2341872	5883602	NA	0
145	1	opencv	conan-gcc	14140	37201321	690308	335759	2344444	5885738	NA	0
146	1	opencv	conan-gcc	12249	37213570	691017	335759	2346459	5887780	NA	0
147	1	opencv	conan-gcc	19382	37232952	692125	335759	2349533	5890821	NA	0
148	1	opencv	conan-gcc	14259	37247211	692825	335759	2351838	5893236	NA	0
149	1	opencv	conan-gcc	6631	37253842	693103	335759	2352730	5894261	NA	0
150	1	opencv	conan-gcc	7617	37261459	693353	335759	2353644	5895337	NA	0
151	1	opencv	conan-gcc	62768	37324227	693832	335759	2357798	5898627	NA	0
152	1	opencv	conan-gcc	43411	37367638	695720	335759	2359324	5901338	NA	0
153	1	opencv	conan-gcc	10180	37377818	696204	335759	2360456	5902756	NA	0
154	1	opencv	conan-gcc	50073	37427891	696973	335759	2363795	5905520	NA	0
155	1	opencv	conan-gcc	64823	37492714	698904	335759	2366048	5908690	NA	0
156	1	opencv	conan-gcc	18265	37510979	699625	335759	2368839	5911239	NA	0
157	1	opencv	conan-gcc	11432	37522411	699938	335759	2370741	5912890	NA	0
158	1	opencv	conan-gcc	14487	37536898	700410	335759	2373116	5915064	NA	0
159	1	opencv	conan-gcc	7352	37544250	700547	335759	2374013	5916010	NA	0
160	1	opencv	conan-gcc	203162	37747412	706826	335759	2387814	5940092	NA	0
161	1	opencv	conan-gcc	168390	37915802	712545	335759	2415607	5964323	NA	0
162	1	opencv	conan-gcc	98353	38014155	713158	335759	2420963	5982132	NA	0
163	1	opencv	conan-gcc	97332	38111487	713517	335759	2426145	5999891	NA	0
164	1	opencv	conan-gcc	144288	38255775	713925	335759	2433677	6022233	NA	0
165	1	opencv	conan-gcc	104581	38360356	714825	335759	2440503	6040995	NA	0
166	1	opencv	conan-gcc	271319	38631675	726498	335759	2470994	6075043	NA	0
167	1	opencv	conan-gcc	262182	38893857	733230	335759	2495236	6107006	NA	0
168	1	opencv	conan-gcc	412856	39306713	745397	335759	2539889	6155611	NA	0
169	1	opencv	conan-gcc	288062	39594775	752448	335759	2571301	6193069	NA	0
170	1	opencv	conan-gcc	97122	39691897	752790	335759	2576213	6210734	NA	0
171	1	opencv	conan-gcc	105069	39796966	753900	335759	2581497	6228686	NA	0
172	1	opencv	conan-gcc	97047	39894013	754334	335759	2586226	6246246	NA	0
173	1	opencv	conan-gcc	222220	40116233	758463	335759	2608759	6275547	NA	0
174	1	opencv	conan-gcc	115759	40231992	758742	335759	2614822	6283076	NA	0
175	1	opencv	conan-gcc	98155	40330147	759126	335759	2619964	6300913	NA	0
176	1	opencv	conan-gcc	230849	40560996	764677	335759	2645613	6332253	NA	0
177	1	opencv	conan-gcc	73859	40634855	766295	335759	2651884	6344285	NA	0
178	1	opencv	conan-gcc	94374	40729229	766445	335759	2655750	6361367	NA	0
179	1	opencv	conan-gcc	94324	40823553	766589	335759	2659564	6378458	NA	0
180	1	opencv	conan-gcc	229448	41053001	772274	335759	2688052	6417853	NA	0
181	1	opencv	conan-gcc	217507	41270508	776166	335759	2708998	6451488	NA	0
182	1	opencv	conan-gcc	94374	41364882	776316	335759	2712864	6468582	NA	0
183	1	opencv	conan-gcc	152986	41517868	779004	335759	2727362	6494822	NA	0
184	1	opencv	conan-gcc	98758	41616626	779424	335759	2732813	6512983	NA	0
185	1	opencv	conan-gcc	94380	41711006	779577	335759	2736679	6530078	NA	0
186	1	opencv	conan-gcc	130350	41841356	782160	335759	2749214	6552268	NA	0
187	1	opencv	conan-gcc	102788	41944144	782807	335759	2755490	6570976	NA	0
188	1	opencv	conan-gcc	94390	42038534	782955	335759	2759364	6588074	NA	0
189	1	opencv	conan-gcc	259081	42297615	787258	335759	2787641	6622552	NA	0
190	1	opencv	conan-gcc	139244	42436859	789869	335759	2801544	6645802	NA	0
191	1	opencv	conan-gcc	159382	42596241	794106	335759	2817993	6671232	NA	0
192	1	opencv	conan-gcc	105086	42701327	794697	335759	2825127	6690313	NA	0
193	1	opencv	conan-gcc	103491	42804818	795852	335759	2831912	6709325	NA	0
194	1	opencv	conan-gcc	100054	42904872	796287	335759	2837523	6727555	NA	0
195	1	opencv	conan-gcc	103127	43007999	796785	335759	2843661	6746299	NA	0
196	1	opencv	conan-gcc	94592	43102591	796944	335759	2847709	6763499	NA	0
197	1	opencv	conan-gcc	101862	43204453	797699	335759	2852558	6781210	NA	0
198	1	opencv	conan-gcc	94374	43298827	797845	335759	2856425	6798307	NA	0
199	1	opencv	conan-gcc	122852	43421679	799736	335759	2866831	6820198	NA	0
200	1	opencv	conan-gcc	150255	43571934	801600	335759	2877971	6847158	NA	0
201	1	opencv	conan-gcc	94374	43666308	801742	335759	2881838	6864255	NA	0
202	1	opencv	conan-gcc	833767	44500075	807113	335759	2927296	6999622	NA	0
203	1	opencv	conan-gcc	153489	44653564	809166	335759	2937788	7026316	NA	0
204	1	opencv	conan-gcc	107817	44761381	812173	335759	2950547	7044092	NA	0
205	1	opencv	conan-gcc	49659	44811040	812792	335759	2953811	7053007	NA	0
206	1	opencv	conan-gcc	54847	44865887	813348	335759	2956684	7059246	NA	0
207	1	opencv	conan-gcc	74530	44940417	813910	335759	2960534	7071779	NA	0
208	1	opencv	conan-gcc	67793	45008210	814789	335759	2965876	7080187	NA	0
209	1	opencv	conan-gcc	47862	45056072	814997	335759	2967852	7088467	NA	0
210	1	opencv	conan-gcc	185507	45241579	815372	335759	2976175	7111110	NA	0
211	1	opencv	conan-gcc	142270	45383849	819001	335759	2999694	7136013	NA	0
212	1	opencv	conan-gcc	144231	45528080	820377	335759	3009333	7161139	NA	0
213	1	opencv	conan-gcc	155098	45683178	821898	335759	3023792	7189295	NA	0
214	1	opencv	conan-gcc	177326	45860504	825291	335759	3040537	7218839	NA	0
215	1	opencv	conan-gcc	161221	46021725	827148	335759	3054804	7247021	NA	0
216	1	opencv	conan-gcc	105753	46127478	827721	335759	3060725	7266885	NA	0
217	1	opencv	conan-gcc	131379	46258857	828615	335759	3073729	7291835	NA	0
218	1	opencv	conan-gcc	156600	46415457	830048	335759	3088020	7320489	NA	0
219	1	opencv	conan-gcc	206959	46622416	834634	335759	3117419	7356342	NA	0
220	1	opencv	conan-gcc	172267	46794683	837541	335759	3133227	7385288	NA	0
221	1	opencv	conan-gcc	69784	46864467	839846	335759	3144199	7397233	NA	0
222	1	opencv	conan-gcc	117512	46981979	842174	335759	3158040	7416876	NA	0
223	1	opencv	conan-gcc	70790	47052769	843108	609105	3163901	7429169	NA	1
224	1	opencv	conan-gcc	58165	47110934	1000501	609105	3166303	7439304	NA	0
225	1	opencv	conan-gcc	58120	47169054	1000701	609105	3168693	7449436	NA	0
226	1	opencv	conan-gcc	213702	47382756	1001738	609105	3180153	7475708	NA	0
227	1	opencv	conan-gcc	58084	47440840	1001955	609105	3182545	7485833	NA	0
228	1	opencv	conan-gcc	139815	47580655	1003762	609105	3202563	7513011	NA	0
229	1	opencv	conan-gcc	58062	47638717	1003938	609105	3204944	7523142	NA	0
230	1	opencv	conan-gcc	58093	47696810	1004113	609105	3207335	7533282	NA	0
231	1	opencv	conan-gcc	58048	47754858	1004286	609105	3209709	7543413	NA	0
232	1	opencv	conan-gcc	231978	47986836	1004717	609105	3219361	7575619	NA	0
233	1	opencv	conan-gcc	46588	48033424	1005060	609105	3221382	7583875	NA	0
234	1	opencv	conan-gcc	139086	48172510	1006474	609105	3233609	7607833	NA	0
235	1	opencv	conan-gcc	80387	48252897	1007098	609105	3238046	7619901	NA	0
236	1	opencv	conan-gcc	58043	48310940	1007273	609105	3240418	7630031	NA	0
237	1	opencv	conan-gcc	58074	48369014	1007444	609105	3242802	7640160	NA	0
238	1	opencv	conan-gcc	58023	48427037	1007616	609105	3245166	7650284	NA	0
239	1	opencv	conan-gcc	58030	48485067	1007784	609105	3247531	7660416	NA	0
240	1	opencv	conan-gcc	285955	48771022	1009002	609105	3267752	7700481	NA	0
241	1	opencv	conan-gcc	58035	48829057	1009172	609105	3270122	7710610	NA	0
242	1	opencv	conan-gcc	150307	48979364	1011021	609105	3282822	7737031	NA	0
243	1	opencv	conan-gcc	58049	49037413	1011196	609105	3285200	7747153	NA	0
244	1	opencv	conan-gcc	58081	49095494	1011363	609105	3287582	7757283	NA	0
245	1	opencv	conan-gcc	58028	49153522	1011529	609105	3289953	7767407	NA	0
246	1	opencv	conan-gcc	58036	49211558	1011697	609105	3292321	7777540	NA	0
247	1	opencv	conan-gcc	301785	49513343	1014957	609105	3314768	7819599	NA	0
248	1	opencv	conan-gcc	58042	49571385	1015124	609105	3317140	7829725	NA	0
249	1	opencv	conan-gcc	105084	49676469	1016081	609105	3322930	7846182	NA	0
250	1	opencv	conan-gcc	58102	49734571	1016260	609105	3325318	7856312	NA	0
251	1	opencv	conan-gcc	58050	49792621	1016436	609105	3327690	7866437	NA	0
252	1	opencv	conan-gcc	58057	49850678	1016608	609105	3330062	7876561	NA	0
253	1	opencv	conan-gcc	213889	50064567	1017396	609105	3340479	7903190	NA	0
254	1	opencv	conan-gcc	167639	50232206	1018767	609105	3353256	7930892	NA	0
255	1	opencv	conan-gcc	58056	50290262	1018940	609105	3355630	7941023	NA	0
256	1	opencv	conan-gcc	227232	50517494	1021429	609105	3376499	7975721	NA	0
257	1	opencv	conan-gcc	58082	50575576	1021605	609105	3378883	7985854	NA	0
258	1	opencv	conan-gcc	97622	50673198	1021867	609105	3382650	8002282	NA	0
259	1	opencv	conan-gcc	58127	50731325	1022047	609105	3385047	8012419	NA	0
260	1	opencv	conan-gcc	58075	50789400	1022222	609105	3387427	8022553	NA	0
261	1	opencv	conan-gcc	58082	50847482	1022386	609105	3389809	8032688	NA	0
262	1	opencv	conan-gcc	266469	51113951	1023912	609105	3405982	8067407	NA	0
263	1	opencv	conan-gcc	58089	51172040	1024087	609105	3408369	8077541	NA	0
264	1	opencv	conan-gcc	58101	51230141	1024265	609105	3410760	8087675	NA	0
265	1	opencv	conan-gcc	58049	51288190	1024432	609105	3413131	8097803	NA	0
266	1	opencv	conan-gcc	58056	51346246	1024593	609105	3415504	8107932	NA	0
267	1	opencv	conan-gcc	274662	51620908	1026099	609105	3431029	8143242	NA	0
268	1	opencv	conan-gcc	58063	51678971	1026272	609105	3433406	8153373	NA	0
269	1	opencv	conan-gcc	71087	51750058	1027245	609105	3438419	8165568	NA	0
270	1	opencv	conan-gcc	58086	51808144	1027420	609105	3440803	8175696	NA	0
271	1	opencv	conan-gcc	58117	51866261	1027598	609105	3443196	8185828	NA	0
272	1	opencv	conan-gcc	58065	51924326	1027763	609105	3445573	8195953	NA	0
273	1	opencv	conan-gcc	58072	51982398	1027925	609105	3447952	8206081	NA	0
274	1	opencv	conan-gcc	220593	52202991	1028904	609105	3459484	8234497	NA	0
275	1	opencv	conan-gcc	86760	52289751	1029379	609105	3464520	8249410	NA	0
276	1	opencv	conan-gcc	202237	52491988	1029781	609105	3472965	8274520	NA	0
277	1	opencv	conan-gcc	103750	52595738	1030823	609105	3479155	8289901	NA	0
278	1	opencv	conan-gcc	58230	52653968	1031014	609105	3481586	8300053	NA	0
279	1	opencv	conan-gcc	69516	52723484	1031248	609105	3484265	8311531	NA	0
280	1	opencv	conan-gcc	58080	52781564	1031419	609105	3486647	8321661	NA	0
281	1	opencv	conan-gcc	280273	53061837	1032479	609105	3497893	8352118	NA	0
282	1	opencv	conan-gcc	58184	53120021	1032658	609105	3500314	8362264	NA	0
283	1	opencv	conan-gcc	110196	53230217	1033270	609105	3506717	8380714	NA	0
284	1	opencv	conan-gcc	58055	53288272	1033444	609105	3509099	8390841	NA	0
285	1	opencv	conan-gcc	58086	53346358	1033618	609105	3511489	8400972	NA	0
286	1	opencv	conan-gcc	75326	53421684	1033871	609105	3514592	8414295	NA	0
287	1	opencv	conan-gcc	252681	53674365	1034637	609105	3529461	8447624	NA	0
288	1	opencv	conan-gcc	75410	53749775	1034812	609105	3532569	8460958	NA	0
289	1	opencv	conan-gcc	149352	53899127	1036267	609105	3544276	8487559	NA	0
290	1	opencv	conan-gcc	132986	54032113	1037036	609105	3554697	8511966	NA	0
291	1	opencv	conan-gcc	153253	54185366	1038911	609105	3568482	8538112	NA	0
292	1	opencv	conan-gcc	198519	54383885	1041594	609105	3587645	8573657	NA	0
293	1	opencv	conan-gcc	25131	54409016	1041958	609105	3590226	8578512	NA	0
294	1	opencv	conan-gcc	134844	54543860	1042477	609105	3601310	8604543	NA	0
295	1	opencv	conan-gcc	104223	54648083	1043198	609105	3608019	8623986	NA	0
296	1	opencv	conan-gcc	188931	54837014	1044720	609105	3622880	8654704	NA	0
297	1	opencv	conan-gcc	196205	55033219	1046924	609105	3642146	8689667	NA	0
298	1	opencv	conan-gcc	108420	55141639	1047701	609105	3650773	8710136	NA	0
299	1	opencv	conan-gcc	117563	55259202	1048277	609105	3656939	8730301	NA	0
300	1	opencv	conan-gcc	231018	55490220	1050194	609105	3676057	8768228	NA	0
301	1	opencv	conan-gcc	133580	55623800	1051151	609105	3684554	8791593	NA	0
302	1	opencv	conan-gcc	170334	55794134	1051895	609105	3692903	8818177	NA	0
303	1	opencv	conan-gcc	134652	55928786	1052864	609105	3701332	8841905	NA	0
304	1	opencv	conan-gcc	123636	56052422	1053621	609105	3709174	8864584	NA	0
305	1	opencv	conan-gcc	193174	56245596	1054935	609105	3728237	8899814	NA	0
306	1	opencv	conan-gcc	201680	56447276	1056794	609105	3748853	8934321	NA	0
307	1	opencv	conan-gcc	110738	56558014	1057593	609105	3756825	8955009	NA	0
308	1	opencv	conan-gcc	131774	56689788	1058555	609105	3764433	8978264	NA	0
309	1	opencv	conan-gcc	117946	56807734	1059985	609105	3770591	9000867	NA	0
310	1	opencv	conan-gcc	234462	57042196	1063728	609105	3799818	9042480	NA	0
311	1	opencv	conan-gcc	188434	57230630	1064794	609105	3811098	9072507	NA	0
312	1	opencv	conan-gcc	209494	57440124	1068486	609105	3833944	9104319	NA	0
313	1	opencv	conan-gcc	177027	57617151	1071299	609105	3849334	9134723	NA	0
314	1	opencv	conan-gcc	168981	57786132	1073301	609105	3861977	9163980	NA	0
315	1	opencv	conan-gcc	172469	57958601	1075434	609105	3875454	9194120	NA	0
316	1	opencv	conan-gcc	87012	58045613	1076417	609105	3881063	9209033	NA	0
317	1	opencv	conan-gcc	111172	58156785	1077362	609105	3888632	9227884	NA	0
318	1	opencv	conan-gcc	101158	58257943	1077851	609105	3892933	9244260	NA	0
319	1	opencv	conan-gcc	95145	58353088	1078164	609105	3897196	9259890	NA	0
320	1	opencv	conan-gcc	65753	58418841	1079064	609105	3903087	9271282	NA	0
321	1	opencv	conan-gcc	68813	58487654	1080250	609105	3908703	9282450	NA	0
322	1	opencv	conan-gcc	127354	58615008	1081210	609105	3917878	9304722	NA	0
323	1	opencv	conan-gcc	30855	58645863	1081765	609105	3921433	9310462	NA	0
324	1	opencv	conan-gcc	42309	58688172	1082248	609105	3924347	9317817	NA	0
325	1	opencv	conan-gcc	23655	58711827	1082477	609105	3925890	9321976	NA	0
326	1	opencv	conan-gcc	104502	58816329	1082983	609105	3931388	9339292	NA	0
327	1	opencv	conan-gcc	67617	58883946	1084050	609105	3935719	9350142	NA	0
328	1	opencv	conan-gcc	69424	58953370	1084676	609105	3939328	9361693	NA	0
329	1	opencv	conan-gcc	276248	59229618	1091948	609105	3977484	9404266	NA	0
330	1	opencv	conan-gcc	173750	59403368	1094000	609105	3985646	9431216	NA	0
331	1	opencv	conan-gcc	191737	59595105	1095041	609105	3996853	9460215	NA	0
332	1	opencv	conan-gcc	434394	60029499	1100263	609105	4034565	9517611	NA	0
333	1	opencv	conan-gcc	173213	60202712	1100653	609105	4041949	9544415	NA	0
334	1	opencv	conan-gcc	302267	60504979	1104180	609105	4071217	9589143	NA	0
335	1	opencv	conan-gcc	180297	60685276	1104937	812071	4080466	9617032	NA	1
336	1	opencv	conan-gcc	177851	60863127	1805212	812071	4089534	9644844	NA	0
337	1	opencv	conan-gcc	664732	61527859	1827229	812071	4189203	9735294	NA	0
338	1	opencv	conan-gcc	276759	61804618	1832690	812071	4218963	9776847	NA	0
339	1	opencv	conan-gcc	327070	62131688	1833379	812071	4233757	9819871	NA	0
340	1	opencv	conan-gcc	184277	62315965	1834150	812071	4244416	9848529	NA	0
341	1	opencv	conan-gcc	204847	62520812	1835668	812071	4258429	9878960	NA	0
342	1	opencv	conan-gcc	178731	62699543	1836822	812071	4267454	9906933	NA	0
343	1	opencv	conan-gcc	249521	62949064	1841408	812071	4287454	9941725	NA	0
344	1	opencv	conan-gcc	576660	63525724	1845047	812071	4318149	9992943	NA	0
345	1	opencv	conan-gcc	222480	63748204	1847446	812071	4337481	10027281	NA	0
346	1	opencv	conan-gcc	271788	64019992	1851555	812071	4367030	10068928	NA	0
347	1	opencv	conan-gcc	178682	64198674	1852031	812071	4376495	10096873	NA	0
348	1	opencv	conan-gcc	173331	64372005	1852315	812071	4383896	10123669	NA	0
349	1	opencv	conan-gcc	177662	64549667	1853196	812071	4392318	10151022	NA	0
350	1	opencv	conan-gcc	185981	64735648	1853943	812071	4402035	10179138	NA	0
351	1	opencv	conan-gcc	260900	64996548	1863879	812071	4446858	10223955	NA	0
352	1	opencv	conan-gcc	202633	65199181	1865664	812071	4459329	10255624	NA	0
353	1	opencv	conan-gcc	242762	65441943	1869856	812071	4475888	10289502	NA	0
354	1	opencv	conan-gcc	191449	65633392	1870826	812071	4484667	10318889	NA	0
355	1	opencv	conan-gcc	210098	65843490	1872465	812071	4498540	10351394	NA	0
356	1	opencv	conan-gcc	288304	66131794	1878815	812071	4530438	10396504	NA	0
357	1	opencv	conan-gcc	185150	66316944	1879247	812071	4537656	10425036	NA	0
358	1	opencv	conan-gcc	316173	66633117	1885378	812071	4570307	10471035	NA	0
359	1	opencv	conan-gcc	378085	67011202	1891193	812071	4605678	10520432	NA	0
360	1	opencv	conan-gcc	243090	67254292	1895199	812071	4627606	10558142	NA	0
361	1	opencv	conan-gcc	203286	67457578	1896937	812071	4640188	10590235	NA	0
362	1	opencv	conan-gcc	186047	67643625	1897465	812071	4647511	10618905	NA	0
363	1	opencv	conan-gcc	243285	67886910	1901526	812071	4669644	10657538	NA	0
364	1	opencv	conan-gcc	194828	68081738	1902307	812071	4678654	10687406	NA	0
365	1	opencv	conan-gcc	248241	68329979	1905951	812071	4702803	10727220	NA	0
366	1	opencv	conan-gcc	184493	68514472	1911669	812071	4710745	10755465	NA	0
367	1	opencv	conan-gcc	2111463	70625935	1954986	812071	4909681	10929643	NA	0
368	1	opencv	conan-gcc	1990990	72616925	1978517	812071	5100875	11234149	NA	0
369	1	opencv	conan-gcc	1716115	74333040	1981288	812071	5186615	11497372	NA	0
370	1	opencv	conan-gcc	2008073	76341113	1983786	812071	5289241	11805004	NA	0
371	1	opencv	conan-gcc	2459921	78801034	1996507	812071	5429000	12145073	NA	0
372	1	opencv	conan-gcc	2353878	81154912	2000733	812071	5563011	12492639	NA	0
373	1	opencv	conan-gcc	2014715	83169627	2001396	812071	5655327	12800815	NA	0
374	1	opencv	conan-gcc	1761129	84930756	2004532	812071	5744436	13069387	NA	0
375	1	opencv	conan-gcc	266	84931022	2004673	812071	5744544	13069529	NA	0
376	1	opencv	conan-gcc	1581139	86512161	2005386	812071	5822290	13312639	NA	0
377	1	opencv	conan-gcc	1562810	88074971	2005714	812071	5898455	13552938	NA	0
378	1	opencv	conan-gcc	1641899	89716870	2010019	812071	5982988	13804911	NA	0
379	1	opencv	conan-gcc	1619807	91336677	2012505	812071	6062123	14051510	NA	0
380	1	opencv	conan-gcc	2150550	93487227	2013359	812071	6156879	14375157	NA	0
381	1	opencv	conan-gcc	2259790	95747017	2015605	812071	6261914	14715874	NA	0
382	1	opencv	conan-gcc	2026144	97773161	2017867	812071	6358875	15024195	NA	0
383	1	opencv	conan-gcc	1864914	99638075	2018445	812071	6445166	15311603	NA	0
384	1	opencv	conan-gcc	1875548	101513623	2019094	812071	6533043	15600636	NA	0
385	1	opencv	conan-gcc	1574811	103088434	2020325	812071	6612685	15842419	NA	0
386	1	opencv	conan-gcc	1731876	104820310	2021483	812071	6698075	16108585	NA	0
387	1	opencv	conan-gcc	1717988	106538298	2027507	812071	6806128	16374571	NA	0
388	1	opencv	conan-gcc	1036727	107575025	2027951	812071	6856322	16535241	NA	0
389	1	opencv	conan-gcc	1184027	108759052	2028808	812071	6915273	16718206	NA	0
390	1	opencv	conan-gcc	1571423	110330475	2029934	812071	6993103	16959133	NA	0
391	1	opencv	conan-gcc	1603719	111934194	2030589	812071	7072073	17199214	NA	0
392	1	opencv	conan-gcc	1850927	113785121	2039449	812071	7193250	17471235	NA	0
393	1	opencv	conan-gcc	2079228	115864349	2045149	812071	7306792	17789054	NA	0
394	1	opencv	conan-gcc	2136488	118000837	2049560	812071	7427000	18117258	NA	0
395	1	opencv	conan-gcc	3300457	121301294	2068276	812071	7691174	18579643	NA	0
396	1	opencv	conan-gcc	4069573	125370867	2130938	812071	7906616	19040529	NA	0
397	1	opencv	conan-gcc	2965406	128336273	2132750	812071	8036397	19449544	NA	0
398	1	opencv	conan-gcc	3014217	131350490	2135928	812071	8177458	19865205	NA	0
399	1	opencv	conan-gcc	2959400	134309890	2137906	812071	8302555	20271196	NA	0
400	1	opencv	conan-gcc	3146526	137456416	2143012	812071	8456507	20699165	NA	0
401	1	opencv	conan-gcc	1623403	139079819	2145094	812071	8541177	20950208	NA	0
402	1	opencv	conan-gcc	2400506	141480325	2146713	812071	8651019	21310221	NA	0
403	1	opencv	conan-gcc	3119260	144599585	2148299	812071	8784646	21741700	NA	0
404	1	opencv	conan-gcc	2977115	147576700	2149468	812071	8910118	22151010	NA	0
405	1	opencv	conan-gcc	1590134	149166834	2150070	812071	8988715	22395088	NA	0
406	1	opencv	conan-gcc	3277609	152444443	2153961	812071	9144838	22842688	NA	0
407	1	opencv	conan-gcc	2257511	154701954	2155420	812071	9251076	23185055	NA	0
408	1	opencv	conan-gcc	3162987	157864941	2158884	812071	9395347	23621814	NA	0
409	1	opencv	conan-gcc	2695478	160560419	2195612	812071	9691111	24008969	NA	0
410	1	opencv	conan-gcc	2739767	163300186	2196888	812071	9807685	24401792	NA	0
411	1	opencv	conan-gcc	2777286	166077472	2199220	812071	9937985	24800930	NA	0
412	1	opencv	conan-gcc	2915138	168992610	2201505	812071	10067239	25199596	NA	0
413	1	opencv	conan-gcc	2821903	171814513	2207448	812071	10209139	25605147	NA	0
414	1	opencv	conan-gcc	2720827	174535340	2209011	812071	10328044	25996823	NA	0
415	1	opencv	conan-gcc	2705841	177241181	2209640	812071	10443928	26386009	NA	0
416	1	opencv	conan-gcc	2840951	180082132	2211072	812071	10568696	26797785	NA	0
417	1	opencv	conan-gcc	2139640	182221772	2212133	812071	10665853	27116618	NA	0
418	1	opencv	conan-gcc	2717524	184939296	2212943	812071	10784365	27507785	NA	0
419	1	opencv	conan-gcc	2699075	187638371	2213354	812071	10897875	27895590	NA	0
420	1	opencv	conan-gcc	2706902	190345273	2214076	812071	11015315	28285703	NA	0
421	1	opencv	conan-gcc	2697826	193043099	2214386	812071	11129246	28673867	NA	0
422	1	opencv	conan-gcc	2765445	195808544	2215301	812071	11247431	29067101	NA	0
423	1	opencv	conan-gcc	2697895	198506439	2215593	812071	11360959	29454938	NA	0
424	1	opencv	conan-gcc	2738250	201244689	2216363	812071	11476727	29846068	NA	0
425	1	opencv	conan-gcc	2737582	203982271	2217812	812071	11600516	30241402	NA	0
426	1	opencv	conan-gcc	2706837	206689108	2218576	812071	11717061	30631301	NA	0
427	1	opencv	conan-gcc	2703486	209392594	2219187	812071	11832740	31020451	NA	0
428	1	opencv	conan-gcc	2697025	212089619	2219547	812071	11946446	31408404	NA	0
429	1	opencv	conan-gcc	2776799	214866418	2220059	812071	12062741	31808347	NA	0
430	1	opencv	conan-gcc	2698792	217565210	2220638	812071	12175984	32195857	NA	0
431	1	opencv	conan-gcc	2694791	220260001	2221138	812071	12288484	32583164	NA	0
432	1	opencv	conan-gcc	2803162	223063163	2224868	812071	12431145	32989079	NA	0
433	1	opencv	conan-gcc	2700959	225764122	2225596	812071	12544360	33376832	NA	0
434	1	opencv	conan-gcc	2702811	228466933	2226177	812071	12659762	33766026	NA	0
435	1	opencv	conan-gcc	2898726	231365659	2230214	812071	12815419	34191154	NA	0
436	1	opencv	conan-gcc	2858429	234224088	2231972	812071	12974407	34604981	NA	0
437	1	opencv	conan-gcc	2712547	236936635	2233194	812071	13090523	34995702	NA	0
438	1	opencv	conan-gcc	2691889	239628524	2233354	812071	13201935	35382498	NA	0
439	1	opencv	conan-gcc	2705952	242334476	2233937	812071	13316798	35771264	NA	0
440	1	opencv	conan-gcc	2709274	245043750	2234621	812071	13434400	36161961	NA	0
441	1	opencv	conan-gcc	2764534	247808284	2236635	812071	13563794	36561038	NA	0
442	1	opencv	conan-gcc	2836245	250644529	2238092	812071	13692536	36970673	NA	0
443	1	opencv	conan-gcc	2955702	253600231	2241803	812071	13830863	37397674	NA	0
444	1	opencv	conan-gcc	2702288	256302519	2242359	812071	13946451	37786809	NA	0
445	1	opencv	conan-gcc	2710856	259013375	2242733	812071	14061306	38176982	NA	0
446	1	opencv	conan-gcc	2695236	261708611	2243150	812071	14173846	38564325	NA	0
447	1	opencv	conan-gcc	2815826	264524437	2245243	1684831	14320839	38976232	NA	1
448	1	opencv	conan-gcc	2754164	267278601	2624203	1684831	14443582	39370995	NA	0
449	1	opencv	conan-gcc	2870892	270149493	2628159	1684831	14594318	39783783	NA	0
450	1	opencv	conan-gcc	2746282	272895775	2630539	1684831	14720698	40180347	NA	0
451	1	opencv	conan-gcc	2709838	275605613	2631371	1684831	14838554	40570898	NA	0
452	1	opencv	conan-gcc	2705188	278310801	2632112	1684831	14953777	40959818	NA	0
453	1	opencv	conan-gcc	2761284	281072085	2633468	1684831	15076868	41355114	NA	0
454	1	opencv	conan-gcc	2700812	283772897	2633997	1684831	15192216	41744103	NA	0
455	1	opencv	conan-gcc	2725941	286498838	2634857	1684831	15312299	42136393	NA	0
456	1	opencv	conan-gcc	2723156	289221994	2636188	1684831	15432645	42528526	NA	0
457	1	opencv	conan-gcc	2756711	291978705	2637537	1684831	15559012	42926440	NA	0
458	1	opencv	conan-gcc	2832386	294811091	2639895	1684831	15688199	43323852	NA	0
459	1	opencv	conan-gcc	2730147	297541238	2641124	1684831	15808662	43716734	NA	0
460	1	opencv	conan-gcc	2709888	300251126	2641862	1684831	15924577	44106383	NA	0
461	1	opencv	conan-gcc	2728080	302979206	2643163	1684831	16045974	44500012	NA	0
462	1	opencv	conan-gcc	2829545	305808751	2645880	1684831	16180869	44902025	NA	0
463	1	opencv	conan-gcc	2721291	308530042	2647480	1684831	16299629	45292334	NA	0
464	1	opencv	conan-gcc	2693843	311223885	2649804	1684831	16411859	45679163	NA	0
465	1	opencv	conan-gcc	2693839	313917724	2649992	1684831	16523284	46065928	NA	0
466	1	opencv	conan-gcc	2693835	316611559	2650154	1684831	16634709	46452719	NA	0
467	1	opencv	conan-gcc	2703383	319314942	2651122	1684831	16749356	46840984	NA	0
468	1	opencv	conan-gcc	2704193	322019135	2651542	1684831	16864868	47230038	NA	0
469	1	opencv	conan-gcc	2698036	324717171	2652124	1684831	16978588	47618003	NA	0
470	1	opencv	conan-gcc	2925912	327643083	2654815	1684831	17113050	48045294	NA	0
471	1	opencv	conan-gcc	2776739	330419822	2659336	1684831	17237913	48442163	NA	0
472	1	opencv	conan-gcc	2692942	333112764	2659524	1684831	17349438	48828953	NA	0
473	1	opencv	conan-gcc	2695070	335807834	2659810	1684831	17461101	49216219	NA	0
474	1	opencv	conan-gcc	4703543	340511377	2662305	1684831	17643245	49768148	NA	0
475	1	opencv	conan-gcc	2705371	343216748	2662741	1684831	17758319	50157000	NA	0
476	1	opencv	conan-gcc	3073198	346289946	2666662	1684831	17922645	50611891	NA	0
477	1	opencv	conan-gcc	2982993	349272939	2667217	1684831	18053027	51048769	NA	0
478	1	opencv	conan-gcc	2840640	352113579	2668127	1684831	18179536	51463072	NA	0
479	1	opencv	conan-gcc	2820347	354933926	2668660	1684831	18301406	51874426	NA	0
480	1	opencv	conan-gcc	2845154	357779080	2669885	1684831	18429451	52290199	NA	0
481	1	opencv	conan-gcc	2842116	360621196	2671452	1684831	18556125	52705755	NA	0
482	1	opencv	conan-gcc	2721313	363342509	2672669	1684831	18677100	53098622	NA	0
483	1	opencv	conan-gcc	2756705	366099214	2674623	1684831	18800529	53493252	NA	0
484	1	opencv	conan-gcc	2816852	368916066	2677638	1684831	18950212	53904200	NA	0
485	1	opencv	conan-gcc	2709329	371625395	2678438	1684831	19065358	54293741	NA	0
486	1	opencv	conan-gcc	2698226	374323621	2679057	1684831	19178287	54681288	NA	0
487	1	opencv	conan-gcc	2697283	377020904	2679566	1684831	19291447	55068920	NA	0
488	1	opencv	conan-gcc	2691853	379712757	2679717	1684831	19402848	55455653	NA	0
489	1	opencv	conan-gcc	2714516	382427273	2680857	1684831	19519003	55846063	NA	0
490	1	opencv	conan-gcc	2931091	385358364	2685926	1684831	19668436	56275983	NA	0
491	1	opencv	conan-gcc	2701782	388060146	2686226	1684831	19784186	56665664	NA	0
492	1	opencv	conan-gcc	2870922	390931068	2688120	1684831	19912605	57083622	NA	0
493	1	opencv	conan-gcc	2698436	393629504	2688424	1684831	20027093	57472123	NA	0
494	1	opencv	conan-gcc	2741013	396370517	2691255	1684831	20148955	57868452	NA	0
495	1	opencv	conan-gcc	2803784	399174301	2693712	1684831	20269675	58270345	NA	0
496	1	opencv	conan-gcc	2772701	401947002	2695531	1684831	20390503	58670808	NA	0
497	1	opencv	conan-gcc	2704089	404651091	2696350	1684831	20505274	59059890	NA	0
498	1	opencv	conan-gcc	2869525	407520616	2696948	1684831	20629388	59474326	NA	0
499	1	opencv	conan-gcc	2703762	410224378	2697353	1684831	20742430	59863149	NA	0
500	1	opencv	conan-gcc	2697137	412921515	2697647	1684831	20854660	60250875	NA	0
501	1	opencv	conan-gcc	2147349	415068864	2697872	1684831	20949941	60571388	NA	0
502	1	opencv	conan-gcc	2804978	417873842	2704818	1684831	21066988	60967930	NA	0
503	1	opencv	conan-gcc	2797035	420670877	2706259	1684831	21182911	61371695	NA	0
504	1	opencv	conan-gcc	2720733	423391610	2707346	1684831	21295757	61763783	NA	0
505	1	opencv	conan-gcc	2803199	426194809	2712535	1684831	21410412	62162640	NA	0
506	1	opencv	conan-gcc	2704183	428898992	2713758	1684831	21523072	62551569	NA	0
507	1	opencv	conan-gcc	4527708	433426700	2717956	1684831	21687732	63079775	NA	0
508	1	opencv	conan-gcc	4592311	438019011	2720578	1684831	21852960	63612056	NA	0
509	1	opencv	conan-gcc	4759877	442778888	2727238	1684831	22055419	64163943	NA	0
510	1	opencv	conan-gcc	4724347	447503235	2727617	1684831	22223399	64710388	NA	0
511	1	opencv	conan-gcc	4829219	452332454	2728524	1684831	22395525	65264295	NA	0
512	1	opencv	conan-gcc	4786085	457118539	2729265	1684831	22565481	65815231	NA	0
513	1	opencv	conan-gcc	4762520	461881059	2729712	1684831	22734017	66364301	NA	0
514	1	opencv	conan-gcc	4728899	466609958	2729951	1684831	22902054	66911307	NA	0
515	1	opencv	conan-gcc	4730204	471340162	2730835	1684831	23070003	67458464	NA	0
516	1	opencv	conan-gcc	4819826	476159988	2736597	1684831	23243006	68019761	NA	0
517	1	opencv	conan-gcc	4746029	480906017	2738398	1684831	23412114	68569366	NA	0
518	1	opencv	conan-gcc	4728412	485634429	2738951	1684831	23580372	69116264	NA	0
519	1	opencv	conan-gcc	4740650	490375079	2739574	1684831	23748737	69665566	NA	0
520	1	opencv	conan-gcc	4728801	495103880	2740092	1684831	23917010	70212542	NA	0
521	1	opencv	conan-gcc	4737463	499841343	2741130	1684831	24085799	70760570	NA	0
522	1	opencv	conan-gcc	4825694	504667037	2743925	1684831	24262497	71317846	NA	0
523	1	opencv	conan-gcc	4824480	509491517	2744096	1684831	24432786	71874037	NA	0
524	1	opencv	conan-gcc	5005835	514497352	2757815	1684831	24640599	72446588	NA	0
525	1	opencv	conan-gcc	5011864	519509216	2758861	1684831	24814212	73020486	NA	0
526	1	opencv	conan-gcc	5101314	524610530	2761045	1684831	24990846	73607936	NA	0
527	1	opencv	conan-gcc	5027517	529638047	2762003	1684831	25164381	74183648	NA	0
528	1	opencv	conan-gcc	5022138	534660185	2762177	1684831	25337606	74759057	NA	0
529	1	opencv	conan-gcc	5018951	539679136	2762863	1684831	25510729	75333107	NA	0
530	1	opencv	conan-gcc	5105968	544785104	2763031	1684831	25685857	75915455	NA	0
531	1	opencv	conan-gcc	3485664	548270768	2803175	1684831	25963325	76412644	NA	0
532	1	opencv	conan-gcc	3485672	551756440	2803363	1684831	26110495	76909773	NA	0
533	1	opencv	conan-gcc	3485652	555242092	2803524	1684831	26257657	77406947	NA	0
534	1	opencv	conan-gcc	3485656	558727748	2803686	1684831	26404821	77904152	NA	0
535	1	opencv	conan-gcc	3485604	562213352	2803849	1684831	26551838	78401466	NA	0
536	1	opencv	conan-gcc	3485616	565698968	2804009	1684831	26698865	78898723	NA	0
537	1	opencv	conan-gcc	3485704	569184672	2804174	1684831	26846043	79395928	NA	0
538	1	opencv	conan-gcc	3531861	572716533	2804974	1684831	27002975	79897714	NA	0
539	1	opencv	conan-gcc	3496400	576212933	2805508	1684831	27157187	80396682	NA	0
540	1	opencv	conan-gcc	3891004	580103937	2810000	1684831	27351847	80927912	NA	0
541	1	opencv	conan-gcc	3529563	583633500	2811621	1684831	27507654	81432298	NA	0
542	1	opencv	conan-gcc	3500450	587133950	2811869	1684831	27660493	81930626	NA	0
543	1	opencv	conan-gcc	3490613	590624563	2812138	1684831	27809731	82428976	NA	0
544	1	opencv	conan-gcc	3504393	594128956	2812646	1684831	27965935	82929390	NA	0
545	1	opencv	conan-gcc	224	594129180	2812777	1684831	27966030	82929518	NA	0
546	1	opencv	conan-gcc	3491762	597620942	2813120	1684831	28115164	83427922	NA	0
547	1	opencv	conan-gcc	3595167	601216109	2815482	1684831	28287876	83941259	NA	0
548	1	opencv	conan-gcc	3534248	604750357	2816899	1684831	28450527	84446273	NA	0
549	1	opencv	conan-gcc	3541582	608291939	2817885	1684831	28609195	84949563	NA	0
550	1	opencv	conan-gcc	3496956	611788895	2818194	1684831	28763899	85448739	NA	0
551	1	opencv	conan-gcc	3509637	615298532	2818530	1684831	28918600	85948495	NA	0
552	1	opencv	conan-gcc	4328917	619627449	2822882	1684831	29109960	86505695	NA	0
553	1	opencv	conan-gcc	3792907	623420356	2825431	1684831	29277777	87032742	NA	0
554	1	opencv	conan-gcc	3878216	627298572	2829308	1684831	29467535	87559568	NA	0
555	1	opencv	conan-gcc	3546872	630845444	2829851	1684831	29622190	88062880	NA	0
556	1	opencv	conan-gcc	4177643	635023087	2835225	1684831	29801534	88641212	NA	0
557	1	opencv	conan-gcc	4160860	639183947	2837514	1684831	29981550	89222187	NA	0
558	1	opencv	conan-gcc	3511459	642695406	2838059	1684831	30135895	89721893	NA	0
559	1	opencv	conan-gcc	3486763	646182169	2838216	2131692	30283474	90219370	NA	1
560	1	opencv	conan-gcc	3935821	650117990	3313105	2131692	30481945	90757195	NA	0
561	1	opencv	conan-gcc	3940994	654058984	3322017	2131692	30689097	91296310	NA	0
562	1	opencv	conan-gcc	3688976	657747960	3324233	2131692	30856462	91809270	NA	0
563	1	opencv	conan-gcc	3515949	661263909	3324742	2131692	31011369	92309307	NA	0
564	1	opencv	conan-gcc	3615999	664879908	3326992	2131692	31188953	92824990	NA	0
565	1	opencv	conan-gcc	3554402	668434310	3328044	2131692	31344410	93326512	NA	0
566	1	opencv	conan-gcc	3760767	672195077	3332112	2131692	31534207	93857445	NA	0
567	1	opencv	conan-gcc	3514953	675710030	3333007	2131692	31693428	94360081	NA	0
568	1	opencv	conan-gcc	3490497	679200527	3333333	2131692	31842567	94858421	NA	0
569	1	opencv	conan-gcc	3712749	682913276	3336105	2131692	32014893	95373412	NA	0
570	1	opencv	conan-gcc	3686722	686599998	3338605	2131692	32180508	95885153	NA	0
571	1	opencv	conan-gcc	3972111	690572109	3338872	2131692	32341659	96431998	NA	0
572	1	opencv	conan-gcc	3972111	694544220	3339105	2131692	32502810	96978842	NA	0
573	1	opencv	conan-gcc	3972972	698517192	3339392	2131692	32664186	97526571	NA	0
574	1	opencv	conan-gcc	3972983	702490175	3339601	2131692	32825516	98074378	NA	0
575	1	opencv	conan-gcc	3973003	706463178	3339813	2131692	32986848	98622102	NA	0
576	1	opencv	conan-gcc	5760731	712223909	3340031	2131692	33197233	99304841	NA	0
577	1	opencv	conan-gcc	5758968	717982877	3341089	2131692	33407621	99987188	NA	0
578	1	opencv	conan-gcc	5992830	723975707	3341648	2131692	33622498	100693822	NA	0
579	1	opencv	conan-gcc	5991355	729967062	3346620	2131692	33837545	101400417	NA	0
580	1	opencv	conan-gcc	6268023	736235085	3346856	2131692	34056775	102132393	NA	0
581	1	opencv	conan-gcc	6266548	742501633	3347085	2131692	34275986	102864302	NA	0
582	1	opencv	conan-gcc	6271634	748773267	3349514	2131692	34495435	103596556	NA	0
583	1	opencv	conan-gcc	3352889	752126156	3349824	2131692	34636026	104068999	NA	0
584	1	opencv	conan-gcc	3482329	755608485	3350189	2131692	34783243	104565019	NA	0
585	1	opencv	conan-gcc	3482277	759090762	3350391	2131692	34930239	105061200	NA	0
586	1	opencv	conan-gcc	3482339	762573101	3350575	2131692	35077099	105557303	NA	0
587	1	opencv	conan-gcc	3482314	766055415	3350754	2131692	35223952	106053285	NA	0
588	1	opencv	conan-gcc	3482319	769537734	3350934	2131692	35370805	106549302	NA	0
589	1	opencv	conan-gcc	3482259	773019993	3351109	2131692	35517800	107045560	NA	0
590	1	opencv	conan-gcc	3482281	776502274	3351280	2131692	35664793	107541799	NA	0
591	1	opencv	conan-gcc	3356360	779858634	3351510	2131692	35806948	108015236	NA	0
592	1	opencv	conan-gcc	3357260	783215894	3351744	2131692	35949303	108488825	NA	0
593	1	opencv	conan-gcc	3358009	786573903	3351950	2131692	36091848	108962432	NA	0
594	1	opencv	conan-gcc	3482651	790056554	3352827	2131692	36245212	109445469	NA	0
595	1	opencv	conan-gcc	3368730	793425284	3353079	2131692	36387901	109919578	NA	0
596	1	opencv	conan-gcc	3362655	796787939	3353282	2131692	36531041	110393541	NA	0
597	1	opencv	conan-gcc	3358289	800146228	3353496	2131692	36673561	110867260	NA	0
598	1	opencv	conan-gcc	3375136	803521364	3353672	2131692	36820597	111341823	NA	0
599	1	opencv	conan-gcc	3363335	806884699	3353888	2131692	36963920	111815873	NA	0
600	1	opencv	conan-gcc	3356682	810241381	3354064	2131692	37106162	112289374	NA	0
601	1	opencv	conan-gcc	3358123	813599504	3354261	2131692	37248908	112763044	NA	0
602	1	opencv	conan-gcc	3374652	816974156	3354543	2131692	37396997	113238040	NA	0
603	1	opencv	conan-gcc	3356769	820330925	3354743	2131692	37539061	113711533	NA	0
604	1	opencv	conan-gcc	3362339	823693264	3354977	2131692	37681740	114185453	NA	0
605	1	opencv	conan-gcc	3359635	827052899	3355184	2131692	37824119	114659113	NA	0
606	1	opencv	conan-gcc	3354236	830407135	3355346	2131692	37965389	115132067	NA	0
607	1	opencv	conan-gcc	3381860	833788995	3355659	2131692	38113715	115607565	NA	0
608	1	opencv	conan-gcc	3398874	837187869	3356267	2131692	38265064	116085182	NA	0
609	1	opencv	conan-gcc	3357399	840545268	3356481	2131692	38407448	116558826	NA	0
610	1	opencv	conan-gcc	3357049	843902317	3356678	2131692	38549679	117032375	NA	0
611	1	opencv	conan-gcc	3407289	847309606	3357097	2131692	38699029	117509458	NA	0
612	1	opencv	conan-gcc	3366942	850676548	3357317	2131692	38842632	117983753	NA	0
613	1	opencv	conan-gcc	3360416	854036964	3357519	2131692	38985148	118457560	NA	0
614	1	opencv	conan-gcc	3360951	857397915	3357725	2131692	39127806	118931454	NA	0
615	1	opencv	conan-gcc	3379822	860777737	3358013	2131692	39275613	119406600	NA	0
616	1	opencv	conan-gcc	3487893	864265630	3358264	2131692	39424957	119904103	NA	0
617	1	opencv	conan-gcc	2816531	867082161	3372678	2131692	39608679	120325852	NA	0
618	1	opencv	conan-gcc	2820418	869902579	3373824	2131692	39739815	120749042	NA	0
619	1	opencv	conan-gcc	3831962	873734541	3375861	2131692	39907577	121295355	NA	0
620	1	opencv	conan-gcc	3819550	877554091	3376231	2131692	40073613	121839174	NA	0
621	1	opencv	conan-gcc	3813144	881367235	3376389	2131692	40237994	122382201	NA	0
622	1	opencv	conan-gcc	3820659	885187894	3376630	2131692	40406291	122927431	NA	0
623	1	opencv	conan-gcc	2898895	888086789	3384889	2131692	40549315	123344045	NA	0
624	1	opencv	conan-gcc	3044817	891131606	3388440	2131692	40688712	123773211	NA	0
625	1	opencv	conan-gcc	2613469	893745075	3389965	2131692	40812989	124163126	NA	0
626	1	opencv	conan-gcc	2911664	896656739	3391169	2131692	40942945	124584699	NA	0
627	1	opencv	conan-gcc	2875320	899532059	3391680	2131692	41067003	125001838	NA	0
628	1	opencv	conan-gcc	2930099	902462158	3393946	2131692	41199021	125424863	NA	0
629	1	opencv	conan-gcc	2887494	905349652	3394885	2131692	41326448	125844530	NA	0
630	1	opencv	conan-gcc	2578202	907927854	3395413	2131692	41443507	126228786	NA	0
631	1	opencv	conan-gcc	2593357	910521211	3396262	2131692	41563297	126614653	NA	0
632	1	opencv	conan-gcc	2934341	913455552	3398022	2131692	41697910	127041755	NA	0
633	1	opencv	conan-gcc	3042783	916498335	3402163	2131692	41856910	127486642	NA	0
634	1	opencv	conan-gcc	2941466	919439801	3404065	2131692	41987586	127911678	NA	0
635	1	opencv	conan-gcc	2988826	922428627	3406741	2131692	42131506	128343987	NA	0
636	1	opencv	conan-gcc	2748227	925176854	3407452	2131692	42297011	128771969	NA	0
637	1	opencv	conan-gcc	3052589	928229443	3419256	2131692	42440899	129186229	NA	0
638	1	opencv	conan-gcc	2924546	931153989	3422546	2131692	42576440	129611050	NA	0
639	1	opencv	conan-gcc	2587485	933741474	3423741	2131692	42697364	129997475	NA	0
640	1	opencv	conan-gcc	2663663	936405137	3424058	2131692	42815350	130394462	NA	0
641	1	opencv	conan-gcc	2883814	939288951	3424766	2131692	42939691	130814360	NA	0
642	1	opencv	conan-gcc	2984284	942273235	3426140	2131692	43072183	131250115	NA	0
643	1	opencv	conan-gcc	2971719	945244954	3426916	2131692	43203565	131684031	NA	0
644	1	opencv	conan-gcc	2598885	947843839	3428276	2131692	43326213	132072052	NA	0
645	1	opencv	conan-gcc	2874831	950718670	3429137	2131692	43450420	132489364	NA	0
646	1	opencv	conan-gcc	2571445	953290115	3429504	2131692	43565304	132872047	NA	0
647	1	opencv	conan-gcc	2918205	956208320	3431113	2131692	43698864	133295717	NA	0
648	1	opencv	conan-gcc	2582304	958790624	3431858	2131692	43816000	133680016	NA	0
649	1	opencv	conan-gcc	2595060	961385684	3433094	2131692	43936667	134066469	NA	0
650	1	opencv	conan-gcc	2681787	964067471	3436322	2131692	44082757	134468990	NA	0
651	1	opencv	conan-gcc	2598164	966665635	3437488	2131692	44205777	134856676	NA	0
652	1	opencv	conan-gcc	2594119	969259754	3438828	2131692	44326971	135243735	NA	0
653	1	opencv	conan-gcc	2859437	972119191	3439173	2131692	44447250	135658186	NA	0
654	1	opencv	conan-gcc	2575606	974694797	3439668	2131692	44562959	136041575	NA	0
655	1	opencv	conan-gcc	3082431	977777228	3444483	2131692	44723502	136484410	NA	0
656	1	opencv	conan-gcc	2587665	980364893	3445103	2131692	44843092	136869902	NA	0
657	1	opencv	conan-gcc	2567064	982931957	3445306	2131692	44956302	137251512	NA	0
658	1	opencv	conan-gcc	2602971	985534928	3446180	2131692	45078293	137639155	NA	0
659	1	opencv	conan-gcc	2883472	988418400	3447249	2131692	45207307	138059466	NA	0
660	1	opencv	conan-gcc	2596189	991014589	3448342	2131692	45329353	138446788	NA	0
661	1	opencv	conan-gcc	2663552	993678141	3448514	2131692	45494325	138863217	NA	0
662	1	opencv	conan-gcc	2989325	996667466	3453751	2131692	45643386	139297091	NA	0
663	1	opencv	conan-gcc	2942310	999609776	3456177	2131692	45793274	139730691	NA	0
664	1	opencv	conan-gcc	3041011	1002650787	3460102	2131692	45950031	140171301	NA	0
665	1	opencv	conan-gcc	2622129	1005272916	3461183	2131692	46071898	140560483	NA	0
666	1	opencv	conan-gcc	2573498	1007846414	3461651	2131692	46187295	140943504	NA	0
667	1	opencv	conan-gcc	2582202	1010428616	3462619	2131692	46305311	141328003	NA	0
668	1	opencv	conan-gcc	2597880	1013026496	3463743	2131692	46429425	141716637	NA	0
669	1	opencv	conan-gcc	2565539	1015592035	3463902	2131692	46541659	142097705	NA	0
670	1	opencv	conan-gcc	2569579	1018161614	3464176	2131692	46655247	142479486	NA	0
671	1	opencv	conan-gcc	2894036	1021055650	3465401	2667106	46784357	142900367	NA	1
672	1	opencv	conan-gcc	2673959	1023729609	3707556	2667106	46909247	143299236	NA	0
673	1	opencv	conan-gcc	2608496	1026338105	3709234	2667106	47031022	143686699	NA	0
674	1	opencv	conan-gcc	2878747	1029216852	3710131	2667106	47158558	144106201	NA	0
675	1	opencv	conan-gcc	2923970	1032140822	3712141	2667106	47290710	144529463	NA	0
676	1	opencv	conan-gcc	2882277	1035023099	3713155	2667106	47416607	144947663	NA	0
677	1	opencv	conan-gcc	2572382	1037595481	3713487	2667106	47531999	145330607	NA	0
678	1	opencv	conan-gcc	2919772	1040515253	3715028	2667106	47663765	145753504	NA	0
679	1	opencv	conan-gcc	2860308	1043375561	3715422	2667106	47783685	146167742	NA	0
680	1	opencv	conan-gcc	3028672	1046404233	3718830	2667106	47939567	146607397	NA	0
681	1	opencv	conan-gcc	2575528	1048979761	3719382	2667106	48056453	146991137	NA	0
682	1	opencv	conan-gcc	2579677	1051559438	3719922	2667106	48174350	147375687	NA	0
683	1	opencv	conan-gcc	2586573	1054146011	3720550	2667106	48292990	147760921	NA	0
684	1	opencv	conan-gcc	2907588	1057053599	3722446	2667106	48427115	148184907	NA	0
685	1	opencv	conan-gcc	3055252	1060108851	3725186	2667106	48574938	148622386	NA	0
686	1	opencv	conan-gcc	2868449	1062977300	3725587	2667106	48697677	149038468	NA	0
687	1	opencv	conan-gcc	2903904	1065881204	3726787	2667106	48828578	149460483	NA	0
688	1	opencv	conan-gcc	2593291	1068474495	3727912	2667106	48949567	149846851	NA	0
689	1	opencv	conan-gcc	2914653	1071389148	3729876	2667106	49078071	150267506	NA	0
690	1	opencv	conan-gcc	2578200	1073967348	3730308	2667106	49193698	150651921	NA	0
691	1	opencv	conan-gcc	2589309	1076556657	3731063	2667106	49314308	151038476	NA	0
692	1	opencv	conan-gcc	2923787	1079480444	3733188	2667106	49444685	151460483	NA	0
693	1	opencv	conan-gcc	2568468	1082048912	3733464	2667106	49558270	151842305	NA	0
694	1	opencv	conan-gcc	2147397	1084196309	3733673	2667106	49653557	152162839	NA	0
695	1	opencv	conan-gcc	2909059	1087105368	3735877	2667106	49777553	152583705	NA	0
696	1	opencv	conan-gcc	2604900	1089710268	3736285	2667106	49892552	152969096	NA	0
697	1	opencv	conan-gcc	3014724	1092724992	3737517	2667106	50016044	153398724	NA	0
698	1	opencv	conan-gcc	2924109	1095649101	3738394	2667106	50137726	153821841	NA	0
699	1	opencv	conan-gcc	3037262	1098686363	3738774	2667106	50262471	154258435	NA	0
700	1	opencv	conan-gcc	2923593	1101609956	3739836	2667106	50384838	154684720	NA	0
701	1	opencv	conan-gcc	2914361	1104524317	3742680	2667106	50506618	155108281	NA	0
702	1	opencv	conan-gcc	2953222	1107477539	3742922	2667106	50629860	155538236	NA	0
703	1	opencv	conan-gcc	2897454	1110374993	3743190	2667106	50750921	155959876	NA	0
704	1	opencv	conan-gcc	2899967	1113274960	3743448	2667106	50871831	156379625	NA	0
705	1	opencv	conan-gcc	3030804	1116305764	3749785	2667106	50996025	156813523	NA	0
706	1	opencv	conan-gcc	4659498	1120965262	3750136	2667106	51168554	157363234	NA	0
707	1	opencv	conan-gcc	4803710	1125768972	3755726	2667106	51344917	157926661	NA	0
708	1	opencv	conan-gcc	4906938	1130675910	3756656	2667106	51522107	158502502	NA	0
709	1	opencv	conan-gcc	4393161	1135069071	3757013	2667106	51687426	159020765	NA	0
710	1	opencv	conan-gcc	5036027	1140105098	3758404	2667106	51867037	159608387	NA	0
711	1	opencv	conan-gcc	4928608	1145033706	3760835	2667106	52044293	160186478	NA	0
712	1	opencv	conan-gcc	4952941	1149986647	3763825	2667106	52223119	160766963	NA	0
713	1	opencv	conan-gcc	5060411	1155047058	3771940	2667106	52404650	161360903	NA	0
714	1	opencv	conan-gcc	4944192	1159991250	3775770	2667106	52583354	161943898	NA	0
715	1	opencv	conan-gcc	4934898	1164926148	3777547	2667106	52761271	162524123	NA	0
716	1	opencv	conan-gcc	4973697	1169899845	3778568	2667106	52940608	163110767	NA	0
717	1	opencv	conan-gcc	4916682	1174816527	3780172	2667106	53118338	163688982	NA	0
718	1	opencv	conan-gcc	4920442	1179736969	3782246	2667106	53295402	164265644	NA	0
719	1	opencv	conan-gcc	5050783	1184787752	3785345	2667106	53475609	164856692	NA	0
720	1	opencv	conan-gcc	4937603	1189725355	3787129	2667106	53654082	165433605	NA	0
721	1	opencv	conan-gcc	5317515	1195042870	3787375	2667106	53838195	166047208	NA	0
722	1	opencv	conan-gcc	5210096	1200252966	3788755	2667106	54019703	166651619	NA	0
723	1	opencv	conan-gcc	5234429	1205487395	3790717	2667106	54201929	167258211	NA	0
724	1	opencv	conan-gcc	5225680	1210713075	3791842	2667106	54384895	167867861	NA	0
725	1	opencv	conan-gcc	5216386	1215929461	3792038	2667106	54567094	168474676	NA	0
726	1	opencv	conan-gcc	5255185	1221184646	3792232	2667106	54750735	169087990	NA	0
727	1	opencv	conan-gcc	5198170	1226382816	3792638	2667106	54932355	169692436	NA	0
728	1	opencv	conan-gcc	5229743	1231612559	3794592	2667106	55117847	170298455	NA	0
729	1	opencv	conan-gcc	5184956	1236797515	3794791	2667106	55298954	170899824	NA	0
730	1	opencv	conan-gcc	3531646	1240329161	3796775	2667106	55455020	171403493	NA	0
731	1	opencv	conan-gcc	3531626	1243860787	3796963	2667106	55603688	171907191	NA	0
732	1	opencv	conan-gcc	3531642	1247392429	3797133	2667106	55752355	172410921	NA	0
733	1	opencv	conan-gcc	3531626	1250924055	3797293	2667106	55901023	172914620	NA	0
734	1	opencv	conan-gcc	3531626	1254455681	3797453	2667106	56049691	173418317	NA	0
735	1	opencv	conan-gcc	3531638	1257987319	3797622	2667106	56198359	173922056	NA	0
736	1	opencv	conan-gcc	3531634	1261518953	3797790	2667106	56347024	174425767	NA	0
737	1	opencv	conan-gcc	3531622	1265050575	3797955	2667106	56495686	174929415	NA	0
738	1	opencv	conan-gcc	3531642	1268582217	3798125	2667106	56644353	175433164	NA	0
739	1	opencv	conan-gcc	3531576	1272113793	3798286	2667106	56793156	175937033	NA	0
740	1	opencv	conan-gcc	3531634	1275645427	3798454	2667106	56941816	176440735	NA	0
741	1	opencv	conan-gcc	3531662	1279177089	3798621	2667106	57090491	176944616	NA	0
742	1	opencv	conan-gcc	3531654	1282708743	3798789	2667106	57239161	177448448	NA	0
743	1	opencv	conan-gcc	3531638	1286240381	3798958	2667106	57387829	177952198	NA	0
744	1	opencv	conan-gcc	3531650	1289772031	3799125	2667106	57536501	178456034	NA	0
745	1	opencv	conan-gcc	3531811	1293303842	3799301	2667106	57685172	178959695	NA	0
746	1	opencv	conan-gcc	3566752	1296870594	3800455	2667106	57845086	179468321	NA	0
747	1	opencv	conan-gcc	3548452	1300419046	3801098	2667106	58003152	179975518	NA	0
748	1	opencv	conan-gcc	3544180	1303963226	3802090	2667106	58159595	180481450	NA	0
749	1	opencv	conan-gcc	3549855	1307513081	3802586	2667106	58318055	180989104	NA	0
750	1	opencv	conan-gcc	3861239	1311374320	3807783	2667106	58509934	181523605	NA	0
751	1	opencv	conan-gcc	3649235	1315023555	3809362	2667106	58672171	182034893	NA	0
752	1	opencv	conan-gcc	3573097	1318596652	3810464	2667106	58833883	182544871	NA	0
753	1	opencv	conan-gcc	3618312	1322214964	3811342	2667106	58994607	183055380	NA	0
754	1	opencv	conan-gcc	3555817	1325770781	3811786	2667106	59152019	183562515	NA	0
755	1	opencv	conan-gcc	3757096	1329527877	3813990	2667106	59330520	184092797	NA	0
756	1	opencv	conan-gcc	3543775	1333071652	3814370	2667106	59485618	184598231	NA	0
757	1	opencv	conan-gcc	3569742	1336641394	3815130	2667106	59646886	185107866	NA	0
758	1	opencv	conan-gcc	3594151	1340235545	3816264	2667106	59806184	185617786	NA	0
759	1	opencv	conan-gcc	3641753	1343877298	3817835	2667106	59975389	186133651	NA	0
760	1	opencv	conan-gcc	3569324	1347446622	3818450	2667106	60133420	186641591	NA	0
761	1	opencv	conan-gcc	3816049	1351262671	3824143	2667106	60323302	187173151	NA	0
762	1	opencv	conan-gcc	3570473	1354833144	3824736	2667106	60481261	187680749	NA	0
763	1	opencv	conan-gcc	3582298	1358415442	3825301	2667106	60644992	188192157	NA	0
764	1	opencv	conan-gcc	3583127	1361998569	3826573	2667106	60800975	188703528	NA	0
765	1	opencv	conan-gcc	3553298	1365551867	3827458	2667106	60960794	189211949	NA	0
766	1	opencv	conan-gcc	3550814	1369102681	3828465	2667106	61118515	189719788	NA	0
767	1	opencv	conan-gcc	3542250	1372644931	3828845	2667106	61274316	190225472	NA	0
768	1	opencv	conan-gcc	3655587	1376300518	3832497	2667106	61448113	190744401	NA	0
769	1	opencv	conan-gcc	3559577	1379860095	3832924	2667106	61605194	191251460	NA	0
770	1	opencv	conan-gcc	3599190	1383459285	3833806	2667106	61765010	191761124	NA	0
771	1	opencv	conan-gcc	3535080	1386994365	3834064	2667106	61915125	192265731	NA	0
772	1	opencv	conan-gcc	3687429	1390681794	3837399	2667106	62092130	192787679	NA	0
773	1	opencv	conan-gcc	3587572	1394269366	3839237	2667106	62258361	193301283	NA	0
774	1	opencv	conan-gcc	3589249	1397858615	3840261	2667106	62416489	193809470	NA	0
775	1	opencv	conan-gcc	3584554	1401443169	3841096	2667106	62573893	194317027	NA	0
776	1	opencv	conan-gcc	3624410	1405067579	3842175	2667106	62732829	194825872	NA	0
777	1	opencv	conan-gcc	3555074	1408622653	3842623	2667106	62888991	195332249	NA	0
778	1	opencv	conan-gcc	3597971	1412220624	3843681	2667106	63046687	195840635	NA	0
779	1	opencv	conan-gcc	3532725	1415753349	3843840	2667106	63196052	196344770	NA	0
780	1	opencv	conan-gcc	3554338	1419307687	3844702	2667106	63353545	196852070	NA	0
781	1	opencv	conan-gcc	3561301	1422868988	3845607	2667106	63512480	197360353	NA	0
782	1	opencv	conan-gcc	3539523	1426408511	3845898	2667106	63667351	197865352	NA	0
783	1	opencv	conan-gcc	3553510	1429962021	3846405	2947756	63825390	198372867	NA	1
784	1	opencv	conan-gcc	3572258	1433534279	4095423	2947756	63985243	198881760	NA	0
785	1	opencv	conan-gcc	3550550	1437084829	4095998	2947756	64142990	199389092	NA	0
786	1	opencv	conan-gcc	3535114	1440619943	4096268	2947756	64293141	199893777	NA	0
787	1	opencv	conan-gcc	3556016	1444175959	4096716	2947756	64449732	200400561	NA	0
788	1	opencv	conan-gcc	3580509	1447756468	4097412	2947756	64607730	200907750	NA	0
789	1	opencv	conan-gcc	3569421	1451325889	4098131	2947756	64765440	201415146	NA	0
790	1	opencv	conan-gcc	3603585	1454929474	4099443	2947756	64925815	201925820	NA	0
791	1	opencv	conan-gcc	3531584	1458461058	4099609	2947756	65074484	202429684	NA	0
792	1	opencv	conan-gcc	3482323	1461943381	4099836	2947756	65221536	202925900	NA	0
793	1	opencv	conan-gcc	3482420	1465425801	4100040	2947756	65368404	203422123	NA	0
794	1	opencv	conan-gcc	3482395	1468908196	4100224	2947756	65515268	203918205	NA	0
795	1	opencv	conan-gcc	3482395	1472390591	4100398	2947756	65662131	204414288	NA	0
796	1	opencv	conan-gcc	3482405	1475872996	4100579	2947756	65808996	204910465	NA	0
797	1	opencv	conan-gcc	3482390	1479355386	4100762	2947756	65955858	205406551	NA	0
798	1	opencv	conan-gcc	3482347	1482837733	4100939	2947756	66102873	205902835	NA	0
799	1	opencv	conan-gcc	3545082	1486382815	4101411	2947756	66259704	206404403	NA	0
800	1	opencv	conan-gcc	3482405	1489865220	4101584	2947756	66406569	206900584	NA	0
801	1	opencv	conan-gcc	3482351	1493347571	4101758	2947756	66553521	207396814	NA	0
802	1	opencv	conan-gcc	3482405	1496829976	4101927	2947756	66700386	207892991	NA	0
803	1	opencv	conan-gcc	3482405	1500312381	4102097	2947756	66847251	208389165	NA	0
804	1	opencv	conan-gcc	3427652	1503740033	4102393	2947756	66996396	208866590	NA	0
805	1	opencv	conan-gcc	3358483	1507098516	4102619	2947756	67139254	209340142	NA	0
806	1	opencv	conan-gcc	3407562	1510506078	4102983	2947756	67288820	209817235	NA	0
807	1	opencv	conan-gcc	3358053	1513864131	4103182	2947756	67431523	210290991	NA	0
808	1	opencv	conan-gcc	3387939	1517252070	4103571	2947756	67581038	210767126	NA	0
809	1	opencv	conan-gcc	3370811	1520622881	4103816	2947756	67728976	211241498	NA	0
810	1	opencv	conan-gcc	3414152	1524037033	4104342	2947756	67879960	211719588	NA	0
811	1	opencv	conan-gcc	3367075	1527404108	4104580	2947756	68023502	212193750	NA	0
812	1	opencv	conan-gcc	3357014	1530761122	4104778	2947756	68165757	212667298	NA	0
813	1	opencv	conan-gcc	3372357	1534133479	4105132	2947756	68314334	213142377	NA	0
814	1	opencv	conan-gcc	3358680	1537492159	4105360	2947756	68457337	213616336	NA	0
815	1	opencv	conan-gcc	3367612	1540859771	4105659	2947756	68600410	214090372	NA	0
816	1	opencv	conan-gcc	3376752	1544236523	4105997	2947756	68748625	214565464	NA	0
817	1	opencv	conan-gcc	3363769	1547600292	4106440	2947756	68891326	215039300	NA	0
818	1	opencv	conan-gcc	3365194	1550965486	4106751	2947756	69034446	215513379	NA	0
819	1	opencv	conan-gcc	3375629	1554341115	4107057	2947756	69183288	215988555	NA	0
820	1	opencv	conan-gcc	3357960	1557699075	4107251	2947756	69325788	216462169	NA	0
821	1	opencv	conan-gcc	3358859	1561057934	4107454	2947756	69468466	216935766	NA	0
822	1	opencv	conan-gcc	3354258	1564412192	4107607	2947756	69609809	217408665	NA	0
823	1	opencv	conan-gcc	3364043	1567776235	4107844	2947756	69753197	217882714	NA	0
824	1	opencv	conan-gcc	3357087	1571133322	4108044	2947756	69895595	218356193	NA	0
825	1	opencv	conan-gcc	3360148	1574493470	4108225	2947756	70037975	218829899	NA	0
826	1	opencv	conan-gcc	3357431	1577850901	4108399	2947756	70180129	219303256	NA	0
827	1	opencv	conan-gcc	3370417	1581221318	4108623	2947756	70323462	219777680	NA	0
828	1	opencv	conan-gcc	3359274	1584580592	4108845	2947756	70466729	220251600	NA	0
829	1	opencv	conan-gcc	3393331	1587973923	4109314	2947756	70615903	220727867	NA	0
830	1	opencv	conan-gcc	3395570	1591369493	4109609	2947756	70764284	221203557	NA	0
831	1	opencv	conan-gcc	3357547	1594727040	4109801	2947756	70906621	221677120	NA	0
832	1	opencv	conan-gcc	3370650	1598097690	4110077	2947756	71054688	222151648	NA	0
833	1	opencv	conan-gcc	3395257	1601492947	4110639	2947756	71205276	222628580	NA	0
834	1	opencv	conan-gcc	2305175	1603798122	4114375	2947756	71331620	222976650	NA	0
835	1	opencv	conan-gcc	2268900	1606067022	4115114	2947756	71437634	223317659	NA	0
836	1	opencv	conan-gcc	2303690	1608370712	4116427	2947756	71551423	223665886	NA	0
837	1	opencv	conan-gcc	2285389	1610656101	4117568	2947756	71661125	224009579	NA	0
838	1	opencv	conan-gcc	2252995	1612909096	4117707	2947756	71761326	224347345	NA	0
839	1	opencv	conan-gcc	2262724	1615171820	4118132	2947756	71864649	224686943	NA	0
840	1	opencv	conan-gcc	2270156	1617441976	4118908	2947756	71971413	225028822	NA	0
841	1	opencv	conan-gcc	2562357	1620004333	4119642	2947756	72085002	225403250	NA	0
842	1	opencv	conan-gcc	2274228	1622278561	4120410	2947756	72192310	225745170	NA	0
843	1	opencv	conan-gcc	2268689	1624547250	4120985	2947756	72298377	226086383	NA	0
844	1	opencv	conan-gcc	2279554	1626826804	4121845	2947756	72404572	226428439	NA	0
845	1	opencv	conan-gcc	2632350	1629459154	4124421	2947756	72537161	226816357	NA	0
846	1	opencv	conan-gcc	2270860	1631730014	4125075	2947756	72643238	227157530	NA	0
847	1	opencv	conan-gcc	2255044	1633985058	4125303	2947756	72744417	227495790	NA	0
848	1	opencv	conan-gcc	2315555	1636300613	4127701	2947756	72864428	227847079	NA	0
849	1	opencv	conan-gcc	3437747	1639738360	4129519	2947756	73018049	228335604	NA	0
850	1	opencv	conan-gcc	3426206	1643164566	4129773	2947756	73163880	228822448	NA	0
851	1	opencv	conan-gcc	3442952	1646607518	4130220	2947756	73317322	229311653	NA	0
852	1	opencv	conan-gcc	3427549	1650035067	4130467	2947756	73463266	229798588	NA	0
853	1	opencv	conan-gcc	3438698	1653473765	4130877	2947756	73614651	230286596	NA	0
854	1	opencv	conan-gcc	3432979	1656906744	4131171	2947756	73765580	230774097	NA	0
855	1	opencv	conan-gcc	3422200	1660328944	4131318	2947756	73910050	231260281	NA	0
856	1	opencv	conan-gcc	3459824	1663788768	4131869	2947756	74065266	231750898	NA	0
857	1	opencv	conan-gcc	3438154	1667226922	4132310	2947756	74216573	232238819	NA	0
858	1	opencv	conan-gcc	3433392	1670660314	4132668	2947756	74369355	232727303	NA	0
859	1	opencv	conan-gcc	3436250	1674096564	4133017	2947756	74522065	233215693	NA	0
860	1	opencv	conan-gcc	3441786	1677538350	4133529	2947756	74673452	233703883	NA	0
861	1	opencv	conan-gcc	3430596	1680968946	4133863	2947756	74820464	234191414	NA	0
862	1	opencv	conan-gcc	3382238	1684351184	4134140	2947756	74964270	234670099	NA	0
863	1	opencv	conan-gcc	3379305	1687730489	4134310	2947756	75106903	235148104	NA	0
864	1	opencv	conan-gcc	3382111	1691112600	4134524	2947756	75250635	235626840	NA	0
865	1	opencv	conan-gcc	2246165	1693358765	4135761	2947756	75355968	235965281	NA	0
866	1	opencv	conan-gcc	2246977	1695605742	4136223	2947756	75458453	236303880	NA	0
867	1	opencv	conan-gcc	2250458	1697856200	4136849	2947756	75562946	236643561	NA	0
868	1	opencv	conan-gcc	2240021	1700096221	4137122	2947756	75663539	236980779	NA	0
869	1	opencv	conan-gcc	2299214	1702395435	4139028	2947756	75775111	237325649	NA	0
870	1	opencv	conan-gcc	2275157	1704670592	4139386	2947756	75876424	237668876	NA	0
871	1	opencv	conan-gcc	2239627	1706910219	4139645	2947756	75976660	238005871	NA	0
872	1	opencv	conan-gcc	2350613	1709260832	4140778	2947756	76086474	238360004	NA	0
873	1	opencv	conan-gcc	2252436	1711513268	4141384	2947756	76189885	238699075	NA	0
874	1	opencv	conan-gcc	2259454	1713772722	4142275	2947756	76294755	239039600	NA	0
875	1	opencv	conan-gcc	2243321	1716016043	4142632	2947756	76396066	239377184	NA	0
876	1	opencv	conan-gcc	2251014	1718267057	4143322	2947756	76499904	239716721	NA	0
877	1	opencv	conan-gcc	2252904	1720519961	4143956	2947756	76603785	240056251	NA	0
878	1	opencv	conan-gcc	2147365	1722667326	4144171	2947756	76699074	240376783	NA	0
879	1	opencv	conan-gcc	3492225	1726159551	4145115	2947756	76847664	240874897	NA	0
880	1	opencv	conan-gcc	3529221	1729688772	4145798	2947756	77001866	241375340	NA	0
881	1	opencv	conan-gcc	3497017	1733185789	4146051	2947756	77150885	241874407	NA	0
882	1	opencv	conan-gcc	3501299	1736687088	4146345	2947756	77304749	242373672	NA	0
883	1	opencv	conan-gcc	3522656	1740209744	4146944	2947756	77459569	242874509	NA	0
884	1	opencv	conan-gcc	3537258	1743747002	4147545	2947756	77608962	243380392	NA	0
885	1	opencv	conan-gcc	3534409	1747281411	4148472	2947756	77766591	243883086	NA	0
886	1	opencv	conan-gcc	3509045	1750790456	4148863	2947756	77921745	244383697	NA	0
887	1	opencv	conan-gcc	3493387	1754283843	4149014	2947756	78069679	244882099	NA	0
888	1	opencv	conan-gcc	3512675	1757796518	4149477	2947756	78223345	245382009	NA	0
889	1	opencv	conan-gcc	3493004	1761289522	4149707	2947756	78370854	245880262	NA	0
890	1	opencv	conan-gcc	3405910	1764695432	4150113	2947756	78515030	246362409	NA	0
891	1	opencv	conan-gcc	3372897	1768068329	4150502	2947756	78658210	246838253	NA	0
892	1	opencv	conan-gcc	3373294	1771441623	4150713	2947756	78801940	247314332	NA	0
893	1	opencv	conan-gcc	3370171	1774811794	4150911	2947756	78943745	247789942	NA	0
894	1	opencv	conan-gcc	7730333	1782542127	4424486	2947756	79575139	248501584	NA	0
895	1	opencv	conan-gcc	3317207	1785859334	4476272	3675115	79782936	248930924	NA	1
896	1	opencv	conan-gcc	2794558	1788653892	4707802	3675115	79937016	249330708	NA	0
897	1	opencv	conan-gcc	3013290	1791667182	4727076	3675115	80095579	249746559	NA	0
898	1	opencv	conan-gcc	3055844	1794723026	4737833	3675115	80239007	250167188	NA	0
899	1	opencv	conan-gcc	2999796	1797722822	4750398	3675115	80380646	250580724	NA	0
900	1	opencv	conan-gcc	2574486	1800297308	4754887	3675115	80497767	250960243	NA	0
901	1	opencv	conan-gcc	2486628	1802783936	4758614	3675115	80609133	251330667	NA	0
902	1	opencv	conan-gcc	2416185	1805200121	4759375	3675115	80716249	251695508	NA	0
903	1	opencv	conan-gcc	2453819	1807653940	4761774	3675115	80826436	252063863	NA	0
904	1	opencv	conan-gcc	2637514	1810291454	4767847	3675115	80968677	252456762	NA	0
905	1	opencv	conan-gcc	5773104	1816064558	4769957	3675115	81196990	253138944	NA	0
906	1	opencv	conan-gcc	5780480	1821845038	4771308	3675115	81428072	253819602	NA	0
907	1	opencv	conan-gcc	5704556	1827549594	4771671	3675115	81647792	254491376	NA	0
908	1	opencv	conan-gcc	2600610	1830150204	4772873	3675115	81765565	254879374	NA	0
909	1	opencv	conan-gcc	2644853	1832795057	4774013	3675115	81891814	255272892	NA	0
910	1	opencv	conan-gcc	2595669	1835390726	4774476	3675115	82008425	255659799	NA	0
911	1	opencv	conan-gcc	2589031	1837979757	4774618	3675115	82123235	256045261	NA	0
912	1	opencv	conan-gcc	2590442	1840570199	4774844	3675115	82238615	256430961	NA	0
913	1	opencv	conan-gcc	2592998	1843163197	4775086	3675115	82354905	256817193	NA	0
914	1	opencv	conan-gcc	2693489	1845856686	4775868	3675115	82481287	257220904	NA	0
915	1	opencv	conan-gcc	2686692	1848543378	4776513	3675115	82604885	257623021	NA	0
916	1	opencv	conan-gcc	2590785	1851134163	4776871	3675115	82720420	258008837	NA	0
917	1	opencv	conan-gcc	2598042	1853732205	4777251	3675115	82835871	258395802	NA	0
918	1	opencv	conan-gcc	2626947	1856359152	4777746	3675115	82954842	258787065	NA	0
919	1	opencv	conan-gcc	2903712	1859262864	4779079	3675115	83082073	259208773	NA	0
920	1	opencv	conan-gcc	2985469	1862248333	4780644	3675115	83223383	259641983	NA	0
921	1	opencv	conan-gcc	2904168	1865152501	4781162	3675115	83348412	260063673	NA	0
922	1	opencv	conan-gcc	2924451	1868076952	4782081	3675115	83478143	260488689	NA	0
923	1	opencv	conan-gcc	2909683	1870986635	4782653	3675115	83605255	260911841	NA	0
924	1	opencv	conan-gcc	2589558	1873576193	4782823	3675115	83720097	261297332	NA	0
925	1	opencv	conan-gcc	2926528	1876502721	4783716	3675115	83850449	261722838	NA	0
926	1	opencv	conan-gcc	2918751	1879421472	4784574	3675115	83977758	262146123	NA	0
927	1	opencv	conan-gcc	2900210	1882321682	4784941	3675115	84102330	262567053	NA	0
928	1	opencv	conan-gcc	2974253	1885295935	4785402	3675115	84230530	263001190	NA	0
929	1	opencv	conan-gcc	2909612	1888205547	4785867	3675115	84357119	263423587	NA	0
930	1	opencv	conan-gcc	2600200	1890805747	4786267	3675115	84475374	263810853	NA	0
931	1	opencv	conan-gcc	2595625	1893401372	4786747	3675115	84591905	264197295	NA	0
932	1	opencv	conan-gcc	2897000	1896298372	4787883	3675115	84717653	264618035	NA	0
933	1	opencv	conan-gcc	2895719	1899194091	4788235	3675115	84841621	265038556	NA	0
934	1	opencv	conan-gcc	2903746	1902097837	4788863	3675115	84971117	265461768	NA	0
935	1	opencv	conan-gcc	2909038	1905006875	4789965	3675115	85097495	265884709	NA	0
936	1	opencv	conan-gcc	2595932	1907602807	4790340	3675115	85213196	266271536	NA	0
937	1	opencv	conan-gcc	2907003	1910509810	4791088	3675115	85338905	266693996	NA	0
938	1	opencv	conan-gcc	2898743	1913408553	4791423	3675115	85462316	267114650	NA	0
939	1	opencv	conan-gcc	2972288	1916380841	4793350	3675115	85597544	267547111	NA	0
940	1	opencv	conan-gcc	2900922	1919281763	4793705	3675115	85722939	267968609	NA	0
941	1	opencv	conan-gcc	2908422	1922190185	4794783	3675115	85850805	268391533	NA	0
942	1	opencv	conan-gcc	2896193	1925086378	4795318	3675115	85977080	268813798	NA	0
943	1	opencv	conan-gcc	2595773	1927682151	4796648	3675115	86090335	269190151	NA	0
944	1	opencv	conan-gcc	2962142	1930644293	4799145	3675115	86232500	269622330	NA	0
945	1	opencv	conan-gcc	2931917	1933576210	4800855	3675115	86361969	270047052	NA	0
946	1	opencv	conan-gcc	2602287	1936178497	4801182	3675115	86478980	270433936	NA	0
947	1	opencv	conan-gcc	2886075	1939064572	4801568	3675115	86602495	270853340	NA	0
948	1	opencv	conan-gcc	2901005	1941965577	4801912	3675115	86727268	271274697	NA	0
949	1	opencv	conan-gcc	2899718	1944865295	4802229	3675115	86851586	271695875	NA	0
950	1	opencv	conan-gcc	2602503	1947467798	4802751	3675115	86969422	272083317	NA	0
951	1	opencv	conan-gcc	2928612	1950396410	4803780	3675115	87101741	272510040	NA	0
952	1	opencv	conan-gcc	2954927	1953351337	4806152	3675115	87243200	272941630	NA	0
953	1	opencv	conan-gcc	2981738	1956333075	4809239	3675115	87379615	273373293	NA	0
954	1	opencv	conan-gcc	2926489	1959259564	4810904	3675115	87506692	273798818	NA	0
955	1	opencv	conan-gcc	2599853	1961859417	4811253	3675115	87624085	274186386	NA	0
956	1	opencv	conan-gcc	2899963	1964759380	4811631	3675115	87747612	274607391	NA	0
957	1	opencv	conan-gcc	2897330	1967656710	4811942	3675115	87871679	275028029	NA	0
958	1	opencv	conan-gcc	2919679	1970576389	4813113	3675115	87999198	275452832	NA	0
959	1	opencv	conan-gcc	2600128	1973176517	4813477	3675115	88116838	275840590	NA	0
960	1	opencv	conan-gcc	2901438	1976077955	4813793	3675115	88241518	276261967	NA	0
961	1	opencv	conan-gcc	2914084	1978992039	4814250	3675115	88368085	276685980	NA	0
962	1	opencv	conan-gcc	2594763	1981586802	4814615	3675115	88484473	277072724	NA	0
963	1	opencv	conan-gcc	2597868	1984184670	4814971	3675115	88600610	277459935	NA	0
964	1	opencv	conan-gcc	2902036	1987086706	4815352	3675115	88724865	277881463	NA	0
965	1	opencv	conan-gcc	2901921	1989988627	4815800	3675115	88849995	278302753	NA	0
966	1	opencv	conan-gcc	2998863	1992987490	4816436	3675115	88979419	278739878	NA	0
967	1	opencv	conan-gcc	2902993	1995890483	4816952	3675115	89105892	279162983	NA	0
968	1	opencv	conan-gcc	2909771	1998800254	4817454	3675115	89230592	279585398	NA	0
969	1	opencv	conan-gcc	2900181	2001700435	4817826	3675115	89354491	280006720	NA	0
970	1	opencv	conan-gcc	2934961	2004635396	4818837	3675115	89486742	280433266	NA	0
971	1	opencv	conan-gcc	2901841	2007537237	4819224	3675115	89611095	280854769	NA	0
972	1	opencv	conan-gcc	2597162	2010134399	4819606	3675115	89727495	281241029	NA	0
973	1	opencv	conan-gcc	2906408	2013040807	4820053	3675115	89852684	281663225	NA	0
974	1	opencv	conan-gcc	2910742	2015951549	4820793	3675115	89979192	282086486	NA	0
975	1	opencv	conan-gcc	2954844	2018906393	4822984	3675115	90110666	282515592	NA	0
976	1	opencv	conan-gcc	2913851	2021820244	4823757	3675115	90237913	282939192	NA	0
977	1	opencv	conan-gcc	2906587	2024726831	4824245	3675115	90364117	283361484	NA	0
978	1	opencv	conan-gcc	2896415	2027623246	4824559	3675115	90488433	283782064	NA	0
979	1	opencv	conan-gcc	2942207	2030565453	4825950	3675115	90621712	284209223	NA	0
980	1	opencv	conan-gcc	2609227	2033174680	4826620	3675115	90742572	284598651	NA	0
981	1	opencv	conan-gcc	2898576	2036073256	4827176	3675115	90868603	285020740	NA	0
982	1	opencv	conan-gcc	2598167	2038671423	4827523	3675115	90985105	285408052	NA	0
983	1	opencv	conan-gcc	2909517	2041580940	4828155	3675115	91111334	285831045	NA	0
984	1	opencv	conan-gcc	2981671	2044562611	4828694	3675115	91240996	286266104	NA	0
985	1	opencv	conan-gcc	2983711	2047546322	4829523	3675115	91370449	286701889	NA	0
986	1	opencv	conan-gcc	2904893	2050451215	4829998	3675115	91496087	287123942	NA	0
987	1	opencv	conan-gcc	2904767	2053355982	4830583	3675115	91620835	287545889	NA	0
988	1	opencv	conan-gcc	2594749	2055950731	4830915	3675115	91737257	287932595	NA	0
989	1	opencv	conan-gcc	2921479	2058872210	4831749	3675115	91866679	288357871	NA	0
990	1	opencv	conan-gcc	2904875	2061777085	4832245	3675115	91990310	288779928	NA	0
991	1	opencv	conan-gcc	2895551	2064672636	4832534	3675115	92113124	289200220	NA	0
992	1	opencv	conan-gcc	2898707	2067571343	4832837	3675115	92237164	289621213	NA	0
993	1	opencv	conan-gcc	2901739	2070473082	4833222	3675115	92362479	290042751	NA	0
994	1	opencv	conan-gcc	2618326	2073091408	4834505	3675115	92485152	290433768	NA	0
995	1	opencv	conan-gcc	2724684	2075816092	4836341	3675115	92624707	290843187	NA	0
996	1	opencv	conan-gcc	2731180	2078547272	4837354	3675115	92751125	291251007	NA	0
997	1	opencv	conan-gcc	2697005	2081244277	4837597	3675115	92870700	291656299	NA	0
998	1	opencv	conan-gcc	2796645	2084040922	4840306	3675115	93016959	292076965	NA	0
999	1	opencv	conan-gcc	2711203	2086752125	4840889	3675115	93139889	292484354	NA	0
1000	1	opencv	conan-gcc	2730564	2089482689	4842061	3675115	93266312	292894050	NA	0
1001	1	opencv	conan-gcc	2701161	2092183850	4842435	3675115	93386709	293299882	NA	0
1002	1	opencv	conan-gcc	2708263	2094892113	4842872	3675115	93510995	293707727	NA	0
1003	1	opencv	conan-gcc	2671793	2097563906	4843527	3675115	93631901	294107768	NA	0
1004	1	opencv	conan-gcc	3923805	2101487711	4846081	3675115	93814917	294662415	NA	0
1005	1	opencv	conan-gcc	3989868	2105477579	4850813	3675115	94023151	295224612	NA	0
1006	1	opencv	conan-gcc	2593013	2108070592	4851021	3675115	94138189	295610826	NA	0
1007	1	opencv	conan-gcc	2589183	2110659775	4851186	3982322	94253050	295996342	NA	1
1008	1	opencv	conan-gcc	2698684	2113358459	5149511	3982322	94373426	296401952	NA	0
1009	1	opencv	conan-gcc	2604134	2115962593	5150009	3982322	94489925	296789407	NA	0
1010	1	opencv	conan-gcc	2697235	2118659828	5150287	3982322	94609302	297194763	NA	0
1011	1	opencv	conan-gcc	2697201	2121357029	5150545	3982322	94729043	297600101	NA	0
1012	1	opencv	conan-gcc	2700432	2124057461	5150830	3982322	94848983	298005884	NA	0
1013	1	opencv	conan-gcc	2598544	2126656005	5151269	3982322	94965343	298393087	NA	0
1014	1	opencv	conan-gcc	4082736	2130738741	5153036	3982322	95150319	298964927	NA	0
1015	1	opencv	conan-gcc	4214959	2134953700	5157235	3982322	95357245	299554388	NA	0
1016	1	opencv	conan-gcc	6304862	2141258562	5158074	3982322	95593489	300278710	NA	0
1017	1	opencv	conan-gcc	3229917	2144488479	5174521	3982322	95835190	300744803	NA	0
1018	1	opencv	conan-gcc	2622450	2147110929	5176434	3982322	95956831	301134785	NA	0
1019	1	opencv	conan-gcc	2597310	2149708239	5176773	3982322	96073124	301521769	NA	0
1020	1	opencv	conan-gcc	2591375	2152299614	5176938	3982322	96188133	301907684	NA	0
1021	1	opencv	conan-gcc	2650942	2154950556	5178550	3982322	96316418	302303396	NA	0
1022	1	opencv	conan-gcc	2626076	2157576632	5179007	3982322	96440710	302695483	NA	0
1023	1	opencv	conan-gcc	2612649	2160189281	5179241	3982322	96561701	303085243	NA	0
1024	1	opencv	conan-gcc	2613968	2162803249	5179495	3982322	96682662	303475261	NA	0
1025	1	opencv	conan-gcc	2631107	2165434356	5180033	3982322	96806244	303868020	NA	0
1026	1	opencv	conan-gcc	2623343	2168057699	5180215	3982322	96929584	304259719	NA	0
1027	1	opencv	conan-gcc	2610125	2170667824	5180399	3982322	97049741	304648866	NA	0
1028	1	opencv	conan-gcc	2590987	2173258811	5180628	3982322	97165089	305034690	NA	0
1029	1	opencv	conan-gcc	2694436	2175953247	5182062	3982322	97286755	305437758	NA	0
1030	1	opencv	conan-gcc	2694507	2178647754	5182320	3982322	97406960	305840913	NA	0
1031	1	opencv	conan-gcc	2694875	2181342629	5182593	3982322	97527241	306244107	NA	0
1032	1	opencv	conan-gcc	2694424	2184037053	5182806	3982322	97647675	306647254	NA	0
1033	1	opencv	conan-gcc	2694292	2186731345	5182988	3982322	97768108	307050373	NA	0
1034	1	opencv	conan-gcc	2694443	2189425788	5183188	3982322	97888555	307453513	NA	0
1035	1	opencv	conan-gcc	2694439	2192120227	5183390	3982322	98008988	307856697	NA	0
1036	1	opencv	conan-gcc	2694453	2194814680	5183590	3982322	98129426	308259840	NA	0
1037	1	opencv	conan-gcc	2694488	2197509168	5183786	3982322	98249870	308663001	NA	0
1038	1	opencv	conan-gcc	2694515	2200203683	5184014	3982322	98370077	309066184	NA	0
1039	1	opencv	conan-gcc	2694287	2202897970	5184200	3982322	98490507	309469246	NA	0
1040	1	opencv	conan-gcc	2589518	2205487488	5184591	3982322	98605732	309854747	NA	0
1041	1	opencv	conan-gcc	2593213	2208080701	5184900	3982322	98720977	310241229	NA	0
1042	1	opencv	conan-gcc	4677718	2212758419	5185353	3982322	98896584	310795543	NA	0
1043	1	opencv	conan-gcc	4674897	2217433316	5185684	3982322	99071360	311349452	NA	0
1044	1	opencv	conan-gcc	4679309	2222112625	5186409	3982322	99246724	311903933	NA	0
1045	1	opencv	conan-gcc	4702881	2226815506	5187458	3982322	99424011	312461369	NA	0
1046	1	opencv	conan-gcc	4692908	2231508414	5188458	3982322	99599598	313017954	NA	0
1047	1	opencv	conan-gcc	4909549	2236417963	5189139	3982322	99778433	313596092	NA	0
1048	1	opencv	conan-gcc	4928772	2241346735	5189889	3982322	99961635	314177366	NA	0
1049	1	opencv	conan-gcc	4906754	2246253489	5190329	3982322	100140108	314755039	NA	0
1050	1	opencv	conan-gcc	4911296	2251164785	5190947	3982322	100318757	315333604	NA	0
1051	1	opencv	conan-gcc	4934013	2256098798	5192218	3982322	100498711	315914741	NA	0
1052	1	opencv	conan-gcc	4924765	2261023563	5192627	3982322	100677823	316494964	NA	0
1053	1	opencv	conan-gcc	5193068	2266216631	5193287	3982322	100861430	317099313	NA	0
1054	1	opencv	conan-gcc	5210260	2271426891	5193522	3982322	101045205	317706833	NA	0
1055	1	opencv	conan-gcc	3432569	2274859460	5196266	3982322	101198933	318194987	NA	0
1056	1	opencv	conan-gcc	3569147	2278428607	5198136	3982322	101365706	318696497	NA	0
1057	1	opencv	conan-gcc	3529964	2281958571	5199593	3982322	101527038	319195754	NA	0
1058	1	opencv	conan-gcc	3453728	2285412299	5200445	3982322	101681831	319687472	NA	0
1059	1	opencv	conan-gcc	3526571	2288938870	5201775	3982322	101841816	320185686	NA	0
1060	1	opencv	conan-gcc	3548563	2292487433	5202288	3982322	101997796	320693702	NA	0
1061	1	opencv	conan-gcc	3472576	2295960009	5202918	3982322	102149897	321184338	NA	0
1062	1	opencv	conan-gcc	3429063	2299389072	5203069	3982322	102294184	321671814	NA	0
1063	1	opencv	conan-gcc	3657906	2303046978	5206293	3982322	102463448	322180932	NA	0
1064	1	opencv	conan-gcc	3703700	2306750678	5209600	3982322	102644614	322698738	NA	0
1065	1	opencv	conan-gcc	3430260	2310180938	5209759	3982322	102789465	323186571	NA	0
1066	1	opencv	conan-gcc	3517737	2313698675	5211189	3982322	102949597	323683534	NA	0
1067	1	opencv	conan-gcc	3495702	2317194377	5212273	3982322	103107698	324179936	NA	0
1068	1	opencv	conan-gcc	3442046	2320636423	5212721	3982322	103258641	324668841	NA	0
1069	1	opencv	conan-gcc	3513698	2324150121	5213629	3982322	103429008	325169302	NA	0
1070	1	opencv	conan-gcc	4101043	2328251164	5216828	3982322	103623241	325697536	NA	0
1071	1	opencv	conan-gcc	3792339	2332043503	5219255	3982322	103794882	326206385	NA	0
1072	1	opencv	conan-gcc	3491826	2335535329	5219857	3982322	103949224	326700760	NA	0
1073	1	opencv	conan-gcc	3526041	2339061370	5220833	3982322	104106741	327198005	NA	0
1074	1	opencv	conan-gcc	224	2339061594	5220964	3982322	104106836	327198134	NA	0
1075	1	opencv	conan-gcc	3454210	2342515804	5222960	3982322	104258139	327689971	NA	0
1076	1	opencv	conan-gcc	3528412	2346044216	5223485	3982322	104425300	328188351	NA	0
1077	1	opencv	conan-gcc	3425772	2349469988	5223960	3982322	104572004	328675135	NA	0
1078	1	opencv	conan-gcc	3428014	2352898002	5224383	3982322	104719109	329162393	NA	0
1079	1	opencv	conan-gcc	3412278	2356310280	5224660	3982322	104864916	329646571	NA	0
1080	1	opencv	conan-gcc	3444361	2359754641	5225177	3982322	105017107	330134826	NA	0
1081	1	opencv	conan-gcc	3587530	2363342171	5226493	3982322	105179361	330631985	NA	0
1082	1	opencv	conan-gcc	3407631	2366749802	5226645	3982322	105323037	331114881	NA	0
1083	1	opencv	conan-gcc	3528436	2370278238	5227296	3982322	105478764	331610552	NA	0
1084	1	opencv	conan-gcc	3411159	2373689397	5227540	3982322	105623952	332094416	NA	0
1085	1	opencv	conan-gcc	3412560	2377101957	5227740	3982322	105768782	332578123	NA	0
1086	1	opencv	conan-gcc	3419963	2380521920	5227976	3982322	105918336	333062317	NA	0
1087	1	opencv	conan-gcc	3470154	2383992074	5228400	3982322	106069559	333549234	NA	0
1088	1	opencv	conan-gcc	2300964	2386293038	5230409	3982322	106182355	333895771	NA	0
1089	1	opencv	conan-gcc	2645476	2388938514	5233222	3982322	106295254	334260980	NA	0
1090	1	opencv	conan-gcc	2713852	2391652366	5239116	3982322	106403242	334626511	NA	0
1091	1	opencv	conan-gcc	2301647	2393954013	5239749	3982322	106508835	334973152	NA	0
1092	1	opencv	conan-gcc	2295724	2396249737	5240102	3982322	106611657	335318123	NA	0
1093	1	opencv	conan-gcc	2316097	2398565834	5240893	3982322	106719254	335667543	NA	0
1094	1	opencv	conan-gcc	2411896	2400977730	5242807	3982322	106842759	336033600	NA	0
1095	1	opencv	conan-gcc	2300041	2403277771	5243191	3982322	106947081	336379598	NA	0
1096	1	opencv	conan-gcc	2288439	2405566210	5243359	3982322	107047504	336723202	NA	0
1097	1	opencv	conan-gcc	2309692	2407875902	5244043	3982322	107155493	337071775	NA	0
1098	1	opencv	conan-gcc	2606373	2410482275	5245178	3982322	107270222	337453621	NA	0
1099	1	opencv	conan-gcc	2588726	2413071001	5245609	3982322	107380115	337831375	NA	0
1100	1	opencv	conan-gcc	2294670	2415365671	5246001	3982322	107482254	338175998	NA	0
1101	1	opencv	conan-gcc	2293894	2417659565	5246355	3982322	107584708	338520855	NA	0
1102	1	opencv	conan-gcc	2299770	2419959335	5247334	3982322	107688971	338867187	NA	0
1103	1	opencv	conan-gcc	2366188	2422325523	5249955	3982322	107809315	339225504	NA	0
1104	1	opencv	conan-gcc	2338512	2424664035	5251769	3982322	107919806	339577725	NA	0
1105	1	opencv	conan-gcc	2291630	2426955665	5252152	3982322	108021425	339922220	NA	0
1106	1	opencv	conan-gcc	2305339	2429261004	5252970	3982322	108126873	340269342	NA	0
1107	1	opencv	conan-gcc	2296479	2431557483	5253420	3982322	108230341	340614800	NA	0
1108	1	opencv	conan-gcc	2288411	2433845894	5253582	3982322	108330760	340958472	NA	0
1109	1	opencv	conan-gcc	2328231	2436174125	5254828	3982322	108440463	341308272	NA	0
1110	1	opencv	conan-gcc	2327654	2438501779	5256245	3982322	108555679	341661756	NA	0
1111	1	opencv	conan-gcc	2334738	2440836517	5257378	3982322	108670278	342015510	NA	0
1112	1	opencv	conan-gcc	2657777	2443494294	5259672	3982322	108795616	342406308	NA	0
1113	1	opencv	conan-gcc	2147445	2445641739	5259889	3982322	108890907	342726729	NA	0
1114	1	opencv	conan-gcc	2620092	2448261831	5260719	3982322	109000750	343112148	NA	0
1115	1	opencv	conan-gcc	4607802	2452869633	5261076	3982322	109166256	343648132	NA	0
1116	1	opencv	conan-gcc	4640009	2457509642	5262967	3982322	109331621	344190641	NA	0
1117	1	opencv	conan-gcc	4921497	2462431139	5263925	3982322	109501931	344758803	NA	0
1118	1	opencv	conan-gcc	3522382	2465953521	5265991	3982322	109651347	345262550	NA	0
1119	1	opencv	conan-gcc	3522524	2469476045	5266205	4578067	109799852	345766367	NA	1
1120	1	opencv	conan-gcc	3522398	2472998443	5562744	4578067	109948482	346270047	NA	0
1121	1	opencv	conan-gcc	3410996	2476409439	5563263	4578067	110099244	346752914	NA	0
1122	1	opencv	conan-gcc	3402866	2479812305	5563669	4578067	110244266	347234770	NA	0
1123	1	opencv	conan-gcc	3411538	2483223843	5564097	4578067	110394045	347717209	NA	0
1124	1	opencv	conan-gcc	3402022	2486625865	5564430	4578067	110538389	348198568	NA	0
1125	1	opencv	conan-gcc	3405248	2490031113	5564715	4578067	110683287	348680325	NA	0
1126	1	opencv	conan-gcc	3419860	2493450973	5565276	4578067	110835628	349164507	NA	0
1127	1	opencv	conan-gcc	3460198	2496911171	5566636	4578067	110990801	349651585	NA	0
1128	1	opencv	conan-gcc	3427718	2500338889	5567315	4578067	111141895	350136446	NA	0
1129	1	opencv	conan-gcc	3432529	2503771418	5568259	4578067	111292330	350620087	NA	0
1130	1	opencv	conan-gcc	3404622	2507176040	5568619	4578067	111437502	351102004	NA	0
1131	1	opencv	conan-gcc	3407133	2510583173	5569172	4578067	111582522	351584164	NA	0
1132	1	opencv	conan-gcc	3425698	2514008871	5569775	4578067	111731495	352066500	NA	0
1133	1	opencv	conan-gcc	3394908	2517403779	5569938	4578067	111874441	352546936	NA	0
1134	1	opencv	conan-gcc	3437597	2520841376	5570866	4578067	112027543	353032030	NA	0
1135	1	opencv	conan-gcc	3405249	2524246625	5571290	4578067	112172952	353513993	NA	0
1136	1	opencv	conan-gcc	3427601	2527674226	5572110	4578067	112324540	353997970	NA	0
1137	1	opencv	conan-gcc	3423521	2531097747	5572682	4578067	112475507	354481581	NA	0
1138	1	opencv	conan-gcc	3402270	2534500017	5572984	4578067	112620052	354963052	NA	0
1139	1	opencv	conan-gcc	3398069	2537898086	5573213	4578067	112764035	355444077	NA	0
1140	1	opencv	conan-gcc	3523161	2541421247	5573436	4578067	112912761	355947925	NA	0
1141	1	opencv	conan-gcc	3523306	2544944553	5573649	4578067	113061316	356451816	NA	0
1142	1	opencv	conan-gcc	3527909	2548472462	5573922	4578067	113215844	356956249	NA	0
1143	1	opencv	conan-gcc	3414520	2551886982	5574315	4578067	113365584	357438900	NA	0
1144	1	opencv	conan-gcc	3402657	2555289639	5574809	4578067	113509876	357920711	NA	0
1145	1	opencv	conan-gcc	3414415	2558704054	5575076	4578067	113659051	358403085	NA	0
1146	1	opencv	conan-gcc	3395081	2562099135	5575234	4578067	113802013	358883640	NA	0
1147	1	opencv	conan-gcc	3407951	2565507086	5575455	4578067	113946376	359365030	NA	0
1148	1	opencv	conan-gcc	2623987	2568131073	5582582	4578067	114091505	359758519	NA	0
1149	1	opencv	conan-gcc	2238210	2570369283	5583329	4578067	114193960	360094195	NA	0
1150	1	opencv	conan-gcc	2214635	2572583918	5583483	4578067	114291837	360426404	NA	0
1151	1	opencv	conan-gcc	2323759	2574907677	5584010	4578067	114397524	360776557	NA	0
1152	1	opencv	conan-gcc	2341496	2577249173	5585059	4578067	114508097	361130120	NA	0
1153	1	opencv	conan-gcc	2214696	2579463869	5585216	4578067	114605928	361462280	NA	0
1154	1	opencv	conan-gcc	2214700	2581678569	5585379	4578067	114703759	361794511	NA	0
1155	1	opencv	conan-gcc	2214839	2583893408	5585558	4578067	114801603	362126746	NA	0
1156	1	opencv	conan-gcc	2376126	2586269534	5587014	4578067	114919133	362485590	NA	0
1157	1	opencv	conan-gcc	2323955	2588593489	5587724	4578067	115025050	362835956	NA	0
1158	1	opencv	conan-gcc	2369310	2590962799	5589061	4578067	115137325	363194321	NA	0
1159	1	opencv	conan-gcc	2214716	2593177515	5589228	4578067	115235171	363526507	NA	0
1160	1	opencv	conan-gcc	2373482	2595550997	5590502	4578067	115348339	363885269	NA	0
1161	1	opencv	conan-gcc	2214782	2597765779	5590672	4578067	115446229	364217447	NA	0
1162	1	opencv	conan-gcc	2343999	2600109778	5591987	4578067	115557128	364571227	NA	0
1163	1	opencv	conan-gcc	2319542	2602429320	5592554	4578067	115662986	364921034	NA	0
1164	1	opencv	conan-gcc	2486411	2604915731	5595065	4578067	115791740	365298982	NA	0
1165	1	opencv	conan-gcc	2338387	2607254118	5596221	4578067	115900745	365652042	NA	0
1166	1	opencv	conan-gcc	2214635	2609468753	5596375	4578067	115998622	365984251	NA	0
1167	1	opencv	conan-gcc	2325934	2611794687	5597245	4578067	116105283	366334916	NA	0
1168	1	opencv	conan-gcc	2503942	2614298629	5601422	4578067	116234187	366703915	NA	0
1169	1	opencv	conan-gcc	2448806	2616747435	5603247	4578067	116351125	367074572	NA	0
1170	1	opencv	conan-gcc	2234084	2618981519	5603973	4578067	116452821	367410341	NA	0
1171	1	opencv	conan-gcc	2232516	2621214035	5605182	4578067	116555431	367745879	NA	0
1172	1	opencv	conan-gcc	2321488	2623535523	5606123	4578067	116662221	368094695	NA	0
1173	1	opencv	conan-gcc	3536240	2627071763	5607792	4578067	116819172	368577260	NA	0
1174	1	opencv	conan-gcc	3355726	2630427489	5608214	4578067	116959707	369050608	NA	0
1175	1	opencv	conan-gcc	3366871	2633794360	5608561	4578067	117102678	369525081	NA	0
1176	1	opencv	conan-gcc	3359717	2637154077	5608900	4578067	117245084	369998940	NA	0
1177	1	opencv	conan-gcc	3429990	2640584067	5610159	4578067	117399240	370478948	NA	0
1178	1	opencv	conan-gcc	3356452	2643940519	5610344	4578067	117540122	370952127	NA	0
1179	1	opencv	conan-gcc	3454756	2647395275	5611211	4578067	117694600	371433436	NA	0
1180	1	opencv	conan-gcc	3473941	2650869216	5612309	4578067	117851896	371916072	NA	0
1181	1	opencv	conan-gcc	3426109	2654295325	5613076	4578067	118003492	372398073	NA	0
1182	1	opencv	conan-gcc	3356145	2657651470	5613248	4578067	118144358	372871123	NA	0
1183	1	opencv	conan-gcc	3357261	2661008731	5613406	4578067	118285774	373344494	NA	0
1184	1	opencv	conan-gcc	3439177	2664447908	5614450	4578067	118440126	373825057	NA	0
1185	1	opencv	conan-gcc	3470116	2667918024	5615872	4578067	118596432	374307121	NA	0
1186	1	opencv	conan-gcc	3383547	2671301571	5616363	4578067	118744438	374782703	NA	0
1187	1	opencv	conan-gcc	3686146	2674987717	5619295	4578067	118917822	375278761	NA	0
1188	1	opencv	conan-gcc	3396997	2678384714	5619941	4578067	119068372	375756305	NA	0
1189	1	opencv	conan-gcc	3388189	2681772903	5620427	4578067	119217817	376232484	NA	0
1190	1	opencv	conan-gcc	3362950	2685135853	5620937	4578067	119360399	376706234	NA	0
1191	1	opencv	conan-gcc	3354226	2688490079	5621092	4578067	119501736	377179134	NA	0
1192	1	opencv	conan-gcc	3369944	2691860023	5621575	4578067	119645262	377653821	NA	0
1193	1	opencv	conan-gcc	2428449	2694288472	5624475	4578067	119766114	378019931	NA	0
1194	1	opencv	conan-gcc	2407257	2696695729	5625141	4578067	119874902	378383816	NA	0
1195	1	opencv	conan-gcc	2479497	2699175226	5626942	4578067	119989016	378752056	NA	0
1196	1	opencv	conan-gcc	2425708	2701600934	5627972	4578067	120101317	379117833	NA	0
1197	1	opencv	conan-gcc	2512567	2704113501	5629821	4578067	120227013	379503418	NA	0
1198	1	opencv	conan-gcc	2478368	2706591869	5630235	4578067	120340410	379880846	NA	0
1199	1	opencv	conan-gcc	2510260	2709102129	5634102	4578067	120459960	380254721	NA	0
1200	1	opencv	conan-gcc	2410765	2711512894	5634603	4578067	120569453	380618937	NA	0
1201	1	opencv	conan-gcc	2559371	2714072265	5635936	4578067	120694279	381010873	NA	0
1202	1	opencv	conan-gcc	2629438	2716701703	5648349	4578067	120855280	381407168	NA	0
1203	1	opencv	conan-gcc	2502593	2719204296	5649136	4578067	120971682	381785949	NA	0
1204	1	opencv	conan-gcc	2524577	2721728873	5651669	4578067	121091028	382169074	NA	0
1205	1	opencv	conan-gcc	2683896	2724412769	5654748	4578067	121220480	382579663	NA	0
1206	1	opencv	conan-gcc	3535860	2727948629	5655890	4578067	121380560	383083493	NA	0
1207	1	opencv	conan-gcc	3557205	2731505834	5656814	4578067	121538047	383587677	NA	0
1208	1	opencv	conan-gcc	3519947	2735025781	5657610	4578067	121692794	384089858	NA	0
1209	1	opencv	conan-gcc	3516208	2738541989	5657995	4578067	121847247	384591034	NA	0
1210	1	opencv	conan-gcc	3672639	2742214628	5659668	4578067	122020600	385106926	NA	0
1211	1	opencv	conan-gcc	3530147	2745744775	5660206	4578067	122177900	385610285	NA	0
1212	1	opencv	conan-gcc	3574790	2749319565	5661244	4578067	122336669	386115870	NA	0
1213	1	opencv	conan-gcc	3502589	2752822154	5661471	4578067	122485604	386616281	NA	0
1214	1	opencv	conan-gcc	3530041	2756352195	5661908	4578067	122641649	387118879	NA	0
1215	1	opencv	conan-gcc	3501868	2759854063	5662156	4578067	122790996	387619027	NA	0
1216	1	opencv	conan-gcc	3511842	2763365905	5662412	4578067	122945583	388120037	NA	0
1217	1	opencv	conan-gcc	3503571	2766869476	5662729	4578067	123100054	388620440	NA	0
1218	1	opencv	conan-gcc	3580596	2770450072	5663671	4578067	123259995	389136281	NA	0
1219	1	opencv	conan-gcc	3626354	2774076426	5665349	4578067	123431815	389650394	NA	0
1220	1	opencv	conan-gcc	3367389	2777443815	5665856	4578067	123575547	390125252	NA	0
1221	1	opencv	conan-gcc	3354208	2780798023	5666032	4578067	123716883	390598136	NA	0
1222	1	opencv	conan-gcc	3357399	2784155422	5666229	4578067	123859435	391071712	NA	0
1223	1	opencv	conan-gcc	2434033	2786589455	5669093	4578067	123984028	391440890	NA	0
1224	1	opencv	conan-gcc	3255899	2789845354	5672109	4578067	124152681	391943214	NA	0
1225	1	opencv	conan-gcc	2542427	2792387781	5675228	4578067	124295011	392330589	NA	0
1226	1	opencv	conan-gcc	2490593	2794878374	5677016	4578067	124421601	392710530	NA	0
1227	1	opencv	conan-gcc	2451061	2797329435	5678210	4578067	124537694	393082141	NA	0
1228	1	opencv	conan-gcc	2421642	2799751077	5678557	4578067	124646560	393448778	NA	0
1229	1	opencv	conan-gcc	3175442	2802926519	5684017	4578067	124826076	393935220	NA	0
1230	1	opencv	conan-gcc	2691137	2805617656	5685638	4578067	124961476	394347409	NA	0
1231	1	opencv	conan-gcc	2523374	2808141030	5686532	4999703	125074764	394728488	NA	1
1232	1	opencv	conan-gcc	2513308	2810654338	6241112	4999703	125202323	395112281	NA	0
1233	1	opencv	conan-gcc	2435373	2813089711	6241956	4999703	125316661	395482207	NA	0
1234	1	opencv	conan-gcc	2505019	2815594730	6243515	4999703	125450163	395862939	NA	0
1235	1	opencv	conan-gcc	2596242	2818190972	6244824	4999703	125604444	396264169	NA	0
1236	1	opencv	conan-gcc	2492281	2820683253	6246579	4999703	125724533	396644642	NA	0
1237	1	opencv	conan-gcc	2431726	2823114979	6247137	4999703	125836937	397013350	NA	0
1238	1	opencv	conan-gcc	2461922	2825576901	6248350	4999703	125955473	397386633	NA	0
1239	1	opencv	conan-gcc	2422189	2827999090	6248740	4999703	126064582	397753227	NA	0
1240	1	opencv	conan-gcc	2416545	2830415635	6248899	4999703	126171186	398118394	NA	0
1241	1	opencv	conan-gcc	2429042	2832844677	6249642	4999703	126283028	398486500	NA	0
1242	1	opencv	conan-gcc	2421974	2835266651	6250034	4999703	126391712	398853248	NA	0
1243	1	opencv	conan-gcc	2502318	2837768969	6252978	4999703	126512355	399235098	NA	0
1244	1	opencv	conan-gcc	2425077	2840194046	6253365	4999703	126622498	399602655	NA	0
1245	1	opencv	conan-gcc	2469081	2842663127	6255498	4999703	126745145	399978669	NA	0
1246	1	opencv	conan-gcc	2528302	2845191429	6257230	4999703	126867673	400366400	NA	0
1247	1	opencv	conan-gcc	2448957	2847640386	6258058	4999703	126984759	400738920	NA	0
1248	1	opencv	conan-gcc	2442404	2850082790	6258865	4999703	127101213	401110298	NA	0
1249	1	opencv	conan-gcc	2763717	2852846507	6260707	4999703	127229510	401519040	NA	0
1250	1	opencv	conan-gcc	2805004	2855651511	6263981	4999703	127371543	401935029	NA	0
1251	1	opencv	conan-gcc	2448538	2858100049	6264377	4999703	127482176	402304477	NA	0
1252	1	opencv	conan-gcc	2761324	2860861373	6266043	4999703	127609498	402712771	NA	0
1253	1	opencv	conan-gcc	2416664	2863278037	6266231	4999703	127716119	403077953	NA	0
1254	1	opencv	conan-gcc	2459950	2865737987	6269239	4999703	127828445	403452816	NA	0
1255	1	opencv	conan-gcc	2482306	2868220293	6270154	4999703	127947097	403832232	NA	0
1256	1	opencv	conan-gcc	2467078	2870687371	6270445	4999703	128059208	404207398	NA	0
1257	1	opencv	conan-gcc	2468128	2873155499	6270838	4999703	128172983	404584225	NA	0
1258	1	opencv	conan-gcc	2480115	2875635614	6271679	4999703	128286595	404960152	NA	0
1259	1	opencv	conan-gcc	2472355	2878107969	6272708	4999703	128401447	405336800	NA	0
1260	1	opencv	conan-gcc	2458998	2880566967	6272937	4999703	128514037	405712444	NA	0
1261	1	opencv	conan-gcc	2475288	2883042255	6274225	4999703	128627468	406088891	NA	0
1262	1	opencv	conan-gcc	2488399	2885530654	6274943	4999703	128744815	406468682	NA	0
1263	1	opencv	conan-gcc	2462820	2887993474	6275454	4999703	128857237	406844059	NA	0
1264	1	opencv	conan-gcc	2474694	2890468168	6276119	4999703	128972616	407220822	NA	0
1265	1	opencv	conan-gcc	2563207	2893031375	6277412	4999703	129104972	407611795	NA	0
1266	1	opencv	conan-gcc	2467145	2895498520	6278228	4999703	129217722	407987145	NA	0
1267	1	opencv	conan-gcc	2462576	2897961096	6278761	4999703	129330079	408362185	NA	0
1268	1	opencv	conan-gcc	2508855	2900469951	6279758	4999703	129449824	408744373	NA	0
1269	1	opencv	conan-gcc	2147397	2902617348	6279970	4999703	129545111	409064909	NA	0
1270	1	opencv	conan-gcc	4743728	2907361076	6281084	4999703	129718056	409624443	NA	0
1271	1	opencv	conan-gcc	3589969	2910951045	6284571	4999703	129875057	410139383	NA	0
1272	1	opencv	conan-gcc	3480423	2914431468	6285100	4999703	130027400	410633411	NA	0
1273	1	opencv	conan-gcc	3469406	2917900874	6285466	4999703	130174172	411126028	NA	0
1274	1	opencv	conan-gcc	3476370	2921377244	6285937	4999703	130326496	411620013	NA	0
1275	1	opencv	conan-gcc	3481468	2924858712	6286543	4999703	130477734	412113967	NA	0
1276	1	opencv	conan-gcc	3516612	2928375324	6287565	4999703	130636276	412612633	NA	0
1277	1	opencv	conan-gcc	3618797	2931994121	6290099	4999703	130812240	413123459	NA	0
1278	1	opencv	conan-gcc	3480168	2935474289	6290777	4999703	130967195	413619198	NA	0
1279	1	opencv	conan-gcc	3480932	2938955221	6291354	4999703	131120035	414113720	NA	0
1280	1	opencv	conan-gcc	3532772	2942487993	6292237	4999703	131278357	414618126	NA	0
1281	1	opencv	conan-gcc	3473817	2945961810	6292642	4999703	131426553	415112009	NA	0
1282	1	opencv	conan-gcc	3548113	2949509923	6294077	4999703	131590263	415615525	NA	0
1283	1	opencv	conan-gcc	3467156	2952977079	6294409	4999703	131736655	416108472	NA	0
1284	1	opencv	conan-gcc	3467619	2956444698	6294762	4999703	131883796	416601595	NA	0
1285	1	opencv	conan-gcc	3468813	2959913511	6295117	4999703	132030820	417094528	NA	0
1286	1	opencv	conan-gcc	3603797	2963517308	6295676	4999703	132189172	417610647	NA	0
1287	1	opencv	conan-gcc	3474219	2966991527	6296084	4999703	132336706	418103861	NA	0
1288	1	opencv	conan-gcc	3505918	2970497445	6296647	4999703	132505431	418609828	NA	0
1289	1	opencv	conan-gcc	3661022	2974158467	6299186	4999703	132676163	419129623	NA	0
1290	1	opencv	conan-gcc	3629069	2977787536	6302508	4999703	132843357	419646658	NA	0
1291	1	opencv	conan-gcc	3514518	2981302054	6303518	4999703	133002665	420145949	NA	0
1292	1	opencv	conan-gcc	3473847	2984775901	6303912	4999703	133150523	420639569	NA	0
1293	1	opencv	conan-gcc	3462362	2988238263	6304072	4999703	133295610	421131219	NA	0
1294	1	opencv	conan-gcc	3461219	2991699482	6304237	4999703	133440135	421622543	NA	0
1295	1	opencv	conan-gcc	3461207	2995160689	6304396	4999703	133584659	422113892	NA	0
1296	1	opencv	conan-gcc	3468544	2998629233	6304741	4999703	133732007	422606959	NA	0
1297	1	opencv	conan-gcc	3702231	3002331464	6307687	4999703	133903211	423115787	NA	0
1298	1	opencv	conan-gcc	3518476	3005849940	6308916	4999703	134065228	423616955	NA	0
1299	1	opencv	conan-gcc	3471639	3009321579	6309379	4999703	134211791	424109835	NA	0
1300	1	opencv	conan-gcc	3483620	3012805199	6309840	4999703	134363624	424604057	NA	0
1301	1	opencv	conan-gcc	3712625	3016517824	6313987	4999703	134533694	425130734	NA	0
1302	1	opencv	conan-gcc	3563667	3020081491	6314515	4999703	134688876	425638563	NA	0
1303	1	opencv	conan-gcc	3529152	3023610643	6315243	4999703	134845279	426141634	NA	0
1304	1	opencv	conan-gcc	3509452	3027120095	6316085	4999703	135003094	426639709	NA	0
1305	1	opencv	conan-gcc	3585296	3030705391	6316318	4999703	135153966	427154187	NA	0
1306	1	opencv	conan-gcc	3467237	3034172628	6316695	4999703	135300953	427646654	NA	0
1307	1	opencv	conan-gcc	3463350	3037635978	6317032	4999703	135448268	428139352	NA	0
1308	1	opencv	conan-gcc	3467338	3041103316	6317307	4999703	135600005	428631974	NA	0
1309	1	opencv	conan-gcc	3457120	3044560436	6317465	4999703	135745300	429123253	NA	0
1310	1	opencv	conan-gcc	3471927	3048032363	6317814	4999703	135897474	429616312	NA	0
1311	1	opencv	conan-gcc	3467603	3051499966	6318153	4999703	136049804	430109013	NA	0
1312	1	opencv	conan-gcc	3462936	3054962902	6318498	4999703	136196361	430601170	NA	0
1313	1	opencv	conan-gcc	3465746	3058428648	6318868	4999703	136343244	431093277	NA	0
1314	1	opencv	conan-gcc	2564161	3060992809	6322366	4999703	136465234	431477444	NA	0
1315	1	opencv	conan-gcc	2604372	3063597181	6324199	4999703	136586128	431865665	NA	0
1316	1	opencv	conan-gcc	2411702	3066008883	6324621	4999703	136694981	432229523	NA	0
1317	1	opencv	conan-gcc	3388737	3069397620	6325248	4999703	136843748	432705403	NA	0
1318	1	opencv	conan-gcc	3354026	3072751646	6325422	4999703	136985009	433178300	NA	0
1319	1	opencv	conan-gcc	2328176	3075079822	6329956	4999703	137113213	433532684	NA	0
1320	1	opencv	conan-gcc	2279718	3077359540	6330497	4999703	137215586	433877647	NA	0
1321	1	opencv	conan-gcc	2309368	3079668908	6331401	4999703	137324949	434227558	NA	0
1322	1	opencv	conan-gcc	2540085	3082208993	6332986	4999703	137454528	434616523	NA	0
1323	1	opencv	conan-gcc	3339588	3085548581	6335607	4999703	137998390	435221414	NA	0
1324	1	opencv	conan-gcc	2277068	3087825649	6335849	4999703	138099805	435565713	NA	0
1325	1	opencv	conan-gcc	2415510	3090241159	6336659	4999703	138213659	435933833	NA	0
1326	1	opencv	conan-gcc	2436654	3092677813	6338016	4999703	138329216	436304308	NA	0
1327	1	opencv	conan-gcc	2279480	3094957293	6338420	4999703	138431602	436649494	NA	0
1328	1	opencv	conan-gcc	2280194	3097237487	6339001	4999703	138534282	436994584	NA	0
1329	1	opencv	conan-gcc	2416687	3099654174	6339357	4999703	138642588	437361092	NA	0
1330	1	opencv	conan-gcc	2275975	3101930149	6339598	4999703	138743646	437705277	NA	0
1331	1	opencv	conan-gcc	2280974	3104211123	6339900	4999703	138845639	438050737	NA	0
1332	1	opencv	conan-gcc	2280784	3106491907	6340335	4999703	138947020	438396102	NA	0
1333	1	opencv	conan-gcc	2368348	3108860255	6340838	4999703	139055390	438755048	NA	0
1334	1	opencv	conan-gcc	2293686	3111153941	6341721	4999703	139161690	439103159	NA	0
1335	1	opencv	conan-gcc	2361173	3113515114	6343903	4999703	139286171	439462742	NA	0
1336	1	opencv	conan-gcc	2300652	3115815766	6344360	4999703	139390304	439811820	NA	0
1337	1	opencv	conan-gcc	2314973	3118130739	6345611	4999703	139500216	440163602	NA	0
1338	1	opencv	conan-gcc	2419763	3120550502	6346067	4999703	139610727	440530604	NA	0
1339	1	opencv	conan-gcc	2417650	3122968152	6346433	4999703	139720866	440897469	NA	0
1340	1	opencv	conan-gcc	2277508	3125245660	6346654	4999703	139822015	441241562	NA	0
1341	1	opencv	conan-gcc	2738788	3127984448	6348728	4999703	139991869	441665448	NA	0
1342	1	opencv	conan-gcc	2273771	3130258219	6348889	4999703	140092345	442009133	NA	0
1343	1	opencv	conan-gcc	2747453	3133005672	6353737	5781488	140260763	442433172	NA	1
1344	1	opencv	conan-gcc	2361989	3135367661	6605204	5781488	140390799	442796621	NA	0
1345	1	opencv	conan-gcc	2147429	3137515090	6605423	5781488	140486091	443117151	NA	0
1346	1	opencv	conan-gcc	3748651	3141263741	6616383	5781488	140676872	443648969	NA	0
1347	1	opencv	conan-gcc	3655693	3144919434	6617110	5781488	140837925	444161421	NA	0
1348	1	opencv	conan-gcc	3732470	3148651904	6617556	5781488	141000569	444690039	NA	0
1349	1	opencv	conan-gcc	3880479	3152532383	6619844	5781488	141181195	445232515	NA	0
1350	1	opencv	conan-gcc	3653632	3156186015	6620335	5781488	141341274	445744455	NA	0
1351	1	opencv	conan-gcc	3798485	3159984500	6621541	5781488	141511223	446279780	NA	0
1352	1	opencv	conan-gcc	3683560	3163668060	6623986	5781488	141679617	446799314	NA	0
1353	1	opencv	conan-gcc	3827379	3167495439	6625653	5781488	141853248	447337789	NA	0
1354	1	opencv	conan-gcc	3633736	3171129175	6626137	5781488	142012489	447848555	NA	0
1355	1	opencv	conan-gcc	3621135	3174750310	6626324	5781488	142167954	448356892	NA	0
1356	1	opencv	conan-gcc	3744295	3178494605	6627532	5781488	142335062	448874447	NA	0
1357	1	opencv	conan-gcc	3692984	3182187589	6628518	5781488	142500473	449390474	NA	0
1358	1	opencv	conan-gcc	3525927	3185713516	6628765	5781488	142649485	449895452	NA	0
1359	1	opencv	conan-gcc	3525732	3189239248	6628978	5781488	142798225	450400337	NA	0
1360	1	opencv	conan-gcc	3523904	3192763152	6629439	5781488	142954511	450903504	NA	0
1361	1	opencv	conan-gcc	3415427	3196178579	6629731	5781488	143103747	451386511	NA	0
1362	1	opencv	conan-gcc	3397555	3199576134	6629891	5781488	143246907	451868076	NA	0
1363	1	opencv	conan-gcc	3655373	3203231507	6630664	5781488	143406124	452380164	NA	0
1364	1	opencv	conan-gcc	2690347	3205921854	6634704	5781488	143547267	452788327	NA	0
1365	1	opencv	conan-gcc	2682625	3208604479	6635547	5781488	143671616	453196957	NA	0
1366	1	opencv	conan-gcc	2664061	3211268540	6635736	5781488	143790253	453602040	NA	0
1367	1	opencv	conan-gcc	2686038	3213954578	6636468	5781488	143915439	454011285	NA	0
1368	1	opencv	conan-gcc	2680109	3216634687	6637154	5781488	144038851	454419202	NA	0
1369	1	opencv	conan-gcc	2701457	3219336144	6638219	5781488	144166897	454830433	NA	0
1370	1	opencv	conan-gcc	2747987	3222084131	6639481	5781488	144299639	455249646	NA	0
1371	1	opencv	conan-gcc	2684077	3224768208	6640113	5781488	144423680	455657901	NA	0
1372	1	opencv	conan-gcc	2666679	3227434887	6640425	5781488	144542974	456063544	NA	0
1373	1	opencv	conan-gcc	2667257	3230102144	6640725	5781488	144662944	456469198	NA	0
1374	1	opencv	conan-gcc	2680401	3232782545	6641443	5781488	144785133	456876356	NA	0
1375	1	opencv	conan-gcc	2667853	3235450398	6641816	5781488	144904058	457281816	NA	0
1376	1	opencv	conan-gcc	2147429	3237597827	6642018	5781488	144999350	457602344	NA	0
1377	1	opencv	conan-gcc	3638543	3241236370	6645805	5781488	145158542	458125160	NA	0
1378	1	opencv	conan-gcc	3514973	3244751343	6646126	5781488	145311715	458625449	NA	0
1379	1	opencv	conan-gcc	3517866	3248269209	6646356	5781488	145458828	459125928	NA	0
1380	1	opencv	conan-gcc	3514854	3251784063	6646616	5781488	145612254	459626349	NA	0
1381	1	opencv	conan-gcc	3510987	3255295050	6646776	5781488	145759910	460126031	NA	0
1382	1	opencv	conan-gcc	3519337	3258814387	6647097	5781488	145913344	460626635	NA	0
1383	1	opencv	conan-gcc	3546938	3262361325	6647697	5781488	146067546	461128428	NA	0
1384	1	opencv	conan-gcc	3515213	3265876538	6647932	5781488	146220552	461628631	NA	0
1385	1	opencv	conan-gcc	3515742	3269392280	6648177	5781488	146373798	462128977	NA	0
1386	1	opencv	conan-gcc	3639508	3273031788	6648433	5781488	146531469	462652213	NA	0
1387	1	opencv	conan-gcc	3639587	3276671375	6648641	5781488	146688795	463175426	NA	0
1388	1	opencv	conan-gcc	3518700	3280190075	6648989	5781488	146843055	463676514	NA	0
1389	1	opencv	conan-gcc	3511419	3283701494	6649162	5781488	146990744	464176338	NA	0
1390	1	opencv	conan-gcc	3998443	3287699937	6649666	5781488	147165667	464747812	NA	0
1391	1	opencv	conan-gcc	3558839	3291258776	6650051	5781488	147322135	465255092	NA	0
1392	1	opencv	conan-gcc	3405764	3294664540	6650521	5781488	147467495	465737717	NA	0
1393	1	opencv	conan-gcc	3410566	3298075106	6651298	5781488	147620685	466221931	NA	0
1394	1	opencv	conan-gcc	3491186	3301566292	6651542	5781488	147768748	466720147	NA	0
1395	1	opencv	conan-gcc	3492452	3305058744	6651843	5781488	147917786	467218803	NA	0
1396	1	opencv	conan-gcc	3489784	3308548528	6653950	5781488	148079723	467716454	NA	0
1397	1	opencv	conan-gcc	3457042	3312005570	6654508	5781488	148228664	468207354	NA	0
1398	1	opencv	conan-gcc	3569978	3315575548	6658595	5781488	148403575	468717414	NA	0
1399	1	opencv	conan-gcc	3663232	3319238780	6674884	5781488	148635090	469249376	NA	0
1400	1	opencv	conan-gcc	3438146	3322676926	6677448	5781488	148801252	469737746	NA	0
1401	1	opencv	conan-gcc	3378503	3326055429	6678189	5781488	148947659	470215296	NA	0
1402	1	opencv	conan-gcc	2401495	3328456924	6680287	5781488	149065560	470579177	NA	0
1403	1	opencv	conan-gcc	2404127	3330861051	6681556	5781488	149178387	470943814	NA	0
1404	1	opencv	conan-gcc	2386666	3333247717	6681964	5781488	149286873	471304790	NA	0
1405	1	opencv	conan-gcc	2726280	3335973997	6683075	5781488	149412042	471705267	NA	0
1406	1	opencv	conan-gcc	2407825	3338381822	6683708	5781488	149525323	472069211	NA	0
1407	1	opencv	conan-gcc	2425496	3340807318	6684532	5781488	149642487	472436165	NA	0
1408	1	opencv	conan-gcc	2383200	3343190518	6684780	5781488	149749453	472796192	NA	0
1409	1	opencv	conan-gcc	2823807	3346014325	6686135	5781488	149879299	473215784	NA	0
1410	1	opencv	conan-gcc	2679305	3348693630	6686708	5781488	149993947	473609303	NA	0
1411	1	opencv	conan-gcc	2695363	3351388993	6687522	5781488	150115412	474007028	NA	0
1412	1	opencv	conan-gcc	2439012	3353828005	6687838	5781488	150225324	474376403	NA	0
1413	1	opencv	conan-gcc	2386516	3356214521	6688541	5781488	150333346	474737008	NA	0
1414	1	opencv	conan-gcc	2387570	3358602091	6688817	5781488	150439919	475097764	NA	0
1415	1	opencv	conan-gcc	2392736	3360994827	6689415	5781488	150548593	475459707	NA	0
1416	1	opencv	conan-gcc	2393337	3363388164	6689784	5781488	150656345	475821721	NA	0
1417	1	opencv	conan-gcc	2388939	3365777103	6690094	5781488	150763470	476182784	NA	0
1418	1	opencv	conan-gcc	2387747	3368164850	6690319	5781488	150870139	476543612	NA	0
1419	1	opencv	conan-gcc	2389825	3370554675	6690614	5781488	150977622	476904944	NA	0
1420	1	opencv	conan-gcc	2386881	3372941556	6690825	5781488	151083848	477265583	NA	0
1421	1	opencv	conan-gcc	2412293	3375353849	6691590	5781488	151194800	477629122	NA	0
1422	1	opencv	conan-gcc	2389547	3377743396	6692057	5781488	151303847	477990791	NA	0
1423	1	opencv	conan-gcc	2380210	3380123606	6692301	5781488	151409566	478350112	NA	0
1424	1	opencv	conan-gcc	2395014	3382518620	6692847	5781488	151521130	478712968	NA	0
1425	1	opencv	conan-gcc	2384896	3384903516	6693155	5781488	151628692	479073390	NA	0
1426	1	opencv	conan-gcc	2404050	3387307566	6693809	5781488	151738774	479437555	NA	0
1427	1	opencv	conan-gcc	2390790	3389698356	6694354	5781488	151848919	479799679	NA	0
1428	1	opencv	conan-gcc	2387381	3392085737	6694848	5781488	151957755	480160833	NA	0
1429	1	opencv	conan-gcc	2730814	3394816551	6695967	5781488	152082384	480561455	NA	0
1430	1	opencv	conan-gcc	2147365	3396963916	6696172	5781488	152177673	480881987	NA	0
1431	1	opencv	conan-gcc	2677444	3399641360	6696697	5781488	152291193	481276582	NA	0
1432	1	opencv	conan-gcc	4697359	3404338719	6697060	5781488	152460145	481828030	NA	0
1433	1	opencv	conan-gcc	4978853	3409317572	6697270	5781488	152633931	482405655	NA	0
1434	1	opencv	conan-gcc	3552354	3412869926	6698912	5781488	152789376	482914643	NA	0
1435	1	opencv	conan-gcc	3552399	3416422325	6699112	5781488	152939224	483423613	NA	0
1436	1	opencv	conan-gcc	3552469	3419974794	6699294	5781488	153089094	483932595	NA	0
1437	1	opencv	conan-gcc	3552444	3423527238	6699474	5781488	153238960	484441374	NA	0
1438	1	opencv	conan-gcc	3449854	3426977092	6700115	5781488	153390727	484929710	NA	0
1439	1	opencv	conan-gcc	3438026	3430415118	6700388	5781488	153541758	485416909	NA	0
1440	1	opencv	conan-gcc	3575145	3433990263	6701220	5781488	153700048	485927282	NA	0
1441	1	opencv	conan-gcc	3439183	3437429446	6701657	5781488	153850143	486414160	NA	0
1442	1	opencv	conan-gcc	3439244	3440868690	6702339	5781488	154002631	486902600	NA	0
1443	1	opencv	conan-gcc	3461963	3444330653	6703132	5781488	154157831	487393336	NA	0
1444	1	opencv	conan-gcc	3429957	3447760610	6703549	5781488	154304244	487880273	NA	0
1445	1	opencv	conan-gcc	3427934	3451188544	6703827	5781488	154449760	488366844	NA	0
1446	1	opencv	conan-gcc	3424999	3454613543	6704005	5781488	154594103	488852689	NA	0
1447	1	opencv	conan-gcc	3435161	3458048704	6704509	5781488	154741379	489340173	NA	0
1448	1	opencv	conan-gcc	3465673	3461514377	6705397	5781488	154897934	489831656	NA	0
1449	1	opencv	conan-gcc	3553135	3465067512	6705642	5781488	155048060	490340783	NA	0
1450	1	opencv	conan-gcc	3553139	3468620651	6705836	5781488	155198123	490849861	NA	0
1451	1	opencv	conan-gcc	3553264	3472173915	6706025	5781488	155348208	491359016	NA	0
1452	1	opencv	conan-gcc	3553135	3475727050	6706199	5781488	155498269	491868095	NA	0
1453	1	opencv	conan-gcc	3553253	3479280303	6706385	5781488	155648188	492377112	NA	0
1454	1	opencv	conan-gcc	3553233	3482833536	6706569	5781488	155798101	492886242	NA	0
1455	1	opencv	conan-gcc	3433302	3486266838	6706985	6136878	155944704	493373446	NA	1
1456	1	opencv	conan-gcc	3433480	3489700318	6760256	6136878	156090437	493860596	NA	0
1457	1	opencv	conan-gcc	3429000	3493129318	6760472	6136878	156236488	494347314	NA	0
1458	1	opencv	conan-gcc	3438838	3496568156	6760772	6136878	156387880	494834710	NA	0
1459	1	opencv	conan-gcc	3425171	3499993327	6760942	6136878	156532232	495320591	NA	0
1460	1	opencv	conan-gcc	3452943	3503446270	6761523	6136878	156685030	495809292	NA	0
1461	1	opencv	conan-gcc	3433597	3506879867	6761858	6136878	156831537	496296604	NA	0
1462	1	opencv	conan-gcc	3428534	3510308401	6762081	6136878	156976969	496783027	NA	0
1463	1	opencv	conan-gcc	2362590	3512670991	6762684	6136878	157086302	497143433	NA	0
1464	1	opencv	conan-gcc	2288696	3514959687	6763212	6136878	157193041	497492907	NA	0
1465	1	opencv	conan-gcc	2386948	3517346635	6763997	6136878	157306484	497859099	NA	0
1466	1	opencv	conan-gcc	2460688	3519807323	6765166	6136878	157420920	498240694	NA	0
1467	1	opencv	conan-gcc	2472897	3522280220	6765931	6136878	157539514	498625008	NA	0
1468	1	opencv	conan-gcc	2399081	3524679301	6766541	6136878	157651146	498995552	NA	0
1469	1	opencv	conan-gcc	2150155	3526829456	6767154	6136878	157750357	499320108	NA	0
1470	1	opencv	conan-gcc	2215307	3529044763	6767486	6136878	157849744	499654402	NA	0
1471	1	opencv	conan-gcc	2142740	3531187503	6768087	6136878	157948466	499977021	NA	0
1472	1	opencv	conan-gcc	2253185	3533440688	6768823	6136878	158050702	500315027	NA	0
1473	1	opencv	conan-gcc	2416399	3535857087	6779954	6136878	158164667	500685181	NA	0
1474	1	opencv	conan-gcc	2353965	3538211052	6780362	6136878	158272389	501044581	NA	0
1475	1	opencv	conan-gcc	2372045	3540583097	6780937	6136878	158381659	501407244	NA	0
1476	1	opencv	conan-gcc	2400576	3542983673	6781654	6136878	158493079	501776287	NA	0
1477	1	opencv	conan-gcc	2350508	3545334181	6781932	6136878	158600353	502134970	NA	0
1478	1	opencv	conan-gcc	2371695	3547705876	6782616	6136878	158707631	502497526	NA	0
1479	1	opencv	conan-gcc	2516618	3550222494	6783564	6136878	158827140	502885591	NA	0
1480	1	opencv	conan-gcc	2351530	3552574024	6783915	6136878	158934667	503244838	NA	0
1481	1	opencv	conan-gcc	2411464	3554985488	6784441	6136878	159046640	503614699	NA	0
1482	1	opencv	conan-gcc	2410263	3557395751	6784833	6136878	159158024	503984062	NA	0
1483	1	opencv	conan-gcc	2409093	3559804844	6785195	6136878	159268572	504353187	NA	0
1484	1	opencv	conan-gcc	2410041	3562214885	6785672	6136878	159379282	504722505	NA	0
1485	1	opencv	conan-gcc	2417304	3564632189	6786330	6136878	159490659	505092861	NA	0
1486	1	opencv	conan-gcc	2742707	3567374896	6787339	6136878	159618958	505504320	NA	0
1487	1	opencv	conan-gcc	2409927	3569784823	6787789	6136878	159729874	505873675	NA	0
1488	1	opencv	conan-gcc	2371886	3572156709	6788270	6136878	159837656	506236393	NA	0
1489	1	opencv	conan-gcc	2422944	3574579653	6789294	6136878	159950090	506608741	NA	0
1490	1	opencv	conan-gcc	2391685	3576971338	6789976	6136878	160059388	506975797	NA	0
1491	1	opencv	conan-gcc	2392099	3579363437	6790583	6136878	160170879	507343830	NA	0
1492	1	opencv	conan-gcc	2238816	3581602253	6791050	6136878	160272601	507686231	NA	0
1493	1	opencv	conan-gcc	2512798	3584115051	6791562	6136878	160389200	508072820	NA	0
1494	1	opencv	conan-gcc	2451419	3586566470	6792296	6136878	160505119	508452894	NA	0
1495	1	opencv	conan-gcc	2241251	3588807721	6792779	6136878	160607690	508795739	NA	0
1496	1	opencv	conan-gcc	2516002	3591323723	6793483	6136878	160725050	509183435	NA	0
1497	1	opencv	conan-gcc	2240913	3593564636	6794016	6136878	160827913	509526359	NA	0
1498	1	opencv	conan-gcc	2287872	3595852508	6794538	6136878	160934436	509878868	NA	0
1499	1	opencv	conan-gcc	2243989	3598096497	6795264	6136878	161037674	510222915	NA	0
1500	2	opencv	conan-gcc	374417	3598470914	6795314	6136878	161055169	510281517	NA	0
1501	2	opencv	conan-gcc	148871	3598619785	6795365	6136878	161061304	510305753	NA	0
1502	2	opencv	conan-gcc	1127169	3599746954	6795416	6136878	161116524	510487286	NA	0
1503	2	opencv	conan-gcc	1126463	3600873417	6795467	6136878	161171753	510668474	NA	0
1504	2	opencv	conan-gcc	1586081	3602459498	6795518	6136878	161249549	510916889	NA	0
1505	2	opencv	conan-gcc	1510424	3603969922	6795569	6136878	161323426	511153787	NA	0
1506	2	opencv	conan-gcc	1472581	3605442503	6795620	6136878	161395893	511385254	NA	0
1507	2	opencv	conan-gcc	1469294	3606911797	6795671	6136878	161468523	511616283	NA	0
1508	2	opencv	conan-gcc	1462858	3608374655	6795722	6136878	161540963	511846835	NA	0
1509	2	opencv	conan-gcc	1493122	3609867777	6795774	6136878	161614462	512081125	NA	0
1510	2	opencv	conan-gcc	1365628	3611233405	6795826	6136878	161679968	512293057	NA	0
1511	2	opencv	conan-gcc	1410801	3612644206	6795878	6136878	161748690	512513840	NA	0
1512	2	opencv	conan-gcc	1487435	3614131641	6795930	6136878	161821568	512747459	NA	0
1513	2	opencv	conan-gcc	1757849	3615889490	6795982	6136878	161906148	513018502	NA	0
1514	2	opencv	conan-gcc	1509153	3617398643	6796034	6136878	161979541	513253797	NA	0
1515	2	opencv	conan-gcc	1533543	3618932186	6796086	6136878	162054315	513492620	NA	0
1516	2	opencv	conan-gcc	1574610	3620506796	6796138	6136878	162130731	513738180	NA	0
1517	2	opencv	conan-gcc	88613	3620595409	6796190	6136878	162134270	513753270	NA	0
1518	2	opencv	conan-gcc	55364	3620650773	6796242	6136878	162136847	513763931	NA	0
1519	2	opencv	conan-gcc	172071	3620822844	6796294	6136878	162142954	513810282	NA	0
1520	2	opencv	conan-gcc	138646	3620961490	6796346	6136878	162148666	513834851	NA	0
1521	2	opencv	conan-gcc	106982	3621068472	6796398	6136878	162152940	513853040	NA	0
1522	2	opencv	conan-gcc	125965	3621194437	6796450	6136878	162158177	513873937	NA	0
1523	2	opencv	conan-gcc	124726	3621319163	6796502	6136878	162163383	513895437	NA	0
1524	2	opencv	conan-gcc	124921	3621444084	6796554	6136878	162168516	513916711	NA	0
1525	2	opencv	conan-gcc	127523	3621571607	6796606	6136878	162173635	513938673	NA	0
1526	2	opencv	conan-gcc	105640	3621677247	6796658	6136878	162177834	513956700	NA	0
1527	2	opencv	conan-gcc	98918	3621776165	6796710	6136878	162181936	513974982	NA	0
1528	2	opencv	conan-gcc	94468	3621870633	6796762	6136878	162185828	513991388	NA	0
1529	2	opencv	conan-gcc	121324	3621991957	6796814	6136878	162190540	514012524	NA	0
1530	2	opencv	conan-gcc	55387	3622047344	6796866	6136878	162193123	514023162	NA	0
1531	2	opencv	conan-gcc	109456	3622156800	6796918	6136878	162197547	514041816	NA	0
1532	2	opencv	conan-gcc	113291	3622270091	6796970	6136878	162201911	514060565	NA	0
1533	2	opencv	conan-gcc	147752	3622417843	6797022	6136878	162206854	514081141	NA	0
1534	2	opencv	conan-gcc	120570	3622538413	6797074	6136878	162211517	514101305	NA	0
1535	2	opencv	conan-gcc	118067	3622656480	6797126	6136878	162215992	514120596	NA	0
1536	2	opencv	conan-gcc	112381	3622768861	6797178	6136878	162220386	514139510	NA	0
1537	2	opencv	conan-gcc	117690	3622886551	6797230	6136878	162224964	514159339	NA	0
1538	2	opencv	conan-gcc	121570	3623008121	6797282	6136878	162229637	514179767	NA	0
1539	2	opencv	conan-gcc	131733	3623139854	6797334	6136878	162234694	514201630	NA	0
1540	2	opencv	conan-gcc	173879	3623313733	6797386	6136878	162240217	514224298	NA	0
1541	2	opencv	conan-gcc	119292	3623433025	6797438	6136878	162244851	514244367	NA	0
1542	2	opencv	conan-gcc	116556	3623549581	6797490	6136878	162249307	514263561	NA	0
1543	2	opencv	conan-gcc	120562	3623670143	6797542	6136878	162253954	514283597	NA	0
1544	2	opencv	conan-gcc	117960	3623788103	6797594	6136878	162258509	514303055	NA	0
1545	2	opencv	conan-gcc	122042	3623910145	6797646	6136878	162263229	514323490	NA	0
1546	2	opencv	conan-gcc	109319	3624019464	6797698	6136878	162267465	514341732	NA	0
1547	2	opencv	conan-gcc	120197	3624139661	6797750	6136878	162272130	514362009	NA	0
1548	2	opencv	conan-gcc	128736	3624268397	6797802	6136878	162276977	514383025	NA	0
1549	2	opencv	conan-gcc	136854	3624405251	6797854	6136878	162282256	514406032	NA	0
1550	2	opencv	conan-gcc	123083	3624528334	6797906	6136878	162286909	514426213	NA	0
1551	2	opencv	conan-gcc	172437	3624700771	6797958	6136878	162292209	514447866	NA	0
1552	2	opencv	conan-gcc	116198	3624816969	6798010	6136878	162296623	514466809	NA	0
1553	2	opencv	conan-gcc	117905	3624934874	6798062	6136878	162301069	514485978	NA	0
1554	2	opencv	conan-gcc	118009	3625052883	6798114	6136878	162305559	514505340	NA	0
1555	2	opencv	conan-gcc	118741	3625171624	6798166	6136878	162310083	514524776	NA	0
1556	2	opencv	conan-gcc	206699	3625378323	6798218	6136878	162316336	514550665	NA	0
1557	2	opencv	conan-gcc	121820	3625500143	6798270	6136878	162320907	514570306	NA	0
1558	2	opencv	conan-gcc	127063	3625627206	6798322	6136878	162325925	514592697	NA	0
1559	2	opencv	conan-gcc	136237	3625763443	6798374	6136878	162331385	514616058	NA	0
1560	2	opencv	conan-gcc	111055	3625874498	6798426	6136878	162335684	514634597	NA	0
1561	2	opencv	conan-gcc	135551	3626010049	6798478	6136878	162340488	514654662	NA	0
1562	2	opencv	conan-gcc	120570	3626130619	6798530	6136878	162345151	514674820	NA	0
1563	2	opencv	conan-gcc	118067	3626248686	6798582	6136878	162349626	514694116	NA	0
1564	2	opencv	conan-gcc	112381	3626361067	6798634	6136878	162354020	514713033	NA	0
1565	2	opencv	conan-gcc	117690	3626478757	6798686	6136878	162358598	514732865	NA	0
1566	2	opencv	conan-gcc	121570	3626600327	6798738	6136878	162363271	514753278	NA	0
1567	2	opencv	conan-gcc	114830	3626715157	6798790	6424996	162367722	514772457	NA	1
1568	2	opencv	conan-gcc	154213	3626869370	6798842	6424996	162372974	514794099	NA	0
1569	2	opencv	conan-gcc	119292	3626988662	6798894	6424996	162377608	514814168	NA	0
1570	2	opencv	conan-gcc	116556	3627105218	6798946	6424996	162382064	514833358	NA	0
1571	2	opencv	conan-gcc	120562	3627225780	6798998	6424996	162386711	514853396	NA	0
1572	2	opencv	conan-gcc	111231	3627337011	6799050	6424996	162391042	514872008	NA	0
1573	2	opencv	conan-gcc	122042	3627459053	6799102	6424996	162395762	514892446	NA	0
1574	2	opencv	conan-gcc	109319	3627568372	6799154	6424996	162399998	514910685	NA	0
1575	2	opencv	conan-gcc	113923	3627682295	6799206	6424996	162404390	514929573	NA	0
1576	2	opencv	conan-gcc	153091	3627835386	6799258	6424996	162409528	514950889	NA	0
1577	2	opencv	conan-gcc	120504	3627955890	6799310	6424996	162414189	514971037	NA	0
1578	2	opencv	conan-gcc	118000	3628073890	6799362	6424996	162418663	514990331	NA	0
1579	2	opencv	conan-gcc	112348	3628186238	6799414	6424996	162423058	515009237	NA	0
1580	2	opencv	conan-gcc	117628	3628303866	6799466	6424996	162427634	515029049	NA	0
1581	2	opencv	conan-gcc	127688	3628431554	6799518	6424996	162432469	515050241	NA	0
1582	2	opencv	conan-gcc	138807	3628570361	6799570	6424996	162437803	515073030	NA	0
1583	2	opencv	conan-gcc	179624	3628749985	6799622	6424996	162443516	515096453	NA	0
1584	2	opencv	conan-gcc	119241	3628869226	6799674	6424996	162448148	515116527	NA	0
1585	2	opencv	conan-gcc	116525	3628985751	6799726	6424996	162452601	515135716	NA	0
1586	2	opencv	conan-gcc	120483	3629106234	6799778	6424996	162457248	515155733	NA	0
1587	2	opencv	conan-gcc	117878	3629224112	6799830	6424996	162461803	515175159	NA	0
1588	2	opencv	conan-gcc	128339	3629352451	6799882	6424996	162466702	515196326	NA	0
1589	2	opencv	conan-gcc	110104	3629462555	6799934	6424996	162471002	515214901	NA	0
1590	2	opencv	conan-gcc	120167	3629582722	6799986	6424996	162475667	515235174	NA	0
1591	2	opencv	conan-gcc	130757	3629713479	6800038	6424996	162480660	515256726	NA	0
1592	2	opencv	conan-gcc	136803	3629850282	6800090	6424996	162485939	515279715	NA	0
1593	2	opencv	conan-gcc	123404	3629973686	6800142	6424996	162490607	515299931	NA	0
1594	2	opencv	conan-gcc	178275	3630151961	6800194	6424996	162496078	515322284	NA	0
1595	2	opencv	conan-gcc	116149	3630268110	6800246	6424996	162500493	515341224	NA	0
1596	2	opencv	conan-gcc	117856	3630385966	6800298	6424996	162504941	515360388	NA	0
1597	2	opencv	conan-gcc	117943	3630503909	6800350	6424996	162509431	515379746	NA	0
1598	2	opencv	conan-gcc	118717	3630622626	6800402	6424996	162513957	515399168	NA	0
1599	2	opencv	conan-gcc	206377	3630829003	6800454	6424996	162520190	515424980	NA	0
1600	2	opencv	conan-gcc	121729	3630950732	6800506	6424996	162524762	515444621	NA	0
1601	2	opencv	conan-gcc	126946	3631077678	6800558	6424996	162529781	515466988	NA	0
1602	2	opencv	conan-gcc	136072	3631213750	6800610	6424996	162535242	515490315	NA	0
1603	2	opencv	conan-gcc	120193	3631333943	6800662	6424996	162539854	515509912	NA	0
1604	2	opencv	conan-gcc	371137	3631705080	6800714	6424996	162545508	515534228	NA	0
1605	2	opencv	conan-gcc	110787	3631815867	6800766	6424996	162549818	515552729	NA	0
1606	2	opencv	conan-gcc	111656	3631927523	6800818	6424996	162554175	515571315	NA	0
1607	2	opencv	conan-gcc	123347	3632050870	6800870	6424996	162558982	515592206	NA	0
1608	2	opencv	conan-gcc	121342	3632172212	6800922	6424996	162563889	515612957	NA	0
1609	2	opencv	conan-gcc	133928	3632306140	6800974	6424996	162569117	515635757	NA	0
1610	2	opencv	conan-gcc	110793	3632416933	6801026	6424996	162573445	515654185	NA	0
1611	2	opencv	conan-gcc	128560	3632545493	6801078	6424996	162578415	515676018	NA	0
1612	2	opencv	conan-gcc	137393	3632682886	6801130	6424996	162583667	515698917	NA	0
1613	2	opencv	conan-gcc	119124	3632802010	6801182	6424996	162588303	515719201	NA	0
1614	2	opencv	conan-gcc	118666	3632920676	6801234	6424996	162592959	515739035	NA	0
1615	2	opencv	conan-gcc	95716	3633016392	6801286	6424996	162596798	515755661	NA	0
1616	2	opencv	conan-gcc	94030	3633110422	6801338	6424996	162600591	515772163	NA	0
1617	2	opencv	conan-gcc	142618	3633253040	6801390	6424996	162605760	515795355	NA	0
1618	2	opencv	conan-gcc	113827	3633366867	6801442	6424996	162610195	515814303	NA	0
1619	2	opencv	conan-gcc	119302	3633486169	6801494	6424996	162614825	515834313	NA	0
1620	2	opencv	conan-gcc	118496	3633604665	6801546	6424996	162619398	515854583	NA	0
1621	2	opencv	conan-gcc	156101	3633760766	6801598	6424996	162625076	515878780	NA	0
1622	2	opencv	conan-gcc	133494	3633894260	6801650	6424996	162630291	515900402	NA	0
1623	2	opencv	conan-gcc	130118	3634024378	6801702	6424996	162635240	515922068	NA	0
1624	2	opencv	conan-gcc	112104	3634136482	6801754	6424996	162639629	515940833	NA	0
1625	2	opencv	conan-gcc	98783	3634235265	6801806	6424996	162643660	515959249	NA	0
1626	2	opencv	conan-gcc	115966	3634351231	6801858	6424996	162648074	515978203	NA	0
1627	2	opencv	conan-gcc	150324	3634501555	6801910	6424996	162653833	516001921	NA	0
1628	2	opencv	conan-gcc	111845	3634613400	6801962	6424996	162658178	516020536	NA	0
1629	2	opencv	conan-gcc	752	3634614152	6802013	6424996	162658213	516020779	NA	0
1630	2	opencv	conan-gcc	116603	3634730755	6802065	6424996	162662632	516040067	NA	0
1631	2	opencv	conan-gcc	126493	3634857248	6802117	6424996	162667643	516061093	NA	0
1632	2	opencv	conan-gcc	126236	3634983484	6802169	6424996	162672585	516082268	NA	0
1633	2	opencv	conan-gcc	3799	3634987283	6802184	6424996	162672751	516082877	NA	0
1634	2	opencv	conan-gcc	12088	3634999371	6802199	6424996	162673123	516084227	NA	0
1635	2	opencv	conan-gcc	53953	3635053324	6802214	6424996	162674221	516086879	NA	0
1636	2	opencv	conan-gcc	37889	3635091213	6802229	6424996	162675097	516089139	NA	0
1637	2	opencv	conan-gcc	15904	3635107117	6802244	6424996	162675747	516091768	NA	0
1638	2	opencv	conan-gcc	21713	3635128830	6802259	6424996	162676449	516093891	NA	0
1639	2	opencv	conan-gcc	9225	3635138055	6802274	6424996	162676855	516095171	NA	0
1640	2	opencv	conan-gcc	44988	3635183043	6802289	6424996	162677800	516097658	NA	0
1641	2	opencv	conan-gcc	59546	3635242589	6802304	6424996	162678873	516100544	NA	0
1642	2	opencv	conan-gcc	16381	3635258970	6802319	6424996	162679561	516102767	NA	0
1643	2	opencv	conan-gcc	10329	3635269299	6802334	6424996	162680046	516104251	NA	0
1644	2	opencv	conan-gcc	14379	3635283678	6802349	6424996	162680740	516106517	NA	0
1645	2	opencv	conan-gcc	14140	3635297818	6802364	6424996	162681328	516108653	NA	0
1646	2	opencv	conan-gcc	12249	3635310067	6802379	6424996	162681941	516110695	NA	0
1647	2	opencv	conan-gcc	19382	3635329449	6802394	6424996	162682983	516113736	NA	0
1648	2	opencv	conan-gcc	14259	3635343708	6802409	6424996	162683640	516116151	NA	0
1649	2	opencv	conan-gcc	6631	3635350339	6802424	6424996	162683899	516117176	NA	0
1650	2	opencv	conan-gcc	7617	3635357956	6802439	6424996	162684160	516118252	NA	0
1651	2	opencv	conan-gcc	62768	3635420724	6802454	6424996	162685365	516121542	NA	0
1652	2	opencv	conan-gcc	43411	3635464135	6802469	6424996	162686391	516124253	NA	0
1653	2	opencv	conan-gcc	10180	3635474315	6802484	6424996	162686795	516125671	NA	0
1654	2	opencv	conan-gcc	50073	3635524388	6802499	6424996	162687789	516128435	NA	0
1655	2	opencv	conan-gcc	64823	3635589211	6802514	6424996	162688915	516131605	NA	0
1656	2	opencv	conan-gcc	18265	3635607476	6802529	6424996	162689635	516134154	NA	0
1657	2	opencv	conan-gcc	11432	3635618908	6802544	6424996	162690047	516135805	NA	0
1658	2	opencv	conan-gcc	14487	3635633395	6802559	6424996	162690609	516137979	NA	0
1659	2	opencv	conan-gcc	7352	3635640747	6802574	6424996	162690853	516138925	NA	0
1660	2	opencv	conan-gcc	203162	3635843909	6802626	6424996	162697056	516163007	NA	0
1661	2	opencv	conan-gcc	168390	3636012299	6802678	6424996	162702969	516187238	NA	0
1662	2	opencv	conan-gcc	98353	3636110652	6802730	6424996	162706892	516205047	NA	0
1663	2	opencv	conan-gcc	97332	3636207984	6802782	6424996	162710802	516222806	NA	0
1664	2	opencv	conan-gcc	144288	3636352272	6802834	6424996	162715590	516245148	NA	0
1665	2	opencv	conan-gcc	104581	3636456853	6802886	6424996	162719780	516263910	NA	0
1666	2	opencv	conan-gcc	271319	3636728172	6802938	6424996	162730425	516297958	NA	0
1667	2	opencv	conan-gcc	262182	3636990354	6802990	6424996	162738563	516329921	NA	0
1668	2	opencv	conan-gcc	412856	3637403210	6803042	6424996	162752438	516378526	NA	0
1669	2	opencv	conan-gcc	288062	3637691272	6803094	6424996	162762440	516415984	NA	0
1670	2	opencv	conan-gcc	97122	3637788394	6803146	6424996	162766344	516433649	NA	0
1671	2	opencv	conan-gcc	105069	3637893463	6803198	6424996	162770528	516451601	NA	0
1672	2	opencv	conan-gcc	97047	3637990510	6803250	6424996	162774424	516469161	NA	0
1673	2	opencv	conan-gcc	222220	3638212730	6803302	6424996	162781167	516498462	NA	0
1674	2	opencv	conan-gcc	115759	3638328489	6803353	6424996	162782594	516505991	NA	0
1675	2	opencv	conan-gcc	98155	3638426644	6803405	6424996	162786504	516523828	NA	0
1676	2	opencv	conan-gcc	230849	3638657493	6803457	6424996	162794402	516555168	NA	0
1677	2	opencv	conan-gcc	73859	3638731352	6803509	6424996	162797358	516567200	NA	0
1678	2	opencv	conan-gcc	94374	3638825726	6803561	6424996	162801111	516584282	NA	0
1679	2	opencv	conan-gcc	94324	3638920050	6803613	6598766	162804820	516601373	NA	1
1680	2	opencv	conan-gcc	229448	3639149498	6803665	6598766	162814615	516640768	NA	0
1681	2	opencv	conan-gcc	217507	3639367005	6803717	6598766	162822514	516674403	NA	0
1682	2	opencv	conan-gcc	94374	3639461379	6803769	6598766	162826267	516691497	NA	0
1683	2	opencv	conan-gcc	152986	3639614365	6803821	6598766	162832496	516717737	NA	0
1684	2	opencv	conan-gcc	98758	3639713123	6803873	6598766	162836450	516735898	NA	0
1685	2	opencv	conan-gcc	94380	3639807503	6803925	6598766	162840203	516752993	NA	0
1686	2	opencv	conan-gcc	130350	3639937853	6803977	6598766	162845445	516775183	NA	0
1687	2	opencv	conan-gcc	102788	3640040641	6804029	6598766	162849570	516793891	NA	0
1688	2	opencv	conan-gcc	94390	3640135031	6804081	6598766	162853323	516810989	NA	0
1689	2	opencv	conan-gcc	259081	3640394112	6804133	6598766	162862842	516845467	NA	0
1690	2	opencv	conan-gcc	139244	3640533356	6804185	6598766	162868308	516868717	NA	0
1691	2	opencv	conan-gcc	159382	3640692738	6804237	6598766	162874502	516894147	NA	0
1692	2	opencv	conan-gcc	105086	3640797824	6804289	6598766	162878669	516913228	NA	0
1693	2	opencv	conan-gcc	103491	3640901315	6804341	6598766	162882770	516932240	NA	0
1694	2	opencv	conan-gcc	100054	3641001369	6804393	6598766	162886728	516950470	NA	0
1695	2	opencv	conan-gcc	103127	3641104496	6804445	6598766	162890790	516969214	NA	0
1696	2	opencv	conan-gcc	94592	3641199088	6804497	6598766	162894549	516986414	NA	0
1697	2	opencv	conan-gcc	101862	3641300950	6804549	6598766	162898605	517004125	NA	0
1698	2	opencv	conan-gcc	94374	3641395324	6804601	6598766	162902358	517021222	NA	0
1699	2	opencv	conan-gcc	122852	3641518176	6804653	6598766	162907236	517043113	NA	0
1700	2	opencv	conan-gcc	150255	3641668431	6804705	6598766	162913674	517070073	NA	0
1701	2	opencv	conan-gcc	94374	3641762805	6804757	6598766	162917427	517087170	NA	0
1702	2	opencv	conan-gcc	833767	3642596572	6804809	6598766	162958179	517222537	NA	0
1703	2	opencv	conan-gcc	153489	3642750061	6804861	6598766	162964438	517249231	NA	0
1704	2	opencv	conan-gcc	107817	3642857878	6804913	6598766	162968395	517267007	NA	0
1705	2	opencv	conan-gcc	49659	3642907537	6804965	6598766	162970333	517275922	NA	0
1706	2	opencv	conan-gcc	54847	3642962384	6805017	6598766	162971576	517282161	NA	0
1707	2	opencv	conan-gcc	74530	3643036914	6805069	6598766	162974355	517294694	NA	0
1708	2	opencv	conan-gcc	67793	3643104707	6805121	6598766	162976106	517303102	NA	0
1709	2	opencv	conan-gcc	47862	3643152569	6805173	6598766	162977928	517311382	NA	0
1710	2	opencv	conan-gcc	185507	3643338076	6805225	6598766	162984153	517334025	NA	0
1711	2	opencv	conan-gcc	142270	3643480346	6805277	6598766	162989848	517358928	NA	0
1712	2	opencv	conan-gcc	144231	3643624577	6805329	6598766	162995602	517384054	NA	0
1713	2	opencv	conan-gcc	155098	3643779675	6805381	6598766	163002009	517412210	NA	0
1714	2	opencv	conan-gcc	177326	3643957001	6805433	6598766	163009282	517441754	NA	0
1715	2	opencv	conan-gcc	161221	3644118222	6805485	6598766	163015742	517469936	NA	0
1716	2	opencv	conan-gcc	105753	3644223975	6805537	6598766	163020028	517489800	NA	0
1717	2	opencv	conan-gcc	131379	3644355354	6805589	6598766	163025267	517514750	NA	0
1718	2	opencv	conan-gcc	156600	3644511954	6805641	6598766	163031804	517543404	NA	0
1719	2	opencv	conan-gcc	206959	3644718913	6805693	6598766	163040364	517579257	NA	0
1720	2	opencv	conan-gcc	172267	3644891180	6805745	6598766	163047368	517608203	NA	0
1721	2	opencv	conan-gcc	69784	3644960964	6805797	6598766	163049967	517620148	NA	0
1722	2	opencv	conan-gcc	117512	3645078476	6805849	6598766	163054618	517639791	NA	0
1723	2	opencv	conan-gcc	70790	3645149266	6805901	6598766	163057307	517652084	NA	0
1724	2	opencv	conan-gcc	58165	3645207431	6805953	6598766	163059497	517662219	NA	0
1725	2	opencv	conan-gcc	58120	3645265551	6806005	6598766	163061687	517672351	NA	0
1726	2	opencv	conan-gcc	213702	3645479253	6806057	6598766	163068820	517698623	NA	0
1727	2	opencv	conan-gcc	58084	3645537337	6806109	6598766	163071008	517708748	NA	0
1728	2	opencv	conan-gcc	139815	3645677152	6806161	6598766	163076383	517735926	NA	0
1729	2	opencv	conan-gcc	58062	3645735214	6806213	6598766	163078573	517746057	NA	0
1730	2	opencv	conan-gcc	58093	3645793307	6806265	6598766	163080763	517756197	NA	0
1731	2	opencv	conan-gcc	58048	3645851355	6806317	6598766	163082953	517766328	NA	0
1732	2	opencv	conan-gcc	231978	3646083333	6806369	6598766	163091466	517798534	NA	0
1733	2	opencv	conan-gcc	46588	3646129921	6806421	6598766	163093294	517806790	NA	0
1734	2	opencv	conan-gcc	139086	3646269007	6806473	6598766	163098803	517830748	NA	0
1735	2	opencv	conan-gcc	80387	3646349394	6806525	6598766	163101171	517842816	NA	0
1736	2	opencv	conan-gcc	58043	3646407437	6806577	6598766	163103361	517852946	NA	0
1737	2	opencv	conan-gcc	58074	3646465511	6806629	6598766	163105551	517863075	NA	0
1738	2	opencv	conan-gcc	58023	3646523534	6806681	6598766	163107741	517873199	NA	0
1739	2	opencv	conan-gcc	58030	3646581564	6806733	6598766	163109931	517883331	NA	0
1740	2	opencv	conan-gcc	285955	3646867519	6806785	6598766	163120205	517923396	NA	0
1741	2	opencv	conan-gcc	58035	3646925554	6806837	6598766	163122395	517933525	NA	0
1742	2	opencv	conan-gcc	150307	3647075861	6806889	6598766	163128446	517959946	NA	0
1743	2	opencv	conan-gcc	58049	3647133910	6806941	6598766	163130636	517970068	NA	0
1744	2	opencv	conan-gcc	58081	3647191991	6806993	6598766	163132826	517980198	NA	0
1745	2	opencv	conan-gcc	58028	3647250019	6807045	6598766	163135016	517990322	NA	0
1746	2	opencv	conan-gcc	58036	3647308055	6807097	6598766	163137206	518000455	NA	0
1747	2	opencv	conan-gcc	301785	3647609840	6807149	6598766	163148413	518042514	NA	0
1748	2	opencv	conan-gcc	58042	3647667882	6807201	6598766	163150603	518052640	NA	0
1749	2	opencv	conan-gcc	105084	3647772966	6807253	6598766	163154323	518069097	NA	0
1750	2	opencv	conan-gcc	58102	3647831068	6807305	6598766	163156513	518079227	NA	0
1751	2	opencv	conan-gcc	58050	3647889118	6807357	6598766	163158703	518089352	NA	0
1752	2	opencv	conan-gcc	58057	3647947175	6807409	6598766	163160893	518099476	NA	0
1753	2	opencv	conan-gcc	213889	3648161064	6807461	6598766	163168162	518126105	NA	0
1754	2	opencv	conan-gcc	167639	3648328703	6807513	6598766	163174284	518153807	NA	0
1755	2	opencv	conan-gcc	58056	3648386759	6807565	6598766	163176474	518163938	NA	0
1756	2	opencv	conan-gcc	227232	3648613991	6807617	6598766	163183947	518198636	NA	0
1757	2	opencv	conan-gcc	58082	3648672073	6807669	6598766	163186137	518208769	NA	0
1758	2	opencv	conan-gcc	97622	3648769695	6807721	6598766	163189644	518225197	NA	0
1759	2	opencv	conan-gcc	58127	3648827822	6807773	6598766	163191834	518235334	NA	0
1760	2	opencv	conan-gcc	58075	3648885897	6807825	6598766	163194024	518245468	NA	0
1761	2	opencv	conan-gcc	58082	3648943979	6807877	6598766	163196214	518255603	NA	0
1762	2	opencv	conan-gcc	266469	3649210448	6807929	6598766	163205314	518290322	NA	0
1763	2	opencv	conan-gcc	58089	3649268537	6807981	6598766	163207504	518300456	NA	0
1764	2	opencv	conan-gcc	58101	3649326638	6808033	6598766	163209694	518310590	NA	0
1765	2	opencv	conan-gcc	58049	3649384687	6808085	6598766	163211884	518320718	NA	0
1766	2	opencv	conan-gcc	58056	3649442743	6808137	6598766	163214074	518330847	NA	0
1767	2	opencv	conan-gcc	274662	3649717405	6808189	6598766	163223278	518366157	NA	0
1768	2	opencv	conan-gcc	58063	3649775468	6808241	6598766	163225468	518376288	NA	0
1769	2	opencv	conan-gcc	71087	3649846555	6808293	6598766	163228178	518388483	NA	0
1770	2	opencv	conan-gcc	58086	3649904641	6808345	6598766	163230368	518398611	NA	0
1771	2	opencv	conan-gcc	58117	3649962758	6808397	6598766	163232558	518408743	NA	0
1772	2	opencv	conan-gcc	58065	3650020823	6808449	6598766	163234748	518418868	NA	0
1773	2	opencv	conan-gcc	58072	3650078895	6808501	6598766	163236938	518428996	NA	0
1774	2	opencv	conan-gcc	220593	3650299488	6808553	6598766	163244613	518457412	NA	0
1775	2	opencv	conan-gcc	86760	3650386248	6808605	6598766	163247879	518472325	NA	0
1776	2	opencv	conan-gcc	202237	3650588485	6808657	6598766	163254663	518497435	NA	0
1777	2	opencv	conan-gcc	103750	3650692235	6808709	6598766	163257924	518512816	NA	0
1778	2	opencv	conan-gcc	58230	3650750465	6808761	6598766	163260117	518522968	NA	0
1779	2	opencv	conan-gcc	69516	3650819981	6808813	6598766	163262591	518534446	NA	0
1780	2	opencv	conan-gcc	58080	3650878061	6808865	6598766	163264781	518544576	NA	0
1781	2	opencv	conan-gcc	280273	3651158334	6808917	6598766	163272689	518575033	NA	0
1782	2	opencv	conan-gcc	58184	3651216518	6808969	6598766	163274882	518585179	NA	0
1783	2	opencv	conan-gcc	110196	3651326714	6809021	6598766	163278970	518603629	NA	0
1784	2	opencv	conan-gcc	58055	3651384769	6809073	6598766	163281160	518613756	NA	0
1785	2	opencv	conan-gcc	58086	3651442855	6809125	6598766	163283350	518623887	NA	0
1786	2	opencv	conan-gcc	75326	3651518181	6809177	6598766	163286224	518637210	NA	0
1787	2	opencv	conan-gcc	252681	3651770862	6809229	6598766	163294963	518670539	NA	0
1788	2	opencv	conan-gcc	75410	3651846272	6809281	6598766	163297839	518683873	NA	0
1789	2	opencv	conan-gcc	149352	3651995624	6809333	6598766	163303883	518710474	NA	0
1790	2	opencv	conan-gcc	132986	3652128610	6809385	6598766	163309257	518734881	NA	0
1791	2	opencv	conan-gcc	153253	3652281863	6809437	6791128	163315206	518761027	NA	1
1792	2	opencv	conan-gcc	198519	3652480382	6809489	6791128	163323359	518796572	NA	0
1793	2	opencv	conan-gcc	25131	3652505513	6809540	6791128	163324384	518801427	NA	0
1794	2	opencv	conan-gcc	134844	3652640357	6809592	6791128	163329642	518827458	NA	0
1795	2	opencv	conan-gcc	104223	3652744580	6809644	6791128	163333796	518846901	NA	0
1796	2	opencv	conan-gcc	188931	3652933511	6809696	6791128	163340664	518877619	NA	0
1797	2	opencv	conan-gcc	196205	3653129716	6809748	6791128	163348706	518912582	NA	0
1798	2	opencv	conan-gcc	108420	3653238136	6809800	6791128	163353140	518933051	NA	0
1799	2	opencv	conan-gcc	117563	3653355699	6809852	6791128	163357610	518953216	NA	0
1800	2	opencv	conan-gcc	231018	3653586717	6809904	6791128	163365911	518991143	NA	0
1801	2	opencv	conan-gcc	133580	3653720297	6809956	6791128	163371187	519014508	NA	0
1802	2	opencv	conan-gcc	170334	3653890631	6810008	6791128	163376981	519041092	NA	0
1803	2	opencv	conan-gcc	134652	3654025283	6810060	6791128	163382245	519064820	NA	0
1804	2	opencv	conan-gcc	123636	3654148919	6810112	6791128	163387203	519087499	NA	0
1805	2	opencv	conan-gcc	193174	3654342093	6810164	6791128	163394985	519122729	NA	0
1806	2	opencv	conan-gcc	201680	3654543773	6810216	6791128	163402507	519157236	NA	0
1807	2	opencv	conan-gcc	110738	3654654511	6810268	6791128	163407021	519177924	NA	0
1808	2	opencv	conan-gcc	131774	3654786285	6810320	6791128	163412251	519201179	NA	0
1809	2	opencv	conan-gcc	117946	3654904231	6810372	6791128	163416864	519223782	NA	0
1810	2	opencv	conan-gcc	234462	3655138693	6810424	6791128	163426568	519265395	NA	0
1811	2	opencv	conan-gcc	188434	3655327127	6810476	6791128	163433325	519295422	NA	0
1812	2	opencv	conan-gcc	209494	3655536621	6810528	6791128	163440885	519327234	NA	0
1813	2	opencv	conan-gcc	177027	3655713648	6810580	6791128	163448115	519357638	NA	0
1814	2	opencv	conan-gcc	168981	3655882629	6810632	6791128	163455032	519386895	NA	0
1815	2	opencv	conan-gcc	172469	3656055098	6810684	6791128	163462114	519417035	NA	0
1816	2	opencv	conan-gcc	87012	3656142110	6810736	6791128	163465423	519431948	NA	0
1817	2	opencv	conan-gcc	111172	3656253282	6810788	6791128	163469590	519450799	NA	0
1818	2	opencv	conan-gcc	101158	3656354440	6810840	6791128	163473267	519467175	NA	0
1819	2	opencv	conan-gcc	95145	3656449585	6810892	6791128	163476711	519482805	NA	0
1820	2	opencv	conan-gcc	65753	3656515338	6810944	6791128	163479252	519494197	NA	0
1821	2	opencv	conan-gcc	68813	3656584151	6810996	6791128	163481854	519505365	NA	0
1822	2	opencv	conan-gcc	127354	3656711505	6811048	6791128	163486696	519527637	NA	0
1823	2	opencv	conan-gcc	30855	3656742360	6811100	6791128	163487848	519533377	NA	0
1824	2	opencv	conan-gcc	42309	3656784669	6811152	6791128	163489542	519540732	NA	0
1825	2	opencv	conan-gcc	23655	3656808324	6811204	6791128	163490314	519544891	NA	0
1826	2	opencv	conan-gcc	104502	3656912826	6811256	6791128	163494165	519562207	NA	0
1827	2	opencv	conan-gcc	67617	3656980443	6811308	6791128	163496649	519573057	NA	0
1828	2	opencv	conan-gcc	69424	3657049867	6811360	6791128	163499254	519584608	NA	0
1829	2	opencv	conan-gcc	276248	3657326115	6811412	6791128	163510281	519627181	NA	0
1830	2	opencv	conan-gcc	173750	3657499865	6811464	6791128	163516839	519654131	NA	0
1831	2	opencv	conan-gcc	191737	3657691602	6811516	6791128	163524017	519683130	NA	0
1832	2	opencv	conan-gcc	434394	3658125996	6811568	6791128	163539857	519740526	NA	0
1833	2	opencv	conan-gcc	173213	3658299209	6811620	6791128	163546377	519767330	NA	0
1834	2	opencv	conan-gcc	302267	3658601476	6811672	6791128	163557699	519812058	NA	0
1835	2	opencv	conan-gcc	180297	3658781773	6811724	6791128	163564480	519839947	NA	0
1836	2	opencv	conan-gcc	177851	3658959624	6811776	6791128	163571201	519867759	NA	0
1837	2	opencv	conan-gcc	664732	3659624356	6811828	6791128	163596605	519958209	NA	0
1838	2	opencv	conan-gcc	276759	3659901115	6811880	6791128	163607352	519999762	NA	0
1839	2	opencv	conan-gcc	327070	3660228185	6811932	6791128	163618981	520042786	NA	0
1840	2	opencv	conan-gcc	184277	3660412462	6811984	6791128	163626034	520071444	NA	0
1841	2	opencv	conan-gcc	204847	3660617309	6812036	6791128	163633663	520101875	NA	0
1842	2	opencv	conan-gcc	178731	3660796040	6812088	6791128	163640480	520129848	NA	0
1843	2	opencv	conan-gcc	249521	3661045561	6812140	6791128	163649428	520164640	NA	0
1844	2	opencv	conan-gcc	576660	3661622221	6812192	6791128	163662580	520215858	NA	0
1845	2	opencv	conan-gcc	222480	3661844701	6812244	6791128	163670969	520250196	NA	0
1846	2	opencv	conan-gcc	271788	3662116489	6812296	6791128	163681150	520291843	NA	0
1847	2	opencv	conan-gcc	178682	3662295171	6812348	6791128	163687958	520319788	NA	0
1848	2	opencv	conan-gcc	173331	3662468502	6812400	6791128	163694457	520346584	NA	0
1849	2	opencv	conan-gcc	177662	3662646164	6812452	6791128	163701174	520373937	NA	0
1850	2	opencv	conan-gcc	185981	3662832145	6812504	6791128	163708046	520402053	NA	0
1851	2	opencv	conan-gcc	260900	3663093045	6812556	6791128	163718608	520446870	NA	0
1852	2	opencv	conan-gcc	202633	3663295678	6812608	6791128	163726003	520478539	NA	0
1853	2	opencv	conan-gcc	242762	3663538440	6812660	6791128	163734854	520512417	NA	0
1854	2	opencv	conan-gcc	191449	3663729889	6812712	6791128	163741581	520541804	NA	0
1855	2	opencv	conan-gcc	210098	3663939987	6812764	6791128	163749100	520574309	NA	0
1856	2	opencv	conan-gcc	288304	3664228291	6812816	6791128	163760555	520619419	NA	0
1857	2	opencv	conan-gcc	185150	3664413441	6812868	6791128	163766987	520647951	NA	0
1858	2	opencv	conan-gcc	316173	3664729614	6812920	6791128	163778812	520693950	NA	0
1859	2	opencv	conan-gcc	378085	3665107699	6812972	6791128	163790397	520743347	NA	0
1860	2	opencv	conan-gcc	243090	3665350789	6813024	6791128	163799720	520781057	NA	0
1861	2	opencv	conan-gcc	203286	3665554075	6813076	6791128	163807030	520813150	NA	0
1862	2	opencv	conan-gcc	186047	3665740122	6813128	6791128	163813498	520841820	NA	0
1863	2	opencv	conan-gcc	243285	3665983407	6813180	6791128	163822812	520880453	NA	0
1864	2	opencv	conan-gcc	194828	3666178235	6813232	6791128	163829615	520910321	NA	0
1865	2	opencv	conan-gcc	248241	3666426476	6813284	6791128	163839057	520950135	NA	0
1866	2	opencv	conan-gcc	184493	3666610969	6813336	6791128	163845395	520978380	NA	0
1867	2	opencv	conan-gcc	2111463	3668722432	6813388	6791128	163905840	521152558	NA	0
1868	2	opencv	conan-gcc	1990990	3670713422	6813440	6791128	163996545	521457064	NA	0
1869	2	opencv	conan-gcc	1716115	3672429537	6813492	6791128	164079486	521720287	NA	0
1870	2	opencv	conan-gcc	2008073	3674437610	6813544	6791128	164170843	522027919	NA	0
1871	2	opencv	conan-gcc	2459921	3676897531	6813596	6791128	164271043	522367988	NA	0
1872	2	opencv	conan-gcc	2353878	3679251409	6813648	6791128	164371691	522715554	NA	0
1873	2	opencv	conan-gcc	2014715	3681266124	6813700	6791128	164463404	523023730	NA	0
1874	2	opencv	conan-gcc	1761129	3683027253	6813752	6791128	164548349	523292302	NA	0
1875	2	opencv	conan-gcc	266	3683027519	6813803	6791128	164548369	523292444	NA	0
1876	2	opencv	conan-gcc	1581139	3684608658	6813855	6791128	164625421	523535554	NA	0
1877	2	opencv	conan-gcc	1562810	3686171468	6813907	6791128	164701061	523775853	NA	0
1878	2	opencv	conan-gcc	1641899	3687813367	6813959	6791128	164781315	524027826	NA	0
1879	2	opencv	conan-gcc	1619807	3689433174	6814011	6791128	164859060	524274425	NA	0
1880	2	opencv	conan-gcc	2150550	3691583724	6814063	6791128	164953258	524598072	NA	0
1881	2	opencv	conan-gcc	2259790	3693843514	6814115	6791128	165052415	524938789	NA	0
1882	2	opencv	conan-gcc	2026144	3695869658	6814167	6791128	165144551	525247110	NA	0
1883	2	opencv	conan-gcc	1864914	3697734572	6814219	6791128	165230509	525534518	NA	0
1884	2	opencv	conan-gcc	1875548	3699610120	6814271	6791128	165316864	525823551	NA	0
1885	2	opencv	conan-gcc	1574811	3701184931	6814323	6791128	165393122	526065334	NA	0
1886	2	opencv	conan-gcc	1731876	3702916807	6814375	6791128	165476688	526331500	NA	0
1887	2	opencv	conan-gcc	1717988	3704634795	6814427	6791128	165560993	526597486	NA	0
1888	2	opencv	conan-gcc	1036727	3705671522	6814479	6791128	165609161	526758156	NA	0
1889	2	opencv	conan-gcc	1184027	3706855549	6814531	6791128	165665824	526941121	NA	0
1890	2	opencv	conan-gcc	1571423	3708426972	6814583	6791128	165741786	527182048	NA	0
1891	2	opencv	conan-gcc	1603719	3710030691	6814635	6791128	165817364	527422129	NA	0
1892	2	opencv	conan-gcc	1850927	3711881618	6814687	6791128	165900431	527694150	NA	0
1893	2	opencv	conan-gcc	2079228	3713960846	6814739	6791128	165995229	528011969	NA	0
1894	2	opencv	conan-gcc	2136488	3716097334	6814791	6791128	166092068	528340173	NA	0
1895	2	opencv	conan-gcc	3300457	3719397791	6814843	6791128	166227214	528802558	NA	0
1896	2	opencv	conan-gcc	4069573	3723467364	6814895	6791128	166377067	529263444	NA	0
1897	2	opencv	conan-gcc	2965406	3726432770	6814947	6791128	166498074	529672459	NA	0
1898	2	opencv	conan-gcc	3014217	3729446987	6814999	6791128	166620610	530088120	NA	0
1899	2	opencv	conan-gcc	2959400	3732406387	6815051	6791128	166740897	530494111	NA	0
1900	2	opencv	conan-gcc	3146526	3735552913	6815103	6791128	166866592	530922080	NA	0
1901	2	opencv	conan-gcc	1623403	3737176316	6815155	6791128	166945569	531173123	NA	0
1902	2	opencv	conan-gcc	2400506	3739576822	6815207	6791128	167050123	531533136	NA	0
1903	2	opencv	conan-gcc	3119260	3742696082	6815259	7459525	167177893	531964615	NA	1
1904	2	opencv	conan-gcc	2977115	3745673197	6815311	7459525	167299037	532373925	NA	0
1905	2	opencv	conan-gcc	1590134	3747263331	6815363	7459525	167376030	532618003	NA	0
1906	2	opencv	conan-gcc	3277609	3750540940	6815415	7459525	167507687	533065603	NA	0
1907	2	opencv	conan-gcc	2257511	3752798451	6815467	7459525	167607985	533407970	NA	0
1908	2	opencv	conan-gcc	3162987	3755961438	6815519	7459525	167736858	533844729	NA	0
1909	2	opencv	conan-gcc	2695478	3758656916	6815571	7459525	167848247	534231884	NA	0
1910	2	opencv	conan-gcc	2739767	3761396683	6815623	7459525	167961373	534624707	NA	0
1911	2	opencv	conan-gcc	2777286	3764173969	6815675	7459525	168075328	535023845	NA	0
1912	2	opencv	conan-gcc	2915138	3767089107	6815727	7459525	168188581	535422511	NA	0
1913	2	opencv	conan-gcc	2821903	3769911010	6815779	7459525	168305000	535828062	NA	0
1914	2	opencv	conan-gcc	2720827	3772631837	6815831	7459525	168417769	536219738	NA	0
1915	2	opencv	conan-gcc	2705841	3775337678	6815883	7459525	168529746	536608924	NA	0
1916	2	opencv	conan-gcc	2840951	3778178629	6815935	7459525	168648905	537020700	NA	0
1917	2	opencv	conan-gcc	2139640	3780318269	6815987	7459525	168743580	537339533	NA	0
1918	2	opencv	conan-gcc	2717524	3783035793	6816039	7459525	168856002	537730700	NA	0
1919	2	opencv	conan-gcc	2699075	3785734868	6816091	7459525	168967689	538118505	NA	0
1920	2	opencv	conan-gcc	2706902	3788441770	6816143	7459525	169079941	538508618	NA	0
1921	2	opencv	conan-gcc	2697826	3791139596	6816195	7459525	169191535	538896782	NA	0
1922	2	opencv	conan-gcc	2765445	3793905041	6816247	7459525	169304229	539290016	NA	0
1923	2	opencv	conan-gcc	2697895	3796602936	6816299	7459525	169415860	539677853	NA	0
1924	2	opencv	conan-gcc	2738250	3799341186	6816351	7459525	169528331	540068983	NA	0
1925	2	opencv	conan-gcc	2737582	3802078768	6816403	7459525	169641394	540464317	NA	0
1926	2	opencv	conan-gcc	2706837	3804785605	6816455	7459525	169753493	540854216	NA	0
1927	2	opencv	conan-gcc	2703486	3807489091	6816507	7459525	169865326	541243366	NA	0
1928	2	opencv	conan-gcc	2697025	3810186116	6816559	7459525	169976986	541631319	NA	0
1929	2	opencv	conan-gcc	2776799	3812962915	6816611	7459525	170092451	542031262	NA	0
1930	2	opencv	conan-gcc	2698792	3815661707	6816663	7459525	170204016	542418772	NA	0
1931	2	opencv	conan-gcc	2694791	3818356498	6816715	7459525	170315518	542806079	NA	0
1932	2	opencv	conan-gcc	2803162	3821159660	6816767	7459525	170431976	543211994	NA	0
1933	2	opencv	conan-gcc	2700959	3823860619	6816819	7459525	170543618	543599747	NA	0
1934	2	opencv	conan-gcc	2702811	3826563430	6816871	7459525	170655456	543988941	NA	0
1935	2	opencv	conan-gcc	2898726	3829462156	6816923	7459525	170776053	544414069	NA	0
1936	2	opencv	conan-gcc	2858429	3832320585	6816975	7459525	170893751	544827896	NA	0
1937	2	opencv	conan-gcc	2712547	3835033132	6817027	7459525	171006233	545218617	NA	0
1938	2	opencv	conan-gcc	2691889	3837725021	6817079	7459525	171117543	545605413	NA	0
1939	2	opencv	conan-gcc	2705952	3840430973	6817131	7459525	171229499	545994179	NA	0
1940	2	opencv	conan-gcc	2709274	3843140247	6817183	7459525	171341657	546384876	NA	0
1941	2	opencv	conan-gcc	2764534	3845904781	6817235	7459525	171455560	546783953	NA	0
1942	2	opencv	conan-gcc	2836245	3848741026	6817287	7459525	171573546	547193588	NA	0
1943	2	opencv	conan-gcc	2955702	3851696728	6817339	7459525	171697253	547620589	NA	0
1944	2	opencv	conan-gcc	2702288	3854399016	6817391	7459525	171809110	548009724	NA	0
1945	2	opencv	conan-gcc	2710856	3857109872	6817443	7459525	171921315	548399897	NA	0
1946	2	opencv	conan-gcc	2695236	3859805108	6817495	7459525	172032871	548787240	NA	0
1947	2	opencv	conan-gcc	2815826	3862620934	6817547	7459525	172148511	549199147	NA	0
1948	2	opencv	conan-gcc	2754164	3865375098	6817599	7459525	172261627	549593910	NA	0
1949	2	opencv	conan-gcc	2870892	3868245990	6817651	7459525	172378834	550006698	NA	0
1950	2	opencv	conan-gcc	2746282	3870992272	6817703	7459525	172492466	550403262	NA	0
1951	2	opencv	conan-gcc	2709838	3873702110	6817755	7459525	172604618	550793813	NA	0
1952	2	opencv	conan-gcc	2705188	3876407298	6817807	7459525	172716569	551182733	NA	0
1953	2	opencv	conan-gcc	2761284	3879168582	6817859	7459525	172830010	551578029	NA	0
1954	2	opencv	conan-gcc	2700812	3881869394	6817911	7459525	172942024	551967018	NA	0
1955	2	opencv	conan-gcc	2725941	3884595335	6817963	7459525	173054719	552359308	NA	0
1956	2	opencv	conan-gcc	2723156	3887318491	6818015	7459525	173167467	552751441	NA	0
1957	2	opencv	conan-gcc	2756711	3890075202	6818067	7459525	173281324	553149355	NA	0
1958	2	opencv	conan-gcc	2832386	3892907588	6818119	7459525	173394923	553546767	NA	0
1959	2	opencv	conan-gcc	2730147	3895637735	6818171	7459525	173507707	553939649	NA	0
1960	2	opencv	conan-gcc	2709888	3898347623	6818223	7459525	173619730	554329298	NA	0
1961	2	opencv	conan-gcc	2728080	3901075703	6818275	7459525	173732553	554722927	NA	0
1962	2	opencv	conan-gcc	2829545	3903905248	6818327	7459525	173847652	555124940	NA	0
1963	2	opencv	conan-gcc	2721291	3906626539	6818379	7459525	173960139	555515249	NA	0
1964	2	opencv	conan-gcc	2693843	3909320382	6818431	7459525	174071449	555902078	NA	0
1965	2	opencv	conan-gcc	2693839	3912014221	6818483	7459525	174182759	556288843	NA	0
1966	2	opencv	conan-gcc	2693835	3914708056	6818535	7459525	174294069	556675634	NA	0
1967	2	opencv	conan-gcc	2703383	3917411439	6818587	7459525	174405894	557063899	NA	0
1968	2	opencv	conan-gcc	2704193	3920115632	6818639	7459525	174517774	557452953	NA	0
1969	2	opencv	conan-gcc	2698036	3922813668	6818691	7459525	174629407	557840918	NA	0
1970	2	opencv	conan-gcc	2925912	3925739580	6818743	7459525	174752827	558268209	NA	0
1971	2	opencv	conan-gcc	2776739	3928516319	6818795	7459525	174866493	558665078	NA	0
1972	2	opencv	conan-gcc	2692942	3931209261	6818847	7459525	174977916	559051868	NA	0
1973	2	opencv	conan-gcc	2695070	3933904331	6818899	7459525	175089452	559439134	NA	0
1974	2	opencv	conan-gcc	4703543	3938607874	6818951	7459525	175262542	559991063	NA	0
1975	2	opencv	conan-gcc	2705371	3941313245	6819003	7459525	175374293	560379915	NA	0
1976	2	opencv	conan-gcc	3073198	3944386443	6819055	7459525	175504665	560834806	NA	0
1977	2	opencv	conan-gcc	2982993	3947369436	6819107	7459525	175630923	561271684	NA	0
1978	2	opencv	conan-gcc	2840640	3950210076	6819159	7459525	175750331	561685987	NA	0
1979	2	opencv	conan-gcc	2820347	3953030423	6819211	7459525	175868980	562097341	NA	0
1980	2	opencv	conan-gcc	2845154	3955875577	6819263	7459525	175988622	562513114	NA	0
1981	2	opencv	conan-gcc	2842116	3958717693	6819315	7459525	176108286	562928670	NA	0
1982	2	opencv	conan-gcc	2721313	3961439006	6819367	7459525	176220887	563321537	NA	0
1983	2	opencv	conan-gcc	2756705	3964195711	6819419	7459525	176334488	563716167	NA	0
1984	2	opencv	conan-gcc	2816852	3967012563	6819471	7459525	176451711	564127115	NA	0
1985	2	opencv	conan-gcc	2709329	3969721892	6819523	7459525	176563723	564516656	NA	0
1986	2	opencv	conan-gcc	2698226	3972420118	6819575	7459525	176675336	564904203	NA	0
1987	2	opencv	conan-gcc	2697283	3975117401	6819627	7459525	176786984	565291835	NA	0
1988	2	opencv	conan-gcc	2691853	3977809254	6819679	7459525	176898294	565678568	NA	0
1989	2	opencv	conan-gcc	2714516	3980523770	6819731	7459525	177010505	566068978	NA	0
1990	2	opencv	conan-gcc	2931091	3983454861	6819783	7459525	177134265	566498898	NA	0
1991	2	opencv	conan-gcc	2701782	3986156643	6819835	7459525	177245863	566888579	NA	0
1992	2	opencv	conan-gcc	2870922	3989027565	6819887	7459525	177366680	567306537	NA	0
1993	2	opencv	conan-gcc	2698436	3991726001	6819939	7459525	177478305	567695038	NA	0
1994	2	opencv	conan-gcc	2741013	3994467014	6819991	7459525	177591968	568091367	NA	0
1995	2	opencv	conan-gcc	2803784	3997270798	6820043	7459525	177707803	568493260	NA	0
1996	2	opencv	conan-gcc	2772701	4000043499	6820095	7459525	177823084	568893723	NA	0
1997	2	opencv	conan-gcc	2704089	4002747588	6820147	7459525	177935122	569282805	NA	0
1998	2	opencv	conan-gcc	2869525	4005617113	6820199	7459525	178054694	569697241	NA	0
1999	2	opencv	conan-gcc	2703762	4008320875	6820251	7459525	178166554	570086064	NA	0
2000	2	opencv	conan-gcc	2697137	4011018012	6820303	7459525	178278244	570473790	NA	0
2001	2	opencv	conan-gcc	2147349	4013165361	6820355	7459525	178373443	570794303	NA	0
2002	2	opencv	conan-gcc	2804978	4015970339	6820407	7459525	178486922	571190845	NA	0
2003	2	opencv	conan-gcc	2797035	4018767374	6820459	7459525	178602661	571594610	NA	0
2004	2	opencv	conan-gcc	2720733	4021488107	6820511	7459525	178715353	571986698	NA	0
2005	2	opencv	conan-gcc	2803199	4024291306	6820563	7459525	178829854	572385555	NA	0
2006	2	opencv	conan-gcc	2704183	4026995489	6820615	7459525	178941928	572774484	NA	0
2007	2	opencv	conan-gcc	4527708	4031523197	6820667	7459525	179105802	573302690	NA	0
2008	2	opencv	conan-gcc	4592311	4036115508	6820719	7459525	179270998	573834971	NA	0
2009	2	opencv	conan-gcc	4759877	4040875385	6820771	7459525	179439901	574386858	NA	0
2010	2	opencv	conan-gcc	4724347	4045599732	6820823	7459525	179607544	574933303	NA	0
2011	2	opencv	conan-gcc	4829219	4050428951	6820875	7459525	179776781	575487210	NA	0
2012	2	opencv	conan-gcc	4786085	4055215036	6820927	7459525	179945175	576038146	NA	0
2013	2	opencv	conan-gcc	4762520	4059977556	6820979	7459525	180113558	576587216	NA	0
2014	2	opencv	conan-gcc	4728899	4064706455	6821031	7459525	180281437	577134222	NA	0
2015	2	opencv	conan-gcc	4730204	4069436659	6821083	7895944	180449227	577681379	NA	1
2016	2	opencv	conan-gcc	4819826	4074256485	6821135	7895944	180620837	578242676	NA	0
2017	2	opencv	conan-gcc	4746029	4079002514	6821187	7895944	180789233	578792281	NA	0
2018	2	opencv	conan-gcc	4728412	4083730926	6821239	7895944	180956978	579339179	NA	0
2019	2	opencv	conan-gcc	4740650	4088471576	6821291	7895944	181125249	579888481	NA	0
2020	2	opencv	conan-gcc	4728801	4093200377	6821343	7895944	181293011	580435457	NA	0
2021	2	opencv	conan-gcc	4737463	4097937840	6821395	7895944	181461046	580983485	NA	0
2022	2	opencv	conan-gcc	4825694	4102763534	6821447	7895944	181631948	581540761	NA	0
2023	2	opencv	conan-gcc	4824480	4107588014	6821499	7895944	181802140	582096952	NA	0
2024	2	opencv	conan-gcc	5005835	4112593849	6821551	7895944	181974648	582669503	NA	0
2025	2	opencv	conan-gcc	5011864	4117605713	6821603	7895944	182147477	583243401	NA	0
2026	2	opencv	conan-gcc	5101314	4122707027	6821655	7895944	182323867	583830851	NA	0
2027	2	opencv	conan-gcc	5027517	4127734544	6821707	7895944	182497125	584406563	NA	0
2028	2	opencv	conan-gcc	5022138	4132756682	6821759	7895944	182670247	584981972	NA	0
2029	2	opencv	conan-gcc	5018951	4137775633	6821811	7895944	182843141	585556022	NA	0
2030	2	opencv	conan-gcc	5105968	4142881601	6821863	7895944	183018168	586138370	NA	0
2031	2	opencv	conan-gcc	3485664	4146367265	6821915	7895944	183165224	586635559	NA	0
2032	2	opencv	conan-gcc	3485672	4149852937	6821967	7895944	183312280	587132688	NA	0
2033	2	opencv	conan-gcc	3485652	4153338589	6822019	7895944	183459336	587629862	NA	0
2034	2	opencv	conan-gcc	3485656	4156824245	6822071	7895944	183606392	588127067	NA	0
2035	2	opencv	conan-gcc	3485604	4160309849	6822123	7895944	183753313	588624381	NA	0
2036	2	opencv	conan-gcc	3485616	4163795465	6822175	7895944	183900234	589121638	NA	0
2037	2	opencv	conan-gcc	3485704	4167281169	6822227	7895944	184047290	589618843	NA	0
2038	2	opencv	conan-gcc	3531861	4170813030	6822279	7895944	184194804	590120629	NA	0
2039	2	opencv	conan-gcc	3496400	4174309430	6822331	7895944	184341986	590619597	NA	0
2040	2	opencv	conan-gcc	3891004	4178200434	6822383	7895944	184498346	591150827	NA	0
2041	2	opencv	conan-gcc	3529563	4181729997	6822435	7895944	184646844	591655213	NA	0
2042	2	opencv	conan-gcc	3500450	4185230447	6822487	7895944	184793975	592153541	NA	0
2043	2	opencv	conan-gcc	3490613	4188721060	6822539	7895944	184941142	592651891	NA	0
2044	2	opencv	conan-gcc	3504393	4192225453	6822591	7895944	185088590	593152305	NA	0
2045	2	opencv	conan-gcc	224	4192225677	6822642	7895944	185088610	593152433	NA	0
2046	2	opencv	conan-gcc	3491762	4195717439	6822694	7895944	185235785	593650837	NA	0
2047	2	opencv	conan-gcc	3595167	4199312606	6822746	7895944	185385651	594164174	NA	0
2048	2	opencv	conan-gcc	3534248	4202846854	6822798	7895944	185534183	594669188	NA	0
2049	2	opencv	conan-gcc	3541582	4206388436	6822850	7895944	185682066	595172478	NA	0
2050	2	opencv	conan-gcc	3496956	4209885392	6822902	7895944	185829342	595671654	NA	0
2051	2	opencv	conan-gcc	3509637	4213395029	6822954	7895944	185976596	596171410	NA	0
2052	2	opencv	conan-gcc	4328917	4217723946	6823006	7895944	186138282	596728610	NA	0
2053	2	opencv	conan-gcc	3792907	4221516853	6823058	7895944	186295211	597255657	NA	0
2054	2	opencv	conan-gcc	3878216	4225395069	6823110	7895944	186446115	597782483	NA	0
2055	2	opencv	conan-gcc	3546872	4228941941	6823162	7895944	186594598	598285795	NA	0
2056	2	opencv	conan-gcc	4177643	4233119584	6823214	7895944	186764989	598864127	NA	0
2057	2	opencv	conan-gcc	4160860	4237280444	6823266	7895944	186936056	599445102	NA	0
2058	2	opencv	conan-gcc	3511459	4240791903	6823318	7895944	187083349	599944808	NA	0
2059	2	opencv	conan-gcc	3486763	4244278666	6823370	7895944	187230272	600442285	NA	0
2060	2	opencv	conan-gcc	3935821	4248214487	6823422	7895944	187387978	600980110	NA	0
2061	2	opencv	conan-gcc	3940994	4252155481	6823474	7895944	187547425	601519225	NA	0
2062	2	opencv	conan-gcc	3688976	4255844457	6823526	7895944	187696679	602032185	NA	0
2063	2	opencv	conan-gcc	3515949	4259360406	6823578	7895944	187843886	602532222	NA	0
2064	2	opencv	conan-gcc	3615999	4262976405	6823630	7895944	187993876	603047905	NA	0
2065	2	opencv	conan-gcc	3554402	4266530807	6823682	7895944	188141594	603549427	NA	0
2066	2	opencv	conan-gcc	3760767	4270291574	6823734	7895944	188299084	604080360	NA	0
2067	2	opencv	conan-gcc	3514953	4273806527	6823786	7895944	188446822	604582996	NA	0
2068	2	opencv	conan-gcc	3490497	4277297024	6823838	7895944	188594013	605081336	NA	0
2069	2	opencv	conan-gcc	3712749	4281009773	6823890	7895944	188743328	605596327	NA	0
2070	2	opencv	conan-gcc	3686722	4284696495	6823942	7895944	188892874	606108068	NA	0
2071	2	opencv	conan-gcc	3972111	4288668606	6823994	7895944	189053873	606654913	NA	0
2072	2	opencv	conan-gcc	3972111	4292640717	6824046	7895944	189214872	607201757	NA	0
2073	2	opencv	conan-gcc	3972972	4296613689	6824098	7895944	189376090	607749486	NA	0
2074	2	opencv	conan-gcc	3972983	4300586672	6824150	7895944	189537308	608297293	NA	0
2075	2	opencv	conan-gcc	3973003	4304559675	6824202	7895944	189698516	608845017	NA	0
2076	2	opencv	conan-gcc	5760731	4310320406	6824254	7895944	189908816	609527756	NA	0
2077	2	opencv	conan-gcc	5758968	4316079374	6824306	7895944	190119031	610210103	NA	0
2078	2	opencv	conan-gcc	5992830	4322072204	6824358	7895944	190333737	610916737	NA	0
2079	2	opencv	conan-gcc	5991355	4328063559	6824410	7895944	190548432	611623332	NA	0
2080	2	opencv	conan-gcc	6268023	4334331582	6824462	7895944	190767590	612355308	NA	0
2081	2	opencv	conan-gcc	6266548	4340598130	6824514	7895944	190986731	613087217	NA	0
2082	2	opencv	conan-gcc	6271634	4346869764	6824566	7895944	191205963	613819471	NA	0
2083	2	opencv	conan-gcc	3352889	4350222653	6824618	7895944	191346402	614291914	NA	0
2084	2	opencv	conan-gcc	3482329	4353704982	6824670	7895944	191493145	614787934	NA	0
2085	2	opencv	conan-gcc	3482277	4357187259	6824722	7895944	191640027	615284115	NA	0
2086	2	opencv	conan-gcc	3482339	4360669598	6824774	7895944	191786770	615780218	NA	0
2087	2	opencv	conan-gcc	3482314	4364151912	6824826	7895944	191933513	616276200	NA	0
2088	2	opencv	conan-gcc	3482319	4367634231	6824878	7895944	192080256	616772217	NA	0
2089	2	opencv	conan-gcc	3482259	4371116490	6824930	7895944	192227138	617268475	NA	0
2090	2	opencv	conan-gcc	3482281	4374598771	6824982	7895944	192374020	617764714	NA	0
2091	2	opencv	conan-gcc	3356360	4377955131	6825034	7895944	192514599	618238151	NA	0
2092	2	opencv	conan-gcc	3357260	4381312391	6825086	7895944	192655206	618711740	NA	0
2093	2	opencv	conan-gcc	3358009	4384670400	6825138	7895944	192795869	619185347	NA	0
2094	2	opencv	conan-gcc	3482651	4388153051	6825190	7895944	192937815	619668384	NA	0
2095	2	opencv	conan-gcc	3368730	4391521781	6825242	7895944	193078422	620142493	NA	0
2096	2	opencv	conan-gcc	3362655	4394884436	6825294	7895944	193219032	620616456	NA	0
2097	2	opencv	conan-gcc	3358289	4398242725	6825346	7895944	193359635	621090175	NA	0
2098	2	opencv	conan-gcc	3375136	4401617861	6825398	7895944	193500203	621564738	NA	0
2099	2	opencv	conan-gcc	3363335	4404981196	6825450	7895944	193640832	622038788	NA	0
2100	2	opencv	conan-gcc	3356682	4408337878	6825502	7895944	193781420	622512289	NA	0
2101	2	opencv	conan-gcc	3358123	4411696001	6825554	7895944	193922081	622985959	NA	0
2102	2	opencv	conan-gcc	3374652	4415070653	6825606	7895944	194062721	623460955	NA	0
2103	2	opencv	conan-gcc	3356769	4418427422	6825658	7895944	194203303	623934448	NA	0
2104	2	opencv	conan-gcc	3362339	4421789761	6825710	7895944	194343932	624408368	NA	0
2105	2	opencv	conan-gcc	3359635	4425149396	6825762	7895944	194484530	624882028	NA	0
2106	2	opencv	conan-gcc	3354236	4428503632	6825814	7895944	194625081	625354982	NA	0
2107	2	opencv	conan-gcc	3381860	4431885492	6825866	7895944	194765795	625830480	NA	0
2108	2	opencv	conan-gcc	3398874	4435284366	6825918	7895944	194906820	626308097	NA	0
2109	2	opencv	conan-gcc	3357399	4438641765	6825970	7895944	195047427	626781741	NA	0
2110	2	opencv	conan-gcc	3357049	4441998814	6826022	7895944	195188023	627255290	NA	0
2111	2	opencv	conan-gcc	3407289	4445406103	6826074	7895944	195328797	627732373	NA	0
2112	2	opencv	conan-gcc	3366942	4448773045	6826126	7895944	195469441	628206668	NA	0
2113	2	opencv	conan-gcc	3360416	4452133461	6826178	7895944	195610040	628680475	NA	0
2114	2	opencv	conan-gcc	3360951	4455494412	6826230	7895944	195750660	629154369	NA	0
2115	2	opencv	conan-gcc	3379822	4458874234	6826282	7895944	195891330	629629515	NA	0
2116	2	opencv	conan-gcc	3487893	4462362127	6826334	7895944	196038307	630127018	NA	0
2117	2	opencv	conan-gcc	2816531	4465178658	6826386	7895944	196162985	630548767	NA	0
2118	2	opencv	conan-gcc	2820418	4467999076	6826438	7895944	196287660	630971957	NA	0
2119	2	opencv	conan-gcc	3831962	4471831038	6826490	7895944	196452203	631518270	NA	0
2120	2	opencv	conan-gcc	3819550	4475650588	6826542	7895944	196615865	632062089	NA	0
2121	2	opencv	conan-gcc	3813144	4479463732	6826594	7895944	196779564	632605116	NA	0
2122	2	opencv	conan-gcc	3820659	4483284391	6826646	7895944	196943457	633150346	NA	0
2123	2	opencv	conan-gcc	2898895	4486183286	6826698	7895944	197063206	633566960	NA	0
2124	2	opencv	conan-gcc	3044817	4489228103	6826750	7895944	197186264	633996126	NA	0
2125	2	opencv	conan-gcc	2613469	4491841572	6826802	7895944	197300558	634386041	NA	0
2126	2	opencv	conan-gcc	2911664	4494753236	6826854	7895944	197421449	634807614	NA	0
2127	2	opencv	conan-gcc	2875320	4497628556	6826906	8371664	197541289	635224753	NA	1
2128	2	opencv	conan-gcc	2930099	4500558655	6826958	8371664	197662643	635647778	NA	0
2129	2	opencv	conan-gcc	2887494	4503446149	6827010	8371664	197782949	636067445	NA	0
2130	2	opencv	conan-gcc	2578202	4506024351	6827062	8371664	197895692	636451701	NA	0
2131	2	opencv	conan-gcc	2593357	4508617708	6827114	8371664	198008914	636837568	NA	0
2132	2	opencv	conan-gcc	2934341	4511552049	6827166	8371664	198131226	637264670	NA	0
2133	2	opencv	conan-gcc	3042783	4514594832	6827218	8371664	198257117	637709557	NA	0
2134	2	opencv	conan-gcc	2941466	4517536298	6827270	8371664	198378987	638134593	NA	0
2135	2	opencv	conan-gcc	2988826	4520525124	6827322	8371664	198502453	638566902	NA	0
2136	2	opencv	conan-gcc	2748227	4523273351	6827374	8371664	198615567	638994884	NA	0
2137	2	opencv	conan-gcc	3052589	4526325940	6827426	8371664	198735839	639409144	NA	0
2138	2	opencv	conan-gcc	2924546	4529250486	6827478	8371664	198857926	639833965	NA	0
2139	2	opencv	conan-gcc	2587485	4531837971	6827530	8371664	198971155	640220390	NA	0
2140	2	opencv	conan-gcc	2663663	4534501634	6827582	8371664	199088037	640617377	NA	0
2141	2	opencv	conan-gcc	2883814	4537385448	6827634	8371664	199208658	641037275	NA	0
2142	2	opencv	conan-gcc	2984284	4540369732	6827686	8371664	199333823	641473030	NA	0
2143	2	opencv	conan-gcc	2971719	4543341451	6827738	8371664	199458649	641906946	NA	0
2144	2	opencv	conan-gcc	2598885	4545940336	6827790	8371664	199572304	642294967	NA	0
2145	2	opencv	conan-gcc	2874831	4548815167	6827842	8371664	199692218	642712279	NA	0
2146	2	opencv	conan-gcc	2571445	4551386612	6827894	8371664	199804609	643094962	NA	0
2147	2	opencv	conan-gcc	2918205	4554304817	6827946	8371664	199925961	643518632	NA	0
2148	2	opencv	conan-gcc	2582304	4556887121	6827998	8371664	200038748	643902931	NA	0
2149	2	opencv	conan-gcc	2595060	4559482181	6828050	8371664	200152109	644289384	NA	0
2150	2	opencv	conan-gcc	2681787	4562163968	6828102	8371664	200268632	644691905	NA	0
2151	2	opencv	conan-gcc	2598164	4564762132	6828154	8371664	200382563	645079591	NA	0
2152	2	opencv	conan-gcc	2594119	4567356251	6828206	8371664	200496207	645466650	NA	0
2153	2	opencv	conan-gcc	2859437	4570215688	6828258	8371664	200615597	645881101	NA	0
2154	2	opencv	conan-gcc	2575606	4572791294	6828310	8371664	200728234	646264490	NA	0
2155	2	opencv	conan-gcc	3082431	4575873725	6828362	8371664	200854034	646707325	NA	0
2156	2	opencv	conan-gcc	2587665	4578461390	6828414	8371664	200967122	647092817	NA	0
2157	2	opencv	conan-gcc	2567064	4581028454	6828466	8371664	201079352	647474427	NA	0
2158	2	opencv	conan-gcc	2602971	4583631425	6828518	8371664	201192838	647862070	NA	0
2159	2	opencv	conan-gcc	2883472	4586514897	6828570	8371664	201313449	648282381	NA	0
2160	2	opencv	conan-gcc	2596189	4589111086	6828622	8371664	201427041	648669703	NA	0
2161	2	opencv	conan-gcc	2663552	4591774638	6828674	8371664	201542985	649086132	NA	0
2162	2	opencv	conan-gcc	2989325	4594763963	6828726	8371664	201667158	649520006	NA	0
2163	2	opencv	conan-gcc	2942310	4597706273	6828778	8371664	201790466	649953606	NA	0
2164	2	opencv	conan-gcc	3041011	4600747284	6828830	8371664	201915354	650394216	NA	0
2165	2	opencv	conan-gcc	2622129	4603369413	6828882	8371664	202029301	650783398	NA	0
2166	2	opencv	conan-gcc	2573498	4605942911	6828934	8371664	202141854	651166419	NA	0
2167	2	opencv	conan-gcc	2582202	4608525113	6828986	8371664	202254848	651550918	NA	0
2168	2	opencv	conan-gcc	2597880	4611122993	6829038	8371664	202368552	651939552	NA	0
2169	2	opencv	conan-gcc	2565539	4613688532	6829090	8371664	202480693	652320620	NA	0
2170	2	opencv	conan-gcc	2569579	4616258111	6829142	8371664	202593000	652702401	NA	0
2171	2	opencv	conan-gcc	2894036	4619152147	6829194	8371664	202713593	653123282	NA	0
2172	2	opencv	conan-gcc	2673959	4621826106	6829246	8371664	202830883	653522151	NA	0
2173	2	opencv	conan-gcc	2608496	4624434602	6829298	8371664	202944512	653909614	NA	0
2174	2	opencv	conan-gcc	2878747	4627313349	6829350	8371664	203064859	654329116	NA	0
2175	2	opencv	conan-gcc	2923970	4630237319	6829402	8371664	203186312	654752378	NA	0
2176	2	opencv	conan-gcc	2882277	4633119596	6829454	8371664	203306465	655170578	NA	0
2177	2	opencv	conan-gcc	2572382	4635691978	6829506	8371664	203418926	655553522	NA	0
2178	2	opencv	conan-gcc	2919772	4638611750	6829558	8371664	203539954	655976419	NA	0
2179	2	opencv	conan-gcc	2860308	4641472058	6829610	8371664	203659346	656390657	NA	0
2180	2	opencv	conan-gcc	3028672	4644500730	6829662	8371664	203784331	656830312	NA	0
2181	2	opencv	conan-gcc	2575528	4647076258	6829714	8371664	203897100	657214052	NA	0
2182	2	opencv	conan-gcc	2579677	4649655935	6829766	8371664	204009944	657598602	NA	0
2183	2	opencv	conan-gcc	2586573	4652242508	6829818	8371664	204122845	657983836	NA	0
2184	2	opencv	conan-gcc	2907588	4655150096	6829870	8371664	204244348	658407822	NA	0
2185	2	opencv	conan-gcc	3055252	4658205348	6829922	8371664	204368914	658845301	NA	0
2186	2	opencv	conan-gcc	2868449	4661073797	6829974	8371664	204488640	659261383	NA	0
2187	2	opencv	conan-gcc	2903904	4663977701	6830026	8371664	204609673	659683398	NA	0
2188	2	opencv	conan-gcc	2593291	4666570992	6830078	8371664	204723141	660069766	NA	0
2189	2	opencv	conan-gcc	2914653	4669485645	6830130	8371664	204843920	660490421	NA	0
2190	2	opencv	conan-gcc	2578200	4672063845	6830182	8371664	204956519	660874836	NA	0
2191	2	opencv	conan-gcc	2589309	4674653154	6830234	8371664	205069685	661261391	NA	0
2192	2	opencv	conan-gcc	2923787	4677576941	6830286	8371664	205190861	661683398	NA	0
2193	2	opencv	conan-gcc	2568468	4680145409	6830338	8371664	205303101	662065220	NA	0
2194	2	opencv	conan-gcc	2147397	4682292806	6830390	8371664	205398300	662385754	NA	0
2195	2	opencv	conan-gcc	2909059	4685201865	6830442	8371664	205519070	662806620	NA	0
2196	2	opencv	conan-gcc	2604900	4687806765	6830494	8371664	205632424	663192011	NA	0
2197	2	opencv	conan-gcc	3014724	4690821489	6830546	8371664	205755819	663621639	NA	0
2198	2	opencv	conan-gcc	2924109	4693745598	6830598	8371664	205877320	664044756	NA	0
2199	2	opencv	conan-gcc	3037262	4696782860	6830650	8371664	206001885	664481350	NA	0
2200	2	opencv	conan-gcc	2923593	4699706453	6830702	8371664	206124086	664907635	NA	0
2201	2	opencv	conan-gcc	2914361	4702620814	6830754	8371664	206245700	665331196	NA	0
2202	2	opencv	conan-gcc	2953222	4705574036	6830806	8371664	206368779	665761151	NA	0
2203	2	opencv	conan-gcc	2897454	4708471490	6830858	8371664	206489654	666182791	NA	0
2204	2	opencv	conan-gcc	2899967	4711371457	6830910	8371664	206610393	666602540	NA	0
2205	2	opencv	conan-gcc	3030804	4714402261	6830962	8371664	206734388	667036438	NA	0
2206	2	opencv	conan-gcc	4659498	4719061759	6831014	8371664	206905208	667586149	NA	0
2207	2	opencv	conan-gcc	4803710	4723865469	6831066	8371664	207079828	668149576	NA	0
2208	2	opencv	conan-gcc	4906938	4728772407	6831118	8371664	207256047	668725417	NA	0
2209	2	opencv	conan-gcc	4393161	4733165568	6831170	8371664	207419909	669243680	NA	0
2210	2	opencv	conan-gcc	5036027	4738201595	6831222	8371664	207599184	669831302	NA	0
2211	2	opencv	conan-gcc	4928608	4743130203	6831274	8371664	207775866	670409393	NA	0
2212	2	opencv	conan-gcc	4952941	4748083144	6831326	8371664	207953245	670989878	NA	0
2213	2	opencv	conan-gcc	5060411	4753143555	6831378	8371664	208133700	671583818	NA	0
2214	2	opencv	conan-gcc	4944192	4758087747	6831430	8371664	208311627	672166813	NA	0
2215	2	opencv	conan-gcc	4934898	4763022645	6831482	8371664	208489001	672747038	NA	0
2216	2	opencv	conan-gcc	4973697	4767996342	6831534	8371664	208667787	673333682	NA	0
2217	2	opencv	conan-gcc	4916682	4772913024	6831586	8371664	208844349	673911897	NA	0
2218	2	opencv	conan-gcc	4920442	4777833466	6831638	8371664	209020844	674488559	NA	0
2219	2	opencv	conan-gcc	5050783	4782884249	6831690	8371664	209200640	675079607	NA	0
2220	2	opencv	conan-gcc	4937603	4787821852	6831742	8371664	209377153	675656520	NA	0
2221	2	opencv	conan-gcc	5317515	4793139367	6831794	8371664	209561177	676270123	NA	0
2222	2	opencv	conan-gcc	5210096	4798349463	6831846	8371664	209742588	676874534	NA	0
2223	2	opencv	conan-gcc	5234429	4803583892	6831898	8371664	209924717	677481126	NA	0
2224	2	opencv	conan-gcc	5225680	4808809572	6831950	8371664	210107397	678090776	NA	0
2225	2	opencv	conan-gcc	5216386	4814025958	6832002	8371664	210289510	678697591	NA	0
2226	2	opencv	conan-gcc	5255185	4819281143	6832054	8371664	210473062	679310905	NA	0
2227	2	opencv	conan-gcc	5198170	4824479313	6832106	8371664	210654354	679915351	NA	0
2228	2	opencv	conan-gcc	5229743	4829709056	6832158	8371664	210836158	680521370	NA	0
2229	2	opencv	conan-gcc	5184956	4834894012	6832210	8371664	211016981	681122739	NA	0
2230	2	opencv	conan-gcc	3531646	4838425658	6832262	8371664	211165512	681626408	NA	0
2231	2	opencv	conan-gcc	3531626	4841957284	6832314	8371664	211314043	682130106	NA	0
2232	2	opencv	conan-gcc	3531642	4845488926	6832366	8371664	211462574	682633836	NA	0
2233	2	opencv	conan-gcc	3531626	4849020552	6832418	8371664	211611105	683137535	NA	0
2234	2	opencv	conan-gcc	3531626	4852552178	6832470	8371664	211759636	683641232	NA	0
2235	2	opencv	conan-gcc	3531638	4856083816	6832522	8371664	211908167	684144971	NA	0
2236	2	opencv	conan-gcc	3531634	4859615450	6832574	8371664	212056698	684648682	NA	0
2237	2	opencv	conan-gcc	3531622	4863147072	6832626	8371664	212205229	685152330	NA	0
2238	2	opencv	conan-gcc	3531642	4866678714	6832678	8371664	212353760	685656079	NA	0
2239	2	opencv	conan-gcc	3531576	4870210290	6832730	8847936	212502453	686159948	NA	1
2240	2	opencv	conan-gcc	3531634	4873741924	6832782	8847936	212650984	686663650	NA	0
2241	2	opencv	conan-gcc	3531662	4877273586	6832834	8847936	212799515	687167531	NA	0
2242	2	opencv	conan-gcc	3531654	4880805240	6832886	8847936	212948046	687671363	NA	0
2243	2	opencv	conan-gcc	3531638	4884336878	6832938	8847936	213096577	688175113	NA	0
2244	2	opencv	conan-gcc	3531650	4887868528	6832990	8847936	213245108	688678949	NA	0
2245	2	opencv	conan-gcc	3531811	4891400339	6833042	8847936	213393644	689182610	NA	0
2246	2	opencv	conan-gcc	3566752	4894967091	6833094	8847936	213542929	689691236	NA	0
2247	2	opencv	conan-gcc	3548452	4898515543	6833146	8847936	213691923	690198433	NA	0
2248	2	opencv	conan-gcc	3544180	4902059723	6833198	8847936	213840626	690704365	NA	0
2249	2	opencv	conan-gcc	3549855	4905609578	6833250	8847936	213989564	691212019	NA	0
2250	2	opencv	conan-gcc	3861239	4909470817	6833302	8847936	214147394	691746520	NA	0
2251	2	opencv	conan-gcc	3649235	4913120052	6833354	8847936	214296973	692257808	NA	0
2252	2	opencv	conan-gcc	3573097	4916693149	6833406	8847936	214446482	692767786	NA	0
2253	2	opencv	conan-gcc	3618312	4920311461	6833458	8847936	214595976	693278295	NA	0
2254	2	opencv	conan-gcc	3555817	4923867278	6833510	8847936	214745058	693785430	NA	0
2255	2	opencv	conan-gcc	3757096	4927624374	6833562	8847936	214902476	694315712	NA	0
2256	2	opencv	conan-gcc	3543775	4931168149	6833614	8847936	215051109	694821146	NA	0
2257	2	opencv	conan-gcc	3569742	4934737891	6833666	8847936	215200765	695330781	NA	0
2258	2	opencv	conan-gcc	3594151	4938332042	6833718	8847936	215350300	695840701	NA	0
2259	2	opencv	conan-gcc	3641753	4941973795	6833770	8847936	215500650	696356566	NA	0
2260	2	opencv	conan-gcc	3569324	4945543119	6833822	8847936	215649687	696864506	NA	0
2261	2	opencv	conan-gcc	3816049	4949359168	6833874	8847936	215806901	697396066	NA	0
2262	2	opencv	conan-gcc	3570473	4952929641	6833926	8847936	215956131	697903664	NA	0
2263	2	opencv	conan-gcc	3582298	4956511939	6833978	8847936	216105569	698415072	NA	0
2264	2	opencv	conan-gcc	3583127	4960095066	6834030	8847936	216255009	698926443	NA	0
2265	2	opencv	conan-gcc	3553298	4963648364	6834082	8847936	216404415	699434864	NA	0
2266	2	opencv	conan-gcc	3550814	4967199178	6834134	8847936	216553629	699942703	NA	0
2267	2	opencv	conan-gcc	3542250	4970741428	6834186	8847936	216702397	700448387	NA	0
2268	2	opencv	conan-gcc	3655587	4974397015	6834238	8847936	216858239	700967316	NA	0
2269	2	opencv	conan-gcc	3559577	4977956592	6834290	8847936	217007107	701474375	NA	0
2270	2	opencv	conan-gcc	3599190	4981555782	6834342	8847936	217156331	701984039	NA	0
2271	2	opencv	conan-gcc	3535080	4985090862	6834394	8847936	217304926	702488646	NA	0
2272	2	opencv	conan-gcc	3687429	4988778291	6834446	8847936	217460675	703010594	NA	0
2273	2	opencv	conan-gcc	3587572	4992365863	6834498	8847936	217611087	703524198	NA	0
2274	2	opencv	conan-gcc	3589249	4995955112	6834550	8847936	217760315	704032385	NA	0
2275	2	opencv	conan-gcc	3584554	4999539666	6834602	8847936	217909467	704539942	NA	0
2276	2	opencv	conan-gcc	3624410	5003164076	6834654	8847936	218058773	705048787	NA	0
2277	2	opencv	conan-gcc	3555074	5006719150	6834706	8847936	218207701	705555164	NA	0
2278	2	opencv	conan-gcc	3597971	5010317121	6834758	8847936	218357001	706063550	NA	0
2279	2	opencv	conan-gcc	3532725	5013849846	6834810	8847936	218505701	706567685	NA	0
2280	2	opencv	conan-gcc	3554338	5017404184	6834862	8847936	218654895	707074985	NA	0
2281	2	opencv	conan-gcc	3561301	5020965485	6834914	8847936	218804109	707583268	NA	0
2282	2	opencv	conan-gcc	3539523	5024505008	6834966	8847936	218952905	708088267	NA	0
2283	2	opencv	conan-gcc	3553510	5028058518	6835018	8847936	219102027	708595782	NA	0
2284	2	opencv	conan-gcc	3572258	5031630776	6835070	8847936	219251300	709104675	NA	0
2285	2	opencv	conan-gcc	3550550	5035181326	6835123	8847936	219400302	709612007	NA	0
2286	2	opencv	conan-gcc	3535114	5038716440	6835176	8847936	219548989	710116692	NA	0
2287	2	opencv	conan-gcc	3556016	5042272456	6835229	8847936	219697911	710623476	NA	0
2288	2	opencv	conan-gcc	3580509	5045852965	6835282	8847936	219846875	711130665	NA	0
2289	2	opencv	conan-gcc	3569421	5049422386	6835335	8847936	219995934	711638061	NA	0
2290	2	opencv	conan-gcc	3603585	5053025971	6835388	8847936	220145394	712148735	NA	0
2291	2	opencv	conan-gcc	3531584	5056557555	6835441	8847936	220293925	712652599	NA	0
2292	2	opencv	conan-gcc	3482323	5060039878	6835494	8847936	220440815	713148815	NA	0
2293	2	opencv	conan-gcc	3482420	5063522298	6835547	8847936	220587559	713645038	NA	0
2294	2	opencv	conan-gcc	3482395	5067004693	6835600	8847936	220734303	714141120	NA	0
2295	2	opencv	conan-gcc	3482395	5070487088	6835653	8847936	220881047	714637203	NA	0
2296	2	opencv	conan-gcc	3482405	5073969493	6835706	8847936	221027791	715133380	NA	0
2297	2	opencv	conan-gcc	3482390	5077451883	6835759	8847936	221174535	715629466	NA	0
2298	2	opencv	conan-gcc	3482347	5080934230	6835812	8847936	221321425	716125750	NA	0
2299	2	opencv	conan-gcc	3545082	5084479312	6835865	8847936	221468475	716627318	NA	0
2300	2	opencv	conan-gcc	3482405	5087961717	6835918	8847936	221615219	717123499	NA	0
2301	2	opencv	conan-gcc	3482351	5091444068	6835971	8847936	221762052	717619729	NA	0
2302	2	opencv	conan-gcc	3482405	5094926473	6836024	8847936	221908796	718115906	NA	0
2303	2	opencv	conan-gcc	3482405	5098408878	6836077	8847936	222055540	718612080	NA	0
2304	2	opencv	conan-gcc	3427652	5101836530	6836130	8847936	222196204	719089505	NA	0
2305	2	opencv	conan-gcc	3358483	5105195013	6836183	8847936	222336862	719563057	NA	0
2306	2	opencv	conan-gcc	3407562	5108602575	6836236	8847936	222477703	720040150	NA	0
2307	2	opencv	conan-gcc	3358053	5111960628	6836289	8847936	222618365	720513906	NA	0
2308	2	opencv	conan-gcc	3387939	5115348567	6836342	8847936	222759212	720990041	NA	0
2309	2	opencv	conan-gcc	3370811	5118719378	6836395	8847936	222899905	721464413	NA	0
2310	2	opencv	conan-gcc	3414152	5122133530	6836448	8847936	223041078	721942503	NA	0
2311	2	opencv	conan-gcc	3367075	5125500605	6836501	8847936	223181775	722416665	NA	0
2312	2	opencv	conan-gcc	3357014	5128857619	6836554	8847936	223322438	722890213	NA	0
2313	2	opencv	conan-gcc	3372357	5132229976	6836607	8847936	223463221	723365292	NA	0
2314	2	opencv	conan-gcc	3358680	5135588656	6836660	8847936	223603924	723839251	NA	0
2315	2	opencv	conan-gcc	3367612	5138956268	6836713	8847936	223744613	724313287	NA	0
2316	2	opencv	conan-gcc	3376752	5142333020	6836766	8847936	223885410	724788379	NA	0
2317	2	opencv	conan-gcc	3363769	5145696789	6836819	8847936	224026132	725262215	NA	0
2318	2	opencv	conan-gcc	3365194	5149061983	6836872	8847936	224166831	725736294	NA	0
2319	2	opencv	conan-gcc	3375629	5152437612	6836925	8847936	224307655	726211470	NA	0
2320	2	opencv	conan-gcc	3357960	5155795572	6836978	8847936	224448310	726685084	NA	0
2321	2	opencv	conan-gcc	3358859	5159154431	6837031	8847936	224588970	727158681	NA	0
2322	2	opencv	conan-gcc	3354258	5162508689	6837084	8847936	224729588	727631580	NA	0
2323	2	opencv	conan-gcc	3364043	5165872732	6837137	8847936	224870278	728105629	NA	0
2324	2	opencv	conan-gcc	3357087	5169229819	6837190	8847936	225010930	728579108	NA	0
2325	2	opencv	conan-gcc	3360148	5172589967	6837243	8847936	225151580	729052814	NA	0
2326	2	opencv	conan-gcc	3357431	5175947398	6837296	8847936	225292217	729526171	NA	0
2327	2	opencv	conan-gcc	3370417	5179317815	6837349	8847936	225432907	730000595	NA	0
2328	2	opencv	conan-gcc	3359274	5182677089	6837402	8847936	225573622	730474515	NA	0
2329	2	opencv	conan-gcc	3393331	5186070420	6837455	8847936	225714437	730950782	NA	0
2330	2	opencv	conan-gcc	3395570	5189465990	6837508	8847936	225855176	731426472	NA	0
2331	2	opencv	conan-gcc	3357547	5192823537	6837561	8847936	225995828	731900035	NA	0
2332	2	opencv	conan-gcc	3370650	5196194187	6837614	8847936	226136551	732374563	NA	0
2333	2	opencv	conan-gcc	3395257	5199589444	6837667	8847936	226277550	732851495	NA	0
2334	2	opencv	conan-gcc	2305175	5201894619	6837720	8847936	226379907	733199565	NA	0
2335	2	opencv	conan-gcc	2268900	5204163519	6837773	8847936	226480688	733540574	NA	0
2336	2	opencv	conan-gcc	2303690	5206467209	6837826	8847936	226582873	733888801	NA	0
2337	2	opencv	conan-gcc	2285389	5208752598	6837879	8847936	226684160	734232494	NA	0
2338	2	opencv	conan-gcc	2252995	5211005593	6837932	8847936	226784271	734570260	NA	0
2339	2	opencv	conan-gcc	2262724	5213268317	6837985	8847936	226884665	734909858	NA	0
2340	2	opencv	conan-gcc	2270156	5215538473	6838038	8847936	226985619	735251737	NA	0
2341	2	opencv	conan-gcc	2562357	5218100830	6838091	8847936	227093923	735626165	NA	0
2342	2	opencv	conan-gcc	2274228	5220375058	6838144	8847936	227194847	735968085	NA	0
2343	2	opencv	conan-gcc	2268689	5222643747	6838197	8847936	227295644	736309298	NA	0
2344	2	opencv	conan-gcc	2279554	5224923301	6838250	8847936	227396522	736651354	NA	0
2345	2	opencv	conan-gcc	2632350	5227555651	6838303	8847936	227507822	737039272	NA	0
2346	2	opencv	conan-gcc	2270860	5229826511	6838356	8847936	227608612	737380445	NA	0
2347	2	opencv	conan-gcc	2255044	5232081555	6838409	8847936	227708794	737718705	NA	0
2348	2	opencv	conan-gcc	2315555	5234397110	6838462	8847936	227812225	738069994	NA	0
2349	2	opencv	conan-gcc	3437747	5237834857	6838515	8847936	227956370	738558519	NA	0
2350	2	opencv	conan-gcc	3426206	5241261063	6838568	8847936	228100297	739045363	NA	0
2351	2	opencv	conan-gcc	3442952	5244704015	6838621	9208343	228244476	739534568	NA	1
2352	2	opencv	conan-gcc	3427549	5248131564	6838674	9208343	228388403	740021503	NA	0
2353	2	opencv	conan-gcc	3438698	5251570262	6838727	9208343	228532469	740509511	NA	0
2354	2	opencv	conan-gcc	3432979	5255003241	6838780	9208343	228676280	740997012	NA	0
2355	2	opencv	conan-gcc	3422200	5258425441	6838833	9208343	228820112	741483196	NA	0
2356	2	opencv	conan-gcc	3459824	5261885265	6838886	9208343	228964597	741973813	NA	0
2357	2	opencv	conan-gcc	3438154	5265323419	6838939	9208343	229108647	742461734	NA	0
2358	2	opencv	conan-gcc	3433392	5268756811	6838992	9208343	229252763	742950218	NA	0
2359	2	opencv	conan-gcc	3436250	5272193061	6839045	9208343	229396868	743438608	NA	0
2360	2	opencv	conan-gcc	3441786	5275634847	6839098	9208343	229540956	743926798	NA	0
2361	2	opencv	conan-gcc	3430596	5279065443	6839151	9208343	229685105	744414329	NA	0
2362	2	opencv	conan-gcc	3382238	5282447681	6839204	9208343	229827085	744893014	NA	0
2363	2	opencv	conan-gcc	3379305	5285826986	6839257	9208343	229969012	745371019	NA	0
2364	2	opencv	conan-gcc	3382111	5289209097	6839310	9208343	230111007	745849755	NA	0
2365	2	opencv	conan-gcc	2246165	5291455262	6839363	9208343	230210134	746188196	NA	0
2366	2	opencv	conan-gcc	2246977	5293702239	6839416	9208343	230309264	746526795	NA	0
2367	2	opencv	conan-gcc	2250458	5295952697	6839469	9208343	230408693	746866476	NA	0
2368	2	opencv	conan-gcc	2240021	5298192718	6839522	9208343	230507571	747203694	NA	0
2369	2	opencv	conan-gcc	2299214	5300491932	6839575	9208343	230608282	747548564	NA	0
2370	2	opencv	conan-gcc	2275157	5302767089	6839628	9208343	230708762	747891791	NA	0
2371	2	opencv	conan-gcc	2239627	5305006716	6839681	9208343	230807623	748228786	NA	0
2372	2	opencv	conan-gcc	2350613	5307357329	6839734	9208343	230911398	748582919	NA	0
2373	2	opencv	conan-gcc	2252436	5309609765	6839787	9208343	231010686	748921990	NA	0
2374	2	opencv	conan-gcc	2259454	5311869219	6839840	9208343	231110510	749262515	NA	0
2375	2	opencv	conan-gcc	2243321	5314112540	6839893	9208343	231209428	749600099	NA	0
2376	2	opencv	conan-gcc	2251014	5316363554	6839946	9208343	231308848	749939636	NA	0
2377	2	opencv	conan-gcc	2252904	5318616458	6839999	9208343	231408156	750279166	NA	0
2378	2	opencv	conan-gcc	2147365	5320763823	6840052	9208343	231503355	750599698	NA	0
2379	2	opencv	conan-gcc	3492225	5324256048	6840105	9208343	231650630	751097812	NA	0
2380	2	opencv	conan-gcc	3529221	5327785269	6840158	9208343	231798030	751598255	NA	0
2381	2	opencv	conan-gcc	3497017	5331282286	6840211	9208343	231945213	752097322	NA	0
2382	2	opencv	conan-gcc	3501299	5334783585	6840264	9208343	232092456	752596587	NA	0
2383	2	opencv	conan-gcc	3522656	5338306241	6840317	9208343	232239843	753097424	NA	0
2384	2	opencv	conan-gcc	3537258	5341843499	6840370	9208343	232388935	753603307	NA	0
2385	2	opencv	conan-gcc	3534409	5345377908	6840423	9208343	232536661	754106001	NA	0
2386	2	opencv	conan-gcc	3509045	5348886953	6840476	9208343	232684037	754606612	NA	0
2387	2	opencv	conan-gcc	3493387	5352380340	6840529	9208343	232831320	755105014	NA	0
2388	2	opencv	conan-gcc	3512675	5355893015	6840582	9208343	232978599	755604924	NA	0
2389	2	opencv	conan-gcc	3493004	5359386019	6840635	9208343	233125942	756103177	NA	0
2390	2	opencv	conan-gcc	3405910	5362791929	6840688	9208343	233268671	756585324	NA	0
2391	2	opencv	conan-gcc	3372897	5366164826	6840741	9208343	233409829	757061168	NA	0
2392	2	opencv	conan-gcc	3373294	5369538120	6840794	9208343	233550887	757537247	NA	0
2393	2	opencv	conan-gcc	3370171	5372908291	6840847	9208343	233691952	758012857	NA	0
2394	2	opencv	conan-gcc	7730333	5380638624	6840901	9208343	233950070	758724499	NA	0
2395	2	opencv	conan-gcc	3317207	5383955831	6840954	9208343	234083269	759153839	NA	0
2396	2	opencv	conan-gcc	2794558	5386750389	6841007	9208343	234201831	759553623	NA	0
2397	2	opencv	conan-gcc	3013290	5389763679	6841060	9208343	234327080	759969474	NA	0
2398	2	opencv	conan-gcc	3055844	5392819523	6841113	9208343	234453867	760390103	NA	0
2399	2	opencv	conan-gcc	2999796	5395819319	6841166	9208343	234578362	760803639	NA	0
2400	2	opencv	conan-gcc	2574486	5398393805	6841219	9208343	234689568	761183158	NA	0
2401	2	opencv	conan-gcc	2486628	5400880433	6841272	9208343	234797349	761553582	NA	0
2402	2	opencv	conan-gcc	2416185	5403296618	6841325	9208343	234902620	761918423	NA	0
2403	2	opencv	conan-gcc	2453819	5405750437	6841378	9208343	235009434	762286778	NA	0
2404	2	opencv	conan-gcc	2637514	5408387951	6841431	9208343	235125873	762679677	NA	0
2405	2	opencv	conan-gcc	5773104	5414161055	6841484	9208343	235346204	763361859	NA	0
2406	2	opencv	conan-gcc	5780480	5419941535	6841537	9208343	235566602	764042517	NA	0
2407	2	opencv	conan-gcc	5704556	5425646091	6841590	9208343	235785114	764714291	NA	0
2408	2	opencv	conan-gcc	2600610	5428246701	6841643	9208343	235899990	765102289	NA	0
2409	2	opencv	conan-gcc	2644853	5430891554	6841696	9208343	236016067	765495807	NA	0
2410	2	opencv	conan-gcc	2595669	5433487223	6841749	9208343	236131103	765882714	NA	0
2411	2	opencv	conan-gcc	2589031	5436076254	6841802	9208343	236245827	766268176	NA	0
2412	2	opencv	conan-gcc	2590442	5438666696	6841855	9208343	236360626	766653876	NA	0
2413	2	opencv	conan-gcc	2592998	5441259694	6841908	9208343	236475497	767040108	NA	0
2414	2	opencv	conan-gcc	2693489	5443953183	6841961	9208343	236594414	767443819	NA	0
2415	2	opencv	conan-gcc	2686692	5446639875	6842014	9208343	236714124	767845936	NA	0
2416	2	opencv	conan-gcc	2590785	5449230660	6842067	9208343	236828953	768231752	NA	0
2417	2	opencv	conan-gcc	2598042	5451828702	6842120	9208343	236944069	768618717	NA	0
2418	2	opencv	conan-gcc	2626947	5454455649	6842173	9208343	237059938	769009980	NA	0
2419	2	opencv	conan-gcc	2903712	5457359361	6842226	9208343	237182438	769431688	NA	0
2420	2	opencv	conan-gcc	2985469	5460344830	6842279	9208343	237307016	769864898	NA	0
2421	2	opencv	conan-gcc	2904168	5463248998	6842332	9208343	237429544	770286588	NA	0
2422	2	opencv	conan-gcc	2924451	5466173449	6842385	9208343	237552709	770711604	NA	0
2423	2	opencv	conan-gcc	2909683	5469083132	6842438	9208343	237675426	771134756	NA	0
2424	2	opencv	conan-gcc	2589558	5471672690	6842491	9208343	237790155	771520247	NA	0
2425	2	opencv	conan-gcc	2926528	5474599218	6842544	9208343	237913429	771945753	NA	0
2426	2	opencv	conan-gcc	2918751	5477517969	6842597	9208343	238036192	772369038	NA	0
2427	2	opencv	conan-gcc	2900210	5480418179	6842650	9208343	238158488	772789968	NA	0
2428	2	opencv	conan-gcc	2974253	5483392432	6842703	9208343	238284021	773224105	NA	0
2429	2	opencv	conan-gcc	2909612	5486302044	6842756	9208343	238406689	773646502	NA	0
2430	2	opencv	conan-gcc	2600200	5488902244	6842809	9208343	238521811	774033768	NA	0
2431	2	opencv	conan-gcc	2595625	5491497869	6842862	9208343	238636756	774420210	NA	0
2432	2	opencv	conan-gcc	2897000	5494394869	6842915	9208343	238759122	774840950	NA	0
2433	2	opencv	conan-gcc	2895719	5497290588	6842968	9208343	238881439	775261471	NA	0
2434	2	opencv	conan-gcc	2903746	5500194334	6843021	9208343	239004195	775684683	NA	0
2435	2	opencv	conan-gcc	2909038	5503103372	6843074	9208343	239126690	776107624	NA	0
2436	2	opencv	conan-gcc	2595932	5505699304	6843127	9208343	239241354	776494451	NA	0
2437	2	opencv	conan-gcc	2907003	5508606307	6843180	9208343	239363876	776916911	NA	0
2438	2	opencv	conan-gcc	2898743	5511505050	6843233	9208343	239486267	777337565	NA	0
2439	2	opencv	conan-gcc	2972288	5514477338	6843286	9208343	239610689	777770026	NA	0
2440	2	opencv	conan-gcc	2900922	5517378260	6843339	9208343	239733181	778191524	NA	0
2441	2	opencv	conan-gcc	2908422	5520286682	6843392	9208343	239855998	778614448	NA	0
2442	2	opencv	conan-gcc	2896193	5523182875	6843445	9208343	239978296	779036713	NA	0
2443	2	opencv	conan-gcc	2595773	5525778648	6843498	9208343	240087071	779413066	NA	0
2444	2	opencv	conan-gcc	2962142	5528740790	6843551	9208343	240211503	779845245	NA	0
2445	2	opencv	conan-gcc	2931917	5531672707	6843604	9208343	240334299	780269967	NA	0
2446	2	opencv	conan-gcc	2602287	5534274994	6843657	9208343	240449231	780656851	NA	0
2447	2	opencv	conan-gcc	2886075	5537161069	6843710	9208343	240571096	781076255	NA	0
2448	2	opencv	conan-gcc	2901005	5540062074	6843763	9208343	240693567	781497612	NA	0
2449	2	opencv	conan-gcc	2899718	5542961792	6843816	9208343	240815996	781918790	NA	0
2450	2	opencv	conan-gcc	2602503	5545564295	6843869	9208343	240931002	782306232	NA	0
2451	2	opencv	conan-gcc	2928612	5548492907	6843922	9208343	241054243	782732955	NA	0
2452	2	opencv	conan-gcc	2954927	5551447834	6843975	9208343	241178627	783164545	NA	0
2453	2	opencv	conan-gcc	2981738	5554429572	6844028	9208343	241303523	783596208	NA	0
2454	2	opencv	conan-gcc	2926489	5557356061	6844081	9208343	241426526	784021733	NA	0
2455	2	opencv	conan-gcc	2599853	5559955914	6844134	9208343	241541596	784409301	NA	0
2456	2	opencv	conan-gcc	2899963	5562855877	6844187	9208343	241663807	784830306	NA	0
2457	2	opencv	conan-gcc	2897330	5565753207	6844240	9208343	241786142	785250944	NA	0
2458	2	opencv	conan-gcc	2919679	5568672886	6844293	9208343	241908972	785675747	NA	0
2459	2	opencv	conan-gcc	2600128	5571273014	6844346	9208343	242024084	786063505	NA	0
2460	2	opencv	conan-gcc	2901438	5574174452	6844399	9208343	242146518	786484882	NA	0
2461	2	opencv	conan-gcc	2914084	5577088536	6844452	9208343	242269525	786908895	NA	0
2462	2	opencv	conan-gcc	2594763	5579683299	6844505	9208343	242384426	787295639	NA	0
2463	2	opencv	conan-gcc	2597868	5582281167	6844558	9875566	242499441	787682850	NA	1
2464	2	opencv	conan-gcc	2902036	5585183203	6844611	9875566	242621930	788104378	NA	0
2465	2	opencv	conan-gcc	2901921	5588085124	6844664	9875566	242744180	788525668	NA	0
2466	2	opencv	conan-gcc	2998863	5591083987	6844717	9875566	242870049	788962793	NA	0
2467	2	opencv	conan-gcc	2902993	5593986980	6844770	9875566	242992860	789385898	NA	0
2468	2	opencv	conan-gcc	2909771	5596896751	6844823	9875566	243115217	789808313	NA	0
2469	2	opencv	conan-gcc	2900181	5599796932	6844876	9875566	243237467	790229635	NA	0
2470	2	opencv	conan-gcc	2934961	5602731893	6844929	9875566	243361287	790656181	NA	0
2471	2	opencv	conan-gcc	2901841	5605633734	6844982	9875566	243483571	791077684	NA	0
2472	2	opencv	conan-gcc	2597162	5608230896	6845035	9875566	243598492	791463944	NA	0
2473	2	opencv	conan-gcc	2906408	5611137304	6845088	9875566	243720850	791886140	NA	0
2474	2	opencv	conan-gcc	2910742	5614048046	6845141	9875566	243843428	792309401	NA	0
2475	2	opencv	conan-gcc	2954844	5617002890	6845194	9875566	243967292	792738507	NA	0
2476	2	opencv	conan-gcc	2913851	5619916741	6845247	9875566	244089939	793162107	NA	0
2477	2	opencv	conan-gcc	2906587	5622823328	6845300	9875566	244212644	793584399	NA	0
2478	2	opencv	conan-gcc	2896415	5625719743	6845353	9875566	244334976	794004979	NA	0
2479	2	opencv	conan-gcc	2942207	5628661950	6845406	9875566	244458329	794432138	NA	0
2480	2	opencv	conan-gcc	2609227	5631271177	6845459	9875566	244573924	794821566	NA	0
2481	2	opencv	conan-gcc	2898576	5634169753	6845512	9875566	244696255	795243655	NA	0
2482	2	opencv	conan-gcc	2598167	5636767920	6845565	9875566	244811029	795630967	NA	0
2483	2	opencv	conan-gcc	2909517	5639677437	6845618	9875566	244933641	796053960	NA	0
2484	2	opencv	conan-gcc	2981671	5642659108	6845671	9875566	245059431	796489019	NA	0
2485	2	opencv	conan-gcc	2983711	5645642819	6845724	9875566	245185043	796924804	NA	0
2486	2	opencv	conan-gcc	2904893	5648547712	6845777	9875566	245307618	797346857	NA	0
2487	2	opencv	conan-gcc	2904767	5651452479	6845830	9875566	245430205	797768804	NA	0
2488	2	opencv	conan-gcc	2594749	5654047228	6845883	9875566	245545159	798155510	NA	0
2489	2	opencv	conan-gcc	2921479	5656968707	6845936	9875566	245668181	798580786	NA	0
2490	2	opencv	conan-gcc	2904875	5659873582	6845989	9875566	245790557	799002843	NA	0
2491	2	opencv	conan-gcc	2895551	5662769133	6846042	9875566	245912570	799423135	NA	0
2492	2	opencv	conan-gcc	2898707	5665667840	6846095	9875566	246034980	799844128	NA	0
2493	2	opencv	conan-gcc	2901739	5668569579	6846148	9875566	246157458	800265666	NA	0
2494	2	opencv	conan-gcc	2618326	5671187905	6846201	9875566	246273340	800656683	NA	0
2495	2	opencv	conan-gcc	2724684	5673912589	6846254	9875566	246393668	801066102	NA	0
2496	2	opencv	conan-gcc	2731180	5676643769	6846307	9875566	246513736	801473922	NA	0
2497	2	opencv	conan-gcc	2697005	5679340774	6846360	9875566	246633190	801879214	NA	0
2498	2	opencv	conan-gcc	2796645	5682137419	6846413	9875566	246755927	802299880	NA	0
2499	2	opencv	conan-gcc	2711203	5684848622	6846466	9875566	246875774	802707269	NA	0
2500	2	opencv	conan-gcc	2730564	5687579186	6846519	9875566	246996191	803116965	NA	0
2501	2	opencv	conan-gcc	2701161	5690280347	6846572	9875566	247115765	803522797	NA	0
2502	2	opencv	conan-gcc	2708263	5692988610	6846625	9875566	247235699	803930642	NA	0
2503	2	opencv	conan-gcc	2671793	5695660403	6846678	9875566	247353959	804330683	NA	0
2504	2	opencv	conan-gcc	3923805	5699584208	6846731	9875566	247522007	804885330	NA	0
2505	2	opencv	conan-gcc	3989868	5703574076	6846784	9875566	247689992	805447527	NA	0
2506	2	opencv	conan-gcc	2593013	5706167089	6846837	9875566	247804903	805833741	NA	0
2507	2	opencv	conan-gcc	2589183	5708756272	6846890	9875566	247919645	806219257	NA	0
2508	2	opencv	conan-gcc	2698684	5711454956	6846943	9875566	248039189	806624867	NA	0
2509	2	opencv	conan-gcc	2604134	5714059090	6846996	9875566	248154380	807012322	NA	0
2510	2	opencv	conan-gcc	2697235	5716756325	6847049	9875566	248273500	807417678	NA	0
2511	2	opencv	conan-gcc	2697201	5719453526	6847102	9875566	248392975	807823016	NA	0
2512	2	opencv	conan-gcc	2700432	5722153958	6847155	9875566	248512547	808228799	NA	0
2513	2	opencv	conan-gcc	2598544	5724752502	6847208	9875566	248627749	808616002	NA	0
2514	2	opencv	conan-gcc	4082736	5728835238	6847261	9875566	248801391	809187842	NA	0
2515	2	opencv	conan-gcc	4214959	5733050197	6847314	9875566	248978035	809777303	NA	0
2516	2	opencv	conan-gcc	6304862	5739355059	6847367	9875566	249213695	810501625	NA	0
2517	2	opencv	conan-gcc	3229917	5742584976	6847420	9875566	249352529	810967718	NA	0
2518	2	opencv	conan-gcc	2622450	5745207426	6847473	9875566	249468561	811357700	NA	0
2519	2	opencv	conan-gcc	2597310	5747804736	6847526	9875566	249583791	811744684	NA	0
2520	2	opencv	conan-gcc	2591375	5750396111	6847579	9875566	249698700	812130599	NA	0
2521	2	opencv	conan-gcc	2650942	5753047053	6847632	9875566	249815405	812526311	NA	0
2522	2	opencv	conan-gcc	2626076	5755673129	6847685	9875566	249931080	812918398	NA	0
2523	2	opencv	conan-gcc	2612649	5758285778	6847738	9875566	250046409	813308158	NA	0
2524	2	opencv	conan-gcc	2613968	5760899746	6847791	9875566	250161771	813698176	NA	0
2525	2	opencv	conan-gcc	2631107	5763530853	6847844	9875566	250277579	814090935	NA	0
2526	2	opencv	conan-gcc	2623343	5766154196	6847897	9875566	250393183	814482634	NA	0
2527	2	opencv	conan-gcc	2610125	5768764321	6847950	9875566	250508445	814871781	NA	0
2528	2	opencv	conan-gcc	2590987	5771355308	6848003	9875566	250623232	815257605	NA	0
2529	2	opencv	conan-gcc	2694436	5774049744	6848056	9875566	250743546	815660673	NA	0
2530	2	opencv	conan-gcc	2694507	5776744251	6848109	9875566	250863609	816063828	NA	0
2531	2	opencv	conan-gcc	2694875	5779439126	6848162	9875566	250983683	816467022	NA	0
2532	2	opencv	conan-gcc	2694424	5782133550	6848215	9875566	251103999	816870169	NA	0
2533	2	opencv	conan-gcc	2694292	5784827842	6848268	9875566	251224310	817273288	NA	0
2534	2	opencv	conan-gcc	2694443	5787522285	6848321	9875566	251344625	817676428	NA	0
2535	2	opencv	conan-gcc	2694439	5790216724	6848374	9875566	251464938	818079612	NA	0
2536	2	opencv	conan-gcc	2694453	5792911177	6848427	9875566	251585252	818482755	NA	0
2537	2	opencv	conan-gcc	2694488	5795605665	6848480	9875566	251705566	818885916	NA	0
2538	2	opencv	conan-gcc	2694515	5798300180	6848533	9875566	251825628	819289099	NA	0
2539	2	opencv	conan-gcc	2694287	5800994467	6848586	9875566	251945937	819692161	NA	0
2540	2	opencv	conan-gcc	2589518	5803583985	6848639	9875566	252060662	820077662	NA	0
2541	2	opencv	conan-gcc	2593213	5806177198	6848692	9875566	252175646	820464144	NA	0
2542	2	opencv	conan-gcc	4677718	5810854916	6848745	9875566	252349413	821018458	NA	0
2543	2	opencv	conan-gcc	4674897	5815529813	6848798	9875566	252523026	821572367	NA	0
2544	2	opencv	conan-gcc	4679309	5820209122	6848851	9875566	252696848	822126848	NA	0
2545	2	opencv	conan-gcc	4702881	5824912003	6848904	9875566	252871335	822684284	NA	0
2546	2	opencv	conan-gcc	4692908	5829604911	6848957	9875566	253045349	823240869	NA	0
2547	2	opencv	conan-gcc	4909549	5834514460	6849010	9875566	253223708	823819007	NA	0
2548	2	opencv	conan-gcc	4928772	5839443232	6849063	9875566	253402686	824400281	NA	0
2549	2	opencv	conan-gcc	4906754	5844349986	6849116	9875566	253580900	824977954	NA	0
2550	2	opencv	conan-gcc	4911296	5849261282	6849169	9875566	253759295	825556519	NA	0
2551	2	opencv	conan-gcc	4934013	5854195295	6849222	9875566	253938358	826137656	NA	0
2552	2	opencv	conan-gcc	4924765	5859120060	6849275	9875566	254116970	826717879	NA	0
2553	2	opencv	conan-gcc	5193068	5864313128	6849328	9875566	254300077	827322228	NA	0
2554	2	opencv	conan-gcc	5210260	5869523388	6849381	9875566	254483742	827929748	NA	0
2555	2	opencv	conan-gcc	3432569	5872955957	6849434	9875566	254628075	828417902	NA	0
2556	2	opencv	conan-gcc	3569147	5876525104	6849487	9875566	254774047	828919412	NA	0
2557	2	opencv	conan-gcc	3529964	5880055068	6849540	9875566	254919868	829418669	NA	0
2558	2	opencv	conan-gcc	3453728	5883508796	6849593	9875566	255064873	829910387	NA	0
2559	2	opencv	conan-gcc	3526571	5887035367	6849646	9875566	255210547	830408601	NA	0
2560	2	opencv	conan-gcc	3548563	5890583930	6849699	9875566	255359899	830916617	NA	0
2561	2	opencv	conan-gcc	3472576	5894056506	6849752	9875566	255504401	831407253	NA	0
2562	2	opencv	conan-gcc	3429063	5897485569	6849805	9875566	255648595	831894729	NA	0
2563	2	opencv	conan-gcc	3657906	5901143475	6849858	9875566	255795921	832403847	NA	0
2564	2	opencv	conan-gcc	3703700	5904847175	6849911	9875566	255945027	832921653	NA	0
2565	2	opencv	conan-gcc	3430260	5908277435	6849964	9875566	256089232	833409486	NA	0
2566	2	opencv	conan-gcc	3517737	5911795172	6850017	9875566	256234560	833906449	NA	0
2567	2	opencv	conan-gcc	3495702	5915290874	6850070	9875566	256380075	834402851	NA	0
2568	2	opencv	conan-gcc	3442046	5918732920	6850123	9875566	256524413	834891756	NA	0
2569	2	opencv	conan-gcc	3513698	5922246618	6850176	9875566	256672850	835392217	NA	0
2570	2	opencv	conan-gcc	4101043	5926347661	6850229	9875566	256821135	835920451	NA	0
2571	2	opencv	conan-gcc	3792339	5930140000	6850282	9875566	256967440	836429300	NA	0
2572	2	opencv	conan-gcc	3491826	5933631826	6850335	9875566	257112535	836923675	NA	0
2573	2	opencv	conan-gcc	3526041	5937157867	6850388	9875566	257257976	837420920	NA	0
2574	2	opencv	conan-gcc	224	5937158091	6850440	9875566	257257996	837421049	NA	0
2575	2	opencv	conan-gcc	3454210	5940612301	6850493	10367751	257403062	837912886	NA	1
2576	2	opencv	conan-gcc	3528412	5944140713	6850546	10367751	257548447	838411266	NA	0
2577	2	opencv	conan-gcc	3425772	5947566485	6850599	10367751	257692038	838898050	NA	0
2578	2	opencv	conan-gcc	3428014	5950994499	6850652	10367751	257835666	839385308	NA	0
2579	2	opencv	conan-gcc	3412278	5954406777	6850705	10367751	257978822	839869486	NA	0
2580	2	opencv	conan-gcc	3444361	5957851138	6850758	10367751	258122799	840357741	NA	0
2581	2	opencv	conan-gcc	3587530	5961438668	6850811	10367751	258267531	840854900	NA	0
2582	2	opencv	conan-gcc	3407631	5964846299	6850864	10367751	258410451	841337796	NA	0
2583	2	opencv	conan-gcc	3528436	5968374735	6850917	10367751	258555472	841833467	NA	0
2584	2	opencv	conan-gcc	3411159	5971785894	6850970	10367751	258698604	842317331	NA	0
2585	2	opencv	conan-gcc	3412560	5975198454	6851023	10367751	258841675	842801038	NA	0
2586	2	opencv	conan-gcc	3419963	5978618417	6851076	10367751	258984785	843285232	NA	0
2587	2	opencv	conan-gcc	3470154	5982088571	6851129	10367751	259128040	843772149	NA	0
2588	2	opencv	conan-gcc	2300964	5984389535	6851182	10367751	259228921	844118686	NA	0
2589	2	opencv	conan-gcc	2645476	5987035011	6851235	10367751	259334741	844483895	NA	0
2590	2	opencv	conan-gcc	2713852	5989748863	6851288	10367751	259440075	844849426	NA	0
2591	2	opencv	conan-gcc	2301647	5992050510	6851341	10367751	259541067	845196067	NA	0
2592	2	opencv	conan-gcc	2295724	5994346234	6851394	10367751	259641609	845541038	NA	0
2593	2	opencv	conan-gcc	2316097	5996662331	6851447	10367751	259743173	845890458	NA	0
2594	2	opencv	conan-gcc	2411896	5999074227	6851500	10367751	259850262	846256515	NA	0
2595	2	opencv	conan-gcc	2300041	6001374268	6851553	10367751	259950927	846602513	NA	0
2596	2	opencv	conan-gcc	2288439	6003662707	6851606	10367751	260051244	846946117	NA	0
2597	2	opencv	conan-gcc	2309692	6005972399	6851659	10367751	260152406	847294690	NA	0
2598	2	opencv	conan-gcc	2606373	6008578772	6851712	10367751	260261308	847676536	NA	0
2599	2	opencv	conan-gcc	2588726	6011167498	6851765	10367751	260369463	848054290	NA	0
2600	2	opencv	conan-gcc	2294670	6013462168	6851818	10367751	260469988	848398913	NA	0
2601	2	opencv	conan-gcc	2293894	6015756062	6851871	10367751	260570532	848743770	NA	0
2602	2	opencv	conan-gcc	2299770	6018055832	6851924	10367751	260671380	849090102	NA	0
2603	2	opencv	conan-gcc	2366188	6020422020	6851977	10367751	260775232	849448419	NA	0
2604	2	opencv	conan-gcc	2338512	6022760532	6852030	10367751	260877689	849800640	NA	0
2605	2	opencv	conan-gcc	2291630	6025052162	6852083	10367751	260978189	850145135	NA	0
2606	2	opencv	conan-gcc	2305339	6027357501	6852136	10367751	261079194	850492257	NA	0
2607	2	opencv	conan-gcc	2296479	6029653980	6852189	10367751	261179871	850837715	NA	0
2608	2	opencv	conan-gcc	2288411	6031942391	6852242	10367751	261280185	851181387	NA	0
2609	2	opencv	conan-gcc	2328231	6034270622	6852295	10367751	261381861	851531187	NA	0
2610	2	opencv	conan-gcc	2327654	6036598276	6852348	10367751	261484353	851884671	NA	0
2611	2	opencv	conan-gcc	2334738	6038933014	6852401	10367751	261587095	852238425	NA	0
2612	2	opencv	conan-gcc	2657777	6041590791	6852454	10367751	261697905	852629223	NA	0
2613	2	opencv	conan-gcc	2147445	6043738236	6852507	10367751	261793104	852949644	NA	0
2614	2	opencv	conan-gcc	2620092	6046358328	6852560	10367751	261902789	853335063	NA	0
2615	2	opencv	conan-gcc	4607802	6050966130	6852613	10367751	262066421	853871047	NA	0
2616	2	opencv	conan-gcc	4640009	6055606139	6852666	10367751	262231387	854413556	NA	0
2617	2	opencv	conan-gcc	4921497	6060527636	6852719	10367751	262401286	854981718	NA	0
2618	2	opencv	conan-gcc	3522382	6064050018	6852772	10367751	262549813	855485465	NA	0
2619	2	opencv	conan-gcc	3522524	6067572542	6852825	10367751	262698179	855989282	NA	0
2620	2	opencv	conan-gcc	3522398	6071094940	6852878	10367751	262846706	856492962	NA	0
2621	2	opencv	conan-gcc	3410996	6074505936	6852931	10367751	262989309	856975829	NA	0
2622	2	opencv	conan-gcc	3402866	6077908802	6852984	10367751	263131613	857457685	NA	0
2623	2	opencv	conan-gcc	3411538	6081320340	6853037	10367751	263274093	857940124	NA	0
2624	2	opencv	conan-gcc	3402022	6084722362	6853090	10367751	263416464	858421483	NA	0
2625	2	opencv	conan-gcc	3405248	6088127610	6853143	10367751	263558722	858903240	NA	0
2626	2	opencv	conan-gcc	3419860	6091547470	6853196	10367751	263701501	859387422	NA	0
2627	2	opencv	conan-gcc	3460198	6095007668	6853249	10367751	263844754	859874500	NA	0
2628	2	opencv	conan-gcc	3427718	6098435386	6853302	10367751	263987598	860359361	NA	0
2629	2	opencv	conan-gcc	3432529	6101867915	6853355	10367751	264130412	860843002	NA	0
2630	2	opencv	conan-gcc	3404622	6105272537	6853408	10367751	264272826	861324919	NA	0
2631	2	opencv	conan-gcc	3407133	6108679670	6853461	10367751	264415177	861807079	NA	0
2632	2	opencv	conan-gcc	3425698	6112105368	6853514	10367751	264557564	862289415	NA	0
2633	2	opencv	conan-gcc	3394908	6115500276	6853567	10367751	264699864	862769851	NA	0
2634	2	opencv	conan-gcc	3437597	6118937873	6853620	10367751	264842762	863254945	NA	0
2635	2	opencv	conan-gcc	3405249	6122343122	6853673	10367751	264985087	863736908	NA	0
2636	2	opencv	conan-gcc	3427601	6125770723	6853726	10367751	265127740	864220885	NA	0
2637	2	opencv	conan-gcc	3423521	6129194244	6853779	10367751	265270191	864704496	NA	0
2638	2	opencv	conan-gcc	3402270	6132596514	6853832	10367751	265412583	865185967	NA	0
2639	2	opencv	conan-gcc	3398069	6135994583	6853885	10367751	265554940	865666992	NA	0
2640	2	opencv	conan-gcc	3523161	6139517744	6853938	10367751	265703508	866170840	NA	0
2641	2	opencv	conan-gcc	3523306	6143041050	6853991	10367751	265851921	866674731	NA	0
2642	2	opencv	conan-gcc	3527909	6146568959	6854044	10367751	266000545	867179164	NA	0
2643	2	opencv	conan-gcc	3414520	6149983479	6854097	10367751	266142942	867661815	NA	0
2644	2	opencv	conan-gcc	3402657	6153386136	6854150	10367751	266285351	868143626	NA	0
2645	2	opencv	conan-gcc	3414415	6156800551	6854203	10367751	266427724	868626000	NA	0
2646	2	opencv	conan-gcc	3395081	6160195632	6854256	10367751	266569961	869106555	NA	0
2647	2	opencv	conan-gcc	3407951	6163603583	6854309	10367751	266712150	869587945	NA	0
2648	2	opencv	conan-gcc	2623987	6166227570	6854362	10367751	266827367	869981434	NA	0
2649	2	opencv	conan-gcc	2238210	6168465780	6854415	10367751	266925928	870317110	NA	0
2650	2	opencv	conan-gcc	2214635	6170680415	6854468	10367751	267023715	870649319	NA	0
2651	2	opencv	conan-gcc	2323759	6173004174	6854521	10367751	267126600	870999472	NA	0
2652	2	opencv	conan-gcc	2341496	6175345670	6854574	10367751	267230404	871353035	NA	0
2653	2	opencv	conan-gcc	2214696	6177560366	6854627	10367751	267328137	871685195	NA	0
2654	2	opencv	conan-gcc	2214700	6179775066	6854680	10367751	267425870	872017426	NA	0
2655	2	opencv	conan-gcc	2214839	6181989905	6854733	10367751	267523608	872349661	NA	0
2656	2	opencv	conan-gcc	2376126	6184366031	6854786	10367751	267628852	872708505	NA	0
2657	2	opencv	conan-gcc	2323955	6186689986	6854839	10367751	267731853	873058871	NA	0
2658	2	opencv	conan-gcc	2369310	6189059296	6854892	10367751	267837032	873417236	NA	0
2659	2	opencv	conan-gcc	2214716	6191274012	6854945	10367751	267934765	873749422	NA	0
2660	2	opencv	conan-gcc	2373482	6193647494	6854998	10367751	268040111	874108184	NA	0
2661	2	opencv	conan-gcc	2214782	6195862276	6855051	10367751	268137900	874440362	NA	0
2662	2	opencv	conan-gcc	2343999	6198206275	6855104	10367751	268241834	874794142	NA	0
2663	2	opencv	conan-gcc	2319542	6200525817	6855157	10367751	268344733	875143949	NA	0
2664	2	opencv	conan-gcc	2486411	6203012228	6855210	10367751	268455157	875521897	NA	0
2665	2	opencv	conan-gcc	2338387	6205350615	6855263	10367751	268558784	875874957	NA	0
2666	2	opencv	conan-gcc	2214635	6207565250	6855316	10367751	268656571	876207166	NA	0
2667	2	opencv	conan-gcc	2325934	6209891184	6855369	10367751	268759796	876557831	NA	0
2668	2	opencv	conan-gcc	2503942	6212395126	6855422	10367751	268867260	876926830	NA	0
2669	2	opencv	conan-gcc	2448806	6214843932	6855475	10367751	268976357	877297487	NA	0
2670	2	opencv	conan-gcc	2234084	6217078016	6855528	10367751	269075129	877633256	NA	0
2671	2	opencv	conan-gcc	2232516	6219310532	6855581	10367751	269173843	877968794	NA	0
2672	2	opencv	conan-gcc	2321488	6221632020	6855634	10367751	269276443	878317610	NA	0
2673	2	opencv	conan-gcc	3536240	6225168260	6855687	10367751	269418459	878800175	NA	0
2674	2	opencv	conan-gcc	3355726	6228523986	6855740	10367751	269558810	879273523	NA	0
2675	2	opencv	conan-gcc	3366871	6231890857	6855793	10367751	269699671	879747996	NA	0
2676	2	opencv	conan-gcc	3359717	6235250574	6855846	10367751	269840577	880221855	NA	0
2677	2	opencv	conan-gcc	3429990	6238680564	6855899	10367751	269982444	880701863	NA	0
2678	2	opencv	conan-gcc	3356452	6242037016	6855952	10367751	270123222	881175042	NA	0
2679	2	opencv	conan-gcc	3454756	6245491772	6856005	10367751	270264933	881656351	NA	0
2680	2	opencv	conan-gcc	3473941	6248965713	6856058	10367751	270406584	882138987	NA	0
2681	2	opencv	conan-gcc	3426109	6252391822	6856111	10367751	270548894	882620988	NA	0
2682	2	opencv	conan-gcc	3356145	6255747967	6856164	10367751	270689655	883094038	NA	0
2683	2	opencv	conan-gcc	3357261	6259105228	6856217	10367751	270830413	883567409	NA	0
2684	2	opencv	conan-gcc	3439177	6262544405	6856270	10367751	270972216	884047972	NA	0
2685	2	opencv	conan-gcc	3470116	6266014521	6856323	10367751	271114015	884530036	NA	0
2686	2	opencv	conan-gcc	3383547	6269398068	6856376	10367751	271254830	885005618	NA	0
2687	2	opencv	conan-gcc	3686146	6273084214	6856429	10776095	271398830	885501676	NA	1
2688	2	opencv	conan-gcc	3396997	6276481211	6856482	10776095	271540022	885979220	NA	0
2689	2	opencv	conan-gcc	3388189	6279869400	6856535	10776095	271680927	886455399	NA	0
2690	2	opencv	conan-gcc	3362950	6283232350	6856588	10776095	271821656	886929149	NA	0
2691	2	opencv	conan-gcc	3354226	6286586576	6856641	10776095	271962272	887402049	NA	0
2692	2	opencv	conan-gcc	3369944	6289956520	6856694	10776095	272103046	887876736	NA	0
2693	2	opencv	conan-gcc	2428449	6292384969	6856747	10776095	272211016	888242846	NA	0
2694	2	opencv	conan-gcc	2407257	6294792226	6856800	10776095	272318452	888606731	NA	0
2695	2	opencv	conan-gcc	2479497	6297271723	6856853	10776095	272426965	888974971	NA	0
2696	2	opencv	conan-gcc	2425708	6299697431	6856906	10776095	272534923	889340748	NA	0
2697	2	opencv	conan-gcc	2512567	6302209998	6856959	10776095	272648230	889726333	NA	0
2698	2	opencv	conan-gcc	2478368	6304688366	6857012	10776095	272759815	890103761	NA	0
2699	2	opencv	conan-gcc	2510260	6307198626	6857065	10776095	272869687	890477636	NA	0
2700	2	opencv	conan-gcc	2410765	6309609391	6857118	10776095	272977170	890841852	NA	0
2701	2	opencv	conan-gcc	2559371	6312168762	6857171	10776095	273092975	891233788	NA	0
2702	2	opencv	conan-gcc	2629438	6314798200	6857224	10776095	273210901	891630083	NA	0
2703	2	opencv	conan-gcc	2502593	6317300793	6857277	10776095	273323092	892008864	NA	0
2704	2	opencv	conan-gcc	2524577	6319825370	6857330	10776095	273435812	892391989	NA	0
2705	2	opencv	conan-gcc	2683896	6322509266	6857383	10776095	273558006	892802578	NA	0
2706	2	opencv	conan-gcc	3535860	6326045126	6857436	10776095	273706039	893306408	NA	0
2707	2	opencv	conan-gcc	3557205	6329602331	6857489	10776095	273854135	893810592	NA	0
2708	2	opencv	conan-gcc	3519947	6333122278	6857542	10776095	274001977	894312773	NA	0
2709	2	opencv	conan-gcc	3516208	6336638486	6857595	10776095	274149630	894813949	NA	0
2710	2	opencv	conan-gcc	3672639	6340311125	6857648	10776095	274299042	895329841	NA	0
2711	2	opencv	conan-gcc	3530147	6343841272	6857701	10776095	274446872	895833200	NA	0
2712	2	opencv	conan-gcc	3574790	6347416062	6857754	10776095	274595040	896338785	NA	0
2713	2	opencv	conan-gcc	3502589	6350918651	6857807	10776095	274742646	896839196	NA	0
2714	2	opencv	conan-gcc	3530041	6354448692	6857860	10776095	274890374	897341794	NA	0
2715	2	opencv	conan-gcc	3501868	6357950560	6857913	10776095	275037873	897841942	NA	0
2716	2	opencv	conan-gcc	3511842	6361462402	6857966	10776095	275185411	898342952	NA	0
2717	2	opencv	conan-gcc	3503571	6364965973	6858019	10776095	275332994	898843355	NA	0
2718	2	opencv	conan-gcc	3580596	6368546569	6858072	10776095	275489990	899359196	NA	0
2719	2	opencv	conan-gcc	3626354	6372172923	6858125	10776095	275639361	899873309	NA	0
2720	2	opencv	conan-gcc	3367389	6375540312	6858178	10776095	275780182	900348167	NA	0
2721	2	opencv	conan-gcc	3354208	6378894520	6858231	10776095	275920798	900821051	NA	0
2722	2	opencv	conan-gcc	3357399	6382251919	6858284	10776095	276061467	901294627	NA	0
2723	2	opencv	conan-gcc	2434033	6384685952	6858337	10776095	276168911	901663805	NA	0
2724	2	opencv	conan-gcc	3255899	6387941851	6858390	10776095	276314411	902166129	NA	0
2725	2	opencv	conan-gcc	2542427	6390484278	6858443	10776095	276426313	902553504	NA	0
2726	2	opencv	conan-gcc	2490593	6392974871	6858496	10776095	276536362	902933445	NA	0
2727	2	opencv	conan-gcc	2451061	6395425932	6858549	10776095	276644310	903305056	NA	0
2728	2	opencv	conan-gcc	2421642	6397847574	6858602	10776095	276751120	903671693	NA	0
2729	2	opencv	conan-gcc	3175442	6401023016	6858655	10776095	276890501	904158135	NA	0
2730	2	opencv	conan-gcc	2691137	6403714153	6858708	10776095	277011189	904570324	NA	0
2731	2	opencv	conan-gcc	2523374	6406237527	6858761	10776095	277122270	904951403	NA	0
2732	2	opencv	conan-gcc	2513308	6408750835	6858814	10776095	277231103	905335196	NA	0
2733	2	opencv	conan-gcc	2435373	6411186208	6858867	10776095	277338846	905705122	NA	0
2734	2	opencv	conan-gcc	2505019	6413691227	6858920	10776095	277448354	906085854	NA	0
2735	2	opencv	conan-gcc	2596242	6416287469	6858973	10776095	277557682	906487084	NA	0
2736	2	opencv	conan-gcc	2492281	6418779750	6859026	10776095	277667454	906867557	NA	0
2737	2	opencv	conan-gcc	2431726	6421211476	6859079	10776095	277774851	907236265	NA	0
2738	2	opencv	conan-gcc	2461922	6423673398	6859132	10776095	277883364	907609548	NA	0
2739	2	opencv	conan-gcc	2422189	6426095587	6859185	10776095	277990210	907976142	NA	0
2740	2	opencv	conan-gcc	2416545	6428512132	6859238	10776095	278096763	908341309	NA	0
2741	2	opencv	conan-gcc	2429042	6430941174	6859291	10776095	278204321	908709415	NA	0
2742	2	opencv	conan-gcc	2421974	6433363148	6859344	10776095	278311344	909076163	NA	0
2743	2	opencv	conan-gcc	2502318	6435865466	6859397	10776095	278421484	909458013	NA	0
2744	2	opencv	conan-gcc	2425077	6438290543	6859450	10776095	278528589	909825570	NA	0
2745	2	opencv	conan-gcc	2469081	6440759624	6859503	10776095	278638518	910201584	NA	0
2746	2	opencv	conan-gcc	2528302	6443287926	6859556	10776095	278749886	910589315	NA	0
2747	2	opencv	conan-gcc	2448957	6445736883	6859609	10776095	278858041	910961835	NA	0
2748	2	opencv	conan-gcc	2442404	6448179287	6859662	10776095	278965833	911333213	NA	0
2749	2	opencv	conan-gcc	2763717	6450943004	6859715	10776095	279081719	911741955	NA	0
2750	2	opencv	conan-gcc	2805004	6453748008	6859768	10776095	279199481	912157944	NA	0
2751	2	opencv	conan-gcc	2448538	6456196546	6859821	10776095	279306902	912527392	NA	0
2752	2	opencv	conan-gcc	2761324	6458957870	6859874	10776095	279422464	912935686	NA	0
2753	2	opencv	conan-gcc	2416664	6461374534	6859927	10776095	279529020	913300868	NA	0
2754	2	opencv	conan-gcc	2459950	6463834484	6859980	10776095	279637505	913675731	NA	0
2755	2	opencv	conan-gcc	2482306	6466316790	6860033	10776095	279746642	914055147	NA	0
2756	2	opencv	conan-gcc	2467078	6468783868	6860086	10776095	279855248	914430313	NA	0
2757	2	opencv	conan-gcc	2468128	6471251996	6860139	10776095	279963502	914807140	NA	0
2758	2	opencv	conan-gcc	2480115	6473732111	6860192	10776095	280072116	915183067	NA	0
2759	2	opencv	conan-gcc	2472355	6476204466	6860245	10776095	280180954	915559715	NA	0
2760	2	opencv	conan-gcc	2458998	6478663464	6860298	10776095	280289090	915935359	NA	0
2761	2	opencv	conan-gcc	2475288	6481138752	6860351	10776095	280397942	916311806	NA	0
2762	2	opencv	conan-gcc	2488399	6483627151	6860404	10776095	280507533	916691597	NA	0
2763	2	opencv	conan-gcc	2462820	6486089971	6860457	10776095	280615999	917066974	NA	0
2764	2	opencv	conan-gcc	2474694	6488564665	6860510	10776095	280724807	917443737	NA	0
2765	2	opencv	conan-gcc	2563207	6491127872	6860563	10776095	280836673	917834710	NA	0
2766	2	opencv	conan-gcc	2467145	6493595017	6860616	10776095	280945274	918210060	NA	0
2767	2	opencv	conan-gcc	2462576	6496057593	6860669	10776095	281053619	918585100	NA	0
2768	2	opencv	conan-gcc	2508855	6498566448	6860722	10776095	281163824	918967288	NA	0
2769	2	opencv	conan-gcc	2147397	6500713845	6860775	10776095	281259023	919287824	NA	0
2770	2	opencv	conan-gcc	4743728	6505457573	6860828	10776095	281431487	919847358	NA	0
2771	2	opencv	conan-gcc	3589969	6509047542	6860881	10776095	281582322	920362298	NA	0
2772	2	opencv	conan-gcc	3480423	6512527965	6860934	10776095	281726983	920856326	NA	0
2773	2	opencv	conan-gcc	3469406	6515997371	6860987	10776095	281871515	921348943	NA	0
2774	2	opencv	conan-gcc	3476370	6519473741	6861040	10776095	282016229	921842928	NA	0
2775	2	opencv	conan-gcc	3481468	6522955209	6861093	10776095	282160902	922336882	NA	0
2776	2	opencv	conan-gcc	3516612	6526471821	6861146	10776095	282306583	922835548	NA	0
2777	2	opencv	conan-gcc	3618797	6530090618	6861199	10776095	282454642	923346374	NA	0
2778	2	opencv	conan-gcc	3480168	6533570786	6861252	10776095	282599743	923842113	NA	0
2779	2	opencv	conan-gcc	3480932	6537051718	6861305	10776095	282744783	924336635	NA	0
2780	2	opencv	conan-gcc	3532772	6540584490	6861358	10776095	282892059	924841041	NA	0
2781	2	opencv	conan-gcc	3473817	6544058307	6861411	10776095	283036934	925334924	NA	0
2782	2	opencv	conan-gcc	3548113	6547606420	6861464	10776095	283182858	925838440	NA	0
2783	2	opencv	conan-gcc	3467156	6551073576	6861517	10776095	283327474	926331387	NA	0
2784	2	opencv	conan-gcc	3467619	6554541195	6861570	10776095	283472096	926824510	NA	0
2785	2	opencv	conan-gcc	3468813	6558010008	6861623	10776095	283616755	927317443	NA	0
2786	2	opencv	conan-gcc	3603797	6561613805	6861676	10776095	283767633	927833562	NA	0
2787	2	opencv	conan-gcc	3474219	6565088024	6861729	10776095	283912282	928326776	NA	0
2788	2	opencv	conan-gcc	3505918	6568593942	6861782	10776095	284057780	928832743	NA	0
2789	2	opencv	conan-gcc	3661022	6572254964	6861835	10776095	284207979	929352538	NA	0
2790	2	opencv	conan-gcc	3629069	6575884033	6861888	10776095	284358867	929869573	NA	0
2791	2	opencv	conan-gcc	3514518	6579398551	6861941	10776095	284504377	930368864	NA	0
2792	2	opencv	conan-gcc	3473847	6582872398	6861994	10776095	284649021	930862484	NA	0
2793	2	opencv	conan-gcc	3462362	6586334760	6862047	10776095	284793453	931354134	NA	0
2794	2	opencv	conan-gcc	3461219	6589795979	6862100	10776095	284937869	931845458	NA	0
2795	2	opencv	conan-gcc	3461207	6593257186	6862153	10776095	285082285	932336807	NA	0
2796	2	opencv	conan-gcc	3468544	6596725730	6862206	10776095	285226952	932829874	NA	0
2797	2	opencv	conan-gcc	3702231	6600427961	6862259	10776095	285374587	933338702	NA	0
2798	2	opencv	conan-gcc	3518476	6603946437	6862312	10776095	285520601	933839870	NA	0
2799	2	opencv	conan-gcc	3471639	6607418076	6862365	11385564	285665185	934332750	NA	1
2800	2	opencv	conan-gcc	3483620	6610901696	6862418	11385564	285809872	934826972	NA	0
2801	2	opencv	conan-gcc	3712625	6614614321	6862471	11385564	285966843	935353649	NA	0
2802	2	opencv	conan-gcc	3563667	6618177988	6862524	11385564	286115446	935861478	NA	0
2803	2	opencv	conan-gcc	3529152	6621707140	6862577	11385564	286262576	936364549	NA	0
2804	2	opencv	conan-gcc	3509452	6625216592	6862630	11385564	286407880	936862624	NA	0
2805	2	opencv	conan-gcc	3585296	6628801888	6862683	11385564	286558564	937377102	NA	0
2806	2	opencv	conan-gcc	3467237	6632269125	6862736	11385564	286703162	937869569	NA	0
2807	2	opencv	conan-gcc	3463350	6635732475	6862789	11385564	286848009	938362267	NA	0
2808	2	opencv	conan-gcc	3467338	6639199813	6862842	11385564	286992676	938854889	NA	0
2809	2	opencv	conan-gcc	3457120	6642656933	6862895	11385564	287137247	939346168	NA	0
2810	2	opencv	conan-gcc	3471927	6646128860	6862948	11385564	287282009	939839227	NA	0
2811	2	opencv	conan-gcc	3467603	6649596463	6863001	11385564	287426685	940331928	NA	0
2812	2	opencv	conan-gcc	3462936	6653059399	6863054	11385564	287571276	940824085	NA	0
2813	2	opencv	conan-gcc	3465746	6656525145	6863107	11385564	287716015	941316192	NA	0
2814	2	opencv	conan-gcc	2564161	6659089306	6863160	11385564	287828504	941700359	NA	0
2815	2	opencv	conan-gcc	2604372	6661693678	6863213	11385564	287942143	942088580	NA	0
2816	2	opencv	conan-gcc	2411702	6664105380	6863266	11385564	288048720	942452438	NA	0
2817	2	opencv	conan-gcc	3388737	6667494117	6863319	11385564	288189528	942928318	NA	0
2818	2	opencv	conan-gcc	3354026	6670848143	6863372	11385564	288330141	943401215	NA	0
2819	2	opencv	conan-gcc	2328176	6673176319	6863425	11385564	288433170	943755599	NA	0
2820	2	opencv	conan-gcc	2279718	6675456037	6863478	11385564	288533857	944100562	NA	0
2821	2	opencv	conan-gcc	2309368	6677765405	6863531	11385564	288635540	944450473	NA	0
2822	2	opencv	conan-gcc	2540085	6680305490	6863584	11385564	288747277	944839438	NA	0
2823	2	opencv	conan-gcc	3339588	6683645078	6863637	11385564	288931251	945444329	NA	0
2824	2	opencv	conan-gcc	2277068	6685922146	6863690	11385564	289031828	945788628	NA	0
2825	2	opencv	conan-gcc	2415510	6688337656	6863743	11385564	289137903	946156748	NA	0
2826	2	opencv	conan-gcc	2436654	6690774310	6863796	11385564	289246055	946527223	NA	0
2827	2	opencv	conan-gcc	2279480	6693053790	6863849	11385564	289346817	946872409	NA	0
2828	2	opencv	conan-gcc	2280194	6695333984	6863902	11385564	289447543	947217499	NA	0
2829	2	opencv	conan-gcc	2416687	6697750671	6863955	11385564	289554748	947584007	NA	0
2830	2	opencv	conan-gcc	2275975	6700026646	6864008	11385564	289655300	947928192	NA	0
2831	2	opencv	conan-gcc	2280974	6702307620	6864061	11385564	289756122	948273652	NA	0
2832	2	opencv	conan-gcc	2280784	6704588404	6864114	11385564	289856882	948619017	NA	0
2833	2	opencv	conan-gcc	2368348	6706956752	6864167	11385564	289962056	948977963	NA	0
2834	2	opencv	conan-gcc	2293686	6709250438	6864220	11385564	290063350	949326074	NA	0
2835	2	opencv	conan-gcc	2361173	6711611611	6864273	11385564	290167386	949685657	NA	0
2836	2	opencv	conan-gcc	2300652	6713912263	6864326	11385564	290269047	950034735	NA	0
2837	2	opencv	conan-gcc	2314973	6716227236	6864379	11385564	290371809	950386517	NA	0
2838	2	opencv	conan-gcc	2419763	6718646999	6864432	11385564	290479139	950753519	NA	0
2839	2	opencv	conan-gcc	2417650	6721064649	6864485	11385564	290586397	951120384	NA	0
2840	2	opencv	conan-gcc	2277508	6723342157	6864538	11385564	290686974	951464477	NA	0
2841	2	opencv	conan-gcc	2738788	6726080945	6864591	11385564	290801788	951888363	NA	0
2842	2	opencv	conan-gcc	2273771	6728354716	6864644	11385564	290902167	952232048	NA	0
2843	2	opencv	conan-gcc	2747453	6731102169	6864697	11385564	291023019	952656087	NA	0
2844	2	opencv	conan-gcc	2361989	6733464158	6864750	11385564	291128047	953019536	NA	0
2845	2	opencv	conan-gcc	2147429	6735611587	6864803	11385564	291223246	953340066	NA	0
2846	2	opencv	conan-gcc	3748651	6739360238	6864856	11385564	291384183	953871884	NA	0
2847	2	opencv	conan-gcc	3655693	6743015931	6864909	11385564	291539375	954384336	NA	0
2848	2	opencv	conan-gcc	3732470	6746748401	6864962	11385564	291698421	954912954	NA	0
2849	2	opencv	conan-gcc	3880479	6750628880	6865015	11385564	291859629	955455430	NA	0
2850	2	opencv	conan-gcc	3653632	6754282512	6865068	11385564	292014805	955967370	NA	0
2851	2	opencv	conan-gcc	3798485	6758080997	6865121	11385564	292174690	956502695	NA	0
2852	2	opencv	conan-gcc	3683560	6761764557	6865174	11385564	292331369	957022229	NA	0
2853	2	opencv	conan-gcc	3827379	6765591936	6865227	11385564	292491657	957560704	NA	0
2854	2	opencv	conan-gcc	3633736	6769225672	6865280	11385564	292646801	958071470	NA	0
2855	2	opencv	conan-gcc	3621135	6772846807	6865333	11385564	292801612	958579807	NA	0
2856	2	opencv	conan-gcc	3744295	6776591102	6865386	11385564	292957414	959097362	NA	0
2857	2	opencv	conan-gcc	3692984	6780284086	6865439	11385564	293113156	959613389	NA	0
2858	2	opencv	conan-gcc	3525927	6783810013	6865492	11385564	293261859	960118367	NA	0
2859	2	opencv	conan-gcc	3525732	6787335745	6865545	11385564	293410452	960623252	NA	0
2860	2	opencv	conan-gcc	3523904	6790859649	6865598	11385564	293557396	961126419	NA	0
2861	2	opencv	conan-gcc	3415427	6794275076	6865651	11385564	293700015	961609426	NA	0
2862	2	opencv	conan-gcc	3397555	6797672631	6865704	11385564	293842457	962090991	NA	0
2863	2	opencv	conan-gcc	3655373	6801328004	6865757	11385564	293997657	962603079	NA	0
2864	2	opencv	conan-gcc	2690347	6804018351	6865810	11385564	294116431	963011242	NA	0
2865	2	opencv	conan-gcc	2682625	6806700976	6865863	11385564	294235414	963419872	NA	0
2866	2	opencv	conan-gcc	2664061	6809365037	6865916	11385564	294353578	963824955	NA	0
2867	2	opencv	conan-gcc	2686038	6812051075	6865969	11385564	294472545	964234200	NA	0
2868	2	opencv	conan-gcc	2680109	6814731184	6866022	11385564	294591254	964642117	NA	0
2869	2	opencv	conan-gcc	2701457	6817432641	6866075	11385564	294710969	965053348	NA	0
2870	2	opencv	conan-gcc	2747987	6820180628	6866128	11385564	294832697	965472561	NA	0
2871	2	opencv	conan-gcc	2684077	6822864705	6866181	11385564	294951592	965880816	NA	0
2872	2	opencv	conan-gcc	2666679	6825531384	6866234	11385564	295069860	966286459	NA	0
2873	2	opencv	conan-gcc	2667257	6828198641	6866287	11385564	295188198	966692113	NA	0
2874	2	opencv	conan-gcc	2680401	6830879042	6866340	11385564	295306903	967099271	NA	0
2875	2	opencv	conan-gcc	2667853	6833546895	6866393	11385564	295425169	967504731	NA	0
2876	2	opencv	conan-gcc	2147429	6835694324	6866446	11385564	295520368	967825259	NA	0
2877	2	opencv	conan-gcc	3638543	6839332867	6866499	11385564	295677514	968348075	NA	0
2878	2	opencv	conan-gcc	3514973	6842847840	6866552	11385564	295824403	968848364	NA	0
2879	2	opencv	conan-gcc	3517866	6846365706	6866605	11385564	295971381	969348843	NA	0
2880	2	opencv	conan-gcc	3514854	6849880560	6866658	11385564	296118482	969849264	NA	0
2881	2	opencv	conan-gcc	3510987	6853391547	6866711	11385564	296265481	970348946	NA	0
2882	2	opencv	conan-gcc	3519337	6856910884	6866764	11385564	296412403	970849550	NA	0
2883	2	opencv	conan-gcc	3546938	6860457822	6866817	11385564	296559646	971351343	NA	0
2884	2	opencv	conan-gcc	3515213	6863973035	6866870	11385564	296706693	971851546	NA	0
2885	2	opencv	conan-gcc	3515742	6867488777	6866923	11385564	296853771	972351892	NA	0
2886	2	opencv	conan-gcc	3639508	6871128285	6866976	11385564	297011163	972875128	NA	0
2887	2	opencv	conan-gcc	3639587	6874767872	6867029	11385564	297168377	973398341	NA	0
2888	2	opencv	conan-gcc	3518700	6878286572	6867082	11385564	297315481	973899429	NA	0
2889	2	opencv	conan-gcc	3511419	6881797991	6867135	11385564	297462442	974399253	NA	0
2890	2	opencv	conan-gcc	3998443	6885796434	6867188	11385564	297632708	974970727	NA	0
2891	2	opencv	conan-gcc	3558839	6889355273	6867241	11385564	297781180	975478007	NA	0
2892	2	opencv	conan-gcc	3405764	6892761037	6867294	11385564	297924286	975960632	NA	0
2893	2	opencv	conan-gcc	3410566	6896171603	6867347	11385564	298067405	976444846	NA	0
2894	2	opencv	conan-gcc	3491186	6899662789	6867400	11385564	298214662	976943062	NA	0
2895	2	opencv	conan-gcc	3492452	6903155241	6867453	11385564	298361994	977441718	NA	0
2896	2	opencv	conan-gcc	3489784	6906645025	6867506	11385564	298508682	977939369	NA	0
2897	2	opencv	conan-gcc	3457042	6910102067	6867559	11385564	298653930	978430269	NA	0
2898	2	opencv	conan-gcc	3569978	6913672045	6867612	11385564	298803885	978940329	NA	0
2899	2	opencv	conan-gcc	3663232	6917335277	6867665	11385564	298963718	979472291	NA	0
2900	2	opencv	conan-gcc	3438146	6920773423	6867718	11385564	299107452	979960661	NA	0
2901	2	opencv	conan-gcc	3378503	6924151926	6867771	11385564	299249209	980438211	NA	0
2902	2	opencv	conan-gcc	2401495	6926553421	6867824	11385564	299355996	980802092	NA	0
2903	2	opencv	conan-gcc	2404127	6928957548	6867877	11385564	299462777	981166729	NA	0
2904	2	opencv	conan-gcc	2386666	6931344214	6867930	11385564	299568626	981527705	NA	0
2905	2	opencv	conan-gcc	2726280	6934070494	6867983	11385564	299683266	981928182	NA	0
2906	2	opencv	conan-gcc	2407825	6936478319	6868036	11385564	299789852	982292126	NA	0
2907	2	opencv	conan-gcc	2425496	6938903815	6868089	11385564	299896975	982659080	NA	0
2908	2	opencv	conan-gcc	2383200	6941287015	6868142	11385564	300002628	983019107	NA	0
2909	2	opencv	conan-gcc	2823807	6944110822	6868195	11385564	300121229	983438699	NA	0
2910	2	opencv	conan-gcc	2679305	6946790127	6868248	11385564	300234333	983832218	NA	0
2911	2	opencv	conan-gcc	2695363	6949485490	6868301	12033368	300348319	984229943	NA	1
2912	2	opencv	conan-gcc	2439012	6951924502	6868354	12033368	300457067	984599318	NA	0
2913	2	opencv	conan-gcc	2386516	6954311018	6868407	12033368	300562920	984959923	NA	0
2914	2	opencv	conan-gcc	2387570	6956698588	6868460	12033368	300668832	985320679	NA	0
2915	2	opencv	conan-gcc	2392736	6959091324	6868513	12033368	300775050	985682622	NA	0
2916	2	opencv	conan-gcc	2393337	6961484661	6868566	12033368	300881301	986044636	NA	0
2917	2	opencv	conan-gcc	2388939	6963873600	6868619	12033368	300987308	986405699	NA	0
2918	2	opencv	conan-gcc	2387747	6966261347	6868672	12033368	301093228	986766527	NA	0
2919	2	opencv	conan-gcc	2389825	6968651172	6868725	12033368	301199272	987127859	NA	0
2920	2	opencv	conan-gcc	2386881	6971038053	6868778	12033368	301305142	987488498	NA	0
2921	2	opencv	conan-gcc	2412293	6973450346	6868831	12033368	301411833	987852037	NA	0
2922	2	opencv	conan-gcc	2389547	6975839893	6868884	12033368	301517973	988213706	NA	0
2923	2	opencv	conan-gcc	2380210	6978220103	6868937	12033368	301623500	988573027	NA	0
2924	2	opencv	conan-gcc	2395014	6980615117	6868990	12033368	301729844	988935883	NA	0
2925	2	opencv	conan-gcc	2384896	6983000013	6869043	12033368	301835579	989296305	NA	0
2926	2	opencv	conan-gcc	2404050	6985404063	6869096	12033368	301942403	989660470	NA	0
2927	2	opencv	conan-gcc	2390790	6987794853	6869149	12033368	302048561	990022594	NA	0
2928	2	opencv	conan-gcc	2387381	6990182234	6869202	12033368	302154479	990383748	NA	0
2929	2	opencv	conan-gcc	2730814	6992913048	6869255	12033368	302269007	990784370	NA	0
2930	2	opencv	conan-gcc	2147365	6995060413	6869308	12033368	302364206	991104902	NA	0
2931	2	opencv	conan-gcc	2677444	6997737857	6869361	12033368	302477564	991499497	NA	0
2932	2	opencv	conan-gcc	4697359	7002435216	6869414	12033368	302646439	992050945	NA	0
2933	2	opencv	conan-gcc	4978853	7007414069	6869467	12033368	302820126	992628570	NA	0
2934	2	opencv	conan-gcc	3552354	7010966423	6869520	12033368	302969960	993137558	NA	0
2935	2	opencv	conan-gcc	3552399	7014518822	6869573	12033368	303119700	993646528	NA	0
2936	2	opencv	conan-gcc	3552469	7018071291	6869626	12033368	303269440	994155510	NA	0
2937	2	opencv	conan-gcc	3552444	7021623735	6869679	12033368	303419180	994664289	NA	0
2938	2	opencv	conan-gcc	3449854	7025073589	6869732	12033368	303563002	995152625	NA	0
2939	2	opencv	conan-gcc	3438026	7028511615	6869785	12033368	303706685	995639824	NA	0
2940	2	opencv	conan-gcc	3575145	7032086760	6869838	12033368	303856537	996150197	NA	0
2941	2	opencv	conan-gcc	3439183	7035525943	6869891	12033368	304000337	996637075	NA	0
2942	2	opencv	conan-gcc	3439244	7038965187	6869944	12033368	304144394	997125515	NA	0
2943	2	opencv	conan-gcc	3461963	7042427150	6869997	12033368	304288617	997616251	NA	0
2944	2	opencv	conan-gcc	3429957	7045857107	6870050	12033368	304432366	998103188	NA	0
2945	2	opencv	conan-gcc	3427934	7049285041	6870103	12033368	304576015	998589759	NA	0
2946	2	opencv	conan-gcc	3424999	7052710040	6870156	12033368	304719709	999075604	NA	0
2947	2	opencv	conan-gcc	3435161	7056145201	6870209	12033368	304863528	999563088	NA	0
2948	2	opencv	conan-gcc	3465673	7059610874	6870262	12033368	305008105	1000054571	NA	0
2949	2	opencv	conan-gcc	3553135	7063164009	6870315	12033368	305158052	1000563698	NA	0
2950	2	opencv	conan-gcc	3553139	7066717148	6870368	12033368	305307999	1001072776	NA	0
2951	2	opencv	conan-gcc	3553264	7070270412	6870421	12033368	305457954	1001581931	NA	0
2952	2	opencv	conan-gcc	3553135	7073823547	6870474	12033368	305607896	1002091010	NA	0
2953	2	opencv	conan-gcc	3553253	7077376800	6870527	12033368	305757676	1002600027	NA	0
2954	2	opencv	conan-gcc	3553233	7080930033	6870580	12033368	305907456	1003109157	NA	0
2955	2	opencv	conan-gcc	3433302	7084363335	6870633	12033368	306051310	1003596361	NA	0
2956	2	opencv	conan-gcc	3433480	7087796815	6870686	12033368	306195164	1004083511	NA	0
2957	2	opencv	conan-gcc	3429000	7091225815	6870739	12033368	306338954	1004570229	NA	0
2958	2	opencv	conan-gcc	3438838	7094664653	6870792	12033368	306482746	1005057625	NA	0
2959	2	opencv	conan-gcc	3425171	7098089824	6870845	12033368	306626383	1005543506	NA	0
2960	2	opencv	conan-gcc	3452943	7101542767	6870898	12033368	306770312	1006032207	NA	0
2961	2	opencv	conan-gcc	3433597	7104976364	6870951	12033368	306914154	1006519519	NA	0
2962	2	opencv	conan-gcc	3428534	7108404898	6871004	12033368	307057901	1007005942	NA	0
2963	2	opencv	conan-gcc	2362590	7110767488	6871057	12033368	307164339	1007366348	NA	0
2964	2	opencv	conan-gcc	2288696	7113056184	6871110	12033368	307266805	1007715822	NA	0
2965	2	opencv	conan-gcc	2386948	7115443132	6871163	12033368	307373632	1008082014	NA	0
2966	2	opencv	conan-gcc	2460688	7117903820	6871216	12033368	307483959	1008463609	NA	0
2967	2	opencv	conan-gcc	2472897	7120376717	6871269	12033368	307595125	1008847923	NA	0
2968	2	opencv	conan-gcc	2399081	7122775798	6871322	12033368	307702756	1009218467	NA	0
2969	2	opencv	conan-gcc	2150155	7124925953	6871375	12033368	307798886	1009543023	NA	0
2970	2	opencv	conan-gcc	2215307	7127141260	6871428	12033368	307896939	1009877317	NA	0
2971	2	opencv	conan-gcc	2142740	7129284000	6871481	12033368	307992408	1010199936	NA	0
2972	2	opencv	conan-gcc	2253185	7131537185	6871534	12033368	308092354	1010537942	NA	0
2973	2	opencv	conan-gcc	2416399	7133953584	6871587	12033368	308201234	1010908096	NA	0
2974	2	opencv	conan-gcc	2353965	7136307549	6871640	12033368	308306706	1011267496	NA	0
2975	2	opencv	conan-gcc	2372045	7138679594	6871693	12033368	308413591	1011630159	NA	0
2976	2	opencv	conan-gcc	2400576	7141080170	6871746	12033368	308521213	1011999202	NA	0
2977	2	opencv	conan-gcc	2350508	7143430678	6871799	12033368	308626558	1012357885	NA	0
2978	2	opencv	conan-gcc	2371695	7145802373	6871852	12033368	308733341	1012720441	NA	0
2979	2	opencv	conan-gcc	2516618	7148318991	6871905	12033368	308847612	1013108506	NA	0
2980	2	opencv	conan-gcc	2351530	7150670521	6871958	12033368	308953051	1013467753	NA	0
2981	2	opencv	conan-gcc	2411464	7153081985	6872011	12033368	309061599	1013837614	NA	0
2982	2	opencv	conan-gcc	2410263	7155492248	6872064	12033368	309170081	1014206977	NA	0
2983	2	opencv	conan-gcc	2409093	7157901341	6872117	12033368	309278509	1014576102	NA	0
2984	2	opencv	conan-gcc	2410041	7160311382	6872170	12033368	309386985	1014945420	NA	0
2985	2	opencv	conan-gcc	2417304	7162728686	6872223	12033368	309495842	1015315776	NA	0
2986	2	opencv	conan-gcc	2742707	7165471393	6872276	12033368	309617571	1015727235	NA	0
2987	2	opencv	conan-gcc	2409927	7167881320	6872329	12033368	309726021	1016096590	NA	0
2988	2	opencv	conan-gcc	2371886	7170253206	6872382	12033368	309832809	1016459308	NA	0
2989	2	opencv	conan-gcc	2422944	7172676150	6872435	12033368	309941949	1016831656	NA	0
2990	2	opencv	conan-gcc	2391685	7175067835	6872488	12033368	310049700	1017198712	NA	0
2991	2	opencv	conan-gcc	2392099	7177459934	6872541	12033368	310157623	1017566745	NA	0
2992	2	opencv	conan-gcc	2238816	7179698750	6872594	12033368	310257916	1017909146	NA	0
2993	2	opencv	conan-gcc	2512798	7182211548	6872647	12033368	310372157	1018295735	NA	0
2994	2	opencv	conan-gcc	2451419	7184662967	6872700	12033368	310484039	1018675809	NA	0
2995	2	opencv	conan-gcc	2241251	7186904218	6872753	12033368	310584536	1019018654	NA	0
2996	2	opencv	conan-gcc	2516002	7189420220	6872806	12033368	310699079	1019406350	NA	0
2997	2	opencv	conan-gcc	2240913	7191661133	6872859	12033368	310799610	1019749274	NA	0
2998	2	opencv	conan-gcc	2287872	7193949005	6872912	12033368	310902404	1020101783	NA	0
2999	2	opencv	conan-gcc	2243989	7196192994	6872965	12033368	311002706	1020445830	NA	0
3000	3	opencv	conan-gcc	374417	7196567411	6872980	12033368	311020201	1020504432	NA	0
3001	3	opencv	conan-gcc	148871	7196716282	6872995	12033368	311026336	1020528668	NA	0
3002	3	opencv	conan-gcc	1127169	7197843451	6873010	12033368	311081556	1020710201	NA	0
3003	3	opencv	conan-gcc	1126463	7198969914	6873025	12033368	311136785	1020891389	NA	0
3004	3	opencv	conan-gcc	1586081	7200555995	6873040	12033368	311214581	1021139804	NA	0
3005	3	opencv	conan-gcc	1510424	7202066419	6873055	12033368	311288458	1021376702	NA	0
3006	3	opencv	conan-gcc	1472581	7203539000	6873070	12033368	311360925	1021608169	NA	0
3007	3	opencv	conan-gcc	1469294	7205008294	6873085	12033368	311433555	1021839198	NA	0
3008	3	opencv	conan-gcc	1462858	7206471152	6873100	12033368	311505995	1022069750	NA	0
3009	3	opencv	conan-gcc	1493122	7207964274	6873115	12033368	311579494	1022304040	NA	0
3010	3	opencv	conan-gcc	1365628	7209329902	6873130	12033368	311645000	1022515972	NA	0
3011	3	opencv	conan-gcc	1410801	7210740703	6873145	12033368	311713722	1022736755	NA	0
3012	3	opencv	conan-gcc	1487435	7212228138	6873160	12033368	311786600	1022970374	NA	0
3013	3	opencv	conan-gcc	1757849	7213985987	6873175	12033368	311871180	1023241417	NA	0
3014	3	opencv	conan-gcc	1509153	7215495140	6873190	12033368	311944573	1023476712	NA	0
3015	3	opencv	conan-gcc	1533543	7217028683	6873205	12033368	312019347	1023715535	NA	0
3016	3	opencv	conan-gcc	1574610	7218603293	6873220	12033368	312095763	1023961095	NA	0
3017	3	opencv	conan-gcc	88613	7218691906	6873235	12033368	312099302	1023976185	NA	0
3018	3	opencv	conan-gcc	55364	7218747270	6873250	12033368	312101879	1023986846	NA	0
3019	3	opencv	conan-gcc	172071	7218919341	6873265	12033368	312107986	1024033197	NA	0
3020	3	opencv	conan-gcc	138646	7219057987	6873280	12033368	312113698	1024057766	NA	0
3021	3	opencv	conan-gcc	106982	7219164969	6873295	12033368	312117972	1024075955	NA	0
3022	3	opencv	conan-gcc	125965	7219290934	6873310	12033368	312123209	1024096852	NA	0
3023	3	opencv	conan-gcc	124726	7219415660	6873325	12437133	312128415	1024118352	NA	1
3024	3	opencv	conan-gcc	124921	7219540581	6873340	12437133	312133548	1024139626	NA	0
3025	3	opencv	conan-gcc	127523	7219668104	6873355	12437133	312138667	1024161588	NA	0
3026	3	opencv	conan-gcc	105640	7219773744	6873370	12437133	312142866	1024179615	NA	0
3027	3	opencv	conan-gcc	98918	7219872662	6873385	12437133	312146968	1024197897	NA	0
3028	3	opencv	conan-gcc	94468	7219967130	6873400	12437133	312150860	1024214303	NA	0
3029	3	opencv	conan-gcc	121324	7220088454	6873415	12437133	312155572	1024235439	NA	0
3030	3	opencv	conan-gcc	55387	7220143841	6873430	12437133	312158155	1024246077	NA	0
3031	3	opencv	conan-gcc	109456	7220253297	6873445	12437133	312162579	1024264731	NA	0
3032	3	opencv	conan-gcc	113291	7220366588	6873460	12437133	312166943	1024283480	NA	0
3033	3	opencv	conan-gcc	147752	7220514340	6873475	12437133	312171886	1024304056	NA	0
3034	3	opencv	conan-gcc	120570	7220634910	6873490	12437133	312176549	1024324220	NA	0
3035	3	opencv	conan-gcc	118067	7220752977	6873505	12437133	312181024	1024343511	NA	0
3036	3	opencv	conan-gcc	112381	7220865358	6873520	12437133	312185418	1024362425	NA	0
3037	3	opencv	conan-gcc	117690	7220983048	6873535	12437133	312189996	1024382254	NA	0
3038	3	opencv	conan-gcc	121570	7221104618	6873550	12437133	312194669	1024402682	NA	0
3039	3	opencv	conan-gcc	131733	7221236351	6873565	12437133	312199726	1024424545	NA	0
3040	3	opencv	conan-gcc	173879	7221410230	6873580	12437133	312205249	1024447213	NA	0
3041	3	opencv	conan-gcc	119292	7221529522	6873595	12437133	312209883	1024467282	NA	0
3042	3	opencv	conan-gcc	116556	7221646078	6873610	12437133	312214339	1024486476	NA	0
3043	3	opencv	conan-gcc	120562	7221766640	6873625	12437133	312218986	1024506512	NA	0
3044	3	opencv	conan-gcc	117960	7221884600	6873640	12437133	312223541	1024525970	NA	0
3045	3	opencv	conan-gcc	122042	7222006642	6873655	12437133	312228261	1024546405	NA	0
3046	3	opencv	conan-gcc	109319	7222115961	6873670	12437133	312232497	1024564647	NA	0
3047	3	opencv	conan-gcc	120197	7222236158	6873685	12437133	312237162	1024584924	NA	0
3048	3	opencv	conan-gcc	128736	7222364894	6873700	12437133	312242009	1024605940	NA	0
3049	3	opencv	conan-gcc	136854	7222501748	6873715	12437133	312247288	1024628947	NA	0
3050	3	opencv	conan-gcc	123083	7222624831	6873730	12437133	312251941	1024649128	NA	0
3051	3	opencv	conan-gcc	172437	7222797268	6873745	12437133	312257241	1024670781	NA	0
3052	3	opencv	conan-gcc	116198	7222913466	6873760	12437133	312261655	1024689724	NA	0
3053	3	opencv	conan-gcc	117905	7223031371	6873775	12437133	312266101	1024708893	NA	0
3054	3	opencv	conan-gcc	118009	7223149380	6873790	12437133	312270591	1024728255	NA	0
3055	3	opencv	conan-gcc	118741	7223268121	6873805	12437133	312275115	1024747691	NA	0
3056	3	opencv	conan-gcc	206699	7223474820	6873820	12437133	312281368	1024773580	NA	0
3057	3	opencv	conan-gcc	121820	7223596640	6873835	12437133	312285939	1024793221	NA	0
3058	3	opencv	conan-gcc	127063	7223723703	6873850	12437133	312290957	1024815612	NA	0
3059	3	opencv	conan-gcc	136237	7223859940	6873865	12437133	312296417	1024838973	NA	0
3060	3	opencv	conan-gcc	111055	7223970995	6873880	12437133	312300716	1024857512	NA	0
3061	3	opencv	conan-gcc	135551	7224106546	6873895	12437133	312305520	1024877577	NA	0
3062	3	opencv	conan-gcc	120570	7224227116	6873910	12437133	312310183	1024897735	NA	0
3063	3	opencv	conan-gcc	118067	7224345183	6873925	12437133	312314658	1024917031	NA	0
3064	3	opencv	conan-gcc	112381	7224457564	6873940	12437133	312319052	1024935948	NA	0
3065	3	opencv	conan-gcc	117690	7224575254	6873955	12437133	312323630	1024955780	NA	0
3066	3	opencv	conan-gcc	121570	7224696824	6873970	12437133	312328303	1024976193	NA	0
3067	3	opencv	conan-gcc	114830	7224811654	6873985	12437133	312332754	1024995372	NA	0
3068	3	opencv	conan-gcc	154213	7224965867	6874000	12437133	312338006	1025017014	NA	0
3069	3	opencv	conan-gcc	119292	7225085159	6874015	12437133	312342640	1025037083	NA	0
3070	3	opencv	conan-gcc	116556	7225201715	6874030	12437133	312347096	1025056273	NA	0
3071	3	opencv	conan-gcc	120562	7225322277	6874045	12437133	312351743	1025076311	NA	0
3072	3	opencv	conan-gcc	111231	7225433508	6874060	12437133	312356074	1025094923	NA	0
3073	3	opencv	conan-gcc	122042	7225555550	6874075	12437133	312360794	1025115361	NA	0
3074	3	opencv	conan-gcc	109319	7225664869	6874090	12437133	312365030	1025133600	NA	0
3075	3	opencv	conan-gcc	113923	7225778792	6874105	12437133	312369422	1025152488	NA	0
3076	3	opencv	conan-gcc	153091	7225931883	6874120	12437133	312374560	1025173804	NA	0
3077	3	opencv	conan-gcc	120504	7226052387	6874135	12437133	312379221	1025193952	NA	0
3078	3	opencv	conan-gcc	118000	7226170387	6874150	12437133	312383695	1025213246	NA	0
3079	3	opencv	conan-gcc	112348	7226282735	6874165	12437133	312388090	1025232152	NA	0
3080	3	opencv	conan-gcc	117628	7226400363	6874180	12437133	312392666	1025251964	NA	0
3081	3	opencv	conan-gcc	127688	7226528051	6874195	12437133	312397501	1025273156	NA	0
3082	3	opencv	conan-gcc	138807	7226666858	6874210	12437133	312402835	1025295945	NA	0
3083	3	opencv	conan-gcc	179624	7226846482	6874225	12437133	312408548	1025319368	NA	0
3084	3	opencv	conan-gcc	119241	7226965723	6874240	12437133	312413180	1025339442	NA	0
3085	3	opencv	conan-gcc	116525	7227082248	6874255	12437133	312417633	1025358631	NA	0
3086	3	opencv	conan-gcc	120483	7227202731	6874270	12437133	312422280	1025378648	NA	0
3087	3	opencv	conan-gcc	117878	7227320609	6874285	12437133	312426835	1025398074	NA	0
3088	3	opencv	conan-gcc	128339	7227448948	6874300	12437133	312431734	1025419241	NA	0
3089	3	opencv	conan-gcc	110104	7227559052	6874315	12437133	312436034	1025437816	NA	0
3090	3	opencv	conan-gcc	120167	7227679219	6874330	12437133	312440699	1025458089	NA	0
3091	3	opencv	conan-gcc	130757	7227809976	6874345	12437133	312445692	1025479641	NA	0
3092	3	opencv	conan-gcc	136803	7227946779	6874360	12437133	312450971	1025502630	NA	0
3093	3	opencv	conan-gcc	123404	7228070183	6874375	12437133	312455639	1025522846	NA	0
3094	3	opencv	conan-gcc	178275	7228248458	6874390	12437133	312461110	1025545199	NA	0
3095	3	opencv	conan-gcc	116149	7228364607	6874405	12437133	312465525	1025564139	NA	0
3096	3	opencv	conan-gcc	117856	7228482463	6874420	12437133	312469973	1025583303	NA	0
3097	3	opencv	conan-gcc	117943	7228600406	6874435	12437133	312474463	1025602661	NA	0
3098	3	opencv	conan-gcc	118717	7228719123	6874450	12437133	312478989	1025622083	NA	0
3099	3	opencv	conan-gcc	206377	7228925500	6874465	12437133	312485222	1025647895	NA	0
3100	3	opencv	conan-gcc	121729	7229047229	6874480	12437133	312489794	1025667536	NA	0
3101	3	opencv	conan-gcc	126946	7229174175	6874495	12437133	312494813	1025689903	NA	0
3102	3	opencv	conan-gcc	136072	7229310247	6874510	12437133	312500274	1025713230	NA	0
3103	3	opencv	conan-gcc	120193	7229430440	6874525	12437133	312504886	1025732827	NA	0
3104	3	opencv	conan-gcc	371137	7229801577	6874540	12437133	312510540	1025757143	NA	0
3105	3	opencv	conan-gcc	110787	7229912364	6874555	12437133	312514850	1025775644	NA	0
3106	3	opencv	conan-gcc	111656	7230024020	6874570	12437133	312519207	1025794230	NA	0
3107	3	opencv	conan-gcc	123347	7230147367	6874585	12437133	312524014	1025815121	NA	0
3108	3	opencv	conan-gcc	121342	7230268709	6874600	12437133	312528921	1025835872	NA	0
3109	3	opencv	conan-gcc	133928	7230402637	6874615	12437133	312534149	1025858672	NA	0
3110	3	opencv	conan-gcc	110793	7230513430	6874630	12437133	312538477	1025877100	NA	0
3111	3	opencv	conan-gcc	128560	7230641990	6874645	12437133	312543447	1025898933	NA	0
3112	3	opencv	conan-gcc	137393	7230779383	6874660	12437133	312548699	1025921832	NA	0
3113	3	opencv	conan-gcc	119124	7230898507	6874675	12437133	312553335	1025942116	NA	0
3114	3	opencv	conan-gcc	118666	7231017173	6874690	12437133	312557991	1025961950	NA	0
3115	3	opencv	conan-gcc	95716	7231112889	6874705	12437133	312561830	1025978576	NA	0
3116	3	opencv	conan-gcc	94030	7231206919	6874720	12437133	312565623	1025995078	NA	0
3117	3	opencv	conan-gcc	142618	7231349537	6874735	12437133	312570792	1026018270	NA	0
3118	3	opencv	conan-gcc	113827	7231463364	6874750	12437133	312575227	1026037218	NA	0
3119	3	opencv	conan-gcc	119302	7231582666	6874765	12437133	312579857	1026057228	NA	0
3120	3	opencv	conan-gcc	118496	7231701162	6874780	12437133	312584430	1026077498	NA	0
3121	3	opencv	conan-gcc	156101	7231857263	6874795	12437133	312590108	1026101695	NA	0
3122	3	opencv	conan-gcc	133494	7231990757	6874810	12437133	312595323	1026123317	NA	0
3123	3	opencv	conan-gcc	130118	7232120875	6874825	12437133	312600272	1026144983	NA	0
3124	3	opencv	conan-gcc	112104	7232232979	6874840	12437133	312604661	1026163748	NA	0
3125	3	opencv	conan-gcc	98783	7232331762	6874855	12437133	312608692	1026182164	NA	0
3126	3	opencv	conan-gcc	115966	7232447728	6874870	12437133	312613106	1026201118	NA	0
3127	3	opencv	conan-gcc	150324	7232598052	6874885	12437133	312618865	1026224836	NA	0
3128	3	opencv	conan-gcc	111845	7232709897	6874900	12437133	312623210	1026243451	NA	0
3129	3	opencv	conan-gcc	752	7232710649	6874915	12437133	312623245	1026243694	NA	0
3130	3	opencv	conan-gcc	116603	7232827252	6874930	12437133	312627664	1026262982	NA	0
3131	3	opencv	conan-gcc	126493	7232953745	6874945	12437133	312632675	1026284008	NA	0
3132	3	opencv	conan-gcc	126236	7233079981	6874960	12437133	312637617	1026305183	NA	0
3133	3	opencv	conan-gcc	3799	7233083780	6874975	12437133	312637783	1026305792	NA	0
3134	3	opencv	conan-gcc	12088	7233095868	6874990	12437133	312638155	1026307142	NA	0
3135	3	opencv	conan-gcc	53953	7233149821	6875005	12551642	312639253	1026309794	NA	1
3136	3	opencv	conan-gcc	37889	7233187710	6875020	12551642	312640129	1026312054	NA	0
3137	3	opencv	conan-gcc	15904	7233203614	6875035	12551642	312640779	1026314683	NA	0
3138	3	opencv	conan-gcc	21713	7233225327	6875050	12551642	312641481	1026316806	NA	0
3139	3	opencv	conan-gcc	9225	7233234552	6875065	12551642	312641887	1026318086	NA	0
3140	3	opencv	conan-gcc	44988	7233279540	6875080	12551642	312642832	1026320573	NA	0
3141	3	opencv	conan-gcc	59546	7233339086	6875095	12551642	312643905	1026323459	NA	0
3142	3	opencv	conan-gcc	16381	7233355467	6875110	12551642	312644593	1026325682	NA	0
3143	3	opencv	conan-gcc	10329	7233365796	6875125	12551642	312645078	1026327166	NA	0
3144	3	opencv	conan-gcc	14379	7233380175	6875140	12551642	312645772	1026329432	NA	0
3145	3	opencv	conan-gcc	14140	7233394315	6875155	12551642	312646360	1026331568	NA	0
3146	3	opencv	conan-gcc	12249	7233406564	6875170	12551642	312646973	1026333610	NA	0
3147	3	opencv	conan-gcc	19382	7233425946	6875185	12551642	312648015	1026336651	NA	0
3148	3	opencv	conan-gcc	14259	7233440205	6875200	12551642	312648672	1026339066	NA	0
3149	3	opencv	conan-gcc	6631	7233446836	6875215	12551642	312648931	1026340091	NA	0
3150	3	opencv	conan-gcc	7617	7233454453	6875230	12551642	312649192	1026341167	NA	0
3151	3	opencv	conan-gcc	62768	7233517221	6875245	12551642	312650397	1026344457	NA	0
3152	3	opencv	conan-gcc	43411	7233560632	6875260	12551642	312651423	1026347168	NA	0
3153	3	opencv	conan-gcc	10180	7233570812	6875275	12551642	312651827	1026348586	NA	0
3154	3	opencv	conan-gcc	50073	7233620885	6875290	12551642	312652821	1026351350	NA	0
3155	3	opencv	conan-gcc	64823	7233685708	6875305	12551642	312653947	1026354520	NA	0
3156	3	opencv	conan-gcc	18265	7233703973	6875320	12551642	312654667	1026357069	NA	0
3157	3	opencv	conan-gcc	11432	7233715405	6875335	12551642	312655079	1026358720	NA	0
3158	3	opencv	conan-gcc	14487	7233729892	6875350	12551642	312655641	1026360894	NA	0
3159	3	opencv	conan-gcc	7352	7233737244	6875365	12551642	312655885	1026361840	NA	0
3160	3	opencv	conan-gcc	203162	7233940406	6875380	12551642	312662088	1026385922	NA	0
3161	3	opencv	conan-gcc	168390	7234108796	6875395	12551642	312668001	1026410153	NA	0
3162	3	opencv	conan-gcc	98353	7234207149	6875410	12551642	312671924	1026427962	NA	0
3163	3	opencv	conan-gcc	97332	7234304481	6875425	12551642	312675834	1026445721	NA	0
3164	3	opencv	conan-gcc	144288	7234448769	6875440	12551642	312680622	1026468063	NA	0
3165	3	opencv	conan-gcc	104581	7234553350	6875455	12551642	312684812	1026486825	NA	0
3166	3	opencv	conan-gcc	271319	7234824669	6875470	12551642	312695457	1026520873	NA	0
3167	3	opencv	conan-gcc	262182	7235086851	6875485	12551642	312703595	1026552836	NA	0
3168	3	opencv	conan-gcc	412856	7235499707	6875500	12551642	312717470	1026601441	NA	0
3169	3	opencv	conan-gcc	288062	7235787769	6875515	12551642	312727472	1026638899	NA	0
3170	3	opencv	conan-gcc	97122	7235884891	6875530	12551642	312731376	1026656564	NA	0
3171	3	opencv	conan-gcc	105069	7235989960	6875545	12551642	312735560	1026674516	NA	0
3172	3	opencv	conan-gcc	97047	7236087007	6875560	12551642	312739456	1026692076	NA	0
3173	3	opencv	conan-gcc	222220	7236309227	6875575	12551642	312746199	1026721377	NA	0
3174	3	opencv	conan-gcc	115759	7236424986	6875590	12551642	312747626	1026728906	NA	0
3175	3	opencv	conan-gcc	98155	7236523141	6875605	12551642	312751536	1026746743	NA	0
3176	3	opencv	conan-gcc	230849	7236753990	6875620	12551642	312759434	1026778083	NA	0
3177	3	opencv	conan-gcc	73859	7236827849	6875635	12551642	312762390	1026790115	NA	0
3178	3	opencv	conan-gcc	94374	7236922223	6875650	12551642	312766143	1026807197	NA	0
3179	3	opencv	conan-gcc	94324	7237016547	6875665	12551642	312769852	1026824288	NA	0
3180	3	opencv	conan-gcc	229448	7237245995	6875680	12551642	312779647	1026863683	NA	0
3181	3	opencv	conan-gcc	217507	7237463502	6875695	12551642	312787546	1026897318	NA	0
3182	3	opencv	conan-gcc	94374	7237557876	6875710	12551642	312791299	1026914412	NA	0
3183	3	opencv	conan-gcc	152986	7237710862	6875725	12551642	312797528	1026940652	NA	0
3184	3	opencv	conan-gcc	98758	7237809620	6875740	12551642	312801482	1026958813	NA	0
3185	3	opencv	conan-gcc	94380	7237904000	6875755	12551642	312805235	1026975908	NA	0
3186	3	opencv	conan-gcc	130350	7238034350	6875770	12551642	312810477	1026998098	NA	0
3187	3	opencv	conan-gcc	102788	7238137138	6875785	12551642	312814602	1027016806	NA	0
3188	3	opencv	conan-gcc	94390	7238231528	6875800	12551642	312818355	1027033904	NA	0
3189	3	opencv	conan-gcc	259081	7238490609	6875815	12551642	312827874	1027068382	NA	0
3190	3	opencv	conan-gcc	139244	7238629853	6875830	12551642	312833340	1027091632	NA	0
3191	3	opencv	conan-gcc	159382	7238789235	6875845	12551642	312839534	1027117062	NA	0
3192	3	opencv	conan-gcc	105086	7238894321	6875860	12551642	312843701	1027136143	NA	0
3193	3	opencv	conan-gcc	103491	7238997812	6875875	12551642	312847802	1027155155	NA	0
3194	3	opencv	conan-gcc	100054	7239097866	6875890	12551642	312851760	1027173385	NA	0
3195	3	opencv	conan-gcc	103127	7239200993	6875905	12551642	312855822	1027192129	NA	0
3196	3	opencv	conan-gcc	94592	7239295585	6875920	12551642	312859581	1027209329	NA	0
3197	3	opencv	conan-gcc	101862	7239397447	6875935	12551642	312863637	1027227040	NA	0
3198	3	opencv	conan-gcc	94374	7239491821	6875950	12551642	312867390	1027244137	NA	0
3199	3	opencv	conan-gcc	122852	7239614673	6875965	12551642	312872268	1027266028	NA	0
3200	3	opencv	conan-gcc	150255	7239764928	6875980	12551642	312878706	1027292988	NA	0
3201	3	opencv	conan-gcc	94374	7239859302	6875995	12551642	312882459	1027310085	NA	0
3202	3	opencv	conan-gcc	833767	7240693069	6876010	12551642	312923211	1027445452	NA	0
3203	3	opencv	conan-gcc	153489	7240846558	6876025	12551642	312929470	1027472146	NA	0
3204	3	opencv	conan-gcc	107817	7240954375	6876040	12551642	312933427	1027489922	NA	0
3205	3	opencv	conan-gcc	49659	7241004034	6876055	12551642	312935365	1027498837	NA	0
3206	3	opencv	conan-gcc	54847	7241058881	6876070	12551642	312936608	1027505076	NA	0
3207	3	opencv	conan-gcc	74530	7241133411	6876085	12551642	312939387	1027517609	NA	0
3208	3	opencv	conan-gcc	67793	7241201204	6876100	12551642	312941138	1027526017	NA	0
3209	3	opencv	conan-gcc	47862	7241249066	6876115	12551642	312942960	1027534297	NA	0
3210	3	opencv	conan-gcc	185507	7241434573	6876130	12551642	312949185	1027556940	NA	0
3211	3	opencv	conan-gcc	142270	7241576843	6876145	12551642	312954880	1027581843	NA	0
3212	3	opencv	conan-gcc	144231	7241721074	6876160	12551642	312960634	1027606969	NA	0
3213	3	opencv	conan-gcc	155098	7241876172	6876175	12551642	312967041	1027635125	NA	0
3214	3	opencv	conan-gcc	177326	7242053498	6876190	12551642	312974314	1027664669	NA	0
3215	3	opencv	conan-gcc	161221	7242214719	6876205	12551642	312980774	1027692851	NA	0
3216	3	opencv	conan-gcc	105753	7242320472	6876220	12551642	312985060	1027712715	NA	0
3217	3	opencv	conan-gcc	131379	7242451851	6876235	12551642	312990299	1027737665	NA	0
3218	3	opencv	conan-gcc	156600	7242608451	6876250	12551642	312996836	1027766319	NA	0
3219	3	opencv	conan-gcc	206959	7242815410	6876265	12551642	313005396	1027802172	NA	0
3220	3	opencv	conan-gcc	172267	7242987677	6876280	12551642	313012400	1027831118	NA	0
3221	3	opencv	conan-gcc	69784	7243057461	6876295	12551642	313014999	1027843063	NA	0
3222	3	opencv	conan-gcc	117512	7243174973	6876310	12551642	313019650	1027862706	NA	0
3223	3	opencv	conan-gcc	70790	7243245763	6876325	12551642	313022339	1027874999	NA	0
3224	3	opencv	conan-gcc	58165	7243303928	6876340	12551642	313024529	1027885134	NA	0
3225	3	opencv	conan-gcc	58120	7243362048	6876355	12551642	313026719	1027895266	NA	0
3226	3	opencv	conan-gcc	213702	7243575750	6876370	12551642	313033852	1027921538	NA	0
3227	3	opencv	conan-gcc	58084	7243633834	6876385	12551642	313036040	1027931663	NA	0
3228	3	opencv	conan-gcc	139815	7243773649	6876400	12551642	313041415	1027958841	NA	0
3229	3	opencv	conan-gcc	58062	7243831711	6876415	12551642	313043605	1027968972	NA	0
3230	3	opencv	conan-gcc	58093	7243889804	6876430	12551642	313045795	1027979112	NA	0
3231	3	opencv	conan-gcc	58048	7243947852	6876445	12551642	313047985	1027989243	NA	0
3232	3	opencv	conan-gcc	231978	7244179830	6876460	12551642	313056498	1028021449	NA	0
3233	3	opencv	conan-gcc	46588	7244226418	6876475	12551642	313058326	1028029705	NA	0
3234	3	opencv	conan-gcc	139086	7244365504	6876490	12551642	313063835	1028053663	NA	0
3235	3	opencv	conan-gcc	80387	7244445891	6876505	12551642	313066203	1028065731	NA	0
3236	3	opencv	conan-gcc	58043	7244503934	6876520	12551642	313068393	1028075861	NA	0
3237	3	opencv	conan-gcc	58074	7244562008	6876535	12551642	313070583	1028085990	NA	0
3238	3	opencv	conan-gcc	58023	7244620031	6876550	12551642	313072773	1028096114	NA	0
3239	3	opencv	conan-gcc	58030	7244678061	6876565	12551642	313074963	1028106246	NA	0
3240	3	opencv	conan-gcc	285955	7244964016	6876580	12551642	313085237	1028146311	NA	0
3241	3	opencv	conan-gcc	58035	7245022051	6876595	12551642	313087427	1028156440	NA	0
3242	3	opencv	conan-gcc	150307	7245172358	6876610	12551642	313093478	1028182861	NA	0
3243	3	opencv	conan-gcc	58049	7245230407	6876625	12551642	313095668	1028192983	NA	0
3244	3	opencv	conan-gcc	58081	7245288488	6876640	12551642	313097858	1028203113	NA	0
3245	3	opencv	conan-gcc	58028	7245346516	6876655	12551642	313100048	1028213237	NA	0
3246	3	opencv	conan-gcc	58036	7245404552	6876670	12551642	313102238	1028223370	NA	0
3247	3	opencv	conan-gcc	301785	7245706337	6876685	12810788	313113445	1028265429	NA	1
3248	3	opencv	conan-gcc	58042	7245764379	6876700	12810788	313115635	1028275555	NA	0
3249	3	opencv	conan-gcc	105084	7245869463	6876715	12810788	313119355	1028292012	NA	0
3250	3	opencv	conan-gcc	58102	7245927565	6876730	12810788	313121545	1028302142	NA	0
3251	3	opencv	conan-gcc	58050	7245985615	6876745	12810788	313123735	1028312267	NA	0
3252	3	opencv	conan-gcc	58057	7246043672	6876760	12810788	313125925	1028322391	NA	0
3253	3	opencv	conan-gcc	213889	7246257561	6876775	12810788	313133194	1028349020	NA	0
3254	3	opencv	conan-gcc	167639	7246425200	6876790	12810788	313139316	1028376722	NA	0
3255	3	opencv	conan-gcc	58056	7246483256	6876805	12810788	313141506	1028386853	NA	0
3256	3	opencv	conan-gcc	227232	7246710488	6876820	12810788	313148979	1028421551	NA	0
3257	3	opencv	conan-gcc	58082	7246768570	6876835	12810788	313151169	1028431684	NA	0
3258	3	opencv	conan-gcc	97622	7246866192	6876850	12810788	313154676	1028448112	NA	0
3259	3	opencv	conan-gcc	58127	7246924319	6876865	12810788	313156866	1028458249	NA	0
3260	3	opencv	conan-gcc	58075	7246982394	6876880	12810788	313159056	1028468383	NA	0
3261	3	opencv	conan-gcc	58082	7247040476	6876895	12810788	313161246	1028478518	NA	0
3262	3	opencv	conan-gcc	266469	7247306945	6876910	12810788	313170346	1028513237	NA	0
3263	3	opencv	conan-gcc	58089	7247365034	6876925	12810788	313172536	1028523371	NA	0
3264	3	opencv	conan-gcc	58101	7247423135	6876940	12810788	313174726	1028533505	NA	0
3265	3	opencv	conan-gcc	58049	7247481184	6876955	12810788	313176916	1028543633	NA	0
3266	3	opencv	conan-gcc	58056	7247539240	6876970	12810788	313179106	1028553762	NA	0
3267	3	opencv	conan-gcc	274662	7247813902	6876985	12810788	313188310	1028589072	NA	0
3268	3	opencv	conan-gcc	58063	7247871965	6877000	12810788	313190500	1028599203	NA	0
3269	3	opencv	conan-gcc	71087	7247943052	6877015	12810788	313193210	1028611398	NA	0
3270	3	opencv	conan-gcc	58086	7248001138	6877030	12810788	313195400	1028621526	NA	0
3271	3	opencv	conan-gcc	58117	7248059255	6877045	12810788	313197590	1028631658	NA	0
3272	3	opencv	conan-gcc	58065	7248117320	6877060	12810788	313199780	1028641783	NA	0
3273	3	opencv	conan-gcc	58072	7248175392	6877075	12810788	313201970	1028651911	NA	0
3274	3	opencv	conan-gcc	220593	7248395985	6877090	12810788	313209645	1028680327	NA	0
3275	3	opencv	conan-gcc	86760	7248482745	6877105	12810788	313212911	1028695240	NA	0
3276	3	opencv	conan-gcc	202237	7248684982	6877120	12810788	313219695	1028720350	NA	0
3277	3	opencv	conan-gcc	103750	7248788732	6877135	12810788	313222956	1028735731	NA	0
3278	3	opencv	conan-gcc	58230	7248846962	6877150	12810788	313225149	1028745883	NA	0
3279	3	opencv	conan-gcc	69516	7248916478	6877165	12810788	313227623	1028757361	NA	0
3280	3	opencv	conan-gcc	58080	7248974558	6877180	12810788	313229813	1028767491	NA	0
3281	3	opencv	conan-gcc	280273	7249254831	6877195	12810788	313237721	1028797948	NA	0
3282	3	opencv	conan-gcc	58184	7249313015	6877210	12810788	313239914	1028808094	NA	0
3283	3	opencv	conan-gcc	110196	7249423211	6877225	12810788	313244002	1028826544	NA	0
3284	3	opencv	conan-gcc	58055	7249481266	6877240	12810788	313246192	1028836671	NA	0
3285	3	opencv	conan-gcc	58086	7249539352	6877255	12810788	313248382	1028846802	NA	0
3286	3	opencv	conan-gcc	75326	7249614678	6877270	12810788	313251256	1028860125	NA	0
3287	3	opencv	conan-gcc	252681	7249867359	6877285	12810788	313259995	1028893454	NA	0
3288	3	opencv	conan-gcc	75410	7249942769	6877300	12810788	313262871	1028906788	NA	0
3289	3	opencv	conan-gcc	149352	7250092121	6877315	12810788	313268915	1028933389	NA	0
3290	3	opencv	conan-gcc	132986	7250225107	6877330	12810788	313274289	1028957796	NA	0
3291	3	opencv	conan-gcc	153253	7250378360	6877345	12810788	313280238	1028983942	NA	0
3292	3	opencv	conan-gcc	198519	7250576879	6877360	12810788	313288391	1029019487	NA	0
3293	3	opencv	conan-gcc	25131	7250602010	6877375	12810788	313289416	1029024342	NA	0
3294	3	opencv	conan-gcc	134844	7250736854	6877390	12810788	313294674	1029050373	NA	0
3295	3	opencv	conan-gcc	104223	7250841077	6877405	12810788	313298828	1029069816	NA	0
3296	3	opencv	conan-gcc	188931	7251030008	6877420	12810788	313305696	1029100534	NA	0
3297	3	opencv	conan-gcc	196205	7251226213	6877435	12810788	313313738	1029135497	NA	0
3298	3	opencv	conan-gcc	108420	7251334633	6877450	12810788	313318172	1029155966	NA	0
3299	3	opencv	conan-gcc	117563	7251452196	6877465	12810788	313322642	1029176131	NA	0
3300	3	opencv	conan-gcc	231018	7251683214	6877480	12810788	313330943	1029214058	NA	0
3301	3	opencv	conan-gcc	133580	7251816794	6877495	12810788	313336219	1029237423	NA	0
3302	3	opencv	conan-gcc	170334	7251987128	6877510	12810788	313342013	1029264007	NA	0
3303	3	opencv	conan-gcc	134652	7252121780	6877525	12810788	313347277	1029287735	NA	0
3304	3	opencv	conan-gcc	123636	7252245416	6877540	12810788	313352235	1029310414	NA	0
3305	3	opencv	conan-gcc	193174	7252438590	6877555	12810788	313360017	1029345644	NA	0
3306	3	opencv	conan-gcc	201680	7252640270	6877570	12810788	313367539	1029380151	NA	0
3307	3	opencv	conan-gcc	110738	7252751008	6877585	12810788	313372053	1029400839	NA	0
3308	3	opencv	conan-gcc	131774	7252882782	6877600	12810788	313377283	1029424094	NA	0
3309	3	opencv	conan-gcc	117946	7253000728	6877615	12810788	313381896	1029446697	NA	0
3310	3	opencv	conan-gcc	234462	7253235190	6877630	12810788	313391600	1029488310	NA	0
3311	3	opencv	conan-gcc	188434	7253423624	6877645	12810788	313398357	1029518337	NA	0
3312	3	opencv	conan-gcc	209494	7253633118	6877660	12810788	313405917	1029550149	NA	0
3313	3	opencv	conan-gcc	177027	7253810145	6877675	12810788	313413147	1029580553	NA	0
3314	3	opencv	conan-gcc	168981	7253979126	6877690	12810788	313420064	1029609810	NA	0
3315	3	opencv	conan-gcc	172469	7254151595	6877705	12810788	313427146	1029639950	NA	0
3316	3	opencv	conan-gcc	87012	7254238607	6877720	12810788	313430455	1029654863	NA	0
3317	3	opencv	conan-gcc	111172	7254349779	6877735	12810788	313434622	1029673714	NA	0
3318	3	opencv	conan-gcc	101158	7254450937	6877750	12810788	313438299	1029690090	NA	0
3319	3	opencv	conan-gcc	95145	7254546082	6877765	12810788	313441743	1029705720	NA	0
3320	3	opencv	conan-gcc	65753	7254611835	6877780	12810788	313444284	1029717112	NA	0
3321	3	opencv	conan-gcc	68813	7254680648	6877795	12810788	313446886	1029728280	NA	0
3322	3	opencv	conan-gcc	127354	7254808002	6877810	12810788	313451728	1029750552	NA	0
3323	3	opencv	conan-gcc	30855	7254838857	6877825	12810788	313452880	1029756292	NA	0
3324	3	opencv	conan-gcc	42309	7254881166	6877840	12810788	313454574	1029763647	NA	0
3325	3	opencv	conan-gcc	23655	7254904821	6877855	12810788	313455346	1029767806	NA	0
3326	3	opencv	conan-gcc	104502	7255009323	6877870	12810788	313459197	1029785122	NA	0
3327	3	opencv	conan-gcc	67617	7255076940	6877885	12810788	313461681	1029795972	NA	0
3328	3	opencv	conan-gcc	69424	7255146364	6877900	12810788	313464286	1029807523	NA	0
3329	3	opencv	conan-gcc	276248	7255422612	6877915	12810788	313475313	1029850096	NA	0
3330	3	opencv	conan-gcc	173750	7255596362	6877930	12810788	313481871	1029877046	NA	0
3331	3	opencv	conan-gcc	191737	7255788099	6877945	12810788	313489049	1029906045	NA	0
3332	3	opencv	conan-gcc	434394	7256222493	6877960	12810788	313504889	1029963441	NA	0
3333	3	opencv	conan-gcc	173213	7256395706	6877975	12810788	313511409	1029990245	NA	0
3334	3	opencv	conan-gcc	302267	7256697973	6877990	12810788	313522731	1030034973	NA	0
3335	3	opencv	conan-gcc	180297	7256878270	6878005	12810788	313529512	1030062862	NA	0
3336	3	opencv	conan-gcc	177851	7257056121	6878020	12810788	313536233	1030090674	NA	0
3337	3	opencv	conan-gcc	664732	7257720853	6878035	12810788	313561637	1030181124	NA	0
3338	3	opencv	conan-gcc	276759	7257997612	6878050	12810788	313572384	1030222677	NA	0
3339	3	opencv	conan-gcc	327070	7258324682	6878065	12810788	313584013	1030265701	NA	0
3340	3	opencv	conan-gcc	184277	7258508959	6878080	12810788	313591066	1030294359	NA	0
3341	3	opencv	conan-gcc	204847	7258713806	6878095	12810788	313598695	1030324790	NA	0
3342	3	opencv	conan-gcc	178731	7258892537	6878110	12810788	313605512	1030352763	NA	0
3343	3	opencv	conan-gcc	249521	7259142058	6878125	12810788	313614460	1030387555	NA	0
3344	3	opencv	conan-gcc	576660	7259718718	6878140	12810788	313627612	1030438773	NA	0
3345	3	opencv	conan-gcc	222480	7259941198	6878155	12810788	313636001	1030473111	NA	0
3346	3	opencv	conan-gcc	271788	7260212986	6878170	12810788	313646182	1030514758	NA	0
3347	3	opencv	conan-gcc	178682	7260391668	6878185	12810788	313652990	1030542703	NA	0
3348	3	opencv	conan-gcc	173331	7260564999	6878200	12810788	313659489	1030569499	NA	0
3349	3	opencv	conan-gcc	177662	7260742661	6878215	12810788	313666206	1030596852	NA	0
3350	3	opencv	conan-gcc	185981	7260928642	6878230	12810788	313673078	1030624968	NA	0
3351	3	opencv	conan-gcc	260900	7261189542	6878245	12810788	313683640	1030669785	NA	0
3352	3	opencv	conan-gcc	202633	7261392175	6878260	12810788	313691035	1030701454	NA	0
3353	3	opencv	conan-gcc	242762	7261634937	6878275	12810788	313699886	1030735332	NA	0
3354	3	opencv	conan-gcc	191449	7261826386	6878290	12810788	313706613	1030764719	NA	0
3355	3	opencv	conan-gcc	210098	7262036484	6878305	12810788	313714132	1030797224	NA	0
3356	3	opencv	conan-gcc	288304	7262324788	6878320	12810788	313725587	1030842334	NA	0
3357	3	opencv	conan-gcc	185150	7262509938	6878335	12810788	313732019	1030870866	NA	0
3358	3	opencv	conan-gcc	316173	7262826111	6878350	12810788	313743844	1030916865	NA	0
3359	3	opencv	conan-gcc	378085	7263204196	6878365	13144351	313755429	1030966262	NA	1
3360	3	opencv	conan-gcc	243090	7263447286	6878380	13144351	313764752	1031003972	NA	0
3361	3	opencv	conan-gcc	203286	7263650572	6878395	13144351	313772062	1031036065	NA	0
3362	3	opencv	conan-gcc	186047	7263836619	6878410	13144351	313778530	1031064735	NA	0
3363	3	opencv	conan-gcc	243285	7264079904	6878425	13144351	313787844	1031103368	NA	0
3364	3	opencv	conan-gcc	194828	7264274732	6878440	13144351	313794647	1031133236	NA	0
3365	3	opencv	conan-gcc	248241	7264522973	6878455	13144351	313804089	1031173050	NA	0
3366	3	opencv	conan-gcc	184493	7264707466	6878470	13144351	313810427	1031201295	NA	0
3367	3	opencv	conan-gcc	2111463	7266818929	6878485	13144351	313870872	1031375473	NA	0
3368	3	opencv	conan-gcc	1990990	7268809919	6878500	13144351	313961577	1031679979	NA	0
3369	3	opencv	conan-gcc	1716115	7270526034	6878515	13144351	314044518	1031943202	NA	0
3370	3	opencv	conan-gcc	2008073	7272534107	6878530	13144351	314135875	1032250834	NA	0
3371	3	opencv	conan-gcc	2459921	7274994028	6878545	13144351	314236075	1032590903	NA	0
3372	3	opencv	conan-gcc	2353878	7277347906	6878560	13144351	314336723	1032938469	NA	0
3373	3	opencv	conan-gcc	2014715	7279362621	6878575	13144351	314428436	1033246645	NA	0
3374	3	opencv	conan-gcc	1761129	7281123750	6878590	13144351	314513381	1033515217	NA	0
3375	3	opencv	conan-gcc	266	7281124016	6878605	13144351	314513401	1033515359	NA	0
3376	3	opencv	conan-gcc	1581139	7282705155	6878620	13144351	314590453	1033758469	NA	0
3377	3	opencv	conan-gcc	1562810	7284267965	6878635	13144351	314666093	1033998768	NA	0
3378	3	opencv	conan-gcc	1641899	7285909864	6878650	13144351	314746347	1034250741	NA	0
3379	3	opencv	conan-gcc	1619807	7287529671	6878665	13144351	314824092	1034497340	NA	0
3380	3	opencv	conan-gcc	2150550	7289680221	6878680	13144351	314918290	1034820987	NA	0
3381	3	opencv	conan-gcc	2259790	7291940011	6878695	13144351	315017447	1035161704	NA	0
3382	3	opencv	conan-gcc	2026144	7293966155	6878710	13144351	315109583	1035470025	NA	0
3383	3	opencv	conan-gcc	1864914	7295831069	6878725	13144351	315195541	1035757433	NA	0
3384	3	opencv	conan-gcc	1875548	7297706617	6878740	13144351	315281896	1036046466	NA	0
3385	3	opencv	conan-gcc	1574811	7299281428	6878755	13144351	315358154	1036288249	NA	0
3386	3	opencv	conan-gcc	1731876	7301013304	6878770	13144351	315441720	1036554415	NA	0
3387	3	opencv	conan-gcc	1717988	7302731292	6878785	13144351	315526025	1036820401	NA	0
3388	3	opencv	conan-gcc	1036727	7303768019	6878800	13144351	315574193	1036981071	NA	0
3389	3	opencv	conan-gcc	1184027	7304952046	6878815	13144351	315630856	1037164036	NA	0
3390	3	opencv	conan-gcc	1571423	7306523469	6878830	13144351	315706818	1037404963	NA	0
3391	3	opencv	conan-gcc	1603719	7308127188	6878845	13144351	315782396	1037645044	NA	0
3392	3	opencv	conan-gcc	1850927	7309978115	6878860	13144351	315865463	1037917065	NA	0
3393	3	opencv	conan-gcc	2079228	7312057343	6878875	13144351	315960261	1038234884	NA	0
3394	3	opencv	conan-gcc	2136488	7314193831	6878890	13144351	316057100	1038563088	NA	0
3395	3	opencv	conan-gcc	3300457	7317494288	6878905	13144351	316192246	1039025473	NA	0
3396	3	opencv	conan-gcc	4069573	7321563861	6878920	13144351	316342099	1039486359	NA	0
3397	3	opencv	conan-gcc	2965406	7324529267	6878935	13144351	316463106	1039895374	NA	0
3398	3	opencv	conan-gcc	3014217	7327543484	6878950	13144351	316585642	1040311035	NA	0
3399	3	opencv	conan-gcc	2959400	7330502884	6878965	13144351	316705929	1040717026	NA	0
3400	3	opencv	conan-gcc	3146526	7333649410	6878980	13144351	316831624	1041144995	NA	0
3401	3	opencv	conan-gcc	1623403	7335272813	6878995	13144351	316910601	1041396038	NA	0
3402	3	opencv	conan-gcc	2400506	7337673319	6879010	13144351	317015155	1041756051	NA	0
3403	3	opencv	conan-gcc	3119260	7340792579	6879025	13144351	317142925	1042187530	NA	0
3404	3	opencv	conan-gcc	2977115	7343769694	6879040	13144351	317264069	1042596840	NA	0
3405	3	opencv	conan-gcc	1590134	7345359828	6879055	13144351	317341062	1042840918	NA	0
3406	3	opencv	conan-gcc	3277609	7348637437	6879070	13144351	317472719	1043288518	NA	0
3407	3	opencv	conan-gcc	2257511	7350894948	6879085	13144351	317573017	1043630885	NA	0
3408	3	opencv	conan-gcc	3162987	7354057935	6879100	13144351	317701890	1044067644	NA	0
3409	3	opencv	conan-gcc	2695478	7356753413	6879115	13144351	317813279	1044454799	NA	0
3410	3	opencv	conan-gcc	2739767	7359493180	6879130	13144351	317926405	1044847622	NA	0
3411	3	opencv	conan-gcc	2777286	7362270466	6879145	13144351	318040360	1045246760	NA	0
3412	3	opencv	conan-gcc	2915138	7365185604	6879160	13144351	318153613	1045645426	NA	0
3413	3	opencv	conan-gcc	2821903	7368007507	6879175	13144351	318270032	1046050977	NA	0
3414	3	opencv	conan-gcc	2720827	7370728334	6879190	13144351	318382801	1046442653	NA	0
3415	3	opencv	conan-gcc	2705841	7373434175	6879205	13144351	318494778	1046831839	NA	0
3416	3	opencv	conan-gcc	2840951	7376275126	6879220	13144351	318613937	1047243615	NA	0
3417	3	opencv	conan-gcc	2139640	7378414766	6879235	13144351	318708612	1047562448	NA	0
3418	3	opencv	conan-gcc	2717524	7381132290	6879250	13144351	318821034	1047953615	NA	0
3419	3	opencv	conan-gcc	2699075	7383831365	6879265	13144351	318932721	1048341420	NA	0
3420	3	opencv	conan-gcc	2706902	7386538267	6879280	13144351	319044973	1048731533	NA	0
3421	3	opencv	conan-gcc	2697826	7389236093	6879295	13144351	319156567	1049119697	NA	0
3422	3	opencv	conan-gcc	2765445	7392001538	6879310	13144351	319269261	1049512931	NA	0
3423	3	opencv	conan-gcc	2697895	7394699433	6879325	13144351	319380892	1049900768	NA	0
3424	3	opencv	conan-gcc	2738250	7397437683	6879340	13144351	319493363	1050291898	NA	0
3425	3	opencv	conan-gcc	2737582	7400175265	6879355	13144351	319606426	1050687232	NA	0
3426	3	opencv	conan-gcc	2706837	7402882102	6879370	13144351	319718525	1051077131	NA	0
3427	3	opencv	conan-gcc	2703486	7405585588	6879385	13144351	319830358	1051466281	NA	0
3428	3	opencv	conan-gcc	2697025	7408282613	6879400	13144351	319942018	1051854234	NA	0
3429	3	opencv	conan-gcc	2776799	7411059412	6879415	13144351	320057483	1052254177	NA	0
3430	3	opencv	conan-gcc	2698792	7413758204	6879430	13144351	320169048	1052641687	NA	0
3431	3	opencv	conan-gcc	2694791	7416452995	6879445	13144351	320280550	1053028994	NA	0
3432	3	opencv	conan-gcc	2803162	7419256157	6879460	13144351	320397008	1053434909	NA	0
3433	3	opencv	conan-gcc	2700959	7421957116	6879475	13144351	320508650	1053822662	NA	0
3434	3	opencv	conan-gcc	2702811	7424659927	6879490	13144351	320620488	1054211856	NA	0
3435	3	opencv	conan-gcc	2898726	7427558653	6879505	13144351	320741085	1054636984	NA	0
3436	3	opencv	conan-gcc	2858429	7430417082	6879520	13144351	320858783	1055050811	NA	0
3437	3	opencv	conan-gcc	2712547	7433129629	6879535	13144351	320971265	1055441532	NA	0
3438	3	opencv	conan-gcc	2691889	7435821518	6879550	13144351	321082575	1055828328	NA	0
3439	3	opencv	conan-gcc	2705952	7438527470	6879565	13144351	321194531	1056217094	NA	0
3440	3	opencv	conan-gcc	2709274	7441236744	6879580	13144351	321306689	1056607791	NA	0
3441	3	opencv	conan-gcc	2764534	7444001278	6879595	13144351	321420592	1057006868	NA	0
3442	3	opencv	conan-gcc	2836245	7446837523	6879610	13144351	321538578	1057416503	NA	0
3443	3	opencv	conan-gcc	2955702	7449793225	6879625	13144351	321662285	1057843504	NA	0
3444	3	opencv	conan-gcc	2702288	7452495513	6879640	13144351	321774142	1058232639	NA	0
3445	3	opencv	conan-gcc	2710856	7455206369	6879655	13144351	321886347	1058622812	NA	0
3446	3	opencv	conan-gcc	2695236	7457901605	6879670	13144351	321997903	1059010155	NA	0
3447	3	opencv	conan-gcc	2815826	7460717431	6879685	13144351	322113543	1059422062	NA	0
3448	3	opencv	conan-gcc	2754164	7463471595	6879700	13144351	322226659	1059816825	NA	0
3449	3	opencv	conan-gcc	2870892	7466342487	6879715	13144351	322343866	1060229613	NA	0
3450	3	opencv	conan-gcc	2746282	7469088769	6879730	13144351	322457498	1060626177	NA	0
3451	3	opencv	conan-gcc	2709838	7471798607	6879745	13144351	322569650	1061016728	NA	0
3452	3	opencv	conan-gcc	2705188	7474503795	6879760	13144351	322681601	1061405648	NA	0
3453	3	opencv	conan-gcc	2761284	7477265079	6879775	13144351	322795042	1061800944	NA	0
3454	3	opencv	conan-gcc	2700812	7479965891	6879790	13144351	322907056	1062189933	NA	0
3455	3	opencv	conan-gcc	2725941	7482691832	6879805	13144351	323019751	1062582223	NA	0
3456	3	opencv	conan-gcc	2723156	7485414988	6879820	13144351	323132499	1062974356	NA	0
3457	3	opencv	conan-gcc	2756711	7488171699	6879835	13144351	323246356	1063372270	NA	0
3458	3	opencv	conan-gcc	2832386	7491004085	6879850	13144351	323359955	1063769682	NA	0
3459	3	opencv	conan-gcc	2730147	7493734232	6879865	13144351	323472739	1064162564	NA	0
3460	3	opencv	conan-gcc	2709888	7496444120	6879880	13144351	323584762	1064552213	NA	0
3461	3	opencv	conan-gcc	2728080	7499172200	6879895	13144351	323697585	1064945842	NA	0
3462	3	opencv	conan-gcc	2829545	7502001745	6879910	13144351	323812684	1065347855	NA	0
3463	3	opencv	conan-gcc	2721291	7504723036	6879925	13144351	323925171	1065738164	NA	0
3464	3	opencv	conan-gcc	2693843	7507416879	6879940	13144351	324036481	1066124993	NA	0
3465	3	opencv	conan-gcc	2693839	7510110718	6879955	13144351	324147791	1066511758	NA	0
3466	3	opencv	conan-gcc	2693835	7512804553	6879970	13144351	324259101	1066898549	NA	0
3467	3	opencv	conan-gcc	2703383	7515507936	6879985	13144351	324370926	1067286814	NA	0
3468	3	opencv	conan-gcc	2704193	7518212129	6880000	13144351	324482806	1067675868	NA	0
3469	3	opencv	conan-gcc	2698036	7520910165	6880015	13144351	324594439	1068063833	NA	0
3470	3	opencv	conan-gcc	2925912	7523836077	6880030	13144351	324717859	1068491124	NA	0
3471	3	opencv	conan-gcc	2776739	7526612816	6880045	13746715	324831525	1068887993	NA	1
3472	3	opencv	conan-gcc	2692942	7529305758	6880060	13746715	324942948	1069274783	NA	0
3473	3	opencv	conan-gcc	2695070	7532000828	6880075	13746715	325054484	1069662049	NA	0
3474	3	opencv	conan-gcc	4703543	7536704371	6880090	13746715	325227574	1070213978	NA	0
3475	3	opencv	conan-gcc	2705371	7539409742	6880105	13746715	325339325	1070602830	NA	0
3476	3	opencv	conan-gcc	3073198	7542482940	6880120	13746715	325469697	1071057721	NA	0
3477	3	opencv	conan-gcc	2982993	7545465933	6880135	13746715	325595955	1071494599	NA	0
3478	3	opencv	conan-gcc	2840640	7548306573	6880150	13746715	325715363	1071908902	NA	0
3479	3	opencv	conan-gcc	2820347	7551126920	6880165	13746715	325834012	1072320256	NA	0
3480	3	opencv	conan-gcc	2845154	7553972074	6880180	13746715	325953654	1072736029	NA	0
3481	3	opencv	conan-gcc	2842116	7556814190	6880195	13746715	326073318	1073151585	NA	0
3482	3	opencv	conan-gcc	2721313	7559535503	6880210	13746715	326185919	1073544452	NA	0
3483	3	opencv	conan-gcc	2756705	7562292208	6880225	13746715	326299520	1073939082	NA	0
3484	3	opencv	conan-gcc	2816852	7565109060	6880240	13746715	326416743	1074350030	NA	0
3485	3	opencv	conan-gcc	2709329	7567818389	6880255	13746715	326528755	1074739571	NA	0
3486	3	opencv	conan-gcc	2698226	7570516615	6880270	13746715	326640368	1075127118	NA	0
3487	3	opencv	conan-gcc	2697283	7573213898	6880285	13746715	326752016	1075514750	NA	0
3488	3	opencv	conan-gcc	2691853	7575905751	6880300	13746715	326863326	1075901483	NA	0
3489	3	opencv	conan-gcc	2714516	7578620267	6880315	13746715	326975537	1076291893	NA	0
3490	3	opencv	conan-gcc	2931091	7581551358	6880330	13746715	327099297	1076721813	NA	0
3491	3	opencv	conan-gcc	2701782	7584253140	6880345	13746715	327210895	1077111494	NA	0
3492	3	opencv	conan-gcc	2870922	7587124062	6880360	13746715	327331712	1077529452	NA	0
3493	3	opencv	conan-gcc	2698436	7589822498	6880375	13746715	327443337	1077917953	NA	0
3494	3	opencv	conan-gcc	2741013	7592563511	6880390	13746715	327557000	1078314282	NA	0
3495	3	opencv	conan-gcc	2803784	7595367295	6880405	13746715	327672835	1078716175	NA	0
3496	3	opencv	conan-gcc	2772701	7598139996	6880420	13746715	327788116	1079116638	NA	0
3497	3	opencv	conan-gcc	2704089	7600844085	6880435	13746715	327900154	1079505720	NA	0
3498	3	opencv	conan-gcc	2869525	7603713610	6880450	13746715	328019726	1079920156	NA	0
3499	3	opencv	conan-gcc	2703762	7606417372	6880465	13746715	328131586	1080308979	NA	0
3500	3	opencv	conan-gcc	2697137	7609114509	6880480	13746715	328243276	1080696705	NA	0
3501	3	opencv	conan-gcc	2147349	7611261858	6880495	13746715	328338475	1081017218	NA	0
3502	3	opencv	conan-gcc	2804978	7614066836	6880510	13746715	328451954	1081413760	NA	0
3503	3	opencv	conan-gcc	2797035	7616863871	6880525	13746715	328567693	1081817525	NA	0
3504	3	opencv	conan-gcc	2720733	7619584604	6880540	13746715	328680385	1082209613	NA	0
3505	3	opencv	conan-gcc	2803199	7622387803	6880555	13746715	328794886	1082608470	NA	0
3506	3	opencv	conan-gcc	2704183	7625091986	6880570	13746715	328906960	1082997399	NA	0
3507	3	opencv	conan-gcc	4527708	7629619694	6880585	13746715	329070834	1083525605	NA	0
3508	3	opencv	conan-gcc	4592311	7634212005	6880600	13746715	329236030	1084057886	NA	0
3509	3	opencv	conan-gcc	4759877	7638971882	6880615	13746715	329404933	1084609773	NA	0
3510	3	opencv	conan-gcc	4724347	7643696229	6880630	13746715	329572576	1085156218	NA	0
3511	3	opencv	conan-gcc	4829219	7648525448	6880645	13746715	329741813	1085710125	NA	0
3512	3	opencv	conan-gcc	4786085	7653311533	6880660	13746715	329910207	1086261061	NA	0
3513	3	opencv	conan-gcc	4762520	7658074053	6880675	13746715	330078590	1086810131	NA	0
3514	3	opencv	conan-gcc	4728899	7662802952	6880690	13746715	330246469	1087357137	NA	0
3515	3	opencv	conan-gcc	4730204	7667533156	6880705	13746715	330414259	1087904294	NA	0
3516	3	opencv	conan-gcc	4819826	7672352982	6880720	13746715	330585869	1088465591	NA	0
3517	3	opencv	conan-gcc	4746029	7677099011	6880735	13746715	330754265	1089015196	NA	0
3518	3	opencv	conan-gcc	4728412	7681827423	6880750	13746715	330922010	1089562094	NA	0
3519	3	opencv	conan-gcc	4740650	7686568073	6880765	13746715	331090281	1090111396	NA	0
3520	3	opencv	conan-gcc	4728801	7691296874	6880780	13746715	331258043	1090658372	NA	0
3521	3	opencv	conan-gcc	4737463	7696034337	6880795	13746715	331426078	1091206400	NA	0
3522	3	opencv	conan-gcc	4825694	7700860031	6880810	13746715	331596980	1091763676	NA	0
3523	3	opencv	conan-gcc	4824480	7705684511	6880825	13746715	331767172	1092319867	NA	0
3524	3	opencv	conan-gcc	5005835	7710690346	6880840	13746715	331939680	1092892418	NA	0
3525	3	opencv	conan-gcc	5011864	7715702210	6880855	13746715	332112509	1093466316	NA	0
3526	3	opencv	conan-gcc	5101314	7720803524	6880870	13746715	332288899	1094053766	NA	0
3527	3	opencv	conan-gcc	5027517	7725831041	6880885	13746715	332462157	1094629478	NA	0
3528	3	opencv	conan-gcc	5022138	7730853179	6880900	13746715	332635279	1095204887	NA	0
3529	3	opencv	conan-gcc	5018951	7735872130	6880915	13746715	332808173	1095778937	NA	0
3530	3	opencv	conan-gcc	5105968	7740978098	6880930	13746715	332983200	1096361285	NA	0
3531	3	opencv	conan-gcc	3485664	7744463762	6880945	13746715	333130256	1096858474	NA	0
3532	3	opencv	conan-gcc	3485672	7747949434	6880960	13746715	333277312	1097355603	NA	0
3533	3	opencv	conan-gcc	3485652	7751435086	6880975	13746715	333424368	1097852777	NA	0
3534	3	opencv	conan-gcc	3485656	7754920742	6880990	13746715	333571424	1098349982	NA	0
3535	3	opencv	conan-gcc	3485604	7758406346	6881005	13746715	333718345	1098847296	NA	0
3536	3	opencv	conan-gcc	3485616	7761891962	6881020	13746715	333865266	1099344553	NA	0
3537	3	opencv	conan-gcc	3485704	7765377666	6881035	13746715	334012322	1099841758	NA	0
3538	3	opencv	conan-gcc	3531861	7768909527	6881050	13746715	334159836	1100343544	NA	0
3539	3	opencv	conan-gcc	3496400	7772405927	6881065	13746715	334307018	1100842512	NA	0
3540	3	opencv	conan-gcc	3891004	7776296931	6881080	13746715	334463378	1101373742	NA	0
3541	3	opencv	conan-gcc	3529563	7779826494	6881095	13746715	334611876	1101878128	NA	0
3542	3	opencv	conan-gcc	3500450	7783326944	6881110	13746715	334759007	1102376456	NA	0
3543	3	opencv	conan-gcc	3490613	7786817557	6881125	13746715	334906174	1102874806	NA	0
3544	3	opencv	conan-gcc	3504393	7790321950	6881140	13746715	335053622	1103375220	NA	0
3545	3	opencv	conan-gcc	224	7790322174	6881155	13746715	335053642	1103375348	NA	0
3546	3	opencv	conan-gcc	3491762	7793813936	6881170	13746715	335200817	1103873752	NA	0
3547	3	opencv	conan-gcc	3595167	7797409103	6881185	13746715	335350683	1104387089	NA	0
3548	3	opencv	conan-gcc	3534248	7800943351	6881200	13746715	335499215	1104892103	NA	0
3549	3	opencv	conan-gcc	3541582	7804484933	6881215	13746715	335647098	1105395393	NA	0
3550	3	opencv	conan-gcc	3496956	7807981889	6881230	13746715	335794374	1105894569	NA	0
3551	3	opencv	conan-gcc	3509637	7811491526	6881245	13746715	335941628	1106394325	NA	0
3552	3	opencv	conan-gcc	4328917	7815820443	6881260	13746715	336103314	1106951525	NA	0
3553	3	opencv	conan-gcc	3792907	7819613350	6881275	13746715	336260243	1107478572	NA	0
3554	3	opencv	conan-gcc	3878216	7823491566	6881290	13746715	336411147	1108005398	NA	0
3555	3	opencv	conan-gcc	3546872	7827038438	6881305	13746715	336559630	1108508710	NA	0
3556	3	opencv	conan-gcc	4177643	7831216081	6881320	13746715	336730021	1109087042	NA	0
3557	3	opencv	conan-gcc	4160860	7835376941	6881335	13746715	336901088	1109668017	NA	0
3558	3	opencv	conan-gcc	3511459	7838888400	6881350	13746715	337048381	1110167723	NA	0
3559	3	opencv	conan-gcc	3486763	7842375163	6881365	13746715	337195304	1110665200	NA	0
3560	3	opencv	conan-gcc	3935821	7846310984	6881380	13746715	337353010	1111203025	NA	0
3561	3	opencv	conan-gcc	3940994	7850251978	6881395	13746715	337512457	1111742140	NA	0
3562	3	opencv	conan-gcc	3688976	7853940954	6881410	13746715	337661711	1112255100	NA	0
3563	3	opencv	conan-gcc	3515949	7857456903	6881425	13746715	337808918	1112755137	NA	0
3564	3	opencv	conan-gcc	3615999	7861072902	6881440	13746715	337958908	1113270820	NA	0
3565	3	opencv	conan-gcc	3554402	7864627304	6881455	13746715	338106626	1113772342	NA	0
3566	3	opencv	conan-gcc	3760767	7868388071	6881470	13746715	338264116	1114303275	NA	0
3567	3	opencv	conan-gcc	3514953	7871903024	6881485	13746715	338411854	1114805911	NA	0
3568	3	opencv	conan-gcc	3490497	7875393521	6881500	13746715	338559045	1115304251	NA	0
3569	3	opencv	conan-gcc	3712749	7879106270	6881515	13746715	338708360	1115819242	NA	0
3570	3	opencv	conan-gcc	3686722	7882792992	6881530	13746715	338857906	1116330983	NA	0
3571	3	opencv	conan-gcc	3972111	7886765103	6881545	13746715	339018905	1116877828	NA	0
3572	3	opencv	conan-gcc	3972111	7890737214	6881560	13746715	339179904	1117424672	NA	0
3573	3	opencv	conan-gcc	3972972	7894710186	6881575	13746715	339341122	1117972401	NA	0
3574	3	opencv	conan-gcc	3972983	7898683169	6881590	13746715	339502340	1118520208	NA	0
3575	3	opencv	conan-gcc	3973003	7902656172	6881605	13746715	339663548	1119067932	NA	0
3576	3	opencv	conan-gcc	5760731	7908416903	6881620	13746715	339873848	1119750671	NA	0
3577	3	opencv	conan-gcc	5758968	7914175871	6881635	13746715	340084063	1120433018	NA	0
3578	3	opencv	conan-gcc	5992830	7920168701	6881650	13746715	340298769	1121139652	NA	0
3579	3	opencv	conan-gcc	5991355	7926160056	6881665	13746715	340513464	1121846247	NA	0
3580	3	opencv	conan-gcc	6268023	7932428079	6881680	13746715	340732622	1122578223	NA	0
3581	3	opencv	conan-gcc	6266548	7938694627	6881695	13746715	340951763	1123310132	NA	0
3582	3	opencv	conan-gcc	6271634	7944966261	6881710	13746715	341170995	1124042386	NA	0
3583	3	opencv	conan-gcc	3352889	7948319150	6881725	14171180	341311434	1124514829	NA	1
3584	3	opencv	conan-gcc	3482329	7951801479	6881740	14171180	341458177	1125010849	NA	0
3585	3	opencv	conan-gcc	3482277	7955283756	6881755	14171180	341605059	1125507030	NA	0
3586	3	opencv	conan-gcc	3482339	7958766095	6881770	14171180	341751802	1126003133	NA	0
3587	3	opencv	conan-gcc	3482314	7962248409	6881785	14171180	341898545	1126499115	NA	0
3588	3	opencv	conan-gcc	3482319	7965730728	6881800	14171180	342045288	1126995132	NA	0
3589	3	opencv	conan-gcc	3482259	7969212987	6881815	14171180	342192170	1127491390	NA	0
3590	3	opencv	conan-gcc	3482281	7972695268	6881830	14171180	342339052	1127987629	NA	0
3591	3	opencv	conan-gcc	3356360	7976051628	6881845	14171180	342479631	1128461066	NA	0
3592	3	opencv	conan-gcc	3357260	7979408888	6881860	14171180	342620238	1128934655	NA	0
3593	3	opencv	conan-gcc	3358009	7982766897	6881875	14171180	342760901	1129408262	NA	0
3594	3	opencv	conan-gcc	3482651	7986249548	6881890	14171180	342902847	1129891299	NA	0
3595	3	opencv	conan-gcc	3368730	7989618278	6881905	14171180	343043454	1130365408	NA	0
3596	3	opencv	conan-gcc	3362655	7992980933	6881920	14171180	343184064	1130839371	NA	0
3597	3	opencv	conan-gcc	3358289	7996339222	6881935	14171180	343324667	1131313090	NA	0
3598	3	opencv	conan-gcc	3375136	7999714358	6881950	14171180	343465235	1131787653	NA	0
3599	3	opencv	conan-gcc	3363335	8003077693	6881965	14171180	343605864	1132261703	NA	0
3600	3	opencv	conan-gcc	3356682	8006434375	6881980	14171180	343746452	1132735204	NA	0
3601	3	opencv	conan-gcc	3358123	8009792498	6881995	14171180	343887113	1133208874	NA	0
3602	3	opencv	conan-gcc	3374652	8013167150	6882010	14171180	344027753	1133683870	NA	0
3603	3	opencv	conan-gcc	3356769	8016523919	6882025	14171180	344168335	1134157363	NA	0
3604	3	opencv	conan-gcc	3362339	8019886258	6882040	14171180	344308964	1134631283	NA	0
3605	3	opencv	conan-gcc	3359635	8023245893	6882055	14171180	344449562	1135104943	NA	0
3606	3	opencv	conan-gcc	3354236	8026600129	6882070	14171180	344590113	1135577897	NA	0
3607	3	opencv	conan-gcc	3381860	8029981989	6882085	14171180	344730827	1136053395	NA	0
3608	3	opencv	conan-gcc	3398874	8033380863	6882100	14171180	344871852	1136531012	NA	0
3609	3	opencv	conan-gcc	3357399	8036738262	6882115	14171180	345012459	1137004656	NA	0
3610	3	opencv	conan-gcc	3357049	8040095311	6882130	14171180	345153055	1137478205	NA	0
3611	3	opencv	conan-gcc	3407289	8043502600	6882145	14171180	345293829	1137955288	NA	0
3612	3	opencv	conan-gcc	3366942	8046869542	6882160	14171180	345434473	1138429583	NA	0
3613	3	opencv	conan-gcc	3360416	8050229958	6882175	14171180	345575072	1138903390	NA	0
3614	3	opencv	conan-gcc	3360951	8053590909	6882190	14171180	345715692	1139377284	NA	0
3615	3	opencv	conan-gcc	3379822	8056970731	6882205	14171180	345856362	1139852430	NA	0
3616	3	opencv	conan-gcc	3487893	8060458624	6882220	14171180	346003339	1140349933	NA	0
3617	3	opencv	conan-gcc	2816531	8063275155	6882235	14171180	346128017	1140771682	NA	0
3618	3	opencv	conan-gcc	2820418	8066095573	6882250	14171180	346252692	1141194872	NA	0
3619	3	opencv	conan-gcc	3831962	8069927535	6882265	14171180	346417235	1141741185	NA	0
3620	3	opencv	conan-gcc	3819550	8073747085	6882280	14171180	346580897	1142285004	NA	0
3621	3	opencv	conan-gcc	3813144	8077560229	6882295	14171180	346744596	1142828031	NA	0
3622	3	opencv	conan-gcc	3820659	8081380888	6882310	14171180	346908489	1143373261	NA	0
3623	3	opencv	conan-gcc	2898895	8084279783	6882325	14171180	347028238	1143789875	NA	0
3624	3	opencv	conan-gcc	3044817	8087324600	6882340	14171180	347151296	1144219041	NA	0
3625	3	opencv	conan-gcc	2613469	8089938069	6882355	14171180	347265590	1144608956	NA	0
3626	3	opencv	conan-gcc	2911664	8092849733	6882370	14171180	347386481	1145030529	NA	0
3627	3	opencv	conan-gcc	2875320	8095725053	6882385	14171180	347506321	1145447668	NA	0
3628	3	opencv	conan-gcc	2930099	8098655152	6882400	14171180	347627675	1145870693	NA	0
3629	3	opencv	conan-gcc	2887494	8101542646	6882415	14171180	347747981	1146290360	NA	0
3630	3	opencv	conan-gcc	2578202	8104120848	6882430	14171180	347860724	1146674616	NA	0
3631	3	opencv	conan-gcc	2593357	8106714205	6882445	14171180	347973946	1147060483	NA	0
3632	3	opencv	conan-gcc	2934341	8109648546	6882460	14171180	348096258	1147487585	NA	0
3633	3	opencv	conan-gcc	3042783	8112691329	6882475	14171180	348222149	1147932472	NA	0
3634	3	opencv	conan-gcc	2941466	8115632795	6882490	14171180	348344019	1148357508	NA	0
3635	3	opencv	conan-gcc	2988826	8118621621	6882505	14171180	348467485	1148789817	NA	0
3636	3	opencv	conan-gcc	2748227	8121369848	6882520	14171180	348580599	1149217799	NA	0
3637	3	opencv	conan-gcc	3052589	8124422437	6882535	14171180	348700871	1149632059	NA	0
3638	3	opencv	conan-gcc	2924546	8127346983	6882550	14171180	348822958	1150056880	NA	0
3639	3	opencv	conan-gcc	2587485	8129934468	6882565	14171180	348936187	1150443305	NA	0
3640	3	opencv	conan-gcc	2663663	8132598131	6882580	14171180	349053069	1150840292	NA	0
3641	3	opencv	conan-gcc	2883814	8135481945	6882595	14171180	349173690	1151260190	NA	0
3642	3	opencv	conan-gcc	2984284	8138466229	6882610	14171180	349298855	1151695945	NA	0
3643	3	opencv	conan-gcc	2971719	8141437948	6882625	14171180	349423681	1152129861	NA	0
3644	3	opencv	conan-gcc	2598885	8144036833	6882640	14171180	349537336	1152517882	NA	0
3645	3	opencv	conan-gcc	2874831	8146911664	6882655	14171180	349657250	1152935194	NA	0
3646	3	opencv	conan-gcc	2571445	8149483109	6882670	14171180	349769641	1153317877	NA	0
3647	3	opencv	conan-gcc	2918205	8152401314	6882685	14171180	349890993	1153741547	NA	0
3648	3	opencv	conan-gcc	2582304	8154983618	6882700	14171180	350003780	1154125846	NA	0
3649	3	opencv	conan-gcc	2595060	8157578678	6882715	14171180	350117141	1154512299	NA	0
3650	3	opencv	conan-gcc	2681787	8160260465	6882730	14171180	350233664	1154914820	NA	0
3651	3	opencv	conan-gcc	2598164	8162858629	6882745	14171180	350347595	1155302506	NA	0
3652	3	opencv	conan-gcc	2594119	8165452748	6882760	14171180	350461239	1155689565	NA	0
3653	3	opencv	conan-gcc	2859437	8168312185	6882775	14171180	350580629	1156104016	NA	0
3654	3	opencv	conan-gcc	2575606	8170887791	6882790	14171180	350693266	1156487405	NA	0
3655	3	opencv	conan-gcc	3082431	8173970222	6882805	14171180	350819066	1156930240	NA	0
3656	3	opencv	conan-gcc	2587665	8176557887	6882820	14171180	350932154	1157315732	NA	0
3657	3	opencv	conan-gcc	2567064	8179124951	6882835	14171180	351044384	1157697342	NA	0
3658	3	opencv	conan-gcc	2602971	8181727922	6882850	14171180	351157870	1158084985	NA	0
3659	3	opencv	conan-gcc	2883472	8184611394	6882865	14171180	351278481	1158505296	NA	0
3660	3	opencv	conan-gcc	2596189	8187207583	6882880	14171180	351392073	1158892618	NA	0
3661	3	opencv	conan-gcc	2663552	8189871135	6882895	14171180	351508017	1159309047	NA	0
3662	3	opencv	conan-gcc	2989325	8192860460	6882910	14171180	351632190	1159742921	NA	0
3663	3	opencv	conan-gcc	2942310	8195802770	6882925	14171180	351755498	1160176521	NA	0
3664	3	opencv	conan-gcc	3041011	8198843781	6882940	14171180	351880386	1160617131	NA	0
3665	3	opencv	conan-gcc	2622129	8201465910	6882955	14171180	351994333	1161006313	NA	0
3666	3	opencv	conan-gcc	2573498	8204039408	6882970	14171180	352106886	1161389334	NA	0
3667	3	opencv	conan-gcc	2582202	8206621610	6882985	14171180	352219880	1161773833	NA	0
3668	3	opencv	conan-gcc	2597880	8209219490	6883000	14171180	352333584	1162162467	NA	0
3669	3	opencv	conan-gcc	2565539	8211785029	6883015	14171180	352445725	1162543535	NA	0
3670	3	opencv	conan-gcc	2569579	8214354608	6883030	14171180	352558032	1162925316	NA	0
3671	3	opencv	conan-gcc	2894036	8217248644	6883045	14171180	352678625	1163346197	NA	0
3672	3	opencv	conan-gcc	2673959	8219922603	6883060	14171180	352795915	1163745066	NA	0
3673	3	opencv	conan-gcc	2608496	8222531099	6883075	14171180	352909544	1164132529	NA	0
3674	3	opencv	conan-gcc	2878747	8225409846	6883090	14171180	353029891	1164552031	NA	0
3675	3	opencv	conan-gcc	2923970	8228333816	6883105	14171180	353151344	1164975293	NA	0
3676	3	opencv	conan-gcc	2882277	8231216093	6883120	14171180	353271497	1165393493	NA	0
3677	3	opencv	conan-gcc	2572382	8233788475	6883135	14171180	353383958	1165776437	NA	0
3678	3	opencv	conan-gcc	2919772	8236708247	6883150	14171180	353504986	1166199334	NA	0
3679	3	opencv	conan-gcc	2860308	8239568555	6883165	14171180	353624378	1166613572	NA	0
3680	3	opencv	conan-gcc	3028672	8242597227	6883180	14171180	353749363	1167053227	NA	0
3681	3	opencv	conan-gcc	2575528	8245172755	6883195	14171180	353862132	1167436967	NA	0
3682	3	opencv	conan-gcc	2579677	8247752432	6883210	14171180	353974976	1167821517	NA	0
3683	3	opencv	conan-gcc	2586573	8250339005	6883225	14171180	354087877	1168206751	NA	0
3684	3	opencv	conan-gcc	2907588	8253246593	6883240	14171180	354209380	1168630737	NA	0
3685	3	opencv	conan-gcc	3055252	8256301845	6883255	14171180	354333946	1169068216	NA	0
3686	3	opencv	conan-gcc	2868449	8259170294	6883270	14171180	354453672	1169484298	NA	0
3687	3	opencv	conan-gcc	2903904	8262074198	6883285	14171180	354574705	1169906313	NA	0
3688	3	opencv	conan-gcc	2593291	8264667489	6883300	14171180	354688173	1170292681	NA	0
3689	3	opencv	conan-gcc	2914653	8267582142	6883315	14171180	354808952	1170713336	NA	0
3690	3	opencv	conan-gcc	2578200	8270160342	6883330	14171180	354921551	1171097751	NA	0
3691	3	opencv	conan-gcc	2589309	8272749651	6883345	14171180	355034717	1171484306	NA	0
3692	3	opencv	conan-gcc	2923787	8275673438	6883360	14171180	355155893	1171906313	NA	0
3693	3	opencv	conan-gcc	2568468	8278241906	6883375	14171180	355268133	1172288135	NA	0
3694	3	opencv	conan-gcc	2147397	8280389303	6883390	14171180	355363332	1172608669	NA	0
3695	3	opencv	conan-gcc	2909059	8283298362	6883405	14752296	355484102	1173029535	NA	1
3696	3	opencv	conan-gcc	2604900	8285903262	6883420	14752296	355597456	1173414926	NA	0
3697	3	opencv	conan-gcc	3014724	8288917986	6883435	14752296	355720851	1173844554	NA	0
3698	3	opencv	conan-gcc	2924109	8291842095	6883450	14752296	355842352	1174267671	NA	0
3699	3	opencv	conan-gcc	3037262	8294879357	6883465	14752296	355966917	1174704265	NA	0
3700	3	opencv	conan-gcc	2923593	8297802950	6883480	14752296	356089118	1175130550	NA	0
3701	3	opencv	conan-gcc	2914361	8300717311	6883495	14752296	356210732	1175554111	NA	0
3702	3	opencv	conan-gcc	2953222	8303670533	6883510	14752296	356333811	1175984066	NA	0
3703	3	opencv	conan-gcc	2897454	8306567987	6883525	14752296	356454686	1176405706	NA	0
3704	3	opencv	conan-gcc	2899967	8309467954	6883540	14752296	356575425	1176825455	NA	0
3705	3	opencv	conan-gcc	3030804	8312498758	6883555	14752296	356699420	1177259353	NA	0
3706	3	opencv	conan-gcc	4659498	8317158256	6883570	14752296	356870240	1177809064	NA	0
3707	3	opencv	conan-gcc	4803710	8321961966	6883585	14752296	357044860	1178372491	NA	0
3708	3	opencv	conan-gcc	4906938	8326868904	6883600	14752296	357221079	1178948332	NA	0
3709	3	opencv	conan-gcc	4393161	8331262065	6883615	14752296	357384941	1179466595	NA	0
3710	3	opencv	conan-gcc	5036027	8336298092	6883630	14752296	357564216	1180054217	NA	0
3711	3	opencv	conan-gcc	4928608	8341226700	6883645	14752296	357740898	1180632308	NA	0
3712	3	opencv	conan-gcc	4952941	8346179641	6883660	14752296	357918277	1181212793	NA	0
3713	3	opencv	conan-gcc	5060411	8351240052	6883675	14752296	358098732	1181806733	NA	0
3714	3	opencv	conan-gcc	4944192	8356184244	6883690	14752296	358276659	1182389728	NA	0
3715	3	opencv	conan-gcc	4934898	8361119142	6883705	14752296	358454033	1182969953	NA	0
3716	3	opencv	conan-gcc	4973697	8366092839	6883720	14752296	358632819	1183556597	NA	0
3717	3	opencv	conan-gcc	4916682	8371009521	6883735	14752296	358809381	1184134812	NA	0
3718	3	opencv	conan-gcc	4920442	8375929963	6883750	14752296	358985876	1184711474	NA	0
3719	3	opencv	conan-gcc	5050783	8380980746	6883765	14752296	359165672	1185302522	NA	0
3720	3	opencv	conan-gcc	4937603	8385918349	6883780	14752296	359342185	1185879435	NA	0
3721	3	opencv	conan-gcc	5317515	8391235864	6883795	14752296	359526209	1186493038	NA	0
3722	3	opencv	conan-gcc	5210096	8396445960	6883810	14752296	359707620	1187097449	NA	0
3723	3	opencv	conan-gcc	5234429	8401680389	6883825	14752296	359889749	1187704041	NA	0
3724	3	opencv	conan-gcc	5225680	8406906069	6883840	14752296	360072429	1188313691	NA	0
3725	3	opencv	conan-gcc	5216386	8412122455	6883855	14752296	360254542	1188920506	NA	0
3726	3	opencv	conan-gcc	5255185	8417377640	6883870	14752296	360438094	1189533820	NA	0
3727	3	opencv	conan-gcc	5198170	8422575810	6883885	14752296	360619386	1190138266	NA	0
3728	3	opencv	conan-gcc	5229743	8427805553	6883900	14752296	360801190	1190744285	NA	0
3729	3	opencv	conan-gcc	5184956	8432990509	6883915	14752296	360982013	1191345654	NA	0
3730	3	opencv	conan-gcc	3531646	8436522155	6883930	14752296	361130544	1191849323	NA	0
3731	3	opencv	conan-gcc	3531626	8440053781	6883945	14752296	361279075	1192353021	NA	0
3732	3	opencv	conan-gcc	3531642	8443585423	6883960	14752296	361427606	1192856751	NA	0
3733	3	opencv	conan-gcc	3531626	8447117049	6883975	14752296	361576137	1193360450	NA	0
3734	3	opencv	conan-gcc	3531626	8450648675	6883990	14752296	361724668	1193864147	NA	0
3735	3	opencv	conan-gcc	3531638	8454180313	6884005	14752296	361873199	1194367886	NA	0
3736	3	opencv	conan-gcc	3531634	8457711947	6884020	14752296	362021730	1194871597	NA	0
3737	3	opencv	conan-gcc	3531622	8461243569	6884035	14752296	362170261	1195375245	NA	0
3738	3	opencv	conan-gcc	3531642	8464775211	6884050	14752296	362318792	1195878994	NA	0
3739	3	opencv	conan-gcc	3531576	8468306787	6884065	14752296	362467485	1196382863	NA	0
3740	3	opencv	conan-gcc	3531634	8471838421	6884080	14752296	362616016	1196886565	NA	0
3741	3	opencv	conan-gcc	3531662	8475370083	6884095	14752296	362764547	1197390446	NA	0
3742	3	opencv	conan-gcc	3531654	8478901737	6884110	14752296	362913078	1197894278	NA	0
3743	3	opencv	conan-gcc	3531638	8482433375	6884125	14752296	363061609	1198398028	NA	0
3744	3	opencv	conan-gcc	3531650	8485965025	6884140	14752296	363210140	1198901864	NA	0
3745	3	opencv	conan-gcc	3531811	8489496836	6884155	14752296	363358676	1199405525	NA	0
3746	3	opencv	conan-gcc	3566752	8493063588	6884170	14752296	363507961	1199914151	NA	0
3747	3	opencv	conan-gcc	3548452	8496612040	6884185	14752296	363656955	1200421348	NA	0
3748	3	opencv	conan-gcc	3544180	8500156220	6884200	14752296	363805658	1200927280	NA	0
3749	3	opencv	conan-gcc	3549855	8503706075	6884215	14752296	363954596	1201434934	NA	0
3750	3	opencv	conan-gcc	3861239	8507567314	6884230	14752296	364112426	1201969435	NA	0
3751	3	opencv	conan-gcc	3649235	8511216549	6884245	14752296	364262005	1202480723	NA	0
3752	3	opencv	conan-gcc	3573097	8514789646	6884260	14752296	364411514	1202990701	NA	0
3753	3	opencv	conan-gcc	3618312	8518407958	6884275	14752296	364561008	1203501210	NA	0
3754	3	opencv	conan-gcc	3555817	8521963775	6884290	14752296	364710090	1204008345	NA	0
3755	3	opencv	conan-gcc	3757096	8525720871	6884305	14752296	364867508	1204538627	NA	0
3756	3	opencv	conan-gcc	3543775	8529264646	6884320	14752296	365016141	1205044061	NA	0
3757	3	opencv	conan-gcc	3569742	8532834388	6884335	14752296	365165797	1205553696	NA	0
3758	3	opencv	conan-gcc	3594151	8536428539	6884350	14752296	365315332	1206063616	NA	0
3759	3	opencv	conan-gcc	3641753	8540070292	6884365	14752296	365465682	1206579481	NA	0
3760	3	opencv	conan-gcc	3569324	8543639616	6884380	14752296	365614719	1207087421	NA	0
3761	3	opencv	conan-gcc	3816049	8547455665	6884395	14752296	365771933	1207618981	NA	0
3762	3	opencv	conan-gcc	3570473	8551026138	6884410	14752296	365921163	1208126579	NA	0
3763	3	opencv	conan-gcc	3582298	8554608436	6884425	14752296	366070601	1208637987	NA	0
3764	3	opencv	conan-gcc	3583127	8558191563	6884440	14752296	366220041	1209149358	NA	0
3765	3	opencv	conan-gcc	3553298	8561744861	6884455	14752296	366369447	1209657779	NA	0
3766	3	opencv	conan-gcc	3550814	8565295675	6884470	14752296	366518661	1210165618	NA	0
3767	3	opencv	conan-gcc	3542250	8568837925	6884485	14752296	366667429	1210671302	NA	0
3768	3	opencv	conan-gcc	3655587	8572493512	6884500	14752296	366823271	1211190231	NA	0
3769	3	opencv	conan-gcc	3559577	8576053089	6884515	14752296	366972139	1211697290	NA	0
3770	3	opencv	conan-gcc	3599190	8579652279	6884530	14752296	367121363	1212206954	NA	0
3771	3	opencv	conan-gcc	3535080	8583187359	6884545	14752296	367269958	1212711561	NA	0
3772	3	opencv	conan-gcc	3687429	8586874788	6884560	14752296	367425707	1213233509	NA	0
3773	3	opencv	conan-gcc	3587572	8590462360	6884575	14752296	367576119	1213747113	NA	0
3774	3	opencv	conan-gcc	3589249	8594051609	6884590	14752296	367725347	1214255300	NA	0
3775	3	opencv	conan-gcc	3584554	8597636163	6884605	14752296	367874499	1214762857	NA	0
3776	3	opencv	conan-gcc	3624410	8601260573	6884620	14752296	368023805	1215271702	NA	0
3777	3	opencv	conan-gcc	3555074	8604815647	6884635	14752296	368172733	1215778079	NA	0
3778	3	opencv	conan-gcc	3597971	8608413618	6884650	14752296	368322033	1216286465	NA	0
3779	3	opencv	conan-gcc	3532725	8611946343	6884665	14752296	368470733	1216790600	NA	0
3780	3	opencv	conan-gcc	3554338	8615500681	6884680	14752296	368619927	1217297900	NA	0
3781	3	opencv	conan-gcc	3561301	8619061982	6884695	14752296	368769141	1217806183	NA	0
3782	3	opencv	conan-gcc	3539523	8622601505	6884710	14752296	368917937	1218311182	NA	0
3783	3	opencv	conan-gcc	3553510	8626155015	6884725	14752296	369067059	1218818697	NA	0
3784	3	opencv	conan-gcc	3572258	8629727273	6884740	14752296	369216332	1219327590	NA	0
3785	3	opencv	conan-gcc	3550550	8633277823	6884755	14752296	369365334	1219834922	NA	0
3786	3	opencv	conan-gcc	3535114	8636812937	6884770	14752296	369514021	1220339607	NA	0
3787	3	opencv	conan-gcc	3556016	8640368953	6884785	14752296	369662943	1220846391	NA	0
3788	3	opencv	conan-gcc	3580509	8643949462	6884800	14752296	369811907	1221353580	NA	0
3789	3	opencv	conan-gcc	3569421	8647518883	6884815	14752296	369960966	1221860976	NA	0
3790	3	opencv	conan-gcc	3603585	8651122468	6884830	14752296	370110426	1222371650	NA	0
3791	3	opencv	conan-gcc	3531584	8654654052	6884845	14752296	370258957	1222875514	NA	0
3792	3	opencv	conan-gcc	3482323	8658136375	6884860	14752296	370405847	1223371730	NA	0
3793	3	opencv	conan-gcc	3482420	8661618795	6884875	14752296	370552591	1223867953	NA	0
3794	3	opencv	conan-gcc	3482395	8665101190	6884890	14752296	370699335	1224364035	NA	0
3795	3	opencv	conan-gcc	3482395	8668583585	6884905	14752296	370846079	1224860118	NA	0
3796	3	opencv	conan-gcc	3482405	8672065990	6884920	14752296	370992823	1225356295	NA	0
3797	3	opencv	conan-gcc	3482390	8675548380	6884935	14752296	371139567	1225852381	NA	0
3798	3	opencv	conan-gcc	3482347	8679030727	6884950	14752296	371286457	1226348665	NA	0
3799	3	opencv	conan-gcc	3545082	8682575809	6884965	14752296	371433507	1226850233	NA	0
3800	3	opencv	conan-gcc	3482405	8686058214	6884980	14752296	371580251	1227346414	NA	0
3801	3	opencv	conan-gcc	3482351	8689540565	6884995	14752296	371727084	1227842644	NA	0
3802	3	opencv	conan-gcc	3482405	8693022970	6885010	14752296	371873828	1228338821	NA	0
3803	3	opencv	conan-gcc	3482405	8696505375	6885025	14752296	372020572	1228834995	NA	0
3804	3	opencv	conan-gcc	3427652	8699933027	6885040	14752296	372161236	1229312420	NA	0
3805	3	opencv	conan-gcc	3358483	8703291510	6885055	14752296	372301894	1229785972	NA	0
3806	3	opencv	conan-gcc	3407562	8706699072	6885070	14752296	372442735	1230263065	NA	0
3807	3	opencv	conan-gcc	3358053	8710057125	6885085	15174960	372583397	1230736821	NA	1
3808	3	opencv	conan-gcc	3387939	8713445064	6885100	15174960	372724244	1231212956	NA	0
3809	3	opencv	conan-gcc	3370811	8716815875	6885115	15174960	372864937	1231687328	NA	0
3810	3	opencv	conan-gcc	3414152	8720230027	6885130	15174960	373006110	1232165418	NA	0
3811	3	opencv	conan-gcc	3367075	8723597102	6885145	15174960	373146807	1232639580	NA	0
3812	3	opencv	conan-gcc	3357014	8726954116	6885160	15174960	373287470	1233113128	NA	0
3813	3	opencv	conan-gcc	3372357	8730326473	6885175	15174960	373428253	1233588207	NA	0
3814	3	opencv	conan-gcc	3358680	8733685153	6885190	15174960	373568956	1234062166	NA	0
3815	3	opencv	conan-gcc	3367612	8737052765	6885205	15174960	373709645	1234536202	NA	0
3816	3	opencv	conan-gcc	3376752	8740429517	6885220	15174960	373850442	1235011294	NA	0
3817	3	opencv	conan-gcc	3363769	8743793286	6885235	15174960	373991164	1235485130	NA	0
3818	3	opencv	conan-gcc	3365194	8747158480	6885250	15174960	374131863	1235959209	NA	0
3819	3	opencv	conan-gcc	3375629	8750534109	6885265	15174960	374272687	1236434385	NA	0
3820	3	opencv	conan-gcc	3357960	8753892069	6885280	15174960	374413342	1236907999	NA	0
3821	3	opencv	conan-gcc	3358859	8757250928	6885295	15174960	374554002	1237381596	NA	0
3822	3	opencv	conan-gcc	3354258	8760605186	6885310	15174960	374694620	1237854495	NA	0
3823	3	opencv	conan-gcc	3364043	8763969229	6885325	15174960	374835310	1238328544	NA	0
3824	3	opencv	conan-gcc	3357087	8767326316	6885340	15174960	374975962	1238802023	NA	0
3825	3	opencv	conan-gcc	3360148	8770686464	6885355	15174960	375116612	1239275729	NA	0
3826	3	opencv	conan-gcc	3357431	8774043895	6885370	15174960	375257249	1239749086	NA	0
3827	3	opencv	conan-gcc	3370417	8777414312	6885385	15174960	375397939	1240223510	NA	0
3828	3	opencv	conan-gcc	3359274	8780773586	6885400	15174960	375538654	1240697430	NA	0
3829	3	opencv	conan-gcc	3393331	8784166917	6885415	15174960	375679469	1241173697	NA	0
3830	3	opencv	conan-gcc	3395570	8787562487	6885430	15174960	375820208	1241649387	NA	0
3831	3	opencv	conan-gcc	3357547	8790920034	6885445	15174960	375960860	1242122950	NA	0
3832	3	opencv	conan-gcc	3370650	8794290684	6885460	15174960	376101583	1242597478	NA	0
3833	3	opencv	conan-gcc	3395257	8797685941	6885475	15174960	376242582	1243074410	NA	0
3834	3	opencv	conan-gcc	2305175	8799991116	6885490	15174960	376344939	1243422480	NA	0
3835	3	opencv	conan-gcc	2268900	8802260016	6885505	15174960	376445720	1243763489	NA	0
3836	3	opencv	conan-gcc	2303690	8804563706	6885520	15174960	376547905	1244111716	NA	0
3837	3	opencv	conan-gcc	2285389	8806849095	6885535	15174960	376649192	1244455409	NA	0
3838	3	opencv	conan-gcc	2252995	8809102090	6885550	15174960	376749303	1244793175	NA	0
3839	3	opencv	conan-gcc	2262724	8811364814	6885565	15174960	376849697	1245132773	NA	0
3840	3	opencv	conan-gcc	2270156	8813634970	6885580	15174960	376950651	1245474652	NA	0
3841	3	opencv	conan-gcc	2562357	8816197327	6885595	15174960	377058955	1245849080	NA	0
3842	3	opencv	conan-gcc	2274228	8818471555	6885610	15174960	377159879	1246191000	NA	0
3843	3	opencv	conan-gcc	2268689	8820740244	6885625	15174960	377260676	1246532213	NA	0
3844	3	opencv	conan-gcc	2279554	8823019798	6885640	15174960	377361554	1246874269	NA	0
3845	3	opencv	conan-gcc	2632350	8825652148	6885655	15174960	377472854	1247262187	NA	0
3846	3	opencv	conan-gcc	2270860	8827923008	6885670	15174960	377573644	1247603360	NA	0
3847	3	opencv	conan-gcc	2255044	8830178052	6885685	15174960	377673826	1247941620	NA	0
3848	3	opencv	conan-gcc	2315555	8832493607	6885700	15174960	377777257	1248292909	NA	0
3849	3	opencv	conan-gcc	3437747	8835931354	6885715	15174960	377921402	1248781434	NA	0
3850	3	opencv	conan-gcc	3426206	8839357560	6885730	15174960	378065329	1249268278	NA	0
3851	3	opencv	conan-gcc	3442952	8842800512	6885745	15174960	378209508	1249757483	NA	0
3852	3	opencv	conan-gcc	3427549	8846228061	6885760	15174960	378353435	1250244418	NA	0
3853	3	opencv	conan-gcc	3438698	8849666759	6885775	15174960	378497501	1250732426	NA	0
3854	3	opencv	conan-gcc	3432979	8853099738	6885790	15174960	378641312	1251219927	NA	0
3855	3	opencv	conan-gcc	3422200	8856521938	6885805	15174960	378785144	1251706111	NA	0
3856	3	opencv	conan-gcc	3459824	8859981762	6885820	15174960	378929629	1252196728	NA	0
3857	3	opencv	conan-gcc	3438154	8863419916	6885835	15174960	379073679	1252684649	NA	0
3858	3	opencv	conan-gcc	3433392	8866853308	6885850	15174960	379217795	1253173133	NA	0
3859	3	opencv	conan-gcc	3436250	8870289558	6885865	15174960	379361900	1253661523	NA	0
3860	3	opencv	conan-gcc	3441786	8873731344	6885880	15174960	379505988	1254149713	NA	0
3861	3	opencv	conan-gcc	3430596	8877161940	6885895	15174960	379650137	1254637244	NA	0
3862	3	opencv	conan-gcc	3382238	8880544178	6885910	15174960	379792117	1255115929	NA	0
3863	3	opencv	conan-gcc	3379305	8883923483	6885925	15174960	379934044	1255593934	NA	0
3864	3	opencv	conan-gcc	3382111	8887305594	6885940	15174960	380076039	1256072670	NA	0
3865	3	opencv	conan-gcc	2246165	8889551759	6885955	15174960	380175166	1256411111	NA	0
3866	3	opencv	conan-gcc	2246977	8891798736	6885970	15174960	380274296	1256749710	NA	0
3867	3	opencv	conan-gcc	2250458	8894049194	6885985	15174960	380373725	1257089391	NA	0
3868	3	opencv	conan-gcc	2240021	8896289215	6886000	15174960	380472603	1257426609	NA	0
3869	3	opencv	conan-gcc	2299214	8898588429	6886015	15174960	380573314	1257771479	NA	0
3870	3	opencv	conan-gcc	2275157	8900863586	6886030	15174960	380673794	1258114706	NA	0
3871	3	opencv	conan-gcc	2239627	8903103213	6886045	15174960	380772655	1258451701	NA	0
3872	3	opencv	conan-gcc	2350613	8905453826	6886060	15174960	380876430	1258805834	NA	0
3873	3	opencv	conan-gcc	2252436	8907706262	6886075	15174960	380975718	1259144905	NA	0
3874	3	opencv	conan-gcc	2259454	8909965716	6886090	15174960	381075542	1259485430	NA	0
3875	3	opencv	conan-gcc	2243321	8912209037	6886105	15174960	381174460	1259823014	NA	0
3876	3	opencv	conan-gcc	2251014	8914460051	6886120	15174960	381273880	1260162551	NA	0
3877	3	opencv	conan-gcc	2252904	8916712955	6886135	15174960	381373188	1260502081	NA	0
3878	3	opencv	conan-gcc	2147365	8918860320	6886150	15174960	381468387	1260822613	NA	0
3879	3	opencv	conan-gcc	3492225	8922352545	6886165	15174960	381615662	1261320727	NA	0
3880	3	opencv	conan-gcc	3529221	8925881766	6886180	15174960	381763062	1261821170	NA	0
3881	3	opencv	conan-gcc	3497017	8929378783	6886195	15174960	381910245	1262320237	NA	0
3882	3	opencv	conan-gcc	3501299	8932880082	6886210	15174960	382057488	1262819502	NA	0
3883	3	opencv	conan-gcc	3522656	8936402738	6886225	15174960	382204875	1263320339	NA	0
3884	3	opencv	conan-gcc	3537258	8939939996	6886240	15174960	382353967	1263826222	NA	0
3885	3	opencv	conan-gcc	3534409	8943474405	6886255	15174960	382501693	1264328916	NA	0
3886	3	opencv	conan-gcc	3509045	8946983450	6886270	15174960	382649069	1264829527	NA	0
3887	3	opencv	conan-gcc	3493387	8950476837	6886285	15174960	382796352	1265327929	NA	0
3888	3	opencv	conan-gcc	3512675	8953989512	6886300	15174960	382943631	1265827839	NA	0
3889	3	opencv	conan-gcc	3493004	8957482516	6886315	15174960	383090974	1266326092	NA	0
3890	3	opencv	conan-gcc	3405910	8960888426	6886330	15174960	383233703	1266808239	NA	0
3891	3	opencv	conan-gcc	3372897	8964261323	6886345	15174960	383374861	1267284083	NA	0
3892	3	opencv	conan-gcc	3373294	8967634617	6886360	15174960	383515919	1267760162	NA	0
3893	3	opencv	conan-gcc	3370171	8971004788	6886375	15174960	383656984	1268235772	NA	0
3894	3	opencv	conan-gcc	7730333	8978735121	6886390	15174960	383915102	1268947414	NA	0
3895	3	opencv	conan-gcc	3317207	8982052328	6886405	15174960	384048301	1269376754	NA	0
3896	3	opencv	conan-gcc	2794558	8984846886	6886420	15174960	384166863	1269776538	NA	0
3897	3	opencv	conan-gcc	3013290	8987860176	6886435	15174960	384292112	1270192389	NA	0
3898	3	opencv	conan-gcc	3055844	8990916020	6886450	15174960	384418899	1270613018	NA	0
3899	3	opencv	conan-gcc	2999796	8993915816	6886465	15174960	384543394	1271026554	NA	0
3900	3	opencv	conan-gcc	2574486	8996490302	6886480	15174960	384654600	1271406073	NA	0
3901	3	opencv	conan-gcc	2486628	8998976930	6886495	15174960	384762381	1271776497	NA	0
3902	3	opencv	conan-gcc	2416185	9001393115	6886510	15174960	384867652	1272141338	NA	0
3903	3	opencv	conan-gcc	2453819	9003846934	6886525	15174960	384974466	1272509693	NA	0
3904	3	opencv	conan-gcc	2637514	9006484448	6886540	15174960	385090905	1272902592	NA	0
3905	3	opencv	conan-gcc	5773104	9012257552	6886555	15174960	385311236	1273584774	NA	0
3906	3	opencv	conan-gcc	5780480	9018038032	6886570	15174960	385531634	1274265432	NA	0
3907	3	opencv	conan-gcc	5704556	9023742588	6886585	15174960	385750146	1274937206	NA	0
3908	3	opencv	conan-gcc	2600610	9026343198	6886600	15174960	385865022	1275325204	NA	0
3909	3	opencv	conan-gcc	2644853	9028988051	6886615	15174960	385981099	1275718722	NA	0
3910	3	opencv	conan-gcc	2595669	9031583720	6886630	15174960	386096135	1276105629	NA	0
3911	3	opencv	conan-gcc	2589031	9034172751	6886645	15174960	386210859	1276491091	NA	0
3912	3	opencv	conan-gcc	2590442	9036763193	6886660	15174960	386325658	1276876791	NA	0
3913	3	opencv	conan-gcc	2592998	9039356191	6886675	15174960	386440529	1277263023	NA	0
3914	3	opencv	conan-gcc	2693489	9042049680	6886690	15174960	386559446	1277666734	NA	0
3915	3	opencv	conan-gcc	2686692	9044736372	6886705	15174960	386679156	1278068851	NA	0
3916	3	opencv	conan-gcc	2590785	9047327157	6886720	15174960	386793985	1278454667	NA	0
3917	3	opencv	conan-gcc	2598042	9049925199	6886735	15174960	386909101	1278841632	NA	0
3918	3	opencv	conan-gcc	2626947	9052552146	6886750	15174960	387024970	1279232895	NA	0
3919	3	opencv	conan-gcc	2903712	9055455858	6886765	15834477	387147470	1279654603	NA	1
3920	3	opencv	conan-gcc	2985469	9058441327	6886780	15834477	387272048	1280087813	NA	0
3921	3	opencv	conan-gcc	2904168	9061345495	6886795	15834477	387394576	1280509503	NA	0
3922	3	opencv	conan-gcc	2924451	9064269946	6886810	15834477	387517741	1280934519	NA	0
3923	3	opencv	conan-gcc	2909683	9067179629	6886825	15834477	387640458	1281357671	NA	0
3924	3	opencv	conan-gcc	2589558	9069769187	6886840	15834477	387755187	1281743162	NA	0
3925	3	opencv	conan-gcc	2926528	9072695715	6886855	15834477	387878461	1282168668	NA	0
3926	3	opencv	conan-gcc	2918751	9075614466	6886870	15834477	388001224	1282591953	NA	0
3927	3	opencv	conan-gcc	2900210	9078514676	6886885	15834477	388123520	1283012883	NA	0
3928	3	opencv	conan-gcc	2974253	9081488929	6886900	15834477	388249053	1283447020	NA	0
3929	3	opencv	conan-gcc	2909612	9084398541	6886915	15834477	388371721	1283869417	NA	0
3930	3	opencv	conan-gcc	2600200	9086998741	6886930	15834477	388486843	1284256683	NA	0
3931	3	opencv	conan-gcc	2595625	9089594366	6886945	15834477	388601788	1284643125	NA	0
3932	3	opencv	conan-gcc	2897000	9092491366	6886960	15834477	388724154	1285063865	NA	0
3933	3	opencv	conan-gcc	2895719	9095387085	6886975	15834477	388846471	1285484386	NA	0
3934	3	opencv	conan-gcc	2903746	9098290831	6886990	15834477	388969227	1285907598	NA	0
3935	3	opencv	conan-gcc	2909038	9101199869	6887005	15834477	389091722	1286330539	NA	0
3936	3	opencv	conan-gcc	2595932	9103795801	6887020	15834477	389206386	1286717366	NA	0
3937	3	opencv	conan-gcc	2907003	9106702804	6887035	15834477	389328908	1287139826	NA	0
3938	3	opencv	conan-gcc	2898743	9109601547	6887050	15834477	389451299	1287560480	NA	0
3939	3	opencv	conan-gcc	2972288	9112573835	6887065	15834477	389575721	1287992941	NA	0
3940	3	opencv	conan-gcc	2900922	9115474757	6887080	15834477	389698213	1288414439	NA	0
3941	3	opencv	conan-gcc	2908422	9118383179	6887095	15834477	389821030	1288837363	NA	0
3942	3	opencv	conan-gcc	2896193	9121279372	6887110	15834477	389943328	1289259628	NA	0
3943	3	opencv	conan-gcc	2595773	9123875145	6887125	15834477	390052103	1289635981	NA	0
3944	3	opencv	conan-gcc	2962142	9126837287	6887140	15834477	390176535	1290068160	NA	0
3945	3	opencv	conan-gcc	2931917	9129769204	6887155	15834477	390299331	1290492882	NA	0
3946	3	opencv	conan-gcc	2602287	9132371491	6887170	15834477	390414263	1290879766	NA	0
3947	3	opencv	conan-gcc	2886075	9135257566	6887185	15834477	390536128	1291299170	NA	0
3948	3	opencv	conan-gcc	2901005	9138158571	6887200	15834477	390658599	1291720527	NA	0
3949	3	opencv	conan-gcc	2899718	9141058289	6887215	15834477	390781028	1292141705	NA	0
3950	3	opencv	conan-gcc	2602503	9143660792	6887230	15834477	390896034	1292529147	NA	0
3951	3	opencv	conan-gcc	2928612	9146589404	6887245	15834477	391019275	1292955870	NA	0
3952	3	opencv	conan-gcc	2954927	9149544331	6887260	15834477	391143659	1293387460	NA	0
3953	3	opencv	conan-gcc	2981738	9152526069	6887275	15834477	391268555	1293819123	NA	0
3954	3	opencv	conan-gcc	2926489	9155452558	6887290	15834477	391391558	1294244648	NA	0
3955	3	opencv	conan-gcc	2599853	9158052411	6887305	15834477	391506628	1294632216	NA	0
3956	3	opencv	conan-gcc	2899963	9160952374	6887320	15834477	391628839	1295053221	NA	0
3957	3	opencv	conan-gcc	2897330	9163849704	6887335	15834477	391751174	1295473859	NA	0
3958	3	opencv	conan-gcc	2919679	9166769383	6887350	15834477	391874004	1295898662	NA	0
3959	3	opencv	conan-gcc	2600128	9169369511	6887365	15834477	391989116	1296286420	NA	0
3960	3	opencv	conan-gcc	2901438	9172270949	6887380	15834477	392111550	1296707797	NA	0
3961	3	opencv	conan-gcc	2914084	9175185033	6887395	15834477	392234557	1297131810	NA	0
3962	3	opencv	conan-gcc	2594763	9177779796	6887410	15834477	392349458	1297518554	NA	0
3963	3	opencv	conan-gcc	2597868	9180377664	6887425	15834477	392464473	1297905765	NA	0
3964	3	opencv	conan-gcc	2902036	9183279700	6887440	15834477	392586962	1298327293	NA	0
3965	3	opencv	conan-gcc	2901921	9186181621	6887455	15834477	392709212	1298748583	NA	0
3966	3	opencv	conan-gcc	2998863	9189180484	6887470	15834477	392835081	1299185708	NA	0
3967	3	opencv	conan-gcc	2902993	9192083477	6887485	15834477	392957892	1299608813	NA	0
3968	3	opencv	conan-gcc	2909771	9194993248	6887500	15834477	393080249	1300031228	NA	0
3969	3	opencv	conan-gcc	2900181	9197893429	6887515	15834477	393202499	1300452550	NA	0
3970	3	opencv	conan-gcc	2934961	9200828390	6887530	15834477	393326319	1300879096	NA	0
3971	3	opencv	conan-gcc	2901841	9203730231	6887545	15834477	393448603	1301300599	NA	0
3972	3	opencv	conan-gcc	2597162	9206327393	6887560	15834477	393563524	1301686859	NA	0
3973	3	opencv	conan-gcc	2906408	9209233801	6887575	15834477	393685882	1302109055	NA	0
3974	3	opencv	conan-gcc	2910742	9212144543	6887590	15834477	393808460	1302532316	NA	0
3975	3	opencv	conan-gcc	2954844	9215099387	6887605	15834477	393932324	1302961422	NA	0
3976	3	opencv	conan-gcc	2913851	9218013238	6887620	15834477	394054971	1303385022	NA	0
3977	3	opencv	conan-gcc	2906587	9220919825	6887635	15834477	394177676	1303807314	NA	0
3978	3	opencv	conan-gcc	2896415	9223816240	6887650	15834477	394300008	1304227894	NA	0
3979	3	opencv	conan-gcc	2942207	9226758447	6887665	15834477	394423361	1304655053	NA	0
3980	3	opencv	conan-gcc	2609227	9229367674	6887680	15834477	394538956	1305044481	NA	0
3981	3	opencv	conan-gcc	2898576	9232266250	6887695	15834477	394661287	1305466570	NA	0
3982	3	opencv	conan-gcc	2598167	9234864417	6887710	15834477	394776061	1305853882	NA	0
3983	3	opencv	conan-gcc	2909517	9237773934	6887725	15834477	394898673	1306276875	NA	0
3984	3	opencv	conan-gcc	2981671	9240755605	6887740	15834477	395024463	1306711934	NA	0
3985	3	opencv	conan-gcc	2983711	9243739316	6887755	15834477	395150075	1307147719	NA	0
3986	3	opencv	conan-gcc	2904893	9246644209	6887770	15834477	395272650	1307569772	NA	0
3987	3	opencv	conan-gcc	2904767	9249548976	6887785	15834477	395395237	1307991719	NA	0
3988	3	opencv	conan-gcc	2594749	9252143725	6887800	15834477	395510191	1308378425	NA	0
3989	3	opencv	conan-gcc	2921479	9255065204	6887815	15834477	395633213	1308803701	NA	0
3990	3	opencv	conan-gcc	2904875	9257970079	6887830	15834477	395755589	1309225758	NA	0
3991	3	opencv	conan-gcc	2895551	9260865630	6887845	15834477	395877602	1309646050	NA	0
3992	3	opencv	conan-gcc	2898707	9263764337	6887860	15834477	396000012	1310067043	NA	0
3993	3	opencv	conan-gcc	2901739	9266666076	6887875	15834477	396122490	1310488581	NA	0
3994	3	opencv	conan-gcc	2618326	9269284402	6887890	15834477	396238372	1310879598	NA	0
3995	3	opencv	conan-gcc	2724684	9272009086	6887905	15834477	396358700	1311289017	NA	0
3996	3	opencv	conan-gcc	2731180	9274740266	6887920	15834477	396478768	1311696837	NA	0
3997	3	opencv	conan-gcc	2697005	9277437271	6887935	15834477	396598222	1312102129	NA	0
3998	3	opencv	conan-gcc	2796645	9280233916	6887950	15834477	396720959	1312522795	NA	0
3999	3	opencv	conan-gcc	2711203	9282945119	6887965	15834477	396840806	1312930184	NA	0
4000	3	opencv	conan-gcc	2730564	9285675683	6887980	15834477	396961223	1313339880	NA	0
4001	3	opencv	conan-gcc	2701161	9288376844	6887995	15834477	397080797	1313745712	NA	0
4002	3	opencv	conan-gcc	2708263	9291085107	6888010	15834477	397200731	1314153557	NA	0
4003	3	opencv	conan-gcc	2671793	9293756900	6888025	15834477	397318991	1314553598	NA	0
4004	3	opencv	conan-gcc	3923805	9297680705	6888040	15834477	397487039	1315108245	NA	0
4005	3	opencv	conan-gcc	3989868	9301670573	6888055	15834477	397655024	1315670442	NA	0
4006	3	opencv	conan-gcc	2593013	9304263586	6888070	15834477	397769935	1316056656	NA	0
4007	3	opencv	conan-gcc	2589183	9306852769	6888085	15834477	397884677	1316442172	NA	0
4008	3	opencv	conan-gcc	2698684	9309551453	6888100	15834477	398004221	1316847782	NA	0
4009	3	opencv	conan-gcc	2604134	9312155587	6888115	15834477	398119412	1317235237	NA	0
4010	3	opencv	conan-gcc	2697235	9314852822	6888130	15834477	398238532	1317640593	NA	0
4011	3	opencv	conan-gcc	2697201	9317550023	6888145	15834477	398358007	1318045931	NA	0
4012	3	opencv	conan-gcc	2700432	9320250455	6888160	15834477	398477579	1318451714	NA	0
4013	3	opencv	conan-gcc	2598544	9322848999	6888175	15834477	398592781	1318838917	NA	0
4014	3	opencv	conan-gcc	4082736	9326931735	6888190	15834477	398766423	1319410757	NA	0
4015	3	opencv	conan-gcc	4214959	9331146694	6888205	15834477	398943067	1320000218	NA	0
4016	3	opencv	conan-gcc	6304862	9337451556	6888220	15834477	399178727	1320724540	NA	0
4017	3	opencv	conan-gcc	3229917	9340681473	6888235	15834477	399317561	1321190633	NA	0
4018	3	opencv	conan-gcc	2622450	9343303923	6888250	15834477	399433593	1321580615	NA	0
4019	3	opencv	conan-gcc	2597310	9345901233	6888265	15834477	399548823	1321967599	NA	0
4020	3	opencv	conan-gcc	2591375	9348492608	6888280	15834477	399663732	1322353514	NA	0
4021	3	opencv	conan-gcc	2650942	9351143550	6888295	15834477	399780437	1322749226	NA	0
4022	3	opencv	conan-gcc	2626076	9353769626	6888310	15834477	399896112	1323141313	NA	0
4023	3	opencv	conan-gcc	2612649	9356382275	6888325	15834477	400011441	1323531073	NA	0
4024	3	opencv	conan-gcc	2613968	9358996243	6888340	15834477	400126803	1323921091	NA	0
4025	3	opencv	conan-gcc	2631107	9361627350	6888355	15834477	400242611	1324313850	NA	0
4026	3	opencv	conan-gcc	2623343	9364250693	6888370	15834477	400358215	1324705549	NA	0
4027	3	opencv	conan-gcc	2610125	9366860818	6888385	15834477	400473477	1325094696	NA	0
4028	3	opencv	conan-gcc	2590987	9369451805	6888400	15834477	400588264	1325480520	NA	0
4029	3	opencv	conan-gcc	2694436	9372146241	6888415	15834477	400708578	1325883588	NA	0
4030	3	opencv	conan-gcc	2694507	9374840748	6888430	15834477	400828641	1326286743	NA	0
4031	3	opencv	conan-gcc	2694875	9377535623	6888445	16127595	400948715	1326689937	NA	1
4032	3	opencv	conan-gcc	2694424	9380230047	6888460	16127595	401069031	1327093084	NA	0
4033	3	opencv	conan-gcc	2694292	9382924339	6888475	16127595	401189342	1327496203	NA	0
4034	3	opencv	conan-gcc	2694443	9385618782	6888490	16127595	401309657	1327899343	NA	0
4035	3	opencv	conan-gcc	2694439	9388313221	6888505	16127595	401429970	1328302527	NA	0
4036	3	opencv	conan-gcc	2694453	9391007674	6888520	16127595	401550284	1328705670	NA	0
4037	3	opencv	conan-gcc	2694488	9393702162	6888535	16127595	401670598	1329108831	NA	0
4038	3	opencv	conan-gcc	2694515	9396396677	6888550	16127595	401790660	1329512014	NA	0
4039	3	opencv	conan-gcc	2694287	9399090964	6888565	16127595	401910969	1329915076	NA	0
4040	3	opencv	conan-gcc	2589518	9401680482	6888580	16127595	402025694	1330300577	NA	0
4041	3	opencv	conan-gcc	2593213	9404273695	6888595	16127595	402140678	1330687059	NA	0
4042	3	opencv	conan-gcc	4677718	9408951413	6888610	16127595	402314445	1331241373	NA	0
4043	3	opencv	conan-gcc	4674897	9413626310	6888625	16127595	402488058	1331795282	NA	0
4044	3	opencv	conan-gcc	4679309	9418305619	6888640	16127595	402661880	1332349763	NA	0
4045	3	opencv	conan-gcc	4702881	9423008500	6888655	16127595	402836367	1332907199	NA	0
4046	3	opencv	conan-gcc	4692908	9427701408	6888670	16127595	403010381	1333463784	NA	0
4047	3	opencv	conan-gcc	4909549	9432610957	6888685	16127595	403188740	1334041922	NA	0
4048	3	opencv	conan-gcc	4928772	9437539729	6888700	16127595	403367718	1334623196	NA	0
4049	3	opencv	conan-gcc	4906754	9442446483	6888715	16127595	403545932	1335200869	NA	0
4050	3	opencv	conan-gcc	4911296	9447357779	6888730	16127595	403724327	1335779434	NA	0
4051	3	opencv	conan-gcc	4934013	9452291792	6888745	16127595	403903390	1336360571	NA	0
4052	3	opencv	conan-gcc	4924765	9457216557	6888760	16127595	404082002	1336940794	NA	0
4053	3	opencv	conan-gcc	5193068	9462409625	6888775	16127595	404265109	1337545143	NA	0
4054	3	opencv	conan-gcc	5210260	9467619885	6888790	16127595	404448774	1338152663	NA	0
4055	3	opencv	conan-gcc	3432569	9471052454	6888805	16127595	404593107	1338640817	NA	0
4056	3	opencv	conan-gcc	3569147	9474621601	6888820	16127595	404739079	1339142327	NA	0
4057	3	opencv	conan-gcc	3529964	9478151565	6888835	16127595	404884900	1339641584	NA	0
4058	3	opencv	conan-gcc	3453728	9481605293	6888850	16127595	405029905	1340133302	NA	0
4059	3	opencv	conan-gcc	3526571	9485131864	6888865	16127595	405175579	1340631516	NA	0
4060	3	opencv	conan-gcc	3548563	9488680427	6888880	16127595	405324931	1341139532	NA	0
4061	3	opencv	conan-gcc	3472576	9492153003	6888895	16127595	405469433	1341630168	NA	0
4062	3	opencv	conan-gcc	3429063	9495582066	6888910	16127595	405613627	1342117644	NA	0
4063	3	opencv	conan-gcc	3657906	9499239972	6888925	16127595	405760953	1342626762	NA	0
4064	3	opencv	conan-gcc	3703700	9502943672	6888940	16127595	405910059	1343144568	NA	0
4065	3	opencv	conan-gcc	3430260	9506373932	6888955	16127595	406054264	1343632401	NA	0
4066	3	opencv	conan-gcc	3517737	9509891669	6888970	16127595	406199592	1344129364	NA	0
4067	3	opencv	conan-gcc	3495702	9513387371	6888985	16127595	406345107	1344625766	NA	0
4068	3	opencv	conan-gcc	3442046	9516829417	6889000	16127595	406489445	1345114671	NA	0
4069	3	opencv	conan-gcc	3513698	9520343115	6889015	16127595	406637882	1345615132	NA	0
4070	3	opencv	conan-gcc	4101043	9524444158	6889030	16127595	406786167	1346143366	NA	0
4071	3	opencv	conan-gcc	3792339	9528236497	6889045	16127595	406932472	1346652215	NA	0
4072	3	opencv	conan-gcc	3491826	9531728323	6889060	16127595	407077567	1347146590	NA	0
4073	3	opencv	conan-gcc	3526041	9535254364	6889075	16127595	407223008	1347643835	NA	0
4074	3	opencv	conan-gcc	224	9535254588	6889090	16127595	407223028	1347643964	NA	0
4075	3	opencv	conan-gcc	3454210	9538708798	6889105	16127595	407368094	1348135801	NA	0
4076	3	opencv	conan-gcc	3528412	9542237210	6889120	16127595	407513479	1348634181	NA	0
4077	3	opencv	conan-gcc	3425772	9545662982	6889135	16127595	407657070	1349120965	NA	0
4078	3	opencv	conan-gcc	3428014	9549090996	6889150	16127595	407800698	1349608223	NA	0
4079	3	opencv	conan-gcc	3412278	9552503274	6889165	16127595	407943854	1350092401	NA	0
4080	3	opencv	conan-gcc	3444361	9555947635	6889180	16127595	408087831	1350580656	NA	0
4081	3	opencv	conan-gcc	3587530	9559535165	6889195	16127595	408232563	1351077815	NA	0
4082	3	opencv	conan-gcc	3407631	9562942796	6889210	16127595	408375483	1351560711	NA	0
4083	3	opencv	conan-gcc	3528436	9566471232	6889225	16127595	408520504	1352056382	NA	0
4084	3	opencv	conan-gcc	3411159	9569882391	6889240	16127595	408663636	1352540246	NA	0
4085	3	opencv	conan-gcc	3412560	9573294951	6889255	16127595	408806707	1353023953	NA	0
4086	3	opencv	conan-gcc	3419963	9576714914	6889270	16127595	408949817	1353508147	NA	0
4087	3	opencv	conan-gcc	3470154	9580185068	6889285	16127595	409093072	1353995064	NA	0
4088	3	opencv	conan-gcc	2300964	9582486032	6889300	16127595	409193953	1354341601	NA	0
4089	3	opencv	conan-gcc	2645476	9585131508	6889315	16127595	409299773	1354706810	NA	0
4090	3	opencv	conan-gcc	2713852	9587845360	6889330	16127595	409405107	1355072341	NA	0
4091	3	opencv	conan-gcc	2301647	9590147007	6889345	16127595	409506099	1355418982	NA	0
4092	3	opencv	conan-gcc	2295724	9592442731	6889360	16127595	409606641	1355763953	NA	0
4093	3	opencv	conan-gcc	2316097	9594758828	6889375	16127595	409708205	1356113373	NA	0
4094	3	opencv	conan-gcc	2411896	9597170724	6889390	16127595	409815294	1356479430	NA	0
4095	3	opencv	conan-gcc	2300041	9599470765	6889405	16127595	409915959	1356825428	NA	0
4096	3	opencv	conan-gcc	2288439	9601759204	6889420	16127595	410016276	1357169032	NA	0
4097	3	opencv	conan-gcc	2309692	9604068896	6889435	16127595	410117438	1357517605	NA	0
4098	3	opencv	conan-gcc	2606373	9606675269	6889450	16127595	410226340	1357899451	NA	0
4099	3	opencv	conan-gcc	2588726	9609263995	6889465	16127595	410334495	1358277205	NA	0
4100	3	opencv	conan-gcc	2294670	9611558665	6889480	16127595	410435020	1358621828	NA	0
4101	3	opencv	conan-gcc	2293894	9613852559	6889495	16127595	410535564	1358966685	NA	0
4102	3	opencv	conan-gcc	2299770	9616152329	6889510	16127595	410636412	1359313017	NA	0
4103	3	opencv	conan-gcc	2366188	9618518517	6889525	16127595	410740264	1359671334	NA	0
4104	3	opencv	conan-gcc	2338512	9620857029	6889540	16127595	410842721	1360023555	NA	0
4105	3	opencv	conan-gcc	2291630	9623148659	6889555	16127595	410943221	1360368050	NA	0
4106	3	opencv	conan-gcc	2305339	9625453998	6889570	16127595	411044226	1360715172	NA	0
4107	3	opencv	conan-gcc	2296479	9627750477	6889585	16127595	411144903	1361060630	NA	0
4108	3	opencv	conan-gcc	2288411	9630038888	6889600	16127595	411245217	1361404302	NA	0
4109	3	opencv	conan-gcc	2328231	9632367119	6889615	16127595	411346893	1361754102	NA	0
4110	3	opencv	conan-gcc	2327654	9634694773	6889630	16127595	411449385	1362107586	NA	0
4111	3	opencv	conan-gcc	2334738	9637029511	6889645	16127595	411552127	1362461340	NA	0
4112	3	opencv	conan-gcc	2657777	9639687288	6889660	16127595	411662937	1362852138	NA	0
4113	3	opencv	conan-gcc	2147445	9641834733	6889675	16127595	411758136	1363172559	NA	0
4114	3	opencv	conan-gcc	2620092	9644454825	6889690	16127595	411867821	1363557978	NA	0
4115	3	opencv	conan-gcc	4607802	9649062627	6889705	16127595	412031453	1364093962	NA	0
4116	3	opencv	conan-gcc	4640009	9653702636	6889720	16127595	412196419	1364636471	NA	0
4117	3	opencv	conan-gcc	4921497	9658624133	6889735	16127595	412366318	1365204633	NA	0
4118	3	opencv	conan-gcc	3522382	9662146515	6889750	16127595	412514845	1365708380	NA	0
4119	3	opencv	conan-gcc	3522524	9665669039	6889765	16127595	412663211	1366212197	NA	0
4120	3	opencv	conan-gcc	3522398	9669191437	6889780	16127595	412811738	1366715877	NA	0
4121	3	opencv	conan-gcc	3410996	9672602433	6889795	16127595	412954341	1367198744	NA	0
4122	3	opencv	conan-gcc	3402866	9676005299	6889810	16127595	413096645	1367680600	NA	0
4123	3	opencv	conan-gcc	3411538	9679416837	6889825	16127595	413239125	1368163039	NA	0
4124	3	opencv	conan-gcc	3402022	9682818859	6889840	16127595	413381496	1368644398	NA	0
4125	3	opencv	conan-gcc	3405248	9686224107	6889855	16127595	413523754	1369126155	NA	0
4126	3	opencv	conan-gcc	3419860	9689643967	6889870	16127595	413666533	1369610337	NA	0
4127	3	opencv	conan-gcc	3460198	9693104165	6889885	16127595	413809786	1370097415	NA	0
4128	3	opencv	conan-gcc	3427718	9696531883	6889900	16127595	413952630	1370582276	NA	0
4129	3	opencv	conan-gcc	3432529	9699964412	6889915	16127595	414095444	1371065917	NA	0
4130	3	opencv	conan-gcc	3404622	9703369034	6889930	16127595	414237858	1371547834	NA	0
4131	3	opencv	conan-gcc	3407133	9706776167	6889945	16127595	414380209	1372029994	NA	0
4132	3	opencv	conan-gcc	3425698	9710201865	6889960	16127595	414522596	1372512330	NA	0
4133	3	opencv	conan-gcc	3394908	9713596773	6889975	16127595	414664896	1372992766	NA	0
4134	3	opencv	conan-gcc	3437597	9717034370	6889990	16127595	414807794	1373477860	NA	0
4135	3	opencv	conan-gcc	3405249	9720439619	6890005	16127595	414950119	1373959823	NA	0
4136	3	opencv	conan-gcc	3427601	9723867220	6890020	16127595	415092772	1374443800	NA	0
4137	3	opencv	conan-gcc	3423521	9727290741	6890035	16127595	415235223	1374927411	NA	0
4138	3	opencv	conan-gcc	3402270	9730693011	6890050	16127595	415377615	1375408882	NA	0
4139	3	opencv	conan-gcc	3398069	9734091080	6890065	16127595	415519972	1375889907	NA	0
4140	3	opencv	conan-gcc	3523161	9737614241	6890080	16127595	415668540	1376393755	NA	0
4141	3	opencv	conan-gcc	3523306	9741137547	6890095	16127595	415816953	1376897646	NA	0
4142	3	opencv	conan-gcc	3527909	9744665456	6890110	16127595	415965577	1377402079	NA	0
4143	3	opencv	conan-gcc	3414520	9748079976	6890125	16422948	416107974	1377884730	NA	1
4144	3	opencv	conan-gcc	3402657	9751482633	6890140	16422948	416250383	1378366541	NA	0
4145	3	opencv	conan-gcc	3414415	9754897048	6890155	16422948	416392756	1378848915	NA	0
4146	3	opencv	conan-gcc	3395081	9758292129	6890170	16422948	416534993	1379329470	NA	0
4147	3	opencv	conan-gcc	3407951	9761700080	6890185	16422948	416677182	1379810860	NA	0
4148	3	opencv	conan-gcc	2623987	9764324067	6890200	16422948	416792399	1380204349	NA	0
4149	3	opencv	conan-gcc	2238210	9766562277	6890215	16422948	416890960	1380540025	NA	0
4150	3	opencv	conan-gcc	2214635	9768776912	6890230	16422948	416988747	1380872234	NA	0
4151	3	opencv	conan-gcc	2323759	9771100671	6890245	16422948	417091632	1381222387	NA	0
4152	3	opencv	conan-gcc	2341496	9773442167	6890260	16422948	417195436	1381575950	NA	0
4153	3	opencv	conan-gcc	2214696	9775656863	6890275	16422948	417293169	1381908110	NA	0
4154	3	opencv	conan-gcc	2214700	9777871563	6890290	16422948	417390902	1382240341	NA	0
4155	3	opencv	conan-gcc	2214839	9780086402	6890305	16422948	417488640	1382572576	NA	0
4156	3	opencv	conan-gcc	2376126	9782462528	6890320	16422948	417593884	1382931420	NA	0
4157	3	opencv	conan-gcc	2323955	9784786483	6890335	16422948	417696885	1383281786	NA	0
4158	3	opencv	conan-gcc	2369310	9787155793	6890350	16422948	417802064	1383640151	NA	0
4159	3	opencv	conan-gcc	2214716	9789370509	6890365	16422948	417899797	1383972337	NA	0
4160	3	opencv	conan-gcc	2373482	9791743991	6890380	16422948	418005143	1384331099	NA	0
4161	3	opencv	conan-gcc	2214782	9793958773	6890395	16422948	418102932	1384663277	NA	0
4162	3	opencv	conan-gcc	2343999	9796302772	6890410	16422948	418206866	1385017057	NA	0
4163	3	opencv	conan-gcc	2319542	9798622314	6890425	16422948	418309765	1385366864	NA	0
4164	3	opencv	conan-gcc	2486411	9801108725	6890440	16422948	418420189	1385744812	NA	0
4165	3	opencv	conan-gcc	2338387	9803447112	6890455	16422948	418523816	1386097872	NA	0
4166	3	opencv	conan-gcc	2214635	9805661747	6890470	16422948	418621603	1386430081	NA	0
4167	3	opencv	conan-gcc	2325934	9807987681	6890485	16422948	418724828	1386780746	NA	0
4168	3	opencv	conan-gcc	2503942	9810491623	6890500	16422948	418832292	1387149745	NA	0
4169	3	opencv	conan-gcc	2448806	9812940429	6890515	16422948	418941389	1387520402	NA	0
4170	3	opencv	conan-gcc	2234084	9815174513	6890530	16422948	419040161	1387856171	NA	0
4171	3	opencv	conan-gcc	2232516	9817407029	6890545	16422948	419138875	1388191709	NA	0
4172	3	opencv	conan-gcc	2321488	9819728517	6890560	16422948	419241475	1388540525	NA	0
4173	3	opencv	conan-gcc	3536240	9823264757	6890575	16422948	419383491	1389023090	NA	0
4174	3	opencv	conan-gcc	3355726	9826620483	6890590	16422948	419523842	1389496438	NA	0
4175	3	opencv	conan-gcc	3366871	9829987354	6890605	16422948	419664703	1389970911	NA	0
4176	3	opencv	conan-gcc	3359717	9833347071	6890620	16422948	419805609	1390444770	NA	0
4177	3	opencv	conan-gcc	3429990	9836777061	6890635	16422948	419947476	1390924778	NA	0
4178	3	opencv	conan-gcc	3356452	9840133513	6890650	16422948	420088254	1391397957	NA	0
4179	3	opencv	conan-gcc	3454756	9843588269	6890665	16422948	420229965	1391879266	NA	0
4180	3	opencv	conan-gcc	3473941	9847062210	6890680	16422948	420371616	1392361902	NA	0
4181	3	opencv	conan-gcc	3426109	9850488319	6890695	16422948	420513926	1392843903	NA	0
4182	3	opencv	conan-gcc	3356145	9853844464	6890710	16422948	420654687	1393316953	NA	0
4183	3	opencv	conan-gcc	3357261	9857201725	6890725	16422948	420795445	1393790324	NA	0
4184	3	opencv	conan-gcc	3439177	9860640902	6890740	16422948	420937248	1394270887	NA	0
4185	3	opencv	conan-gcc	3470116	9864111018	6890755	16422948	421079047	1394752951	NA	0
4186	3	opencv	conan-gcc	3383547	9867494565	6890770	16422948	421219862	1395228533	NA	0
4187	3	opencv	conan-gcc	3686146	9871180711	6890785	16422948	421363862	1395724591	NA	0
4188	3	opencv	conan-gcc	3396997	9874577708	6890800	16422948	421505054	1396202135	NA	0
4189	3	opencv	conan-gcc	3388189	9877965897	6890815	16422948	421645959	1396678314	NA	0
4190	3	opencv	conan-gcc	3362950	9881328847	6890830	16422948	421786688	1397152064	NA	0
4191	3	opencv	conan-gcc	3354226	9884683073	6890845	16422948	421927304	1397624964	NA	0
4192	3	opencv	conan-gcc	3369944	9888053017	6890860	16422948	422068078	1398099651	NA	0
4193	3	opencv	conan-gcc	2428449	9890481466	6890875	16422948	422176048	1398465761	NA	0
4194	3	opencv	conan-gcc	2407257	9892888723	6890890	16422948	422283484	1398829646	NA	0
4195	3	opencv	conan-gcc	2479497	9895368220	6890905	16422948	422391997	1399197886	NA	0
4196	3	opencv	conan-gcc	2425708	9897793928	6890920	16422948	422499955	1399563663	NA	0
4197	3	opencv	conan-gcc	2512567	9900306495	6890935	16422948	422613262	1399949248	NA	0
4198	3	opencv	conan-gcc	2478368	9902784863	6890950	16422948	422724847	1400326676	NA	0
4199	3	opencv	conan-gcc	2510260	9905295123	6890965	16422948	422834719	1400700551	NA	0
4200	3	opencv	conan-gcc	2410765	9907705888	6890980	16422948	422942202	1401064767	NA	0
4201	3	opencv	conan-gcc	2559371	9910265259	6890995	16422948	423058007	1401456703	NA	0
4202	3	opencv	conan-gcc	2629438	9912894697	6891010	16422948	423175933	1401852998	NA	0
4203	3	opencv	conan-gcc	2502593	9915397290	6891025	16422948	423288124	1402231779	NA	0
4204	3	opencv	conan-gcc	2524577	9917921867	6891040	16422948	423400844	1402614904	NA	0
4205	3	opencv	conan-gcc	2683896	9920605763	6891055	16422948	423523038	1403025493	NA	0
4206	3	opencv	conan-gcc	3535860	9924141623	6891070	16422948	423671071	1403529323	NA	0
4207	3	opencv	conan-gcc	3557205	9927698828	6891085	16422948	423819167	1404033507	NA	0
4208	3	opencv	conan-gcc	3519947	9931218775	6891100	16422948	423967009	1404535688	NA	0
4209	3	opencv	conan-gcc	3516208	9934734983	6891115	16422948	424114662	1405036864	NA	0
4210	3	opencv	conan-gcc	3672639	9938407622	6891130	16422948	424264074	1405552756	NA	0
4211	3	opencv	conan-gcc	3530147	9941937769	6891145	16422948	424411904	1406056115	NA	0
4212	3	opencv	conan-gcc	3574790	9945512559	6891160	16422948	424560072	1406561700	NA	0
4213	3	opencv	conan-gcc	3502589	9949015148	6891175	16422948	424707678	1407062111	NA	0
4214	3	opencv	conan-gcc	3530041	9952545189	6891190	16422948	424855406	1407564709	NA	0
4215	3	opencv	conan-gcc	3501868	9956047057	6891205	16422948	425002905	1408064857	NA	0
4216	3	opencv	conan-gcc	3511842	9959558899	6891220	16422948	425150443	1408565867	NA	0
4217	3	opencv	conan-gcc	3503571	9963062470	6891235	16422948	425298026	1409066270	NA	0
4218	3	opencv	conan-gcc	3580596	9966643066	6891250	16422948	425455022	1409582111	NA	0
4219	3	opencv	conan-gcc	3626354	9970269420	6891265	16422948	425604393	1410096224	NA	0
4220	3	opencv	conan-gcc	3367389	9973636809	6891280	16422948	425745214	1410571082	NA	0
4221	3	opencv	conan-gcc	3354208	9976991017	6891295	16422948	425885830	1411043966	NA	0
4222	3	opencv	conan-gcc	3357399	9980348416	6891310	16422948	426026499	1411517542	NA	0
4223	3	opencv	conan-gcc	2434033	9982782449	6891325	16422948	426133943	1411886720	NA	0
4224	3	opencv	conan-gcc	3255899	9986038348	6891340	16422948	426279443	1412389044	NA	0
4225	3	opencv	conan-gcc	2542427	9988580775	6891355	16422948	426391345	1412776419	NA	0
4226	3	opencv	conan-gcc	2490593	9991071368	6891370	16422948	426501394	1413156360	NA	0
4227	3	opencv	conan-gcc	2451061	9993522429	6891385	16422948	426609342	1413527971	NA	0
4228	3	opencv	conan-gcc	2421642	9995944071	6891400	16422948	426716152	1413894608	NA	0
4229	3	opencv	conan-gcc	3175442	9999119513	6891415	16422948	426855533	1414381050	NA	0
4230	3	opencv	conan-gcc	2691137	10001810650	6891430	16422948	426976221	1414793239	NA	0
4231	3	opencv	conan-gcc	2523374	10004334024	6891445	16422948	427087302	1415174318	NA	0
4232	3	opencv	conan-gcc	2513308	10006847332	6891460	16422948	427196135	1415558111	NA	0
4233	3	opencv	conan-gcc	2435373	10009282705	6891475	16422948	427303878	1415928037	NA	0
4234	3	opencv	conan-gcc	2505019	10011787724	6891490	16422948	427413386	1416308769	NA	0
4235	3	opencv	conan-gcc	2596242	10014383966	6891505	16422948	427522714	1416709999	NA	0
4236	3	opencv	conan-gcc	2492281	10016876247	6891520	16422948	427632486	1417090472	NA	0
4237	3	opencv	conan-gcc	2431726	10019307973	6891535	16422948	427739883	1417459180	NA	0
4238	3	opencv	conan-gcc	2461922	10021769895	6891550	16422948	427848396	1417832463	NA	0
4239	3	opencv	conan-gcc	2422189	10024192084	6891565	16422948	427955242	1418199057	NA	0
4240	3	opencv	conan-gcc	2416545	10026608629	6891580	16422948	428061795	1418564224	NA	0
4241	3	opencv	conan-gcc	2429042	10029037671	6891595	16422948	428169353	1418932330	NA	0
4242	3	opencv	conan-gcc	2421974	10031459645	6891610	16422948	428276376	1419299078	NA	0
4243	3	opencv	conan-gcc	2502318	10033961963	6891625	16422948	428386516	1419680928	NA	0
4244	3	opencv	conan-gcc	2425077	10036387040	6891640	16422948	428493621	1420048485	NA	0
4245	3	opencv	conan-gcc	2469081	10038856121	6891655	16422948	428603550	1420424499	NA	0
4246	3	opencv	conan-gcc	2528302	10041384423	6891670	16422948	428714918	1420812230	NA	0
4247	3	opencv	conan-gcc	2448957	10043833380	6891685	16422948	428823073	1421184750	NA	0
4248	3	opencv	conan-gcc	2442404	10046275784	6891700	16422948	428930865	1421556128	NA	0
4249	3	opencv	conan-gcc	2763717	10049039501	6891715	16422948	429046751	1421964870	NA	0
4250	3	opencv	conan-gcc	2805004	10051844505	6891730	16422948	429164513	1422380859	NA	0
4251	3	opencv	conan-gcc	2448538	10054293043	6891745	16422948	429271934	1422750307	NA	0
4252	3	opencv	conan-gcc	2761324	10057054367	6891760	16422948	429387496	1423158601	NA	0
4253	3	opencv	conan-gcc	2416664	10059471031	6891775	16422948	429494052	1423523783	NA	0
4254	3	opencv	conan-gcc	2459950	10061930981	6891790	16422948	429602537	1423898646	NA	0
4255	3	opencv	conan-gcc	2482306	10064413287	6891805	17136202	429711674	1424278062	NA	1
4256	3	opencv	conan-gcc	2467078	10066880365	6891820	17136202	429820280	1424653228	NA	0
4257	3	opencv	conan-gcc	2468128	10069348493	6891835	17136202	429928534	1425030055	NA	0
4258	3	opencv	conan-gcc	2480115	10071828608	6891850	17136202	430037148	1425405982	NA	0
4259	3	opencv	conan-gcc	2472355	10074300963	6891865	17136202	430145986	1425782630	NA	0
4260	3	opencv	conan-gcc	2458998	10076759961	6891880	17136202	430254122	1426158274	NA	0
4261	3	opencv	conan-gcc	2475288	10079235249	6891895	17136202	430362974	1426534721	NA	0
4262	3	opencv	conan-gcc	2488399	10081723648	6891910	17136202	430472565	1426914512	NA	0
4263	3	opencv	conan-gcc	2462820	10084186468	6891925	17136202	430581031	1427289889	NA	0
4264	3	opencv	conan-gcc	2474694	10086661162	6891940	17136202	430689839	1427666652	NA	0
4265	3	opencv	conan-gcc	2563207	10089224369	6891955	17136202	430801705	1428057625	NA	0
4266	3	opencv	conan-gcc	2467145	10091691514	6891970	17136202	430910306	1428432975	NA	0
4267	3	opencv	conan-gcc	2462576	10094154090	6891985	17136202	431018651	1428808015	NA	0
4268	3	opencv	conan-gcc	2508855	10096662945	6892000	17136202	431128856	1429190203	NA	0
4269	3	opencv	conan-gcc	2147397	10098810342	6892015	17136202	431224055	1429510739	NA	0
4270	3	opencv	conan-gcc	4743728	10103554070	6892030	17136202	431396519	1430070273	NA	0
4271	3	opencv	conan-gcc	3589969	10107144039	6892045	17136202	431547354	1430585213	NA	0
4272	3	opencv	conan-gcc	3480423	10110624462	6892060	17136202	431692015	1431079241	NA	0
4273	3	opencv	conan-gcc	3469406	10114093868	6892075	17136202	431836547	1431571858	NA	0
4274	3	opencv	conan-gcc	3476370	10117570238	6892090	17136202	431981261	1432065843	NA	0
4275	3	opencv	conan-gcc	3481468	10121051706	6892105	17136202	432125934	1432559797	NA	0
4276	3	opencv	conan-gcc	3516612	10124568318	6892120	17136202	432271615	1433058463	NA	0
4277	3	opencv	conan-gcc	3618797	10128187115	6892135	17136202	432419674	1433569289	NA	0
4278	3	opencv	conan-gcc	3480168	10131667283	6892150	17136202	432564775	1434065028	NA	0
4279	3	opencv	conan-gcc	3480932	10135148215	6892165	17136202	432709815	1434559550	NA	0
4280	3	opencv	conan-gcc	3532772	10138680987	6892180	17136202	432857091	1435063956	NA	0
4281	3	opencv	conan-gcc	3473817	10142154804	6892195	17136202	433001966	1435557839	NA	0
4282	3	opencv	conan-gcc	3548113	10145702917	6892210	17136202	433147890	1436061355	NA	0
4283	3	opencv	conan-gcc	3467156	10149170073	6892225	17136202	433292506	1436554302	NA	0
4284	3	opencv	conan-gcc	3467619	10152637692	6892240	17136202	433437128	1437047425	NA	0
4285	3	opencv	conan-gcc	3468813	10156106505	6892255	17136202	433581787	1437540358	NA	0
4286	3	opencv	conan-gcc	3603797	10159710302	6892270	17136202	433732665	1438056477	NA	0
4287	3	opencv	conan-gcc	3474219	10163184521	6892285	17136202	433877314	1438549691	NA	0
4288	3	opencv	conan-gcc	3505918	10166690439	6892300	17136202	434022812	1439055658	NA	0
4289	3	opencv	conan-gcc	3661022	10170351461	6892315	17136202	434173011	1439575453	NA	0
4290	3	opencv	conan-gcc	3629069	10173980530	6892330	17136202	434323899	1440092488	NA	0
4291	3	opencv	conan-gcc	3514518	10177495048	6892345	17136202	434469409	1440591779	NA	0
4292	3	opencv	conan-gcc	3473847	10180968895	6892360	17136202	434614053	1441085399	NA	0
4293	3	opencv	conan-gcc	3462362	10184431257	6892375	17136202	434758485	1441577049	NA	0
4294	3	opencv	conan-gcc	3461219	10187892476	6892390	17136202	434902901	1442068373	NA	0
4295	3	opencv	conan-gcc	3461207	10191353683	6892405	17136202	435047317	1442559722	NA	0
4296	3	opencv	conan-gcc	3468544	10194822227	6892420	17136202	435191984	1443052789	NA	0
4297	3	opencv	conan-gcc	3702231	10198524458	6892435	17136202	435339619	1443561617	NA	0
4298	3	opencv	conan-gcc	3518476	10202042934	6892450	17136202	435485633	1444062785	NA	0
4299	3	opencv	conan-gcc	3471639	10205514573	6892465	17136202	435630217	1444555665	NA	0
4300	3	opencv	conan-gcc	3483620	10208998193	6892480	17136202	435774904	1445049887	NA	0
4301	3	opencv	conan-gcc	3712625	10212710818	6892495	17136202	435931875	1445576564	NA	0
4302	3	opencv	conan-gcc	3563667	10216274485	6892510	17136202	436080478	1446084393	NA	0
4303	3	opencv	conan-gcc	3529152	10219803637	6892525	17136202	436227608	1446587464	NA	0
4304	3	opencv	conan-gcc	3509452	10223313089	6892540	17136202	436372912	1447085539	NA	0
4305	3	opencv	conan-gcc	3585296	10226898385	6892555	17136202	436523596	1447600017	NA	0
4306	3	opencv	conan-gcc	3467237	10230365622	6892570	17136202	436668194	1448092484	NA	0
4307	3	opencv	conan-gcc	3463350	10233828972	6892585	17136202	436813041	1448585182	NA	0
4308	3	opencv	conan-gcc	3467338	10237296310	6892600	17136202	436957708	1449077804	NA	0
4309	3	opencv	conan-gcc	3457120	10240753430	6892615	17136202	437102279	1449569083	NA	0
4310	3	opencv	conan-gcc	3471927	10244225357	6892630	17136202	437247041	1450062142	NA	0
4311	3	opencv	conan-gcc	3467603	10247692960	6892645	17136202	437391717	1450554843	NA	0
4312	3	opencv	conan-gcc	3462936	10251155896	6892660	17136202	437536308	1451047000	NA	0
4313	3	opencv	conan-gcc	3465746	10254621642	6892675	17136202	437681047	1451539107	NA	0
4314	3	opencv	conan-gcc	2564161	10257185803	6892690	17136202	437793536	1451923274	NA	0
4315	3	opencv	conan-gcc	2604372	10259790175	6892705	17136202	437907175	1452311495	NA	0
4316	3	opencv	conan-gcc	2411702	10262201877	6892720	17136202	438013752	1452675353	NA	0
4317	3	opencv	conan-gcc	3388737	10265590614	6892735	17136202	438154560	1453151233	NA	0
4318	3	opencv	conan-gcc	3354026	10268944640	6892750	17136202	438295173	1453624130	NA	0
4319	3	opencv	conan-gcc	2328176	10271272816	6892765	17136202	438398202	1453978514	NA	0
4320	3	opencv	conan-gcc	2279718	10273552534	6892780	17136202	438498889	1454323477	NA	0
4321	3	opencv	conan-gcc	2309368	10275861902	6892795	17136202	438600572	1454673388	NA	0
4322	3	opencv	conan-gcc	2540085	10278401987	6892810	17136202	438712309	1455062353	NA	0
4323	3	opencv	conan-gcc	3339588	10281741575	6892825	17136202	438896283	1455667244	NA	0
4324	3	opencv	conan-gcc	2277068	10284018643	6892840	17136202	438996860	1456011543	NA	0
4325	3	opencv	conan-gcc	2415510	10286434153	6892855	17136202	439102935	1456379663	NA	0
4326	3	opencv	conan-gcc	2436654	10288870807	6892870	17136202	439211087	1456750138	NA	0
4327	3	opencv	conan-gcc	2279480	10291150287	6892885	17136202	439311849	1457095324	NA	0
4328	3	opencv	conan-gcc	2280194	10293430481	6892900	17136202	439412575	1457440414	NA	0
4329	3	opencv	conan-gcc	2416687	10295847168	6892915	17136202	439519780	1457806922	NA	0
4330	3	opencv	conan-gcc	2275975	10298123143	6892930	17136202	439620332	1458151107	NA	0
4331	3	opencv	conan-gcc	2280974	10300404117	6892945	17136202	439721154	1458496567	NA	0
4332	3	opencv	conan-gcc	2280784	10302684901	6892960	17136202	439821914	1458841932	NA	0
4333	3	opencv	conan-gcc	2368348	10305053249	6892975	17136202	439927088	1459200878	NA	0
4334	3	opencv	conan-gcc	2293686	10307346935	6892990	17136202	440028382	1459548989	NA	0
4335	3	opencv	conan-gcc	2361173	10309708108	6893005	17136202	440132418	1459908572	NA	0
4336	3	opencv	conan-gcc	2300652	10312008760	6893020	17136202	440234079	1460257650	NA	0
4337	3	opencv	conan-gcc	2314973	10314323733	6893035	17136202	440336841	1460609432	NA	0
4338	3	opencv	conan-gcc	2419763	10316743496	6893050	17136202	440444171	1460976434	NA	0
4339	3	opencv	conan-gcc	2417650	10319161146	6893065	17136202	440551429	1461343299	NA	0
4340	3	opencv	conan-gcc	2277508	10321438654	6893080	17136202	440652006	1461687392	NA	0
4341	3	opencv	conan-gcc	2738788	10324177442	6893095	17136202	440766820	1462111278	NA	0
4342	3	opencv	conan-gcc	2273771	10326451213	6893110	17136202	440867199	1462454963	NA	0
4343	3	opencv	conan-gcc	2747453	10329198666	6893125	17136202	440988051	1462879002	NA	0
4344	3	opencv	conan-gcc	2361989	10331560655	6893140	17136202	441093079	1463242451	NA	0
4345	3	opencv	conan-gcc	2147429	10333708084	6893155	17136202	441188278	1463562981	NA	0
4346	3	opencv	conan-gcc	3748651	10337456735	6893170	17136202	441349215	1464094799	NA	0
4347	3	opencv	conan-gcc	3655693	10341112428	6893185	17136202	441504407	1464607251	NA	0
4348	3	opencv	conan-gcc	3732470	10344844898	6893200	17136202	441663453	1465135869	NA	0
4349	3	opencv	conan-gcc	3880479	10348725377	6893215	17136202	441824661	1465678345	NA	0
4350	3	opencv	conan-gcc	3653632	10352379009	6893230	17136202	441979837	1466190285	NA	0
4351	3	opencv	conan-gcc	3798485	10356177494	6893245	17136202	442139722	1466725610	NA	0
4352	3	opencv	conan-gcc	3683560	10359861054	6893260	17136202	442296401	1467245144	NA	0
4353	3	opencv	conan-gcc	3827379	10363688433	6893275	17136202	442456689	1467783619	NA	0
4354	3	opencv	conan-gcc	3633736	10367322169	6893290	17136202	442611833	1468294385	NA	0
4355	3	opencv	conan-gcc	3621135	10370943304	6893305	17136202	442766644	1468802722	NA	0
4356	3	opencv	conan-gcc	3744295	10374687599	6893320	17136202	442922446	1469320277	NA	0
4357	3	opencv	conan-gcc	3692984	10378380583	6893335	17136202	443078188	1469836304	NA	0
4358	3	opencv	conan-gcc	3525927	10381906510	6893350	17136202	443226891	1470341282	NA	0
4359	3	opencv	conan-gcc	3525732	10385432242	6893365	17136202	443375484	1470846167	NA	0
4360	3	opencv	conan-gcc	3523904	10388956146	6893380	17136202	443522428	1471349334	NA	0
4361	3	opencv	conan-gcc	3415427	10392371573	6893395	17136202	443665047	1471832341	NA	0
4362	3	opencv	conan-gcc	3397555	10395769128	6893410	17136202	443807489	1472313906	NA	0
4363	3	opencv	conan-gcc	3655373	10399424501	6893425	17136202	443962689	1472825994	NA	0
4364	3	opencv	conan-gcc	2690347	10402114848	6893440	17136202	444081463	1473234157	NA	0
4365	3	opencv	conan-gcc	2682625	10404797473	6893455	17136202	444200446	1473642787	NA	0
4366	3	opencv	conan-gcc	2664061	10407461534	6893470	17136202	444318610	1474047870	NA	0
4367	3	opencv	conan-gcc	2686038	10410147572	6893485	17863741	444437577	1474457115	NA	1
4368	3	opencv	conan-gcc	2680109	10412827681	6893500	17863741	444556286	1474865032	NA	0
4369	3	opencv	conan-gcc	2701457	10415529138	6893515	17863741	444676001	1475276263	NA	0
4370	3	opencv	conan-gcc	2747987	10418277125	6893530	17863741	444797729	1475695476	NA	0
4371	3	opencv	conan-gcc	2684077	10420961202	6893545	17863741	444916624	1476103731	NA	0
4372	3	opencv	conan-gcc	2666679	10423627881	6893560	17863741	445034892	1476509374	NA	0
4373	3	opencv	conan-gcc	2667257	10426295138	6893575	17863741	445153230	1476915028	NA	0
4374	3	opencv	conan-gcc	2680401	10428975539	6893590	17863741	445271935	1477322186	NA	0
4375	3	opencv	conan-gcc	2667853	10431643392	6893605	17863741	445390201	1477727646	NA	0
4376	3	opencv	conan-gcc	2147429	10433790821	6893620	17863741	445485400	1478048174	NA	0
4377	3	opencv	conan-gcc	3638543	10437429364	6893635	17863741	445642546	1478570990	NA	0
4378	3	opencv	conan-gcc	3514973	10440944337	6893650	17863741	445789435	1479071279	NA	0
4379	3	opencv	conan-gcc	3517866	10444462203	6893665	17863741	445936413	1479571758	NA	0
4380	3	opencv	conan-gcc	3514854	10447977057	6893680	17863741	446083514	1480072179	NA	0
4381	3	opencv	conan-gcc	3510987	10451488044	6893695	17863741	446230513	1480571861	NA	0
4382	3	opencv	conan-gcc	3519337	10455007381	6893710	17863741	446377435	1481072465	NA	0
4383	3	opencv	conan-gcc	3546938	10458554319	6893725	17863741	446524678	1481574258	NA	0
4384	3	opencv	conan-gcc	3515213	10462069532	6893740	17863741	446671725	1482074461	NA	0
4385	3	opencv	conan-gcc	3515742	10465585274	6893755	17863741	446818803	1482574807	NA	0
4386	3	opencv	conan-gcc	3639508	10469224782	6893770	17863741	446976195	1483098043	NA	0
4387	3	opencv	conan-gcc	3639587	10472864369	6893785	17863741	447133409	1483621256	NA	0
4388	3	opencv	conan-gcc	3518700	10476383069	6893800	17863741	447280513	1484122344	NA	0
4389	3	opencv	conan-gcc	3511419	10479894488	6893815	17863741	447427474	1484622168	NA	0
4390	3	opencv	conan-gcc	3998443	10483892931	6893830	17863741	447597740	1485193642	NA	0
4391	3	opencv	conan-gcc	3558839	10487451770	6893845	17863741	447746212	1485700922	NA	0
4392	3	opencv	conan-gcc	3405764	10490857534	6893860	17863741	447889318	1486183547	NA	0
4393	3	opencv	conan-gcc	3410566	10494268100	6893875	17863741	448032437	1486667761	NA	0
4394	3	opencv	conan-gcc	3491186	10497759286	6893890	17863741	448179694	1487165977	NA	0
4395	3	opencv	conan-gcc	3492452	10501251738	6893905	17863741	448327026	1487664633	NA	0
4396	3	opencv	conan-gcc	3489784	10504741522	6893920	17863741	448473714	1488162284	NA	0
4397	3	opencv	conan-gcc	3457042	10508198564	6893935	17863741	448618962	1488653184	NA	0
4398	3	opencv	conan-gcc	3569978	10511768542	6893950	17863741	448768917	1489163244	NA	0
4399	3	opencv	conan-gcc	3663232	10515431774	6893965	17863741	448928750	1489695206	NA	0
4400	3	opencv	conan-gcc	3438146	10518869920	6893980	17863741	449072484	1490183576	NA	0
4401	3	opencv	conan-gcc	3378503	10522248423	6893995	17863741	449214241	1490661126	NA	0
4402	3	opencv	conan-gcc	2401495	10524649918	6894010	17863741	449321028	1491025007	NA	0
4403	3	opencv	conan-gcc	2404127	10527054045	6894025	17863741	449427809	1491389644	NA	0
4404	3	opencv	conan-gcc	2386666	10529440711	6894040	17863741	449533658	1491750620	NA	0
4405	3	opencv	conan-gcc	2726280	10532166991	6894055	17863741	449648298	1492151097	NA	0
4406	3	opencv	conan-gcc	2407825	10534574816	6894070	17863741	449754884	1492515041	NA	0
4407	3	opencv	conan-gcc	2425496	10537000312	6894085	17863741	449862007	1492881995	NA	0
4408	3	opencv	conan-gcc	2383200	10539383512	6894100	17863741	449967660	1493242022	NA	0
4409	3	opencv	conan-gcc	2823807	10542207319	6894115	17863741	450086261	1493661614	NA	0
4410	3	opencv	conan-gcc	2679305	10544886624	6894130	17863741	450199365	1494055133	NA	0
4411	3	opencv	conan-gcc	2695363	10547581987	6894145	17863741	450313351	1494452858	NA	0
4412	3	opencv	conan-gcc	2439012	10550020999	6894160	17863741	450422099	1494822233	NA	0
4413	3	opencv	conan-gcc	2386516	10552407515	6894175	17863741	450527952	1495182838	NA	0
4414	3	opencv	conan-gcc	2387570	10554795085	6894190	17863741	450633864	1495543594	NA	0
4415	3	opencv	conan-gcc	2392736	10557187821	6894205	17863741	450740082	1495905537	NA	0
4416	3	opencv	conan-gcc	2393337	10559581158	6894220	17863741	450846333	1496267551	NA	0
4417	3	opencv	conan-gcc	2388939	10561970097	6894235	17863741	450952340	1496628614	NA	0
4418	3	opencv	conan-gcc	2387747	10564357844	6894250	17863741	451058260	1496989442	NA	0
4419	3	opencv	conan-gcc	2389825	10566747669	6894265	17863741	451164304	1497350774	NA	0
4420	3	opencv	conan-gcc	2386881	10569134550	6894280	17863741	451270174	1497711413	NA	0
4421	3	opencv	conan-gcc	2412293	10571546843	6894295	17863741	451376865	1498074952	NA	0
4422	3	opencv	conan-gcc	2389547	10573936390	6894310	17863741	451483005	1498436621	NA	0
4423	3	opencv	conan-gcc	2380210	10576316600	6894325	17863741	451588532	1498795942	NA	0
4424	3	opencv	conan-gcc	2395014	10578711614	6894340	17863741	451694876	1499158798	NA	0
4425	3	opencv	conan-gcc	2384896	10581096510	6894355	17863741	451800611	1499519220	NA	0
4426	3	opencv	conan-gcc	2404050	10583500560	6894370	17863741	451907435	1499883385	NA	0
4427	3	opencv	conan-gcc	2390790	10585891350	6894385	17863741	452013593	1500245509	NA	0
4428	3	opencv	conan-gcc	2387381	10588278731	6894400	17863741	452119511	1500606663	NA	0
4429	3	opencv	conan-gcc	2730814	10591009545	6894415	17863741	452234039	1501007285	NA	0
4430	3	opencv	conan-gcc	2147365	10593156910	6894430	17863741	452329238	1501327817	NA	0
4431	3	opencv	conan-gcc	2677444	10595834354	6894445	17863741	452442596	1501722412	NA	0
4432	3	opencv	conan-gcc	4697359	10600531713	6894460	17863741	452611471	1502273860	NA	0
4433	3	opencv	conan-gcc	4978853	10605510566	6894475	17863741	452785158	1502851485	NA	0
4434	3	opencv	conan-gcc	3552354	10609062920	6894490	17863741	452934992	1503360473	NA	0
4435	3	opencv	conan-gcc	3552399	10612615319	6894505	17863741	453084732	1503869443	NA	0
4436	3	opencv	conan-gcc	3552469	10616167788	6894520	17863741	453234472	1504378425	NA	0
4437	3	opencv	conan-gcc	3552444	10619720232	6894535	17863741	453384212	1504887204	NA	0
4438	3	opencv	conan-gcc	3449854	10623170086	6894550	17863741	453528034	1505375540	NA	0
4439	3	opencv	conan-gcc	3438026	10626608112	6894565	17863741	453671717	1505862739	NA	0
4440	3	opencv	conan-gcc	3575145	10630183257	6894580	17863741	453821569	1506373112	NA	0
4441	3	opencv	conan-gcc	3439183	10633622440	6894595	17863741	453965369	1506859990	NA	0
4442	3	opencv	conan-gcc	3439244	10637061684	6894610	17863741	454109426	1507348430	NA	0
4443	3	opencv	conan-gcc	3461963	10640523647	6894625	17863741	454253649	1507839166	NA	0
4444	3	opencv	conan-gcc	3429957	10643953604	6894640	17863741	454397398	1508326103	NA	0
4445	3	opencv	conan-gcc	3427934	10647381538	6894655	17863741	454541047	1508812674	NA	0
4446	3	opencv	conan-gcc	3424999	10650806537	6894670	17863741	454684741	1509298519	NA	0
4447	3	opencv	conan-gcc	3435161	10654241698	6894685	17863741	454828560	1509786003	NA	0
4448	3	opencv	conan-gcc	3465673	10657707371	6894700	17863741	454973137	1510277486	NA	0
4449	3	opencv	conan-gcc	3553135	10661260506	6894715	17863741	455123084	1510786613	NA	0
4450	3	opencv	conan-gcc	3553139	10664813645	6894730	17863741	455273031	1511295691	NA	0
4451	3	opencv	conan-gcc	3553264	10668366909	6894745	17863741	455422986	1511804846	NA	0
4452	3	opencv	conan-gcc	3553135	10671920044	6894760	17863741	455572928	1512313925	NA	0
4453	3	opencv	conan-gcc	3553253	10675473297	6894775	17863741	455722708	1512822942	NA	0
4454	3	opencv	conan-gcc	3553233	10679026530	6894790	17863741	455872488	1513332072	NA	0
4455	3	opencv	conan-gcc	3433302	10682459832	6894805	17863741	456016342	1513819276	NA	0
4456	3	opencv	conan-gcc	3433480	10685893312	6894820	17863741	456160196	1514306426	NA	0
4457	3	opencv	conan-gcc	3429000	10689322312	6894835	17863741	456303986	1514793144	NA	0
4458	3	opencv	conan-gcc	3438838	10692761150	6894850	17863741	456447778	1515280540	NA	0
4459	3	opencv	conan-gcc	3425171	10696186321	6894865	17863741	456591415	1515766421	NA	0
4460	3	opencv	conan-gcc	3452943	10699639264	6894880	17863741	456735344	1516255122	NA	0
4461	3	opencv	conan-gcc	3433597	10703072861	6894895	17863741	456879186	1516742434	NA	0
4462	3	opencv	conan-gcc	3428534	10706501395	6894910	17863741	457022933	1517228857	NA	0
4463	3	opencv	conan-gcc	2362590	10708863985	6894925	17863741	457129371	1517589263	NA	0
4464	3	opencv	conan-gcc	2288696	10711152681	6894940	17863741	457231837	1517938737	NA	0
4465	3	opencv	conan-gcc	2386948	10713539629	6894955	17863741	457338664	1518304929	NA	0
4466	3	opencv	conan-gcc	2460688	10716000317	6894970	17863741	457448991	1518686524	NA	0
4467	3	opencv	conan-gcc	2472897	10718473214	6894985	17863741	457560157	1519070838	NA	0
4468	3	opencv	conan-gcc	2399081	10720872295	6895000	17863741	457667788	1519441382	NA	0
4469	3	opencv	conan-gcc	2150155	10723022450	6895015	17863741	457763918	1519765938	NA	0
4470	3	opencv	conan-gcc	2215307	10725237757	6895030	17863741	457861971	1520100232	NA	0
4471	3	opencv	conan-gcc	2142740	10727380497	6895045	17863741	457957440	1520422851	NA	0
4472	3	opencv	conan-gcc	2253185	10729633682	6895060	17863741	458057386	1520760857	NA	0
4473	3	opencv	conan-gcc	2416399	10732050081	6895075	17863741	458166266	1521131011	NA	0
4474	3	opencv	conan-gcc	2353965	10734404046	6895090	17863741	458271738	1521490411	NA	0
4475	3	opencv	conan-gcc	2372045	10736776091	6895105	17863741	458378623	1521853074	NA	0
4476	3	opencv	conan-gcc	2400576	10739176667	6895120	17863741	458486245	1522222117	NA	0
4477	3	opencv	conan-gcc	2350508	10741527175	6895135	17863741	458591590	1522580800	NA	0
4478	3	opencv	conan-gcc	2371695	10743898870	6895150	17863741	458698373	1522943356	NA	0
4479	3	opencv	conan-gcc	2516618	10746415488	6895165	18165207	458812644	1523331421	NA	1
4480	3	opencv	conan-gcc	2351530	10748767018	6895180	18165207	458918083	1523690668	NA	0
4481	3	opencv	conan-gcc	2411464	10751178482	6895195	18165207	459026631	1524060529	NA	0
4482	3	opencv	conan-gcc	2410263	10753588745	6895210	18165207	459135113	1524429892	NA	0
4483	3	opencv	conan-gcc	2409093	10755997838	6895225	18165207	459243541	1524799017	NA	0
4484	3	opencv	conan-gcc	2410041	10758407879	6895240	18165207	459352017	1525168335	NA	0
4485	3	opencv	conan-gcc	2417304	10760825183	6895255	18165207	459460874	1525538691	NA	0
4486	3	opencv	conan-gcc	2742707	10763567890	6895270	18165207	459582603	1525950150	NA	0
4487	3	opencv	conan-gcc	2409927	10765977817	6895285	18165207	459691053	1526319505	NA	0
4488	3	opencv	conan-gcc	2371886	10768349703	6895300	18165207	459797841	1526682223	NA	0
4489	3	opencv	conan-gcc	2422944	10770772647	6895315	18165207	459906981	1527054571	NA	0
4490	3	opencv	conan-gcc	2391685	10773164332	6895330	18165207	460014732	1527421627	NA	0
4491	3	opencv	conan-gcc	2392099	10775556431	6895345	18165207	460122655	1527789660	NA	0
4492	3	opencv	conan-gcc	2238816	10777795247	6895360	18165207	460222948	1528132061	NA	0
4493	3	opencv	conan-gcc	2512798	10780308045	6895375	18165207	460337189	1528518650	NA	0
4494	3	opencv	conan-gcc	2451419	10782759464	6895390	18165207	460449071	1528898724	NA	0
4495	3	opencv	conan-gcc	2241251	10785000715	6895405	18165207	460549568	1529241569	NA	0
4496	3	opencv	conan-gcc	2516002	10787516717	6895420	18165207	460664111	1529629265	NA	0
4497	3	opencv	conan-gcc	2240913	10789757630	6895435	18165207	460764642	1529972189	NA	0
4498	3	opencv	conan-gcc	2287872	10792045502	6895450	18165207	460867436	1530324698	NA	0
4499	3	opencv	conan-gcc	2243989	10794289491	6895465	18165207	460967738	1530668745	NA	0
4500	4	opencv	conan-gcc	374417	10794663908	6895480	18165207	460985233	1530727347	NA	0
4501	4	opencv	conan-gcc	148871	10794812779	6895495	18165207	460991368	1530751583	NA	0
4502	4	opencv	conan-gcc	1127169	10795939948	6895510	18165207	461046588	1530933116	NA	0
4503	4	opencv	conan-gcc	1126463	10797066411	6895525	18165207	461101817	1531114304	NA	0
4504	4	opencv	conan-gcc	1586081	10798652492	6895540	18165207	461179613	1531362719	NA	0
4505	4	opencv	conan-gcc	1510424	10800162916	6895555	18165207	461253490	1531599617	NA	0
4506	4	opencv	conan-gcc	1472581	10801635497	6895570	18165207	461325957	1531831084	NA	0
4507	4	opencv	conan-gcc	1469294	10803104791	6895585	18165207	461398587	1532062113	NA	0
4508	4	opencv	conan-gcc	1462858	10804567649	6895600	18165207	461471027	1532292665	NA	0
4509	4	opencv	conan-gcc	1493122	10806060771	6895615	18165207	461544526	1532526955	NA	0
4510	4	opencv	conan-gcc	1365628	10807426399	6895630	18165207	461610032	1532738887	NA	0
4511	4	opencv	conan-gcc	1410801	10808837200	6895645	18165207	461678754	1532959670	NA	0
4512	4	opencv	conan-gcc	1487435	10810324635	6895660	18165207	461751632	1533193289	NA	0
4513	4	opencv	conan-gcc	1757849	10812082484	6895675	18165207	461836212	1533464332	NA	0
4514	4	opencv	conan-gcc	1509153	10813591637	6895690	18165207	461909605	1533699627	NA	0
4515	4	opencv	conan-gcc	1533543	10815125180	6895705	18165207	461984379	1533938450	NA	0
4516	4	opencv	conan-gcc	1574610	10816699790	6895720	18165207	462060795	1534184010	NA	0
4517	4	opencv	conan-gcc	88613	10816788403	6895735	18165207	462064334	1534199100	NA	0
4518	4	opencv	conan-gcc	55364	10816843767	6895750	18165207	462066911	1534209761	NA	0
4519	4	opencv	conan-gcc	172071	10817015838	6895765	18165207	462073018	1534256112	NA	0
4520	4	opencv	conan-gcc	138646	10817154484	6895780	18165207	462078730	1534280681	NA	0
4521	4	opencv	conan-gcc	106982	10817261466	6895795	18165207	462083004	1534298870	NA	0
4522	4	opencv	conan-gcc	125965	10817387431	6895810	18165207	462088241	1534319767	NA	0
4523	4	opencv	conan-gcc	124726	10817512157	6895825	18165207	462093447	1534341267	NA	0
4524	4	opencv	conan-gcc	124921	10817637078	6895840	18165207	462098580	1534362541	NA	0
4525	4	opencv	conan-gcc	127523	10817764601	6895855	18165207	462103699	1534384503	NA	0
4526	4	opencv	conan-gcc	105640	10817870241	6895870	18165207	462107898	1534402530	NA	0
4527	4	opencv	conan-gcc	98918	10817969159	6895885	18165207	462112000	1534420812	NA	0
4528	4	opencv	conan-gcc	94468	10818063627	6895900	18165207	462115892	1534437218	NA	0
4529	4	opencv	conan-gcc	121324	10818184951	6895915	18165207	462120604	1534458354	NA	0
4530	4	opencv	conan-gcc	55387	10818240338	6895930	18165207	462123187	1534468992	NA	0
4531	4	opencv	conan-gcc	109456	10818349794	6895945	18165207	462127611	1534487646	NA	0
4532	4	opencv	conan-gcc	113291	10818463085	6895960	18165207	462131975	1534506395	NA	0
4533	4	opencv	conan-gcc	147752	10818610837	6895975	18165207	462136918	1534526971	NA	0
4534	4	opencv	conan-gcc	120570	10818731407	6895990	18165207	462141581	1534547135	NA	0
4535	4	opencv	conan-gcc	118067	10818849474	6896005	18165207	462146056	1534566426	NA	0
4536	4	opencv	conan-gcc	112381	10818961855	6896020	18165207	462150450	1534585340	NA	0
4537	4	opencv	conan-gcc	117690	10819079545	6896035	18165207	462155028	1534605169	NA	0
4538	4	opencv	conan-gcc	121570	10819201115	6896050	18165207	462159701	1534625597	NA	0
4539	4	opencv	conan-gcc	131733	10819332848	6896065	18165207	462164758	1534647460	NA	0
4540	4	opencv	conan-gcc	173879	10819506727	6896080	18165207	462170281	1534670128	NA	0
4541	4	opencv	conan-gcc	119292	10819626019	6896095	18165207	462174915	1534690197	NA	0
4542	4	opencv	conan-gcc	116556	10819742575	6896110	18165207	462179371	1534709391	NA	0
4543	4	opencv	conan-gcc	120562	10819863137	6896125	18165207	462184018	1534729427	NA	0
4544	4	opencv	conan-gcc	117960	10819981097	6896140	18165207	462188573	1534748885	NA	0
4545	4	opencv	conan-gcc	122042	10820103139	6896155	18165207	462193293	1534769320	NA	0
4546	4	opencv	conan-gcc	109319	10820212458	6896170	18165207	462197529	1534787562	NA	0
4547	4	opencv	conan-gcc	120197	10820332655	6896185	18165207	462202194	1534807839	NA	0
4548	4	opencv	conan-gcc	128736	10820461391	6896200	18165207	462207041	1534828855	NA	0
4549	4	opencv	conan-gcc	136854	10820598245	6896215	18165207	462212320	1534851862	NA	0
4550	4	opencv	conan-gcc	123083	10820721328	6896230	18165207	462216973	1534872043	NA	0
4551	4	opencv	conan-gcc	172437	10820893765	6896245	18165207	462222273	1534893696	NA	0
4552	4	opencv	conan-gcc	116198	10821009963	6896260	18165207	462226687	1534912639	NA	0
4553	4	opencv	conan-gcc	117905	10821127868	6896275	18165207	462231133	1534931808	NA	0
4554	4	opencv	conan-gcc	118009	10821245877	6896290	18165207	462235623	1534951170	NA	0
4555	4	opencv	conan-gcc	118741	10821364618	6896305	18165207	462240147	1534970606	NA	0
4556	4	opencv	conan-gcc	206699	10821571317	6896320	18165207	462246400	1534996495	NA	0
4557	4	opencv	conan-gcc	121820	10821693137	6896335	18165207	462250971	1535016136	NA	0
4558	4	opencv	conan-gcc	127063	10821820200	6896350	18165207	462255989	1535038527	NA	0
4559	4	opencv	conan-gcc	136237	10821956437	6896365	18165207	462261449	1535061888	NA	0
4560	4	opencv	conan-gcc	111055	10822067492	6896380	18165207	462265748	1535080427	NA	0
4561	4	opencv	conan-gcc	135551	10822203043	6896395	18165207	462270552	1535100492	NA	0
4562	4	opencv	conan-gcc	120570	10822323613	6896410	18165207	462275215	1535120650	NA	0
4563	4	opencv	conan-gcc	118067	10822441680	6896425	18165207	462279690	1535139946	NA	0
4564	4	opencv	conan-gcc	112381	10822554061	6896440	18165207	462284084	1535158863	NA	0
4565	4	opencv	conan-gcc	117690	10822671751	6896455	18165207	462288662	1535178695	NA	0
4566	4	opencv	conan-gcc	121570	10822793321	6896470	18165207	462293335	1535199108	NA	0
4567	4	opencv	conan-gcc	114830	10822908151	6896485	18165207	462297786	1535218287	NA	0
4568	4	opencv	conan-gcc	154213	10823062364	6896500	18165207	462303038	1535239929	NA	0
4569	4	opencv	conan-gcc	119292	10823181656	6896515	18165207	462307672	1535259998	NA	0
4570	4	opencv	conan-gcc	116556	10823298212	6896530	18165207	462312128	1535279188	NA	0
4571	4	opencv	conan-gcc	120562	10823418774	6896545	18165207	462316775	1535299226	NA	0
4572	4	opencv	conan-gcc	111231	10823530005	6896560	18165207	462321106	1535317838	NA	0
4573	4	opencv	conan-gcc	122042	10823652047	6896575	18165207	462325826	1535338276	NA	0
4574	4	opencv	conan-gcc	109319	10823761366	6896590	18165207	462330062	1535356515	NA	0
4575	4	opencv	conan-gcc	113923	10823875289	6896605	18165207	462334454	1535375403	NA	0
4576	4	opencv	conan-gcc	153091	10824028380	6896620	18165207	462339592	1535396719	NA	0
4577	4	opencv	conan-gcc	120504	10824148884	6896635	18165207	462344253	1535416867	NA	0
4578	4	opencv	conan-gcc	118000	10824266884	6896650	18165207	462348727	1535436161	NA	0
4579	4	opencv	conan-gcc	112348	10824379232	6896665	18165207	462353122	1535455067	NA	0
4580	4	opencv	conan-gcc	117628	10824496860	6896680	18165207	462357698	1535474879	NA	0
4581	4	opencv	conan-gcc	127688	10824624548	6896695	18165207	462362533	1535496071	NA	0
4582	4	opencv	conan-gcc	138807	10824763355	6896710	18165207	462367867	1535518860	NA	0
4583	4	opencv	conan-gcc	179624	10824942979	6896725	18165207	462373580	1535542283	NA	0
4584	4	opencv	conan-gcc	119241	10825062220	6896740	18165207	462378212	1535562357	NA	0
4585	4	opencv	conan-gcc	116525	10825178745	6896755	18165207	462382665	1535581546	NA	0
4586	4	opencv	conan-gcc	120483	10825299228	6896770	18165207	462387312	1535601563	NA	0
4587	4	opencv	conan-gcc	117878	10825417106	6896785	18165207	462391867	1535620989	NA	0
4588	4	opencv	conan-gcc	128339	10825545445	6896800	18165207	462396766	1535642156	NA	0
4589	4	opencv	conan-gcc	110104	10825655549	6896815	18165207	462401066	1535660731	NA	0
4590	4	opencv	conan-gcc	120167	10825775716	6896830	18165207	462405731	1535681004	NA	0
4591	4	opencv	conan-gcc	130757	10825906473	6896845	18390521	462410724	1535702556	NA	1
4592	4	opencv	conan-gcc	136803	10826043276	6896860	18390521	462416003	1535725545	NA	0
4593	4	opencv	conan-gcc	123404	10826166680	6896875	18390521	462420671	1535745761	NA	0
4594	4	opencv	conan-gcc	178275	10826344955	6896890	18390521	462426142	1535768114	NA	0
4595	4	opencv	conan-gcc	116149	10826461104	6896905	18390521	462430557	1535787054	NA	0
4596	4	opencv	conan-gcc	117856	10826578960	6896920	18390521	462435005	1535806218	NA	0
4597	4	opencv	conan-gcc	117943	10826696903	6896935	18390521	462439495	1535825576	NA	0
4598	4	opencv	conan-gcc	118717	10826815620	6896950	18390521	462444021	1535844998	NA	0
4599	4	opencv	conan-gcc	206377	10827021997	6896965	18390521	462450254	1535870810	NA	0
4600	4	opencv	conan-gcc	121729	10827143726	6896980	18390521	462454826	1535890451	NA	0
4601	4	opencv	conan-gcc	126946	10827270672	6896995	18390521	462459845	1535912818	NA	0
4602	4	opencv	conan-gcc	136072	10827406744	6897010	18390521	462465306	1535936145	NA	0
4603	4	opencv	conan-gcc	120193	10827526937	6897025	18390521	462469918	1535955742	NA	0
4604	4	opencv	conan-gcc	371137	10827898074	6897040	18390521	462475572	1535980058	NA	0
4605	4	opencv	conan-gcc	110787	10828008861	6897055	18390521	462479882	1535998559	NA	0
4606	4	opencv	conan-gcc	111656	10828120517	6897070	18390521	462484239	1536017145	NA	0
4607	4	opencv	conan-gcc	123347	10828243864	6897085	18390521	462489046	1536038036	NA	0
4608	4	opencv	conan-gcc	121342	10828365206	6897100	18390521	462493953	1536058787	NA	0
4609	4	opencv	conan-gcc	133928	10828499134	6897115	18390521	462499181	1536081587	NA	0
4610	4	opencv	conan-gcc	110793	10828609927	6897130	18390521	462503509	1536100015	NA	0
4611	4	opencv	conan-gcc	128560	10828738487	6897145	18390521	462508479	1536121848	NA	0
4612	4	opencv	conan-gcc	137393	10828875880	6897160	18390521	462513731	1536144747	NA	0
4613	4	opencv	conan-gcc	119124	10828995004	6897175	18390521	462518367	1536165031	NA	0
4614	4	opencv	conan-gcc	118666	10829113670	6897190	18390521	462523023	1536184865	NA	0
4615	4	opencv	conan-gcc	95716	10829209386	6897205	18390521	462526862	1536201491	NA	0
4616	4	opencv	conan-gcc	94030	10829303416	6897220	18390521	462530655	1536217993	NA	0
4617	4	opencv	conan-gcc	142618	10829446034	6897235	18390521	462535824	1536241185	NA	0
4618	4	opencv	conan-gcc	113827	10829559861	6897250	18390521	462540259	1536260133	NA	0
4619	4	opencv	conan-gcc	119302	10829679163	6897265	18390521	462544889	1536280143	NA	0
4620	4	opencv	conan-gcc	118496	10829797659	6897280	18390521	462549462	1536300413	NA	0
4621	4	opencv	conan-gcc	156101	10829953760	6897295	18390521	462555140	1536324610	NA	0
4622	4	opencv	conan-gcc	133494	10830087254	6897310	18390521	462560355	1536346232	NA	0
4623	4	opencv	conan-gcc	130118	10830217372	6897325	18390521	462565304	1536367898	NA	0
4624	4	opencv	conan-gcc	112104	10830329476	6897340	18390521	462569693	1536386663	NA	0
4625	4	opencv	conan-gcc	98783	10830428259	6897355	18390521	462573724	1536405079	NA	0
4626	4	opencv	conan-gcc	115966	10830544225	6897370	18390521	462578138	1536424033	NA	0
4627	4	opencv	conan-gcc	150324	10830694549	6897385	18390521	462583897	1536447751	NA	0
4628	4	opencv	conan-gcc	111845	10830806394	6897400	18390521	462588242	1536466366	NA	0
4629	4	opencv	conan-gcc	752	10830807146	6897415	18390521	462588277	1536466609	NA	0
4630	4	opencv	conan-gcc	116603	10830923749	6897430	18390521	462592696	1536485897	NA	0
4631	4	opencv	conan-gcc	126493	10831050242	6897445	18390521	462597707	1536506923	NA	0
4632	4	opencv	conan-gcc	126236	10831176478	6897460	18390521	462602649	1536528098	NA	0
4633	4	opencv	conan-gcc	3799	10831180277	6897475	18390521	462602815	1536528707	NA	0
4634	4	opencv	conan-gcc	12088	10831192365	6897490	18390521	462603187	1536530057	NA	0
4635	4	opencv	conan-gcc	53953	10831246318	6897505	18390521	462604285	1536532709	NA	0
4636	4	opencv	conan-gcc	37889	10831284207	6897520	18390521	462605161	1536534969	NA	0
4637	4	opencv	conan-gcc	15904	10831300111	6897535	18390521	462605811	1536537598	NA	0
4638	4	opencv	conan-gcc	21713	10831321824	6897550	18390521	462606513	1536539721	NA	0
4639	4	opencv	conan-gcc	9225	10831331049	6897565	18390521	462606919	1536541001	NA	0
4640	4	opencv	conan-gcc	44988	10831376037	6897580	18390521	462607864	1536543488	NA	0
4641	4	opencv	conan-gcc	59546	10831435583	6897595	18390521	462608937	1536546374	NA	0
4642	4	opencv	conan-gcc	16381	10831451964	6897610	18390521	462609625	1536548597	NA	0
4643	4	opencv	conan-gcc	10329	10831462293	6897625	18390521	462610110	1536550081	NA	0
4644	4	opencv	conan-gcc	14379	10831476672	6897640	18390521	462610804	1536552347	NA	0
4645	4	opencv	conan-gcc	14140	10831490812	6897655	18390521	462611392	1536554483	NA	0
4646	4	opencv	conan-gcc	12249	10831503061	6897670	18390521	462612005	1536556525	NA	0
4647	4	opencv	conan-gcc	19382	10831522443	6897685	18390521	462613047	1536559566	NA	0
4648	4	opencv	conan-gcc	14259	10831536702	6897700	18390521	462613704	1536561981	NA	0
4649	4	opencv	conan-gcc	6631	10831543333	6897715	18390521	462613963	1536563006	NA	0
4650	4	opencv	conan-gcc	7617	10831550950	6897730	18390521	462614224	1536564082	NA	0
4651	4	opencv	conan-gcc	62768	10831613718	6897745	18390521	462615429	1536567372	NA	0
4652	4	opencv	conan-gcc	43411	10831657129	6897760	18390521	462616455	1536570083	NA	0
4653	4	opencv	conan-gcc	10180	10831667309	6897775	18390521	462616859	1536571501	NA	0
4654	4	opencv	conan-gcc	50073	10831717382	6897790	18390521	462617853	1536574265	NA	0
4655	4	opencv	conan-gcc	64823	10831782205	6897805	18390521	462618979	1536577435	NA	0
4656	4	opencv	conan-gcc	18265	10831800470	6897820	18390521	462619699	1536579984	NA	0
4657	4	opencv	conan-gcc	11432	10831811902	6897835	18390521	462620111	1536581635	NA	0
4658	4	opencv	conan-gcc	14487	10831826389	6897850	18390521	462620673	1536583809	NA	0
4659	4	opencv	conan-gcc	7352	10831833741	6897865	18390521	462620917	1536584755	NA	0
4660	4	opencv	conan-gcc	203162	10832036903	6897880	18390521	462627120	1536608837	NA	0
4661	4	opencv	conan-gcc	168390	10832205293	6897895	18390521	462633033	1536633068	NA	0
4662	4	opencv	conan-gcc	98353	10832303646	6897910	18390521	462636956	1536650877	NA	0
4663	4	opencv	conan-gcc	97332	10832400978	6897925	18390521	462640866	1536668636	NA	0
4664	4	opencv	conan-gcc	144288	10832545266	6897940	18390521	462645654	1536690978	NA	0
4665	4	opencv	conan-gcc	104581	10832649847	6897955	18390521	462649844	1536709740	NA	0
4666	4	opencv	conan-gcc	271319	10832921166	6897970	18390521	462660489	1536743788	NA	0
4667	4	opencv	conan-gcc	262182	10833183348	6897985	18390521	462668627	1536775751	NA	0
4668	4	opencv	conan-gcc	412856	10833596204	6898000	18390521	462682502	1536824356	NA	0
4669	4	opencv	conan-gcc	288062	10833884266	6898015	18390521	462692504	1536861814	NA	0
4670	4	opencv	conan-gcc	97122	10833981388	6898030	18390521	462696408	1536879479	NA	0
4671	4	opencv	conan-gcc	105069	10834086457	6898045	18390521	462700592	1536897431	NA	0
4672	4	opencv	conan-gcc	97047	10834183504	6898060	18390521	462704488	1536914991	NA	0
4673	4	opencv	conan-gcc	222220	10834405724	6898075	18390521	462711231	1536944292	NA	0
4674	4	opencv	conan-gcc	115759	10834521483	6898090	18390521	462712658	1536951821	NA	0
4675	4	opencv	conan-gcc	98155	10834619638	6898105	18390521	462716568	1536969658	NA	0
4676	4	opencv	conan-gcc	230849	10834850487	6898120	18390521	462724466	1537000998	NA	0
4677	4	opencv	conan-gcc	73859	10834924346	6898135	18390521	462727422	1537013030	NA	0
4678	4	opencv	conan-gcc	94374	10835018720	6898150	18390521	462731175	1537030112	NA	0
4679	4	opencv	conan-gcc	94324	10835113044	6898165	18390521	462734884	1537047203	NA	0
4680	4	opencv	conan-gcc	229448	10835342492	6898180	18390521	462744679	1537086598	NA	0
4681	4	opencv	conan-gcc	217507	10835559999	6898195	18390521	462752578	1537120233	NA	0
4682	4	opencv	conan-gcc	94374	10835654373	6898210	18390521	462756331	1537137327	NA	0
4683	4	opencv	conan-gcc	152986	10835807359	6898225	18390521	462762560	1537163567	NA	0
4684	4	opencv	conan-gcc	98758	10835906117	6898240	18390521	462766514	1537181728	NA	0
4685	4	opencv	conan-gcc	94380	10836000497	6898255	18390521	462770267	1537198823	NA	0
4686	4	opencv	conan-gcc	130350	10836130847	6898270	18390521	462775509	1537221013	NA	0
4687	4	opencv	conan-gcc	102788	10836233635	6898285	18390521	462779634	1537239721	NA	0
4688	4	opencv	conan-gcc	94390	10836328025	6898300	18390521	462783387	1537256819	NA	0
4689	4	opencv	conan-gcc	259081	10836587106	6898315	18390521	462792906	1537291297	NA	0
4690	4	opencv	conan-gcc	139244	10836726350	6898330	18390521	462798372	1537314547	NA	0
4691	4	opencv	conan-gcc	159382	10836885732	6898345	18390521	462804566	1537339977	NA	0
4692	4	opencv	conan-gcc	105086	10836990818	6898360	18390521	462808733	1537359058	NA	0
4693	4	opencv	conan-gcc	103491	10837094309	6898375	18390521	462812834	1537378070	NA	0
4694	4	opencv	conan-gcc	100054	10837194363	6898390	18390521	462816792	1537396300	NA	0
4695	4	opencv	conan-gcc	103127	10837297490	6898405	18390521	462820854	1537415044	NA	0
4696	4	opencv	conan-gcc	94592	10837392082	6898420	18390521	462824613	1537432244	NA	0
4697	4	opencv	conan-gcc	101862	10837493944	6898435	18390521	462828669	1537449955	NA	0
4698	4	opencv	conan-gcc	94374	10837588318	6898450	18390521	462832422	1537467052	NA	0
4699	4	opencv	conan-gcc	122852	10837711170	6898465	18390521	462837300	1537488943	NA	0
4700	4	opencv	conan-gcc	150255	10837861425	6898480	18390521	462843738	1537515903	NA	0
4701	4	opencv	conan-gcc	94374	10837955799	6898495	18390521	462847491	1537533000	NA	0
4702	4	opencv	conan-gcc	833767	10838789566	6898510	18390521	462888243	1537668367	NA	0
4703	4	opencv	conan-gcc	153489	10838943055	6898525	18606848	462894502	1537695061	NA	1
4704	4	opencv	conan-gcc	107817	10839050872	6898540	18606848	462898459	1537712837	NA	0
4705	4	opencv	conan-gcc	49659	10839100531	6898555	18606848	462900397	1537721752	NA	0
4706	4	opencv	conan-gcc	54847	10839155378	6898570	18606848	462901640	1537727991	NA	0
4707	4	opencv	conan-gcc	74530	10839229908	6898585	18606848	462904419	1537740524	NA	0
4708	4	opencv	conan-gcc	67793	10839297701	6898600	18606848	462906170	1537748932	NA	0
4709	4	opencv	conan-gcc	47862	10839345563	6898615	18606848	462907992	1537757212	NA	0
4710	4	opencv	conan-gcc	185507	10839531070	6898630	18606848	462914217	1537779855	NA	0
4711	4	opencv	conan-gcc	142270	10839673340	6898645	18606848	462919912	1537804758	NA	0
4712	4	opencv	conan-gcc	144231	10839817571	6898660	18606848	462925666	1537829884	NA	0
4713	4	opencv	conan-gcc	155098	10839972669	6898675	18606848	462932073	1537858040	NA	0
4714	4	opencv	conan-gcc	177326	10840149995	6898690	18606848	462939346	1537887584	NA	0
4715	4	opencv	conan-gcc	161221	10840311216	6898705	18606848	462945806	1537915766	NA	0
4716	4	opencv	conan-gcc	105753	10840416969	6898720	18606848	462950092	1537935630	NA	0
4717	4	opencv	conan-gcc	131379	10840548348	6898735	18606848	462955331	1537960580	NA	0
4718	4	opencv	conan-gcc	156600	10840704948	6898750	18606848	462961868	1537989234	NA	0
4719	4	opencv	conan-gcc	206959	10840911907	6898765	18606848	462970428	1538025087	NA	0
4720	4	opencv	conan-gcc	172267	10841084174	6898780	18606848	462977432	1538054033	NA	0
4721	4	opencv	conan-gcc	69784	10841153958	6898795	18606848	462980031	1538065978	NA	0
4722	4	opencv	conan-gcc	117512	10841271470	6898810	18606848	462984682	1538085621	NA	0
4723	4	opencv	conan-gcc	70790	10841342260	6898825	18606848	462987371	1538097914	NA	0
4724	4	opencv	conan-gcc	58165	10841400425	6898840	18606848	462989561	1538108049	NA	0
4725	4	opencv	conan-gcc	58120	10841458545	6898855	18606848	462991751	1538118181	NA	0
4726	4	opencv	conan-gcc	213702	10841672247	6898870	18606848	462998884	1538144453	NA	0
4727	4	opencv	conan-gcc	58084	10841730331	6898885	18606848	463001072	1538154578	NA	0
4728	4	opencv	conan-gcc	139815	10841870146	6898900	18606848	463006447	1538181756	NA	0
4729	4	opencv	conan-gcc	58062	10841928208	6898915	18606848	463008637	1538191887	NA	0
4730	4	opencv	conan-gcc	58093	10841986301	6898930	18606848	463010827	1538202027	NA	0
4731	4	opencv	conan-gcc	58048	10842044349	6898945	18606848	463013017	1538212158	NA	0
4732	4	opencv	conan-gcc	231978	10842276327	6898960	18606848	463021530	1538244364	NA	0
4733	4	opencv	conan-gcc	46588	10842322915	6898975	18606848	463023358	1538252620	NA	0
4734	4	opencv	conan-gcc	139086	10842462001	6898990	18606848	463028867	1538276578	NA	0
4735	4	opencv	conan-gcc	80387	10842542388	6899005	18606848	463031235	1538288646	NA	0
4736	4	opencv	conan-gcc	58043	10842600431	6899020	18606848	463033425	1538298776	NA	0
4737	4	opencv	conan-gcc	58074	10842658505	6899035	18606848	463035615	1538308905	NA	0
4738	4	opencv	conan-gcc	58023	10842716528	6899050	18606848	463037805	1538319029	NA	0
4739	4	opencv	conan-gcc	58030	10842774558	6899065	18606848	463039995	1538329161	NA	0
4740	4	opencv	conan-gcc	285955	10843060513	6899080	18606848	463050269	1538369226	NA	0
4741	4	opencv	conan-gcc	58035	10843118548	6899095	18606848	463052459	1538379355	NA	0
4742	4	opencv	conan-gcc	150307	10843268855	6899110	18606848	463058510	1538405776	NA	0
4743	4	opencv	conan-gcc	58049	10843326904	6899125	18606848	463060700	1538415898	NA	0
4744	4	opencv	conan-gcc	58081	10843384985	6899140	18606848	463062890	1538426028	NA	0
4745	4	opencv	conan-gcc	58028	10843443013	6899155	18606848	463065080	1538436152	NA	0
4746	4	opencv	conan-gcc	58036	10843501049	6899170	18606848	463067270	1538446285	NA	0
4747	4	opencv	conan-gcc	301785	10843802834	6899185	18606848	463078477	1538488344	NA	0
4748	4	opencv	conan-gcc	58042	10843860876	6899200	18606848	463080667	1538498470	NA	0
4749	4	opencv	conan-gcc	105084	10843965960	6899215	18606848	463084387	1538514927	NA	0
4750	4	opencv	conan-gcc	58102	10844024062	6899230	18606848	463086577	1538525057	NA	0
4751	4	opencv	conan-gcc	58050	10844082112	6899245	18606848	463088767	1538535182	NA	0
4752	4	opencv	conan-gcc	58057	10844140169	6899260	18606848	463090957	1538545306	NA	0
4753	4	opencv	conan-gcc	213889	10844354058	6899275	18606848	463098226	1538571935	NA	0
4754	4	opencv	conan-gcc	167639	10844521697	6899290	18606848	463104348	1538599637	NA	0
4755	4	opencv	conan-gcc	58056	10844579753	6899305	18606848	463106538	1538609768	NA	0
4756	4	opencv	conan-gcc	227232	10844806985	6899320	18606848	463114011	1538644466	NA	0
4757	4	opencv	conan-gcc	58082	10844865067	6899335	18606848	463116201	1538654599	NA	0
4758	4	opencv	conan-gcc	97622	10844962689	6899350	18606848	463119708	1538671027	NA	0
4759	4	opencv	conan-gcc	58127	10845020816	6899365	18606848	463121898	1538681164	NA	0
4760	4	opencv	conan-gcc	58075	10845078891	6899380	18606848	463124088	1538691298	NA	0
4761	4	opencv	conan-gcc	58082	10845136973	6899395	18606848	463126278	1538701433	NA	0
4762	4	opencv	conan-gcc	266469	10845403442	6899410	18606848	463135378	1538736152	NA	0
4763	4	opencv	conan-gcc	58089	10845461531	6899425	18606848	463137568	1538746286	NA	0
4764	4	opencv	conan-gcc	58101	10845519632	6899440	18606848	463139758	1538756420	NA	0
4765	4	opencv	conan-gcc	58049	10845577681	6899455	18606848	463141948	1538766548	NA	0
4766	4	opencv	conan-gcc	58056	10845635737	6899470	18606848	463144138	1538776677	NA	0
4767	4	opencv	conan-gcc	274662	10845910399	6899485	18606848	463153342	1538811987	NA	0
4768	4	opencv	conan-gcc	58063	10845968462	6899500	18606848	463155532	1538822118	NA	0
4769	4	opencv	conan-gcc	71087	10846039549	6899515	18606848	463158242	1538834313	NA	0
4770	4	opencv	conan-gcc	58086	10846097635	6899530	18606848	463160432	1538844441	NA	0
4771	4	opencv	conan-gcc	58117	10846155752	6899545	18606848	463162622	1538854573	NA	0
4772	4	opencv	conan-gcc	58065	10846213817	6899560	18606848	463164812	1538864698	NA	0
4773	4	opencv	conan-gcc	58072	10846271889	6899575	18606848	463167002	1538874826	NA	0
4774	4	opencv	conan-gcc	220593	10846492482	6899590	18606848	463174677	1538903242	NA	0
4775	4	opencv	conan-gcc	86760	10846579242	6899605	18606848	463177943	1538918155	NA	0
4776	4	opencv	conan-gcc	202237	10846781479	6899620	18606848	463184727	1538943265	NA	0
4777	4	opencv	conan-gcc	103750	10846885229	6899635	18606848	463187988	1538958646	NA	0
4778	4	opencv	conan-gcc	58230	10846943459	6899650	18606848	463190181	1538968798	NA	0
4779	4	opencv	conan-gcc	69516	10847012975	6899665	18606848	463192655	1538980276	NA	0
4780	4	opencv	conan-gcc	58080	10847071055	6899680	18606848	463194845	1538990406	NA	0
4781	4	opencv	conan-gcc	280273	10847351328	6899695	18606848	463202753	1539020863	NA	0
4782	4	opencv	conan-gcc	58184	10847409512	6899710	18606848	463204946	1539031009	NA	0
4783	4	opencv	conan-gcc	110196	10847519708	6899725	18606848	463209034	1539049459	NA	0
4784	4	opencv	conan-gcc	58055	10847577763	6899740	18606848	463211224	1539059586	NA	0
4785	4	opencv	conan-gcc	58086	10847635849	6899755	18606848	463213414	1539069717	NA	0
4786	4	opencv	conan-gcc	75326	10847711175	6899770	18606848	463216288	1539083040	NA	0
4787	4	opencv	conan-gcc	252681	10847963856	6899785	18606848	463225027	1539116369	NA	0
4788	4	opencv	conan-gcc	75410	10848039266	6899800	18606848	463227903	1539129703	NA	0
4789	4	opencv	conan-gcc	149352	10848188618	6899815	18606848	463233947	1539156304	NA	0
4790	4	opencv	conan-gcc	132986	10848321604	6899830	18606848	463239321	1539180711	NA	0
4791	4	opencv	conan-gcc	153253	10848474857	6899845	18606848	463245270	1539206857	NA	0
4792	4	opencv	conan-gcc	198519	10848673376	6899860	18606848	463253423	1539242402	NA	0
4793	4	opencv	conan-gcc	25131	10848698507	6899875	18606848	463254448	1539247257	NA	0
4794	4	opencv	conan-gcc	134844	10848833351	6899890	18606848	463259706	1539273288	NA	0
4795	4	opencv	conan-gcc	104223	10848937574	6899905	18606848	463263860	1539292731	NA	0
4796	4	opencv	conan-gcc	188931	10849126505	6899920	18606848	463270728	1539323449	NA	0
4797	4	opencv	conan-gcc	196205	10849322710	6899935	18606848	463278770	1539358412	NA	0
4798	4	opencv	conan-gcc	108420	10849431130	6899950	18606848	463283204	1539378881	NA	0
4799	4	opencv	conan-gcc	117563	10849548693	6899965	18606848	463287674	1539399046	NA	0
4800	4	opencv	conan-gcc	231018	10849779711	6899980	18606848	463295975	1539436973	NA	0
4801	4	opencv	conan-gcc	133580	10849913291	6899995	18606848	463301251	1539460338	NA	0
4802	4	opencv	conan-gcc	170334	10850083625	6900010	18606848	463307045	1539486922	NA	0
4803	4	opencv	conan-gcc	134652	10850218277	6900025	18606848	463312309	1539510650	NA	0
4804	4	opencv	conan-gcc	123636	10850341913	6900040	18606848	463317267	1539533329	NA	0
4805	4	opencv	conan-gcc	193174	10850535087	6900055	18606848	463325049	1539568559	NA	0
4806	4	opencv	conan-gcc	201680	10850736767	6900070	18606848	463332571	1539603066	NA	0
4807	4	opencv	conan-gcc	110738	10850847505	6900085	18606848	463337085	1539623754	NA	0
4808	4	opencv	conan-gcc	131774	10850979279	6900100	18606848	463342315	1539647009	NA	0
4809	4	opencv	conan-gcc	117946	10851097225	6900115	18606848	463346928	1539669612	NA	0
4810	4	opencv	conan-gcc	234462	10851331687	6900130	18606848	463356632	1539711225	NA	0
4811	4	opencv	conan-gcc	188434	10851520121	6900145	18606848	463363389	1539741252	NA	0
4812	4	opencv	conan-gcc	209494	10851729615	6900160	18606848	463370949	1539773064	NA	0
4813	4	opencv	conan-gcc	177027	10851906642	6900175	18606848	463378179	1539803468	NA	0
4814	4	opencv	conan-gcc	168981	10852075623	6900190	18606848	463385096	1539832725	NA	0
4815	4	opencv	conan-gcc	172469	10852248092	6900205	18810743	463392178	1539862865	NA	1
4816	4	opencv	conan-gcc	87012	10852335104	6900220	18810743	463395487	1539877778	NA	0
4817	4	opencv	conan-gcc	111172	10852446276	6900235	18810743	463399654	1539896629	NA	0
4818	4	opencv	conan-gcc	101158	10852547434	6900250	18810743	463403331	1539913005	NA	0
4819	4	opencv	conan-gcc	95145	10852642579	6900265	18810743	463406775	1539928635	NA	0
4820	4	opencv	conan-gcc	65753	10852708332	6900280	18810743	463409316	1539940027	NA	0
4821	4	opencv	conan-gcc	68813	10852777145	6900295	18810743	463411918	1539951195	NA	0
4822	4	opencv	conan-gcc	127354	10852904499	6900310	18810743	463416760	1539973467	NA	0
4823	4	opencv	conan-gcc	30855	10852935354	6900325	18810743	463417912	1539979207	NA	0
4824	4	opencv	conan-gcc	42309	10852977663	6900340	18810743	463419606	1539986562	NA	0
4825	4	opencv	conan-gcc	23655	10853001318	6900355	18810743	463420378	1539990721	NA	0
4826	4	opencv	conan-gcc	104502	10853105820	6900370	18810743	463424229	1540008037	NA	0
4827	4	opencv	conan-gcc	67617	10853173437	6900385	18810743	463426713	1540018887	NA	0
4828	4	opencv	conan-gcc	69424	10853242861	6900400	18810743	463429318	1540030438	NA	0
4829	4	opencv	conan-gcc	276248	10853519109	6900415	18810743	463440345	1540073011	NA	0
4830	4	opencv	conan-gcc	173750	10853692859	6900430	18810743	463446903	1540099961	NA	0
4831	4	opencv	conan-gcc	191737	10853884596	6900445	18810743	463454081	1540128960	NA	0
4832	4	opencv	conan-gcc	434394	10854318990	6900460	18810743	463469921	1540186356	NA	0
4833	4	opencv	conan-gcc	173213	10854492203	6900475	18810743	463476441	1540213160	NA	0
4834	4	opencv	conan-gcc	302267	10854794470	6900490	18810743	463487763	1540257888	NA	0
4835	4	opencv	conan-gcc	180297	10854974767	6900505	18810743	463494544	1540285777	NA	0
4836	4	opencv	conan-gcc	177851	10855152618	6900520	18810743	463501265	1540313589	NA	0
4837	4	opencv	conan-gcc	664732	10855817350	6900535	18810743	463526669	1540404039	NA	0
4838	4	opencv	conan-gcc	276759	10856094109	6900550	18810743	463537416	1540445592	NA	0
4839	4	opencv	conan-gcc	327070	10856421179	6900565	18810743	463549045	1540488616	NA	0
4840	4	opencv	conan-gcc	184277	10856605456	6900580	18810743	463556098	1540517274	NA	0
4841	4	opencv	conan-gcc	204847	10856810303	6900595	18810743	463563727	1540547705	NA	0
4842	4	opencv	conan-gcc	178731	10856989034	6900610	18810743	463570544	1540575678	NA	0
4843	4	opencv	conan-gcc	249521	10857238555	6900625	18810743	463579492	1540610470	NA	0
4844	4	opencv	conan-gcc	576660	10857815215	6900640	18810743	463592644	1540661688	NA	0
4845	4	opencv	conan-gcc	222480	10858037695	6900655	18810743	463601033	1540696026	NA	0
4846	4	opencv	conan-gcc	271788	10858309483	6900670	18810743	463611214	1540737673	NA	0
4847	4	opencv	conan-gcc	178682	10858488165	6900685	18810743	463618022	1540765618	NA	0
4848	4	opencv	conan-gcc	173331	10858661496	6900700	18810743	463624521	1540792414	NA	0
4849	4	opencv	conan-gcc	177662	10858839158	6900715	18810743	463631238	1540819767	NA	0
4850	4	opencv	conan-gcc	185981	10859025139	6900730	18810743	463638110	1540847883	NA	0
4851	4	opencv	conan-gcc	260900	10859286039	6900745	18810743	463648672	1540892700	NA	0
4852	4	opencv	conan-gcc	202633	10859488672	6900760	18810743	463656067	1540924369	NA	0
4853	4	opencv	conan-gcc	242762	10859731434	6900775	18810743	463664918	1540958247	NA	0
4854	4	opencv	conan-gcc	191449	10859922883	6900790	18810743	463671645	1540987634	NA	0
4855	4	opencv	conan-gcc	210098	10860132981	6900805	18810743	463679164	1541020139	NA	0
4856	4	opencv	conan-gcc	288304	10860421285	6900820	18810743	463690619	1541065249	NA	0
4857	4	opencv	conan-gcc	185150	10860606435	6900835	18810743	463697051	1541093781	NA	0
4858	4	opencv	conan-gcc	316173	10860922608	6900850	18810743	463708876	1541139780	NA	0
4859	4	opencv	conan-gcc	378085	10861300693	6900865	18810743	463720461	1541189177	NA	0
4860	4	opencv	conan-gcc	243090	10861543783	6900880	18810743	463729784	1541226887	NA	0
4861	4	opencv	conan-gcc	203286	10861747069	6900895	18810743	463737094	1541258980	NA	0
4862	4	opencv	conan-gcc	186047	10861933116	6900910	18810743	463743562	1541287650	NA	0
4863	4	opencv	conan-gcc	243285	10862176401	6900925	18810743	463752876	1541326283	NA	0
4864	4	opencv	conan-gcc	194828	10862371229	6900940	18810743	463759679	1541356151	NA	0
4865	4	opencv	conan-gcc	248241	10862619470	6900955	18810743	463769121	1541395965	NA	0
4866	4	opencv	conan-gcc	184493	10862803963	6900970	18810743	463775459	1541424210	NA	0
4867	4	opencv	conan-gcc	2111463	10864915426	6900985	18810743	463835904	1541598388	NA	0
4868	4	opencv	conan-gcc	1990990	10866906416	6901000	18810743	463926609	1541902894	NA	0
4869	4	opencv	conan-gcc	1716115	10868622531	6901015	18810743	464009550	1542166117	NA	0
4870	4	opencv	conan-gcc	2008073	10870630604	6901030	18810743	464100907	1542473749	NA	0
4871	4	opencv	conan-gcc	2459921	10873090525	6901045	18810743	464201107	1542813818	NA	0
4872	4	opencv	conan-gcc	2353878	10875444403	6901060	18810743	464301755	1543161384	NA	0
4873	4	opencv	conan-gcc	2014715	10877459118	6901075	18810743	464393468	1543469560	NA	0
4874	4	opencv	conan-gcc	1761129	10879220247	6901090	18810743	464478413	1543738132	NA	0
4875	4	opencv	conan-gcc	266	10879220513	6901105	18810743	464478433	1543738274	NA	0
4876	4	opencv	conan-gcc	1581139	10880801652	6901120	18810743	464555485	1543981384	NA	0
4877	4	opencv	conan-gcc	1562810	10882364462	6901135	18810743	464631125	1544221683	NA	0
4878	4	opencv	conan-gcc	1641899	10884006361	6901150	18810743	464711379	1544473656	NA	0
4879	4	opencv	conan-gcc	1619807	10885626168	6901165	18810743	464789124	1544720255	NA	0
4880	4	opencv	conan-gcc	2150550	10887776718	6901180	18810743	464883322	1545043902	NA	0
4881	4	opencv	conan-gcc	2259790	10890036508	6901195	18810743	464982479	1545384619	NA	0
4882	4	opencv	conan-gcc	2026144	10892062652	6901210	18810743	465074615	1545692940	NA	0
4883	4	opencv	conan-gcc	1864914	10893927566	6901225	18810743	465160573	1545980348	NA	0
4884	4	opencv	conan-gcc	1875548	10895803114	6901240	18810743	465246928	1546269381	NA	0
4885	4	opencv	conan-gcc	1574811	10897377925	6901255	18810743	465323186	1546511164	NA	0
4886	4	opencv	conan-gcc	1731876	10899109801	6901270	18810743	465406752	1546777330	NA	0
4887	4	opencv	conan-gcc	1717988	10900827789	6901285	18810743	465491057	1547043316	NA	0
4888	4	opencv	conan-gcc	1036727	10901864516	6901300	18810743	465539225	1547203986	NA	0
4889	4	opencv	conan-gcc	1184027	10903048543	6901315	18810743	465595888	1547386951	NA	0
4890	4	opencv	conan-gcc	1571423	10904619966	6901330	18810743	465671850	1547627878	NA	0
4891	4	opencv	conan-gcc	1603719	10906223685	6901345	18810743	465747428	1547867959	NA	0
4892	4	opencv	conan-gcc	1850927	10908074612	6901360	18810743	465830495	1548139980	NA	0
4893	4	opencv	conan-gcc	2079228	10910153840	6901375	18810743	465925293	1548457799	NA	0
4894	4	opencv	conan-gcc	2136488	10912290328	6901390	18810743	466022132	1548786003	NA	0
4895	4	opencv	conan-gcc	3300457	10915590785	6901405	18810743	466157278	1549248388	NA	0
4896	4	opencv	conan-gcc	4069573	10919660358	6901420	18810743	466307131	1549709274	NA	0
4897	4	opencv	conan-gcc	2965406	10922625764	6901435	18810743	466428138	1550118289	NA	0
4898	4	opencv	conan-gcc	3014217	10925639981	6901450	18810743	466550674	1550533950	NA	0
4899	4	opencv	conan-gcc	2959400	10928599381	6901465	18810743	466670961	1550939941	NA	0
4900	4	opencv	conan-gcc	3146526	10931745907	6901480	18810743	466796656	1551367910	NA	0
4901	4	opencv	conan-gcc	1623403	10933369310	6901495	18810743	466875633	1551618953	NA	0
4902	4	opencv	conan-gcc	2400506	10935769816	6901510	18810743	466980187	1551978966	NA	0
4903	4	opencv	conan-gcc	3119260	10938889076	6901525	18810743	467107957	1552410445	NA	0
4904	4	opencv	conan-gcc	2977115	10941866191	6901540	18810743	467229101	1552819755	NA	0
4905	4	opencv	conan-gcc	1590134	10943456325	6901555	18810743	467306094	1553063833	NA	0
4906	4	opencv	conan-gcc	3277609	10946733934	6901570	18810743	467437751	1553511433	NA	0
4907	4	opencv	conan-gcc	2257511	10948991445	6901585	18810743	467538049	1553853800	NA	0
4908	4	opencv	conan-gcc	3162987	10952154432	6901600	18810743	467666922	1554290559	NA	0
4909	4	opencv	conan-gcc	2695478	10954849910	6901615	18810743	467778311	1554677714	NA	0
4910	4	opencv	conan-gcc	2739767	10957589677	6901630	18810743	467891437	1555070537	NA	0
4911	4	opencv	conan-gcc	2777286	10960366963	6901645	18810743	468005392	1555469675	NA	0
4912	4	opencv	conan-gcc	2915138	10963282101	6901660	18810743	468118645	1555868341	NA	0
4913	4	opencv	conan-gcc	2821903	10966104004	6901675	18810743	468235064	1556273892	NA	0
4914	4	opencv	conan-gcc	2720827	10968824831	6901690	18810743	468347833	1556665568	NA	0
4915	4	opencv	conan-gcc	2705841	10971530672	6901705	18810743	468459810	1557054754	NA	0
4916	4	opencv	conan-gcc	2840951	10974371623	6901720	18810743	468578969	1557466530	NA	0
4917	4	opencv	conan-gcc	2139640	10976511263	6901735	18810743	468673644	1557785363	NA	0
4918	4	opencv	conan-gcc	2717524	10979228787	6901750	18810743	468786066	1558176530	NA	0
4919	4	opencv	conan-gcc	2699075	10981927862	6901765	18810743	468897753	1558564335	NA	0
4920	4	opencv	conan-gcc	2706902	10984634764	6901780	18810743	469010005	1558954448	NA	0
4921	4	opencv	conan-gcc	2697826	10987332590	6901795	18810743	469121599	1559342612	NA	0
4922	4	opencv	conan-gcc	2765445	10990098035	6901810	18810743	469234293	1559735846	NA	0
4923	4	opencv	conan-gcc	2697895	10992795930	6901825	18810743	469345924	1560123683	NA	0
4924	4	opencv	conan-gcc	2738250	10995534180	6901840	18810743	469458395	1560514813	NA	0
4925	4	opencv	conan-gcc	2737582	10998271762	6901855	18810743	469571458	1560910147	NA	0
4926	4	opencv	conan-gcc	2706837	11000978599	6901870	18810743	469683557	1561300046	NA	0
4927	4	opencv	conan-gcc	2703486	11003682085	6901885	19427612	469795390	1561689196	NA	1
4928	4	opencv	conan-gcc	2697025	11006379110	6901900	19427612	469907050	1562077149	NA	0
4929	4	opencv	conan-gcc	2776799	11009155909	6901915	19427612	470022515	1562477092	NA	0
4930	4	opencv	conan-gcc	2698792	11011854701	6901930	19427612	470134080	1562864602	NA	0
4931	4	opencv	conan-gcc	2694791	11014549492	6901945	19427612	470245582	1563251909	NA	0
4932	4	opencv	conan-gcc	2803162	11017352654	6901960	19427612	470362040	1563657824	NA	0
4933	4	opencv	conan-gcc	2700959	11020053613	6901975	19427612	470473682	1564045577	NA	0
4934	4	opencv	conan-gcc	2702811	11022756424	6901990	19427612	470585520	1564434771	NA	0
4935	4	opencv	conan-gcc	2898726	11025655150	6902005	19427612	470706117	1564859899	NA	0
4936	4	opencv	conan-gcc	2858429	11028513579	6902020	19427612	470823815	1565273726	NA	0
4937	4	opencv	conan-gcc	2712547	11031226126	6902035	19427612	470936297	1565664447	NA	0
4938	4	opencv	conan-gcc	2691889	11033918015	6902050	19427612	471047607	1566051243	NA	0
4939	4	opencv	conan-gcc	2705952	11036623967	6902065	19427612	471159563	1566440009	NA	0
4940	4	opencv	conan-gcc	2709274	11039333241	6902080	19427612	471271721	1566830706	NA	0
4941	4	opencv	conan-gcc	2764534	11042097775	6902095	19427612	471385624	1567229783	NA	0
4942	4	opencv	conan-gcc	2836245	11044934020	6902110	19427612	471503610	1567639418	NA	0
4943	4	opencv	conan-gcc	2955702	11047889722	6902125	19427612	471627317	1568066419	NA	0
4944	4	opencv	conan-gcc	2702288	11050592010	6902140	19427612	471739174	1568455554	NA	0
4945	4	opencv	conan-gcc	2710856	11053302866	6902155	19427612	471851379	1568845727	NA	0
4946	4	opencv	conan-gcc	2695236	11055998102	6902170	19427612	471962935	1569233070	NA	0
4947	4	opencv	conan-gcc	2815826	11058813928	6902185	19427612	472078575	1569644977	NA	0
4948	4	opencv	conan-gcc	2754164	11061568092	6902200	19427612	472191691	1570039740	NA	0
4949	4	opencv	conan-gcc	2870892	11064438984	6902215	19427612	472308898	1570452528	NA	0
4950	4	opencv	conan-gcc	2746282	11067185266	6902230	19427612	472422530	1570849092	NA	0
4951	4	opencv	conan-gcc	2709838	11069895104	6902245	19427612	472534682	1571239643	NA	0
4952	4	opencv	conan-gcc	2705188	11072600292	6902260	19427612	472646633	1571628563	NA	0
4953	4	opencv	conan-gcc	2761284	11075361576	6902275	19427612	472760074	1572023859	NA	0
4954	4	opencv	conan-gcc	2700812	11078062388	6902290	19427612	472872088	1572412848	NA	0
4955	4	opencv	conan-gcc	2725941	11080788329	6902305	19427612	472984783	1572805138	NA	0
4956	4	opencv	conan-gcc	2723156	11083511485	6902320	19427612	473097531	1573197271	NA	0
4957	4	opencv	conan-gcc	2756711	11086268196	6902335	19427612	473211388	1573595185	NA	0
4958	4	opencv	conan-gcc	2832386	11089100582	6902350	19427612	473324987	1573992597	NA	0
4959	4	opencv	conan-gcc	2730147	11091830729	6902365	19427612	473437771	1574385479	NA	0
4960	4	opencv	conan-gcc	2709888	11094540617	6902380	19427612	473549794	1574775128	NA	0
4961	4	opencv	conan-gcc	2728080	11097268697	6902395	19427612	473662617	1575168757	NA	0
4962	4	opencv	conan-gcc	2829545	11100098242	6902410	19427612	473777716	1575570770	NA	0
4963	4	opencv	conan-gcc	2721291	11102819533	6902425	19427612	473890203	1575961079	NA	0
4964	4	opencv	conan-gcc	2693843	11105513376	6902440	19427612	474001513	1576347908	NA	0
4965	4	opencv	conan-gcc	2693839	11108207215	6902455	19427612	474112823	1576734673	NA	0
4966	4	opencv	conan-gcc	2693835	11110901050	6902470	19427612	474224133	1577121464	NA	0
4967	4	opencv	conan-gcc	2703383	11113604433	6902485	19427612	474335958	1577509729	NA	0
4968	4	opencv	conan-gcc	2704193	11116308626	6902500	19427612	474447838	1577898783	NA	0
4969	4	opencv	conan-gcc	2698036	11119006662	6902515	19427612	474559471	1578286748	NA	0
4970	4	opencv	conan-gcc	2925912	11121932574	6902530	19427612	474682891	1578714039	NA	0
4971	4	opencv	conan-gcc	2776739	11124709313	6902545	19427612	474796557	1579110908	NA	0
4972	4	opencv	conan-gcc	2692942	11127402255	6902560	19427612	474907980	1579497698	NA	0
4973	4	opencv	conan-gcc	2695070	11130097325	6902575	19427612	475019516	1579884964	NA	0
4974	4	opencv	conan-gcc	4703543	11134800868	6902590	19427612	475192606	1580436893	NA	0
4975	4	opencv	conan-gcc	2705371	11137506239	6902605	19427612	475304357	1580825745	NA	0
4976	4	opencv	conan-gcc	3073198	11140579437	6902620	19427612	475434729	1581280636	NA	0
4977	4	opencv	conan-gcc	2982993	11143562430	6902635	19427612	475560987	1581717514	NA	0
4978	4	opencv	conan-gcc	2840640	11146403070	6902650	19427612	475680395	1582131817	NA	0
4979	4	opencv	conan-gcc	2820347	11149223417	6902665	19427612	475799044	1582543171	NA	0
4980	4	opencv	conan-gcc	2845154	11152068571	6902680	19427612	475918686	1582958944	NA	0
4981	4	opencv	conan-gcc	2842116	11154910687	6902695	19427612	476038350	1583374500	NA	0
4982	4	opencv	conan-gcc	2721313	11157632000	6902710	19427612	476150951	1583767367	NA	0
4983	4	opencv	conan-gcc	2756705	11160388705	6902725	19427612	476264552	1584161997	NA	0
4984	4	opencv	conan-gcc	2816852	11163205557	6902740	19427612	476381775	1584572945	NA	0
4985	4	opencv	conan-gcc	2709329	11165914886	6902755	19427612	476493787	1584962486	NA	0
4986	4	opencv	conan-gcc	2698226	11168613112	6902770	19427612	476605400	1585350033	NA	0
4987	4	opencv	conan-gcc	2697283	11171310395	6902785	19427612	476717048	1585737665	NA	0
4988	4	opencv	conan-gcc	2691853	11174002248	6902800	19427612	476828358	1586124398	NA	0
4989	4	opencv	conan-gcc	2714516	11176716764	6902815	19427612	476940569	1586514808	NA	0
4990	4	opencv	conan-gcc	2931091	11179647855	6902830	19427612	477064329	1586944728	NA	0
4991	4	opencv	conan-gcc	2701782	11182349637	6902845	19427612	477175927	1587334409	NA	0
4992	4	opencv	conan-gcc	2870922	11185220559	6902860	19427612	477296744	1587752367	NA	0
4993	4	opencv	conan-gcc	2698436	11187918995	6902875	19427612	477408369	1588140868	NA	0
4994	4	opencv	conan-gcc	2741013	11190660008	6902890	19427612	477522032	1588537197	NA	0
4995	4	opencv	conan-gcc	2803784	11193463792	6902905	19427612	477637867	1588939090	NA	0
4996	4	opencv	conan-gcc	2772701	11196236493	6902920	19427612	477753148	1589339553	NA	0
4997	4	opencv	conan-gcc	2704089	11198940582	6902935	19427612	477865186	1589728635	NA	0
4998	4	opencv	conan-gcc	2869525	11201810107	6902950	19427612	477984758	1590143071	NA	0
4999	4	opencv	conan-gcc	2703762	11204513869	6902965	19427612	478096618	1590531894	NA	0
5000	4	opencv	conan-gcc	2697137	11207211006	6902980	19427612	478208308	1590919620	NA	0
5001	4	opencv	conan-gcc	2147349	11209358355	6902995	19427612	478303507	1591240133	NA	0
5002	4	opencv	conan-gcc	2804978	11212163333	6903010	19427612	478416986	1591636675	NA	0
5003	4	opencv	conan-gcc	2797035	11214960368	6903025	19427612	478532725	1592040440	NA	0
5004	4	opencv	conan-gcc	2720733	11217681101	6903040	19427612	478645417	1592432528	NA	0
5005	4	opencv	conan-gcc	2803199	11220484300	6903055	19427612	478759918	1592831385	NA	0
5006	4	opencv	conan-gcc	2704183	11223188483	6903070	19427612	478871992	1593220314	NA	0
5007	4	opencv	conan-gcc	4527708	11227716191	6903085	19427612	479035866	1593748520	NA	0
5008	4	opencv	conan-gcc	4592311	11232308502	6903100	19427612	479201062	1594280801	NA	0
5009	4	opencv	conan-gcc	4759877	11237068379	6903115	19427612	479369965	1594832688	NA	0
5010	4	opencv	conan-gcc	4724347	11241792726	6903130	19427612	479537608	1595379133	NA	0
5011	4	opencv	conan-gcc	4829219	11246621945	6903145	19427612	479706845	1595933040	NA	0
5012	4	opencv	conan-gcc	4786085	11251408030	6903160	19427612	479875239	1596483976	NA	0
5013	4	opencv	conan-gcc	4762520	11256170550	6903175	19427612	480043622	1597033046	NA	0
5014	4	opencv	conan-gcc	4728899	11260899449	6903190	19427612	480211501	1597580052	NA	0
5015	4	opencv	conan-gcc	4730204	11265629653	6903205	19427612	480379291	1598127209	NA	0
5016	4	opencv	conan-gcc	4819826	11270449479	6903220	19427612	480550901	1598688506	NA	0
5017	4	opencv	conan-gcc	4746029	11275195508	6903235	19427612	480719297	1599238111	NA	0
5018	4	opencv	conan-gcc	4728412	11279923920	6903250	19427612	480887042	1599785009	NA	0
5019	4	opencv	conan-gcc	4740650	11284664570	6903265	19427612	481055313	1600334311	NA	0
5020	4	opencv	conan-gcc	4728801	11289393371	6903280	19427612	481223075	1600881287	NA	0
5021	4	opencv	conan-gcc	4737463	11294130834	6903295	19427612	481391110	1601429315	NA	0
5022	4	opencv	conan-gcc	4825694	11298956528	6903310	19427612	481562012	1601986591	NA	0
5023	4	opencv	conan-gcc	4824480	11303781008	6903325	19427612	481732204	1602542782	NA	0
5024	4	opencv	conan-gcc	5005835	11308786843	6903340	19427612	481904712	1603115333	NA	0
5025	4	opencv	conan-gcc	5011864	11313798707	6903355	19427612	482077541	1603689231	NA	0
5026	4	opencv	conan-gcc	5101314	11318900021	6903370	19427612	482253931	1604276681	NA	0
5027	4	opencv	conan-gcc	5027517	11323927538	6903385	19427612	482427189	1604852393	NA	0
5028	4	opencv	conan-gcc	5022138	11328949676	6903400	19427612	482600311	1605427802	NA	0
5029	4	opencv	conan-gcc	5018951	11333968627	6903415	19427612	482773205	1606001852	NA	0
5030	4	opencv	conan-gcc	5105968	11339074595	6903430	19427612	482948232	1606584200	NA	0
5031	4	opencv	conan-gcc	3485664	11342560259	6903445	19427612	483095288	1607081389	NA	0
5032	4	opencv	conan-gcc	3485672	11346045931	6903460	19427612	483242344	1607578518	NA	0
5033	4	opencv	conan-gcc	3485652	11349531583	6903475	19427612	483389400	1608075692	NA	0
5034	4	opencv	conan-gcc	3485656	11353017239	6903490	19427612	483536456	1608572897	NA	0
5035	4	opencv	conan-gcc	3485604	11356502843	6903505	19427612	483683377	1609070211	NA	0
5036	4	opencv	conan-gcc	3485616	11359988459	6903520	19427612	483830298	1609567468	NA	0
5037	4	opencv	conan-gcc	3485704	11363474163	6903535	19427612	483977354	1610064673	NA	0
5038	4	opencv	conan-gcc	3531861	11367006024	6903550	19427612	484124868	1610566459	NA	0
5039	4	opencv	conan-gcc	3496400	11370502424	6903565	19869552	484272050	1611065427	NA	1
5040	4	opencv	conan-gcc	3891004	11374393428	6903580	19869552	484428410	1611596657	NA	0
5041	4	opencv	conan-gcc	3529563	11377922991	6903595	19869552	484576908	1612101043	NA	0
5042	4	opencv	conan-gcc	3500450	11381423441	6903610	19869552	484724039	1612599371	NA	0
5043	4	opencv	conan-gcc	3490613	11384914054	6903625	19869552	484871206	1613097721	NA	0
5044	4	opencv	conan-gcc	3504393	11388418447	6903640	19869552	485018654	1613598135	NA	0
5045	4	opencv	conan-gcc	224	11388418671	6903655	19869552	485018674	1613598263	NA	0
5046	4	opencv	conan-gcc	3491762	11391910433	6903670	19869552	485165849	1614096667	NA	0
5047	4	opencv	conan-gcc	3595167	11395505600	6903685	19869552	485315715	1614610004	NA	0
5048	4	opencv	conan-gcc	3534248	11399039848	6903700	19869552	485464247	1615115018	NA	0
5049	4	opencv	conan-gcc	3541582	11402581430	6903715	19869552	485612130	1615618308	NA	0
5050	4	opencv	conan-gcc	3496956	11406078386	6903730	19869552	485759406	1616117484	NA	0
5051	4	opencv	conan-gcc	3509637	11409588023	6903745	19869552	485906660	1616617240	NA	0
5052	4	opencv	conan-gcc	4328917	11413916940	6903760	19869552	486068346	1617174440	NA	0
5053	4	opencv	conan-gcc	3792907	11417709847	6903775	19869552	486225275	1617701487	NA	0
5054	4	opencv	conan-gcc	3878216	11421588063	6903790	19869552	486376179	1618228313	NA	0
5055	4	opencv	conan-gcc	3546872	11425134935	6903805	19869552	486524662	1618731625	NA	0
5056	4	opencv	conan-gcc	4177643	11429312578	6903820	19869552	486695053	1619309957	NA	0
5057	4	opencv	conan-gcc	4160860	11433473438	6903835	19869552	486866120	1619890932	NA	0
5058	4	opencv	conan-gcc	3511459	11436984897	6903850	19869552	487013413	1620390638	NA	0
5059	4	opencv	conan-gcc	3486763	11440471660	6903865	19869552	487160336	1620888115	NA	0
5060	4	opencv	conan-gcc	3935821	11444407481	6903880	19869552	487318042	1621425940	NA	0
5061	4	opencv	conan-gcc	3940994	11448348475	6903895	19869552	487477489	1621965055	NA	0
5062	4	opencv	conan-gcc	3688976	11452037451	6903910	19869552	487626743	1622478015	NA	0
5063	4	opencv	conan-gcc	3515949	11455553400	6903925	19869552	487773950	1622978052	NA	0
5064	4	opencv	conan-gcc	3615999	11459169399	6903940	19869552	487923940	1623493735	NA	0
5065	4	opencv	conan-gcc	3554402	11462723801	6903955	19869552	488071658	1623995257	NA	0
5066	4	opencv	conan-gcc	3760767	11466484568	6903970	19869552	488229148	1624526190	NA	0
5067	4	opencv	conan-gcc	3514953	11469999521	6903985	19869552	488376886	1625028826	NA	0
5068	4	opencv	conan-gcc	3490497	11473490018	6904000	19869552	488524077	1625527166	NA	0
5069	4	opencv	conan-gcc	3712749	11477202767	6904015	19869552	488673392	1626042157	NA	0
5070	4	opencv	conan-gcc	3686722	11480889489	6904030	19869552	488822938	1626553898	NA	0
5071	4	opencv	conan-gcc	3972111	11484861600	6904045	19869552	488983937	1627100743	NA	0
5072	4	opencv	conan-gcc	3972111	11488833711	6904060	19869552	489144936	1627647587	NA	0
5073	4	opencv	conan-gcc	3972972	11492806683	6904075	19869552	489306154	1628195316	NA	0
5074	4	opencv	conan-gcc	3972983	11496779666	6904090	19869552	489467372	1628743123	NA	0
5075	4	opencv	conan-gcc	3973003	11500752669	6904105	19869552	489628580	1629290847	NA	0
5076	4	opencv	conan-gcc	5760731	11506513400	6904120	19869552	489838880	1629973586	NA	0
5077	4	opencv	conan-gcc	5758968	11512272368	6904135	19869552	490049095	1630655933	NA	0
5078	4	opencv	conan-gcc	5992830	11518265198	6904150	19869552	490263801	1631362567	NA	0
5079	4	opencv	conan-gcc	5991355	11524256553	6904165	19869552	490478496	1632069162	NA	0
5080	4	opencv	conan-gcc	6268023	11530524576	6904180	19869552	490697654	1632801138	NA	0
5081	4	opencv	conan-gcc	6266548	11536791124	6904195	19869552	490916795	1633533047	NA	0
5082	4	opencv	conan-gcc	6271634	11543062758	6904210	19869552	491136027	1634265301	NA	0
5083	4	opencv	conan-gcc	3352889	11546415647	6904225	19869552	491276466	1634737744	NA	0
5084	4	opencv	conan-gcc	3482329	11549897976	6904240	19869552	491423209	1635233764	NA	0
5085	4	opencv	conan-gcc	3482277	11553380253	6904255	19869552	491570091	1635729945	NA	0
5086	4	opencv	conan-gcc	3482339	11556862592	6904270	19869552	491716834	1636226048	NA	0
5087	4	opencv	conan-gcc	3482314	11560344906	6904285	19869552	491863577	1636722030	NA	0
5088	4	opencv	conan-gcc	3482319	11563827225	6904300	19869552	492010320	1637218047	NA	0
5089	4	opencv	conan-gcc	3482259	11567309484	6904315	19869552	492157202	1637714305	NA	0
5090	4	opencv	conan-gcc	3482281	11570791765	6904330	19869552	492304084	1638210544	NA	0
5091	4	opencv	conan-gcc	3356360	11574148125	6904345	19869552	492444663	1638683981	NA	0
5092	4	opencv	conan-gcc	3357260	11577505385	6904360	19869552	492585270	1639157570	NA	0
5093	4	opencv	conan-gcc	3358009	11580863394	6904375	19869552	492725933	1639631177	NA	0
5094	4	opencv	conan-gcc	3482651	11584346045	6904390	19869552	492867879	1640114214	NA	0
5095	4	opencv	conan-gcc	3368730	11587714775	6904405	19869552	493008486	1640588323	NA	0
5096	4	opencv	conan-gcc	3362655	11591077430	6904420	19869552	493149096	1641062286	NA	0
5097	4	opencv	conan-gcc	3358289	11594435719	6904435	19869552	493289699	1641536005	NA	0
5098	4	opencv	conan-gcc	3375136	11597810855	6904450	19869552	493430267	1642010568	NA	0
5099	4	opencv	conan-gcc	3363335	11601174190	6904465	19869552	493570896	1642484618	NA	0
5100	4	opencv	conan-gcc	3356682	11604530872	6904480	19869552	493711484	1642958119	NA	0
5101	4	opencv	conan-gcc	3358123	11607888995	6904495	19869552	493852145	1643431789	NA	0
5102	4	opencv	conan-gcc	3374652	11611263647	6904510	19869552	493992785	1643906785	NA	0
5103	4	opencv	conan-gcc	3356769	11614620416	6904525	19869552	494133367	1644380278	NA	0
5104	4	opencv	conan-gcc	3362339	11617982755	6904540	19869552	494273996	1644854198	NA	0
5105	4	opencv	conan-gcc	3359635	11621342390	6904555	19869552	494414594	1645327858	NA	0
5106	4	opencv	conan-gcc	3354236	11624696626	6904570	19869552	494555145	1645800812	NA	0
5107	4	opencv	conan-gcc	3381860	11628078486	6904585	19869552	494695859	1646276310	NA	0
5108	4	opencv	conan-gcc	3398874	11631477360	6904600	19869552	494836884	1646753927	NA	0
5109	4	opencv	conan-gcc	3357399	11634834759	6904615	19869552	494977491	1647227571	NA	0
5110	4	opencv	conan-gcc	3357049	11638191808	6904630	19869552	495118087	1647701120	NA	0
5111	4	opencv	conan-gcc	3407289	11641599097	6904645	19869552	495258861	1648178203	NA	0
5112	4	opencv	conan-gcc	3366942	11644966039	6904660	19869552	495399505	1648652498	NA	0
5113	4	opencv	conan-gcc	3360416	11648326455	6904675	19869552	495540104	1649126305	NA	0
5114	4	opencv	conan-gcc	3360951	11651687406	6904690	19869552	495680724	1649600199	NA	0
5115	4	opencv	conan-gcc	3379822	11655067228	6904705	19869552	495821394	1650075345	NA	0
5116	4	opencv	conan-gcc	3487893	11658555121	6904720	19869552	495968371	1650572848	NA	0
5117	4	opencv	conan-gcc	2816531	11661371652	6904735	19869552	496093049	1650994597	NA	0
5118	4	opencv	conan-gcc	2820418	11664192070	6904750	19869552	496217724	1651417787	NA	0
5119	4	opencv	conan-gcc	3831962	11668024032	6904765	19869552	496382267	1651964100	NA	0
5120	4	opencv	conan-gcc	3819550	11671843582	6904780	19869552	496545929	1652507919	NA	0
5121	4	opencv	conan-gcc	3813144	11675656726	6904795	19869552	496709628	1653050946	NA	0
5122	4	opencv	conan-gcc	3820659	11679477385	6904810	19869552	496873521	1653596176	NA	0
5123	4	opencv	conan-gcc	2898895	11682376280	6904825	19869552	496993270	1654012790	NA	0
5124	4	opencv	conan-gcc	3044817	11685421097	6904840	19869552	497116328	1654441956	NA	0
5125	4	opencv	conan-gcc	2613469	11688034566	6904855	19869552	497230622	1654831871	NA	0
5126	4	opencv	conan-gcc	2911664	11690946230	6904870	19869552	497351513	1655253444	NA	0
5127	4	opencv	conan-gcc	2875320	11693821550	6904885	19869552	497471353	1655670583	NA	0
5128	4	opencv	conan-gcc	2930099	11696751649	6904900	19869552	497592707	1656093608	NA	0
5129	4	opencv	conan-gcc	2887494	11699639143	6904915	19869552	497713013	1656513275	NA	0
5130	4	opencv	conan-gcc	2578202	11702217345	6904930	19869552	497825756	1656897531	NA	0
5131	4	opencv	conan-gcc	2593357	11704810702	6904945	19869552	497938978	1657283398	NA	0
5132	4	opencv	conan-gcc	2934341	11707745043	6904960	19869552	498061290	1657710500	NA	0
5133	4	opencv	conan-gcc	3042783	11710787826	6904975	19869552	498187181	1658155387	NA	0
5134	4	opencv	conan-gcc	2941466	11713729292	6904990	19869552	498309051	1658580423	NA	0
5135	4	opencv	conan-gcc	2988826	11716718118	6905005	19869552	498432517	1659012732	NA	0
5136	4	opencv	conan-gcc	2748227	11719466345	6905020	19869552	498545631	1659440714	NA	0
5137	4	opencv	conan-gcc	3052589	11722518934	6905035	19869552	498665903	1659854974	NA	0
5138	4	opencv	conan-gcc	2924546	11725443480	6905050	19869552	498787990	1660279795	NA	0
5139	4	opencv	conan-gcc	2587485	11728030965	6905065	19869552	498901219	1660666220	NA	0
5140	4	opencv	conan-gcc	2663663	11730694628	6905080	19869552	499018101	1661063207	NA	0
5141	4	opencv	conan-gcc	2883814	11733578442	6905095	19869552	499138722	1661483105	NA	0
5142	4	opencv	conan-gcc	2984284	11736562726	6905110	19869552	499263887	1661918860	NA	0
5143	4	opencv	conan-gcc	2971719	11739534445	6905125	19869552	499388713	1662352776	NA	0
5144	4	opencv	conan-gcc	2598885	11742133330	6905140	19869552	499502368	1662740797	NA	0
5145	4	opencv	conan-gcc	2874831	11745008161	6905155	19869552	499622282	1663158109	NA	0
5146	4	opencv	conan-gcc	2571445	11747579606	6905170	19869552	499734673	1663540792	NA	0
5147	4	opencv	conan-gcc	2918205	11750497811	6905185	19869552	499856025	1663964462	NA	0
5148	4	opencv	conan-gcc	2582304	11753080115	6905200	19869552	499968812	1664348761	NA	0
5149	4	opencv	conan-gcc	2595060	11755675175	6905215	19869552	500082173	1664735214	NA	0
5150	4	opencv	conan-gcc	2681787	11758356962	6905230	19869552	500198696	1665137735	NA	0
5151	4	opencv	conan-gcc	2598164	11760955126	6905245	20540773	500312627	1665525421	NA	1
5152	4	opencv	conan-gcc	2594119	11763549245	6905260	20540773	500426271	1665912480	NA	0
5153	4	opencv	conan-gcc	2859437	11766408682	6905275	20540773	500545661	1666326931	NA	0
5154	4	opencv	conan-gcc	2575606	11768984288	6905290	20540773	500658298	1666710320	NA	0
5155	4	opencv	conan-gcc	3082431	11772066719	6905305	20540773	500784098	1667153155	NA	0
5156	4	opencv	conan-gcc	2587665	11774654384	6905320	20540773	500897186	1667538647	NA	0
5157	4	opencv	conan-gcc	2567064	11777221448	6905335	20540773	501009416	1667920257	NA	0
5158	4	opencv	conan-gcc	2602971	11779824419	6905350	20540773	501122902	1668307900	NA	0
5159	4	opencv	conan-gcc	2883472	11782707891	6905365	20540773	501243513	1668728211	NA	0
5160	4	opencv	conan-gcc	2596189	11785304080	6905380	20540773	501357105	1669115533	NA	0
5161	4	opencv	conan-gcc	2663552	11787967632	6905395	20540773	501473049	1669531962	NA	0
5162	4	opencv	conan-gcc	2989325	11790956957	6905410	20540773	501597222	1669965836	NA	0
5163	4	opencv	conan-gcc	2942310	11793899267	6905425	20540773	501720530	1670399436	NA	0
5164	4	opencv	conan-gcc	3041011	11796940278	6905440	20540773	501845418	1670840046	NA	0
5165	4	opencv	conan-gcc	2622129	11799562407	6905455	20540773	501959365	1671229228	NA	0
5166	4	opencv	conan-gcc	2573498	11802135905	6905470	20540773	502071918	1671612249	NA	0
5167	4	opencv	conan-gcc	2582202	11804718107	6905485	20540773	502184912	1671996748	NA	0
5168	4	opencv	conan-gcc	2597880	11807315987	6905500	20540773	502298616	1672385382	NA	0
5169	4	opencv	conan-gcc	2565539	11809881526	6905515	20540773	502410757	1672766450	NA	0
5170	4	opencv	conan-gcc	2569579	11812451105	6905530	20540773	502523064	1673148231	NA	0
5171	4	opencv	conan-gcc	2894036	11815345141	6905545	20540773	502643657	1673569112	NA	0
5172	4	opencv	conan-gcc	2673959	11818019100	6905560	20540773	502760947	1673967981	NA	0
5173	4	opencv	conan-gcc	2608496	11820627596	6905575	20540773	502874576	1674355444	NA	0
5174	4	opencv	conan-gcc	2878747	11823506343	6905590	20540773	502994923	1674774946	NA	0
5175	4	opencv	conan-gcc	2923970	11826430313	6905605	20540773	503116376	1675198208	NA	0
5176	4	opencv	conan-gcc	2882277	11829312590	6905620	20540773	503236529	1675616408	NA	0
5177	4	opencv	conan-gcc	2572382	11831884972	6905635	20540773	503348990	1675999352	NA	0
5178	4	opencv	conan-gcc	2919772	11834804744	6905650	20540773	503470018	1676422249	NA	0
5179	4	opencv	conan-gcc	2860308	11837665052	6905665	20540773	503589410	1676836487	NA	0
5180	4	opencv	conan-gcc	3028672	11840693724	6905680	20540773	503714395	1677276142	NA	0
5181	4	opencv	conan-gcc	2575528	11843269252	6905695	20540773	503827164	1677659882	NA	0
5182	4	opencv	conan-gcc	2579677	11845848929	6905710	20540773	503940008	1678044432	NA	0
5183	4	opencv	conan-gcc	2586573	11848435502	6905725	20540773	504052909	1678429666	NA	0
5184	4	opencv	conan-gcc	2907588	11851343090	6905740	20540773	504174412	1678853652	NA	0
5185	4	opencv	conan-gcc	3055252	11854398342	6905755	20540773	504298978	1679291131	NA	0
5186	4	opencv	conan-gcc	2868449	11857266791	6905770	20540773	504418704	1679707213	NA	0
5187	4	opencv	conan-gcc	2903904	11860170695	6905785	20540773	504539737	1680129228	NA	0
5188	4	opencv	conan-gcc	2593291	11862763986	6905800	20540773	504653205	1680515596	NA	0
5189	4	opencv	conan-gcc	2914653	11865678639	6905815	20540773	504773984	1680936251	NA	0
5190	4	opencv	conan-gcc	2578200	11868256839	6905830	20540773	504886583	1681320666	NA	0
5191	4	opencv	conan-gcc	2589309	11870846148	6905845	20540773	504999749	1681707221	NA	0
5192	4	opencv	conan-gcc	2923787	11873769935	6905860	20540773	505120925	1682129228	NA	0
5193	4	opencv	conan-gcc	2568468	11876338403	6905875	20540773	505233165	1682511050	NA	0
5194	4	opencv	conan-gcc	2147397	11878485800	6905890	20540773	505328364	1682831584	NA	0
5195	4	opencv	conan-gcc	2909059	11881394859	6905905	20540773	505449134	1683252450	NA	0
5196	4	opencv	conan-gcc	2604900	11883999759	6905920	20540773	505562488	1683637841	NA	0
5197	4	opencv	conan-gcc	3014724	11887014483	6905935	20540773	505685883	1684067469	NA	0
5198	4	opencv	conan-gcc	2924109	11889938592	6905950	20540773	505807384	1684490586	NA	0
5199	4	opencv	conan-gcc	3037262	11892975854	6905965	20540773	505931949	1684927180	NA	0
5200	4	opencv	conan-gcc	2923593	11895899447	6905980	20540773	506054150	1685353465	NA	0
5201	4	opencv	conan-gcc	2914361	11898813808	6905995	20540773	506175764	1685777026	NA	0
5202	4	opencv	conan-gcc	2953222	11901767030	6906010	20540773	506298843	1686206981	NA	0
5203	4	opencv	conan-gcc	2897454	11904664484	6906025	20540773	506419718	1686628621	NA	0
5204	4	opencv	conan-gcc	2899967	11907564451	6906040	20540773	506540457	1687048370	NA	0
5205	4	opencv	conan-gcc	3030804	11910595255	6906055	20540773	506664452	1687482268	NA	0
5206	4	opencv	conan-gcc	4659498	11915254753	6906070	20540773	506835272	1688031979	NA	0
5207	4	opencv	conan-gcc	4803710	11920058463	6906085	20540773	507009892	1688595406	NA	0
5208	4	opencv	conan-gcc	4906938	11924965401	6906100	20540773	507186111	1689171247	NA	0
5209	4	opencv	conan-gcc	4393161	11929358562	6906115	20540773	507349973	1689689510	NA	0
5210	4	opencv	conan-gcc	5036027	11934394589	6906130	20540773	507529248	1690277132	NA	0
5211	4	opencv	conan-gcc	4928608	11939323197	6906145	20540773	507705930	1690855223	NA	0
5212	4	opencv	conan-gcc	4952941	11944276138	6906160	20540773	507883309	1691435708	NA	0
5213	4	opencv	conan-gcc	5060411	11949336549	6906175	20540773	508063764	1692029648	NA	0
5214	4	opencv	conan-gcc	4944192	11954280741	6906190	20540773	508241691	1692612643	NA	0
5215	4	opencv	conan-gcc	4934898	11959215639	6906205	20540773	508419065	1693192868	NA	0
5216	4	opencv	conan-gcc	4973697	11964189336	6906220	20540773	508597851	1693779512	NA	0
5217	4	opencv	conan-gcc	4916682	11969106018	6906235	20540773	508774413	1694357727	NA	0
5218	4	opencv	conan-gcc	4920442	11974026460	6906250	20540773	508950908	1694934389	NA	0
5219	4	opencv	conan-gcc	5050783	11979077243	6906265	20540773	509130704	1695525437	NA	0
5220	4	opencv	conan-gcc	4937603	11984014846	6906280	20540773	509307217	1696102350	NA	0
5221	4	opencv	conan-gcc	5317515	11989332361	6906295	20540773	509491241	1696715953	NA	0
5222	4	opencv	conan-gcc	5210096	11994542457	6906310	20540773	509672652	1697320364	NA	0
5223	4	opencv	conan-gcc	5234429	11999776886	6906325	20540773	509854781	1697926956	NA	0
5224	4	opencv	conan-gcc	5225680	12005002566	6906340	20540773	510037461	1698536606	NA	0
5225	4	opencv	conan-gcc	5216386	12010218952	6906355	20540773	510219574	1699143421	NA	0
5226	4	opencv	conan-gcc	5255185	12015474137	6906370	20540773	510403126	1699756735	NA	0
5227	4	opencv	conan-gcc	5198170	12020672307	6906385	20540773	510584418	1700361181	NA	0
5228	4	opencv	conan-gcc	5229743	12025902050	6906400	20540773	510766222	1700967200	NA	0
5229	4	opencv	conan-gcc	5184956	12031087006	6906415	20540773	510947045	1701568569	NA	0
5230	4	opencv	conan-gcc	3531646	12034618652	6906430	20540773	511095576	1702072238	NA	0
5231	4	opencv	conan-gcc	3531626	12038150278	6906445	20540773	511244107	1702575936	NA	0
5232	4	opencv	conan-gcc	3531642	12041681920	6906460	20540773	511392638	1703079666	NA	0
5233	4	opencv	conan-gcc	3531626	12045213546	6906475	20540773	511541169	1703583365	NA	0
5234	4	opencv	conan-gcc	3531626	12048745172	6906490	20540773	511689700	1704087062	NA	0
5235	4	opencv	conan-gcc	3531638	12052276810	6906505	20540773	511838231	1704590801	NA	0
5236	4	opencv	conan-gcc	3531634	12055808444	6906520	20540773	511986762	1705094512	NA	0
5237	4	opencv	conan-gcc	3531622	12059340066	6906535	20540773	512135293	1705598160	NA	0
5238	4	opencv	conan-gcc	3531642	12062871708	6906550	20540773	512283824	1706101909	NA	0
5239	4	opencv	conan-gcc	3531576	12066403284	6906565	20540773	512432517	1706605778	NA	0
5240	4	opencv	conan-gcc	3531634	12069934918	6906580	20540773	512581048	1707109480	NA	0
5241	4	opencv	conan-gcc	3531662	12073466580	6906595	20540773	512729579	1707613361	NA	0
5242	4	opencv	conan-gcc	3531654	12076998234	6906610	20540773	512878110	1708117193	NA	0
5243	4	opencv	conan-gcc	3531638	12080529872	6906625	20540773	513026641	1708620943	NA	0
5244	4	opencv	conan-gcc	3531650	12084061522	6906640	20540773	513175172	1709124779	NA	0
5245	4	opencv	conan-gcc	3531811	12087593333	6906655	20540773	513323708	1709628440	NA	0
5246	4	opencv	conan-gcc	3566752	12091160085	6906670	20540773	513472993	1710137066	NA	0
5247	4	opencv	conan-gcc	3548452	12094708537	6906685	20540773	513621987	1710644263	NA	0
5248	4	opencv	conan-gcc	3544180	12098252717	6906700	20540773	513770690	1711150195	NA	0
5249	4	opencv	conan-gcc	3549855	12101802572	6906715	20540773	513919628	1711657849	NA	0
5250	4	opencv	conan-gcc	3861239	12105663811	6906730	20540773	514077458	1712192350	NA	0
5251	4	opencv	conan-gcc	3649235	12109313046	6906745	20540773	514227037	1712703638	NA	0
5252	4	opencv	conan-gcc	3573097	12112886143	6906760	20540773	514376546	1713213616	NA	0
5253	4	opencv	conan-gcc	3618312	12116504455	6906775	20540773	514526040	1713724125	NA	0
5254	4	opencv	conan-gcc	3555817	12120060272	6906790	20540773	514675122	1714231260	NA	0
5255	4	opencv	conan-gcc	3757096	12123817368	6906805	20540773	514832540	1714761542	NA	0
5256	4	opencv	conan-gcc	3543775	12127361143	6906820	20540773	514981173	1715266976	NA	0
5257	4	opencv	conan-gcc	3569742	12130930885	6906835	20540773	515130829	1715776611	NA	0
5258	4	opencv	conan-gcc	3594151	12134525036	6906850	20540773	515280364	1716286531	NA	0
5259	4	opencv	conan-gcc	3641753	12138166789	6906865	20540773	515430714	1716802396	NA	0
5260	4	opencv	conan-gcc	3569324	12141736113	6906880	20540773	515579751	1717310336	NA	0
5261	4	opencv	conan-gcc	3816049	12145552162	6906895	20540773	515736965	1717841896	NA	0
5262	4	opencv	conan-gcc	3570473	12149122635	6906910	20540773	515886195	1718349494	NA	0
5263	4	opencv	conan-gcc	3582298	12152704933	6906925	20927882	516035633	1718860902	NA	1
5264	4	opencv	conan-gcc	3583127	12156288060	6906940	20927882	516185073	1719372273	NA	0
5265	4	opencv	conan-gcc	3553298	12159841358	6906955	20927882	516334479	1719880694	NA	0
5266	4	opencv	conan-gcc	3550814	12163392172	6906970	20927882	516483693	1720388533	NA	0
5267	4	opencv	conan-gcc	3542250	12166934422	6906985	20927882	516632461	1720894217	NA	0
5268	4	opencv	conan-gcc	3655587	12170590009	6907000	20927882	516788303	1721413146	NA	0
5269	4	opencv	conan-gcc	3559577	12174149586	6907015	20927882	516937171	1721920205	NA	0
5270	4	opencv	conan-gcc	3599190	12177748776	6907030	20927882	517086395	1722429869	NA	0
5271	4	opencv	conan-gcc	3535080	12181283856	6907045	20927882	517234990	1722934476	NA	0
5272	4	opencv	conan-gcc	3687429	12184971285	6907060	20927882	517390739	1723456424	NA	0
5273	4	opencv	conan-gcc	3587572	12188558857	6907075	20927882	517541151	1723970028	NA	0
5274	4	opencv	conan-gcc	3589249	12192148106	6907090	20927882	517690379	1724478215	NA	0
5275	4	opencv	conan-gcc	3584554	12195732660	6907105	20927882	517839531	1724985772	NA	0
5276	4	opencv	conan-gcc	3624410	12199357070	6907120	20927882	517988837	1725494617	NA	0
5277	4	opencv	conan-gcc	3555074	12202912144	6907135	20927882	518137765	1726000994	NA	0
5278	4	opencv	conan-gcc	3597971	12206510115	6907150	20927882	518287065	1726509380	NA	0
5279	4	opencv	conan-gcc	3532725	12210042840	6907165	20927882	518435765	1727013515	NA	0
5280	4	opencv	conan-gcc	3554338	12213597178	6907180	20927882	518584959	1727520815	NA	0
5281	4	opencv	conan-gcc	3561301	12217158479	6907195	20927882	518734173	1728029098	NA	0
5282	4	opencv	conan-gcc	3539523	12220698002	6907210	20927882	518882969	1728534097	NA	0
5283	4	opencv	conan-gcc	3553510	12224251512	6907225	20927882	519032091	1729041612	NA	0
5284	4	opencv	conan-gcc	3572258	12227823770	6907240	20927882	519181364	1729550505	NA	0
5285	4	opencv	conan-gcc	3550550	12231374320	6907255	20927882	519330366	1730057837	NA	0
5286	4	opencv	conan-gcc	3535114	12234909434	6907270	20927882	519479053	1730562522	NA	0
5287	4	opencv	conan-gcc	3556016	12238465450	6907285	20927882	519627975	1731069306	NA	0
5288	4	opencv	conan-gcc	3580509	12242045959	6907300	20927882	519776939	1731576495	NA	0
5289	4	opencv	conan-gcc	3569421	12245615380	6907315	20927882	519925998	1732083891	NA	0
5290	4	opencv	conan-gcc	3603585	12249218965	6907330	20927882	520075458	1732594565	NA	0
5291	4	opencv	conan-gcc	3531584	12252750549	6907345	20927882	520223989	1733098429	NA	0
5292	4	opencv	conan-gcc	3482323	12256232872	6907360	20927882	520370879	1733594645	NA	0
5293	4	opencv	conan-gcc	3482420	12259715292	6907375	20927882	520517623	1734090868	NA	0
5294	4	opencv	conan-gcc	3482395	12263197687	6907390	20927882	520664367	1734586950	NA	0
5295	4	opencv	conan-gcc	3482395	12266680082	6907405	20927882	520811111	1735083033	NA	0
5296	4	opencv	conan-gcc	3482405	12270162487	6907420	20927882	520957855	1735579210	NA	0
5297	4	opencv	conan-gcc	3482390	12273644877	6907435	20927882	521104599	1736075296	NA	0
5298	4	opencv	conan-gcc	3482347	12277127224	6907450	20927882	521251489	1736571580	NA	0
5299	4	opencv	conan-gcc	3545082	12280672306	6907465	20927882	521398539	1737073148	NA	0
5300	4	opencv	conan-gcc	3482405	12284154711	6907480	20927882	521545283	1737569329	NA	0
5301	4	opencv	conan-gcc	3482351	12287637062	6907495	20927882	521692116	1738065559	NA	0
5302	4	opencv	conan-gcc	3482405	12291119467	6907510	20927882	521838860	1738561736	NA	0
5303	4	opencv	conan-gcc	3482405	12294601872	6907525	20927882	521985604	1739057910	NA	0
5304	4	opencv	conan-gcc	3427652	12298029524	6907540	20927882	522126268	1739535335	NA	0
5305	4	opencv	conan-gcc	3358483	12301388007	6907555	20927882	522266926	1740008887	NA	0
5306	4	opencv	conan-gcc	3407562	12304795569	6907570	20927882	522407767	1740485980	NA	0
5307	4	opencv	conan-gcc	3358053	12308153622	6907585	20927882	522548429	1740959736	NA	0
5308	4	opencv	conan-gcc	3387939	12311541561	6907600	20927882	522689276	1741435871	NA	0
5309	4	opencv	conan-gcc	3370811	12314912372	6907615	20927882	522829969	1741910243	NA	0
5310	4	opencv	conan-gcc	3414152	12318326524	6907630	20927882	522971142	1742388333	NA	0
5311	4	opencv	conan-gcc	3367075	12321693599	6907645	20927882	523111839	1742862495	NA	0
5312	4	opencv	conan-gcc	3357014	12325050613	6907660	20927882	523252502	1743336043	NA	0
5313	4	opencv	conan-gcc	3372357	12328422970	6907675	20927882	523393285	1743811122	NA	0
5314	4	opencv	conan-gcc	3358680	12331781650	6907690	20927882	523533988	1744285081	NA	0
5315	4	opencv	conan-gcc	3367612	12335149262	6907705	20927882	523674677	1744759117	NA	0
5316	4	opencv	conan-gcc	3376752	12338526014	6907720	20927882	523815474	1745234209	NA	0
5317	4	opencv	conan-gcc	3363769	12341889783	6907735	20927882	523956196	1745708045	NA	0
5318	4	opencv	conan-gcc	3365194	12345254977	6907750	20927882	524096895	1746182124	NA	0
5319	4	opencv	conan-gcc	3375629	12348630606	6907765	20927882	524237719	1746657300	NA	0
5320	4	opencv	conan-gcc	3357960	12351988566	6907780	20927882	524378374	1747130914	NA	0
5321	4	opencv	conan-gcc	3358859	12355347425	6907795	20927882	524519034	1747604511	NA	0
5322	4	opencv	conan-gcc	3354258	12358701683	6907810	20927882	524659652	1748077410	NA	0
5323	4	opencv	conan-gcc	3364043	12362065726	6907825	20927882	524800342	1748551459	NA	0
5324	4	opencv	conan-gcc	3357087	12365422813	6907840	20927882	524940994	1749024938	NA	0
5325	4	opencv	conan-gcc	3360148	12368782961	6907855	20927882	525081644	1749498644	NA	0
5326	4	opencv	conan-gcc	3357431	12372140392	6907870	20927882	525222281	1749972001	NA	0
5327	4	opencv	conan-gcc	3370417	12375510809	6907885	20927882	525362971	1750446425	NA	0
5328	4	opencv	conan-gcc	3359274	12378870083	6907900	20927882	525503686	1750920345	NA	0
5329	4	opencv	conan-gcc	3393331	12382263414	6907915	20927882	525644501	1751396612	NA	0
5330	4	opencv	conan-gcc	3395570	12385658984	6907930	20927882	525785240	1751872302	NA	0
5331	4	opencv	conan-gcc	3357547	12389016531	6907945	20927882	525925892	1752345865	NA	0
5332	4	opencv	conan-gcc	3370650	12392387181	6907960	20927882	526066615	1752820393	NA	0
5333	4	opencv	conan-gcc	3395257	12395782438	6907975	20927882	526207614	1753297325	NA	0
5334	4	opencv	conan-gcc	2305175	12398087613	6907990	20927882	526309971	1753645395	NA	0
5335	4	opencv	conan-gcc	2268900	12400356513	6908005	20927882	526410752	1753986404	NA	0
5336	4	opencv	conan-gcc	2303690	12402660203	6908020	20927882	526512937	1754334631	NA	0
5337	4	opencv	conan-gcc	2285389	12404945592	6908035	20927882	526614224	1754678324	NA	0
5338	4	opencv	conan-gcc	2252995	12407198587	6908050	20927882	526714335	1755016090	NA	0
5339	4	opencv	conan-gcc	2262724	12409461311	6908065	20927882	526814729	1755355688	NA	0
5340	4	opencv	conan-gcc	2270156	12411731467	6908080	20927882	526915683	1755697567	NA	0
5341	4	opencv	conan-gcc	2562357	12414293824	6908095	20927882	527023987	1756071995	NA	0
5342	4	opencv	conan-gcc	2274228	12416568052	6908110	20927882	527124911	1756413915	NA	0
5343	4	opencv	conan-gcc	2268689	12418836741	6908125	20927882	527225708	1756755128	NA	0
5344	4	opencv	conan-gcc	2279554	12421116295	6908140	20927882	527326586	1757097184	NA	0
5345	4	opencv	conan-gcc	2632350	12423748645	6908155	20927882	527437886	1757485102	NA	0
5346	4	opencv	conan-gcc	2270860	12426019505	6908170	20927882	527538676	1757826275	NA	0
5347	4	opencv	conan-gcc	2255044	12428274549	6908185	20927882	527638858	1758164535	NA	0
5348	4	opencv	conan-gcc	2315555	12430590104	6908200	20927882	527742289	1758515824	NA	0
5349	4	opencv	conan-gcc	3437747	12434027851	6908215	20927882	527886434	1759004349	NA	0
5350	4	opencv	conan-gcc	3426206	12437454057	6908230	20927882	528030361	1759491193	NA	0
5351	4	opencv	conan-gcc	3442952	12440897009	6908245	20927882	528174540	1759980398	NA	0
5352	4	opencv	conan-gcc	3427549	12444324558	6908260	20927882	528318467	1760467333	NA	0
5353	4	opencv	conan-gcc	3438698	12447763256	6908275	20927882	528462533	1760955341	NA	0
5354	4	opencv	conan-gcc	3432979	12451196235	6908290	20927882	528606344	1761442842	NA	0
5355	4	opencv	conan-gcc	3422200	12454618435	6908305	20927882	528750176	1761929026	NA	0
5356	4	opencv	conan-gcc	3459824	12458078259	6908320	20927882	528894661	1762419643	NA	0
5357	4	opencv	conan-gcc	3438154	12461516413	6908335	20927882	529038711	1762907564	NA	0
5358	4	opencv	conan-gcc	3433392	12464949805	6908350	20927882	529182827	1763396048	NA	0
5359	4	opencv	conan-gcc	3436250	12468386055	6908365	20927882	529326932	1763884438	NA	0
5360	4	opencv	conan-gcc	3441786	12471827841	6908380	20927882	529471020	1764372628	NA	0
5361	4	opencv	conan-gcc	3430596	12475258437	6908395	20927882	529615169	1764860159	NA	0
5362	4	opencv	conan-gcc	3382238	12478640675	6908410	20927882	529757149	1765338844	NA	0
5363	4	opencv	conan-gcc	3379305	12482019980	6908425	20927882	529899076	1765816849	NA	0
5364	4	opencv	conan-gcc	3382111	12485402091	6908440	20927882	530041071	1766295585	NA	0
5365	4	opencv	conan-gcc	2246165	12487648256	6908455	20927882	530140198	1766634026	NA	0
5366	4	opencv	conan-gcc	2246977	12489895233	6908470	20927882	530239328	1766972625	NA	0
5367	4	opencv	conan-gcc	2250458	12492145691	6908485	20927882	530338757	1767312306	NA	0
5368	4	opencv	conan-gcc	2240021	12494385712	6908500	20927882	530437635	1767649524	NA	0
5369	4	opencv	conan-gcc	2299214	12496684926	6908515	20927882	530538346	1767994394	NA	0
5370	4	opencv	conan-gcc	2275157	12498960083	6908530	20927882	530638826	1768337621	NA	0
5371	4	opencv	conan-gcc	2239627	12501199710	6908545	20927882	530737687	1768674616	NA	0
5372	4	opencv	conan-gcc	2350613	12503550323	6908560	20927882	530841462	1769028749	NA	0
5373	4	opencv	conan-gcc	2252436	12505802759	6908575	20927882	530940750	1769367820	NA	0
5374	4	opencv	conan-gcc	2259454	12508062213	6908590	20927882	531040574	1769708345	NA	0
5375	4	opencv	conan-gcc	2243321	12510305534	6908605	21180264	531139492	1770045929	NA	1
5376	4	opencv	conan-gcc	2251014	12512556548	6908620	21180264	531238912	1770385466	NA	0
5377	4	opencv	conan-gcc	2252904	12514809452	6908635	21180264	531338220	1770724996	NA	0
5378	4	opencv	conan-gcc	2147365	12516956817	6908650	21180264	531433419	1771045528	NA	0
5379	4	opencv	conan-gcc	3492225	12520449042	6908665	21180264	531580694	1771543642	NA	0
5380	4	opencv	conan-gcc	3529221	12523978263	6908680	21180264	531728094	1772044085	NA	0
5381	4	opencv	conan-gcc	3497017	12527475280	6908695	21180264	531875277	1772543152	NA	0
5382	4	opencv	conan-gcc	3501299	12530976579	6908710	21180264	532022520	1773042417	NA	0
5383	4	opencv	conan-gcc	3522656	12534499235	6908725	21180264	532169907	1773543254	NA	0
5384	4	opencv	conan-gcc	3537258	12538036493	6908740	21180264	532318999	1774049137	NA	0
5385	4	opencv	conan-gcc	3534409	12541570902	6908755	21180264	532466725	1774551831	NA	0
5386	4	opencv	conan-gcc	3509045	12545079947	6908770	21180264	532614101	1775052442	NA	0
5387	4	opencv	conan-gcc	3493387	12548573334	6908785	21180264	532761384	1775550844	NA	0
5388	4	opencv	conan-gcc	3512675	12552086009	6908800	21180264	532908663	1776050754	NA	0
5389	4	opencv	conan-gcc	3493004	12555579013	6908815	21180264	533056006	1776549007	NA	0
5390	4	opencv	conan-gcc	3405910	12558984923	6908830	21180264	533198735	1777031154	NA	0
5391	4	opencv	conan-gcc	3372897	12562357820	6908845	21180264	533339893	1777506998	NA	0
5392	4	opencv	conan-gcc	3373294	12565731114	6908860	21180264	533480951	1777983077	NA	0
5393	4	opencv	conan-gcc	3370171	12569101285	6908875	21180264	533622016	1778458687	NA	0
5394	4	opencv	conan-gcc	7730333	12576831618	6908890	21180264	533880134	1779170329	NA	0
5395	4	opencv	conan-gcc	3317207	12580148825	6908905	21180264	534013333	1779599669	NA	0
5396	4	opencv	conan-gcc	2794558	12582943383	6908920	21180264	534131895	1779999453	NA	0
5397	4	opencv	conan-gcc	3013290	12585956673	6908935	21180264	534257144	1780415304	NA	0
5398	4	opencv	conan-gcc	3055844	12589012517	6908950	21180264	534383931	1780835933	NA	0
5399	4	opencv	conan-gcc	2999796	12592012313	6908965	21180264	534508426	1781249469	NA	0
5400	4	opencv	conan-gcc	2574486	12594586799	6908980	21180264	534619632	1781628988	NA	0
5401	4	opencv	conan-gcc	2486628	12597073427	6908995	21180264	534727413	1781999412	NA	0
5402	4	opencv	conan-gcc	2416185	12599489612	6909010	21180264	534832684	1782364253	NA	0
5403	4	opencv	conan-gcc	2453819	12601943431	6909025	21180264	534939498	1782732608	NA	0
5404	4	opencv	conan-gcc	2637514	12604580945	6909040	21180264	535055937	1783125507	NA	0
5405	4	opencv	conan-gcc	5773104	12610354049	6909055	21180264	535276268	1783807689	NA	0
5406	4	opencv	conan-gcc	5780480	12616134529	6909070	21180264	535496666	1784488347	NA	0
5407	4	opencv	conan-gcc	5704556	12621839085	6909085	21180264	535715178	1785160121	NA	0
5408	4	opencv	conan-gcc	2600610	12624439695	6909100	21180264	535830054	1785548119	NA	0
5409	4	opencv	conan-gcc	2644853	12627084548	6909115	21180264	535946131	1785941637	NA	0
5410	4	opencv	conan-gcc	2595669	12629680217	6909130	21180264	536061167	1786328544	NA	0
5411	4	opencv	conan-gcc	2589031	12632269248	6909145	21180264	536175891	1786714006	NA	0
5412	4	opencv	conan-gcc	2590442	12634859690	6909160	21180264	536290690	1787099706	NA	0
5413	4	opencv	conan-gcc	2592998	12637452688	6909175	21180264	536405561	1787485938	NA	0
5414	4	opencv	conan-gcc	2693489	12640146177	6909190	21180264	536524478	1787889649	NA	0
5415	4	opencv	conan-gcc	2686692	12642832869	6909205	21180264	536644188	1788291766	NA	0
5416	4	opencv	conan-gcc	2590785	12645423654	6909220	21180264	536759017	1788677582	NA	0
5417	4	opencv	conan-gcc	2598042	12648021696	6909235	21180264	536874133	1789064547	NA	0
5418	4	opencv	conan-gcc	2626947	12650648643	6909250	21180264	536990002	1789455810	NA	0
5419	4	opencv	conan-gcc	2903712	12653552355	6909265	21180264	537112502	1789877518	NA	0
5420	4	opencv	conan-gcc	2985469	12656537824	6909280	21180264	537237080	1790310728	NA	0
5421	4	opencv	conan-gcc	2904168	12659441992	6909295	21180264	537359608	1790732418	NA	0
5422	4	opencv	conan-gcc	2924451	12662366443	6909310	21180264	537482773	1791157434	NA	0
5423	4	opencv	conan-gcc	2909683	12665276126	6909325	21180264	537605490	1791580586	NA	0
5424	4	opencv	conan-gcc	2589558	12667865684	6909340	21180264	537720219	1791966077	NA	0
5425	4	opencv	conan-gcc	2926528	12670792212	6909355	21180264	537843493	1792391583	NA	0
5426	4	opencv	conan-gcc	2918751	12673710963	6909370	21180264	537966256	1792814868	NA	0
5427	4	opencv	conan-gcc	2900210	12676611173	6909385	21180264	538088552	1793235798	NA	0
5428	4	opencv	conan-gcc	2974253	12679585426	6909400	21180264	538214085	1793669935	NA	0
5429	4	opencv	conan-gcc	2909612	12682495038	6909415	21180264	538336753	1794092332	NA	0
5430	4	opencv	conan-gcc	2600200	12685095238	6909430	21180264	538451875	1794479598	NA	0
5431	4	opencv	conan-gcc	2595625	12687690863	6909445	21180264	538566820	1794866040	NA	0
5432	4	opencv	conan-gcc	2897000	12690587863	6909460	21180264	538689186	1795286780	NA	0
5433	4	opencv	conan-gcc	2895719	12693483582	6909475	21180264	538811503	1795707301	NA	0
5434	4	opencv	conan-gcc	2903746	12696387328	6909490	21180264	538934259	1796130513	NA	0
5435	4	opencv	conan-gcc	2909038	12699296366	6909505	21180264	539056754	1796553454	NA	0
5436	4	opencv	conan-gcc	2595932	12701892298	6909520	21180264	539171418	1796940281	NA	0
5437	4	opencv	conan-gcc	2907003	12704799301	6909535	21180264	539293940	1797362741	NA	0
5438	4	opencv	conan-gcc	2898743	12707698044	6909550	21180264	539416331	1797783395	NA	0
5439	4	opencv	conan-gcc	2972288	12710670332	6909565	21180264	539540753	1798215856	NA	0
5440	4	opencv	conan-gcc	2900922	12713571254	6909580	21180264	539663245	1798637354	NA	0
5441	4	opencv	conan-gcc	2908422	12716479676	6909595	21180264	539786062	1799060278	NA	0
5442	4	opencv	conan-gcc	2896193	12719375869	6909610	21180264	539908360	1799482543	NA	0
5443	4	opencv	conan-gcc	2595773	12721971642	6909625	21180264	540017135	1799858896	NA	0
5444	4	opencv	conan-gcc	2962142	12724933784	6909640	21180264	540141567	1800291075	NA	0
5445	4	opencv	conan-gcc	2931917	12727865701	6909655	21180264	540264363	1800715797	NA	0
5446	4	opencv	conan-gcc	2602287	12730467988	6909670	21180264	540379295	1801102681	NA	0
5447	4	opencv	conan-gcc	2886075	12733354063	6909685	21180264	540501160	1801522085	NA	0
5448	4	opencv	conan-gcc	2901005	12736255068	6909700	21180264	540623631	1801943442	NA	0
5449	4	opencv	conan-gcc	2899718	12739154786	6909715	21180264	540746060	1802364620	NA	0
5450	4	opencv	conan-gcc	2602503	12741757289	6909730	21180264	540861066	1802752062	NA	0
5451	4	opencv	conan-gcc	2928612	12744685901	6909745	21180264	540984307	1803178785	NA	0
5452	4	opencv	conan-gcc	2954927	12747640828	6909760	21180264	541108691	1803610375	NA	0
5453	4	opencv	conan-gcc	2981738	12750622566	6909775	21180264	541233587	1804042038	NA	0
5454	4	opencv	conan-gcc	2926489	12753549055	6909790	21180264	541356590	1804467563	NA	0
5455	4	opencv	conan-gcc	2599853	12756148908	6909805	21180264	541471660	1804855131	NA	0
5456	4	opencv	conan-gcc	2899963	12759048871	6909820	21180264	541593871	1805276136	NA	0
5457	4	opencv	conan-gcc	2897330	12761946201	6909835	21180264	541716206	1805696774	NA	0
5458	4	opencv	conan-gcc	2919679	12764865880	6909850	21180264	541839036	1806121577	NA	0
5459	4	opencv	conan-gcc	2600128	12767466008	6909865	21180264	541954148	1806509335	NA	0
5460	4	opencv	conan-gcc	2901438	12770367446	6909880	21180264	542076582	1806930712	NA	0
5461	4	opencv	conan-gcc	2914084	12773281530	6909895	21180264	542199589	1807354725	NA	0
5462	4	opencv	conan-gcc	2594763	12775876293	6909910	21180264	542314490	1807741469	NA	0
5463	4	opencv	conan-gcc	2597868	12778474161	6909925	21180264	542429505	1808128680	NA	0
5464	4	opencv	conan-gcc	2902036	12781376197	6909940	21180264	542551994	1808550208	NA	0
5465	4	opencv	conan-gcc	2901921	12784278118	6909955	21180264	542674244	1808971498	NA	0
5466	4	opencv	conan-gcc	2998863	12787276981	6909970	21180264	542800113	1809408623	NA	0
5467	4	opencv	conan-gcc	2902993	12790179974	6909985	21180264	542922924	1809831728	NA	0
5468	4	opencv	conan-gcc	2909771	12793089745	6910000	21180264	543045281	1810254143	NA	0
5469	4	opencv	conan-gcc	2900181	12795989926	6910015	21180264	543167531	1810675465	NA	0
5470	4	opencv	conan-gcc	2934961	12798924887	6910030	21180264	543291351	1811102011	NA	0
5471	4	opencv	conan-gcc	2901841	12801826728	6910045	21180264	543413635	1811523514	NA	0
5472	4	opencv	conan-gcc	2597162	12804423890	6910060	21180264	543528556	1811909774	NA	0
5473	4	opencv	conan-gcc	2906408	12807330298	6910075	21180264	543650914	1812331970	NA	0
5474	4	opencv	conan-gcc	2910742	12810241040	6910090	21180264	543773492	1812755231	NA	0
5475	4	opencv	conan-gcc	2954844	12813195884	6910105	21180264	543897356	1813184337	NA	0
5476	4	opencv	conan-gcc	2913851	12816109735	6910120	21180264	544020003	1813607937	NA	0
5477	4	opencv	conan-gcc	2906587	12819016322	6910135	21180264	544142708	1814030229	NA	0
5478	4	opencv	conan-gcc	2896415	12821912737	6910150	21180264	544265040	1814450809	NA	0
5479	4	opencv	conan-gcc	2942207	12824854944	6910165	21180264	544388393	1814877968	NA	0
5480	4	opencv	conan-gcc	2609227	12827464171	6910180	21180264	544503988	1815267396	NA	0
5481	4	opencv	conan-gcc	2898576	12830362747	6910195	21180264	544626319	1815689485	NA	0
5482	4	opencv	conan-gcc	2598167	12832960914	6910210	21180264	544741093	1816076797	NA	0
5483	4	opencv	conan-gcc	2909517	12835870431	6910225	21180264	544863705	1816499790	NA	0
5484	4	opencv	conan-gcc	2981671	12838852102	6910240	21180264	544989495	1816934849	NA	0
5485	4	opencv	conan-gcc	2983711	12841835813	6910255	21180264	545115107	1817370634	NA	0
5486	4	opencv	conan-gcc	2904893	12844740706	6910270	21180264	545237682	1817792687	NA	0
5487	4	opencv	conan-gcc	2904767	12847645473	6910285	21873030	545360269	1818214634	NA	1
5488	4	opencv	conan-gcc	2594749	12850240222	6910300	21873030	545475223	1818601340	NA	0
5489	4	opencv	conan-gcc	2921479	12853161701	6910315	21873030	545598245	1819026616	NA	0
5490	4	opencv	conan-gcc	2904875	12856066576	6910330	21873030	545720621	1819448673	NA	0
5491	4	opencv	conan-gcc	2895551	12858962127	6910345	21873030	545842634	1819868965	NA	0
5492	4	opencv	conan-gcc	2898707	12861860834	6910360	21873030	545965044	1820289958	NA	0
5493	4	opencv	conan-gcc	2901739	12864762573	6910375	21873030	546087522	1820711496	NA	0
5494	4	opencv	conan-gcc	2618326	12867380899	6910390	21873030	546203404	1821102513	NA	0
5495	4	opencv	conan-gcc	2724684	12870105583	6910405	21873030	546323732	1821511932	NA	0
5496	4	opencv	conan-gcc	2731180	12872836763	6910420	21873030	546443800	1821919752	NA	0
5497	4	opencv	conan-gcc	2697005	12875533768	6910435	21873030	546563254	1822325044	NA	0
5498	4	opencv	conan-gcc	2796645	12878330413	6910450	21873030	546685991	1822745710	NA	0
5499	4	opencv	conan-gcc	2711203	12881041616	6910465	21873030	546805838	1823153099	NA	0
5500	4	opencv	conan-gcc	2730564	12883772180	6910480	21873030	546926255	1823562795	NA	0
5501	4	opencv	conan-gcc	2701161	12886473341	6910495	21873030	547045829	1823968627	NA	0
5502	4	opencv	conan-gcc	2708263	12889181604	6910510	21873030	547165763	1824376472	NA	0
5503	4	opencv	conan-gcc	2671793	12891853397	6910525	21873030	547284023	1824776513	NA	0
5504	4	opencv	conan-gcc	3923805	12895777202	6910540	21873030	547452071	1825331160	NA	0
5505	4	opencv	conan-gcc	3989868	12899767070	6910555	21873030	547620056	1825893357	NA	0
5506	4	opencv	conan-gcc	2593013	12902360083	6910570	21873030	547734967	1826279571	NA	0
5507	4	opencv	conan-gcc	2589183	12904949266	6910585	21873030	547849709	1826665087	NA	0
5508	4	opencv	conan-gcc	2698684	12907647950	6910600	21873030	547969253	1827070697	NA	0
5509	4	opencv	conan-gcc	2604134	12910252084	6910615	21873030	548084444	1827458152	NA	0
5510	4	opencv	conan-gcc	2697235	12912949319	6910630	21873030	548203564	1827863508	NA	0
5511	4	opencv	conan-gcc	2697201	12915646520	6910645	21873030	548323039	1828268846	NA	0
5512	4	opencv	conan-gcc	2700432	12918346952	6910660	21873030	548442611	1828674629	NA	0
5513	4	opencv	conan-gcc	2598544	12920945496	6910675	21873030	548557813	1829061832	NA	0
5514	4	opencv	conan-gcc	4082736	12925028232	6910690	21873030	548731455	1829633672	NA	0
5515	4	opencv	conan-gcc	4214959	12929243191	6910705	21873030	548908099	1830223133	NA	0
5516	4	opencv	conan-gcc	6304862	12935548053	6910720	21873030	549143759	1830947455	NA	0
5517	4	opencv	conan-gcc	3229917	12938777970	6910735	21873030	549282593	1831413548	NA	0
5518	4	opencv	conan-gcc	2622450	12941400420	6910750	21873030	549398625	1831803530	NA	0
5519	4	opencv	conan-gcc	2597310	12943997730	6910765	21873030	549513855	1832190514	NA	0
5520	4	opencv	conan-gcc	2591375	12946589105	6910780	21873030	549628764	1832576429	NA	0
5521	4	opencv	conan-gcc	2650942	12949240047	6910795	21873030	549745469	1832972141	NA	0
5522	4	opencv	conan-gcc	2626076	12951866123	6910810	21873030	549861144	1833364228	NA	0
5523	4	opencv	conan-gcc	2612649	12954478772	6910825	21873030	549976473	1833753988	NA	0
5524	4	opencv	conan-gcc	2613968	12957092740	6910840	21873030	550091835	1834144006	NA	0
5525	4	opencv	conan-gcc	2631107	12959723847	6910855	21873030	550207643	1834536765	NA	0
5526	4	opencv	conan-gcc	2623343	12962347190	6910870	21873030	550323247	1834928464	NA	0
5527	4	opencv	conan-gcc	2610125	12964957315	6910885	21873030	550438509	1835317611	NA	0
5528	4	opencv	conan-gcc	2590987	12967548302	6910900	21873030	550553296	1835703435	NA	0
5529	4	opencv	conan-gcc	2694436	12970242738	6910915	21873030	550673610	1836106503	NA	0
5530	4	opencv	conan-gcc	2694507	12972937245	6910930	21873030	550793673	1836509658	NA	0
5531	4	opencv	conan-gcc	2694875	12975632120	6910945	21873030	550913747	1836912852	NA	0
5532	4	opencv	conan-gcc	2694424	12978326544	6910960	21873030	551034063	1837315999	NA	0
5533	4	opencv	conan-gcc	2694292	12981020836	6910975	21873030	551154374	1837719118	NA	0
5534	4	opencv	conan-gcc	2694443	12983715279	6910990	21873030	551274689	1838122258	NA	0
5535	4	opencv	conan-gcc	2694439	12986409718	6911005	21873030	551395002	1838525442	NA	0
5536	4	opencv	conan-gcc	2694453	12989104171	6911020	21873030	551515316	1838928585	NA	0
5537	4	opencv	conan-gcc	2694488	12991798659	6911035	21873030	551635630	1839331746	NA	0
5538	4	opencv	conan-gcc	2694515	12994493174	6911050	21873030	551755692	1839734929	NA	0
5539	4	opencv	conan-gcc	2694287	12997187461	6911065	21873030	551876001	1840137991	NA	0
5540	4	opencv	conan-gcc	2589518	12999776979	6911080	21873030	551990726	1840523492	NA	0
5541	4	opencv	conan-gcc	2593213	13002370192	6911095	21873030	552105710	1840909974	NA	0
5542	4	opencv	conan-gcc	4677718	13007047910	6911110	21873030	552279477	1841464288	NA	0
5543	4	opencv	conan-gcc	4674897	13011722807	6911125	21873030	552453090	1842018197	NA	0
5544	4	opencv	conan-gcc	4679309	13016402116	6911140	21873030	552626912	1842572678	NA	0
5545	4	opencv	conan-gcc	4702881	13021104997	6911155	21873030	552801399	1843130114	NA	0
5546	4	opencv	conan-gcc	4692908	13025797905	6911170	21873030	552975413	1843686699	NA	0
5547	4	opencv	conan-gcc	4909549	13030707454	6911185	21873030	553153772	1844264837	NA	0
5548	4	opencv	conan-gcc	4928772	13035636226	6911200	21873030	553332750	1844846111	NA	0
5549	4	opencv	conan-gcc	4906754	13040542980	6911215	21873030	553510964	1845423784	NA	0
5550	4	opencv	conan-gcc	4911296	13045454276	6911230	21873030	553689359	1846002349	NA	0
5551	4	opencv	conan-gcc	4934013	13050388289	6911245	21873030	553868422	1846583486	NA	0
5552	4	opencv	conan-gcc	4924765	13055313054	6911260	21873030	554047034	1847163709	NA	0
5553	4	opencv	conan-gcc	5193068	13060506122	6911275	21873030	554230141	1847768058	NA	0
5554	4	opencv	conan-gcc	5210260	13065716382	6911290	21873030	554413806	1848375578	NA	0
5555	4	opencv	conan-gcc	3432569	13069148951	6911305	21873030	554558139	1848863732	NA	0
5556	4	opencv	conan-gcc	3569147	13072718098	6911320	21873030	554704111	1849365242	NA	0
5557	4	opencv	conan-gcc	3529964	13076248062	6911335	21873030	554849932	1849864499	NA	0
5558	4	opencv	conan-gcc	3453728	13079701790	6911350	21873030	554994937	1850356217	NA	0
5559	4	opencv	conan-gcc	3526571	13083228361	6911365	21873030	555140611	1850854431	NA	0
5560	4	opencv	conan-gcc	3548563	13086776924	6911380	21873030	555289963	1851362447	NA	0
5561	4	opencv	conan-gcc	3472576	13090249500	6911395	21873030	555434465	1851853083	NA	0
5562	4	opencv	conan-gcc	3429063	13093678563	6911410	21873030	555578659	1852340559	NA	0
5563	4	opencv	conan-gcc	3657906	13097336469	6911425	21873030	555725985	1852849677	NA	0
5564	4	opencv	conan-gcc	3703700	13101040169	6911440	21873030	555875091	1853367483	NA	0
5565	4	opencv	conan-gcc	3430260	13104470429	6911455	21873030	556019296	1853855316	NA	0
5566	4	opencv	conan-gcc	3517737	13107988166	6911470	21873030	556164624	1854352279	NA	0
5567	4	opencv	conan-gcc	3495702	13111483868	6911485	21873030	556310139	1854848681	NA	0
5568	4	opencv	conan-gcc	3442046	13114925914	6911500	21873030	556454477	1855337586	NA	0
5569	4	opencv	conan-gcc	3513698	13118439612	6911515	21873030	556602914	1855838047	NA	0
5570	4	opencv	conan-gcc	4101043	13122540655	6911530	21873030	556751199	1856366281	NA	0
5571	4	opencv	conan-gcc	3792339	13126332994	6911545	21873030	556897504	1856875130	NA	0
5572	4	opencv	conan-gcc	3491826	13129824820	6911560	21873030	557042599	1857369505	NA	0
5573	4	opencv	conan-gcc	3526041	13133350861	6911575	21873030	557188040	1857866750	NA	0
5574	4	opencv	conan-gcc	224	13133351085	6911590	21873030	557188060	1857866879	NA	0
5575	4	opencv	conan-gcc	3454210	13136805295	6911605	21873030	557333126	1858358716	NA	0
5576	4	opencv	conan-gcc	3528412	13140333707	6911620	21873030	557478511	1858857096	NA	0
5577	4	opencv	conan-gcc	3425772	13143759479	6911635	21873030	557622102	1859343880	NA	0
5578	4	opencv	conan-gcc	3428014	13147187493	6911650	21873030	557765730	1859831138	NA	0
5579	4	opencv	conan-gcc	3412278	13150599771	6911665	21873030	557908886	1860315316	NA	0
5580	4	opencv	conan-gcc	3444361	13154044132	6911680	21873030	558052863	1860803571	NA	0
5581	4	opencv	conan-gcc	3587530	13157631662	6911695	21873030	558197595	1861300730	NA	0
5582	4	opencv	conan-gcc	3407631	13161039293	6911710	21873030	558340515	1861783626	NA	0
5583	4	opencv	conan-gcc	3528436	13164567729	6911725	21873030	558485536	1862279297	NA	0
5584	4	opencv	conan-gcc	3411159	13167978888	6911740	21873030	558628668	1862763161	NA	0
5585	4	opencv	conan-gcc	3412560	13171391448	6911755	21873030	558771739	1863246868	NA	0
5586	4	opencv	conan-gcc	3419963	13174811411	6911770	21873030	558914849	1863731062	NA	0
5587	4	opencv	conan-gcc	3470154	13178281565	6911785	21873030	559058104	1864217979	NA	0
5588	4	opencv	conan-gcc	2300964	13180582529	6911800	21873030	559158985	1864564516	NA	0
5589	4	opencv	conan-gcc	2645476	13183228005	6911815	21873030	559264805	1864929725	NA	0
5590	4	opencv	conan-gcc	2713852	13185941857	6911830	21873030	559370139	1865295256	NA	0
5591	4	opencv	conan-gcc	2301647	13188243504	6911845	21873030	559471131	1865641897	NA	0
5592	4	opencv	conan-gcc	2295724	13190539228	6911860	21873030	559571673	1865986868	NA	0
5593	4	opencv	conan-gcc	2316097	13192855325	6911875	21873030	559673237	1866336288	NA	0
5594	4	opencv	conan-gcc	2411896	13195267221	6911890	21873030	559780326	1866702345	NA	0
5595	4	opencv	conan-gcc	2300041	13197567262	6911905	21873030	559880991	1867048343	NA	0
5596	4	opencv	conan-gcc	2288439	13199855701	6911920	21873030	559981308	1867391947	NA	0
5597	4	opencv	conan-gcc	2309692	13202165393	6911935	21873030	560082470	1867740520	NA	0
5598	4	opencv	conan-gcc	2606373	13204771766	6911950	21873030	560191372	1868122366	NA	0
5599	4	opencv	conan-gcc	2588726	13207360492	6911965	22486793	560299527	1868500120	NA	1
5600	4	opencv	conan-gcc	2294670	13209655162	6911980	22486793	560400052	1868844743	NA	0
5601	4	opencv	conan-gcc	2293894	13211949056	6911995	22486793	560500596	1869189600	NA	0
5602	4	opencv	conan-gcc	2299770	13214248826	6912010	22486793	560601444	1869535932	NA	0
5603	4	opencv	conan-gcc	2366188	13216615014	6912025	22486793	560705296	1869894249	NA	0
5604	4	opencv	conan-gcc	2338512	13218953526	6912040	22486793	560807753	1870246470	NA	0
5605	4	opencv	conan-gcc	2291630	13221245156	6912055	22486793	560908253	1870590965	NA	0
5606	4	opencv	conan-gcc	2305339	13223550495	6912070	22486793	561009258	1870938087	NA	0
5607	4	opencv	conan-gcc	2296479	13225846974	6912085	22486793	561109935	1871283545	NA	0
5608	4	opencv	conan-gcc	2288411	13228135385	6912100	22486793	561210249	1871627217	NA	0
5609	4	opencv	conan-gcc	2328231	13230463616	6912115	22486793	561311925	1871977017	NA	0
5610	4	opencv	conan-gcc	2327654	13232791270	6912130	22486793	561414417	1872330501	NA	0
5611	4	opencv	conan-gcc	2334738	13235126008	6912145	22486793	561517159	1872684255	NA	0
5612	4	opencv	conan-gcc	2657777	13237783785	6912160	22486793	561627969	1873075053	NA	0
5613	4	opencv	conan-gcc	2147445	13239931230	6912175	22486793	561723168	1873395474	NA	0
5614	4	opencv	conan-gcc	2620092	13242551322	6912190	22486793	561832853	1873780893	NA	0
5615	4	opencv	conan-gcc	4607802	13247159124	6912205	22486793	561996485	1874316877	NA	0
5616	4	opencv	conan-gcc	4640009	13251799133	6912220	22486793	562161451	1874859386	NA	0
5617	4	opencv	conan-gcc	4921497	13256720630	6912235	22486793	562331350	1875427548	NA	0
5618	4	opencv	conan-gcc	3522382	13260243012	6912250	22486793	562479877	1875931295	NA	0
5619	4	opencv	conan-gcc	3522524	13263765536	6912265	22486793	562628243	1876435112	NA	0
5620	4	opencv	conan-gcc	3522398	13267287934	6912280	22486793	562776770	1876938792	NA	0
5621	4	opencv	conan-gcc	3410996	13270698930	6912295	22486793	562919373	1877421659	NA	0
5622	4	opencv	conan-gcc	3402866	13274101796	6912310	22486793	563061677	1877903515	NA	0
5623	4	opencv	conan-gcc	3411538	13277513334	6912325	22486793	563204157	1878385954	NA	0
5624	4	opencv	conan-gcc	3402022	13280915356	6912340	22486793	563346528	1878867313	NA	0
5625	4	opencv	conan-gcc	3405248	13284320604	6912355	22486793	563488786	1879349070	NA	0
5626	4	opencv	conan-gcc	3419860	13287740464	6912370	22486793	563631565	1879833252	NA	0
5627	4	opencv	conan-gcc	3460198	13291200662	6912385	22486793	563774818	1880320330	NA	0
5628	4	opencv	conan-gcc	3427718	13294628380	6912400	22486793	563917662	1880805191	NA	0
5629	4	opencv	conan-gcc	3432529	13298060909	6912415	22486793	564060476	1881288832	NA	0
5630	4	opencv	conan-gcc	3404622	13301465531	6912430	22486793	564202890	1881770749	NA	0
5631	4	opencv	conan-gcc	3407133	13304872664	6912445	22486793	564345241	1882252909	NA	0
5632	4	opencv	conan-gcc	3425698	13308298362	6912460	22486793	564487628	1882735245	NA	0
5633	4	opencv	conan-gcc	3394908	13311693270	6912475	22486793	564629928	1883215681	NA	0
5634	4	opencv	conan-gcc	3437597	13315130867	6912490	22486793	564772826	1883700775	NA	0
5635	4	opencv	conan-gcc	3405249	13318536116	6912505	22486793	564915151	1884182738	NA	0
5636	4	opencv	conan-gcc	3427601	13321963717	6912520	22486793	565057804	1884666715	NA	0
5637	4	opencv	conan-gcc	3423521	13325387238	6912535	22486793	565200255	1885150326	NA	0
5638	4	opencv	conan-gcc	3402270	13328789508	6912550	22486793	565342647	1885631797	NA	0
5639	4	opencv	conan-gcc	3398069	13332187577	6912565	22486793	565485004	1886112822	NA	0
5640	4	opencv	conan-gcc	3523161	13335710738	6912580	22486793	565633572	1886616670	NA	0
5641	4	opencv	conan-gcc	3523306	13339234044	6912595	22486793	565781985	1887120561	NA	0
5642	4	opencv	conan-gcc	3527909	13342761953	6912610	22486793	565930609	1887624994	NA	0
5643	4	opencv	conan-gcc	3414520	13346176473	6912625	22486793	566073006	1888107645	NA	0
5644	4	opencv	conan-gcc	3402657	13349579130	6912640	22486793	566215415	1888589456	NA	0
5645	4	opencv	conan-gcc	3414415	13352993545	6912655	22486793	566357788	1889071830	NA	0
5646	4	opencv	conan-gcc	3395081	13356388626	6912670	22486793	566500025	1889552385	NA	0
5647	4	opencv	conan-gcc	3407951	13359796577	6912685	22486793	566642214	1890033775	NA	0
5648	4	opencv	conan-gcc	2623987	13362420564	6912700	22486793	566757431	1890427264	NA	0
5649	4	opencv	conan-gcc	2238210	13364658774	6912715	22486793	566855992	1890762940	NA	0
5650	4	opencv	conan-gcc	2214635	13366873409	6912730	22486793	566953779	1891095149	NA	0
5651	4	opencv	conan-gcc	2323759	13369197168	6912745	22486793	567056664	1891445302	NA	0
5652	4	opencv	conan-gcc	2341496	13371538664	6912760	22486793	567160468	1891798865	NA	0
5653	4	opencv	conan-gcc	2214696	13373753360	6912775	22486793	567258201	1892131025	NA	0
5654	4	opencv	conan-gcc	2214700	13375968060	6912790	22486793	567355934	1892463256	NA	0
5655	4	opencv	conan-gcc	2214839	13378182899	6912805	22486793	567453672	1892795491	NA	0
5656	4	opencv	conan-gcc	2376126	13380559025	6912820	22486793	567558916	1893154335	NA	0
5657	4	opencv	conan-gcc	2323955	13382882980	6912835	22486793	567661917	1893504701	NA	0
5658	4	opencv	conan-gcc	2369310	13385252290	6912850	22486793	567767096	1893863066	NA	0
5659	4	opencv	conan-gcc	2214716	13387467006	6912865	22486793	567864829	1894195252	NA	0
5660	4	opencv	conan-gcc	2373482	13389840488	6912880	22486793	567970175	1894554014	NA	0
5661	4	opencv	conan-gcc	2214782	13392055270	6912895	22486793	568067964	1894886192	NA	0
5662	4	opencv	conan-gcc	2343999	13394399269	6912910	22486793	568171898	1895239972	NA	0
5663	4	opencv	conan-gcc	2319542	13396718811	6912925	22486793	568274797	1895589779	NA	0
5664	4	opencv	conan-gcc	2486411	13399205222	6912940	22486793	568385221	1895967727	NA	0
5665	4	opencv	conan-gcc	2338387	13401543609	6912955	22486793	568488848	1896320787	NA	0
5666	4	opencv	conan-gcc	2214635	13403758244	6912970	22486793	568586635	1896652996	NA	0
5667	4	opencv	conan-gcc	2325934	13406084178	6912985	22486793	568689860	1897003661	NA	0
5668	4	opencv	conan-gcc	2503942	13408588120	6913000	22486793	568797324	1897372660	NA	0
5669	4	opencv	conan-gcc	2448806	13411036926	6913015	22486793	568906421	1897743317	NA	0
5670	4	opencv	conan-gcc	2234084	13413271010	6913030	22486793	569005193	1898079086	NA	0
5671	4	opencv	conan-gcc	2232516	13415503526	6913045	22486793	569103907	1898414624	NA	0
5672	4	opencv	conan-gcc	2321488	13417825014	6913060	22486793	569206507	1898763440	NA	0
5673	4	opencv	conan-gcc	3536240	13421361254	6913075	22486793	569348523	1899246005	NA	0
5674	4	opencv	conan-gcc	3355726	13424716980	6913090	22486793	569488874	1899719353	NA	0
5675	4	opencv	conan-gcc	3366871	13428083851	6913105	22486793	569629735	1900193826	NA	0
5676	4	opencv	conan-gcc	3359717	13431443568	6913120	22486793	569770641	1900667685	NA	0
5677	4	opencv	conan-gcc	3429990	13434873558	6913135	22486793	569912508	1901147693	NA	0
5678	4	opencv	conan-gcc	3356452	13438230010	6913150	22486793	570053286	1901620872	NA	0
5679	4	opencv	conan-gcc	3454756	13441684766	6913165	22486793	570194997	1902102181	NA	0
5680	4	opencv	conan-gcc	3473941	13445158707	6913180	22486793	570336648	1902584817	NA	0
5681	4	opencv	conan-gcc	3426109	13448584816	6913195	22486793	570478958	1903066818	NA	0
5682	4	opencv	conan-gcc	3356145	13451940961	6913210	22486793	570619719	1903539868	NA	0
5683	4	opencv	conan-gcc	3357261	13455298222	6913225	22486793	570760477	1904013239	NA	0
5684	4	opencv	conan-gcc	3439177	13458737399	6913240	22486793	570902280	1904493802	NA	0
5685	4	opencv	conan-gcc	3470116	13462207515	6913255	22486793	571044079	1904975866	NA	0
5686	4	opencv	conan-gcc	3383547	13465591062	6913270	22486793	571184894	1905451448	NA	0
5687	4	opencv	conan-gcc	3686146	13469277208	6913285	22486793	571328894	1905947506	NA	0
5688	4	opencv	conan-gcc	3396997	13472674205	6913300	22486793	571470086	1906425050	NA	0
5689	4	opencv	conan-gcc	3388189	13476062394	6913315	22486793	571610991	1906901229	NA	0
5690	4	opencv	conan-gcc	3362950	13479425344	6913330	22486793	571751720	1907374979	NA	0
5691	4	opencv	conan-gcc	3354226	13482779570	6913345	22486793	571892336	1907847879	NA	0
5692	4	opencv	conan-gcc	3369944	13486149514	6913360	22486793	572033110	1908322566	NA	0
5693	4	opencv	conan-gcc	2428449	13488577963	6913375	22486793	572141080	1908688676	NA	0
5694	4	opencv	conan-gcc	2407257	13490985220	6913390	22486793	572248516	1909052561	NA	0
5695	4	opencv	conan-gcc	2479497	13493464717	6913405	22486793	572357029	1909420801	NA	0
5696	4	opencv	conan-gcc	2425708	13495890425	6913420	22486793	572464987	1909786578	NA	0
5697	4	opencv	conan-gcc	2512567	13498402992	6913435	22486793	572578294	1910172163	NA	0
5698	4	opencv	conan-gcc	2478368	13500881360	6913450	22486793	572689879	1910549591	NA	0
5699	4	opencv	conan-gcc	2510260	13503391620	6913465	22486793	572799751	1910923466	NA	0
5700	4	opencv	conan-gcc	2410765	13505802385	6913480	22486793	572907234	1911287682	NA	0
5701	4	opencv	conan-gcc	2559371	13508361756	6913495	22486793	573023039	1911679618	NA	0
5702	4	opencv	conan-gcc	2629438	13510991194	6913510	22486793	573140965	1912075913	NA	0
5703	4	opencv	conan-gcc	2502593	13513493787	6913525	22486793	573253156	1912454694	NA	0
5704	4	opencv	conan-gcc	2524577	13516018364	6913540	22486793	573365876	1912837819	NA	0
5705	4	opencv	conan-gcc	2683896	13518702260	6913555	22486793	573488070	1913248408	NA	0
5706	4	opencv	conan-gcc	3535860	13522238120	6913570	22486793	573636103	1913752238	NA	0
5707	4	opencv	conan-gcc	3557205	13525795325	6913585	22486793	573784199	1914256422	NA	0
5708	4	opencv	conan-gcc	3519947	13529315272	6913600	22486793	573932041	1914758603	NA	0
5709	4	opencv	conan-gcc	3516208	13532831480	6913615	22486793	574079694	1915259779	NA	0
5710	4	opencv	conan-gcc	3672639	13536504119	6913630	22486793	574229106	1915775671	NA	0
5711	4	opencv	conan-gcc	3530147	13540034266	6913645	22875260	574376936	1916279030	NA	1
5712	4	opencv	conan-gcc	3574790	13543609056	6913660	22875260	574525104	1916784615	NA	0
5713	4	opencv	conan-gcc	3502589	13547111645	6913675	22875260	574672710	1917285026	NA	0
5714	4	opencv	conan-gcc	3530041	13550641686	6913690	22875260	574820438	1917787624	NA	0
5715	4	opencv	conan-gcc	3501868	13554143554	6913705	22875260	574967937	1918287772	NA	0
5716	4	opencv	conan-gcc	3511842	13557655396	6913720	22875260	575115475	1918788782	NA	0
5717	4	opencv	conan-gcc	3503571	13561158967	6913735	22875260	575263058	1919289185	NA	0
5718	4	opencv	conan-gcc	3580596	13564739563	6913750	22875260	575420054	1919805026	NA	0
5719	4	opencv	conan-gcc	3626354	13568365917	6913765	22875260	575569425	1920319139	NA	0
5720	4	opencv	conan-gcc	3367389	13571733306	6913780	22875260	575710246	1920793997	NA	0
5721	4	opencv	conan-gcc	3354208	13575087514	6913795	22875260	575850862	1921266881	NA	0
5722	4	opencv	conan-gcc	3357399	13578444913	6913810	22875260	575991531	1921740457	NA	0
5723	4	opencv	conan-gcc	2434033	13580878946	6913825	22875260	576098975	1922109635	NA	0
5724	4	opencv	conan-gcc	3255899	13584134845	6913840	22875260	576244475	1922611959	NA	0
5725	4	opencv	conan-gcc	2542427	13586677272	6913855	22875260	576356377	1922999334	NA	0
5726	4	opencv	conan-gcc	2490593	13589167865	6913870	22875260	576466426	1923379275	NA	0
5727	4	opencv	conan-gcc	2451061	13591618926	6913885	22875260	576574374	1923750886	NA	0
5728	4	opencv	conan-gcc	2421642	13594040568	6913900	22875260	576681184	1924117523	NA	0
5729	4	opencv	conan-gcc	3175442	13597216010	6913915	22875260	576820565	1924603965	NA	0
5730	4	opencv	conan-gcc	2691137	13599907147	6913930	22875260	576941253	1925016154	NA	0
5731	4	opencv	conan-gcc	2523374	13602430521	6913945	22875260	577052334	1925397233	NA	0
5732	4	opencv	conan-gcc	2513308	13604943829	6913960	22875260	577161167	1925781026	NA	0
5733	4	opencv	conan-gcc	2435373	13607379202	6913975	22875260	577268910	1926150952	NA	0
5734	4	opencv	conan-gcc	2505019	13609884221	6913990	22875260	577378418	1926531684	NA	0
5735	4	opencv	conan-gcc	2596242	13612480463	6914005	22875260	577487746	1926932914	NA	0
5736	4	opencv	conan-gcc	2492281	13614972744	6914020	22875260	577597518	1927313387	NA	0
5737	4	opencv	conan-gcc	2431726	13617404470	6914035	22875260	577704915	1927682095	NA	0
5738	4	opencv	conan-gcc	2461922	13619866392	6914050	22875260	577813428	1928055378	NA	0
5739	4	opencv	conan-gcc	2422189	13622288581	6914065	22875260	577920274	1928421972	NA	0
5740	4	opencv	conan-gcc	2416545	13624705126	6914080	22875260	578026827	1928787139	NA	0
5741	4	opencv	conan-gcc	2429042	13627134168	6914095	22875260	578134385	1929155245	NA	0
5742	4	opencv	conan-gcc	2421974	13629556142	6914110	22875260	578241408	1929521993	NA	0
5743	4	opencv	conan-gcc	2502318	13632058460	6914125	22875260	578351548	1929903843	NA	0
5744	4	opencv	conan-gcc	2425077	13634483537	6914140	22875260	578458653	1930271400	NA	0
5745	4	opencv	conan-gcc	2469081	13636952618	6914155	22875260	578568582	1930647414	NA	0
5746	4	opencv	conan-gcc	2528302	13639480920	6914170	22875260	578679950	1931035145	NA	0
5747	4	opencv	conan-gcc	2448957	13641929877	6914185	22875260	578788105	1931407665	NA	0
5748	4	opencv	conan-gcc	2442404	13644372281	6914200	22875260	578895897	1931779043	NA	0
5749	4	opencv	conan-gcc	2763717	13647135998	6914215	22875260	579011783	1932187785	NA	0
5750	4	opencv	conan-gcc	2805004	13649941002	6914230	22875260	579129545	1932603774	NA	0
5751	4	opencv	conan-gcc	2448538	13652389540	6914245	22875260	579236966	1932973222	NA	0
5752	4	opencv	conan-gcc	2761324	13655150864	6914260	22875260	579352528	1933381516	NA	0
5753	4	opencv	conan-gcc	2416664	13657567528	6914275	22875260	579459084	1933746698	NA	0
5754	4	opencv	conan-gcc	2459950	13660027478	6914290	22875260	579567569	1934121561	NA	0
5755	4	opencv	conan-gcc	2482306	13662509784	6914305	22875260	579676706	1934500977	NA	0
5756	4	opencv	conan-gcc	2467078	13664976862	6914320	22875260	579785312	1934876143	NA	0
5757	4	opencv	conan-gcc	2468128	13667444990	6914335	22875260	579893566	1935252970	NA	0
5758	4	opencv	conan-gcc	2480115	13669925105	6914350	22875260	580002180	1935628897	NA	0
5759	4	opencv	conan-gcc	2472355	13672397460	6914365	22875260	580111018	1936005545	NA	0
5760	4	opencv	conan-gcc	2458998	13674856458	6914380	22875260	580219154	1936381189	NA	0
5761	4	opencv	conan-gcc	2475288	13677331746	6914395	22875260	580328006	1936757636	NA	0
5762	4	opencv	conan-gcc	2488399	13679820145	6914410	22875260	580437597	1937137427	NA	0
5763	4	opencv	conan-gcc	2462820	13682282965	6914425	22875260	580546063	1937512804	NA	0
5764	4	opencv	conan-gcc	2474694	13684757659	6914440	22875260	580654871	1937889567	NA	0
5765	4	opencv	conan-gcc	2563207	13687320866	6914455	22875260	580766737	1938280540	NA	0
5766	4	opencv	conan-gcc	2467145	13689788011	6914470	22875260	580875338	1938655890	NA	0
5767	4	opencv	conan-gcc	2462576	13692250587	6914485	22875260	580983683	1939030930	NA	0
5768	4	opencv	conan-gcc	2508855	13694759442	6914500	22875260	581093888	1939413118	NA	0
5769	4	opencv	conan-gcc	2147397	13696906839	6914515	22875260	581189087	1939733654	NA	0
5770	4	opencv	conan-gcc	4743728	13701650567	6914530	22875260	581361551	1940293188	NA	0
5771	4	opencv	conan-gcc	3589969	13705240536	6914545	22875260	581512386	1940808128	NA	0
5772	4	opencv	conan-gcc	3480423	13708720959	6914560	22875260	581657047	1941302156	NA	0
5773	4	opencv	conan-gcc	3469406	13712190365	6914575	22875260	581801579	1941794773	NA	0
5774	4	opencv	conan-gcc	3476370	13715666735	6914590	22875260	581946293	1942288758	NA	0
5775	4	opencv	conan-gcc	3481468	13719148203	6914605	22875260	582090966	1942782712	NA	0
5776	4	opencv	conan-gcc	3516612	13722664815	6914620	22875260	582236647	1943281378	NA	0
5777	4	opencv	conan-gcc	3618797	13726283612	6914635	22875260	582384706	1943792204	NA	0
5778	4	opencv	conan-gcc	3480168	13729763780	6914650	22875260	582529807	1944287943	NA	0
5779	4	opencv	conan-gcc	3480932	13733244712	6914665	22875260	582674847	1944782465	NA	0
5780	4	opencv	conan-gcc	3532772	13736777484	6914680	22875260	582822123	1945286871	NA	0
5781	4	opencv	conan-gcc	3473817	13740251301	6914695	22875260	582966998	1945780754	NA	0
5782	4	opencv	conan-gcc	3548113	13743799414	6914710	22875260	583112922	1946284270	NA	0
5783	4	opencv	conan-gcc	3467156	13747266570	6914725	22875260	583257538	1946777217	NA	0
5784	4	opencv	conan-gcc	3467619	13750734189	6914740	22875260	583402160	1947270340	NA	0
5785	4	opencv	conan-gcc	3468813	13754203002	6914755	22875260	583546819	1947763273	NA	0
5786	4	opencv	conan-gcc	3603797	13757806799	6914770	22875260	583697697	1948279392	NA	0
5787	4	opencv	conan-gcc	3474219	13761281018	6914785	22875260	583842346	1948772606	NA	0
5788	4	opencv	conan-gcc	3505918	13764786936	6914800	22875260	583987844	1949278573	NA	0
5789	4	opencv	conan-gcc	3661022	13768447958	6914815	22875260	584138043	1949798368	NA	0
5790	4	opencv	conan-gcc	3629069	13772077027	6914830	22875260	584288931	1950315403	NA	0
5791	4	opencv	conan-gcc	3514518	13775591545	6914845	22875260	584434441	1950814694	NA	0
5792	4	opencv	conan-gcc	3473847	13779065392	6914860	22875260	584579085	1951308314	NA	0
5793	4	opencv	conan-gcc	3462362	13782527754	6914875	22875260	584723517	1951799964	NA	0
5794	4	opencv	conan-gcc	3461219	13785988973	6914890	22875260	584867933	1952291288	NA	0
5795	4	opencv	conan-gcc	3461207	13789450180	6914905	22875260	585012349	1952782637	NA	0
5796	4	opencv	conan-gcc	3468544	13792918724	6914920	22875260	585157016	1953275704	NA	0
5797	4	opencv	conan-gcc	3702231	13796620955	6914935	22875260	585304651	1953784532	NA	0
5798	4	opencv	conan-gcc	3518476	13800139431	6914950	22875260	585450665	1954285700	NA	0
5799	4	opencv	conan-gcc	3471639	13803611070	6914965	22875260	585595249	1954778580	NA	0
5800	4	opencv	conan-gcc	3483620	13807094690	6914980	22875260	585739936	1955272802	NA	0
5801	4	opencv	conan-gcc	3712625	13810807315	6914995	22875260	585896907	1955799479	NA	0
5802	4	opencv	conan-gcc	3563667	13814370982	6915010	22875260	586045510	1956307308	NA	0
5803	4	opencv	conan-gcc	3529152	13817900134	6915025	22875260	586192640	1956810379	NA	0
5804	4	opencv	conan-gcc	3509452	13821409586	6915040	22875260	586337944	1957308454	NA	0
5805	4	opencv	conan-gcc	3585296	13824994882	6915055	22875260	586488628	1957822932	NA	0
5806	4	opencv	conan-gcc	3467237	13828462119	6915070	22875260	586633226	1958315399	NA	0
5807	4	opencv	conan-gcc	3463350	13831925469	6915085	22875260	586778073	1958808097	NA	0
5808	4	opencv	conan-gcc	3467338	13835392807	6915100	22875260	586922740	1959300719	NA	0
5809	4	opencv	conan-gcc	3457120	13838849927	6915115	22875260	587067311	1959791998	NA	0
5810	4	opencv	conan-gcc	3471927	13842321854	6915130	22875260	587212073	1960285057	NA	0
5811	4	opencv	conan-gcc	3467603	13845789457	6915145	22875260	587356749	1960777758	NA	0
5812	4	opencv	conan-gcc	3462936	13849252393	6915160	22875260	587501340	1961269915	NA	0
5813	4	opencv	conan-gcc	3465746	13852718139	6915175	22875260	587646079	1961762022	NA	0
5814	4	opencv	conan-gcc	2564161	13855282300	6915190	22875260	587758568	1962146189	NA	0
5815	4	opencv	conan-gcc	2604372	13857886672	6915205	22875260	587872207	1962534410	NA	0
5816	4	opencv	conan-gcc	2411702	13860298374	6915220	22875260	587978784	1962898268	NA	0
5817	4	opencv	conan-gcc	3388737	13863687111	6915235	22875260	588119592	1963374148	NA	0
5818	4	opencv	conan-gcc	3354026	13867041137	6915250	22875260	588260205	1963847045	NA	0
5819	4	opencv	conan-gcc	2328176	13869369313	6915265	22875260	588363234	1964201429	NA	0
5820	4	opencv	conan-gcc	2279718	13871649031	6915280	22875260	588463921	1964546392	NA	0
5821	4	opencv	conan-gcc	2309368	13873958399	6915295	22875260	588565604	1964896303	NA	0
5822	4	opencv	conan-gcc	2540085	13876498484	6915310	22875260	588677341	1965285268	NA	0
5823	4	opencv	conan-gcc	3339588	13879838072	6915325	23550532	588861315	1965890159	NA	1
5824	4	opencv	conan-gcc	2277068	13882115140	6915340	23550532	588961892	1966234458	NA	0
5825	4	opencv	conan-gcc	2415510	13884530650	6915355	23550532	589067967	1966602578	NA	0
5826	4	opencv	conan-gcc	2436654	13886967304	6915370	23550532	589176119	1966973053	NA	0
5827	4	opencv	conan-gcc	2279480	13889246784	6915385	23550532	589276881	1967318239	NA	0
5828	4	opencv	conan-gcc	2280194	13891526978	6915400	23550532	589377607	1967663329	NA	0
5829	4	opencv	conan-gcc	2416687	13893943665	6915415	23550532	589484812	1968029837	NA	0
5830	4	opencv	conan-gcc	2275975	13896219640	6915430	23550532	589585364	1968374022	NA	0
5831	4	opencv	conan-gcc	2280974	13898500614	6915445	23550532	589686186	1968719482	NA	0
5832	4	opencv	conan-gcc	2280784	13900781398	6915460	23550532	589786946	1969064847	NA	0
5833	4	opencv	conan-gcc	2368348	13903149746	6915475	23550532	589892120	1969423793	NA	0
5834	4	opencv	conan-gcc	2293686	13905443432	6915490	23550532	589993414	1969771904	NA	0
5835	4	opencv	conan-gcc	2361173	13907804605	6915505	23550532	590097450	1970131487	NA	0
5836	4	opencv	conan-gcc	2300652	13910105257	6915520	23550532	590199111	1970480565	NA	0
5837	4	opencv	conan-gcc	2314973	13912420230	6915535	23550532	590301873	1970832347	NA	0
5838	4	opencv	conan-gcc	2419763	13914839993	6915550	23550532	590409203	1971199349	NA	0
5839	4	opencv	conan-gcc	2417650	13917257643	6915565	23550532	590516461	1971566214	NA	0
5840	4	opencv	conan-gcc	2277508	13919535151	6915580	23550532	590617038	1971910307	NA	0
5841	4	opencv	conan-gcc	2738788	13922273939	6915595	23550532	590731852	1972334193	NA	0
5842	4	opencv	conan-gcc	2273771	13924547710	6915610	23550532	590832231	1972677878	NA	0
5843	4	opencv	conan-gcc	2747453	13927295163	6915625	23550532	590953083	1973101917	NA	0
5844	4	opencv	conan-gcc	2361989	13929657152	6915640	23550532	591058111	1973465366	NA	0
5845	4	opencv	conan-gcc	2147429	13931804581	6915655	23550532	591153310	1973785896	NA	0
5846	4	opencv	conan-gcc	3748651	13935553232	6915670	23550532	591314247	1974317714	NA	0
5847	4	opencv	conan-gcc	3655693	13939208925	6915685	23550532	591469439	1974830166	NA	0
5848	4	opencv	conan-gcc	3732470	13942941395	6915700	23550532	591628485	1975358784	NA	0
5849	4	opencv	conan-gcc	3880479	13946821874	6915715	23550532	591789693	1975901260	NA	0
5850	4	opencv	conan-gcc	3653632	13950475506	6915730	23550532	591944869	1976413200	NA	0
5851	4	opencv	conan-gcc	3798485	13954273991	6915745	23550532	592104754	1976948525	NA	0
5852	4	opencv	conan-gcc	3683560	13957957551	6915760	23550532	592261433	1977468059	NA	0
5853	4	opencv	conan-gcc	3827379	13961784930	6915775	23550532	592421721	1978006534	NA	0
5854	4	opencv	conan-gcc	3633736	13965418666	6915790	23550532	592576865	1978517300	NA	0
5855	4	opencv	conan-gcc	3621135	13969039801	6915805	23550532	592731676	1979025637	NA	0
5856	4	opencv	conan-gcc	3744295	13972784096	6915820	23550532	592887478	1979543192	NA	0
5857	4	opencv	conan-gcc	3692984	13976477080	6915835	23550532	593043220	1980059219	NA	0
5858	4	opencv	conan-gcc	3525927	13980003007	6915850	23550532	593191923	1980564197	NA	0
5859	4	opencv	conan-gcc	3525732	13983528739	6915865	23550532	593340516	1981069082	NA	0
5860	4	opencv	conan-gcc	3523904	13987052643	6915880	23550532	593487460	1981572249	NA	0
5861	4	opencv	conan-gcc	3415427	13990468070	6915895	23550532	593630079	1982055256	NA	0
5862	4	opencv	conan-gcc	3397555	13993865625	6915910	23550532	593772521	1982536821	NA	0
5863	4	opencv	conan-gcc	3655373	13997520998	6915925	23550532	593927721	1983048909	NA	0
5864	4	opencv	conan-gcc	2690347	14000211345	6915940	23550532	594046495	1983457072	NA	0
5865	4	opencv	conan-gcc	2682625	14002893970	6915955	23550532	594165478	1983865702	NA	0
5866	4	opencv	conan-gcc	2664061	14005558031	6915970	23550532	594283642	1984270785	NA	0
5867	4	opencv	conan-gcc	2686038	14008244069	6915985	23550532	594402609	1984680030	NA	0
5868	4	opencv	conan-gcc	2680109	14010924178	6916000	23550532	594521318	1985087947	NA	0
5869	4	opencv	conan-gcc	2701457	14013625635	6916015	23550532	594641033	1985499178	NA	0
5870	4	opencv	conan-gcc	2747987	14016373622	6916030	23550532	594762761	1985918391	NA	0
5871	4	opencv	conan-gcc	2684077	14019057699	6916045	23550532	594881656	1986326646	NA	0
5872	4	opencv	conan-gcc	2666679	14021724378	6916060	23550532	594999924	1986732289	NA	0
5873	4	opencv	conan-gcc	2667257	14024391635	6916075	23550532	595118262	1987137943	NA	0
5874	4	opencv	conan-gcc	2680401	14027072036	6916090	23550532	595236967	1987545101	NA	0
5875	4	opencv	conan-gcc	2667853	14029739889	6916105	23550532	595355233	1987950561	NA	0
5876	4	opencv	conan-gcc	2147429	14031887318	6916120	23550532	595450432	1988271089	NA	0
5877	4	opencv	conan-gcc	3638543	14035525861	6916135	23550532	595607578	1988793905	NA	0
5878	4	opencv	conan-gcc	3514973	14039040834	6916150	23550532	595754467	1989294194	NA	0
5879	4	opencv	conan-gcc	3517866	14042558700	6916165	23550532	595901445	1989794673	NA	0
5880	4	opencv	conan-gcc	3514854	14046073554	6916180	23550532	596048546	1990295094	NA	0
5881	4	opencv	conan-gcc	3510987	14049584541	6916195	23550532	596195545	1990794776	NA	0
5882	4	opencv	conan-gcc	3519337	14053103878	6916210	23550532	596342467	1991295380	NA	0
5883	4	opencv	conan-gcc	3546938	14056650816	6916225	23550532	596489710	1991797173	NA	0
5884	4	opencv	conan-gcc	3515213	14060166029	6916240	23550532	596636757	1992297376	NA	0
5885	4	opencv	conan-gcc	3515742	14063681771	6916255	23550532	596783835	1992797722	NA	0
5886	4	opencv	conan-gcc	3639508	14067321279	6916270	23550532	596941227	1993320958	NA	0
5887	4	opencv	conan-gcc	3639587	14070960866	6916285	23550532	597098441	1993844171	NA	0
5888	4	opencv	conan-gcc	3518700	14074479566	6916300	23550532	597245545	1994345259	NA	0
5889	4	opencv	conan-gcc	3511419	14077990985	6916315	23550532	597392506	1994845083	NA	0
5890	4	opencv	conan-gcc	3998443	14081989428	6916330	23550532	597562772	1995416557	NA	0
5891	4	opencv	conan-gcc	3558839	14085548267	6916345	23550532	597711244	1995923837	NA	0
5892	4	opencv	conan-gcc	3405764	14088954031	6916360	23550532	597854350	1996406462	NA	0
5893	4	opencv	conan-gcc	3410566	14092364597	6916375	23550532	597997469	1996890676	NA	0
5894	4	opencv	conan-gcc	3491186	14095855783	6916390	23550532	598144726	1997388892	NA	0
5895	4	opencv	conan-gcc	3492452	14099348235	6916405	23550532	598292058	1997887548	NA	0
5896	4	opencv	conan-gcc	3489784	14102838019	6916420	23550532	598438746	1998385199	NA	0
5897	4	opencv	conan-gcc	3457042	14106295061	6916435	23550532	598583994	1998876099	NA	0
5898	4	opencv	conan-gcc	3569978	14109865039	6916450	23550532	598733949	1999386159	NA	0
5899	4	opencv	conan-gcc	3663232	14113528271	6916465	23550532	598893782	1999918121	NA	0
5900	4	opencv	conan-gcc	3438146	14116966417	6916480	23550532	599037516	2000406491	NA	0
5901	4	opencv	conan-gcc	3378503	14120344920	6916495	23550532	599179273	2000884041	NA	0
5902	4	opencv	conan-gcc	2401495	14122746415	6916510	23550532	599286060	2001247922	NA	0
5903	4	opencv	conan-gcc	2404127	14125150542	6916525	23550532	599392841	2001612559	NA	0
5904	4	opencv	conan-gcc	2386666	14127537208	6916540	23550532	599498690	2001973535	NA	0
5905	4	opencv	conan-gcc	2726280	14130263488	6916555	23550532	599613330	2002374012	NA	0
5906	4	opencv	conan-gcc	2407825	14132671313	6916570	23550532	599719916	2002737956	NA	0
5907	4	opencv	conan-gcc	2425496	14135096809	6916585	23550532	599827039	2003104910	NA	0
5908	4	opencv	conan-gcc	2383200	14137480009	6916600	23550532	599932692	2003464937	NA	0
5909	4	opencv	conan-gcc	2823807	14140303816	6916615	23550532	600051293	2003884529	NA	0
5910	4	opencv	conan-gcc	2679305	14142983121	6916630	23550532	600164397	2004278048	NA	0
5911	4	opencv	conan-gcc	2695363	14145678484	6916645	23550532	600278383	2004675773	NA	0
5912	4	opencv	conan-gcc	2439012	14148117496	6916660	23550532	600387131	2005045148	NA	0
5913	4	opencv	conan-gcc	2386516	14150504012	6916675	23550532	600492984	2005405753	NA	0
5914	4	opencv	conan-gcc	2387570	14152891582	6916690	23550532	600598896	2005766509	NA	0
5915	4	opencv	conan-gcc	2392736	14155284318	6916705	23550532	600705114	2006128452	NA	0
5916	4	opencv	conan-gcc	2393337	14157677655	6916720	23550532	600811365	2006490466	NA	0
5917	4	opencv	conan-gcc	2388939	14160066594	6916735	23550532	600917372	2006851529	NA	0
5918	4	opencv	conan-gcc	2387747	14162454341	6916750	23550532	601023292	2007212357	NA	0
5919	4	opencv	conan-gcc	2389825	14164844166	6916765	23550532	601129336	2007573689	NA	0
5920	4	opencv	conan-gcc	2386881	14167231047	6916780	23550532	601235206	2007934328	NA	0
5921	4	opencv	conan-gcc	2412293	14169643340	6916795	23550532	601341897	2008297867	NA	0
5922	4	opencv	conan-gcc	2389547	14172032887	6916810	23550532	601448037	2008659536	NA	0
5923	4	opencv	conan-gcc	2380210	14174413097	6916825	23550532	601553564	2009018857	NA	0
5924	4	opencv	conan-gcc	2395014	14176808111	6916840	23550532	601659908	2009381713	NA	0
5925	4	opencv	conan-gcc	2384896	14179193007	6916855	23550532	601765643	2009742135	NA	0
5926	4	opencv	conan-gcc	2404050	14181597057	6916870	23550532	601872467	2010106300	NA	0
5927	4	opencv	conan-gcc	2390790	14183987847	6916885	23550532	601978625	2010468424	NA	0
5928	4	opencv	conan-gcc	2387381	14186375228	6916900	23550532	602084543	2010829578	NA	0
5929	4	opencv	conan-gcc	2730814	14189106042	6916915	23550532	602199071	2011230200	NA	0
5930	4	opencv	conan-gcc	2147365	14191253407	6916930	23550532	602294270	2011550732	NA	0
5931	4	opencv	conan-gcc	2677444	14193930851	6916945	23550532	602407628	2011945327	NA	0
5932	4	opencv	conan-gcc	4697359	14198628210	6916960	23550532	602576503	2012496775	NA	0
5933	4	opencv	conan-gcc	4978853	14203607063	6916975	23550532	602750190	2013074400	NA	0
5934	4	opencv	conan-gcc	3552354	14207159417	6916990	23550532	602900024	2013583388	NA	0
5935	4	opencv	conan-gcc	3552399	14210711816	6917005	24022112	603049764	2014092358	NA	1
5936	4	opencv	conan-gcc	3552469	14214264285	6917020	24022112	603199504	2014601340	NA	0
5937	4	opencv	conan-gcc	3552444	14217816729	6917035	24022112	603349244	2015110119	NA	0
5938	4	opencv	conan-gcc	3449854	14221266583	6917050	24022112	603493066	2015598455	NA	0
5939	4	opencv	conan-gcc	3438026	14224704609	6917065	24022112	603636749	2016085654	NA	0
5940	4	opencv	conan-gcc	3575145	14228279754	6917080	24022112	603786601	2016596027	NA	0
5941	4	opencv	conan-gcc	3439183	14231718937	6917095	24022112	603930401	2017082905	NA	0
5942	4	opencv	conan-gcc	3439244	14235158181	6917110	24022112	604074458	2017571345	NA	0
5943	4	opencv	conan-gcc	3461963	14238620144	6917125	24022112	604218681	2018062081	NA	0
5944	4	opencv	conan-gcc	3429957	14242050101	6917140	24022112	604362430	2018549018	NA	0
5945	4	opencv	conan-gcc	3427934	14245478035	6917155	24022112	604506079	2019035589	NA	0
5946	4	opencv	conan-gcc	3424999	14248903034	6917170	24022112	604649773	2019521434	NA	0
5947	4	opencv	conan-gcc	3435161	14252338195	6917185	24022112	604793592	2020008918	NA	0
5948	4	opencv	conan-gcc	3465673	14255803868	6917200	24022112	604938169	2020500401	NA	0
5949	4	opencv	conan-gcc	3553135	14259357003	6917215	24022112	605088116	2021009528	NA	0
5950	4	opencv	conan-gcc	3553139	14262910142	6917230	24022112	605238063	2021518606	NA	0
5951	4	opencv	conan-gcc	3553264	14266463406	6917245	24022112	605388018	2022027761	NA	0
5952	4	opencv	conan-gcc	3553135	14270016541	6917260	24022112	605537960	2022536840	NA	0
5953	4	opencv	conan-gcc	3553253	14273569794	6917275	24022112	605687740	2023045857	NA	0
5954	4	opencv	conan-gcc	3553233	14277123027	6917290	24022112	605837520	2023554987	NA	0
5955	4	opencv	conan-gcc	3433302	14280556329	6917305	24022112	605981374	2024042191	NA	0
5956	4	opencv	conan-gcc	3433480	14283989809	6917320	24022112	606125228	2024529341	NA	0
5957	4	opencv	conan-gcc	3429000	14287418809	6917335	24022112	606269018	2025016059	NA	0
5958	4	opencv	conan-gcc	3438838	14290857647	6917350	24022112	606412810	2025503455	NA	0
5959	4	opencv	conan-gcc	3425171	14294282818	6917365	24022112	606556447	2025989336	NA	0
5960	4	opencv	conan-gcc	3452943	14297735761	6917380	24022112	606700376	2026478037	NA	0
5961	4	opencv	conan-gcc	3433597	14301169358	6917395	24022112	606844218	2026965349	NA	0
5962	4	opencv	conan-gcc	3428534	14304597892	6917410	24022112	606987965	2027451772	NA	0
5963	4	opencv	conan-gcc	2362590	14306960482	6917425	24022112	607094403	2027812178	NA	0
5964	4	opencv	conan-gcc	2288696	14309249178	6917440	24022112	607196869	2028161652	NA	0
5965	4	opencv	conan-gcc	2386948	14311636126	6917455	24022112	607303696	2028527844	NA	0
5966	4	opencv	conan-gcc	2460688	14314096814	6917470	24022112	607414023	2028909439	NA	0
5967	4	opencv	conan-gcc	2472897	14316569711	6917485	24022112	607525189	2029293753	NA	0
5968	4	opencv	conan-gcc	2399081	14318968792	6917500	24022112	607632820	2029664297	NA	0
5969	4	opencv	conan-gcc	2150155	14321118947	6917515	24022112	607728950	2029988853	NA	0
5970	4	opencv	conan-gcc	2215307	14323334254	6917530	24022112	607827003	2030323147	NA	0
5971	4	opencv	conan-gcc	2142740	14325476994	6917545	24022112	607922472	2030645766	NA	0
5972	4	opencv	conan-gcc	2253185	14327730179	6917560	24022112	608022418	2030983772	NA	0
5973	4	opencv	conan-gcc	2416399	14330146578	6917575	24022112	608131298	2031353926	NA	0
5974	4	opencv	conan-gcc	2353965	14332500543	6917590	24022112	608236770	2031713326	NA	0
5975	4	opencv	conan-gcc	2372045	14334872588	6917605	24022112	608343655	2032075989	NA	0
5976	4	opencv	conan-gcc	2400576	14337273164	6917620	24022112	608451277	2032445032	NA	0
5977	4	opencv	conan-gcc	2350508	14339623672	6917635	24022112	608556622	2032803715	NA	0
5978	4	opencv	conan-gcc	2371695	14341995367	6917650	24022112	608663405	2033166271	NA	0
5979	4	opencv	conan-gcc	2516618	14344511985	6917665	24022112	608777676	2033554336	NA	0
5980	4	opencv	conan-gcc	2351530	14346863515	6917680	24022112	608883115	2033913583	NA	0
5981	4	opencv	conan-gcc	2411464	14349274979	6917695	24022112	608991663	2034283444	NA	0
5982	4	opencv	conan-gcc	2410263	14351685242	6917710	24022112	609100145	2034652807	NA	0
5983	4	opencv	conan-gcc	2409093	14354094335	6917725	24022112	609208573	2035021932	NA	0
5984	4	opencv	conan-gcc	2410041	14356504376	6917740	24022112	609317049	2035391250	NA	0
5985	4	opencv	conan-gcc	2417304	14358921680	6917755	24022112	609425906	2035761606	NA	0
5986	4	opencv	conan-gcc	2742707	14361664387	6917770	24022112	609547635	2036173065	NA	0
5987	4	opencv	conan-gcc	2409927	14364074314	6917785	24022112	609656085	2036542420	NA	0
5988	4	opencv	conan-gcc	2371886	14366446200	6917800	24022112	609762873	2036905138	NA	0
5989	4	opencv	conan-gcc	2422944	14368869144	6917815	24022112	609872013	2037277486	NA	0
5990	4	opencv	conan-gcc	2391685	14371260829	6917830	24022112	609979764	2037644542	NA	0
5991	4	opencv	conan-gcc	2392099	14373652928	6917845	24022112	610087687	2038012575	NA	0
5992	4	opencv	conan-gcc	2238816	14375891744	6917860	24022112	610187980	2038354976	NA	0
5993	4	opencv	conan-gcc	2512798	14378404542	6917875	24022112	610302221	2038741565	NA	0
5994	4	opencv	conan-gcc	2451419	14380855961	6917890	24022112	610414103	2039121639	NA	0
5995	4	opencv	conan-gcc	2241251	14383097212	6917905	24022112	610514600	2039464484	NA	0
5996	4	opencv	conan-gcc	2516002	14385613214	6917920	24022112	610629143	2039852180	NA	0
5997	4	opencv	conan-gcc	2240913	14387854127	6917935	24022112	610729674	2040195104	NA	0
5998	4	opencv	conan-gcc	2287872	14390141999	6917950	24022112	610832468	2040547613	NA	0
5999	4	opencv	conan-gcc	2243989	14392385988	6917986	24214440	610932770	2040891660	NA	1
