tu	pass	project	env	raw	cumulative_raw	p29_cum_wire	grz2_cum_wire	fastintern_cum_wire	zstd3_cum_wire	pred_cum_wire	grz2_group_closes
0	1	opencv	fedora-clang-libcxx	1733186	1733186	373169	NA	259601	180921	NA	0
1	1	opencv	fedora-clang-libcxx	557810	2290996	375797	NA	276916	233174	NA	0
2	1	opencv	fedora-clang-libcxx	2771811	5062807	407614	NA	501107	530349	NA	0
3	1	opencv	fedora-clang-libcxx	2771931	7834738	412026	NA	588512	826788	NA	0
4	1	opencv	fedora-clang-libcxx	3187729	11022467	423800	NA	737056	1166774	NA	0
5	1	opencv	fedora-clang-libcxx	3060105	14082572	424606	NA	831339	1494151	NA	0
6	1	opencv	fedora-clang-libcxx	3170615	17253187	430377	NA	939732	1836081	NA	0
7	1	opencv	fedora-clang-libcxx	3167884	20421071	432419	NA	1035535	2176643	NA	0
8	1	opencv	fedora-clang-libcxx	3163508	23584579	435970	NA	1133431	2517108	NA	0
9	1	opencv	fedora-clang-libcxx	3183319	26767898	436752	NA	1230847	2860021	NA	0
10	1	opencv	fedora-clang-libcxx	3039421	29807319	438603	NA	1321815	3184638	NA	0
11	1	opencv	fedora-clang-libcxx	3090637	32897956	440659	NA	1415712	3515607	NA	0
12	1	opencv	fedora-clang-libcxx	3050083	35948039	441390	NA	1507222	3842584	NA	0
13	1	opencv	fedora-clang-libcxx	3277269	39225308	443267	NA	1613920	4196440	NA	0
14	1	opencv	fedora-clang-libcxx	3095959	42321267	445232	NA	1707492	4524847	NA	0
15	1	opencv	fedora-clang-libcxx	3113935	45435202	446366	NA	1803809	4857261	NA	0
16	1	opencv	fedora-clang-libcxx	3129615	48564817	447612	NA	1897979	5192174	NA	0
17	1	opencv	fedora-clang-libcxx	86282	48651099	453147	NA	1914545	5207397	NA	0
18	1	opencv	fedora-clang-libcxx	53146	48704245	453385	NA	1918208	5218153	NA	0
19	1	opencv	fedora-clang-libcxx	169698	48873943	454033	NA	1961446	5264753	NA	0
20	1	opencv	fedora-clang-libcxx	136733	49010676	455820	NA	1981323	5289536	NA	0
21	1	opencv	fedora-clang-libcxx	102760	49113436	457449	NA	1988249	5307789	NA	0
22	1	opencv	fedora-clang-libcxx	112158	49225594	458140	NA	1996085	5328020	NA	0
23	1	opencv	fedora-clang-libcxx	115551	49341145	458912	NA	2005272	5349181	NA	0
24	1	opencv	fedora-clang-libcxx	114814	49455959	459709	NA	2013591	5370051	NA	0
25	1	opencv	fedora-clang-libcxx	125718	49581677	461141	NA	2028985	5392147	NA	0
26	1	opencv	fedora-clang-libcxx	103538	49685215	462422	NA	2034884	5410288	NA	0
27	1	opencv	fedora-clang-libcxx	96147	49781362	463056	NA	2043574	5428638	NA	0
28	1	opencv	fedora-clang-libcxx	92266	49873628	463484	NA	2049479	5445170	NA	0
29	1	opencv	fedora-clang-libcxx	119631	49993259	464699	NA	2062057	5466422	NA	0
30	1	opencv	fedora-clang-libcxx	52970	50046229	465011	NA	2065378	5477148	NA	0
31	1	opencv	fedora-clang-libcxx	105752	50151981	465456	NA	2070778	5495791	NA	0
32	1	opencv	fedora-clang-libcxx	110281	50262262	467815	NA	2087393	5514632	NA	0
33	1	opencv	fedora-clang-libcxx	145863	50408125	469400	NA	2096108	5535380	NA	0
34	1	opencv	fedora-clang-libcxx	117544	50525669	470038	NA	2104361	5555661	NA	0
35	1	opencv	fedora-clang-libcxx	115823	50641492	470465	NA	2110637	5575131	NA	0
36	1	opencv	fedora-clang-libcxx	110216	50751708	470841	NA	2116432	5594227	NA	0
37	1	opencv	fedora-clang-libcxx	115516	50867224	471361	NA	2123713	5614226	NA	0
38	1	opencv	fedora-clang-libcxx	119375	50986599	472093	NA	2132004	5634821	NA	0
39	1	opencv	fedora-clang-libcxx	127669	51114268	473328	NA	2142602	5656755	NA	0
40	1	opencv	fedora-clang-libcxx	170079	51284347	475715	NA	2153158	5679534	NA	0
41	1	opencv	fedora-clang-libcxx	116737	51401084	476497	NA	2159706	5699742	NA	0
42	1	opencv	fedora-clang-libcxx	114317	51515401	476892	NA	2165648	5719100	NA	0
43	1	opencv	fedora-clang-libcxx	117855	51633256	477534	NA	2172644	5739281	NA	0
44	1	opencv	fedora-clang-libcxx	114541	51747797	478031	NA	2179195	5758822	NA	0
45	1	opencv	fedora-clang-libcxx	119641	51867438	478855	NA	2187052	5779395	NA	0
46	1	opencv	fedora-clang-libcxx	107154	51974592	479083	NA	2191872	5797813	NA	0
47	1	opencv	fedora-clang-libcxx	117175	52091767	479805	NA	2199232	5818196	NA	0
48	1	opencv	fedora-clang-libcxx	125161	52216928	480669	NA	2208410	5839278	NA	0
49	1	opencv	fedora-clang-libcxx	133335	52350263	481835	NA	2219516	5862342	NA	0
50	1	opencv	fedora-clang-libcxx	120417	52470680	482458	NA	2225877	5882643	NA	0
51	1	opencv	fedora-clang-libcxx	169903	52640583	484654	NA	2235050	5904488	NA	0
52	1	opencv	fedora-clang-libcxx	114014	52754597	484907	NA	2240515	5923605	NA	0
53	1	opencv	fedora-clang-libcxx	115239	52869836	485296	NA	2245942	5942921	NA	0
54	1	opencv	fedora-clang-libcxx	115753	52985589	485665	NA	2252135	5962439	NA	0
55	1	opencv	fedora-clang-libcxx	116550	53102139	486177	NA	2258040	5982044	NA	0
56	1	opencv	fedora-clang-libcxx	194772	53296911	488141	NA	2273439	6007976	NA	0
57	1	opencv	fedora-clang-libcxx	118931	53415842	488573	NA	2279573	6027743	NA	0
58	1	opencv	fedora-clang-libcxx	123662	53539504	489366	NA	2290681	6050195	NA	0
59	1	opencv	fedora-clang-libcxx	132450	53671954	490488	NA	2303254	6073612	NA	0
60	1	opencv	fedora-clang-libcxx	108470	53780424	490686	NA	2307900	6092279	NA	0
61	1	opencv	fedora-clang-libcxx	133614	53914038	491919	NA	2313754	6112503	NA	0
62	1	opencv	fedora-clang-libcxx	117544	54031582	492706	NA	2319357	6132773	NA	0
63	1	opencv	fedora-clang-libcxx	115823	54147405	493180	NA	2324205	6152249	NA	0
64	1	opencv	fedora-clang-libcxx	110216	54257621	493547	NA	2329062	6171346	NA	0
65	1	opencv	fedora-clang-libcxx	115516	54373137	494321	NA	2334465	6191344	NA	0
66	1	opencv	fedora-clang-libcxx	119375	54492512	495305	NA	2340003	6211922	NA	0
67	1	opencv	fedora-clang-libcxx	112191	54604703	495628	NA	2344941	6231243	NA	0
68	1	opencv	fedora-clang-libcxx	151827	54756530	497379	NA	2351566	6253037	NA	0
69	1	opencv	fedora-clang-libcxx	116737	54873267	498012	NA	2356625	6273246	NA	0
70	1	opencv	fedora-clang-libcxx	114317	54987584	498343	NA	2361393	6292600	NA	0
71	1	opencv	fedora-clang-libcxx	117855	55105439	499203	NA	2366770	6312783	NA	0
72	1	opencv	fedora-clang-libcxx	108678	55214117	499472	NA	2371462	6331538	NA	0
73	1	opencv	fedora-clang-libcxx	119641	55333758	500453	NA	2377050	6352115	NA	0
74	1	opencv	fedora-clang-libcxx	107154	55440912	500599	NA	2381574	6370531	NA	0
75	1	opencv	fedora-clang-libcxx	110910	55551822	500851	NA	2386724	6389518	NA	0
76	1	opencv	fedora-clang-libcxx	151190	55703012	502185	NA	2394682	6411015	NA	0
77	1	opencv	fedora-clang-libcxx	117478	55820490	502641	NA	2400264	6431276	NA	0
78	1	opencv	fedora-clang-libcxx	115756	55936246	502982	NA	2405105	6450748	NA	0
79	1	opencv	fedora-clang-libcxx	110183	56046429	503213	NA	2409950	6469835	NA	0
80	1	opencv	fedora-clang-libcxx	115454	56161883	503728	NA	2415333	6489817	NA	0
81	1	opencv	fedora-clang-libcxx	125481	56287364	504450	NA	2421123	6511179	NA	0
82	1	opencv	fedora-clang-libcxx	132591	56419955	505936	NA	2428691	6533867	NA	0
83	1	opencv	fedora-clang-libcxx	175812	56595767	507421	NA	2436019	6557446	NA	0
84	1	opencv	fedora-clang-libcxx	116686	56712453	507822	NA	2441066	6577658	NA	0
85	1	opencv	fedora-clang-libcxx	114286	56826739	508067	NA	2445825	6597012	NA	0
86	1	opencv	fedora-clang-libcxx	117776	56944515	508569	NA	2451148	6617169	NA	0
87	1	opencv	fedora-clang-libcxx	114459	57058974	509184	NA	2456371	6636673	NA	0
88	1	opencv	fedora-clang-libcxx	125926	57184900	509901	NA	2462287	6657992	NA	0
89	1	opencv	fedora-clang-libcxx	107939	57292839	510157	NA	2467555	6676741	NA	0
90	1	opencv	fedora-clang-libcxx	117145	57409984	510970	NA	2472566	6697121	NA	0
91	1	opencv	fedora-clang-libcxx	127178	57537162	512204	NA	2479587	6718729	NA	0
92	1	opencv	fedora-clang-libcxx	133284	57670446	513547	NA	2485371	6741774	NA	0
93	1	opencv	fedora-clang-libcxx	120738	57791184	514036	NA	2490739	6762112	NA	0
94	1	opencv	fedora-clang-libcxx	175729	57966913	515803	NA	2497144	6784684	NA	0
95	1	opencv	fedora-clang-libcxx	113965	58080878	516142	NA	2501690	6803798	NA	0
96	1	opencv	fedora-clang-libcxx	115190	58196068	516390	NA	2506665	6823112	NA	0
97	1	opencv	fedora-clang-libcxx	115687	58311755	516634	NA	2511670	6842625	NA	0
98	1	opencv	fedora-clang-libcxx	116526	58428281	517009	NA	2516796	6862219	NA	0
99	1	opencv	fedora-clang-libcxx	194450	58622731	520534	NA	2525789	6888169	NA	0
100	1	opencv	fedora-clang-libcxx	118840	58741571	521067	NA	2530894	6907933	NA	0
101	1	opencv	fedora-clang-libcxx	123545	58865116	522592	NA	2537337	6930365	NA	0
102	1	opencv	fedora-clang-libcxx	132285	58997401	524595	NA	2544831	6953756	NA	0
103	1	opencv	fedora-clang-libcxx	113944	59111345	525201	NA	2551615	6973285	NA	0
104	1	opencv	fedora-clang-libcxx	360062	59471407	526340	NA	2563535	6997374	NA	0
105	1	opencv	fedora-clang-libcxx	108196	59579603	526586	NA	2568692	7016005	NA	0
106	1	opencv	fedora-clang-libcxx	109435	59689038	526891	NA	2574028	7034755	NA	0
107	1	opencv	fedora-clang-libcxx	120313	59809351	527929	NA	2581676	7055754	NA	0
108	1	opencv	fedora-clang-libcxx	118123	59927474	528674	NA	2590922	7076604	NA	0
109	1	opencv	fedora-clang-libcxx	129131	60056605	529888	NA	2602478	7099453	NA	0
110	1	opencv	fedora-clang-libcxx	107592	60164197	530156	NA	2607561	7117969	NA	0
111	1	opencv	fedora-clang-libcxx	125336	60289533	531296	388749	2616832	7139871	NA	1
112	1	opencv	fedora-clang-libcxx	133033	60422566	734601	388749	2626975	7162731	NA	0
113	1	opencv	fedora-clang-libcxx	116078	60538644	735184	388749	2634248	7183112	NA	0
114	1	opencv	fedora-clang-libcxx	114919	60653563	735874	388749	2641238	7202996	NA	0
115	1	opencv	fedora-clang-libcxx	92009	60745572	736342	388749	2646695	7219670	NA	0
116	1	opencv	fedora-clang-libcxx	91115	60836687	736762	388749	2652034	7236269	NA	0
117	1	opencv	fedora-clang-libcxx	139091	60975778	738052	388749	2662132	7259509	NA	0
118	1	opencv	fedora-clang-libcxx	110176	61085954	738342	388749	2668002	7278514	NA	0
119	1	opencv	fedora-clang-libcxx	116118	61202072	739160	388749	2674519	7298606	NA	0
120	1	opencv	fedora-clang-libcxx	115848	61317920	739691	388749	2681103	7319002	NA	0
121	1	opencv	fedora-clang-libcxx	150733	61468653	741226	388749	2694580	7343122	NA	0
122	1	opencv	fedora-clang-libcxx	129622	61598275	742192	388749	2704670	7364747	NA	0
123	1	opencv	fedora-clang-libcxx	126681	61724956	743137	388749	2713162	7386450	NA	0
124	1	opencv	fedora-clang-libcxx	108997	61833953	743507	388749	2718554	7405317	NA	0
125	1	opencv	fedora-clang-libcxx	95548	61929501	744039	388749	2726850	7423800	NA	0
126	1	opencv	fedora-clang-libcxx	113783	62043284	744357	388749	2731748	7442928	NA	0
127	1	opencv	fedora-clang-libcxx	139772	62183056	745448	388749	2743792	7466298	NA	0
128	1	opencv	fedora-clang-libcxx	109662	62292718	745709	388749	2748922	7485081	NA	0
129	1	opencv	fedora-clang-libcxx	734	62293452	745898	388749	2749099	7485312	NA	0
130	1	opencv	fedora-clang-libcxx	114444	62407896	746084	388749	2755385	7504757	NA	0
131	1	opencv	fedora-clang-libcxx	123490	62531386	746886	388749	2764310	7525901	NA	0
132	1	opencv	fedora-clang-libcxx	122946	62654332	748024	388749	2772352	7547160	NA	0
133	1	opencv	fedora-clang-libcxx	3691	62658023	748186	388749	2773210	7547765	NA	0
134	1	opencv	fedora-clang-libcxx	11881	62669904	748543	388749	2775002	7549111	NA	0
135	1	opencv	fedora-clang-libcxx	53527	62723431	749138	388749	2779241	7551758	NA	0
136	1	opencv	fedora-clang-libcxx	37463	62760894	751248	388749	2780655	7554016	NA	0
137	1	opencv	fedora-clang-libcxx	15685	62776579	751598	388749	2784222	7556643	NA	0
138	1	opencv	fedora-clang-libcxx	21428	62798007	751947	388749	2786873	7558762	NA	0
139	1	opencv	fedora-clang-libcxx	9039	62807046	752309	388749	2788092	7560038	NA	0
140	1	opencv	fedora-clang-libcxx	44550	62851596	753068	388749	2791302	7562517	NA	0
141	1	opencv	fedora-clang-libcxx	58898	62910494	754947	388749	2793683	7565395	NA	0
142	1	opencv	fedora-clang-libcxx	16144	62926638	755649	388749	2796135	7567616	NA	0
143	1	opencv	fedora-clang-libcxx	10188	62936826	756153	388749	2797798	7569093	NA	0
144	1	opencv	fedora-clang-libcxx	14241	62951067	756819	388749	2800380	7571351	NA	0
145	1	opencv	fedora-clang-libcxx	13957	62965024	757312	388749	2802950	7573483	NA	0
146	1	opencv	fedora-clang-libcxx	12099	62977123	758022	388749	2804963	7575517	NA	0
147	1	opencv	fedora-clang-libcxx	19235	62996358	759119	388749	2808035	7578554	NA	0
148	1	opencv	fedora-clang-libcxx	14082	63010440	759809	388749	2810338	7580969	NA	0
149	1	opencv	fedora-clang-libcxx	6481	63016921	760088	388749	2811223	7581990	NA	0
150	1	opencv	fedora-clang-libcxx	7464	63024385	760340	388749	2812133	7583063	NA	0
151	1	opencv	fedora-clang-libcxx	62342	63086727	760807	388749	2816282	7586344	NA	0
152	1	opencv	fedora-clang-libcxx	42985	63129712	762690	388749	2817805	7589048	NA	0
153	1	opencv	fedora-clang-libcxx	9994	63139706	763166	388749	2818935	7590462	NA	0
154	1	opencv	fedora-clang-libcxx	49635	63189341	763930	388749	2822272	7593223	NA	0
155	1	opencv	fedora-clang-libcxx	64175	63253516	765863	388749	2824524	7596408	NA	0
156	1	opencv	fedora-clang-libcxx	18028	63271544	766586	388749	2827311	7598955	NA	0
157	1	opencv	fedora-clang-libcxx	11261	63282805	766903	388749	2829231	7600602	NA	0
158	1	opencv	fedora-clang-libcxx	14310	63297115	767366	388749	2831605	7602768	NA	0
159	1	opencv	fedora-clang-libcxx	7199	63304314	767509	388749	2832493	7603711	NA	0
160	1	opencv	fedora-clang-libcxx	200922	63505236	773809	388749	2846321	7627977	NA	0
161	1	opencv	fedora-clang-libcxx	140110	63645346	777108	388749	2871592	7651160	NA	0
162	1	opencv	fedora-clang-libcxx	94535	63739881	777572	388749	2876814	7669061	NA	0
163	1	opencv	fedora-clang-libcxx	94008	63833889	777826	388749	2881890	7686946	NA	0
164	1	opencv	fedora-clang-libcxx	136578	63970467	778236	388749	2889479	7709419	NA	0
165	1	opencv	fedora-clang-libcxx	98702	64069169	778702	388749	2895924	7728110	NA	0
166	1	opencv	fedora-clang-libcxx	166103	64235272	781396	388749	2917431	7756727	NA	0
167	1	opencv	fedora-clang-libcxx	160178	64395450	782518	388749	2935178	7785101	NA	0
168	1	opencv	fedora-clang-libcxx	356996	64752446	788504	388749	2975099	7830448	NA	0
169	1	opencv	fedora-clang-libcxx	252549	65004995	792282	388749	3002867	7866160	NA	0
170	1	opencv	fedora-clang-libcxx	93871	65098866	792526	388749	3007687	7883948	NA	0
171	1	opencv	fedora-clang-libcxx	94676	65193542	792772	388749	3012311	7901589	NA	0
172	1	opencv	fedora-clang-libcxx	93418	65286960	793015	388749	3016912	7919254	NA	0
173	1	opencv	fedora-clang-libcxx	200599	65487559	795171	388749	3037396	7947522	NA	0
174	1	opencv	fedora-clang-libcxx	116018	65603577	795419	388749	3043514	7955181	NA	0
175	1	opencv	fedora-clang-libcxx	94881	65698458	795716	388749	3048552	7973139	NA	0
176	1	opencv	fedora-clang-libcxx	209014	65907472	798518	388749	3072011	8003457	NA	0
177	1	opencv	fedora-clang-libcxx	64760	65972232	799351	388749	3077291	8015122	NA	0
178	1	opencv	fedora-clang-libcxx	91953	66064185	799502	388749	3081196	8032413	NA	0
179	1	opencv	fedora-clang-libcxx	91906	66156091	799647	388749	3085054	8049700	NA	0
180	1	opencv	fedora-clang-libcxx	200570	66356661	802947	388749	3110755	8087598	NA	0
181	1	opencv	fedora-clang-libcxx	197752	66554413	804887	388749	3130150	8120416	NA	0
182	1	opencv	fedora-clang-libcxx	91953	66646366	805038	388749	3134056	8137701	NA	0
183	1	opencv	fedora-clang-libcxx	140829	66787195	806574	388749	3147430	8163399	NA	0
184	1	opencv	fedora-clang-libcxx	95545	66882740	806904	388749	3152842	8181699	NA	0
185	1	opencv	fedora-clang-libcxx	91959	66974699	807058	388749	3156746	8198993	NA	0
186	1	opencv	fedora-clang-libcxx	113970	67088669	807972	388749	3167511	8220353	NA	0
187	1	opencv	fedora-clang-libcxx	99308	67187977	808469	388749	3173752	8239175	NA	0
188	1	opencv	fedora-clang-libcxx	91969	67279946	808624	388749	3177662	8256473	NA	0
189	1	opencv	fedora-clang-libcxx	279803	67559749	815042	388749	3207187	8292259	NA	0
190	1	opencv	fedora-clang-libcxx	119932	67679681	816085	388749	3219135	8314847	NA	0
191	1	opencv	fedora-clang-libcxx	134886	67814567	818220	388749	3233269	8339086	NA	0
192	1	opencv	fedora-clang-libcxx	102304	67916871	818767	388749	3240428	8358321	NA	0
193	1	opencv	fedora-clang-libcxx	99474	68016345	819553	388749	3247048	8377402	NA	0
194	1	opencv	fedora-clang-libcxx	96723	68113068	819928	388749	3252613	8395789	NA	0
195	1	opencv	fedora-clang-libcxx	100634	68213702	820430	388749	3258809	8414738	NA	0
196	1	opencv	fedora-clang-libcxx	92170	68305872	820587	388749	3262891	8432131	NA	0
197	1	opencv	fedora-clang-libcxx	93985	68399857	820832	388749	3267330	8449714	NA	0
198	1	opencv	fedora-clang-libcxx	91953	68491810	820983	388749	3271236	8467005	NA	0
199	1	opencv	fedora-clang-libcxx	116371	68608181	822393	388749	3281174	8488735	NA	0
200	1	opencv	fedora-clang-libcxx	139544	68747725	823490	388749	3291407	8515333	NA	0
201	1	opencv	fedora-clang-libcxx	91953	68839678	823636	388749	3295313	8532624	NA	0
202	1	opencv	fedora-clang-libcxx	3047294	71886972	829132	388749	3391737	8860435	NA	0
203	1	opencv	fedora-clang-libcxx	143088	72030060	830343	388749	3401482	8886718	NA	0
204	1	opencv	fedora-clang-libcxx	101367	72131427	832856	388749	3413775	8904395	NA	0
205	1	opencv	fedora-clang-libcxx	49278	72180705	833670	388749	3417165	8913370	NA	0
206	1	opencv	fedora-clang-libcxx	50031	72230736	834083	388749	3420027	8919685	NA	0
207	1	opencv	fedora-clang-libcxx	72058	72302794	834527	388749	3423848	8932247	NA	0
208	1	opencv	fedora-clang-libcxx	62409	72365203	835166	388749	3429103	8940702	NA	0
209	1	opencv	fedora-clang-libcxx	46876	72412079	835373	388749	3431113	8949032	NA	0
210	1	opencv	fedora-clang-libcxx	214250	72626329	835726	388749	3439774	8973336	NA	0
211	1	opencv	fedora-clang-libcxx	136299	72762628	838669	388749	3462701	8998107	NA	0
212	1	opencv	fedora-clang-libcxx	137863	72900491	839515	388749	3471710	9023110	NA	0
213	1	opencv	fedora-clang-libcxx	149447	73049938	840544	388749	3485541	9051089	NA	0
214	1	opencv	fedora-clang-libcxx	154957	73204895	841517	388749	3499735	9079419	NA	0
215	1	opencv	fedora-clang-libcxx	154290	73359185	842331	388749	3513169	9107287	NA	0
216	1	opencv	fedora-clang-libcxx	105707	73464892	842863	388749	3519086	9127209	NA	0
217	1	opencv	fedora-clang-libcxx	130641	73595533	843756	388749	3532054	9152337	NA	0
218	1	opencv	fedora-clang-libcxx	152066	73747599	844727	388749	3545814	9180981	NA	0
219	1	opencv	fedora-clang-libcxx	187029	73934628	846979	388749	3572690	9215611	NA	0
220	1	opencv	fedora-clang-libcxx	154414	74089042	848118	388749	3586561	9243615	NA	0
221	1	opencv	fedora-clang-libcxx	63020	74152062	849645	388749	3596713	9255101	NA	0
222	1	opencv	fedora-clang-libcxx	104652	74256714	850643	388749	3609243	9274152	NA	0
223	1	opencv	fedora-clang-libcxx	67555	74324269	851301	641175	3614911	9286390	NA	1
224	1	opencv	fedora-clang-libcxx	57191	74381460	1009962	641175	3617368	9296587	NA	0
225	1	opencv	fedora-clang-libcxx	57146	74438606	1010162	641175	3619809	9306785	NA	0
226	1	opencv	fedora-clang-libcxx	232881	74671487	1010702	641175	3631650	9334474	NA	0
227	1	opencv	fedora-clang-libcxx	57113	74728600	1010920	641175	3634099	9344665	NA	0
228	1	opencv	fedora-clang-libcxx	138487	74867087	1012610	641175	3654149	9371952	NA	0
229	1	opencv	fedora-clang-libcxx	57088	74924175	1012785	641175	3656582	9382150	NA	0
230	1	opencv	fedora-clang-libcxx	57119	74981294	1012960	641175	3659025	9392350	NA	0
231	1	opencv	fedora-clang-libcxx	57074	75038368	1013132	641175	3661455	9402546	NA	0
232	1	opencv	fedora-clang-libcxx	260761	75299129	1013497	641175	3671657	9436483	NA	0
233	1	opencv	fedora-clang-libcxx	46236	75345365	1013842	641175	3673730	9444801	NA	0
234	1	opencv	fedora-clang-libcxx	131845	75477210	1014648	641175	3685188	9468451	NA	0
235	1	opencv	fedora-clang-libcxx	79372	75556582	1015259	641175	3689685	9480586	NA	0
236	1	opencv	fedora-clang-libcxx	57069	75613651	1015433	641175	3692112	9490777	NA	0
237	1	opencv	fedora-clang-libcxx	57100	75670751	1015605	641175	3694548	9500969	NA	0
238	1	opencv	fedora-clang-libcxx	57049	75727800	1015775	641175	3696966	9511157	NA	0
239	1	opencv	fedora-clang-libcxx	57056	75784856	1015941	641175	3699386	9521352	NA	0
240	1	opencv	fedora-clang-libcxx	317523	76102379	1017149	641175	3720218	9563055	NA	0
241	1	opencv	fedora-clang-libcxx	57061	76159440	1017315	641175	3722644	9573250	NA	0
242	1	opencv	fedora-clang-libcxx	143927	76303367	1018527	641175	3734791	9599618	NA	0
243	1	opencv	fedora-clang-libcxx	57075	76360442	1018701	641175	3737223	9609813	NA	0
244	1	opencv	fedora-clang-libcxx	57107	76417549	1018872	641175	3739661	9620007	NA	0
245	1	opencv	fedora-clang-libcxx	57054	76474603	1019036	641175	3742085	9630195	NA	0
246	1	opencv	fedora-clang-libcxx	57062	76531665	1019202	641175	3744509	9640387	NA	0
247	1	opencv	fedora-clang-libcxx	317335	76849000	1021130	641175	3766445	9683457	NA	0
248	1	opencv	fedora-clang-libcxx	57068	76906068	1021295	641175	3768873	9693649	NA	0
249	1	opencv	fedora-clang-libcxx	97597	77003665	1021721	641175	3774384	9710079	NA	0
250	1	opencv	fedora-clang-libcxx	57128	77060793	1021897	641175	3776826	9720274	NA	0
251	1	opencv	fedora-clang-libcxx	57076	77117869	1022066	641175	3779252	9730463	NA	0
252	1	opencv	fedora-clang-libcxx	57083	77174952	1022242	641175	3781679	9740652	NA	0
253	1	opencv	fedora-clang-libcxx	238290	77413242	1022720	641175	3792541	9768778	NA	0
254	1	opencv	fedora-clang-libcxx	162878	77576120	1024343	641175	3804730	9796357	NA	0
255	1	opencv	fedora-clang-libcxx	57082	77633202	1024514	641175	3807160	9806554	NA	0
256	1	opencv	fedora-clang-libcxx	208170	77841372	1025853	641175	3826497	9840814	NA	0
257	1	opencv	fedora-clang-libcxx	57108	77898480	1026030	641175	3828933	9851013	NA	0
258	1	opencv	fedora-clang-libcxx	96717	77995197	1026452	641175	3832717	9867481	NA	0
259	1	opencv	fedora-clang-libcxx	57153	78052350	1026632	641175	3835169	9877683	NA	0
260	1	opencv	fedora-clang-libcxx	57101	78109451	1026801	641175	3837602	9887881	NA	0
261	1	opencv	fedora-clang-libcxx	57108	78166559	1026965	641175	3840038	9898080	NA	0
262	1	opencv	fedora-clang-libcxx	287603	78454162	1027761	641175	3856211	9934069	NA	0
263	1	opencv	fedora-clang-libcxx	57115	78511277	1027937	641175	3858649	9944268	NA	0
264	1	opencv	fedora-clang-libcxx	57127	78568404	1028114	641175	3861092	9954464	NA	0
265	1	opencv	fedora-clang-libcxx	57075	78625479	1028284	641175	3863517	9964658	NA	0
266	1	opencv	fedora-clang-libcxx	57082	78682561	1028450	641175	3865945	9974853	NA	0
267	1	opencv	fedora-clang-libcxx	295170	78977731	1029256	641175	3881575	10011374	NA	0
268	1	opencv	fedora-clang-libcxx	57089	79034820	1029431	641175	3884007	10021570	NA	0
269	1	opencv	fedora-clang-libcxx	66194	79101014	1029867	641175	3888594	10033563	NA	0
270	1	opencv	fedora-clang-libcxx	57112	79158126	1030041	641175	3891032	10043756	NA	0
271	1	opencv	fedora-clang-libcxx	57143	79215269	1030215	641175	3893480	10053951	NA	0
272	1	opencv	fedora-clang-libcxx	57091	79272360	1030383	641175	3895911	10064142	NA	0
273	1	opencv	fedora-clang-libcxx	57098	79329458	1030549	641175	3898343	10074335	NA	0
274	1	opencv	fedora-clang-libcxx	246034	79575492	1031163	641175	3910171	10104196	NA	0
275	1	opencv	fedora-clang-libcxx	84405	79659897	1031527	641175	3915201	10119284	NA	0
276	1	opencv	fedora-clang-libcxx	231007	79890904	1031896	641175	3924152	10146063	NA	0
277	1	opencv	fedora-clang-libcxx	97414	79988318	1032313	641175	3929841	10161229	NA	0
278	1	opencv	fedora-clang-libcxx	57256	80045574	1032500	641175	3932328	10171444	NA	0
279	1	opencv	fedora-clang-libcxx	68034	80113608	1032743	641175	3935048	10182946	NA	0
280	1	opencv	fedora-clang-libcxx	57106	80170714	1032916	641175	3937484	10193140	NA	0
281	1	opencv	fedora-clang-libcxx	299708	80470422	1033267	641175	3948827	10224831	NA	0
282	1	opencv	fedora-clang-libcxx	57210	80527632	1033442	641175	3951303	10235042	NA	0
283	1	opencv	fedora-clang-libcxx	108047	80635679	1033867	641175	3957611	10253627	NA	0
284	1	opencv	fedora-clang-libcxx	57081	80692760	1034040	641175	3960043	10263819	NA	0
285	1	opencv	fedora-clang-libcxx	57112	80749872	1034212	641175	3962483	10274015	NA	0
286	1	opencv	fedora-clang-libcxx	75348	80825220	1034462	641175	3965615	10287470	NA	0
287	1	opencv	fedora-clang-libcxx	281491	81106711	1035230	641175	3981065	10322620	NA	0
288	1	opencv	fedora-clang-libcxx	75432	81182143	1035398	641175	3984203	10336088	NA	0
289	1	opencv	fedora-clang-libcxx	141973	81324116	1036292	641175	3995276	10362461	NA	0
290	1	opencv	fedora-clang-libcxx	130641	81454757	1036919	641175	4005565	10387119	NA	0
291	1	opencv	fedora-clang-libcxx	140744	81595501	1037898	641175	4018281	10412634	NA	0
292	1	opencv	fedora-clang-libcxx	184964	81780465	1039376	641175	4036241	10447426	NA	0
293	1	opencv	fedora-clang-libcxx	26312	81806777	1039672	641175	4038807	10452428	NA	0
294	1	opencv	fedora-clang-libcxx	133331	81940108	1040164	641175	4049915	10478667	NA	0
295	1	opencv	fedora-clang-libcxx	103507	82043615	1040765	641175	4056542	10498115	NA	0
296	1	opencv	fedora-clang-libcxx	179990	82223605	1041921	641175	4071026	10528675	NA	0
297	1	opencv	fedora-clang-libcxx	186058	82409663	1043192	641175	4089288	10563131	NA	0
298	1	opencv	fedora-clang-libcxx	107137	82516800	1043874	641175	4097778	10583568	NA	0
299	1	opencv	fedora-clang-libcxx	114910	82631710	1044309	641175	4103810	10603777	NA	0
300	1	opencv	fedora-clang-libcxx	216672	82848382	1045336	641175	4121994	10641274	NA	0
301	1	opencv	fedora-clang-libcxx	128406	82976788	1045891	641175	4129907	10664627	NA	0
302	1	opencv	fedora-clang-libcxx	162314	83139102	1046397	641175	4138114	10691180	NA	0
303	1	opencv	fedora-clang-libcxx	129805	83268907	1046895	641175	4146036	10714819	NA	0
304	1	opencv	fedora-clang-libcxx	123074	83391981	1047402	641175	4153691	10737451	NA	0
305	1	opencv	fedora-clang-libcxx	190575	83582556	1048522	641175	4172496	10772769	NA	0
306	1	opencv	fedora-clang-libcxx	192975	83775531	1050068	641175	4192804	10807217	NA	0
307	1	opencv	fedora-clang-libcxx	108571	83884102	1050729	641175	4200604	10827812	NA	0
308	1	opencv	fedora-clang-libcxx	127272	84011374	1051266	641175	4207858	10851146	NA	0
309	1	opencv	fedora-clang-libcxx	117351	84128725	1052717	641175	4214028	10873756	NA	0
310	1	opencv	fedora-clang-libcxx	217506	84346231	1054674	641175	4241340	10914332	NA	0
311	1	opencv	fedora-clang-libcxx	176980	84523211	1055327	641175	4252087	10944072	NA	0
312	1	opencv	fedora-clang-libcxx	185542	84708753	1057177	641175	4273041	10974669	NA	0
313	1	opencv	fedora-clang-libcxx	159973	84868726	1058204	641175	4286612	11003997	NA	0
314	1	opencv	fedora-clang-libcxx	156046	85024772	1058956	641175	4297898	11032516	NA	0
315	1	opencv	fedora-clang-libcxx	157744	85182516	1059712	641175	4309992	11061711	NA	0
316	1	opencv	fedora-clang-libcxx	83158	85265674	1060394	641175	4315313	11076450	NA	0
317	1	opencv	fedora-clang-libcxx	106653	85372327	1061207	641175	4322624	11095268	NA	0
318	1	opencv	fedora-clang-libcxx	96721	85469048	1061496	641175	4326811	11111741	NA	0
319	1	opencv	fedora-clang-libcxx	92966	85562014	1061785	641175	4331120	11127541	NA	0
320	1	opencv	fedora-clang-libcxx	62412	85624426	1062498	641175	4336886	11139025	NA	0
321	1	opencv	fedora-clang-libcxx	60897	85685323	1062967	641175	4341885	11150031	NA	0
322	1	opencv	fedora-clang-libcxx	124375	85809698	1063706	641175	4350825	11172314	NA	0
323	1	opencv	fedora-clang-libcxx	29738	85839436	1064146	641175	4354374	11178119	NA	0
324	1	opencv	fedora-clang-libcxx	41049	85880485	1064483	641175	4357272	11185677	NA	0
325	1	opencv	fedora-clang-libcxx	23170	85903655	1064683	641175	4358855	11189918	NA	0
326	1	opencv	fedora-clang-libcxx	100941	86004596	1065114	641175	4364331	11207308	NA	0
327	1	opencv	fedora-clang-libcxx	60694	86065290	1065685	641175	4368187	11217805	NA	0
328	1	opencv	fedora-clang-libcxx	66237	86131527	1066050	641175	4371625	11229466	NA	0
329	1	opencv	fedora-clang-libcxx	258370	86389897	1072173	641175	4408864	11271294	NA	0
330	1	opencv	fedora-clang-libcxx	166968	86556865	1074111	641175	4416965	11298259	NA	0
331	1	opencv	fedora-clang-libcxx	183653	86740518	1074812	641175	4427923	11327239	NA	0
332	1	opencv	fedora-clang-libcxx	444969	87185487	1078561	641175	4465272	11385558	NA	0
333	1	opencv	fedora-clang-libcxx	165991	87351478	1078809	641175	4472660	11412343	NA	0
334	1	opencv	fedora-clang-libcxx	285196	87636674	1081200	641175	4501032	11456517	NA	0
335	1	opencv	fedora-clang-libcxx	171271	87807945	1081645	833399	4509883	11484270	NA	1
336	1	opencv	fedora-clang-libcxx	171250	87979195	1751849	833399	4518961	11512101	NA	0
337	1	opencv	fedora-clang-libcxx	567712	88546907	1763655	833399	4607010	11596462	NA	0
338	1	opencv	fedora-clang-libcxx	248432	88795339	1766795	833399	4634197	11636351	NA	0
339	1	opencv	fedora-clang-libcxx	347662	89143001	1767393	833399	4649486	11680834	NA	0
340	1	opencv	fedora-clang-libcxx	176297	89319298	1767943	833399	4659925	11709432	NA	0
341	1	opencv	fedora-clang-libcxx	196334	89515632	1768956	833399	4673671	11739732	NA	0
342	1	opencv	fedora-clang-libcxx	171197	89686829	1769786	833399	4682611	11767684	NA	0
343	1	opencv	fedora-clang-libcxx	233185	89920014	1771887	833399	4701328	11801864	NA	0
344	1	opencv	fedora-clang-libcxx	596371	90516385	1775002	833399	4732072	11854293	NA	0
345	1	opencv	fedora-clang-libcxx	213159	90729544	1776906	833399	4750986	11888437	NA	0
346	1	opencv	fedora-clang-libcxx	257052	90986596	1779760	833399	4779426	11929320	NA	0
347	1	opencv	fedora-clang-libcxx	172248	91158844	1780222	833399	4788895	11957329	NA	0
348	1	opencv	fedora-clang-libcxx	166717	91325561	1780472	833399	4796284	11984155	NA	0
349	1	opencv	fedora-clang-libcxx	169292	91494853	1781191	833399	4804535	12011460	NA	0
350	1	opencv	fedora-clang-libcxx	177940	91672793	1781680	833399	4814046	12039513	NA	0
351	1	opencv	fedora-clang-libcxx	229138	91901931	1789273	833399	4857724	12082280	NA	0
352	1	opencv	fedora-clang-libcxx	179450	92081381	1790164	833399	4869081	12112854	NA	0
353	1	opencv	fedora-clang-libcxx	192256	92273637	1791261	833399	4882156	12144093	NA	0
354	1	opencv	fedora-clang-libcxx	170363	92444000	1791648	833399	4889915	12172561	NA	0
355	1	opencv	fedora-clang-libcxx	188504	92632504	1792580	833399	4902795	12204157	NA	0
356	1	opencv	fedora-clang-libcxx	252799	92885303	1796593	833399	4932075	12246920	NA	0
357	1	opencv	fedora-clang-libcxx	167336	93052639	1796829	833399	4938845	12274818	NA	0
358	1	opencv	fedora-clang-libcxx	288490	93341129	1801299	833399	4969844	12319485	NA	0
359	1	opencv	fedora-clang-libcxx	346914	93688043	1805450	833399	5003190	12367483	NA	0
360	1	opencv	fedora-clang-libcxx	203787	93891830	1807288	833399	5022492	12402963	NA	0
361	1	opencv	fedora-clang-libcxx	184057	94075887	1808710	833399	5034366	12434282	NA	0
362	1	opencv	fedora-clang-libcxx	167885	94243772	1809009	833399	5041212	12462291	NA	0
363	1	opencv	fedora-clang-libcxx	212490	94456262	1811384	833399	5061303	12499178	NA	0
364	1	opencv	fedora-clang-libcxx	177826	94634088	1812091	833399	5069882	12528462	NA	0
365	1	opencv	fedora-clang-libcxx	224313	94858401	1814793	833399	5092711	12567040	NA	0
366	1	opencv	fedora-clang-libcxx	168076	95026477	1820126	833399	5100433	12594756	NA	0
367	1	opencv	fedora-clang-libcxx	2031635	97058112	1853742	833399	5281050	12747484	NA	0
368	1	opencv	fedora-clang-libcxx	3587059	100645171	1870663	833399	5477536	13137627	NA	0
369	1	opencv	fedora-clang-libcxx	3312942	103958113	1872369	833399	5579651	13486861	NA	0
370	1	opencv	fedora-clang-libcxx	3600716	107558829	1874301	833399	5698191	13879845	NA	0
371	1	opencv	fedora-clang-libcxx	3897895	111456724	1879062	833399	5849269	14300580	NA	0
372	1	opencv	fedora-clang-libcxx	3914347	115371071	1883554	833399	5997941	14726480	NA	0
373	1	opencv	fedora-clang-libcxx	3610937	118982008	1884020	833399	6106043	15120774	NA	0
374	1	opencv	fedora-clang-libcxx	3403267	122385275	1885135	833399	6213511	15484816	NA	0
375	1	opencv	fedora-clang-libcxx	264	122385539	1885278	833399	6213621	15484946	NA	0
376	1	opencv	fedora-clang-libcxx	3282740	125668279	1885927	833399	6309634	15829119	NA	0
377	1	opencv	fedora-clang-libcxx	3264632	128932911	1886193	833399	6404228	16170584	NA	0
378	1	opencv	fedora-clang-libcxx	3335641	132268552	1889752	833399	6510172	16523457	NA	0
379	1	opencv	fedora-clang-libcxx	3303333	135571885	1890686	833399	6609574	16870045	NA	0
380	1	opencv	fedora-clang-libcxx	3715690	139287575	1891245	833399	6719423	17273321	NA	0
381	1	opencv	fedora-clang-libcxx	3813725	143101300	1892346	833399	6839150	17693392	NA	0
382	1	opencv	fedora-clang-libcxx	3608341	146709641	1893297	833399	6952072	18087484	NA	0
383	1	opencv	fedora-clang-libcxx	3462900	150172541	1894301	833399	7055119	18460239	NA	0
384	1	opencv	fedora-clang-libcxx	3471411	153643952	1894735	833399	7159302	18834494	NA	0
385	1	opencv	fedora-clang-libcxx	3273470	156917422	1895459	833399	7256507	19177446	NA	0
386	1	opencv	fedora-clang-libcxx	3340134	160257556	1896284	833399	7358139	19529431	NA	0
387	1	opencv	fedora-clang-libcxx	3322519	163580075	1897255	833399	7458921	19877792	NA	0
388	1	opencv	fedora-clang-libcxx	3021715	166601790	1897687	833399	7549456	20197011	NA	0
389	1	opencv	fedora-clang-libcxx	3030267	169632057	1898417	833399	7641614	20517798	NA	0
390	1	opencv	fedora-clang-libcxx	3267064	172899121	1898895	833399	7737191	20859361	NA	0
391	1	opencv	fedora-clang-libcxx	3306718	176205839	1899530	833399	7834330	21200587	NA	0
392	1	opencv	fedora-clang-libcxx	3353749	179559588	1901521	833399	7946355	21555693	NA	0
393	1	opencv	fedora-clang-libcxx	3593756	183153344	1902564	833399	8057774	21945739	NA	0
394	1	opencv	fedora-clang-libcxx	3730730	186884074	1906839	833399	8196584	22359562	NA	0
395	1	opencv	fedora-clang-libcxx	4822938	191707012	1922108	833399	8472067	22898232	NA	0
396	1	opencv	fedora-clang-libcxx	4990330	196697342	1937324	833399	8661351	23412017	NA	0
397	1	opencv	fedora-clang-libcxx	4527075	201224417	1938587	833399	8805279	23901228	NA	0
398	1	opencv	fedora-clang-libcxx	4576215	205800632	1941349	833399	8959706	24396082	NA	0
399	1	opencv	fedora-clang-libcxx	4511816	210312448	1942453	833399	9098745	24880773	NA	0
400	1	opencv	fedora-clang-libcxx	4686317	214998765	1945397	833399	9265396	25386767	NA	0
401	1	opencv	fedora-clang-libcxx	3318821	218317586	1946717	833399	9370271	25738452	NA	0
402	1	opencv	fedora-clang-libcxx	3959147	222276733	1947975	833399	9495891	26177682	NA	0
403	1	opencv	fedora-clang-libcxx	4600533	226877266	1949073	833399	9639345	26674387	NA	0
404	1	opencv	fedora-clang-libcxx	4536888	231414154	1949793	833399	9778798	27162648	NA	0
405	1	opencv	fedora-clang-libcxx	3292276	234706430	1950168	833399	9875369	27507900	NA	0
406	1	opencv	fedora-clang-libcxx	4676123	239382553	1952805	833399	10040044	28019562	NA	0
407	1	opencv	fedora-clang-libcxx	3849464	243232017	1954018	833399	10163237	28447499	NA	0
408	1	opencv	fedora-clang-libcxx	4638545	247870562	1956594	833399	10316366	28949728	NA	0
409	1	opencv	fedora-clang-libcxx	4113761	251984323	1985906	833399	10621244	29418941	NA	0
410	1	opencv	fedora-clang-libcxx	4121779	256106102	1986766	833399	10751835	29890006	NA	0
411	1	opencv	fedora-clang-libcxx	4191010	260297112	1988762	833399	10899705	30370726	NA	0
412	1	opencv	fedora-clang-libcxx	4331436	264628548	1990853	833399	11043749	30851207	NA	0
413	1	opencv	fedora-clang-libcxx	4217447	268845995	1993807	833399	11198500	31336879	NA	0
414	1	opencv	fedora-clang-libcxx	4206713	273052708	1997361	833399	11344664	31817363	NA	0
415	1	opencv	fedora-clang-libcxx	4123534	277176242	1997876	833399	11475667	32288539	NA	0
416	1	opencv	fedora-clang-libcxx	4221443	281397685	1998915	833399	11611432	32771506	NA	0
417	1	opencv	fedora-clang-libcxx	3644577	285042262	1999778	833399	11725872	33176360	NA	0
418	1	opencv	fedora-clang-libcxx	4135410	289177672	2000557	833399	11859603	33649450	NA	0
419	1	opencv	fedora-clang-libcxx	4117206	293294878	2000932	833399	11988444	34119312	NA	0
420	1	opencv	fedora-clang-libcxx	4124963	297419841	2001596	833399	12120971	34591377	NA	0
421	1	opencv	fedora-clang-libcxx	4116534	301536375	2001938	833399	12250446	35061603	NA	0
422	1	opencv	fedora-clang-libcxx	4182807	305719182	2002830	833399	12383579	35536895	NA	0
423	1	opencv	fedora-clang-libcxx	4116103	309835285	2003112	833399	12512428	36006684	NA	0
424	1	opencv	fedora-clang-libcxx	4156225	313991510	2003869	833399	12643337	36479748	NA	0
425	1	opencv	fedora-clang-libcxx	4154268	318145778	2005118	833399	12782412	36956845	NA	0
426	1	opencv	fedora-clang-libcxx	4124935	322270713	2005875	833399	12914106	37428729	NA	0
427	1	opencv	fedora-clang-libcxx	4121845	326392558	2006509	833399	13045192	37899822	NA	0
428	1	opencv	fedora-clang-libcxx	4115219	330507777	2006853	833399	13174270	38369739	NA	0
429	1	opencv	fedora-clang-libcxx	4269531	334777308	2007276	833399	13305889	38853855	NA	0
430	1	opencv	fedora-clang-libcxx	4117054	338894362	2007859	833399	13434616	39323425	NA	0
431	1	opencv	fedora-clang-libcxx	4113065	343007427	2008359	833399	13562772	39792717	NA	0
432	1	opencv	fedora-clang-libcxx	4217373	347224800	2011498	833399	13720375	40280174	NA	0
433	1	opencv	fedora-clang-libcxx	4118013	351342813	2012110	833399	13848900	40749892	NA	0
434	1	opencv	fedora-clang-libcxx	4121749	355464562	2012730	833399	13979730	41221087	NA	0
435	1	opencv	fedora-clang-libcxx	4380574	359845136	2015923	833399	14149507	41730163	NA	0
436	1	opencv	fedora-clang-libcxx	4277751	364122887	2017636	833399	14324403	42226239	NA	0
437	1	opencv	fedora-clang-libcxx	4129534	368252421	2018649	833399	14455829	42699020	NA	0
438	1	opencv	fedora-clang-libcxx	4110194	372362615	2018809	833399	14582889	43167806	NA	0
439	1	opencv	fedora-clang-libcxx	4124029	376486644	2019381	833399	14712972	43638686	NA	0
440	1	opencv	fedora-clang-libcxx	4126849	380613493	2019929	833399	14845920	44111251	NA	0
441	1	opencv	fedora-clang-libcxx	4178984	384792477	2021535	833399	14993622	44592069	NA	0
442	1	opencv	fedora-clang-libcxx	4343400	389135877	2022664	833399	15137043	45085443	NA	0
443	1	opencv	fedora-clang-libcxx	4193680	393329557	2025579	833399	15278374	45566065	NA	0
444	1	opencv	fedora-clang-libcxx	4120510	397450067	2026034	833399	15409296	46037178	NA	0
445	1	opencv	fedora-clang-libcxx	4128862	401578929	2026415	833399	15539476	46509319	NA	0
446	1	opencv	fedora-clang-libcxx	4113516	405692445	2026834	833399	15667396	46978767	NA	0
447	1	opencv	fedora-clang-libcxx	4195409	409887854	2028475	1632546	15827924	47469097	NA	1
448	1	opencv	fedora-clang-libcxx	4171593	414059447	2410591	1632546	15966052	47945802	NA	0
449	1	opencv	fedora-clang-libcxx	4287009	418346456	2414413	1632546	16132816	48440194	NA	0
450	1	opencv	fedora-clang-libcxx	4159459	422505915	2415973	1632546	16274031	48918333	NA	0
451	1	opencv	fedora-clang-libcxx	4126069	426631984	2416506	1632546	16406967	49390706	NA	0
452	1	opencv	fedora-clang-libcxx	4122109	430754093	2417061	1632546	16537133	49861467	NA	0
453	1	opencv	fedora-clang-libcxx	4179315	434933408	2418286	1632546	16675421	50338617	NA	0
454	1	opencv	fedora-clang-libcxx	4119124	439052532	2418818	1632546	16806025	50809522	NA	0
455	1	opencv	fedora-clang-libcxx	4143744	443196276	2419670	1632546	16941297	51283763	NA	0
456	1	opencv	fedora-clang-libcxx	4139947	447336223	2420619	1632546	17076590	51757734	NA	0
457	1	opencv	fedora-clang-libcxx	4177788	451514011	2421928	1632546	17218399	52237689	NA	0
458	1	opencv	fedora-clang-libcxx	4247096	455761107	2424027	1632546	17363440	52717219	NA	0
459	1	opencv	fedora-clang-libcxx	4147784	459908891	2425235	1632546	17499026	53192002	NA	0
460	1	opencv	fedora-clang-libcxx	4127756	464036647	2425953	1632546	17630055	53663705	NA	0
461	1	opencv	fedora-clang-libcxx	4143109	468179756	2426981	1632546	17766243	54139108	NA	0
462	1	opencv	fedora-clang-libcxx	4246350	472426106	2429588	1632546	17915954	54623133	NA	0
463	1	opencv	fedora-clang-libcxx	4128617	476554723	2430094	1632546	18048815	55094775	NA	0
464	1	opencv	fedora-clang-libcxx	4111917	480666640	2432316	1632546	18176419	55563619	NA	0
465	1	opencv	fedora-clang-libcxx	4111913	484778553	2432513	1632546	18303488	56032492	NA	0
466	1	opencv	fedora-clang-libcxx	4111909	488890462	2432687	1632546	18430554	56501366	NA	0
467	1	opencv	fedora-clang-libcxx	4121552	493012014	2433658	1632546	18560570	56971668	NA	0
468	1	opencv	fedora-clang-libcxx	4122491	497134505	2434071	1632546	18691498	57442726	NA	0
469	1	opencv	fedora-clang-libcxx	4116208	501250713	2434635	1632546	18820680	57912714	NA	0
470	1	opencv	fedora-clang-libcxx	4308681	505559394	2436885	1632546	18966281	58410815	NA	0
471	1	opencv	fedora-clang-libcxx	4184614	509744008	2440211	1632546	19107574	58888715	NA	0
472	1	opencv	fedora-clang-libcxx	4111118	513855126	2440399	1632546	19234529	59357522	NA	0
473	1	opencv	fedora-clang-libcxx	4113228	517968354	2440684	1632546	19361606	59826790	NA	0
474	1	opencv	fedora-clang-libcxx	5994991	523963345	2444917	1632546	19542029	60429095	NA	0
475	1	opencv	fedora-clang-libcxx	4123522	528086867	2445343	1632546	19672446	60899926	NA	0
476	1	opencv	fedora-clang-libcxx	4258376	532345243	2448639	1632546	19839913	61399920	NA	0
477	1	opencv	fedora-clang-libcxx	4171609	536516852	2449188	1632546	19974480	61882269	NA	0
478	1	opencv	fedora-clang-libcxx	4181110	540697962	2450092	1632546	20111836	62364951	NA	0
479	1	opencv	fedora-clang-libcxx	4161098	544859060	2450620	1632546	20244823	62844586	NA	0
480	1	opencv	fedora-clang-libcxx	4185693	549044753	2451851	1632546	20383732	63328621	NA	0
481	1	opencv	fedora-clang-libcxx	4181365	553226118	2453231	1632546	20521158	63812300	NA	0
482	1	opencv	fedora-clang-libcxx	4137443	557363561	2454205	1632546	20657146	64287004	NA	0
483	1	opencv	fedora-clang-libcxx	4174712	561538273	2456185	1632546	20795825	64763541	NA	0
484	1	opencv	fedora-clang-libcxx	4230836	565769109	2458984	1632546	20960713	65256007	NA	0
485	1	opencv	fedora-clang-libcxx	4127202	569896311	2459767	1632546	21091013	65727621	NA	0
486	1	opencv	fedora-clang-libcxx	4116282	574012593	2460348	1632546	21219349	66197146	NA	0
487	1	opencv	fedora-clang-libcxx	4114033	578126626	2460644	1632546	21347753	66666708	NA	0
488	1	opencv	fedora-clang-libcxx	4110158	582236784	2460795	1632546	21474818	67135487	NA	0
489	1	opencv	fedora-clang-libcxx	4132395	586369179	2461906	1632546	21606083	67607873	NA	0
490	1	opencv	fedora-clang-libcxx	4289246	590658425	2465309	1632546	21765408	68109506	NA	0
491	1	opencv	fedora-clang-libcxx	4120086	594778511	2465605	1632546	21896651	68581240	NA	0
492	1	opencv	fedora-clang-libcxx	4219559	598998070	2466941	1632546	22034751	69066245	NA	0
493	1	opencv	fedora-clang-libcxx	4116638	603114708	2467230	1632546	22164675	69536794	NA	0
494	1	opencv	fedora-clang-libcxx	4154601	607269309	2469608	1632546	22301316	70014718	NA	0
495	1	opencv	fedora-clang-libcxx	4222755	611492064	2471121	1632546	22435458	70496275	NA	0
496	1	opencv	fedora-clang-libcxx	4184424	615676488	2472232	1632546	22570647	70978080	NA	0
497	1	opencv	fedora-clang-libcxx	4121934	619798422	2472917	1632546	22700699	71449111	NA	0
498	1	opencv	fedora-clang-libcxx	4135273	623933695	2473511	1632546	22833052	71922683	NA	0
499	1	opencv	fedora-clang-libcxx	4121517	628055212	2473853	1632546	22961501	72393442	NA	0
500	1	opencv	fedora-clang-libcxx	4115835	632171047	2474147	1632546	23089124	72863112	NA	0
501	1	opencv	fedora-clang-libcxx	3654974	635826021	2474400	1632546	23202501	73269641	NA	0
502	1	opencv	fedora-clang-libcxx	4239621	640065642	2482211	1632546	23335265	73748263	NA	0
503	1	opencv	fedora-clang-libcxx	4232298	644297940	2483857	1632546	23466834	74234147	NA	0
504	1	opencv	fedora-clang-libcxx	4154364	648452304	2485246	1632546	23595296	74708226	NA	0
505	1	opencv	fedora-clang-libcxx	4239094	652691398	2490401	1632546	23725595	75189322	NA	0
506	1	opencv	fedora-clang-libcxx	4140363	656831761	2491316	1632546	23853893	75660595	NA	0
507	1	opencv	fedora-clang-libcxx	5869717	662701478	2493995	1632546	24025440	76248773	NA	0
508	1	opencv	fedora-clang-libcxx	5934619	668636097	2496650	1632546	24198325	76841171	NA	0
509	1	opencv	fedora-clang-libcxx	6082140	674718237	2500876	1632546	24404874	77453215	NA	0
510	1	opencv	fedora-clang-libcxx	6047082	680765319	2501263	1632546	24578752	78059464	NA	0
511	1	opencv	fedora-clang-libcxx	6150526	686915845	2502292	1632546	24755165	78672989	NA	0
512	1	opencv	fedora-clang-libcxx	6108511	693024356	2503002	1632546	24930782	79283249	NA	0
513	1	opencv	fedora-clang-libcxx	6085132	699109488	2503439	1632546	25105059	79891987	NA	0
514	1	opencv	fedora-clang-libcxx	6051519	705161007	2503666	1632546	25278911	80499246	NA	0
515	1	opencv	fedora-clang-libcxx	6052832	711213839	2504511	1632546	25452692	81105638	NA	0
516	1	opencv	fedora-clang-libcxx	6141759	717355598	2510957	1632546	25631518	81726702	NA	0
517	1	opencv	fedora-clang-libcxx	6068629	723424227	2512742	1632546	25806531	82336090	NA	0
518	1	opencv	fedora-clang-libcxx	6051029	729475256	2513253	1632546	25980641	82942773	NA	0
519	1	opencv	fedora-clang-libcxx	6060948	735536204	2514129	1632546	26154769	83551690	NA	0
520	1	opencv	fedora-clang-libcxx	6051421	741587625	2514644	1632546	26328895	84158459	NA	0
521	1	opencv	fedora-clang-libcxx	6060067	747647692	2515662	1632546	26503585	84766365	NA	0
522	1	opencv	fedora-clang-libcxx	6147962	753795654	2517809	1632546	26687005	85383336	NA	0
523	1	opencv	fedora-clang-libcxx	6147042	759942696	2517979	1632546	26863011	85999433	NA	0
524	1	opencv	fedora-clang-libcxx	6304423	766247119	2531947	1632546	27077786	86631008	NA	0
525	1	opencv	fedora-clang-libcxx	6310340	772557459	2533026	1632546	27256121	87264023	NA	0
526	1	opencv	fedora-clang-libcxx	6399100	778956559	2535276	1632546	27437332	87910851	NA	0
527	1	opencv	fedora-clang-libcxx	6325970	785282529	2536260	1632546	27615538	88545567	NA	0
528	1	opencv	fedora-clang-libcxx	6318289	791600818	2536437	1632546	27793374	89180209	NA	0
529	1	opencv	fedora-clang-libcxx	6317408	797918226	2537127	1632546	27971182	89813587	NA	0
530	1	opencv	fedora-clang-libcxx	6404383	804322609	2537298	1632546	28150911	90454993	NA	0
531	1	opencv	fedora-clang-libcxx	4881220	809203829	2573286	1632546	28426591	91002068	NA	0
532	1	opencv	fedora-clang-libcxx	4881228	814085057	2573475	1632546	28576178	91549205	NA	0
533	1	opencv	fedora-clang-libcxx	4881208	818966265	2573637	1632546	28725757	92096248	NA	0
534	1	opencv	fedora-clang-libcxx	4881212	823847477	2573800	1632546	28875338	92643335	NA	0
535	1	opencv	fedora-clang-libcxx	4881163	828728640	2573961	1632546	29024896	93190355	NA	0
536	1	opencv	fedora-clang-libcxx	4881175	833609815	2574121	1632546	29174457	93737347	NA	0
537	1	opencv	fedora-clang-libcxx	4881260	838491075	2574288	1632546	29324047	94284463	NA	0
538	1	opencv	fedora-clang-libcxx	4925223	843416298	2574639	1632546	29483510	94835831	NA	0
539	1	opencv	fedora-clang-libcxx	4891625	848307923	2575120	1632546	29640301	95384648	NA	0
540	1	opencv	fedora-clang-libcxx	5274193	853582116	2578302	1632546	29834827	95965217	NA	0
541	1	opencv	fedora-clang-libcxx	4989983	858572099	2579729	1632546	29994768	96526267	NA	0
542	1	opencv	fedora-clang-libcxx	4895627	863467726	2579930	1632546	30149893	97074460	NA	0
543	1	opencv	fedora-clang-libcxx	4885839	868353565	2580162	1632546	30301569	97622691	NA	0
544	1	opencv	fedora-clang-libcxx	4899592	873253157	2580593	1632546	30460112	98172960	NA	0
545	1	opencv	fedora-clang-libcxx	222	873253379	2580725	1632546	30460206	98173077	NA	0
546	1	opencv	fedora-clang-libcxx	4886990	878140369	2581008	1632546	30611788	98721424	NA	0
547	1	opencv	fedora-clang-libcxx	4982905	883123274	2583060	1632546	30786308	99284320	NA	0
548	1	opencv	fedora-clang-libcxx	4926306	888049580	2584055	1632546	30951445	99838941	NA	0
549	1	opencv	fedora-clang-libcxx	4933448	892983028	2584679	1632546	31112433	100391828	NA	0
550	1	opencv	fedora-clang-libcxx	4892467	897875495	2584997	1632546	31269371	100940847	NA	0
551	1	opencv	fedora-clang-libcxx	4905097	902780592	2585311	1632546	31426453	101490469	NA	0
552	1	opencv	fedora-clang-libcxx	5621561	908402153	2587861	1632546	31617197	102094191	NA	0
553	1	opencv	fedora-clang-libcxx	5179932	913582085	2590420	1632546	31787178	102670624	NA	0
554	1	opencv	fedora-clang-libcxx	5253010	918835095	2592486	1632546	31976222	103246259	NA	0
555	1	opencv	fedora-clang-libcxx	4905299	923740394	2592737	1632546	32132219	103795565	NA	0
556	1	opencv	fedora-clang-libcxx	5349593	929089987	2597709	1632546	32304630	104397675	NA	0
557	1	opencv	fedora-clang-libcxx	5333954	934423941	2599759	1632546	32477867	105002526	NA	0
558	1	opencv	fedora-clang-libcxx	4904710	939328651	2600005	1632546	32634305	105551926	NA	0
559	1	opencv	fedora-clang-libcxx	4882315	944210966	2600161	2078801	32784421	106099272	NA	1
560	1	opencv	fedora-clang-libcxx	5311109	949522075	3074122	2078801	32983069	106685991	NA	0
561	1	opencv	fedora-clang-libcxx	5278685	954800760	3078532	2078801	33185511	107272014	NA	0
562	1	opencv	fedora-clang-libcxx	5126730	959927490	3079497	2078801	33355602	107840417	NA	0
563	1	opencv	fedora-clang-libcxx	4910576	964838066	3079831	2078801	33513074	108390362	NA	0
564	1	opencv	fedora-clang-libcxx	5006743	969844809	3081599	2078801	33692208	108955448	NA	0
565	1	opencv	fedora-clang-libcxx	4944508	974789317	3082048	2078801	33849121	109506452	NA	0
566	1	opencv	fedora-clang-libcxx	5152775	979942092	3085716	2078801	34040592	110087358	NA	0
567	1	opencv	fedora-clang-libcxx	4908077	984850169	3086351	2078801	34202154	110639683	NA	0
568	1	opencv	fedora-clang-libcxx	4885611	989735780	3086612	2078801	34353676	111187859	NA	0
569	1	opencv	fedora-clang-libcxx	5097377	994833157	3088176	2078801	34526846	111752006	NA	0
570	1	opencv	fedora-clang-libcxx	5136673	999969830	3089281	2078801	34695485	112319711	NA	0
571	1	opencv	fedora-clang-libcxx	5299686	1005269516	3089566	2078801	34857891	112913709	NA	0
572	1	opencv	fedora-clang-libcxx	5299686	1010569202	3089785	2078801	35020297	113507704	NA	0
573	1	opencv	fedora-clang-libcxx	5318322	1015887524	3090105	2078801	35183005	114102860	NA	0
574	1	opencv	fedora-clang-libcxx	5318333	1021205857	3090324	2078801	35345643	114698020	NA	0
575	1	opencv	fedora-clang-libcxx	5318473	1026524330	3090537	2078801	35508340	115293222	NA	0
576	1	opencv	fedora-clang-libcxx	7012494	1033536824	3090768	2078801	35706263	116000474	NA	0
577	1	opencv	fedora-clang-libcxx	7010915	1040547739	3092721	2078801	35904198	116707085	NA	0
578	1	opencv	fedora-clang-libcxx	7224841	1047772580	3093294	2078801	36106154	117437712	NA	0
579	1	opencv	fedora-clang-libcxx	7223384	1054995964	3098814	2078801	36308314	118168277	NA	0
580	1	opencv	fedora-clang-libcxx	7475884	1062471848	3099094	2078801	36513795	118923644	NA	0
581	1	opencv	fedora-clang-libcxx	7474427	1069946275	3099349	2078801	36719219	119678931	NA	0
582	1	opencv	fedora-clang-libcxx	7479519	1077425794	3101787	2078801	36924866	120434589	NA	0
583	1	opencv	fedora-clang-libcxx	4768384	1082194178	3102047	2078801	37070051	120957161	NA	0
584	1	opencv	fedora-clang-libcxx	4877420	1087071598	3102394	2078801	37220866	121502256	NA	0
585	1	opencv	fedora-clang-libcxx	4877371	1091948969	3102607	2078801	37371290	122047375	NA	0
586	1	opencv	fedora-clang-libcxx	4877430	1096826399	3102792	2078801	37521746	122592440	NA	0
587	1	opencv	fedora-clang-libcxx	4877405	1101703804	3102972	2078801	37672200	123137483	NA	0
588	1	opencv	fedora-clang-libcxx	4877410	1106581214	3103150	2078801	37822654	123682524	NA	0
589	1	opencv	fedora-clang-libcxx	4877353	1111458567	3103325	2078801	37973079	124227579	NA	0
590	1	opencv	fedora-clang-libcxx	4877375	1116335942	3103503	2078801	38123505	124772760	NA	0
591	1	opencv	fedora-clang-libcxx	4771845	1121107787	3103733	2078801	38270123	125296185	NA	0
592	1	opencv	fedora-clang-libcxx	4772745	1125880532	3103963	2078801	38416938	125819834	NA	0
593	1	opencv	fedora-clang-libcxx	4773494	1130654026	3104164	2078801	38563869	126343547	NA	0
594	1	opencv	fedora-clang-libcxx	4897374	1135551400	3105178	2078801	38720287	126876587	NA	0
595	1	opencv	fedora-clang-libcxx	4784179	1140335579	3105420	2078801	38867300	127400662	NA	0
596	1	opencv	fedora-clang-libcxx	4778128	1145113707	3105625	2078801	39014858	127924564	NA	0
597	1	opencv	fedora-clang-libcxx	4773571	1149887278	3105828	2078801	39161805	128448243	NA	0
598	1	opencv	fedora-clang-libcxx	4790570	1154677848	3106000	2078801	39312802	128972751	NA	0
599	1	opencv	fedora-clang-libcxx	4778808	1159456656	3106207	2078801	39460534	129496777	NA	0
600	1	opencv	fedora-clang-libcxx	4772167	1164228823	3106382	2078801	39607247	130020274	NA	0
601	1	opencv	fedora-clang-libcxx	4773608	1169002431	3106570	2078801	39754397	130543902	NA	0
602	1	opencv	fedora-clang-libcxx	4790073	1173792504	3106852	2078801	39906461	131068824	NA	0
603	1	opencv	fedora-clang-libcxx	4772254	1178564758	3107051	2078801	40052989	131592262	NA	0
604	1	opencv	fedora-clang-libcxx	4777812	1183342570	3107283	2078801	40200086	132116149	NA	0
605	1	opencv	fedora-clang-libcxx	4775116	1188117686	3107485	2078801	40346897	132639786	NA	0
606	1	opencv	fedora-clang-libcxx	4769724	1192887410	3107646	2078801	40492635	133162687	NA	0
607	1	opencv	fedora-clang-libcxx	4797281	1197684691	3107968	2078801	40644728	133688122	NA	0
608	1	opencv	fedora-clang-libcxx	4814239	1202498930	3108559	2078801	40799895	134215652	NA	0
609	1	opencv	fedora-clang-libcxx	4772734	1207271664	3108753	2078801	40946704	134739230	NA	0
610	1	opencv	fedora-clang-libcxx	4772542	1212044206	3108952	2078801	41093393	135262784	NA	0
611	1	opencv	fedora-clang-libcxx	4822630	1216866836	3109359	2078801	41246533	135789742	NA	0
612	1	opencv	fedora-clang-libcxx	4782402	1221649238	3109576	2078801	41394467	136314010	NA	0
613	1	opencv	fedora-clang-libcxx	4775889	1226425127	3109777	2078801	41541409	136837750	NA	0
614	1	opencv	fedora-clang-libcxx	4776424	1231201551	3109980	2078801	41688491	137361573	NA	0
615	1	opencv	fedora-clang-libcxx	4795235	1235996786	3110270	2078801	41840147	137886669	NA	0
616	1	opencv	fedora-clang-libcxx	4882968	1240879754	3110523	2078801	41992976	138432980	NA	0
617	1	opencv	fedora-clang-libcxx	4124937	1245004691	3121448	2078801	42176394	138900109	NA	0
618	1	opencv	fedora-clang-libcxx	4128112	1249132803	3122441	2078801	42309827	139368608	NA	0
619	1	opencv	fedora-clang-libcxx	5127953	1254260756	3125693	2078801	42474842	139946247	NA	0
620	1	opencv	fedora-clang-libcxx	5048224	1259308980	3125968	2078801	42636929	140514463	NA	0
621	1	opencv	fedora-clang-libcxx	5042674	1264351654	3126118	2078801	42797406	141081719	NA	0
622	1	opencv	fedora-clang-libcxx	5049876	1269401530	3126304	2078801	42961576	141651394	NA	0
623	1	opencv	fedora-clang-libcxx	4233083	1273634613	3133821	2078801	43114733	142135990	NA	0
624	1	opencv	fedora-clang-libcxx	4379032	1278013645	3137410	2078801	43264792	142633219	NA	0
625	1	opencv	fedora-clang-libcxx	3994393	1282008038	3138653	2078801	43400827	143092072	NA	0
626	1	opencv	fedora-clang-libcxx	4245713	1286253751	3139791	2078801	43541601	143581670	NA	0
627	1	opencv	fedora-clang-libcxx	4209619	1290463370	3140298	2078801	43676559	144066783	NA	0
628	1	opencv	fedora-clang-libcxx	4263773	1294727143	3142547	2078801	43819306	144558025	NA	0
629	1	opencv	fedora-clang-libcxx	4220605	1298947748	3143345	2078801	43957443	145045514	NA	0
630	1	opencv	fedora-clang-libcxx	3972812	1302920560	3143870	2078801	44086807	145499996	NA	0
631	1	opencv	fedora-clang-libcxx	3987919	1306908479	3144707	2078801	44218872	145956314	NA	0
632	1	opencv	fedora-clang-libcxx	4267681	1311176160	3146273	2078801	44364503	146451358	NA	0
633	1	opencv	fedora-clang-libcxx	4372099	1315548259	3150142	2078801	44534940	146964031	NA	0
634	1	opencv	fedora-clang-libcxx	4275279	1319823538	3152048	2078801	44676429	147457145	NA	0
635	1	opencv	fedora-clang-libcxx	4322303	1324145841	3154700	2078801	44830510	147957557	NA	0
636	1	opencv	fedora-clang-libcxx	4143484	1328289325	3155381	2078801	45008795	148455610	NA	0
637	1	opencv	fedora-clang-libcxx	4445181	1332734506	3166863	2078801	45165320	148940227	NA	0
638	1	opencv	fedora-clang-libcxx	4248852	1336983358	3168882	2078801	45310880	149432202	NA	0
639	1	opencv	fedora-clang-libcxx	3983094	1340966452	3170041	2078801	45443617	149889241	NA	0
640	1	opencv	fedora-clang-libcxx	4132919	1345099371	3170340	2078801	45573977	150359012	NA	0
641	1	opencv	fedora-clang-libcxx	4218233	1349317604	3171026	2078801	45709224	150846907	NA	0
642	1	opencv	fedora-clang-libcxx	4391725	1353709329	3172077	2078801	45852194	151352868	NA	0
643	1	opencv	fedora-clang-libcxx	4380666	1358089995	3172811	2078801	45994362	151857495	NA	0
644	1	opencv	fedora-clang-libcxx	3990511	1362080506	3173675	2078801	46129007	152315503	NA	0
645	1	opencv	fedora-clang-libcxx	4208520	1366289026	3174376	2078801	46264088	152800865	NA	0
646	1	opencv	fedora-clang-libcxx	3965706	1370254732	3174698	2078801	46391299	153253800	NA	0
647	1	opencv	fedora-clang-libcxx	4252495	1374507227	3176260	2078801	46535622	153745576	NA	0
648	1	opencv	fedora-clang-libcxx	3976359	1378483586	3176908	2078801	46664994	154200047	NA	0
649	1	opencv	fedora-clang-libcxx	3988467	1382472053	3178015	2078801	46797872	154656696	NA	0
650	1	opencv	fedora-clang-libcxx	4072984	1386545037	3180825	2078801	46955170	155129249	NA	0
651	1	opencv	fedora-clang-libcxx	3992146	1390537183	3181850	2078801	47090475	155587286	NA	0
652	1	opencv	fedora-clang-libcxx	3987702	1394524885	3183118	2078801	47223833	156044657	NA	0
653	1	opencv	fedora-clang-libcxx	4193754	1398718639	3183456	2078801	47355221	156527203	NA	0
654	1	opencv	fedora-clang-libcxx	3970638	1402689277	3183893	2078801	47483242	156980851	NA	0
655	1	opencv	fedora-clang-libcxx	4413645	1407102922	3188361	2078801	47654860	157491607	NA	0
656	1	opencv	fedora-clang-libcxx	3981923	1411084845	3188961	2078801	47786687	157947489	NA	0
657	1	opencv	fedora-clang-libcxx	3961704	1415046549	3189159	2078801	47912355	158399288	NA	0
658	1	opencv	fedora-clang-libcxx	3997497	1419044046	3190024	2078801	48046761	158857209	NA	0
659	1	opencv	fedora-clang-libcxx	4217025	1423261071	3190984	2078801	48186409	159345428	NA	0
660	1	opencv	fedora-clang-libcxx	3990303	1427251374	3191992	2078801	48320795	159803014	NA	0
661	1	opencv	fedora-clang-libcxx	4058195	1431309569	3192165	2078801	48496476	160289337	NA	0
662	1	opencv	fedora-clang-libcxx	4310092	1435619661	3195560	2078801	48654821	160790289	NA	0
663	1	opencv	fedora-clang-libcxx	4270259	1439889920	3197756	2078801	48814438	161290503	NA	0
664	1	opencv	fedora-clang-libcxx	4367553	1444257473	3201226	2078801	48982833	161798627	NA	0
665	1	opencv	fedora-clang-libcxx	4004216	1448261689	3202101	2078801	49116662	162256829	NA	0
666	1	opencv	fedora-clang-libcxx	3968132	1452229821	3202554	2078801	49244416	162710144	NA	0
667	1	opencv	fedora-clang-libcxx	3975816	1456205637	3203118	2078801	49374559	163164808	NA	0
668	1	opencv	fedora-clang-libcxx	3991811	1460197448	3204158	2078801	49510928	163623825	NA	0
669	1	opencv	fedora-clang-libcxx	3960181	1464157629	3204313	2078801	49635631	164075086	NA	0
670	1	opencv	fedora-clang-libcxx	3964094	1468121723	3204563	2078801	49761623	164527144	NA	0
671	1	opencv	fedora-clang-libcxx	4228154	1472349877	3205781	2606121	49901534	165016006	NA	1
672	1	opencv	fedora-clang-libcxx	4124601	1476474478	3449049	2606121	50038188	165486330	NA	0
673	1	opencv	fedora-clang-libcxx	4002825	1480477303	3450709	2606121	50172364	165944012	NA	0
674	1	opencv	fedora-clang-libcxx	4212258	1484689561	3451406	2606121	50310708	166431426	NA	0
675	1	opencv	fedora-clang-libcxx	4255608	1488945169	3453189	2606121	50453481	166922559	NA	0
676	1	opencv	fedora-clang-libcxx	4215631	1493160800	3453935	2606121	50590132	167408795	NA	0
677	1	opencv	fedora-clang-libcxx	3966824	1497127624	3454252	2606121	50717944	167862068	NA	0
678	1	opencv	fedora-clang-libcxx	4253742	1501381366	3455773	2606121	50860514	168353058	NA	0
679	1	opencv	fedora-clang-libcxx	4194486	1505575852	3456169	2606121	50991546	168835395	NA	0
680	1	opencv	fedora-clang-libcxx	4358105	1509933957	3459474	2606121	51159067	169342884	NA	0
681	1	opencv	fedora-clang-libcxx	3970034	1513903991	3460008	2606121	51288226	169797011	NA	0
682	1	opencv	fedora-clang-libcxx	3974293	1517878284	3460552	2606121	51418400	170251868	NA	0
683	1	opencv	fedora-clang-libcxx	3980936	1521859220	3461132	2606121	51549352	170707386	NA	0
684	1	opencv	fedora-clang-libcxx	4237142	1526096362	3462434	2606121	51693594	171199081	NA	0
685	1	opencv	fedora-clang-libcxx	4384090	1530480452	3465004	2606121	51852019	171704432	NA	0
686	1	opencv	fedora-clang-libcxx	4203439	1534683891	3465385	2606121	51985683	172188491	NA	0
687	1	opencv	fedora-clang-libcxx	4238755	1538922646	3466574	2606121	52127417	172678476	NA	0
688	1	opencv	fedora-clang-libcxx	3986938	1542909584	3467445	2606121	52260578	173135136	NA	0
689	1	opencv	fedora-clang-libcxx	4248931	1547158515	3469405	2606121	52399933	173623771	NA	0
690	1	opencv	fedora-clang-libcxx	3972846	1551131361	3469836	2606121	52528083	174078249	NA	0
691	1	opencv	fedora-clang-libcxx	3983028	1555114389	3470472	2606121	52660802	174535140	NA	0
692	1	opencv	fedora-clang-libcxx	4253374	1559367763	3471797	2606121	52801609	175024942	NA	0
693	1	opencv	fedora-clang-libcxx	3962730	1563330493	3471998	2606121	52927581	175476912	NA	0
694	1	opencv	fedora-clang-libcxx	3655022	1566985515	3472213	2606121	53040957	175883463	NA	0
695	1	opencv	fedora-clang-libcxx	4258790	1571244305	3473993	2606121	53176098	176372479	NA	0
696	1	opencv	fedora-clang-libcxx	4000725	1575245030	3474402	2606121	53303469	176827415	NA	0
697	1	opencv	fedora-clang-libcxx	4366805	1579611835	3475652	2606121	53438344	177325626	NA	0
698	1	opencv	fedora-clang-libcxx	4275738	1583887573	3476493	2606121	53571363	177816913	NA	0
699	1	opencv	fedora-clang-libcxx	4388004	1588275577	3480964	2606121	53707443	178321738	NA	0
700	1	opencv	fedora-clang-libcxx	4274757	1592550334	3483665	2606121	53841150	178816031	NA	0
701	1	opencv	fedora-clang-libcxx	4266269	1596816603	3486484	2606121	53974303	179307604	NA	0
702	1	opencv	fedora-clang-libcxx	4305127	1601121730	3486721	2606121	54108922	179805694	NA	0
703	1	opencv	fedora-clang-libcxx	4249382	1605371112	3486982	2606121	54241359	180295437	NA	0
704	1	opencv	fedora-clang-libcxx	4251753	1609622865	3487216	2606121	54373662	180783550	NA	0
705	1	opencv	fedora-clang-libcxx	4378682	1614001547	3493511	2606121	54509138	181285634	NA	0
706	1	opencv	fedora-clang-libcxx	5919102	1619920649	3493871	2606121	54683760	181881439	NA	0
707	1	opencv	fedora-clang-libcxx	6062907	1625983556	3499403	2606121	54862105	182491608	NA	0
708	1	opencv	fedora-clang-libcxx	6145679	1632129235	3500316	2606121	55040329	183113625	NA	0
709	1	opencv	fedora-clang-libcxx	5695919	1637825154	3500678	2606121	55209014	183680086	NA	0
710	1	opencv	fedora-clang-libcxx	6275078	1644100232	3502087	2606121	55389496	184313611	NA	0
711	1	opencv	fedora-clang-libcxx	6167345	1650267577	3504500	2606121	55567762	184937974	NA	0
712	1	opencv	fedora-clang-libcxx	6191273	1656458850	3507489	2606121	55748033	185564530	NA	0
713	1	opencv	fedora-clang-libcxx	6297823	1662756673	3513564	2606121	55931648	186204326	NA	0
714	1	opencv	fedora-clang-libcxx	6182026	1668938699	3516742	2606121	56111599	186833503	NA	0
715	1	opencv	fedora-clang-libcxx	6173476	1675112175	3518395	2606121	56290703	187459916	NA	0
716	1	opencv	fedora-clang-libcxx	6212272	1681324447	3519412	2606121	56471251	188092856	NA	0
717	1	opencv	fedora-clang-libcxx	6155271	1687479718	3521028	2606121	56650122	188717254	NA	0
718	1	opencv	fedora-clang-libcxx	6158895	1693638613	3523097	2606121	56828328	189340117	NA	0
719	1	opencv	fedora-clang-libcxx	6285328	1699923941	3526094	2606121	57009463	189976717	NA	0
720	1	opencv	fedora-clang-libcxx	6180165	1706104106	3527857	2606121	57189670	190599938	NA	0
721	1	opencv	fedora-clang-libcxx	6532419	1712636525	3528089	2606121	57373735	191259031	NA	0
722	1	opencv	fedora-clang-libcxx	6424686	1719061211	3529434	2606121	57555287	191909054	NA	0
723	1	opencv	fedora-clang-libcxx	6448614	1725509825	3531334	2606121	57737552	192561149	NA	0
724	1	opencv	fedora-clang-libcxx	6439367	1731949192	3532218	2606121	57920532	193216021	NA	0
725	1	opencv	fedora-clang-libcxx	6430817	1738380009	3532418	2606121	58102796	193868083	NA	0
726	1	opencv	fedora-clang-libcxx	6469613	1744849622	3532616	2606121	58286459	194526681	NA	0
727	1	opencv	fedora-clang-libcxx	6412612	1751262234	3533018	2606121	58468165	195176728	NA	0
728	1	opencv	fedora-clang-libcxx	6443786	1757706020	3534881	2606121	58654799	195828025	NA	0
729	1	opencv	fedora-clang-libcxx	6399596	1764105616	3535086	2606121	58835966	196475038	NA	0
730	1	opencv	fedora-clang-libcxx	4914940	1769020556	3536794	2606121	58995349	197027211	NA	0
731	1	opencv	fedora-clang-libcxx	4914920	1773935476	3536984	2606121	59147260	197579319	NA	0
732	1	opencv	fedora-clang-libcxx	4914936	1778850412	3537155	2606121	59299175	198131419	NA	0
733	1	opencv	fedora-clang-libcxx	4914920	1783765332	3537316	2606121	59451086	198683527	NA	0
734	1	opencv	fedora-clang-libcxx	4914920	1788680252	3537477	2606121	59602997	199235634	NA	0
735	1	opencv	fedora-clang-libcxx	4914932	1793595184	3537647	2606121	59754912	199787739	NA	0
736	1	opencv	fedora-clang-libcxx	4914928	1798510112	3537816	2606121	59906825	200339811	NA	0
737	1	opencv	fedora-clang-libcxx	4914916	1803425028	3537982	2606121	60058739	200891911	NA	0
738	1	opencv	fedora-clang-libcxx	4914936	1808339964	3538150	2606121	60210654	201444018	NA	0
739	1	opencv	fedora-clang-libcxx	4914873	1813254837	3538315	2606121	60362531	201996231	NA	0
740	1	opencv	fedora-clang-libcxx	4914928	1818169765	3538481	2606121	60514439	202548297	NA	0
741	1	opencv	fedora-clang-libcxx	4914956	1823084721	3538650	2606121	60666360	203100482	NA	0
742	1	opencv	fedora-clang-libcxx	4914948	1827999669	3538824	2606121	60818279	203652648	NA	0
743	1	opencv	fedora-clang-libcxx	4914932	1832914601	3538991	2606121	60970194	204204752	NA	0
744	1	opencv	fedora-clang-libcxx	4914944	1837829545	3539164	2606121	61122110	204756848	NA	0
745	1	opencv	fedora-clang-libcxx	4914916	1842744461	3539326	2606121	61274024	205308948	NA	0
746	1	opencv	fedora-clang-libcxx	4945939	1847690400	3540043	2606121	61436681	205865723	NA	0
747	1	opencv	fedora-clang-libcxx	4930830	1852621230	3540562	2606121	61597887	206421136	NA	0
748	1	opencv	fedora-clang-libcxx	4927872	1857549102	3541445	2606121	61755926	206976249	NA	0
749	1	opencv	fedora-clang-libcxx	4932883	1862481985	3541905	2606121	61917588	207532025	NA	0
750	1	opencv	fedora-clang-libcxx	5221713	1867703698	3545138	2606121	62110922	208114078	NA	0
751	1	opencv	fedora-clang-libcxx	5027497	1872731195	3546227	2606121	62274576	208673825	NA	0
752	1	opencv	fedora-clang-libcxx	4953149	1877684344	3546983	2606121	62439039	209231971	NA	0
753	1	opencv	fedora-clang-libcxx	5000886	1882685230	3547826	2606121	62601955	209790781	NA	0
754	1	opencv	fedora-clang-libcxx	4938933	1887624163	3548269	2606121	62762296	210346041	NA	0
755	1	opencv	fedora-clang-libcxx	5133136	1892757299	3549763	2606121	62943250	210924047	NA	0
756	1	opencv	fedora-clang-libcxx	4926416	1897683715	3550047	2606121	63101597	211477691	NA	0
757	1	opencv	fedora-clang-libcxx	4952725	1902636440	3550770	2606121	63265698	212035522	NA	0
758	1	opencv	fedora-clang-libcxx	4975052	1907611492	3551384	2606121	63427744	212593547	NA	0
759	1	opencv	fedora-clang-libcxx	5018924	1912630416	3552400	2606121	63598308	213157527	NA	0
760	1	opencv	fedora-clang-libcxx	4951658	1917582074	3552869	2606121	63759145	213713760	NA	0
761	1	opencv	fedora-clang-libcxx	5179843	1922761917	3556484	2606121	63949002	214292508	NA	0
762	1	opencv	fedora-clang-libcxx	4950960	1927712877	3556814	2606121	64109472	214848273	NA	0
763	1	opencv	fedora-clang-libcxx	4962620	1932675497	3557092	2606121	64276037	215408334	NA	0
764	1	opencv	fedora-clang-libcxx	4963341	1937638838	3558266	2606121	64434670	215968379	NA	0
765	1	opencv	fedora-clang-libcxx	4934038	1942572876	3558887	2606121	64597598	216524819	NA	0
766	1	opencv	fedora-clang-libcxx	4933510	1947506386	3559853	2606121	64758531	217080826	NA	0
767	1	opencv	fedora-clang-libcxx	4924938	1952431324	3560147	2606121	64917617	217634767	NA	0
768	1	opencv	fedora-clang-libcxx	5028932	1957460256	3562172	2606121	65092038	218201527	NA	0
769	1	opencv	fedora-clang-libcxx	4942750	1962403006	3562591	2606121	65252146	218756859	NA	0
770	1	opencv	fedora-clang-libcxx	4979421	1967382427	3563166	2606121	65413950	219314801	NA	0
771	1	opencv	fedora-clang-libcxx	4918056	1972300483	3563380	2606121	65567306	219867681	NA	0
772	1	opencv	fedora-clang-libcxx	5059753	1977360236	3565633	2606121	65746357	220437291	NA	0
773	1	opencv	fedora-clang-libcxx	4967745	1982327981	3567117	2606121	65915393	220998799	NA	0
774	1	opencv	fedora-clang-libcxx	4967283	1987295264	3567579	2606121	66075960	221555219	NA	0
775	1	opencv	fedora-clang-libcxx	4963906	1992259170	3567899	2606121	66235941	222111271	NA	0
776	1	opencv	fedora-clang-libcxx	5001189	1997260359	3568298	2606121	66396787	222668519	NA	0
777	1	opencv	fedora-clang-libcxx	4936675	2002197034	3568554	2606121	66555680	223222997	NA	0
778	1	opencv	fedora-clang-libcxx	4976120	2007173154	3568967	3099338	66715588	223779430	NA	1
779	1	opencv	fedora-clang-libcxx	4916015	2012089169	3569120	3099338	66868017	224331979	NA	0
780	1	opencv	fedora-clang-libcxx	4934758	2017023927	3569677	3099338	67028547	224887362	NA	0
781	1	opencv	fedora-clang-libcxx	4941594	2021965521	3570243	3099338	67190205	225443627	NA	0
782	1	opencv	fedora-clang-libcxx	4922223	2026887744	3570448	3099338	67348223	225996845	NA	0
783	1	opencv	fedora-clang-libcxx	4936116	2031823860	3570889	3099338	67509138	226552470	NA	0
784	1	opencv	fedora-clang-libcxx	4953598	2036777458	3827496	3099338	67671665	227109429	NA	0
785	1	opencv	fedora-clang-libcxx	4933401	2041710859	3828010	3099338	67832647	227664891	NA	0
786	1	opencv	fedora-clang-libcxx	4918069	2046628928	3828231	3099338	67985929	228217754	NA	0
787	1	opencv	fedora-clang-libcxx	4937894	2051566822	3828508	3099338	68145247	228772673	NA	0
788	1	opencv	fedora-clang-libcxx	4962111	2056528933	3829006	3099338	68306233	229328058	NA	0
789	1	opencv	fedora-clang-libcxx	4951184	2061480117	3829400	3099338	68466631	229883561	NA	0
790	1	opencv	fedora-clang-libcxx	4981495	2066461612	3830266	3099338	68629350	230442078	NA	0
791	1	opencv	fedora-clang-libcxx	4914878	2071376490	3830433	3099338	68781261	230994162	NA	0
792	1	opencv	fedora-clang-libcxx	4877417	2076253907	3830654	3099338	68931750	231539226	NA	0
793	1	opencv	fedora-clang-libcxx	4877511	2081131418	3830862	3099338	69082224	232084363	NA	0
794	1	opencv	fedora-clang-libcxx	4877486	2086008904	3831044	3099338	69232690	232629409	NA	0
795	1	opencv	fedora-clang-libcxx	4877486	2090886390	3831218	3099338	69383156	233174456	NA	0
796	1	opencv	fedora-clang-libcxx	4877496	2095763886	3831405	3099338	69533627	233719497	NA	0
797	1	opencv	fedora-clang-libcxx	4877481	2100641367	3831589	3099338	69684089	234264555	NA	0
798	1	opencv	fedora-clang-libcxx	4877441	2105518808	3831764	3099338	69834537	234809601	NA	0
799	1	opencv	fedora-clang-libcxx	4939986	2110458794	3832216	3099338	69994217	235359906	NA	0
800	1	opencv	fedora-clang-libcxx	4877496	2115336290	3832395	3099338	70144688	235904950	NA	0
801	1	opencv	fedora-clang-libcxx	4877445	2120213735	3832570	3099338	70295138	236450047	NA	0
802	1	opencv	fedora-clang-libcxx	4877496	2125091231	3832746	3099338	70445609	236995099	NA	0
803	1	opencv	fedora-clang-libcxx	4877496	2129968727	3832922	3099338	70596080	237540139	NA	0
804	1	opencv	fedora-clang-libcxx	4842927	2134811654	3833218	3099338	70748159	238067565	NA	0
805	1	opencv	fedora-clang-libcxx	4773968	2139585622	3833441	3099338	70895413	238591187	NA	0
806	1	opencv	fedora-clang-libcxx	4822923	2144408545	3833801	3099338	71048790	239118455	NA	0
807	1	opencv	fedora-clang-libcxx	4773532	2149182077	3833997	3099338	71195877	239642329	NA	0
808	1	opencv	fedora-clang-libcxx	4803352	2153985429	3834379	3099338	71349221	240168461	NA	0
809	1	opencv	fedora-clang-libcxx	4786260	2158771689	3834622	3099338	71497238	240692913	NA	0
810	1	opencv	fedora-clang-libcxx	4829550	2163601239	3835148	3099338	71651808	241221030	NA	0
811	1	opencv	fedora-clang-libcxx	4782548	2168383787	3835397	3099338	71799605	241745186	NA	0
812	1	opencv	fedora-clang-libcxx	4772319	2173156106	3835578	3099338	71946244	242268682	NA	0
813	1	opencv	fedora-clang-libcxx	4787803	2177943909	3835938	3099338	72098929	242793796	NA	0
814	1	opencv	fedora-clang-libcxx	4774159	2182718068	3836163	3099338	72246338	243317735	NA	0
815	1	opencv	fedora-clang-libcxx	4783073	2187501141	3836464	3099338	72393673	243841873	NA	0
816	1	opencv	fedora-clang-libcxx	4792177	2192293318	3836810	3099338	72545869	244367057	NA	0
817	1	opencv	fedora-clang-libcxx	4778319	2197071637	3837072	3099338	72692805	244890842	NA	0
818	1	opencv	fedora-clang-libcxx	4780646	2201852283	3837376	3099338	72840226	245414963	NA	0
819	1	opencv	fedora-clang-libcxx	4791075	2206643358	3837680	3099338	72993056	245940178	NA	0
820	1	opencv	fedora-clang-libcxx	4773439	2211416797	3837882	3099338	73139940	246463880	NA	0
821	1	opencv	fedora-clang-libcxx	4774344	2216191141	3838083	3099338	73287017	246987550	NA	0
822	1	opencv	fedora-clang-libcxx	4769749	2220960890	3838233	3099338	73432752	247510641	NA	0
823	1	opencv	fedora-clang-libcxx	4779513	2225740403	3838464	3099338	73580475	248034711	NA	0
824	1	opencv	fedora-clang-libcxx	4772572	2230512975	3838662	3099338	73727269	248558283	NA	0
825	1	opencv	fedora-clang-libcxx	4775621	2235288596	3838842	3099338	73874014	249082091	NA	0
826	1	opencv	fedora-clang-libcxx	4772916	2240061512	3839012	3099338	74020554	249605524	NA	0
827	1	opencv	fedora-clang-libcxx	4785873	2244847385	3839236	3099338	74168097	250129970	NA	0
828	1	opencv	fedora-clang-libcxx	4774756	2249622141	3839454	3099338	74315751	250653994	NA	0
829	1	opencv	fedora-clang-libcxx	4808725	2254430866	3839923	3099338	74468776	251180368	NA	0
830	1	opencv	fedora-clang-libcxx	4810971	2259241837	3840217	3099338	74621020	251706090	NA	0
831	1	opencv	fedora-clang-libcxx	4773032	2264014869	3840415	3099338	74767747	252229644	NA	0
832	1	opencv	fedora-clang-libcxx	4786108	2268800977	3840691	3099338	74915889	252754278	NA	0
833	1	opencv	fedora-clang-libcxx	4810101	2273611078	3841152	3099338	75070272	253281340	NA	0
834	1	opencv	fedora-clang-libcxx	3881924	2277493002	3844455	3099338	75217150	253717012	NA	0
835	1	opencv	fedora-clang-libcxx	3848346	2281341348	3845133	3099338	75341162	254145858	NA	0
836	1	opencv	fedora-clang-libcxx	3877317	2285218665	3846229	3099338	75472952	254580926	NA	0
837	1	opencv	fedora-clang-libcxx	3864144	2289082809	3847094	3099338	75600546	255012410	NA	0
838	1	opencv	fedora-clang-libcxx	3832984	2292915793	3847233	3099338	75718738	255437971	NA	0
839	1	opencv	fedora-clang-libcxx	3842153	2296757946	3847589	3099338	75840045	255865367	NA	0
840	1	opencv	fedora-clang-libcxx	3850095	2300608041	3848313	3099338	75964966	256295061	NA	0
841	1	opencv	fedora-clang-libcxx	4081831	2304689872	3848984	3099338	76094725	256755213	NA	0
842	1	opencv	fedora-clang-libcxx	3853544	2308543416	3849661	3099338	76220105	257185039	NA	0
843	1	opencv	fedora-clang-libcxx	3847964	2312391380	3850178	3099338	76344171	257614028	NA	0
844	1	opencv	fedora-clang-libcxx	3859455	2316250835	3851025	3099338	76468619	258043939	NA	0
845	1	opencv	fedora-clang-libcxx	4147917	2320398752	3853116	3099338	76619322	258517093	NA	0
846	1	opencv	fedora-clang-libcxx	3850520	2324249272	3853716	3099338	76743480	258946081	NA	0
847	1	opencv	fedora-clang-libcxx	3835020	2328084292	3853946	3099338	76862670	259372128	NA	0
848	1	opencv	fedora-clang-libcxx	3892761	2331977053	3855828	3099338	77000409	259811058	NA	0
849	1	opencv	fedora-clang-libcxx	4855566	2336832619	3857643	3099338	77158043	260349692	NA	0
850	1	opencv	fedora-clang-libcxx	4844301	2341676920	3857862	3099338	77308133	260886702	NA	0
851	1	opencv	fedora-clang-libcxx	4860563	2346537483	3858204	3099338	77465432	261426037	NA	0
852	1	opencv	fedora-clang-libcxx	4845625	2351383108	3858410	3099338	77615637	261963062	NA	0
853	1	opencv	fedora-clang-libcxx	4856182	2356239290	3858712	3099338	77771044	262501110	NA	0
854	1	opencv	fedora-clang-libcxx	4850804	2361090094	3858927	3099338	77921929	263038799	NA	0
855	1	opencv	fedora-clang-libcxx	4840563	2365930657	3859076	3099338	78070700	263575008	NA	0
856	1	opencv	fedora-clang-libcxx	4877487	2370808144	3859538	3099338	78229701	264115714	NA	0
857	1	opencv	fedora-clang-libcxx	4855429	2375663573	3859787	3099338	78384928	264653714	NA	0
858	1	opencv	fedora-clang-libcxx	4851449	2380515022	3860088	3099338	78541731	265192372	NA	0
859	1	opencv	fedora-clang-libcxx	4854303	2385369325	3860396	3099338	78698412	265730892	NA	0
860	1	opencv	fedora-clang-libcxx	4858926	2390228251	3860688	3099338	78853805	266269114	NA	0
861	1	opencv	fedora-clang-libcxx	4848920	2395077171	3861026	3099338	79005040	266806821	NA	0
862	1	opencv	fedora-clang-libcxx	4798909	2399876080	3861297	3099338	79153213	267335609	NA	0
863	1	opencv	fedora-clang-libcxx	4795982	2404672062	3861465	3099338	79300217	267863753	NA	0
864	1	opencv	fedora-clang-libcxx	4798782	2409470844	3861675	3099338	79448317	268392594	NA	0
865	1	opencv	fedora-clang-libcxx	3753450	2413224294	3862915	3099338	79572289	268817155	NA	0
866	1	opencv	fedora-clang-libcxx	3754250	2416978544	3863368	3099338	79693265	269241770	NA	0
867	1	opencv	fedora-clang-libcxx	3757386	2420735930	3863955	3099338	79816154	269667442	NA	0
868	1	opencv	fedora-clang-libcxx	3747333	2424483263	3864227	3099338	79935163	270090698	NA	0
869	1	opencv	fedora-clang-libcxx	3805599	2428288862	3866145	3099338	80065086	270521645	NA	0
870	1	opencv	fedora-clang-libcxx	3783968	2432072830	3866505	3099338	80184760	270950966	NA	0
871	1	opencv	fedora-clang-libcxx	3746915	2435819745	3866768	3099338	80303397	271373961	NA	0
872	1	opencv	fedora-clang-libcxx	3773084	2439592829	3868641	3099338	80425606	271801054	NA	0
873	1	opencv	fedora-clang-libcxx	3759448	2443352277	3869228	3099338	80547393	272226237	NA	0
874	1	opencv	fedora-clang-libcxx	3766101	2447118378	3870070	3099338	80670706	272652509	NA	0
875	1	opencv	fedora-clang-libcxx	3750612	2450868990	3870432	3099338	80790458	273076135	NA	0
876	1	opencv	fedora-clang-libcxx	3758092	2454627082	3871093	3099338	80912708	273501716	NA	0
877	1	opencv	fedora-clang-libcxx	3759854	2458386936	3871545	3099338	81034951	273927115	NA	0
878	1	opencv	fedora-clang-libcxx	3654990	2462041926	3871756	3099338	81148335	274333606	NA	0
879	1	opencv	fedora-clang-libcxx	4888140	2466930066	3872713	3099338	81300412	274880673	NA	0
880	1	opencv	fedora-clang-libcxx	4923360	2471853426	3873097	3099338	81457728	275429790	NA	0
881	1	opencv	fedora-clang-libcxx	4892630	2476746056	3873305	3099338	81610350	275977681	NA	0
882	1	opencv	fedora-clang-libcxx	4896865	2481642921	3873555	3099338	81767805	276526044	NA	0
883	1	opencv	fedora-clang-libcxx	4916659	2486559580	3873876	3099338	81925695	277075620	NA	0
884	1	opencv	fedora-clang-libcxx	4934887	2491494467	3874486	3099338	82078577	277630751	NA	0
885	1	opencv	fedora-clang-libcxx	4926912	2496421379	3874910	3099338	82239192	278182027	NA	0
886	1	opencv	fedora-clang-libcxx	4904337	2501325716	3875223	3099338	82397802	278731453	NA	0
887	1	opencv	fedora-clang-libcxx	4889295	2506215011	3875373	3099338	82549151	279278718	NA	0
888	1	opencv	fedora-clang-libcxx	4907195	2511122206	3875613	3099338	82706231	279827394	NA	0
889	1	opencv	fedora-clang-libcxx	4888758	2516010964	3875838	3099338	82857144	280374596	NA	0
890	1	opencv	fedora-clang-libcxx	4823785	2520834749	3876249	3356804	83005829	280906857	NA	1
891	1	opencv	fedora-clang-libcxx	4788238	2525622987	3876504	3356804	83153277	281432659	NA	0
892	1	opencv	fedora-clang-libcxx	4789427	2530412414	3876710	3356804	83301434	281958749	NA	0
893	1	opencv	fedora-clang-libcxx	4786304	2535198718	3876905	3356804	83447701	282484340	NA	0
894	1	opencv	fedora-clang-libcxx	6956500	2542155218	3941845	3356804	83916874	283160220	NA	0
895	1	opencv	fedora-clang-libcxx	4444615	2546599833	3954361	3356804	84103739	283645101	NA	0
896	1	opencv	fedora-clang-libcxx	4194078	2550793911	4172930	3356804	84259711	284114583	NA	0
897	1	opencv	fedora-clang-libcxx	4313477	2555107388	4177374	3356804	84417347	284593337	NA	0
898	1	opencv	fedora-clang-libcxx	4339366	2559446754	4180495	3356804	84561088	285075375	NA	0
899	1	opencv	fedora-clang-libcxx	4301416	2563748170	4183734	3356804	84701913	285552375	NA	0
900	1	opencv	fedora-clang-libcxx	4053318	2567801488	4185363	3356804	84830722	286006361	NA	0
901	1	opencv	fedora-clang-libcxx	4002483	2571803971	4186518	3356804	84955432	286453866	NA	0
902	1	opencv	fedora-clang-libcxx	3971370	2575775341	4186959	3356804	85077928	286897933	NA	0
903	1	opencv	fedora-clang-libcxx	3988081	2579763422	4187766	3356804	85202393	287344181	NA	0
904	1	opencv	fedora-clang-libcxx	4173540	2583936962	4193004	3356804	85354895	287807687	NA	0
905	1	opencv	fedora-clang-libcxx	6373379	2590310341	4194910	3356804	85569337	288509061	NA	0
906	1	opencv	fedora-clang-libcxx	6380172	2596690513	4196083	3356804	85785974	289209042	NA	0
907	1	opencv	fedora-clang-libcxx	6305679	2602996192	4196393	3356804	85990363	289898681	NA	0
908	1	opencv	fedora-clang-libcxx	4142239	2607138431	4197567	3356804	86119749	290357919	NA	0
909	1	opencv	fedora-clang-libcxx	4186268	2611324699	4198564	3356804	86257614	290822643	NA	0
910	1	opencv	fedora-clang-libcxx	4137137	2615461836	4198990	3356804	86385593	291280673	NA	0
911	1	opencv	fedora-clang-libcxx	4131006	2619592842	4199132	3356804	86511856	291737396	NA	0
912	1	opencv	fedora-clang-libcxx	4132413	2623725255	4199347	3356804	86638666	292194327	NA	0
913	1	opencv	fedora-clang-libcxx	4134963	2627860218	4199593	3356804	86766424	292651814	NA	0
914	1	opencv	fedora-clang-libcxx	4234757	2632094975	4200329	3356804	86903933	293126680	NA	0
915	1	opencv	fedora-clang-libcxx	4143487	2636238462	4200882	3356804	87034422	293585906	NA	0
916	1	opencv	fedora-clang-libcxx	4132732	2640371194	4201244	3356804	87161394	294042963	NA	0
917	1	opencv	fedora-clang-libcxx	4138830	2644510024	4201616	3356804	87288217	294501062	NA	0
918	1	opencv	fedora-clang-libcxx	4168275	2648678299	4202042	3356804	87418847	294963454	NA	0
919	1	opencv	fedora-clang-libcxx	4384689	2653062988	4203323	3356804	87555943	295453978	NA	0
920	1	opencv	fedora-clang-libcxx	4464669	2657527657	4204749	3356804	87706942	295956076	NA	0
921	1	opencv	fedora-clang-libcxx	4385137	2661912794	4205268	3356804	87841899	296446596	NA	0
922	1	opencv	fedora-clang-libcxx	4405411	2666318205	4206212	3356804	87981391	296940588	NA	0
923	1	opencv	fedora-clang-libcxx	4390641	2670708846	4206799	3356804	88118440	297432682	NA	0
924	1	opencv	fedora-clang-libcxx	4131485	2674840331	4206971	3356804	88244735	297889414	NA	0
925	1	opencv	fedora-clang-libcxx	4407436	2679247767	4207874	3356804	88384860	298383897	NA	0
926	1	opencv	fedora-clang-libcxx	4399733	2683647500	4208725	3356804	88522028	298876054	NA	0
927	1	opencv	fedora-clang-libcxx	4381273	2688028773	4209072	3356804	88656518	299365831	NA	0
928	1	opencv	fedora-clang-libcxx	4455220	2692483993	4209534	3356804	88794717	299868896	NA	0
929	1	opencv	fedora-clang-libcxx	4390699	2696874692	4210007	3356804	88931275	300360286	NA	0
930	1	opencv	fedora-clang-libcxx	4142067	2701016759	4210406	3356804	89060907	300818824	NA	0
931	1	opencv	fedora-clang-libcxx	4136322	2705153081	4210681	3356804	89188776	301276439	NA	0
932	1	opencv	fedora-clang-libcxx	4378513	2709531594	4211757	3356804	89324311	301766112	NA	0
933	1	opencv	fedora-clang-libcxx	4377229	2713908823	4212113	3356804	89458308	302255545	NA	0
934	1	opencv	fedora-clang-libcxx	4385331	2718294154	4212730	3356804	89597627	302747845	NA	0
935	1	opencv	fedora-clang-libcxx	4389711	2722683865	4213791	3356804	89734164	303239711	NA	0
936	1	opencv	fedora-clang-libcxx	4137160	2726821025	4214170	3356804	89861549	303697731	NA	0
937	1	opencv	fedora-clang-libcxx	4387676	2731208701	4214898	3356804	89997468	304189230	NA	0
938	1	opencv	fedora-clang-libcxx	4379537	2735588238	4215234	3356804	90130887	304678763	NA	0
939	1	opencv	fedora-clang-libcxx	4452218	2740040456	4217171	3356804	90276304	305180138	NA	0
940	1	opencv	fedora-clang-libcxx	4382420	2744422876	4217522	3356804	90411611	305670612	NA	0
941	1	opencv	fedora-clang-libcxx	4389836	2748812712	4218567	3356804	90549377	306162516	NA	0
942	1	opencv	fedora-clang-libcxx	4377501	2753190213	4219038	3356804	90685882	306653715	NA	0
943	1	opencv	fedora-clang-libcxx	4181066	2757371279	4220285	3356804	90817492	307123651	NA	0
944	1	opencv	fedora-clang-libcxx	4442863	2761814142	4222740	3356804	90969927	307624880	NA	0
945	1	opencv	fedora-clang-libcxx	4410909	2766225051	4223948	3356804	91109266	308118672	NA	0
946	1	opencv	fedora-clang-libcxx	4144147	2770369198	4224272	3356804	91237752	308576772	NA	0
947	1	opencv	fedora-clang-libcxx	4367340	2774736538	4224627	3356804	91371640	309065248	NA	0
948	1	opencv	fedora-clang-libcxx	4382050	2779118588	4224969	3356804	91506384	309555675	NA	0
949	1	opencv	fedora-clang-libcxx	4380564	2783499152	4225316	3356804	91640660	310045882	NA	0
950	1	opencv	fedora-clang-libcxx	4144282	2787643434	4225820	3356804	91769914	310504512	NA	0
951	1	opencv	fedora-clang-libcxx	4409605	2792053039	4226846	3356804	91912344	311000125	NA	0
952	1	opencv	fedora-clang-libcxx	4435199	2796488238	4230046	3356804	92062971	311501808	NA	0
953	1	opencv	fedora-clang-libcxx	4461763	2800950001	4233032	3356804	92213744	312002452	NA	0
954	1	opencv	fedora-clang-libcxx	4407175	2805357176	4234695	3356804	92350962	312496829	NA	0
955	1	opencv	fedora-clang-libcxx	4141100	2809498276	4235043	3356804	92479820	312955483	NA	0
956	1	opencv	fedora-clang-libcxx	4380760	2813879036	4235402	3356804	92613755	313445341	NA	0
957	1	opencv	fedora-clang-libcxx	4378755	2818257791	4235708	3356804	92747747	313935026	NA	0
958	1	opencv	fedora-clang-libcxx	4400281	2822658072	4236877	3356804	92885397	314428782	NA	0
959	1	opencv	fedora-clang-libcxx	4141378	2826799450	4237260	3356804	93014502	314887651	NA	0
960	1	opencv	fedora-clang-libcxx	4382266	2831181716	4237584	3356804	93149112	315378054	NA	0
961	1	opencv	fedora-clang-libcxx	4394961	2835576677	4238044	3356804	93285599	315871010	NA	0
962	1	opencv	fedora-clang-libcxx	4136668	2839713345	4238411	3356804	93413454	316328981	NA	0
963	1	opencv	fedora-clang-libcxx	4139084	2843852429	4238779	3356804	93541014	316787210	NA	0
964	1	opencv	fedora-clang-libcxx	4382827	2848235256	4239155	3356804	93675177	317277589	NA	0
965	1	opencv	fedora-clang-libcxx	4383317	2852618573	4239594	3356804	93810540	317767803	NA	0
966	1	opencv	fedora-clang-libcxx	4479514	2857098087	4240230	3356804	93950161	318273974	NA	0
967	1	opencv	fedora-clang-libcxx	4383823	2861481910	4240732	3356804	94086480	318766031	NA	0
968	1	opencv	fedora-clang-libcxx	4389575	2865871485	4241122	3356804	94221309	319257466	NA	0
969	1	opencv	fedora-clang-libcxx	4380990	2870252475	4241493	3356804	94355607	319747704	NA	0
970	1	opencv	fedora-clang-libcxx	4415452	2874667927	4242402	3356804	94497632	320243050	NA	0
971	1	opencv	fedora-clang-libcxx	4382638	2879050565	4242798	3356804	94632267	320733475	NA	0
972	1	opencv	fedora-clang-libcxx	4138886	2883189451	4243170	3356804	94760132	321190898	NA	0
973	1	opencv	fedora-clang-libcxx	4387094	2887576545	4243613	3356804	94895544	321681972	NA	0
974	1	opencv	fedora-clang-libcxx	4391271	2891967816	4244332	3356804	95032227	322174089	NA	0
975	1	opencv	fedora-clang-libcxx	4433327	2896401143	4246238	3356804	95173702	322671968	NA	0
976	1	opencv	fedora-clang-libcxx	4394615	2900795758	4247008	3356804	95311087	323164528	NA	0
977	1	opencv	fedora-clang-libcxx	4387268	2905183026	4247450	3356804	95447089	323655726	NA	0
978	1	opencv	fedora-clang-libcxx	4377732	2909560758	4247766	3356804	95581330	324145314	NA	0
979	1	opencv	fedora-clang-libcxx	4423280	2913984038	4249172	3356804	95724813	324641492	NA	0
980	1	opencv	fedora-clang-libcxx	4151135	2918135173	4249831	3356804	95857164	325102078	NA	0
981	1	opencv	fedora-clang-libcxx	4380009	2922515182	4250347	3356804	95993379	325593344	NA	0
982	1	opencv	fedora-clang-libcxx	4139568	2926654750	4250689	3356804	96121571	326051877	NA	0
983	1	opencv	fedora-clang-libcxx	4390062	2931044812	4251285	3356804	96257971	326543740	NA	0
984	1	opencv	fedora-clang-libcxx	4462591	2935507403	4251840	3356804	96397490	327047888	NA	0
985	1	opencv	fedora-clang-libcxx	4464313	2939971716	4252672	3356804	96537055	327552738	NA	0
986	1	opencv	fedora-clang-libcxx	4385715	2944357431	4253152	3356804	96672588	328043877	NA	0
987	1	opencv	fedora-clang-libcxx	4385589	2948743020	4253737	3356804	96807257	328534843	NA	0
988	1	opencv	fedora-clang-libcxx	4136659	2952879679	4254081	3356804	96935133	328992807	NA	0
989	1	opencv	fedora-clang-libcxx	4401703	2957281382	4254906	3356804	97074611	329487263	NA	0
990	1	opencv	fedora-clang-libcxx	4385414	2961666796	4255425	3356804	97208614	329978168	NA	0
991	1	opencv	fedora-clang-libcxx	4377046	2966043842	4255710	3356804	97341724	330467525	NA	0
992	1	opencv	fedora-clang-libcxx	4379544	2970423386	4256018	3356804	97475806	330957366	NA	0
993	1	opencv	fedora-clang-libcxx	4383243	2974806629	4256400	3356804	97611030	331447812	NA	0
994	1	opencv	fedora-clang-libcxx	4159351	2978965980	4257667	3356804	97744901	331909965	NA	0
995	1	opencv	fedora-clang-libcxx	4265701	2983231681	4259260	3356804	97894319	332390496	NA	0
996	1	opencv	fedora-clang-libcxx	4271760	2987503441	4260260	3356804	98031776	332869340	NA	0
997	1	opencv	fedora-clang-libcxx	4237858	2991741299	4260500	3356804	98162682	333345763	NA	0
998	1	opencv	fedora-clang-libcxx	4335202	2996076501	4262846	3356804	98319363	333837276	NA	0
999	1	opencv	fedora-clang-libcxx	4251316	3000327817	4263310	3356804	98453500	334315725	NA	0
1000	1	opencv	fedora-clang-libcxx	4271821	3004599638	4264431	3356804	98590943	334796494	NA	0
1001	1	opencv	fedora-clang-libcxx	4241981	3008841619	4264804	3356804	98722734	335273427	NA	0
1002	1	opencv	fedora-clang-libcxx	4249101	3013090720	4265218	3830714	98858274	335752442	NA	1
1003	1	opencv	fedora-clang-libcxx	4213467	3017304187	4265873	3830714	98990497	336223610	NA	0
1004	1	opencv	fedora-clang-libcxx	5157117	3022461304	4268301	3830714	99172551	336820141	NA	0
1005	1	opencv	fedora-clang-libcxx	5301632	3027762936	4271763	3830714	99383560	337438195	NA	0
1006	1	opencv	fedora-clang-libcxx	4134336	3031897272	4271958	3830714	99510018	337895571	NA	0
1007	1	opencv	fedora-clang-libcxx	4131154	3036028426	4272124	3830714	99636333	338352343	NA	0
1008	1	opencv	fedora-clang-libcxx	4239418	3040267844	4572522	3830714	99768089	338829035	NA	0
1009	1	opencv	fedora-clang-libcxx	4144573	3044412417	4572891	3830714	99896008	339287644	NA	0
1010	1	opencv	fedora-clang-libcxx	4238034	3048650451	4573157	3830714	100027070	339764063	NA	0
1011	1	opencv	fedora-clang-libcxx	4238051	3052888502	4573412	3830714	100158144	340240486	NA	0
1012	1	opencv	fedora-clang-libcxx	4240879	3057129381	4573698	3830714	100289397	340717407	NA	0
1013	1	opencv	fedora-clang-libcxx	4139960	3061269341	4574125	3830714	100417191	341175826	NA	0
1014	1	opencv	fedora-clang-libcxx	5260704	3066530045	4575806	3830714	100599820	341784325	NA	0
1015	1	opencv	fedora-clang-libcxx	5384989	3071915034	4579170	3830714	100804449	342409877	NA	0
1016	1	opencv	fedora-clang-libcxx	6669307	3078584341	4579963	3830714	101021803	343136379	NA	0
1017	1	opencv	fedora-clang-libcxx	4716908	3083301249	4589440	3830714	101267449	343670772	NA	0
1018	1	opencv	fedora-clang-libcxx	4156657	3087457906	4590491	3830714	101399592	344131122	NA	0
1019	1	opencv	fedora-clang-libcxx	4137929	3091595835	4591003	3830714	101527059	344588960	NA	0
1020	1	opencv	fedora-clang-libcxx	4131868	3095727703	4591166	3830714	101653250	345045695	NA	0
1021	1	opencv	fedora-clang-libcxx	4189712	3099917415	4592585	3830714	101792928	345512275	NA	0
1022	1	opencv	fedora-clang-libcxx	4167993	3104085408	4593003	3830714	101928669	345975507	NA	0
1023	1	opencv	fedora-clang-libcxx	4154566	3108239974	4593239	3830714	102061139	346436528	NA	0
1024	1	opencv	fedora-clang-libcxx	4155885	3112395859	4593485	3830714	102193564	346897811	NA	0
1025	1	opencv	fedora-clang-libcxx	4173024	3116568883	4594020	3830714	102328663	347361837	NA	0
1026	1	opencv	fedora-clang-libcxx	4165260	3120734143	4594208	3830714	102463465	347824569	NA	0
1027	1	opencv	fedora-clang-libcxx	4152042	3124886185	4594393	3830714	102595097	348284929	NA	0
1028	1	opencv	fedora-clang-libcxx	4132832	3129019017	4594621	3830714	102721872	348741885	NA	0
1029	1	opencv	fedora-clang-libcxx	4152307	3133171324	4595904	3830714	102850061	349201841	NA	0
1030	1	opencv	fedora-clang-libcxx	4152373	3137323697	4596134	3830714	102977167	349661713	NA	0
1031	1	opencv	fedora-clang-libcxx	4152729	3141476426	4596391	3830714	103104349	350121647	NA	0
1032	1	opencv	fedora-clang-libcxx	4152298	3145628724	4596579	3830714	103231433	350581627	NA	0
1033	1	opencv	fedora-clang-libcxx	4152312	3149781036	4596761	3830714	103358518	351041470	NA	0
1034	1	opencv	fedora-clang-libcxx	4152312	3153933348	4596944	3830714	103485605	351501448	NA	0
1035	1	opencv	fedora-clang-libcxx	4152309	3158085657	4597125	3830714	103612694	351961306	NA	0
1036	1	opencv	fedora-clang-libcxx	4152319	3162237976	4597308	3830714	103739781	352421218	NA	0
1037	1	opencv	fedora-clang-libcxx	4152344	3166390320	4597500	3830714	103866873	352881093	NA	0
1038	1	opencv	fedora-clang-libcxx	4152379	3170542699	4597696	3830714	103993977	353341061	NA	0
1039	1	opencv	fedora-clang-libcxx	4152307	3174695006	4597881	3830714	104121058	353801022	NA	0
1040	1	opencv	fedora-clang-libcxx	4131436	3178826442	4598254	3830714	104247694	354257822	NA	0
1041	1	opencv	fedora-clang-libcxx	4135382	3182961824	4598568	3830714	104374388	354715513	NA	0
1042	1	opencv	fedora-clang-libcxx	6083747	3189045571	4599079	3830714	104550923	355317078	NA	0
1043	1	opencv	fedora-clang-libcxx	6080746	3195126317	4599415	3830714	104726380	355917857	NA	0
1044	1	opencv	fedora-clang-libcxx	6084893	3201211210	4600013	3830714	104902474	356519580	NA	0
1045	1	opencv	fedora-clang-libcxx	6098952	3207310162	4600543	3830714	105081434	357123270	NA	0
1046	1	opencv	fedora-clang-libcxx	6096353	3213406515	4601791	3830714	105257767	357726299	NA	0
1047	1	opencv	fedora-clang-libcxx	6295832	3219702347	4602506	3830714	105436683	358351445	NA	0
1048	1	opencv	fedora-clang-libcxx	6315504	3226017851	4603298	3830714	105621388	358979463	NA	0
1049	1	opencv	fedora-clang-libcxx	6292857	3232310708	4603749	3830714	105799949	359603927	NA	0
1050	1	opencv	fedora-clang-libcxx	6297134	3238607842	4604415	3830714	105978645	360229431	NA	0
1051	1	opencv	fedora-clang-libcxx	6310338	3244918180	4605773	3830714	106158582	360856828	NA	0
1052	1	opencv	fedora-clang-libcxx	6308464	3251226644	4606179	3830714	106337740	361483477	NA	0
1053	1	opencv	fedora-clang-libcxx	6555207	3257781851	4606858	3830714	106520602	362134350	NA	0
1054	1	opencv	fedora-clang-libcxx	6572845	3264354696	4607106	3830714	106703550	362788210	NA	0
1055	1	opencv	fedora-clang-libcxx	4916281	3269270977	4609724	3830714	106863051	363333931	NA	0
1056	1	opencv	fedora-clang-libcxx	5052458	3274323435	4611600	3830714	107035600	363892988	NA	0
1057	1	opencv	fedora-clang-libcxx	5010261	3279333696	4612871	3830714	107201510	364449592	NA	0
1058	1	opencv	fedora-clang-libcxx	4936722	3284270418	4613650	3830714	107361998	364998711	NA	0
1059	1	opencv	fedora-clang-libcxx	5009017	3289279435	4614907	3830714	107526744	365554555	NA	0
1060	1	opencv	fedora-clang-libcxx	5009874	3294289309	4615421	3830714	107687602	366118833	NA	0
1061	1	opencv	fedora-clang-libcxx	4951892	3299241201	4615728	3830714	107844955	366666815	NA	0
1062	1	opencv	fedora-clang-libcxx	4912809	3304154010	4615879	3830714	107995295	367211860	NA	0
1063	1	opencv	fedora-clang-libcxx	5140969	3309294979	4619071	3830714	108170045	367778435	NA	0
1064	1	opencv	fedora-clang-libcxx	5183133	3314478112	4622032	3830714	108355300	368353340	NA	0
1065	1	opencv	fedora-clang-libcxx	4913999	3319392111	4622185	3830714	108506148	368898673	NA	0
1066	1	opencv	fedora-clang-libcxx	4997211	3324389322	4623084	3830714	108670736	369452850	NA	0
1067	1	opencv	fedora-clang-libcxx	4978968	3329368290	4624114	3830714	108834457	370006716	NA	0
1068	1	opencv	fedora-clang-libcxx	4924981	3334293271	4624340	3830714	108991118	370553147	NA	0
1069	1	opencv	fedora-clang-libcxx	4997244	3339290515	4625259	3830714	109166457	371111318	NA	0
1070	1	opencv	fedora-clang-libcxx	5585981	3344876496	4628472	3830714	109365435	371697052	NA	0
1071	1	opencv	fedora-clang-libcxx	5273637	3350150133	4630738	3830714	109541411	372263177	NA	0
1072	1	opencv	fedora-clang-libcxx	4975268	3355125401	4631337	3830714	109701441	372815199	NA	0
1073	1	opencv	fedora-clang-libcxx	5009153	3360134554	4632285	3830714	109863631	373370122	NA	0
1074	1	opencv	fedora-clang-libcxx	222	3360134776	4632417	3830714	109863725	373370240	NA	0
1075	1	opencv	fedora-clang-libcxx	4937008	3365071784	4634380	3830714	110020795	373919435	NA	0
1076	1	opencv	fedora-clang-libcxx	5009945	3370081729	4634892	3830714	110193025	374475671	NA	0
1077	1	opencv	fedora-clang-libcxx	4907307	3374989036	4635363	3830714	110345765	375019863	NA	0
1078	1	opencv	fedora-clang-libcxx	4909549	3379898585	4635791	3830714	110498894	375564557	NA	0
1079	1	opencv	fedora-clang-libcxx	4893900	3384792485	4636059	3830714	110650795	376106088	NA	0
1080	1	opencv	fedora-clang-libcxx	4929095	3389721580	4636568	3830714	110808787	376651769	NA	0
1081	1	opencv	fedora-clang-libcxx	5068606	3394790186	4637930	3830714	110976604	377206323	NA	0
1082	1	opencv	fedora-clang-libcxx	4889262	3399679448	4638075	3830714	111126580	377746621	NA	0
1083	1	opencv	fedora-clang-libcxx	5011844	3404691292	4638731	3830714	111287023	378299755	NA	0
1084	1	opencv	fedora-clang-libcxx	4892784	3409584076	4638979	3830714	111438299	378840942	NA	0
1085	1	opencv	fedora-clang-libcxx	4894179	3414478255	4639179	3830714	111589209	379382046	NA	0
1086	1	opencv	fedora-clang-libcxx	4901564	3419379819	4639410	3830714	111744439	379923550	NA	0
1087	1	opencv	fedora-clang-libcxx	4951700	3424331519	4639900	3830714	111901010	380467770	NA	0
1088	1	opencv	fedora-clang-libcxx	3810186	3428141705	4641881	3830714	112032248	380900524	NA	0
1089	1	opencv	fedora-clang-libcxx	4153889	3432295594	4644649	3830714	112163652	381351657	NA	0
1090	1	opencv	fedora-clang-libcxx	4222373	3436517967	4650554	3830714	112290130	381802837	NA	0
1091	1	opencv	fedora-clang-libcxx	3810866	3440328833	4651163	3830714	112414281	382235657	NA	0
1092	1	opencv	fedora-clang-libcxx	3804227	3444133060	4651511	3830714	112535625	382666800	NA	0
1093	1	opencv	fedora-clang-libcxx	3819806	3447952866	4652126	3830714	112661446	383101326	NA	0
1094	1	opencv	fedora-clang-libcxx	3927991	3451880857	4654018	3830714	112802062	383551523	NA	0
1095	1	opencv	fedora-clang-libcxx	3808538	3455689395	4654406	3830714	112924894	383983726	NA	0
1096	1	opencv	fedora-clang-libcxx	3796975	3459486370	4654568	3830714	113043707	384413504	NA	0
1097	1	opencv	fedora-clang-libcxx	3817956	3463304326	4655212	3830714	113170204	384848177	NA	0
1098	1	opencv	fedora-clang-libcxx	4053859	3467358185	4656341	3830714	113301338	385313802	NA	0
1099	1	opencv	fedora-clang-libcxx	4036936	3471395121	4656769	3830714	113427772	385775387	NA	0
1100	1	opencv	fedora-clang-libcxx	3803176	3475198297	4657161	3830714	113548495	386206155	NA	0
1101	1	opencv	fedora-clang-libcxx	3802424	3479000721	4657505	3830714	113669454	386637190	NA	0
1102	1	opencv	fedora-clang-libcxx	3808092	3482808813	4658462	3830714	113792226	387069661	NA	0
1103	1	opencv	fedora-clang-libcxx	3875287	3486684100	4661115	3830714	113930219	387514032	NA	0
1104	1	opencv	fedora-clang-libcxx	3847011	3490531111	4662788	3830714	114058936	387952432	NA	0
1105	1	opencv	fedora-clang-libcxx	3800145	3494331256	4663163	3830714	114178990	388383100	NA	0
1106	1	opencv	fedora-clang-libcxx	3814052	3498145308	4663927	3830714	114302887	388816314	NA	0
1107	1	opencv	fedora-clang-libcxx	3805003	3501950311	4664348	3830714	114424864	389247907	NA	0
1108	1	opencv	fedora-clang-libcxx	3796946	3505747257	4664506	3830714	114543671	389677671	NA	0
1109	1	opencv	fedora-clang-libcxx	3836483	3509583740	4665763	3830714	114671919	390113581	NA	0
1110	1	opencv	fedora-clang-libcxx	3833537	3513417277	4666884	3830714	114805365	390552986	NA	0
1111	1	opencv	fedora-clang-libcxx	3838150	3517255427	4667941	3830714	114937992	390991791	NA	0
1112	1	opencv	fedora-clang-libcxx	4104190	3521359617	4669904	3830714	115079885	391466207	NA	0
1113	1	opencv	fedora-clang-libcxx	3655070	3525014687	4670123	3830714	115193266	391872700	NA	0
1114	1	opencv	fedora-clang-libcxx	4084396	3529099083	4672523	4493421	115319967	392342064	NA	1
1115	1	opencv	fedora-clang-libcxx	5960460	3535059543	4672882	4493421	115492662	392940021	NA	0
1116	1	opencv	fedora-clang-libcxx	5990980	3541050523	4674212	4493421	115665026	393544194	NA	0
1117	1	opencv	fedora-clang-libcxx	6248321	3547298844	4674428	4493421	115841180	394173731	NA	0
1118	1	opencv	fedora-clang-libcxx	4919345	3552218189	4676536	4493421	115994018	394726476	NA	0
1119	1	opencv	fedora-clang-libcxx	4919484	3557137673	4676750	4493421	116146077	395279279	NA	0
1120	1	opencv	fedora-clang-libcxx	4919361	3562057034	4975341	4493421	116298099	395832098	NA	0
1121	1	opencv	fedora-clang-libcxx	4827481	3566884515	4975749	4493421	116453047	396365113	NA	0
1122	1	opencv	fedora-clang-libcxx	4819430	3571703945	4976067	4493421	116602516	396897068	NA	0
1123	1	opencv	fedora-clang-libcxx	4827525	3576531470	4976343	4493421	116756439	397429570	NA	0
1124	1	opencv	fedora-clang-libcxx	4818536	3581350006	4976545	4493421	116905033	397961034	NA	0
1125	1	opencv	fedora-clang-libcxx	4821819	3586171825	4976756	4493421	117054334	398492895	NA	0
1126	1	opencv	fedora-clang-libcxx	4835925	3591007750	4977269	4493421	117210544	399027221	NA	0
1127	1	opencv	fedora-clang-libcxx	4870341	3595878091	4978069	4493421	117369028	399564242	NA	0
1128	1	opencv	fedora-clang-libcxx	4843727	3600721818	4978705	4493421	117523957	400099263	NA	0
1129	1	opencv	fedora-clang-libcxx	4845344	3605567162	4979315	4493421	117677946	400632962	NA	0
1130	1	opencv	fedora-clang-libcxx	4821785	3610388947	4979674	4493421	117827399	401165054	NA	0
1131	1	opencv	fedora-clang-libcxx	4823395	3615212342	4980106	4493421	117976792	401697563	NA	0
1132	1	opencv	fedora-clang-libcxx	4839717	3620052059	4980466	4493421	118129577	402230039	NA	0
1133	1	opencv	fedora-clang-libcxx	4812107	3624864166	4980628	4493421	118276870	402760666	NA	0
1134	1	opencv	fedora-clang-libcxx	4851998	3629716164	4981282	4493421	118433810	403295703	NA	0
1135	1	opencv	fedora-clang-libcxx	4821844	3634538008	4981619	4493421	118583631	403828004	NA	0
1136	1	opencv	fedora-clang-libcxx	4841323	3639379331	4982103	4493421	118739045	404361971	NA	0
1137	1	opencv	fedora-clang-libcxx	4838773	3644218104	4982453	4493421	118893821	404895600	NA	0
1138	1	opencv	fedora-clang-libcxx	4818876	3649036980	4982666	4493421	119042614	405427275	NA	0
1139	1	opencv	fedora-clang-libcxx	4814974	3653851954	4982858	4493421	119190916	405958483	NA	0
1140	1	opencv	fedora-clang-libcxx	4919963	3658771917	4983087	4493421	119343020	406511503	NA	0
1141	1	opencv	fedora-clang-libcxx	4920105	3663692022	4983302	4493421	119495116	407064433	NA	0
1142	1	opencv	fedora-clang-libcxx	4924535	3668616557	4983555	4493421	119648771	407617890	NA	0
1143	1	opencv	fedora-clang-libcxx	4831677	3673448234	4983944	4493421	119802608	408150598	NA	0
1144	1	opencv	fedora-clang-libcxx	4819835	3678268069	4984441	4493421	119951325	408682549	NA	0
1145	1	opencv	fedora-clang-libcxx	4831542	3683099611	4984708	4493421	120104742	409215148	NA	0
1146	1	opencv	fedora-clang-libcxx	4812280	3687911891	4984862	4493421	120252115	409745835	NA	0
1147	1	opencv	fedora-clang-libcxx	4825117	3692737008	4985077	4493421	120400907	410277553	NA	0
1148	1	opencv	fedora-clang-libcxx	4190978	3696927986	4990606	4493421	120561702	410756234	NA	0
1149	1	opencv	fedora-clang-libcxx	3742312	3700670298	4991370	4493421	120682548	411177815	NA	0
1150	1	opencv	fedora-clang-libcxx	3719101	3704389399	4991524	4493421	120798748	411595853	NA	0
1151	1	opencv	fedora-clang-libcxx	3902595	3708291994	4991954	4493421	120922577	412034043	NA	0
1152	1	opencv	fedora-clang-libcxx	3920787	3712212781	4992998	4493421	121051483	412475773	NA	0
1153	1	opencv	fedora-clang-libcxx	3719159	3715931940	4993160	4493421	121167602	412893790	NA	0
1154	1	opencv	fedora-clang-libcxx	3719163	3719651103	4993323	4493421	121283722	413311817	NA	0
1155	1	opencv	fedora-clang-libcxx	3719296	3723370399	4993494	4493421	121399852	413729875	NA	0
1156	1	opencv	fedora-clang-libcxx	3953820	3727324219	4994726	4493421	121535342	414176961	NA	0
1157	1	opencv	fedora-clang-libcxx	3902392	3731226611	4995298	4493421	121659379	414615450	NA	0
1158	1	opencv	fedora-clang-libcxx	3947447	3735174058	4996528	4493421	121789737	415061904	NA	0
1159	1	opencv	fedora-clang-libcxx	3719179	3738893237	4996695	4493421	121905866	415479946	NA	0
1160	1	opencv	fedora-clang-libcxx	3950782	3742844019	4997733	4493421	122037125	415926814	NA	0
1161	1	opencv	fedora-clang-libcxx	3719242	3746563261	4997901	4493421	122153339	416344911	NA	0
1162	1	opencv	fedora-clang-libcxx	3921392	3750484653	4998994	4493421	122282395	416786737	NA	0
1163	1	opencv	fedora-clang-libcxx	3898991	3754383644	4999548	4493421	122406600	417224834	NA	0
1164	1	opencv	fedora-clang-libcxx	4051701	3758435345	5001405	4493421	122554641	417690209	NA	0
1165	1	opencv	fedora-clang-libcxx	3917199	3762352544	5002476	4493421	122681752	418131428	NA	0
1166	1	opencv	fedora-clang-libcxx	3719101	3766071645	5002629	4493421	122797952	418549466	NA	0
1167	1	opencv	fedora-clang-libcxx	3905514	3769977159	5003504	4493421	122922940	418988462	NA	0
1168	1	opencv	fedora-clang-libcxx	4070109	3774047268	5006049	4493421	123068159	419444853	NA	0
1169	1	opencv	fedora-clang-libcxx	4035764	3778083032	5007594	4493421	123202030	419902019	NA	0
1170	1	opencv	fedora-clang-libcxx	3738365	3781821397	5008282	4493421	123322195	420323677	NA	0
1171	1	opencv	fedora-clang-libcxx	3730661	3785552058	5008873	4493421	123442687	420744512	NA	0
1172	1	opencv	fedora-clang-libcxx	3899773	3789451831	5009671	4493421	123567748	421181492	NA	0
1173	1	opencv	fedora-clang-libcxx	4944396	3794396227	5010544	4493421	123728192	421713842	NA	0
1174	1	opencv	fedora-clang-libcxx	4771254	3799167481	5011492	4493421	123871899	422237003	NA	0
1175	1	opencv	fedora-clang-libcxx	4781754	3803949235	5011747	4493421	124019136	422761521	NA	0
1176	1	opencv	fedora-clang-libcxx	4774599	3808723834	5011992	4493421	124165845	423285426	NA	0
1177	1	opencv	fedora-clang-libcxx	4843193	3813567027	5012804	4493421	124321323	423815971	NA	0
1178	1	opencv	fedora-clang-libcxx	4771928	3818338955	5012984	4493421	124466602	424339238	NA	0
1179	1	opencv	fedora-clang-libcxx	4867043	3823205998	5013507	4493421	124624083	424870511	NA	0
1180	1	opencv	fedora-clang-libcxx	4885031	3828091029	5014254	4493421	124784314	425403017	NA	0
1181	1	opencv	fedora-clang-libcxx	4839235	3832930264	5014750	4493421	124939469	425934834	NA	0
1182	1	opencv	fedora-clang-libcxx	4771627	3837701891	5014919	4493421	125084736	426457983	NA	0
1183	1	opencv	fedora-clang-libcxx	4772740	3842474631	5015075	4493421	125230535	426981426	NA	0
1184	1	opencv	fedora-clang-libcxx	4852294	3847326925	5015992	4493421	125387938	427511988	NA	0
1185	1	opencv	fedora-clang-libcxx	4878835	3852205760	5016749	4493421	125546331	428043762	NA	0
1186	1	opencv	fedora-clang-libcxx	4797113	3857002873	5017044	4493421	125698249	428569152	NA	0
1187	1	opencv	fedora-clang-libcxx	5090482	3862093355	5018880	4493421	125874605	429114670	NA	0
1188	1	opencv	fedora-clang-libcxx	4810599	3866903954	5019345	4493421	126028842	429642080	NA	0
1189	1	opencv	fedora-clang-libcxx	4803551	3871707505	5019807	4493421	126182123	430168308	NA	0
1190	1	opencv	fedora-clang-libcxx	4776487	3876483992	5020078	4493421	126328863	430692001	NA	0
1191	1	opencv	fedora-clang-libcxx	4769717	3881253709	5020231	4493421	126474591	431214975	NA	0
1192	1	opencv	fedora-clang-libcxx	4783490	3886037199	5020511	4493421	126622223	431739594	NA	0
1193	1	opencv	fedora-clang-libcxx	3909077	3889946276	5023206	4493421	126760504	432190245	NA	0
1194	1	opencv	fedora-clang-libcxx	3888471	3893834747	5023735	4493421	126886597	432638706	NA	0
1195	1	opencv	fedora-clang-libcxx	3954349	3897789096	5024793	4493421	127021850	433091244	NA	0
1196	1	opencv	fedora-clang-libcxx	3904932	3901694028	5025368	4493421	127151548	433541459	NA	0
1197	1	opencv	fedora-clang-libcxx	3920686	3905614714	5027121	4493421	127290922	433998874	NA	0
1198	1	opencv	fedora-clang-libcxx	3886987	3909501701	5027537	4493421	127417969	434448179	NA	0
1199	1	opencv	fedora-clang-libcxx	3977581	3913479282	5029819	4493421	127556745	434905475	NA	0
1200	1	opencv	fedora-clang-libcxx	3892348	3917371630	5030281	4493421	127683722	435354366	NA	0
1201	1	opencv	fedora-clang-libcxx	3973653	3921345283	5031367	4493421	127821003	435816414	NA	0
1202	1	opencv	fedora-clang-libcxx	4056972	3925402255	5037651	4493421	127994243	436293556	NA	0
1203	1	opencv	fedora-clang-libcxx	4063871	3929466126	5038319	4493421	128127978	436759232	NA	0
1204	1	opencv	fedora-clang-libcxx	4149401	3933615527	5040559	4493421	128264028	437236535	NA	0
1205	1	opencv	fedora-clang-libcxx	4304116	3937919643	5041878	4493421	128410346	437738668	NA	0
1206	1	opencv	fedora-clang-libcxx	4932598	3942852241	5042859	4493421	128572048	438291954	NA	0
1207	1	opencv	fedora-clang-libcxx	4951503	3947803744	5043354	4493421	128730352	438845346	NA	0
1208	1	opencv	fedora-clang-libcxx	4916732	3952720476	5044032	4493421	128886667	439397022	NA	0
1209	1	opencv	fedora-clang-libcxx	4913554	3957634030	5044335	4493421	129042738	439947715	NA	0
1210	1	opencv	fedora-clang-libcxx	5066708	3962700738	5045394	4493421	129217267	440512799	NA	0
1211	1	opencv	fedora-clang-libcxx	4927134	3967627872	5045785	4493421	129376096	441065525	NA	0
1212	1	opencv	fedora-clang-libcxx	4969566	3972597438	5046522	4493421	129536272	441620404	NA	0
1213	1	opencv	fedora-clang-libcxx	4900261	3977497699	5046707	4493421	129686562	442170285	NA	0
1214	1	opencv	fedora-clang-libcxx	4927299	3982424998	5047023	4493421	129844191	442722313	NA	0
1215	1	opencv	fedora-clang-libcxx	4899556	3987324554	5047225	4493421	129994885	443272017	NA	0
1216	1	opencv	fedora-clang-libcxx	4909782	3992234336	5047473	4493421	130150845	443822562	NA	0
1217	1	opencv	fedora-clang-libcxx	4901262	3997135598	5047742	4493421	130301924	444372479	NA	0
1218	1	opencv	fedora-clang-libcxx	4973747	4002109345	5048146	4493421	130462301	444937543	NA	0
1219	1	opencv	fedora-clang-libcxx	5022167	4007131512	5049712	4493421	130634757	445501018	NA	0
1220	1	opencv	fedora-clang-libcxx	4782553	4011914065	5050185	4493421	130782741	446025951	NA	0
1221	1	opencv	fedora-clang-libcxx	4769699	4016683764	5050360	4493421	130928469	446549033	NA	0
1222	1	opencv	fedora-clang-libcxx	4772884	4021456648	5050557	4493421	131075406	447072702	NA	0
1223	1	opencv	fedora-clang-libcxx	3994966	4025451614	5053434	4493421	131218561	447528733	NA	0
1224	1	opencv	fedora-clang-libcxx	4510535	4029962149	5055949	4493421	131381935	448058426	NA	0
1225	1	opencv	fedora-clang-libcxx	4095330	4034057479	5058710	4493421	131538138	448531658	NA	0
1226	1	opencv	fedora-clang-libcxx	4042537	4038100016	5060119	5086077	131679317	448997192	NA	1
1227	1	opencv	fedora-clang-libcxx	4011476	4042111492	5061213	5086077	131811165	449455572	NA	0
1228	1	opencv	fedora-clang-libcxx	3982758	4046094250	5061552	5086077	131935294	449908948	NA	0
1229	1	opencv	fedora-clang-libcxx	4476092	4050570342	5065691	5086077	132114925	450438960	NA	0
1230	1	opencv	fedora-clang-libcxx	4233109	4054803451	5067344	5086077	132259798	450922848	NA	0
1231	1	opencv	fedora-clang-libcxx	4061368	4058864819	5068194	5086077	132387257	451389317	NA	0
1232	1	opencv	fedora-clang-libcxx	4074409	4062939228	5623781	5086077	132532660	451859971	NA	0
1233	1	opencv	fedora-clang-libcxx	3996123	4066935351	5624575	5086077	132662632	452316722	NA	0
1234	1	opencv	fedora-clang-libcxx	4065192	4071000543	5626040	5086077	132810195	452784216	NA	0
1235	1	opencv	fedora-clang-libcxx	4156942	4075157485	5627283	5086077	132979874	453272206	NA	0
1236	1	opencv	fedora-clang-libcxx	4050959	4079208444	5628787	5086077	133115316	453739334	NA	0
1237	1	opencv	fedora-clang-libcxx	3992821	4083201265	5629337	5086077	133243407	454194922	NA	0
1238	1	opencv	fedora-clang-libcxx	4022252	4087223517	5630536	5086077	133377562	454655029	NA	0
1239	1	opencv	fedora-clang-libcxx	3982825	4091206342	5630860	5086077	133501874	455108472	NA	0
1240	1	opencv	fedora-clang-libcxx	3977666	4095184008	5631015	5086077	133623609	455560525	NA	0
1241	1	opencv	fedora-clang-libcxx	3989640	4099173648	5631758	5086077	133752720	456016153	NA	0
1242	1	opencv	fedora-clang-libcxx	3981392	4103155040	5632112	5086077	133876396	456469391	NA	0
1243	1	opencv	fedora-clang-libcxx	4057531	4107212571	5633725	5086077	134012040	456937042	NA	0
1244	1	opencv	fedora-clang-libcxx	3984615	4111197186	5634097	5086077	134137329	457391066	NA	0
1245	1	opencv	fedora-clang-libcxx	4027840	4115225026	5636068	5086077	134275476	457853506	NA	0
1246	1	opencv	fedora-clang-libcxx	4088109	4119313135	5637721	5086077	134413315	458328028	NA	0
1247	1	opencv	fedora-clang-libcxx	4009897	4123323032	5638530	5086077	134546081	458787365	NA	0
1248	1	opencv	fedora-clang-libcxx	4002894	4127325926	5639201	5086077	134678198	459245510	NA	0
1249	1	opencv	fedora-clang-libcxx	4262579	4131588505	5640535	5086077	134820315	459738806	NA	0
1250	1	opencv	fedora-clang-libcxx	4300998	4135889503	5643202	5086077	134975753	460238999	NA	0
1251	1	opencv	fedora-clang-libcxx	4009492	4139898995	5643572	5086077	135101816	460695245	NA	0
1252	1	opencv	fedora-clang-libcxx	4260283	4144159278	5644845	5086077	135244054	461188951	NA	0
1253	1	opencv	fedora-clang-libcxx	3977781	4148137059	5645030	5086077	135365815	461641025	NA	0
1254	1	opencv	fedora-clang-libcxx	4020724	4152157783	5648357	5086077	135493516	462102700	NA	0
1255	1	opencv	fedora-clang-libcxx	4042472	4156200255	5649180	5086077	135627706	462568942	NA	0
1256	1	opencv	fedora-clang-libcxx	4027971	4160228226	5649473	5086077	135755441	463030782	NA	0
1257	1	opencv	fedora-clang-libcxx	4029083	4164257309	5649858	5086077	135884973	463494336	NA	0
1258	1	opencv	fedora-clang-libcxx	4040962	4168298271	5650650	5086077	136014264	463957042	NA	0
1259	1	opencv	fedora-clang-libcxx	4033050	4172331321	5651483	5086077	136144739	464420509	NA	0
1260	1	opencv	fedora-clang-libcxx	4019903	4176351224	5651719	5086077	136272891	464882825	NA	0
1261	1	opencv	fedora-clang-libcxx	4035902	4180387126	5652900	5086077	136401944	465346027	NA	0
1262	1	opencv	fedora-clang-libcxx	4048685	4184435811	5653577	5086077	136534770	465812547	NA	0
1263	1	opencv	fedora-clang-libcxx	4023983	4188459794	5654087	5086077	136662808	466274803	NA	0
1264	1	opencv	fedora-clang-libcxx	4034974	4192494768	5654686	5086077	136793801	466738292	NA	0
1265	1	opencv	fedora-clang-libcxx	4088025	4196582793	5655907	5086077	136943757	467212411	NA	0
1266	1	opencv	fedora-clang-libcxx	4027561	4200610354	5656654	5086077	137072181	467674491	NA	0
1267	1	opencv	fedora-clang-libcxx	4023365	4204633719	5657170	5086077	137200175	468136344	NA	0
1268	1	opencv	fedora-clang-libcxx	4101166	4208734885	5657930	5086077	137335334	468605984	NA	0
1269	1	opencv	fedora-clang-libcxx	3655022	4212389907	5658145	5086077	137448710	469012533	NA	0
1270	1	opencv	fedora-clang-libcxx	6147947	4218537854	5659295	5086077	137618317	469635017	NA	0
1271	1	opencv	fedora-clang-libcxx	4988694	4223526548	5662354	5086077	137773818	470198455	NA	0
1272	1	opencv	fedora-clang-libcxx	4898991	4228425539	5662810	5086077	137929706	470742413	NA	0
1273	1	opencv	fedora-clang-libcxx	4887773	4233313312	5663092	5086077	138079401	471285087	NA	0
1274	1	opencv	fedora-clang-libcxx	4894299	4238207611	5663450	5086077	138230741	471828986	NA	0
1275	1	opencv	fedora-clang-libcxx	4900004	4243107615	5664012	5086077	138381433	472372930	NA	0
1276	1	opencv	fedora-clang-libcxx	4933763	4248041378	5664826	5086077	138543037	472921326	NA	0
1277	1	opencv	fedora-clang-libcxx	5032469	4253073847	5666857	5086077	138722124	473481930	NA	0
1278	1	opencv	fedora-clang-libcxx	4898525	4257972372	5667460	5086077	138876394	474027713	NA	0
1279	1	opencv	fedora-clang-libcxx	4898795	4262871167	5667958	5086077	139028724	474572222	NA	0
1280	1	opencv	fedora-clang-libcxx	4952318	4267823485	5668713	5086077	139190186	475126578	NA	0
1281	1	opencv	fedora-clang-libcxx	4892778	4272716263	5669112	5086077	139341387	475670438	NA	0
1282	1	opencv	fedora-clang-libcxx	4962836	4277679099	5670204	5086077	139507730	476223579	NA	0
1283	1	opencv	fedora-clang-libcxx	4885771	4282564870	5670492	5086077	139657031	476766472	NA	0
1284	1	opencv	fedora-clang-libcxx	4886240	4287451110	5670826	5086077	139807069	477309540	NA	0
1285	1	opencv	fedora-clang-libcxx	4887470	4292338580	5671140	5086077	139957025	477852524	NA	0
1286	1	opencv	fedora-clang-libcxx	4991863	4297330443	5671622	5086077	140117994	478416275	NA	0
1287	1	opencv	fedora-clang-libcxx	4892127	4302222570	5671922	5086077	140268447	478959525	NA	0
1288	1	opencv	fedora-clang-libcxx	4924516	4307147086	5672447	5086077	140440562	479515105	NA	0
1289	1	opencv	fedora-clang-libcxx	5077119	4312224205	5674094	5086077	140613355	480084852	NA	0
1290	1	opencv	fedora-clang-libcxx	5011939	4317236144	5676052	5086077	140782435	480649414	NA	0
1291	1	opencv	fedora-clang-libcxx	4931072	4322167216	5676801	5086077	140944731	481198570	NA	0
1292	1	opencv	fedora-clang-libcxx	4892111	4327059327	5677116	5086077	141095562	481742125	NA	0
1293	1	opencv	fedora-clang-libcxx	4881326	4331940653	5677275	5086077	141243471	482283843	NA	0
1294	1	opencv	fedora-clang-libcxx	4880187	4336820840	5677441	5086077	141390947	482825278	NA	0
1295	1	opencv	fedora-clang-libcxx	4880175	4341701015	5677604	5086077	141538422	483366696	NA	0
1296	1	opencv	fedora-clang-libcxx	4887157	4346588172	5677907	5086077	141688681	483909801	NA	0
1297	1	opencv	fedora-clang-libcxx	5113009	4351701181	5679835	5086077	141862366	484468226	NA	0
1298	1	opencv	fedora-clang-libcxx	4935688	4356636869	5680881	5086077	142027578	485019110	NA	0
1299	1	opencv	fedora-clang-libcxx	4889878	4361526747	5681216	5086077	142176966	485561917	NA	0
1300	1	opencv	fedora-clang-libcxx	4902146	4366428893	5681629	5086077	142332252	486106151	NA	0
1301	1	opencv	fedora-clang-libcxx	5087409	4371516302	5684071	5086077	142503612	486679646	NA	0
1302	1	opencv	fedora-clang-libcxx	4959485	4376475787	5684494	5086077	142657388	487235617	NA	0
1303	1	opencv	fedora-clang-libcxx	4948849	4381424636	5684989	5086077	142817761	487789240	NA	0
1304	1	opencv	fedora-clang-libcxx	4926126	4386350762	5685483	5086077	142978520	488337200	NA	0
1305	1	opencv	fedora-clang-libcxx	4981362	4391332124	5685724	5086077	143133042	488900684	NA	0
1306	1	opencv	fedora-clang-libcxx	4883682	4396215806	5686101	5086077	143284435	489443430	NA	0
1307	1	opencv	fedora-clang-libcxx	4879222	4401095028	5686406	5086077	143435955	489986114	NA	0
1308	1	opencv	fedora-clang-libcxx	4883672	4405978700	5686668	5086077	143587599	490528809	NA	0
1309	1	opencv	fedora-clang-libcxx	4873586	4410852286	5686822	5086077	143737294	491070063	NA	0
1310	1	opencv	fedora-clang-libcxx	4888363	4415740649	5687170	5086077	143893485	491613103	NA	0
1311	1	opencv	fedora-clang-libcxx	4884048	4420624697	5687508	5086077	144045886	492156010	NA	0
1312	1	opencv	fedora-clang-libcxx	4879393	4425504090	5687838	5086077	144196886	492698288	NA	0
1313	1	opencv	fedora-clang-libcxx	4881316	4430385406	5688074	5086077	144347873	493240453	NA	0
1314	1	opencv	fedora-clang-libcxx	4102003	4434487409	5690483	5086077	144488495	493710620	NA	0
1315	1	opencv	fedora-clang-libcxx	4147869	4438635278	5691752	5086077	144627759	494185200	NA	0
1316	1	opencv	fedora-clang-libcxx	3883432	4442518710	5692139	5086077	144753617	494633136	NA	0
1317	1	opencv	fedora-clang-libcxx	4802552	4447321262	5692598	5086077	144906266	495158850	NA	0
1318	1	opencv	fedora-clang-libcxx	4769517	4452090779	5692770	5086077	145051921	495681700	NA	0
1319	1	opencv	fedora-clang-libcxx	3834381	4455925160	5696749	5086077	145200188	496121871	NA	0
1320	1	opencv	fedora-clang-libcxx	3790066	4459715226	5697150	5086077	145320904	496552871	NA	0
1321	1	opencv	fedora-clang-libcxx	3820556	4463535782	5697897	5086077	145448984	496989061	NA	0
1322	1	opencv	fedora-clang-libcxx	4125159	4467660941	5699427	5086077	145598678	497466476	NA	0
1323	1	opencv	fedora-clang-libcxx	4850808	4472511749	5702031	5086077	146157276	498157667	NA	0
1324	1	opencv	fedora-clang-libcxx	3788357	4476300106	5702246	5086077	146277055	498588221	NA	0
1325	1	opencv	fedora-clang-libcxx	3927022	4480227128	5703040	5086077	146408972	499042542	NA	0
1326	1	opencv	fedora-clang-libcxx	4084631	4484311759	5704333	5086077	146544142	499508467	NA	0
1327	1	opencv	fedora-clang-libcxx	3790868	4488102627	5704729	5086077	146664983	499939859	NA	0
1328	1	opencv	fedora-clang-libcxx	3791576	4491894203	5705287	5086077	146786270	500371089	NA	0
1329	1	opencv	fedora-clang-libcxx	4065864	4495960067	5705607	5086077	146914298	500833077	NA	0
1330	1	opencv	fedora-clang-libcxx	3787356	4499747423	5705839	5086077	147033693	501263398	NA	0
1331	1	opencv	fedora-clang-libcxx	3792199	4503539622	5706128	5086077	147154081	501695017	NA	0
1332	1	opencv	fedora-clang-libcxx	3792010	4507331632	5706566	5086077	147273804	502126579	NA	0
1333	1	opencv	fedora-clang-libcxx	3954087	4511285719	5707049	5086077	147400303	502573883	NA	0
1334	1	opencv	fedora-clang-libcxx	3805058	4515090777	5707919	5086077	147525258	503008295	NA	0
1335	1	opencv	fedora-clang-libcxx	3872603	4518963380	5710055	5086077	147670631	503454000	NA	0
1336	1	opencv	fedora-clang-libcxx	3812065	4522775445	5710493	5086077	147793127	503889354	NA	0
1337	1	opencv	fedora-clang-libcxx	3904914	4526680359	5711672	5086077	147923259	504334574	NA	0
1338	1	opencv	fedora-clang-libcxx	4068605	4530748964	5712072	5708246	148053526	504797126	NA	1
1339	1	opencv	fedora-clang-libcxx	4066356	4534815320	5712413	5708246	148183352	505259482	NA	0
1340	1	opencv	fedora-clang-libcxx	3788810	4538604130	5712616	5708246	148302890	505689846	NA	0
1341	1	opencv	fedora-clang-libcxx	4184667	4542788797	5714631	5708246	148489390	506196554	NA	0
1342	1	opencv	fedora-clang-libcxx	3785256	4546574053	5714788	5708246	148608213	506626343	NA	0
1343	1	opencv	fedora-clang-libcxx	4246862	4550820915	5719384	5708246	148789777	507124991	NA	0
1344	1	opencv	fedora-clang-libcxx	3872950	4554693865	5969317	5708246	148940982	507574548	NA	0
1345	1	opencv	fedora-clang-libcxx	3655054	4558348919	5969532	5708246	149054361	507981049	NA	0
1346	1	opencv	fedora-clang-libcxx	5195502	4563544421	5980674	5708246	149243332	508559064	NA	0
1347	1	opencv	fedora-clang-libcxx	5121048	4568665469	5981091	5708246	149406439	509118751	NA	0
1348	1	opencv	fedora-clang-libcxx	5200522	4573865991	5981543	5708246	149571502	509694771	NA	0
1349	1	opencv	fedora-clang-libcxx	5340198	4579206189	5983115	5708246	149753821	510284239	NA	0
1350	1	opencv	fedora-clang-libcxx	5119699	4584325888	5983478	5708246	149916000	510843410	NA	0
1351	1	opencv	fedora-clang-libcxx	5262096	4589587984	5984276	5708246	150086820	511425935	NA	0
1352	1	opencv	fedora-clang-libcxx	5148330	4594736314	5986507	5708246	150257338	511992971	NA	0
1353	1	opencv	fedora-clang-libcxx	5290509	4600026823	5987674	5708246	150432079	512578737	NA	0
1354	1	opencv	fedora-clang-libcxx	5100239	4605127062	5988060	5708246	150593630	513136796	NA	0
1355	1	opencv	fedora-clang-libcxx	5088233	4610215295	5988234	5708246	150747756	513692511	NA	0
1356	1	opencv	fedora-clang-libcxx	5207343	4615422638	5988949	5708246	150916007	514257187	NA	0
1357	1	opencv	fedora-clang-libcxx	5157907	4620580545	5989662	5708246	151082577	514820462	NA	0
1358	1	opencv	fedora-clang-libcxx	4922360	4625502905	5989907	5708246	151235057	515374472	NA	0
1359	1	opencv	fedora-clang-libcxx	4922166	4630425071	5990121	5708246	151387372	515928367	NA	0
1360	1	opencv	fedora-clang-libcxx	4941665	4635366736	5990588	5708246	151547502	516481705	NA	0
1361	1	opencv	fedora-clang-libcxx	4832015	4640198751	5990879	5708246	151700836	517014902	NA	0
1362	1	opencv	fedora-clang-libcxx	4814389	4645013140	5991038	5708246	151848426	517546791	NA	0
1363	1	opencv	fedora-clang-libcxx	5122317	4650135457	5991825	5708246	152009820	518106225	NA	0
1364	1	opencv	fedora-clang-libcxx	4192732	4654328189	5995640	5708246	152161613	518587831	NA	0
1365	1	opencv	fedora-clang-libcxx	4184947	4658513136	5996495	5708246	152296224	519069781	NA	0
1366	1	opencv	fedora-clang-libcxx	4166467	4662679603	5996683	5708246	152424942	519548258	NA	0
1367	1	opencv	fedora-clang-libcxx	4188305	4666867908	5997400	5708246	152560325	520030899	NA	0
1368	1	opencv	fedora-clang-libcxx	4182476	4671050384	5998068	5708246	152694152	520512183	NA	0
1369	1	opencv	fedora-clang-libcxx	4203311	4675253695	5999083	5708246	152832300	520996871	NA	0
1370	1	opencv	fedora-clang-libcxx	4283634	4679537329	6000333	5708246	152975420	521490335	NA	0
1371	1	opencv	fedora-clang-libcxx	4186459	4683723788	6000973	5708246	153109716	521971912	NA	0
1372	1	opencv	fedora-clang-libcxx	4169061	4687892849	6001273	5708246	153239110	522450916	NA	0
1373	1	opencv	fedora-clang-libcxx	4169657	4692062506	6001576	5708246	153369231	522929916	NA	0
1374	1	opencv	fedora-clang-libcxx	4182762	4696245268	6002288	5708246	153501770	523410407	NA	0
1375	1	opencv	fedora-clang-libcxx	4170223	4700415491	6002658	5708246	153630806	523889253	NA	0
1376	1	opencv	fedora-clang-libcxx	3655054	4704070545	6002864	5708246	153744185	524295752	NA	0
1377	1	opencv	fedora-clang-libcxx	5037979	4709108524	6006508	5708246	153907115	524867781	NA	0
1378	1	opencv	fedora-clang-libcxx	4934336	4714042860	6006780	5708246	154060311	525418547	NA	0
1379	1	opencv	fedora-clang-libcxx	4937520	4718980380	6007011	5708246	154211777	525969686	NA	0
1380	1	opencv	fedora-clang-libcxx	4934179	4723914559	6007226	5708246	154365028	526520520	NA	0
1381	1	opencv	fedora-clang-libcxx	4930662	4728845221	6007382	5708246	154516850	527070618	NA	0
1382	1	opencv	fedora-clang-libcxx	4938378	4733783599	6007616	5708246	154674492	527621688	NA	0
1383	1	opencv	fedora-clang-libcxx	4962737	4738746336	6007879	5708246	154832208	528173703	NA	0
1384	1	opencv	fedora-clang-libcxx	4934577	4743680913	6008075	5708246	154985071	528724341	NA	0
1385	1	opencv	fedora-clang-libcxx	4935077	4748615990	6008281	5708246	155138150	529275143	NA	0
1386	1	opencv	fedora-clang-libcxx	5038786	4753654776	6008542	5708246	155299242	529847557	NA	0
1387	1	opencv	fedora-clang-libcxx	5038862	4758693638	6008753	5708246	155460148	530419925	NA	0
1388	1	opencv	fedora-clang-libcxx	4938340	4763631978	6009115	5708246	155618500	530971381	NA	0
1389	1	opencv	fedora-clang-libcxx	4931094	4768563072	6009284	5708246	155770425	531521723	NA	0
1390	1	opencv	fedora-clang-libcxx	5231991	4773795063	6009794	5708246	155940804	532117932	NA	0
1391	1	opencv	fedora-clang-libcxx	4980502	4778775565	6010188	5708246	156101068	532675739	NA	0
1392	1	opencv	fedora-clang-libcxx	4822652	4783598217	6010669	5708246	156250815	533208562	NA	0
1393	1	opencv	fedora-clang-libcxx	4827755	4788425972	6011422	5708246	156408004	533742862	NA	0
1394	1	opencv	fedora-clang-libcxx	4885975	4793311947	6011666	5708246	156559541	534289950	NA	0
1395	1	opencv	fedora-clang-libcxx	4887408	4798199355	6011976	5708246	156712068	534837500	NA	0
1396	1	opencv	fedora-clang-libcxx	4878189	4803077544	6013426	5708246	156876771	535383598	NA	0
1397	1	opencv	fedora-clang-libcxx	4849747	4807927291	6013936	5708246	157029202	535923147	NA	0
1398	1	opencv	fedora-clang-libcxx	4959406	4812886697	6017626	5708246	157206068	536481469	NA	0
1399	1	opencv	fedora-clang-libcxx	5035531	4817922228	6028075	5708246	157435246	537059760	NA	0
1400	1	opencv	fedora-clang-libcxx	4847650	4822769878	6029952	5708246	157603596	537597674	NA	0
1401	1	opencv	fedora-clang-libcxx	4793690	4827563568	6030649	5708246	157754243	538125138	NA	0
1402	1	opencv	fedora-clang-libcxx	4047096	4831610664	6032709	5708246	157891900	538584152	NA	0
1403	1	opencv	fedora-clang-libcxx	4049418	4835660082	6033938	5708246	158024276	539043889	NA	0
1404	1	opencv	fedora-clang-libcxx	4032061	4839692143	6034299	5708246	158152344	539499977	NA	0
1405	1	opencv	fedora-clang-libcxx	4311066	4844003209	6035333	5708246	158295423	539993525	NA	0
1406	1	opencv	fedora-clang-libcxx	4053158	4848056367	6035947	5708246	158428279	540452674	NA	0
1407	1	opencv	fedora-clang-libcxx	4070861	4852127228	6036787	5708246	158565330	540914749	NA	0
1408	1	opencv	fedora-clang-libcxx	4028846	4856156074	6037037	5708246	158691912	541369882	NA	0
1409	1	opencv	fedora-clang-libcxx	4408683	4860564757	6038346	5708246	158839475	541882805	NA	0
1410	1	opencv	fedora-clang-libcxx	4264361	4864829118	6038877	5708246	158972292	542369389	NA	0
1411	1	opencv	fedora-clang-libcxx	4280444	4869109562	6039671	5708246	159111587	542860249	NA	0
1412	1	opencv	fedora-clang-libcxx	4093024	4873202586	6039969	5708246	159240217	543322760	NA	0
1413	1	opencv	fedora-clang-libcxx	4032141	4877234727	6040679	5708246	159368149	543778536	NA	0
1414	1	opencv	fedora-clang-libcxx	4033214	4881267941	6040949	5708246	159494496	544234487	NA	0
1415	1	opencv	fedora-clang-libcxx	4038256	4885306197	6041529	5708246	159622923	544691663	NA	0
1416	1	opencv	fedora-clang-libcxx	4038898	4889345095	6041889	5708246	159750494	545148905	NA	0
1417	1	opencv	fedora-clang-libcxx	4034561	4893379656	6042198	5708246	159877395	545605183	NA	0
1418	1	opencv	fedora-clang-libcxx	4033391	4897413047	6042424	5708246	160003841	546061189	NA	0
1419	1	opencv	fedora-clang-libcxx	4035447	4901448494	6042718	5708246	160131133	546517661	NA	0
1420	1	opencv	fedora-clang-libcxx	4032506	4905481000	6042928	5708246	160257137	546973495	NA	0
1421	1	opencv	fedora-clang-libcxx	4056956	4909537956	6043597	5708246	160387929	547432225	NA	0
1422	1	opencv	fedora-clang-libcxx	4035196	4913573152	6044058	5708246	160516835	547889111	NA	0
1423	1	opencv	fedora-clang-libcxx	4025871	4917599023	6044303	5708246	160642337	548343613	NA	0
1424	1	opencv	fedora-clang-libcxx	4040654	4921639677	6044846	5708246	160773651	548801612	NA	0
1425	1	opencv	fedora-clang-libcxx	4030545	4925670222	6045152	5708246	160901071	549257199	NA	0
1426	1	opencv	fedora-clang-libcxx	4049355	4929719577	6045784	5708246	161030952	549716561	NA	0
1427	1	opencv	fedora-clang-libcxx	4036430	4933756007	6046336	5708246	161160666	550173855	NA	0
1428	1	opencv	fedora-clang-libcxx	4032432	4937788439	6046747	5708246	161289194	550630139	NA	0
1429	1	opencv	fedora-clang-libcxx	4316035	4942104474	6047884	5708246	161432046	551123814	NA	0
1430	1	opencv	fedora-clang-libcxx	3654990	4945759464	6048096	5708246	161545430	551530303	NA	0
1431	1	opencv	fedora-clang-libcxx	4280433	4950039897	6048597	5708246	161677447	552017823	NA	0
1432	1	opencv	fedora-clang-libcxx	6187015	4956226912	6048967	5708246	161854721	552640380	NA	0
1433	1	opencv	fedora-clang-libcxx	6444362	4962671274	6049184	5708246	162035799	553288336	NA	0
1434	1	opencv	fedora-clang-libcxx	5012593	4967683867	6050804	5708246	162196179	553853148	NA	0
1435	1	opencv	fedora-clang-libcxx	5012635	4972696502	6051005	5708246	162351458	554417993	NA	0
1436	1	opencv	fedora-clang-libcxx	5012705	4977709207	6051189	5708246	162506756	554982812	NA	0
1437	1	opencv	fedora-clang-libcxx	5012680	4982721887	6051376	5708246	162662047	555547658	NA	0
1438	1	opencv	fedora-clang-libcxx	4928754	4987650641	6051813	5708246	162819416	556092951	NA	0
1439	1	opencv	fedora-clang-libcxx	4918456	4992569097	6052089	5708246	162976285	556637232	NA	0
1440	1	opencv	fedora-clang-libcxx	5022809	4997591906	6052615	5708246	163139405	557202681	NA	0
1441	1	opencv	fedora-clang-libcxx	4918540	5002510446	6052835	5708246	163295108	557746425	NA	0
1442	1	opencv	fedora-clang-libcxx	4919134	5007429580	6053448	5708246	163453369	558291839	NA	0
1443	1	opencv	fedora-clang-libcxx	4940708	5012370288	6054090	5708246	163614176	558839428	NA	0
1444	1	opencv	fedora-clang-libcxx	4910123	5017280411	6054463	5708246	163766785	559383510	NA	0
1445	1	opencv	fedora-clang-libcxx	4908126	5022188537	6054693	5708246	163918494	559927044	NA	0
1446	1	opencv	fedora-clang-libcxx	4905474	5027094011	6054866	5708246	164068848	560469805	NA	0
1447	1	opencv	fedora-clang-libcxx	4915013	5032009024	6055292	5708246	164222251	561014445	NA	0
1448	1	opencv	fedora-clang-libcxx	4944601	5036953625	6055993	5708246	164384233	561562799	NA	0
1449	1	opencv	fedora-clang-libcxx	5013213	5041966838	6056252	5708246	164539447	562127747	NA	0
1450	1	opencv	fedora-clang-libcxx	5013217	5046980055	6056449	6310821	164694598	562692729	NA	1
1451	1	opencv	fedora-clang-libcxx	5013338	5051993393	6056641	6310821	164849766	563257736	NA	0
1452	1	opencv	fedora-clang-libcxx	5013213	5057006606	6056815	6310821	165004911	563822618	NA	0
1453	1	opencv	fedora-clang-libcxx	5013328	5062019934	6057001	6310821	165160248	564387471	NA	0
1454	1	opencv	fedora-clang-libcxx	5013308	5067033242	6057185	6310821	165315585	564952413	NA	0
1455	1	opencv	fedora-clang-libcxx	4913750	5071946992	6057596	6310821	165468158	565496565	NA	0
1456	1	opencv	fedora-clang-libcxx	4913928	5076860920	6110956	6310821	165619894	566040748	NA	0
1457	1	opencv	fedora-clang-libcxx	4909469	5081770389	6111173	6310821	165771974	566584595	NA	0
1458	1	opencv	fedora-clang-libcxx	4919158	5086689547	6111467	6310821	165928994	567128904	NA	0
1459	1	opencv	fedora-clang-libcxx	4905646	5091595193	6111637	6310821	166079432	567671635	NA	0
1460	1	opencv	fedora-clang-libcxx	4933351	5096528544	6112210	6310821	166237767	568217399	NA	0
1461	1	opencv	fedora-clang-libcxx	4914042	5101442586	6112536	6310821	166390276	568761659	NA	0
1462	1	opencv	fedora-clang-libcxx	4909003	5106351589	6112760	6310821	166541730	569305111	NA	0
1463	1	opencv	fedora-clang-libcxx	3956494	5110308083	6113337	6310821	166668393	569752470	NA	0
1464	1	opencv	fedora-clang-libcxx	3808026	5114116109	6113860	6310821	166792781	570186504	NA	0
1465	1	opencv	fedora-clang-libcxx	3820059	5117936168	6114523	6310821	166920120	570625522	NA	0
1466	1	opencv	fedora-clang-libcxx	3896084	5121832252	6115729	6310821	167046611	571080801	NA	0
1467	1	opencv	fedora-clang-libcxx	3908510	5125740762	6116490	6310821	167178877	571537936	NA	0
1468	1	opencv	fedora-clang-libcxx	3832979	5129573741	6117100	6310821	167304376	571981335	NA	0
1469	1	opencv	fedora-clang-libcxx	3660134	5133233875	6117702	6310821	167419820	572393299	NA	0
1470	1	opencv	fedora-clang-libcxx	3725846	5136959721	6118019	6310821	167537521	572813996	NA	0
1471	1	opencv	fedora-clang-libcxx	3654571	5140614292	6118682	6310821	167652476	573222465	NA	0
1472	1	opencv	fedora-clang-libcxx	3900596	5144514888	6119076	6310821	167772986	573656637	NA	0
1473	1	opencv	fedora-clang-libcxx	4073214	5148588102	6130499	6310821	167904153	574121336	NA	0
1474	1	opencv	fedora-clang-libcxx	4003772	5152591874	6130842	6310821	168029933	574577252	NA	0
1475	1	opencv	fedora-clang-libcxx	4020972	5156612846	6131375	6310821	168156308	575035793	NA	0
1476	1	opencv	fedora-clang-libcxx	4051740	5160664586	6132085	6310821	168285752	575501343	NA	0
1477	1	opencv	fedora-clang-libcxx	3999595	5164664181	6132356	6310821	168411044	575956669	NA	0
1478	1	opencv	fedora-clang-libcxx	4020679	5168684860	6133030	6310821	168535432	576415117	NA	0
1479	1	opencv	fedora-clang-libcxx	4090944	5172775804	6133872	6310821	168667413	576883525	NA	0
1480	1	opencv	fedora-clang-libcxx	4001338	5176777142	6134201	6310821	168792934	577339158	NA	0
1481	1	opencv	fedora-clang-libcxx	4066634	5180843776	6134692	6310821	168921813	577802384	NA	0
1482	1	opencv	fedora-clang-libcxx	4065483	5184909259	6135114	6310821	169050025	578265148	NA	0
1483	1	opencv	fedora-clang-libcxx	4064310	5188973569	6135500	6310821	169177314	578727576	NA	0
1484	1	opencv	fedora-clang-libcxx	4065267	5193038836	6135982	6310821	169304749	579190326	NA	0
1485	1	opencv	fedora-clang-libcxx	4073087	5197111923	6136611	6310821	169432941	579655325	NA	0
1486	1	opencv	fedora-clang-libcxx	4287267	5201399190	6137525	6310821	169571836	580137062	NA	0
1487	1	opencv	fedora-clang-libcxx	4065082	5205464272	6137981	6310821	169699542	580599774	NA	0
1488	1	opencv	fedora-clang-libcxx	4020876	5209485148	6138450	6310821	169824424	581058345	NA	0
1489	1	opencv	fedora-clang-libcxx	4080197	5213565345	6139475	6310821	169953945	581525273	NA	0
1490	1	opencv	fedora-clang-libcxx	4042127	5217607472	6140034	6310821	170080356	581988142	NA	0
1491	1	opencv	fedora-clang-libcxx	4043823	5221651295	6140535	6310821	170211326	582451902	NA	0
1492	1	opencv	fedora-clang-libcxx	3750029	5225401324	6140894	6310821	170328937	582880239	NA	0
1493	1	opencv	fedora-clang-libcxx	4064222	5229465546	6141347	6310821	170457168	583345843	NA	0
1494	1	opencv	fedora-clang-libcxx	3864895	5233330441	6141978	6310821	170581955	583791558	NA	0
1495	1	opencv	fedora-clang-libcxx	3754117	5237084558	6142427	6310821	170702924	584221064	NA	0
1496	1	opencv	fedora-clang-libcxx	4066720	5241151278	6143035	6310821	170831765	584687091	NA	0
1497	1	opencv	fedora-clang-libcxx	3753710	5244904988	6143464	6310821	170953000	585116636	NA	0
1498	1	opencv	fedora-clang-libcxx	3802493	5248707481	6143968	6310821	171077781	585556030	NA	0
1499	1	opencv	fedora-clang-libcxx	3818690	5252526171	6144403	6310821	171199216	585992432	NA	0
1500	2	opencv	fedora-clang-libcxx	1733186	5254259357	6144453	6310821	171251346	586173353	NA	0
1501	2	opencv	fedora-clang-libcxx	557810	5254817167	6144504	6310821	171266748	586225606	NA	0
1502	2	opencv	fedora-clang-libcxx	2771811	5257588978	6144555	6310821	171351519	586522781	NA	0
1503	2	opencv	fedora-clang-libcxx	2771931	5260360909	6144606	6310821	171436262	586819220	NA	0
1504	2	opencv	fedora-clang-libcxx	3187729	5263548638	6144658	6310821	171530283	587159206	NA	0
1505	2	opencv	fedora-clang-libcxx	3060105	5266608743	6144710	6310821	171621298	587486583	NA	0
1506	2	opencv	fedora-clang-libcxx	3170615	5269779358	6144762	6310821	171715373	587828513	NA	0
1507	2	opencv	fedora-clang-libcxx	3167884	5272947242	6144814	6310821	171809603	588169075	NA	0
1508	2	opencv	fedora-clang-libcxx	3163508	5276110750	6144866	6310821	171903602	588509540	NA	0
1509	2	opencv	fedora-clang-libcxx	3183319	5279294069	6144918	6310821	171998243	588852453	NA	0
1510	2	opencv	fedora-clang-libcxx	3039421	5282333490	6144970	6310821	172088244	589177070	NA	0
1511	2	opencv	fedora-clang-libcxx	3090637	5285424127	6145022	6310821	172180043	589508039	NA	0
1512	2	opencv	fedora-clang-libcxx	3050083	5288474210	6145074	6310821	172270603	589835016	NA	0
1513	2	opencv	fedora-clang-libcxx	3277269	5291751479	6145126	6310821	172367899	590188872	NA	0
1514	2	opencv	fedora-clang-libcxx	3095959	5294847438	6145178	6310821	172458974	590517279	NA	0
1515	2	opencv	fedora-clang-libcxx	3113935	5297961373	6145230	6310821	172550717	590849693	NA	0
1516	2	opencv	fedora-clang-libcxx	3129615	5301090988	6145282	6310821	172643164	591184606	NA	0
1517	2	opencv	fedora-clang-libcxx	86282	5301177270	6145334	6310821	172646778	591199829	NA	0
1518	2	opencv	fedora-clang-libcxx	53146	5301230416	6145386	6310821	172649326	591210585	NA	0
1519	2	opencv	fedora-clang-libcxx	169698	5301400114	6145438	6310821	172655507	591257185	NA	0
1520	2	opencv	fedora-clang-libcxx	136733	5301536847	6145490	6310821	172661341	591281968	NA	0
1521	2	opencv	fedora-clang-libcxx	102760	5301639607	6145542	6310821	172665656	591300221	NA	0
1522	2	opencv	fedora-clang-libcxx	112158	5301751765	6145594	6310821	172670523	591320452	NA	0
1523	2	opencv	fedora-clang-libcxx	115551	5301867316	6145646	6310821	172675564	591341613	NA	0
1524	2	opencv	fedora-clang-libcxx	114814	5301982130	6145698	6310821	172680516	591362483	NA	0
1525	2	opencv	fedora-clang-libcxx	125718	5302107848	6145750	6310821	172685762	591384579	NA	0
1526	2	opencv	fedora-clang-libcxx	103538	5302211386	6145802	6310821	172690058	591402720	NA	0
1527	2	opencv	fedora-clang-libcxx	96147	5302307533	6145854	6310821	172694226	591421070	NA	0
1528	2	opencv	fedora-clang-libcxx	92266	5302399799	6145906	6310821	172698200	591437602	NA	0
1529	2	opencv	fedora-clang-libcxx	119631	5302519430	6145958	6310821	172702972	591458854	NA	0
1530	2	opencv	fedora-clang-libcxx	52970	5302572400	6146010	6310821	172705520	591469580	NA	0
1531	2	opencv	fedora-clang-libcxx	105752	5302678152	6146062	6310821	172710006	591488223	NA	0
1532	2	opencv	fedora-clang-libcxx	110281	5302788433	6146114	6310821	172714435	591507064	NA	0
1533	2	opencv	fedora-clang-libcxx	145863	5302934296	6146166	6310821	172719530	591527812	NA	0
1534	2	opencv	fedora-clang-libcxx	117544	5303051840	6146218	6310821	172724309	591548093	NA	0
1535	2	opencv	fedora-clang-libcxx	115823	5303167663	6146270	6310821	172728876	591567563	NA	0
1536	2	opencv	fedora-clang-libcxx	110216	5303277879	6146322	6310821	172733361	591586659	NA	0
1537	2	opencv	fedora-clang-libcxx	115516	5303393395	6146374	6310821	172738059	591606658	NA	0
1538	2	opencv	fedora-clang-libcxx	119375	5303512770	6146426	6310821	172742874	591627253	NA	0
1539	2	opencv	fedora-clang-libcxx	127669	5303640439	6146478	6310821	172748040	591649187	NA	0
1540	2	opencv	fedora-clang-libcxx	170079	5303810518	6146530	6310821	172753693	591671966	NA	0
1541	2	opencv	fedora-clang-libcxx	116737	5303927255	6146582	6310821	172758453	591692174	NA	0
1542	2	opencv	fedora-clang-libcxx	114317	5304041572	6146634	6310821	172763002	591711532	NA	0
1543	2	opencv	fedora-clang-libcxx	117855	5304159427	6146686	6310821	172767765	591731713	NA	0
1544	2	opencv	fedora-clang-libcxx	114541	5304273968	6146738	6310821	172772387	591751254	NA	0
1545	2	opencv	fedora-clang-libcxx	119641	5304393609	6146790	6310821	172777252	591771827	NA	0
1546	2	opencv	fedora-clang-libcxx	107154	5304500763	6146842	6310821	172781588	591790245	NA	0
1547	2	opencv	fedora-clang-libcxx	117175	5304617938	6146894	6310821	172786372	591810628	NA	0
1548	2	opencv	fedora-clang-libcxx	125161	5304743099	6146946	6310821	172791334	591831710	NA	0
1549	2	opencv	fedora-clang-libcxx	133335	5304876434	6146998	6310821	172796737	591854774	NA	0
1550	2	opencv	fedora-clang-libcxx	120417	5304996851	6147050	6310821	172801512	591875075	NA	0
1551	2	opencv	fedora-clang-libcxx	169903	5305166754	6147102	6310821	172806932	591896920	NA	0
1552	2	opencv	fedora-clang-libcxx	114014	5305280768	6147154	6310821	172811438	591916037	NA	0
1553	2	opencv	fedora-clang-libcxx	115239	5305396007	6147206	6310821	172815964	591935353	NA	0
1554	2	opencv	fedora-clang-libcxx	115753	5305511760	6147258	6310821	172820553	591954871	NA	0
1555	2	opencv	fedora-clang-libcxx	116550	5305628310	6147310	6310821	172825188	591974476	NA	0
1556	2	opencv	fedora-clang-libcxx	194772	5305823082	6147362	6310821	172831489	592000408	NA	0
1557	2	opencv	fedora-clang-libcxx	118931	5305942013	6147414	6310821	172836158	592020175	NA	0
1558	2	opencv	fedora-clang-libcxx	123662	5306065675	6147466	6310821	172841294	592042627	NA	0
1559	2	opencv	fedora-clang-libcxx	132450	5306198125	6147518	6310821	172846850	592066044	NA	0
1560	2	opencv	fedora-clang-libcxx	108470	5306306595	6147570	6310821	172851226	592084711	NA	0
1561	2	opencv	fedora-clang-libcxx	133614	5306440209	6147622	6310821	172856188	592104935	NA	0
1562	2	opencv	fedora-clang-libcxx	117544	5306557753	6147674	6770428	172860967	592125205	NA	1
1563	2	opencv	fedora-clang-libcxx	115823	5306673576	6147726	6770428	172865534	592144681	NA	0
1564	2	opencv	fedora-clang-libcxx	110216	5306783792	6147778	6770428	172870019	592163778	NA	0
1565	2	opencv	fedora-clang-libcxx	115516	5306899308	6147830	6770428	172874717	592183776	NA	0
1566	2	opencv	fedora-clang-libcxx	119375	5307018683	6147882	6770428	172879532	592204354	NA	0
1567	2	opencv	fedora-clang-libcxx	112191	5307130874	6147934	6770428	172884058	592223675	NA	0
1568	2	opencv	fedora-clang-libcxx	151827	5307282701	6147986	6770428	172889479	592245469	NA	0
1569	2	opencv	fedora-clang-libcxx	116737	5307399438	6148038	6770428	172894239	592265678	NA	0
1570	2	opencv	fedora-clang-libcxx	114317	5307513755	6148090	6770428	172898788	592285032	NA	0
1571	2	opencv	fedora-clang-libcxx	117855	5307631610	6148142	6770428	172903551	592305215	NA	0
1572	2	opencv	fedora-clang-libcxx	108678	5307740288	6148194	6770428	172907963	592323970	NA	0
1573	2	opencv	fedora-clang-libcxx	119641	5307859929	6148246	6770428	172912828	592344547	NA	0
1574	2	opencv	fedora-clang-libcxx	107154	5307967083	6148298	6770428	172917164	592362963	NA	0
1575	2	opencv	fedora-clang-libcxx	110910	5308077993	6148350	6770428	172921620	592381950	NA	0
1576	2	opencv	fedora-clang-libcxx	151190	5308229183	6148402	6770428	172926908	592403447	NA	0
1577	2	opencv	fedora-clang-libcxx	117478	5308346661	6148454	6770428	172931684	592423708	NA	0
1578	2	opencv	fedora-clang-libcxx	115756	5308462417	6148506	6770428	172936250	592443180	NA	0
1579	2	opencv	fedora-clang-libcxx	110183	5308572600	6148558	6770428	172940734	592462267	NA	0
1580	2	opencv	fedora-clang-libcxx	115454	5308688054	6148610	6770428	172945428	592482249	NA	0
1581	2	opencv	fedora-clang-libcxx	125481	5308813535	6148662	6770428	172950424	592503611	NA	0
1582	2	opencv	fedora-clang-libcxx	132591	5308946126	6148714	6770428	172955817	592526299	NA	0
1583	2	opencv	fedora-clang-libcxx	175812	5309121938	6148766	6770428	172961676	592549878	NA	0
1584	2	opencv	fedora-clang-libcxx	116686	5309238624	6148818	6770428	172966434	592570090	NA	0
1585	2	opencv	fedora-clang-libcxx	114286	5309352910	6148870	6770428	172970982	592589444	NA	0
1586	2	opencv	fedora-clang-libcxx	117776	5309470686	6148922	6770428	172975743	592609601	NA	0
1587	2	opencv	fedora-clang-libcxx	114459	5309585145	6148974	6770428	172980364	592629105	NA	0
1588	2	opencv	fedora-clang-libcxx	125926	5309711071	6149026	6770428	172985415	592650424	NA	0
1589	2	opencv	fedora-clang-libcxx	107939	5309819010	6149078	6770428	172989817	592669173	NA	0
1590	2	opencv	fedora-clang-libcxx	117145	5309936155	6149130	6770428	172994601	592689553	NA	0
1591	2	opencv	fedora-clang-libcxx	127178	5310063333	6149182	6770428	172999712	592711161	NA	0
1592	2	opencv	fedora-clang-libcxx	133284	5310196617	6149234	6770428	173005115	592734206	NA	0
1593	2	opencv	fedora-clang-libcxx	120738	5310317355	6149286	6770428	173009912	592754544	NA	0
1594	2	opencv	fedora-clang-libcxx	175729	5310493084	6149338	6770428	173015512	592777116	NA	0
1595	2	opencv	fedora-clang-libcxx	113965	5310607049	6149390	6770428	173020020	592796230	NA	0
1596	2	opencv	fedora-clang-libcxx	115190	5310722239	6149442	6770428	173024548	592815544	NA	0
1597	2	opencv	fedora-clang-libcxx	115687	5310837926	6149494	6770428	173029139	592835057	NA	0
1598	2	opencv	fedora-clang-libcxx	116526	5310954452	6149546	6770428	173033776	592854651	NA	0
1599	2	opencv	fedora-clang-libcxx	194450	5311148902	6149598	6770428	173040084	592880601	NA	0
1600	2	opencv	fedora-clang-libcxx	118840	5311267742	6149650	6770428	173044755	592900365	NA	0
1601	2	opencv	fedora-clang-libcxx	123545	5311391287	6149702	6770428	173049891	592922797	NA	0
1602	2	opencv	fedora-clang-libcxx	132285	5311523572	6149754	6770428	173055446	592946188	NA	0
1603	2	opencv	fedora-clang-libcxx	113944	5311637516	6149806	6770428	173060066	592965717	NA	0
1604	2	opencv	fedora-clang-libcxx	360062	5311997578	6149858	6770428	173065589	592989806	NA	0
1605	2	opencv	fedora-clang-libcxx	108196	5312105774	6149910	6770428	173069979	593008437	NA	0
1606	2	opencv	fedora-clang-libcxx	109435	5312215209	6149962	6770428	173074428	593027187	NA	0
1607	2	opencv	fedora-clang-libcxx	120313	5312335522	6150014	6770428	173079358	593048186	NA	0
1608	2	opencv	fedora-clang-libcxx	118123	5312453645	6150066	6770428	173084388	593069036	NA	0
1609	2	opencv	fedora-clang-libcxx	129131	5312582776	6150118	6770428	173089687	593091885	NA	0
1610	2	opencv	fedora-clang-libcxx	107592	5312690368	6150170	6770428	173094076	593110401	NA	0
1611	2	opencv	fedora-clang-libcxx	125336	5312815704	6150222	6770428	173099174	593132303	NA	0
1612	2	opencv	fedora-clang-libcxx	133033	5312948737	6150274	6770428	173104517	593155163	NA	0
1613	2	opencv	fedora-clang-libcxx	116078	5313064815	6150326	6770428	173109267	593175544	NA	0
1614	2	opencv	fedora-clang-libcxx	114919	5313179734	6150378	6770428	173114004	593195428	NA	0
1615	2	opencv	fedora-clang-libcxx	92009	5313271743	6150430	6770428	173117883	593212102	NA	0
1616	2	opencv	fedora-clang-libcxx	91115	5313362858	6150482	6770428	173121744	593228701	NA	0
1617	2	opencv	fedora-clang-libcxx	139091	5313501949	6150534	6770428	173127029	593251941	NA	0
1618	2	opencv	fedora-clang-libcxx	110176	5313612125	6150586	6770428	173131502	593270946	NA	0
1619	2	opencv	fedora-clang-libcxx	116118	5313728243	6150638	6770428	173136236	593291038	NA	0
1620	2	opencv	fedora-clang-libcxx	115848	5313844091	6150690	6770428	173140921	593311434	NA	0
1621	2	opencv	fedora-clang-libcxx	150733	5313994824	6150742	6770428	173146604	593335554	NA	0
1622	2	opencv	fedora-clang-libcxx	129622	5314124446	6150794	6770428	173151926	593357179	NA	0
1623	2	opencv	fedora-clang-libcxx	126681	5314251127	6150846	6770428	173157008	593378882	NA	0
1624	2	opencv	fedora-clang-libcxx	108997	5314360124	6150898	6770428	173161454	593397749	NA	0
1625	2	opencv	fedora-clang-libcxx	95548	5314455672	6150950	6770428	173165503	593416232	NA	0
1626	2	opencv	fedora-clang-libcxx	113783	5314569455	6151002	6770428	173170009	593435360	NA	0
1627	2	opencv	fedora-clang-libcxx	139772	5314709227	6151054	6770428	173175602	593458730	NA	0
1628	2	opencv	fedora-clang-libcxx	109662	5314818889	6151106	6770428	173180047	593477513	NA	0
1629	2	opencv	fedora-clang-libcxx	734	5314819623	6151157	6770428	173180083	593477744	NA	0
1630	2	opencv	fedora-clang-libcxx	114444	5314934067	6151209	6770428	173184599	593497189	NA	0
1631	2	opencv	fedora-clang-libcxx	123490	5315057557	6151261	6770428	173189732	593518333	NA	0
1632	2	opencv	fedora-clang-libcxx	122946	5315180503	6151313	6770428	173194796	593539592	NA	0
1633	2	opencv	fedora-clang-libcxx	3691	5315184194	6151329	6770428	173194964	593540197	NA	0
1634	2	opencv	fedora-clang-libcxx	11881	5315196075	6151345	6770428	173195344	593541543	NA	0
1635	2	opencv	fedora-clang-libcxx	53527	5315249602	6151361	6770428	173196443	593544190	NA	0
1636	2	opencv	fedora-clang-libcxx	37463	5315287065	6151377	6770428	173197319	593546448	NA	0
1637	2	opencv	fedora-clang-libcxx	15685	5315302750	6151393	6770428	173197969	593549075	NA	0
1638	2	opencv	fedora-clang-libcxx	21428	5315324178	6151409	6770428	173198670	593551194	NA	0
1639	2	opencv	fedora-clang-libcxx	9039	5315333217	6151425	6770428	173199076	593552470	NA	0
1640	2	opencv	fedora-clang-libcxx	44550	5315377767	6151441	6770428	173200021	593554949	NA	0
1641	2	opencv	fedora-clang-libcxx	58898	5315436665	6151457	6770428	173201094	593557827	NA	0
1642	2	opencv	fedora-clang-libcxx	16144	5315452809	6151473	6770428	173201782	593560048	NA	0
1643	2	opencv	fedora-clang-libcxx	10188	5315462997	6151489	6770428	173202267	593561525	NA	0
1644	2	opencv	fedora-clang-libcxx	14241	5315477238	6151505	6770428	173202961	593563783	NA	0
1645	2	opencv	fedora-clang-libcxx	13957	5315491195	6151521	6770428	173203548	593565915	NA	0
1646	2	opencv	fedora-clang-libcxx	12099	5315503294	6151537	6770428	173204161	593567949	NA	0
1647	2	opencv	fedora-clang-libcxx	19235	5315522529	6151553	6770428	173205203	593570986	NA	0
1648	2	opencv	fedora-clang-libcxx	14082	5315536611	6151569	6770428	173205860	593573401	NA	0
1649	2	opencv	fedora-clang-libcxx	6481	5315543092	6151585	6770428	173206113	593574422	NA	0
1650	2	opencv	fedora-clang-libcxx	7464	5315550556	6151601	6770428	173206370	593575495	NA	0
1651	2	opencv	fedora-clang-libcxx	62342	5315612898	6151617	6770428	173207604	593578776	NA	0
1652	2	opencv	fedora-clang-libcxx	42985	5315655883	6151633	6770428	173208630	593581480	NA	0
1653	2	opencv	fedora-clang-libcxx	9994	5315665877	6151649	6770428	173209034	593582894	NA	0
1654	2	opencv	fedora-clang-libcxx	49635	5315715512	6151665	6770428	173210028	593585655	NA	0
1655	2	opencv	fedora-clang-libcxx	64175	5315779687	6151681	6770428	173211154	593588840	NA	0
1656	2	opencv	fedora-clang-libcxx	18028	5315797715	6151697	6770428	173211874	593591387	NA	0
1657	2	opencv	fedora-clang-libcxx	11261	5315808976	6151713	6770428	173212307	593593034	NA	0
1658	2	opencv	fedora-clang-libcxx	14310	5315823286	6151729	6770428	173212870	593595200	NA	0
1659	2	opencv	fedora-clang-libcxx	7199	5315830485	6151745	6770428	173213106	593596143	NA	0
1660	2	opencv	fedora-clang-libcxx	200922	5316031407	6151797	6770428	173219389	593620409	NA	0
1661	2	opencv	fedora-clang-libcxx	140110	5316171517	6151849	6770428	173224559	593643592	NA	0
1662	2	opencv	fedora-clang-libcxx	94535	5316266052	6151901	6770428	173228502	593661493	NA	0
1663	2	opencv	fedora-clang-libcxx	94008	5316360060	6151953	6770428	173232411	593679378	NA	0
1664	2	opencv	fedora-clang-libcxx	136578	5316496638	6152005	6770428	173237280	593701851	NA	0
1665	2	opencv	fedora-clang-libcxx	98702	5316595340	6152057	6770428	173241407	593720542	NA	0
1666	2	opencv	fedora-clang-libcxx	166103	5316761443	6152109	6770428	173248145	593749159	NA	0
1667	2	opencv	fedora-clang-libcxx	160178	5316921621	6152161	6770428	173254217	593777533	NA	0
1668	2	opencv	fedora-clang-libcxx	356996	5317278617	6152213	6770428	173266070	593822880	NA	0
1669	2	opencv	fedora-clang-libcxx	252549	5317531166	6152265	6770428	173274925	593858592	NA	0
1670	2	opencv	fedora-clang-libcxx	93871	5317625037	6152317	6770428	173278834	593876380	NA	0
1671	2	opencv	fedora-clang-libcxx	94676	5317719713	6152369	6770428	173282724	593894021	NA	0
1672	2	opencv	fedora-clang-libcxx	93418	5317813131	6152421	6770428	173286605	593911686	NA	0
1673	2	opencv	fedora-clang-libcxx	200599	5318013730	6152473	6770428	173292658	593939954	NA	0
1674	2	opencv	fedora-clang-libcxx	116018	5318129748	6152524	6922399	173294123	593947613	NA	1
1675	2	opencv	fedora-clang-libcxx	94881	5318224629	6152576	6922399	173298041	593965571	NA	0
1676	2	opencv	fedora-clang-libcxx	209014	5318433643	6152628	6922399	173305281	593995889	NA	0
1677	2	opencv	fedora-clang-libcxx	64760	5318498403	6152680	6922399	173307996	594007554	NA	0
1678	2	opencv	fedora-clang-libcxx	91953	5318590356	6152732	6922399	173311791	594024845	NA	0
1679	2	opencv	fedora-clang-libcxx	91906	5318682262	6152784	6922399	173315551	594042132	NA	0
1680	2	opencv	fedora-clang-libcxx	200570	5318882832	6152836	6922399	173324291	594080030	NA	0
1681	2	opencv	fedora-clang-libcxx	197752	5319080584	6152888	6922399	173331738	594112848	NA	0
1682	2	opencv	fedora-clang-libcxx	91953	5319172537	6152940	6922399	173335533	594130133	NA	0
1683	2	opencv	fedora-clang-libcxx	140829	5319313366	6152992	6922399	173341433	594155831	NA	0
1684	2	opencv	fedora-clang-libcxx	95545	5319408911	6153044	6922399	173345398	594174131	NA	0
1685	2	opencv	fedora-clang-libcxx	91959	5319500870	6153096	6922399	173349193	594191425	NA	0
1686	2	opencv	fedora-clang-libcxx	113970	5319614840	6153148	6922399	173353961	594212785	NA	0
1687	2	opencv	fedora-clang-libcxx	99308	5319714148	6153200	6922399	173358117	594231607	NA	0
1688	2	opencv	fedora-clang-libcxx	91969	5319806117	6153252	6922399	173361912	594248905	NA	0
1689	2	opencv	fedora-clang-libcxx	279803	5320085920	6153304	6922399	173371693	594284691	NA	0
1690	2	opencv	fedora-clang-libcxx	119932	5320205852	6153356	6922399	173376673	594307279	NA	0
1691	2	opencv	fedora-clang-libcxx	134886	5320340738	6153408	6922399	173382152	594331518	NA	0
1692	2	opencv	fedora-clang-libcxx	102304	5320443042	6153460	6922399	173386380	594350753	NA	0
1693	2	opencv	fedora-clang-libcxx	99474	5320542516	6153512	6922399	173390475	594369834	NA	0
1694	2	opencv	fedora-clang-libcxx	96723	5320639239	6153564	6922399	173394450	594388221	NA	0
1695	2	opencv	fedora-clang-libcxx	100634	5320739873	6153616	6922399	173398569	594407170	NA	0
1696	2	opencv	fedora-clang-libcxx	92170	5320832043	6153668	6922399	173402368	594424563	NA	0
1697	2	opencv	fedora-clang-libcxx	93985	5320926028	6153720	6922399	173406243	594442146	NA	0
1698	2	opencv	fedora-clang-libcxx	91953	5321017981	6153772	6922399	173410038	594459437	NA	0
1699	2	opencv	fedora-clang-libcxx	116371	5321134352	6153824	6922399	173414832	594481167	NA	0
1700	2	opencv	fedora-clang-libcxx	139544	5321273896	6153876	6922399	173421002	594507765	NA	0
1701	2	opencv	fedora-clang-libcxx	91953	5321365849	6153928	6922399	173424797	594525056	NA	0
1702	2	opencv	fedora-clang-libcxx	3047294	5324413143	6153980	6922399	173517072	594852867	NA	0
1703	2	opencv	fedora-clang-libcxx	143088	5324556231	6154032	6922399	173523122	594879150	NA	0
1704	2	opencv	fedora-clang-libcxx	101367	5324657598	6154084	6922399	173526988	594896827	NA	0
1705	2	opencv	fedora-clang-libcxx	49278	5324706876	6154136	6922399	173528982	594905802	NA	0
1706	2	opencv	fedora-clang-libcxx	50031	5324756907	6154188	6922399	173530264	594912117	NA	0
1707	2	opencv	fedora-clang-libcxx	72058	5324828965	6154240	6922399	173533088	594924679	NA	0
1708	2	opencv	fedora-clang-libcxx	62409	5324891374	6154292	6922399	173534851	594933134	NA	0
1709	2	opencv	fedora-clang-libcxx	46876	5324938250	6154344	6922399	173536717	594941464	NA	0
1710	2	opencv	fedora-clang-libcxx	214250	5325152500	6154396	6922399	173543439	594965768	NA	0
1711	2	opencv	fedora-clang-libcxx	136299	5325288799	6154448	6922399	173548948	594990539	NA	0
1712	2	opencv	fedora-clang-libcxx	137863	5325426662	6154500	6922399	173554512	595015542	NA	0
1713	2	opencv	fedora-clang-libcxx	149447	5325576109	6154552	6922399	173560731	595043521	NA	0
1714	2	opencv	fedora-clang-libcxx	154957	5325731066	6154604	6922399	173567137	595071851	NA	0
1715	2	opencv	fedora-clang-libcxx	154290	5325885356	6154656	6922399	173573346	595099719	NA	0
1716	2	opencv	fedora-clang-libcxx	105707	5325991063	6154708	6922399	173577637	595119641	NA	0
1717	2	opencv	fedora-clang-libcxx	130641	5326121704	6154760	6922399	173582855	595144769	NA	0
1718	2	opencv	fedora-clang-libcxx	152066	5326273770	6154812	6922399	173589235	595173413	NA	0
1719	2	opencv	fedora-clang-libcxx	187029	5326460799	6154864	6922399	173596925	595208043	NA	0
1720	2	opencv	fedora-clang-libcxx	154414	5326615213	6154916	6922399	173603247	595236047	NA	0
1721	2	opencv	fedora-clang-libcxx	63020	5326678233	6154968	6922399	173605607	595247533	NA	0
1722	2	opencv	fedora-clang-libcxx	104652	5326782885	6155020	6922399	173609846	595266584	NA	0
1723	2	opencv	fedora-clang-libcxx	67555	5326850440	6155072	6922399	173612486	595278822	NA	0
1724	2	opencv	fedora-clang-libcxx	57191	5326907631	6155124	6922399	173614731	595289019	NA	0
1725	2	opencv	fedora-clang-libcxx	57146	5326964777	6155176	6922399	173616976	595299217	NA	0
1726	2	opencv	fedora-clang-libcxx	232881	5327197658	6155228	6922399	173624584	595326906	NA	0
1727	2	opencv	fedora-clang-libcxx	57113	5327254771	6155280	6922399	173626829	595337097	NA	0
1728	2	opencv	fedora-clang-libcxx	138487	5327393258	6155332	6922399	173632229	595364384	NA	0
1729	2	opencv	fedora-clang-libcxx	57088	5327450346	6155384	6922399	173634474	595374582	NA	0
1730	2	opencv	fedora-clang-libcxx	57119	5327507465	6155436	6922399	173636719	595384782	NA	0
1731	2	opencv	fedora-clang-libcxx	57074	5327564539	6155488	6922399	173638964	595394978	NA	0
1732	2	opencv	fedora-clang-libcxx	260761	5327825300	6155540	6922399	173648065	595428915	NA	0
1733	2	opencv	fedora-clang-libcxx	46236	5327871536	6155592	6922399	173649956	595437233	NA	0
1734	2	opencv	fedora-clang-libcxx	131845	5328003381	6155644	6922399	173655166	595460883	NA	0
1735	2	opencv	fedora-clang-libcxx	79372	5328082753	6155696	6922399	173657577	595473018	NA	0
1736	2	opencv	fedora-clang-libcxx	57069	5328139822	6155748	6922399	173659822	595483209	NA	0
1737	2	opencv	fedora-clang-libcxx	57100	5328196922	6155800	6922399	173662067	595493401	NA	0
1738	2	opencv	fedora-clang-libcxx	57049	5328253971	6155852	6922399	173664312	595503589	NA	0
1739	2	opencv	fedora-clang-libcxx	57056	5328311027	6155904	6922399	173666557	595513784	NA	0
1740	2	opencv	fedora-clang-libcxx	317523	5328628550	6155956	6922399	173677395	595555487	NA	0
1741	2	opencv	fedora-clang-libcxx	57061	5328685611	6156008	6922399	173679640	595565682	NA	0
1742	2	opencv	fedora-clang-libcxx	143927	5328829538	6156060	6922399	173685496	595592050	NA	0
1743	2	opencv	fedora-clang-libcxx	57075	5328886613	6156112	6922399	173687741	595602245	NA	0
1744	2	opencv	fedora-clang-libcxx	57107	5328943720	6156164	6922399	173689986	595612439	NA	0
1745	2	opencv	fedora-clang-libcxx	57054	5329000774	6156216	6922399	173692231	595622627	NA	0
1746	2	opencv	fedora-clang-libcxx	57062	5329057836	6156268	6922399	173694476	595632819	NA	0
1747	2	opencv	fedora-clang-libcxx	317335	5329375171	6156320	6922399	173705651	595675889	NA	0
1748	2	opencv	fedora-clang-libcxx	57068	5329432239	6156372	6922399	173707896	595686081	NA	0
1749	2	opencv	fedora-clang-libcxx	97597	5329529836	6156424	6922399	173711533	595702511	NA	0
1750	2	opencv	fedora-clang-libcxx	57128	5329586964	6156476	6922399	173713778	595712706	NA	0
1751	2	opencv	fedora-clang-libcxx	57076	5329644040	6156528	6922399	173716023	595722895	NA	0
1752	2	opencv	fedora-clang-libcxx	57083	5329701123	6156580	6922399	173718268	595733084	NA	0
1753	2	opencv	fedora-clang-libcxx	238290	5329939413	6156632	6922399	173726059	595761210	NA	0
1754	2	opencv	fedora-clang-libcxx	162878	5330102291	6156684	6922399	173731998	595788789	NA	0
1755	2	opencv	fedora-clang-libcxx	57082	5330159373	6156736	6922399	173734243	595798986	NA	0
1756	2	opencv	fedora-clang-libcxx	208170	5330367543	6156788	6922399	173741232	595833246	NA	0
1757	2	opencv	fedora-clang-libcxx	57108	5330424651	6156840	6922399	173743477	595843445	NA	0
1758	2	opencv	fedora-clang-libcxx	96717	5330521368	6156892	6922399	173747007	595859913	NA	0
1759	2	opencv	fedora-clang-libcxx	57153	5330578521	6156944	6922399	173749252	595870115	NA	0
1760	2	opencv	fedora-clang-libcxx	57101	5330635622	6156996	6922399	173751497	595880313	NA	0
1761	2	opencv	fedora-clang-libcxx	57108	5330692730	6157048	6922399	173753742	595890512	NA	0
1762	2	opencv	fedora-clang-libcxx	287603	5330980333	6157100	6922399	173763192	595926501	NA	0
1763	2	opencv	fedora-clang-libcxx	57115	5331037448	6157152	6922399	173765437	595936700	NA	0
1764	2	opencv	fedora-clang-libcxx	57127	5331094575	6157204	6922399	173767682	595946896	NA	0
1765	2	opencv	fedora-clang-libcxx	57075	5331151650	6157256	6922399	173769927	595957090	NA	0
1766	2	opencv	fedora-clang-libcxx	57082	5331208732	6157308	6922399	173772172	595967285	NA	0
1767	2	opencv	fedora-clang-libcxx	295170	5331503902	6157360	6922399	173781653	596003806	NA	0
1768	2	opencv	fedora-clang-libcxx	57089	5331560991	6157412	6922399	173783898	596014002	NA	0
1769	2	opencv	fedora-clang-libcxx	66194	5331627185	6157464	6922399	173786500	596025995	NA	0
1770	2	opencv	fedora-clang-libcxx	57112	5331684297	6157516	6922399	173788745	596036188	NA	0
1771	2	opencv	fedora-clang-libcxx	57143	5331741440	6157568	6922399	173790990	596046383	NA	0
1772	2	opencv	fedora-clang-libcxx	57091	5331798531	6157620	6922399	173793235	596056574	NA	0
1773	2	opencv	fedora-clang-libcxx	57098	5331855629	6157672	6922399	173795480	596066767	NA	0
1774	2	opencv	fedora-clang-libcxx	246034	5332101663	6157724	6922399	173803629	596096628	NA	0
1775	2	opencv	fedora-clang-libcxx	84405	5332186068	6157776	6922399	173806922	596111716	NA	0
1776	2	opencv	fedora-clang-libcxx	231007	5332417075	6157828	6922399	173814301	596138495	NA	0
1777	2	opencv	fedora-clang-libcxx	97414	5332514489	6157880	6922399	173817373	596153661	NA	0
1778	2	opencv	fedora-clang-libcxx	57256	5332571745	6157932	6922399	173819623	596163876	NA	0
1779	2	opencv	fedora-clang-libcxx	68034	5332639779	6157984	6922399	173822141	596175378	NA	0
1780	2	opencv	fedora-clang-libcxx	57106	5332696885	6158036	6922399	173824386	596185572	NA	0
1781	2	opencv	fedora-clang-libcxx	299708	5332996593	6158088	6922399	173832628	596217263	NA	0
1782	2	opencv	fedora-clang-libcxx	57210	5333053803	6158140	6922399	173834878	596227474	NA	0
1783	2	opencv	fedora-clang-libcxx	108047	5333161850	6158192	6922399	173838950	596246059	NA	0
1784	2	opencv	fedora-clang-libcxx	57081	5333218931	6158244	6922399	173841195	596256251	NA	0
1785	2	opencv	fedora-clang-libcxx	57112	5333276043	6158296	6922399	173843440	596266447	NA	0
1786	2	opencv	fedora-clang-libcxx	75348	5333351391	6158348	7105409	173846352	596279902	NA	1
1787	2	opencv	fedora-clang-libcxx	281491	5333632882	6158400	7105409	173855641	596315052	NA	0
1788	2	opencv	fedora-clang-libcxx	75432	5333708314	6158452	7105409	173858554	596328520	NA	0
1789	2	opencv	fedora-clang-libcxx	141973	5333850287	6158504	7105409	173864386	596354893	NA	0
1790	2	opencv	fedora-clang-libcxx	130641	5333980928	6158556	7105409	173869768	596379551	NA	0
1791	2	opencv	fedora-clang-libcxx	140744	5334121672	6158608	7105409	173875361	596405066	NA	0
1792	2	opencv	fedora-clang-libcxx	184964	5334306636	6158660	7105409	173883019	596439858	NA	0
1793	2	opencv	fedora-clang-libcxx	26312	5334332948	6158712	7105409	173884084	596444860	NA	0
1794	2	opencv	fedora-clang-libcxx	133331	5334466279	6158764	7105409	173889395	596471099	NA	0
1795	2	opencv	fedora-clang-libcxx	103507	5334569786	6158816	7105409	173893557	596490547	NA	0
1796	2	opencv	fedora-clang-libcxx	179990	5334749776	6158868	7105409	173900344	596521107	NA	0
1797	2	opencv	fedora-clang-libcxx	186058	5334935834	6158920	7105409	173908032	596555563	NA	0
1798	2	opencv	fedora-clang-libcxx	107137	5335042971	6158972	7105409	173912466	596576000	NA	0
1799	2	opencv	fedora-clang-libcxx	114910	5335157881	6159024	7105409	173916878	596596209	NA	0
1800	2	opencv	fedora-clang-libcxx	216672	5335374553	6159076	7105409	173924885	596633706	NA	0
1801	2	opencv	fedora-clang-libcxx	128406	5335502959	6159128	7105409	173930080	596657059	NA	0
1802	2	opencv	fedora-clang-libcxx	162314	5335665273	6159180	7105409	173935856	596683612	NA	0
1803	2	opencv	fedora-clang-libcxx	129805	5335795078	6159232	7105409	173941036	596707251	NA	0
1804	2	opencv	fedora-clang-libcxx	123074	5335918152	6159284	7105409	173945969	596729883	NA	0
1805	2	opencv	fedora-clang-libcxx	190575	5336108727	6159336	7105409	173953669	596765201	NA	0
1806	2	opencv	fedora-clang-libcxx	192975	5336301702	6159388	7105409	173961151	596799649	NA	0
1807	2	opencv	fedora-clang-libcxx	108571	5336410273	6159440	7105409	173965619	596820244	NA	0
1808	2	opencv	fedora-clang-libcxx	127272	5336537545	6159492	7105409	173970773	596843578	NA	0
1809	2	opencv	fedora-clang-libcxx	117351	5336654896	6159544	7105409	173975404	596866188	NA	0
1810	2	opencv	fedora-clang-libcxx	217506	5336872402	6159596	7105409	173984437	596906764	NA	0
1811	2	opencv	fedora-clang-libcxx	176980	5337049382	6159648	7105409	173991019	596936504	NA	0
1812	2	opencv	fedora-clang-libcxx	185542	5337234924	6159700	7105409	173997936	596967101	NA	0
1813	2	opencv	fedora-clang-libcxx	159973	5337394897	6159752	7105409	174004476	596996429	NA	0
1814	2	opencv	fedora-clang-libcxx	156046	5337550943	6159804	7105409	174010855	597024948	NA	0
1815	2	opencv	fedora-clang-libcxx	157744	5337708687	6159856	7105409	174017361	597054143	NA	0
1816	2	opencv	fedora-clang-libcxx	83158	5337791845	6159908	7105409	174020588	597068882	NA	0
1817	2	opencv	fedora-clang-libcxx	106653	5337898498	6159960	7105409	174024713	597087700	NA	0
1818	2	opencv	fedora-clang-libcxx	96721	5337995219	6160012	7105409	174028357	597104173	NA	0
1819	2	opencv	fedora-clang-libcxx	92966	5338088185	6160064	7105409	174031855	597119973	NA	0
1820	2	opencv	fedora-clang-libcxx	62412	5338150597	6160116	7105409	174034389	597131457	NA	0
1821	2	opencv	fedora-clang-libcxx	60897	5338211494	6160168	7105409	174036828	597142463	NA	0
1822	2	opencv	fedora-clang-libcxx	124375	5338335869	6160220	7105409	174041635	597164746	NA	0
1823	2	opencv	fedora-clang-libcxx	29738	5338365607	6160272	7105409	174042804	597170551	NA	0
1824	2	opencv	fedora-clang-libcxx	41049	5338406656	6160324	7105409	174044545	597178109	NA	0
1825	2	opencv	fedora-clang-libcxx	23170	5338429826	6160376	7105409	174045358	597182350	NA	0
1826	2	opencv	fedora-clang-libcxx	100941	5338530767	6160428	7105409	174049235	597199740	NA	0
1827	2	opencv	fedora-clang-libcxx	60694	5338591461	6160480	7105409	174051592	597210237	NA	0
1828	2	opencv	fedora-clang-libcxx	66237	5338657698	6160532	7105409	174054171	597221898	NA	0
1829	2	opencv	fedora-clang-libcxx	258370	5338916068	6160584	7105409	174064926	597263726	NA	0
1830	2	opencv	fedora-clang-libcxx	166968	5339083036	6160636	7105409	174071498	597290691	NA	0
1831	2	opencv	fedora-clang-libcxx	183653	5339266689	6160688	7105409	174078643	597319671	NA	0
1832	2	opencv	fedora-clang-libcxx	444969	5339711658	6160740	7105409	174095124	597377990	NA	0
1833	2	opencv	fedora-clang-libcxx	165991	5339877649	6160792	7105409	174101636	597404775	NA	0
1834	2	opencv	fedora-clang-libcxx	285196	5340162845	6160844	7105409	174112711	597448949	NA	0
1835	2	opencv	fedora-clang-libcxx	171271	5340334116	6160896	7105409	174119421	597476702	NA	0
1836	2	opencv	fedora-clang-libcxx	171250	5340505366	6160948	7105409	174126170	597504533	NA	0
1837	2	opencv	fedora-clang-libcxx	567712	5341073078	6161000	7105409	174147722	597588894	NA	0
1838	2	opencv	fedora-clang-libcxx	248432	5341321510	6161052	7105409	174157614	597628783	NA	0
1839	2	opencv	fedora-clang-libcxx	347662	5341669172	6161104	7105409	174169818	597673266	NA	0
1840	2	opencv	fedora-clang-libcxx	176297	5341845469	6161156	7105409	174176834	597701864	NA	0
1841	2	opencv	fedora-clang-libcxx	196334	5342041803	6161208	7105409	174184396	597732164	NA	0
1842	2	opencv	fedora-clang-libcxx	171197	5342213000	6161260	7105409	174191225	597760116	NA	0
1843	2	opencv	fedora-clang-libcxx	233185	5342446185	6161312	7105409	174199792	597794296	NA	0
1844	2	opencv	fedora-clang-libcxx	596371	5343042556	6161364	7105409	174213417	597846725	NA	0
1845	2	opencv	fedora-clang-libcxx	213159	5343255715	6161416	7105409	174221717	597880869	NA	0
1846	2	opencv	fedora-clang-libcxx	257052	5343512767	6161468	7105409	174231636	597921752	NA	0
1847	2	opencv	fedora-clang-libcxx	172248	5343685015	6161520	7105409	174238472	597949761	NA	0
1848	2	opencv	fedora-clang-libcxx	166717	5343851732	6161572	7105409	174244992	597976587	NA	0
1849	2	opencv	fedora-clang-libcxx	169292	5344021024	6161624	7105409	174251675	598003892	NA	0
1850	2	opencv	fedora-clang-libcxx	177940	5344198964	6161676	7105409	174258519	598031945	NA	0
1851	2	opencv	fedora-clang-libcxx	229138	5344428102	6161728	7105409	174268111	598074712	NA	0
1852	2	opencv	fedora-clang-libcxx	179450	5344607552	6161780	7105409	174274909	598105286	NA	0
1853	2	opencv	fedora-clang-libcxx	192256	5344799808	6161832	7105409	174282092	598136525	NA	0
1854	2	opencv	fedora-clang-libcxx	170363	5344970171	6161884	7105409	174288314	598164993	NA	0
1855	2	opencv	fedora-clang-libcxx	188504	5345158675	6161936	7105409	174295346	598196589	NA	0
1856	2	opencv	fedora-clang-libcxx	252799	5345411474	6161988	7105409	174305555	598239352	NA	0
1857	2	opencv	fedora-clang-libcxx	167336	5345578810	6162040	7105409	174311641	598267250	NA	0
1858	2	opencv	fedora-clang-libcxx	288490	5345867300	6162092	7105409	174322707	598311917	NA	0
1859	2	opencv	fedora-clang-libcxx	346914	5346214214	6162144	7105409	174333181	598359915	NA	0
1860	2	opencv	fedora-clang-libcxx	203787	5346418001	6162196	7105409	174341285	598395395	NA	0
1861	2	opencv	fedora-clang-libcxx	184057	5346602058	6162248	7105409	174348175	598426714	NA	0
1862	2	opencv	fedora-clang-libcxx	167885	5346769943	6162300	7105409	174354287	598454723	NA	0
1863	2	opencv	fedora-clang-libcxx	212490	5346982433	6162352	7105409	174362704	598491610	NA	0
1864	2	opencv	fedora-clang-libcxx	177826	5347160259	6162404	7105409	174369191	598520894	NA	0
1865	2	opencv	fedora-clang-libcxx	224313	5347384572	6162456	7105409	174378021	598559472	NA	0
1866	2	opencv	fedora-clang-libcxx	168076	5347552648	6162508	7105409	174384064	598587188	NA	0
1867	2	opencv	fedora-clang-libcxx	2031635	5349584283	6162560	7105409	174432170	598739916	NA	0
1868	2	opencv	fedora-clang-libcxx	3587059	5353171342	6162612	7105409	174538706	599130059	NA	0
1869	2	opencv	fedora-clang-libcxx	3312942	5356484284	6162664	7105409	174635255	599479293	NA	0
1870	2	opencv	fedora-clang-libcxx	3600716	5360085000	6162716	7105409	174742535	599872277	NA	0
1871	2	opencv	fedora-clang-libcxx	3897895	5363982895	6162768	7105409	174856543	600293012	NA	0
1872	2	opencv	fedora-clang-libcxx	3914347	5367897242	6162820	7105409	174972536	600718912	NA	0
1873	2	opencv	fedora-clang-libcxx	3610937	5371508179	6162872	7105409	175080069	601113206	NA	0
1874	2	opencv	fedora-clang-libcxx	3403267	5374911446	6162924	7105409	175180613	601477248	NA	0
1875	2	opencv	fedora-clang-libcxx	264	5374911710	6162975	7105409	175180635	601477378	NA	0
1876	2	opencv	fedora-clang-libcxx	3282740	5378194450	6163027	7105409	175276049	601821551	NA	0
1877	2	opencv	fedora-clang-libcxx	3264632	5381459082	6163079	7105409	175370201	602163016	NA	0
1878	2	opencv	fedora-clang-libcxx	3335641	5384794723	6163131	7105409	175469315	602515889	NA	0
1879	2	opencv	fedora-clang-libcxx	3303333	5388098056	6163183	7105409	175565207	602862477	NA	0
1880	2	opencv	fedora-clang-libcxx	3715690	5391813746	6163235	7105409	175674726	603265753	NA	0
1881	2	opencv	fedora-clang-libcxx	3813725	5395627471	6163287	7105409	175788412	603685824	NA	0
1882	2	opencv	fedora-clang-libcxx	3608341	5399235812	6163339	7105409	175896342	604079916	NA	0
1883	2	opencv	fedora-clang-libcxx	3462900	5402698712	6163391	7105409	175998735	604452671	NA	0
1884	2	opencv	fedora-clang-libcxx	3471411	5406170123	6163443	7105409	176101471	604826926	NA	0
1885	2	opencv	fedora-clang-libcxx	3273470	5409443593	6163495	7105409	176195812	605169878	NA	0
1886	2	opencv	fedora-clang-libcxx	3340134	5412783727	6163547	7105409	176292733	605521863	NA	0
1887	2	opencv	fedora-clang-libcxx	3322519	5416106246	6163599	7105409	176388783	605870224	NA	0
1888	2	opencv	fedora-clang-libcxx	3021715	5419127961	6163651	7105409	176479513	606189443	NA	0
1889	2	opencv	fedora-clang-libcxx	3030267	5422158228	6163703	7105409	176569791	606510230	NA	0
1890	2	opencv	fedora-clang-libcxx	3267064	5425425292	6163755	7105409	176663980	606851793	NA	0
1891	2	opencv	fedora-clang-libcxx	3306718	5428732010	6163807	7105409	176758075	607193019	NA	0
1892	2	opencv	fedora-clang-libcxx	3353749	5432085759	6163859	7105409	176855723	607548125	NA	0
1893	2	opencv	fedora-clang-libcxx	3593756	5435679515	6163911	7105409	176962361	607938171	NA	0
1894	2	opencv	fedora-clang-libcxx	3730730	5439410245	6163963	7105409	177075652	608351994	NA	0
1895	2	opencv	fedora-clang-libcxx	4822938	5444233183	6164015	7105409	177223732	608890664	NA	0
1896	2	opencv	fedora-clang-libcxx	4990330	5449223513	6164067	7105409	177369392	609404449	NA	0
1897	2	opencv	fedora-clang-libcxx	4527075	5453750588	6164119	7105409	177504724	609893660	NA	0
1898	2	opencv	fedora-clang-libcxx	4576215	5458326803	6164171	7646909	177641678	610388514	NA	1
1899	2	opencv	fedora-clang-libcxx	4511816	5462838619	6164223	7646909	177776047	610873205	NA	0
1900	2	opencv	fedora-clang-libcxx	4686317	5467524936	6164275	7646909	177915335	611379199	NA	0
1901	2	opencv	fedora-clang-libcxx	3318821	5470843757	6164327	7646909	178012256	611730884	NA	0
1902	2	opencv	fedora-clang-libcxx	3959147	5474802904	6164379	7646909	178132360	612170114	NA	0
1903	2	opencv	fedora-clang-libcxx	4600533	5479403437	6164431	7646909	178270141	612666819	NA	0
1904	2	opencv	fedora-clang-libcxx	4536888	5483940325	6164483	7646909	178405445	613155080	NA	0
1905	2	opencv	fedora-clang-libcxx	3292276	5487232601	6164535	7646909	178500630	613500332	NA	0
1906	2	opencv	fedora-clang-libcxx	4676123	5491908724	6164587	7646909	178641809	614011994	NA	0
1907	2	opencv	fedora-clang-libcxx	3849464	5495758188	6164639	7646909	178758648	614439931	NA	0
1908	2	opencv	fedora-clang-libcxx	4638545	5500396733	6164691	7646909	178897207	614942160	NA	0
1909	2	opencv	fedora-clang-libcxx	4113761	5504510494	6164743	7646909	179024238	615411373	NA	0
1910	2	opencv	fedora-clang-libcxx	4121779	5508632273	6164795	7646909	179151707	615882438	NA	0
1911	2	opencv	fedora-clang-libcxx	4191010	5512823283	6164847	7646909	179281177	616363158	NA	0
1912	2	opencv	fedora-clang-libcxx	4331436	5517154719	6164899	7646909	179409862	616843639	NA	0
1913	2	opencv	fedora-clang-libcxx	4217447	5521372166	6164951	7646909	179540933	617329311	NA	0
1914	2	opencv	fedora-clang-libcxx	4206713	5525578879	6165003	7646909	179670877	617809795	NA	0
1915	2	opencv	fedora-clang-libcxx	4123534	5529702413	6165055	7646909	179798241	618280971	NA	0
1916	2	opencv	fedora-clang-libcxx	4221443	5533923856	6165107	7646909	179928667	618763938	NA	0
1917	2	opencv	fedora-clang-libcxx	3644577	5537568433	6165159	7646909	180040580	619168792	NA	0
1918	2	opencv	fedora-clang-libcxx	4135410	5541703843	6165211	7646909	180168375	619641882	NA	0
1919	2	opencv	fedora-clang-libcxx	4117206	5545821049	6165263	7646909	180295429	620111744	NA	0
1920	2	opencv	fedora-clang-libcxx	4124963	5549946012	6165315	7646909	180423051	620583809	NA	0
1921	2	opencv	fedora-clang-libcxx	4116534	5554062546	6165367	7646909	180550310	621054035	NA	0
1922	2	opencv	fedora-clang-libcxx	4182807	5558245353	6165419	7646909	180678360	621529327	NA	0
1923	2	opencv	fedora-clang-libcxx	4116103	5562361456	6165471	7646909	180805415	621999116	NA	0
1924	2	opencv	fedora-clang-libcxx	4156225	5566517681	6165523	7646909	180933365	622472180	NA	0
1925	2	opencv	fedora-clang-libcxx	4154268	5570671949	6165575	7646909	181061965	622949277	NA	0
1926	2	opencv	fedora-clang-libcxx	4124935	5574796884	6165627	7646909	181189459	623421161	NA	0
1927	2	opencv	fedora-clang-libcxx	4121845	5578918729	6165679	7646909	181316943	623892254	NA	0
1928	2	opencv	fedora-clang-libcxx	4115219	5583033948	6165731	7646909	181444008	624362171	NA	0
1929	2	opencv	fedora-clang-libcxx	4269531	5587303479	6165783	7646909	181574903	624846287	NA	0
1930	2	opencv	fedora-clang-libcxx	4117054	5591420533	6165835	7646909	181702129	625315857	NA	0
1931	2	opencv	fedora-clang-libcxx	4113065	5595533598	6165887	7646909	181829292	625785149	NA	0
1932	2	opencv	fedora-clang-libcxx	4217373	5599750971	6165939	7646909	181961136	626272606	NA	0
1933	2	opencv	fedora-clang-libcxx	4118013	5603868984	6165991	7646909	182088386	626742324	NA	0
1934	2	opencv	fedora-clang-libcxx	4121749	5607990733	6166043	7646909	182215884	627213519	NA	0
1935	2	opencv	fedora-clang-libcxx	4380574	5612371307	6166095	7646909	182351560	627722595	NA	0
1936	2	opencv	fedora-clang-libcxx	4277751	5616649058	6166147	7646909	182484863	628218671	NA	0
1937	2	opencv	fedora-clang-libcxx	4129534	5620778592	6166199	7646909	182612887	628691452	NA	0
1938	2	opencv	fedora-clang-libcxx	4110194	5624888786	6166251	7646909	182739850	629160238	NA	0
1939	2	opencv	fedora-clang-libcxx	4124029	5629012815	6166303	7646909	182867204	629631118	NA	0
1940	2	opencv	fedora-clang-libcxx	4126849	5633139664	6166355	7646909	182994906	630103683	NA	0
1941	2	opencv	fedora-clang-libcxx	4178984	5637318648	6166407	7646909	183124295	630584501	NA	0
1942	2	opencv	fedora-clang-libcxx	4343400	5641662048	6166459	7646909	183257427	631077875	NA	0
1943	2	opencv	fedora-clang-libcxx	4193680	5645855728	6166511	7646909	183387480	631558497	NA	0
1944	2	opencv	fedora-clang-libcxx	4120510	5649976238	6166563	7646909	183514963	632029610	NA	0
1945	2	opencv	fedora-clang-libcxx	4128862	5654105100	6166615	7646909	183642642	632501751	NA	0
1946	2	opencv	fedora-clang-libcxx	4113516	5658218616	6166667	7646909	183769621	632971199	NA	0
1947	2	opencv	fedora-clang-libcxx	4195409	5662414025	6166719	7646909	183899559	633461529	NA	0
1948	2	opencv	fedora-clang-libcxx	4171593	5666585618	6166771	7646909	184028130	633938234	NA	0
1949	2	opencv	fedora-clang-libcxx	4287009	5670872627	6166823	7646909	184160950	634432626	NA	0
1950	2	opencv	fedora-clang-libcxx	4159459	5675032086	6166875	7646909	184289780	634910765	NA	0
1951	2	opencv	fedora-clang-libcxx	4126069	5679158155	6166927	7646909	184417240	635383138	NA	0
1952	2	opencv	fedora-clang-libcxx	4122109	5683280264	6166979	7646909	184544534	635853899	NA	0
1953	2	opencv	fedora-clang-libcxx	4179315	5687459579	6167031	7646909	184673484	636331049	NA	0
1954	2	opencv	fedora-clang-libcxx	4119124	5691578703	6167083	7646909	184800907	636801954	NA	0
1955	2	opencv	fedora-clang-libcxx	4143744	5695722447	6167135	7646909	184928994	637276195	NA	0
1956	2	opencv	fedora-clang-libcxx	4139947	5699862394	6167187	7646909	185057064	637750166	NA	0
1957	2	opencv	fedora-clang-libcxx	4177788	5704040182	6167239	7646909	185186440	638230121	NA	0
1958	2	opencv	fedora-clang-libcxx	4247096	5708287278	6167291	7646909	185315349	638709651	NA	0
1959	2	opencv	fedora-clang-libcxx	4147784	5712435062	6167343	7646909	185443582	639184434	NA	0
1960	2	opencv	fedora-clang-libcxx	4127756	5716562818	6167395	7646909	185570999	639656137	NA	0
1961	2	opencv	fedora-clang-libcxx	4143109	5720705927	6167447	7646909	185699230	640131540	NA	0
1962	2	opencv	fedora-clang-libcxx	4246350	5724952277	6167499	7646909	185829670	640615565	NA	0
1963	2	opencv	fedora-clang-libcxx	4128617	5729080894	6167551	7646909	185957395	641087207	NA	0
1964	2	opencv	fedora-clang-libcxx	4111917	5733192811	6167603	7646909	186084358	641556051	NA	0
1965	2	opencv	fedora-clang-libcxx	4111913	5737304724	6167655	7646909	186211321	642024924	NA	0
1966	2	opencv	fedora-clang-libcxx	4111909	5741416633	6167707	7646909	186338284	642493798	NA	0
1967	2	opencv	fedora-clang-libcxx	4121552	5745538185	6167759	7646909	186465726	642964100	NA	0
1968	2	opencv	fedora-clang-libcxx	4122491	5749660676	6167811	7646909	186593240	643435158	NA	0
1969	2	opencv	fedora-clang-libcxx	4116208	5753776884	6167863	7646909	186720516	643905146	NA	0
1970	2	opencv	fedora-clang-libcxx	4308681	5758085565	6167915	7646909	186855199	644403247	NA	0
1971	2	opencv	fedora-clang-libcxx	4184614	5762270179	6167967	7646909	186983838	644881147	NA	0
1972	2	opencv	fedora-clang-libcxx	4111118	5766381297	6168019	7646909	187110691	645349954	NA	0
1973	2	opencv	fedora-clang-libcxx	4113228	5770494525	6168071	7646909	187237643	645819222	NA	0
1974	2	opencv	fedora-clang-libcxx	5994991	5776489516	6168123	7646909	187408494	646421527	NA	0
1975	2	opencv	fedora-clang-libcxx	4123522	5780613038	6168175	7646909	187535879	646892358	NA	0
1976	2	opencv	fedora-clang-libcxx	4258376	5784871414	6168227	7646909	187670378	647392352	NA	0
1977	2	opencv	fedora-clang-libcxx	4171609	5789043023	6168279	7646909	187800941	647874701	NA	0
1978	2	opencv	fedora-clang-libcxx	4181110	5793224133	6168331	7646909	187931542	648357383	NA	0
1979	2	opencv	fedora-clang-libcxx	4161098	5797385231	6168383	7646909	188061400	648837018	NA	0
1980	2	opencv	fedora-clang-libcxx	4185693	5801570924	6168435	7646909	188192252	649321053	NA	0
1981	2	opencv	fedora-clang-libcxx	4181365	5805752289	6168487	7646909	188323072	649804732	NA	0
1982	2	opencv	fedora-clang-libcxx	4137443	5809889732	6168539	7646909	188451223	650279436	NA	0
1983	2	opencv	fedora-clang-libcxx	4174712	5814064444	6168591	7646909	188580287	650755973	NA	0
1984	2	opencv	fedora-clang-libcxx	4230836	5818295280	6168643	7646909	188713024	651248439	NA	0
1985	2	opencv	fedora-clang-libcxx	4127202	5822422482	6168695	7646909	188840433	651720053	NA	0
1986	2	opencv	fedora-clang-libcxx	4116282	5826538764	6168747	7646909	188967482	652189578	NA	0
1987	2	opencv	fedora-clang-libcxx	4114033	5830652797	6168799	7646909	189094497	652659140	NA	0
1988	2	opencv	fedora-clang-libcxx	4110158	5834762955	6168851	7646909	189221460	653127919	NA	0
1989	2	opencv	fedora-clang-libcxx	4132395	5838895350	6168903	7646909	189349066	653600305	NA	0
1990	2	opencv	fedora-clang-libcxx	4289246	5843184596	6168955	7646909	189484532	654101938	NA	0
1991	2	opencv	fedora-clang-libcxx	4120086	5847304682	6169007	7646909	189611779	654573672	NA	0
1992	2	opencv	fedora-clang-libcxx	4219559	5851524241	6169059	7646909	189742949	655058677	NA	0
1993	2	opencv	fedora-clang-libcxx	4116638	5855640879	6169111	7646909	189870216	655529226	NA	0
1994	2	opencv	fedora-clang-libcxx	4154601	5859795480	6169163	7646909	189999260	656007150	NA	0
1995	2	opencv	fedora-clang-libcxx	4222755	5864018235	6169215	7646909	190129329	656488707	NA	0
1996	2	opencv	fedora-clang-libcxx	4184424	5868202659	6169267	7646909	190259708	656970512	NA	0
1997	2	opencv	fedora-clang-libcxx	4121934	5872324593	6169319	7646909	190387151	657441543	NA	0
1998	2	opencv	fedora-clang-libcxx	4135273	5876459866	6169371	7646909	190515046	657915115	NA	0
1999	2	opencv	fedora-clang-libcxx	4121517	5880581383	6169423	7646909	190642288	658385874	NA	0
2000	2	opencv	fedora-clang-libcxx	4115835	5884697218	6169475	7646909	190769402	658855544	NA	0
2001	2	opencv	fedora-clang-libcxx	3654974	5888352192	6169527	7646909	190882679	659262073	NA	0
2002	2	opencv	fedora-clang-libcxx	4239621	5892591813	6169579	7646909	191011879	659740695	NA	0
2003	2	opencv	fedora-clang-libcxx	4232298	5896824111	6169631	7646909	191143309	660226579	NA	0
2004	2	opencv	fedora-clang-libcxx	4154364	5900978475	6169683	7646909	191271635	660700658	NA	0
2005	2	opencv	fedora-clang-libcxx	4239094	5905217569	6169735	7646909	191401853	661181754	NA	0
2006	2	opencv	fedora-clang-libcxx	4140363	5909357932	6169787	7646909	191529613	661653027	NA	0
2007	2	opencv	fedora-clang-libcxx	5869717	5915227649	6169839	7646909	191700243	662241205	NA	0
2008	2	opencv	fedora-clang-libcxx	5934619	5921162268	6169891	7646909	191872126	662833603	NA	0
2009	2	opencv	fedora-clang-libcxx	6082140	5927244408	6169943	7646909	192046806	663445647	NA	0
2010	2	opencv	fedora-clang-libcxx	6047082	5933291490	6169995	8069675	192220352	664051896	NA	1
2011	2	opencv	fedora-clang-libcxx	6150526	5939442016	6170047	8069675	192395342	664665421	NA	0
2012	2	opencv	fedora-clang-libcxx	6108511	5945550527	6170099	8069675	192569546	665275681	NA	0
2013	2	opencv	fedora-clang-libcxx	6085132	5951635659	6170151	8069675	192743731	665884419	NA	0
2014	2	opencv	fedora-clang-libcxx	6051519	5957687178	6170203	8069675	192917492	666491678	NA	0
2015	2	opencv	fedora-clang-libcxx	6052832	5963740010	6170255	8069675	193091180	667098070	NA	0
2016	2	opencv	fedora-clang-libcxx	6141759	5969881769	6170307	8069675	193268406	667719134	NA	0
2017	2	opencv	fedora-clang-libcxx	6068629	5975950398	6170359	8069675	193442656	668328522	NA	0
2018	2	opencv	fedora-clang-libcxx	6051029	5982001427	6170411	8069675	193616288	668935205	NA	0
2019	2	opencv	fedora-clang-libcxx	6060948	5988062375	6170463	8069675	193790338	669544122	NA	0
2020	2	opencv	fedora-clang-libcxx	6051421	5994113796	6170515	8069675	193963987	670150891	NA	0
2021	2	opencv	fedora-clang-libcxx	6060067	6000173863	6170567	8069675	194137901	670758797	NA	0
2022	2	opencv	fedora-clang-libcxx	6147962	6006321825	6170619	8069675	194314416	671375768	NA	0
2023	2	opencv	fedora-clang-libcxx	6147042	6012468867	6170671	8069675	194490344	671991865	NA	0
2024	2	opencv	fedora-clang-libcxx	6304423	6018773290	6170723	8069675	194667570	672623440	NA	0
2025	2	opencv	fedora-clang-libcxx	6310340	6025083630	6170775	8069675	194845086	673256455	NA	0
2026	2	opencv	fedora-clang-libcxx	6399100	6031482730	6170827	8069675	195026054	673903283	NA	0
2027	2	opencv	fedora-clang-libcxx	6325970	6037808700	6170879	8069675	195204008	674537999	NA	0
2028	2	opencv	fedora-clang-libcxx	6318289	6044126989	6170931	8069675	195381750	675172641	NA	0
2029	2	opencv	fedora-clang-libcxx	6317408	6050444397	6170983	8069675	195559341	675806019	NA	0
2030	2	opencv	fedora-clang-libcxx	6404383	6056848780	6171035	8069675	195738982	676447425	NA	0
2031	2	opencv	fedora-clang-libcxx	4881220	6061730000	6171087	8069675	195888453	676994500	NA	0
2032	2	opencv	fedora-clang-libcxx	4881228	6066611228	6171139	8069675	196037924	677541637	NA	0
2033	2	opencv	fedora-clang-libcxx	4881208	6071492436	6171191	8069675	196187395	678088680	NA	0
2034	2	opencv	fedora-clang-libcxx	4881212	6076373648	6171243	8069675	196336866	678635767	NA	0
2035	2	opencv	fedora-clang-libcxx	4881163	6081254811	6171295	8069675	196486318	679182787	NA	0
2036	2	opencv	fedora-clang-libcxx	4881175	6086135986	6171347	8069675	196635770	679729779	NA	0
2037	2	opencv	fedora-clang-libcxx	4881260	6091017246	6171399	8069675	196785241	680276895	NA	0
2038	2	opencv	fedora-clang-libcxx	4925223	6095942469	6171451	8069675	196935190	680828263	NA	0
2039	2	opencv	fedora-clang-libcxx	4891625	6100834094	6171503	8069675	197084879	681377080	NA	0
2040	2	opencv	fedora-clang-libcxx	5274193	6106108287	6171555	8069675	197238957	681957649	NA	0
2041	2	opencv	fedora-clang-libcxx	4989983	6111098270	6171607	8069675	197391453	682518699	NA	0
2042	2	opencv	fedora-clang-libcxx	4895627	6115993897	6171659	8069675	197540984	683066892	NA	0
2043	2	opencv	fedora-clang-libcxx	4885839	6120879736	6171711	8069675	197690547	683615123	NA	0
2044	2	opencv	fedora-clang-libcxx	4899592	6125779328	6171763	8069675	197840395	684165392	NA	0
2045	2	opencv	fedora-clang-libcxx	222	6125779550	6171814	8069675	197840417	684165509	NA	0
2046	2	opencv	fedora-clang-libcxx	4886990	6130666540	6171866	8069675	197989988	684713856	NA	0
2047	2	opencv	fedora-clang-libcxx	4982905	6135649445	6171918	8069675	198142192	685276752	NA	0
2048	2	opencv	fedora-clang-libcxx	4926306	6140575751	6171970	8069675	198293090	685831373	NA	0
2049	2	opencv	fedora-clang-libcxx	4933448	6145509199	6172022	8069675	198443227	686384260	NA	0
2050	2	opencv	fedora-clang-libcxx	4892467	6150401666	6172074	8069675	198592917	686933279	NA	0
2051	2	opencv	fedora-clang-libcxx	4905097	6155306763	6172126	8069675	198742572	687482901	NA	0
2052	2	opencv	fedora-clang-libcxx	5621561	6160928324	6172178	8069675	198905060	688086623	NA	0
2053	2	opencv	fedora-clang-libcxx	5179932	6166108256	6172230	8069675	199064368	688663056	NA	0
2054	2	opencv	fedora-clang-libcxx	5253010	6171361266	6172282	8069675	199216988	689238691	NA	0
2055	2	opencv	fedora-clang-libcxx	4905299	6176266565	6172334	8069675	199366737	689787997	NA	0
2056	2	opencv	fedora-clang-libcxx	5349593	6181616158	6172386	8069675	199531250	690390107	NA	0
2057	2	opencv	fedora-clang-libcxx	5333954	6186950112	6172438	8069675	199696501	690994958	NA	0
2058	2	opencv	fedora-clang-libcxx	4904710	6191854822	6172490	8069675	199846107	691544358	NA	0
2059	2	opencv	fedora-clang-libcxx	4882315	6196737137	6172542	8069675	199995567	692091704	NA	0
2060	2	opencv	fedora-clang-libcxx	5311109	6202048246	6172594	8069675	200155090	692678423	NA	0
2061	2	opencv	fedora-clang-libcxx	5278685	6207326931	6172646	8069675	200315190	693264446	NA	0
2062	2	opencv	fedora-clang-libcxx	5126730	6212453661	6172698	8069675	200467937	693832849	NA	0
2063	2	opencv	fedora-clang-libcxx	4910576	6217364237	6172750	8069675	200617640	694382794	NA	0
2064	2	opencv	fedora-clang-libcxx	5006743	6222370980	6172802	8069675	200769806	694947880	NA	0
2065	2	opencv	fedora-clang-libcxx	4944508	6227315488	6172854	8069675	200919722	695498884	NA	0
2066	2	opencv	fedora-clang-libcxx	5152775	6232468263	6172906	8069675	201079658	696079790	NA	0
2067	2	opencv	fedora-clang-libcxx	4908077	6237376340	6172958	8069675	201229827	696632115	NA	0
2068	2	opencv	fedora-clang-libcxx	4885611	6242261951	6173010	8069675	201379403	697180291	NA	0
2069	2	opencv	fedora-clang-libcxx	5097377	6247359328	6173062	8069675	201530673	697744438	NA	0
2070	2	opencv	fedora-clang-libcxx	5136673	6252496001	6173114	8069675	201683842	698312143	NA	0
2071	2	opencv	fedora-clang-libcxx	5299686	6257795687	6173166	8069675	201846084	698906141	NA	0
2072	2	opencv	fedora-clang-libcxx	5299686	6263095373	6173218	8069675	202008326	699500136	NA	0
2073	2	opencv	fedora-clang-libcxx	5318322	6268413695	6173270	8069675	202170849	700095292	NA	0
2074	2	opencv	fedora-clang-libcxx	5318333	6273732028	6173322	8069675	202333372	700690452	NA	0
2075	2	opencv	fedora-clang-libcxx	5318473	6279050501	6173374	8069675	202495957	701285654	NA	0
2076	2	opencv	fedora-clang-libcxx	7012494	6286062995	6173426	8069675	202693766	701992906	NA	0
2077	2	opencv	fedora-clang-libcxx	7010915	6293073910	6173478	8069675	202891522	702699517	NA	0
2078	2	opencv	fedora-clang-libcxx	7224841	6300298751	6173531	8069675	203093259	703430144	NA	0
2079	2	opencv	fedora-clang-libcxx	7223384	6307522135	6173584	8069675	203294975	704160709	NA	0
2080	2	opencv	fedora-clang-libcxx	7475884	6314998019	6173637	8069675	203500318	704916076	NA	0
2081	2	opencv	fedora-clang-libcxx	7474427	6322472446	6173690	8069675	203705635	705671363	NA	0
2082	2	opencv	fedora-clang-libcxx	7479519	6329951965	6173743	8069675	203911047	706427021	NA	0
2083	2	opencv	fedora-clang-libcxx	4768384	6334720349	6173796	8069675	204056092	706949593	NA	0
2084	2	opencv	fedora-clang-libcxx	4877420	6339597769	6173849	8069675	204206446	707494688	NA	0
2085	2	opencv	fedora-clang-libcxx	4877371	6344475140	6173902	8069675	204356768	708039807	NA	0
2086	2	opencv	fedora-clang-libcxx	4877430	6349352570	6173955	8069675	204507122	708584872	NA	0
2087	2	opencv	fedora-clang-libcxx	4877405	6354229975	6174008	8069675	204657476	709129915	NA	0
2088	2	opencv	fedora-clang-libcxx	4877410	6359107385	6174061	8069675	204807829	709674956	NA	0
2089	2	opencv	fedora-clang-libcxx	4877353	6363984738	6174114	8069675	204958151	710220011	NA	0
2090	2	opencv	fedora-clang-libcxx	4877375	6368862113	6174167	8069675	205108473	710765192	NA	0
2091	2	opencv	fedora-clang-libcxx	4771845	6373633958	6174220	8069675	205253521	711288617	NA	0
2092	2	opencv	fedora-clang-libcxx	4772745	6378406703	6174273	8069675	205398598	711812266	NA	0
2093	2	opencv	fedora-clang-libcxx	4773494	6383180197	6174326	8069675	205543670	712335979	NA	0
2094	2	opencv	fedora-clang-libcxx	4897374	6388077571	6174379	8069675	205690039	712869019	NA	0
2095	2	opencv	fedora-clang-libcxx	4784179	6392861750	6174432	8069675	205835112	713393094	NA	0
2096	2	opencv	fedora-clang-libcxx	4778128	6397639878	6174485	8069675	205980191	713916996	NA	0
2097	2	opencv	fedora-clang-libcxx	4773571	6402413449	6174538	8069675	206125262	714440675	NA	0
2098	2	opencv	fedora-clang-libcxx	4790570	6407204019	6174591	8069675	206270302	714965183	NA	0
2099	2	opencv	fedora-clang-libcxx	4778808	6411982827	6174644	8069675	206415399	715489209	NA	0
2100	2	opencv	fedora-clang-libcxx	4772167	6416754994	6174697	8069675	206560459	716012706	NA	0
2101	2	opencv	fedora-clang-libcxx	4773608	6421528602	6174750	8069675	206705528	716536334	NA	0
2102	2	opencv	fedora-clang-libcxx	4790073	6426318675	6174803	8069675	206850634	717061256	NA	0
2103	2	opencv	fedora-clang-libcxx	4772254	6431090929	6174856	8069675	206995685	717584694	NA	0
2104	2	opencv	fedora-clang-libcxx	4777812	6435868741	6174909	8069675	207140785	718108581	NA	0
2105	2	opencv	fedora-clang-libcxx	4775116	6440643857	6174962	8069675	207285853	718632218	NA	0
2106	2	opencv	fedora-clang-libcxx	4769724	6445413581	6175015	8069675	207430876	719155119	NA	0
2107	2	opencv	fedora-clang-libcxx	4797281	6450210862	6175068	8069675	207576053	719680554	NA	0
2108	2	opencv	fedora-clang-libcxx	4814239	6455025101	6175121	8069675	207721533	720208084	NA	0
2109	2	opencv	fedora-clang-libcxx	4772734	6459797835	6175174	8069675	207866608	720731662	NA	0
2110	2	opencv	fedora-clang-libcxx	4772542	6464570377	6175227	8069675	208011677	721255216	NA	0
2111	2	opencv	fedora-clang-libcxx	4822630	6469393007	6175280	8378721	208156920	721782174	NA	1
2112	2	opencv	fedora-clang-libcxx	4782402	6474175409	6175333	8378721	208302037	722306442	NA	0
2113	2	opencv	fedora-clang-libcxx	4775889	6478951298	6175386	8378721	208447103	722830182	NA	0
2114	2	opencv	fedora-clang-libcxx	4776424	6483727722	6175439	8378721	208592194	723354005	NA	0
2115	2	opencv	fedora-clang-libcxx	4795235	6488522957	6175492	8378721	208737334	723879101	NA	0
2116	2	opencv	fedora-clang-libcxx	4882968	6493405925	6175545	8378721	208887736	724425412	NA	0
2117	2	opencv	fedora-clang-libcxx	4124937	6497530862	6175598	8378721	209013982	724892541	NA	0
2118	2	opencv	fedora-clang-libcxx	4128112	6501658974	6175651	8378721	209140695	725361040	NA	0
2119	2	opencv	fedora-clang-libcxx	5127953	6506786927	6175704	8378721	209302893	725938679	NA	0
2120	2	opencv	fedora-clang-libcxx	5048224	6511835151	6175757	8378721	209462877	726506895	NA	0
2121	2	opencv	fedora-clang-libcxx	5042674	6516877825	6175810	8378721	209622740	727074151	NA	0
2122	2	opencv	fedora-clang-libcxx	5049876	6521927701	6175863	8378721	209782798	727643826	NA	0
2123	2	opencv	fedora-clang-libcxx	4233083	6526160784	6175916	8378721	209913649	728128422	NA	0
2124	2	opencv	fedora-clang-libcxx	4379032	6530539816	6175969	8378721	210047851	728625651	NA	0
2125	2	opencv	fedora-clang-libcxx	3994393	6534534209	6176022	8378721	210174056	729084504	NA	0
2126	2	opencv	fedora-clang-libcxx	4245713	6538779922	6176075	8378721	210306061	729574102	NA	0
2127	2	opencv	fedora-clang-libcxx	4209619	6542989541	6176128	8378721	210437039	730059215	NA	0
2128	2	opencv	fedora-clang-libcxx	4263773	6547253314	6176181	8378721	210569498	730550457	NA	0
2129	2	opencv	fedora-clang-libcxx	4220605	6551473919	6176234	8378721	210700902	731037946	NA	0
2130	2	opencv	fedora-clang-libcxx	3972812	6555446731	6176287	8378721	210826106	731492428	NA	0
2131	2	opencv	fedora-clang-libcxx	3987919	6559434650	6176340	8378721	210951767	731948746	NA	0
2132	2	opencv	fedora-clang-libcxx	4267681	6563702331	6176393	8378721	211085192	732443790	NA	0
2133	2	opencv	fedora-clang-libcxx	4372099	6568074430	6176446	8378721	211222091	732956463	NA	0
2134	2	opencv	fedora-clang-libcxx	4275279	6572349709	6176499	8378721	211355097	733449577	NA	0
2135	2	opencv	fedora-clang-libcxx	4322303	6576672012	6176552	8378721	211489683	733949989	NA	0
2136	2	opencv	fedora-clang-libcxx	4143484	6580815496	6176605	8378721	211615252	734448042	NA	0
2137	2	opencv	fedora-clang-libcxx	4445181	6585260677	6176658	8378721	211747872	734932659	NA	0
2138	2	opencv	fedora-clang-libcxx	4248852	6589509529	6176711	8378721	211880583	735424634	NA	0
2139	2	opencv	fedora-clang-libcxx	3983094	6593492623	6176764	8378721	212005673	735881673	NA	0
2140	2	opencv	fedora-clang-libcxx	4132919	6597625542	6176817	8378721	212134956	736351444	NA	0
2141	2	opencv	fedora-clang-libcxx	4218233	6601843775	6176870	8378721	212266713	736839339	NA	0
2142	2	opencv	fedora-clang-libcxx	4391725	6606235500	6176923	8378721	212402817	737345300	NA	0
2143	2	opencv	fedora-clang-libcxx	4380666	6610616166	6176976	8378721	212538693	737849927	NA	0
2144	2	opencv	fedora-clang-libcxx	3990511	6614606677	6177029	8378721	212664643	738307935	NA	0
2145	2	opencv	fedora-clang-libcxx	4208520	6618815197	6177082	8378721	212795668	738793297	NA	0
2146	2	opencv	fedora-clang-libcxx	3965706	6622780903	6177135	8378721	212920502	739246232	NA	0
2147	2	opencv	fedora-clang-libcxx	4252495	6627033398	6177188	8378721	213053085	739738008	NA	0
2148	2	opencv	fedora-clang-libcxx	3976359	6631009757	6177241	8378721	213178280	740192479	NA	0
2149	2	opencv	fedora-clang-libcxx	3988467	6634998224	6177294	8378721	213304070	740649128	NA	0
2150	2	opencv	fedora-clang-libcxx	4072984	6639071208	6177347	8378721	213432884	741121681	NA	0
2151	2	opencv	fedora-clang-libcxx	3992146	6643063354	6177400	8378721	213559244	741579718	NA	0
2152	2	opencv	fedora-clang-libcxx	3987702	6647051056	6177453	8378721	213685285	742037089	NA	0
2153	2	opencv	fedora-clang-libcxx	4193754	6651244810	6177506	8378721	213815818	742519635	NA	0
2154	2	opencv	fedora-clang-libcxx	3970638	6655215448	6177559	8378721	213940896	742973283	NA	0
2155	2	opencv	fedora-clang-libcxx	4413645	6659629093	6177612	8378721	214077696	743484039	NA	0
2156	2	opencv	fedora-clang-libcxx	3981923	6663611016	6177665	8378721	214203220	743939921	NA	0
2157	2	opencv	fedora-clang-libcxx	3961704	6667572720	6177718	8378721	214327909	744391720	NA	0
2158	2	opencv	fedora-clang-libcxx	3997497	6671570217	6177771	8378721	214453839	744849641	NA	0
2159	2	opencv	fedora-clang-libcxx	4217025	6675787242	6177824	8378721	214585542	745337860	NA	0
2160	2	opencv	fedora-clang-libcxx	3990303	6679777545	6177877	8378721	214711544	745795446	NA	0
2161	2	opencv	fedora-clang-libcxx	4058195	6683835740	6177930	8378721	214839939	746281769	NA	0
2162	2	opencv	fedora-clang-libcxx	4310092	6688145832	6177983	8378721	214974639	746782721	NA	0
2163	2	opencv	fedora-clang-libcxx	4270259	6692416091	6178036	8378721	215108570	747282935	NA	0
2164	2	opencv	fedora-clang-libcxx	4367553	6696783644	6178089	8378721	215244242	747791059	NA	0
2165	2	opencv	fedora-clang-libcxx	4004216	6700787860	6178142	8378721	215370171	748249261	NA	0
2166	2	opencv	fedora-clang-libcxx	3968132	6704755992	6178195	8378721	215495170	748702576	NA	0
2167	2	opencv	fedora-clang-libcxx	3975816	6708731808	6178248	8378721	215620585	749157240	NA	0
2168	2	opencv	fedora-clang-libcxx	3991811	6712723619	6178301	8378721	215746700	749616257	NA	0
2169	2	opencv	fedora-clang-libcxx	3960181	6716683800	6178354	8378721	215871303	750067518	NA	0
2170	2	opencv	fedora-clang-libcxx	3964094	6720647894	6178407	8378721	215996059	750519576	NA	0
2171	2	opencv	fedora-clang-libcxx	4228154	6724876048	6178460	8378721	216127783	751008438	NA	0
2172	2	opencv	fedora-clang-libcxx	4124601	6729000649	6178513	8378721	216257143	751478762	NA	0
2173	2	opencv	fedora-clang-libcxx	4002825	6733003474	6178566	8378721	216383216	751936444	NA	0
2174	2	opencv	fedora-clang-libcxx	4212258	6737215732	6178619	8378721	216514669	752423858	NA	0
2175	2	opencv	fedora-clang-libcxx	4255608	6741471340	6178672	8378721	216647196	752914991	NA	0
2176	2	opencv	fedora-clang-libcxx	4215631	6745686971	6178725	8378721	216778429	753401227	NA	0
2177	2	opencv	fedora-clang-libcxx	3966824	6749653795	6178778	8378721	216903300	753854500	NA	0
2178	2	opencv	fedora-clang-libcxx	4253742	6753907537	6178831	8378721	217035437	754345490	NA	0
2179	2	opencv	fedora-clang-libcxx	4194486	6758102023	6178884	8378721	217165965	754827827	NA	0
2180	2	opencv	fedora-clang-libcxx	4358105	6762460128	6178937	8378721	217301897	755335316	NA	0
2181	2	opencv	fedora-clang-libcxx	3970034	6766430162	6178990	8378721	217427108	755789443	NA	0
2182	2	opencv	fedora-clang-libcxx	3974293	6770404455	6179043	8378721	217552394	756244300	NA	0
2183	2	opencv	fedora-clang-libcxx	3980936	6774385391	6179096	8378721	217677728	756699818	NA	0
2184	2	opencv	fedora-clang-libcxx	4237142	6778622533	6179149	8378721	217810132	757191513	NA	0
2185	2	opencv	fedora-clang-libcxx	4384090	6783006623	6179202	8378721	217945699	757696864	NA	0
2186	2	opencv	fedora-clang-libcxx	4203439	6787210062	6179255	8378721	218076559	758180923	NA	0
2187	2	opencv	fedora-clang-libcxx	4238755	6791448817	6179308	8378721	218208715	758670908	NA	0
2188	2	opencv	fedora-clang-libcxx	3986938	6795435755	6179361	8378721	218334565	759127568	NA	0
2189	2	opencv	fedora-clang-libcxx	4248931	6799684686	6179414	8378721	218466489	759616203	NA	0
2190	2	opencv	fedora-clang-libcxx	3972846	6803657532	6179467	8378721	218591539	760070681	NA	0
2191	2	opencv	fedora-clang-libcxx	3983028	6807640560	6179520	8378721	218717113	760527572	NA	0
2192	2	opencv	fedora-clang-libcxx	4253374	6811893934	6179573	8378721	218849290	761017374	NA	0
2193	2	opencv	fedora-clang-libcxx	3962730	6815856664	6179626	8378721	218973967	761469344	NA	0
2194	2	opencv	fedora-clang-libcxx	3655022	6819511686	6179679	8378721	219087244	761875895	NA	0
2195	2	opencv	fedora-clang-libcxx	4258790	6823770476	6179732	8378721	219219429	762364911	NA	0
2196	2	opencv	fedora-clang-libcxx	4000725	6827771201	6179785	8378721	219345229	762819847	NA	0
2197	2	opencv	fedora-clang-libcxx	4366805	6832138006	6179838	8378721	219479900	763318058	NA	0
2198	2	opencv	fedora-clang-libcxx	4275738	6836413744	6179891	8378721	219612758	763809345	NA	0
2199	2	opencv	fedora-clang-libcxx	4388004	6840801748	6179944	8378721	219748672	764314170	NA	0
2200	2	opencv	fedora-clang-libcxx	4274757	6845076505	6179997	8378721	219882236	764808463	NA	0
2201	2	opencv	fedora-clang-libcxx	4266269	6849342774	6180050	8378721	220015242	765300036	NA	0
2202	2	opencv	fedora-clang-libcxx	4305127	6853647901	6180103	8378721	220149593	765798126	NA	0
2203	2	opencv	fedora-clang-libcxx	4249382	6857897283	6180156	8378721	220281871	766287869	NA	0
2204	2	opencv	fedora-clang-libcxx	4251753	6862149036	6180209	8378721	220414021	766775982	NA	0
2205	2	opencv	fedora-clang-libcxx	4378682	6866527718	6180262	8378721	220549322	767278066	NA	0
2206	2	opencv	fedora-clang-libcxx	5919102	6872446820	6180315	8378721	220721954	767873871	NA	0
2207	2	opencv	fedora-clang-libcxx	6062907	6878509727	6180368	8378721	220898119	768484040	NA	0
2208	2	opencv	fedora-clang-libcxx	6145679	6884655406	6180421	8378721	221075237	769106057	NA	0
2209	2	opencv	fedora-clang-libcxx	5695919	6890351325	6180474	8378721	221242300	769672518	NA	0
2210	2	opencv	fedora-clang-libcxx	6275078	6896626403	6180527	8378721	221422456	770306043	NA	0
2211	2	opencv	fedora-clang-libcxx	6167345	6902793748	6180580	8378721	221600087	770930406	NA	0
2212	2	opencv	fedora-clang-libcxx	6191273	6908985021	6180633	8378721	221778436	771556962	NA	0
2213	2	opencv	fedora-clang-libcxx	6297823	6915282844	6180686	8378721	221959799	772196758	NA	0
2214	2	opencv	fedora-clang-libcxx	6182026	6921464870	6180739	8378721	222138656	772825935	NA	0
2215	2	opencv	fedora-clang-libcxx	6173476	6927638346	6180792	8378721	222317008	773452348	NA	0
2216	2	opencv	fedora-clang-libcxx	6212272	6933850618	6180845	8378721	222496791	774085288	NA	0
2217	2	opencv	fedora-clang-libcxx	6155271	6940005889	6180898	8378721	222674311	774709686	NA	0
2218	2	opencv	fedora-clang-libcxx	6158895	6946164784	6180951	8378721	222851768	775332549	NA	0
2219	2	opencv	fedora-clang-libcxx	6285328	6952450112	6181004	8378721	223032455	775969149	NA	0
2220	2	opencv	fedora-clang-libcxx	6180165	6958630277	6181057	8378721	223209920	776592370	NA	0
2221	2	opencv	fedora-clang-libcxx	6532419	6965162696	6181110	8378721	223393879	777251463	NA	0
2222	2	opencv	fedora-clang-libcxx	6424686	6971587382	6181163	8378721	223575307	777901486	NA	0
2223	2	opencv	fedora-clang-libcxx	6448614	6978035996	6181216	9309595	223757451	778553581	NA	1
2224	2	opencv	fedora-clang-libcxx	6439367	6984475363	6181269	9309595	223940094	779208453	NA	0
2225	2	opencv	fedora-clang-libcxx	6430817	6990906180	6181322	9309595	224122243	779860515	NA	0
2226	2	opencv	fedora-clang-libcxx	6469613	6997375793	6181375	9309595	224305800	780519113	NA	0
2227	2	opencv	fedora-clang-libcxx	6412612	7003788405	6181428	9309595	224487124	781169160	NA	0
2228	2	opencv	fedora-clang-libcxx	6443786	7010232191	6181481	9309595	224668934	781820457	NA	0
2229	2	opencv	fedora-clang-libcxx	6399596	7016631787	6181534	9309595	224849780	782467470	NA	0
2230	2	opencv	fedora-clang-libcxx	4914940	7021546727	6181587	9309595	225001595	783019643	NA	0
2231	2	opencv	fedora-clang-libcxx	4914920	7026461647	6181640	9309595	225153410	783571751	NA	0
2232	2	opencv	fedora-clang-libcxx	4914936	7031376583	6181693	9309595	225305225	784123851	NA	0
2233	2	opencv	fedora-clang-libcxx	4914920	7036291503	6181746	9309595	225457040	784675959	NA	0
2234	2	opencv	fedora-clang-libcxx	4914920	7041206423	6181799	9309595	225608855	785228066	NA	0
2235	2	opencv	fedora-clang-libcxx	4914932	7046121355	6181852	9309595	225760670	785780171	NA	0
2236	2	opencv	fedora-clang-libcxx	4914928	7051036283	6181905	9309595	225912485	786332243	NA	0
2237	2	opencv	fedora-clang-libcxx	4914916	7055951199	6181958	9309595	226064300	786884343	NA	0
2238	2	opencv	fedora-clang-libcxx	4914936	7060866135	6182011	9309595	226216115	787436450	NA	0
2239	2	opencv	fedora-clang-libcxx	4914873	7065781008	6182064	9309595	226367895	787988663	NA	0
2240	2	opencv	fedora-clang-libcxx	4914928	7070695936	6182117	9309595	226519710	788540729	NA	0
2241	2	opencv	fedora-clang-libcxx	4914956	7075610892	6182170	9309595	226671525	789092914	NA	0
2242	2	opencv	fedora-clang-libcxx	4914948	7080525840	6182223	9309595	226823340	789645080	NA	0
2243	2	opencv	fedora-clang-libcxx	4914932	7085440772	6182276	9309595	226975155	790197184	NA	0
2244	2	opencv	fedora-clang-libcxx	4914944	7090355716	6182329	9309595	227126970	790749280	NA	0
2245	2	opencv	fedora-clang-libcxx	4914916	7095270632	6182382	9309595	227278785	791301380	NA	0
2246	2	opencv	fedora-clang-libcxx	4945939	7100216571	6182435	9309595	227431180	791858155	NA	0
2247	2	opencv	fedora-clang-libcxx	4930830	7105147401	6182488	9309595	227583427	792413568	NA	0
2248	2	opencv	fedora-clang-libcxx	4927872	7110075273	6182541	9309595	227733698	792968681	NA	0
2249	2	opencv	fedora-clang-libcxx	4932883	7115008156	6182594	9309595	227885899	793524457	NA	0
2250	2	opencv	fedora-clang-libcxx	5221713	7120229869	6182647	9309595	228046330	794106510	NA	0
2251	2	opencv	fedora-clang-libcxx	5027497	7125257366	6182700	9309595	228199033	794666257	NA	0
2252	2	opencv	fedora-clang-libcxx	4953149	7130210515	6182753	9309595	228351702	795224403	NA	0
2253	2	opencv	fedora-clang-libcxx	5000886	7135211401	6182806	9309595	228504275	795783213	NA	0
2254	2	opencv	fedora-clang-libcxx	4938933	7140150334	6182859	9309595	228656455	796338473	NA	0
2255	2	opencv	fedora-clang-libcxx	5133136	7145283470	6182912	9309595	228816645	796916479	NA	0
2256	2	opencv	fedora-clang-libcxx	4926416	7150209886	6182965	9309595	228968542	797470123	NA	0
2257	2	opencv	fedora-clang-libcxx	4952725	7155162611	6183018	9309595	229121349	798027954	NA	0
2258	2	opencv	fedora-clang-libcxx	4975052	7160137663	6183071	9309595	229274025	798585979	NA	0
2259	2	opencv	fedora-clang-libcxx	5018924	7165156587	6183124	9309595	229427416	799149959	NA	0
2260	2	opencv	fedora-clang-libcxx	4951658	7170108245	6183177	9309595	229579592	799706192	NA	0
2261	2	opencv	fedora-clang-libcxx	5179843	7175288088	6183230	9309595	229735338	800284940	NA	0
2262	2	opencv	fedora-clang-libcxx	4950960	7180239048	6183283	9309595	229887575	800840705	NA	0
2263	2	opencv	fedora-clang-libcxx	4962620	7185201668	6183336	9309595	230040026	801400766	NA	0
2264	2	opencv	fedora-clang-libcxx	4963341	7190165009	6183389	9309595	230192478	801960811	NA	0
2265	2	opencv	fedora-clang-libcxx	4934038	7195099047	6183442	9309595	230345084	802517251	NA	0
2266	2	opencv	fedora-clang-libcxx	4933510	7200032557	6183495	9309595	230497553	803073258	NA	0
2267	2	opencv	fedora-clang-libcxx	4924938	7204957495	6183548	9309595	230649572	803627199	NA	0
2268	2	opencv	fedora-clang-libcxx	5028932	7209986427	6183601	9309595	230803996	804193959	NA	0
2269	2	opencv	fedora-clang-libcxx	4942750	7214929177	6183654	9309595	230956132	804749291	NA	0
2270	2	opencv	fedora-clang-libcxx	4979421	7219908598	6183707	9309595	231108531	805307233	NA	0
2271	2	opencv	fedora-clang-libcxx	4918056	7224826654	6183760	9309595	231260397	805860113	NA	0
2272	2	opencv	fedora-clang-libcxx	5059753	7229886407	6183813	9309595	231414494	806429723	NA	0
2273	2	opencv	fedora-clang-libcxx	4967745	7234854152	6183866	9309595	231568042	806991231	NA	0
2274	2	opencv	fedora-clang-libcxx	4967283	7239821435	6183919	9309595	231720209	807547651	NA	0
2275	2	opencv	fedora-clang-libcxx	4963906	7244785341	6183972	9309595	231872345	808103703	NA	0
2276	2	opencv	fedora-clang-libcxx	5001189	7249786530	6184025	9309595	232024712	808660951	NA	0
2277	2	opencv	fedora-clang-libcxx	4936675	7254723205	6184078	9309595	232176636	809215429	NA	0
2278	2	opencv	fedora-clang-libcxx	4976120	7259699325	6184131	9309595	232328841	809771862	NA	0
2279	2	opencv	fedora-clang-libcxx	4916015	7264615340	6184184	9309595	232480613	810324411	NA	0
2280	2	opencv	fedora-clang-libcxx	4934758	7269550098	6184237	9309595	232632971	810879794	NA	0
2281	2	opencv	fedora-clang-libcxx	4941594	7274491692	6184290	9309595	232785330	811436059	NA	0
2282	2	opencv	fedora-clang-libcxx	4922223	7279413915	6184343	9309595	232937178	811989277	NA	0
2283	2	opencv	fedora-clang-libcxx	4936116	7284350031	6184396	9309595	233089361	812544902	NA	0
2284	2	opencv	fedora-clang-libcxx	4953598	7289303629	6184449	9309595	233241648	813101861	NA	0
2285	2	opencv	fedora-clang-libcxx	4933401	7294237030	6184502	9309595	233393915	813657323	NA	0
2286	2	opencv	fedora-clang-libcxx	4918069	7299155099	6184555	9309595	233545734	814210186	NA	0
2287	2	opencv	fedora-clang-libcxx	4937894	7304092993	6184608	9309595	233697676	814765105	NA	0
2288	2	opencv	fedora-clang-libcxx	4962111	7309055104	6184661	9309595	233849871	815320490	NA	0
2289	2	opencv	fedora-clang-libcxx	4951184	7314006288	6184714	9309595	234001972	815875993	NA	0
2290	2	opencv	fedora-clang-libcxx	4981495	7318987783	6184767	9309595	234154510	816434510	NA	0
2291	2	opencv	fedora-clang-libcxx	4914878	7323902661	6184820	9309595	234306325	816986594	NA	0
2292	2	opencv	fedora-clang-libcxx	4877417	7328780078	6184873	9309595	234456659	817531658	NA	0
2293	2	opencv	fedora-clang-libcxx	4877511	7333657589	6184926	9309595	234607021	818076795	NA	0
2294	2	opencv	fedora-clang-libcxx	4877486	7338535075	6184979	9309595	234757383	818621841	NA	0
2295	2	opencv	fedora-clang-libcxx	4877486	7343412561	6185032	9309595	234907745	819166888	NA	0
2296	2	opencv	fedora-clang-libcxx	4877496	7348290057	6185085	9309595	235058107	819711929	NA	0
2297	2	opencv	fedora-clang-libcxx	4877481	7353167538	6185138	9309595	235208469	820256987	NA	0
2298	2	opencv	fedora-clang-libcxx	4877441	7358044979	6185191	9309595	235358803	820802033	NA	0
2299	2	opencv	fedora-clang-libcxx	4939986	7362984965	6185244	9309595	235509466	821352338	NA	0
2300	2	opencv	fedora-clang-libcxx	4877496	7367862461	6185297	9309595	235659828	821897382	NA	0
2301	2	opencv	fedora-clang-libcxx	4877445	7372739906	6185350	9309595	235810162	822442479	NA	0
2302	2	opencv	fedora-clang-libcxx	4877496	7377617402	6185403	9309595	235960524	822987531	NA	0
2303	2	opencv	fedora-clang-libcxx	4877496	7382494898	6185456	9309595	236110886	823532571	NA	0
2304	2	opencv	fedora-clang-libcxx	4842927	7387337825	6185509	9309595	236255956	824059997	NA	0
2305	2	opencv	fedora-clang-libcxx	4773968	7392111793	6185562	9309595	236401024	824583619	NA	0
2306	2	opencv	fedora-clang-libcxx	4822923	7396934716	6185615	9309595	236546266	825110887	NA	0
2307	2	opencv	fedora-clang-libcxx	4773532	7401708248	6185668	9309595	236691337	825634761	NA	0
2308	2	opencv	fedora-clang-libcxx	4803352	7406511600	6185721	9309595	236836586	826160893	NA	0
2309	2	opencv	fedora-clang-libcxx	4786260	7411297860	6185774	9309595	236981685	826685345	NA	0
2310	2	opencv	fedora-clang-libcxx	4829550	7416127410	6185827	9309595	237127401	827213462	NA	0
2311	2	opencv	fedora-clang-libcxx	4782548	7420909958	6185880	9309595	237272505	827737618	NA	0
2312	2	opencv	fedora-clang-libcxx	4772319	7425682277	6185933	9309595	237417567	828261114	NA	0
2313	2	opencv	fedora-clang-libcxx	4787803	7430470080	6185986	9309595	237562758	828786228	NA	0
2314	2	opencv	fedora-clang-libcxx	4774159	7435244239	6186039	9309595	237707881	829310167	NA	0
2315	2	opencv	fedora-clang-libcxx	4783073	7440027312	6186092	9309595	237852975	829834305	NA	0
2316	2	opencv	fedora-clang-libcxx	4792177	7444819489	6186145	9309595	237998178	830359489	NA	0
2317	2	opencv	fedora-clang-libcxx	4778319	7449597808	6186198	9309595	238143271	830883274	NA	0
2318	2	opencv	fedora-clang-libcxx	4780646	7454378454	6186251	9309595	238288377	831407395	NA	0
2319	2	opencv	fedora-clang-libcxx	4791075	7459169529	6186304	9309595	238433611	831932610	NA	0
2320	2	opencv	fedora-clang-libcxx	4773439	7463942968	6186357	9309595	238578672	832456312	NA	0
2321	2	opencv	fedora-clang-libcxx	4774344	7468717312	6186410	9309595	238723742	832979982	NA	0
2322	2	opencv	fedora-clang-libcxx	4769749	7473487061	6186463	9309595	238868763	833503073	NA	0
2323	2	opencv	fedora-clang-libcxx	4779513	7478266574	6186516	9309595	239013856	834027143	NA	0
2324	2	opencv	fedora-clang-libcxx	4772572	7483039146	6186569	9309595	239158931	834550715	NA	0
2325	2	opencv	fedora-clang-libcxx	4775621	7487814767	6186622	9309595	239303987	835074523	NA	0
2326	2	opencv	fedora-clang-libcxx	4772916	7492587683	6186675	9309595	239449031	835597956	NA	0
2327	2	opencv	fedora-clang-libcxx	4785873	7497373556	6186728	9309595	239594129	836122402	NA	0
2328	2	opencv	fedora-clang-libcxx	4774756	7502148312	6186781	9309595	239739251	836646426	NA	0
2329	2	opencv	fedora-clang-libcxx	4808725	7506957037	6186834	9309595	239884467	837172800	NA	0
2330	2	opencv	fedora-clang-libcxx	4810971	7511768008	6186887	9533869	240029615	837698522	NA	1
2331	2	opencv	fedora-clang-libcxx	4773032	7516541040	6186940	9533869	240174676	838222076	NA	0
2332	2	opencv	fedora-clang-libcxx	4786108	7521327148	6186993	9533869	240319804	838746710	NA	0
2333	2	opencv	fedora-clang-libcxx	4810101	7526137249	6187046	9533869	240465174	839273772	NA	0
2334	2	opencv	fedora-clang-libcxx	3881924	7530019173	6187099	9533869	240585577	839709444	NA	0
2335	2	opencv	fedora-clang-libcxx	3848346	7533867519	6187152	9533869	240704335	840138290	NA	0
2336	2	opencv	fedora-clang-libcxx	3877317	7537744836	6187205	9533869	240824257	840573358	NA	0
2337	2	opencv	fedora-clang-libcxx	3864144	7541608980	6187258	9533869	240943507	841004842	NA	0
2338	2	opencv	fedora-clang-libcxx	3832984	7545441964	6187311	9533869	241061614	841430403	NA	0
2339	2	opencv	fedora-clang-libcxx	3842153	7549284117	6187364	9533869	241179969	841857799	NA	0
2340	2	opencv	fedora-clang-libcxx	3850095	7553134212	6187417	9533869	241298937	842287493	NA	0
2341	2	opencv	fedora-clang-libcxx	4081831	7557216043	6187470	9533869	241423683	842747645	NA	0
2342	2	opencv	fedora-clang-libcxx	3853544	7561069587	6187523	9533869	241542580	843177471	NA	0
2343	2	opencv	fedora-clang-libcxx	3847964	7564917551	6187576	9533869	241661358	843606460	NA	0
2344	2	opencv	fedora-clang-libcxx	3859455	7568777006	6187629	9533869	241780244	844036371	NA	0
2345	2	opencv	fedora-clang-libcxx	4147917	7572924923	6187682	9533869	241907830	844509525	NA	0
2346	2	opencv	fedora-clang-libcxx	3850520	7576775443	6187735	9533869	242026593	844938513	NA	0
2347	2	opencv	fedora-clang-libcxx	3835020	7580610463	6187788	9533869	242144737	845364560	NA	0
2348	2	opencv	fedora-clang-libcxx	3892761	7584503224	6187841	9533869	242265939	845803490	NA	0
2349	2	opencv	fedora-clang-libcxx	4855566	7589358790	6187894	9533869	242414349	846342124	NA	0
2350	2	opencv	fedora-clang-libcxx	4844301	7594203091	6187947	9533869	242562558	846879134	NA	0
2351	2	opencv	fedora-clang-libcxx	4860563	7599063654	6188000	9533869	242710992	847418469	NA	0
2352	2	opencv	fedora-clang-libcxx	4845625	7603909279	6188053	9533869	242859202	847955494	NA	0
2353	2	opencv	fedora-clang-libcxx	4856182	7608765461	6188106	9533869	243007523	848493542	NA	0
2354	2	opencv	fedora-clang-libcxx	4850804	7613616265	6188159	9533869	243155798	849031231	NA	0
2355	2	opencv	fedora-clang-libcxx	4840563	7618456828	6188212	9533869	243303930	849567440	NA	0
2356	2	opencv	fedora-clang-libcxx	4877487	7623334315	6188265	9533869	243452651	850108146	NA	0
2357	2	opencv	fedora-clang-libcxx	4855429	7628189744	6188318	9533869	243600948	850646146	NA	0
2358	2	opencv	fedora-clang-libcxx	4851449	7633041193	6188371	9533869	243749338	851184804	NA	0
2359	2	opencv	fedora-clang-libcxx	4854303	7637895496	6188424	9533869	243897714	851723324	NA	0
2360	2	opencv	fedora-clang-libcxx	4858926	7642754422	6188477	9533869	244046052	852261546	NA	0
2361	2	opencv	fedora-clang-libcxx	4848920	7647603342	6188530	9533869	244194480	852799253	NA	0
2362	2	opencv	fedora-clang-libcxx	4798909	7652402251	6188583	9533869	244340825	853328041	NA	0
2363	2	opencv	fedora-clang-libcxx	4795982	7657198233	6188636	9533869	244487119	853856185	NA	0
2364	2	opencv	fedora-clang-libcxx	4798782	7661997015	6188689	9533869	244633478	854385026	NA	0
2365	2	opencv	fedora-clang-libcxx	3753450	7665750465	6188742	9533869	244750908	854809587	NA	0
2366	2	opencv	fedora-clang-libcxx	3754250	7669504715	6188795	9533869	244868343	855234202	NA	0
2367	2	opencv	fedora-clang-libcxx	3757386	7673262101	6188848	9533869	244986065	855659874	NA	0
2368	2	opencv	fedora-clang-libcxx	3747333	7677009434	6188901	9533869	245103233	856083130	NA	0
2369	2	opencv	fedora-clang-libcxx	3805599	7680815033	6188954	9533869	245222246	856514077	NA	0
2370	2	opencv	fedora-clang-libcxx	3783968	7684599001	6189007	9533869	245340997	856943398	NA	0
2371	2	opencv	fedora-clang-libcxx	3746915	7688345916	6189060	9533869	245458146	857366393	NA	0
2372	2	opencv	fedora-clang-libcxx	3773084	7692119000	6189113	9533869	245573864	857793486	NA	0
2373	2	opencv	fedora-clang-libcxx	3759448	7695878448	6189166	9533869	245691457	858218669	NA	0
2374	2	opencv	fedora-clang-libcxx	3766101	7699644549	6189219	9533869	245809453	858644941	NA	0
2375	2	opencv	fedora-clang-libcxx	3750612	7703395161	6189272	9533869	245926661	859068567	NA	0
2376	2	opencv	fedora-clang-libcxx	3758092	7707153253	6189325	9533869	246044326	859494148	NA	0
2377	2	opencv	fedora-clang-libcxx	3759854	7710913107	6189378	9533869	246161930	859919547	NA	0
2378	2	opencv	fedora-clang-libcxx	3654990	7714568097	6189431	9533869	246275207	860326038	NA	0
2379	2	opencv	fedora-clang-libcxx	4888140	7719456237	6189484	9533869	246425913	860873105	NA	0
2380	2	opencv	fedora-clang-libcxx	4923360	7724379597	6189537	9533869	246576844	861422222	NA	0
2381	2	opencv	fedora-clang-libcxx	4892630	7729272227	6189590	9533869	246727623	861970113	NA	0
2382	2	opencv	fedora-clang-libcxx	4896865	7734169092	6189643	9533869	246878466	862518476	NA	0
2383	2	opencv	fedora-clang-libcxx	4916659	7739085751	6189696	9533869	247029391	863068052	NA	0
2384	2	opencv	fedora-clang-libcxx	4934887	7744020638	6189749	9533869	247182012	863623183	NA	0
2385	2	opencv	fedora-clang-libcxx	4926912	7748947550	6189802	9533869	247333199	864174459	NA	0
2386	2	opencv	fedora-clang-libcxx	4904337	7753851887	6189855	9533869	247484145	864723885	NA	0
2387	2	opencv	fedora-clang-libcxx	4889295	7758741182	6189908	9533869	247634847	865271150	NA	0
2388	2	opencv	fedora-clang-libcxx	4907195	7763648377	6189961	9533869	247785691	865819826	NA	0
2389	2	opencv	fedora-clang-libcxx	4888758	7768537135	6190014	9533869	247936439	866367028	NA	0
2390	2	opencv	fedora-clang-libcxx	4823785	7773360920	6190067	9533869	248083686	866899289	NA	0
2391	2	opencv	fedora-clang-libcxx	4788238	7778149158	6190120	9533869	248229219	867425091	NA	0
2392	2	opencv	fedora-clang-libcxx	4789427	7782938585	6190173	9533869	248374754	867951181	NA	0
2393	2	opencv	fedora-clang-libcxx	4786304	7787724889	6190226	9533869	248520292	868476772	NA	0
2394	2	opencv	fedora-clang-libcxx	6956500	7794681389	6190279	9533869	248732261	869152652	NA	0
2395	2	opencv	fedora-clang-libcxx	4444615	7799126004	6190332	9533869	248867601	869637533	NA	0
2396	2	opencv	fedora-clang-libcxx	4194078	7803320082	6190385	9533869	248996402	870107015	NA	0
2397	2	opencv	fedora-clang-libcxx	4313477	7807633559	6190438	9533869	249128889	870585769	NA	0
2398	2	opencv	fedora-clang-libcxx	4339366	7811972925	6190491	9533869	249262285	871067807	NA	0
2399	2	opencv	fedora-clang-libcxx	4301416	7816274341	6190544	9533869	249394087	871544807	NA	0
2400	2	opencv	fedora-clang-libcxx	4053318	7820327659	6190597	9533869	249517917	871998793	NA	0
2401	2	opencv	fedora-clang-libcxx	4002483	7824330142	6190650	9533869	249639613	872446298	NA	0
2402	2	opencv	fedora-clang-libcxx	3971370	7828301512	6190703	9533869	249760275	872890365	NA	0
2403	2	opencv	fedora-clang-libcxx	3988081	7832289593	6190756	9533869	249881614	873336613	NA	0
2404	2	opencv	fedora-clang-libcxx	4173540	7836463133	6190809	9533869	250009233	873800119	NA	0
2405	2	opencv	fedora-clang-libcxx	6373379	7842836512	6190862	9533869	250214996	874501493	NA	0
2406	2	opencv	fedora-clang-libcxx	6380172	7849216684	6190915	9533869	250420843	875201474	NA	0
2407	2	opencv	fedora-clang-libcxx	6305679	7855522363	6190968	9533869	250624075	875891113	NA	0
2408	2	opencv	fedora-clang-libcxx	4142239	7859664602	6191021	9533869	250750650	876350351	NA	0
2409	2	opencv	fedora-clang-libcxx	4186268	7863850870	6191074	9533869	250878480	876815075	NA	0
2410	2	opencv	fedora-clang-libcxx	4137137	7867988007	6191127	9533869	251004939	877273105	NA	0
2411	2	opencv	fedora-clang-libcxx	4131006	7872119013	6191180	9533869	251131111	877729828	NA	0
2412	2	opencv	fedora-clang-libcxx	4132413	7876251426	6191233	9533869	251257340	878186759	NA	0
2413	2	opencv	fedora-clang-libcxx	4134963	7880386389	6191286	9533869	251383644	878644246	NA	0
2414	2	opencv	fedora-clang-libcxx	4234757	7884621146	6191339	9533869	251513889	879119112	NA	0
2415	2	opencv	fedora-clang-libcxx	4143487	7888764633	6191392	9533869	251640624	879578338	NA	0
2416	2	opencv	fedora-clang-libcxx	4132732	7892897365	6191445	9533869	251766903	880035395	NA	0
2417	2	opencv	fedora-clang-libcxx	4138830	7897036195	6191498	9533869	251893426	880493494	NA	0
2418	2	opencv	fedora-clang-libcxx	4168275	7901204470	6191551	9533869	252021000	880955886	NA	0
2419	2	opencv	fedora-clang-libcxx	4384689	7905589159	6191604	9533869	252153543	881446410	NA	0
2420	2	opencv	fedora-clang-libcxx	4464669	7910053828	6191657	9533869	252288224	881948508	NA	0
2421	2	opencv	fedora-clang-libcxx	4385137	7914438965	6191710	9533869	252420809	882439028	NA	0
2422	2	opencv	fedora-clang-libcxx	4405411	7918844376	6191763	9533869	252554018	882933020	NA	0
2423	2	opencv	fedora-clang-libcxx	4390641	7923235017	6191816	9533869	252686787	883425114	NA	0
2424	2	opencv	fedora-clang-libcxx	4131485	7927366502	6191869	9533869	252812965	883881846	NA	0
2425	2	opencv	fedora-clang-libcxx	4407436	7931773938	6191922	9533869	252946283	884376329	NA	0
2426	2	opencv	fedora-clang-libcxx	4399733	7936173671	6191975	9533869	253079070	884868486	NA	0
2427	2	opencv	fedora-clang-libcxx	4381273	7940554944	6192028	9533869	253211410	885358263	NA	0
2428	2	opencv	fedora-clang-libcxx	4455220	7945010164	6192081	9533869	253346980	885861328	NA	0
2429	2	opencv	fedora-clang-libcxx	4390699	7949400863	6192134	9533869	253479699	886352718	NA	0
2430	2	opencv	fedora-clang-libcxx	4142067	7953542930	6192187	9533869	253606231	886811256	NA	0
2431	2	opencv	fedora-clang-libcxx	4136322	7957679252	6192240	9533869	253732556	887268871	NA	0
2432	2	opencv	fedora-clang-libcxx	4378513	7962057765	6192293	9533869	253864977	887758544	NA	0
2433	2	opencv	fedora-clang-libcxx	4377229	7966434994	6192346	9533869	253997345	888247977	NA	0
2434	2	opencv	fedora-clang-libcxx	4385331	7970820325	6192399	9533869	254130155	888740277	NA	0
2435	2	opencv	fedora-clang-libcxx	4389711	7975210036	6192452	9533869	254262959	889232143	NA	0
2436	2	opencv	fedora-clang-libcxx	4137160	7979347196	6192505	9533869	254389323	889690163	NA	0
2437	2	opencv	fedora-clang-libcxx	4387676	7983734872	6192558	9533869	254522045	890181662	NA	0
2438	2	opencv	fedora-clang-libcxx	4379537	7988114409	6192611	9533869	254654487	890671195	NA	0
2439	2	opencv	fedora-clang-libcxx	4452218	7992566627	6192664	9533869	254789314	891172570	NA	0
2440	2	opencv	fedora-clang-libcxx	4382420	7996949047	6192717	9533869	254921877	891663044	NA	0
2441	2	opencv	fedora-clang-libcxx	4389836	8001338883	6192770	9533869	255054790	892154948	NA	0
2442	2	opencv	fedora-clang-libcxx	4377501	8005716384	6192823	10067961	255187310	892646147	NA	1
2443	2	opencv	fedora-clang-libcxx	4181066	8009897450	6192876	10067961	255314439	893116083	NA	0
2444	2	opencv	fedora-clang-libcxx	4442863	8014340313	6192929	10067961	255449306	893617312	NA	0
2445	2	opencv	fedora-clang-libcxx	4410909	8018751222	6192982	10067961	255582388	894111104	NA	0
2446	2	opencv	fedora-clang-libcxx	4144147	8022895369	6193035	10067961	255708760	894569204	NA	0
2447	2	opencv	fedora-clang-libcxx	4367340	8027262709	6193088	10067961	255840832	895057680	NA	0
2448	2	opencv	fedora-clang-libcxx	4382050	8031644759	6193141	10067961	255973357	895548107	NA	0
2449	2	opencv	fedora-clang-libcxx	4380564	8036025323	6193194	10067961	256105841	896038314	NA	0
2450	2	opencv	fedora-clang-libcxx	4144282	8040169605	6193247	10067961	256232290	896496944	NA	0
2451	2	opencv	fedora-clang-libcxx	4409605	8044579210	6193300	10067961	256365867	896992557	NA	0
2452	2	opencv	fedora-clang-libcxx	4435199	8049014409	6193353	10067961	256498665	897494240	NA	0
2453	2	opencv	fedora-clang-libcxx	4461763	8053476172	6193406	10067961	256633842	897994884	NA	0
2454	2	opencv	fedora-clang-libcxx	4407175	8057883347	6193459	10067961	256767154	898489261	NA	0
2455	2	opencv	fedora-clang-libcxx	4141100	8062024447	6193512	10067961	256893652	898947915	NA	0
2456	2	opencv	fedora-clang-libcxx	4380760	8066405207	6193565	10067961	257026083	899437773	NA	0
2457	2	opencv	fedora-clang-libcxx	4378755	8070783962	6193618	10067961	257158470	899927458	NA	0
2458	2	opencv	fedora-clang-libcxx	4400281	8075184243	6193671	10067961	257291621	900421214	NA	0
2459	2	opencv	fedora-clang-libcxx	4141378	8079325621	6193724	10067961	257418154	900880083	NA	0
2460	2	opencv	fedora-clang-libcxx	4382266	8083707887	6193777	10067961	257550646	901370486	NA	0
2461	2	opencv	fedora-clang-libcxx	4394961	8088102848	6193830	10067961	257683686	901863442	NA	0
2462	2	opencv	fedora-clang-libcxx	4136668	8092239516	6193883	10067961	257810029	902321413	NA	0
2463	2	opencv	fedora-clang-libcxx	4139084	8096378600	6193936	10067961	257936469	902779642	NA	0
2464	2	opencv	fedora-clang-libcxx	4382827	8100761427	6193989	10067961	258068980	903270021	NA	0
2465	2	opencv	fedora-clang-libcxx	4383317	8105144744	6194042	10067961	258201455	903760235	NA	0
2466	2	opencv	fedora-clang-libcxx	4479514	8109624258	6194095	10067961	258337718	904266406	NA	0
2467	2	opencv	fedora-clang-libcxx	4383823	8114008081	6194148	10067961	258470575	904758463	NA	0
2468	2	opencv	fedora-clang-libcxx	4389575	8118397656	6194201	10067961	258603216	905249898	NA	0
2469	2	opencv	fedora-clang-libcxx	4380990	8122778646	6194254	10067961	258735675	905740136	NA	0
2470	2	opencv	fedora-clang-libcxx	4415452	8127194098	6194307	10067961	258869494	906235482	NA	0
2471	2	opencv	fedora-clang-libcxx	4382638	8131576736	6194360	10067961	259001985	906725907	NA	0
2472	2	opencv	fedora-clang-libcxx	4138886	8135715622	6194413	10067961	259128339	907183330	NA	0
2473	2	opencv	fedora-clang-libcxx	4387094	8140102716	6194466	10067961	259260914	907674404	NA	0
2474	2	opencv	fedora-clang-libcxx	4391271	8144493987	6194519	10067961	259393787	908166521	NA	0
2475	2	opencv	fedora-clang-libcxx	4433327	8148927314	6194572	10067961	259527805	908664400	NA	0
2476	2	opencv	fedora-clang-libcxx	4394615	8153321929	6194625	10067961	259660761	909156960	NA	0
2477	2	opencv	fedora-clang-libcxx	4387268	8157709197	6194678	10067961	259793495	909648158	NA	0
2478	2	opencv	fedora-clang-libcxx	4377732	8162086929	6194731	10067961	259925872	910137746	NA	0
2479	2	opencv	fedora-clang-libcxx	4423280	8166510209	6194784	10067961	260059555	910633924	NA	0
2480	2	opencv	fedora-clang-libcxx	4151135	8170661344	6194837	10067961	260186582	911094510	NA	0
2481	2	opencv	fedora-clang-libcxx	4380009	8175041353	6194890	10067961	260319137	911585776	NA	0
2482	2	opencv	fedora-clang-libcxx	4139568	8179180921	6194943	10067961	260445609	912044309	NA	0
2483	2	opencv	fedora-clang-libcxx	4390062	8183570983	6194996	10067961	260578420	912536172	NA	0
2484	2	opencv	fedora-clang-libcxx	4462591	8188033574	6195049	10067961	260714222	913040320	NA	0
2485	2	opencv	fedora-clang-libcxx	4464313	8192497887	6195102	10067961	260850208	913545170	NA	0
2486	2	opencv	fedora-clang-libcxx	4385715	8196883602	6195155	10067961	260982840	914036309	NA	0
2487	2	opencv	fedora-clang-libcxx	4385589	8201269191	6195208	10067961	261115475	914527275	NA	0
2488	2	opencv	fedora-clang-libcxx	4136659	8205405850	6195261	10067961	261241869	914985239	NA	0
2489	2	opencv	fedora-clang-libcxx	4401703	8209807553	6195314	10067961	261375193	915479695	NA	0
2490	2	opencv	fedora-clang-libcxx	4385414	8214192967	6195367	10067961	261507875	915970600	NA	0
2491	2	opencv	fedora-clang-libcxx	4377046	8218570013	6195420	10067961	261640126	916459957	NA	0
2492	2	opencv	fedora-clang-libcxx	4379544	8222949557	6195473	10067961	261772574	916949798	NA	0
2493	2	opencv	fedora-clang-libcxx	4383243	8227332800	6195526	10067961	261905106	917440244	NA	0
2494	2	opencv	fedora-clang-libcxx	4159351	8231492151	6195579	10067961	262032382	917902397	NA	0
2495	2	opencv	fedora-clang-libcxx	4265701	8235757852	6195632	10067961	262163979	918382928	NA	0
2496	2	opencv	fedora-clang-libcxx	4271760	8240029612	6195685	10067961	262295320	918861772	NA	0
2497	2	opencv	fedora-clang-libcxx	4237858	8244267470	6195738	10067961	262426109	919338195	NA	0
2498	2	opencv	fedora-clang-libcxx	4335202	8248602672	6195791	10067961	262560137	919829708	NA	0
2499	2	opencv	fedora-clang-libcxx	4251316	8252853988	6195844	10067961	262691276	920308157	NA	0
2500	2	opencv	fedora-clang-libcxx	4271821	8257125809	6195897	10067961	262823020	920788926	NA	0
2501	2	opencv	fedora-clang-libcxx	4241981	8261367790	6195950	10067961	262953925	921265859	NA	0
2502	2	opencv	fedora-clang-libcxx	4249101	8265616891	6196003	10067961	263085199	921744874	NA	0
2503	2	opencv	fedora-clang-libcxx	4213467	8269830358	6196056	10067961	263214813	922216042	NA	0
2504	2	opencv	fedora-clang-libcxx	5157117	8274987475	6196109	10067961	263383266	922812573	NA	0
2505	2	opencv	fedora-clang-libcxx	5301632	8280289107	6196162	10067961	263555692	923430627	NA	0
2506	2	opencv	fedora-clang-libcxx	4134336	8284423443	6196215	10067961	263682033	923888003	NA	0
2507	2	opencv	fedora-clang-libcxx	4131154	8288554597	6196268	10067961	263808223	924344775	NA	0
2508	2	opencv	fedora-clang-libcxx	4239418	8292794015	6196321	10067961	263939111	924821467	NA	0
2509	2	opencv	fedora-clang-libcxx	4144573	8296938588	6196374	10067961	264065695	925280076	NA	0
2510	2	opencv	fedora-clang-libcxx	4238034	8301176622	6196427	10067961	264196515	925756495	NA	0
2511	2	opencv	fedora-clang-libcxx	4238051	8305414673	6196480	10067961	264327334	926232918	NA	0
2512	2	opencv	fedora-clang-libcxx	4240879	8309655552	6196533	10067961	264458234	926709839	NA	0
2513	2	opencv	fedora-clang-libcxx	4139960	8313795512	6196586	10067961	264584868	927168258	NA	0
2514	2	opencv	fedora-clang-libcxx	5260704	8319056216	6196639	10067961	264757151	927776757	NA	0
2515	2	opencv	fedora-clang-libcxx	5384989	8324441205	6196692	10067961	264932774	928402309	NA	0
2516	2	opencv	fedora-clang-libcxx	6669307	8331110512	6196745	10067961	265149578	929128811	NA	0
2517	2	opencv	fedora-clang-libcxx	4716908	8335827420	6196798	10067961	265297624	929663204	NA	0
2518	2	opencv	fedora-clang-libcxx	4156657	8339984077	6196851	10067961	265424537	930123554	NA	0
2519	2	opencv	fedora-clang-libcxx	4137929	8344122006	6196904	10067961	265550906	930581392	NA	0
2520	2	opencv	fedora-clang-libcxx	4131868	8348253874	6196957	10067961	265676990	931038127	NA	0
2521	2	opencv	fedora-clang-libcxx	4189712	8352443586	6197010	10067961	265805113	931504707	NA	0
2522	2	opencv	fedora-clang-libcxx	4167993	8356611579	6197063	10067961	265932202	931967939	NA	0
2523	2	opencv	fedora-clang-libcxx	4154566	8360766145	6197116	10067961	266058960	932428960	NA	0
2524	2	opencv	fedora-clang-libcxx	4155885	8364922030	6197169	10067961	266185751	932890243	NA	0
2525	2	opencv	fedora-clang-libcxx	4173024	8369095054	6197222	10067961	266312969	933354269	NA	0
2526	2	opencv	fedora-clang-libcxx	4165260	8373260314	6197275	10067961	266439993	933817001	NA	0
2527	2	opencv	fedora-clang-libcxx	4152042	8377412356	6197328	10067961	266566689	934277361	NA	0
2528	2	opencv	fedora-clang-libcxx	4132832	8381545188	6197381	10067961	266692921	934734317	NA	0
2529	2	opencv	fedora-clang-libcxx	4152307	8385697495	6197434	10067961	266819893	935194273	NA	0
2530	2	opencv	fedora-clang-libcxx	4152373	8389849868	6197487	10067961	266946867	935654145	NA	0
2531	2	opencv	fedora-clang-libcxx	4152729	8394002597	6197540	10067961	267073853	936114079	NA	0
2532	2	opencv	fedora-clang-libcxx	4152298	8398154895	6197593	10067961	267200820	936574059	NA	0
2533	2	opencv	fedora-clang-libcxx	4152312	8402307207	6197646	10067961	267327787	937033902	NA	0
2534	2	opencv	fedora-clang-libcxx	4152312	8406459519	6197699	10067961	267454759	937493880	NA	0
2535	2	opencv	fedora-clang-libcxx	4152309	8410611828	6197752	10067961	267581726	937953738	NA	0
2536	2	opencv	fedora-clang-libcxx	4152319	8414764147	6197805	10067961	267708693	938413650	NA	0
2537	2	opencv	fedora-clang-libcxx	4152344	8418916491	6197858	10067961	267835660	938873525	NA	0
2538	2	opencv	fedora-clang-libcxx	4152379	8423068870	6197911	10067961	267962634	939333493	NA	0
2539	2	opencv	fedora-clang-libcxx	4152307	8427221177	6197964	10067961	268089603	939793454	NA	0
2540	2	opencv	fedora-clang-libcxx	4131436	8431352613	6198017	10067961	268215779	940250254	NA	0
2541	2	opencv	fedora-clang-libcxx	4135382	8435487995	6198070	10067961	268342225	940707945	NA	0
2542	2	opencv	fedora-clang-libcxx	6083747	8441571742	6198123	10067961	268516633	941309510	NA	0
2543	2	opencv	fedora-clang-libcxx	6080746	8447652488	6198176	10067961	268690898	941910289	NA	0
2544	2	opencv	fedora-clang-libcxx	6084893	8453737381	6198229	10067961	268865335	942512012	NA	0
2545	2	opencv	fedora-clang-libcxx	6098952	8459836333	6198282	10067961	269040294	943115702	NA	0
2546	2	opencv	fedora-clang-libcxx	6096353	8465932686	6198335	10067961	269214921	943718731	NA	0
2547	2	opencv	fedora-clang-libcxx	6295832	8472228518	6198388	10067961	269393314	944343877	NA	0
2548	2	opencv	fedora-clang-libcxx	6315504	8478544022	6198441	10067961	269572307	944971895	NA	0
2549	2	opencv	fedora-clang-libcxx	6292857	8484836879	6198494	10067961	269750554	945596359	NA	0
2550	2	opencv	fedora-clang-libcxx	6297134	8491134013	6198547	10067961	269928965	946221863	NA	0
2551	2	opencv	fedora-clang-libcxx	6310338	8497444351	6198600	10067961	270107900	946849260	NA	0
2552	2	opencv	fedora-clang-libcxx	6308464	8503752815	6198653	10067961	270286504	947475909	NA	0
2553	2	opencv	fedora-clang-libcxx	6555207	8510308022	6198706	10067961	270468774	948126782	NA	0
2554	2	opencv	fedora-clang-libcxx	6572845	8516880867	6198759	10528248	270651595	948780642	NA	1
2555	2	opencv	fedora-clang-libcxx	4916281	8521797148	6198812	10528248	270801994	949326363	NA	0
2556	2	opencv	fedora-clang-libcxx	5052458	8526849606	6198865	10528248	270953967	949885420	NA	0
2557	2	opencv	fedora-clang-libcxx	5010261	8531859867	6198918	10528248	271105447	950442024	NA	0
2558	2	opencv	fedora-clang-libcxx	4936722	8536796589	6198971	10528248	271256460	950991143	NA	0
2559	2	opencv	fedora-clang-libcxx	5009017	8541805606	6199024	10528248	271407860	951546987	NA	0
2560	2	opencv	fedora-clang-libcxx	5009874	8546815480	6199077	10528248	271562232	952111265	NA	0
2561	2	opencv	fedora-clang-libcxx	4951892	8551767372	6199130	10528248	271712655	952659247	NA	0
2562	2	opencv	fedora-clang-libcxx	4912809	8556680181	6199183	10528248	271862912	953204292	NA	0
2563	2	opencv	fedora-clang-libcxx	5140969	8561821150	6199236	10528248	272016166	953770867	NA	0
2564	2	opencv	fedora-clang-libcxx	5183133	8567004283	6199289	10528248	272170959	954345772	NA	0
2565	2	opencv	fedora-clang-libcxx	4913999	8571918282	6199342	10528248	272321161	954891105	NA	0
2566	2	opencv	fedora-clang-libcxx	4997211	8576915493	6199395	10528248	272472353	955445282	NA	0
2567	2	opencv	fedora-clang-libcxx	4978968	8581894461	6199448	10528248	272623855	955999148	NA	0
2568	2	opencv	fedora-clang-libcxx	4924981	8586819442	6199501	10528248	272774233	956545579	NA	0
2569	2	opencv	fedora-clang-libcxx	4997244	8591816686	6199554	10528248	272928602	957103750	NA	0
2570	2	opencv	fedora-clang-libcxx	5585981	8597402667	6199607	10528248	273082606	957689484	NA	0
2571	2	opencv	fedora-clang-libcxx	5273637	8602676304	6199660	10528248	273234522	958255609	NA	0
2572	2	opencv	fedora-clang-libcxx	4975268	8607651572	6199713	10528248	273385599	958807631	NA	0
2573	2	opencv	fedora-clang-libcxx	5009153	8612660725	6199766	10528248	273536787	959362554	NA	0
2574	2	opencv	fedora-clang-libcxx	222	8612660947	6199818	10528248	273536809	959362672	NA	0
2575	2	opencv	fedora-clang-libcxx	4937008	8617597955	6199871	10528248	273687797	959911867	NA	0
2576	2	opencv	fedora-clang-libcxx	5009945	8622607900	6199924	10528248	273839255	960468103	NA	0
2577	2	opencv	fedora-clang-libcxx	4907307	8627515207	6199977	10528248	273988867	961012295	NA	0
2578	2	opencv	fedora-clang-libcxx	4909549	8632424756	6200030	10528248	274138515	961556989	NA	0
2579	2	opencv	fedora-clang-libcxx	4893900	8637318656	6200083	10528248	274287719	962098520	NA	0
2580	2	opencv	fedora-clang-libcxx	4929095	8642247751	6200136	10528248	274437754	962644201	NA	0
2581	2	opencv	fedora-clang-libcxx	5068606	8647316357	6200189	10528248	274588399	963198755	NA	0
2582	2	opencv	fedora-clang-libcxx	4889262	8652205619	6200242	10528248	274737614	963739053	NA	0
2583	2	opencv	fedora-clang-libcxx	5011844	8657217463	6200295	10528248	274888572	964292187	NA	0
2584	2	opencv	fedora-clang-libcxx	4892784	8662110247	6200348	10528248	275037761	964833374	NA	0
2585	2	opencv	fedora-clang-libcxx	4894179	8667004426	6200401	10528248	275186885	965374478	NA	0
2586	2	opencv	fedora-clang-libcxx	4901564	8671905990	6200454	10528248	275336042	965915982	NA	0
2587	2	opencv	fedora-clang-libcxx	4951700	8676857690	6200507	10528248	275485357	966460202	NA	0
2588	2	opencv	fedora-clang-libcxx	3810186	8680667876	6200560	10528248	275604679	966892956	NA	0
2589	2	opencv	fedora-clang-libcxx	4153889	8684821765	6200613	10528248	275728824	967344089	NA	0
2590	2	opencv	fedora-clang-libcxx	4222373	8689044138	6200666	10528248	275852501	967795269	NA	0
2591	2	opencv	fedora-clang-libcxx	3810866	8692855004	6200719	10528248	275971936	968228089	NA	0
2592	2	opencv	fedora-clang-libcxx	3804227	8696659231	6200772	10528248	276090880	968659232	NA	0
2593	2	opencv	fedora-clang-libcxx	3819806	8700479037	6200825	10528248	276210518	969093758	NA	0
2594	2	opencv	fedora-clang-libcxx	3927991	8704407028	6200878	10528248	276334732	969543955	NA	0
2595	2	opencv	fedora-clang-libcxx	3808538	8708215566	6200931	10528248	276453812	969976158	NA	0
2596	2	opencv	fedora-clang-libcxx	3796975	8712012541	6200984	10528248	276572520	970405936	NA	0
2597	2	opencv	fedora-clang-libcxx	3817956	8715830497	6201037	10528248	276692100	970840609	NA	0
2598	2	opencv	fedora-clang-libcxx	4053859	8719884356	6201090	10528248	276817647	971306234	NA	0
2599	2	opencv	fedora-clang-libcxx	4036936	8723921292	6201143	10528248	276942435	971767819	NA	0
2600	2	opencv	fedora-clang-libcxx	3803176	8727724468	6201196	10528248	277061363	972198587	NA	0
2601	2	opencv	fedora-clang-libcxx	3802424	8731526892	6201249	10528248	277180319	972629622	NA	0
2602	2	opencv	fedora-clang-libcxx	3808092	8735334984	6201302	10528248	277299587	973062093	NA	0
2603	2	opencv	fedora-clang-libcxx	3875287	8739210271	6201355	10528248	277421687	973506464	NA	0
2604	2	opencv	fedora-clang-libcxx	3847011	8743057282	6201408	10528248	277542433	973944864	NA	0
2605	2	opencv	fedora-clang-libcxx	3800145	8746857427	6201461	10528248	277661328	974375532	NA	0
2606	2	opencv	fedora-clang-libcxx	3814052	8750671479	6201514	10528248	277780750	974808746	NA	0
2607	2	opencv	fedora-clang-libcxx	3805003	8754476482	6201567	10528248	277899827	975240339	NA	0
2608	2	opencv	fedora-clang-libcxx	3796946	8758273428	6201620	10528248	278018528	975670103	NA	0
2609	2	opencv	fedora-clang-libcxx	3836483	8762109911	6201673	10528248	278138513	976106013	NA	0
2610	2	opencv	fedora-clang-libcxx	3833537	8765943448	6201726	10528248	278259207	976545418	NA	0
2611	2	opencv	fedora-clang-libcxx	3838150	8769781598	6201779	10528248	278379885	976984223	NA	0
2612	2	opencv	fedora-clang-libcxx	4104190	8773885788	6201832	10528248	278507296	977458639	NA	0
2613	2	opencv	fedora-clang-libcxx	3655070	8777540858	6201885	10528248	278620573	977865132	NA	0
2614	2	opencv	fedora-clang-libcxx	4084396	8781625254	6201938	10528248	278747185	978334496	NA	0
2615	2	opencv	fedora-clang-libcxx	5960460	8787585714	6201991	10528248	278917942	978932453	NA	0
2616	2	opencv	fedora-clang-libcxx	5990980	8793576694	6202044	10528248	279089898	979536626	NA	0
2617	2	opencv	fedora-clang-libcxx	6248321	8799825015	6202097	10528248	279265601	980166163	NA	0
2618	2	opencv	fedora-clang-libcxx	4919345	8804744360	6202150	10528248	279417511	980718908	NA	0
2619	2	opencv	fedora-clang-libcxx	4919484	8809663844	6202203	10528248	279569455	981271711	NA	0
2620	2	opencv	fedora-clang-libcxx	4919361	8814583205	6202256	10528248	279721365	981824530	NA	0
2621	2	opencv	fedora-clang-libcxx	4827481	8819410686	6202309	10528248	279868275	982357545	NA	0
2622	2	opencv	fedora-clang-libcxx	4819430	8824230116	6202362	10528248	280015098	982889500	NA	0
2623	2	opencv	fedora-clang-libcxx	4827525	8829057641	6202415	10528248	280161879	983422002	NA	0
2624	2	opencv	fedora-clang-libcxx	4818536	8833876177	6202468	10528248	280308567	983953466	NA	0
2625	2	opencv	fedora-clang-libcxx	4821819	8838697996	6202521	10528248	280455349	984485327	NA	0
2626	2	opencv	fedora-clang-libcxx	4835925	8843533921	6202574	10528248	280602425	985019653	NA	0
2627	2	opencv	fedora-clang-libcxx	4870341	8848404262	6202627	10528248	280749819	985556674	NA	0
2628	2	opencv	fedora-clang-libcxx	4843727	8853247989	6202680	10528248	280896953	986091695	NA	0
2629	2	opencv	fedora-clang-libcxx	4845344	8858093333	6202733	10528248	281043937	986625394	NA	0
2630	2	opencv	fedora-clang-libcxx	4821785	8862915118	6202786	10528248	281190700	987157486	NA	0
2631	2	opencv	fedora-clang-libcxx	4823395	8867738513	6202839	10528248	281337555	987689995	NA	0
2632	2	opencv	fedora-clang-libcxx	4839717	8872578230	6202892	10528248	281484379	988222471	NA	0
2633	2	opencv	fedora-clang-libcxx	4812107	8877390337	6202945	10528248	281631021	988753098	NA	0
2634	2	opencv	fedora-clang-libcxx	4851998	8882242335	6202998	10528248	281778360	989288135	NA	0
2635	2	opencv	fedora-clang-libcxx	4821844	8887064179	6203051	10528248	281925210	989820436	NA	0
2636	2	opencv	fedora-clang-libcxx	4841323	8891905502	6203104	10528248	282072288	990354403	NA	0
2637	2	opencv	fedora-clang-libcxx	4838773	8896744275	6203157	10528248	282219207	990888032	NA	0
2638	2	opencv	fedora-clang-libcxx	4818876	8901563151	6203210	10528248	282365916	991419707	NA	0
2639	2	opencv	fedora-clang-libcxx	4814974	8906378125	6203263	10528248	282512603	991950915	NA	0
2640	2	opencv	fedora-clang-libcxx	4919963	8911298088	6203316	10528248	282664544	992503935	NA	0
2641	2	opencv	fedora-clang-libcxx	4920105	8916218193	6203369	10528248	282816506	993056865	NA	0
2642	2	opencv	fedora-clang-libcxx	4924535	8921142728	6203422	10528248	282968577	993610322	NA	0
2643	2	opencv	fedora-clang-libcxx	4831677	8925974405	6203475	10528248	283115383	994143030	NA	0
2644	2	opencv	fedora-clang-libcxx	4819835	8930794240	6203528	10528248	283262195	994674981	NA	0
2645	2	opencv	fedora-clang-libcxx	4831542	8935625782	6203581	10528248	283409026	995207580	NA	0
2646	2	opencv	fedora-clang-libcxx	4812280	8940438062	6203634	10528248	283555672	995738267	NA	0
2647	2	opencv	fedora-clang-libcxx	4825117	8945263179	6203687	10528248	283702395	996269985	NA	0
2648	2	opencv	fedora-clang-libcxx	4190978	8949454157	6203740	10528248	283833784	996748666	NA	0
2649	2	opencv	fedora-clang-libcxx	3742312	8953196469	6203793	10528248	283950643	997170247	NA	0
2650	2	opencv	fedora-clang-libcxx	3719101	8956915570	6203846	10528248	284066742	997588285	NA	0
2651	2	opencv	fedora-clang-libcxx	3902595	8960818165	6203899	10528248	284187768	998026475	NA	0
2652	2	opencv	fedora-clang-libcxx	3920787	8964738952	6203952	10528248	284309702	998468205	NA	0
2653	2	opencv	fedora-clang-libcxx	3719159	8968458111	6204005	10528248	284425713	998886222	NA	0
2654	2	opencv	fedora-clang-libcxx	3719163	8972177274	6204058	10528248	284541724	999304249	NA	0
2655	2	opencv	fedora-clang-libcxx	3719296	8975896570	6204111	10528248	284657738	999722307	NA	0
2656	2	opencv	fedora-clang-libcxx	3953820	8979850390	6204164	10528248	284780973	1000169393	NA	0
2657	2	opencv	fedora-clang-libcxx	3902392	8983752782	6204217	10528248	284902103	1000607882	NA	0
2658	2	opencv	fedora-clang-libcxx	3947447	8987700229	6204270	10528248	285025233	1001054336	NA	0
2659	2	opencv	fedora-clang-libcxx	3719179	8991419408	6204323	10528248	285141244	1001472378	NA	0
2660	2	opencv	fedora-clang-libcxx	3950782	8995370190	6204376	10528248	285264602	1001919246	NA	0
2661	2	opencv	fedora-clang-libcxx	3719242	8999089432	6204429	10528248	285380706	1002337343	NA	0
2662	2	opencv	fedora-clang-libcxx	3921392	9003010824	6204482	10528248	285502659	1002779169	NA	0
2663	2	opencv	fedora-clang-libcxx	3898991	9006909815	6204535	10528248	285623801	1003217266	NA	0
2664	2	opencv	fedora-clang-libcxx	4051701	9010961516	6204588	10528248	285751496	1003682641	NA	0
2665	2	opencv	fedora-clang-libcxx	3917199	9014878715	6204641	10528248	285873217	1004123860	NA	0
2666	2	opencv	fedora-clang-libcxx	3719101	9018597816	6204694	11032656	285989316	1004541898	NA	1
2667	2	opencv	fedora-clang-libcxx	3905514	9022503330	6204747	11032656	286110760	1004980894	NA	0
2668	2	opencv	fedora-clang-libcxx	4070109	9026573439	6204800	11032656	286235486	1005437285	NA	0
2669	2	opencv	fedora-clang-libcxx	4035764	9030609203	6204853	11032656	286361384	1005894451	NA	0
2670	2	opencv	fedora-clang-libcxx	3738365	9034347568	6204906	11032656	286478481	1006316109	NA	0
2671	2	opencv	fedora-clang-libcxx	3730661	9038078229	6204959	11032656	286595201	1006736944	NA	0
2672	2	opencv	fedora-clang-libcxx	3899773	9041978002	6205012	11032656	286715994	1007173924	NA	0
2673	2	opencv	fedora-clang-libcxx	4944396	9046922398	6205065	11032656	286862169	1007706274	NA	0
2674	2	opencv	fedora-clang-libcxx	4771254	9051693652	6205118	11032656	287005374	1008229435	NA	0
2675	2	opencv	fedora-clang-libcxx	4781754	9056475406	6205171	11032656	287150605	1008753953	NA	0
2676	2	opencv	fedora-clang-libcxx	4774599	9061250005	6205224	11032656	287295877	1009277858	NA	0
2677	2	opencv	fedora-clang-libcxx	4843193	9066093198	6205277	11032656	287439794	1009808403	NA	0
2678	2	opencv	fedora-clang-libcxx	4771928	9070865126	6205330	11032656	287584966	1010331670	NA	0
2679	2	opencv	fedora-clang-libcxx	4867043	9075732169	6205383	11032656	287731084	1010862943	NA	0
2680	2	opencv	fedora-clang-libcxx	4885031	9080617200	6205436	11032656	287877159	1011395449	NA	0
2681	2	opencv	fedora-clang-libcxx	4839235	9085456435	6205489	11032656	288023748	1011927266	NA	0
2682	2	opencv	fedora-clang-libcxx	4771627	9090228062	6205542	11032656	288168905	1012450415	NA	0
2683	2	opencv	fedora-clang-libcxx	4772740	9095000802	6205595	11032656	288314056	1012973858	NA	0
2684	2	opencv	fedora-clang-libcxx	4852294	9099853096	6205648	11032656	288460289	1013504420	NA	0
2685	2	opencv	fedora-clang-libcxx	4878835	9104731931	6205701	11032656	288606242	1014036194	NA	0
2686	2	opencv	fedora-clang-libcxx	4797113	9109529044	6205754	11032656	288751582	1014561584	NA	0
2687	2	opencv	fedora-clang-libcxx	5090482	9114619526	6205807	11032656	288899531	1015107102	NA	0
2688	2	opencv	fedora-clang-libcxx	4810599	9119430125	6205860	11032656	289045036	1015634512	NA	0
2689	2	opencv	fedora-clang-libcxx	4803551	9124233676	6205913	11032656	289190341	1016160740	NA	0
2690	2	opencv	fedora-clang-libcxx	4776487	9129010163	6205966	11032656	289335412	1016684433	NA	0
2691	2	opencv	fedora-clang-libcxx	4769717	9133779880	6206019	11032656	289480429	1017207407	NA	0
2692	2	opencv	fedora-clang-libcxx	4783490	9138563370	6206072	11032656	289625539	1017732026	NA	0
2693	2	opencv	fedora-clang-libcxx	3909077	9142472447	6206125	11032656	289750781	1018182677	NA	0
2694	2	opencv	fedora-clang-libcxx	3888471	9146360918	6206178	11032656	289875535	1018631138	NA	0
2695	2	opencv	fedora-clang-libcxx	3954349	9150315267	6206231	11032656	290001310	1019083676	NA	0
2696	2	opencv	fedora-clang-libcxx	3904932	9154220199	6206284	11032656	290126687	1019533891	NA	0
2697	2	opencv	fedora-clang-libcxx	3920686	9158140885	6206337	11032656	290253444	1019991306	NA	0
2698	2	opencv	fedora-clang-libcxx	3886987	9162027872	6206390	11032656	290378651	1020440611	NA	0
2699	2	opencv	fedora-clang-libcxx	3977581	9166005453	6206443	11032656	290505236	1020897907	NA	0
2700	2	opencv	fedora-clang-libcxx	3892348	9169897801	6206496	11032656	290630044	1021346798	NA	0
2701	2	opencv	fedora-clang-libcxx	3973653	9173871454	6206549	11032656	290758306	1021808846	NA	0
2702	2	opencv	fedora-clang-libcxx	4056972	9177928426	6206602	11032656	290891465	1022285988	NA	0
2703	2	opencv	fedora-clang-libcxx	4063871	9181992297	6206655	11032656	291020885	1022751664	NA	0
2704	2	opencv	fedora-clang-libcxx	4149401	9186141698	6206708	11032656	291150317	1023228967	NA	0
2705	2	opencv	fedora-clang-libcxx	4304116	9190445814	6206761	11032656	291290094	1023731100	NA	0
2706	2	opencv	fedora-clang-libcxx	4932598	9195378412	6206814	11032656	291439288	1024284386	NA	0
2707	2	opencv	fedora-clang-libcxx	4951503	9200329915	6206867	11032656	291588236	1024837778	NA	0
2708	2	opencv	fedora-clang-libcxx	4916732	9205246647	6206920	11032656	291737254	1025389454	NA	0
2709	2	opencv	fedora-clang-libcxx	4913554	9210160201	6206973	11032656	291886119	1025940147	NA	0
2710	2	opencv	fedora-clang-libcxx	5066708	9215226909	6207026	11032656	292036609	1026505231	NA	0
2711	2	opencv	fedora-clang-libcxx	4927134	9220154043	6207079	11032656	292185618	1027057957	NA	0
2712	2	opencv	fedora-clang-libcxx	4969566	9225123609	6207132	11032656	292334904	1027612836	NA	0
2713	2	opencv	fedora-clang-libcxx	4900261	9230023870	6207185	11032656	292483729	1028162717	NA	0
2714	2	opencv	fedora-clang-libcxx	4927299	9234951169	6207238	11032656	292632666	1028714745	NA	0
2715	2	opencv	fedora-clang-libcxx	4899556	9239850725	6207291	11032656	292781378	1029264449	NA	0
2716	2	opencv	fedora-clang-libcxx	4909782	9244760507	6207344	11032656	292930139	1029814994	NA	0
2717	2	opencv	fedora-clang-libcxx	4901262	9249661769	6207397	11032656	293078936	1030364911	NA	0
2718	2	opencv	fedora-clang-libcxx	4973747	9254635516	6207450	11032656	293232010	1030929975	NA	0
2719	2	opencv	fedora-clang-libcxx	5022167	9259657683	6207503	11032656	293382555	1031493450	NA	0
2720	2	opencv	fedora-clang-libcxx	4782553	9264440236	6207556	11032656	293527760	1032018383	NA	0
2721	2	opencv	fedora-clang-libcxx	4769699	9269209935	6207609	11032656	293672777	1032541465	NA	0
2722	2	opencv	fedora-clang-libcxx	4772884	9273982819	6207662	11032656	293817854	1033065134	NA	0
2723	2	opencv	fedora-clang-libcxx	3994966	9277977785	6207715	11032656	293940371	1033521165	NA	0
2724	2	opencv	fedora-clang-libcxx	4510535	9282488320	6207768	11032656	294081019	1034050858	NA	0
2725	2	opencv	fedora-clang-libcxx	4095330	9286583650	6207821	11032656	294207363	1034524090	NA	0
2726	2	opencv	fedora-clang-libcxx	4042537	9290626187	6207874	11032656	294331885	1034989624	NA	0
2727	2	opencv	fedora-clang-libcxx	4011476	9294637663	6207927	11032656	294454983	1035448004	NA	0
2728	2	opencv	fedora-clang-libcxx	3982758	9298620421	6207980	11032656	294576857	1035901380	NA	0
2729	2	opencv	fedora-clang-libcxx	4476092	9303096513	6208033	11032656	294717030	1036431392	NA	0
2730	2	opencv	fedora-clang-libcxx	4233109	9307329622	6208086	11032656	294846643	1036915280	NA	0
2731	2	opencv	fedora-clang-libcxx	4061368	9311390990	6208139	11032656	294971797	1037381749	NA	0
2732	2	opencv	fedora-clang-libcxx	4074409	9315465399	6208192	11032656	295095651	1037852403	NA	0
2733	2	opencv	fedora-clang-libcxx	3996123	9319461522	6208245	11032656	295218542	1038309154	NA	0
2734	2	opencv	fedora-clang-libcxx	4065192	9323526714	6208298	11032656	295342921	1038776648	NA	0
2735	2	opencv	fedora-clang-libcxx	4156942	9327683656	6208351	11032656	295467134	1039264638	NA	0
2736	2	opencv	fedora-clang-libcxx	4050959	9331734615	6208404	11032656	295591741	1039731766	NA	0
2737	2	opencv	fedora-clang-libcxx	3992821	9335727436	6208457	11032656	295714158	1040187354	NA	0
2738	2	opencv	fedora-clang-libcxx	4022252	9339749688	6208510	11032656	295837519	1040647461	NA	0
2739	2	opencv	fedora-clang-libcxx	3982825	9343732513	6208563	11032656	295959421	1041100904	NA	0
2740	2	opencv	fedora-clang-libcxx	3977666	9347710179	6208616	11032656	296081058	1041552957	NA	0
2741	2	opencv	fedora-clang-libcxx	3989640	9351699819	6208669	11032656	296205354	1042008585	NA	0
2742	2	opencv	fedora-clang-libcxx	3981392	9355681211	6208722	11032656	296327318	1042461823	NA	0
2743	2	opencv	fedora-clang-libcxx	4057531	9359738742	6208775	11032656	296451899	1042929474	NA	0
2744	2	opencv	fedora-clang-libcxx	3984615	9363723357	6208828	11032656	296573863	1043383498	NA	0
2745	2	opencv	fedora-clang-libcxx	4027840	9367751197	6208881	11032656	296698473	1043845938	NA	0
2746	2	opencv	fedora-clang-libcxx	4088109	9371839306	6208934	11032656	296824554	1044320460	NA	0
2747	2	opencv	fedora-clang-libcxx	4009897	9375849203	6208987	11032656	296947685	1044779797	NA	0
2748	2	opencv	fedora-clang-libcxx	4002894	9379852097	6209040	11032656	297070651	1045237942	NA	0
2749	2	opencv	fedora-clang-libcxx	4262579	9384114676	6209093	11032656	297199971	1045731238	NA	0
2750	2	opencv	fedora-clang-libcxx	4300998	9388415674	6209146	11032656	297331045	1046231431	NA	0
2751	2	opencv	fedora-clang-libcxx	4009492	9392425166	6209199	11032656	297453476	1046687677	NA	0
2752	2	opencv	fedora-clang-libcxx	4260283	9396685449	6209252	11032656	297583743	1047181383	NA	0
2753	2	opencv	fedora-clang-libcxx	3977781	9400663230	6209305	11032656	297705386	1047633457	NA	0
2754	2	opencv	fedora-clang-libcxx	4020724	9404683954	6209358	11032656	297828813	1048095132	NA	0
2755	2	opencv	fedora-clang-libcxx	4042472	9408726426	6209411	11032656	297953033	1048561374	NA	0
2756	2	opencv	fedora-clang-libcxx	4027971	9412754397	6209464	11032656	298076569	1049023214	NA	0
2757	2	opencv	fedora-clang-libcxx	4029083	9416783480	6209517	11032656	298199975	1049486768	NA	0
2758	2	opencv	fedora-clang-libcxx	4040962	9420824442	6209570	11032656	298323704	1049949474	NA	0
2759	2	opencv	fedora-clang-libcxx	4033050	9424857492	6209623	11032656	298447649	1050412941	NA	0
2760	2	opencv	fedora-clang-libcxx	4019903	9428877395	6209676	11032656	298570932	1050875257	NA	0
2761	2	opencv	fedora-clang-libcxx	4035902	9432913297	6209729	11032656	298694901	1051338459	NA	0
2762	2	opencv	fedora-clang-libcxx	4048685	9436961982	6209782	11032656	298819570	1051804979	NA	0
2763	2	opencv	fedora-clang-libcxx	4023983	9440985965	6209835	11032656	298943175	1052267235	NA	0
2764	2	opencv	fedora-clang-libcxx	4034974	9445020939	6209888	11032656	299067098	1052730724	NA	0
2765	2	opencv	fedora-clang-libcxx	4088025	9449108964	6209941	11032656	299192844	1053204843	NA	0
2766	2	opencv	fedora-clang-libcxx	4027561	9453136525	6209994	11032656	299316585	1053666923	NA	0
2767	2	opencv	fedora-clang-libcxx	4023365	9457159890	6210047	11032656	299440080	1054128776	NA	0
2768	2	opencv	fedora-clang-libcxx	4101166	9461261056	6210100	11032656	299565422	1054598416	NA	0
2769	2	opencv	fedora-clang-libcxx	3655022	9464916078	6210153	11032656	299678699	1055004965	NA	0
2770	2	opencv	fedora-clang-libcxx	6147947	9471064025	6210206	11032656	299847844	1055627449	NA	0
2771	2	opencv	fedora-clang-libcxx	4988694	9476052719	6210259	11032656	300000520	1056190887	NA	0
2772	2	opencv	fedora-clang-libcxx	4898991	9480951710	6210312	11032656	300148105	1056734845	NA	0
2773	2	opencv	fedora-clang-libcxx	4887773	9485839483	6210365	11032656	300295563	1057277519	NA	0
2774	2	opencv	fedora-clang-libcxx	4894299	9490733782	6210418	11032656	300443182	1057821418	NA	0
2775	2	opencv	fedora-clang-libcxx	4900004	9495633786	6210471	11032656	300590780	1058365362	NA	0
2776	2	opencv	fedora-clang-libcxx	4933763	9500567549	6210524	11032656	300739222	1058913758	NA	0
2777	2	opencv	fedora-clang-libcxx	5032469	9505600018	6210577	11032656	300889822	1059474362	NA	0
2778	2	opencv	fedora-clang-libcxx	4898525	9510498543	6210630	11713353	301037822	1060020145	NA	1
2779	2	opencv	fedora-clang-libcxx	4898795	9515397338	6210683	11713353	301185760	1060564654	NA	0
2780	2	opencv	fedora-clang-libcxx	4952318	9520349656	6210736	11713353	301335867	1061119010	NA	0
2781	2	opencv	fedora-clang-libcxx	4892778	9525242434	6210789	11713353	301483681	1061662870	NA	0
2782	2	opencv	fedora-clang-libcxx	4962836	9530205270	6210842	11713353	301632376	1062216011	NA	0
2783	2	opencv	fedora-clang-libcxx	4885771	9535091041	6210895	11713353	301779915	1062758904	NA	0
2784	2	opencv	fedora-clang-libcxx	4886240	9539977281	6210948	11713353	301927454	1063301972	NA	0
2785	2	opencv	fedora-clang-libcxx	4887470	9544864751	6211001	11713353	302075036	1063844956	NA	0
2786	2	opencv	fedora-clang-libcxx	4991863	9549856614	6211054	11713353	302227569	1064408707	NA	0
2787	2	opencv	fedora-clang-libcxx	4892127	9554748741	6211107	11713353	302375120	1064951957	NA	0
2788	2	opencv	fedora-clang-libcxx	4924516	9559673257	6211160	11713353	302523510	1065507537	NA	0
2789	2	opencv	fedora-clang-libcxx	5077119	9564750376	6211213	11713353	302676030	1066077284	NA	0
2790	2	opencv	fedora-clang-libcxx	5011939	9569762315	6211266	11713353	302828682	1066641846	NA	0
2791	2	opencv	fedora-clang-libcxx	4931072	9574693387	6211319	11713353	302977003	1067191002	NA	0
2792	2	opencv	fedora-clang-libcxx	4892111	9579585498	6211372	11713353	303124561	1067734557	NA	0
2793	2	opencv	fedora-clang-libcxx	4881326	9584466824	6211425	11713353	303271825	1068276275	NA	0
2794	2	opencv	fedora-clang-libcxx	4880187	9589347011	6211478	11713353	303419190	1068817710	NA	0
2795	2	opencv	fedora-clang-libcxx	4880175	9594227186	6211531	11713353	303566555	1069359128	NA	0
2796	2	opencv	fedora-clang-libcxx	4887157	9599114343	6211584	11713353	303714151	1069902233	NA	0
2797	2	opencv	fedora-clang-libcxx	5113009	9604227352	6211637	11713353	303864429	1070460658	NA	0
2798	2	opencv	fedora-clang-libcxx	4935688	9609163040	6211690	11713353	304013275	1071011542	NA	0
2799	2	opencv	fedora-clang-libcxx	4889878	9614052918	6211743	11713353	304160668	1071554349	NA	0
2800	2	opencv	fedora-clang-libcxx	4902146	9618955064	6211796	11713353	304308279	1072098583	NA	0
2801	2	opencv	fedora-clang-libcxx	5087409	9624042473	6211849	11713353	304462782	1072672078	NA	0
2802	2	opencv	fedora-clang-libcxx	4959485	9629001958	6211902	11713353	304613459	1073228049	NA	0
2803	2	opencv	fedora-clang-libcxx	4948849	9633950807	6211955	11713353	304764808	1073781672	NA	0
2804	2	opencv	fedora-clang-libcxx	4926126	9638876933	6212008	11713353	304912855	1074329632	NA	0
2805	2	opencv	fedora-clang-libcxx	4981362	9643858295	6212061	11713353	305067212	1074893116	NA	0
2806	2	opencv	fedora-clang-libcxx	4883682	9648741977	6212114	11713353	305216196	1075435862	NA	0
2807	2	opencv	fedora-clang-libcxx	4879222	9653621199	6212167	11713353	305365207	1075978546	NA	0
2808	2	opencv	fedora-clang-libcxx	4883672	9658504871	6212220	11713353	305514130	1076521241	NA	0
2809	2	opencv	fedora-clang-libcxx	4873586	9663378457	6212273	11713353	305662959	1077062495	NA	0
2810	2	opencv	fedora-clang-libcxx	4888363	9668266820	6212326	11713353	305811975	1077605535	NA	0
2811	2	opencv	fedora-clang-libcxx	4884048	9673150868	6212379	11713353	305961041	1078148442	NA	0
2812	2	opencv	fedora-clang-libcxx	4879393	9678030261	6212432	11713353	306110017	1078690720	NA	0
2813	2	opencv	fedora-clang-libcxx	4881316	9682911577	6212485	11713353	306258917	1079232885	NA	0
2814	2	opencv	fedora-clang-libcxx	4102003	9687013580	6212538	11713353	306387783	1079703052	NA	0
2815	2	opencv	fedora-clang-libcxx	4147869	9691161449	6212591	11713353	306517804	1080177632	NA	0
2816	2	opencv	fedora-clang-libcxx	3883432	9695044881	6212644	11713353	306641363	1080625568	NA	0
2817	2	opencv	fedora-clang-libcxx	4802552	9699847433	6212697	11713353	306786709	1081151282	NA	0
2818	2	opencv	fedora-clang-libcxx	4769517	9704616950	6212750	11713353	306931729	1081674132	NA	0
2819	2	opencv	fedora-clang-libcxx	3834381	9708451331	6212803	11713353	307052787	1082114303	NA	0
2820	2	opencv	fedora-clang-libcxx	3790066	9712241397	6212856	11713353	307171793	1082545303	NA	0
2821	2	opencv	fedora-clang-libcxx	3820556	9716061953	6212909	11713353	307291818	1082981493	NA	0
2822	2	opencv	fedora-clang-libcxx	4125159	9720187112	6212962	11713353	307421294	1083458908	NA	0
2823	2	opencv	fedora-clang-libcxx	4850808	9725037920	6213015	11713353	307619623	1084150099	NA	0
2824	2	opencv	fedora-clang-libcxx	3788357	9728826277	6213068	11713353	307738525	1084580653	NA	0
2825	2	opencv	fedora-clang-libcxx	3927022	9732753299	6213121	11713353	307862559	1085034974	NA	0
2826	2	opencv	fedora-clang-libcxx	4084631	9736837930	6213174	11713353	307990311	1085500899	NA	0
2827	2	opencv	fedora-clang-libcxx	3790868	9740628798	6213227	11713353	308109425	1085932291	NA	0
2828	2	opencv	fedora-clang-libcxx	3791576	9744420374	6213280	11713353	308228503	1086363521	NA	0
2829	2	opencv	fedora-clang-libcxx	4065864	9748486238	6213333	11713353	308355424	1086825509	NA	0
2830	2	opencv	fedora-clang-libcxx	3787356	9752273594	6213386	11713353	308474311	1087255830	NA	0
2831	2	opencv	fedora-clang-libcxx	3792199	9756065793	6213439	11713353	308593478	1087687449	NA	0
2832	2	opencv	fedora-clang-libcxx	3792010	9759857803	6213492	11713353	308712621	1088119011	NA	0
2833	2	opencv	fedora-clang-libcxx	3954087	9763811890	6213545	11713353	308835867	1088566315	NA	0
2834	2	opencv	fedora-clang-libcxx	3805058	9767616948	6213598	11713353	308955510	1089000727	NA	0
2835	2	opencv	fedora-clang-libcxx	3872603	9771489551	6213651	11713353	309077599	1089446432	NA	0
2836	2	opencv	fedora-clang-libcxx	3812065	9775301616	6213704	11713353	309197520	1089881786	NA	0
2837	2	opencv	fedora-clang-libcxx	3904914	9779206530	6213757	11713353	309320328	1090327006	NA	0
2838	2	opencv	fedora-clang-libcxx	4068605	9783275135	6213810	11713353	309447306	1090789558	NA	0
2839	2	opencv	fedora-clang-libcxx	4066356	9787341491	6213863	11713353	309574205	1091251914	NA	0
2840	2	opencv	fedora-clang-libcxx	3788810	9791130301	6213916	11713353	309693109	1091682278	NA	0
2841	2	opencv	fedora-clang-libcxx	4184667	9795314968	6213969	11713353	309824095	1092188986	NA	0
2842	2	opencv	fedora-clang-libcxx	3785256	9799100224	6214022	11713353	309942810	1092618775	NA	0
2843	2	opencv	fedora-clang-libcxx	4246862	9803347086	6214075	11713353	310076949	1093117423	NA	0
2844	2	opencv	fedora-clang-libcxx	3872950	9807220036	6214128	11713353	310200033	1093566980	NA	0
2845	2	opencv	fedora-clang-libcxx	3655054	9810875090	6214181	11713353	310313310	1093973481	NA	0
2846	2	opencv	fedora-clang-libcxx	5195502	9816070592	6214234	11713353	310476055	1094551496	NA	0
2847	2	opencv	fedora-clang-libcxx	5121048	9821191640	6214287	11713353	310629861	1095111183	NA	0
2848	2	opencv	fedora-clang-libcxx	5200522	9826392162	6214340	11713353	310791371	1095687203	NA	0
2849	2	opencv	fedora-clang-libcxx	5340198	9831732360	6214393	11713353	310954718	1096276671	NA	0
2850	2	opencv	fedora-clang-libcxx	5119699	9836852059	6214446	11713353	311108525	1096835842	NA	0
2851	2	opencv	fedora-clang-libcxx	5262096	9842114155	6214499	11713353	311270683	1097418367	NA	0
2852	2	opencv	fedora-clang-libcxx	5148330	9847262485	6214552	11713353	311430080	1097985403	NA	0
2853	2	opencv	fedora-clang-libcxx	5290509	9852552994	6214605	11713353	311592646	1098571169	NA	0
2854	2	opencv	fedora-clang-libcxx	5100239	9857653233	6214658	11713353	311746418	1099129228	NA	0
2855	2	opencv	fedora-clang-libcxx	5088233	9862741466	6214711	11713353	311899888	1099684943	NA	0
2856	2	opencv	fedora-clang-libcxx	5207343	9867948809	6214764	11713353	312054196	1100249619	NA	0
2857	2	opencv	fedora-clang-libcxx	5157907	9873106716	6214817	11713353	312208545	1100812894	NA	0
2858	2	opencv	fedora-clang-libcxx	4922360	9878029076	6214870	11713353	312360738	1101366904	NA	0
2859	2	opencv	fedora-clang-libcxx	4922166	9882951242	6214923	11713353	312512933	1101920799	NA	0
2860	2	opencv	fedora-clang-libcxx	4941665	9887892907	6214976	11713353	312664005	1102474137	NA	0
2861	2	opencv	fedora-clang-libcxx	4832015	9892724922	6215029	11713353	312810974	1103007334	NA	0
2862	2	opencv	fedora-clang-libcxx	4814389	9897539311	6215082	11713353	312957836	1103539223	NA	0
2863	2	opencv	fedora-clang-libcxx	5122317	9902661628	6215135	11713353	313111688	1104098657	NA	0
2864	2	opencv	fedora-clang-libcxx	4192732	9906854360	6215188	11713353	313240539	1104580263	NA	0
2865	2	opencv	fedora-clang-libcxx	4184947	9911039307	6215241	11713353	313369588	1105062213	NA	0
2866	2	opencv	fedora-clang-libcxx	4166467	9915205774	6215294	11713353	313497820	1105540690	NA	0
2867	2	opencv	fedora-clang-libcxx	4188305	9919394079	6215347	11713353	313626856	1106023331	NA	0
2868	2	opencv	fedora-clang-libcxx	4182476	9923576555	6215400	11713353	313755643	1106504615	NA	0
2869	2	opencv	fedora-clang-libcxx	4203311	9927779866	6215453	11713353	313885308	1106989303	NA	0
2870	2	opencv	fedora-clang-libcxx	4283634	9932063500	6215506	11713353	314016897	1107482767	NA	0
2871	2	opencv	fedora-clang-libcxx	4186459	9936249959	6215559	11713353	314145869	1107964344	NA	0
2872	2	opencv	fedora-clang-libcxx	4169061	9940419020	6215612	11713353	314274204	1108443348	NA	0
2873	2	opencv	fedora-clang-libcxx	4169657	9944588677	6215665	11713353	314402601	1108922348	NA	0
2874	2	opencv	fedora-clang-libcxx	4182762	9948771439	6215718	11713353	314531360	1109402839	NA	0
2875	2	opencv	fedora-clang-libcxx	4170223	9952941662	6215771	11713353	314659692	1109881685	NA	0
2876	2	opencv	fedora-clang-libcxx	3655054	9956596716	6215824	11713353	314772969	1110288184	NA	0
2877	2	opencv	fedora-clang-libcxx	5037979	9961634695	6215877	11713353	314933697	1110860213	NA	0
2878	2	opencv	fedora-clang-libcxx	4934336	9966569031	6215930	11713353	315084946	1111410979	NA	0
2879	2	opencv	fedora-clang-libcxx	4937520	9971506551	6215983	11713353	315236290	1111962118	NA	0
2880	2	opencv	fedora-clang-libcxx	4934179	9976440730	6216036	11713353	315387547	1112512952	NA	0
2881	2	opencv	fedora-clang-libcxx	4930662	9981371392	6216089	11713353	315538717	1113063050	NA	0
2882	2	opencv	fedora-clang-libcxx	4938378	9986309770	6216142	11713353	315689988	1113614120	NA	0
2883	2	opencv	fedora-clang-libcxx	4962737	9991272507	6216195	11713353	315841260	1114166135	NA	0
2884	2	opencv	fedora-clang-libcxx	4934577	9996207084	6216248	11713353	315992465	1114716773	NA	0
2885	2	opencv	fedora-clang-libcxx	4935077	10001142161	6216301	11713353	316143699	1115267575	NA	0
2886	2	opencv	fedora-clang-libcxx	5038786	10006180947	6216354	11713353	316304539	1115839989	NA	0
2887	2	opencv	fedora-clang-libcxx	5038862	10011219809	6216407	11713353	316465340	1116412357	NA	0
2888	2	opencv	fedora-clang-libcxx	4938340	10016158149	6216460	11713353	316616678	1116963813	NA	0
2889	2	opencv	fedora-clang-libcxx	4931094	10021089243	6216513	11713353	316767877	1117514155	NA	0
2890	2	opencv	fedora-clang-libcxx	5231991	10026321234	6216566	12301970	316934061	1118110364	NA	1
2891	2	opencv	fedora-clang-libcxx	4980502	10031301736	6216619	12301970	317086689	1118668171	NA	0
2892	2	opencv	fedora-clang-libcxx	4822652	10036124388	6216672	12301970	317234217	1119200994	NA	0
2893	2	opencv	fedora-clang-libcxx	4827755	10040952143	6216725	12301970	317381599	1119735294	NA	0
2894	2	opencv	fedora-clang-libcxx	4885975	10045838118	6216778	12301970	317532358	1120282382	NA	0
2895	2	opencv	fedora-clang-libcxx	4887408	10050725526	6216831	12301970	317683187	1120829932	NA	0
2896	2	opencv	fedora-clang-libcxx	4878189	10055603715	6216884	12301970	317833232	1121376030	NA	0
2897	2	opencv	fedora-clang-libcxx	4849747	10060453462	6216937	12301970	317982109	1121915579	NA	0
2898	2	opencv	fedora-clang-libcxx	4959406	10065412868	6216990	12301970	318135415	1122473901	NA	0
2899	2	opencv	fedora-clang-libcxx	5035531	10070448399	6217043	12301970	318297518	1123052192	NA	0
2900	2	opencv	fedora-clang-libcxx	4847650	10075296049	6217096	12301970	318445349	1123590106	NA	0
2901	2	opencv	fedora-clang-libcxx	4793690	10080089739	6217149	12301970	318591630	1124117570	NA	0
2902	2	opencv	fedora-clang-libcxx	4047096	10084136835	6217202	12301970	318717936	1124576584	NA	0
2903	2	opencv	fedora-clang-libcxx	4049418	10088186253	6217255	12301970	318844229	1125036321	NA	0
2904	2	opencv	fedora-clang-libcxx	4032061	10092218314	6217308	12301970	318969666	1125492409	NA	0
2905	2	opencv	fedora-clang-libcxx	4311066	10096529380	6217361	12301970	319102442	1125985957	NA	0
2906	2	opencv	fedora-clang-libcxx	4053158	10100582538	6217414	12301970	319228544	1126445106	NA	0
2907	2	opencv	fedora-clang-libcxx	4070861	10104653399	6217467	12301970	319355347	1126907181	NA	0
2908	2	opencv	fedora-clang-libcxx	4028846	10108682245	6217520	12301970	319480606	1127362314	NA	0
2909	2	opencv	fedora-clang-libcxx	4408683	10113090928	6217573	12301970	319617244	1127875237	NA	0
2910	2	opencv	fedora-clang-libcxx	4264361	10117355289	6217626	12301970	319748630	1128361821	NA	0
2911	2	opencv	fedora-clang-libcxx	4280444	10121635733	6217679	12301970	319880781	1128852681	NA	0
2912	2	opencv	fedora-clang-libcxx	4093024	10125728757	6217732	12301970	320008220	1129315192	NA	0
2913	2	opencv	fedora-clang-libcxx	4032141	10129760898	6217785	12301970	320133864	1129770968	NA	0
2914	2	opencv	fedora-clang-libcxx	4033214	10133794112	6217838	12301970	320259548	1130226919	NA	0
2915	2	opencv	fedora-clang-libcxx	4038256	10137832368	6217891	12301970	320385530	1130684095	NA	0
2916	2	opencv	fedora-clang-libcxx	4038898	10141871266	6217944	12301970	320511533	1131141337	NA	0
2917	2	opencv	fedora-clang-libcxx	4034561	10145905827	6217997	12301970	320637281	1131597615	NA	0
2918	2	opencv	fedora-clang-libcxx	4033391	10149939218	6218050	12301970	320762975	1132053621	NA	0
2919	2	opencv	fedora-clang-libcxx	4035447	10153974665	6218103	12301970	320888784	1132510093	NA	0
2920	2	opencv	fedora-clang-libcxx	4032506	10158007171	6218156	12301970	321014442	1132965927	NA	0
2921	2	opencv	fedora-clang-libcxx	4056956	10162064127	6218209	12301970	321140855	1133424657	NA	0
2922	2	opencv	fedora-clang-libcxx	4035196	10166099323	6218262	12301970	321266741	1133881543	NA	0
2923	2	opencv	fedora-clang-libcxx	4025871	10170125194	6218315	12301970	321392060	1134336045	NA	0
2924	2	opencv	fedora-clang-libcxx	4040654	10174165848	6218368	12301970	321518047	1134794044	NA	0
2925	2	opencv	fedora-clang-libcxx	4030545	10178196393	6218421	12301970	321643551	1135249631	NA	0
2926	2	opencv	fedora-clang-libcxx	4049355	10182245748	6218474	12301970	321770076	1135708993	NA	0
2927	2	opencv	fedora-clang-libcxx	4036430	10186282178	6218527	12301970	321895777	1136166287	NA	0
2928	2	opencv	fedora-clang-libcxx	4032432	10190314610	6218580	12301970	322021436	1136622571	NA	0
2929	2	opencv	fedora-clang-libcxx	4316035	10194630645	6218633	12301970	322154112	1137116246	NA	0
2930	2	opencv	fedora-clang-libcxx	3654990	10198285635	6218686	12301970	322267389	1137522735	NA	0
2931	2	opencv	fedora-clang-libcxx	4280433	10202566068	6218739	12301970	322399258	1138010255	NA	0
2932	2	opencv	fedora-clang-libcxx	6187015	10208753083	6218792	12301970	322576435	1138632812	NA	0
2933	2	opencv	fedora-clang-libcxx	6444362	10215197445	6218845	12301970	322757410	1139280768	NA	0
2934	2	opencv	fedora-clang-libcxx	5012593	10220210038	6218898	12301970	322912401	1139845580	NA	0
2935	2	opencv	fedora-clang-libcxx	5012635	10225222673	6218951	12301970	323067582	1140410425	NA	0
2936	2	opencv	fedora-clang-libcxx	5012705	10230235378	6219004	12301970	323222763	1140975244	NA	0
2937	2	opencv	fedora-clang-libcxx	5012680	10235248058	6219057	12301970	323377944	1141540090	NA	0
2938	2	opencv	fedora-clang-libcxx	4928754	10240176812	6219110	12301970	323527914	1142085383	NA	0
2939	2	opencv	fedora-clang-libcxx	4918456	10245095268	6219163	12301970	323677798	1142629664	NA	0
2940	2	opencv	fedora-clang-libcxx	5022809	10250118077	6219216	12301970	323832817	1143195113	NA	0
2941	2	opencv	fedora-clang-libcxx	4918540	10255036617	6219269	12301970	323982567	1143738857	NA	0
2942	2	opencv	fedora-clang-libcxx	4919134	10259955751	6219322	12301970	324132785	1144284271	NA	0
2943	2	opencv	fedora-clang-libcxx	4940708	10264896459	6219375	12301970	324283142	1144831860	NA	0
2944	2	opencv	fedora-clang-libcxx	4910123	10269806582	6219428	12301970	324433080	1145375942	NA	0
2945	2	opencv	fedora-clang-libcxx	4908126	10274714708	6219481	12301970	324582912	1145919476	NA	0
2946	2	opencv	fedora-clang-libcxx	4905474	10279620182	6219534	12301970	324732613	1146462237	NA	0
2947	2	opencv	fedora-clang-libcxx	4915013	10284535195	6219587	12301970	324882619	1147006877	NA	0
2948	2	opencv	fedora-clang-libcxx	4944601	10289479796	6219640	12301970	325033087	1147555231	NA	0
2949	2	opencv	fedora-clang-libcxx	5013213	10294493009	6219693	12301970	325188118	1148120179	NA	0
2950	2	opencv	fedora-clang-libcxx	5013217	10299506226	6219746	12301970	325343149	1148685161	NA	0
2951	2	opencv	fedora-clang-libcxx	5013338	10304519564	6219799	12301970	325498185	1149250168	NA	0
2952	2	opencv	fedora-clang-libcxx	5013213	10309532777	6219852	12301970	325653225	1149815050	NA	0
2953	2	opencv	fedora-clang-libcxx	5013328	10314546105	6219905	12301970	325808445	1150379903	NA	0
2954	2	opencv	fedora-clang-libcxx	5013308	10319559413	6219958	12301970	325963665	1150944845	NA	0
2955	2	opencv	fedora-clang-libcxx	4913750	10324473163	6220011	12301970	326113508	1151488997	NA	0
2956	2	opencv	fedora-clang-libcxx	4913928	10329387091	6220064	12301970	326263351	1152033180	NA	0
2957	2	opencv	fedora-clang-libcxx	4909469	10334296560	6220117	12301970	326413136	1152577027	NA	0
2958	2	opencv	fedora-clang-libcxx	4919158	10339215718	6220170	12301970	326562997	1153121336	NA	0
2959	2	opencv	fedora-clang-libcxx	4905646	10344121364	6220223	12301970	326712715	1153664067	NA	0
2960	2	opencv	fedora-clang-libcxx	4933351	10349054715	6220276	12301970	326862725	1154209831	NA	0
2961	2	opencv	fedora-clang-libcxx	4914042	10353968757	6220329	12301970	327012558	1154754091	NA	0
2962	2	opencv	fedora-clang-libcxx	4909003	10358877760	6220382	12301970	327162305	1155297543	NA	0
2963	2	opencv	fedora-clang-libcxx	3956494	10362834254	6220435	12301970	327285970	1155744902	NA	0
2964	2	opencv	fedora-clang-libcxx	3808026	10366642280	6220488	12301970	327405983	1156178936	NA	0
2965	2	opencv	fedora-clang-libcxx	3820059	10370462339	6220541	12301970	327526599	1156617954	NA	0
2966	2	opencv	fedora-clang-libcxx	3896084	10374358423	6220594	12301970	327648925	1157073233	NA	0
2967	2	opencv	fedora-clang-libcxx	3908510	10378266933	6220647	12301970	327773789	1157530368	NA	0
2968	2	opencv	fedora-clang-libcxx	3832979	10382099912	6220700	12301970	327895220	1157973767	NA	0
2969	2	opencv	fedora-clang-libcxx	3660134	10385760046	6220753	12301970	328007353	1158385731	NA	0
2970	2	opencv	fedora-clang-libcxx	3725846	10389485892	6220806	12301970	328123641	1158806428	NA	0
2971	2	opencv	fedora-clang-libcxx	3654571	10393140463	6220859	12301970	328234980	1159214897	NA	0
2972	2	opencv	fedora-clang-libcxx	3900596	10397041059	6220912	12301970	328353091	1159649069	NA	0
2973	2	opencv	fedora-clang-libcxx	4073214	10401114273	6220965	12301970	328478615	1160113768	NA	0
2974	2	opencv	fedora-clang-libcxx	4003772	10405118045	6221018	12301970	328602064	1160569684	NA	0
2975	2	opencv	fedora-clang-libcxx	4020972	10409139017	6221071	12301970	328726029	1161028225	NA	0
2976	2	opencv	fedora-clang-libcxx	4051740	10413190757	6221124	12301970	328851614	1161493775	NA	0
2977	2	opencv	fedora-clang-libcxx	3999595	10417190352	6221177	12301970	328974931	1161949101	NA	0
2978	2	opencv	fedora-clang-libcxx	4020679	10421211031	6221230	12301970	329098886	1162407549	NA	0
2979	2	opencv	fedora-clang-libcxx	4090944	10425301975	6221283	12301970	329225169	1162875957	NA	0
2980	2	opencv	fedora-clang-libcxx	4001338	10429303313	6221336	12301970	329348579	1163331590	NA	0
2981	2	opencv	fedora-clang-libcxx	4066634	10433369947	6221389	12301970	329473704	1163794816	NA	0
2982	2	opencv	fedora-clang-libcxx	4065483	10437435430	6221442	12301970	329598717	1164257580	NA	0
2983	2	opencv	fedora-clang-libcxx	4064310	10441499740	6221495	12301970	329723680	1164720008	NA	0
2984	2	opencv	fedora-clang-libcxx	4065267	10445565007	6221548	12301970	329848689	1165182758	NA	0
2985	2	opencv	fedora-clang-libcxx	4073087	10449638094	6221601	12301970	329974201	1165647757	NA	0
2986	2	opencv	fedora-clang-libcxx	4287267	10453925361	6221654	12301970	330106769	1166129494	NA	0
2987	2	opencv	fedora-clang-libcxx	4065082	10457990443	6221707	12301970	330231818	1166592206	NA	0
2988	2	opencv	fedora-clang-libcxx	4020876	10462011319	6221760	12301970	330355774	1167050777	NA	0
2989	2	opencv	fedora-clang-libcxx	4080197	10466091516	6221813	12301970	330481949	1167517705	NA	0
2990	2	opencv	fedora-clang-libcxx	4042127	10470133643	6221866	12301970	330606900	1167980574	NA	0
2991	2	opencv	fedora-clang-libcxx	4043823	10474177466	6221919	12301970	330734330	1168444334	NA	0
2992	2	opencv	fedora-clang-libcxx	3750029	10477927495	6221972	12301970	330850497	1168872671	NA	0
2993	2	opencv	fedora-clang-libcxx	4064222	10481991717	6222025	12301970	330976157	1169338275	NA	0
2994	2	opencv	fedora-clang-libcxx	3864895	10485856612	6222078	12301970	331096618	1169783990	NA	0
2995	2	opencv	fedora-clang-libcxx	3754117	10489610729	6222131	12301970	331215452	1170213496	NA	0
2996	2	opencv	fedora-clang-libcxx	4066720	10493677449	6222184	12301970	331341220	1170679523	NA	0
2997	2	opencv	fedora-clang-libcxx	3753710	10497431159	6222237	12301970	331460088	1171109068	NA	0
2998	2	opencv	fedora-clang-libcxx	3802493	10501233652	6222290	12301970	331580971	1171548462	NA	0
2999	2	opencv	fedora-clang-libcxx	3818690	10505052342	6222343	12301970	331699208	1171984864	NA	0
3000	3	opencv	fedora-clang-libcxx	1733186	10506785528	6222358	12301970	331751338	1172165785	NA	0
3001	3	opencv	fedora-clang-libcxx	557810	10507343338	6222373	12301970	331766740	1172218038	NA	0
3002	3	opencv	fedora-clang-libcxx	2771811	10510115149	6222388	12841184	331851511	1172515213	NA	1
3003	3	opencv	fedora-clang-libcxx	2771931	10512887080	6222403	12841184	331936254	1172811652	NA	0
3004	3	opencv	fedora-clang-libcxx	3187729	10516074809	6222418	12841184	332030275	1173151638	NA	0
3005	3	opencv	fedora-clang-libcxx	3060105	10519134914	6222433	12841184	332121290	1173479015	NA	0
3006	3	opencv	fedora-clang-libcxx	3170615	10522305529	6222448	12841184	332215365	1173820945	NA	0
3007	3	opencv	fedora-clang-libcxx	3167884	10525473413	6222463	12841184	332309595	1174161507	NA	0
3008	3	opencv	fedora-clang-libcxx	3163508	10528636921	6222478	12841184	332403594	1174501972	NA	0
3009	3	opencv	fedora-clang-libcxx	3183319	10531820240	6222493	12841184	332498235	1174844885	NA	0
3010	3	opencv	fedora-clang-libcxx	3039421	10534859661	6222508	12841184	332588236	1175169502	NA	0
3011	3	opencv	fedora-clang-libcxx	3090637	10537950298	6222523	12841184	332680035	1175500471	NA	0
3012	3	opencv	fedora-clang-libcxx	3050083	10541000381	6222538	12841184	332770595	1175827448	NA	0
3013	3	opencv	fedora-clang-libcxx	3277269	10544277650	6222553	12841184	332867891	1176181304	NA	0
3014	3	opencv	fedora-clang-libcxx	3095959	10547373609	6222568	12841184	332958966	1176509711	NA	0
3015	3	opencv	fedora-clang-libcxx	3113935	10550487544	6222583	12841184	333050709	1176842125	NA	0
3016	3	opencv	fedora-clang-libcxx	3129615	10553617159	6222598	12841184	333143156	1177177038	NA	0
3017	3	opencv	fedora-clang-libcxx	86282	10553703441	6222613	12841184	333146770	1177192261	NA	0
3018	3	opencv	fedora-clang-libcxx	53146	10553756587	6222628	12841184	333149318	1177203017	NA	0
3019	3	opencv	fedora-clang-libcxx	169698	10553926285	6222643	12841184	333155499	1177249617	NA	0
3020	3	opencv	fedora-clang-libcxx	136733	10554063018	6222658	12841184	333161333	1177274400	NA	0
3021	3	opencv	fedora-clang-libcxx	102760	10554165778	6222673	12841184	333165648	1177292653	NA	0
3022	3	opencv	fedora-clang-libcxx	112158	10554277936	6222688	12841184	333170515	1177312884	NA	0
3023	3	opencv	fedora-clang-libcxx	115551	10554393487	6222703	12841184	333175556	1177334045	NA	0
3024	3	opencv	fedora-clang-libcxx	114814	10554508301	6222718	12841184	333180508	1177354915	NA	0
3025	3	opencv	fedora-clang-libcxx	125718	10554634019	6222733	12841184	333185754	1177377011	NA	0
3026	3	opencv	fedora-clang-libcxx	103538	10554737557	6222748	12841184	333190050	1177395152	NA	0
3027	3	opencv	fedora-clang-libcxx	96147	10554833704	6222763	12841184	333194218	1177413502	NA	0
3028	3	opencv	fedora-clang-libcxx	92266	10554925970	6222778	12841184	333198192	1177430034	NA	0
3029	3	opencv	fedora-clang-libcxx	119631	10555045601	6222793	12841184	333202964	1177451286	NA	0
3030	3	opencv	fedora-clang-libcxx	52970	10555098571	6222808	12841184	333205512	1177462012	NA	0
3031	3	opencv	fedora-clang-libcxx	105752	10555204323	6222823	12841184	333209998	1177480655	NA	0
3032	3	opencv	fedora-clang-libcxx	110281	10555314604	6222838	12841184	333214427	1177499496	NA	0
3033	3	opencv	fedora-clang-libcxx	145863	10555460467	6222853	12841184	333219522	1177520244	NA	0
3034	3	opencv	fedora-clang-libcxx	117544	10555578011	6222868	12841184	333224301	1177540525	NA	0
3035	3	opencv	fedora-clang-libcxx	115823	10555693834	6222883	12841184	333228868	1177559995	NA	0
3036	3	opencv	fedora-clang-libcxx	110216	10555804050	6222898	12841184	333233353	1177579091	NA	0
3037	3	opencv	fedora-clang-libcxx	115516	10555919566	6222913	12841184	333238051	1177599090	NA	0
3038	3	opencv	fedora-clang-libcxx	119375	10556038941	6222928	12841184	333242866	1177619685	NA	0
3039	3	opencv	fedora-clang-libcxx	127669	10556166610	6222943	12841184	333248032	1177641619	NA	0
3040	3	opencv	fedora-clang-libcxx	170079	10556336689	6222958	12841184	333253685	1177664398	NA	0
3041	3	opencv	fedora-clang-libcxx	116737	10556453426	6222973	12841184	333258445	1177684606	NA	0
3042	3	opencv	fedora-clang-libcxx	114317	10556567743	6222988	12841184	333262994	1177703964	NA	0
3043	3	opencv	fedora-clang-libcxx	117855	10556685598	6223003	12841184	333267757	1177724145	NA	0
3044	3	opencv	fedora-clang-libcxx	114541	10556800139	6223018	12841184	333272379	1177743686	NA	0
3045	3	opencv	fedora-clang-libcxx	119641	10556919780	6223033	12841184	333277244	1177764259	NA	0
3046	3	opencv	fedora-clang-libcxx	107154	10557026934	6223048	12841184	333281580	1177782677	NA	0
3047	3	opencv	fedora-clang-libcxx	117175	10557144109	6223063	12841184	333286364	1177803060	NA	0
3048	3	opencv	fedora-clang-libcxx	125161	10557269270	6223078	12841184	333291326	1177824142	NA	0
3049	3	opencv	fedora-clang-libcxx	133335	10557402605	6223093	12841184	333296729	1177847206	NA	0
3050	3	opencv	fedora-clang-libcxx	120417	10557523022	6223108	12841184	333301504	1177867507	NA	0
3051	3	opencv	fedora-clang-libcxx	169903	10557692925	6223123	12841184	333306924	1177889352	NA	0
3052	3	opencv	fedora-clang-libcxx	114014	10557806939	6223138	12841184	333311430	1177908469	NA	0
3053	3	opencv	fedora-clang-libcxx	115239	10557922178	6223153	12841184	333315956	1177927785	NA	0
3054	3	opencv	fedora-clang-libcxx	115753	10558037931	6223168	12841184	333320545	1177947303	NA	0
3055	3	opencv	fedora-clang-libcxx	116550	10558154481	6223183	12841184	333325180	1177966908	NA	0
3056	3	opencv	fedora-clang-libcxx	194772	10558349253	6223198	12841184	333331481	1177992840	NA	0
3057	3	opencv	fedora-clang-libcxx	118931	10558468184	6223213	12841184	333336150	1178012607	NA	0
3058	3	opencv	fedora-clang-libcxx	123662	10558591846	6223228	12841184	333341286	1178035059	NA	0
3059	3	opencv	fedora-clang-libcxx	132450	10558724296	6223243	12841184	333346842	1178058476	NA	0
3060	3	opencv	fedora-clang-libcxx	108470	10558832766	6223258	12841184	333351218	1178077143	NA	0
3061	3	opencv	fedora-clang-libcxx	133614	10558966380	6223273	12841184	333356180	1178097367	NA	0
3062	3	opencv	fedora-clang-libcxx	117544	10559083924	6223288	12841184	333360959	1178117637	NA	0
3063	3	opencv	fedora-clang-libcxx	115823	10559199747	6223303	12841184	333365526	1178137113	NA	0
3064	3	opencv	fedora-clang-libcxx	110216	10559309963	6223318	12841184	333370011	1178156210	NA	0
3065	3	opencv	fedora-clang-libcxx	115516	10559425479	6223333	12841184	333374709	1178176208	NA	0
3066	3	opencv	fedora-clang-libcxx	119375	10559544854	6223348	12841184	333379524	1178196786	NA	0
3067	3	opencv	fedora-clang-libcxx	112191	10559657045	6223363	12841184	333384050	1178216107	NA	0
3068	3	opencv	fedora-clang-libcxx	151827	10559808872	6223378	12841184	333389471	1178237901	NA	0
3069	3	opencv	fedora-clang-libcxx	116737	10559925609	6223393	12841184	333394231	1178258110	NA	0
3070	3	opencv	fedora-clang-libcxx	114317	10560039926	6223408	12841184	333398780	1178277464	NA	0
3071	3	opencv	fedora-clang-libcxx	117855	10560157781	6223423	12841184	333403543	1178297647	NA	0
3072	3	opencv	fedora-clang-libcxx	108678	10560266459	6223438	12841184	333407955	1178316402	NA	0
3073	3	opencv	fedora-clang-libcxx	119641	10560386100	6223453	12841184	333412820	1178336979	NA	0
3074	3	opencv	fedora-clang-libcxx	107154	10560493254	6223468	12841184	333417156	1178355395	NA	0
3075	3	opencv	fedora-clang-libcxx	110910	10560604164	6223483	12841184	333421612	1178374382	NA	0
3076	3	opencv	fedora-clang-libcxx	151190	10560755354	6223498	12841184	333426900	1178395879	NA	0
3077	3	opencv	fedora-clang-libcxx	117478	10560872832	6223513	12841184	333431676	1178416140	NA	0
3078	3	opencv	fedora-clang-libcxx	115756	10560988588	6223528	12841184	333436242	1178435612	NA	0
3079	3	opencv	fedora-clang-libcxx	110183	10561098771	6223543	12841184	333440726	1178454699	NA	0
3080	3	opencv	fedora-clang-libcxx	115454	10561214225	6223558	12841184	333445420	1178474681	NA	0
3081	3	opencv	fedora-clang-libcxx	125481	10561339706	6223573	12841184	333450416	1178496043	NA	0
3082	3	opencv	fedora-clang-libcxx	132591	10561472297	6223588	12841184	333455809	1178518731	NA	0
3083	3	opencv	fedora-clang-libcxx	175812	10561648109	6223603	12841184	333461668	1178542310	NA	0
3084	3	opencv	fedora-clang-libcxx	116686	10561764795	6223618	12841184	333466426	1178562522	NA	0
3085	3	opencv	fedora-clang-libcxx	114286	10561879081	6223633	12841184	333470974	1178581876	NA	0
3086	3	opencv	fedora-clang-libcxx	117776	10561996857	6223648	12841184	333475735	1178602033	NA	0
3087	3	opencv	fedora-clang-libcxx	114459	10562111316	6223663	12841184	333480356	1178621537	NA	0
3088	3	opencv	fedora-clang-libcxx	125926	10562237242	6223678	12841184	333485407	1178642856	NA	0
3089	3	opencv	fedora-clang-libcxx	107939	10562345181	6223693	12841184	333489809	1178661605	NA	0
3090	3	opencv	fedora-clang-libcxx	117145	10562462326	6223708	12841184	333494593	1178681985	NA	0
3091	3	opencv	fedora-clang-libcxx	127178	10562589504	6223723	12841184	333499704	1178703593	NA	0
3092	3	opencv	fedora-clang-libcxx	133284	10562722788	6223738	12841184	333505107	1178726638	NA	0
3093	3	opencv	fedora-clang-libcxx	120738	10562843526	6223753	12841184	333509904	1178746976	NA	0
3094	3	opencv	fedora-clang-libcxx	175729	10563019255	6223768	12841184	333515504	1178769548	NA	0
3095	3	opencv	fedora-clang-libcxx	113965	10563133220	6223783	12841184	333520012	1178788662	NA	0
3096	3	opencv	fedora-clang-libcxx	115190	10563248410	6223798	12841184	333524540	1178807976	NA	0
3097	3	opencv	fedora-clang-libcxx	115687	10563364097	6223813	12841184	333529131	1178827489	NA	0
3098	3	opencv	fedora-clang-libcxx	116526	10563480623	6223828	12841184	333533768	1178847083	NA	0
3099	3	opencv	fedora-clang-libcxx	194450	10563675073	6223843	12841184	333540076	1178873033	NA	0
3100	3	opencv	fedora-clang-libcxx	118840	10563793913	6223858	12841184	333544747	1178892797	NA	0
3101	3	opencv	fedora-clang-libcxx	123545	10563917458	6223873	12841184	333549883	1178915229	NA	0
3102	3	opencv	fedora-clang-libcxx	132285	10564049743	6223888	12841184	333555438	1178938620	NA	0
3103	3	opencv	fedora-clang-libcxx	113944	10564163687	6223903	12841184	333560058	1178958149	NA	0
3104	3	opencv	fedora-clang-libcxx	360062	10564523749	6223918	12841184	333565581	1178982238	NA	0
3105	3	opencv	fedora-clang-libcxx	108196	10564631945	6223933	12841184	333569971	1179000869	NA	0
3106	3	opencv	fedora-clang-libcxx	109435	10564741380	6223948	12841184	333574420	1179019619	NA	0
3107	3	opencv	fedora-clang-libcxx	120313	10564861693	6223963	12841184	333579350	1179040618	NA	0
3108	3	opencv	fedora-clang-libcxx	118123	10564979816	6223978	12841184	333584380	1179061468	NA	0
3109	3	opencv	fedora-clang-libcxx	129131	10565108947	6223993	12841184	333589679	1179084317	NA	0
3110	3	opencv	fedora-clang-libcxx	107592	10565216539	6224008	12841184	333594068	1179102833	NA	0
3111	3	opencv	fedora-clang-libcxx	125336	10565341875	6224023	12841184	333599166	1179124735	NA	0
3112	3	opencv	fedora-clang-libcxx	133033	10565474908	6224038	12841184	333604509	1179147595	NA	0
3113	3	opencv	fedora-clang-libcxx	116078	10565590986	6224053	12841184	333609259	1179167976	NA	0
3114	3	opencv	fedora-clang-libcxx	114919	10565705905	6224068	13123602	333613996	1179187860	NA	1
3115	3	opencv	fedora-clang-libcxx	92009	10565797914	6224083	13123602	333617875	1179204534	NA	0
3116	3	opencv	fedora-clang-libcxx	91115	10565889029	6224098	13123602	333621736	1179221133	NA	0
3117	3	opencv	fedora-clang-libcxx	139091	10566028120	6224113	13123602	333627021	1179244373	NA	0
3118	3	opencv	fedora-clang-libcxx	110176	10566138296	6224128	13123602	333631494	1179263378	NA	0
3119	3	opencv	fedora-clang-libcxx	116118	10566254414	6224143	13123602	333636228	1179283470	NA	0
3120	3	opencv	fedora-clang-libcxx	115848	10566370262	6224158	13123602	333640913	1179303866	NA	0
3121	3	opencv	fedora-clang-libcxx	150733	10566520995	6224173	13123602	333646596	1179327986	NA	0
3122	3	opencv	fedora-clang-libcxx	129622	10566650617	6224188	13123602	333651918	1179349611	NA	0
3123	3	opencv	fedora-clang-libcxx	126681	10566777298	6224203	13123602	333657000	1179371314	NA	0
3124	3	opencv	fedora-clang-libcxx	108997	10566886295	6224218	13123602	333661446	1179390181	NA	0
3125	3	opencv	fedora-clang-libcxx	95548	10566981843	6224233	13123602	333665495	1179408664	NA	0
3126	3	opencv	fedora-clang-libcxx	113783	10567095626	6224248	13123602	333670001	1179427792	NA	0
3127	3	opencv	fedora-clang-libcxx	139772	10567235398	6224263	13123602	333675594	1179451162	NA	0
3128	3	opencv	fedora-clang-libcxx	109662	10567345060	6224278	13123602	333680039	1179469945	NA	0
3129	3	opencv	fedora-clang-libcxx	734	10567345794	6224293	13123602	333680075	1179470176	NA	0
3130	3	opencv	fedora-clang-libcxx	114444	10567460238	6224308	13123602	333684591	1179489621	NA	0
3131	3	opencv	fedora-clang-libcxx	123490	10567583728	6224323	13123602	333689724	1179510765	NA	0
3132	3	opencv	fedora-clang-libcxx	122946	10567706674	6224338	13123602	333694788	1179532024	NA	0
3133	3	opencv	fedora-clang-libcxx	3691	10567710365	6224354	13123602	333694956	1179532629	NA	0
3134	3	opencv	fedora-clang-libcxx	11881	10567722246	6224370	13123602	333695336	1179533975	NA	0
3135	3	opencv	fedora-clang-libcxx	53527	10567775773	6224386	13123602	333696435	1179536622	NA	0
3136	3	opencv	fedora-clang-libcxx	37463	10567813236	6224402	13123602	333697311	1179538880	NA	0
3137	3	opencv	fedora-clang-libcxx	15685	10567828921	6224418	13123602	333697961	1179541507	NA	0
3138	3	opencv	fedora-clang-libcxx	21428	10567850349	6224434	13123602	333698662	1179543626	NA	0
3139	3	opencv	fedora-clang-libcxx	9039	10567859388	6224450	13123602	333699068	1179544902	NA	0
3140	3	opencv	fedora-clang-libcxx	44550	10567903938	6224466	13123602	333700013	1179547381	NA	0
3141	3	opencv	fedora-clang-libcxx	58898	10567962836	6224482	13123602	333701086	1179550259	NA	0
3142	3	opencv	fedora-clang-libcxx	16144	10567978980	6224498	13123602	333701774	1179552480	NA	0
3143	3	opencv	fedora-clang-libcxx	10188	10567989168	6224514	13123602	333702259	1179553957	NA	0
3144	3	opencv	fedora-clang-libcxx	14241	10568003409	6224530	13123602	333702953	1179556215	NA	0
3145	3	opencv	fedora-clang-libcxx	13957	10568017366	6224546	13123602	333703540	1179558347	NA	0
3146	3	opencv	fedora-clang-libcxx	12099	10568029465	6224562	13123602	333704153	1179560381	NA	0
3147	3	opencv	fedora-clang-libcxx	19235	10568048700	6224578	13123602	333705195	1179563418	NA	0
3148	3	opencv	fedora-clang-libcxx	14082	10568062782	6224594	13123602	333705852	1179565833	NA	0
3149	3	opencv	fedora-clang-libcxx	6481	10568069263	6224610	13123602	333706105	1179566854	NA	0
3150	3	opencv	fedora-clang-libcxx	7464	10568076727	6224626	13123602	333706362	1179567927	NA	0
3151	3	opencv	fedora-clang-libcxx	62342	10568139069	6224642	13123602	333707596	1179571208	NA	0
3152	3	opencv	fedora-clang-libcxx	42985	10568182054	6224658	13123602	333708622	1179573912	NA	0
3153	3	opencv	fedora-clang-libcxx	9994	10568192048	6224674	13123602	333709026	1179575326	NA	0
3154	3	opencv	fedora-clang-libcxx	49635	10568241683	6224690	13123602	333710020	1179578087	NA	0
3155	3	opencv	fedora-clang-libcxx	64175	10568305858	6224706	13123602	333711146	1179581272	NA	0
3156	3	opencv	fedora-clang-libcxx	18028	10568323886	6224722	13123602	333711866	1179583819	NA	0
3157	3	opencv	fedora-clang-libcxx	11261	10568335147	6224738	13123602	333712299	1179585466	NA	0
3158	3	opencv	fedora-clang-libcxx	14310	10568349457	6224754	13123602	333712862	1179587632	NA	0
3159	3	opencv	fedora-clang-libcxx	7199	10568356656	6224770	13123602	333713098	1179588575	NA	0
3160	3	opencv	fedora-clang-libcxx	200922	10568557578	6224785	13123602	333719381	1179612841	NA	0
3161	3	opencv	fedora-clang-libcxx	140110	10568697688	6224800	13123602	333724551	1179636024	NA	0
3162	3	opencv	fedora-clang-libcxx	94535	10568792223	6224815	13123602	333728494	1179653925	NA	0
3163	3	opencv	fedora-clang-libcxx	94008	10568886231	6224830	13123602	333732403	1179671810	NA	0
3164	3	opencv	fedora-clang-libcxx	136578	10569022809	6224845	13123602	333737272	1179694283	NA	0
3165	3	opencv	fedora-clang-libcxx	98702	10569121511	6224860	13123602	333741399	1179712974	NA	0
3166	3	opencv	fedora-clang-libcxx	166103	10569287614	6224875	13123602	333748137	1179741591	NA	0
3167	3	opencv	fedora-clang-libcxx	160178	10569447792	6224890	13123602	333754209	1179769965	NA	0
3168	3	opencv	fedora-clang-libcxx	356996	10569804788	6224905	13123602	333766062	1179815312	NA	0
3169	3	opencv	fedora-clang-libcxx	252549	10570057337	6224920	13123602	333774917	1179851024	NA	0
3170	3	opencv	fedora-clang-libcxx	93871	10570151208	6224935	13123602	333778826	1179868812	NA	0
3171	3	opencv	fedora-clang-libcxx	94676	10570245884	6224950	13123602	333782716	1179886453	NA	0
3172	3	opencv	fedora-clang-libcxx	93418	10570339302	6224965	13123602	333786597	1179904118	NA	0
3173	3	opencv	fedora-clang-libcxx	200599	10570539901	6224980	13123602	333792650	1179932386	NA	0
3174	3	opencv	fedora-clang-libcxx	116018	10570655919	6224995	13123602	333794115	1179940045	NA	0
3175	3	opencv	fedora-clang-libcxx	94881	10570750800	6225010	13123602	333798033	1179958003	NA	0
3176	3	opencv	fedora-clang-libcxx	209014	10570959814	6225025	13123602	333805273	1179988321	NA	0
3177	3	opencv	fedora-clang-libcxx	64760	10571024574	6225040	13123602	333807988	1179999986	NA	0
3178	3	opencv	fedora-clang-libcxx	91953	10571116527	6225055	13123602	333811783	1180017277	NA	0
3179	3	opencv	fedora-clang-libcxx	91906	10571208433	6225070	13123602	333815543	1180034564	NA	0
3180	3	opencv	fedora-clang-libcxx	200570	10571409003	6225085	13123602	333824283	1180072462	NA	0
3181	3	opencv	fedora-clang-libcxx	197752	10571606755	6225100	13123602	333831730	1180105280	NA	0
3182	3	opencv	fedora-clang-libcxx	91953	10571698708	6225115	13123602	333835525	1180122565	NA	0
3183	3	opencv	fedora-clang-libcxx	140829	10571839537	6225130	13123602	333841425	1180148263	NA	0
3184	3	opencv	fedora-clang-libcxx	95545	10571935082	6225145	13123602	333845390	1180166563	NA	0
3185	3	opencv	fedora-clang-libcxx	91959	10572027041	6225160	13123602	333849185	1180183857	NA	0
3186	3	opencv	fedora-clang-libcxx	113970	10572141011	6225175	13123602	333853953	1180205217	NA	0
3187	3	opencv	fedora-clang-libcxx	99308	10572240319	6225190	13123602	333858109	1180224039	NA	0
3188	3	opencv	fedora-clang-libcxx	91969	10572332288	6225205	13123602	333861904	1180241337	NA	0
3189	3	opencv	fedora-clang-libcxx	279803	10572612091	6225220	13123602	333871685	1180277123	NA	0
3190	3	opencv	fedora-clang-libcxx	119932	10572732023	6225235	13123602	333876665	1180299711	NA	0
3191	3	opencv	fedora-clang-libcxx	134886	10572866909	6225250	13123602	333882144	1180323950	NA	0
3192	3	opencv	fedora-clang-libcxx	102304	10572969213	6225265	13123602	333886372	1180343185	NA	0
3193	3	opencv	fedora-clang-libcxx	99474	10573068687	6225280	13123602	333890467	1180362266	NA	0
3194	3	opencv	fedora-clang-libcxx	96723	10573165410	6225295	13123602	333894442	1180380653	NA	0
3195	3	opencv	fedora-clang-libcxx	100634	10573266044	6225310	13123602	333898561	1180399602	NA	0
3196	3	opencv	fedora-clang-libcxx	92170	10573358214	6225325	13123602	333902360	1180416995	NA	0
3197	3	opencv	fedora-clang-libcxx	93985	10573452199	6225340	13123602	333906235	1180434578	NA	0
3198	3	opencv	fedora-clang-libcxx	91953	10573544152	6225355	13123602	333910030	1180451869	NA	0
3199	3	opencv	fedora-clang-libcxx	116371	10573660523	6225370	13123602	333914824	1180473599	NA	0
3200	3	opencv	fedora-clang-libcxx	139544	10573800067	6225385	13123602	333920994	1180500197	NA	0
3201	3	opencv	fedora-clang-libcxx	91953	10573892020	6225400	13123602	333924789	1180517488	NA	0
3202	3	opencv	fedora-clang-libcxx	3047294	10576939314	6225415	13123602	334017064	1180845299	NA	0
3203	3	opencv	fedora-clang-libcxx	143088	10577082402	6225430	13123602	334023114	1180871582	NA	0
3204	3	opencv	fedora-clang-libcxx	101367	10577183769	6225445	13123602	334026980	1180889259	NA	0
3205	3	opencv	fedora-clang-libcxx	49278	10577233047	6225460	13123602	334028974	1180898234	NA	0
3206	3	opencv	fedora-clang-libcxx	50031	10577283078	6225475	13123602	334030256	1180904549	NA	0
3207	3	opencv	fedora-clang-libcxx	72058	10577355136	6225490	13123602	334033080	1180917111	NA	0
3208	3	opencv	fedora-clang-libcxx	62409	10577417545	6225505	13123602	334034843	1180925566	NA	0
3209	3	opencv	fedora-clang-libcxx	46876	10577464421	6225520	13123602	334036709	1180933896	NA	0
3210	3	opencv	fedora-clang-libcxx	214250	10577678671	6225535	13123602	334043431	1180958200	NA	0
3211	3	opencv	fedora-clang-libcxx	136299	10577814970	6225550	13123602	334048940	1180982971	NA	0
3212	3	opencv	fedora-clang-libcxx	137863	10577952833	6225565	13123602	334054504	1181007974	NA	0
3213	3	opencv	fedora-clang-libcxx	149447	10578102280	6225580	13123602	334060723	1181035953	NA	0
3214	3	opencv	fedora-clang-libcxx	154957	10578257237	6225595	13123602	334067129	1181064283	NA	0
3215	3	opencv	fedora-clang-libcxx	154290	10578411527	6225610	13123602	334073338	1181092151	NA	0
3216	3	opencv	fedora-clang-libcxx	105707	10578517234	6225625	13123602	334077629	1181112073	NA	0
3217	3	opencv	fedora-clang-libcxx	130641	10578647875	6225640	13123602	334082847	1181137201	NA	0
3218	3	opencv	fedora-clang-libcxx	152066	10578799941	6225655	13123602	334089227	1181165845	NA	0
3219	3	opencv	fedora-clang-libcxx	187029	10578986970	6225670	13123602	334096917	1181200475	NA	0
3220	3	opencv	fedora-clang-libcxx	154414	10579141384	6225685	13123602	334103239	1181228479	NA	0
3221	3	opencv	fedora-clang-libcxx	63020	10579204404	6225700	13123602	334105599	1181239965	NA	0
3222	3	opencv	fedora-clang-libcxx	104652	10579309056	6225715	13123602	334109838	1181259016	NA	0
3223	3	opencv	fedora-clang-libcxx	67555	10579376611	6225730	13123602	334112478	1181271254	NA	0
3224	3	opencv	fedora-clang-libcxx	57191	10579433802	6225745	13123602	334114723	1181281451	NA	0
3225	3	opencv	fedora-clang-libcxx	57146	10579490948	6225760	13123602	334116968	1181291649	NA	0
3226	3	opencv	fedora-clang-libcxx	232881	10579723829	6225775	13367691	334124576	1181319338	NA	1
3227	3	opencv	fedora-clang-libcxx	57113	10579780942	6225790	13367691	334126821	1181329529	NA	0
3228	3	opencv	fedora-clang-libcxx	138487	10579919429	6225805	13367691	334132221	1181356816	NA	0
3229	3	opencv	fedora-clang-libcxx	57088	10579976517	6225820	13367691	334134466	1181367014	NA	0
3230	3	opencv	fedora-clang-libcxx	57119	10580033636	6225835	13367691	334136711	1181377214	NA	0
3231	3	opencv	fedora-clang-libcxx	57074	10580090710	6225850	13367691	334138956	1181387410	NA	0
3232	3	opencv	fedora-clang-libcxx	260761	10580351471	6225865	13367691	334148057	1181421347	NA	0
3233	3	opencv	fedora-clang-libcxx	46236	10580397707	6225880	13367691	334149948	1181429665	NA	0
3234	3	opencv	fedora-clang-libcxx	131845	10580529552	6225895	13367691	334155158	1181453315	NA	0
3235	3	opencv	fedora-clang-libcxx	79372	10580608924	6225910	13367691	334157569	1181465450	NA	0
3236	3	opencv	fedora-clang-libcxx	57069	10580665993	6225925	13367691	334159814	1181475641	NA	0
3237	3	opencv	fedora-clang-libcxx	57100	10580723093	6225940	13367691	334162059	1181485833	NA	0
3238	3	opencv	fedora-clang-libcxx	57049	10580780142	6225955	13367691	334164304	1181496021	NA	0
3239	3	opencv	fedora-clang-libcxx	57056	10580837198	6225970	13367691	334166549	1181506216	NA	0
3240	3	opencv	fedora-clang-libcxx	317523	10581154721	6225985	13367691	334177387	1181547919	NA	0
3241	3	opencv	fedora-clang-libcxx	57061	10581211782	6226000	13367691	334179632	1181558114	NA	0
3242	3	opencv	fedora-clang-libcxx	143927	10581355709	6226015	13367691	334185488	1181584482	NA	0
3243	3	opencv	fedora-clang-libcxx	57075	10581412784	6226030	13367691	334187733	1181594677	NA	0
3244	3	opencv	fedora-clang-libcxx	57107	10581469891	6226045	13367691	334189978	1181604871	NA	0
3245	3	opencv	fedora-clang-libcxx	57054	10581526945	6226060	13367691	334192223	1181615059	NA	0
3246	3	opencv	fedora-clang-libcxx	57062	10581584007	6226075	13367691	334194468	1181625251	NA	0
3247	3	opencv	fedora-clang-libcxx	317335	10581901342	6226090	13367691	334205643	1181668321	NA	0
3248	3	opencv	fedora-clang-libcxx	57068	10581958410	6226105	13367691	334207888	1181678513	NA	0
3249	3	opencv	fedora-clang-libcxx	97597	10582056007	6226120	13367691	334211525	1181694943	NA	0
3250	3	opencv	fedora-clang-libcxx	57128	10582113135	6226135	13367691	334213770	1181705138	NA	0
3251	3	opencv	fedora-clang-libcxx	57076	10582170211	6226150	13367691	334216015	1181715327	NA	0
3252	3	opencv	fedora-clang-libcxx	57083	10582227294	6226165	13367691	334218260	1181725516	NA	0
3253	3	opencv	fedora-clang-libcxx	238290	10582465584	6226180	13367691	334226051	1181753642	NA	0
3254	3	opencv	fedora-clang-libcxx	162878	10582628462	6226195	13367691	334231990	1181781221	NA	0
3255	3	opencv	fedora-clang-libcxx	57082	10582685544	6226210	13367691	334234235	1181791418	NA	0
3256	3	opencv	fedora-clang-libcxx	208170	10582893714	6226225	13367691	334241224	1181825678	NA	0
3257	3	opencv	fedora-clang-libcxx	57108	10582950822	6226240	13367691	334243469	1181835877	NA	0
3258	3	opencv	fedora-clang-libcxx	96717	10583047539	6226255	13367691	334246999	1181852345	NA	0
3259	3	opencv	fedora-clang-libcxx	57153	10583104692	6226270	13367691	334249244	1181862547	NA	0
3260	3	opencv	fedora-clang-libcxx	57101	10583161793	6226285	13367691	334251489	1181872745	NA	0
3261	3	opencv	fedora-clang-libcxx	57108	10583218901	6226300	13367691	334253734	1181882944	NA	0
3262	3	opencv	fedora-clang-libcxx	287603	10583506504	6226315	13367691	334263184	1181918933	NA	0
3263	3	opencv	fedora-clang-libcxx	57115	10583563619	6226330	13367691	334265429	1181929132	NA	0
3264	3	opencv	fedora-clang-libcxx	57127	10583620746	6226345	13367691	334267674	1181939328	NA	0
3265	3	opencv	fedora-clang-libcxx	57075	10583677821	6226360	13367691	334269919	1181949522	NA	0
3266	3	opencv	fedora-clang-libcxx	57082	10583734903	6226375	13367691	334272164	1181959717	NA	0
3267	3	opencv	fedora-clang-libcxx	295170	10584030073	6226390	13367691	334281645	1181996238	NA	0
3268	3	opencv	fedora-clang-libcxx	57089	10584087162	6226405	13367691	334283890	1182006434	NA	0
3269	3	opencv	fedora-clang-libcxx	66194	10584153356	6226420	13367691	334286492	1182018427	NA	0
3270	3	opencv	fedora-clang-libcxx	57112	10584210468	6226435	13367691	334288737	1182028620	NA	0
3271	3	opencv	fedora-clang-libcxx	57143	10584267611	6226450	13367691	334290982	1182038815	NA	0
3272	3	opencv	fedora-clang-libcxx	57091	10584324702	6226465	13367691	334293227	1182049006	NA	0
3273	3	opencv	fedora-clang-libcxx	57098	10584381800	6226480	13367691	334295472	1182059199	NA	0
3274	3	opencv	fedora-clang-libcxx	246034	10584627834	6226495	13367691	334303621	1182089060	NA	0
3275	3	opencv	fedora-clang-libcxx	84405	10584712239	6226510	13367691	334306914	1182104148	NA	0
3276	3	opencv	fedora-clang-libcxx	231007	10584943246	6226525	13367691	334314293	1182130927	NA	0
3277	3	opencv	fedora-clang-libcxx	97414	10585040660	6226540	13367691	334317365	1182146093	NA	0
3278	3	opencv	fedora-clang-libcxx	57256	10585097916	6226555	13367691	334319615	1182156308	NA	0
3279	3	opencv	fedora-clang-libcxx	68034	10585165950	6226570	13367691	334322133	1182167810	NA	0
3280	3	opencv	fedora-clang-libcxx	57106	10585223056	6226585	13367691	334324378	1182178004	NA	0
3281	3	opencv	fedora-clang-libcxx	299708	10585522764	6226600	13367691	334332620	1182209695	NA	0
3282	3	opencv	fedora-clang-libcxx	57210	10585579974	6226615	13367691	334334870	1182219906	NA	0
3283	3	opencv	fedora-clang-libcxx	108047	10585688021	6226630	13367691	334338942	1182238491	NA	0
3284	3	opencv	fedora-clang-libcxx	57081	10585745102	6226645	13367691	334341187	1182248683	NA	0
3285	3	opencv	fedora-clang-libcxx	57112	10585802214	6226660	13367691	334343432	1182258879	NA	0
3286	3	opencv	fedora-clang-libcxx	75348	10585877562	6226675	13367691	334346344	1182272334	NA	0
3287	3	opencv	fedora-clang-libcxx	281491	10586159053	6226690	13367691	334355633	1182307484	NA	0
3288	3	opencv	fedora-clang-libcxx	75432	10586234485	6226705	13367691	334358546	1182320952	NA	0
3289	3	opencv	fedora-clang-libcxx	141973	10586376458	6226720	13367691	334364378	1182347325	NA	0
3290	3	opencv	fedora-clang-libcxx	130641	10586507099	6226735	13367691	334369760	1182371983	NA	0
3291	3	opencv	fedora-clang-libcxx	140744	10586647843	6226750	13367691	334375353	1182397498	NA	0
3292	3	opencv	fedora-clang-libcxx	184964	10586832807	6226765	13367691	334383011	1182432290	NA	0
3293	3	opencv	fedora-clang-libcxx	26312	10586859119	6226780	13367691	334384076	1182437292	NA	0
3294	3	opencv	fedora-clang-libcxx	133331	10586992450	6226795	13367691	334389387	1182463531	NA	0
3295	3	opencv	fedora-clang-libcxx	103507	10587095957	6226810	13367691	334393549	1182482979	NA	0
3296	3	opencv	fedora-clang-libcxx	179990	10587275947	6226825	13367691	334400336	1182513539	NA	0
3297	3	opencv	fedora-clang-libcxx	186058	10587462005	6226840	13367691	334408024	1182547995	NA	0
3298	3	opencv	fedora-clang-libcxx	107137	10587569142	6226855	13367691	334412458	1182568432	NA	0
3299	3	opencv	fedora-clang-libcxx	114910	10587684052	6226870	13367691	334416870	1182588641	NA	0
3300	3	opencv	fedora-clang-libcxx	216672	10587900724	6226885	13367691	334424877	1182626138	NA	0
3301	3	opencv	fedora-clang-libcxx	128406	10588029130	6226900	13367691	334430072	1182649491	NA	0
3302	3	opencv	fedora-clang-libcxx	162314	10588191444	6226915	13367691	334435848	1182676044	NA	0
3303	3	opencv	fedora-clang-libcxx	129805	10588321249	6226930	13367691	334441028	1182699683	NA	0
3304	3	opencv	fedora-clang-libcxx	123074	10588444323	6226945	13367691	334445961	1182722315	NA	0
3305	3	opencv	fedora-clang-libcxx	190575	10588634898	6226960	13367691	334453661	1182757633	NA	0
3306	3	opencv	fedora-clang-libcxx	192975	10588827873	6226975	13367691	334461143	1182792081	NA	0
3307	3	opencv	fedora-clang-libcxx	108571	10588936444	6226990	13367691	334465611	1182812676	NA	0
3308	3	opencv	fedora-clang-libcxx	127272	10589063716	6227005	13367691	334470765	1182836010	NA	0
3309	3	opencv	fedora-clang-libcxx	117351	10589181067	6227020	13367691	334475396	1182858620	NA	0
3310	3	opencv	fedora-clang-libcxx	217506	10589398573	6227035	13367691	334484429	1182899196	NA	0
3311	3	opencv	fedora-clang-libcxx	176980	10589575553	6227050	13367691	334491011	1182928936	NA	0
3312	3	opencv	fedora-clang-libcxx	185542	10589761095	6227065	13367691	334497928	1182959533	NA	0
3313	3	opencv	fedora-clang-libcxx	159973	10589921068	6227080	13367691	334504468	1182988861	NA	0
3314	3	opencv	fedora-clang-libcxx	156046	10590077114	6227095	13367691	334510847	1183017380	NA	0
3315	3	opencv	fedora-clang-libcxx	157744	10590234858	6227110	13367691	334517353	1183046575	NA	0
3316	3	opencv	fedora-clang-libcxx	83158	10590318016	6227125	13367691	334520580	1183061314	NA	0
3317	3	opencv	fedora-clang-libcxx	106653	10590424669	6227140	13367691	334524705	1183080132	NA	0
3318	3	opencv	fedora-clang-libcxx	96721	10590521390	6227155	13367691	334528349	1183096605	NA	0
3319	3	opencv	fedora-clang-libcxx	92966	10590614356	6227170	13367691	334531847	1183112405	NA	0
3320	3	opencv	fedora-clang-libcxx	62412	10590676768	6227185	13367691	334534381	1183123889	NA	0
3321	3	opencv	fedora-clang-libcxx	60897	10590737665	6227200	13367691	334536820	1183134895	NA	0
3322	3	opencv	fedora-clang-libcxx	124375	10590862040	6227215	13367691	334541627	1183157178	NA	0
3323	3	opencv	fedora-clang-libcxx	29738	10590891778	6227230	13367691	334542796	1183162983	NA	0
3324	3	opencv	fedora-clang-libcxx	41049	10590932827	6227245	13367691	334544537	1183170541	NA	0
3325	3	opencv	fedora-clang-libcxx	23170	10590955997	6227260	13367691	334545350	1183174782	NA	0
3326	3	opencv	fedora-clang-libcxx	100941	10591056938	6227275	13367691	334549227	1183192172	NA	0
3327	3	opencv	fedora-clang-libcxx	60694	10591117632	6227290	13367691	334551584	1183202669	NA	0
3328	3	opencv	fedora-clang-libcxx	66237	10591183869	6227305	13367691	334554163	1183214330	NA	0
3329	3	opencv	fedora-clang-libcxx	258370	10591442239	6227320	13367691	334564918	1183256158	NA	0
3330	3	opencv	fedora-clang-libcxx	166968	10591609207	6227335	13367691	334571490	1183283123	NA	0
3331	3	opencv	fedora-clang-libcxx	183653	10591792860	6227350	13367691	334578635	1183312103	NA	0
3332	3	opencv	fedora-clang-libcxx	444969	10592237829	6227365	13367691	334595116	1183370422	NA	0
3333	3	opencv	fedora-clang-libcxx	165991	10592403820	6227380	13367691	334601628	1183397207	NA	0
3334	3	opencv	fedora-clang-libcxx	285196	10592689016	6227395	13367691	334612703	1183441381	NA	0
3335	3	opencv	fedora-clang-libcxx	171271	10592860287	6227410	13367691	334619413	1183469134	NA	0
3336	3	opencv	fedora-clang-libcxx	171250	10593031537	6227425	13367691	334626162	1183496965	NA	0
3337	3	opencv	fedora-clang-libcxx	567712	10593599249	6227440	13367691	334647714	1183581326	NA	0
3338	3	opencv	fedora-clang-libcxx	248432	10593847681	6227455	13603592	334657606	1183621215	NA	1
3339	3	opencv	fedora-clang-libcxx	347662	10594195343	6227470	13603592	334669810	1183665698	NA	0
3340	3	opencv	fedora-clang-libcxx	176297	10594371640	6227485	13603592	334676826	1183694296	NA	0
3341	3	opencv	fedora-clang-libcxx	196334	10594567974	6227500	13603592	334684388	1183724596	NA	0
3342	3	opencv	fedora-clang-libcxx	171197	10594739171	6227515	13603592	334691217	1183752548	NA	0
3343	3	opencv	fedora-clang-libcxx	233185	10594972356	6227530	13603592	334699784	1183786728	NA	0
3344	3	opencv	fedora-clang-libcxx	596371	10595568727	6227545	13603592	334713409	1183839157	NA	0
3345	3	opencv	fedora-clang-libcxx	213159	10595781886	6227560	13603592	334721709	1183873301	NA	0
3346	3	opencv	fedora-clang-libcxx	257052	10596038938	6227575	13603592	334731628	1183914184	NA	0
3347	3	opencv	fedora-clang-libcxx	172248	10596211186	6227590	13603592	334738464	1183942193	NA	0
3348	3	opencv	fedora-clang-libcxx	166717	10596377903	6227605	13603592	334744984	1183969019	NA	0
3349	3	opencv	fedora-clang-libcxx	169292	10596547195	6227620	13603592	334751667	1183996324	NA	0
3350	3	opencv	fedora-clang-libcxx	177940	10596725135	6227635	13603592	334758511	1184024377	NA	0
3351	3	opencv	fedora-clang-libcxx	229138	10596954273	6227650	13603592	334768103	1184067144	NA	0
3352	3	opencv	fedora-clang-libcxx	179450	10597133723	6227665	13603592	334774901	1184097718	NA	0
3353	3	opencv	fedora-clang-libcxx	192256	10597325979	6227680	13603592	334782084	1184128957	NA	0
3354	3	opencv	fedora-clang-libcxx	170363	10597496342	6227695	13603592	334788306	1184157425	NA	0
3355	3	opencv	fedora-clang-libcxx	188504	10597684846	6227710	13603592	334795338	1184189021	NA	0
3356	3	opencv	fedora-clang-libcxx	252799	10597937645	6227725	13603592	334805547	1184231784	NA	0
3357	3	opencv	fedora-clang-libcxx	167336	10598104981	6227740	13603592	334811633	1184259682	NA	0
3358	3	opencv	fedora-clang-libcxx	288490	10598393471	6227755	13603592	334822699	1184304349	NA	0
3359	3	opencv	fedora-clang-libcxx	346914	10598740385	6227770	13603592	334833173	1184352347	NA	0
3360	3	opencv	fedora-clang-libcxx	203787	10598944172	6227785	13603592	334841277	1184387827	NA	0
3361	3	opencv	fedora-clang-libcxx	184057	10599128229	6227800	13603592	334848167	1184419146	NA	0
3362	3	opencv	fedora-clang-libcxx	167885	10599296114	6227815	13603592	334854279	1184447155	NA	0
3363	3	opencv	fedora-clang-libcxx	212490	10599508604	6227830	13603592	334862696	1184484042	NA	0
3364	3	opencv	fedora-clang-libcxx	177826	10599686430	6227845	13603592	334869183	1184513326	NA	0
3365	3	opencv	fedora-clang-libcxx	224313	10599910743	6227860	13603592	334878013	1184551904	NA	0
3366	3	opencv	fedora-clang-libcxx	168076	10600078819	6227875	13603592	334884056	1184579620	NA	0
3367	3	opencv	fedora-clang-libcxx	2031635	10602110454	6227890	13603592	334932162	1184732348	NA	0
3368	3	opencv	fedora-clang-libcxx	3587059	10605697513	6227905	13603592	335038698	1185122491	NA	0
3369	3	opencv	fedora-clang-libcxx	3312942	10609010455	6227920	13603592	335135247	1185471725	NA	0
3370	3	opencv	fedora-clang-libcxx	3600716	10612611171	6227935	13603592	335242527	1185864709	NA	0
3371	3	opencv	fedora-clang-libcxx	3897895	10616509066	6227950	13603592	335356535	1186285444	NA	0
3372	3	opencv	fedora-clang-libcxx	3914347	10620423413	6227965	13603592	335472528	1186711344	NA	0
3373	3	opencv	fedora-clang-libcxx	3610937	10624034350	6227980	13603592	335580061	1187105638	NA	0
3374	3	opencv	fedora-clang-libcxx	3403267	10627437617	6227995	13603592	335680605	1187469680	NA	0
3375	3	opencv	fedora-clang-libcxx	264	10627437881	6228010	13603592	335680627	1187469810	NA	0
3376	3	opencv	fedora-clang-libcxx	3282740	10630720621	6228025	13603592	335776041	1187813983	NA	0
3377	3	opencv	fedora-clang-libcxx	3264632	10633985253	6228040	13603592	335870193	1188155448	NA	0
3378	3	opencv	fedora-clang-libcxx	3335641	10637320894	6228055	13603592	335969307	1188508321	NA	0
3379	3	opencv	fedora-clang-libcxx	3303333	10640624227	6228070	13603592	336065199	1188854909	NA	0
3380	3	opencv	fedora-clang-libcxx	3715690	10644339917	6228085	13603592	336174718	1189258185	NA	0
3381	3	opencv	fedora-clang-libcxx	3813725	10648153642	6228100	13603592	336288404	1189678256	NA	0
3382	3	opencv	fedora-clang-libcxx	3608341	10651761983	6228115	13603592	336396334	1190072348	NA	0
3383	3	opencv	fedora-clang-libcxx	3462900	10655224883	6228130	13603592	336498727	1190445103	NA	0
3384	3	opencv	fedora-clang-libcxx	3471411	10658696294	6228145	13603592	336601463	1190819358	NA	0
3385	3	opencv	fedora-clang-libcxx	3273470	10661969764	6228160	13603592	336695804	1191162310	NA	0
3386	3	opencv	fedora-clang-libcxx	3340134	10665309898	6228175	13603592	336792725	1191514295	NA	0
3387	3	opencv	fedora-clang-libcxx	3322519	10668632417	6228190	13603592	336888775	1191862656	NA	0
3388	3	opencv	fedora-clang-libcxx	3021715	10671654132	6228205	13603592	336979505	1192181875	NA	0
3389	3	opencv	fedora-clang-libcxx	3030267	10674684399	6228220	13603592	337069783	1192502662	NA	0
3390	3	opencv	fedora-clang-libcxx	3267064	10677951463	6228235	13603592	337163972	1192844225	NA	0
3391	3	opencv	fedora-clang-libcxx	3306718	10681258181	6228250	13603592	337258067	1193185451	NA	0
3392	3	opencv	fedora-clang-libcxx	3353749	10684611930	6228265	13603592	337355715	1193540557	NA	0
3393	3	opencv	fedora-clang-libcxx	3593756	10688205686	6228280	13603592	337462353	1193930603	NA	0
3394	3	opencv	fedora-clang-libcxx	3730730	10691936416	6228295	13603592	337575644	1194344426	NA	0
3395	3	opencv	fedora-clang-libcxx	4822938	10696759354	6228310	13603592	337723724	1194883096	NA	0
3396	3	opencv	fedora-clang-libcxx	4990330	10701749684	6228325	13603592	337869384	1195396881	NA	0
3397	3	opencv	fedora-clang-libcxx	4527075	10706276759	6228340	13603592	338004716	1195886092	NA	0
3398	3	opencv	fedora-clang-libcxx	4576215	10710852974	6228355	13603592	338141670	1196380946	NA	0
3399	3	opencv	fedora-clang-libcxx	4511816	10715364790	6228370	13603592	338276039	1196865637	NA	0
3400	3	opencv	fedora-clang-libcxx	4686317	10720051107	6228385	13603592	338415327	1197371631	NA	0
3401	3	opencv	fedora-clang-libcxx	3318821	10723369928	6228400	13603592	338512248	1197723316	NA	0
3402	3	opencv	fedora-clang-libcxx	3959147	10727329075	6228415	13603592	338632352	1198162546	NA	0
3403	3	opencv	fedora-clang-libcxx	4600533	10731929608	6228430	13603592	338770133	1198659251	NA	0
3404	3	opencv	fedora-clang-libcxx	4536888	10736466496	6228445	13603592	338905437	1199147512	NA	0
3405	3	opencv	fedora-clang-libcxx	3292276	10739758772	6228460	13603592	339000622	1199492764	NA	0
3406	3	opencv	fedora-clang-libcxx	4676123	10744434895	6228475	13603592	339141801	1200004426	NA	0
3407	3	opencv	fedora-clang-libcxx	3849464	10748284359	6228490	13603592	339258640	1200432363	NA	0
3408	3	opencv	fedora-clang-libcxx	4638545	10752922904	6228505	13603592	339397199	1200934592	NA	0
3409	3	opencv	fedora-clang-libcxx	4113761	10757036665	6228520	13603592	339524230	1201403805	NA	0
3410	3	opencv	fedora-clang-libcxx	4121779	10761158444	6228535	13603592	339651699	1201874870	NA	0
3411	3	opencv	fedora-clang-libcxx	4191010	10765349454	6228550	13603592	339781169	1202355590	NA	0
3412	3	opencv	fedora-clang-libcxx	4331436	10769680890	6228565	13603592	339909854	1202836071	NA	0
3413	3	opencv	fedora-clang-libcxx	4217447	10773898337	6228580	13603592	340040925	1203321743	NA	0
3414	3	opencv	fedora-clang-libcxx	4206713	10778105050	6228595	13603592	340170869	1203802227	NA	0
3415	3	opencv	fedora-clang-libcxx	4123534	10782228584	6228610	13603592	340298233	1204273403	NA	0
3416	3	opencv	fedora-clang-libcxx	4221443	10786450027	6228625	13603592	340428659	1204756370	NA	0
3417	3	opencv	fedora-clang-libcxx	3644577	10790094604	6228640	13603592	340540572	1205161224	NA	0
3418	3	opencv	fedora-clang-libcxx	4135410	10794230014	6228655	13603592	340668367	1205634314	NA	0
3419	3	opencv	fedora-clang-libcxx	4117206	10798347220	6228670	13603592	340795421	1206104176	NA	0
3420	3	opencv	fedora-clang-libcxx	4124963	10802472183	6228685	13603592	340923043	1206576241	NA	0
3421	3	opencv	fedora-clang-libcxx	4116534	10806588717	6228700	13603592	341050302	1207046467	NA	0
3422	3	opencv	fedora-clang-libcxx	4182807	10810771524	6228715	13603592	341178352	1207521759	NA	0
3423	3	opencv	fedora-clang-libcxx	4116103	10814887627	6228730	13603592	341305407	1207991548	NA	0
3424	3	opencv	fedora-clang-libcxx	4156225	10819043852	6228745	13603592	341433357	1208464612	NA	0
3425	3	opencv	fedora-clang-libcxx	4154268	10823198120	6228760	13603592	341561957	1208941709	NA	0
3426	3	opencv	fedora-clang-libcxx	4124935	10827323055	6228775	13603592	341689451	1209413593	NA	0
3427	3	opencv	fedora-clang-libcxx	4121845	10831444900	6228790	13603592	341816935	1209884686	NA	0
3428	3	opencv	fedora-clang-libcxx	4115219	10835560119	6228805	13603592	341944000	1210354603	NA	0
3429	3	opencv	fedora-clang-libcxx	4269531	10839829650	6228820	13603592	342074895	1210838719	NA	0
3430	3	opencv	fedora-clang-libcxx	4117054	10843946704	6228835	13603592	342202121	1211308289	NA	0
3431	3	opencv	fedora-clang-libcxx	4113065	10848059769	6228850	13603592	342329284	1211777581	NA	0
3432	3	opencv	fedora-clang-libcxx	4217373	10852277142	6228865	13603592	342461128	1212265038	NA	0
3433	3	opencv	fedora-clang-libcxx	4118013	10856395155	6228880	13603592	342588378	1212734756	NA	0
3434	3	opencv	fedora-clang-libcxx	4121749	10860516904	6228895	13603592	342715876	1213205951	NA	0
3435	3	opencv	fedora-clang-libcxx	4380574	10864897478	6228910	13603592	342851552	1213715027	NA	0
3436	3	opencv	fedora-clang-libcxx	4277751	10869175229	6228925	13603592	342984855	1214211103	NA	0
3437	3	opencv	fedora-clang-libcxx	4129534	10873304763	6228940	13603592	343112879	1214683884	NA	0
3438	3	opencv	fedora-clang-libcxx	4110194	10877414957	6228955	13603592	343239842	1215152670	NA	0
3439	3	opencv	fedora-clang-libcxx	4124029	10881538986	6228970	13603592	343367196	1215623550	NA	0
3440	3	opencv	fedora-clang-libcxx	4126849	10885665835	6228985	13603592	343494898	1216096115	NA	0
3441	3	opencv	fedora-clang-libcxx	4178984	10889844819	6229000	13603592	343624287	1216576933	NA	0
3442	3	opencv	fedora-clang-libcxx	4343400	10894188219	6229015	13603592	343757419	1217070307	NA	0
3443	3	opencv	fedora-clang-libcxx	4193680	10898381899	6229030	13603592	343887472	1217550929	NA	0
3444	3	opencv	fedora-clang-libcxx	4120510	10902502409	6229045	13603592	344014955	1218022042	NA	0
3445	3	opencv	fedora-clang-libcxx	4128862	10906631271	6229060	13603592	344142634	1218494183	NA	0
3446	3	opencv	fedora-clang-libcxx	4113516	10910744787	6229075	13603592	344269613	1218963631	NA	0
3447	3	opencv	fedora-clang-libcxx	4195409	10914940196	6229090	13603592	344399551	1219453961	NA	0
3448	3	opencv	fedora-clang-libcxx	4171593	10919111789	6229105	13603592	344528122	1219930666	NA	0
3449	3	opencv	fedora-clang-libcxx	4287009	10923398798	6229120	13603592	344660942	1220425058	NA	0
3450	3	opencv	fedora-clang-libcxx	4159459	10927558257	6229135	14228558	344789772	1220903197	NA	1
3451	3	opencv	fedora-clang-libcxx	4126069	10931684326	6229150	14228558	344917232	1221375570	NA	0
3452	3	opencv	fedora-clang-libcxx	4122109	10935806435	6229165	14228558	345044526	1221846331	NA	0
3453	3	opencv	fedora-clang-libcxx	4179315	10939985750	6229180	14228558	345173476	1222323481	NA	0
3454	3	opencv	fedora-clang-libcxx	4119124	10944104874	6229195	14228558	345300899	1222794386	NA	0
3455	3	opencv	fedora-clang-libcxx	4143744	10948248618	6229210	14228558	345428986	1223268627	NA	0
3456	3	opencv	fedora-clang-libcxx	4139947	10952388565	6229225	14228558	345557056	1223742598	NA	0
3457	3	opencv	fedora-clang-libcxx	4177788	10956566353	6229240	14228558	345686432	1224222553	NA	0
3458	3	opencv	fedora-clang-libcxx	4247096	10960813449	6229255	14228558	345815341	1224702083	NA	0
3459	3	opencv	fedora-clang-libcxx	4147784	10964961233	6229270	14228558	345943574	1225176866	NA	0
3460	3	opencv	fedora-clang-libcxx	4127756	10969088989	6229285	14228558	346070991	1225648569	NA	0
3461	3	opencv	fedora-clang-libcxx	4143109	10973232098	6229300	14228558	346199222	1226123972	NA	0
3462	3	opencv	fedora-clang-libcxx	4246350	10977478448	6229315	14228558	346329662	1226607997	NA	0
3463	3	opencv	fedora-clang-libcxx	4128617	10981607065	6229330	14228558	346457387	1227079639	NA	0
3464	3	opencv	fedora-clang-libcxx	4111917	10985718982	6229345	14228558	346584350	1227548483	NA	0
3465	3	opencv	fedora-clang-libcxx	4111913	10989830895	6229360	14228558	346711313	1228017356	NA	0
3466	3	opencv	fedora-clang-libcxx	4111909	10993942804	6229375	14228558	346838276	1228486230	NA	0
3467	3	opencv	fedora-clang-libcxx	4121552	10998064356	6229390	14228558	346965718	1228956532	NA	0
3468	3	opencv	fedora-clang-libcxx	4122491	11002186847	6229405	14228558	347093232	1229427590	NA	0
3469	3	opencv	fedora-clang-libcxx	4116208	11006303055	6229420	14228558	347220508	1229897578	NA	0
3470	3	opencv	fedora-clang-libcxx	4308681	11010611736	6229435	14228558	347355191	1230395679	NA	0
3471	3	opencv	fedora-clang-libcxx	4184614	11014796350	6229450	14228558	347483830	1230873579	NA	0
3472	3	opencv	fedora-clang-libcxx	4111118	11018907468	6229465	14228558	347610683	1231342386	NA	0
3473	3	opencv	fedora-clang-libcxx	4113228	11023020696	6229480	14228558	347737635	1231811654	NA	0
3474	3	opencv	fedora-clang-libcxx	5994991	11029015687	6229495	14228558	347908486	1232413959	NA	0
3475	3	opencv	fedora-clang-libcxx	4123522	11033139209	6229510	14228558	348035871	1232884790	NA	0
3476	3	opencv	fedora-clang-libcxx	4258376	11037397585	6229525	14228558	348170370	1233384784	NA	0
3477	3	opencv	fedora-clang-libcxx	4171609	11041569194	6229540	14228558	348300933	1233867133	NA	0
3478	3	opencv	fedora-clang-libcxx	4181110	11045750304	6229555	14228558	348431534	1234349815	NA	0
3479	3	opencv	fedora-clang-libcxx	4161098	11049911402	6229570	14228558	348561392	1234829450	NA	0
3480	3	opencv	fedora-clang-libcxx	4185693	11054097095	6229585	14228558	348692244	1235313485	NA	0
3481	3	opencv	fedora-clang-libcxx	4181365	11058278460	6229600	14228558	348823064	1235797164	NA	0
3482	3	opencv	fedora-clang-libcxx	4137443	11062415903	6229615	14228558	348951215	1236271868	NA	0
3483	3	opencv	fedora-clang-libcxx	4174712	11066590615	6229630	14228558	349080279	1236748405	NA	0
3484	3	opencv	fedora-clang-libcxx	4230836	11070821451	6229645	14228558	349213016	1237240871	NA	0
3485	3	opencv	fedora-clang-libcxx	4127202	11074948653	6229660	14228558	349340425	1237712485	NA	0
3486	3	opencv	fedora-clang-libcxx	4116282	11079064935	6229675	14228558	349467474	1238182010	NA	0
3487	3	opencv	fedora-clang-libcxx	4114033	11083178968	6229690	14228558	349594489	1238651572	NA	0
3488	3	opencv	fedora-clang-libcxx	4110158	11087289126	6229705	14228558	349721452	1239120351	NA	0
3489	3	opencv	fedora-clang-libcxx	4132395	11091421521	6229720	14228558	349849058	1239592737	NA	0
3490	3	opencv	fedora-clang-libcxx	4289246	11095710767	6229735	14228558	349984524	1240094370	NA	0
3491	3	opencv	fedora-clang-libcxx	4120086	11099830853	6229750	14228558	350111771	1240566104	NA	0
3492	3	opencv	fedora-clang-libcxx	4219559	11104050412	6229765	14228558	350242941	1241051109	NA	0
3493	3	opencv	fedora-clang-libcxx	4116638	11108167050	6229780	14228558	350370208	1241521658	NA	0
3494	3	opencv	fedora-clang-libcxx	4154601	11112321651	6229795	14228558	350499252	1241999582	NA	0
3495	3	opencv	fedora-clang-libcxx	4222755	11116544406	6229810	14228558	350629321	1242481139	NA	0
3496	3	opencv	fedora-clang-libcxx	4184424	11120728830	6229825	14228558	350759700	1242962944	NA	0
3497	3	opencv	fedora-clang-libcxx	4121934	11124850764	6229840	14228558	350887143	1243433975	NA	0
3498	3	opencv	fedora-clang-libcxx	4135273	11128986037	6229855	14228558	351015038	1243907547	NA	0
3499	3	opencv	fedora-clang-libcxx	4121517	11133107554	6229870	14228558	351142280	1244378306	NA	0
3500	3	opencv	fedora-clang-libcxx	4115835	11137223389	6229885	14228558	351269394	1244847976	NA	0
3501	3	opencv	fedora-clang-libcxx	3654974	11140878363	6229900	14228558	351382671	1245254505	NA	0
3502	3	opencv	fedora-clang-libcxx	4239621	11145117984	6229915	14228558	351511871	1245733127	NA	0
3503	3	opencv	fedora-clang-libcxx	4232298	11149350282	6229930	14228558	351643301	1246219011	NA	0
3504	3	opencv	fedora-clang-libcxx	4154364	11153504646	6229945	14228558	351771627	1246693090	NA	0
3505	3	opencv	fedora-clang-libcxx	4239094	11157743740	6229960	14228558	351901845	1247174186	NA	0
3506	3	opencv	fedora-clang-libcxx	4140363	11161884103	6229975	14228558	352029605	1247645459	NA	0
3507	3	opencv	fedora-clang-libcxx	5869717	11167753820	6229990	14228558	352200235	1248233637	NA	0
3508	3	opencv	fedora-clang-libcxx	5934619	11173688439	6230005	14228558	352372118	1248826035	NA	0
3509	3	opencv	fedora-clang-libcxx	6082140	11179770579	6230020	14228558	352546798	1249438079	NA	0
3510	3	opencv	fedora-clang-libcxx	6047082	11185817661	6230035	14228558	352720344	1250044328	NA	0
3511	3	opencv	fedora-clang-libcxx	6150526	11191968187	6230050	14228558	352895334	1250657853	NA	0
3512	3	opencv	fedora-clang-libcxx	6108511	11198076698	6230065	14228558	353069538	1251268113	NA	0
3513	3	opencv	fedora-clang-libcxx	6085132	11204161830	6230080	14228558	353243723	1251876851	NA	0
3514	3	opencv	fedora-clang-libcxx	6051519	11210213349	6230095	14228558	353417484	1252484110	NA	0
3515	3	opencv	fedora-clang-libcxx	6052832	11216266181	6230110	14228558	353591172	1253090502	NA	0
3516	3	opencv	fedora-clang-libcxx	6141759	11222407940	6230125	14228558	353768398	1253711566	NA	0
3517	3	opencv	fedora-clang-libcxx	6068629	11228476569	6230140	14228558	353942648	1254320954	NA	0
3518	3	opencv	fedora-clang-libcxx	6051029	11234527598	6230155	14228558	354116280	1254927637	NA	0
3519	3	opencv	fedora-clang-libcxx	6060948	11240588546	6230170	14228558	354290330	1255536554	NA	0
3520	3	opencv	fedora-clang-libcxx	6051421	11246639967	6230185	14228558	354463979	1256143323	NA	0
3521	3	opencv	fedora-clang-libcxx	6060067	11252700034	6230200	14228558	354637893	1256751229	NA	0
3522	3	opencv	fedora-clang-libcxx	6147962	11258847996	6230215	14228558	354814408	1257368200	NA	0
3523	3	opencv	fedora-clang-libcxx	6147042	11264995038	6230230	14228558	354990336	1257984297	NA	0
3524	3	opencv	fedora-clang-libcxx	6304423	11271299461	6230245	14228558	355167562	1258615872	NA	0
3525	3	opencv	fedora-clang-libcxx	6310340	11277609801	6230260	14228558	355345078	1259248887	NA	0
3526	3	opencv	fedora-clang-libcxx	6399100	11284008901	6230275	14228558	355526046	1259895715	NA	0
3527	3	opencv	fedora-clang-libcxx	6325970	11290334871	6230290	14228558	355704000	1260530431	NA	0
3528	3	opencv	fedora-clang-libcxx	6318289	11296653160	6230305	14228558	355881742	1261165073	NA	0
3529	3	opencv	fedora-clang-libcxx	6317408	11302970568	6230320	14228558	356059333	1261798451	NA	0
3530	3	opencv	fedora-clang-libcxx	6404383	11309374951	6230335	14228558	356238974	1262439857	NA	0
3531	3	opencv	fedora-clang-libcxx	4881220	11314256171	6230350	14228558	356388445	1262986932	NA	0
3532	3	opencv	fedora-clang-libcxx	4881228	11319137399	6230365	14228558	356537916	1263534069	NA	0
3533	3	opencv	fedora-clang-libcxx	4881208	11324018607	6230380	14228558	356687387	1264081112	NA	0
3534	3	opencv	fedora-clang-libcxx	4881212	11328899819	6230395	14228558	356836858	1264628199	NA	0
3535	3	opencv	fedora-clang-libcxx	4881163	11333780982	6230410	14228558	356986310	1265175219	NA	0
3536	3	opencv	fedora-clang-libcxx	4881175	11338662157	6230425	14228558	357135762	1265722211	NA	0
3537	3	opencv	fedora-clang-libcxx	4881260	11343543417	6230440	14228558	357285233	1266269327	NA	0
3538	3	opencv	fedora-clang-libcxx	4925223	11348468640	6230455	14228558	357435182	1266820695	NA	0
3539	3	opencv	fedora-clang-libcxx	4891625	11353360265	6230470	14228558	357584871	1267369512	NA	0
3540	3	opencv	fedora-clang-libcxx	5274193	11358634458	6230485	14228558	357738949	1267950081	NA	0
3541	3	opencv	fedora-clang-libcxx	4989983	11363624441	6230500	14228558	357891445	1268511131	NA	0
3542	3	opencv	fedora-clang-libcxx	4895627	11368520068	6230515	14228558	358040976	1269059324	NA	0
3543	3	opencv	fedora-clang-libcxx	4885839	11373405907	6230530	14228558	358190539	1269607555	NA	0
3544	3	opencv	fedora-clang-libcxx	4899592	11378305499	6230545	14228558	358340387	1270157824	NA	0
3545	3	opencv	fedora-clang-libcxx	222	11378305721	6230560	14228558	358340409	1270157941	NA	0
3546	3	opencv	fedora-clang-libcxx	4886990	11383192711	6230575	14228558	358489980	1270706288	NA	0
3547	3	opencv	fedora-clang-libcxx	4982905	11388175616	6230590	14228558	358642184	1271269184	NA	0
3548	3	opencv	fedora-clang-libcxx	4926306	11393101922	6230605	14228558	358793082	1271823805	NA	0
3549	3	opencv	fedora-clang-libcxx	4933448	11398035370	6230620	14228558	358943219	1272376692	NA	0
3550	3	opencv	fedora-clang-libcxx	4892467	11402927837	6230635	14228558	359092909	1272925711	NA	0
3551	3	opencv	fedora-clang-libcxx	4905097	11407832934	6230650	14228558	359242564	1273475333	NA	0
3552	3	opencv	fedora-clang-libcxx	5621561	11413454495	6230665	14228558	359405052	1274079055	NA	0
3553	3	opencv	fedora-clang-libcxx	5179932	11418634427	6230680	14228558	359564360	1274655488	NA	0
3554	3	opencv	fedora-clang-libcxx	5253010	11423887437	6230695	14228558	359716980	1275231123	NA	0
3555	3	opencv	fedora-clang-libcxx	4905299	11428792736	6230710	14228558	359866729	1275780429	NA	0
3556	3	opencv	fedora-clang-libcxx	5349593	11434142329	6230725	14228558	360031242	1276382539	NA	0
3557	3	opencv	fedora-clang-libcxx	5333954	11439476283	6230740	14228558	360196493	1276987390	NA	0
3558	3	opencv	fedora-clang-libcxx	4904710	11444380993	6230755	14228558	360346099	1277536790	NA	0
3559	3	opencv	fedora-clang-libcxx	4882315	11449263308	6230770	14228558	360495559	1278084136	NA	0
3560	3	opencv	fedora-clang-libcxx	5311109	11454574417	6230785	14228558	360655082	1278670855	NA	0
3561	3	opencv	fedora-clang-libcxx	5278685	11459853102	6230800	14590247	360815182	1279256878	NA	1
3562	3	opencv	fedora-clang-libcxx	5126730	11464979832	6230815	14590247	360967929	1279825281	NA	0
3563	3	opencv	fedora-clang-libcxx	4910576	11469890408	6230830	14590247	361117632	1280375226	NA	0
3564	3	opencv	fedora-clang-libcxx	5006743	11474897151	6230845	14590247	361269798	1280940312	NA	0
3565	3	opencv	fedora-clang-libcxx	4944508	11479841659	6230860	14590247	361419714	1281491316	NA	0
3566	3	opencv	fedora-clang-libcxx	5152775	11484994434	6230875	14590247	361579650	1282072222	NA	0
3567	3	opencv	fedora-clang-libcxx	4908077	11489902511	6230890	14590247	361729819	1282624547	NA	0
3568	3	opencv	fedora-clang-libcxx	4885611	11494788122	6230905	14590247	361879395	1283172723	NA	0
3569	3	opencv	fedora-clang-libcxx	5097377	11499885499	6230920	14590247	362030665	1283736870	NA	0
3570	3	opencv	fedora-clang-libcxx	5136673	11505022172	6230935	14590247	362183834	1284304575	NA	0
3571	3	opencv	fedora-clang-libcxx	5299686	11510321858	6230950	14590247	362346076	1284898573	NA	0
3572	3	opencv	fedora-clang-libcxx	5299686	11515621544	6230965	14590247	362508318	1285492568	NA	0
3573	3	opencv	fedora-clang-libcxx	5318322	11520939866	6230980	14590247	362670841	1286087724	NA	0
3574	3	opencv	fedora-clang-libcxx	5318333	11526258199	6230995	14590247	362833364	1286682884	NA	0
3575	3	opencv	fedora-clang-libcxx	5318473	11531576672	6231010	14590247	362995949	1287278086	NA	0
3576	3	opencv	fedora-clang-libcxx	7012494	11538589166	6231025	14590247	363193758	1287985338	NA	0
3577	3	opencv	fedora-clang-libcxx	7010915	11545600081	6231040	14590247	363391514	1288691949	NA	0
3578	3	opencv	fedora-clang-libcxx	7224841	11552824922	6231055	14590247	363593251	1289422576	NA	0
3579	3	opencv	fedora-clang-libcxx	7223384	11560048306	6231070	14590247	363794967	1290153141	NA	0
3580	3	opencv	fedora-clang-libcxx	7475884	11567524190	6231085	14590247	364000310	1290908508	NA	0
3581	3	opencv	fedora-clang-libcxx	7474427	11574998617	6231100	14590247	364205627	1291663795	NA	0
3582	3	opencv	fedora-clang-libcxx	7479519	11582478136	6231115	14590247	364411039	1292419453	NA	0
3583	3	opencv	fedora-clang-libcxx	4768384	11587246520	6231130	14590247	364556084	1292942025	NA	0
3584	3	opencv	fedora-clang-libcxx	4877420	11592123940	6231145	14590247	364706438	1293487120	NA	0
3585	3	opencv	fedora-clang-libcxx	4877371	11597001311	6231160	14590247	364856760	1294032239	NA	0
3586	3	opencv	fedora-clang-libcxx	4877430	11601878741	6231175	14590247	365007114	1294577304	NA	0
3587	3	opencv	fedora-clang-libcxx	4877405	11606756146	6231190	14590247	365157468	1295122347	NA	0
3588	3	opencv	fedora-clang-libcxx	4877410	11611633556	6231205	14590247	365307821	1295667388	NA	0
3589	3	opencv	fedora-clang-libcxx	4877353	11616510909	6231220	14590247	365458143	1296212443	NA	0
3590	3	opencv	fedora-clang-libcxx	4877375	11621388284	6231235	14590247	365608465	1296757624	NA	0
3591	3	opencv	fedora-clang-libcxx	4771845	11626160129	6231250	14590247	365753513	1297281049	NA	0
3592	3	opencv	fedora-clang-libcxx	4772745	11630932874	6231265	14590247	365898590	1297804698	NA	0
3593	3	opencv	fedora-clang-libcxx	4773494	11635706368	6231280	14590247	366043662	1298328411	NA	0
3594	3	opencv	fedora-clang-libcxx	4897374	11640603742	6231295	14590247	366190031	1298861451	NA	0
3595	3	opencv	fedora-clang-libcxx	4784179	11645387921	6231310	14590247	366335104	1299385526	NA	0
3596	3	opencv	fedora-clang-libcxx	4778128	11650166049	6231325	14590247	366480183	1299909428	NA	0
3597	3	opencv	fedora-clang-libcxx	4773571	11654939620	6231340	14590247	366625254	1300433107	NA	0
3598	3	opencv	fedora-clang-libcxx	4790570	11659730190	6231355	14590247	366770294	1300957615	NA	0
3599	3	opencv	fedora-clang-libcxx	4778808	11664508998	6231370	14590247	366915391	1301481641	NA	0
3600	3	opencv	fedora-clang-libcxx	4772167	11669281165	6231385	14590247	367060451	1302005138	NA	0
3601	3	opencv	fedora-clang-libcxx	4773608	11674054773	6231400	14590247	367205520	1302528766	NA	0
3602	3	opencv	fedora-clang-libcxx	4790073	11678844846	6231415	14590247	367350626	1303053688	NA	0
3603	3	opencv	fedora-clang-libcxx	4772254	11683617100	6231430	14590247	367495677	1303577126	NA	0
3604	3	opencv	fedora-clang-libcxx	4777812	11688394912	6231445	14590247	367640777	1304101013	NA	0
3605	3	opencv	fedora-clang-libcxx	4775116	11693170028	6231460	14590247	367785845	1304624650	NA	0
3606	3	opencv	fedora-clang-libcxx	4769724	11697939752	6231475	14590247	367930868	1305147551	NA	0
3607	3	opencv	fedora-clang-libcxx	4797281	11702737033	6231490	14590247	368076045	1305672986	NA	0
3608	3	opencv	fedora-clang-libcxx	4814239	11707551272	6231505	14590247	368221525	1306200516	NA	0
3609	3	opencv	fedora-clang-libcxx	4772734	11712324006	6231520	14590247	368366600	1306724094	NA	0
3610	3	opencv	fedora-clang-libcxx	4772542	11717096548	6231535	14590247	368511669	1307247648	NA	0
3611	3	opencv	fedora-clang-libcxx	4822630	11721919178	6231550	14590247	368656912	1307774606	NA	0
3612	3	opencv	fedora-clang-libcxx	4782402	11726701580	6231565	14590247	368802029	1308298874	NA	0
3613	3	opencv	fedora-clang-libcxx	4775889	11731477469	6231580	14590247	368947095	1308822614	NA	0
3614	3	opencv	fedora-clang-libcxx	4776424	11736253893	6231595	14590247	369092186	1309346437	NA	0
3615	3	opencv	fedora-clang-libcxx	4795235	11741049128	6231610	14590247	369237326	1309871533	NA	0
3616	3	opencv	fedora-clang-libcxx	4882968	11745932096	6231625	14590247	369387728	1310417844	NA	0
3617	3	opencv	fedora-clang-libcxx	4124937	11750057033	6231640	14590247	369513974	1310884973	NA	0
3618	3	opencv	fedora-clang-libcxx	4128112	11754185145	6231655	14590247	369640687	1311353472	NA	0
3619	3	opencv	fedora-clang-libcxx	5127953	11759313098	6231670	14590247	369802885	1311931111	NA	0
3620	3	opencv	fedora-clang-libcxx	5048224	11764361322	6231685	14590247	369962869	1312499327	NA	0
3621	3	opencv	fedora-clang-libcxx	5042674	11769403996	6231700	14590247	370122732	1313066583	NA	0
3622	3	opencv	fedora-clang-libcxx	5049876	11774453872	6231715	14590247	370282790	1313636258	NA	0
3623	3	opencv	fedora-clang-libcxx	4233083	11778686955	6231730	14590247	370413641	1314120854	NA	0
3624	3	opencv	fedora-clang-libcxx	4379032	11783065987	6231745	14590247	370547843	1314618083	NA	0
3625	3	opencv	fedora-clang-libcxx	3994393	11787060380	6231760	14590247	370674048	1315076936	NA	0
3626	3	opencv	fedora-clang-libcxx	4245713	11791306093	6231775	14590247	370806053	1315566534	NA	0
3627	3	opencv	fedora-clang-libcxx	4209619	11795515712	6231790	14590247	370937031	1316051647	NA	0
3628	3	opencv	fedora-clang-libcxx	4263773	11799779485	6231805	14590247	371069490	1316542889	NA	0
3629	3	opencv	fedora-clang-libcxx	4220605	11804000090	6231820	14590247	371200894	1317030378	NA	0
3630	3	opencv	fedora-clang-libcxx	3972812	11807972902	6231835	14590247	371326098	1317484860	NA	0
3631	3	opencv	fedora-clang-libcxx	3987919	11811960821	6231850	14590247	371451759	1317941178	NA	0
3632	3	opencv	fedora-clang-libcxx	4267681	11816228502	6231865	14590247	371585184	1318436222	NA	0
3633	3	opencv	fedora-clang-libcxx	4372099	11820600601	6231880	14590247	371722083	1318948895	NA	0
3634	3	opencv	fedora-clang-libcxx	4275279	11824875880	6231895	14590247	371855089	1319442009	NA	0
3635	3	opencv	fedora-clang-libcxx	4322303	11829198183	6231910	14590247	371989675	1319942421	NA	0
3636	3	opencv	fedora-clang-libcxx	4143484	11833341667	6231925	14590247	372115244	1320440474	NA	0
3637	3	opencv	fedora-clang-libcxx	4445181	11837786848	6231940	14590247	372247864	1320925091	NA	0
3638	3	opencv	fedora-clang-libcxx	4248852	11842035700	6231955	14590247	372380575	1321417066	NA	0
3639	3	opencv	fedora-clang-libcxx	3983094	11846018794	6231970	14590247	372505665	1321874105	NA	0
3640	3	opencv	fedora-clang-libcxx	4132919	11850151713	6231985	14590247	372634948	1322343876	NA	0
3641	3	opencv	fedora-clang-libcxx	4218233	11854369946	6232000	14590247	372766705	1322831771	NA	0
3642	3	opencv	fedora-clang-libcxx	4391725	11858761671	6232015	14590247	372902809	1323337732	NA	0
3643	3	opencv	fedora-clang-libcxx	4380666	11863142337	6232030	14590247	373038685	1323842359	NA	0
3644	3	opencv	fedora-clang-libcxx	3990511	11867132848	6232045	14590247	373164635	1324300367	NA	0
3645	3	opencv	fedora-clang-libcxx	4208520	11871341368	6232060	14590247	373295660	1324785729	NA	0
3646	3	opencv	fedora-clang-libcxx	3965706	11875307074	6232075	14590247	373420494	1325238664	NA	0
3647	3	opencv	fedora-clang-libcxx	4252495	11879559569	6232090	14590247	373553077	1325730440	NA	0
3648	3	opencv	fedora-clang-libcxx	3976359	11883535928	6232105	14590247	373678272	1326184911	NA	0
3649	3	opencv	fedora-clang-libcxx	3988467	11887524395	6232120	14590247	373804062	1326641560	NA	0
3650	3	opencv	fedora-clang-libcxx	4072984	11891597379	6232135	14590247	373932876	1327114113	NA	0
3651	3	opencv	fedora-clang-libcxx	3992146	11895589525	6232150	14590247	374059236	1327572150	NA	0
3652	3	opencv	fedora-clang-libcxx	3987702	11899577227	6232165	14590247	374185277	1328029521	NA	0
3653	3	opencv	fedora-clang-libcxx	4193754	11903770981	6232180	14590247	374315810	1328512067	NA	0
3654	3	opencv	fedora-clang-libcxx	3970638	11907741619	6232195	14590247	374440888	1328965715	NA	0
3655	3	opencv	fedora-clang-libcxx	4413645	11912155264	6232210	14590247	374577688	1329476471	NA	0
3656	3	opencv	fedora-clang-libcxx	3981923	11916137187	6232225	14590247	374703212	1329932353	NA	0
3657	3	opencv	fedora-clang-libcxx	3961704	11920098891	6232240	14590247	374827901	1330384152	NA	0
3658	3	opencv	fedora-clang-libcxx	3997497	11924096388	6232255	14590247	374953831	1330842073	NA	0
3659	3	opencv	fedora-clang-libcxx	4217025	11928313413	6232270	14590247	375085534	1331330292	NA	0
3660	3	opencv	fedora-clang-libcxx	3990303	11932303716	6232285	14590247	375211536	1331787878	NA	0
3661	3	opencv	fedora-clang-libcxx	4058195	11936361911	6232300	14590247	375339931	1332274201	NA	0
3662	3	opencv	fedora-clang-libcxx	4310092	11940672003	6232315	14590247	375474631	1332775153	NA	0
3663	3	opencv	fedora-clang-libcxx	4270259	11944942262	6232330	14590247	375608562	1333275367	NA	0
3664	3	opencv	fedora-clang-libcxx	4367553	11949309815	6232345	14590247	375744234	1333783491	NA	0
3665	3	opencv	fedora-clang-libcxx	4004216	11953314031	6232360	14590247	375870163	1334241693	NA	0
3666	3	opencv	fedora-clang-libcxx	3968132	11957282163	6232375	14590247	375995162	1334695008	NA	0
3667	3	opencv	fedora-clang-libcxx	3975816	11961257979	6232390	14590247	376120577	1335149672	NA	0
3668	3	opencv	fedora-clang-libcxx	3991811	11965249790	6232405	14590247	376246692	1335608689	NA	0
3669	3	opencv	fedora-clang-libcxx	3960181	11969209971	6232420	14590247	376371295	1336059950	NA	0
3670	3	opencv	fedora-clang-libcxx	3964094	11973174065	6232435	14590247	376496051	1336512008	NA	0
3671	3	opencv	fedora-clang-libcxx	4228154	11977402219	6232450	14590247	376627775	1337000870	NA	0
3672	3	opencv	fedora-clang-libcxx	4124601	11981526820	6232465	14590247	376757135	1337471194	NA	0
3673	3	opencv	fedora-clang-libcxx	4002825	11985529645	6232480	15393314	376883208	1337928876	NA	1
3674	3	opencv	fedora-clang-libcxx	4212258	11989741903	6232495	15393314	377014661	1338416290	NA	0
3675	3	opencv	fedora-clang-libcxx	4255608	11993997511	6232510	15393314	377147188	1338907423	NA	0
3676	3	opencv	fedora-clang-libcxx	4215631	11998213142	6232525	15393314	377278421	1339393659	NA	0
3677	3	opencv	fedora-clang-libcxx	3966824	12002179966	6232540	15393314	377403292	1339846932	NA	0
3678	3	opencv	fedora-clang-libcxx	4253742	12006433708	6232555	15393314	377535429	1340337922	NA	0
3679	3	opencv	fedora-clang-libcxx	4194486	12010628194	6232570	15393314	377665957	1340820259	NA	0
3680	3	opencv	fedora-clang-libcxx	4358105	12014986299	6232585	15393314	377801889	1341327748	NA	0
3681	3	opencv	fedora-clang-libcxx	3970034	12018956333	6232600	15393314	377927100	1341781875	NA	0
3682	3	opencv	fedora-clang-libcxx	3974293	12022930626	6232615	15393314	378052386	1342236732	NA	0
3683	3	opencv	fedora-clang-libcxx	3980936	12026911562	6232630	15393314	378177720	1342692250	NA	0
3684	3	opencv	fedora-clang-libcxx	4237142	12031148704	6232645	15393314	378310124	1343183945	NA	0
3685	3	opencv	fedora-clang-libcxx	4384090	12035532794	6232660	15393314	378445691	1343689296	NA	0
3686	3	opencv	fedora-clang-libcxx	4203439	12039736233	6232675	15393314	378576551	1344173355	NA	0
3687	3	opencv	fedora-clang-libcxx	4238755	12043974988	6232690	15393314	378708707	1344663340	NA	0
3688	3	opencv	fedora-clang-libcxx	3986938	12047961926	6232705	15393314	378834557	1345120000	NA	0
3689	3	opencv	fedora-clang-libcxx	4248931	12052210857	6232720	15393314	378966481	1345608635	NA	0
3690	3	opencv	fedora-clang-libcxx	3972846	12056183703	6232735	15393314	379091531	1346063113	NA	0
3691	3	opencv	fedora-clang-libcxx	3983028	12060166731	6232750	15393314	379217105	1346520004	NA	0
3692	3	opencv	fedora-clang-libcxx	4253374	12064420105	6232765	15393314	379349282	1347009806	NA	0
3693	3	opencv	fedora-clang-libcxx	3962730	12068382835	6232780	15393314	379473959	1347461776	NA	0
3694	3	opencv	fedora-clang-libcxx	3655022	12072037857	6232795	15393314	379587236	1347868327	NA	0
3695	3	opencv	fedora-clang-libcxx	4258790	12076296647	6232810	15393314	379719421	1348357343	NA	0
3696	3	opencv	fedora-clang-libcxx	4000725	12080297372	6232825	15393314	379845221	1348812279	NA	0
3697	3	opencv	fedora-clang-libcxx	4366805	12084664177	6232840	15393314	379979892	1349310490	NA	0
3698	3	opencv	fedora-clang-libcxx	4275738	12088939915	6232855	15393314	380112750	1349801777	NA	0
3699	3	opencv	fedora-clang-libcxx	4388004	12093327919	6232870	15393314	380248664	1350306602	NA	0
3700	3	opencv	fedora-clang-libcxx	4274757	12097602676	6232885	15393314	380382228	1350800895	NA	0
3701	3	opencv	fedora-clang-libcxx	4266269	12101868945	6232900	15393314	380515234	1351292468	NA	0
3702	3	opencv	fedora-clang-libcxx	4305127	12106174072	6232915	15393314	380649585	1351790558	NA	0
3703	3	opencv	fedora-clang-libcxx	4249382	12110423454	6232930	15393314	380781863	1352280301	NA	0
3704	3	opencv	fedora-clang-libcxx	4251753	12114675207	6232945	15393314	380914013	1352768414	NA	0
3705	3	opencv	fedora-clang-libcxx	4378682	12119053889	6232960	15393314	381049314	1353270498	NA	0
3706	3	opencv	fedora-clang-libcxx	5919102	12124972991	6232975	15393314	381221946	1353866303	NA	0
3707	3	opencv	fedora-clang-libcxx	6062907	12131035898	6232990	15393314	381398111	1354476472	NA	0
3708	3	opencv	fedora-clang-libcxx	6145679	12137181577	6233005	15393314	381575229	1355098489	NA	0
3709	3	opencv	fedora-clang-libcxx	5695919	12142877496	6233020	15393314	381742292	1355664950	NA	0
3710	3	opencv	fedora-clang-libcxx	6275078	12149152574	6233035	15393314	381922448	1356298475	NA	0
3711	3	opencv	fedora-clang-libcxx	6167345	12155319919	6233050	15393314	382100079	1356922838	NA	0
3712	3	opencv	fedora-clang-libcxx	6191273	12161511192	6233065	15393314	382278428	1357549394	NA	0
3713	3	opencv	fedora-clang-libcxx	6297823	12167809015	6233080	15393314	382459791	1358189190	NA	0
3714	3	opencv	fedora-clang-libcxx	6182026	12173991041	6233095	15393314	382638648	1358818367	NA	0
3715	3	opencv	fedora-clang-libcxx	6173476	12180164517	6233110	15393314	382817000	1359444780	NA	0
3716	3	opencv	fedora-clang-libcxx	6212272	12186376789	6233125	15393314	382996783	1360077720	NA	0
3717	3	opencv	fedora-clang-libcxx	6155271	12192532060	6233140	15393314	383174303	1360702118	NA	0
3718	3	opencv	fedora-clang-libcxx	6158895	12198690955	6233155	15393314	383351760	1361324981	NA	0
3719	3	opencv	fedora-clang-libcxx	6285328	12204976283	6233170	15393314	383532447	1361961581	NA	0
3720	3	opencv	fedora-clang-libcxx	6180165	12211156448	6233185	15393314	383709912	1362584802	NA	0
3721	3	opencv	fedora-clang-libcxx	6532419	12217688867	6233200	15393314	383893871	1363243895	NA	0
3722	3	opencv	fedora-clang-libcxx	6424686	12224113553	6233215	15393314	384075299	1363893918	NA	0
3723	3	opencv	fedora-clang-libcxx	6448614	12230562167	6233230	15393314	384257443	1364546013	NA	0
3724	3	opencv	fedora-clang-libcxx	6439367	12237001534	6233245	15393314	384440086	1365200885	NA	0
3725	3	opencv	fedora-clang-libcxx	6430817	12243432351	6233260	15393314	384622235	1365852947	NA	0
3726	3	opencv	fedora-clang-libcxx	6469613	12249901964	6233275	15393314	384805792	1366511545	NA	0
3727	3	opencv	fedora-clang-libcxx	6412612	12256314576	6233290	15393314	384987116	1367161592	NA	0
3728	3	opencv	fedora-clang-libcxx	6443786	12262758362	6233305	15393314	385168926	1367812889	NA	0
3729	3	opencv	fedora-clang-libcxx	6399596	12269157958	6233320	15393314	385349772	1368459902	NA	0
3730	3	opencv	fedora-clang-libcxx	4914940	12274072898	6233335	15393314	385501587	1369012075	NA	0
3731	3	opencv	fedora-clang-libcxx	4914920	12278987818	6233350	15393314	385653402	1369564183	NA	0
3732	3	opencv	fedora-clang-libcxx	4914936	12283902754	6233365	15393314	385805217	1370116283	NA	0
3733	3	opencv	fedora-clang-libcxx	4914920	12288817674	6233380	15393314	385957032	1370668391	NA	0
3734	3	opencv	fedora-clang-libcxx	4914920	12293732594	6233395	15393314	386108847	1371220498	NA	0
3735	3	opencv	fedora-clang-libcxx	4914932	12298647526	6233410	15393314	386260662	1371772603	NA	0
3736	3	opencv	fedora-clang-libcxx	4914928	12303562454	6233425	15393314	386412477	1372324675	NA	0
3737	3	opencv	fedora-clang-libcxx	4914916	12308477370	6233440	15393314	386564292	1372876775	NA	0
3738	3	opencv	fedora-clang-libcxx	4914936	12313392306	6233455	15393314	386716107	1373428882	NA	0
3739	3	opencv	fedora-clang-libcxx	4914873	12318307179	6233470	15393314	386867887	1373981095	NA	0
3740	3	opencv	fedora-clang-libcxx	4914928	12323222107	6233485	15393314	387019702	1374533161	NA	0
3741	3	opencv	fedora-clang-libcxx	4914956	12328137063	6233500	15393314	387171517	1375085346	NA	0
3742	3	opencv	fedora-clang-libcxx	4914948	12333052011	6233515	15393314	387323332	1375637512	NA	0
3743	3	opencv	fedora-clang-libcxx	4914932	12337966943	6233530	15393314	387475147	1376189616	NA	0
3744	3	opencv	fedora-clang-libcxx	4914944	12342881887	6233545	15393314	387626962	1376741712	NA	0
3745	3	opencv	fedora-clang-libcxx	4914916	12347796803	6233560	15393314	387778777	1377293812	NA	0
3746	3	opencv	fedora-clang-libcxx	4945939	12352742742	6233575	15393314	387931172	1377850587	NA	0
3747	3	opencv	fedora-clang-libcxx	4930830	12357673572	6233590	15393314	388083419	1378406000	NA	0
3748	3	opencv	fedora-clang-libcxx	4927872	12362601444	6233605	15393314	388233690	1378961113	NA	0
3749	3	opencv	fedora-clang-libcxx	4932883	12367534327	6233620	15393314	388385891	1379516889	NA	0
3750	3	opencv	fedora-clang-libcxx	5221713	12372756040	6233635	15393314	388546322	1380098942	NA	0
3751	3	opencv	fedora-clang-libcxx	5027497	12377783537	6233650	15393314	388699025	1380658689	NA	0
3752	3	opencv	fedora-clang-libcxx	4953149	12382736686	6233665	15393314	388851694	1381216835	NA	0
3753	3	opencv	fedora-clang-libcxx	5000886	12387737572	6233680	15393314	389004267	1381775645	NA	0
3754	3	opencv	fedora-clang-libcxx	4938933	12392676505	6233695	15393314	389156447	1382330905	NA	0
3755	3	opencv	fedora-clang-libcxx	5133136	12397809641	6233710	15393314	389316637	1382908911	NA	0
3756	3	opencv	fedora-clang-libcxx	4926416	12402736057	6233725	15393314	389468534	1383462555	NA	0
3757	3	opencv	fedora-clang-libcxx	4952725	12407688782	6233740	15393314	389621341	1384020386	NA	0
3758	3	opencv	fedora-clang-libcxx	4975052	12412663834	6233755	15393314	389774017	1384578411	NA	0
3759	3	opencv	fedora-clang-libcxx	5018924	12417682758	6233770	15393314	389927408	1385142391	NA	0
3760	3	opencv	fedora-clang-libcxx	4951658	12422634416	6233785	15393314	390079584	1385698624	NA	0
3761	3	opencv	fedora-clang-libcxx	5179843	12427814259	6233800	15393314	390235330	1386277372	NA	0
3762	3	opencv	fedora-clang-libcxx	4950960	12432765219	6233815	15393314	390387567	1386833137	NA	0
3763	3	opencv	fedora-clang-libcxx	4962620	12437727839	6233830	15393314	390540018	1387393198	NA	0
3764	3	opencv	fedora-clang-libcxx	4963341	12442691180	6233845	15393314	390692470	1387953243	NA	0
3765	3	opencv	fedora-clang-libcxx	4934038	12447625218	6233860	15393314	390845076	1388509683	NA	0
3766	3	opencv	fedora-clang-libcxx	4933510	12452558728	6233875	15393314	390997545	1389065690	NA	0
3767	3	opencv	fedora-clang-libcxx	4924938	12457483666	6233890	15393314	391149564	1389619631	NA	0
3768	3	opencv	fedora-clang-libcxx	5028932	12462512598	6233905	15393314	391303988	1390186391	NA	0
3769	3	opencv	fedora-clang-libcxx	4942750	12467455348	6233920	15393314	391456124	1390741723	NA	0
3770	3	opencv	fedora-clang-libcxx	4979421	12472434769	6233935	15393314	391608523	1391299665	NA	0
3771	3	opencv	fedora-clang-libcxx	4918056	12477352825	6233950	15393314	391760389	1391852545	NA	0
3772	3	opencv	fedora-clang-libcxx	5059753	12482412578	6233965	15393314	391914486	1392422155	NA	0
3773	3	opencv	fedora-clang-libcxx	4967745	12487380323	6233980	15393314	392068034	1392983663	NA	0
3774	3	opencv	fedora-clang-libcxx	4967283	12492347606	6233995	15393314	392220201	1393540083	NA	0
3775	3	opencv	fedora-clang-libcxx	4963906	12497311512	6234010	15393314	392372337	1394096135	NA	0
3776	3	opencv	fedora-clang-libcxx	5001189	12502312701	6234025	15393314	392524704	1394653383	NA	0
3777	3	opencv	fedora-clang-libcxx	4936675	12507249376	6234040	15393314	392676628	1395207861	NA	0
3778	3	opencv	fedora-clang-libcxx	4976120	12512225496	6234055	15393314	392828833	1395764294	NA	0
3779	3	opencv	fedora-clang-libcxx	4916015	12517141511	6234070	15393314	392980605	1396316843	NA	0
3780	3	opencv	fedora-clang-libcxx	4934758	12522076269	6234085	15816701	393132963	1396872226	NA	1
3781	3	opencv	fedora-clang-libcxx	4941594	12527017863	6234100	15816701	393285322	1397428491	NA	0
3782	3	opencv	fedora-clang-libcxx	4922223	12531940086	6234115	15816701	393437170	1397981709	NA	0
3783	3	opencv	fedora-clang-libcxx	4936116	12536876202	6234130	15816701	393589353	1398537334	NA	0
3784	3	opencv	fedora-clang-libcxx	4953598	12541829800	6234145	15816701	393741640	1399094293	NA	0
3785	3	opencv	fedora-clang-libcxx	4933401	12546763201	6234160	15816701	393893907	1399649755	NA	0
3786	3	opencv	fedora-clang-libcxx	4918069	12551681270	6234175	15816701	394045726	1400202618	NA	0
3787	3	opencv	fedora-clang-libcxx	4937894	12556619164	6234190	15816701	394197668	1400757537	NA	0
3788	3	opencv	fedora-clang-libcxx	4962111	12561581275	6234205	15816701	394349863	1401312922	NA	0
3789	3	opencv	fedora-clang-libcxx	4951184	12566532459	6234220	15816701	394501964	1401868425	NA	0
3790	3	opencv	fedora-clang-libcxx	4981495	12571513954	6234235	15816701	394654502	1402426942	NA	0
3791	3	opencv	fedora-clang-libcxx	4914878	12576428832	6234250	15816701	394806317	1402979026	NA	0
3792	3	opencv	fedora-clang-libcxx	4877417	12581306249	6234265	15816701	394956651	1403524090	NA	0
3793	3	opencv	fedora-clang-libcxx	4877511	12586183760	6234280	15816701	395107013	1404069227	NA	0
3794	3	opencv	fedora-clang-libcxx	4877486	12591061246	6234295	15816701	395257375	1404614273	NA	0
3795	3	opencv	fedora-clang-libcxx	4877486	12595938732	6234310	15816701	395407737	1405159320	NA	0
3796	3	opencv	fedora-clang-libcxx	4877496	12600816228	6234325	15816701	395558099	1405704361	NA	0
3797	3	opencv	fedora-clang-libcxx	4877481	12605693709	6234340	15816701	395708461	1406249419	NA	0
3798	3	opencv	fedora-clang-libcxx	4877441	12610571150	6234355	15816701	395858795	1406794465	NA	0
3799	3	opencv	fedora-clang-libcxx	4939986	12615511136	6234370	15816701	396009458	1407344770	NA	0
3800	3	opencv	fedora-clang-libcxx	4877496	12620388632	6234385	15816701	396159820	1407889814	NA	0
3801	3	opencv	fedora-clang-libcxx	4877445	12625266077	6234400	15816701	396310154	1408434911	NA	0
3802	3	opencv	fedora-clang-libcxx	4877496	12630143573	6234415	15816701	396460516	1408979963	NA	0
3803	3	opencv	fedora-clang-libcxx	4877496	12635021069	6234430	15816701	396610878	1409525003	NA	0
3804	3	opencv	fedora-clang-libcxx	4842927	12639863996	6234445	15816701	396755948	1410052429	NA	0
3805	3	opencv	fedora-clang-libcxx	4773968	12644637964	6234460	15816701	396901016	1410576051	NA	0
3806	3	opencv	fedora-clang-libcxx	4822923	12649460887	6234475	15816701	397046258	1411103319	NA	0
3807	3	opencv	fedora-clang-libcxx	4773532	12654234419	6234490	15816701	397191329	1411627193	NA	0
3808	3	opencv	fedora-clang-libcxx	4803352	12659037771	6234505	15816701	397336578	1412153325	NA	0
3809	3	opencv	fedora-clang-libcxx	4786260	12663824031	6234520	15816701	397481677	1412677777	NA	0
3810	3	opencv	fedora-clang-libcxx	4829550	12668653581	6234535	15816701	397627393	1413205894	NA	0
3811	3	opencv	fedora-clang-libcxx	4782548	12673436129	6234550	15816701	397772497	1413730050	NA	0
3812	3	opencv	fedora-clang-libcxx	4772319	12678208448	6234565	15816701	397917559	1414253546	NA	0
3813	3	opencv	fedora-clang-libcxx	4787803	12682996251	6234580	15816701	398062750	1414778660	NA	0
3814	3	opencv	fedora-clang-libcxx	4774159	12687770410	6234595	15816701	398207873	1415302599	NA	0
3815	3	opencv	fedora-clang-libcxx	4783073	12692553483	6234610	15816701	398352967	1415826737	NA	0
3816	3	opencv	fedora-clang-libcxx	4792177	12697345660	6234625	15816701	398498170	1416351921	NA	0
3817	3	opencv	fedora-clang-libcxx	4778319	12702123979	6234640	15816701	398643263	1416875706	NA	0
3818	3	opencv	fedora-clang-libcxx	4780646	12706904625	6234655	15816701	398788369	1417399827	NA	0
3819	3	opencv	fedora-clang-libcxx	4791075	12711695700	6234670	15816701	398933603	1417925042	NA	0
3820	3	opencv	fedora-clang-libcxx	4773439	12716469139	6234685	15816701	399078664	1418448744	NA	0
3821	3	opencv	fedora-clang-libcxx	4774344	12721243483	6234700	15816701	399223734	1418972414	NA	0
3822	3	opencv	fedora-clang-libcxx	4769749	12726013232	6234715	15816701	399368755	1419495505	NA	0
3823	3	opencv	fedora-clang-libcxx	4779513	12730792745	6234730	15816701	399513848	1420019575	NA	0
3824	3	opencv	fedora-clang-libcxx	4772572	12735565317	6234745	15816701	399658923	1420543147	NA	0
3825	3	opencv	fedora-clang-libcxx	4775621	12740340938	6234760	15816701	399803979	1421066955	NA	0
3826	3	opencv	fedora-clang-libcxx	4772916	12745113854	6234775	15816701	399949023	1421590388	NA	0
3827	3	opencv	fedora-clang-libcxx	4785873	12749899727	6234790	15816701	400094121	1422114834	NA	0
3828	3	opencv	fedora-clang-libcxx	4774756	12754674483	6234805	15816701	400239243	1422638858	NA	0
3829	3	opencv	fedora-clang-libcxx	4808725	12759483208	6234820	15816701	400384459	1423165232	NA	0
3830	3	opencv	fedora-clang-libcxx	4810971	12764294179	6234835	15816701	400529607	1423690954	NA	0
3831	3	opencv	fedora-clang-libcxx	4773032	12769067211	6234850	15816701	400674668	1424214508	NA	0
3832	3	opencv	fedora-clang-libcxx	4786108	12773853319	6234865	15816701	400819796	1424739142	NA	0
3833	3	opencv	fedora-clang-libcxx	4810101	12778663420	6234880	15816701	400965166	1425266204	NA	0
3834	3	opencv	fedora-clang-libcxx	3881924	12782545344	6234895	15816701	401085569	1425701876	NA	0
3835	3	opencv	fedora-clang-libcxx	3848346	12786393690	6234910	15816701	401204327	1426130722	NA	0
3836	3	opencv	fedora-clang-libcxx	3877317	12790271007	6234925	15816701	401324249	1426565790	NA	0
3837	3	opencv	fedora-clang-libcxx	3864144	12794135151	6234940	15816701	401443499	1426997274	NA	0
3838	3	opencv	fedora-clang-libcxx	3832984	12797968135	6234955	15816701	401561606	1427422835	NA	0
3839	3	opencv	fedora-clang-libcxx	3842153	12801810288	6234970	15816701	401679961	1427850231	NA	0
3840	3	opencv	fedora-clang-libcxx	3850095	12805660383	6234985	15816701	401798929	1428279925	NA	0
3841	3	opencv	fedora-clang-libcxx	4081831	12809742214	6235000	15816701	401923675	1428740077	NA	0
3842	3	opencv	fedora-clang-libcxx	3853544	12813595758	6235015	15816701	402042572	1429169903	NA	0
3843	3	opencv	fedora-clang-libcxx	3847964	12817443722	6235030	15816701	402161350	1429598892	NA	0
3844	3	opencv	fedora-clang-libcxx	3859455	12821303177	6235045	15816701	402280236	1430028803	NA	0
3845	3	opencv	fedora-clang-libcxx	4147917	12825451094	6235060	15816701	402407822	1430501957	NA	0
3846	3	opencv	fedora-clang-libcxx	3850520	12829301614	6235075	15816701	402526585	1430930945	NA	0
3847	3	opencv	fedora-clang-libcxx	3835020	12833136634	6235090	15816701	402644729	1431356992	NA	0
3848	3	opencv	fedora-clang-libcxx	3892761	12837029395	6235105	15816701	402765931	1431795922	NA	0
3849	3	opencv	fedora-clang-libcxx	4855566	12841884961	6235120	15816701	402914341	1432334556	NA	0
3850	3	opencv	fedora-clang-libcxx	4844301	12846729262	6235135	15816701	403062550	1432871566	NA	0
3851	3	opencv	fedora-clang-libcxx	4860563	12851589825	6235150	15816701	403210984	1433410901	NA	0
3852	3	opencv	fedora-clang-libcxx	4845625	12856435450	6235165	15816701	403359194	1433947926	NA	0
3853	3	opencv	fedora-clang-libcxx	4856182	12861291632	6235180	15816701	403507515	1434485974	NA	0
3854	3	opencv	fedora-clang-libcxx	4850804	12866142436	6235195	15816701	403655790	1435023663	NA	0
3855	3	opencv	fedora-clang-libcxx	4840563	12870982999	6235210	15816701	403803922	1435559872	NA	0
3856	3	opencv	fedora-clang-libcxx	4877487	12875860486	6235225	15816701	403952643	1436100578	NA	0
3857	3	opencv	fedora-clang-libcxx	4855429	12880715915	6235240	15816701	404100940	1436638578	NA	0
3858	3	opencv	fedora-clang-libcxx	4851449	12885567364	6235255	15816701	404249330	1437177236	NA	0
3859	3	opencv	fedora-clang-libcxx	4854303	12890421667	6235270	15816701	404397706	1437715756	NA	0
3860	3	opencv	fedora-clang-libcxx	4858926	12895280593	6235285	15816701	404546044	1438253978	NA	0
3861	3	opencv	fedora-clang-libcxx	4848920	12900129513	6235300	15816701	404694472	1438791685	NA	0
3862	3	opencv	fedora-clang-libcxx	4798909	12904928422	6235315	15816701	404840817	1439320473	NA	0
3863	3	opencv	fedora-clang-libcxx	4795982	12909724404	6235330	15816701	404987111	1439848617	NA	0
3864	3	opencv	fedora-clang-libcxx	4798782	12914523186	6235345	15816701	405133470	1440377458	NA	0
3865	3	opencv	fedora-clang-libcxx	3753450	12918276636	6235360	15816701	405250900	1440802019	NA	0
3866	3	opencv	fedora-clang-libcxx	3754250	12922030886	6235375	15816701	405368335	1441226634	NA	0
3867	3	opencv	fedora-clang-libcxx	3757386	12925788272	6235390	15816701	405486057	1441652306	NA	0
3868	3	opencv	fedora-clang-libcxx	3747333	12929535605	6235405	15816701	405603225	1442075562	NA	0
3869	3	opencv	fedora-clang-libcxx	3805599	12933341204	6235420	15816701	405722238	1442506509	NA	0
3870	3	opencv	fedora-clang-libcxx	3783968	12937125172	6235435	15816701	405840989	1442935830	NA	0
3871	3	opencv	fedora-clang-libcxx	3746915	12940872087	6235450	15816701	405958138	1443358825	NA	0
3872	3	opencv	fedora-clang-libcxx	3773084	12944645171	6235465	15816701	406073856	1443785918	NA	0
3873	3	opencv	fedora-clang-libcxx	3759448	12948404619	6235480	15816701	406191449	1444211101	NA	0
3874	3	opencv	fedora-clang-libcxx	3766101	12952170720	6235495	15816701	406309445	1444637373	NA	0
3875	3	opencv	fedora-clang-libcxx	3750612	12955921332	6235510	15816701	406426653	1445060999	NA	0
3876	3	opencv	fedora-clang-libcxx	3758092	12959679424	6235525	15816701	406544318	1445486580	NA	0
3877	3	opencv	fedora-clang-libcxx	3759854	12963439278	6235540	15816701	406661922	1445911979	NA	0
3878	3	opencv	fedora-clang-libcxx	3654990	12967094268	6235555	15816701	406775199	1446318470	NA	0
3879	3	opencv	fedora-clang-libcxx	4888140	12971982408	6235570	15816701	406925905	1446865537	NA	0
3880	3	opencv	fedora-clang-libcxx	4923360	12976905768	6235585	15816701	407076836	1447414654	NA	0
3881	3	opencv	fedora-clang-libcxx	4892630	12981798398	6235600	15816701	407227615	1447962545	NA	0
3882	3	opencv	fedora-clang-libcxx	4896865	12986695263	6235615	15816701	407378458	1448510908	NA	0
3883	3	opencv	fedora-clang-libcxx	4916659	12991611922	6235630	15816701	407529383	1449060484	NA	0
3884	3	opencv	fedora-clang-libcxx	4934887	12996546809	6235645	15816701	407682004	1449615615	NA	0
3885	3	opencv	fedora-clang-libcxx	4926912	13001473721	6235660	15816701	407833191	1450166891	NA	0
3886	3	opencv	fedora-clang-libcxx	4904337	13006378058	6235675	15816701	407984137	1450716317	NA	0
3887	3	opencv	fedora-clang-libcxx	4889295	13011267353	6235690	15816701	408134839	1451263582	NA	0
3888	3	opencv	fedora-clang-libcxx	4907195	13016174548	6235705	15816701	408285683	1451812258	NA	0
3889	3	opencv	fedora-clang-libcxx	4888758	13021063306	6235720	15816701	408436431	1452359460	NA	0
3890	3	opencv	fedora-clang-libcxx	4823785	13025887091	6235735	15816701	408583678	1452891721	NA	0
3891	3	opencv	fedora-clang-libcxx	4788238	13030675329	6235750	15816701	408729211	1453417523	NA	0
3892	3	opencv	fedora-clang-libcxx	4789427	13035464756	6235765	16010253	408874746	1453943613	NA	1
3893	3	opencv	fedora-clang-libcxx	4786304	13040251060	6235780	16010253	409020284	1454469204	NA	0
3894	3	opencv	fedora-clang-libcxx	6956500	13047207560	6235795	16010253	409232253	1455145084	NA	0
3895	3	opencv	fedora-clang-libcxx	4444615	13051652175	6235810	16010253	409367593	1455629965	NA	0
3896	3	opencv	fedora-clang-libcxx	4194078	13055846253	6235825	16010253	409496394	1456099447	NA	0
3897	3	opencv	fedora-clang-libcxx	4313477	13060159730	6235840	16010253	409628881	1456578201	NA	0
3898	3	opencv	fedora-clang-libcxx	4339366	13064499096	6235855	16010253	409762277	1457060239	NA	0
3899	3	opencv	fedora-clang-libcxx	4301416	13068800512	6235870	16010253	409894079	1457537239	NA	0
3900	3	opencv	fedora-clang-libcxx	4053318	13072853830	6235885	16010253	410017909	1457991225	NA	0
3901	3	opencv	fedora-clang-libcxx	4002483	13076856313	6235900	16010253	410139605	1458438730	NA	0
3902	3	opencv	fedora-clang-libcxx	3971370	13080827683	6235915	16010253	410260267	1458882797	NA	0
3903	3	opencv	fedora-clang-libcxx	3988081	13084815764	6235930	16010253	410381606	1459329045	NA	0
3904	3	opencv	fedora-clang-libcxx	4173540	13088989304	6235945	16010253	410509225	1459792551	NA	0
3905	3	opencv	fedora-clang-libcxx	6373379	13095362683	6235960	16010253	410714988	1460493925	NA	0
3906	3	opencv	fedora-clang-libcxx	6380172	13101742855	6235975	16010253	410920835	1461193906	NA	0
3907	3	opencv	fedora-clang-libcxx	6305679	13108048534	6235990	16010253	411124067	1461883545	NA	0
3908	3	opencv	fedora-clang-libcxx	4142239	13112190773	6236005	16010253	411250642	1462342783	NA	0
3909	3	opencv	fedora-clang-libcxx	4186268	13116377041	6236020	16010253	411378472	1462807507	NA	0
3910	3	opencv	fedora-clang-libcxx	4137137	13120514178	6236035	16010253	411504931	1463265537	NA	0
3911	3	opencv	fedora-clang-libcxx	4131006	13124645184	6236050	16010253	411631103	1463722260	NA	0
3912	3	opencv	fedora-clang-libcxx	4132413	13128777597	6236065	16010253	411757332	1464179191	NA	0
3913	3	opencv	fedora-clang-libcxx	4134963	13132912560	6236080	16010253	411883636	1464636678	NA	0
3914	3	opencv	fedora-clang-libcxx	4234757	13137147317	6236095	16010253	412013881	1465111544	NA	0
3915	3	opencv	fedora-clang-libcxx	4143487	13141290804	6236110	16010253	412140616	1465570770	NA	0
3916	3	opencv	fedora-clang-libcxx	4132732	13145423536	6236125	16010253	412266895	1466027827	NA	0
3917	3	opencv	fedora-clang-libcxx	4138830	13149562366	6236140	16010253	412393418	1466485926	NA	0
3918	3	opencv	fedora-clang-libcxx	4168275	13153730641	6236155	16010253	412520992	1466948318	NA	0
3919	3	opencv	fedora-clang-libcxx	4384689	13158115330	6236170	16010253	412653535	1467438842	NA	0
3920	3	opencv	fedora-clang-libcxx	4464669	13162579999	6236185	16010253	412788216	1467940940	NA	0
3921	3	opencv	fedora-clang-libcxx	4385137	13166965136	6236200	16010253	412920801	1468431460	NA	0
3922	3	opencv	fedora-clang-libcxx	4405411	13171370547	6236215	16010253	413054010	1468925452	NA	0
3923	3	opencv	fedora-clang-libcxx	4390641	13175761188	6236230	16010253	413186779	1469417546	NA	0
3924	3	opencv	fedora-clang-libcxx	4131485	13179892673	6236245	16010253	413312957	1469874278	NA	0
3925	3	opencv	fedora-clang-libcxx	4407436	13184300109	6236260	16010253	413446275	1470368761	NA	0
3926	3	opencv	fedora-clang-libcxx	4399733	13188699842	6236275	16010253	413579062	1470860918	NA	0
3927	3	opencv	fedora-clang-libcxx	4381273	13193081115	6236290	16010253	413711402	1471350695	NA	0
3928	3	opencv	fedora-clang-libcxx	4455220	13197536335	6236305	16010253	413846972	1471853760	NA	0
3929	3	opencv	fedora-clang-libcxx	4390699	13201927034	6236320	16010253	413979691	1472345150	NA	0
3930	3	opencv	fedora-clang-libcxx	4142067	13206069101	6236335	16010253	414106223	1472803688	NA	0
3931	3	opencv	fedora-clang-libcxx	4136322	13210205423	6236350	16010253	414232548	1473261303	NA	0
3932	3	opencv	fedora-clang-libcxx	4378513	13214583936	6236365	16010253	414364969	1473750976	NA	0
3933	3	opencv	fedora-clang-libcxx	4377229	13218961165	6236380	16010253	414497337	1474240409	NA	0
3934	3	opencv	fedora-clang-libcxx	4385331	13223346496	6236395	16010253	414630147	1474732709	NA	0
3935	3	opencv	fedora-clang-libcxx	4389711	13227736207	6236410	16010253	414762951	1475224575	NA	0
3936	3	opencv	fedora-clang-libcxx	4137160	13231873367	6236425	16010253	414889315	1475682595	NA	0
3937	3	opencv	fedora-clang-libcxx	4387676	13236261043	6236440	16010253	415022037	1476174094	NA	0
3938	3	opencv	fedora-clang-libcxx	4379537	13240640580	6236455	16010253	415154479	1476663627	NA	0
3939	3	opencv	fedora-clang-libcxx	4452218	13245092798	6236470	16010253	415289306	1477165002	NA	0
3940	3	opencv	fedora-clang-libcxx	4382420	13249475218	6236485	16010253	415421869	1477655476	NA	0
3941	3	opencv	fedora-clang-libcxx	4389836	13253865054	6236500	16010253	415554782	1478147380	NA	0
3942	3	opencv	fedora-clang-libcxx	4377501	13258242555	6236515	16010253	415687302	1478638579	NA	0
3943	3	opencv	fedora-clang-libcxx	4181066	13262423621	6236530	16010253	415814431	1479108515	NA	0
3944	3	opencv	fedora-clang-libcxx	4442863	13266866484	6236545	16010253	415949298	1479609744	NA	0
3945	3	opencv	fedora-clang-libcxx	4410909	13271277393	6236560	16010253	416082380	1480103536	NA	0
3946	3	opencv	fedora-clang-libcxx	4144147	13275421540	6236575	16010253	416208752	1480561636	NA	0
3947	3	opencv	fedora-clang-libcxx	4367340	13279788880	6236590	16010253	416340824	1481050112	NA	0
3948	3	opencv	fedora-clang-libcxx	4382050	13284170930	6236605	16010253	416473349	1481540539	NA	0
3949	3	opencv	fedora-clang-libcxx	4380564	13288551494	6236620	16010253	416605833	1482030746	NA	0
3950	3	opencv	fedora-clang-libcxx	4144282	13292695776	6236635	16010253	416732282	1482489376	NA	0
3951	3	opencv	fedora-clang-libcxx	4409605	13297105381	6236650	16010253	416865859	1482984989	NA	0
3952	3	opencv	fedora-clang-libcxx	4435199	13301540580	6236665	16010253	416998657	1483486672	NA	0
3953	3	opencv	fedora-clang-libcxx	4461763	13306002343	6236680	16010253	417133834	1483987316	NA	0
3954	3	opencv	fedora-clang-libcxx	4407175	13310409518	6236695	16010253	417267146	1484481693	NA	0
3955	3	opencv	fedora-clang-libcxx	4141100	13314550618	6236710	16010253	417393644	1484940347	NA	0
3956	3	opencv	fedora-clang-libcxx	4380760	13318931378	6236725	16010253	417526075	1485430205	NA	0
3957	3	opencv	fedora-clang-libcxx	4378755	13323310133	6236740	16010253	417658462	1485919890	NA	0
3958	3	opencv	fedora-clang-libcxx	4400281	13327710414	6236755	16010253	417791613	1486413646	NA	0
3959	3	opencv	fedora-clang-libcxx	4141378	13331851792	6236770	16010253	417918146	1486872515	NA	0
3960	3	opencv	fedora-clang-libcxx	4382266	13336234058	6236785	16010253	418050638	1487362918	NA	0
3961	3	opencv	fedora-clang-libcxx	4394961	13340629019	6236800	16010253	418183678	1487855874	NA	0
3962	3	opencv	fedora-clang-libcxx	4136668	13344765687	6236815	16010253	418310021	1488313845	NA	0
3963	3	opencv	fedora-clang-libcxx	4139084	13348904771	6236830	16010253	418436461	1488772074	NA	0
3964	3	opencv	fedora-clang-libcxx	4382827	13353287598	6236845	16010253	418568972	1489262453	NA	0
3965	3	opencv	fedora-clang-libcxx	4383317	13357670915	6236860	16010253	418701447	1489752667	NA	0
3966	3	opencv	fedora-clang-libcxx	4479514	13362150429	6236875	16010253	418837710	1490258838	NA	0
3967	3	opencv	fedora-clang-libcxx	4383823	13366534252	6236890	16010253	418970567	1490750895	NA	0
3968	3	opencv	fedora-clang-libcxx	4389575	13370923827	6236905	16010253	419103208	1491242330	NA	0
3969	3	opencv	fedora-clang-libcxx	4380990	13375304817	6236920	16010253	419235667	1491732568	NA	0
3970	3	opencv	fedora-clang-libcxx	4415452	13379720269	6236935	16010253	419369486	1492227914	NA	0
3971	3	opencv	fedora-clang-libcxx	4382638	13384102907	6236950	16010253	419501977	1492718339	NA	0
3972	3	opencv	fedora-clang-libcxx	4138886	13388241793	6236965	16010253	419628331	1493175762	NA	0
3973	3	opencv	fedora-clang-libcxx	4387094	13392628887	6236980	16010253	419760906	1493666836	NA	0
3974	3	opencv	fedora-clang-libcxx	4391271	13397020158	6236995	16010253	419893779	1494158953	NA	0
3975	3	opencv	fedora-clang-libcxx	4433327	13401453485	6237010	16010253	420027797	1494656832	NA	0
3976	3	opencv	fedora-clang-libcxx	4394615	13405848100	6237025	16010253	420160753	1495149392	NA	0
3977	3	opencv	fedora-clang-libcxx	4387268	13410235368	6237040	16010253	420293487	1495640590	NA	0
3978	3	opencv	fedora-clang-libcxx	4377732	13414613100	6237055	16010253	420425864	1496130178	NA	0
3979	3	opencv	fedora-clang-libcxx	4423280	13419036380	6237070	16010253	420559547	1496626356	NA	0
3980	3	opencv	fedora-clang-libcxx	4151135	13423187515	6237085	16010253	420686574	1497086942	NA	0
3981	3	opencv	fedora-clang-libcxx	4380009	13427567524	6237100	16010253	420819129	1497578208	NA	0
3982	3	opencv	fedora-clang-libcxx	4139568	13431707092	6237115	16010253	420945601	1498036741	NA	0
3983	3	opencv	fedora-clang-libcxx	4390062	13436097154	6237130	16010253	421078412	1498528604	NA	0
3984	3	opencv	fedora-clang-libcxx	4462591	13440559745	6237145	16010253	421214214	1499032752	NA	0
3985	3	opencv	fedora-clang-libcxx	4464313	13445024058	6237160	16010253	421350200	1499537602	NA	0
3986	3	opencv	fedora-clang-libcxx	4385715	13449409773	6237175	16010253	421482832	1500028741	NA	0
3987	3	opencv	fedora-clang-libcxx	4385589	13453795362	6237190	16010253	421615467	1500519707	NA	0
3988	3	opencv	fedora-clang-libcxx	4136659	13457932021	6237205	16010253	421741861	1500977671	NA	0
3989	3	opencv	fedora-clang-libcxx	4401703	13462333724	6237220	16010253	421875185	1501472127	NA	0
3990	3	opencv	fedora-clang-libcxx	4385414	13466719138	6237235	16010253	422007867	1501963032	NA	0
3991	3	opencv	fedora-clang-libcxx	4377046	13471096184	6237250	16010253	422140118	1502452389	NA	0
3992	3	opencv	fedora-clang-libcxx	4379544	13475475728	6237265	16010253	422272566	1502942230	NA	0
3993	3	opencv	fedora-clang-libcxx	4383243	13479858971	6237280	16010253	422405098	1503432676	NA	0
3994	3	opencv	fedora-clang-libcxx	4159351	13484018322	6237295	16010253	422532374	1503894829	NA	0
3995	3	opencv	fedora-clang-libcxx	4265701	13488284023	6237310	16010253	422663971	1504375360	NA	0
3996	3	opencv	fedora-clang-libcxx	4271760	13492555783	6237325	16010253	422795312	1504854204	NA	0
3997	3	opencv	fedora-clang-libcxx	4237858	13496793641	6237340	16010253	422926101	1505330627	NA	0
3998	3	opencv	fedora-clang-libcxx	4335202	13501128843	6237355	16010253	423060129	1505822140	NA	0
3999	3	opencv	fedora-clang-libcxx	4251316	13505380159	6237370	16010253	423191268	1506300589	NA	0
4000	3	opencv	fedora-clang-libcxx	4271821	13509651980	6237385	16010253	423323012	1506781358	NA	0
4001	3	opencv	fedora-clang-libcxx	4241981	13513893961	6237400	16010253	423453917	1507258291	NA	0
4002	3	opencv	fedora-clang-libcxx	4249101	13518143062	6237415	16010253	423585191	1507737306	NA	0
4003	3	opencv	fedora-clang-libcxx	4213467	13522356529	6237430	16010253	423714805	1508208474	NA	0
4004	3	opencv	fedora-clang-libcxx	5157117	13527513646	6237445	16590202	423883258	1508805005	NA	1
4005	3	opencv	fedora-clang-libcxx	5301632	13532815278	6237460	16590202	424055684	1509423059	NA	0
4006	3	opencv	fedora-clang-libcxx	4134336	13536949614	6237475	16590202	424182025	1509880435	NA	0
4007	3	opencv	fedora-clang-libcxx	4131154	13541080768	6237490	16590202	424308215	1510337207	NA	0
4008	3	opencv	fedora-clang-libcxx	4239418	13545320186	6237505	16590202	424439103	1510813899	NA	0
4009	3	opencv	fedora-clang-libcxx	4144573	13549464759	6237520	16590202	424565687	1511272508	NA	0
4010	3	opencv	fedora-clang-libcxx	4238034	13553702793	6237535	16590202	424696507	1511748927	NA	0
4011	3	opencv	fedora-clang-libcxx	4238051	13557940844	6237550	16590202	424827326	1512225350	NA	0
4012	3	opencv	fedora-clang-libcxx	4240879	13562181723	6237565	16590202	424958226	1512702271	NA	0
4013	3	opencv	fedora-clang-libcxx	4139960	13566321683	6237580	16590202	425084860	1513160690	NA	0
4014	3	opencv	fedora-clang-libcxx	5260704	13571582387	6237595	16590202	425257143	1513769189	NA	0
4015	3	opencv	fedora-clang-libcxx	5384989	13576967376	6237610	16590202	425432766	1514394741	NA	0
4016	3	opencv	fedora-clang-libcxx	6669307	13583636683	6237625	16590202	425649570	1515121243	NA	0
4017	3	opencv	fedora-clang-libcxx	4716908	13588353591	6237640	16590202	425797616	1515655636	NA	0
4018	3	opencv	fedora-clang-libcxx	4156657	13592510248	6237655	16590202	425924529	1516115986	NA	0
4019	3	opencv	fedora-clang-libcxx	4137929	13596648177	6237670	16590202	426050898	1516573824	NA	0
4020	3	opencv	fedora-clang-libcxx	4131868	13600780045	6237685	16590202	426176982	1517030559	NA	0
4021	3	opencv	fedora-clang-libcxx	4189712	13604969757	6237700	16590202	426305105	1517497139	NA	0
4022	3	opencv	fedora-clang-libcxx	4167993	13609137750	6237715	16590202	426432194	1517960371	NA	0
4023	3	opencv	fedora-clang-libcxx	4154566	13613292316	6237730	16590202	426558952	1518421392	NA	0
4024	3	opencv	fedora-clang-libcxx	4155885	13617448201	6237745	16590202	426685743	1518882675	NA	0
4025	3	opencv	fedora-clang-libcxx	4173024	13621621225	6237760	16590202	426812961	1519346701	NA	0
4026	3	opencv	fedora-clang-libcxx	4165260	13625786485	6237775	16590202	426939985	1519809433	NA	0
4027	3	opencv	fedora-clang-libcxx	4152042	13629938527	6237790	16590202	427066681	1520269793	NA	0
4028	3	opencv	fedora-clang-libcxx	4132832	13634071359	6237805	16590202	427192913	1520726749	NA	0
4029	3	opencv	fedora-clang-libcxx	4152307	13638223666	6237820	16590202	427319885	1521186705	NA	0
4030	3	opencv	fedora-clang-libcxx	4152373	13642376039	6237835	16590202	427446859	1521646577	NA	0
4031	3	opencv	fedora-clang-libcxx	4152729	13646528768	6237850	16590202	427573845	1522106511	NA	0
4032	3	opencv	fedora-clang-libcxx	4152298	13650681066	6237865	16590202	427700812	1522566491	NA	0
4033	3	opencv	fedora-clang-libcxx	4152312	13654833378	6237880	16590202	427827779	1523026334	NA	0
4034	3	opencv	fedora-clang-libcxx	4152312	13658985690	6237895	16590202	427954751	1523486312	NA	0
4035	3	opencv	fedora-clang-libcxx	4152309	13663137999	6237910	16590202	428081718	1523946170	NA	0
4036	3	opencv	fedora-clang-libcxx	4152319	13667290318	6237925	16590202	428208685	1524406082	NA	0
4037	3	opencv	fedora-clang-libcxx	4152344	13671442662	6237940	16590202	428335652	1524865957	NA	0
4038	3	opencv	fedora-clang-libcxx	4152379	13675595041	6237955	16590202	428462626	1525325925	NA	0
4039	3	opencv	fedora-clang-libcxx	4152307	13679747348	6237970	16590202	428589595	1525785886	NA	0
4040	3	opencv	fedora-clang-libcxx	4131436	13683878784	6237985	16590202	428715771	1526242686	NA	0
4041	3	opencv	fedora-clang-libcxx	4135382	13688014166	6238000	16590202	428842217	1526700377	NA	0
4042	3	opencv	fedora-clang-libcxx	6083747	13694097913	6238015	16590202	429016625	1527301942	NA	0
4043	3	opencv	fedora-clang-libcxx	6080746	13700178659	6238030	16590202	429190890	1527902721	NA	0
4044	3	opencv	fedora-clang-libcxx	6084893	13706263552	6238045	16590202	429365327	1528504444	NA	0
4045	3	opencv	fedora-clang-libcxx	6098952	13712362504	6238060	16590202	429540286	1529108134	NA	0
4046	3	opencv	fedora-clang-libcxx	6096353	13718458857	6238075	16590202	429714913	1529711163	NA	0
4047	3	opencv	fedora-clang-libcxx	6295832	13724754689	6238090	16590202	429893306	1530336309	NA	0
4048	3	opencv	fedora-clang-libcxx	6315504	13731070193	6238105	16590202	430072299	1530964327	NA	0
4049	3	opencv	fedora-clang-libcxx	6292857	13737363050	6238120	16590202	430250546	1531588791	NA	0
4050	3	opencv	fedora-clang-libcxx	6297134	13743660184	6238135	16590202	430428957	1532214295	NA	0
4051	3	opencv	fedora-clang-libcxx	6310338	13749970522	6238150	16590202	430607892	1532841692	NA	0
4052	3	opencv	fedora-clang-libcxx	6308464	13756278986	6238165	16590202	430786496	1533468341	NA	0
4053	3	opencv	fedora-clang-libcxx	6555207	13762834193	6238180	16590202	430968766	1534119214	NA	0
4054	3	opencv	fedora-clang-libcxx	6572845	13769407038	6238195	16590202	431151587	1534773074	NA	0
4055	3	opencv	fedora-clang-libcxx	4916281	13774323319	6238210	16590202	431301986	1535318795	NA	0
4056	3	opencv	fedora-clang-libcxx	5052458	13779375777	6238225	16590202	431453959	1535877852	NA	0
4057	3	opencv	fedora-clang-libcxx	5010261	13784386038	6238240	16590202	431605439	1536434456	NA	0
4058	3	opencv	fedora-clang-libcxx	4936722	13789322760	6238255	16590202	431756452	1536983575	NA	0
4059	3	opencv	fedora-clang-libcxx	5009017	13794331777	6238270	16590202	431907852	1537539419	NA	0
4060	3	opencv	fedora-clang-libcxx	5009874	13799341651	6238285	16590202	432062224	1538103697	NA	0
4061	3	opencv	fedora-clang-libcxx	4951892	13804293543	6238300	16590202	432212647	1538651679	NA	0
4062	3	opencv	fedora-clang-libcxx	4912809	13809206352	6238315	16590202	432362904	1539196724	NA	0
4063	3	opencv	fedora-clang-libcxx	5140969	13814347321	6238330	16590202	432516158	1539763299	NA	0
4064	3	opencv	fedora-clang-libcxx	5183133	13819530454	6238345	16590202	432670951	1540338204	NA	0
4065	3	opencv	fedora-clang-libcxx	4913999	13824444453	6238360	16590202	432821153	1540883537	NA	0
4066	3	opencv	fedora-clang-libcxx	4997211	13829441664	6238375	16590202	432972345	1541437714	NA	0
4067	3	opencv	fedora-clang-libcxx	4978968	13834420632	6238390	16590202	433123847	1541991580	NA	0
4068	3	opencv	fedora-clang-libcxx	4924981	13839345613	6238405	16590202	433274225	1542538011	NA	0
4069	3	opencv	fedora-clang-libcxx	4997244	13844342857	6238420	16590202	433428594	1543096182	NA	0
4070	3	opencv	fedora-clang-libcxx	5585981	13849928838	6238435	16590202	433582598	1543681916	NA	0
4071	3	opencv	fedora-clang-libcxx	5273637	13855202475	6238450	16590202	433734514	1544248041	NA	0
4072	3	opencv	fedora-clang-libcxx	4975268	13860177743	6238465	16590202	433885591	1544800063	NA	0
4073	3	opencv	fedora-clang-libcxx	5009153	13865186896	6238480	16590202	434036779	1545354986	NA	0
4074	3	opencv	fedora-clang-libcxx	222	13865187118	6238495	16590202	434036801	1545355104	NA	0
4075	3	opencv	fedora-clang-libcxx	4937008	13870124126	6238510	16590202	434187789	1545904299	NA	0
4076	3	opencv	fedora-clang-libcxx	5009945	13875134071	6238525	16590202	434339247	1546460535	NA	0
4077	3	opencv	fedora-clang-libcxx	4907307	13880041378	6238540	16590202	434488859	1547004727	NA	0
4078	3	opencv	fedora-clang-libcxx	4909549	13884950927	6238555	16590202	434638507	1547549421	NA	0
4079	3	opencv	fedora-clang-libcxx	4893900	13889844827	6238570	16590202	434787711	1548090952	NA	0
4080	3	opencv	fedora-clang-libcxx	4929095	13894773922	6238585	16590202	434937746	1548636633	NA	0
4081	3	opencv	fedora-clang-libcxx	5068606	13899842528	6238600	16590202	435088391	1549191187	NA	0
4082	3	opencv	fedora-clang-libcxx	4889262	13904731790	6238615	16590202	435237606	1549731485	NA	0
4083	3	opencv	fedora-clang-libcxx	5011844	13909743634	6238630	16590202	435388564	1550284619	NA	0
4084	3	opencv	fedora-clang-libcxx	4892784	13914636418	6238645	16590202	435537753	1550825806	NA	0
4085	3	opencv	fedora-clang-libcxx	4894179	13919530597	6238660	16590202	435686877	1551366910	NA	0
4086	3	opencv	fedora-clang-libcxx	4901564	13924432161	6238675	16590202	435836034	1551908414	NA	0
4087	3	opencv	fedora-clang-libcxx	4951700	13929383861	6238690	16590202	435985349	1552452634	NA	0
4088	3	opencv	fedora-clang-libcxx	3810186	13933194047	6238705	16590202	436104671	1552885388	NA	0
4089	3	opencv	fedora-clang-libcxx	4153889	13937347936	6238720	16590202	436228816	1553336521	NA	0
4090	3	opencv	fedora-clang-libcxx	4222373	13941570309	6238735	16590202	436352493	1553787701	NA	0
4091	3	opencv	fedora-clang-libcxx	3810866	13945381175	6238750	16590202	436471928	1554220521	NA	0
4092	3	opencv	fedora-clang-libcxx	3804227	13949185402	6238765	16590202	436590872	1554651664	NA	0
4093	3	opencv	fedora-clang-libcxx	3819806	13953005208	6238780	16590202	436710510	1555086190	NA	0
4094	3	opencv	fedora-clang-libcxx	3927991	13956933199	6238795	16590202	436834724	1555536387	NA	0
4095	3	opencv	fedora-clang-libcxx	3808538	13960741737	6238810	16590202	436953804	1555968590	NA	0
4096	3	opencv	fedora-clang-libcxx	3796975	13964538712	6238825	16590202	437072512	1556398368	NA	0
4097	3	opencv	fedora-clang-libcxx	3817956	13968356668	6238840	16590202	437192092	1556833041	NA	0
4098	3	opencv	fedora-clang-libcxx	4053859	13972410527	6238855	16590202	437317639	1557298666	NA	0
4099	3	opencv	fedora-clang-libcxx	4036936	13976447463	6238870	16590202	437442427	1557760251	NA	0
4100	3	opencv	fedora-clang-libcxx	3803176	13980250639	6238885	16590202	437561355	1558191019	NA	0
4101	3	opencv	fedora-clang-libcxx	3802424	13984053063	6238900	16590202	437680311	1558622054	NA	0
4102	3	opencv	fedora-clang-libcxx	3808092	13987861155	6238915	16590202	437799579	1559054525	NA	0
4103	3	opencv	fedora-clang-libcxx	3875287	13991736442	6238930	16590202	437921679	1559498896	NA	0
4104	3	opencv	fedora-clang-libcxx	3847011	13995583453	6238945	16590202	438042425	1559937296	NA	0
4105	3	opencv	fedora-clang-libcxx	3800145	13999383598	6238960	16590202	438161320	1560367964	NA	0
4106	3	opencv	fedora-clang-libcxx	3814052	14003197650	6238975	16590202	438280742	1560801178	NA	0
4107	3	opencv	fedora-clang-libcxx	3805003	14007002653	6238990	16590202	438399819	1561232771	NA	0
4108	3	opencv	fedora-clang-libcxx	3796946	14010799599	6239005	16590202	438518520	1561662535	NA	0
4109	3	opencv	fedora-clang-libcxx	3836483	14014636082	6239020	16590202	438638505	1562098445	NA	0
4110	3	opencv	fedora-clang-libcxx	3833537	14018469619	6239035	16590202	438759199	1562537850	NA	0
4111	3	opencv	fedora-clang-libcxx	3838150	14022307769	6239050	16590202	438879877	1562976655	NA	0
4112	3	opencv	fedora-clang-libcxx	4104190	14026411959	6239065	16590202	439007288	1563451071	NA	0
4113	3	opencv	fedora-clang-libcxx	3655070	14030067029	6239080	16590202	439120565	1563857564	NA	0
4114	3	opencv	fedora-clang-libcxx	4084396	14034151425	6239095	16590202	439247177	1564326928	NA	0
4115	3	opencv	fedora-clang-libcxx	5960460	14040111885	6239110	16590202	439417934	1564924885	NA	0
4116	3	opencv	fedora-clang-libcxx	5990980	14046102865	6239125	17323385	439589890	1565529058	NA	1
4117	3	opencv	fedora-clang-libcxx	6248321	14052351186	6239140	17323385	439765593	1566158595	NA	0
4118	3	opencv	fedora-clang-libcxx	4919345	14057270531	6239155	17323385	439917503	1566711340	NA	0
4119	3	opencv	fedora-clang-libcxx	4919484	14062190015	6239170	17323385	440069447	1567264143	NA	0
4120	3	opencv	fedora-clang-libcxx	4919361	14067109376	6239185	17323385	440221357	1567816962	NA	0
4121	3	opencv	fedora-clang-libcxx	4827481	14071936857	6239200	17323385	440368267	1568349977	NA	0
4122	3	opencv	fedora-clang-libcxx	4819430	14076756287	6239215	17323385	440515090	1568881932	NA	0
4123	3	opencv	fedora-clang-libcxx	4827525	14081583812	6239230	17323385	440661871	1569414434	NA	0
4124	3	opencv	fedora-clang-libcxx	4818536	14086402348	6239245	17323385	440808559	1569945898	NA	0
4125	3	opencv	fedora-clang-libcxx	4821819	14091224167	6239260	17323385	440955341	1570477759	NA	0
4126	3	opencv	fedora-clang-libcxx	4835925	14096060092	6239275	17323385	441102417	1571012085	NA	0
4127	3	opencv	fedora-clang-libcxx	4870341	14100930433	6239290	17323385	441249811	1571549106	NA	0
4128	3	opencv	fedora-clang-libcxx	4843727	14105774160	6239305	17323385	441396945	1572084127	NA	0
4129	3	opencv	fedora-clang-libcxx	4845344	14110619504	6239320	17323385	441543929	1572617826	NA	0
4130	3	opencv	fedora-clang-libcxx	4821785	14115441289	6239335	17323385	441690692	1573149918	NA	0
4131	3	opencv	fedora-clang-libcxx	4823395	14120264684	6239350	17323385	441837547	1573682427	NA	0
4132	3	opencv	fedora-clang-libcxx	4839717	14125104401	6239365	17323385	441984371	1574214903	NA	0
4133	3	opencv	fedora-clang-libcxx	4812107	14129916508	6239380	17323385	442131013	1574745530	NA	0
4134	3	opencv	fedora-clang-libcxx	4851998	14134768506	6239395	17323385	442278352	1575280567	NA	0
4135	3	opencv	fedora-clang-libcxx	4821844	14139590350	6239410	17323385	442425202	1575812868	NA	0
4136	3	opencv	fedora-clang-libcxx	4841323	14144431673	6239425	17323385	442572280	1576346835	NA	0
4137	3	opencv	fedora-clang-libcxx	4838773	14149270446	6239440	17323385	442719199	1576880464	NA	0
4138	3	opencv	fedora-clang-libcxx	4818876	14154089322	6239455	17323385	442865908	1577412139	NA	0
4139	3	opencv	fedora-clang-libcxx	4814974	14158904296	6239470	17323385	443012595	1577943347	NA	0
4140	3	opencv	fedora-clang-libcxx	4919963	14163824259	6239485	17323385	443164536	1578496367	NA	0
4141	3	opencv	fedora-clang-libcxx	4920105	14168744364	6239500	17323385	443316498	1579049297	NA	0
4142	3	opencv	fedora-clang-libcxx	4924535	14173668899	6239515	17323385	443468569	1579602754	NA	0
4143	3	opencv	fedora-clang-libcxx	4831677	14178500576	6239530	17323385	443615375	1580135462	NA	0
4144	3	opencv	fedora-clang-libcxx	4819835	14183320411	6239545	17323385	443762187	1580667413	NA	0
4145	3	opencv	fedora-clang-libcxx	4831542	14188151953	6239560	17323385	443909018	1581200012	NA	0
4146	3	opencv	fedora-clang-libcxx	4812280	14192964233	6239575	17323385	444055664	1581730699	NA	0
4147	3	opencv	fedora-clang-libcxx	4825117	14197789350	6239590	17323385	444202387	1582262417	NA	0
4148	3	opencv	fedora-clang-libcxx	4190978	14201980328	6239605	17323385	444333776	1582741098	NA	0
4149	3	opencv	fedora-clang-libcxx	3742312	14205722640	6239620	17323385	444450635	1583162679	NA	0
4150	3	opencv	fedora-clang-libcxx	3719101	14209441741	6239635	17323385	444566734	1583580717	NA	0
4151	3	opencv	fedora-clang-libcxx	3902595	14213344336	6239650	17323385	444687760	1584018907	NA	0
4152	3	opencv	fedora-clang-libcxx	3920787	14217265123	6239665	17323385	444809694	1584460637	NA	0
4153	3	opencv	fedora-clang-libcxx	3719159	14220984282	6239680	17323385	444925705	1584878654	NA	0
4154	3	opencv	fedora-clang-libcxx	3719163	14224703445	6239695	17323385	445041716	1585296681	NA	0
4155	3	opencv	fedora-clang-libcxx	3719296	14228422741	6239710	17323385	445157730	1585714739	NA	0
4156	3	opencv	fedora-clang-libcxx	3953820	14232376561	6239725	17323385	445280965	1586161825	NA	0
4157	3	opencv	fedora-clang-libcxx	3902392	14236278953	6239740	17323385	445402095	1586600314	NA	0
4158	3	opencv	fedora-clang-libcxx	3947447	14240226400	6239755	17323385	445525225	1587046768	NA	0
4159	3	opencv	fedora-clang-libcxx	3719179	14243945579	6239770	17323385	445641236	1587464810	NA	0
4160	3	opencv	fedora-clang-libcxx	3950782	14247896361	6239785	17323385	445764594	1587911678	NA	0
4161	3	opencv	fedora-clang-libcxx	3719242	14251615603	6239800	17323385	445880698	1588329775	NA	0
4162	3	opencv	fedora-clang-libcxx	3921392	14255536995	6239815	17323385	446002651	1588771601	NA	0
4163	3	opencv	fedora-clang-libcxx	3898991	14259435986	6239830	17323385	446123793	1589209698	NA	0
4164	3	opencv	fedora-clang-libcxx	4051701	14263487687	6239845	17323385	446251488	1589675073	NA	0
4165	3	opencv	fedora-clang-libcxx	3917199	14267404886	6239860	17323385	446373209	1590116292	NA	0
4166	3	opencv	fedora-clang-libcxx	3719101	14271123987	6239875	17323385	446489308	1590534330	NA	0
4167	3	opencv	fedora-clang-libcxx	3905514	14275029501	6239890	17323385	446610752	1590973326	NA	0
4168	3	opencv	fedora-clang-libcxx	4070109	14279099610	6239905	17323385	446735478	1591429717	NA	0
4169	3	opencv	fedora-clang-libcxx	4035764	14283135374	6239920	17323385	446861376	1591886883	NA	0
4170	3	opencv	fedora-clang-libcxx	3738365	14286873739	6239935	17323385	446978473	1592308541	NA	0
4171	3	opencv	fedora-clang-libcxx	3730661	14290604400	6239950	17323385	447095193	1592729376	NA	0
4172	3	opencv	fedora-clang-libcxx	3899773	14294504173	6239965	17323385	447215986	1593166356	NA	0
4173	3	opencv	fedora-clang-libcxx	4944396	14299448569	6239980	17323385	447362161	1593698706	NA	0
4174	3	opencv	fedora-clang-libcxx	4771254	14304219823	6239995	17323385	447505366	1594221867	NA	0
4175	3	opencv	fedora-clang-libcxx	4781754	14309001577	6240010	17323385	447650597	1594746385	NA	0
4176	3	opencv	fedora-clang-libcxx	4774599	14313776176	6240025	17323385	447795869	1595270290	NA	0
4177	3	opencv	fedora-clang-libcxx	4843193	14318619369	6240040	17323385	447939786	1595800835	NA	0
4178	3	opencv	fedora-clang-libcxx	4771928	14323391297	6240055	17323385	448084958	1596324102	NA	0
4179	3	opencv	fedora-clang-libcxx	4867043	14328258340	6240070	17323385	448231076	1596855375	NA	0
4180	3	opencv	fedora-clang-libcxx	4885031	14333143371	6240085	17323385	448377151	1597387881	NA	0
4181	3	opencv	fedora-clang-libcxx	4839235	14337982606	6240100	17323385	448523740	1597919698	NA	0
4182	3	opencv	fedora-clang-libcxx	4771627	14342754233	6240115	17323385	448668897	1598442847	NA	0
4183	3	opencv	fedora-clang-libcxx	4772740	14347526973	6240130	17323385	448814048	1598966290	NA	0
4184	3	opencv	fedora-clang-libcxx	4852294	14352379267	6240145	17323385	448960281	1599496852	NA	0
4185	3	opencv	fedora-clang-libcxx	4878835	14357258102	6240160	17323385	449106234	1600028626	NA	0
4186	3	opencv	fedora-clang-libcxx	4797113	14362055215	6240175	17323385	449251574	1600554016	NA	0
4187	3	opencv	fedora-clang-libcxx	5090482	14367145697	6240190	17323385	449399523	1601099534	NA	0
4188	3	opencv	fedora-clang-libcxx	4810599	14371956296	6240205	17323385	449545028	1601626944	NA	0
4189	3	opencv	fedora-clang-libcxx	4803551	14376759847	6240220	17323385	449690333	1602153172	NA	0
4190	3	opencv	fedora-clang-libcxx	4776487	14381536334	6240235	17323385	449835404	1602676865	NA	0
4191	3	opencv	fedora-clang-libcxx	4769717	14386306051	6240250	17323385	449980421	1603199839	NA	0
4192	3	opencv	fedora-clang-libcxx	4783490	14391089541	6240265	17323385	450125531	1603724458	NA	0
4193	3	opencv	fedora-clang-libcxx	3909077	14394998618	6240280	17323385	450250773	1604175109	NA	0
4194	3	opencv	fedora-clang-libcxx	3888471	14398887089	6240295	17323385	450375527	1604623570	NA	0
4195	3	opencv	fedora-clang-libcxx	3954349	14402841438	6240310	17323385	450501302	1605076108	NA	0
4196	3	opencv	fedora-clang-libcxx	3904932	14406746370	6240325	17323385	450626679	1605526323	NA	0
4197	3	opencv	fedora-clang-libcxx	3920686	14410667056	6240340	17323385	450753436	1605983738	NA	0
4198	3	opencv	fedora-clang-libcxx	3886987	14414554043	6240355	17323385	450878643	1606433043	NA	0
4199	3	opencv	fedora-clang-libcxx	3977581	14418531624	6240370	17323385	451005228	1606890339	NA	0
4200	3	opencv	fedora-clang-libcxx	3892348	14422423972	6240385	17323385	451130036	1607339230	NA	0
4201	3	opencv	fedora-clang-libcxx	3973653	14426397625	6240400	17323385	451258298	1607801278	NA	0
4202	3	opencv	fedora-clang-libcxx	4056972	14430454597	6240415	17323385	451391457	1608278420	NA	0
4203	3	opencv	fedora-clang-libcxx	4063871	14434518468	6240430	17323385	451520877	1608744096	NA	0
4204	3	opencv	fedora-clang-libcxx	4149401	14438667869	6240445	17323385	451650309	1609221399	NA	0
4205	3	opencv	fedora-clang-libcxx	4304116	14442971985	6240460	17323385	451790086	1609723532	NA	0
4206	3	opencv	fedora-clang-libcxx	4932598	14447904583	6240475	17323385	451939280	1610276818	NA	0
4207	3	opencv	fedora-clang-libcxx	4951503	14452856086	6240490	17323385	452088228	1610830210	NA	0
4208	3	opencv	fedora-clang-libcxx	4916732	14457772818	6240505	17323385	452237246	1611381886	NA	0
4209	3	opencv	fedora-clang-libcxx	4913554	14462686372	6240520	17323385	452386111	1611932579	NA	0
4210	3	opencv	fedora-clang-libcxx	5066708	14467753080	6240535	17323385	452536601	1612497663	NA	0
4211	3	opencv	fedora-clang-libcxx	4927134	14472680214	6240550	17323385	452685610	1613050389	NA	0
4212	3	opencv	fedora-clang-libcxx	4969566	14477649780	6240565	17323385	452834896	1613605268	NA	0
4213	3	opencv	fedora-clang-libcxx	4900261	14482550041	6240580	17323385	452983721	1614155149	NA	0
4214	3	opencv	fedora-clang-libcxx	4927299	14487477340	6240595	17323385	453132658	1614707177	NA	0
4215	3	opencv	fedora-clang-libcxx	4899556	14492376896	6240610	17323385	453281370	1615256881	NA	0
4216	3	opencv	fedora-clang-libcxx	4909782	14497286678	6240625	17323385	453430131	1615807426	NA	0
4217	3	opencv	fedora-clang-libcxx	4901262	14502187940	6240640	17323385	453578928	1616357343	NA	0
4218	3	opencv	fedora-clang-libcxx	4973747	14507161687	6240655	17323385	453732002	1616922407	NA	0
4219	3	opencv	fedora-clang-libcxx	5022167	14512183854	6240670	17323385	453882547	1617485882	NA	0
4220	3	opencv	fedora-clang-libcxx	4782553	14516966407	6240685	17323385	454027752	1618010815	NA	0
4221	3	opencv	fedora-clang-libcxx	4769699	14521736106	6240700	17323385	454172769	1618533897	NA	0
4222	3	opencv	fedora-clang-libcxx	4772884	14526508990	6240715	17323385	454317846	1619057566	NA	0
4223	3	opencv	fedora-clang-libcxx	3994966	14530503956	6240730	17323385	454440363	1619513597	NA	0
4224	3	opencv	fedora-clang-libcxx	4510535	14535014491	6240745	17323385	454581011	1620043290	NA	0
4225	3	opencv	fedora-clang-libcxx	4095330	14539109821	6240760	17323385	454707355	1620516522	NA	0
4226	3	opencv	fedora-clang-libcxx	4042537	14543152358	6240775	17323385	454831877	1620982056	NA	0
4227	3	opencv	fedora-clang-libcxx	4011476	14547163834	6240790	17323385	454954975	1621440436	NA	0
4228	3	opencv	fedora-clang-libcxx	3982758	14551146592	6240805	17751105	455076849	1621893812	NA	1
4229	3	opencv	fedora-clang-libcxx	4476092	14555622684	6240820	17751105	455217022	1622423824	NA	0
4230	3	opencv	fedora-clang-libcxx	4233109	14559855793	6240835	17751105	455346635	1622907712	NA	0
4231	3	opencv	fedora-clang-libcxx	4061368	14563917161	6240850	17751105	455471789	1623374181	NA	0
4232	3	opencv	fedora-clang-libcxx	4074409	14567991570	6240865	17751105	455595643	1623844835	NA	0
4233	3	opencv	fedora-clang-libcxx	3996123	14571987693	6240880	17751105	455718534	1624301586	NA	0
4234	3	opencv	fedora-clang-libcxx	4065192	14576052885	6240895	17751105	455842913	1624769080	NA	0
4235	3	opencv	fedora-clang-libcxx	4156942	14580209827	6240910	17751105	455967126	1625257070	NA	0
4236	3	opencv	fedora-clang-libcxx	4050959	14584260786	6240925	17751105	456091733	1625724198	NA	0
4237	3	opencv	fedora-clang-libcxx	3992821	14588253607	6240940	17751105	456214150	1626179786	NA	0
4238	3	opencv	fedora-clang-libcxx	4022252	14592275859	6240955	17751105	456337511	1626639893	NA	0
4239	3	opencv	fedora-clang-libcxx	3982825	14596258684	6240970	17751105	456459413	1627093336	NA	0
4240	3	opencv	fedora-clang-libcxx	3977666	14600236350	6240985	17751105	456581050	1627545389	NA	0
4241	3	opencv	fedora-clang-libcxx	3989640	14604225990	6241000	17751105	456705346	1628001017	NA	0
4242	3	opencv	fedora-clang-libcxx	3981392	14608207382	6241015	17751105	456827310	1628454255	NA	0
4243	3	opencv	fedora-clang-libcxx	4057531	14612264913	6241030	17751105	456951891	1628921906	NA	0
4244	3	opencv	fedora-clang-libcxx	3984615	14616249528	6241045	17751105	457073855	1629375930	NA	0
4245	3	opencv	fedora-clang-libcxx	4027840	14620277368	6241060	17751105	457198465	1629838370	NA	0
4246	3	opencv	fedora-clang-libcxx	4088109	14624365477	6241075	17751105	457324546	1630312892	NA	0
4247	3	opencv	fedora-clang-libcxx	4009897	14628375374	6241090	17751105	457447677	1630772229	NA	0
4248	3	opencv	fedora-clang-libcxx	4002894	14632378268	6241105	17751105	457570643	1631230374	NA	0
4249	3	opencv	fedora-clang-libcxx	4262579	14636640847	6241120	17751105	457699963	1631723670	NA	0
4250	3	opencv	fedora-clang-libcxx	4300998	14640941845	6241135	17751105	457831037	1632223863	NA	0
4251	3	opencv	fedora-clang-libcxx	4009492	14644951337	6241150	17751105	457953468	1632680109	NA	0
4252	3	opencv	fedora-clang-libcxx	4260283	14649211620	6241165	17751105	458083735	1633173815	NA	0
4253	3	opencv	fedora-clang-libcxx	3977781	14653189401	6241180	17751105	458205378	1633625889	NA	0
4254	3	opencv	fedora-clang-libcxx	4020724	14657210125	6241195	17751105	458328805	1634087564	NA	0
4255	3	opencv	fedora-clang-libcxx	4042472	14661252597	6241210	17751105	458453025	1634553806	NA	0
4256	3	opencv	fedora-clang-libcxx	4027971	14665280568	6241225	17751105	458576561	1635015646	NA	0
4257	3	opencv	fedora-clang-libcxx	4029083	14669309651	6241240	17751105	458699967	1635479200	NA	0
4258	3	opencv	fedora-clang-libcxx	4040962	14673350613	6241255	17751105	458823696	1635941906	NA	0
4259	3	opencv	fedora-clang-libcxx	4033050	14677383663	6241270	17751105	458947641	1636405373	NA	0
4260	3	opencv	fedora-clang-libcxx	4019903	14681403566	6241285	17751105	459070924	1636867689	NA	0
4261	3	opencv	fedora-clang-libcxx	4035902	14685439468	6241300	17751105	459194893	1637330891	NA	0
4262	3	opencv	fedora-clang-libcxx	4048685	14689488153	6241315	17751105	459319562	1637797411	NA	0
4263	3	opencv	fedora-clang-libcxx	4023983	14693512136	6241330	17751105	459443167	1638259667	NA	0
4264	3	opencv	fedora-clang-libcxx	4034974	14697547110	6241345	17751105	459567090	1638723156	NA	0
4265	3	opencv	fedora-clang-libcxx	4088025	14701635135	6241360	17751105	459692836	1639197275	NA	0
4266	3	opencv	fedora-clang-libcxx	4027561	14705662696	6241375	17751105	459816577	1639659355	NA	0
4267	3	opencv	fedora-clang-libcxx	4023365	14709686061	6241390	17751105	459940072	1640121208	NA	0
4268	3	opencv	fedora-clang-libcxx	4101166	14713787227	6241405	17751105	460065414	1640590848	NA	0
4269	3	opencv	fedora-clang-libcxx	3655022	14717442249	6241420	17751105	460178691	1640997397	NA	0
4270	3	opencv	fedora-clang-libcxx	6147947	14723590196	6241435	17751105	460347836	1641619881	NA	0
4271	3	opencv	fedora-clang-libcxx	4988694	14728578890	6241450	17751105	460500512	1642183319	NA	0
4272	3	opencv	fedora-clang-libcxx	4898991	14733477881	6241465	17751105	460648097	1642727277	NA	0
4273	3	opencv	fedora-clang-libcxx	4887773	14738365654	6241480	17751105	460795555	1643269951	NA	0
4274	3	opencv	fedora-clang-libcxx	4894299	14743259953	6241495	17751105	460943174	1643813850	NA	0
4275	3	opencv	fedora-clang-libcxx	4900004	14748159957	6241510	17751105	461090772	1644357794	NA	0
4276	3	opencv	fedora-clang-libcxx	4933763	14753093720	6241525	17751105	461239214	1644906190	NA	0
4277	3	opencv	fedora-clang-libcxx	5032469	14758126189	6241540	17751105	461389814	1645466794	NA	0
4278	3	opencv	fedora-clang-libcxx	4898525	14763024714	6241555	17751105	461537814	1646012577	NA	0
4279	3	opencv	fedora-clang-libcxx	4898795	14767923509	6241570	17751105	461685752	1646557086	NA	0
4280	3	opencv	fedora-clang-libcxx	4952318	14772875827	6241585	17751105	461835859	1647111442	NA	0
4281	3	opencv	fedora-clang-libcxx	4892778	14777768605	6241600	17751105	461983673	1647655302	NA	0
4282	3	opencv	fedora-clang-libcxx	4962836	14782731441	6241615	17751105	462132368	1648208443	NA	0
4283	3	opencv	fedora-clang-libcxx	4885771	14787617212	6241630	17751105	462279907	1648751336	NA	0
4284	3	opencv	fedora-clang-libcxx	4886240	14792503452	6241645	17751105	462427446	1649294404	NA	0
4285	3	opencv	fedora-clang-libcxx	4887470	14797390922	6241660	17751105	462575028	1649837388	NA	0
4286	3	opencv	fedora-clang-libcxx	4991863	14802382785	6241675	17751105	462727561	1650401139	NA	0
4287	3	opencv	fedora-clang-libcxx	4892127	14807274912	6241690	17751105	462875112	1650944389	NA	0
4288	3	opencv	fedora-clang-libcxx	4924516	14812199428	6241705	17751105	463023502	1651499969	NA	0
4289	3	opencv	fedora-clang-libcxx	5077119	14817276547	6241720	17751105	463176022	1652069716	NA	0
4290	3	opencv	fedora-clang-libcxx	5011939	14822288486	6241735	17751105	463328674	1652634278	NA	0
4291	3	opencv	fedora-clang-libcxx	4931072	14827219558	6241750	17751105	463476995	1653183434	NA	0
4292	3	opencv	fedora-clang-libcxx	4892111	14832111669	6241765	17751105	463624553	1653726989	NA	0
4293	3	opencv	fedora-clang-libcxx	4881326	14836992995	6241780	17751105	463771817	1654268707	NA	0
4294	3	opencv	fedora-clang-libcxx	4880187	14841873182	6241795	17751105	463919182	1654810142	NA	0
4295	3	opencv	fedora-clang-libcxx	4880175	14846753357	6241810	17751105	464066547	1655351560	NA	0
4296	3	opencv	fedora-clang-libcxx	4887157	14851640514	6241825	17751105	464214143	1655894665	NA	0
4297	3	opencv	fedora-clang-libcxx	5113009	14856753523	6241840	17751105	464364421	1656453090	NA	0
4298	3	opencv	fedora-clang-libcxx	4935688	14861689211	6241855	17751105	464513267	1657003974	NA	0
4299	3	opencv	fedora-clang-libcxx	4889878	14866579089	6241870	17751105	464660660	1657546781	NA	0
4300	3	opencv	fedora-clang-libcxx	4902146	14871481235	6241885	17751105	464808271	1658091015	NA	0
4301	3	opencv	fedora-clang-libcxx	5087409	14876568644	6241900	17751105	464962774	1658664510	NA	0
4302	3	opencv	fedora-clang-libcxx	4959485	14881528129	6241915	17751105	465113451	1659220481	NA	0
4303	3	opencv	fedora-clang-libcxx	4948849	14886476978	6241930	17751105	465264800	1659774104	NA	0
4304	3	opencv	fedora-clang-libcxx	4926126	14891403104	6241945	17751105	465412847	1660322064	NA	0
4305	3	opencv	fedora-clang-libcxx	4981362	14896384466	6241960	17751105	465567204	1660885548	NA	0
4306	3	opencv	fedora-clang-libcxx	4883682	14901268148	6241975	17751105	465716188	1661428294	NA	0
4307	3	opencv	fedora-clang-libcxx	4879222	14906147370	6241990	17751105	465865199	1661970978	NA	0
4308	3	opencv	fedora-clang-libcxx	4883672	14911031042	6242005	17751105	466014122	1662513673	NA	0
4309	3	opencv	fedora-clang-libcxx	4873586	14915904628	6242020	17751105	466162951	1663054927	NA	0
4310	3	opencv	fedora-clang-libcxx	4888363	14920792991	6242035	17751105	466311967	1663597967	NA	0
4311	3	opencv	fedora-clang-libcxx	4884048	14925677039	6242050	17751105	466461033	1664140874	NA	0
4312	3	opencv	fedora-clang-libcxx	4879393	14930556432	6242065	17751105	466610009	1664683152	NA	0
4313	3	opencv	fedora-clang-libcxx	4881316	14935437748	6242080	17751105	466758909	1665225317	NA	0
4314	3	opencv	fedora-clang-libcxx	4102003	14939539751	6242095	17751105	466887775	1665695484	NA	0
4315	3	opencv	fedora-clang-libcxx	4147869	14943687620	6242110	17751105	467017796	1666170064	NA	0
4316	3	opencv	fedora-clang-libcxx	3883432	14947571052	6242125	17751105	467141355	1666618000	NA	0
4317	3	opencv	fedora-clang-libcxx	4802552	14952373604	6242140	17751105	467286701	1667143714	NA	0
4318	3	opencv	fedora-clang-libcxx	4769517	14957143121	6242155	17751105	467431721	1667666564	NA	0
4319	3	opencv	fedora-clang-libcxx	3834381	14960977502	6242170	17751105	467552779	1668106735	NA	0
4320	3	opencv	fedora-clang-libcxx	3790066	14964767568	6242185	17751105	467671785	1668537735	NA	0
4321	3	opencv	fedora-clang-libcxx	3820556	14968588124	6242200	17751105	467791810	1668973925	NA	0
4322	3	opencv	fedora-clang-libcxx	4125159	14972713283	6242215	17751105	467921286	1669451340	NA	0
4323	3	opencv	fedora-clang-libcxx	4850808	14977564091	6242230	17751105	468119615	1670142531	NA	0
4324	3	opencv	fedora-clang-libcxx	3788357	14981352448	6242245	17751105	468238517	1670573085	NA	0
4325	3	opencv	fedora-clang-libcxx	3927022	14985279470	6242260	17751105	468362551	1671027406	NA	0
4326	3	opencv	fedora-clang-libcxx	4084631	14989364101	6242275	17751105	468490303	1671493331	NA	0
4327	3	opencv	fedora-clang-libcxx	3790868	14993154969	6242290	17751105	468609417	1671924723	NA	0
4328	3	opencv	fedora-clang-libcxx	3791576	14996946545	6242305	17751105	468728495	1672355953	NA	0
4329	3	opencv	fedora-clang-libcxx	4065864	15001012409	6242320	17751105	468855416	1672817941	NA	0
4330	3	opencv	fedora-clang-libcxx	3787356	15004799765	6242335	17751105	468974303	1673248262	NA	0
4331	3	opencv	fedora-clang-libcxx	3792199	15008591964	6242350	17751105	469093470	1673679881	NA	0
4332	3	opencv	fedora-clang-libcxx	3792010	15012383974	6242365	17751105	469212613	1674111443	NA	0
4333	3	opencv	fedora-clang-libcxx	3954087	15016338061	6242380	17751105	469335859	1674558747	NA	0
4334	3	opencv	fedora-clang-libcxx	3805058	15020143119	6242395	17751105	469455502	1674993159	NA	0
4335	3	opencv	fedora-clang-libcxx	3872603	15024015722	6242410	17751105	469577591	1675438864	NA	0
4336	3	opencv	fedora-clang-libcxx	3812065	15027827787	6242425	17751105	469697512	1675874218	NA	0
4337	3	opencv	fedora-clang-libcxx	3904914	15031732701	6242440	17751105	469820320	1676319438	NA	0
4338	3	opencv	fedora-clang-libcxx	4068605	15035801306	6242455	17751105	469947298	1676781990	NA	0
4339	3	opencv	fedora-clang-libcxx	4066356	15039867662	6242470	17751105	470074197	1677244346	NA	0
4340	3	opencv	fedora-clang-libcxx	3788810	15043656472	6242485	18422312	470193101	1677674710	NA	1
4341	3	opencv	fedora-clang-libcxx	4184667	15047841139	6242500	18422312	470324087	1678181418	NA	0
4342	3	opencv	fedora-clang-libcxx	3785256	15051626395	6242515	18422312	470442802	1678611207	NA	0
4343	3	opencv	fedora-clang-libcxx	4246862	15055873257	6242530	18422312	470576941	1679109855	NA	0
4344	3	opencv	fedora-clang-libcxx	3872950	15059746207	6242545	18422312	470700025	1679559412	NA	0
4345	3	opencv	fedora-clang-libcxx	3655054	15063401261	6242560	18422312	470813302	1679965913	NA	0
4346	3	opencv	fedora-clang-libcxx	5195502	15068596763	6242575	18422312	470976047	1680543928	NA	0
4347	3	opencv	fedora-clang-libcxx	5121048	15073717811	6242590	18422312	471129853	1681103615	NA	0
4348	3	opencv	fedora-clang-libcxx	5200522	15078918333	6242605	18422312	471291363	1681679635	NA	0
4349	3	opencv	fedora-clang-libcxx	5340198	15084258531	6242620	18422312	471454710	1682269103	NA	0
4350	3	opencv	fedora-clang-libcxx	5119699	15089378230	6242635	18422312	471608517	1682828274	NA	0
4351	3	opencv	fedora-clang-libcxx	5262096	15094640326	6242650	18422312	471770675	1683410799	NA	0
4352	3	opencv	fedora-clang-libcxx	5148330	15099788656	6242665	18422312	471930072	1683977835	NA	0
4353	3	opencv	fedora-clang-libcxx	5290509	15105079165	6242680	18422312	472092638	1684563601	NA	0
4354	3	opencv	fedora-clang-libcxx	5100239	15110179404	6242695	18422312	472246410	1685121660	NA	0
4355	3	opencv	fedora-clang-libcxx	5088233	15115267637	6242710	18422312	472399880	1685677375	NA	0
4356	3	opencv	fedora-clang-libcxx	5207343	15120474980	6242725	18422312	472554188	1686242051	NA	0
4357	3	opencv	fedora-clang-libcxx	5157907	15125632887	6242740	18422312	472708537	1686805326	NA	0
4358	3	opencv	fedora-clang-libcxx	4922360	15130555247	6242755	18422312	472860730	1687359336	NA	0
4359	3	opencv	fedora-clang-libcxx	4922166	15135477413	6242770	18422312	473012925	1687913231	NA	0
4360	3	opencv	fedora-clang-libcxx	4941665	15140419078	6242785	18422312	473163997	1688466569	NA	0
4361	3	opencv	fedora-clang-libcxx	4832015	15145251093	6242800	18422312	473310966	1688999766	NA	0
4362	3	opencv	fedora-clang-libcxx	4814389	15150065482	6242815	18422312	473457828	1689531655	NA	0
4363	3	opencv	fedora-clang-libcxx	5122317	15155187799	6242830	18422312	473611680	1690091089	NA	0
4364	3	opencv	fedora-clang-libcxx	4192732	15159380531	6242845	18422312	473740531	1690572695	NA	0
4365	3	opencv	fedora-clang-libcxx	4184947	15163565478	6242860	18422312	473869580	1691054645	NA	0
4366	3	opencv	fedora-clang-libcxx	4166467	15167731945	6242875	18422312	473997812	1691533122	NA	0
4367	3	opencv	fedora-clang-libcxx	4188305	15171920250	6242890	18422312	474126848	1692015763	NA	0
4368	3	opencv	fedora-clang-libcxx	4182476	15176102726	6242905	18422312	474255635	1692497047	NA	0
4369	3	opencv	fedora-clang-libcxx	4203311	15180306037	6242920	18422312	474385300	1692981735	NA	0
4370	3	opencv	fedora-clang-libcxx	4283634	15184589671	6242935	18422312	474516889	1693475199	NA	0
4371	3	opencv	fedora-clang-libcxx	4186459	15188776130	6242950	18422312	474645861	1693956776	NA	0
4372	3	opencv	fedora-clang-libcxx	4169061	15192945191	6242965	18422312	474774196	1694435780	NA	0
4373	3	opencv	fedora-clang-libcxx	4169657	15197114848	6242980	18422312	474902593	1694914780	NA	0
4374	3	opencv	fedora-clang-libcxx	4182762	15201297610	6242995	18422312	475031352	1695395271	NA	0
4375	3	opencv	fedora-clang-libcxx	4170223	15205467833	6243010	18422312	475159684	1695874117	NA	0
4376	3	opencv	fedora-clang-libcxx	3655054	15209122887	6243025	18422312	475272961	1696280616	NA	0
4377	3	opencv	fedora-clang-libcxx	5037979	15214160866	6243040	18422312	475433689	1696852645	NA	0
4378	3	opencv	fedora-clang-libcxx	4934336	15219095202	6243055	18422312	475584938	1697403411	NA	0
4379	3	opencv	fedora-clang-libcxx	4937520	15224032722	6243070	18422312	475736282	1697954550	NA	0
4380	3	opencv	fedora-clang-libcxx	4934179	15228966901	6243085	18422312	475887539	1698505384	NA	0
4381	3	opencv	fedora-clang-libcxx	4930662	15233897563	6243100	18422312	476038709	1699055482	NA	0
4382	3	opencv	fedora-clang-libcxx	4938378	15238835941	6243115	18422312	476189980	1699606552	NA	0
4383	3	opencv	fedora-clang-libcxx	4962737	15243798678	6243130	18422312	476341252	1700158567	NA	0
4384	3	opencv	fedora-clang-libcxx	4934577	15248733255	6243145	18422312	476492457	1700709205	NA	0
4385	3	opencv	fedora-clang-libcxx	4935077	15253668332	6243160	18422312	476643691	1701260007	NA	0
4386	3	opencv	fedora-clang-libcxx	5038786	15258707118	6243175	18422312	476804531	1701832421	NA	0
4387	3	opencv	fedora-clang-libcxx	5038862	15263745980	6243190	18422312	476965332	1702404789	NA	0
4388	3	opencv	fedora-clang-libcxx	4938340	15268684320	6243205	18422312	477116670	1702956245	NA	0
4389	3	opencv	fedora-clang-libcxx	4931094	15273615414	6243220	18422312	477267869	1703506587	NA	0
4390	3	opencv	fedora-clang-libcxx	5231991	15278847405	6243235	18422312	477434053	1704102796	NA	0
4391	3	opencv	fedora-clang-libcxx	4980502	15283827907	6243250	18422312	477586681	1704660603	NA	0
4392	3	opencv	fedora-clang-libcxx	4822652	15288650559	6243265	18422312	477734209	1705193426	NA	0
4393	3	opencv	fedora-clang-libcxx	4827755	15293478314	6243280	18422312	477881591	1705727726	NA	0
4394	3	opencv	fedora-clang-libcxx	4885975	15298364289	6243295	18422312	478032350	1706274814	NA	0
4395	3	opencv	fedora-clang-libcxx	4887408	15303251697	6243310	18422312	478183179	1706822364	NA	0
4396	3	opencv	fedora-clang-libcxx	4878189	15308129886	6243325	18422312	478333224	1707368462	NA	0
4397	3	opencv	fedora-clang-libcxx	4849747	15312979633	6243340	18422312	478482101	1707908011	NA	0
4398	3	opencv	fedora-clang-libcxx	4959406	15317939039	6243355	18422312	478635407	1708466333	NA	0
4399	3	opencv	fedora-clang-libcxx	5035531	15322974570	6243370	18422312	478797510	1709044624	NA	0
4400	3	opencv	fedora-clang-libcxx	4847650	15327822220	6243385	18422312	478945341	1709582538	NA	0
4401	3	opencv	fedora-clang-libcxx	4793690	15332615910	6243400	18422312	479091622	1710110002	NA	0
4402	3	opencv	fedora-clang-libcxx	4047096	15336663006	6243415	18422312	479217928	1710569016	NA	0
4403	3	opencv	fedora-clang-libcxx	4049418	15340712424	6243430	18422312	479344221	1711028753	NA	0
4404	3	opencv	fedora-clang-libcxx	4032061	15344744485	6243445	18422312	479469658	1711484841	NA	0
4405	3	opencv	fedora-clang-libcxx	4311066	15349055551	6243460	18422312	479602434	1711978389	NA	0
4406	3	opencv	fedora-clang-libcxx	4053158	15353108709	6243475	18422312	479728536	1712437538	NA	0
4407	3	opencv	fedora-clang-libcxx	4070861	15357179570	6243490	18422312	479855339	1712899613	NA	0
4408	3	opencv	fedora-clang-libcxx	4028846	15361208416	6243505	18422312	479980598	1713354746	NA	0
4409	3	opencv	fedora-clang-libcxx	4408683	15365617099	6243520	18422312	480117236	1713867669	NA	0
4410	3	opencv	fedora-clang-libcxx	4264361	15369881460	6243535	18422312	480248622	1714354253	NA	0
4411	3	opencv	fedora-clang-libcxx	4280444	15374161904	6243550	18422312	480380773	1714845113	NA	0
4412	3	opencv	fedora-clang-libcxx	4093024	15378254928	6243565	18422312	480508212	1715307624	NA	0
4413	3	opencv	fedora-clang-libcxx	4032141	15382287069	6243580	18422312	480633856	1715763400	NA	0
4414	3	opencv	fedora-clang-libcxx	4033214	15386320283	6243595	18422312	480759540	1716219351	NA	0
4415	3	opencv	fedora-clang-libcxx	4038256	15390358539	6243610	18422312	480885522	1716676527	NA	0
4416	3	opencv	fedora-clang-libcxx	4038898	15394397437	6243625	18422312	481011525	1717133769	NA	0
4417	3	opencv	fedora-clang-libcxx	4034561	15398431998	6243640	18422312	481137273	1717590047	NA	0
4418	3	opencv	fedora-clang-libcxx	4033391	15402465389	6243655	18422312	481262967	1718046053	NA	0
4419	3	opencv	fedora-clang-libcxx	4035447	15406500836	6243670	18422312	481388776	1718502525	NA	0
4420	3	opencv	fedora-clang-libcxx	4032506	15410533342	6243685	18422312	481514434	1718958359	NA	0
4421	3	opencv	fedora-clang-libcxx	4056956	15414590298	6243700	18422312	481640847	1719417089	NA	0
4422	3	opencv	fedora-clang-libcxx	4035196	15418625494	6243715	18422312	481766733	1719873975	NA	0
4423	3	opencv	fedora-clang-libcxx	4025871	15422651365	6243730	18422312	481892052	1720328477	NA	0
4424	3	opencv	fedora-clang-libcxx	4040654	15426692019	6243745	18422312	482018039	1720786476	NA	0
4425	3	opencv	fedora-clang-libcxx	4030545	15430722564	6243760	18422312	482143543	1721242063	NA	0
4426	3	opencv	fedora-clang-libcxx	4049355	15434771919	6243775	18422312	482270068	1721701425	NA	0
4427	3	opencv	fedora-clang-libcxx	4036430	15438808349	6243790	18422312	482395769	1722158719	NA	0
4428	3	opencv	fedora-clang-libcxx	4032432	15442840781	6243805	18422312	482521428	1722615003	NA	0
4429	3	opencv	fedora-clang-libcxx	4316035	15447156816	6243820	18422312	482654104	1723108678	NA	0
4430	3	opencv	fedora-clang-libcxx	3654990	15450811806	6243835	18422312	482767381	1723515167	NA	0
4431	3	opencv	fedora-clang-libcxx	4280433	15455092239	6243850	18422312	482899250	1724002687	NA	0
4432	3	opencv	fedora-clang-libcxx	6187015	15461279254	6243865	18422312	483076427	1724625244	NA	0
4433	3	opencv	fedora-clang-libcxx	6444362	15467723616	6243880	18422312	483257402	1725273200	NA	0
4434	3	opencv	fedora-clang-libcxx	5012593	15472736209	6243895	18422312	483412393	1725838012	NA	0
4435	3	opencv	fedora-clang-libcxx	5012635	15477748844	6243910	18422312	483567574	1726402857	NA	0
4436	3	opencv	fedora-clang-libcxx	5012705	15482761549	6243925	18422312	483722755	1726967676	NA	0
4437	3	opencv	fedora-clang-libcxx	5012680	15487774229	6243940	18422312	483877936	1727532522	NA	0
4438	3	opencv	fedora-clang-libcxx	4928754	15492702983	6243955	18422312	484027906	1728077815	NA	0
4439	3	opencv	fedora-clang-libcxx	4918456	15497621439	6243970	18422312	484177790	1728622096	NA	0
4440	3	opencv	fedora-clang-libcxx	5022809	15502644248	6243985	18422312	484332809	1729187545	NA	0
4441	3	opencv	fedora-clang-libcxx	4918540	15507562788	6244000	18422312	484482559	1729731289	NA	0
4442	3	opencv	fedora-clang-libcxx	4919134	15512481922	6244015	18422312	484632777	1730276703	NA	0
4443	3	opencv	fedora-clang-libcxx	4940708	15517422630	6244030	18422312	484783134	1730824292	NA	0
4444	3	opencv	fedora-clang-libcxx	4910123	15522332753	6244045	18422312	484933072	1731368374	NA	0
4445	3	opencv	fedora-clang-libcxx	4908126	15527240879	6244060	18422312	485082904	1731911908	NA	0
4446	3	opencv	fedora-clang-libcxx	4905474	15532146353	6244075	18422312	485232605	1732454669	NA	0
4447	3	opencv	fedora-clang-libcxx	4915013	15537061366	6244090	18422312	485382611	1732999309	NA	0
4448	3	opencv	fedora-clang-libcxx	4944601	15542005967	6244105	18422312	485533079	1733547663	NA	0
4449	3	opencv	fedora-clang-libcxx	5013213	15547019180	6244120	18422312	485688110	1734112611	NA	0
4450	3	opencv	fedora-clang-libcxx	5013217	15552032397	6244135	18422312	485843141	1734677593	NA	0
4451	3	opencv	fedora-clang-libcxx	5013338	15557045735	6244150	18422312	485998177	1735242600	NA	0
4452	3	opencv	fedora-clang-libcxx	5013213	15562058948	6244165	19119675	486153217	1735807482	NA	1
4453	3	opencv	fedora-clang-libcxx	5013328	15567072276	6244180	19119675	486308437	1736372335	NA	0
4454	3	opencv	fedora-clang-libcxx	5013308	15572085584	6244195	19119675	486463657	1736937277	NA	0
4455	3	opencv	fedora-clang-libcxx	4913750	15576999334	6244210	19119675	486613500	1737481429	NA	0
4456	3	opencv	fedora-clang-libcxx	4913928	15581913262	6244225	19119675	486763343	1738025612	NA	0
4457	3	opencv	fedora-clang-libcxx	4909469	15586822731	6244240	19119675	486913128	1738569459	NA	0
4458	3	opencv	fedora-clang-libcxx	4919158	15591741889	6244255	19119675	487062989	1739113768	NA	0
4459	3	opencv	fedora-clang-libcxx	4905646	15596647535	6244270	19119675	487212707	1739656499	NA	0
4460	3	opencv	fedora-clang-libcxx	4933351	15601580886	6244285	19119675	487362717	1740202263	NA	0
4461	3	opencv	fedora-clang-libcxx	4914042	15606494928	6244300	19119675	487512550	1740746523	NA	0
4462	3	opencv	fedora-clang-libcxx	4909003	15611403931	6244315	19119675	487662297	1741289975	NA	0
4463	3	opencv	fedora-clang-libcxx	3956494	15615360425	6244330	19119675	487785962	1741737334	NA	0
4464	3	opencv	fedora-clang-libcxx	3808026	15619168451	6244345	19119675	487905975	1742171368	NA	0
4465	3	opencv	fedora-clang-libcxx	3820059	15622988510	6244360	19119675	488026591	1742610386	NA	0
4466	3	opencv	fedora-clang-libcxx	3896084	15626884594	6244375	19119675	488148917	1743065665	NA	0
4467	3	opencv	fedora-clang-libcxx	3908510	15630793104	6244390	19119675	488273781	1743522800	NA	0
4468	3	opencv	fedora-clang-libcxx	3832979	15634626083	6244405	19119675	488395212	1743966199	NA	0
4469	3	opencv	fedora-clang-libcxx	3660134	15638286217	6244420	19119675	488507345	1744378163	NA	0
4470	3	opencv	fedora-clang-libcxx	3725846	15642012063	6244435	19119675	488623633	1744798860	NA	0
4471	3	opencv	fedora-clang-libcxx	3654571	15645666634	6244450	19119675	488734972	1745207329	NA	0
4472	3	opencv	fedora-clang-libcxx	3900596	15649567230	6244465	19119675	488853083	1745641501	NA	0
4473	3	opencv	fedora-clang-libcxx	4073214	15653640444	6244480	19119675	488978607	1746106200	NA	0
4474	3	opencv	fedora-clang-libcxx	4003772	15657644216	6244495	19119675	489102056	1746562116	NA	0
4475	3	opencv	fedora-clang-libcxx	4020972	15661665188	6244510	19119675	489226021	1747020657	NA	0
4476	3	opencv	fedora-clang-libcxx	4051740	15665716928	6244525	19119675	489351606	1747486207	NA	0
4477	3	opencv	fedora-clang-libcxx	3999595	15669716523	6244540	19119675	489474923	1747941533	NA	0
4478	3	opencv	fedora-clang-libcxx	4020679	15673737202	6244555	19119675	489598878	1748399981	NA	0
4479	3	opencv	fedora-clang-libcxx	4090944	15677828146	6244570	19119675	489725161	1748868389	NA	0
4480	3	opencv	fedora-clang-libcxx	4001338	15681829484	6244585	19119675	489848571	1749324022	NA	0
4481	3	opencv	fedora-clang-libcxx	4066634	15685896118	6244600	19119675	489973696	1749787248	NA	0
4482	3	opencv	fedora-clang-libcxx	4065483	15689961601	6244615	19119675	490098709	1750250012	NA	0
4483	3	opencv	fedora-clang-libcxx	4064310	15694025911	6244630	19119675	490223672	1750712440	NA	0
4484	3	opencv	fedora-clang-libcxx	4065267	15698091178	6244645	19119675	490348681	1751175190	NA	0
4485	3	opencv	fedora-clang-libcxx	4073087	15702164265	6244660	19119675	490474193	1751640189	NA	0
4486	3	opencv	fedora-clang-libcxx	4287267	15706451532	6244675	19119675	490606761	1752121926	NA	0
4487	3	opencv	fedora-clang-libcxx	4065082	15710516614	6244690	19119675	490731810	1752584638	NA	0
4488	3	opencv	fedora-clang-libcxx	4020876	15714537490	6244705	19119675	490855766	1753043209	NA	0
4489	3	opencv	fedora-clang-libcxx	4080197	15718617687	6244720	19119675	490981941	1753510137	NA	0
4490	3	opencv	fedora-clang-libcxx	4042127	15722659814	6244735	19119675	491106892	1753973006	NA	0
4491	3	opencv	fedora-clang-libcxx	4043823	15726703637	6244750	19119675	491234322	1754436766	NA	0
4492	3	opencv	fedora-clang-libcxx	3750029	15730453666	6244765	19119675	491350489	1754865103	NA	0
4493	3	opencv	fedora-clang-libcxx	4064222	15734517888	6244780	19119675	491476149	1755330707	NA	0
4494	3	opencv	fedora-clang-libcxx	3864895	15738382783	6244795	19119675	491596610	1755776422	NA	0
4495	3	opencv	fedora-clang-libcxx	3754117	15742136900	6244810	19119675	491715444	1756205928	NA	0
4496	3	opencv	fedora-clang-libcxx	4066720	15746203620	6244825	19119675	491841212	1756671955	NA	0
4497	3	opencv	fedora-clang-libcxx	3753710	15749957330	6244840	19119675	491960080	1757101500	NA	0
4498	3	opencv	fedora-clang-libcxx	3802493	15753759823	6244855	19119675	492080963	1757540894	NA	0
4499	3	opencv	fedora-clang-libcxx	3818690	15757578513	6244870	19119675	492199200	1757977296	NA	0
4500	4	opencv	fedora-clang-libcxx	1733186	15759311699	6244885	19119675	492251330	1758158217	NA	0
4501	4	opencv	fedora-clang-libcxx	557810	15759869509	6244900	19119675	492266732	1758210470	NA	0
4502	4	opencv	fedora-clang-libcxx	2771811	15762641320	6244915	19119675	492351503	1758507645	NA	0
4503	4	opencv	fedora-clang-libcxx	2771931	15765413251	6244930	19119675	492436246	1758804084	NA	0
4504	4	opencv	fedora-clang-libcxx	3187729	15768600980	6244945	19119675	492530267	1759144070	NA	0
4505	4	opencv	fedora-clang-libcxx	3060105	15771661085	6244960	19119675	492621282	1759471447	NA	0
4506	4	opencv	fedora-clang-libcxx	3170615	15774831700	6244975	19119675	492715357	1759813377	NA	0
4507	4	opencv	fedora-clang-libcxx	3167884	15777999584	6244990	19119675	492809587	1760153939	NA	0
4508	4	opencv	fedora-clang-libcxx	3163508	15781163092	6245005	19119675	492903586	1760494404	NA	0
4509	4	opencv	fedora-clang-libcxx	3183319	15784346411	6245020	19119675	492998227	1760837317	NA	0
4510	4	opencv	fedora-clang-libcxx	3039421	15787385832	6245035	19119675	493088228	1761161934	NA	0
4511	4	opencv	fedora-clang-libcxx	3090637	15790476469	6245050	19119675	493180027	1761492903	NA	0
4512	4	opencv	fedora-clang-libcxx	3050083	15793526552	6245065	19119675	493270587	1761819880	NA	0
4513	4	opencv	fedora-clang-libcxx	3277269	15796803821	6245080	19119675	493367883	1762173736	NA	0
4514	4	opencv	fedora-clang-libcxx	3095959	15799899780	6245095	19119675	493458958	1762502143	NA	0
4515	4	opencv	fedora-clang-libcxx	3113935	15803013715	6245110	19119675	493550701	1762834557	NA	0
4516	4	opencv	fedora-clang-libcxx	3129615	15806143330	6245125	19119675	493643148	1763169470	NA	0
4517	4	opencv	fedora-clang-libcxx	86282	15806229612	6245140	19119675	493646762	1763184693	NA	0
4518	4	opencv	fedora-clang-libcxx	53146	15806282758	6245155	19119675	493649310	1763195449	NA	0
4519	4	opencv	fedora-clang-libcxx	169698	15806452456	6245170	19119675	493655491	1763242049	NA	0
4520	4	opencv	fedora-clang-libcxx	136733	15806589189	6245185	19119675	493661325	1763266832	NA	0
4521	4	opencv	fedora-clang-libcxx	102760	15806691949	6245200	19119675	493665640	1763285085	NA	0
4522	4	opencv	fedora-clang-libcxx	112158	15806804107	6245215	19119675	493670507	1763305316	NA	0
4523	4	opencv	fedora-clang-libcxx	115551	15806919658	6245230	19119675	493675548	1763326477	NA	0
4524	4	opencv	fedora-clang-libcxx	114814	15807034472	6245245	19119675	493680500	1763347347	NA	0
4525	4	opencv	fedora-clang-libcxx	125718	15807160190	6245260	19119675	493685746	1763369443	NA	0
4526	4	opencv	fedora-clang-libcxx	103538	15807263728	6245275	19119675	493690042	1763387584	NA	0
4527	4	opencv	fedora-clang-libcxx	96147	15807359875	6245290	19119675	493694210	1763405934	NA	0
4528	4	opencv	fedora-clang-libcxx	92266	15807452141	6245305	19119675	493698184	1763422466	NA	0
4529	4	opencv	fedora-clang-libcxx	119631	15807571772	6245320	19119675	493702956	1763443718	NA	0
4530	4	opencv	fedora-clang-libcxx	52970	15807624742	6245335	19119675	493705504	1763454444	NA	0
4531	4	opencv	fedora-clang-libcxx	105752	15807730494	6245350	19119675	493709990	1763473087	NA	0
4532	4	opencv	fedora-clang-libcxx	110281	15807840775	6245365	19119675	493714419	1763491928	NA	0
4533	4	opencv	fedora-clang-libcxx	145863	15807986638	6245380	19119675	493719514	1763512676	NA	0
4534	4	opencv	fedora-clang-libcxx	117544	15808104182	6245395	19119675	493724293	1763532957	NA	0
4535	4	opencv	fedora-clang-libcxx	115823	15808220005	6245410	19119675	493728860	1763552427	NA	0
4536	4	opencv	fedora-clang-libcxx	110216	15808330221	6245425	19119675	493733345	1763571523	NA	0
4537	4	opencv	fedora-clang-libcxx	115516	15808445737	6245440	19119675	493738043	1763591522	NA	0
4538	4	opencv	fedora-clang-libcxx	119375	15808565112	6245455	19119675	493742858	1763612117	NA	0
4539	4	opencv	fedora-clang-libcxx	127669	15808692781	6245470	19119675	493748024	1763634051	NA	0
4540	4	opencv	fedora-clang-libcxx	170079	15808862860	6245485	19119675	493753677	1763656830	NA	0
4541	4	opencv	fedora-clang-libcxx	116737	15808979597	6245500	19119675	493758437	1763677038	NA	0
4542	4	opencv	fedora-clang-libcxx	114317	15809093914	6245515	19119675	493762986	1763696396	NA	0
4543	4	opencv	fedora-clang-libcxx	117855	15809211769	6245530	19119675	493767749	1763716577	NA	0
4544	4	opencv	fedora-clang-libcxx	114541	15809326310	6245545	19119675	493772371	1763736118	NA	0
4545	4	opencv	fedora-clang-libcxx	119641	15809445951	6245560	19119675	493777236	1763756691	NA	0
4546	4	opencv	fedora-clang-libcxx	107154	15809553105	6245575	19119675	493781572	1763775109	NA	0
4547	4	opencv	fedora-clang-libcxx	117175	15809670280	6245590	19119675	493786356	1763795492	NA	0
4548	4	opencv	fedora-clang-libcxx	125161	15809795441	6245605	19119675	493791318	1763816574	NA	0
4549	4	opencv	fedora-clang-libcxx	133335	15809928776	6245620	19119675	493796721	1763839638	NA	0
4550	4	opencv	fedora-clang-libcxx	120417	15810049193	6245635	19119675	493801496	1763859939	NA	0
4551	4	opencv	fedora-clang-libcxx	169903	15810219096	6245650	19119675	493806916	1763881784	NA	0
4552	4	opencv	fedora-clang-libcxx	114014	15810333110	6245665	19119675	493811422	1763900901	NA	0
4553	4	opencv	fedora-clang-libcxx	115239	15810448349	6245680	19119675	493815948	1763920217	NA	0
4554	4	opencv	fedora-clang-libcxx	115753	15810564102	6245695	19119675	493820537	1763939735	NA	0
4555	4	opencv	fedora-clang-libcxx	116550	15810680652	6245710	19119675	493825172	1763959340	NA	0
4556	4	opencv	fedora-clang-libcxx	194772	15810875424	6245725	19119675	493831473	1763985272	NA	0
4557	4	opencv	fedora-clang-libcxx	118931	15810994355	6245740	19119675	493836142	1764005039	NA	0
4558	4	opencv	fedora-clang-libcxx	123662	15811118017	6245755	19119675	493841278	1764027491	NA	0
4559	4	opencv	fedora-clang-libcxx	132450	15811250467	6245770	19119675	493846834	1764050908	NA	0
4560	4	opencv	fedora-clang-libcxx	108470	15811358937	6245785	19119675	493851210	1764069575	NA	0
4561	4	opencv	fedora-clang-libcxx	133614	15811492551	6245800	19119675	493856172	1764089799	NA	0
4562	4	opencv	fedora-clang-libcxx	117544	15811610095	6245815	19119675	493860951	1764110069	NA	0
4563	4	opencv	fedora-clang-libcxx	115823	15811725918	6245830	19119675	493865518	1764129545	NA	0
4564	4	opencv	fedora-clang-libcxx	110216	15811836134	6245845	19446340	493870003	1764148642	NA	1
4565	4	opencv	fedora-clang-libcxx	115516	15811951650	6245860	19446340	493874701	1764168640	NA	0
4566	4	opencv	fedora-clang-libcxx	119375	15812071025	6245875	19446340	493879516	1764189218	NA	0
4567	4	opencv	fedora-clang-libcxx	112191	15812183216	6245890	19446340	493884042	1764208539	NA	0
4568	4	opencv	fedora-clang-libcxx	151827	15812335043	6245905	19446340	493889463	1764230333	NA	0
4569	4	opencv	fedora-clang-libcxx	116737	15812451780	6245920	19446340	493894223	1764250542	NA	0
4570	4	opencv	fedora-clang-libcxx	114317	15812566097	6245935	19446340	493898772	1764269896	NA	0
4571	4	opencv	fedora-clang-libcxx	117855	15812683952	6245950	19446340	493903535	1764290079	NA	0
4572	4	opencv	fedora-clang-libcxx	108678	15812792630	6245965	19446340	493907947	1764308834	NA	0
4573	4	opencv	fedora-clang-libcxx	119641	15812912271	6245980	19446340	493912812	1764329411	NA	0
4574	4	opencv	fedora-clang-libcxx	107154	15813019425	6245995	19446340	493917148	1764347827	NA	0
4575	4	opencv	fedora-clang-libcxx	110910	15813130335	6246010	19446340	493921604	1764366814	NA	0
4576	4	opencv	fedora-clang-libcxx	151190	15813281525	6246025	19446340	493926892	1764388311	NA	0
4577	4	opencv	fedora-clang-libcxx	117478	15813399003	6246040	19446340	493931668	1764408572	NA	0
4578	4	opencv	fedora-clang-libcxx	115756	15813514759	6246055	19446340	493936234	1764428044	NA	0
4579	4	opencv	fedora-clang-libcxx	110183	15813624942	6246070	19446340	493940718	1764447131	NA	0
4580	4	opencv	fedora-clang-libcxx	115454	15813740396	6246085	19446340	493945412	1764467113	NA	0
4581	4	opencv	fedora-clang-libcxx	125481	15813865877	6246100	19446340	493950408	1764488475	NA	0
4582	4	opencv	fedora-clang-libcxx	132591	15813998468	6246115	19446340	493955801	1764511163	NA	0
4583	4	opencv	fedora-clang-libcxx	175812	15814174280	6246130	19446340	493961660	1764534742	NA	0
4584	4	opencv	fedora-clang-libcxx	116686	15814290966	6246145	19446340	493966418	1764554954	NA	0
4585	4	opencv	fedora-clang-libcxx	114286	15814405252	6246160	19446340	493970966	1764574308	NA	0
4586	4	opencv	fedora-clang-libcxx	117776	15814523028	6246175	19446340	493975727	1764594465	NA	0
4587	4	opencv	fedora-clang-libcxx	114459	15814637487	6246190	19446340	493980348	1764613969	NA	0
4588	4	opencv	fedora-clang-libcxx	125926	15814763413	6246205	19446340	493985399	1764635288	NA	0
4589	4	opencv	fedora-clang-libcxx	107939	15814871352	6246220	19446340	493989801	1764654037	NA	0
4590	4	opencv	fedora-clang-libcxx	117145	15814988497	6246235	19446340	493994585	1764674417	NA	0
4591	4	opencv	fedora-clang-libcxx	127178	15815115675	6246250	19446340	493999696	1764696025	NA	0
4592	4	opencv	fedora-clang-libcxx	133284	15815248959	6246265	19446340	494005099	1764719070	NA	0
4593	4	opencv	fedora-clang-libcxx	120738	15815369697	6246280	19446340	494009896	1764739408	NA	0
4594	4	opencv	fedora-clang-libcxx	175729	15815545426	6246295	19446340	494015496	1764761980	NA	0
4595	4	opencv	fedora-clang-libcxx	113965	15815659391	6246310	19446340	494020004	1764781094	NA	0
4596	4	opencv	fedora-clang-libcxx	115190	15815774581	6246325	19446340	494024532	1764800408	NA	0
4597	4	opencv	fedora-clang-libcxx	115687	15815890268	6246340	19446340	494029123	1764819921	NA	0
4598	4	opencv	fedora-clang-libcxx	116526	15816006794	6246355	19446340	494033760	1764839515	NA	0
4599	4	opencv	fedora-clang-libcxx	194450	15816201244	6246370	19446340	494040068	1764865465	NA	0
4600	4	opencv	fedora-clang-libcxx	118840	15816320084	6246385	19446340	494044739	1764885229	NA	0
4601	4	opencv	fedora-clang-libcxx	123545	15816443629	6246400	19446340	494049875	1764907661	NA	0
4602	4	opencv	fedora-clang-libcxx	132285	15816575914	6246415	19446340	494055430	1764931052	NA	0
4603	4	opencv	fedora-clang-libcxx	113944	15816689858	6246430	19446340	494060050	1764950581	NA	0
4604	4	opencv	fedora-clang-libcxx	360062	15817049920	6246445	19446340	494065573	1764974670	NA	0
4605	4	opencv	fedora-clang-libcxx	108196	15817158116	6246460	19446340	494069963	1764993301	NA	0
4606	4	opencv	fedora-clang-libcxx	109435	15817267551	6246475	19446340	494074412	1765012051	NA	0
4607	4	opencv	fedora-clang-libcxx	120313	15817387864	6246490	19446340	494079342	1765033050	NA	0
4608	4	opencv	fedora-clang-libcxx	118123	15817505987	6246505	19446340	494084372	1765053900	NA	0
4609	4	opencv	fedora-clang-libcxx	129131	15817635118	6246520	19446340	494089671	1765076749	NA	0
4610	4	opencv	fedora-clang-libcxx	107592	15817742710	6246535	19446340	494094060	1765095265	NA	0
4611	4	opencv	fedora-clang-libcxx	125336	15817868046	6246550	19446340	494099158	1765117167	NA	0
4612	4	opencv	fedora-clang-libcxx	133033	15818001079	6246565	19446340	494104501	1765140027	NA	0
4613	4	opencv	fedora-clang-libcxx	116078	15818117157	6246580	19446340	494109251	1765160408	NA	0
4614	4	opencv	fedora-clang-libcxx	114919	15818232076	6246595	19446340	494113988	1765180292	NA	0
4615	4	opencv	fedora-clang-libcxx	92009	15818324085	6246610	19446340	494117867	1765196966	NA	0
4616	4	opencv	fedora-clang-libcxx	91115	15818415200	6246625	19446340	494121728	1765213565	NA	0
4617	4	opencv	fedora-clang-libcxx	139091	15818554291	6246640	19446340	494127013	1765236805	NA	0
4618	4	opencv	fedora-clang-libcxx	110176	15818664467	6246655	19446340	494131486	1765255810	NA	0
4619	4	opencv	fedora-clang-libcxx	116118	15818780585	6246670	19446340	494136220	1765275902	NA	0
4620	4	opencv	fedora-clang-libcxx	115848	15818896433	6246685	19446340	494140905	1765296298	NA	0
4621	4	opencv	fedora-clang-libcxx	150733	15819047166	6246700	19446340	494146588	1765320418	NA	0
4622	4	opencv	fedora-clang-libcxx	129622	15819176788	6246715	19446340	494151910	1765342043	NA	0
4623	4	opencv	fedora-clang-libcxx	126681	15819303469	6246730	19446340	494156992	1765363746	NA	0
4624	4	opencv	fedora-clang-libcxx	108997	15819412466	6246745	19446340	494161438	1765382613	NA	0
4625	4	opencv	fedora-clang-libcxx	95548	15819508014	6246760	19446340	494165487	1765401096	NA	0
4626	4	opencv	fedora-clang-libcxx	113783	15819621797	6246775	19446340	494169993	1765420224	NA	0
4627	4	opencv	fedora-clang-libcxx	139772	15819761569	6246790	19446340	494175586	1765443594	NA	0
4628	4	opencv	fedora-clang-libcxx	109662	15819871231	6246805	19446340	494180031	1765462377	NA	0
4629	4	opencv	fedora-clang-libcxx	734	15819871965	6246820	19446340	494180067	1765462608	NA	0
4630	4	opencv	fedora-clang-libcxx	114444	15819986409	6246835	19446340	494184583	1765482053	NA	0
4631	4	opencv	fedora-clang-libcxx	123490	15820109899	6246850	19446340	494189716	1765503197	NA	0
4632	4	opencv	fedora-clang-libcxx	122946	15820232845	6246865	19446340	494194780	1765524456	NA	0
4633	4	opencv	fedora-clang-libcxx	3691	15820236536	6246881	19446340	494194948	1765525061	NA	0
4634	4	opencv	fedora-clang-libcxx	11881	15820248417	6246897	19446340	494195328	1765526407	NA	0
4635	4	opencv	fedora-clang-libcxx	53527	15820301944	6246913	19446340	494196427	1765529054	NA	0
4636	4	opencv	fedora-clang-libcxx	37463	15820339407	6246929	19446340	494197303	1765531312	NA	0
4637	4	opencv	fedora-clang-libcxx	15685	15820355092	6246945	19446340	494197953	1765533939	NA	0
4638	4	opencv	fedora-clang-libcxx	21428	15820376520	6246961	19446340	494198654	1765536058	NA	0
4639	4	opencv	fedora-clang-libcxx	9039	15820385559	6246977	19446340	494199060	1765537334	NA	0
4640	4	opencv	fedora-clang-libcxx	44550	15820430109	6246993	19446340	494200005	1765539813	NA	0
4641	4	opencv	fedora-clang-libcxx	58898	15820489007	6247009	19446340	494201078	1765542691	NA	0
4642	4	opencv	fedora-clang-libcxx	16144	15820505151	6247025	19446340	494201766	1765544912	NA	0
4643	4	opencv	fedora-clang-libcxx	10188	15820515339	6247041	19446340	494202251	1765546389	NA	0
4644	4	opencv	fedora-clang-libcxx	14241	15820529580	6247057	19446340	494202945	1765548647	NA	0
4645	4	opencv	fedora-clang-libcxx	13957	15820543537	6247073	19446340	494203532	1765550779	NA	0
4646	4	opencv	fedora-clang-libcxx	12099	15820555636	6247089	19446340	494204145	1765552813	NA	0
4647	4	opencv	fedora-clang-libcxx	19235	15820574871	6247105	19446340	494205187	1765555850	NA	0
4648	4	opencv	fedora-clang-libcxx	14082	15820588953	6247121	19446340	494205844	1765558265	NA	0
4649	4	opencv	fedora-clang-libcxx	6481	15820595434	6247137	19446340	494206097	1765559286	NA	0
4650	4	opencv	fedora-clang-libcxx	7464	15820602898	6247153	19446340	494206354	1765560359	NA	0
4651	4	opencv	fedora-clang-libcxx	62342	15820665240	6247169	19446340	494207588	1765563640	NA	0
4652	4	opencv	fedora-clang-libcxx	42985	15820708225	6247185	19446340	494208614	1765566344	NA	0
4653	4	opencv	fedora-clang-libcxx	9994	15820718219	6247201	19446340	494209018	1765567758	NA	0
4654	4	opencv	fedora-clang-libcxx	49635	15820767854	6247217	19446340	494210012	1765570519	NA	0
4655	4	opencv	fedora-clang-libcxx	64175	15820832029	6247233	19446340	494211138	1765573704	NA	0
4656	4	opencv	fedora-clang-libcxx	18028	15820850057	6247249	19446340	494211858	1765576251	NA	0
4657	4	opencv	fedora-clang-libcxx	11261	15820861318	6247265	19446340	494212291	1765577898	NA	0
4658	4	opencv	fedora-clang-libcxx	14310	15820875628	6247281	19446340	494212854	1765580064	NA	0
4659	4	opencv	fedora-clang-libcxx	7199	15820882827	6247297	19446340	494213090	1765581007	NA	0
4660	4	opencv	fedora-clang-libcxx	200922	15821083749	6247312	19446340	494219373	1765605273	NA	0
4661	4	opencv	fedora-clang-libcxx	140110	15821223859	6247327	19446340	494224543	1765628456	NA	0
4662	4	opencv	fedora-clang-libcxx	94535	15821318394	6247342	19446340	494228486	1765646357	NA	0
4663	4	opencv	fedora-clang-libcxx	94008	15821412402	6247357	19446340	494232395	1765664242	NA	0
4664	4	opencv	fedora-clang-libcxx	136578	15821548980	6247372	19446340	494237264	1765686715	NA	0
4665	4	opencv	fedora-clang-libcxx	98702	15821647682	6247387	19446340	494241391	1765705406	NA	0
4666	4	opencv	fedora-clang-libcxx	166103	15821813785	6247402	19446340	494248129	1765734023	NA	0
4667	4	opencv	fedora-clang-libcxx	160178	15821973963	6247417	19446340	494254201	1765762397	NA	0
4668	4	opencv	fedora-clang-libcxx	356996	15822330959	6247432	19446340	494266054	1765807744	NA	0
4669	4	opencv	fedora-clang-libcxx	252549	15822583508	6247447	19446340	494274909	1765843456	NA	0
4670	4	opencv	fedora-clang-libcxx	93871	15822677379	6247462	19446340	494278818	1765861244	NA	0
4671	4	opencv	fedora-clang-libcxx	94676	15822772055	6247477	19446340	494282708	1765878885	NA	0
4672	4	opencv	fedora-clang-libcxx	93418	15822865473	6247492	19446340	494286589	1765896550	NA	0
4673	4	opencv	fedora-clang-libcxx	200599	15823066072	6247507	19446340	494292642	1765924818	NA	0
4674	4	opencv	fedora-clang-libcxx	116018	15823182090	6247522	19446340	494294107	1765932477	NA	0
4675	4	opencv	fedora-clang-libcxx	94881	15823276971	6247537	19446340	494298025	1765950435	NA	0
4676	4	opencv	fedora-clang-libcxx	209014	15823485985	6247552	19608030	494305265	1765980753	NA	1
4677	4	opencv	fedora-clang-libcxx	64760	15823550745	6247567	19608030	494307980	1765992418	NA	0
4678	4	opencv	fedora-clang-libcxx	91953	15823642698	6247582	19608030	494311775	1766009709	NA	0
4679	4	opencv	fedora-clang-libcxx	91906	15823734604	6247597	19608030	494315535	1766026996	NA	0
4680	4	opencv	fedora-clang-libcxx	200570	15823935174	6247612	19608030	494324275	1766064894	NA	0
4681	4	opencv	fedora-clang-libcxx	197752	15824132926	6247627	19608030	494331722	1766097712	NA	0
4682	4	opencv	fedora-clang-libcxx	91953	15824224879	6247642	19608030	494335517	1766114997	NA	0
4683	4	opencv	fedora-clang-libcxx	140829	15824365708	6247657	19608030	494341417	1766140695	NA	0
4684	4	opencv	fedora-clang-libcxx	95545	15824461253	6247672	19608030	494345382	1766158995	NA	0
4685	4	opencv	fedora-clang-libcxx	91959	15824553212	6247687	19608030	494349177	1766176289	NA	0
4686	4	opencv	fedora-clang-libcxx	113970	15824667182	6247702	19608030	494353945	1766197649	NA	0
4687	4	opencv	fedora-clang-libcxx	99308	15824766490	6247717	19608030	494358101	1766216471	NA	0
4688	4	opencv	fedora-clang-libcxx	91969	15824858459	6247732	19608030	494361896	1766233769	NA	0
4689	4	opencv	fedora-clang-libcxx	279803	15825138262	6247747	19608030	494371677	1766269555	NA	0
4690	4	opencv	fedora-clang-libcxx	119932	15825258194	6247762	19608030	494376657	1766292143	NA	0
4691	4	opencv	fedora-clang-libcxx	134886	15825393080	6247777	19608030	494382136	1766316382	NA	0
4692	4	opencv	fedora-clang-libcxx	102304	15825495384	6247792	19608030	494386364	1766335617	NA	0
4693	4	opencv	fedora-clang-libcxx	99474	15825594858	6247807	19608030	494390459	1766354698	NA	0
4694	4	opencv	fedora-clang-libcxx	96723	15825691581	6247822	19608030	494394434	1766373085	NA	0
4695	4	opencv	fedora-clang-libcxx	100634	15825792215	6247837	19608030	494398553	1766392034	NA	0
4696	4	opencv	fedora-clang-libcxx	92170	15825884385	6247852	19608030	494402352	1766409427	NA	0
4697	4	opencv	fedora-clang-libcxx	93985	15825978370	6247867	19608030	494406227	1766427010	NA	0
4698	4	opencv	fedora-clang-libcxx	91953	15826070323	6247882	19608030	494410022	1766444301	NA	0
4699	4	opencv	fedora-clang-libcxx	116371	15826186694	6247897	19608030	494414816	1766466031	NA	0
4700	4	opencv	fedora-clang-libcxx	139544	15826326238	6247912	19608030	494420986	1766492629	NA	0
4701	4	opencv	fedora-clang-libcxx	91953	15826418191	6247927	19608030	494424781	1766509920	NA	0
4702	4	opencv	fedora-clang-libcxx	3047294	15829465485	6247942	19608030	494517056	1766837731	NA	0
4703	4	opencv	fedora-clang-libcxx	143088	15829608573	6247957	19608030	494523106	1766864014	NA	0
4704	4	opencv	fedora-clang-libcxx	101367	15829709940	6247972	19608030	494526972	1766881691	NA	0
4705	4	opencv	fedora-clang-libcxx	49278	15829759218	6247987	19608030	494528966	1766890666	NA	0
4706	4	opencv	fedora-clang-libcxx	50031	15829809249	6248002	19608030	494530248	1766896981	NA	0
4707	4	opencv	fedora-clang-libcxx	72058	15829881307	6248017	19608030	494533072	1766909543	NA	0
4708	4	opencv	fedora-clang-libcxx	62409	15829943716	6248032	19608030	494534835	1766917998	NA	0
4709	4	opencv	fedora-clang-libcxx	46876	15829990592	6248047	19608030	494536701	1766926328	NA	0
4710	4	opencv	fedora-clang-libcxx	214250	15830204842	6248062	19608030	494543423	1766950632	NA	0
4711	4	opencv	fedora-clang-libcxx	136299	15830341141	6248077	19608030	494548932	1766975403	NA	0
4712	4	opencv	fedora-clang-libcxx	137863	15830479004	6248092	19608030	494554496	1767000406	NA	0
4713	4	opencv	fedora-clang-libcxx	149447	15830628451	6248107	19608030	494560715	1767028385	NA	0
4714	4	opencv	fedora-clang-libcxx	154957	15830783408	6248122	19608030	494567121	1767056715	NA	0
4715	4	opencv	fedora-clang-libcxx	154290	15830937698	6248137	19608030	494573330	1767084583	NA	0
4716	4	opencv	fedora-clang-libcxx	105707	15831043405	6248152	19608030	494577621	1767104505	NA	0
4717	4	opencv	fedora-clang-libcxx	130641	15831174046	6248167	19608030	494582839	1767129633	NA	0
4718	4	opencv	fedora-clang-libcxx	152066	15831326112	6248182	19608030	494589219	1767158277	NA	0
4719	4	opencv	fedora-clang-libcxx	187029	15831513141	6248197	19608030	494596909	1767192907	NA	0
4720	4	opencv	fedora-clang-libcxx	154414	15831667555	6248212	19608030	494603231	1767220911	NA	0
4721	4	opencv	fedora-clang-libcxx	63020	15831730575	6248227	19608030	494605591	1767232397	NA	0
4722	4	opencv	fedora-clang-libcxx	104652	15831835227	6248242	19608030	494609830	1767251448	NA	0
4723	4	opencv	fedora-clang-libcxx	67555	15831902782	6248257	19608030	494612470	1767263686	NA	0
4724	4	opencv	fedora-clang-libcxx	57191	15831959973	6248272	19608030	494614715	1767273883	NA	0
4725	4	opencv	fedora-clang-libcxx	57146	15832017119	6248287	19608030	494616960	1767284081	NA	0
4726	4	opencv	fedora-clang-libcxx	232881	15832250000	6248302	19608030	494624568	1767311770	NA	0
4727	4	opencv	fedora-clang-libcxx	57113	15832307113	6248317	19608030	494626813	1767321961	NA	0
4728	4	opencv	fedora-clang-libcxx	138487	15832445600	6248332	19608030	494632213	1767349248	NA	0
4729	4	opencv	fedora-clang-libcxx	57088	15832502688	6248347	19608030	494634458	1767359446	NA	0
4730	4	opencv	fedora-clang-libcxx	57119	15832559807	6248362	19608030	494636703	1767369646	NA	0
4731	4	opencv	fedora-clang-libcxx	57074	15832616881	6248377	19608030	494638948	1767379842	NA	0
4732	4	opencv	fedora-clang-libcxx	260761	15832877642	6248392	19608030	494648049	1767413779	NA	0
4733	4	opencv	fedora-clang-libcxx	46236	15832923878	6248407	19608030	494649940	1767422097	NA	0
4734	4	opencv	fedora-clang-libcxx	131845	15833055723	6248422	19608030	494655150	1767445747	NA	0
4735	4	opencv	fedora-clang-libcxx	79372	15833135095	6248437	19608030	494657561	1767457882	NA	0
4736	4	opencv	fedora-clang-libcxx	57069	15833192164	6248452	19608030	494659806	1767468073	NA	0
4737	4	opencv	fedora-clang-libcxx	57100	15833249264	6248467	19608030	494662051	1767478265	NA	0
4738	4	opencv	fedora-clang-libcxx	57049	15833306313	6248482	19608030	494664296	1767488453	NA	0
4739	4	opencv	fedora-clang-libcxx	57056	15833363369	6248497	19608030	494666541	1767498648	NA	0
4740	4	opencv	fedora-clang-libcxx	317523	15833680892	6248512	19608030	494677379	1767540351	NA	0
4741	4	opencv	fedora-clang-libcxx	57061	15833737953	6248527	19608030	494679624	1767550546	NA	0
4742	4	opencv	fedora-clang-libcxx	143927	15833881880	6248542	19608030	494685480	1767576914	NA	0
4743	4	opencv	fedora-clang-libcxx	57075	15833938955	6248557	19608030	494687725	1767587109	NA	0
4744	4	opencv	fedora-clang-libcxx	57107	15833996062	6248572	19608030	494689970	1767597303	NA	0
4745	4	opencv	fedora-clang-libcxx	57054	15834053116	6248587	19608030	494692215	1767607491	NA	0
4746	4	opencv	fedora-clang-libcxx	57062	15834110178	6248602	19608030	494694460	1767617683	NA	0
4747	4	opencv	fedora-clang-libcxx	317335	15834427513	6248617	19608030	494705635	1767660753	NA	0
4748	4	opencv	fedora-clang-libcxx	57068	15834484581	6248632	19608030	494707880	1767670945	NA	0
4749	4	opencv	fedora-clang-libcxx	97597	15834582178	6248647	19608030	494711517	1767687375	NA	0
4750	4	opencv	fedora-clang-libcxx	57128	15834639306	6248662	19608030	494713762	1767697570	NA	0
4751	4	opencv	fedora-clang-libcxx	57076	15834696382	6248677	19608030	494716007	1767707759	NA	0
4752	4	opencv	fedora-clang-libcxx	57083	15834753465	6248692	19608030	494718252	1767717948	NA	0
4753	4	opencv	fedora-clang-libcxx	238290	15834991755	6248707	19608030	494726043	1767746074	NA	0
4754	4	opencv	fedora-clang-libcxx	162878	15835154633	6248722	19608030	494731982	1767773653	NA	0
4755	4	opencv	fedora-clang-libcxx	57082	15835211715	6248737	19608030	494734227	1767783850	NA	0
4756	4	opencv	fedora-clang-libcxx	208170	15835419885	6248752	19608030	494741216	1767818110	NA	0
4757	4	opencv	fedora-clang-libcxx	57108	15835476993	6248767	19608030	494743461	1767828309	NA	0
4758	4	opencv	fedora-clang-libcxx	96717	15835573710	6248782	19608030	494746991	1767844777	NA	0
4759	4	opencv	fedora-clang-libcxx	57153	15835630863	6248797	19608030	494749236	1767854979	NA	0
4760	4	opencv	fedora-clang-libcxx	57101	15835687964	6248812	19608030	494751481	1767865177	NA	0
4761	4	opencv	fedora-clang-libcxx	57108	15835745072	6248827	19608030	494753726	1767875376	NA	0
4762	4	opencv	fedora-clang-libcxx	287603	15836032675	6248842	19608030	494763176	1767911365	NA	0
4763	4	opencv	fedora-clang-libcxx	57115	15836089790	6248857	19608030	494765421	1767921564	NA	0
4764	4	opencv	fedora-clang-libcxx	57127	15836146917	6248872	19608030	494767666	1767931760	NA	0
4765	4	opencv	fedora-clang-libcxx	57075	15836203992	6248887	19608030	494769911	1767941954	NA	0
4766	4	opencv	fedora-clang-libcxx	57082	15836261074	6248902	19608030	494772156	1767952149	NA	0
4767	4	opencv	fedora-clang-libcxx	295170	15836556244	6248917	19608030	494781637	1767988670	NA	0
4768	4	opencv	fedora-clang-libcxx	57089	15836613333	6248932	19608030	494783882	1767998866	NA	0
4769	4	opencv	fedora-clang-libcxx	66194	15836679527	6248947	19608030	494786484	1768010859	NA	0
4770	4	opencv	fedora-clang-libcxx	57112	15836736639	6248962	19608030	494788729	1768021052	NA	0
4771	4	opencv	fedora-clang-libcxx	57143	15836793782	6248977	19608030	494790974	1768031247	NA	0
4772	4	opencv	fedora-clang-libcxx	57091	15836850873	6248992	19608030	494793219	1768041438	NA	0
4773	4	opencv	fedora-clang-libcxx	57098	15836907971	6249007	19608030	494795464	1768051631	NA	0
4774	4	opencv	fedora-clang-libcxx	246034	15837154005	6249022	19608030	494803613	1768081492	NA	0
4775	4	opencv	fedora-clang-libcxx	84405	15837238410	6249037	19608030	494806906	1768096580	NA	0
4776	4	opencv	fedora-clang-libcxx	231007	15837469417	6249052	19608030	494814285	1768123359	NA	0
4777	4	opencv	fedora-clang-libcxx	97414	15837566831	6249067	19608030	494817357	1768138525	NA	0
4778	4	opencv	fedora-clang-libcxx	57256	15837624087	6249082	19608030	494819607	1768148740	NA	0
4779	4	opencv	fedora-clang-libcxx	68034	15837692121	6249097	19608030	494822125	1768160242	NA	0
4780	4	opencv	fedora-clang-libcxx	57106	15837749227	6249112	19608030	494824370	1768170436	NA	0
4781	4	opencv	fedora-clang-libcxx	299708	15838048935	6249127	19608030	494832612	1768202127	NA	0
4782	4	opencv	fedora-clang-libcxx	57210	15838106145	6249142	19608030	494834862	1768212338	NA	0
4783	4	opencv	fedora-clang-libcxx	108047	15838214192	6249157	19608030	494838934	1768230923	NA	0
4784	4	opencv	fedora-clang-libcxx	57081	15838271273	6249172	19608030	494841179	1768241115	NA	0
4785	4	opencv	fedora-clang-libcxx	57112	15838328385	6249187	19608030	494843424	1768251311	NA	0
4786	4	opencv	fedora-clang-libcxx	75348	15838403733	6249202	19608030	494846336	1768264766	NA	0
4787	4	opencv	fedora-clang-libcxx	281491	15838685224	6249217	19608030	494855625	1768299916	NA	0
4788	4	opencv	fedora-clang-libcxx	75432	15838760656	6249232	19789347	494858538	1768313384	NA	1
4789	4	opencv	fedora-clang-libcxx	141973	15838902629	6249247	19789347	494864370	1768339757	NA	0
4790	4	opencv	fedora-clang-libcxx	130641	15839033270	6249262	19789347	494869752	1768364415	NA	0
4791	4	opencv	fedora-clang-libcxx	140744	15839174014	6249277	19789347	494875345	1768389930	NA	0
4792	4	opencv	fedora-clang-libcxx	184964	15839358978	6249292	19789347	494883003	1768424722	NA	0
4793	4	opencv	fedora-clang-libcxx	26312	15839385290	6249307	19789347	494884068	1768429724	NA	0
4794	4	opencv	fedora-clang-libcxx	133331	15839518621	6249322	19789347	494889379	1768455963	NA	0
4795	4	opencv	fedora-clang-libcxx	103507	15839622128	6249337	19789347	494893541	1768475411	NA	0
4796	4	opencv	fedora-clang-libcxx	179990	15839802118	6249352	19789347	494900328	1768505971	NA	0
4797	4	opencv	fedora-clang-libcxx	186058	15839988176	6249367	19789347	494908016	1768540427	NA	0
4798	4	opencv	fedora-clang-libcxx	107137	15840095313	6249382	19789347	494912450	1768560864	NA	0
4799	4	opencv	fedora-clang-libcxx	114910	15840210223	6249397	19789347	494916862	1768581073	NA	0
4800	4	opencv	fedora-clang-libcxx	216672	15840426895	6249412	19789347	494924869	1768618570	NA	0
4801	4	opencv	fedora-clang-libcxx	128406	15840555301	6249427	19789347	494930064	1768641923	NA	0
4802	4	opencv	fedora-clang-libcxx	162314	15840717615	6249442	19789347	494935840	1768668476	NA	0
4803	4	opencv	fedora-clang-libcxx	129805	15840847420	6249457	19789347	494941020	1768692115	NA	0
4804	4	opencv	fedora-clang-libcxx	123074	15840970494	6249472	19789347	494945953	1768714747	NA	0
4805	4	opencv	fedora-clang-libcxx	190575	15841161069	6249487	19789347	494953653	1768750065	NA	0
4806	4	opencv	fedora-clang-libcxx	192975	15841354044	6249502	19789347	494961135	1768784513	NA	0
4807	4	opencv	fedora-clang-libcxx	108571	15841462615	6249517	19789347	494965603	1768805108	NA	0
4808	4	opencv	fedora-clang-libcxx	127272	15841589887	6249532	19789347	494970757	1768828442	NA	0
4809	4	opencv	fedora-clang-libcxx	117351	15841707238	6249547	19789347	494975388	1768851052	NA	0
4810	4	opencv	fedora-clang-libcxx	217506	15841924744	6249562	19789347	494984421	1768891628	NA	0
4811	4	opencv	fedora-clang-libcxx	176980	15842101724	6249577	19789347	494991003	1768921368	NA	0
4812	4	opencv	fedora-clang-libcxx	185542	15842287266	6249592	19789347	494997920	1768951965	NA	0
4813	4	opencv	fedora-clang-libcxx	159973	15842447239	6249607	19789347	495004460	1768981293	NA	0
4814	4	opencv	fedora-clang-libcxx	156046	15842603285	6249622	19789347	495010839	1769009812	NA	0
4815	4	opencv	fedora-clang-libcxx	157744	15842761029	6249637	19789347	495017345	1769039007	NA	0
4816	4	opencv	fedora-clang-libcxx	83158	15842844187	6249652	19789347	495020572	1769053746	NA	0
4817	4	opencv	fedora-clang-libcxx	106653	15842950840	6249667	19789347	495024697	1769072564	NA	0
4818	4	opencv	fedora-clang-libcxx	96721	15843047561	6249682	19789347	495028341	1769089037	NA	0
4819	4	opencv	fedora-clang-libcxx	92966	15843140527	6249697	19789347	495031839	1769104837	NA	0
4820	4	opencv	fedora-clang-libcxx	62412	15843202939	6249712	19789347	495034373	1769116321	NA	0
4821	4	opencv	fedora-clang-libcxx	60897	15843263836	6249727	19789347	495036812	1769127327	NA	0
4822	4	opencv	fedora-clang-libcxx	124375	15843388211	6249742	19789347	495041619	1769149610	NA	0
4823	4	opencv	fedora-clang-libcxx	29738	15843417949	6249757	19789347	495042788	1769155415	NA	0
4824	4	opencv	fedora-clang-libcxx	41049	15843458998	6249772	19789347	495044529	1769162973	NA	0
4825	4	opencv	fedora-clang-libcxx	23170	15843482168	6249787	19789347	495045342	1769167214	NA	0
4826	4	opencv	fedora-clang-libcxx	100941	15843583109	6249802	19789347	495049219	1769184604	NA	0
4827	4	opencv	fedora-clang-libcxx	60694	15843643803	6249817	19789347	495051576	1769195101	NA	0
4828	4	opencv	fedora-clang-libcxx	66237	15843710040	6249832	19789347	495054155	1769206762	NA	0
4829	4	opencv	fedora-clang-libcxx	258370	15843968410	6249847	19789347	495064910	1769248590	NA	0
4830	4	opencv	fedora-clang-libcxx	166968	15844135378	6249862	19789347	495071482	1769275555	NA	0
4831	4	opencv	fedora-clang-libcxx	183653	15844319031	6249877	19789347	495078627	1769304535	NA	0
4832	4	opencv	fedora-clang-libcxx	444969	15844764000	6249892	19789347	495095108	1769362854	NA	0
4833	4	opencv	fedora-clang-libcxx	165991	15844929991	6249907	19789347	495101620	1769389639	NA	0
4834	4	opencv	fedora-clang-libcxx	285196	15845215187	6249922	19789347	495112695	1769433813	NA	0
4835	4	opencv	fedora-clang-libcxx	171271	15845386458	6249937	19789347	495119405	1769461566	NA	0
4836	4	opencv	fedora-clang-libcxx	171250	15845557708	6249952	19789347	495126154	1769489397	NA	0
4837	4	opencv	fedora-clang-libcxx	567712	15846125420	6249967	19789347	495147706	1769573758	NA	0
4838	4	opencv	fedora-clang-libcxx	248432	15846373852	6249982	19789347	495157598	1769613647	NA	0
4839	4	opencv	fedora-clang-libcxx	347662	15846721514	6249997	19789347	495169802	1769658130	NA	0
4840	4	opencv	fedora-clang-libcxx	176297	15846897811	6250012	19789347	495176818	1769686728	NA	0
4841	4	opencv	fedora-clang-libcxx	196334	15847094145	6250027	19789347	495184380	1769717028	NA	0
4842	4	opencv	fedora-clang-libcxx	171197	15847265342	6250042	19789347	495191209	1769744980	NA	0
4843	4	opencv	fedora-clang-libcxx	233185	15847498527	6250057	19789347	495199776	1769779160	NA	0
4844	4	opencv	fedora-clang-libcxx	596371	15848094898	6250072	19789347	495213401	1769831589	NA	0
4845	4	opencv	fedora-clang-libcxx	213159	15848308057	6250087	19789347	495221701	1769865733	NA	0
4846	4	opencv	fedora-clang-libcxx	257052	15848565109	6250102	19789347	495231620	1769906616	NA	0
4847	4	opencv	fedora-clang-libcxx	172248	15848737357	6250117	19789347	495238456	1769934625	NA	0
4848	4	opencv	fedora-clang-libcxx	166717	15848904074	6250132	19789347	495244976	1769961451	NA	0
4849	4	opencv	fedora-clang-libcxx	169292	15849073366	6250147	19789347	495251659	1769988756	NA	0
4850	4	opencv	fedora-clang-libcxx	177940	15849251306	6250162	19789347	495258503	1770016809	NA	0
4851	4	opencv	fedora-clang-libcxx	229138	15849480444	6250177	19789347	495268095	1770059576	NA	0
4852	4	opencv	fedora-clang-libcxx	179450	15849659894	6250192	19789347	495274893	1770090150	NA	0
4853	4	opencv	fedora-clang-libcxx	192256	15849852150	6250207	19789347	495282076	1770121389	NA	0
4854	4	opencv	fedora-clang-libcxx	170363	15850022513	6250222	19789347	495288298	1770149857	NA	0
4855	4	opencv	fedora-clang-libcxx	188504	15850211017	6250237	19789347	495295330	1770181453	NA	0
4856	4	opencv	fedora-clang-libcxx	252799	15850463816	6250252	19789347	495305539	1770224216	NA	0
4857	4	opencv	fedora-clang-libcxx	167336	15850631152	6250267	19789347	495311625	1770252114	NA	0
4858	4	opencv	fedora-clang-libcxx	288490	15850919642	6250282	19789347	495322691	1770296781	NA	0
4859	4	opencv	fedora-clang-libcxx	346914	15851266556	6250297	19789347	495333165	1770344779	NA	0
4860	4	opencv	fedora-clang-libcxx	203787	15851470343	6250312	19789347	495341269	1770380259	NA	0
4861	4	opencv	fedora-clang-libcxx	184057	15851654400	6250327	19789347	495348159	1770411578	NA	0
4862	4	opencv	fedora-clang-libcxx	167885	15851822285	6250342	19789347	495354271	1770439587	NA	0
4863	4	opencv	fedora-clang-libcxx	212490	15852034775	6250357	19789347	495362688	1770476474	NA	0
4864	4	opencv	fedora-clang-libcxx	177826	15852212601	6250372	19789347	495369175	1770505758	NA	0
4865	4	opencv	fedora-clang-libcxx	224313	15852436914	6250387	19789347	495378005	1770544336	NA	0
4866	4	opencv	fedora-clang-libcxx	168076	15852604990	6250402	19789347	495384048	1770572052	NA	0
4867	4	opencv	fedora-clang-libcxx	2031635	15854636625	6250417	19789347	495432154	1770724780	NA	0
4868	4	opencv	fedora-clang-libcxx	3587059	15858223684	6250432	19789347	495538690	1771114923	NA	0
4869	4	opencv	fedora-clang-libcxx	3312942	15861536626	6250447	19789347	495635239	1771464157	NA	0
4870	4	opencv	fedora-clang-libcxx	3600716	15865137342	6250462	19789347	495742519	1771857141	NA	0
4871	4	opencv	fedora-clang-libcxx	3897895	15869035237	6250477	19789347	495856527	1772277876	NA	0
4872	4	opencv	fedora-clang-libcxx	3914347	15872949584	6250492	19789347	495972520	1772703776	NA	0
4873	4	opencv	fedora-clang-libcxx	3610937	15876560521	6250507	19789347	496080053	1773098070	NA	0
4874	4	opencv	fedora-clang-libcxx	3403267	15879963788	6250522	19789347	496180597	1773462112	NA	0
4875	4	opencv	fedora-clang-libcxx	264	15879964052	6250537	19789347	496180619	1773462242	NA	0
4876	4	opencv	fedora-clang-libcxx	3282740	15883246792	6250552	19789347	496276033	1773806415	NA	0
4877	4	opencv	fedora-clang-libcxx	3264632	15886511424	6250567	19789347	496370185	1774147880	NA	0
4878	4	opencv	fedora-clang-libcxx	3335641	15889847065	6250582	19789347	496469299	1774500753	NA	0
4879	4	opencv	fedora-clang-libcxx	3303333	15893150398	6250597	19789347	496565191	1774847341	NA	0
4880	4	opencv	fedora-clang-libcxx	3715690	15896866088	6250612	19789347	496674710	1775250617	NA	0
4881	4	opencv	fedora-clang-libcxx	3813725	15900679813	6250627	19789347	496788396	1775670688	NA	0
4882	4	opencv	fedora-clang-libcxx	3608341	15904288154	6250642	19789347	496896326	1776064780	NA	0
4883	4	opencv	fedora-clang-libcxx	3462900	15907751054	6250657	19789347	496998719	1776437535	NA	0
4884	4	opencv	fedora-clang-libcxx	3471411	15911222465	6250672	19789347	497101455	1776811790	NA	0
4885	4	opencv	fedora-clang-libcxx	3273470	15914495935	6250687	19789347	497195796	1777154742	NA	0
4886	4	opencv	fedora-clang-libcxx	3340134	15917836069	6250702	19789347	497292717	1777506727	NA	0
4887	4	opencv	fedora-clang-libcxx	3322519	15921158588	6250717	19789347	497388767	1777855088	NA	0
4888	4	opencv	fedora-clang-libcxx	3021715	15924180303	6250732	19789347	497479497	1778174307	NA	0
4889	4	opencv	fedora-clang-libcxx	3030267	15927210570	6250747	19789347	497569775	1778495094	NA	0
4890	4	opencv	fedora-clang-libcxx	3267064	15930477634	6250762	19789347	497663964	1778836657	NA	0
4891	4	opencv	fedora-clang-libcxx	3306718	15933784352	6250777	19789347	497758059	1779177883	NA	0
4892	4	opencv	fedora-clang-libcxx	3353749	15937138101	6250792	19789347	497855707	1779532989	NA	0
4893	4	opencv	fedora-clang-libcxx	3593756	15940731857	6250807	19789347	497962345	1779923035	NA	0
4894	4	opencv	fedora-clang-libcxx	3730730	15944462587	6250822	19789347	498075636	1780336858	NA	0
4895	4	opencv	fedora-clang-libcxx	4822938	15949285525	6250837	19789347	498223716	1780875528	NA	0
4896	4	opencv	fedora-clang-libcxx	4990330	15954275855	6250852	19789347	498369376	1781389313	NA	0
4897	4	opencv	fedora-clang-libcxx	4527075	15958802930	6250867	19789347	498504708	1781878524	NA	0
4898	4	opencv	fedora-clang-libcxx	4576215	15963379145	6250882	19789347	498641662	1782373378	NA	0
4899	4	opencv	fedora-clang-libcxx	4511816	15967890961	6250897	19789347	498776031	1782858069	NA	0
4900	4	opencv	fedora-clang-libcxx	4686317	15972577278	6250912	20364548	498915319	1783364063	NA	1
4901	4	opencv	fedora-clang-libcxx	3318821	15975896099	6250927	20364548	499012240	1783715748	NA	0
4902	4	opencv	fedora-clang-libcxx	3959147	15979855246	6250942	20364548	499132344	1784154978	NA	0
4903	4	opencv	fedora-clang-libcxx	4600533	15984455779	6250957	20364548	499270125	1784651683	NA	0
4904	4	opencv	fedora-clang-libcxx	4536888	15988992667	6250972	20364548	499405429	1785139944	NA	0
4905	4	opencv	fedora-clang-libcxx	3292276	15992284943	6250987	20364548	499500614	1785485196	NA	0
4906	4	opencv	fedora-clang-libcxx	4676123	15996961066	6251002	20364548	499641793	1785996858	NA	0
4907	4	opencv	fedora-clang-libcxx	3849464	16000810530	6251017	20364548	499758632	1786424795	NA	0
4908	4	opencv	fedora-clang-libcxx	4638545	16005449075	6251032	20364548	499897191	1786927024	NA	0
4909	4	opencv	fedora-clang-libcxx	4113761	16009562836	6251047	20364548	500024222	1787396237	NA	0
4910	4	opencv	fedora-clang-libcxx	4121779	16013684615	6251062	20364548	500151691	1787867302	NA	0
4911	4	opencv	fedora-clang-libcxx	4191010	16017875625	6251077	20364548	500281161	1788348022	NA	0
4912	4	opencv	fedora-clang-libcxx	4331436	16022207061	6251092	20364548	500409846	1788828503	NA	0
4913	4	opencv	fedora-clang-libcxx	4217447	16026424508	6251107	20364548	500540917	1789314175	NA	0
4914	4	opencv	fedora-clang-libcxx	4206713	16030631221	6251122	20364548	500670861	1789794659	NA	0
4915	4	opencv	fedora-clang-libcxx	4123534	16034754755	6251137	20364548	500798225	1790265835	NA	0
4916	4	opencv	fedora-clang-libcxx	4221443	16038976198	6251152	20364548	500928651	1790748802	NA	0
4917	4	opencv	fedora-clang-libcxx	3644577	16042620775	6251167	20364548	501040564	1791153656	NA	0
4918	4	opencv	fedora-clang-libcxx	4135410	16046756185	6251182	20364548	501168359	1791626746	NA	0
4919	4	opencv	fedora-clang-libcxx	4117206	16050873391	6251197	20364548	501295413	1792096608	NA	0
4920	4	opencv	fedora-clang-libcxx	4124963	16054998354	6251212	20364548	501423035	1792568673	NA	0
4921	4	opencv	fedora-clang-libcxx	4116534	16059114888	6251227	20364548	501550294	1793038899	NA	0
4922	4	opencv	fedora-clang-libcxx	4182807	16063297695	6251242	20364548	501678344	1793514191	NA	0
4923	4	opencv	fedora-clang-libcxx	4116103	16067413798	6251257	20364548	501805399	1793983980	NA	0
4924	4	opencv	fedora-clang-libcxx	4156225	16071570023	6251272	20364548	501933349	1794457044	NA	0
4925	4	opencv	fedora-clang-libcxx	4154268	16075724291	6251287	20364548	502061949	1794934141	NA	0
4926	4	opencv	fedora-clang-libcxx	4124935	16079849226	6251302	20364548	502189443	1795406025	NA	0
4927	4	opencv	fedora-clang-libcxx	4121845	16083971071	6251317	20364548	502316927	1795877118	NA	0
4928	4	opencv	fedora-clang-libcxx	4115219	16088086290	6251332	20364548	502443992	1796347035	NA	0
4929	4	opencv	fedora-clang-libcxx	4269531	16092355821	6251347	20364548	502574887	1796831151	NA	0
4930	4	opencv	fedora-clang-libcxx	4117054	16096472875	6251362	20364548	502702113	1797300721	NA	0
4931	4	opencv	fedora-clang-libcxx	4113065	16100585940	6251377	20364548	502829276	1797770013	NA	0
4932	4	opencv	fedora-clang-libcxx	4217373	16104803313	6251392	20364548	502961120	1798257470	NA	0
4933	4	opencv	fedora-clang-libcxx	4118013	16108921326	6251407	20364548	503088370	1798727188	NA	0
4934	4	opencv	fedora-clang-libcxx	4121749	16113043075	6251422	20364548	503215868	1799198383	NA	0
4935	4	opencv	fedora-clang-libcxx	4380574	16117423649	6251437	20364548	503351544	1799707459	NA	0
4936	4	opencv	fedora-clang-libcxx	4277751	16121701400	6251452	20364548	503484847	1800203535	NA	0
4937	4	opencv	fedora-clang-libcxx	4129534	16125830934	6251467	20364548	503612871	1800676316	NA	0
4938	4	opencv	fedora-clang-libcxx	4110194	16129941128	6251482	20364548	503739834	1801145102	NA	0
4939	4	opencv	fedora-clang-libcxx	4124029	16134065157	6251497	20364548	503867188	1801615982	NA	0
4940	4	opencv	fedora-clang-libcxx	4126849	16138192006	6251512	20364548	503994890	1802088547	NA	0
4941	4	opencv	fedora-clang-libcxx	4178984	16142370990	6251527	20364548	504124279	1802569365	NA	0
4942	4	opencv	fedora-clang-libcxx	4343400	16146714390	6251542	20364548	504257411	1803062739	NA	0
4943	4	opencv	fedora-clang-libcxx	4193680	16150908070	6251557	20364548	504387464	1803543361	NA	0
4944	4	opencv	fedora-clang-libcxx	4120510	16155028580	6251572	20364548	504514947	1804014474	NA	0
4945	4	opencv	fedora-clang-libcxx	4128862	16159157442	6251587	20364548	504642626	1804486615	NA	0
4946	4	opencv	fedora-clang-libcxx	4113516	16163270958	6251602	20364548	504769605	1804956063	NA	0
4947	4	opencv	fedora-clang-libcxx	4195409	16167466367	6251617	20364548	504899543	1805446393	NA	0
4948	4	opencv	fedora-clang-libcxx	4171593	16171637960	6251632	20364548	505028114	1805923098	NA	0
4949	4	opencv	fedora-clang-libcxx	4287009	16175924969	6251647	20364548	505160934	1806417490	NA	0
4950	4	opencv	fedora-clang-libcxx	4159459	16180084428	6251662	20364548	505289764	1806895629	NA	0
4951	4	opencv	fedora-clang-libcxx	4126069	16184210497	6251677	20364548	505417224	1807368002	NA	0
4952	4	opencv	fedora-clang-libcxx	4122109	16188332606	6251692	20364548	505544518	1807838763	NA	0
4953	4	opencv	fedora-clang-libcxx	4179315	16192511921	6251707	20364548	505673468	1808315913	NA	0
4954	4	opencv	fedora-clang-libcxx	4119124	16196631045	6251722	20364548	505800891	1808786818	NA	0
4955	4	opencv	fedora-clang-libcxx	4143744	16200774789	6251737	20364548	505928978	1809261059	NA	0
4956	4	opencv	fedora-clang-libcxx	4139947	16204914736	6251752	20364548	506057048	1809735030	NA	0
4957	4	opencv	fedora-clang-libcxx	4177788	16209092524	6251767	20364548	506186424	1810214985	NA	0
4958	4	opencv	fedora-clang-libcxx	4247096	16213339620	6251782	20364548	506315333	1810694515	NA	0
4959	4	opencv	fedora-clang-libcxx	4147784	16217487404	6251797	20364548	506443566	1811169298	NA	0
4960	4	opencv	fedora-clang-libcxx	4127756	16221615160	6251812	20364548	506570983	1811641001	NA	0
4961	4	opencv	fedora-clang-libcxx	4143109	16225758269	6251827	20364548	506699214	1812116404	NA	0
4962	4	opencv	fedora-clang-libcxx	4246350	16230004619	6251842	20364548	506829654	1812600429	NA	0
4963	4	opencv	fedora-clang-libcxx	4128617	16234133236	6251857	20364548	506957379	1813072071	NA	0
4964	4	opencv	fedora-clang-libcxx	4111917	16238245153	6251872	20364548	507084342	1813540915	NA	0
4965	4	opencv	fedora-clang-libcxx	4111913	16242357066	6251887	20364548	507211305	1814009788	NA	0
4966	4	opencv	fedora-clang-libcxx	4111909	16246468975	6251902	20364548	507338268	1814478662	NA	0
4967	4	opencv	fedora-clang-libcxx	4121552	16250590527	6251917	20364548	507465710	1814948964	NA	0
4968	4	opencv	fedora-clang-libcxx	4122491	16254713018	6251932	20364548	507593224	1815420022	NA	0
4969	4	opencv	fedora-clang-libcxx	4116208	16258829226	6251947	20364548	507720500	1815890010	NA	0
4970	4	opencv	fedora-clang-libcxx	4308681	16263137907	6251962	20364548	507855183	1816388111	NA	0
4971	4	opencv	fedora-clang-libcxx	4184614	16267322521	6251977	20364548	507983822	1816866011	NA	0
4972	4	opencv	fedora-clang-libcxx	4111118	16271433639	6251992	20364548	508110675	1817334818	NA	0
4973	4	opencv	fedora-clang-libcxx	4113228	16275546867	6252007	20364548	508237627	1817804086	NA	0
4974	4	opencv	fedora-clang-libcxx	5994991	16281541858	6252022	20364548	508408478	1818406391	NA	0
4975	4	opencv	fedora-clang-libcxx	4123522	16285665380	6252037	20364548	508535863	1818877222	NA	0
4976	4	opencv	fedora-clang-libcxx	4258376	16289923756	6252052	20364548	508670362	1819377216	NA	0
4977	4	opencv	fedora-clang-libcxx	4171609	16294095365	6252067	20364548	508800925	1819859565	NA	0
4978	4	opencv	fedora-clang-libcxx	4181110	16298276475	6252082	20364548	508931526	1820342247	NA	0
4979	4	opencv	fedora-clang-libcxx	4161098	16302437573	6252097	20364548	509061384	1820821882	NA	0
4980	4	opencv	fedora-clang-libcxx	4185693	16306623266	6252112	20364548	509192236	1821305917	NA	0
4981	4	opencv	fedora-clang-libcxx	4181365	16310804631	6252127	20364548	509323056	1821789596	NA	0
4982	4	opencv	fedora-clang-libcxx	4137443	16314942074	6252142	20364548	509451207	1822264300	NA	0
4983	4	opencv	fedora-clang-libcxx	4174712	16319116786	6252157	20364548	509580271	1822740837	NA	0
4984	4	opencv	fedora-clang-libcxx	4230836	16323347622	6252172	20364548	509713008	1823233303	NA	0
4985	4	opencv	fedora-clang-libcxx	4127202	16327474824	6252187	20364548	509840417	1823704917	NA	0
4986	4	opencv	fedora-clang-libcxx	4116282	16331591106	6252202	20364548	509967466	1824174442	NA	0
4987	4	opencv	fedora-clang-libcxx	4114033	16335705139	6252217	20364548	510094481	1824644004	NA	0
4988	4	opencv	fedora-clang-libcxx	4110158	16339815297	6252232	20364548	510221444	1825112783	NA	0
4989	4	opencv	fedora-clang-libcxx	4132395	16343947692	6252247	20364548	510349050	1825585169	NA	0
4990	4	opencv	fedora-clang-libcxx	4289246	16348236938	6252262	20364548	510484516	1826086802	NA	0
4991	4	opencv	fedora-clang-libcxx	4120086	16352357024	6252277	20364548	510611763	1826558536	NA	0
4992	4	opencv	fedora-clang-libcxx	4219559	16356576583	6252292	20364548	510742933	1827043541	NA	0
4993	4	opencv	fedora-clang-libcxx	4116638	16360693221	6252307	20364548	510870200	1827514090	NA	0
4994	4	opencv	fedora-clang-libcxx	4154601	16364847822	6252322	20364548	510999244	1827992014	NA	0
4995	4	opencv	fedora-clang-libcxx	4222755	16369070577	6252337	20364548	511129313	1828473571	NA	0
4996	4	opencv	fedora-clang-libcxx	4184424	16373255001	6252352	20364548	511259692	1828955376	NA	0
4997	4	opencv	fedora-clang-libcxx	4121934	16377376935	6252367	20364548	511387135	1829426407	NA	0
4998	4	opencv	fedora-clang-libcxx	4135273	16381512208	6252382	20364548	511515030	1829899979	NA	0
4999	4	opencv	fedora-clang-libcxx	4121517	16385633725	6252397	20364548	511642272	1830370738	NA	0
5000	4	opencv	fedora-clang-libcxx	4115835	16389749560	6252412	20364548	511769386	1830840408	NA	0
5001	4	opencv	fedora-clang-libcxx	3654974	16393404534	6252427	20364548	511882663	1831246937	NA	0
5002	4	opencv	fedora-clang-libcxx	4239621	16397644155	6252442	20364548	512011863	1831725559	NA	0
5003	4	opencv	fedora-clang-libcxx	4232298	16401876453	6252457	20364548	512143293	1832211443	NA	0
5004	4	opencv	fedora-clang-libcxx	4154364	16406030817	6252472	20364548	512271619	1832685522	NA	0
5005	4	opencv	fedora-clang-libcxx	4239094	16410269911	6252487	20364548	512401837	1833166618	NA	0
5006	4	opencv	fedora-clang-libcxx	4140363	16414410274	6252502	20364548	512529597	1833637891	NA	0
5007	4	opencv	fedora-clang-libcxx	5869717	16420279991	6252517	20364548	512700227	1834226069	NA	0
5008	4	opencv	fedora-clang-libcxx	5934619	16426214610	6252532	20364548	512872110	1834818467	NA	0
5009	4	opencv	fedora-clang-libcxx	6082140	16432296750	6252547	20364548	513046790	1835430511	NA	0
5010	4	opencv	fedora-clang-libcxx	6047082	16438343832	6252562	20364548	513220336	1836036760	NA	0
5011	4	opencv	fedora-clang-libcxx	6150526	16444494358	6252577	20364548	513395326	1836650285	NA	0
5012	4	opencv	fedora-clang-libcxx	6108511	16450602869	6252592	20777768	513569530	1837260545	NA	1
5013	4	opencv	fedora-clang-libcxx	6085132	16456688001	6252607	20777768	513743715	1837869283	NA	0
5014	4	opencv	fedora-clang-libcxx	6051519	16462739520	6252622	20777768	513917476	1838476542	NA	0
5015	4	opencv	fedora-clang-libcxx	6052832	16468792352	6252637	20777768	514091164	1839082934	NA	0
5016	4	opencv	fedora-clang-libcxx	6141759	16474934111	6252652	20777768	514268390	1839703998	NA	0
5017	4	opencv	fedora-clang-libcxx	6068629	16481002740	6252667	20777768	514442640	1840313386	NA	0
5018	4	opencv	fedora-clang-libcxx	6051029	16487053769	6252682	20777768	514616272	1840920069	NA	0
5019	4	opencv	fedora-clang-libcxx	6060948	16493114717	6252697	20777768	514790322	1841528986	NA	0
5020	4	opencv	fedora-clang-libcxx	6051421	16499166138	6252712	20777768	514963971	1842135755	NA	0
5021	4	opencv	fedora-clang-libcxx	6060067	16505226205	6252727	20777768	515137885	1842743661	NA	0
5022	4	opencv	fedora-clang-libcxx	6147962	16511374167	6252742	20777768	515314400	1843360632	NA	0
5023	4	opencv	fedora-clang-libcxx	6147042	16517521209	6252757	20777768	515490328	1843976729	NA	0
5024	4	opencv	fedora-clang-libcxx	6304423	16523825632	6252772	20777768	515667554	1844608304	NA	0
5025	4	opencv	fedora-clang-libcxx	6310340	16530135972	6252787	20777768	515845070	1845241319	NA	0
5026	4	opencv	fedora-clang-libcxx	6399100	16536535072	6252802	20777768	516026038	1845888147	NA	0
5027	4	opencv	fedora-clang-libcxx	6325970	16542861042	6252817	20777768	516203992	1846522863	NA	0
5028	4	opencv	fedora-clang-libcxx	6318289	16549179331	6252832	20777768	516381734	1847157505	NA	0
5029	4	opencv	fedora-clang-libcxx	6317408	16555496739	6252847	20777768	516559325	1847790883	NA	0
5030	4	opencv	fedora-clang-libcxx	6404383	16561901122	6252862	20777768	516738966	1848432289	NA	0
5031	4	opencv	fedora-clang-libcxx	4881220	16566782342	6252877	20777768	516888437	1848979364	NA	0
5032	4	opencv	fedora-clang-libcxx	4881228	16571663570	6252892	20777768	517037908	1849526501	NA	0
5033	4	opencv	fedora-clang-libcxx	4881208	16576544778	6252907	20777768	517187379	1850073544	NA	0
5034	4	opencv	fedora-clang-libcxx	4881212	16581425990	6252922	20777768	517336850	1850620631	NA	0
5035	4	opencv	fedora-clang-libcxx	4881163	16586307153	6252937	20777768	517486302	1851167651	NA	0
5036	4	opencv	fedora-clang-libcxx	4881175	16591188328	6252952	20777768	517635754	1851714643	NA	0
5037	4	opencv	fedora-clang-libcxx	4881260	16596069588	6252967	20777768	517785225	1852261759	NA	0
5038	4	opencv	fedora-clang-libcxx	4925223	16600994811	6252982	20777768	517935174	1852813127	NA	0
5039	4	opencv	fedora-clang-libcxx	4891625	16605886436	6252997	20777768	518084863	1853361944	NA	0
5040	4	opencv	fedora-clang-libcxx	5274193	16611160629	6253012	20777768	518238941	1853942513	NA	0
5041	4	opencv	fedora-clang-libcxx	4989983	16616150612	6253027	20777768	518391437	1854503563	NA	0
5042	4	opencv	fedora-clang-libcxx	4895627	16621046239	6253042	20777768	518540968	1855051756	NA	0
5043	4	opencv	fedora-clang-libcxx	4885839	16625932078	6253057	20777768	518690531	1855599987	NA	0
5044	4	opencv	fedora-clang-libcxx	4899592	16630831670	6253072	20777768	518840379	1856150256	NA	0
5045	4	opencv	fedora-clang-libcxx	222	16630831892	6253087	20777768	518840401	1856150373	NA	0
5046	4	opencv	fedora-clang-libcxx	4886990	16635718882	6253102	20777768	518989972	1856698720	NA	0
5047	4	opencv	fedora-clang-libcxx	4982905	16640701787	6253117	20777768	519142176	1857261616	NA	0
5048	4	opencv	fedora-clang-libcxx	4926306	16645628093	6253132	20777768	519293074	1857816237	NA	0
5049	4	opencv	fedora-clang-libcxx	4933448	16650561541	6253147	20777768	519443211	1858369124	NA	0
5050	4	opencv	fedora-clang-libcxx	4892467	16655454008	6253162	20777768	519592901	1858918143	NA	0
5051	4	opencv	fedora-clang-libcxx	4905097	16660359105	6253177	20777768	519742556	1859467765	NA	0
5052	4	opencv	fedora-clang-libcxx	5621561	16665980666	6253192	20777768	519905044	1860071487	NA	0
5053	4	opencv	fedora-clang-libcxx	5179932	16671160598	6253207	20777768	520064352	1860647920	NA	0
5054	4	opencv	fedora-clang-libcxx	5253010	16676413608	6253222	20777768	520216972	1861223555	NA	0
5055	4	opencv	fedora-clang-libcxx	4905299	16681318907	6253237	20777768	520366721	1861772861	NA	0
5056	4	opencv	fedora-clang-libcxx	5349593	16686668500	6253252	20777768	520531234	1862374971	NA	0
5057	4	opencv	fedora-clang-libcxx	5333954	16692002454	6253267	20777768	520696485	1862979822	NA	0
5058	4	opencv	fedora-clang-libcxx	4904710	16696907164	6253282	20777768	520846091	1863529222	NA	0
5059	4	opencv	fedora-clang-libcxx	4882315	16701789479	6253297	20777768	520995551	1864076568	NA	0
5060	4	opencv	fedora-clang-libcxx	5311109	16707100588	6253312	20777768	521155074	1864663287	NA	0
5061	4	opencv	fedora-clang-libcxx	5278685	16712379273	6253327	20777768	521315174	1865249310	NA	0
5062	4	opencv	fedora-clang-libcxx	5126730	16717506003	6253342	20777768	521467921	1865817713	NA	0
5063	4	opencv	fedora-clang-libcxx	4910576	16722416579	6253357	20777768	521617624	1866367658	NA	0
5064	4	opencv	fedora-clang-libcxx	5006743	16727423322	6253372	20777768	521769790	1866932744	NA	0
5065	4	opencv	fedora-clang-libcxx	4944508	16732367830	6253387	20777768	521919706	1867483748	NA	0
5066	4	opencv	fedora-clang-libcxx	5152775	16737520605	6253402	20777768	522079642	1868064654	NA	0
5067	4	opencv	fedora-clang-libcxx	4908077	16742428682	6253417	20777768	522229811	1868616979	NA	0
5068	4	opencv	fedora-clang-libcxx	4885611	16747314293	6253432	20777768	522379387	1869165155	NA	0
5069	4	opencv	fedora-clang-libcxx	5097377	16752411670	6253447	20777768	522530657	1869729302	NA	0
5070	4	opencv	fedora-clang-libcxx	5136673	16757548343	6253462	20777768	522683826	1870297007	NA	0
5071	4	opencv	fedora-clang-libcxx	5299686	16762848029	6253477	20777768	522846068	1870891005	NA	0
5072	4	opencv	fedora-clang-libcxx	5299686	16768147715	6253492	20777768	523008310	1871485000	NA	0
5073	4	opencv	fedora-clang-libcxx	5318322	16773466037	6253507	20777768	523170833	1872080156	NA	0
5074	4	opencv	fedora-clang-libcxx	5318333	16778784370	6253522	20777768	523333356	1872675316	NA	0
5075	4	opencv	fedora-clang-libcxx	5318473	16784102843	6253537	20777768	523495941	1873270518	NA	0
5076	4	opencv	fedora-clang-libcxx	7012494	16791115337	6253552	20777768	523693750	1873977770	NA	0
5077	4	opencv	fedora-clang-libcxx	7010915	16798126252	6253567	20777768	523891506	1874684381	NA	0
5078	4	opencv	fedora-clang-libcxx	7224841	16805351093	6253582	20777768	524093243	1875415008	NA	0
5079	4	opencv	fedora-clang-libcxx	7223384	16812574477	6253597	20777768	524294959	1876145573	NA	0
5080	4	opencv	fedora-clang-libcxx	7475884	16820050361	6253612	20777768	524500302	1876900940	NA	0
5081	4	opencv	fedora-clang-libcxx	7474427	16827524788	6253627	20777768	524705619	1877656227	NA	0
5082	4	opencv	fedora-clang-libcxx	7479519	16835004307	6253642	20777768	524911031	1878411885	NA	0
5083	4	opencv	fedora-clang-libcxx	4768384	16839772691	6253657	20777768	525056076	1878934457	NA	0
5084	4	opencv	fedora-clang-libcxx	4877420	16844650111	6253672	20777768	525206430	1879479552	NA	0
5085	4	opencv	fedora-clang-libcxx	4877371	16849527482	6253687	20777768	525356752	1880024671	NA	0
5086	4	opencv	fedora-clang-libcxx	4877430	16854404912	6253702	20777768	525507106	1880569736	NA	0
5087	4	opencv	fedora-clang-libcxx	4877405	16859282317	6253717	20777768	525657460	1881114779	NA	0
5088	4	opencv	fedora-clang-libcxx	4877410	16864159727	6253732	20777768	525807813	1881659820	NA	0
5089	4	opencv	fedora-clang-libcxx	4877353	16869037080	6253747	20777768	525958135	1882204875	NA	0
5090	4	opencv	fedora-clang-libcxx	4877375	16873914455	6253762	20777768	526108457	1882750056	NA	0
5091	4	opencv	fedora-clang-libcxx	4771845	16878686300	6253777	20777768	526253505	1883273481	NA	0
5092	4	opencv	fedora-clang-libcxx	4772745	16883459045	6253792	20777768	526398582	1883797130	NA	0
5093	4	opencv	fedora-clang-libcxx	4773494	16888232539	6253807	20777768	526543654	1884320843	NA	0
5094	4	opencv	fedora-clang-libcxx	4897374	16893129913	6253822	20777768	526690023	1884853883	NA	0
5095	4	opencv	fedora-clang-libcxx	4784179	16897914092	6253837	20777768	526835096	1885377958	NA	0
5096	4	opencv	fedora-clang-libcxx	4778128	16902692220	6253852	20777768	526980175	1885901860	NA	0
5097	4	opencv	fedora-clang-libcxx	4773571	16907465791	6253867	20777768	527125246	1886425539	NA	0
5098	4	opencv	fedora-clang-libcxx	4790570	16912256361	6253882	20777768	527270286	1886950047	NA	0
5099	4	opencv	fedora-clang-libcxx	4778808	16917035169	6253897	20777768	527415383	1887474073	NA	0
5100	4	opencv	fedora-clang-libcxx	4772167	16921807336	6253912	20777768	527560443	1887997570	NA	0
5101	4	opencv	fedora-clang-libcxx	4773608	16926580944	6253927	20777768	527705512	1888521198	NA	0
5102	4	opencv	fedora-clang-libcxx	4790073	16931371017	6253942	20777768	527850618	1889046120	NA	0
5103	4	opencv	fedora-clang-libcxx	4772254	16936143271	6253957	20777768	527995669	1889569558	NA	0
5104	4	opencv	fedora-clang-libcxx	4777812	16940921083	6253972	20777768	528140769	1890093445	NA	0
5105	4	opencv	fedora-clang-libcxx	4775116	16945696199	6253987	20777768	528285837	1890617082	NA	0
5106	4	opencv	fedora-clang-libcxx	4769724	16950465923	6254002	20777768	528430860	1891139983	NA	0
5107	4	opencv	fedora-clang-libcxx	4797281	16955263204	6254017	20777768	528576037	1891665418	NA	0
5108	4	opencv	fedora-clang-libcxx	4814239	16960077443	6254032	20777768	528721517	1892192948	NA	0
5109	4	opencv	fedora-clang-libcxx	4772734	16964850177	6254047	20777768	528866592	1892716526	NA	0
5110	4	opencv	fedora-clang-libcxx	4772542	16969622719	6254062	20777768	529011661	1893240080	NA	0
5111	4	opencv	fedora-clang-libcxx	4822630	16974445349	6254077	20777768	529156904	1893767038	NA	0
5112	4	opencv	fedora-clang-libcxx	4782402	16979227751	6254092	20777768	529302021	1894291306	NA	0
5113	4	opencv	fedora-clang-libcxx	4775889	16984003640	6254107	21179972	529447087	1894815046	NA	1
5114	4	opencv	fedora-clang-libcxx	4776424	16988780064	6254122	21179972	529592178	1895338869	NA	0
5115	4	opencv	fedora-clang-libcxx	4795235	16993575299	6254137	21179972	529737318	1895863965	NA	0
5116	4	opencv	fedora-clang-libcxx	4882968	16998458267	6254152	21179972	529887720	1896410276	NA	0
5117	4	opencv	fedora-clang-libcxx	4124937	17002583204	6254167	21179972	530013966	1896877405	NA	0
5118	4	opencv	fedora-clang-libcxx	4128112	17006711316	6254182	21179972	530140679	1897345904	NA	0
5119	4	opencv	fedora-clang-libcxx	5127953	17011839269	6254197	21179972	530302877	1897923543	NA	0
5120	4	opencv	fedora-clang-libcxx	5048224	17016887493	6254212	21179972	530462861	1898491759	NA	0
5121	4	opencv	fedora-clang-libcxx	5042674	17021930167	6254227	21179972	530622724	1899059015	NA	0
5122	4	opencv	fedora-clang-libcxx	5049876	17026980043	6254242	21179972	530782782	1899628690	NA	0
5123	4	opencv	fedora-clang-libcxx	4233083	17031213126	6254257	21179972	530913633	1900113286	NA	0
5124	4	opencv	fedora-clang-libcxx	4379032	17035592158	6254272	21179972	531047835	1900610515	NA	0
5125	4	opencv	fedora-clang-libcxx	3994393	17039586551	6254287	21179972	531174040	1901069368	NA	0
5126	4	opencv	fedora-clang-libcxx	4245713	17043832264	6254302	21179972	531306045	1901558966	NA	0
5127	4	opencv	fedora-clang-libcxx	4209619	17048041883	6254317	21179972	531437023	1902044079	NA	0
5128	4	opencv	fedora-clang-libcxx	4263773	17052305656	6254332	21179972	531569482	1902535321	NA	0
5129	4	opencv	fedora-clang-libcxx	4220605	17056526261	6254347	21179972	531700886	1903022810	NA	0
5130	4	opencv	fedora-clang-libcxx	3972812	17060499073	6254362	21179972	531826090	1903477292	NA	0
5131	4	opencv	fedora-clang-libcxx	3987919	17064486992	6254377	21179972	531951751	1903933610	NA	0
5132	4	opencv	fedora-clang-libcxx	4267681	17068754673	6254392	21179972	532085176	1904428654	NA	0
5133	4	opencv	fedora-clang-libcxx	4372099	17073126772	6254407	21179972	532222075	1904941327	NA	0
5134	4	opencv	fedora-clang-libcxx	4275279	17077402051	6254422	21179972	532355081	1905434441	NA	0
5135	4	opencv	fedora-clang-libcxx	4322303	17081724354	6254437	21179972	532489667	1905934853	NA	0
5136	4	opencv	fedora-clang-libcxx	4143484	17085867838	6254452	21179972	532615236	1906432906	NA	0
5137	4	opencv	fedora-clang-libcxx	4445181	17090313019	6254467	21179972	532747856	1906917523	NA	0
5138	4	opencv	fedora-clang-libcxx	4248852	17094561871	6254482	21179972	532880567	1907409498	NA	0
5139	4	opencv	fedora-clang-libcxx	3983094	17098544965	6254497	21179972	533005657	1907866537	NA	0
5140	4	opencv	fedora-clang-libcxx	4132919	17102677884	6254512	21179972	533134940	1908336308	NA	0
5141	4	opencv	fedora-clang-libcxx	4218233	17106896117	6254527	21179972	533266697	1908824203	NA	0
5142	4	opencv	fedora-clang-libcxx	4391725	17111287842	6254542	21179972	533402801	1909330164	NA	0
5143	4	opencv	fedora-clang-libcxx	4380666	17115668508	6254557	21179972	533538677	1909834791	NA	0
5144	4	opencv	fedora-clang-libcxx	3990511	17119659019	6254572	21179972	533664627	1910292799	NA	0
5145	4	opencv	fedora-clang-libcxx	4208520	17123867539	6254587	21179972	533795652	1910778161	NA	0
5146	4	opencv	fedora-clang-libcxx	3965706	17127833245	6254602	21179972	533920486	1911231096	NA	0
5147	4	opencv	fedora-clang-libcxx	4252495	17132085740	6254617	21179972	534053069	1911722872	NA	0
5148	4	opencv	fedora-clang-libcxx	3976359	17136062099	6254632	21179972	534178264	1912177343	NA	0
5149	4	opencv	fedora-clang-libcxx	3988467	17140050566	6254647	21179972	534304054	1912633992	NA	0
5150	4	opencv	fedora-clang-libcxx	4072984	17144123550	6254662	21179972	534432868	1913106545	NA	0
5151	4	opencv	fedora-clang-libcxx	3992146	17148115696	6254677	21179972	534559228	1913564582	NA	0
5152	4	opencv	fedora-clang-libcxx	3987702	17152103398	6254692	21179972	534685269	1914021953	NA	0
5153	4	opencv	fedora-clang-libcxx	4193754	17156297152	6254707	21179972	534815802	1914504499	NA	0
5154	4	opencv	fedora-clang-libcxx	3970638	17160267790	6254722	21179972	534940880	1914958147	NA	0
5155	4	opencv	fedora-clang-libcxx	4413645	17164681435	6254737	21179972	535077680	1915468903	NA	0
5156	4	opencv	fedora-clang-libcxx	3981923	17168663358	6254752	21179972	535203204	1915924785	NA	0
5157	4	opencv	fedora-clang-libcxx	3961704	17172625062	6254767	21179972	535327893	1916376584	NA	0
5158	4	opencv	fedora-clang-libcxx	3997497	17176622559	6254782	21179972	535453823	1916834505	NA	0
5159	4	opencv	fedora-clang-libcxx	4217025	17180839584	6254797	21179972	535585526	1917322724	NA	0
5160	4	opencv	fedora-clang-libcxx	3990303	17184829887	6254812	21179972	535711528	1917780310	NA	0
5161	4	opencv	fedora-clang-libcxx	4058195	17188888082	6254827	21179972	535839923	1918266633	NA	0
5162	4	opencv	fedora-clang-libcxx	4310092	17193198174	6254842	21179972	535974623	1918767585	NA	0
5163	4	opencv	fedora-clang-libcxx	4270259	17197468433	6254857	21179972	536108554	1919267799	NA	0
5164	4	opencv	fedora-clang-libcxx	4367553	17201835986	6254872	21179972	536244226	1919775923	NA	0
5165	4	opencv	fedora-clang-libcxx	4004216	17205840202	6254887	21179972	536370155	1920234125	NA	0
5166	4	opencv	fedora-clang-libcxx	3968132	17209808334	6254902	21179972	536495154	1920687440	NA	0
5167	4	opencv	fedora-clang-libcxx	3975816	17213784150	6254917	21179972	536620569	1921142104	NA	0
5168	4	opencv	fedora-clang-libcxx	3991811	17217775961	6254932	21179972	536746684	1921601121	NA	0
5169	4	opencv	fedora-clang-libcxx	3960181	17221736142	6254947	21179972	536871287	1922052382	NA	0
5170	4	opencv	fedora-clang-libcxx	3964094	17225700236	6254962	21179972	536996043	1922504440	NA	0
5171	4	opencv	fedora-clang-libcxx	4228154	17229928390	6254977	21179972	537127767	1922993302	NA	0
5172	4	opencv	fedora-clang-libcxx	4124601	17234052991	6254992	21179972	537257127	1923463626	NA	0
5173	4	opencv	fedora-clang-libcxx	4002825	17238055816	6255007	21179972	537383200	1923921308	NA	0
5174	4	opencv	fedora-clang-libcxx	4212258	17242268074	6255022	21179972	537514653	1924408722	NA	0
5175	4	opencv	fedora-clang-libcxx	4255608	17246523682	6255037	21179972	537647180	1924899855	NA	0
5176	4	opencv	fedora-clang-libcxx	4215631	17250739313	6255052	21179972	537778413	1925386091	NA	0
5177	4	opencv	fedora-clang-libcxx	3966824	17254706137	6255067	21179972	537903284	1925839364	NA	0
5178	4	opencv	fedora-clang-libcxx	4253742	17258959879	6255082	21179972	538035421	1926330354	NA	0
5179	4	opencv	fedora-clang-libcxx	4194486	17263154365	6255097	21179972	538165949	1926812691	NA	0
5180	4	opencv	fedora-clang-libcxx	4358105	17267512470	6255112	21179972	538301881	1927320180	NA	0
5181	4	opencv	fedora-clang-libcxx	3970034	17271482504	6255127	21179972	538427092	1927774307	NA	0
5182	4	opencv	fedora-clang-libcxx	3974293	17275456797	6255142	21179972	538552378	1928229164	NA	0
5183	4	opencv	fedora-clang-libcxx	3980936	17279437733	6255157	21179972	538677712	1928684682	NA	0
5184	4	opencv	fedora-clang-libcxx	4237142	17283674875	6255172	21179972	538810116	1929176377	NA	0
5185	4	opencv	fedora-clang-libcxx	4384090	17288058965	6255187	21179972	538945683	1929681728	NA	0
5186	4	opencv	fedora-clang-libcxx	4203439	17292262404	6255202	21179972	539076543	1930165787	NA	0
5187	4	opencv	fedora-clang-libcxx	4238755	17296501159	6255217	21179972	539208699	1930655772	NA	0
5188	4	opencv	fedora-clang-libcxx	3986938	17300488097	6255232	21179972	539334549	1931112432	NA	0
5189	4	opencv	fedora-clang-libcxx	4248931	17304737028	6255247	21179972	539466473	1931601067	NA	0
5190	4	opencv	fedora-clang-libcxx	3972846	17308709874	6255262	21179972	539591523	1932055545	NA	0
5191	4	opencv	fedora-clang-libcxx	3983028	17312692902	6255277	21179972	539717097	1932512436	NA	0
5192	4	opencv	fedora-clang-libcxx	4253374	17316946276	6255292	21179972	539849274	1933002238	NA	0
5193	4	opencv	fedora-clang-libcxx	3962730	17320909006	6255307	21179972	539973951	1933454208	NA	0
5194	4	opencv	fedora-clang-libcxx	3655022	17324564028	6255322	21179972	540087228	1933860759	NA	0
5195	4	opencv	fedora-clang-libcxx	4258790	17328822818	6255337	21179972	540219413	1934349775	NA	0
5196	4	opencv	fedora-clang-libcxx	4000725	17332823543	6255352	21179972	540345213	1934804711	NA	0
5197	4	opencv	fedora-clang-libcxx	4366805	17337190348	6255367	21179972	540479884	1935302922	NA	0
5198	4	opencv	fedora-clang-libcxx	4275738	17341466086	6255382	21179972	540612742	1935794209	NA	0
5199	4	opencv	fedora-clang-libcxx	4388004	17345854090	6255397	21179972	540748656	1936299034	NA	0
5200	4	opencv	fedora-clang-libcxx	4274757	17350128847	6255412	21179972	540882220	1936793327	NA	0
5201	4	opencv	fedora-clang-libcxx	4266269	17354395116	6255427	21179972	541015226	1937284900	NA	0
5202	4	opencv	fedora-clang-libcxx	4305127	17358700243	6255442	21179972	541149577	1937782990	NA	0
5203	4	opencv	fedora-clang-libcxx	4249382	17362949625	6255457	21179972	541281855	1938272733	NA	0
5204	4	opencv	fedora-clang-libcxx	4251753	17367201378	6255472	21179972	541414005	1938760846	NA	0
5205	4	opencv	fedora-clang-libcxx	4378682	17371580060	6255487	21179972	541549306	1939262930	NA	0
5206	4	opencv	fedora-clang-libcxx	5919102	17377499162	6255502	21179972	541721938	1939858735	NA	0
5207	4	opencv	fedora-clang-libcxx	6062907	17383562069	6255517	21179972	541898103	1940468904	NA	0
5208	4	opencv	fedora-clang-libcxx	6145679	17389707748	6255532	21179972	542075221	1941090921	NA	0
5209	4	opencv	fedora-clang-libcxx	5695919	17395403667	6255547	21179972	542242284	1941657382	NA	0
5210	4	opencv	fedora-clang-libcxx	6275078	17401678745	6255562	21179972	542422440	1942290907	NA	0
5211	4	opencv	fedora-clang-libcxx	6167345	17407846090	6255577	21179972	542600071	1942915270	NA	0
5212	4	opencv	fedora-clang-libcxx	6191273	17414037363	6255592	21179972	542778420	1943541826	NA	0
5213	4	opencv	fedora-clang-libcxx	6297823	17420335186	6255607	21179972	542959783	1944181622	NA	0
5214	4	opencv	fedora-clang-libcxx	6182026	17426517212	6255622	21179972	543138640	1944810799	NA	0
5215	4	opencv	fedora-clang-libcxx	6173476	17432690688	6255637	21179972	543316992	1945437212	NA	0
5216	4	opencv	fedora-clang-libcxx	6212272	17438902960	6255652	21179972	543496775	1946070152	NA	0
5217	4	opencv	fedora-clang-libcxx	6155271	17445058231	6255667	21179972	543674295	1946694550	NA	0
5218	4	opencv	fedora-clang-libcxx	6158895	17451217126	6255682	21179972	543851752	1947317413	NA	0
5219	4	opencv	fedora-clang-libcxx	6285328	17457502454	6255697	21179972	544032439	1947954013	NA	0
5220	4	opencv	fedora-clang-libcxx	6180165	17463682619	6255712	21179972	544209904	1948577234	NA	0
5221	4	opencv	fedora-clang-libcxx	6532419	17470215038	6255727	21179972	544393863	1949236327	NA	0
5222	4	opencv	fedora-clang-libcxx	6424686	17476639724	6255742	21179972	544575291	1949886350	NA	0
5223	4	opencv	fedora-clang-libcxx	6448614	17483088338	6255757	21179972	544757435	1950538445	NA	0
5224	4	opencv	fedora-clang-libcxx	6439367	17489527705	6255772	21179972	544940078	1951193317	NA	0
5225	4	opencv	fedora-clang-libcxx	6430817	17495958522	6255787	21993494	545122227	1951845379	NA	1
5226	4	opencv	fedora-clang-libcxx	6469613	17502428135	6255802	21993494	545305784	1952503977	NA	0
5227	4	opencv	fedora-clang-libcxx	6412612	17508840747	6255817	21993494	545487108	1953154024	NA	0
5228	4	opencv	fedora-clang-libcxx	6443786	17515284533	6255832	21993494	545668918	1953805321	NA	0
5229	4	opencv	fedora-clang-libcxx	6399596	17521684129	6255847	21993494	545849764	1954452334	NA	0
5230	4	opencv	fedora-clang-libcxx	4914940	17526599069	6255862	21993494	546001579	1955004507	NA	0
5231	4	opencv	fedora-clang-libcxx	4914920	17531513989	6255877	21993494	546153394	1955556615	NA	0
5232	4	opencv	fedora-clang-libcxx	4914936	17536428925	6255892	21993494	546305209	1956108715	NA	0
5233	4	opencv	fedora-clang-libcxx	4914920	17541343845	6255907	21993494	546457024	1956660823	NA	0
5234	4	opencv	fedora-clang-libcxx	4914920	17546258765	6255922	21993494	546608839	1957212930	NA	0
5235	4	opencv	fedora-clang-libcxx	4914932	17551173697	6255937	21993494	546760654	1957765035	NA	0
5236	4	opencv	fedora-clang-libcxx	4914928	17556088625	6255952	21993494	546912469	1958317107	NA	0
5237	4	opencv	fedora-clang-libcxx	4914916	17561003541	6255967	21993494	547064284	1958869207	NA	0
5238	4	opencv	fedora-clang-libcxx	4914936	17565918477	6255982	21993494	547216099	1959421314	NA	0
5239	4	opencv	fedora-clang-libcxx	4914873	17570833350	6255997	21993494	547367879	1959973527	NA	0
5240	4	opencv	fedora-clang-libcxx	4914928	17575748278	6256012	21993494	547519694	1960525593	NA	0
5241	4	opencv	fedora-clang-libcxx	4914956	17580663234	6256027	21993494	547671509	1961077778	NA	0
5242	4	opencv	fedora-clang-libcxx	4914948	17585578182	6256042	21993494	547823324	1961629944	NA	0
5243	4	opencv	fedora-clang-libcxx	4914932	17590493114	6256057	21993494	547975139	1962182048	NA	0
5244	4	opencv	fedora-clang-libcxx	4914944	17595408058	6256072	21993494	548126954	1962734144	NA	0
5245	4	opencv	fedora-clang-libcxx	4914916	17600322974	6256087	21993494	548278769	1963286244	NA	0
5246	4	opencv	fedora-clang-libcxx	4945939	17605268913	6256102	21993494	548431164	1963843019	NA	0
5247	4	opencv	fedora-clang-libcxx	4930830	17610199743	6256117	21993494	548583411	1964398432	NA	0
5248	4	opencv	fedora-clang-libcxx	4927872	17615127615	6256132	21993494	548733682	1964953545	NA	0
5249	4	opencv	fedora-clang-libcxx	4932883	17620060498	6256147	21993494	548885883	1965509321	NA	0
5250	4	opencv	fedora-clang-libcxx	5221713	17625282211	6256162	21993494	549046314	1966091374	NA	0
5251	4	opencv	fedora-clang-libcxx	5027497	17630309708	6256177	21993494	549199017	1966651121	NA	0
5252	4	opencv	fedora-clang-libcxx	4953149	17635262857	6256192	21993494	549351686	1967209267	NA	0
5253	4	opencv	fedora-clang-libcxx	5000886	17640263743	6256207	21993494	549504259	1967768077	NA	0
5254	4	opencv	fedora-clang-libcxx	4938933	17645202676	6256222	21993494	549656439	1968323337	NA	0
5255	4	opencv	fedora-clang-libcxx	5133136	17650335812	6256237	21993494	549816629	1968901343	NA	0
5256	4	opencv	fedora-clang-libcxx	4926416	17655262228	6256252	21993494	549968526	1969454987	NA	0
5257	4	opencv	fedora-clang-libcxx	4952725	17660214953	6256267	21993494	550121333	1970012818	NA	0
5258	4	opencv	fedora-clang-libcxx	4975052	17665190005	6256282	21993494	550274009	1970570843	NA	0
5259	4	opencv	fedora-clang-libcxx	5018924	17670208929	6256297	21993494	550427400	1971134823	NA	0
5260	4	opencv	fedora-clang-libcxx	4951658	17675160587	6256312	21993494	550579576	1971691056	NA	0
5261	4	opencv	fedora-clang-libcxx	5179843	17680340430	6256327	21993494	550735322	1972269804	NA	0
5262	4	opencv	fedora-clang-libcxx	4950960	17685291390	6256342	21993494	550887559	1972825569	NA	0
5263	4	opencv	fedora-clang-libcxx	4962620	17690254010	6256357	21993494	551040010	1973385630	NA	0
5264	4	opencv	fedora-clang-libcxx	4963341	17695217351	6256372	21993494	551192462	1973945675	NA	0
5265	4	opencv	fedora-clang-libcxx	4934038	17700151389	6256387	21993494	551345068	1974502115	NA	0
5266	4	opencv	fedora-clang-libcxx	4933510	17705084899	6256402	21993494	551497537	1975058122	NA	0
5267	4	opencv	fedora-clang-libcxx	4924938	17710009837	6256417	21993494	551649556	1975612063	NA	0
5268	4	opencv	fedora-clang-libcxx	5028932	17715038769	6256432	21993494	551803980	1976178823	NA	0
5269	4	opencv	fedora-clang-libcxx	4942750	17719981519	6256447	21993494	551956116	1976734155	NA	0
5270	4	opencv	fedora-clang-libcxx	4979421	17724960940	6256462	21993494	552108515	1977292097	NA	0
5271	4	opencv	fedora-clang-libcxx	4918056	17729878996	6256477	21993494	552260381	1977844977	NA	0
5272	4	opencv	fedora-clang-libcxx	5059753	17734938749	6256492	21993494	552414478	1978414587	NA	0
5273	4	opencv	fedora-clang-libcxx	4967745	17739906494	6256507	21993494	552568026	1978976095	NA	0
5274	4	opencv	fedora-clang-libcxx	4967283	17744873777	6256522	21993494	552720193	1979532515	NA	0
5275	4	opencv	fedora-clang-libcxx	4963906	17749837683	6256537	21993494	552872329	1980088567	NA	0
5276	4	opencv	fedora-clang-libcxx	5001189	17754838872	6256552	21993494	553024696	1980645815	NA	0
5277	4	opencv	fedora-clang-libcxx	4936675	17759775547	6256567	21993494	553176620	1981200293	NA	0
5278	4	opencv	fedora-clang-libcxx	4976120	17764751667	6256582	21993494	553328825	1981756726	NA	0
5279	4	opencv	fedora-clang-libcxx	4916015	17769667682	6256597	21993494	553480597	1982309275	NA	0
5280	4	opencv	fedora-clang-libcxx	4934758	17774602440	6256612	21993494	553632955	1982864658	NA	0
5281	4	opencv	fedora-clang-libcxx	4941594	17779544034	6256627	21993494	553785314	1983420923	NA	0
5282	4	opencv	fedora-clang-libcxx	4922223	17784466257	6256642	21993494	553937162	1983974141	NA	0
5283	4	opencv	fedora-clang-libcxx	4936116	17789402373	6256657	21993494	554089345	1984529766	NA	0
5284	4	opencv	fedora-clang-libcxx	4953598	17794355971	6256672	21993494	554241632	1985086725	NA	0
5285	4	opencv	fedora-clang-libcxx	4933401	17799289372	6256687	21993494	554393899	1985642187	NA	0
5286	4	opencv	fedora-clang-libcxx	4918069	17804207441	6256702	21993494	554545718	1986195050	NA	0
5287	4	opencv	fedora-clang-libcxx	4937894	17809145335	6256717	21993494	554697660	1986749969	NA	0
5288	4	opencv	fedora-clang-libcxx	4962111	17814107446	6256732	21993494	554849855	1987305354	NA	0
5289	4	opencv	fedora-clang-libcxx	4951184	17819058630	6256747	21993494	555001956	1987860857	NA	0
5290	4	opencv	fedora-clang-libcxx	4981495	17824040125	6256762	21993494	555154494	1988419374	NA	0
5291	4	opencv	fedora-clang-libcxx	4914878	17828955003	6256777	21993494	555306309	1988971458	NA	0
5292	4	opencv	fedora-clang-libcxx	4877417	17833832420	6256792	21993494	555456643	1989516522	NA	0
5293	4	opencv	fedora-clang-libcxx	4877511	17838709931	6256807	21993494	555607005	1990061659	NA	0
5294	4	opencv	fedora-clang-libcxx	4877486	17843587417	6256822	21993494	555757367	1990606705	NA	0
5295	4	opencv	fedora-clang-libcxx	4877486	17848464903	6256837	21993494	555907729	1991151752	NA	0
5296	4	opencv	fedora-clang-libcxx	4877496	17853342399	6256852	21993494	556058091	1991696793	NA	0
5297	4	opencv	fedora-clang-libcxx	4877481	17858219880	6256867	21993494	556208453	1992241851	NA	0
5298	4	opencv	fedora-clang-libcxx	4877441	17863097321	6256882	21993494	556358787	1992786897	NA	0
5299	4	opencv	fedora-clang-libcxx	4939986	17868037307	6256897	21993494	556509450	1993337202	NA	0
5300	4	opencv	fedora-clang-libcxx	4877496	17872914803	6256912	21993494	556659812	1993882246	NA	0
5301	4	opencv	fedora-clang-libcxx	4877445	17877792248	6256927	21993494	556810146	1994427343	NA	0
5302	4	opencv	fedora-clang-libcxx	4877496	17882669744	6256942	21993494	556960508	1994972395	NA	0
5303	4	opencv	fedora-clang-libcxx	4877496	17887547240	6256957	21993494	557110870	1995517435	NA	0
5304	4	opencv	fedora-clang-libcxx	4842927	17892390167	6256972	21993494	557255940	1996044861	NA	0
5305	4	opencv	fedora-clang-libcxx	4773968	17897164135	6256987	21993494	557401008	1996568483	NA	0
5306	4	opencv	fedora-clang-libcxx	4822923	17901987058	6257002	21993494	557546250	1997095751	NA	0
5307	4	opencv	fedora-clang-libcxx	4773532	17906760590	6257017	21993494	557691321	1997619625	NA	0
5308	4	opencv	fedora-clang-libcxx	4803352	17911563942	6257032	21993494	557836570	1998145757	NA	0
5309	4	opencv	fedora-clang-libcxx	4786260	17916350202	6257047	21993494	557981669	1998670209	NA	0
5310	4	opencv	fedora-clang-libcxx	4829550	17921179752	6257062	21993494	558127385	1999198326	NA	0
5311	4	opencv	fedora-clang-libcxx	4782548	17925962300	6257077	21993494	558272489	1999722482	NA	0
5312	4	opencv	fedora-clang-libcxx	4772319	17930734619	6257092	21993494	558417551	2000245978	NA	0
5313	4	opencv	fedora-clang-libcxx	4787803	17935522422	6257107	21993494	558562742	2000771092	NA	0
5314	4	opencv	fedora-clang-libcxx	4774159	17940296581	6257122	21993494	558707865	2001295031	NA	0
5315	4	opencv	fedora-clang-libcxx	4783073	17945079654	6257137	21993494	558852959	2001819169	NA	0
5316	4	opencv	fedora-clang-libcxx	4792177	17949871831	6257152	21993494	558998162	2002344353	NA	0
5317	4	opencv	fedora-clang-libcxx	4778319	17954650150	6257167	21993494	559143255	2002868138	NA	0
5318	4	opencv	fedora-clang-libcxx	4780646	17959430796	6257182	21993494	559288361	2003392259	NA	0
5319	4	opencv	fedora-clang-libcxx	4791075	17964221871	6257197	21993494	559433595	2003917474	NA	0
5320	4	opencv	fedora-clang-libcxx	4773439	17968995310	6257212	21993494	559578656	2004441176	NA	0
5321	4	opencv	fedora-clang-libcxx	4774344	17973769654	6257227	21993494	559723726	2004964846	NA	0
5322	4	opencv	fedora-clang-libcxx	4769749	17978539403	6257242	21993494	559868747	2005487937	NA	0
5323	4	opencv	fedora-clang-libcxx	4779513	17983318916	6257257	21993494	560013840	2006012007	NA	0
5324	4	opencv	fedora-clang-libcxx	4772572	17988091488	6257272	21993494	560158915	2006535579	NA	0
5325	4	opencv	fedora-clang-libcxx	4775621	17992867109	6257287	21993494	560303971	2007059387	NA	0
5326	4	opencv	fedora-clang-libcxx	4772916	17997640025	6257302	21993494	560449015	2007582820	NA	0
5327	4	opencv	fedora-clang-libcxx	4785873	18002425898	6257317	21993494	560594113	2008107266	NA	0
5328	4	opencv	fedora-clang-libcxx	4774756	18007200654	6257332	21993494	560739235	2008631290	NA	0
5329	4	opencv	fedora-clang-libcxx	4808725	18012009379	6257347	21993494	560884451	2009157664	NA	0
5330	4	opencv	fedora-clang-libcxx	4810971	18016820350	6257362	21993494	561029599	2009683386	NA	0
5331	4	opencv	fedora-clang-libcxx	4773032	18021593382	6257377	21993494	561174660	2010206940	NA	0
5332	4	opencv	fedora-clang-libcxx	4786108	18026379490	6257392	21993494	561319788	2010731574	NA	0
5333	4	opencv	fedora-clang-libcxx	4810101	18031189591	6257407	22227298	561465158	2011258636	NA	1
5334	4	opencv	fedora-clang-libcxx	3881924	18035071515	6257422	22227298	561585561	2011694308	NA	0
5335	4	opencv	fedora-clang-libcxx	3848346	18038919861	6257437	22227298	561704319	2012123154	NA	0
5336	4	opencv	fedora-clang-libcxx	3877317	18042797178	6257452	22227298	561824241	2012558222	NA	0
5337	4	opencv	fedora-clang-libcxx	3864144	18046661322	6257467	22227298	561943491	2012989706	NA	0
5338	4	opencv	fedora-clang-libcxx	3832984	18050494306	6257482	22227298	562061598	2013415267	NA	0
5339	4	opencv	fedora-clang-libcxx	3842153	18054336459	6257497	22227298	562179953	2013842663	NA	0
5340	4	opencv	fedora-clang-libcxx	3850095	18058186554	6257512	22227298	562298921	2014272357	NA	0
5341	4	opencv	fedora-clang-libcxx	4081831	18062268385	6257527	22227298	562423667	2014732509	NA	0
5342	4	opencv	fedora-clang-libcxx	3853544	18066121929	6257542	22227298	562542564	2015162335	NA	0
5343	4	opencv	fedora-clang-libcxx	3847964	18069969893	6257557	22227298	562661342	2015591324	NA	0
5344	4	opencv	fedora-clang-libcxx	3859455	18073829348	6257572	22227298	562780228	2016021235	NA	0
5345	4	opencv	fedora-clang-libcxx	4147917	18077977265	6257587	22227298	562907814	2016494389	NA	0
5346	4	opencv	fedora-clang-libcxx	3850520	18081827785	6257602	22227298	563026577	2016923377	NA	0
5347	4	opencv	fedora-clang-libcxx	3835020	18085662805	6257617	22227298	563144721	2017349424	NA	0
5348	4	opencv	fedora-clang-libcxx	3892761	18089555566	6257632	22227298	563265923	2017788354	NA	0
5349	4	opencv	fedora-clang-libcxx	4855566	18094411132	6257647	22227298	563414333	2018326988	NA	0
5350	4	opencv	fedora-clang-libcxx	4844301	18099255433	6257662	22227298	563562542	2018863998	NA	0
5351	4	opencv	fedora-clang-libcxx	4860563	18104115996	6257677	22227298	563710976	2019403333	NA	0
5352	4	opencv	fedora-clang-libcxx	4845625	18108961621	6257692	22227298	563859186	2019940358	NA	0
5353	4	opencv	fedora-clang-libcxx	4856182	18113817803	6257707	22227298	564007507	2020478406	NA	0
5354	4	opencv	fedora-clang-libcxx	4850804	18118668607	6257722	22227298	564155782	2021016095	NA	0
5355	4	opencv	fedora-clang-libcxx	4840563	18123509170	6257737	22227298	564303914	2021552304	NA	0
5356	4	opencv	fedora-clang-libcxx	4877487	18128386657	6257752	22227298	564452635	2022093010	NA	0
5357	4	opencv	fedora-clang-libcxx	4855429	18133242086	6257767	22227298	564600932	2022631010	NA	0
5358	4	opencv	fedora-clang-libcxx	4851449	18138093535	6257782	22227298	564749322	2023169668	NA	0
5359	4	opencv	fedora-clang-libcxx	4854303	18142947838	6257797	22227298	564897698	2023708188	NA	0
5360	4	opencv	fedora-clang-libcxx	4858926	18147806764	6257812	22227298	565046036	2024246410	NA	0
5361	4	opencv	fedora-clang-libcxx	4848920	18152655684	6257827	22227298	565194464	2024784117	NA	0
5362	4	opencv	fedora-clang-libcxx	4798909	18157454593	6257842	22227298	565340809	2025312905	NA	0
5363	4	opencv	fedora-clang-libcxx	4795982	18162250575	6257857	22227298	565487103	2025841049	NA	0
5364	4	opencv	fedora-clang-libcxx	4798782	18167049357	6257872	22227298	565633462	2026369890	NA	0
5365	4	opencv	fedora-clang-libcxx	3753450	18170802807	6257887	22227298	565750892	2026794451	NA	0
5366	4	opencv	fedora-clang-libcxx	3754250	18174557057	6257902	22227298	565868327	2027219066	NA	0
5367	4	opencv	fedora-clang-libcxx	3757386	18178314443	6257917	22227298	565986049	2027644738	NA	0
5368	4	opencv	fedora-clang-libcxx	3747333	18182061776	6257932	22227298	566103217	2028067994	NA	0
5369	4	opencv	fedora-clang-libcxx	3805599	18185867375	6257947	22227298	566222230	2028498941	NA	0
5370	4	opencv	fedora-clang-libcxx	3783968	18189651343	6257962	22227298	566340981	2028928262	NA	0
5371	4	opencv	fedora-clang-libcxx	3746915	18193398258	6257977	22227298	566458130	2029351257	NA	0
5372	4	opencv	fedora-clang-libcxx	3773084	18197171342	6257992	22227298	566573848	2029778350	NA	0
5373	4	opencv	fedora-clang-libcxx	3759448	18200930790	6258007	22227298	566691441	2030203533	NA	0
5374	4	opencv	fedora-clang-libcxx	3766101	18204696891	6258022	22227298	566809437	2030629805	NA	0
5375	4	opencv	fedora-clang-libcxx	3750612	18208447503	6258037	22227298	566926645	2031053431	NA	0
5376	4	opencv	fedora-clang-libcxx	3758092	18212205595	6258052	22227298	567044310	2031479012	NA	0
5377	4	opencv	fedora-clang-libcxx	3759854	18215965449	6258067	22227298	567161914	2031904411	NA	0
5378	4	opencv	fedora-clang-libcxx	3654990	18219620439	6258082	22227298	567275191	2032310902	NA	0
5379	4	opencv	fedora-clang-libcxx	4888140	18224508579	6258097	22227298	567425897	2032857969	NA	0
5380	4	opencv	fedora-clang-libcxx	4923360	18229431939	6258112	22227298	567576828	2033407086	NA	0
5381	4	opencv	fedora-clang-libcxx	4892630	18234324569	6258127	22227298	567727607	2033954977	NA	0
5382	4	opencv	fedora-clang-libcxx	4896865	18239221434	6258142	22227298	567878450	2034503340	NA	0
5383	4	opencv	fedora-clang-libcxx	4916659	18244138093	6258157	22227298	568029375	2035052916	NA	0
5384	4	opencv	fedora-clang-libcxx	4934887	18249072980	6258172	22227298	568181996	2035608047	NA	0
5385	4	opencv	fedora-clang-libcxx	4926912	18253999892	6258187	22227298	568333183	2036159323	NA	0
5386	4	opencv	fedora-clang-libcxx	4904337	18258904229	6258202	22227298	568484129	2036708749	NA	0
5387	4	opencv	fedora-clang-libcxx	4889295	18263793524	6258217	22227298	568634831	2037256014	NA	0
5388	4	opencv	fedora-clang-libcxx	4907195	18268700719	6258232	22227298	568785675	2037804690	NA	0
5389	4	opencv	fedora-clang-libcxx	4888758	18273589477	6258247	22227298	568936423	2038351892	NA	0
5390	4	opencv	fedora-clang-libcxx	4823785	18278413262	6258262	22227298	569083670	2038884153	NA	0
5391	4	opencv	fedora-clang-libcxx	4788238	18283201500	6258277	22227298	569229203	2039409955	NA	0
5392	4	opencv	fedora-clang-libcxx	4789427	18287990927	6258292	22227298	569374738	2039936045	NA	0
5393	4	opencv	fedora-clang-libcxx	4786304	18292777231	6258307	22227298	569520276	2040461636	NA	0
5394	4	opencv	fedora-clang-libcxx	6956500	18299733731	6258322	22227298	569732245	2041137516	NA	0
5395	4	opencv	fedora-clang-libcxx	4444615	18304178346	6258337	22227298	569867585	2041622397	NA	0
5396	4	opencv	fedora-clang-libcxx	4194078	18308372424	6258352	22227298	569996386	2042091879	NA	0
5397	4	opencv	fedora-clang-libcxx	4313477	18312685901	6258367	22227298	570128873	2042570633	NA	0
5398	4	opencv	fedora-clang-libcxx	4339366	18317025267	6258382	22227298	570262269	2043052671	NA	0
5399	4	opencv	fedora-clang-libcxx	4301416	18321326683	6258397	22227298	570394071	2043529671	NA	0
5400	4	opencv	fedora-clang-libcxx	4053318	18325380001	6258412	22227298	570517901	2043983657	NA	0
5401	4	opencv	fedora-clang-libcxx	4002483	18329382484	6258427	22227298	570639597	2044431162	NA	0
5402	4	opencv	fedora-clang-libcxx	3971370	18333353854	6258442	22227298	570760259	2044875229	NA	0
5403	4	opencv	fedora-clang-libcxx	3988081	18337341935	6258457	22227298	570881598	2045321477	NA	0
5404	4	opencv	fedora-clang-libcxx	4173540	18341515475	6258472	22227298	571009217	2045784983	NA	0
5405	4	opencv	fedora-clang-libcxx	6373379	18347888854	6258487	22227298	571214980	2046486357	NA	0
5406	4	opencv	fedora-clang-libcxx	6380172	18354269026	6258502	22227298	571420827	2047186338	NA	0
5407	4	opencv	fedora-clang-libcxx	6305679	18360574705	6258517	22227298	571624059	2047875977	NA	0
5408	4	opencv	fedora-clang-libcxx	4142239	18364716944	6258532	22227298	571750634	2048335215	NA	0
5409	4	opencv	fedora-clang-libcxx	4186268	18368903212	6258547	22227298	571878464	2048799939	NA	0
5410	4	opencv	fedora-clang-libcxx	4137137	18373040349	6258562	22227298	572004923	2049257969	NA	0
5411	4	opencv	fedora-clang-libcxx	4131006	18377171355	6258577	22227298	572131095	2049714692	NA	0
5412	4	opencv	fedora-clang-libcxx	4132413	18381303768	6258592	22227298	572257324	2050171623	NA	0
5413	4	opencv	fedora-clang-libcxx	4134963	18385438731	6258607	22227298	572383628	2050629110	NA	0
5414	4	opencv	fedora-clang-libcxx	4234757	18389673488	6258622	22227298	572513873	2051103976	NA	0
5415	4	opencv	fedora-clang-libcxx	4143487	18393816975	6258637	22227298	572640608	2051563202	NA	0
5416	4	opencv	fedora-clang-libcxx	4132732	18397949707	6258652	22227298	572766887	2052020259	NA	0
5417	4	opencv	fedora-clang-libcxx	4138830	18402088537	6258667	22227298	572893410	2052478358	NA	0
5418	4	opencv	fedora-clang-libcxx	4168275	18406256812	6258682	22227298	573020984	2052940750	NA	0
5419	4	opencv	fedora-clang-libcxx	4384689	18410641501	6258697	22227298	573153527	2053431274	NA	0
5420	4	opencv	fedora-clang-libcxx	4464669	18415106170	6258712	22227298	573288208	2053933372	NA	0
5421	4	opencv	fedora-clang-libcxx	4385137	18419491307	6258727	22227298	573420793	2054423892	NA	0
5422	4	opencv	fedora-clang-libcxx	4405411	18423896718	6258742	22227298	573554002	2054917884	NA	0
5423	4	opencv	fedora-clang-libcxx	4390641	18428287359	6258757	22227298	573686771	2055409978	NA	0
5424	4	opencv	fedora-clang-libcxx	4131485	18432418844	6258772	22227298	573812949	2055866710	NA	0
5425	4	opencv	fedora-clang-libcxx	4407436	18436826280	6258787	22227298	573946267	2056361193	NA	0
5426	4	opencv	fedora-clang-libcxx	4399733	18441226013	6258802	22227298	574079054	2056853350	NA	0
5427	4	opencv	fedora-clang-libcxx	4381273	18445607286	6258817	22227298	574211394	2057343127	NA	0
5428	4	opencv	fedora-clang-libcxx	4455220	18450062506	6258832	22227298	574346964	2057846192	NA	0
5429	4	opencv	fedora-clang-libcxx	4390699	18454453205	6258847	22227298	574479683	2058337582	NA	0
5430	4	opencv	fedora-clang-libcxx	4142067	18458595272	6258862	22227298	574606215	2058796120	NA	0
5431	4	opencv	fedora-clang-libcxx	4136322	18462731594	6258877	22227298	574732540	2059253735	NA	0
5432	4	opencv	fedora-clang-libcxx	4378513	18467110107	6258892	22227298	574864961	2059743408	NA	0
5433	4	opencv	fedora-clang-libcxx	4377229	18471487336	6258907	22227298	574997329	2060232841	NA	0
5434	4	opencv	fedora-clang-libcxx	4385331	18475872667	6258922	22227298	575130139	2060725141	NA	0
5435	4	opencv	fedora-clang-libcxx	4389711	18480262378	6258937	22227298	575262943	2061217007	NA	0
5436	4	opencv	fedora-clang-libcxx	4137160	18484399538	6258952	22227298	575389307	2061675027	NA	0
5437	4	opencv	fedora-clang-libcxx	4387676	18488787214	6258967	22227298	575522029	2062166526	NA	0
5438	4	opencv	fedora-clang-libcxx	4379537	18493166751	6258982	22227298	575654471	2062656059	NA	0
5439	4	opencv	fedora-clang-libcxx	4452218	18497618969	6258997	22227298	575789298	2063157434	NA	0
5440	4	opencv	fedora-clang-libcxx	4382420	18502001389	6259012	22227298	575921861	2063647908	NA	0
5441	4	opencv	fedora-clang-libcxx	4389836	18506391225	6259027	22227298	576054774	2064139812	NA	0
5442	4	opencv	fedora-clang-libcxx	4377501	18510768726	6259042	22227298	576187294	2064631011	NA	0
5443	4	opencv	fedora-clang-libcxx	4181066	18514949792	6259057	22227298	576314423	2065100947	NA	0
5444	4	opencv	fedora-clang-libcxx	4442863	18519392655	6259072	22227298	576449290	2065602176	NA	0
5445	4	opencv	fedora-clang-libcxx	4410909	18523803564	6259087	22825229	576582372	2066095968	NA	1
5446	4	opencv	fedora-clang-libcxx	4144147	18527947711	6259102	22825229	576708744	2066554068	NA	0
5447	4	opencv	fedora-clang-libcxx	4367340	18532315051	6259117	22825229	576840816	2067042544	NA	0
5448	4	opencv	fedora-clang-libcxx	4382050	18536697101	6259132	22825229	576973341	2067532971	NA	0
5449	4	opencv	fedora-clang-libcxx	4380564	18541077665	6259147	22825229	577105825	2068023178	NA	0
5450	4	opencv	fedora-clang-libcxx	4144282	18545221947	6259162	22825229	577232274	2068481808	NA	0
5451	4	opencv	fedora-clang-libcxx	4409605	18549631552	6259177	22825229	577365851	2068977421	NA	0
5452	4	opencv	fedora-clang-libcxx	4435199	18554066751	6259192	22825229	577498649	2069479104	NA	0
5453	4	opencv	fedora-clang-libcxx	4461763	18558528514	6259207	22825229	577633826	2069979748	NA	0
5454	4	opencv	fedora-clang-libcxx	4407175	18562935689	6259222	22825229	577767138	2070474125	NA	0
5455	4	opencv	fedora-clang-libcxx	4141100	18567076789	6259237	22825229	577893636	2070932779	NA	0
5456	4	opencv	fedora-clang-libcxx	4380760	18571457549	6259252	22825229	578026067	2071422637	NA	0
5457	4	opencv	fedora-clang-libcxx	4378755	18575836304	6259267	22825229	578158454	2071912322	NA	0
5458	4	opencv	fedora-clang-libcxx	4400281	18580236585	6259282	22825229	578291605	2072406078	NA	0
5459	4	opencv	fedora-clang-libcxx	4141378	18584377963	6259297	22825229	578418138	2072864947	NA	0
5460	4	opencv	fedora-clang-libcxx	4382266	18588760229	6259312	22825229	578550630	2073355350	NA	0
5461	4	opencv	fedora-clang-libcxx	4394961	18593155190	6259327	22825229	578683670	2073848306	NA	0
5462	4	opencv	fedora-clang-libcxx	4136668	18597291858	6259342	22825229	578810013	2074306277	NA	0
5463	4	opencv	fedora-clang-libcxx	4139084	18601430942	6259357	22825229	578936453	2074764506	NA	0
5464	4	opencv	fedora-clang-libcxx	4382827	18605813769	6259372	22825229	579068964	2075254885	NA	0
5465	4	opencv	fedora-clang-libcxx	4383317	18610197086	6259387	22825229	579201439	2075745099	NA	0
5466	4	opencv	fedora-clang-libcxx	4479514	18614676600	6259402	22825229	579337702	2076251270	NA	0
5467	4	opencv	fedora-clang-libcxx	4383823	18619060423	6259417	22825229	579470559	2076743327	NA	0
5468	4	opencv	fedora-clang-libcxx	4389575	18623449998	6259432	22825229	579603200	2077234762	NA	0
5469	4	opencv	fedora-clang-libcxx	4380990	18627830988	6259447	22825229	579735659	2077725000	NA	0
5470	4	opencv	fedora-clang-libcxx	4415452	18632246440	6259462	22825229	579869478	2078220346	NA	0
5471	4	opencv	fedora-clang-libcxx	4382638	18636629078	6259477	22825229	580001969	2078710771	NA	0
5472	4	opencv	fedora-clang-libcxx	4138886	18640767964	6259492	22825229	580128323	2079168194	NA	0
5473	4	opencv	fedora-clang-libcxx	4387094	18645155058	6259507	22825229	580260898	2079659268	NA	0
5474	4	opencv	fedora-clang-libcxx	4391271	18649546329	6259522	22825229	580393771	2080151385	NA	0
5475	4	opencv	fedora-clang-libcxx	4433327	18653979656	6259537	22825229	580527789	2080649264	NA	0
5476	4	opencv	fedora-clang-libcxx	4394615	18658374271	6259552	22825229	580660745	2081141824	NA	0
5477	4	opencv	fedora-clang-libcxx	4387268	18662761539	6259567	22825229	580793479	2081633022	NA	0
5478	4	opencv	fedora-clang-libcxx	4377732	18667139271	6259582	22825229	580925856	2082122610	NA	0
5479	4	opencv	fedora-clang-libcxx	4423280	18671562551	6259597	22825229	581059539	2082618788	NA	0
5480	4	opencv	fedora-clang-libcxx	4151135	18675713686	6259612	22825229	581186566	2083079374	NA	0
5481	4	opencv	fedora-clang-libcxx	4380009	18680093695	6259627	22825229	581319121	2083570640	NA	0
5482	4	opencv	fedora-clang-libcxx	4139568	18684233263	6259642	22825229	581445593	2084029173	NA	0
5483	4	opencv	fedora-clang-libcxx	4390062	18688623325	6259657	22825229	581578404	2084521036	NA	0
5484	4	opencv	fedora-clang-libcxx	4462591	18693085916	6259672	22825229	581714206	2085025184	NA	0
5485	4	opencv	fedora-clang-libcxx	4464313	18697550229	6259687	22825229	581850192	2085530034	NA	0
5486	4	opencv	fedora-clang-libcxx	4385715	18701935944	6259702	22825229	581982824	2086021173	NA	0
5487	4	opencv	fedora-clang-libcxx	4385589	18706321533	6259717	22825229	582115459	2086512139	NA	0
5488	4	opencv	fedora-clang-libcxx	4136659	18710458192	6259732	22825229	582241853	2086970103	NA	0
5489	4	opencv	fedora-clang-libcxx	4401703	18714859895	6259747	22825229	582375177	2087464559	NA	0
5490	4	opencv	fedora-clang-libcxx	4385414	18719245309	6259762	22825229	582507859	2087955464	NA	0
5491	4	opencv	fedora-clang-libcxx	4377046	18723622355	6259777	22825229	582640110	2088444821	NA	0
5492	4	opencv	fedora-clang-libcxx	4379544	18728001899	6259792	22825229	582772558	2088934662	NA	0
5493	4	opencv	fedora-clang-libcxx	4383243	18732385142	6259807	22825229	582905090	2089425108	NA	0
5494	4	opencv	fedora-clang-libcxx	4159351	18736544493	6259822	22825229	583032366	2089887261	NA	0
5495	4	opencv	fedora-clang-libcxx	4265701	18740810194	6259837	22825229	583163963	2090367792	NA	0
5496	4	opencv	fedora-clang-libcxx	4271760	18745081954	6259852	22825229	583295304	2090846636	NA	0
5497	4	opencv	fedora-clang-libcxx	4237858	18749319812	6259867	22825229	583426093	2091323059	NA	0
5498	4	opencv	fedora-clang-libcxx	4335202	18753655014	6259882	22825229	583560121	2091814572	NA	0
5499	4	opencv	fedora-clang-libcxx	4251316	18757906330	6259897	22825229	583691260	2092293021	NA	0
5500	4	opencv	fedora-clang-libcxx	4271821	18762178151	6259912	22825229	583823004	2092773790	NA	0
5501	4	opencv	fedora-clang-libcxx	4241981	18766420132	6259927	22825229	583953909	2093250723	NA	0
5502	4	opencv	fedora-clang-libcxx	4249101	18770669233	6259942	22825229	584085183	2093729738	NA	0
5503	4	opencv	fedora-clang-libcxx	4213467	18774882700	6259957	22825229	584214797	2094200906	NA	0
5504	4	opencv	fedora-clang-libcxx	5157117	18780039817	6259972	22825229	584383250	2094797437	NA	0
5505	4	opencv	fedora-clang-libcxx	5301632	18785341449	6259987	22825229	584555676	2095415491	NA	0
5506	4	opencv	fedora-clang-libcxx	4134336	18789475785	6260002	22825229	584682017	2095872867	NA	0
5507	4	opencv	fedora-clang-libcxx	4131154	18793606939	6260017	22825229	584808207	2096329639	NA	0
5508	4	opencv	fedora-clang-libcxx	4239418	18797846357	6260032	22825229	584939095	2096806331	NA	0
5509	4	opencv	fedora-clang-libcxx	4144573	18801990930	6260047	22825229	585065679	2097264940	NA	0
5510	4	opencv	fedora-clang-libcxx	4238034	18806228964	6260062	22825229	585196499	2097741359	NA	0
5511	4	opencv	fedora-clang-libcxx	4238051	18810467015	6260077	22825229	585327318	2098217782	NA	0
5512	4	opencv	fedora-clang-libcxx	4240879	18814707894	6260092	22825229	585458218	2098694703	NA	0
5513	4	opencv	fedora-clang-libcxx	4139960	18818847854	6260107	22825229	585584852	2099153122	NA	0
5514	4	opencv	fedora-clang-libcxx	5260704	18824108558	6260122	22825229	585757135	2099761621	NA	0
5515	4	opencv	fedora-clang-libcxx	5384989	18829493547	6260137	22825229	585932758	2100387173	NA	0
5516	4	opencv	fedora-clang-libcxx	6669307	18836162854	6260152	22825229	586149562	2101113675	NA	0
5517	4	opencv	fedora-clang-libcxx	4716908	18840879762	6260167	22825229	586297608	2101648068	NA	0
5518	4	opencv	fedora-clang-libcxx	4156657	18845036419	6260182	22825229	586424521	2102108418	NA	0
5519	4	opencv	fedora-clang-libcxx	4137929	18849174348	6260197	22825229	586550890	2102566256	NA	0
5520	4	opencv	fedora-clang-libcxx	4131868	18853306216	6260212	22825229	586676974	2103022991	NA	0
5521	4	opencv	fedora-clang-libcxx	4189712	18857495928	6260227	22825229	586805097	2103489571	NA	0
5522	4	opencv	fedora-clang-libcxx	4167993	18861663921	6260242	22825229	586932186	2103952803	NA	0
5523	4	opencv	fedora-clang-libcxx	4154566	18865818487	6260257	22825229	587058944	2104413824	NA	0
5524	4	opencv	fedora-clang-libcxx	4155885	18869974372	6260272	22825229	587185735	2104875107	NA	0
5525	4	opencv	fedora-clang-libcxx	4173024	18874147396	6260287	22825229	587312953	2105339133	NA	0
5526	4	opencv	fedora-clang-libcxx	4165260	18878312656	6260302	22825229	587439977	2105801865	NA	0
5527	4	opencv	fedora-clang-libcxx	4152042	18882464698	6260317	22825229	587566673	2106262225	NA	0
5528	4	opencv	fedora-clang-libcxx	4132832	18886597530	6260332	22825229	587692905	2106719181	NA	0
5529	4	opencv	fedora-clang-libcxx	4152307	18890749837	6260347	22825229	587819877	2107179137	NA	0
5530	4	opencv	fedora-clang-libcxx	4152373	18894902210	6260362	22825229	587946851	2107639009	NA	0
5531	4	opencv	fedora-clang-libcxx	4152729	18899054939	6260377	22825229	588073837	2108098943	NA	0
5532	4	opencv	fedora-clang-libcxx	4152298	18903207237	6260392	22825229	588200804	2108558923	NA	0
5533	4	opencv	fedora-clang-libcxx	4152312	18907359549	6260407	22825229	588327771	2109018766	NA	0
5534	4	opencv	fedora-clang-libcxx	4152312	18911511861	6260422	22825229	588454743	2109478744	NA	0
5535	4	opencv	fedora-clang-libcxx	4152309	18915664170	6260437	22825229	588581710	2109938602	NA	0
5536	4	opencv	fedora-clang-libcxx	4152319	18919816489	6260452	22825229	588708677	2110398514	NA	0
5537	4	opencv	fedora-clang-libcxx	4152344	18923968833	6260467	22825229	588835644	2110858389	NA	0
5538	4	opencv	fedora-clang-libcxx	4152379	18928121212	6260482	22825229	588962618	2111318357	NA	0
5539	4	opencv	fedora-clang-libcxx	4152307	18932273519	6260497	22825229	589089587	2111778318	NA	0
5540	4	opencv	fedora-clang-libcxx	4131436	18936404955	6260512	22825229	589215763	2112235118	NA	0
5541	4	opencv	fedora-clang-libcxx	4135382	18940540337	6260527	22825229	589342209	2112692809	NA	0
5542	4	opencv	fedora-clang-libcxx	6083747	18946624084	6260542	22825229	589516617	2113294374	NA	0
5543	4	opencv	fedora-clang-libcxx	6080746	18952704830	6260557	22825229	589690882	2113895153	NA	0
5544	4	opencv	fedora-clang-libcxx	6084893	18958789723	6260572	22825229	589865319	2114496876	NA	0
5545	4	opencv	fedora-clang-libcxx	6098952	18964888675	6260587	22825229	590040278	2115100566	NA	0
5546	4	opencv	fedora-clang-libcxx	6096353	18970985028	6260602	22825229	590214905	2115703595	NA	0
5547	4	opencv	fedora-clang-libcxx	6295832	18977280860	6260617	22825229	590393298	2116328741	NA	0
5548	4	opencv	fedora-clang-libcxx	6315504	18983596364	6260632	22825229	590572291	2116956759	NA	0
5549	4	opencv	fedora-clang-libcxx	6292857	18989889221	6260647	22825229	590750538	2117581223	NA	0
5550	4	opencv	fedora-clang-libcxx	6297134	18996186355	6260662	22825229	590928949	2118206727	NA	0
5551	4	opencv	fedora-clang-libcxx	6310338	19002496693	6260677	22825229	591107884	2118834124	NA	0
5552	4	opencv	fedora-clang-libcxx	6308464	19008805157	6260692	22825229	591286488	2119460773	NA	0
5553	4	opencv	fedora-clang-libcxx	6555207	19015360364	6260707	22825229	591468758	2120111646	NA	0
5554	4	opencv	fedora-clang-libcxx	6572845	19021933209	6260722	22825229	591651579	2120765506	NA	0
5555	4	opencv	fedora-clang-libcxx	4916281	19026849490	6260737	22825229	591801978	2121311227	NA	0
5556	4	opencv	fedora-clang-libcxx	5052458	19031901948	6260752	22825229	591953951	2121870284	NA	0
5557	4	opencv	fedora-clang-libcxx	5010261	19036912209	6260767	23247347	592105431	2122426888	NA	1
5558	4	opencv	fedora-clang-libcxx	4936722	19041848931	6260782	23247347	592256444	2122976007	NA	0
5559	4	opencv	fedora-clang-libcxx	5009017	19046857948	6260797	23247347	592407844	2123531851	NA	0
5560	4	opencv	fedora-clang-libcxx	5009874	19051867822	6260812	23247347	592562216	2124096129	NA	0
5561	4	opencv	fedora-clang-libcxx	4951892	19056819714	6260827	23247347	592712639	2124644111	NA	0
5562	4	opencv	fedora-clang-libcxx	4912809	19061732523	6260842	23247347	592862896	2125189156	NA	0
5563	4	opencv	fedora-clang-libcxx	5140969	19066873492	6260857	23247347	593016150	2125755731	NA	0
5564	4	opencv	fedora-clang-libcxx	5183133	19072056625	6260872	23247347	593170943	2126330636	NA	0
5565	4	opencv	fedora-clang-libcxx	4913999	19076970624	6260887	23247347	593321145	2126875969	NA	0
5566	4	opencv	fedora-clang-libcxx	4997211	19081967835	6260902	23247347	593472337	2127430146	NA	0
5567	4	opencv	fedora-clang-libcxx	4978968	19086946803	6260917	23247347	593623839	2127984012	NA	0
5568	4	opencv	fedora-clang-libcxx	4924981	19091871784	6260932	23247347	593774217	2128530443	NA	0
5569	4	opencv	fedora-clang-libcxx	4997244	19096869028	6260947	23247347	593928586	2129088614	NA	0
5570	4	opencv	fedora-clang-libcxx	5585981	19102455009	6260962	23247347	594082590	2129674348	NA	0
5571	4	opencv	fedora-clang-libcxx	5273637	19107728646	6260977	23247347	594234506	2130240473	NA	0
5572	4	opencv	fedora-clang-libcxx	4975268	19112703914	6260992	23247347	594385583	2130792495	NA	0
5573	4	opencv	fedora-clang-libcxx	5009153	19117713067	6261007	23247347	594536771	2131347418	NA	0
5574	4	opencv	fedora-clang-libcxx	222	19117713289	6261022	23247347	594536793	2131347536	NA	0
5575	4	opencv	fedora-clang-libcxx	4937008	19122650297	6261037	23247347	594687781	2131896731	NA	0
5576	4	opencv	fedora-clang-libcxx	5009945	19127660242	6261052	23247347	594839239	2132452967	NA	0
5577	4	opencv	fedora-clang-libcxx	4907307	19132567549	6261067	23247347	594988851	2132997159	NA	0
5578	4	opencv	fedora-clang-libcxx	4909549	19137477098	6261082	23247347	595138499	2133541853	NA	0
5579	4	opencv	fedora-clang-libcxx	4893900	19142370998	6261097	23247347	595287703	2134083384	NA	0
5580	4	opencv	fedora-clang-libcxx	4929095	19147300093	6261112	23247347	595437738	2134629065	NA	0
5581	4	opencv	fedora-clang-libcxx	5068606	19152368699	6261127	23247347	595588383	2135183619	NA	0
5582	4	opencv	fedora-clang-libcxx	4889262	19157257961	6261142	23247347	595737598	2135723917	NA	0
5583	4	opencv	fedora-clang-libcxx	5011844	19162269805	6261157	23247347	595888556	2136277051	NA	0
5584	4	opencv	fedora-clang-libcxx	4892784	19167162589	6261172	23247347	596037745	2136818238	NA	0
5585	4	opencv	fedora-clang-libcxx	4894179	19172056768	6261187	23247347	596186869	2137359342	NA	0
5586	4	opencv	fedora-clang-libcxx	4901564	19176958332	6261202	23247347	596336026	2137900846	NA	0
5587	4	opencv	fedora-clang-libcxx	4951700	19181910032	6261217	23247347	596485341	2138445066	NA	0
5588	4	opencv	fedora-clang-libcxx	3810186	19185720218	6261232	23247347	596604663	2138877820	NA	0
5589	4	opencv	fedora-clang-libcxx	4153889	19189874107	6261247	23247347	596728808	2139328953	NA	0
5590	4	opencv	fedora-clang-libcxx	4222373	19194096480	6261262	23247347	596852485	2139780133	NA	0
5591	4	opencv	fedora-clang-libcxx	3810866	19197907346	6261277	23247347	596971920	2140212953	NA	0
5592	4	opencv	fedora-clang-libcxx	3804227	19201711573	6261292	23247347	597090864	2140644096	NA	0
5593	4	opencv	fedora-clang-libcxx	3819806	19205531379	6261307	23247347	597210502	2141078622	NA	0
5594	4	opencv	fedora-clang-libcxx	3927991	19209459370	6261322	23247347	597334716	2141528819	NA	0
5595	4	opencv	fedora-clang-libcxx	3808538	19213267908	6261337	23247347	597453796	2141961022	NA	0
5596	4	opencv	fedora-clang-libcxx	3796975	19217064883	6261352	23247347	597572504	2142390800	NA	0
5597	4	opencv	fedora-clang-libcxx	3817956	19220882839	6261367	23247347	597692084	2142825473	NA	0
5598	4	opencv	fedora-clang-libcxx	4053859	19224936698	6261382	23247347	597817631	2143291098	NA	0
5599	4	opencv	fedora-clang-libcxx	4036936	19228973634	6261397	23247347	597942419	2143752683	NA	0
5600	4	opencv	fedora-clang-libcxx	3803176	19232776810	6261412	23247347	598061347	2144183451	NA	0
5601	4	opencv	fedora-clang-libcxx	3802424	19236579234	6261427	23247347	598180303	2144614486	NA	0
5602	4	opencv	fedora-clang-libcxx	3808092	19240387326	6261442	23247347	598299571	2145046957	NA	0
5603	4	opencv	fedora-clang-libcxx	3875287	19244262613	6261457	23247347	598421671	2145491328	NA	0
5604	4	opencv	fedora-clang-libcxx	3847011	19248109624	6261472	23247347	598542417	2145929728	NA	0
5605	4	opencv	fedora-clang-libcxx	3800145	19251909769	6261487	23247347	598661312	2146360396	NA	0
5606	4	opencv	fedora-clang-libcxx	3814052	19255723821	6261502	23247347	598780734	2146793610	NA	0
5607	4	opencv	fedora-clang-libcxx	3805003	19259528824	6261517	23247347	598899811	2147225203	NA	0
5608	4	opencv	fedora-clang-libcxx	3796946	19263325770	6261532	23247347	599018512	2147654967	NA	0
5609	4	opencv	fedora-clang-libcxx	3836483	19267162253	6261547	23247347	599138497	2148090877	NA	0
5610	4	opencv	fedora-clang-libcxx	3833537	19270995790	6261562	23247347	599259191	2148530282	NA	0
5611	4	opencv	fedora-clang-libcxx	3838150	19274833940	6261577	23247347	599379869	2148969087	NA	0
5612	4	opencv	fedora-clang-libcxx	4104190	19278938130	6261592	23247347	599507280	2149443503	NA	0
5613	4	opencv	fedora-clang-libcxx	3655070	19282593200	6261607	23247347	599620557	2149849996	NA	0
5614	4	opencv	fedora-clang-libcxx	4084396	19286677596	6261622	23247347	599747169	2150319360	NA	0
5615	4	opencv	fedora-clang-libcxx	5960460	19292638056	6261637	23247347	599917926	2150917317	NA	0
5616	4	opencv	fedora-clang-libcxx	5990980	19298629036	6261652	23247347	600089882	2151521490	NA	0
5617	4	opencv	fedora-clang-libcxx	6248321	19304877357	6261667	23247347	600265585	2152151027	NA	0
5618	4	opencv	fedora-clang-libcxx	4919345	19309796702	6261682	23247347	600417495	2152703772	NA	0
5619	4	opencv	fedora-clang-libcxx	4919484	19314716186	6261697	23247347	600569439	2153256575	NA	0
5620	4	opencv	fedora-clang-libcxx	4919361	19319635547	6261712	23247347	600721349	2153809394	NA	0
5621	4	opencv	fedora-clang-libcxx	4827481	19324463028	6261727	23247347	600868259	2154342409	NA	0
5622	4	opencv	fedora-clang-libcxx	4819430	19329282458	6261742	23247347	601015082	2154874364	NA	0
5623	4	opencv	fedora-clang-libcxx	4827525	19334109983	6261757	23247347	601161863	2155406866	NA	0
5624	4	opencv	fedora-clang-libcxx	4818536	19338928519	6261772	23247347	601308551	2155938330	NA	0
5625	4	opencv	fedora-clang-libcxx	4821819	19343750338	6261787	23247347	601455333	2156470191	NA	0
5626	4	opencv	fedora-clang-libcxx	4835925	19348586263	6261802	23247347	601602409	2157004517	NA	0
5627	4	opencv	fedora-clang-libcxx	4870341	19353456604	6261817	23247347	601749803	2157541538	NA	0
5628	4	opencv	fedora-clang-libcxx	4843727	19358300331	6261832	23247347	601896937	2158076559	NA	0
5629	4	opencv	fedora-clang-libcxx	4845344	19363145675	6261847	23247347	602043921	2158610258	NA	0
5630	4	opencv	fedora-clang-libcxx	4821785	19367967460	6261862	23247347	602190684	2159142350	NA	0
5631	4	opencv	fedora-clang-libcxx	4823395	19372790855	6261877	23247347	602337539	2159674859	NA	0
5632	4	opencv	fedora-clang-libcxx	4839717	19377630572	6261892	23247347	602484363	2160207335	NA	0
5633	4	opencv	fedora-clang-libcxx	4812107	19382442679	6261907	23247347	602631005	2160737962	NA	0
5634	4	opencv	fedora-clang-libcxx	4851998	19387294677	6261922	23247347	602778344	2161272999	NA	0
5635	4	opencv	fedora-clang-libcxx	4821844	19392116521	6261937	23247347	602925194	2161805300	NA	0
5636	4	opencv	fedora-clang-libcxx	4841323	19396957844	6261952	23247347	603072272	2162339267	NA	0
5637	4	opencv	fedora-clang-libcxx	4838773	19401796617	6261967	23247347	603219191	2162872896	NA	0
5638	4	opencv	fedora-clang-libcxx	4818876	19406615493	6261982	23247347	603365900	2163404571	NA	0
5639	4	opencv	fedora-clang-libcxx	4814974	19411430467	6261997	23247347	603512587	2163935779	NA	0
5640	4	opencv	fedora-clang-libcxx	4919963	19416350430	6262012	23247347	603664528	2164488799	NA	0
5641	4	opencv	fedora-clang-libcxx	4920105	19421270535	6262027	23247347	603816490	2165041729	NA	0
5642	4	opencv	fedora-clang-libcxx	4924535	19426195070	6262042	23247347	603968561	2165595186	NA	0
5643	4	opencv	fedora-clang-libcxx	4831677	19431026747	6262057	23247347	604115367	2166127894	NA	0
5644	4	opencv	fedora-clang-libcxx	4819835	19435846582	6262072	23247347	604262179	2166659845	NA	0
5645	4	opencv	fedora-clang-libcxx	4831542	19440678124	6262087	23247347	604409010	2167192444	NA	0
5646	4	opencv	fedora-clang-libcxx	4812280	19445490404	6262102	23247347	604555656	2167723131	NA	0
5647	4	opencv	fedora-clang-libcxx	4825117	19450315521	6262117	23247347	604702379	2168254849	NA	0
5648	4	opencv	fedora-clang-libcxx	4190978	19454506499	6262132	23247347	604833768	2168733530	NA	0
5649	4	opencv	fedora-clang-libcxx	3742312	19458248811	6262147	23247347	604950627	2169155111	NA	0
5650	4	opencv	fedora-clang-libcxx	3719101	19461967912	6262162	23247347	605066726	2169573149	NA	0
5651	4	opencv	fedora-clang-libcxx	3902595	19465870507	6262177	23247347	605187752	2170011339	NA	0
5652	4	opencv	fedora-clang-libcxx	3920787	19469791294	6262192	23247347	605309686	2170453069	NA	0
5653	4	opencv	fedora-clang-libcxx	3719159	19473510453	6262207	23247347	605425697	2170871086	NA	0
5654	4	opencv	fedora-clang-libcxx	3719163	19477229616	6262222	23247347	605541708	2171289113	NA	0
5655	4	opencv	fedora-clang-libcxx	3719296	19480948912	6262237	23247347	605657722	2171707171	NA	0
5656	4	opencv	fedora-clang-libcxx	3953820	19484902732	6262252	23247347	605780957	2172154257	NA	0
5657	4	opencv	fedora-clang-libcxx	3902392	19488805124	6262267	23247347	605902087	2172592746	NA	0
5658	4	opencv	fedora-clang-libcxx	3947447	19492752571	6262282	23247347	606025217	2173039200	NA	0
5659	4	opencv	fedora-clang-libcxx	3719179	19496471750	6262297	23247347	606141228	2173457242	NA	0
5660	4	opencv	fedora-clang-libcxx	3950782	19500422532	6262312	23247347	606264586	2173904110	NA	0
5661	4	opencv	fedora-clang-libcxx	3719242	19504141774	6262327	23247347	606380690	2174322207	NA	0
5662	4	opencv	fedora-clang-libcxx	3921392	19508063166	6262342	23247347	606502643	2174764033	NA	0
5663	4	opencv	fedora-clang-libcxx	3898991	19511962157	6262357	23247347	606623785	2175202130	NA	0
5664	4	opencv	fedora-clang-libcxx	4051701	19516013858	6262372	23247347	606751480	2175667505	NA	0
5665	4	opencv	fedora-clang-libcxx	3917199	19519931057	6262387	23247347	606873201	2176108724	NA	0
5666	4	opencv	fedora-clang-libcxx	3719101	19523650158	6262402	23247347	606989300	2176526762	NA	0
5667	4	opencv	fedora-clang-libcxx	3905514	19527555672	6262417	23247347	607110744	2176965758	NA	0
5668	4	opencv	fedora-clang-libcxx	4070109	19531625781	6262432	23247347	607235470	2177422149	NA	0
5669	4	opencv	fedora-clang-libcxx	4035764	19535661545	6262447	23640636	607361368	2177879315	NA	1
5670	4	opencv	fedora-clang-libcxx	3738365	19539399910	6262462	23640636	607478465	2178300973	NA	0
5671	4	opencv	fedora-clang-libcxx	3730661	19543130571	6262477	23640636	607595185	2178721808	NA	0
5672	4	opencv	fedora-clang-libcxx	3899773	19547030344	6262492	23640636	607715978	2179158788	NA	0
5673	4	opencv	fedora-clang-libcxx	4944396	19551974740	6262507	23640636	607862153	2179691138	NA	0
5674	4	opencv	fedora-clang-libcxx	4771254	19556745994	6262522	23640636	608005358	2180214299	NA	0
5675	4	opencv	fedora-clang-libcxx	4781754	19561527748	6262537	23640636	608150589	2180738817	NA	0
5676	4	opencv	fedora-clang-libcxx	4774599	19566302347	6262552	23640636	608295861	2181262722	NA	0
5677	4	opencv	fedora-clang-libcxx	4843193	19571145540	6262567	23640636	608439778	2181793267	NA	0
5678	4	opencv	fedora-clang-libcxx	4771928	19575917468	6262582	23640636	608584950	2182316534	NA	0
5679	4	opencv	fedora-clang-libcxx	4867043	19580784511	6262597	23640636	608731068	2182847807	NA	0
5680	4	opencv	fedora-clang-libcxx	4885031	19585669542	6262612	23640636	608877143	2183380313	NA	0
5681	4	opencv	fedora-clang-libcxx	4839235	19590508777	6262627	23640636	609023732	2183912130	NA	0
5682	4	opencv	fedora-clang-libcxx	4771627	19595280404	6262642	23640636	609168889	2184435279	NA	0
5683	4	opencv	fedora-clang-libcxx	4772740	19600053144	6262657	23640636	609314040	2184958722	NA	0
5684	4	opencv	fedora-clang-libcxx	4852294	19604905438	6262672	23640636	609460273	2185489284	NA	0
5685	4	opencv	fedora-clang-libcxx	4878835	19609784273	6262687	23640636	609606226	2186021058	NA	0
5686	4	opencv	fedora-clang-libcxx	4797113	19614581386	6262702	23640636	609751566	2186546448	NA	0
5687	4	opencv	fedora-clang-libcxx	5090482	19619671868	6262717	23640636	609899515	2187091966	NA	0
5688	4	opencv	fedora-clang-libcxx	4810599	19624482467	6262732	23640636	610045020	2187619376	NA	0
5689	4	opencv	fedora-clang-libcxx	4803551	19629286018	6262747	23640636	610190325	2188145604	NA	0
5690	4	opencv	fedora-clang-libcxx	4776487	19634062505	6262762	23640636	610335396	2188669297	NA	0
5691	4	opencv	fedora-clang-libcxx	4769717	19638832222	6262777	23640636	610480413	2189192271	NA	0
5692	4	opencv	fedora-clang-libcxx	4783490	19643615712	6262792	23640636	610625523	2189716890	NA	0
5693	4	opencv	fedora-clang-libcxx	3909077	19647524789	6262807	23640636	610750765	2190167541	NA	0
5694	4	opencv	fedora-clang-libcxx	3888471	19651413260	6262822	23640636	610875519	2190616002	NA	0
5695	4	opencv	fedora-clang-libcxx	3954349	19655367609	6262837	23640636	611001294	2191068540	NA	0
5696	4	opencv	fedora-clang-libcxx	3904932	19659272541	6262852	23640636	611126671	2191518755	NA	0
5697	4	opencv	fedora-clang-libcxx	3920686	19663193227	6262867	23640636	611253428	2191976170	NA	0
5698	4	opencv	fedora-clang-libcxx	3886987	19667080214	6262882	23640636	611378635	2192425475	NA	0
5699	4	opencv	fedora-clang-libcxx	3977581	19671057795	6262897	23640636	611505220	2192882771	NA	0
5700	4	opencv	fedora-clang-libcxx	3892348	19674950143	6262912	23640636	611630028	2193331662	NA	0
5701	4	opencv	fedora-clang-libcxx	3973653	19678923796	6262927	23640636	611758290	2193793710	NA	0
5702	4	opencv	fedora-clang-libcxx	4056972	19682980768	6262942	23640636	611891449	2194270852	NA	0
5703	4	opencv	fedora-clang-libcxx	4063871	19687044639	6262957	23640636	612020869	2194736528	NA	0
5704	4	opencv	fedora-clang-libcxx	4149401	19691194040	6262972	23640636	612150301	2195213831	NA	0
5705	4	opencv	fedora-clang-libcxx	4304116	19695498156	6262987	23640636	612290078	2195715964	NA	0
5706	4	opencv	fedora-clang-libcxx	4932598	19700430754	6263002	23640636	612439272	2196269250	NA	0
5707	4	opencv	fedora-clang-libcxx	4951503	19705382257	6263017	23640636	612588220	2196822642	NA	0
5708	4	opencv	fedora-clang-libcxx	4916732	19710298989	6263032	23640636	612737238	2197374318	NA	0
5709	4	opencv	fedora-clang-libcxx	4913554	19715212543	6263047	23640636	612886103	2197925011	NA	0
5710	4	opencv	fedora-clang-libcxx	5066708	19720279251	6263062	23640636	613036593	2198490095	NA	0
5711	4	opencv	fedora-clang-libcxx	4927134	19725206385	6263077	23640636	613185602	2199042821	NA	0
5712	4	opencv	fedora-clang-libcxx	4969566	19730175951	6263092	23640636	613334888	2199597700	NA	0
5713	4	opencv	fedora-clang-libcxx	4900261	19735076212	6263107	23640636	613483713	2200147581	NA	0
5714	4	opencv	fedora-clang-libcxx	4927299	19740003511	6263122	23640636	613632650	2200699609	NA	0
5715	4	opencv	fedora-clang-libcxx	4899556	19744903067	6263137	23640636	613781362	2201249313	NA	0
5716	4	opencv	fedora-clang-libcxx	4909782	19749812849	6263152	23640636	613930123	2201799858	NA	0
5717	4	opencv	fedora-clang-libcxx	4901262	19754714111	6263167	23640636	614078920	2202349775	NA	0
5718	4	opencv	fedora-clang-libcxx	4973747	19759687858	6263182	23640636	614231994	2202914839	NA	0
5719	4	opencv	fedora-clang-libcxx	5022167	19764710025	6263197	23640636	614382539	2203478314	NA	0
5720	4	opencv	fedora-clang-libcxx	4782553	19769492578	6263212	23640636	614527744	2204003247	NA	0
5721	4	opencv	fedora-clang-libcxx	4769699	19774262277	6263227	23640636	614672761	2204526329	NA	0
5722	4	opencv	fedora-clang-libcxx	4772884	19779035161	6263242	23640636	614817838	2205049998	NA	0
5723	4	opencv	fedora-clang-libcxx	3994966	19783030127	6263257	23640636	614940355	2205506029	NA	0
5724	4	opencv	fedora-clang-libcxx	4510535	19787540662	6263272	23640636	615081003	2206035722	NA	0
5725	4	opencv	fedora-clang-libcxx	4095330	19791635992	6263287	23640636	615207347	2206508954	NA	0
5726	4	opencv	fedora-clang-libcxx	4042537	19795678529	6263302	23640636	615331869	2206974488	NA	0
5727	4	opencv	fedora-clang-libcxx	4011476	19799690005	6263317	23640636	615454967	2207432868	NA	0
5728	4	opencv	fedora-clang-libcxx	3982758	19803672763	6263332	23640636	615576841	2207886244	NA	0
5729	4	opencv	fedora-clang-libcxx	4476092	19808148855	6263347	23640636	615717014	2208416256	NA	0
5730	4	opencv	fedora-clang-libcxx	4233109	19812381964	6263362	23640636	615846627	2208900144	NA	0
5731	4	opencv	fedora-clang-libcxx	4061368	19816443332	6263377	23640636	615971781	2209366613	NA	0
5732	4	opencv	fedora-clang-libcxx	4074409	19820517741	6263392	23640636	616095635	2209837267	NA	0
5733	4	opencv	fedora-clang-libcxx	3996123	19824513864	6263407	23640636	616218526	2210294018	NA	0
5734	4	opencv	fedora-clang-libcxx	4065192	19828579056	6263422	23640636	616342905	2210761512	NA	0
5735	4	opencv	fedora-clang-libcxx	4156942	19832735998	6263437	23640636	616467118	2211249502	NA	0
5736	4	opencv	fedora-clang-libcxx	4050959	19836786957	6263452	23640636	616591725	2211716630	NA	0
5737	4	opencv	fedora-clang-libcxx	3992821	19840779778	6263467	23640636	616714142	2212172218	NA	0
5738	4	opencv	fedora-clang-libcxx	4022252	19844802030	6263482	23640636	616837503	2212632325	NA	0
5739	4	opencv	fedora-clang-libcxx	3982825	19848784855	6263497	23640636	616959405	2213085768	NA	0
5740	4	opencv	fedora-clang-libcxx	3977666	19852762521	6263512	23640636	617081042	2213537821	NA	0
5741	4	opencv	fedora-clang-libcxx	3989640	19856752161	6263527	23640636	617205338	2213993449	NA	0
5742	4	opencv	fedora-clang-libcxx	3981392	19860733553	6263542	23640636	617327302	2214446687	NA	0
5743	4	opencv	fedora-clang-libcxx	4057531	19864791084	6263557	23640636	617451883	2214914338	NA	0
5744	4	opencv	fedora-clang-libcxx	3984615	19868775699	6263572	23640636	617573847	2215368362	NA	0
5745	4	opencv	fedora-clang-libcxx	4027840	19872803539	6263587	23640636	617698457	2215830802	NA	0
5746	4	opencv	fedora-clang-libcxx	4088109	19876891648	6263602	23640636	617824538	2216305324	NA	0
5747	4	opencv	fedora-clang-libcxx	4009897	19880901545	6263617	23640636	617947669	2216764661	NA	0
5748	4	opencv	fedora-clang-libcxx	4002894	19884904439	6263632	23640636	618070635	2217222806	NA	0
5749	4	opencv	fedora-clang-libcxx	4262579	19889167018	6263647	23640636	618199955	2217716102	NA	0
5750	4	opencv	fedora-clang-libcxx	4300998	19893468016	6263662	23640636	618331029	2218216295	NA	0
5751	4	opencv	fedora-clang-libcxx	4009492	19897477508	6263677	23640636	618453460	2218672541	NA	0
5752	4	opencv	fedora-clang-libcxx	4260283	19901737791	6263692	23640636	618583727	2219166247	NA	0
5753	4	opencv	fedora-clang-libcxx	3977781	19905715572	6263707	23640636	618705370	2219618321	NA	0
5754	4	opencv	fedora-clang-libcxx	4020724	19909736296	6263722	23640636	618828797	2220079996	NA	0
5755	4	opencv	fedora-clang-libcxx	4042472	19913778768	6263737	23640636	618953017	2220546238	NA	0
5756	4	opencv	fedora-clang-libcxx	4027971	19917806739	6263752	23640636	619076553	2221008078	NA	0
5757	4	opencv	fedora-clang-libcxx	4029083	19921835822	6263767	23640636	619199959	2221471632	NA	0
5758	4	opencv	fedora-clang-libcxx	4040962	19925876784	6263782	23640636	619323688	2221934338	NA	0
5759	4	opencv	fedora-clang-libcxx	4033050	19929909834	6263797	23640636	619447633	2222397805	NA	0
5760	4	opencv	fedora-clang-libcxx	4019903	19933929737	6263812	23640636	619570916	2222860121	NA	0
5761	4	opencv	fedora-clang-libcxx	4035902	19937965639	6263827	23640636	619694885	2223323323	NA	0
5762	4	opencv	fedora-clang-libcxx	4048685	19942014324	6263842	23640636	619819554	2223789843	NA	0
5763	4	opencv	fedora-clang-libcxx	4023983	19946038307	6263857	23640636	619943159	2224252099	NA	0
5764	4	opencv	fedora-clang-libcxx	4034974	19950073281	6263872	23640636	620067082	2224715588	NA	0
5765	4	opencv	fedora-clang-libcxx	4088025	19954161306	6263887	23640636	620192828	2225189707	NA	0
5766	4	opencv	fedora-clang-libcxx	4027561	19958188867	6263902	23640636	620316569	2225651787	NA	0
5767	4	opencv	fedora-clang-libcxx	4023365	19962212232	6263917	23640636	620440064	2226113640	NA	0
5768	4	opencv	fedora-clang-libcxx	4101166	19966313398	6263932	23640636	620565406	2226583280	NA	0
5769	4	opencv	fedora-clang-libcxx	3655022	19969968420	6263947	23640636	620678683	2226989829	NA	0
5770	4	opencv	fedora-clang-libcxx	6147947	19976116367	6263962	23640636	620847828	2227612313	NA	0
5771	4	opencv	fedora-clang-libcxx	4988694	19981105061	6263977	23640636	621000504	2228175751	NA	0
5772	4	opencv	fedora-clang-libcxx	4898991	19986004052	6263992	23640636	621148089	2228719709	NA	0
5773	4	opencv	fedora-clang-libcxx	4887773	19990891825	6264007	23640636	621295547	2229262383	NA	0
5774	4	opencv	fedora-clang-libcxx	4894299	19995786124	6264022	23640636	621443166	2229806282	NA	0
5775	4	opencv	fedora-clang-libcxx	4900004	20000686128	6264037	23640636	621590764	2230350226	NA	0
5776	4	opencv	fedora-clang-libcxx	4933763	20005619891	6264052	23640636	621739206	2230898622	NA	0
5777	4	opencv	fedora-clang-libcxx	5032469	20010652360	6264067	23640636	621889806	2231459226	NA	0
5778	4	opencv	fedora-clang-libcxx	4898525	20015550885	6264082	23640636	622037806	2232005009	NA	0
5779	4	opencv	fedora-clang-libcxx	4898795	20020449680	6264097	23640636	622185744	2232549518	NA	0
5780	4	opencv	fedora-clang-libcxx	4952318	20025401998	6264112	23640636	622335851	2233103874	NA	0
5781	4	opencv	fedora-clang-libcxx	4892778	20030294776	6264127	24444855	622483665	2233647734	NA	1
5782	4	opencv	fedora-clang-libcxx	4962836	20035257612	6264142	24444855	622632360	2234200875	NA	0
5783	4	opencv	fedora-clang-libcxx	4885771	20040143383	6264157	24444855	622779899	2234743768	NA	0
5784	4	opencv	fedora-clang-libcxx	4886240	20045029623	6264172	24444855	622927438	2235286836	NA	0
5785	4	opencv	fedora-clang-libcxx	4887470	20049917093	6264187	24444855	623075020	2235829820	NA	0
5786	4	opencv	fedora-clang-libcxx	4991863	20054908956	6264202	24444855	623227553	2236393571	NA	0
5787	4	opencv	fedora-clang-libcxx	4892127	20059801083	6264217	24444855	623375104	2236936821	NA	0
5788	4	opencv	fedora-clang-libcxx	4924516	20064725599	6264232	24444855	623523494	2237492401	NA	0
5789	4	opencv	fedora-clang-libcxx	5077119	20069802718	6264247	24444855	623676014	2238062148	NA	0
5790	4	opencv	fedora-clang-libcxx	5011939	20074814657	6264262	24444855	623828666	2238626710	NA	0
5791	4	opencv	fedora-clang-libcxx	4931072	20079745729	6264277	24444855	623976987	2239175866	NA	0
5792	4	opencv	fedora-clang-libcxx	4892111	20084637840	6264292	24444855	624124545	2239719421	NA	0
5793	4	opencv	fedora-clang-libcxx	4881326	20089519166	6264307	24444855	624271809	2240261139	NA	0
5794	4	opencv	fedora-clang-libcxx	4880187	20094399353	6264322	24444855	624419174	2240802574	NA	0
5795	4	opencv	fedora-clang-libcxx	4880175	20099279528	6264337	24444855	624566539	2241343992	NA	0
5796	4	opencv	fedora-clang-libcxx	4887157	20104166685	6264352	24444855	624714135	2241887097	NA	0
5797	4	opencv	fedora-clang-libcxx	5113009	20109279694	6264367	24444855	624864413	2242445522	NA	0
5798	4	opencv	fedora-clang-libcxx	4935688	20114215382	6264382	24444855	625013259	2242996406	NA	0
5799	4	opencv	fedora-clang-libcxx	4889878	20119105260	6264397	24444855	625160652	2243539213	NA	0
5800	4	opencv	fedora-clang-libcxx	4902146	20124007406	6264412	24444855	625308263	2244083447	NA	0
5801	4	opencv	fedora-clang-libcxx	5087409	20129094815	6264427	24444855	625462766	2244656942	NA	0
5802	4	opencv	fedora-clang-libcxx	4959485	20134054300	6264442	24444855	625613443	2245212913	NA	0
5803	4	opencv	fedora-clang-libcxx	4948849	20139003149	6264457	24444855	625764792	2245766536	NA	0
5804	4	opencv	fedora-clang-libcxx	4926126	20143929275	6264472	24444855	625912839	2246314496	NA	0
5805	4	opencv	fedora-clang-libcxx	4981362	20148910637	6264487	24444855	626067196	2246877980	NA	0
5806	4	opencv	fedora-clang-libcxx	4883682	20153794319	6264502	24444855	626216180	2247420726	NA	0
5807	4	opencv	fedora-clang-libcxx	4879222	20158673541	6264517	24444855	626365191	2247963410	NA	0
5808	4	opencv	fedora-clang-libcxx	4883672	20163557213	6264532	24444855	626514114	2248506105	NA	0
5809	4	opencv	fedora-clang-libcxx	4873586	20168430799	6264547	24444855	626662943	2249047359	NA	0
5810	4	opencv	fedora-clang-libcxx	4888363	20173319162	6264562	24444855	626811959	2249590399	NA	0
5811	4	opencv	fedora-clang-libcxx	4884048	20178203210	6264577	24444855	626961025	2250133306	NA	0
5812	4	opencv	fedora-clang-libcxx	4879393	20183082603	6264592	24444855	627110001	2250675584	NA	0
5813	4	opencv	fedora-clang-libcxx	4881316	20187963919	6264607	24444855	627258901	2251217749	NA	0
5814	4	opencv	fedora-clang-libcxx	4102003	20192065922	6264622	24444855	627387767	2251687916	NA	0
5815	4	opencv	fedora-clang-libcxx	4147869	20196213791	6264637	24444855	627517788	2252162496	NA	0
5816	4	opencv	fedora-clang-libcxx	3883432	20200097223	6264652	24444855	627641347	2252610432	NA	0
5817	4	opencv	fedora-clang-libcxx	4802552	20204899775	6264667	24444855	627786693	2253136146	NA	0
5818	4	opencv	fedora-clang-libcxx	4769517	20209669292	6264682	24444855	627931713	2253658996	NA	0
5819	4	opencv	fedora-clang-libcxx	3834381	20213503673	6264697	24444855	628052771	2254099167	NA	0
5820	4	opencv	fedora-clang-libcxx	3790066	20217293739	6264712	24444855	628171777	2254530167	NA	0
5821	4	opencv	fedora-clang-libcxx	3820556	20221114295	6264727	24444855	628291802	2254966357	NA	0
5822	4	opencv	fedora-clang-libcxx	4125159	20225239454	6264742	24444855	628421278	2255443772	NA	0
5823	4	opencv	fedora-clang-libcxx	4850808	20230090262	6264757	24444855	628619607	2256134963	NA	0
5824	4	opencv	fedora-clang-libcxx	3788357	20233878619	6264772	24444855	628738509	2256565517	NA	0
5825	4	opencv	fedora-clang-libcxx	3927022	20237805641	6264787	24444855	628862543	2257019838	NA	0
5826	4	opencv	fedora-clang-libcxx	4084631	20241890272	6264802	24444855	628990295	2257485763	NA	0
5827	4	opencv	fedora-clang-libcxx	3790868	20245681140	6264817	24444855	629109409	2257917155	NA	0
5828	4	opencv	fedora-clang-libcxx	3791576	20249472716	6264832	24444855	629228487	2258348385	NA	0
5829	4	opencv	fedora-clang-libcxx	4065864	20253538580	6264847	24444855	629355408	2258810373	NA	0
5830	4	opencv	fedora-clang-libcxx	3787356	20257325936	6264862	24444855	629474295	2259240694	NA	0
5831	4	opencv	fedora-clang-libcxx	3792199	20261118135	6264877	24444855	629593462	2259672313	NA	0
5832	4	opencv	fedora-clang-libcxx	3792010	20264910145	6264892	24444855	629712605	2260103875	NA	0
5833	4	opencv	fedora-clang-libcxx	3954087	20268864232	6264907	24444855	629835851	2260551179	NA	0
5834	4	opencv	fedora-clang-libcxx	3805058	20272669290	6264922	24444855	629955494	2260985591	NA	0
5835	4	opencv	fedora-clang-libcxx	3872603	20276541893	6264937	24444855	630077583	2261431296	NA	0
5836	4	opencv	fedora-clang-libcxx	3812065	20280353958	6264952	24444855	630197504	2261866650	NA	0
5837	4	opencv	fedora-clang-libcxx	3904914	20284258872	6264967	24444855	630320312	2262311870	NA	0
5838	4	opencv	fedora-clang-libcxx	4068605	20288327477	6264982	24444855	630447290	2262774422	NA	0
5839	4	opencv	fedora-clang-libcxx	4066356	20292393833	6264997	24444855	630574189	2263236778	NA	0
5840	4	opencv	fedora-clang-libcxx	3788810	20296182643	6265012	24444855	630693093	2263667142	NA	0
5841	4	opencv	fedora-clang-libcxx	4184667	20300367310	6265027	24444855	630824079	2264173850	NA	0
5842	4	opencv	fedora-clang-libcxx	3785256	20304152566	6265042	24444855	630942794	2264603639	NA	0
5843	4	opencv	fedora-clang-libcxx	4246862	20308399428	6265057	24444855	631076933	2265102287	NA	0
5844	4	opencv	fedora-clang-libcxx	3872950	20312272378	6265072	24444855	631200017	2265551844	NA	0
5845	4	opencv	fedora-clang-libcxx	3655054	20315927432	6265087	24444855	631313294	2265958345	NA	0
5846	4	opencv	fedora-clang-libcxx	5195502	20321122934	6265102	24444855	631476039	2266536360	NA	0
5847	4	opencv	fedora-clang-libcxx	5121048	20326243982	6265117	24444855	631629845	2267096047	NA	0
5848	4	opencv	fedora-clang-libcxx	5200522	20331444504	6265132	24444855	631791355	2267672067	NA	0
5849	4	opencv	fedora-clang-libcxx	5340198	20336784702	6265147	24444855	631954702	2268261535	NA	0
5850	4	opencv	fedora-clang-libcxx	5119699	20341904401	6265162	24444855	632108509	2268820706	NA	0
5851	4	opencv	fedora-clang-libcxx	5262096	20347166497	6265177	24444855	632270667	2269403231	NA	0
5852	4	opencv	fedora-clang-libcxx	5148330	20352314827	6265192	24444855	632430064	2269970267	NA	0
5853	4	opencv	fedora-clang-libcxx	5290509	20357605336	6265207	24444855	632592630	2270556033	NA	0
5854	4	opencv	fedora-clang-libcxx	5100239	20362705575	6265222	24444855	632746402	2271114092	NA	0
5855	4	opencv	fedora-clang-libcxx	5088233	20367793808	6265237	24444855	632899872	2271669807	NA	0
5856	4	opencv	fedora-clang-libcxx	5207343	20373001151	6265252	24444855	633054180	2272234483	NA	0
5857	4	opencv	fedora-clang-libcxx	5157907	20378159058	6265267	24444855	633208529	2272797758	NA	0
5858	4	opencv	fedora-clang-libcxx	4922360	20383081418	6265282	24444855	633360722	2273351768	NA	0
5859	4	opencv	fedora-clang-libcxx	4922166	20388003584	6265297	24444855	633512917	2273905663	NA	0
5860	4	opencv	fedora-clang-libcxx	4941665	20392945249	6265312	24444855	633663989	2274459001	NA	0
5861	4	opencv	fedora-clang-libcxx	4832015	20397777264	6265327	24444855	633810958	2274992198	NA	0
5862	4	opencv	fedora-clang-libcxx	4814389	20402591653	6265342	24444855	633957820	2275524087	NA	0
5863	4	opencv	fedora-clang-libcxx	5122317	20407713970	6265357	24444855	634111672	2276083521	NA	0
5864	4	opencv	fedora-clang-libcxx	4192732	20411906702	6265372	24444855	634240523	2276565127	NA	0
5865	4	opencv	fedora-clang-libcxx	4184947	20416091649	6265387	24444855	634369572	2277047077	NA	0
5866	4	opencv	fedora-clang-libcxx	4166467	20420258116	6265402	24444855	634497804	2277525554	NA	0
5867	4	opencv	fedora-clang-libcxx	4188305	20424446421	6265417	24444855	634626840	2278008195	NA	0
5868	4	opencv	fedora-clang-libcxx	4182476	20428628897	6265432	24444855	634755627	2278489479	NA	0
5869	4	opencv	fedora-clang-libcxx	4203311	20432832208	6265447	24444855	634885292	2278974167	NA	0
5870	4	opencv	fedora-clang-libcxx	4283634	20437115842	6265462	24444855	635016881	2279467631	NA	0
5871	4	opencv	fedora-clang-libcxx	4186459	20441302301	6265477	24444855	635145853	2279949208	NA	0
5872	4	opencv	fedora-clang-libcxx	4169061	20445471362	6265492	24444855	635274188	2280428212	NA	0
5873	4	opencv	fedora-clang-libcxx	4169657	20449641019	6265507	24444855	635402585	2280907212	NA	0
5874	4	opencv	fedora-clang-libcxx	4182762	20453823781	6265522	24444855	635531344	2281387703	NA	0
5875	4	opencv	fedora-clang-libcxx	4170223	20457994004	6265537	24444855	635659676	2281866549	NA	0
5876	4	opencv	fedora-clang-libcxx	3655054	20461649058	6265552	24444855	635772953	2282273048	NA	0
5877	4	opencv	fedora-clang-libcxx	5037979	20466687037	6265567	24444855	635933681	2282845077	NA	0
5878	4	opencv	fedora-clang-libcxx	4934336	20471621373	6265582	24444855	636084930	2283395843	NA	0
5879	4	opencv	fedora-clang-libcxx	4937520	20476558893	6265597	24444855	636236274	2283946982	NA	0
5880	4	opencv	fedora-clang-libcxx	4934179	20481493072	6265612	24444855	636387531	2284497816	NA	0
5881	4	opencv	fedora-clang-libcxx	4930662	20486423734	6265627	24444855	636538701	2285047914	NA	0
5882	4	opencv	fedora-clang-libcxx	4938378	20491362112	6265642	24444855	636689972	2285598984	NA	0
5883	4	opencv	fedora-clang-libcxx	4962737	20496324849	6265657	24444855	636841244	2286150999	NA	0
5884	4	opencv	fedora-clang-libcxx	4934577	20501259426	6265672	24444855	636992449	2286701637	NA	0
5885	4	opencv	fedora-clang-libcxx	4935077	20506194503	6265687	24444855	637143683	2287252439	NA	0
5886	4	opencv	fedora-clang-libcxx	5038786	20511233289	6265702	24444855	637304523	2287824853	NA	0
5887	4	opencv	fedora-clang-libcxx	5038862	20516272151	6265717	24444855	637465324	2288397221	NA	0
5888	4	opencv	fedora-clang-libcxx	4938340	20521210491	6265732	24444855	637616662	2288948677	NA	0
5889	4	opencv	fedora-clang-libcxx	4931094	20526141585	6265747	24444855	637767861	2289499019	NA	0
5890	4	opencv	fedora-clang-libcxx	5231991	20531373576	6265762	24444855	637934045	2290095228	NA	0
5891	4	opencv	fedora-clang-libcxx	4980502	20536354078	6265777	24444855	638086673	2290653035	NA	0
5892	4	opencv	fedora-clang-libcxx	4822652	20541176730	6265792	24444855	638234201	2291185858	NA	0
5893	4	opencv	fedora-clang-libcxx	4827755	20546004485	6265807	25029105	638381583	2291720158	NA	1
5894	4	opencv	fedora-clang-libcxx	4885975	20550890460	6265822	25029105	638532342	2292267246	NA	0
5895	4	opencv	fedora-clang-libcxx	4887408	20555777868	6265837	25029105	638683171	2292814796	NA	0
5896	4	opencv	fedora-clang-libcxx	4878189	20560656057	6265852	25029105	638833216	2293360894	NA	0
5897	4	opencv	fedora-clang-libcxx	4849747	20565505804	6265867	25029105	638982093	2293900443	NA	0
5898	4	opencv	fedora-clang-libcxx	4959406	20570465210	6265882	25029105	639135399	2294458765	NA	0
5899	4	opencv	fedora-clang-libcxx	5035531	20575500741	6265897	25029105	639297502	2295037056	NA	0
5900	4	opencv	fedora-clang-libcxx	4847650	20580348391	6265912	25029105	639445333	2295574970	NA	0
5901	4	opencv	fedora-clang-libcxx	4793690	20585142081	6265927	25029105	639591614	2296102434	NA	0
5902	4	opencv	fedora-clang-libcxx	4047096	20589189177	6265942	25029105	639717920	2296561448	NA	0
5903	4	opencv	fedora-clang-libcxx	4049418	20593238595	6265957	25029105	639844213	2297021185	NA	0
5904	4	opencv	fedora-clang-libcxx	4032061	20597270656	6265972	25029105	639969650	2297477273	NA	0
5905	4	opencv	fedora-clang-libcxx	4311066	20601581722	6265987	25029105	640102426	2297970821	NA	0
5906	4	opencv	fedora-clang-libcxx	4053158	20605634880	6266002	25029105	640228528	2298429970	NA	0
5907	4	opencv	fedora-clang-libcxx	4070861	20609705741	6266017	25029105	640355331	2298892045	NA	0
5908	4	opencv	fedora-clang-libcxx	4028846	20613734587	6266032	25029105	640480590	2299347178	NA	0
5909	4	opencv	fedora-clang-libcxx	4408683	20618143270	6266047	25029105	640617228	2299860101	NA	0
5910	4	opencv	fedora-clang-libcxx	4264361	20622407631	6266062	25029105	640748614	2300346685	NA	0
5911	4	opencv	fedora-clang-libcxx	4280444	20626688075	6266077	25029105	640880765	2300837545	NA	0
5912	4	opencv	fedora-clang-libcxx	4093024	20630781099	6266092	25029105	641008204	2301300056	NA	0
5913	4	opencv	fedora-clang-libcxx	4032141	20634813240	6266107	25029105	641133848	2301755832	NA	0
5914	4	opencv	fedora-clang-libcxx	4033214	20638846454	6266122	25029105	641259532	2302211783	NA	0
5915	4	opencv	fedora-clang-libcxx	4038256	20642884710	6266137	25029105	641385514	2302668959	NA	0
5916	4	opencv	fedora-clang-libcxx	4038898	20646923608	6266152	25029105	641511517	2303126201	NA	0
5917	4	opencv	fedora-clang-libcxx	4034561	20650958169	6266167	25029105	641637265	2303582479	NA	0
5918	4	opencv	fedora-clang-libcxx	4033391	20654991560	6266182	25029105	641762959	2304038485	NA	0
5919	4	opencv	fedora-clang-libcxx	4035447	20659027007	6266197	25029105	641888768	2304494957	NA	0
5920	4	opencv	fedora-clang-libcxx	4032506	20663059513	6266212	25029105	642014426	2304950791	NA	0
5921	4	opencv	fedora-clang-libcxx	4056956	20667116469	6266227	25029105	642140839	2305409521	NA	0
5922	4	opencv	fedora-clang-libcxx	4035196	20671151665	6266242	25029105	642266725	2305866407	NA	0
5923	4	opencv	fedora-clang-libcxx	4025871	20675177536	6266257	25029105	642392044	2306320909	NA	0
5924	4	opencv	fedora-clang-libcxx	4040654	20679218190	6266272	25029105	642518031	2306778908	NA	0
5925	4	opencv	fedora-clang-libcxx	4030545	20683248735	6266287	25029105	642643535	2307234495	NA	0
5926	4	opencv	fedora-clang-libcxx	4049355	20687298090	6266302	25029105	642770060	2307693857	NA	0
5927	4	opencv	fedora-clang-libcxx	4036430	20691334520	6266317	25029105	642895761	2308151151	NA	0
5928	4	opencv	fedora-clang-libcxx	4032432	20695366952	6266332	25029105	643021420	2308607435	NA	0
5929	4	opencv	fedora-clang-libcxx	4316035	20699682987	6266347	25029105	643154096	2309101110	NA	0
5930	4	opencv	fedora-clang-libcxx	3654990	20703337977	6266362	25029105	643267373	2309507599	NA	0
5931	4	opencv	fedora-clang-libcxx	4280433	20707618410	6266377	25029105	643399242	2309995119	NA	0
5932	4	opencv	fedora-clang-libcxx	6187015	20713805425	6266392	25029105	643576419	2310617676	NA	0
5933	4	opencv	fedora-clang-libcxx	6444362	20720249787	6266407	25029105	643757394	2311265632	NA	0
5934	4	opencv	fedora-clang-libcxx	5012593	20725262380	6266422	25029105	643912385	2311830444	NA	0
5935	4	opencv	fedora-clang-libcxx	5012635	20730275015	6266437	25029105	644067566	2312395289	NA	0
5936	4	opencv	fedora-clang-libcxx	5012705	20735287720	6266452	25029105	644222747	2312960108	NA	0
5937	4	opencv	fedora-clang-libcxx	5012680	20740300400	6266467	25029105	644377928	2313524954	NA	0
5938	4	opencv	fedora-clang-libcxx	4928754	20745229154	6266482	25029105	644527898	2314070247	NA	0
5939	4	opencv	fedora-clang-libcxx	4918456	20750147610	6266497	25029105	644677782	2314614528	NA	0
5940	4	opencv	fedora-clang-libcxx	5022809	20755170419	6266512	25029105	644832801	2315179977	NA	0
5941	4	opencv	fedora-clang-libcxx	4918540	20760088959	6266527	25029105	644982551	2315723721	NA	0
5942	4	opencv	fedora-clang-libcxx	4919134	20765008093	6266542	25029105	645132769	2316269135	NA	0
5943	4	opencv	fedora-clang-libcxx	4940708	20769948801	6266557	25029105	645283126	2316816724	NA	0
5944	4	opencv	fedora-clang-libcxx	4910123	20774858924	6266572	25029105	645433064	2317360806	NA	0
5945	4	opencv	fedora-clang-libcxx	4908126	20779767050	6266587	25029105	645582896	2317904340	NA	0
5946	4	opencv	fedora-clang-libcxx	4905474	20784672524	6266602	25029105	645732597	2318447101	NA	0
5947	4	opencv	fedora-clang-libcxx	4915013	20789587537	6266617	25029105	645882603	2318991741	NA	0
5948	4	opencv	fedora-clang-libcxx	4944601	20794532138	6266632	25029105	646033071	2319540095	NA	0
5949	4	opencv	fedora-clang-libcxx	5013213	20799545351	6266647	25029105	646188102	2320105043	NA	0
5950	4	opencv	fedora-clang-libcxx	5013217	20804558568	6266662	25029105	646343133	2320670025	NA	0
5951	4	opencv	fedora-clang-libcxx	5013338	20809571906	6266677	25029105	646498169	2321235032	NA	0
5952	4	opencv	fedora-clang-libcxx	5013213	20814585119	6266692	25029105	646653209	2321799914	NA	0
5953	4	opencv	fedora-clang-libcxx	5013328	20819598447	6266707	25029105	646808429	2322364767	NA	0
5954	4	opencv	fedora-clang-libcxx	5013308	20824611755	6266722	25029105	646963649	2322929709	NA	0
5955	4	opencv	fedora-clang-libcxx	4913750	20829525505	6266737	25029105	647113492	2323473861	NA	0
5956	4	opencv	fedora-clang-libcxx	4913928	20834439433	6266752	25029105	647263335	2324018044	NA	0
5957	4	opencv	fedora-clang-libcxx	4909469	20839348902	6266767	25029105	647413120	2324561891	NA	0
5958	4	opencv	fedora-clang-libcxx	4919158	20844268060	6266782	25029105	647562981	2325106200	NA	0
5959	4	opencv	fedora-clang-libcxx	4905646	20849173706	6266797	25029105	647712699	2325648931	NA	0
5960	4	opencv	fedora-clang-libcxx	4933351	20854107057	6266812	25029105	647862709	2326194695	NA	0
5961	4	opencv	fedora-clang-libcxx	4914042	20859021099	6266827	25029105	648012542	2326738955	NA	0
5962	4	opencv	fedora-clang-libcxx	4909003	20863930102	6266842	25029105	648162289	2327282407	NA	0
5963	4	opencv	fedora-clang-libcxx	3956494	20867886596	6266857	25029105	648285954	2327729766	NA	0
5964	4	opencv	fedora-clang-libcxx	3808026	20871694622	6266872	25029105	648405967	2328163800	NA	0
5965	4	opencv	fedora-clang-libcxx	3820059	20875514681	6266887	25029105	648526583	2328602818	NA	0
5966	4	opencv	fedora-clang-libcxx	3896084	20879410765	6266902	25029105	648648909	2329058097	NA	0
5967	4	opencv	fedora-clang-libcxx	3908510	20883319275	6266917	25029105	648773773	2329515232	NA	0
5968	4	opencv	fedora-clang-libcxx	3832979	20887152254	6266932	25029105	648895204	2329958631	NA	0
5969	4	opencv	fedora-clang-libcxx	3660134	20890812388	6266947	25029105	649007337	2330370595	NA	0
5970	4	opencv	fedora-clang-libcxx	3725846	20894538234	6266962	25029105	649123625	2330791292	NA	0
5971	4	opencv	fedora-clang-libcxx	3654571	20898192805	6266977	25029105	649234964	2331199761	NA	0
5972	4	opencv	fedora-clang-libcxx	3900596	20902093401	6266992	25029105	649353075	2331633933	NA	0
5973	4	opencv	fedora-clang-libcxx	4073214	20906166615	6267007	25029105	649478599	2332098632	NA	0
5974	4	opencv	fedora-clang-libcxx	4003772	20910170387	6267022	25029105	649602048	2332554548	NA	0
5975	4	opencv	fedora-clang-libcxx	4020972	20914191359	6267037	25029105	649726013	2333013089	NA	0
5976	4	opencv	fedora-clang-libcxx	4051740	20918243099	6267052	25029105	649851598	2333478639	NA	0
5977	4	opencv	fedora-clang-libcxx	3999595	20922242694	6267067	25029105	649974915	2333933965	NA	0
5978	4	opencv	fedora-clang-libcxx	4020679	20926263373	6267082	25029105	650098870	2334392413	NA	0
5979	4	opencv	fedora-clang-libcxx	4090944	20930354317	6267097	25029105	650225153	2334860821	NA	0
5980	4	opencv	fedora-clang-libcxx	4001338	20934355655	6267112	25029105	650348563	2335316454	NA	0
5981	4	opencv	fedora-clang-libcxx	4066634	20938422289	6267127	25029105	650473688	2335779680	NA	0
5982	4	opencv	fedora-clang-libcxx	4065483	20942487772	6267142	25029105	650598701	2336242444	NA	0
5983	4	opencv	fedora-clang-libcxx	4064310	20946552082	6267157	25029105	650723664	2336704872	NA	0
5984	4	opencv	fedora-clang-libcxx	4065267	20950617349	6267172	25029105	650848673	2337167622	NA	0
5985	4	opencv	fedora-clang-libcxx	4073087	20954690436	6267187	25029105	650974185	2337632621	NA	0
5986	4	opencv	fedora-clang-libcxx	4287267	20958977703	6267202	25029105	651106753	2338114358	NA	0
5987	4	opencv	fedora-clang-libcxx	4065082	20963042785	6267217	25029105	651231802	2338577070	NA	0
5988	4	opencv	fedora-clang-libcxx	4020876	20967063661	6267232	25029105	651355758	2339035641	NA	0
5989	4	opencv	fedora-clang-libcxx	4080197	20971143858	6267247	25029105	651481933	2339502569	NA	0
5990	4	opencv	fedora-clang-libcxx	4042127	20975185985	6267262	25029105	651606884	2339965438	NA	0
5991	4	opencv	fedora-clang-libcxx	4043823	20979229808	6267277	25029105	651734314	2340429198	NA	0
5992	4	opencv	fedora-clang-libcxx	3750029	20982979837	6267292	25029105	651850481	2340857535	NA	0
5993	4	opencv	fedora-clang-libcxx	4064222	20987044059	6267307	25029105	651976141	2341323139	NA	0
5994	4	opencv	fedora-clang-libcxx	3864895	20990908954	6267322	25029105	652096602	2341768854	NA	0
5995	4	opencv	fedora-clang-libcxx	3754117	20994663071	6267337	25029105	652215436	2342198360	NA	0
5996	4	opencv	fedora-clang-libcxx	4066720	20998729791	6267352	25029105	652341204	2342664387	NA	0
5997	4	opencv	fedora-clang-libcxx	3753710	21002483501	6267367	25029105	652460072	2343093932	NA	0
5998	4	opencv	fedora-clang-libcxx	3802493	21006285994	6267382	25029105	652580955	2343533326	NA	0
5999	4	opencv	fedora-clang-libcxx	3818690	21010104684	6267418	25421536	652699192	2343969728	NA	1
