tu	pass	project	env	raw	cumulative_raw	p29_cum_wire	grz2_cum_wire	fastintern_cum_wire	zstd3_cum_wire	pred_cum_wire	grz2_group_closes
0	1	range-v3	fedora-clang-libcxx	305	305	235863	NA	176	140	NA	0
1	1	range-v3	fedora-clang-libcxx	758940	759245	268799	NA	117263	79834	NA	0
2	1	range-v3	fedora-clang-libcxx	730630	1489875	270419	NA	139808	155364	NA	0
3	1	range-v3	fedora-clang-libcxx	732176	2222051	271024	NA	161461	231042	NA	0
4	1	range-v3	fedora-clang-libcxx	610923	2832974	271886	NA	179885	291592	NA	0
5	1	range-v3	fedora-clang-libcxx	546127	3379101	272276	NA	194963	341201	NA	0
6	1	range-v3	fedora-clang-libcxx	4465739	7844840	413772	NA	765258	812592	NA	0
7	1	range-v3	fedora-clang-libcxx	3261862	11106702	413928	NA	862829	1167916	NA	0
8	1	range-v3	fedora-clang-libcxx	3501651	14608353	414393	NA	965934	1546056	NA	0
9	1	range-v3	fedora-clang-libcxx	3243025	17851378	414624	NA	1063087	1898954	NA	0
10	1	range-v3	fedora-clang-libcxx	3491766	21343144	414927	NA	1166338	2276437	NA	0
11	1	range-v3	fedora-clang-libcxx	3468469	24811613	415217	NA	1268903	2651829	NA	0
12	1	range-v3	fedora-clang-libcxx	3437164	28248777	415500	NA	1370479	3023542	NA	0
13	1	range-v3	fedora-clang-libcxx	3433110	31681887	415719	NA	1471928	3394616	NA	0
14	1	range-v3	fedora-clang-libcxx	3469635	35151522	420649	NA	1576555	3771555	NA	0
15	1	range-v3	fedora-clang-libcxx	3465746	38617268	420878	NA	1678915	4146997	NA	0
16	1	range-v3	fedora-clang-libcxx	3465815	42083083	421130	NA	1781287	4522441	NA	0
17	1	range-v3	fedora-clang-libcxx	3502742	45585825	421470	NA	1884848	4901099	NA	0
18	1	range-v3	fedora-clang-libcxx	3503260	49089085	421785	NA	1988257	5279993	NA	0
19	1	range-v3	fedora-clang-libcxx	3301834	52390919	422024	NA	2087088	5639306	NA	0
20	1	range-v3	fedora-clang-libcxx	3619558	56010477	422380	NA	2193192	6026964	NA	0
21	1	range-v3	fedora-clang-libcxx	3541520	59551997	422616	NA	2297398	6408359	NA	0
22	1	range-v3	fedora-clang-libcxx	3379431	62931428	422930	NA	2397844	6774663	NA	0
23	1	range-v3	fedora-clang-libcxx	3712281	66643709	423339	NA	2506473	7175903	NA	0
24	1	range-v3	fedora-clang-libcxx	3728053	70371762	423716	NA	2615618	7580134	NA	0
25	1	range-v3	fedora-clang-libcxx	3714604	74086366	424300	NA	2724485	7978662	NA	0
26	1	range-v3	fedora-clang-libcxx	3492380	77578746	424526	NA	2827734	8356349	NA	0
27	1	range-v3	fedora-clang-libcxx	3491678	81070424	424746	NA	2930951	8733830	NA	0
28	1	range-v3	fedora-clang-libcxx	3468467	84538891	424976	NA	3033466	9109214	NA	0
29	1	range-v3	fedora-clang-libcxx	3322775	87861666	425261	NA	3132326	9470072	NA	0
30	1	range-v3	fedora-clang-libcxx	3502634	91364300	425535	NA	3235836	9848686	NA	0
31	1	range-v3	fedora-clang-libcxx	3507670	94871970	425924	NA	3339324	10227553	NA	0
32	1	range-v3	fedora-clang-libcxx	4388944	99260914	440084	NA	3498288	10684687	NA	0
33	1	range-v3	fedora-clang-libcxx	3240856	102501770	440251	NA	3595440	11037334	NA	0
34	1	range-v3	fedora-clang-libcxx	3273323	105775093	440877	NA	3692928	11391417	NA	0
35	1	range-v3	fedora-clang-libcxx	3237382	109012475	441233	NA	3789928	11743938	NA	0
36	1	range-v3	fedora-clang-libcxx	3237379	112249854	441512	NA	3886880	12096454	NA	0
37	1	range-v3	fedora-clang-libcxx	3513973	115763827	441940	NA	3990335	12473733	NA	0
38	1	range-v3	fedora-clang-libcxx	3270551	119034378	442155	NA	4088284	12829346	NA	0
39	1	range-v3	fedora-clang-libcxx	3295233	122329611	442534	NA	4186556	13186374	NA	0
40	1	range-v3	fedora-clang-libcxx	3298073	125627684	442796	NA	4284830	13543657	NA	0
41	1	range-v3	fedora-clang-libcxx	3267189	128894873	442997	NA	4382739	13898866	NA	0
42	1	range-v3	fedora-clang-libcxx	3300843	132195716	443250	NA	4481108	14256355	NA	0
43	1	range-v3	fedora-clang-libcxx	3270557	135466273	443464	NA	4579071	14611983	NA	0
44	1	range-v3	fedora-clang-libcxx	3286320	138752593	443697	NA	4677113	14968015	NA	0
45	1	range-v3	fedora-clang-libcxx	3244260	141996853	444005	NA	4774217	15320665	NA	0
46	1	range-v3	fedora-clang-libcxx	3513576	145510429	444331	NA	4877790	15699195	NA	0
47	1	range-v3	fedora-clang-libcxx	3267779	148778208	444605	NA	4974974	16052635	NA	0
48	1	range-v3	fedora-clang-libcxx	3296505	152074713	446045	NA	5074041	16410396	NA	0
49	1	range-v3	fedora-clang-libcxx	3265769	155340482	446329	NA	5171161	16763932	NA	0
50	1	range-v3	fedora-clang-libcxx	3291210	158631692	446534	NA	5268965	17119727	NA	0
51	1	range-v3	fedora-clang-libcxx	3237458	161869150	446789	NA	5365919	17472287	NA	0
52	1	range-v3	fedora-clang-libcxx	3237517	165106667	447044	NA	5462876	17824848	NA	0
53	1	range-v3	fedora-clang-libcxx	3277598	168384265	447346	NA	5561009	18180948	NA	0
54	1	range-v3	fedora-clang-libcxx	3273037	171657302	447527	NA	5659052	18537065	NA	0
55	1	range-v3	fedora-clang-libcxx	3526921	175184223	447804	NA	5762875	18916765	NA	0
56	1	range-v3	fedora-clang-libcxx	3240516	178424739	448041	NA	5860124	19269041	NA	0
57	1	range-v3	fedora-clang-libcxx	3267210	181691949	448259	NA	5958113	19624301	NA	0
58	1	range-v3	fedora-clang-libcxx	3241005	184932954	448441	NA	6055142	19977211	NA	0
59	1	range-v3	fedora-clang-libcxx	3510805	188443759	448719	NA	6158692	20356063	NA	0
60	1	range-v3	fedora-clang-libcxx	3242023	191685782	449001	NA	6255925	20709133	NA	0
61	1	range-v3	fedora-clang-libcxx	3241070	194926852	449260	NA	6352979	21062077	NA	0
62	1	range-v3	fedora-clang-libcxx	3241199	198168051	449520	NA	6450041	21415032	NA	0
63	1	range-v3	fedora-clang-libcxx	3328342	201496393	449973	NA	6549694	21775868	NA	0
64	1	range-v3	fedora-clang-libcxx	3290385	204786778	450136	NA	6648139	22133144	NA	0
65	1	range-v3	fedora-clang-libcxx	3328174	208114952	450364	NA	6747697	22494011	NA	0
66	1	range-v3	fedora-clang-libcxx	3265368	211380320	450758	NA	6844906	22847330	NA	0
67	1	range-v3	fedora-clang-libcxx	3295863	214676183	451029	NA	6942873	23203737	NA	0
68	1	range-v3	fedora-clang-libcxx	3265372	217941555	451346	NA	7040392	23558400	NA	0
69	1	range-v3	fedora-clang-libcxx	3291146	221232701	451604	NA	7138697	23914898	NA	0
70	1	range-v3	fedora-clang-libcxx	3292273	224524974	451873	NA	7236870	24271120	NA	0
71	1	range-v3	fedora-clang-libcxx	3635932	228160906	452107	NA	7343199	24660172	NA	0
72	1	range-v3	fedora-clang-libcxx	3237135	231398041	452374	NA	7440342	25012381	NA	0
73	1	range-v3	fedora-clang-libcxx	3244937	234642978	452675	NA	7537641	25365507	NA	0
74	1	range-v3	fedora-clang-libcxx	3241037	237884015	452869	NA	7634857	25718013	NA	0
75	1	range-v3	fedora-clang-libcxx	3238337	241122352	453138	NA	7732017	26070420	NA	0
76	1	range-v3	fedora-clang-libcxx	3282212	244404564	453339	NA	7830269	26427225	NA	0
77	1	range-v3	fedora-clang-libcxx	3238115	247642679	453658	NA	7927416	26779638	NA	0
78	1	range-v3	fedora-clang-libcxx	3271233	250913912	453921	NA	8025502	27135215	NA	0
79	1	range-v3	fedora-clang-libcxx	3272213	254186125	454157	NA	8123033	27490010	NA	0
80	1	range-v3	fedora-clang-libcxx	3238115	257424240	454411	NA	8220179	27842407	NA	0
81	1	range-v3	fedora-clang-libcxx	3271233	260695473	454642	NA	8318266	28197983	NA	0
82	1	range-v3	fedora-clang-libcxx	3264315	263959788	454920	NA	8415826	28552262	NA	0
83	1	range-v3	fedora-clang-libcxx	3266659	267226447	455213	NA	8513498	28906802	NA	0
84	1	range-v3	fedora-clang-libcxx	3269852	270496299	455505	NA	8611053	29261923	NA	0
85	1	range-v3	fedora-clang-libcxx	3265985	273762284	455759	NA	8708624	29616684	NA	0
86	1	range-v3	fedora-clang-libcxx	3296514	277058798	456008	NA	8807030	29974429	NA	0
87	1	range-v3	fedora-clang-libcxx	3237407	280296205	456276	NA	8903983	30326971	NA	0
88	1	range-v3	fedora-clang-libcxx	3334364	283630569	456542	NA	9003928	30689780	NA	0
89	1	range-v3	fedora-clang-libcxx	3296333	286926902	456781	NA	9102201	31046318	NA	0
90	1	range-v3	fedora-clang-libcxx	3297458	290224360	457022	NA	9200846	31404205	NA	0
91	1	range-v3	fedora-clang-libcxx	3272894	293497254	457294	NA	9299010	31760018	NA	0
92	1	range-v3	fedora-clang-libcxx	3297076	296794330	457596	NA	9397446	32117245	NA	0
93	1	range-v3	fedora-clang-libcxx	3275022	300069352	457822	NA	9495630	32473275	NA	0
94	1	range-v3	fedora-clang-libcxx	3322457	303391809	458076	NA	9594833	32833152	NA	0
95	1	range-v3	fedora-clang-libcxx	3274590	306666399	458296	NA	9692997	33188997	NA	0
96	1	range-v3	fedora-clang-libcxx	3265498	309931897	458578	NA	9790691	33543405	NA	0
97	1	range-v3	fedora-clang-libcxx	3265606	313197503	458860	NA	9888386	33897776	NA	0
98	1	range-v3	fedora-clang-libcxx	3274707	316472210	459083	NA	9986557	34253588	NA	0
99	1	range-v3	fedora-clang-libcxx	3240721	319712931	459354	NA	10083799	34606176	NA	0
100	1	range-v3	fedora-clang-libcxx	3265796	322978727	459636	NA	10181500	34960587	NA	0
101	1	range-v3	fedora-clang-libcxx	3265903	326244630	459925	NA	10279202	35314971	NA	0
102	1	range-v3	fedora-clang-libcxx	3240774	329485404	460200	NA	10376449	35667517	NA	0
103	1	range-v3	fedora-clang-libcxx	825320	330310724	460407	NA	10401550	35755987	NA	0
104	1	range-v3	fedora-clang-libcxx	3271820	333582544	460605	NA	10499681	36111346	NA	0
105	1	range-v3	fedora-clang-libcxx	3295893	336878437	460848	NA	10598291	36468689	NA	0
106	1	range-v3	fedora-clang-libcxx	3545707	340424144	461115	NA	10702671	36849819	NA	0
107	1	range-v3	fedora-clang-libcxx	3271645	343695789	461336	NA	10799931	37203632	NA	0
108	1	range-v3	fedora-clang-libcxx	3607285	347303074	461573	NA	10905587	37589350	NA	0
109	1	range-v3	fedora-clang-libcxx	3508819	350811893	461758	NA	11009243	37967515	NA	0
110	1	range-v3	fedora-clang-libcxx	3507042	354318935	462031	NA	11112877	38345442	NA	0
111	1	range-v3	fedora-clang-libcxx	3287441	357606376	462249	320901	11210725	38701645	NA	1
112	1	range-v3	fedora-clang-libcxx	3566859	361173235	528654	320901	11314787	39083397	NA	0
113	1	range-v3	fedora-clang-libcxx	3332191	364505426	528848	320901	11413895	39444144	NA	0
114	1	range-v3	fedora-clang-libcxx	3594983	368100409	529224	320901	11519278	39829541	NA	0
115	1	range-v3	fedora-clang-libcxx	3681329	371781738	529448	320901	11626812	40223058	NA	0
116	1	range-v3	fedora-clang-libcxx	3313156	375094894	529704	320901	11725543	40582345	NA	0
117	1	range-v3	fedora-clang-libcxx	3267860	378362754	529951	320901	11823235	40936802	NA	0
118	1	range-v3	fedora-clang-libcxx	837510	379200264	530780	320901	11851463	41026456	NA	0
119	1	range-v3	fedora-clang-libcxx	3275846	382476110	531069	320901	11949199	41382067	NA	0
120	1	range-v3	fedora-clang-libcxx	3274844	385750954	531267	320901	12047336	41738027	NA	0
121	1	range-v3	fedora-clang-libcxx	3269631	389020585	531562	320901	12145155	42092728	NA	0
122	1	range-v3	fedora-clang-libcxx	3279114	392299699	531855	320901	12243025	42447947	NA	0
123	1	range-v3	fedora-clang-libcxx	3282145	395581844	532076	320901	12341301	42804752	NA	0
124	1	range-v3	fedora-clang-libcxx	6000392	401582236	576379	320901	12659139	43434655	NA	0
125	1	range-v3	fedora-clang-libcxx	3270547	404852783	577767	320901	12757989	43789769	NA	0
126	1	range-v3	fedora-clang-libcxx	3270561	408123344	578018	320901	12856361	44144843	NA	0
127	1	range-v3	fedora-clang-libcxx	3198023	411321367	578346	320901	12952505	44492093	NA	0
128	1	range-v3	fedora-clang-libcxx	305	411321672	578519	320901	12952629	44492232	NA	0
129	1	range-v3	fedora-clang-libcxx	3866395	415188067	580692	320901	13067158	44909320	NA	0
130	1	range-v3	fedora-clang-libcxx	3216414	418404481	581020	320901	13164094	45259064	NA	0
131	1	range-v3	fedora-clang-libcxx	808157	419212638	581264	320901	13189058	45346526	NA	0
132	1	range-v3	fedora-clang-libcxx	569989	419782627	581402	320901	13204954	45399857	NA	0
133	1	range-v3	fedora-clang-libcxx	570631	420353258	581609	320901	13220947	45453285	NA	0
134	1	range-v3	fedora-clang-libcxx	3046441	423399699	581894	320901	13313344	45786576	NA	0
135	1	range-v3	fedora-clang-libcxx	3234143	426633842	582163	320901	13410368	46138419	NA	0
136	1	range-v3	fedora-clang-libcxx	3086758	429720600	582472	320901	13503663	46477059	NA	0
137	1	range-v3	fedora-clang-libcxx	2946823	432667423	582886	320901	13595052	46798121	NA	0
138	1	range-v3	fedora-clang-libcxx	3264820	435932243	583171	320901	13693452	47152634	NA	0
139	1	range-v3	fedora-clang-libcxx	3216421	439148664	583409	320901	13790257	47502402	NA	0
140	1	range-v3	fedora-clang-libcxx	3535640	442684304	586257	320901	13896773	47884109	NA	0
141	1	range-v3	fedora-clang-libcxx	3270568	445954872	586462	320901	13995144	48239219	NA	0
142	1	range-v3	fedora-clang-libcxx	3055865	449010737	586964	320901	14087849	48573202	NA	0
143	1	range-v3	fedora-clang-libcxx	785765	449796502	587132	320901	14111587	48657082	NA	0
144	1	range-v3	fedora-clang-libcxx	2938909	452735411	587347	320901	14202613	48977194	NA	0
145	1	range-v3	fedora-clang-libcxx	2966769	455702180	587573	320901	14292529	49300824	NA	0
146	1	range-v3	fedora-clang-libcxx	807879	456510059	587785	320901	14317432	49388101	NA	0
147	1	range-v3	fedora-clang-libcxx	2947843	459457902	588013	320901	14406929	49709316	NA	0
148	1	range-v3	fedora-clang-libcxx	2946937	462404839	588241	320901	14498777	50030602	NA	0
149	1	range-v3	fedora-clang-libcxx	571485	462976324	588425	320901	14514762	50084205	NA	0
150	1	range-v3	fedora-clang-libcxx	2975712	465952036	588648	320901	14605244	50409527	NA	0
151	1	range-v3	fedora-clang-libcxx	2943721	468895757	588823	320901	14696366	50730261	NA	0
152	1	range-v3	fedora-clang-libcxx	2953290	471849047	589117	320901	14786019	51052215	NA	0
153	1	range-v3	fedora-clang-libcxx	2946339	474795386	589339	320901	14877807	51373375	NA	0
154	1	range-v3	fedora-clang-libcxx	2955200	477750586	589577	320901	14967777	51695927	NA	0
155	1	range-v3	fedora-clang-libcxx	2956349	480706935	589816	320901	15059861	52018443	NA	0
156	1	range-v3	fedora-clang-libcxx	2954164	483661099	590073	320901	15149638	52340693	NA	0
157	1	range-v3	fedora-clang-libcxx	3716468	487377567	592383	320901	15260253	52739739	NA	0
158	1	range-v3	fedora-clang-libcxx	3270568	490648135	592579	320901	15358622	53094840	NA	0
159	1	range-v3	fedora-clang-libcxx	3717246	494365381	593036	320901	15468175	53494109	NA	0
160	1	range-v3	fedora-clang-libcxx	3510955	497876336	593585	320901	15572183	53873099	NA	0
161	1	range-v3	fedora-clang-libcxx	1167742	499044078	593747	320901	15608218	53999555	NA	0
162	1	range-v3	fedora-clang-libcxx	3160219	502204297	594012	320901	15703369	54343862	NA	0
163	1	range-v3	fedora-clang-libcxx	3320775	505525072	594183	320901	15801754	54704076	NA	0
164	1	range-v3	fedora-clang-libcxx	3032379	508557451	594417	320901	15893477	55035665	NA	0
165	1	range-v3	fedora-clang-libcxx	3288273	511845724	594677	320901	15992020	55392928	NA	0
166	1	range-v3	fedora-clang-libcxx	571834	512417558	594891	320901	16008110	55446584	NA	0
167	1	range-v3	fedora-clang-libcxx	3051825	515469383	595367	320901	16100371	55779895	NA	0
168	1	range-v3	fedora-clang-libcxx	3271434	518740817	595626	320901	16198694	56135340	NA	0
169	1	range-v3	fedora-clang-libcxx	3183890	521924707	595879	320901	16294680	56482122	NA	0
170	1	range-v3	fedora-clang-libcxx	3264473	525189180	596085	320901	16392631	56836662	NA	0
171	1	range-v3	fedora-clang-libcxx	3167695	528356875	596304	320901	16488009	57182396	NA	0
172	1	range-v3	fedora-clang-libcxx	3041612	531398487	597046	320901	16579947	57515608	NA	0
173	1	range-v3	fedora-clang-libcxx	1176734	532575221	597307	320901	16616384	57643237	NA	0
174	1	range-v3	fedora-clang-libcxx	3033964	535609185	597527	320901	16708304	57974604	NA	0
175	1	range-v3	fedora-clang-libcxx	3485363	539094548	598761	320901	16813265	58349539	NA	0
176	1	range-v3	fedora-clang-libcxx	3306559	542401107	599159	320901	16911661	58707402	NA	0
177	1	range-v3	fedora-clang-libcxx	3240130	545641237	599324	320901	17008777	59059590	NA	0
178	1	range-v3	fedora-clang-libcxx	3276233	548917470	599656	320901	17106733	59414907	NA	0
179	1	range-v3	fedora-clang-libcxx	3248373	552165843	599987	320901	17204155	59767743	NA	0
180	1	range-v3	fedora-clang-libcxx	3241596	555407439	600227	320901	17301299	60120616	NA	0
181	1	range-v3	fedora-clang-libcxx	3281396	558688835	600544	320901	17399352	60476751	NA	0
182	1	range-v3	fedora-clang-libcxx	3476112	562164947	600884	320901	17502544	60851393	NA	0
183	1	range-v3	fedora-clang-libcxx	3197752	565362699	601043	320901	17598501	61198630	NA	0
184	1	range-v3	fedora-clang-libcxx	3233778	568596477	601531	320901	17695509	61549514	NA	0
185	1	range-v3	fedora-clang-libcxx	3438190	572034667	601763	320901	17796894	61922826	NA	0
186	1	range-v3	fedora-clang-libcxx	3237524	575272191	602045	320901	17893831	62274887	NA	0
187	1	range-v3	fedora-clang-libcxx	3270241	578542432	602792	320901	17991966	62630077	NA	0
188	1	range-v3	fedora-clang-libcxx	3216386	581758818	602985	320901	18088492	62979712	NA	0
189	1	range-v3	fedora-clang-libcxx	3221650	584980468	603531	320901	18184629	63330671	NA	0
190	1	range-v3	fedora-clang-libcxx	3270617	588251085	603744	320901	18283000	63685826	NA	0
191	1	range-v3	fedora-clang-libcxx	3234072	591485157	603991	320901	18379982	64036683	NA	0
192	1	range-v3	fedora-clang-libcxx	3197853	594683010	604185	320901	18475907	64384985	NA	0
193	1	range-v3	fedora-clang-libcxx	800681	595483691	604319	320901	18500506	64471685	NA	0
194	1	range-v3	fedora-clang-libcxx	3220808	598704499	604713	320901	18597175	64822246	NA	0
195	1	range-v3	fedora-clang-libcxx	3216414	601920913	604912	320901	18693983	65171965	NA	0
196	1	range-v3	fedora-clang-libcxx	3501153	605422066	605257	320901	18797673	65549542	NA	0
197	1	range-v3	fedora-clang-libcxx	3437343	608859409	605656	320901	18899557	65921847	NA	0
198	1	range-v3	fedora-clang-libcxx	3848312	612707721	606382	320901	19012005	66332073	NA	0
199	1	range-v3	fedora-clang-libcxx	1545580	614253301	606613	320901	19059118	66499058	NA	0
200	1	range-v3	fedora-clang-libcxx	1551797	615805098	606771	320901	19106414	66667080	NA	0
201	1	range-v3	fedora-clang-libcxx	1176152	616981250	607157	320901	19143152	66794550	NA	0
202	1	range-v3	fedora-clang-libcxx	3160648	620141898	607434	320901	19238738	67138815	NA	0
203	1	range-v3	fedora-clang-libcxx	825789	620967687	607780	320901	19264366	67227973	NA	0
204	1	range-v3	fedora-clang-libcxx	3320242	624287929	608069	320901	19363461	67588042	NA	0
205	1	range-v3	fedora-clang-libcxx	3058260	627346189	608317	320901	19455112	67918734	NA	0
206	1	range-v3	fedora-clang-libcxx	804830	628151019	608573	320901	19479985	68005661	NA	0
207	1	range-v3	fedora-clang-libcxx	835825	628986844	608840	320901	19505859	68096166	NA	0
208	1	range-v3	fedora-clang-libcxx	806690	629793534	609116	320901	19530869	68183337	NA	0
209	1	range-v3	fedora-clang-libcxx	803378	630596912	609319	320901	19555641	68270457	NA	0
210	1	range-v3	fedora-clang-libcxx	3288247	633885159	609598	320901	19654662	68627189	NA	0
211	1	range-v3	fedora-clang-libcxx	3237474	637122633	609865	320901	19752021	68979320	NA	0
212	1	range-v3	fedora-clang-libcxx	3059133	640181766	610341	320901	19844775	69313152	NA	0
213	1	range-v3	fedora-clang-libcxx	810028	640991794	610567	320901	19869841	69400754	NA	0
214	1	range-v3	fedora-clang-libcxx	801905	641793699	610758	320901	19894573	69487610	NA	0
215	1	range-v3	fedora-clang-libcxx	803557	642597256	611043	320901	19919793	69574720	NA	0
216	1	range-v3	fedora-clang-libcxx	2943731	645540987	611281	320901	20009404	69895357	NA	0
217	1	range-v3	fedora-clang-libcxx	3304671	648845658	611566	320901	20109040	70254179	NA	0
218	1	range-v3	fedora-clang-libcxx	3031801	651877459	611846	320901	20201282	70585341	NA	0
219	1	range-v3	fedora-clang-libcxx	1176145	653053604	612101	320901	20237903	70712814	NA	0
220	1	range-v3	fedora-clang-libcxx	3042421	656096025	612403	320901	20329874	71046277	NA	0
221	1	range-v3	fedora-clang-libcxx	802562	656898587	612626	320901	20354637	71133257	NA	0
222	1	range-v3	fedora-clang-libcxx	571352	657469939	612888	320901	20370757	71186837	NA	0
223	1	range-v3	fedora-clang-libcxx	1598230	659068169	613546	426059	20419784	71359417	NA	1
224	1	range-v3	fedora-clang-libcxx	1490784	660558953	638703	426059	20464225	71517874	NA	0
225	1	range-v3	fedora-clang-libcxx	3563637	664122590	639216	426059	20568374	71899179	NA	0
226	1	range-v3	fedora-clang-libcxx	2883948	667006538	639438	426059	20656992	72210824	NA	0
227	1	range-v3	fedora-clang-libcxx	2983859	669990397	639740	426059	20747822	72536319	NA	0
228	1	range-v3	fedora-clang-libcxx	2983451	672973848	639959	426059	20838343	72862052	NA	0
229	1	range-v3	fedora-clang-libcxx	570426	673544274	640165	426059	20854346	72915476	NA	0
230	1	range-v3	fedora-clang-libcxx	802583	674346857	640390	426059	20879144	73002196	NA	0
231	1	range-v3	fedora-clang-libcxx	820455	675167312	640617	426059	20904397	73091452	NA	0
232	1	range-v3	fedora-clang-libcxx	822204	675989516	640966	426059	20930112	73180366	NA	0
233	1	range-v3	fedora-clang-libcxx	2960044	678949560	641304	426059	21022225	73503130	NA	0
234	1	range-v3	fedora-clang-libcxx	3034388	681983948	641566	426059	21114572	73834435	NA	0
235	1	range-v3	fedora-clang-libcxx	3378902	685362850	641766	426059	21214987	74200187	NA	0
236	1	range-v3	fedora-clang-libcxx	305	685363155	641898	426059	21215073	74200327	NA	0
237	1	range-v3	fedora-clang-libcxx	5365303	690728458	643122	426059	21379373	74773168	NA	0
238	1	range-v3	fedora-clang-libcxx	3573488	694301946	643281	426059	21484868	75159400	NA	0
239	1	range-v3	fedora-clang-libcxx	3632662	697934608	643902	426059	21591848	75551634	NA	0
240	1	range-v3	fedora-clang-libcxx	3593236	701527844	644230	426059	21697747	75940951	NA	0
241	1	range-v3	fedora-clang-libcxx	3638283	705166127	644585	426059	21804868	76334953	NA	0
242	1	range-v3	fedora-clang-libcxx	3527847	708693974	644834	426059	21908796	76715721	NA	0
243	1	range-v3	fedora-clang-libcxx	3573385	712267359	645290	426059	22014268	77102855	NA	0
244	1	range-v3	fedora-clang-libcxx	3542780	715810139	645687	426059	22119144	77485109	NA	0
245	1	range-v3	fedora-clang-libcxx	3589973	719400112	646063	426059	22225209	77873266	NA	0
246	1	range-v3	fedora-clang-libcxx	3632536	723032648	646365	426059	22332462	78265835	NA	0
247	1	range-v3	fedora-clang-libcxx	3566663	726599311	646723	426059	22437590	78651127	NA	0
248	1	range-v3	fedora-clang-libcxx	3694796	730294107	647192	426059	22546470	79050696	NA	0
249	1	range-v3	fedora-clang-libcxx	3608567	733902674	647537	426059	22652836	79440485	NA	0
250	1	range-v3	fedora-clang-libcxx	3542373	737445047	647727	426059	22757238	79822994	NA	0
251	1	range-v3	fedora-clang-libcxx	3629419	741074466	648141	426059	22863751	80213024	NA	0
252	1	range-v3	fedora-clang-libcxx	3580834	744655300	648395	426059	22969271	80600423	NA	0
253	1	range-v3	fedora-clang-libcxx	3531092	748186392	648713	426059	23073350	80980609	NA	0
254	1	range-v3	fedora-clang-libcxx	3597609	751784001	649015	426059	23179543	81368998	NA	0
255	1	range-v3	fedora-clang-libcxx	3585893	755369894	649252	426059	23285294	81756899	NA	0
256	1	range-v3	fedora-clang-libcxx	3602003	758971897	649552	426059	23391537	82145876	NA	0
257	1	range-v3	fedora-clang-libcxx	3596550	762568447	649835	426059	23497391	82533971	NA	0
258	1	range-v3	fedora-clang-libcxx	3671815	766240262	650180	426059	23605428	82930552	NA	0
259	1	range-v3	fedora-clang-libcxx	3597043	769837305	650498	426059	23711255	83319311	NA	0
260	1	range-v3	fedora-clang-libcxx	3469410	773306715	650759	426059	23813701	83693559	NA	0
261	1	range-v3	fedora-clang-libcxx	3920044	777226759	651013	426059	23928539	84116928	NA	0
262	1	range-v3	fedora-clang-libcxx	3593357	780820116	651299	426059	24034679	84505451	NA	0
263	1	range-v3	fedora-clang-libcxx	3472193	784292309	651568	426059	24137237	84879251	NA	0
264	1	range-v3	fedora-clang-libcxx	3653917	787946226	651929	426059	24244877	85274222	NA	0
265	1	range-v3	fedora-clang-libcxx	3808522	791754748	652415	426059	24355880	85685006	NA	0
266	1	range-v3	fedora-clang-libcxx	3529910	795284658	652826	426059	24460020	86065355	NA	0
267	1	range-v3	fedora-clang-libcxx	3535204	798819862	653207	426059	24564222	86446166	NA	0
268	1	range-v3	fedora-clang-libcxx	3717203	802537065	653887	426059	24673406	86845407	NA	0
269	1	range-v3	fedora-clang-libcxx	3657522	806194587	654322	426059	24781123	87241316	NA	0
270	1	range-v3	fedora-clang-libcxx	3638628	809833215	654653	426059	24888258	87634912	NA	0
271	1	range-v3	fedora-clang-libcxx	3582825	813416040	654972	426059	24993752	88022598	NA	0
272	1	range-v3	fedora-clang-libcxx	3464819	816880859	655267	426059	25096181	88396061	NA	0
273	1	range-v3	fedora-clang-libcxx	3595662	820476521	655544	426059	25202091	88785097	NA	0
274	1	range-v3	fedora-clang-libcxx	3634506	824111027	655969	426059	25309290	89178321	NA	0
275	1	range-v3	fedora-clang-libcxx	3717944	827828971	656159	426059	25418327	89577648	NA	0
276	1	range-v3	fedora-clang-libcxx	3698968	831527939	656548	426059	25526564	89975960	NA	0
277	1	range-v3	fedora-clang-libcxx	3477052	835004991	656813	426059	25629353	90350633	NA	0
278	1	range-v3	fedora-clang-libcxx	3636252	838641243	657120	426059	25736275	90744018	NA	0
279	1	range-v3	fedora-clang-libcxx	3580517	842221760	657361	426059	25841785	91131343	NA	0
280	1	range-v3	fedora-clang-libcxx	3560351	845782111	657720	426059	25946678	91515779	NA	0
281	1	range-v3	fedora-clang-libcxx	3472250	849254361	657962	426059	26049221	91889665	NA	0
282	1	range-v3	fedora-clang-libcxx	3645106	852899467	658292	426059	26156642	92284086	NA	0
283	1	range-v3	fedora-clang-libcxx	3639360	856538827	658552	426059	26263845	92677952	NA	0
284	1	range-v3	fedora-clang-libcxx	3480340	860019167	658867	426059	26366631	93053069	NA	0
285	1	range-v3	fedora-clang-libcxx	3477945	863497112	659152	426059	26469227	93428115	NA	0
286	1	range-v3	fedora-clang-libcxx	3635039	867132151	659472	426059	26576076	93821362	NA	0
287	1	range-v3	fedora-clang-libcxx	3637474	870769625	659905	426059	26683013	94214487	NA	0
288	1	range-v3	fedora-clang-libcxx	3634958	874404583	660191	426059	26790053	94607544	NA	0
289	1	range-v3	fedora-clang-libcxx	3882635	878287218	660478	426059	26902764	95021043	NA	0
290	1	range-v3	fedora-clang-libcxx	3578094	881865312	662116	426059	27008428	95406033	NA	0
291	1	range-v3	fedora-clang-libcxx	3529290	885394602	662422	426059	27112732	95785992	NA	0
292	1	range-v3	fedora-clang-libcxx	3646316	889040918	662731	426059	27219786	96178552	NA	0
293	1	range-v3	fedora-clang-libcxx	3674317	892715235	663057	426059	27327826	96576021	NA	0
294	1	range-v3	fedora-clang-libcxx	3500689	896215924	663278	426059	27431117	96953643	NA	0
295	1	range-v3	fedora-clang-libcxx	3657526	899873450	663543	426059	27538616	97348192	NA	0
296	1	range-v3	fedora-clang-libcxx	3674248	903547698	663813	426059	27646534	97746046	NA	0
297	1	range-v3	fedora-clang-libcxx	3595822	907143520	664073	426059	27752546	98135355	NA	0
298	1	range-v3	fedora-clang-libcxx	3500249	910643769	664321	426059	27855863	98511922	NA	0
299	1	range-v3	fedora-clang-libcxx	3536741	914180510	664571	426059	27960280	98893209	NA	0
300	1	range-v3	fedora-clang-libcxx	3577956	917758466	664855	426059	28065720	99279284	NA	0
301	1	range-v3	fedora-clang-libcxx	3575967	921334433	665120	426059	28170924	99664946	NA	0
302	1	range-v3	fedora-clang-libcxx	3605693	924940126	665444	426059	28277168	100053538	NA	0
303	1	range-v3	fedora-clang-libcxx	3596882	928537008	665774	426059	28383101	100442623	NA	0
304	1	range-v3	fedora-clang-libcxx	3833529	932370537	667071	426059	28496946	100858694	NA	0
305	1	range-v3	fedora-clang-libcxx	3630705	936001242	667284	426059	28603651	101251467	NA	0
306	1	range-v3	fedora-clang-libcxx	3596276	939597518	667573	426059	28709445	101639761	NA	0
307	1	range-v3	fedora-clang-libcxx	3471698	943069216	667862	426059	28812057	102013524	NA	0
308	1	range-v3	fedora-clang-libcxx	3603070	946672286	668203	426059	28918054	102403509	NA	0
309	1	range-v3	fedora-clang-libcxx	3253940	949926226	668527	426059	29015558	102758136	NA	0
310	1	range-v3	fedora-clang-libcxx	3585583	953511809	668940	426059	29121254	103145017	NA	0
311	1	range-v3	fedora-clang-libcxx	3574859	957086668	669399	426059	29226588	103530784	NA	0
312	1	range-v3	fedora-clang-libcxx	3574012	960660680	669658	426059	29332498	103916942	NA	0
313	1	range-v3	fedora-clang-libcxx	3472592	964133272	669928	426059	29435500	104290671	NA	0
314	1	range-v3	fedora-clang-libcxx	3465334	967598606	670197	426059	29538219	104663980	NA	0
315	1	range-v3	fedora-clang-libcxx	212	967598818	670316	426059	29538319	104664101	NA	0
316	1	range-v3	fedora-clang-libcxx	570105	968168923	670473	426059	29554331	104717520	NA	0
317	1	range-v3	fedora-clang-libcxx	3349173	971518096	672076	426059	29660208	105080319	NA	0
318	1	range-v3	fedora-clang-libcxx	6040668	977558764	674463	426059	29848171	105716199	NA	0
319	1	range-v3	fedora-clang-libcxx	6040712	983599476	674677	426059	30029593	106352097	NA	0
320	1	range-v3	fedora-clang-libcxx	3603615	987203091	674954	426059	30135522	106742465	NA	0
321	1	range-v3	fedora-clang-libcxx	4099322	991302413	675305	426059	30255863	107186585	NA	0
322	1	range-v3	fedora-clang-libcxx	759047	992061460	675451	426059	30278540	107266364	NA	0
323	1	range-v3	fedora-clang-libcxx	3381368	995442828	675670	426059	30378620	107634314	NA	0
324	1	range-v3	fedora-clang-libcxx	3511289	998954117	675924	426059	30482833	108013502	NA	0
325	1	range-v3	fedora-clang-libcxx	6078229	1005032346	679593	426059	30668092	108649645	NA	0
326	1	range-v3	fedora-clang-libcxx	3932956	1008965302	679879	426059	30782817	109068533	NA	0
327	1	range-v3	fedora-clang-libcxx	3909062	1012874364	682809	426059	30899312	109492087	NA	0
328	1	range-v3	fedora-clang-libcxx	4051955	1016926319	683235	426059	31018437	109930611	NA	0
329	1	range-v3	fedora-clang-libcxx	4017636	1020943955	683641	426059	31136812	110367148	NA	0
330	1	range-v3	fedora-clang-libcxx	4049454	1024993409	683983	426059	31255784	110806110	NA	0
331	1	range-v3	fedora-clang-libcxx	4403416	1029396825	688892	426059	31402715	111278823	NA	0
332	1	range-v3	fedora-clang-libcxx	4050744	1033447569	689233	426059	31521546	111717440	NA	0
333	1	range-v3	fedora-clang-libcxx	4348343	1037795912	691920	426059	31657467	112185658	NA	0
334	1	range-v3	fedora-clang-libcxx	4348249	1042144161	692319	426059	31784369	112653903	NA	0
335	1	range-v3	fedora-clang-libcxx	4095743	1046239904	692659	480739	31904426	113097153	NA	1
336	1	range-v3	fedora-clang-libcxx	3860193	1050100097	739026	480739	32018331	113515660	NA	0
337	1	range-v3	fedora-clang-libcxx	4247291	1054347388	740376	480739	32142893	113967457	NA	0
338	1	range-v3	fedora-clang-libcxx	4253690	1058601078	740813	480739	32267259	114427596	NA	0
339	1	range-v3	fedora-clang-libcxx	4390207	1062991285	741232	480739	32395191	114897419	NA	0
340	1	range-v3	fedora-clang-libcxx	4085946	1067077231	741617	480739	32515576	115339368	NA	0
341	1	range-v3	fedora-clang-libcxx	4434456	1071511687	742066	480739	32644522	115813037	NA	0
342	1	range-v3	fedora-clang-libcxx	4156475	1075668162	743077	480739	32768628	116263300	NA	0
343	1	range-v3	fedora-clang-libcxx	4537607	1080205769	743546	480739	32900738	116747633	NA	0
344	1	range-v3	fedora-clang-libcxx	4060170	1084265939	743895	480739	33019919	117186734	NA	0
345	1	range-v3	fedora-clang-libcxx	4045733	1088311672	744201	480739	33138720	117625304	NA	0
346	1	range-v3	fedora-clang-libcxx	4049659	1092361331	744520	480739	33257673	118064267	NA	0
347	1	range-v3	fedora-clang-libcxx	4035972	1096397303	744832	480739	33376211	118500782	NA	0
348	1	range-v3	fedora-clang-libcxx	4646593	1101043896	746393	480739	33511268	118996126	NA	0
349	1	range-v3	fedora-clang-libcxx	3930962	1104974858	747392	480739	33627043	119419973	NA	0
350	1	range-v3	fedora-clang-libcxx	3955725	1108930583	748900	480739	33746104	119846425	NA	0
351	1	range-v3	fedora-clang-libcxx	3881146	1112811729	749168	480739	33861118	120266751	NA	0
352	1	range-v3	fedora-clang-libcxx	3880895	1116692624	749480	480739	33975793	120687071	NA	0
353	1	range-v3	fedora-clang-libcxx	3880988	1120573612	749765	480739	34090459	121107380	NA	0
354	1	range-v3	fedora-clang-libcxx	3895042	1124468654	750102	480739	34205505	121527795	NA	0
355	1	range-v3	fedora-clang-libcxx	3492352	1127961006	750327	480739	34309834	121906825	NA	0
356	1	range-v3	fedora-clang-libcxx	3783624	1131744630	750963	480739	34421719	122314517	NA	0
357	1	range-v3	fedora-clang-libcxx	3999732	1135744362	751472	480739	34540206	122746776	NA	0
358	1	range-v3	fedora-clang-libcxx	3968802	1139713164	752304	480739	34657968	123175675	NA	0
359	1	range-v3	fedora-clang-libcxx	3573901	1143287065	752574	480739	34764171	123561828	NA	0
360	1	range-v3	fedora-clang-libcxx	3895654	1147182719	752852	480739	34879311	123982742	NA	0
361	1	range-v3	fedora-clang-libcxx	3897327	1151080046	753160	480739	34994660	124403851	NA	0
362	1	range-v3	fedora-clang-libcxx	3783232	1154863278	753523	480739	35106589	124810893	NA	0
363	1	range-v3	fedora-clang-libcxx	3921571	1158784849	754014	480739	35223429	125233942	NA	0
364	1	range-v3	fedora-clang-libcxx	4270271	1163055120	754648	480739	35350210	125694915	NA	0
365	1	range-v3	fedora-clang-libcxx	3967722	1167022842	755157	480739	35468299	126124313	NA	0
366	1	range-v3	fedora-clang-libcxx	3895380	1170918222	755504	480739	35584029	126545928	NA	0
367	1	range-v3	fedora-clang-libcxx	3936250	1174854472	755870	480739	35703051	126970429	NA	0
368	1	range-v3	fedora-clang-libcxx	3895687	1178750159	756183	480739	35818692	127391946	NA	0
369	1	range-v3	fedora-clang-libcxx	3891786	1182641945	756475	480739	35933446	127812880	NA	0
370	1	range-v3	fedora-clang-libcxx	3928896	1186570841	756918	480739	36050255	128237903	NA	0
371	1	range-v3	fedora-clang-libcxx	3960448	1190531289	757534	480739	36167997	128664657	NA	0
372	1	range-v3	fedora-clang-libcxx	3947860	1194479149	757811	480739	36284326	129091605	NA	0
373	1	range-v3	fedora-clang-libcxx	3932941	1198412090	758133	480739	36400320	129516736	NA	0
374	1	range-v3	fedora-clang-libcxx	3980878	1202392968	758520	480739	36518713	129947648	NA	0
375	1	range-v3	fedora-clang-libcxx	3946623	1206339591	758904	480739	36635412	130375448	NA	0
376	1	range-v3	fedora-clang-libcxx	3962606	1210302197	759304	480739	36752975	130802192	NA	0
377	1	range-v3	fedora-clang-libcxx	4322791	1214624988	759799	480739	36879495	131262340	NA	0
378	1	range-v3	fedora-clang-libcxx	3965517	1218590505	760811	480739	37000426	131689899	NA	0
379	1	range-v3	fedora-clang-libcxx	3969019	1222559524	761042	480739	37120073	132117317	NA	0
380	1	range-v3	fedora-clang-libcxx	3973124	1226532648	761700	480739	37238705	132544893	NA	0
381	1	range-v3	fedora-clang-libcxx	3977063	1230509711	762333	480739	37357410	132972265	NA	0
382	1	range-v3	fedora-clang-libcxx	4011498	1234521209	763110	480739	37477493	133406203	NA	0
383	1	range-v3	fedora-clang-libcxx	4013933	1238535142	763613	480739	37597082	133839949	NA	0
384	1	range-v3	fedora-clang-libcxx	4014253	1242549395	763927	480739	37716866	134273983	NA	0
385	1	range-v3	fedora-clang-libcxx	4016645	1246566040	764156	480739	37836362	134707812	NA	0
386	1	range-v3	fedora-clang-libcxx	3916067	1250482107	764504	480739	37952621	135132232	NA	0
387	1	range-v3	fedora-clang-libcxx	4025339	1254507446	765120	480739	38070342	135561986	NA	0
388	1	range-v3	fedora-clang-libcxx	3986979	1258494425	765640	480739	38189383	135993706	NA	0
389	1	range-v3	fedora-clang-libcxx	3933013	1262427438	766203	480739	38306402	136418943	NA	0
390	1	range-v3	fedora-clang-libcxx	3975629	1266403067	766586	480739	38425179	136848516	NA	0
391	1	range-v3	fedora-clang-libcxx	3929146	1270332213	766968	480739	38541880	137274651	NA	0
392	1	range-v3	fedora-clang-libcxx	4267935	1274600148	767726	480739	38667463	137729506	NA	0
393	1	range-v3	fedora-clang-libcxx	4064427	1278664575	768134	480739	38787358	138162516	NA	0
394	1	range-v3	fedora-clang-libcxx	4242639	1282907214	768758	480739	38911256	138614265	NA	0
395	1	range-v3	fedora-clang-libcxx	3964926	1286872140	769172	480739	39028368	139041907	NA	0
396	1	range-v3	fedora-clang-libcxx	4064522	1290936662	769592	480739	39147559	139475011	NA	0
397	1	range-v3	fedora-clang-libcxx	4242837	1295179499	769979	480739	39271526	139927918	NA	0
398	1	range-v3	fedora-clang-libcxx	4092623	1299272122	770323	480739	39391444	140362969	NA	0
399	1	range-v3	fedora-clang-libcxx	4249164	1303521286	770826	480739	39515976	140815258	NA	0
400	1	range-v3	fedora-clang-libcxx	3977474	1307498760	771232	480739	39634178	141245546	NA	0
401	1	range-v3	fedora-clang-libcxx	3967102	1311465862	771740	480739	39752979	141673195	NA	0
402	1	range-v3	fedora-clang-libcxx	3945378	1315411240	772264	480739	39869568	142099816	NA	0
403	1	range-v3	fedora-clang-libcxx	3979368	1319390608	773021	480739	39988189	142529815	NA	0
404	1	range-v3	fedora-clang-libcxx	4251253	1323641861	773394	480739	40113303	142984670	NA	0
405	1	range-v3	fedora-clang-libcxx	4270819	1327912680	773892	480739	40239229	143440117	NA	0
406	1	range-v3	fedora-clang-libcxx	4218514	1332131194	774388	480739	40363776	143890624	NA	0
407	1	range-v3	fedora-clang-libcxx	3978034	1336109228	774962	480739	40482258	144320776	NA	0
408	1	range-v3	fedora-clang-libcxx	3976565	1340085793	775489	480739	40600741	144750069	NA	0
409	1	range-v3	fedora-clang-libcxx	4008456	1344094249	775997	480739	40719416	145182977	NA	0
410	1	range-v3	fedora-clang-libcxx	4271654	1348365903	776552	480739	40844994	145638112	NA	0
411	1	range-v3	fedora-clang-libcxx	3979334	1352345237	777214	480739	40962667	146068113	NA	0
412	1	range-v3	fedora-clang-libcxx	4263742	1356608979	777650	480739	41087478	146522775	NA	0
413	1	range-v3	fedora-clang-libcxx	3925636	1360534615	778157	480739	41204561	146948153	NA	0
414	1	range-v3	fedora-clang-libcxx	3947841	1364482456	778574	480739	41322481	147374989	NA	0
415	1	range-v3	fedora-clang-libcxx	3947191	1368429647	779176	480739	41439380	147800438	NA	0
416	1	range-v3	fedora-clang-libcxx	3925494	1372355141	779686	480739	41556123	148223770	NA	0
417	1	range-v3	fedora-clang-libcxx	3918418	1376273559	780000	480739	41672831	148648778	NA	0
418	1	range-v3	fedora-clang-libcxx	3943283	1380216842	780433	480739	41789747	149075296	NA	0
419	1	range-v3	fedora-clang-libcxx	3943652	1384160494	780841	480739	41906449	149501814	NA	0
420	1	range-v3	fedora-clang-libcxx	3918806	1388079300	781207	480739	42022938	149926965	NA	0
421	1	range-v3	fedora-clang-libcxx	3916142	1391995442	781487	480739	42139290	150351293	NA	0
422	1	range-v3	fedora-clang-libcxx	3945578	1395941020	781909	480739	42256864	150778047	NA	0
423	1	range-v3	fedora-clang-libcxx	3961486	1399902506	782270	480739	42376159	151204771	NA	0
424	1	range-v3	fedora-clang-libcxx	3969621	1403872127	782775	480739	42495168	151633284	NA	0
425	1	range-v3	fedora-clang-libcxx	4298095	1408170222	783269	480739	42622038	152092042	NA	0
426	1	range-v3	fedora-clang-libcxx	3969142	1412139364	783688	480739	42741380	152522589	NA	0
427	1	range-v3	fedora-clang-libcxx	3972875	1416112239	784107	480739	42860536	152952931	NA	0
428	1	range-v3	fedora-clang-libcxx	3974825	1420087064	784573	480739	42978526	153380847	NA	0
429	1	range-v3	fedora-clang-libcxx	3974939	1424062003	785128	480739	43095247	153808763	NA	0
430	1	range-v3	fedora-clang-libcxx	3975089	1428037092	785344	480739	43211972	154236690	NA	0
431	1	range-v3	fedora-clang-libcxx	3975064	1432012156	785531	480739	43328704	154664614	NA	0
432	1	range-v3	fedora-clang-libcxx	3974516	1435986672	785721	480739	43445435	155092536	NA	0
433	1	range-v3	fedora-clang-libcxx	3977398	1439964070	785939	480739	43562803	155520784	NA	0
434	1	range-v3	fedora-clang-libcxx	3971982	1443936052	786457	480739	43679847	155948433	NA	0
435	1	range-v3	fedora-clang-libcxx	3972098	1447908150	786922	480739	43796176	156376086	NA	0
436	1	range-v3	fedora-clang-libcxx	3972248	1451880398	787244	480739	43912503	156803749	NA	0
437	1	range-v3	fedora-clang-libcxx	3972223	1455852621	787535	480739	44028834	157231411	NA	0
438	1	range-v3	fedora-clang-libcxx	3971679	1459824300	787822	480739	44145233	157659061	NA	0
439	1	range-v3	fedora-clang-libcxx	3970784	1463795084	788034	480739	44261952	158086732	NA	0
440	1	range-v3	fedora-clang-libcxx	3974643	1467769727	788491	480739	44379117	158514490	NA	0
441	1	range-v3	fedora-clang-libcxx	3974767	1471744494	788940	480739	44495494	158942247	NA	0
442	1	range-v3	fedora-clang-libcxx	3974917	1475719411	789210	480739	44611874	159370016	NA	0
443	1	range-v3	fedora-clang-libcxx	3974892	1479694303	789454	480739	44728255	159797784	NA	0
444	1	range-v3	fedora-clang-libcxx	3974348	1483668651	789696	480739	44844630	160225541	NA	0
445	1	range-v3	fedora-clang-libcxx	3978485	1487647136	789935	480739	44961878	160653623	NA	0
446	1	range-v3	fedora-clang-libcxx	3971918	1491619054	790278	480739	45079053	161081329	NA	0
447	1	range-v3	fedora-clang-libcxx	3972027	1495591081	790633	551161	45195372	161509035	NA	1
448	1	range-v3	fedora-clang-libcxx	3972177	1499563258	859718	551161	45311698	161936748	NA	0
449	1	range-v3	fedora-clang-libcxx	3972152	1503535410	859887	551161	45428025	162364468	NA	0
450	1	range-v3	fedora-clang-libcxx	3971608	1507507018	860068	551161	45544346	162792175	NA	0
451	1	range-v3	fedora-clang-libcxx	3975297	1511482315	860285	551161	45661484	163220194	NA	0
452	1	range-v3	fedora-clang-libcxx	4252313	1515734628	860610	551161	45785476	163674965	NA	0
453	1	range-v3	fedora-clang-libcxx	4572230	1520306858	861481	551161	45920591	164162982	NA	0
454	1	range-v3	fedora-clang-libcxx	4273932	1524580790	862036	551161	46045610	164618278	NA	0
455	1	range-v3	fedora-clang-libcxx	4043216	1528624006	862508	551161	46167553	165053990	NA	0
456	1	range-v3	fedora-clang-libcxx	4372253	1532996259	863254	551161	46295446	165519745	NA	0
457	1	range-v3	fedora-clang-libcxx	4200794	1537197053	865302	551161	46427866	165972461	NA	0
458	1	range-v3	fedora-clang-libcxx	3955362	1541152415	865643	551161	46546086	166399953	NA	0
459	1	range-v3	fedora-clang-libcxx	3957359	1545109774	866131	551161	46665678	166824391	NA	0
460	1	range-v3	fedora-clang-libcxx	3923562	1549033336	866495	551161	46782481	167250540	NA	0
461	1	range-v3	fedora-clang-libcxx	3962709	1552996045	867138	551161	46901881	167679632	NA	0
462	1	range-v3	fedora-clang-libcxx	3812050	1556808095	867469	551161	47013701	168089360	NA	0
463	1	range-v3	fedora-clang-libcxx	3912393	1560720488	867824	551161	47129965	168512470	NA	0
464	1	range-v3	fedora-clang-libcxx	3549949	1564270437	868087	551161	47235725	168896406	NA	0
465	1	range-v3	fedora-clang-libcxx	3806592	1568077029	870320	551161	47352637	169307271	NA	0
466	1	range-v3	fedora-clang-libcxx	3826372	1571903401	871221	551161	47469055	169719843	NA	0
467	1	range-v3	fedora-clang-libcxx	3956473	1575859874	871818	551161	47587417	170144926	NA	0
468	1	range-v3	fedora-clang-libcxx	3679682	1579539556	872507	551161	47697150	170541860	NA	0
469	1	range-v3	fedora-clang-libcxx	3906558	1583446114	873011	551161	47814507	170963766	NA	0
470	1	range-v3	fedora-clang-libcxx	4236157	1587682271	874041	551161	47939353	171420996	NA	0
471	1	range-v3	fedora-clang-libcxx	3536266	1591218537	874262	551161	48045350	171804472	NA	0
472	1	range-v3	fedora-clang-libcxx	3217670	1594436207	874592	551161	48142366	172154435	NA	0
473	1	range-v3	fedora-clang-libcxx	3196703	1597632910	874814	551161	48238799	172501812	NA	0
474	1	range-v3	fedora-clang-libcxx	3899038	1601531948	875474	551161	48354287	172923056	NA	0
475	1	range-v3	fedora-clang-libcxx	3932213	1605464161	875811	551161	48470563	173346849	NA	0
476	1	range-v3	fedora-clang-libcxx	3920532	1609384693	876282	551161	48587342	173770338	NA	0
477	1	range-v3	fedora-clang-libcxx	3900789	1613285482	876530	551161	48702310	174191926	NA	0
478	1	range-v3	fedora-clang-libcxx	3983334	1617268816	877068	551161	48819801	174621700	NA	0
479	1	range-v3	fedora-clang-libcxx	3901001	1621169817	877775	551161	48938225	175042897	NA	0
480	1	range-v3	fedora-clang-libcxx	4472419	1625642236	880790	551161	49074686	175521979	NA	0
481	1	range-v3	fedora-clang-libcxx	3952006	1629594242	881200	551161	49191719	175950275	NA	0
482	1	range-v3	fedora-clang-libcxx	4173456	1633767698	882448	551161	49315602	176401031	NA	0
483	1	range-v3	fedora-clang-libcxx	3216540	1636984238	883102	551161	49412939	176750997	NA	0
484	1	range-v3	fedora-clang-libcxx	3761526	1640745764	883755	551161	49526290	177155839	NA	0
485	1	range-v3	fedora-clang-libcxx	3062565	1643808329	884138	551161	49618986	177486785	NA	0
486	1	range-v3	fedora-clang-libcxx	274	1643808603	884274	551161	49619101	177486917	NA	0
487	1	range-v3	fedora-clang-libcxx	3947615	1647756218	885300	551161	49738568	177914034	NA	0
488	1	range-v3	fedora-clang-libcxx	3985570	1651741788	886676	551161	49856963	178343258	NA	0
489	1	range-v3	fedora-clang-libcxx	4067286	1655809074	887312	551161	49978065	178782871	NA	0
490	1	range-v3	fedora-clang-libcxx	3143238	1658952312	887866	551161	50076207	179123334	NA	0
491	1	range-v3	fedora-clang-libcxx	3787434	1662739746	888273	551161	50188104	179531446	NA	0
492	1	range-v3	fedora-clang-libcxx	3230739	1665970485	888474	551161	50285382	179883094	NA	0
493	1	range-v3	fedora-clang-libcxx	4018841	1669989326	889519	551161	50406062	180317679	NA	0
494	1	range-v3	fedora-clang-libcxx	4084552	1674073878	889916	551161	50526807	180759508	NA	0
495	1	range-v3	fedora-clang-libcxx	4099176	1678173054	890325	551161	50648362	181203538	NA	0
496	1	range-v3	fedora-clang-libcxx	3974068	1682147122	890552	551161	50765712	181633509	NA	0
497	1	range-v3	fedora-clang-libcxx	4364034	1686511156	891580	551161	50895416	182103942	NA	0
498	1	range-v3	fedora-clang-libcxx	4068038	1690579194	891976	551161	51016164	182543098	NA	0
499	1	range-v3	fedora-clang-libcxx	4000682	1694579876	892345	551161	51135203	182977392	NA	0
500	1	range-v3	fedora-clang-libcxx	4312664	1698892540	893359	551161	51265314	183443682	NA	0
501	1	range-v3	fedora-clang-libcxx	4372735	1703265275	894287	551161	51395887	183913969	NA	0
502	1	range-v3	fedora-clang-libcxx	4122413	1707387688	894818	551161	51518548	184360074	NA	0
503	1	range-v3	fedora-clang-libcxx	4114031	1711501719	895207	551161	51640738	184804987	NA	0
504	1	range-v3	fedora-clang-libcxx	4008452	1715510171	895612	551161	51759540	185238457	NA	0
505	1	range-v3	fedora-clang-libcxx	4667422	1720177593	896208	551161	51895381	185737024	NA	0
506	1	range-v3	fedora-clang-libcxx	4002435	1724180028	896452	551161	52013750	186169719	NA	0
507	1	range-v3	fedora-clang-libcxx	4234232	1728414260	897136	551161	52141622	186627047	NA	0
508	1	range-v3	fedora-clang-libcxx	4000696	1732414956	897378	551161	52259590	187061202	NA	0
509	1	range-v3	fedora-clang-libcxx	4330483	1736745439	897845	551161	52387733	187528533	NA	0
510	1	range-v3	fedora-clang-libcxx	4327002	1741072441	898188	551161	52515030	187995209	NA	0
511	1	range-v3	fedora-clang-libcxx	4144503	1745216944	898604	551161	52637816	188443565	NA	0
512	1	range-v3	fedora-clang-libcxx	4163682	1749380626	899460	551161	52762279	188892984	NA	0
513	1	range-v3	fedora-clang-libcxx	4132922	1753513548	899817	551161	52884484	189341298	NA	0
514	1	range-v3	fedora-clang-libcxx	3881728	1757395276	900327	551161	52999763	189763770	NA	0
515	1	range-v3	fedora-clang-libcxx	3913941	1761309217	900628	551161	53116047	190188972	NA	0
516	1	range-v3	fedora-clang-libcxx	4024312	1765333529	900992	551161	53235621	190624585	NA	0
517	1	range-v3	fedora-clang-libcxx	3990017	1769323546	901405	551161	53353698	191057043	NA	0
518	1	range-v3	fedora-clang-libcxx	3932532	1773256078	901611	551161	53469795	191482712	NA	0
519	1	range-v3	fedora-clang-libcxx	4133284	1777389362	902245	551161	53592191	191929993	NA	0
520	1	range-v3	fedora-clang-libcxx	3973900	1781363262	902545	551161	53709718	192361745	NA	0
521	1	range-v3	fedora-clang-libcxx	4031365	1785394627	902914	551161	53830121	192797955	NA	0
522	1	range-v3	fedora-clang-libcxx	4106565	1789501192	903453	551161	53954074	193242781	NA	0
523	1	range-v3	fedora-clang-libcxx	3819643	1793320835	903686	551161	54066756	193655252	NA	0
524	1	range-v3	fedora-clang-libcxx	3991951	1797312786	908502	551161	54185819	194086434	NA	0
525	1	range-v3	fedora-clang-libcxx	4412222	1801725008	909399	551161	54317700	194563562	NA	0
526	1	range-v3	fedora-clang-libcxx	3986572	1805711580	909874	551161	54436382	194996523	NA	0
527	1	range-v3	fedora-clang-libcxx	4237178	1809948758	910182	551161	54560688	195452872	NA	0
528	1	range-v3	fedora-clang-libcxx	3946806	1813895564	910461	551161	54677792	195879782	NA	0
529	1	range-v3	fedora-clang-libcxx	4023590	1817919154	910809	551161	54797024	196314510	NA	0
530	1	range-v3	fedora-clang-libcxx	3963895	1821883049	911062	551161	54913943	196744825	NA	0
531	1	range-v3	fedora-clang-libcxx	3929618	1825812667	911389	551161	55030219	197172138	NA	0
532	1	range-v3	fedora-clang-libcxx	4127378	1829940045	911961	551161	55152551	197617318	NA	0
533	1	range-v3	fedora-clang-libcxx	4107813	1834047858	912493	551161	55273985	198061538	NA	0
534	1	range-v3	fedora-clang-libcxx	4110570	1838158428	912988	551161	55395045	198505993	NA	0
535	1	range-v3	fedora-clang-libcxx	4189929	1842348357	913471	551161	55519277	198958509	NA	0
536	1	range-v3	fedora-clang-libcxx	4174652	1846523009	913705	551161	55641539	199404565	NA	0
537	1	range-v3	fedora-clang-libcxx	4321768	1850844777	914303	551161	55769905	199868860	NA	0
538	1	range-v3	fedora-clang-libcxx	4289242	1855134019	915070	551161	55896056	200330403	NA	0
539	1	range-v3	fedora-clang-libcxx	4357974	1859491993	915831	551161	56025624	200799045	NA	0
540	1	range-v3	fedora-clang-libcxx	4300704	1863792697	916477	551161	56152810	201261748	NA	0
541	1	range-v3	fedora-clang-libcxx	4183049	1867975746	916950	551161	56276615	201712893	NA	0
542	1	range-v3	fedora-clang-libcxx	4285693	1872261439	917513	551161	56404234	202177273	NA	0
543	1	range-v3	fedora-clang-libcxx	4229703	1876491142	918440	551161	56535866	202630802	NA	0
544	1	range-v3	fedora-clang-libcxx	4212520	1880703662	919136	551161	56661941	203085910	NA	0
545	1	range-v3	fedora-clang-libcxx	4249761	1884953423	919624	551161	56787835	203544625	NA	0
546	1	range-v3	fedora-clang-libcxx	3984446	1888937869	920044	551161	56906664	203975649	NA	0
547	1	range-v3	fedora-clang-libcxx	4068015	1893005884	920333	551161	57026624	204414948	NA	0
548	1	range-v3	fedora-clang-libcxx	4149032	1897154916	920743	551161	57149760	204863467	NA	0
549	1	range-v3	fedora-clang-libcxx	4140392	1901295308	921086	551161	57271628	205310885	NA	0
550	1	range-v3	fedora-clang-libcxx	3890996	1905186304	921338	551161	57386673	205731490	NA	0
551	1	range-v3	fedora-clang-libcxx	4045850	1909232154	921702	551161	57506180	206171362	NA	0
552	1	range-v3	fedora-clang-libcxx	4122319	1913354473	921995	551161	57629211	206619938	NA	0
553	1	range-v3	fedora-clang-libcxx	4184652	1917539125	922576	551161	57753722	207072200	NA	0
554	1	range-v3	fedora-clang-libcxx	4028712	1921567837	923112	551161	57873292	207507604	NA	0
555	1	range-v3	fedora-clang-libcxx	4096988	1925664825	923660	551161	57995133	207950570	NA	0
556	1	range-v3	fedora-clang-libcxx	3886652	1929551477	923946	551161	58110111	208372578	NA	0
557	1	range-v3	fedora-clang-libcxx	4405304	1933956781	924831	551161	58241777	208846845	NA	0
558	1	range-v3	fedora-clang-libcxx	4351197	1938307978	926002	551161	58370828	209316076	NA	0
559	1	range-v3	fedora-clang-libcxx	6069577	1944377555	927904	1025655	58548326	209952163	NA	1
560	1	range-v3	fedora-clang-libcxx	6001244	1950378799	930621	1025655	58721098	210580444	NA	0
561	1	range-v3	fedora-clang-libcxx	3479223	1953858022	930848	1025655	58824321	210956734	NA	0
562	1	range-v3	fedora-clang-libcxx	3481419	1957339441	931162	1025655	58927587	211333795	NA	0
563	1	range-v3	fedora-clang-libcxx	3809393	1961148834	931467	1025655	59038935	211742981	NA	0
564	1	range-v3	fedora-clang-libcxx	3636258	1964785092	932019	1025655	59146451	212135468	NA	0
565	1	range-v3	fedora-clang-libcxx	3768056	1968553148	933674	1025655	59257984	212533479	NA	0
566	1	range-v3	fedora-clang-libcxx	3488775	1972041923	933931	1025655	59361379	212911079	NA	0
567	1	range-v3	fedora-clang-libcxx	6131291	1978173214	934273	1025655	59538199	213553816	NA	0
568	1	range-v3	fedora-clang-libcxx	3945789	1982119003	934515	1025655	59653864	213978151	NA	0
569	1	range-v3	fedora-clang-libcxx	3970163	1986089166	934824	1025655	59770130	214404857	NA	0
570	1	range-v3	fedora-clang-libcxx	4142845	1990232011	935095	1025655	59890773	214849202	NA	0
571	1	range-v3	fedora-clang-libcxx	3908292	1994140303	935463	1025655	60004584	215266825	NA	0
572	1	range-v3	fedora-clang-libcxx	3871491	1998011794	935685	1025655	60117977	215683077	NA	0
573	1	range-v3	fedora-clang-libcxx	3876251	2001888045	935914	1025655	60231630	216100200	NA	0
574	1	range-v3	fedora-clang-libcxx	3896102	2005784147	936097	1025655	60346057	216519261	NA	0
575	2	range-v3	fedora-clang-libcxx	305	2005784452	936146	1025655	60346081	216519401	NA	0
576	2	range-v3	fedora-clang-libcxx	758940	2006543392	936196	1025655	60368521	216599095	NA	0
577	2	range-v3	fedora-clang-libcxx	730630	2007274022	936247	1025655	60389938	216674625	NA	0
578	2	range-v3	fedora-clang-libcxx	732176	2008006198	936298	1025655	60411436	216750303	NA	0
579	2	range-v3	fedora-clang-libcxx	610923	2008617121	936349	1025655	60429254	216810853	NA	0
580	2	range-v3	fedora-clang-libcxx	546127	2009163248	936400	1025655	60443993	216860462	NA	0
581	2	range-v3	fedora-clang-libcxx	4465739	2013628987	936451	1025655	60571880	217331853	NA	0
582	2	range-v3	fedora-clang-libcxx	3261862	2016890849	936503	1025655	60669384	217687177	NA	0
583	2	range-v3	fedora-clang-libcxx	3501651	2020392500	936555	1025655	60772121	218065317	NA	0
584	2	range-v3	fedora-clang-libcxx	3243025	2023635525	936607	1025655	60869126	218418215	NA	0
585	2	range-v3	fedora-clang-libcxx	3491766	2027127291	936659	1025655	60972201	218795698	NA	0
586	2	range-v3	fedora-clang-libcxx	3468469	2030595760	936711	1025655	61074575	219171090	NA	0
587	2	range-v3	fedora-clang-libcxx	3437164	2034032924	936763	1025655	61175932	219542803	NA	0
588	2	range-v3	fedora-clang-libcxx	3433110	2037466034	936815	1025655	61277240	219913877	NA	0
589	2	range-v3	fedora-clang-libcxx	3469635	2040935669	936867	1025655	61379346	220290816	NA	0
590	2	range-v3	fedora-clang-libcxx	3465746	2044401415	936919	1025655	61481549	220666258	NA	0
591	2	range-v3	fedora-clang-libcxx	3465815	2047867230	936971	1025655	61583751	221041702	NA	0
592	2	range-v3	fedora-clang-libcxx	3502742	2051369972	937023	1025655	61687097	221420360	NA	0
593	2	range-v3	fedora-clang-libcxx	3503260	2054873232	937075	1025655	61790281	221799254	NA	0
594	2	range-v3	fedora-clang-libcxx	3301834	2058175066	937127	1025655	61888949	222158567	NA	0
595	2	range-v3	fedora-clang-libcxx	3619558	2061794624	937179	1025655	61994794	222546225	NA	0
596	2	range-v3	fedora-clang-libcxx	3541520	2065336144	937231	1025655	62098841	222927620	NA	0
597	2	range-v3	fedora-clang-libcxx	3379431	2068715575	937283	1025655	62199068	223293924	NA	0
598	2	range-v3	fedora-clang-libcxx	3712281	2072427856	937335	1025655	62307416	223695164	NA	0
599	2	range-v3	fedora-clang-libcxx	3728053	2076155909	937387	1025655	62416368	224099395	NA	0
600	2	range-v3	fedora-clang-libcxx	3714604	2079870513	937439	1025655	62524835	224497923	NA	0
601	2	range-v3	fedora-clang-libcxx	3492380	2083362893	937491	1025655	62627940	224875610	NA	0
602	2	range-v3	fedora-clang-libcxx	3491678	2086854571	937543	1025655	62731013	225253091	NA	0
603	2	range-v3	fedora-clang-libcxx	3468467	2090323038	937595	1025655	62833387	225628475	NA	0
604	2	range-v3	fedora-clang-libcxx	3322775	2093645813	937647	1025655	62932057	225989333	NA	0
605	2	range-v3	fedora-clang-libcxx	3502634	2097148447	937699	1025655	63035384	226367947	NA	0
606	2	range-v3	fedora-clang-libcxx	3507670	2100656117	937751	1025655	63138622	226746814	NA	0
607	2	range-v3	fedora-clang-libcxx	4388944	2105045061	937803	1025655	63263865	227203948	NA	0
608	2	range-v3	fedora-clang-libcxx	3240856	2108285917	937855	1025655	63360945	227556595	NA	0
609	2	range-v3	fedora-clang-libcxx	3273323	2111559240	937907	1025655	63458045	227910678	NA	0
610	2	range-v3	fedora-clang-libcxx	3237382	2114796622	937959	1025655	63554843	228263199	NA	0
611	2	range-v3	fedora-clang-libcxx	3237379	2118034001	938011	1025655	63651642	228615715	NA	0
612	2	range-v3	fedora-clang-libcxx	3513973	2121547974	938063	1025655	63754793	228992994	NA	0
613	2	range-v3	fedora-clang-libcxx	3270551	2124818525	938115	1025655	63852600	229348607	NA	0
614	2	range-v3	fedora-clang-libcxx	3295233	2128113758	938167	1025655	63950657	229705635	NA	0
615	2	range-v3	fedora-clang-libcxx	3298073	2131411831	938219	1025655	64048760	230062918	NA	0
616	2	range-v3	fedora-clang-libcxx	3267189	2134679020	938271	1025655	64146523	230418127	NA	0
617	2	range-v3	fedora-clang-libcxx	3300843	2137979863	938323	1025655	64244715	230775616	NA	0
618	2	range-v3	fedora-clang-libcxx	3270557	2141250420	938375	1025655	64342526	231131244	NA	0
619	2	range-v3	fedora-clang-libcxx	3286320	2144536740	938427	1025655	64440436	231487276	NA	0
620	2	range-v3	fedora-clang-libcxx	3244260	2147781000	938479	1025655	64537344	231839926	NA	0
621	2	range-v3	fedora-clang-libcxx	3513576	2151294576	938531	1025655	64640705	232218456	NA	0
622	2	range-v3	fedora-clang-libcxx	3267779	2154562355	938583	1025655	64737748	232571896	NA	0
623	2	range-v3	fedora-clang-libcxx	3296505	2157858860	938635	1025655	64835991	232929657	NA	0
624	2	range-v3	fedora-clang-libcxx	3265769	2161124629	938687	1025655	64932955	233283193	NA	0
625	2	range-v3	fedora-clang-libcxx	3291210	2164415839	938739	1025655	65030648	233638988	NA	0
626	2	range-v3	fedora-clang-libcxx	3237458	2167653297	938791	1025655	65127454	233991548	NA	0
627	2	range-v3	fedora-clang-libcxx	3237517	2170890814	938843	1025655	65224256	234344109	NA	0
628	2	range-v3	fedora-clang-libcxx	3277598	2174168412	938895	1025655	65322193	234700209	NA	0
629	2	range-v3	fedora-clang-libcxx	3273037	2177441449	938947	1025655	65420110	235056326	NA	0
630	2	range-v3	fedora-clang-libcxx	3526921	2180968370	938999	1025655	65523766	235436026	NA	0
631	2	range-v3	fedora-clang-libcxx	3240516	2184208886	939051	1025655	65620874	235788302	NA	0
632	2	range-v3	fedora-clang-libcxx	3267210	2187476096	939103	1025655	65718705	236143562	NA	0
633	2	range-v3	fedora-clang-libcxx	3241005	2190717101	939155	1025655	65815610	236496472	NA	0
634	2	range-v3	fedora-clang-libcxx	3510805	2194227906	939207	1025655	65918982	236875324	NA	0
635	2	range-v3	fedora-clang-libcxx	3242023	2197469929	939259	1025655	66016044	237228394	NA	0
636	2	range-v3	fedora-clang-libcxx	3241070	2200710999	939311	1025655	66112947	237581338	NA	0
637	2	range-v3	fedora-clang-libcxx	3241199	2203952198	939363	1025655	66209852	237934293	NA	0
638	2	range-v3	fedora-clang-libcxx	3328342	2207280540	939415	1025655	66309247	238295129	NA	0
639	2	range-v3	fedora-clang-libcxx	3290385	2210570925	939467	1025655	66407613	238652405	NA	0
640	2	range-v3	fedora-clang-libcxx	3328174	2213899099	939519	1025655	66507012	239013272	NA	0
641	2	range-v3	fedora-clang-libcxx	3265368	2217164467	939571	1025655	66603969	239366591	NA	0
642	2	range-v3	fedora-clang-libcxx	3295863	2220460330	939623	1025655	66701779	239722998	NA	0
643	2	range-v3	fedora-clang-libcxx	3265372	2223725702	939675	1025655	66799134	240077661	NA	0
644	2	range-v3	fedora-clang-libcxx	3291146	2227016848	939727	1025655	66897275	240434159	NA	0
645	2	range-v3	fedora-clang-libcxx	3292273	2230309121	939779	1025655	66995304	240790381	NA	0
646	2	range-v3	fedora-clang-libcxx	3635932	2233945053	939831	1025655	67101496	241179433	NA	0
647	2	range-v3	fedora-clang-libcxx	3237135	2237182188	939883	1025655	67198478	241531642	NA	0
648	2	range-v3	fedora-clang-libcxx	3244937	2240427125	939935	1025655	67295574	241884768	NA	0
649	2	range-v3	fedora-clang-libcxx	3241037	2243668162	939987	1025655	67392656	242237274	NA	0
650	2	range-v3	fedora-clang-libcxx	3238337	2246906499	940039	1025655	67489645	242589681	NA	0
651	2	range-v3	fedora-clang-libcxx	3282212	2250188711	940091	1025655	67587771	242946486	NA	0
652	2	range-v3	fedora-clang-libcxx	3238115	2253426826	940143	1025655	67684759	243298899	NA	0
653	2	range-v3	fedora-clang-libcxx	3271233	2256698059	940195	1025655	67782685	243654476	NA	0
654	2	range-v3	fedora-clang-libcxx	3272213	2259970272	940247	1025655	67880082	244009271	NA	0
655	2	range-v3	fedora-clang-libcxx	3238115	2263208387	940299	1025655	67977070	244361668	NA	0
656	2	range-v3	fedora-clang-libcxx	3271233	2266479620	940351	1025655	68074996	244717244	NA	0
657	2	range-v3	fedora-clang-libcxx	3264315	2269743935	940403	1025655	68172386	245071523	NA	0
658	2	range-v3	fedora-clang-libcxx	3266659	2273010594	940455	1025655	68269893	245426063	NA	0
659	2	range-v3	fedora-clang-libcxx	3269852	2276280446	940507	1025655	68367279	245781184	NA	0
660	2	range-v3	fedora-clang-libcxx	3265985	2279546431	940559	1025655	68464694	246135945	NA	0
661	2	range-v3	fedora-clang-libcxx	3296514	2282842945	940611	1025655	68562937	246493690	NA	0
662	2	range-v3	fedora-clang-libcxx	3237407	2286080352	940663	1025655	68659737	246846232	NA	0
663	2	range-v3	fedora-clang-libcxx	3334364	2289414716	940715	1025655	68759492	247209041	NA	0
664	2	range-v3	fedora-clang-libcxx	3296333	2292711049	940767	1025655	68857619	247565579	NA	0
665	2	range-v3	fedora-clang-libcxx	3297458	2296008507	940819	1025655	68956106	247923466	NA	0
666	2	range-v3	fedora-clang-libcxx	3272894	2299281401	940871	1025655	69054113	248279279	NA	0
667	2	range-v3	fedora-clang-libcxx	3297076	2302578477	940923	1025655	69152362	248636506	NA	0
668	2	range-v3	fedora-clang-libcxx	3275022	2305853499	940975	1025655	69250394	248992536	NA	0
669	2	range-v3	fedora-clang-libcxx	3322457	2309175956	941027	1025655	69349453	249352413	NA	0
670	2	range-v3	fedora-clang-libcxx	3274590	2312450546	941079	1025655	69447468	249708258	NA	0
671	2	range-v3	fedora-clang-libcxx	3265498	2315716044	941131	1047944	69544984	250062666	NA	1
672	2	range-v3	fedora-clang-libcxx	3265606	2318981650	941183	1047944	69642501	250417037	NA	0
673	2	range-v3	fedora-clang-libcxx	3274707	2322256357	941235	1047944	69740515	250772849	NA	0
674	2	range-v3	fedora-clang-libcxx	3240721	2325497078	941287	1047944	69837601	251125437	NA	0
675	2	range-v3	fedora-clang-libcxx	3265796	2328762874	941339	1047944	69935126	251479848	NA	0
676	2	range-v3	fedora-clang-libcxx	3265903	2332028777	941391	1047944	70032650	251834232	NA	0
677	2	range-v3	fedora-clang-libcxx	3240774	2335269551	941443	1047944	70129739	252186778	NA	0
678	2	range-v3	fedora-clang-libcxx	825320	2336094871	941495	1047944	70154672	252275248	NA	0
679	2	range-v3	fedora-clang-libcxx	3271820	2339366691	941547	1047944	70252674	252630607	NA	0
680	2	range-v3	fedora-clang-libcxx	3295893	2342662584	941599	1047944	70351123	252987950	NA	0
681	2	range-v3	fedora-clang-libcxx	3545707	2346208291	941651	1047944	70455318	253369080	NA	0
682	2	range-v3	fedora-clang-libcxx	3271645	2349479936	941703	1047944	70552436	253722893	NA	0
683	2	range-v3	fedora-clang-libcxx	3607285	2353087221	941755	1047944	70657940	254108611	NA	0
684	2	range-v3	fedora-clang-libcxx	3508819	2356596040	941807	1047944	70761465	254486776	NA	0
685	2	range-v3	fedora-clang-libcxx	3507042	2360103082	941859	1047944	70864936	254864703	NA	0
686	2	range-v3	fedora-clang-libcxx	3287441	2363390523	941911	1047944	70962643	255220906	NA	0
687	2	range-v3	fedora-clang-libcxx	3566859	2366957382	941963	1047944	71066478	255602658	NA	0
688	2	range-v3	fedora-clang-libcxx	3332191	2370289573	942015	1047944	71165468	255963405	NA	0
689	2	range-v3	fedora-clang-libcxx	3594983	2373884556	942067	1047944	71270646	256348802	NA	0
690	2	range-v3	fedora-clang-libcxx	3681329	2377565885	942119	1047944	71378042	256742319	NA	0
691	2	range-v3	fedora-clang-libcxx	3313156	2380879041	942171	1047944	71476593	257101606	NA	0
692	2	range-v3	fedora-clang-libcxx	3267860	2384146901	942223	1047944	71574130	257456063	NA	0
693	2	range-v3	fedora-clang-libcxx	837510	2384984411	942275	1047944	71599335	257545717	NA	0
694	2	range-v3	fedora-clang-libcxx	3275846	2388260257	942327	1047944	71696894	257901328	NA	0
695	2	range-v3	fedora-clang-libcxx	3274844	2391535101	942379	1047944	71794907	258257288	NA	0
696	2	range-v3	fedora-clang-libcxx	3269631	2394804732	942431	1047944	71892549	258611989	NA	0
697	2	range-v3	fedora-clang-libcxx	3279114	2398083846	942483	1047944	71990240	258967208	NA	0
698	2	range-v3	fedora-clang-libcxx	3282145	2401365991	942535	1047944	72088366	259324013	NA	0
699	2	range-v3	fedora-clang-libcxx	6000392	2407366383	942588	1047944	72268033	259953916	NA	0
700	2	range-v3	fedora-clang-libcxx	3270547	2410636930	942640	1047944	72366269	260309030	NA	0
701	2	range-v3	fedora-clang-libcxx	3270561	2413907491	942692	1047944	72464505	260664104	NA	0
702	2	range-v3	fedora-clang-libcxx	3198023	2417105514	942744	1047944	72560371	261011354	NA	0
703	2	range-v3	fedora-clang-libcxx	305	2417105819	942795	1047944	72560395	261011493	NA	0
704	2	range-v3	fedora-clang-libcxx	3866395	2420972214	942847	1047944	72673638	261428581	NA	0
705	2	range-v3	fedora-clang-libcxx	3216414	2424188628	942899	1047944	72770308	261778325	NA	0
706	2	range-v3	fedora-clang-libcxx	808157	2424996785	942951	1047944	72795109	261865787	NA	0
707	2	range-v3	fedora-clang-libcxx	569989	2425566774	943003	1047944	72810920	261919118	NA	0
708	2	range-v3	fedora-clang-libcxx	570631	2426137405	943055	1047944	72826758	261972546	NA	0
709	2	range-v3	fedora-clang-libcxx	3046441	2429183846	943107	1047944	72919024	262305837	NA	0
710	2	range-v3	fedora-clang-libcxx	3234143	2432417989	943159	1047944	73015897	262657680	NA	0
711	2	range-v3	fedora-clang-libcxx	3086758	2435504747	943211	1047944	73108994	262996320	NA	0
712	2	range-v3	fedora-clang-libcxx	2946823	2438451570	943263	1047944	73200189	263317382	NA	0
713	2	range-v3	fedora-clang-libcxx	3264820	2441716390	943315	1047944	73298325	263671895	NA	0
714	2	range-v3	fedora-clang-libcxx	3216421	2444932811	943367	1047944	73394995	264021663	NA	0
715	2	range-v3	fedora-clang-libcxx	3535640	2448468451	943419	1047944	73499117	264403370	NA	0
716	2	range-v3	fedora-clang-libcxx	3270568	2451739019	943471	1047944	73597353	264758480	NA	0
717	2	range-v3	fedora-clang-libcxx	3055865	2454794884	943523	1047944	73689733	265092463	NA	0
718	2	range-v3	fedora-clang-libcxx	785765	2455580649	943575	1047944	73713381	265176343	NA	0
719	2	range-v3	fedora-clang-libcxx	2938909	2458519558	943627	1047944	73804272	265496455	NA	0
720	2	range-v3	fedora-clang-libcxx	2966769	2461486327	943679	1047944	73894031	265820085	NA	0
721	2	range-v3	fedora-clang-libcxx	807879	2462294206	943731	1047944	73918769	265907362	NA	0
722	2	range-v3	fedora-clang-libcxx	2947843	2465242049	943783	1047944	74010675	266228577	NA	0
723	2	range-v3	fedora-clang-libcxx	2946937	2468188986	943835	1047944	74102378	266549863	NA	0
724	2	range-v3	fedora-clang-libcxx	571485	2468760471	943887	1047944	74118271	266603466	NA	0
725	2	range-v3	fedora-clang-libcxx	2975712	2471736183	943939	1047944	74211123	266928788	NA	0
726	2	range-v3	fedora-clang-libcxx	2943721	2474679904	943991	1047944	74302169	267249522	NA	0
727	2	range-v3	fedora-clang-libcxx	2953290	2477633194	944043	1047944	74391650	267571476	NA	0
728	2	range-v3	fedora-clang-libcxx	2946339	2480579533	944095	1047944	74483277	267892636	NA	0
729	2	range-v3	fedora-clang-libcxx	2955200	2483534733	944147	1047944	74573078	268215188	NA	0
730	2	range-v3	fedora-clang-libcxx	2956349	2486491082	944199	1047944	74664989	268537704	NA	0
731	2	range-v3	fedora-clang-libcxx	2954164	2489445246	944251	1047944	74754589	268859954	NA	0
732	2	range-v3	fedora-clang-libcxx	3716468	2493161714	944303	1047944	74863712	269259000	NA	0
733	2	range-v3	fedora-clang-libcxx	3270568	2496432282	944355	1047944	74961948	269614101	NA	0
734	2	range-v3	fedora-clang-libcxx	3717246	2500149528	944407	1047944	75071134	270013370	NA	0
735	2	range-v3	fedora-clang-libcxx	3510955	2503660483	944459	1047944	75174844	270392360	NA	0
736	2	range-v3	fedora-clang-libcxx	1167742	2504828225	944511	1047944	75210792	270518816	NA	0
737	2	range-v3	fedora-clang-libcxx	3160219	2507988444	944563	1047944	75305796	270863123	NA	0
738	2	range-v3	fedora-clang-libcxx	3320775	2511309219	944615	1047944	75404106	271223337	NA	0
739	2	range-v3	fedora-clang-libcxx	3032379	2514341598	944667	1047944	75495702	271554926	NA	0
740	2	range-v3	fedora-clang-libcxx	3288273	2517629871	944719	1047944	75594079	271912189	NA	0
741	2	range-v3	fedora-clang-libcxx	571834	2518201705	944771	1047944	75609984	271965845	NA	0
742	2	range-v3	fedora-clang-libcxx	3051825	2521253530	944823	1047944	75701921	272299156	NA	0
743	2	range-v3	fedora-clang-libcxx	3271434	2524524964	944875	1047944	75800107	272654601	NA	0
744	2	range-v3	fedora-clang-libcxx	3183890	2527708854	944927	1047944	75895966	273001383	NA	0
745	2	range-v3	fedora-clang-libcxx	3264473	2530973327	944979	1047944	75993789	273355923	NA	0
746	2	range-v3	fedora-clang-libcxx	3167695	2534141022	945031	1047944	76089019	273701657	NA	0
747	2	range-v3	fedora-clang-libcxx	3041612	2537182634	945083	1047944	76180728	274034869	NA	0
748	2	range-v3	fedora-clang-libcxx	1176734	2538359368	945135	1047944	76216992	274162498	NA	0
749	2	range-v3	fedora-clang-libcxx	3033964	2541393332	945187	1047944	76308764	274493865	NA	0
750	2	range-v3	fedora-clang-libcxx	3485363	2544878695	945239	1047944	76411583	274868800	NA	0
751	2	range-v3	fedora-clang-libcxx	3306559	2548185254	945291	1047944	76509729	275226663	NA	0
752	2	range-v3	fedora-clang-libcxx	3240130	2551425384	945343	1047944	76606763	275578851	NA	0
753	2	range-v3	fedora-clang-libcxx	3276233	2554701617	945395	1047944	76704550	275934168	NA	0
754	2	range-v3	fedora-clang-libcxx	3248373	2557949990	945447	1047944	76801809	276287004	NA	0
755	2	range-v3	fedora-clang-libcxx	3241596	2561191586	945499	1047944	76898807	276639877	NA	0
756	2	range-v3	fedora-clang-libcxx	3281396	2564472982	945551	1047944	76996694	276996012	NA	0
757	2	range-v3	fedora-clang-libcxx	3476112	2567949094	945603	1047944	77099664	277370654	NA	0
758	2	range-v3	fedora-clang-libcxx	3197752	2571146846	945655	1047944	77195559	277717891	NA	0
759	2	range-v3	fedora-clang-libcxx	3233778	2574380624	945707	1047944	77292326	278068775	NA	0
760	2	range-v3	fedora-clang-libcxx	3438190	2577818814	945759	1047944	77393582	278442087	NA	0
761	2	range-v3	fedora-clang-libcxx	3237524	2581056338	945811	1047944	77490374	278794148	NA	0
762	2	range-v3	fedora-clang-libcxx	3270241	2584326579	945863	1047944	77588210	279149338	NA	0
763	2	range-v3	fedora-clang-libcxx	3216386	2587542965	945915	1047944	77684671	279498973	NA	0
764	2	range-v3	fedora-clang-libcxx	3221650	2590764615	945967	1047944	77780578	279849932	NA	0
765	2	range-v3	fedora-clang-libcxx	3270617	2594035232	946019	1047944	77878814	280205087	NA	0
766	2	range-v3	fedora-clang-libcxx	3234072	2597269304	946071	1047944	77975574	280555944	NA	0
767	2	range-v3	fedora-clang-libcxx	3197853	2600467157	946123	1047944	78071387	280904246	NA	0
768	2	range-v3	fedora-clang-libcxx	800681	2601267838	946175	1047944	78095916	280990946	NA	0
769	2	range-v3	fedora-clang-libcxx	3220808	2604488646	946227	1047944	78192368	281341507	NA	0
770	2	range-v3	fedora-clang-libcxx	3216414	2607705060	946279	1047944	78289038	281691226	NA	0
771	2	range-v3	fedora-clang-libcxx	3501153	2611206213	946331	1047944	78392458	282068803	NA	0
772	2	range-v3	fedora-clang-libcxx	3437343	2614643556	946383	1047944	78494093	282441108	NA	0
773	2	range-v3	fedora-clang-libcxx	3848312	2618491868	946435	1047944	78606144	282851334	NA	0
774	2	range-v3	fedora-clang-libcxx	1545580	2620037448	946487	1047944	78653102	283018319	NA	0
775	2	range-v3	fedora-clang-libcxx	1551797	2621589245	946539	1047944	78700338	283186341	NA	0
776	2	range-v3	fedora-clang-libcxx	1176152	2622765397	946591	1047944	78736778	283313811	NA	0
777	2	range-v3	fedora-clang-libcxx	3160648	2625926045	946643	1047944	78832102	283658076	NA	0
778	2	range-v3	fedora-clang-libcxx	825789	2626751834	946695	1047944	78857485	283747234	NA	0
779	2	range-v3	fedora-clang-libcxx	3320242	2630072076	946747	1047944	78956315	284107303	NA	0
780	2	range-v3	fedora-clang-libcxx	3058260	2633130336	946799	1047944	79047903	284437995	NA	0
781	2	range-v3	fedora-clang-libcxx	804830	2633935166	946851	1047944	79072596	284524922	NA	0
782	2	range-v3	fedora-clang-libcxx	835825	2634770991	946903	1047944	79098278	284615427	NA	0
783	2	range-v3	fedora-clang-libcxx	806690	2635577681	946955	1070566	79122996	284702598	NA	1
784	2	range-v3	fedora-clang-libcxx	803378	2636381059	947007	1070566	79147615	284789718	NA	0
785	2	range-v3	fedora-clang-libcxx	3288247	2639669306	947059	1070566	79246377	285146450	NA	0
786	2	range-v3	fedora-clang-libcxx	3237474	2642906780	947111	1070566	79343481	285498581	NA	0
787	2	range-v3	fedora-clang-libcxx	3059133	2645965913	947163	1070566	79435864	285832413	NA	0
788	2	range-v3	fedora-clang-libcxx	810028	2646775941	947215	1070566	79460752	285920015	NA	0
789	2	range-v3	fedora-clang-libcxx	801905	2647577846	947267	1070566	79485336	286006871	NA	0
790	2	range-v3	fedora-clang-libcxx	803557	2648381403	947319	1070566	79509939	286093981	NA	0
791	2	range-v3	fedora-clang-libcxx	2943731	2651325134	947371	1070566	79599284	286414618	NA	0
792	2	range-v3	fedora-clang-libcxx	3304671	2654629805	947423	1070566	79698580	286773440	NA	0
793	2	range-v3	fedora-clang-libcxx	3031801	2657661606	947475	1070566	79790608	287104602	NA	0
794	2	range-v3	fedora-clang-libcxx	1176145	2658837751	947527	1070566	79827048	287232075	NA	0
795	2	range-v3	fedora-clang-libcxx	3042421	2661880172	947579	1070566	79918803	287565538	NA	0
796	2	range-v3	fedora-clang-libcxx	802562	2662682734	947631	1070566	79943407	287652518	NA	0
797	2	range-v3	fedora-clang-libcxx	571352	2663254086	947683	1070566	79959285	287706098	NA	0
798	2	range-v3	fedora-clang-libcxx	1598230	2664852316	947735	1070566	80007952	287878678	NA	0
799	2	range-v3	fedora-clang-libcxx	1490784	2666343100	947787	1070566	80052232	288037135	NA	0
800	2	range-v3	fedora-clang-libcxx	3563637	2669906737	947839	1070566	80156055	288418440	NA	0
801	2	range-v3	fedora-clang-libcxx	2883948	2672790685	947891	1070566	80244525	288730085	NA	0
802	2	range-v3	fedora-clang-libcxx	2983859	2675774544	947943	1070566	80335108	289055580	NA	0
803	2	range-v3	fedora-clang-libcxx	2983451	2678757995	947995	1070566	80425481	289381313	NA	0
804	2	range-v3	fedora-clang-libcxx	570426	2679328421	948047	1070566	80441320	289434737	NA	0
805	2	range-v3	fedora-clang-libcxx	802583	2680131004	948099	1070566	80465939	289521457	NA	0
806	2	range-v3	fedora-clang-libcxx	820455	2680951459	948151	1070566	80491019	289610713	NA	0
807	2	range-v3	fedora-clang-libcxx	822204	2681773663	948203	1070566	80516219	289699627	NA	0
808	2	range-v3	fedora-clang-libcxx	2960044	2684733707	948255	1070566	80608092	290022391	NA	0
809	2	range-v3	fedora-clang-libcxx	3034388	2687768095	948307	1070566	80700215	290353696	NA	0
810	2	range-v3	fedora-clang-libcxx	3378902	2691146997	948359	1070566	80800503	290719448	NA	0
811	2	range-v3	fedora-clang-libcxx	305	2691147302	948410	1070566	80800527	290719588	NA	0
812	2	range-v3	fedora-clang-libcxx	5365303	2696512605	948462	1070566	80964132	291292429	NA	0
813	2	range-v3	fedora-clang-libcxx	3573488	2700086093	948514	1070566	81069554	291678661	NA	0
814	2	range-v3	fedora-clang-libcxx	3632662	2703718755	948566	1070566	81176268	292070895	NA	0
815	2	range-v3	fedora-clang-libcxx	3593236	2707311991	948618	1070566	81281982	292460212	NA	0
816	2	range-v3	fedora-clang-libcxx	3638283	2710950274	948670	1070566	81388906	292854214	NA	0
817	2	range-v3	fedora-clang-libcxx	3527847	2714478121	948722	1070566	81492695	293234982	NA	0
818	2	range-v3	fedora-clang-libcxx	3573385	2718051506	948774	1070566	81597945	293622116	NA	0
819	2	range-v3	fedora-clang-libcxx	3542780	2721594286	948826	1070566	81702533	294004370	NA	0
820	2	range-v3	fedora-clang-libcxx	3589973	2725184259	948878	1070566	81808349	294392527	NA	0
821	2	range-v3	fedora-clang-libcxx	3632536	2728816795	948930	1070566	81915420	294785096	NA	0
822	2	range-v3	fedora-clang-libcxx	3566663	2732383458	948982	1070566	82020309	295170388	NA	0
823	2	range-v3	fedora-clang-libcxx	3694796	2736078254	949034	1070566	82128943	295569957	NA	0
824	2	range-v3	fedora-clang-libcxx	3608567	2739686821	949086	1070566	82235131	295959746	NA	0
825	2	range-v3	fedora-clang-libcxx	3542373	2743229194	949138	1070566	82339405	296342255	NA	0
826	2	range-v3	fedora-clang-libcxx	3629419	2746858613	949190	1070566	82445715	296732285	NA	0
827	2	range-v3	fedora-clang-libcxx	3580834	2750439447	949242	1070566	82551091	297119684	NA	0
828	2	range-v3	fedora-clang-libcxx	3531092	2753970539	949294	1070566	82654998	297499870	NA	0
829	2	range-v3	fedora-clang-libcxx	3597609	2757568148	949346	1070566	82761029	297888259	NA	0
830	2	range-v3	fedora-clang-libcxx	3585893	2761154041	949398	1070566	82866633	298276160	NA	0
831	2	range-v3	fedora-clang-libcxx	3602003	2764756044	949450	1070566	82972676	298665137	NA	0
832	2	range-v3	fedora-clang-libcxx	3596550	2768352594	949502	1070566	83078369	299053232	NA	0
833	2	range-v3	fedora-clang-libcxx	3671815	2772024409	949554	1070566	83186227	299449813	NA	0
834	2	range-v3	fedora-clang-libcxx	3597043	2775621452	949606	1070566	83291854	299838572	NA	0
835	2	range-v3	fedora-clang-libcxx	3469410	2779090862	949658	1070566	83394160	300212820	NA	0
836	2	range-v3	fedora-clang-libcxx	3920044	2783010906	949710	1070566	83508807	300636189	NA	0
837	2	range-v3	fedora-clang-libcxx	3593357	2786604263	949762	1070566	83614776	301024712	NA	0
838	2	range-v3	fedora-clang-libcxx	3472193	2790076456	949814	1070566	83717187	301398512	NA	0
839	2	range-v3	fedora-clang-libcxx	3653917	2793730373	949866	1070566	83824607	301793483	NA	0
840	2	range-v3	fedora-clang-libcxx	3808522	2797538895	949918	1070566	83935333	302204267	NA	0
841	2	range-v3	fedora-clang-libcxx	3529910	2801068805	949970	1070566	84039277	302584616	NA	0
842	2	range-v3	fedora-clang-libcxx	3535204	2804604009	950023	1070566	84143281	302965427	NA	0
843	2	range-v3	fedora-clang-libcxx	3717203	2808321212	950076	1070566	84252197	303364668	NA	0
844	2	range-v3	fedora-clang-libcxx	3657522	2811978734	950129	1070566	84359713	303760577	NA	0
845	2	range-v3	fedora-clang-libcxx	3638628	2815617362	950182	1070566	84466668	304154173	NA	0
846	2	range-v3	fedora-clang-libcxx	3582825	2819200187	950235	1070566	84571978	304541859	NA	0
847	2	range-v3	fedora-clang-libcxx	3464819	2822665006	950288	1070566	84674207	304915322	NA	0
848	2	range-v3	fedora-clang-libcxx	3595662	2826260668	950341	1070566	84779958	305304358	NA	0
849	2	range-v3	fedora-clang-libcxx	3634506	2829895174	950394	1070566	84886923	305697582	NA	0
850	2	range-v3	fedora-clang-libcxx	3717944	2833613118	950447	1070566	84995888	306096909	NA	0
851	2	range-v3	fedora-clang-libcxx	3698968	2837312086	950500	1070566	85103961	306495221	NA	0
852	2	range-v3	fedora-clang-libcxx	3477052	2840789138	950553	1070566	85206595	306869894	NA	0
853	2	range-v3	fedora-clang-libcxx	3636252	2844425390	950606	1070566	85313334	307263279	NA	0
854	2	range-v3	fedora-clang-libcxx	3580517	2848005907	950659	1070566	85418697	307650604	NA	0
855	2	range-v3	fedora-clang-libcxx	3560351	2851566258	950712	1070566	85523391	308035040	NA	0
856	2	range-v3	fedora-clang-libcxx	3472250	2855038508	950765	1070566	85625789	308408926	NA	0
857	2	range-v3	fedora-clang-libcxx	3645106	2858683614	950818	1070566	85733023	308803347	NA	0
858	2	range-v3	fedora-clang-libcxx	3639360	2862322974	950871	1070566	85840076	309197213	NA	0
859	2	range-v3	fedora-clang-libcxx	3480340	2865803314	950924	1070566	85942697	309572330	NA	0
860	2	range-v3	fedora-clang-libcxx	3477945	2869281259	950977	1070566	86045127	309947376	NA	0
861	2	range-v3	fedora-clang-libcxx	3635039	2872916298	951030	1070566	86151822	310340623	NA	0
862	2	range-v3	fedora-clang-libcxx	3637474	2876553772	951083	1070566	86258534	310733748	NA	0
863	2	range-v3	fedora-clang-libcxx	3634958	2880188730	951136	1070566	86365412	311126805	NA	0
864	2	range-v3	fedora-clang-libcxx	3882635	2884071365	951189	1070566	86477940	311540304	NA	0
865	2	range-v3	fedora-clang-libcxx	3578094	2887649459	951242	1070566	86582826	311925294	NA	0
866	2	range-v3	fedora-clang-libcxx	3529290	2891178749	951295	1070566	86686969	312305253	NA	0
867	2	range-v3	fedora-clang-libcxx	3646316	2894825065	951348	1070566	86793871	312697813	NA	0
868	2	range-v3	fedora-clang-libcxx	3674317	2898499382	951401	1070566	86901728	313095282	NA	0
869	2	range-v3	fedora-clang-libcxx	3500689	2902000071	951454	1070566	87004881	313472904	NA	0
870	2	range-v3	fedora-clang-libcxx	3657526	2905657597	951507	1070566	87112223	313867453	NA	0
871	2	range-v3	fedora-clang-libcxx	3674248	2909331845	951560	1070566	87219999	314265307	NA	0
872	2	range-v3	fedora-clang-libcxx	3595822	2912927667	951613	1070566	87325852	314654616	NA	0
873	2	range-v3	fedora-clang-libcxx	3500249	2916427916	951666	1070566	87429032	315031183	NA	0
874	2	range-v3	fedora-clang-libcxx	3536741	2919964657	951719	1070566	87533306	315412470	NA	0
875	2	range-v3	fedora-clang-libcxx	3577956	2923542613	951772	1070566	87638606	315798545	NA	0
876	2	range-v3	fedora-clang-libcxx	3575967	2927118580	951825	1070566	87743655	316184207	NA	0
877	2	range-v3	fedora-clang-libcxx	3605693	2930724273	951878	1070566	87849716	316572799	NA	0
878	2	range-v3	fedora-clang-libcxx	3596882	2934321155	951931	1070566	87955490	316961884	NA	0
879	2	range-v3	fedora-clang-libcxx	3833529	2938154684	951984	1070566	88068759	317377955	NA	0
880	2	range-v3	fedora-clang-libcxx	3630705	2941785389	952037	1070566	88175342	317770728	NA	0
881	2	range-v3	fedora-clang-libcxx	3596276	2945381665	952090	1070566	88280944	318159022	NA	0
882	2	range-v3	fedora-clang-libcxx	3471698	2948853363	952143	1070566	88383421	318532785	NA	0
883	2	range-v3	fedora-clang-libcxx	3603070	2952456433	952196	1070566	88489265	318922770	NA	0
884	2	range-v3	fedora-clang-libcxx	3253940	2955710373	952249	1070566	88586584	319277397	NA	0
885	2	range-v3	fedora-clang-libcxx	3585583	2959295956	952302	1070566	88692059	319664278	NA	0
886	2	range-v3	fedora-clang-libcxx	3574859	2962870815	952355	1070566	88797244	320050045	NA	0
887	2	range-v3	fedora-clang-libcxx	3574012	2966444827	952408	1070566	88902930	320436203	NA	0
888	2	range-v3	fedora-clang-libcxx	3472592	2969917419	952461	1070566	89005695	320809932	NA	0
889	2	range-v3	fedora-clang-libcxx	3465334	2973382753	952514	1070566	89108170	321183241	NA	0
890	2	range-v3	fedora-clang-libcxx	212	2973382965	952566	1070566	89108192	321183362	NA	0
891	2	range-v3	fedora-clang-libcxx	570105	2973953070	952619	1070566	89124000	321236781	NA	0
892	2	range-v3	fedora-clang-libcxx	3349173	2977302243	952672	1070566	89223876	321599580	NA	0
893	2	range-v3	fedora-clang-libcxx	6040668	2983342911	952726	1070566	89405176	322235460	NA	0
894	2	range-v3	fedora-clang-libcxx	6040712	2989383623	952780	1070566	89586485	322871358	NA	0
895	2	range-v3	fedora-clang-libcxx	3603615	2992987238	952833	1364965	89692003	323261726	NA	1
896	2	range-v3	fedora-clang-libcxx	4099322	2997086560	952886	1364965	89811906	323705846	NA	0
897	2	range-v3	fedora-clang-libcxx	759047	2997845607	952939	1364965	89834370	323785625	NA	0
898	2	range-v3	fedora-clang-libcxx	3381368	3001226975	952992	1364965	89934226	324153575	NA	0
899	2	range-v3	fedora-clang-libcxx	3511289	3004738264	953045	1364965	90038067	324532763	NA	0
900	2	range-v3	fedora-clang-libcxx	6078229	3010816493	953099	1364965	90213764	325168906	NA	0
901	2	range-v3	fedora-clang-libcxx	3932956	3014749449	953152	1364965	90328345	325587794	NA	0
902	2	range-v3	fedora-clang-libcxx	3909062	3018658511	953205	1364965	90443347	326011348	NA	0
903	2	range-v3	fedora-clang-libcxx	4051955	3022710466	953258	1364965	90561941	326449872	NA	0
904	2	range-v3	fedora-clang-libcxx	4017636	3026728102	953311	1364965	90679884	326886409	NA	0
905	2	range-v3	fedora-clang-libcxx	4049454	3030777556	953364	1364965	90798311	327325371	NA	0
906	2	range-v3	fedora-clang-libcxx	4403416	3035180972	953417	1364965	90925918	327798084	NA	0
907	2	range-v3	fedora-clang-libcxx	4050744	3039231716	953470	1364965	91044248	328236701	NA	0
908	2	range-v3	fedora-clang-libcxx	4348343	3043580059	953523	1364965	91170694	328704919	NA	0
909	2	range-v3	fedora-clang-libcxx	4348249	3047928308	953576	1364965	91297140	329173164	NA	0
910	2	range-v3	fedora-clang-libcxx	4095743	3052024051	953629	1364965	91416742	329616414	NA	0
911	2	range-v3	fedora-clang-libcxx	3860193	3055884244	953682	1364965	91530032	330034921	NA	0
912	2	range-v3	fedora-clang-libcxx	4247291	3060131535	953735	1364965	91652560	330486718	NA	0
913	2	range-v3	fedora-clang-libcxx	4253690	3064385225	953788	1364965	91776508	330946857	NA	0
914	2	range-v3	fedora-clang-libcxx	4390207	3068775432	953841	1364965	91903563	331416680	NA	0
915	2	range-v3	fedora-clang-libcxx	4085946	3072861378	953894	1364965	92022935	331858629	NA	0
916	2	range-v3	fedora-clang-libcxx	4434456	3077295834	953947	1364965	92151169	332332298	NA	0
917	2	range-v3	fedora-clang-libcxx	4156475	3081452309	954000	1364965	92273441	332782561	NA	0
918	2	range-v3	fedora-clang-libcxx	4537607	3085989916	954053	1364965	92404746	333266894	NA	0
919	2	range-v3	fedora-clang-libcxx	4060170	3090050086	954106	1364965	92523423	333705995	NA	0
920	2	range-v3	fedora-clang-libcxx	4045733	3094095819	954159	1364965	92641782	334144565	NA	0
921	2	range-v3	fedora-clang-libcxx	4049659	3098145478	954212	1364965	92760215	334583528	NA	0
922	2	range-v3	fedora-clang-libcxx	4035972	3102181450	954265	1364965	92878276	335020043	NA	0
923	2	range-v3	fedora-clang-libcxx	4646593	3106828043	954318	1364965	93012317	335515387	NA	0
924	2	range-v3	fedora-clang-libcxx	3930962	3110759005	954371	1364965	93127127	335939234	NA	0
925	2	range-v3	fedora-clang-libcxx	3955725	3114714730	954424	1364965	93243095	336365686	NA	0
926	2	range-v3	fedora-clang-libcxx	3881146	3118595876	954477	1364965	93356920	336786012	NA	0
927	2	range-v3	fedora-clang-libcxx	3880895	3122476771	954530	1364965	93470739	337206332	NA	0
928	2	range-v3	fedora-clang-libcxx	3880988	3126357759	954583	1364965	93584557	337626641	NA	0
929	2	range-v3	fedora-clang-libcxx	3895042	3130252801	954636	1364965	93698717	338047056	NA	0
930	2	range-v3	fedora-clang-libcxx	3492352	3133745153	954689	1364965	93802633	338426086	NA	0
931	2	range-v3	fedora-clang-libcxx	3783624	3137528777	954742	1364965	93913322	338833778	NA	0
932	2	range-v3	fedora-clang-libcxx	3999732	3141528509	954795	1364965	94030241	339266037	NA	0
933	2	range-v3	fedora-clang-libcxx	3968802	3145497311	954848	1364965	94146989	339694936	NA	0
934	2	range-v3	fedora-clang-libcxx	3573901	3149071212	954901	1364965	94252607	340081089	NA	0
935	2	range-v3	fedora-clang-libcxx	3895654	3152966866	954954	1364965	94366893	340502003	NA	0
936	2	range-v3	fedora-clang-libcxx	3897327	3156864193	955007	1364965	94481211	340923112	NA	0
937	2	range-v3	fedora-clang-libcxx	3783232	3160647425	955060	1364965	94592161	341330154	NA	0
938	2	range-v3	fedora-clang-libcxx	3921571	3164568996	955113	1364965	94706814	341753203	NA	0
939	2	range-v3	fedora-clang-libcxx	4270271	3168839267	955166	1364965	94831152	342214176	NA	0
940	2	range-v3	fedora-clang-libcxx	3967722	3172806989	955219	1364965	94947969	342643574	NA	0
941	2	range-v3	fedora-clang-libcxx	3895380	3176702369	955272	1364965	95062524	343065189	NA	0
942	2	range-v3	fedora-clang-libcxx	3936250	3180638619	955325	1364965	95177512	343489690	NA	0
943	2	range-v3	fedora-clang-libcxx	3895687	3184534306	955378	1364965	95292069	343911207	NA	0
944	2	range-v3	fedora-clang-libcxx	3891786	3188426092	955431	1364965	95406425	344332141	NA	0
945	2	range-v3	fedora-clang-libcxx	3928896	3192354988	955484	1364965	95521567	344757164	NA	0
946	2	range-v3	fedora-clang-libcxx	3960448	3196315436	955537	1364965	95638058	345183918	NA	0
947	2	range-v3	fedora-clang-libcxx	3947860	3200263296	955590	1364965	95753534	345610866	NA	0
948	2	range-v3	fedora-clang-libcxx	3932941	3204196237	955643	1364965	95868502	346035997	NA	0
949	2	range-v3	fedora-clang-libcxx	3980878	3208177115	955696	1364965	95985092	346466909	NA	0
950	2	range-v3	fedora-clang-libcxx	3946623	3212123738	955749	1364965	96100822	346894709	NA	0
951	2	range-v3	fedora-clang-libcxx	3962606	3216086344	955802	1364965	96216899	347321453	NA	0
952	2	range-v3	fedora-clang-libcxx	4322791	3220409135	955855	1364965	96342130	347781601	NA	0
953	2	range-v3	fedora-clang-libcxx	3965517	3224374652	955908	1364965	96458260	348209160	NA	0
954	2	range-v3	fedora-clang-libcxx	3969019	3228343671	955961	1364965	96574425	348636578	NA	0
955	2	range-v3	fedora-clang-libcxx	3973124	3232316795	956014	1364965	96690556	349064154	NA	0
956	2	range-v3	fedora-clang-libcxx	3977063	3236293858	956067	1364965	96806719	349491526	NA	0
957	2	range-v3	fedora-clang-libcxx	4011498	3240305356	956120	1364965	96924087	349925464	NA	0
958	2	range-v3	fedora-clang-libcxx	4013933	3244319289	956173	1364965	97041485	350359210	NA	0
959	2	range-v3	fedora-clang-libcxx	4014253	3248333542	956226	1364965	97158859	350793244	NA	0
960	2	range-v3	fedora-clang-libcxx	4016645	3252350187	956279	1364965	97276257	351227073	NA	0
961	2	range-v3	fedora-clang-libcxx	3916067	3256266254	956332	1364965	97391662	351651493	NA	0
962	2	range-v3	fedora-clang-libcxx	4025339	3260291593	956385	1364965	97508190	352081247	NA	0
963	2	range-v3	fedora-clang-libcxx	3986979	3264278572	956438	1364965	97624727	352512967	NA	0
964	2	range-v3	fedora-clang-libcxx	3933013	3268211585	956491	1364965	97740125	352938204	NA	0
965	2	range-v3	fedora-clang-libcxx	3975629	3272187214	956544	1364965	97856490	353367777	NA	0
966	2	range-v3	fedora-clang-libcxx	3929146	3276116360	956597	1364965	97972127	353793912	NA	0
967	2	range-v3	fedora-clang-libcxx	4267935	3280384295	956650	1364965	98095825	354248767	NA	0
968	2	range-v3	fedora-clang-libcxx	4064427	3284448722	956703	1364965	98214367	354681777	NA	0
969	2	range-v3	fedora-clang-libcxx	4242639	3288691361	956756	1364965	98337300	355133526	NA	0
970	2	range-v3	fedora-clang-libcxx	3964926	3292656287	956809	1364965	98453196	355561168	NA	0
971	2	range-v3	fedora-clang-libcxx	4064522	3296720809	956862	1364965	98571767	355994272	NA	0
972	2	range-v3	fedora-clang-libcxx	4242837	3300963646	956915	1364965	98694893	356447179	NA	0
973	2	range-v3	fedora-clang-libcxx	4092623	3305056269	956968	1364965	98813905	356882230	NA	0
974	2	range-v3	fedora-clang-libcxx	4249164	3309305433	957021	1364965	98936995	357334519	NA	0
975	2	range-v3	fedora-clang-libcxx	3977474	3313282907	957074	1364965	99053407	357764807	NA	0
976	2	range-v3	fedora-clang-libcxx	3967102	3317250009	957127	1364965	99169296	358192456	NA	0
977	2	range-v3	fedora-clang-libcxx	3945378	3321195387	957180	1364965	99284894	358619077	NA	0
978	2	range-v3	fedora-clang-libcxx	3979368	3325174755	957233	1364965	99401682	359049076	NA	0
979	2	range-v3	fedora-clang-libcxx	4251253	3329426008	957286	1364965	99525675	359503931	NA	0
980	2	range-v3	fedora-clang-libcxx	4270819	3333696827	957339	1364965	99649497	359959378	NA	0
981	2	range-v3	fedora-clang-libcxx	4218514	3337915341	957392	1364965	99772138	360409885	NA	0
982	2	range-v3	fedora-clang-libcxx	3978034	3341893375	957445	1364965	99888822	360840037	NA	0
983	2	range-v3	fedora-clang-libcxx	3976565	3345869940	957498	1364965	100005472	361269330	NA	0
984	2	range-v3	fedora-clang-libcxx	4008456	3349878396	957551	1364965	100122965	361702238	NA	0
985	2	range-v3	fedora-clang-libcxx	4271654	3354150050	957604	1364965	100246711	362157373	NA	0
986	2	range-v3	fedora-clang-libcxx	3979334	3358129384	957657	1364965	100363498	362587374	NA	0
987	2	range-v3	fedora-clang-libcxx	4263742	3362393126	957710	1364965	100487131	363042036	NA	0
988	2	range-v3	fedora-clang-libcxx	3925636	3366318762	957763	1364965	100602809	363467414	NA	0
989	2	range-v3	fedora-clang-libcxx	3947841	3370266603	957816	1364965	100718720	363894250	NA	0
990	2	range-v3	fedora-clang-libcxx	3947191	3374213794	957869	1364965	100834389	364319699	NA	0
991	2	range-v3	fedora-clang-libcxx	3925494	3378139288	957922	1364965	100949534	364743031	NA	0
992	2	range-v3	fedora-clang-libcxx	3918418	3382057706	957975	1364965	101064924	365168039	NA	0
993	2	range-v3	fedora-clang-libcxx	3943283	3386000989	958028	1364965	101180517	365594557	NA	0
994	2	range-v3	fedora-clang-libcxx	3943652	3389944641	958081	1364965	101296119	366021075	NA	0
995	2	range-v3	fedora-clang-libcxx	3918806	3393863447	958134	1364965	101411521	366446226	NA	0
996	2	range-v3	fedora-clang-libcxx	3916142	3397779589	958187	1364965	101526729	366870554	NA	0
997	2	range-v3	fedora-clang-libcxx	3945578	3401725167	958240	1364965	101642649	367297308	NA	0
998	2	range-v3	fedora-clang-libcxx	3961486	3405686653	958293	1364965	101758573	367724032	NA	0
999	2	range-v3	fedora-clang-libcxx	3969621	3409656274	958346	1364965	101874919	368152545	NA	0
1000	2	range-v3	fedora-clang-libcxx	4298095	3413954369	958399	1364965	101999260	368611303	NA	0
1001	2	range-v3	fedora-clang-libcxx	3969142	3417923511	958452	1364965	102115750	369041850	NA	0
1002	2	range-v3	fedora-clang-libcxx	3972875	3421896386	958505	1364965	102232205	369472192	NA	0
1003	2	range-v3	fedora-clang-libcxx	3974825	3425871211	958558	1364965	102348468	369900108	NA	0
1004	2	range-v3	fedora-clang-libcxx	3974939	3429846150	958611	1364965	102464732	370328024	NA	0
1005	2	range-v3	fedora-clang-libcxx	3975089	3433821239	958664	1364965	102580996	370755951	NA	0
1006	2	range-v3	fedora-clang-libcxx	3975064	3437796303	958717	1364965	102697260	371183875	NA	0
1007	2	range-v3	fedora-clang-libcxx	3974516	3441770819	958770	1490742	102813523	371611797	NA	1
1008	2	range-v3	fedora-clang-libcxx	3977398	3445748217	958823	1490742	102929822	372040045	NA	0
1009	2	range-v3	fedora-clang-libcxx	3971982	3449720199	958876	1490742	103046032	372467694	NA	0
1010	2	range-v3	fedora-clang-libcxx	3972098	3453692297	958929	1490742	103162244	372895347	NA	0
1011	2	range-v3	fedora-clang-libcxx	3972248	3457664545	958982	1490742	103278456	373323010	NA	0
1012	2	range-v3	fedora-clang-libcxx	3972223	3461636768	959035	1490742	103394668	373750672	NA	0
1013	2	range-v3	fedora-clang-libcxx	3971679	3465608447	959088	1490742	103510877	374178322	NA	0
1014	2	range-v3	fedora-clang-libcxx	3970784	3469579231	959141	1490742	103627052	374605993	NA	0
1015	2	range-v3	fedora-clang-libcxx	3974643	3473553874	959194	1490742	103743294	375033751	NA	0
1016	2	range-v3	fedora-clang-libcxx	3974767	3477528641	959247	1490742	103859538	375461508	NA	0
1017	2	range-v3	fedora-clang-libcxx	3974917	3481503558	959300	1490742	103975782	375889277	NA	0
1018	2	range-v3	fedora-clang-libcxx	3974892	3485478450	959353	1490742	104092026	376317045	NA	0
1019	2	range-v3	fedora-clang-libcxx	3974348	3489452798	959406	1490742	104208269	376744802	NA	0
1020	2	range-v3	fedora-clang-libcxx	3978485	3493431283	959459	1490742	104324561	377172884	NA	0
1021	2	range-v3	fedora-clang-libcxx	3971918	3497403201	959512	1490742	104440772	377600590	NA	0
1022	2	range-v3	fedora-clang-libcxx	3972027	3501375228	959565	1490742	104556985	378028296	NA	0
1023	2	range-v3	fedora-clang-libcxx	3972177	3505347405	959618	1490742	104673198	378456009	NA	0
1024	2	range-v3	fedora-clang-libcxx	3972152	3509319557	959671	1490742	104789411	378883729	NA	0
1025	2	range-v3	fedora-clang-libcxx	3971608	3513291165	959724	1490742	104905622	379311436	NA	0
1026	2	range-v3	fedora-clang-libcxx	3975297	3517266462	959777	1490742	105021881	379739455	NA	0
1027	2	range-v3	fedora-clang-libcxx	4252313	3521518775	959830	1490742	105145075	380194226	NA	0
1028	2	range-v3	fedora-clang-libcxx	4572230	3526091005	959883	1490742	105277244	380682243	NA	0
1029	2	range-v3	fedora-clang-libcxx	4273932	3530364937	959936	1490742	105401064	381137539	NA	0
1030	2	range-v3	fedora-clang-libcxx	4043216	3534408153	959989	1490742	105519447	381573251	NA	0
1031	2	range-v3	fedora-clang-libcxx	4372253	3538780406	960042	1490742	105646279	382039006	NA	0
1032	2	range-v3	fedora-clang-libcxx	4200794	3542981200	960095	1490742	105769074	382491722	NA	0
1033	2	range-v3	fedora-clang-libcxx	3955362	3546936562	960148	1490742	105884734	382919214	NA	0
1034	2	range-v3	fedora-clang-libcxx	3957359	3550893921	960201	1490742	106000353	383343652	NA	0
1035	2	range-v3	fedora-clang-libcxx	3923562	3554817483	960254	1490742	106115742	383769801	NA	0
1036	2	range-v3	fedora-clang-libcxx	3962709	3558780192	960307	1490742	106232283	384198893	NA	0
1037	2	range-v3	fedora-clang-libcxx	3812050	3562592242	960360	1490742	106343604	384608621	NA	0
1038	2	range-v3	fedora-clang-libcxx	3912393	3566504635	960413	1490742	106458498	385031731	NA	0
1039	2	range-v3	fedora-clang-libcxx	3549949	3570054584	960466	1490742	106563704	385415667	NA	0
1040	2	range-v3	fedora-clang-libcxx	3806592	3573861176	960519	1490742	106676155	385826532	NA	0
1041	2	range-v3	fedora-clang-libcxx	3826372	3577687548	960572	1490742	106788645	386239104	NA	0
1042	2	range-v3	fedora-clang-libcxx	3956473	3581644021	960625	1490742	106904097	386664187	NA	0
1043	2	range-v3	fedora-clang-libcxx	3679682	3585323703	960678	1490742	107012262	387061121	NA	0
1044	2	range-v3	fedora-clang-libcxx	3906558	3589230261	960731	1490742	107127682	387483027	NA	0
1045	2	range-v3	fedora-clang-libcxx	4236157	3593466418	960784	1490742	107251368	387940257	NA	0
1046	2	range-v3	fedora-clang-libcxx	3536266	3597002684	960837	1490742	107356801	388323733	NA	0
1047	2	range-v3	fedora-clang-libcxx	3217670	3600220354	960890	1490742	107453331	388673696	NA	0
1048	2	range-v3	fedora-clang-libcxx	3196703	3603417057	960943	1490742	107549513	389021073	NA	0
1049	2	range-v3	fedora-clang-libcxx	3899038	3607316095	960996	1490742	107663930	389442317	NA	0
1050	2	range-v3	fedora-clang-libcxx	3932213	3611248308	961049	1490742	107778872	389866110	NA	0
1051	2	range-v3	fedora-clang-libcxx	3920532	3615168840	961102	1490742	107893858	390289599	NA	0
1052	2	range-v3	fedora-clang-libcxx	3900789	3619069629	961155	1490742	108008359	390711187	NA	0
1053	2	range-v3	fedora-clang-libcxx	3983334	3623052963	961208	1490742	108124744	391140961	NA	0
1054	2	range-v3	fedora-clang-libcxx	3901001	3626953964	961261	1490742	108239867	391562158	NA	0
1055	2	range-v3	fedora-clang-libcxx	4472419	3631426383	961314	1490742	108369074	392041240	NA	0
1056	2	range-v3	fedora-clang-libcxx	3952006	3635378389	961367	1490742	108484939	392469536	NA	0
1057	2	range-v3	fedora-clang-libcxx	4173456	3639551845	961420	1490742	108606608	392920292	NA	0
1058	2	range-v3	fedora-clang-libcxx	3216540	3642768385	961473	1490742	108703376	393270258	NA	0
1059	2	range-v3	fedora-clang-libcxx	3761526	3646529911	961526	1490742	108813738	393675100	NA	0
1060	2	range-v3	fedora-clang-libcxx	3062565	3649592476	961579	1490742	108905402	394006046	NA	0
1061	2	range-v3	fedora-clang-libcxx	274	3649592750	961631	1490742	108905425	394006178	NA	0
1062	2	range-v3	fedora-clang-libcxx	3947615	3653540365	961684	1490742	109021784	394433295	NA	0
1063	2	range-v3	fedora-clang-libcxx	3985570	3657525935	961737	1490742	109138491	394862519	NA	0
1064	2	range-v3	fedora-clang-libcxx	4067286	3661593221	961790	1490742	109257248	395302132	NA	0
1065	2	range-v3	fedora-clang-libcxx	3143238	3664736459	961843	1490742	109351095	395642595	NA	0
1066	2	range-v3	fedora-clang-libcxx	3787434	3668523893	961896	1490742	109462331	396050707	NA	0
1067	2	range-v3	fedora-clang-libcxx	3230739	3671754632	961949	1490742	109559377	396402355	NA	0
1068	2	range-v3	fedora-clang-libcxx	4018841	3675773473	962002	1490742	109677232	396836940	NA	0
1069	2	range-v3	fedora-clang-libcxx	4084552	3679858025	962055	1490742	109796869	397278769	NA	0
1070	2	range-v3	fedora-clang-libcxx	4099176	3683957201	962108	1490742	109916835	397722799	NA	0
1071	2	range-v3	fedora-clang-libcxx	3974068	3687931269	962161	1490742	110033459	398152770	NA	0
1072	2	range-v3	fedora-clang-libcxx	4364034	3692295303	962214	1490742	110160399	398623203	NA	0
1073	2	range-v3	fedora-clang-libcxx	4068038	3696363341	962267	1490742	110279473	399062359	NA	0
1074	2	range-v3	fedora-clang-libcxx	4000682	3700364023	962320	1490742	110396882	399496653	NA	0
1075	2	range-v3	fedora-clang-libcxx	4312664	3704676687	962373	1490742	110522532	399962943	NA	0
1076	2	range-v3	fedora-clang-libcxx	4372735	3709049422	962426	1490742	110650087	400433230	NA	0
1077	2	range-v3	fedora-clang-libcxx	4122413	3713171835	962479	1490742	110770988	400879335	NA	0
1078	2	range-v3	fedora-clang-libcxx	4114031	3717285866	962532	1490742	110891342	401324248	NA	0
1079	2	range-v3	fedora-clang-libcxx	4008452	3721294318	962585	1490742	111008996	401757718	NA	0
1080	2	range-v3	fedora-clang-libcxx	4667422	3725961740	962638	1490742	111143483	402256285	NA	0
1081	2	range-v3	fedora-clang-libcxx	4002435	3729964175	962691	1490742	111260907	402688980	NA	0
1082	2	range-v3	fedora-clang-libcxx	4234232	3734198407	962744	1490742	111384851	403146308	NA	0
1083	2	range-v3	fedora-clang-libcxx	4000696	3738199103	962797	1490742	111502069	403580463	NA	0
1084	2	range-v3	fedora-clang-libcxx	4330483	3742529586	962850	1490742	111628164	404047794	NA	0
1085	2	range-v3	fedora-clang-libcxx	4327002	3746856588	962903	1490742	111754141	404514470	NA	0
1086	2	range-v3	fedora-clang-libcxx	4144503	3751001091	962956	1490742	111875557	404962826	NA	0
1087	2	range-v3	fedora-clang-libcxx	4163682	3755164773	963009	1490742	111998208	405412245	NA	0
1088	2	range-v3	fedora-clang-libcxx	4132922	3759297695	963062	1490742	112119142	405860559	NA	0
1089	2	range-v3	fedora-clang-libcxx	3881728	3763179423	963115	1490742	112233500	406283031	NA	0
1090	2	range-v3	fedora-clang-libcxx	3913941	3767093364	963168	1490742	112348727	406708233	NA	0
1091	2	range-v3	fedora-clang-libcxx	4024312	3771117676	963221	1490742	112466959	407143846	NA	0
1092	2	range-v3	fedora-clang-libcxx	3990017	3775107693	963274	1490742	112584289	407576304	NA	0
1093	2	range-v3	fedora-clang-libcxx	3932532	3779040225	963327	1490742	112699870	408001973	NA	0
1094	2	range-v3	fedora-clang-libcxx	4133284	3783173509	963380	1490742	112821065	408449254	NA	0
1095	2	range-v3	fedora-clang-libcxx	3973900	3787147409	963433	1490742	112937724	408881006	NA	0
1096	2	range-v3	fedora-clang-libcxx	4031365	3791178774	963486	1490742	113056032	409317216	NA	0
1097	2	range-v3	fedora-clang-libcxx	4106565	3795285339	963539	1490742	113176421	409762042	NA	0
1098	2	range-v3	fedora-clang-libcxx	3819643	3799104982	963592	1490742	113288811	410174513	NA	0
1099	2	range-v3	fedora-clang-libcxx	3991951	3803096933	963645	1490742	113405945	410605695	NA	0
1100	2	range-v3	fedora-clang-libcxx	4412222	3807509155	963698	1490742	113534686	411082823	NA	0
1101	2	range-v3	fedora-clang-libcxx	3986572	3811495727	963751	1490742	113652050	411515784	NA	0
1102	2	range-v3	fedora-clang-libcxx	4237178	3815732905	963804	1490742	113775077	411972133	NA	0
1103	2	range-v3	fedora-clang-libcxx	3946806	3819679711	963857	1490742	113891250	412399043	NA	0
1104	2	range-v3	fedora-clang-libcxx	4023590	3823703301	963910	1490742	114009574	412833771	NA	0
1105	2	range-v3	fedora-clang-libcxx	3963895	3827667196	963963	1490742	114126135	413264086	NA	0
1106	2	range-v3	fedora-clang-libcxx	3929618	3831596814	964016	1490742	114242005	413691399	NA	0
1107	2	range-v3	fedora-clang-libcxx	4127378	3835724192	964069	1490742	114362703	414136579	NA	0
1108	2	range-v3	fedora-clang-libcxx	4107813	3839832005	964122	1490742	114482862	414580799	NA	0
1109	2	range-v3	fedora-clang-libcxx	4110570	3843942575	964175	1490742	114603085	415025254	NA	0
1110	2	range-v3	fedora-clang-libcxx	4189929	3848132504	964228	1490742	114725567	415477770	NA	0
1111	2	range-v3	fedora-clang-libcxx	4174652	3852307156	964281	1490742	114847205	415923826	NA	0
1112	2	range-v3	fedora-clang-libcxx	4321768	3856628924	964334	1490742	114972707	416388121	NA	0
1113	2	range-v3	fedora-clang-libcxx	4289242	3860918166	964387	1490742	115097419	416849664	NA	0
1114	2	range-v3	fedora-clang-libcxx	4357974	3865276140	964440	1490742	115223897	417318306	NA	0
1115	2	range-v3	fedora-clang-libcxx	4300704	3869576844	964493	1490742	115348865	417781009	NA	0
1116	2	range-v3	fedora-clang-libcxx	4183049	3873759893	964546	1490742	115471237	418232154	NA	0
1117	2	range-v3	fedora-clang-libcxx	4285693	3878045586	964599	1490742	115596728	418696534	NA	0
1118	2	range-v3	fedora-clang-libcxx	4229703	3882275289	964652	1490742	115721043	419150063	NA	0
1119	2	range-v3	fedora-clang-libcxx	4212520	3886487809	964705	1633314	115844094	419605171	NA	1
1120	2	range-v3	fedora-clang-libcxx	4249761	3890737570	964758	1633314	115967935	420063886	NA	0
1121	2	range-v3	fedora-clang-libcxx	3984446	3894722016	964811	1633314	116084737	420494910	NA	0
1122	2	range-v3	fedora-clang-libcxx	4068015	3898790031	964864	1633314	116203975	420934209	NA	0
1123	2	range-v3	fedora-clang-libcxx	4149032	3902939063	964917	1633314	116325506	421382728	NA	0
1124	2	range-v3	fedora-clang-libcxx	4140392	3907079455	964970	1633314	116446784	421830146	NA	0
1125	2	range-v3	fedora-clang-libcxx	3890996	3910970451	965023	1633314	116561507	422250751	NA	0
1126	2	range-v3	fedora-clang-libcxx	4045850	3915016301	965076	1633314	116680395	422690623	NA	0
1127	2	range-v3	fedora-clang-libcxx	4122319	3919138620	965129	1633314	116802570	423139199	NA	0
1128	2	range-v3	fedora-clang-libcxx	4184652	3923323272	965182	1633314	116924580	423591461	NA	0
1129	2	range-v3	fedora-clang-libcxx	4028712	3927351984	965235	1633314	117043037	424026865	NA	0
1130	2	range-v3	fedora-clang-libcxx	4096988	3931448972	965288	1633314	117163358	424469831	NA	0
1131	2	range-v3	fedora-clang-libcxx	3886652	3935335624	965341	1633314	117277758	424891839	NA	0
1132	2	range-v3	fedora-clang-libcxx	4405304	3939740928	965394	1633314	117405733	425366106	NA	0
1133	2	range-v3	fedora-clang-libcxx	4351197	3944092125	965447	1633314	117532278	425835337	NA	0
1134	2	range-v3	fedora-clang-libcxx	6069577	3950161702	965501	1633314	117707163	426471424	NA	0
1135	2	range-v3	fedora-clang-libcxx	6001244	3956162946	965555	1633314	117879712	427099705	NA	0
1136	2	range-v3	fedora-clang-libcxx	3479223	3959642169	965608	1633314	117982645	427475995	NA	0
1137	2	range-v3	fedora-clang-libcxx	3481419	3963123588	965661	1633314	118085670	427853056	NA	0
1138	2	range-v3	fedora-clang-libcxx	3809393	3966932981	965714	1633314	118196709	428262242	NA	0
1139	2	range-v3	fedora-clang-libcxx	3636258	3970569239	965767	1633314	118303662	428654729	NA	0
1140	2	range-v3	fedora-clang-libcxx	3768056	3974337295	965820	1633314	118412025	429052740	NA	0
1141	2	range-v3	fedora-clang-libcxx	3488775	3977826070	965873	1633314	118515218	429430340	NA	0
1142	2	range-v3	fedora-clang-libcxx	6131291	3983957361	965927	1633314	118691443	430073077	NA	0
1143	2	range-v3	fedora-clang-libcxx	3945789	3987903150	965980	1633314	118806780	430497412	NA	0
1144	2	range-v3	fedora-clang-libcxx	3970163	3991873313	966033	1633314	118922689	430924118	NA	0
1145	2	range-v3	fedora-clang-libcxx	4142845	3996016158	966086	1633314	119043014	431368463	NA	0
1146	2	range-v3	fedora-clang-libcxx	3908292	3999924450	966139	1633314	119156552	431786086	NA	0
1147	2	range-v3	fedora-clang-libcxx	3871491	4003795941	966192	1633314	119269646	432202338	NA	0
1148	2	range-v3	fedora-clang-libcxx	3876251	4007672192	966245	1633314	119383082	432619461	NA	0
1149	2	range-v3	fedora-clang-libcxx	3896102	4011568294	966298	1633314	119497236	433038522	NA	0
1150	3	range-v3	fedora-clang-libcxx	305	4011568599	966313	1633314	119497260	433038662	NA	0
1151	3	range-v3	fedora-clang-libcxx	758940	4012327539	966328	1633314	119519700	433118356	NA	0
1152	3	range-v3	fedora-clang-libcxx	730630	4013058169	966343	1633314	119541117	433193886	NA	0
1153	3	range-v3	fedora-clang-libcxx	732176	4013790345	966358	1633314	119562615	433269564	NA	0
1154	3	range-v3	fedora-clang-libcxx	610923	4014401268	966373	1633314	119580433	433330114	NA	0
1155	3	range-v3	fedora-clang-libcxx	546127	4014947395	966388	1633314	119595172	433379723	NA	0
1156	3	range-v3	fedora-clang-libcxx	4465739	4019413134	966403	1633314	119723059	433851114	NA	0
1157	3	range-v3	fedora-clang-libcxx	3261862	4022674996	966418	1633314	119820563	434206438	NA	0
1158	3	range-v3	fedora-clang-libcxx	3501651	4026176647	966433	1633314	119923300	434584578	NA	0
1159	3	range-v3	fedora-clang-libcxx	3243025	4029419672	966448	1633314	120020305	434937476	NA	0
1160	3	range-v3	fedora-clang-libcxx	3491766	4032911438	966463	1633314	120123380	435314959	NA	0
1161	3	range-v3	fedora-clang-libcxx	3468469	4036379907	966478	1633314	120225754	435690351	NA	0
1162	3	range-v3	fedora-clang-libcxx	3437164	4039817071	966493	1633314	120327111	436062064	NA	0
1163	3	range-v3	fedora-clang-libcxx	3433110	4043250181	966508	1633314	120428419	436433138	NA	0
1164	3	range-v3	fedora-clang-libcxx	3469635	4046719816	966523	1633314	120530525	436810077	NA	0
1165	3	range-v3	fedora-clang-libcxx	3465746	4050185562	966538	1633314	120632728	437185519	NA	0
1166	3	range-v3	fedora-clang-libcxx	3465815	4053651377	966553	1633314	120734930	437560963	NA	0
1167	3	range-v3	fedora-clang-libcxx	3502742	4057154119	966568	1633314	120838276	437939621	NA	0
1168	3	range-v3	fedora-clang-libcxx	3503260	4060657379	966583	1633314	120941460	438318515	NA	0
1169	3	range-v3	fedora-clang-libcxx	3301834	4063959213	966598	1633314	121040128	438677828	NA	0
1170	3	range-v3	fedora-clang-libcxx	3619558	4067578771	966613	1633314	121145973	439065486	NA	0
1171	3	range-v3	fedora-clang-libcxx	3541520	4071120291	966628	1633314	121250020	439446881	NA	0
1172	3	range-v3	fedora-clang-libcxx	3379431	4074499722	966643	1633314	121350247	439813185	NA	0
1173	3	range-v3	fedora-clang-libcxx	3712281	4078212003	966658	1633314	121458595	440214425	NA	0
1174	3	range-v3	fedora-clang-libcxx	3728053	4081940056	966673	1633314	121567547	440618656	NA	0
1175	3	range-v3	fedora-clang-libcxx	3714604	4085654660	966688	1633314	121676014	441017184	NA	0
1176	3	range-v3	fedora-clang-libcxx	3492380	4089147040	966703	1633314	121779119	441394871	NA	0
1177	3	range-v3	fedora-clang-libcxx	3491678	4092638718	966718	1633314	121882192	441772352	NA	0
1178	3	range-v3	fedora-clang-libcxx	3468467	4096107185	966733	1633314	121984566	442147736	NA	0
1179	3	range-v3	fedora-clang-libcxx	3322775	4099429960	966748	1633314	122083236	442508594	NA	0
1180	3	range-v3	fedora-clang-libcxx	3502634	4102932594	966763	1633314	122186563	442887208	NA	0
1181	3	range-v3	fedora-clang-libcxx	3507670	4106440264	966778	1633314	122289801	443266075	NA	0
1182	3	range-v3	fedora-clang-libcxx	4388944	4110829208	966793	1633314	122415044	443723209	NA	0
1183	3	range-v3	fedora-clang-libcxx	3240856	4114070064	966808	1633314	122512124	444075856	NA	0
1184	3	range-v3	fedora-clang-libcxx	3273323	4117343387	966823	1633314	122609224	444429939	NA	0
1185	3	range-v3	fedora-clang-libcxx	3237382	4120580769	966838	1633314	122706022	444782460	NA	0
1186	3	range-v3	fedora-clang-libcxx	3237379	4123818148	966853	1633314	122802821	445134976	NA	0
1187	3	range-v3	fedora-clang-libcxx	3513973	4127332121	966868	1633314	122905972	445512255	NA	0
1188	3	range-v3	fedora-clang-libcxx	3270551	4130602672	966883	1633314	123003779	445867868	NA	0
1189	3	range-v3	fedora-clang-libcxx	3295233	4133897905	966898	1633314	123101836	446224896	NA	0
1190	3	range-v3	fedora-clang-libcxx	3298073	4137195978	966913	1633314	123199939	446582179	NA	0
1191	3	range-v3	fedora-clang-libcxx	3267189	4140463167	966928	1633314	123297702	446937388	NA	0
1192	3	range-v3	fedora-clang-libcxx	3300843	4143764010	966943	1633314	123395894	447294877	NA	0
1193	3	range-v3	fedora-clang-libcxx	3270557	4147034567	966958	1633314	123493705	447650505	NA	0
1194	3	range-v3	fedora-clang-libcxx	3286320	4150320887	966973	1633314	123591615	448006537	NA	0
1195	3	range-v3	fedora-clang-libcxx	3244260	4153565147	966988	1633314	123688523	448359187	NA	0
1196	3	range-v3	fedora-clang-libcxx	3513576	4157078723	967003	1633314	123791884	448737717	NA	0
1197	3	range-v3	fedora-clang-libcxx	3267779	4160346502	967018	1633314	123888927	449091157	NA	0
1198	3	range-v3	fedora-clang-libcxx	3296505	4163643007	967033	1633314	123987170	449448918	NA	0
1199	3	range-v3	fedora-clang-libcxx	3265769	4166908776	967048	1633314	124084134	449802454	NA	0
1200	3	range-v3	fedora-clang-libcxx	3291210	4170199986	967063	1633314	124181827	450158249	NA	0
1201	3	range-v3	fedora-clang-libcxx	3237458	4173437444	967078	1633314	124278633	450510809	NA	0
1202	3	range-v3	fedora-clang-libcxx	3237517	4176674961	967093	1633314	124375435	450863370	NA	0
1203	3	range-v3	fedora-clang-libcxx	3277598	4179952559	967108	1633314	124473372	451219470	NA	0
1204	3	range-v3	fedora-clang-libcxx	3273037	4183225596	967123	1633314	124571289	451575587	NA	0
1205	3	range-v3	fedora-clang-libcxx	3526921	4186752517	967138	1633314	124674945	451955287	NA	0
1206	3	range-v3	fedora-clang-libcxx	3240516	4189993033	967153	1633314	124772053	452307563	NA	0
1207	3	range-v3	fedora-clang-libcxx	3267210	4193260243	967168	1633314	124869884	452662823	NA	0
1208	3	range-v3	fedora-clang-libcxx	3241005	4196501248	967183	1633314	124966789	453015733	NA	0
1209	3	range-v3	fedora-clang-libcxx	3510805	4200012053	967198	1633314	125070161	453394585	NA	0
1210	3	range-v3	fedora-clang-libcxx	3242023	4203254076	967213	1633314	125167223	453747655	NA	0
1211	3	range-v3	fedora-clang-libcxx	3241070	4206495146	967228	1633314	125264126	454100599	NA	0
1212	3	range-v3	fedora-clang-libcxx	3241199	4209736345	967243	1633314	125361031	454453554	NA	0
1213	3	range-v3	fedora-clang-libcxx	3328342	4213064687	967258	1633314	125460426	454814390	NA	0
1214	3	range-v3	fedora-clang-libcxx	3290385	4216355072	967273	1633314	125558792	455171666	NA	0
1215	3	range-v3	fedora-clang-libcxx	3328174	4219683246	967288	1633314	125658191	455532533	NA	0
1216	3	range-v3	fedora-clang-libcxx	3265368	4222948614	967303	1633314	125755148	455885852	NA	0
1217	3	range-v3	fedora-clang-libcxx	3295863	4226244477	967318	1633314	125852958	456242259	NA	0
1218	3	range-v3	fedora-clang-libcxx	3265372	4229509849	967333	1633314	125950313	456596922	NA	0
1219	3	range-v3	fedora-clang-libcxx	3291146	4232800995	967348	1633314	126048454	456953420	NA	0
1220	3	range-v3	fedora-clang-libcxx	3292273	4236093268	967363	1633314	126146483	457309642	NA	0
1221	3	range-v3	fedora-clang-libcxx	3635932	4239729200	967378	1633314	126252675	457698694	NA	0
1222	3	range-v3	fedora-clang-libcxx	3237135	4242966335	967393	1633314	126349657	458050903	NA	0
1223	3	range-v3	fedora-clang-libcxx	3244937	4246211272	967408	1633314	126446753	458404029	NA	0
1224	3	range-v3	fedora-clang-libcxx	3241037	4249452309	967423	1633314	126543835	458756535	NA	0
1225	3	range-v3	fedora-clang-libcxx	3238337	4252690646	967438	1633314	126640824	459108942	NA	0
1226	3	range-v3	fedora-clang-libcxx	3282212	4255972858	967453	1633314	126738950	459465747	NA	0
1227	3	range-v3	fedora-clang-libcxx	3238115	4259210973	967468	1633314	126835938	459818160	NA	0
1228	3	range-v3	fedora-clang-libcxx	3271233	4262482206	967483	1633314	126933864	460173737	NA	0
1229	3	range-v3	fedora-clang-libcxx	3272213	4265754419	967498	1633314	127031261	460528532	NA	0
1230	3	range-v3	fedora-clang-libcxx	3238115	4268992534	967513	1633314	127128249	460880929	NA	0
1231	3	range-v3	fedora-clang-libcxx	3271233	4272263767	967528	1942217	127226175	461236505	NA	1
1232	3	range-v3	fedora-clang-libcxx	3264315	4275528082	967543	1942217	127323565	461590784	NA	0
1233	3	range-v3	fedora-clang-libcxx	3266659	4278794741	967558	1942217	127421072	461945324	NA	0
1234	3	range-v3	fedora-clang-libcxx	3269852	4282064593	967573	1942217	127518458	462300445	NA	0
1235	3	range-v3	fedora-clang-libcxx	3265985	4285330578	967588	1942217	127615873	462655206	NA	0
1236	3	range-v3	fedora-clang-libcxx	3296514	4288627092	967603	1942217	127714116	463012951	NA	0
1237	3	range-v3	fedora-clang-libcxx	3237407	4291864499	967618	1942217	127810916	463365493	NA	0
1238	3	range-v3	fedora-clang-libcxx	3334364	4295198863	967633	1942217	127910671	463728302	NA	0
1239	3	range-v3	fedora-clang-libcxx	3296333	4298495196	967648	1942217	128008798	464084840	NA	0
1240	3	range-v3	fedora-clang-libcxx	3297458	4301792654	967663	1942217	128107285	464442727	NA	0
1241	3	range-v3	fedora-clang-libcxx	3272894	4305065548	967678	1942217	128205292	464798540	NA	0
1242	3	range-v3	fedora-clang-libcxx	3297076	4308362624	967693	1942217	128303541	465155767	NA	0
1243	3	range-v3	fedora-clang-libcxx	3275022	4311637646	967708	1942217	128401573	465511797	NA	0
1244	3	range-v3	fedora-clang-libcxx	3322457	4314960103	967723	1942217	128500632	465871674	NA	0
1245	3	range-v3	fedora-clang-libcxx	3274590	4318234693	967738	1942217	128598647	466227519	NA	0
1246	3	range-v3	fedora-clang-libcxx	3265498	4321500191	967753	1942217	128696163	466581927	NA	0
1247	3	range-v3	fedora-clang-libcxx	3265606	4324765797	967768	1942217	128793680	466936298	NA	0
1248	3	range-v3	fedora-clang-libcxx	3274707	4328040504	967783	1942217	128891694	467292110	NA	0
1249	3	range-v3	fedora-clang-libcxx	3240721	4331281225	967798	1942217	128988780	467644698	NA	0
1250	3	range-v3	fedora-clang-libcxx	3265796	4334547021	967813	1942217	129086305	467999109	NA	0
1251	3	range-v3	fedora-clang-libcxx	3265903	4337812924	967828	1942217	129183829	468353493	NA	0
1252	3	range-v3	fedora-clang-libcxx	3240774	4341053698	967843	1942217	129280918	468706039	NA	0
1253	3	range-v3	fedora-clang-libcxx	825320	4341879018	967858	1942217	129305851	468794509	NA	0
1254	3	range-v3	fedora-clang-libcxx	3271820	4345150838	967873	1942217	129403853	469149868	NA	0
1255	3	range-v3	fedora-clang-libcxx	3295893	4348446731	967888	1942217	129502302	469507211	NA	0
1256	3	range-v3	fedora-clang-libcxx	3545707	4351992438	967903	1942217	129606497	469888341	NA	0
1257	3	range-v3	fedora-clang-libcxx	3271645	4355264083	967918	1942217	129703615	470242154	NA	0
1258	3	range-v3	fedora-clang-libcxx	3607285	4358871368	967933	1942217	129809119	470627872	NA	0
1259	3	range-v3	fedora-clang-libcxx	3508819	4362380187	967948	1942217	129912644	471006037	NA	0
1260	3	range-v3	fedora-clang-libcxx	3507042	4365887229	967963	1942217	130016115	471383964	NA	0
1261	3	range-v3	fedora-clang-libcxx	3287441	4369174670	967978	1942217	130113822	471740167	NA	0
1262	3	range-v3	fedora-clang-libcxx	3566859	4372741529	967993	1942217	130217657	472121919	NA	0
1263	3	range-v3	fedora-clang-libcxx	3332191	4376073720	968008	1942217	130316647	472482666	NA	0
1264	3	range-v3	fedora-clang-libcxx	3594983	4379668703	968023	1942217	130421825	472868063	NA	0
1265	3	range-v3	fedora-clang-libcxx	3681329	4383350032	968038	1942217	130529221	473261580	NA	0
1266	3	range-v3	fedora-clang-libcxx	3313156	4386663188	968053	1942217	130627772	473620867	NA	0
1267	3	range-v3	fedora-clang-libcxx	3267860	4389931048	968068	1942217	130725309	473975324	NA	0
1268	3	range-v3	fedora-clang-libcxx	837510	4390768558	968083	1942217	130750514	474064978	NA	0
1269	3	range-v3	fedora-clang-libcxx	3275846	4394044404	968098	1942217	130848073	474420589	NA	0
1270	3	range-v3	fedora-clang-libcxx	3274844	4397319248	968113	1942217	130946086	474776549	NA	0
1271	3	range-v3	fedora-clang-libcxx	3269631	4400588879	968128	1942217	131043728	475131250	NA	0
1272	3	range-v3	fedora-clang-libcxx	3279114	4403867993	968143	1942217	131141419	475486469	NA	0
1273	3	range-v3	fedora-clang-libcxx	3282145	4407150138	968158	1942217	131239545	475843274	NA	0
1274	3	range-v3	fedora-clang-libcxx	6000392	4413150530	968173	1942217	131419212	476473177	NA	0
1275	3	range-v3	fedora-clang-libcxx	3270547	4416421077	968188	1942217	131517448	476828291	NA	0
1276	3	range-v3	fedora-clang-libcxx	3270561	4419691638	968203	1942217	131615684	477183365	NA	0
1277	3	range-v3	fedora-clang-libcxx	3198023	4422889661	968218	1942217	131711550	477530615	NA	0
1278	3	range-v3	fedora-clang-libcxx	305	4422889966	968233	1942217	131711574	477530754	NA	0
1279	3	range-v3	fedora-clang-libcxx	3866395	4426756361	968248	1942217	131824817	477947842	NA	0
1280	3	range-v3	fedora-clang-libcxx	3216414	4429972775	968263	1942217	131921487	478297586	NA	0
1281	3	range-v3	fedora-clang-libcxx	808157	4430780932	968278	1942217	131946288	478385048	NA	0
1282	3	range-v3	fedora-clang-libcxx	569989	4431350921	968293	1942217	131962099	478438379	NA	0
1283	3	range-v3	fedora-clang-libcxx	570631	4431921552	968308	1942217	131977937	478491807	NA	0
1284	3	range-v3	fedora-clang-libcxx	3046441	4434967993	968323	1942217	132070203	478825098	NA	0
1285	3	range-v3	fedora-clang-libcxx	3234143	4438202136	968338	1942217	132167076	479176941	NA	0
1286	3	range-v3	fedora-clang-libcxx	3086758	4441288894	968353	1942217	132260173	479515581	NA	0
1287	3	range-v3	fedora-clang-libcxx	2946823	4444235717	968368	1942217	132351368	479836643	NA	0
1288	3	range-v3	fedora-clang-libcxx	3264820	4447500537	968383	1942217	132449504	480191156	NA	0
1289	3	range-v3	fedora-clang-libcxx	3216421	4450716958	968398	1942217	132546174	480540924	NA	0
1290	3	range-v3	fedora-clang-libcxx	3535640	4454252598	968413	1942217	132650296	480922631	NA	0
1291	3	range-v3	fedora-clang-libcxx	3270568	4457523166	968428	1942217	132748532	481277741	NA	0
1292	3	range-v3	fedora-clang-libcxx	3055865	4460579031	968443	1942217	132840912	481611724	NA	0
1293	3	range-v3	fedora-clang-libcxx	785765	4461364796	968458	1942217	132864560	481695604	NA	0
1294	3	range-v3	fedora-clang-libcxx	2938909	4464303705	968473	1942217	132955451	482015716	NA	0
1295	3	range-v3	fedora-clang-libcxx	2966769	4467270474	968488	1942217	133045210	482339346	NA	0
1296	3	range-v3	fedora-clang-libcxx	807879	4468078353	968503	1942217	133069948	482426623	NA	0
1297	3	range-v3	fedora-clang-libcxx	2947843	4471026196	968518	1942217	133161854	482747838	NA	0
1298	3	range-v3	fedora-clang-libcxx	2946937	4473973133	968533	1942217	133253557	483069124	NA	0
1299	3	range-v3	fedora-clang-libcxx	571485	4474544618	968548	1942217	133269450	483122727	NA	0
1300	3	range-v3	fedora-clang-libcxx	2975712	4477520330	968563	1942217	133362302	483448049	NA	0
1301	3	range-v3	fedora-clang-libcxx	2943721	4480464051	968578	1942217	133453348	483768783	NA	0
1302	3	range-v3	fedora-clang-libcxx	2953290	4483417341	968593	1942217	133542829	484090737	NA	0
1303	3	range-v3	fedora-clang-libcxx	2946339	4486363680	968608	1942217	133634456	484411897	NA	0
1304	3	range-v3	fedora-clang-libcxx	2955200	4489318880	968623	1942217	133724257	484734449	NA	0
1305	3	range-v3	fedora-clang-libcxx	2956349	4492275229	968638	1942217	133816168	485056965	NA	0
1306	3	range-v3	fedora-clang-libcxx	2954164	4495229393	968653	1942217	133905768	485379215	NA	0
1307	3	range-v3	fedora-clang-libcxx	3716468	4498945861	968668	1942217	134014891	485778261	NA	0
1308	3	range-v3	fedora-clang-libcxx	3270568	4502216429	968683	1942217	134113127	486133362	NA	0
1309	3	range-v3	fedora-clang-libcxx	3717246	4505933675	968698	1942217	134222313	486532631	NA	0
1310	3	range-v3	fedora-clang-libcxx	3510955	4509444630	968713	1942217	134326023	486911621	NA	0
1311	3	range-v3	fedora-clang-libcxx	1167742	4510612372	968728	1942217	134361971	487038077	NA	0
1312	3	range-v3	fedora-clang-libcxx	3160219	4513772591	968743	1942217	134456975	487382384	NA	0
1313	3	range-v3	fedora-clang-libcxx	3320775	4517093366	968758	1942217	134555285	487742598	NA	0
1314	3	range-v3	fedora-clang-libcxx	3032379	4520125745	968773	1942217	134646881	488074187	NA	0
1315	3	range-v3	fedora-clang-libcxx	3288273	4523414018	968788	1942217	134745258	488431450	NA	0
1316	3	range-v3	fedora-clang-libcxx	571834	4523985852	968803	1942217	134761163	488485106	NA	0
1317	3	range-v3	fedora-clang-libcxx	3051825	4527037677	968818	1942217	134853100	488818417	NA	0
1318	3	range-v3	fedora-clang-libcxx	3271434	4530309111	968833	1942217	134951286	489173862	NA	0
1319	3	range-v3	fedora-clang-libcxx	3183890	4533493001	968848	1942217	135047145	489520644	NA	0
1320	3	range-v3	fedora-clang-libcxx	3264473	4536757474	968863	1942217	135144968	489875184	NA	0
1321	3	range-v3	fedora-clang-libcxx	3167695	4539925169	968878	1942217	135240198	490220918	NA	0
1322	3	range-v3	fedora-clang-libcxx	3041612	4542966781	968893	1942217	135331907	490554130	NA	0
1323	3	range-v3	fedora-clang-libcxx	1176734	4544143515	968908	1942217	135368171	490681759	NA	0
1324	3	range-v3	fedora-clang-libcxx	3033964	4547177479	968923	1942217	135459943	491013126	NA	0
1325	3	range-v3	fedora-clang-libcxx	3485363	4550662842	968938	1942217	135562762	491388061	NA	0
1326	3	range-v3	fedora-clang-libcxx	3306559	4553969401	968953	1942217	135660908	491745924	NA	0
1327	3	range-v3	fedora-clang-libcxx	3240130	4557209531	968968	1942217	135757942	492098112	NA	0
1328	3	range-v3	fedora-clang-libcxx	3276233	4560485764	968983	1942217	135855729	492453429	NA	0
1329	3	range-v3	fedora-clang-libcxx	3248373	4563734137	968998	1942217	135952988	492806265	NA	0
1330	3	range-v3	fedora-clang-libcxx	3241596	4566975733	969013	1942217	136049986	493159138	NA	0
1331	3	range-v3	fedora-clang-libcxx	3281396	4570257129	969028	1942217	136147873	493515273	NA	0
1332	3	range-v3	fedora-clang-libcxx	3476112	4573733241	969043	1942217	136250843	493889915	NA	0
1333	3	range-v3	fedora-clang-libcxx	3197752	4576930993	969058	1942217	136346738	494237152	NA	0
1334	3	range-v3	fedora-clang-libcxx	3233778	4580164771	969073	1942217	136443505	494588036	NA	0
1335	3	range-v3	fedora-clang-libcxx	3438190	4583602961	969088	1942217	136544761	494961348	NA	0
1336	3	range-v3	fedora-clang-libcxx	3237524	4586840485	969103	1942217	136641553	495313409	NA	0
1337	3	range-v3	fedora-clang-libcxx	3270241	4590110726	969118	1942217	136739389	495668599	NA	0
1338	3	range-v3	fedora-clang-libcxx	3216386	4593327112	969133	1942217	136835850	496018234	NA	0
1339	3	range-v3	fedora-clang-libcxx	3221650	4596548762	969148	1942217	136931757	496369193	NA	0
1340	3	range-v3	fedora-clang-libcxx	3270617	4599819379	969163	1942217	137029993	496724348	NA	0
1341	3	range-v3	fedora-clang-libcxx	3234072	4603053451	969178	1942217	137126753	497075205	NA	0
1342	3	range-v3	fedora-clang-libcxx	3197853	4606251304	969193	1942217	137222566	497423507	NA	0
1343	3	range-v3	fedora-clang-libcxx	800681	4607051985	969208	1996959	137247095	497510207	NA	1
1344	3	range-v3	fedora-clang-libcxx	3220808	4610272793	969223	1996959	137343547	497860768	NA	0
1345	3	range-v3	fedora-clang-libcxx	3216414	4613489207	969238	1996959	137440217	498210487	NA	0
1346	3	range-v3	fedora-clang-libcxx	3501153	4616990360	969253	1996959	137543637	498588064	NA	0
1347	3	range-v3	fedora-clang-libcxx	3437343	4620427703	969268	1996959	137645272	498960369	NA	0
1348	3	range-v3	fedora-clang-libcxx	3848312	4624276015	969283	1996959	137757323	499370595	NA	0
1349	3	range-v3	fedora-clang-libcxx	1545580	4625821595	969298	1996959	137804281	499537580	NA	0
1350	3	range-v3	fedora-clang-libcxx	1551797	4627373392	969313	1996959	137851517	499705602	NA	0
1351	3	range-v3	fedora-clang-libcxx	1176152	4628549544	969328	1996959	137887957	499833072	NA	0
1352	3	range-v3	fedora-clang-libcxx	3160648	4631710192	969343	1996959	137983281	500177337	NA	0
1353	3	range-v3	fedora-clang-libcxx	825789	4632535981	969358	1996959	138008664	500266495	NA	0
1354	3	range-v3	fedora-clang-libcxx	3320242	4635856223	969373	1996959	138107494	500626564	NA	0
1355	3	range-v3	fedora-clang-libcxx	3058260	4638914483	969388	1996959	138199082	500957256	NA	0
1356	3	range-v3	fedora-clang-libcxx	804830	4639719313	969403	1996959	138223775	501044183	NA	0
1357	3	range-v3	fedora-clang-libcxx	835825	4640555138	969418	1996959	138249457	501134688	NA	0
1358	3	range-v3	fedora-clang-libcxx	806690	4641361828	969433	1996959	138274175	501221859	NA	0
1359	3	range-v3	fedora-clang-libcxx	803378	4642165206	969448	1996959	138298794	501308979	NA	0
1360	3	range-v3	fedora-clang-libcxx	3288247	4645453453	969463	1996959	138397556	501665711	NA	0
1361	3	range-v3	fedora-clang-libcxx	3237474	4648690927	969478	1996959	138494660	502017842	NA	0
1362	3	range-v3	fedora-clang-libcxx	3059133	4651750060	969493	1996959	138587043	502351674	NA	0
1363	3	range-v3	fedora-clang-libcxx	810028	4652560088	969508	1996959	138611931	502439276	NA	0
1364	3	range-v3	fedora-clang-libcxx	801905	4653361993	969523	1996959	138636515	502526132	NA	0
1365	3	range-v3	fedora-clang-libcxx	803557	4654165550	969538	1996959	138661118	502613242	NA	0
1366	3	range-v3	fedora-clang-libcxx	2943731	4657109281	969553	1996959	138750463	502933879	NA	0
1367	3	range-v3	fedora-clang-libcxx	3304671	4660413952	969568	1996959	138849759	503292701	NA	0
1368	3	range-v3	fedora-clang-libcxx	3031801	4663445753	969583	1996959	138941787	503623863	NA	0
1369	3	range-v3	fedora-clang-libcxx	1176145	4664621898	969598	1996959	138978227	503751336	NA	0
1370	3	range-v3	fedora-clang-libcxx	3042421	4667664319	969613	1996959	139069982	504084799	NA	0
1371	3	range-v3	fedora-clang-libcxx	802562	4668466881	969628	1996959	139094586	504171779	NA	0
1372	3	range-v3	fedora-clang-libcxx	571352	4669038233	969643	1996959	139110464	504225359	NA	0
1373	3	range-v3	fedora-clang-libcxx	1598230	4670636463	969658	1996959	139159131	504397939	NA	0
1374	3	range-v3	fedora-clang-libcxx	1490784	4672127247	969673	1996959	139203411	504556396	NA	0
1375	3	range-v3	fedora-clang-libcxx	3563637	4675690884	969688	1996959	139307234	504937701	NA	0
1376	3	range-v3	fedora-clang-libcxx	2883948	4678574832	969703	1996959	139395704	505249346	NA	0
1377	3	range-v3	fedora-clang-libcxx	2983859	4681558691	969718	1996959	139486287	505574841	NA	0
1378	3	range-v3	fedora-clang-libcxx	2983451	4684542142	969733	1996959	139576660	505900574	NA	0
1379	3	range-v3	fedora-clang-libcxx	570426	4685112568	969748	1996959	139592499	505953998	NA	0
1380	3	range-v3	fedora-clang-libcxx	802583	4685915151	969763	1996959	139617118	506040718	NA	0
1381	3	range-v3	fedora-clang-libcxx	820455	4686735606	969778	1996959	139642198	506129974	NA	0
1382	3	range-v3	fedora-clang-libcxx	822204	4687557810	969793	1996959	139667398	506218888	NA	0
1383	3	range-v3	fedora-clang-libcxx	2960044	4690517854	969808	1996959	139759271	506541652	NA	0
1384	3	range-v3	fedora-clang-libcxx	3034388	4693552242	969823	1996959	139851394	506872957	NA	0
1385	3	range-v3	fedora-clang-libcxx	3378902	4696931144	969838	1996959	139951682	507238709	NA	0
1386	3	range-v3	fedora-clang-libcxx	305	4696931449	969853	1996959	139951706	507238849	NA	0
1387	3	range-v3	fedora-clang-libcxx	5365303	4702296752	969868	1996959	140115311	507811690	NA	0
1388	3	range-v3	fedora-clang-libcxx	3573488	4705870240	969883	1996959	140220733	508197922	NA	0
1389	3	range-v3	fedora-clang-libcxx	3632662	4709502902	969898	1996959	140327447	508590156	NA	0
1390	3	range-v3	fedora-clang-libcxx	3593236	4713096138	969913	1996959	140433161	508979473	NA	0
1391	3	range-v3	fedora-clang-libcxx	3638283	4716734421	969928	1996959	140540085	509373475	NA	0
1392	3	range-v3	fedora-clang-libcxx	3527847	4720262268	969943	1996959	140643874	509754243	NA	0
1393	3	range-v3	fedora-clang-libcxx	3573385	4723835653	969958	1996959	140749124	510141377	NA	0
1394	3	range-v3	fedora-clang-libcxx	3542780	4727378433	969973	1996959	140853712	510523631	NA	0
1395	3	range-v3	fedora-clang-libcxx	3589973	4730968406	969988	1996959	140959528	510911788	NA	0
1396	3	range-v3	fedora-clang-libcxx	3632536	4734600942	970003	1996959	141066599	511304357	NA	0
1397	3	range-v3	fedora-clang-libcxx	3566663	4738167605	970018	1996959	141171488	511689649	NA	0
1398	3	range-v3	fedora-clang-libcxx	3694796	4741862401	970033	1996959	141280122	512089218	NA	0
1399	3	range-v3	fedora-clang-libcxx	3608567	4745470968	970048	1996959	141386310	512479007	NA	0
1400	3	range-v3	fedora-clang-libcxx	3542373	4749013341	970063	1996959	141490584	512861516	NA	0
1401	3	range-v3	fedora-clang-libcxx	3629419	4752642760	970078	1996959	141596894	513251546	NA	0
1402	3	range-v3	fedora-clang-libcxx	3580834	4756223594	970093	1996959	141702270	513638945	NA	0
1403	3	range-v3	fedora-clang-libcxx	3531092	4759754686	970108	1996959	141806177	514019131	NA	0
1404	3	range-v3	fedora-clang-libcxx	3597609	4763352295	970123	1996959	141912208	514407520	NA	0
1405	3	range-v3	fedora-clang-libcxx	3585893	4766938188	970138	1996959	142017812	514795421	NA	0
1406	3	range-v3	fedora-clang-libcxx	3602003	4770540191	970153	1996959	142123855	515184398	NA	0
1407	3	range-v3	fedora-clang-libcxx	3596550	4774136741	970168	1996959	142229548	515572493	NA	0
1408	3	range-v3	fedora-clang-libcxx	3671815	4777808556	970183	1996959	142337406	515969074	NA	0
1409	3	range-v3	fedora-clang-libcxx	3597043	4781405599	970198	1996959	142443033	516357833	NA	0
1410	3	range-v3	fedora-clang-libcxx	3469410	4784875009	970213	1996959	142545339	516732081	NA	0
1411	3	range-v3	fedora-clang-libcxx	3920044	4788795053	970228	1996959	142659986	517155450	NA	0
1412	3	range-v3	fedora-clang-libcxx	3593357	4792388410	970243	1996959	142765955	517543973	NA	0
1413	3	range-v3	fedora-clang-libcxx	3472193	4795860603	970258	1996959	142868366	517917773	NA	0
1414	3	range-v3	fedora-clang-libcxx	3653917	4799514520	970273	1996959	142975786	518312744	NA	0
1415	3	range-v3	fedora-clang-libcxx	3808522	4803323042	970288	1996959	143086512	518723528	NA	0
1416	3	range-v3	fedora-clang-libcxx	3529910	4806852952	970303	1996959	143190456	519103877	NA	0
1417	3	range-v3	fedora-clang-libcxx	3535204	4810388156	970318	1996959	143294460	519484688	NA	0
1418	3	range-v3	fedora-clang-libcxx	3717203	4814105359	970333	1996959	143403376	519883929	NA	0
1419	3	range-v3	fedora-clang-libcxx	3657522	4817762881	970348	1996959	143510892	520279838	NA	0
1420	3	range-v3	fedora-clang-libcxx	3638628	4821401509	970363	1996959	143617847	520673434	NA	0
1421	3	range-v3	fedora-clang-libcxx	3582825	4824984334	970378	1996959	143723157	521061120	NA	0
1422	3	range-v3	fedora-clang-libcxx	3464819	4828449153	970393	1996959	143825386	521434583	NA	0
1423	3	range-v3	fedora-clang-libcxx	3595662	4832044815	970408	1996959	143931137	521823619	NA	0
1424	3	range-v3	fedora-clang-libcxx	3634506	4835679321	970423	1996959	144038102	522216843	NA	0
1425	3	range-v3	fedora-clang-libcxx	3717944	4839397265	970438	1996959	144147067	522616170	NA	0
1426	3	range-v3	fedora-clang-libcxx	3698968	4843096233	970453	1996959	144255140	523014482	NA	0
1427	3	range-v3	fedora-clang-libcxx	3477052	4846573285	970468	1996959	144357774	523389155	NA	0
1428	3	range-v3	fedora-clang-libcxx	3636252	4850209537	970483	1996959	144464513	523782540	NA	0
1429	3	range-v3	fedora-clang-libcxx	3580517	4853790054	970498	1996959	144569876	524169865	NA	0
1430	3	range-v3	fedora-clang-libcxx	3560351	4857350405	970513	1996959	144674570	524554301	NA	0
1431	3	range-v3	fedora-clang-libcxx	3472250	4860822655	970528	1996959	144776968	524928187	NA	0
1432	3	range-v3	fedora-clang-libcxx	3645106	4864467761	970543	1996959	144884202	525322608	NA	0
1433	3	range-v3	fedora-clang-libcxx	3639360	4868107121	970558	1996959	144991255	525716474	NA	0
1434	3	range-v3	fedora-clang-libcxx	3480340	4871587461	970573	1996959	145093876	526091591	NA	0
1435	3	range-v3	fedora-clang-libcxx	3477945	4875065406	970588	1996959	145196306	526466637	NA	0
1436	3	range-v3	fedora-clang-libcxx	3635039	4878700445	970603	1996959	145303001	526859884	NA	0
1437	3	range-v3	fedora-clang-libcxx	3637474	4882337919	970618	1996959	145409713	527253009	NA	0
1438	3	range-v3	fedora-clang-libcxx	3634958	4885972877	970633	1996959	145516591	527646066	NA	0
1439	3	range-v3	fedora-clang-libcxx	3882635	4889855512	970648	1996959	145629119	528059565	NA	0
1440	3	range-v3	fedora-clang-libcxx	3578094	4893433606	970663	1996959	145734005	528444555	NA	0
1441	3	range-v3	fedora-clang-libcxx	3529290	4896962896	970678	1996959	145838148	528824514	NA	0
1442	3	range-v3	fedora-clang-libcxx	3646316	4900609212	970693	1996959	145945050	529217074	NA	0
1443	3	range-v3	fedora-clang-libcxx	3674317	4904283529	970708	1996959	146052907	529614543	NA	0
1444	3	range-v3	fedora-clang-libcxx	3500689	4907784218	970723	1996959	146156060	529992165	NA	0
1445	3	range-v3	fedora-clang-libcxx	3657526	4911441744	970738	1996959	146263402	530386714	NA	0
1446	3	range-v3	fedora-clang-libcxx	3674248	4915115992	970753	1996959	146371178	530784568	NA	0
1447	3	range-v3	fedora-clang-libcxx	3595822	4918711814	970768	1996959	146477031	531173877	NA	0
1448	3	range-v3	fedora-clang-libcxx	3500249	4922212063	970783	1996959	146580211	531550444	NA	0
1449	3	range-v3	fedora-clang-libcxx	3536741	4925748804	970798	1996959	146684485	531931731	NA	0
1450	3	range-v3	fedora-clang-libcxx	3577956	4929326760	970813	1996959	146789785	532317806	NA	0
1451	3	range-v3	fedora-clang-libcxx	3575967	4932902727	970828	1996959	146894834	532703468	NA	0
1452	3	range-v3	fedora-clang-libcxx	3605693	4936508420	970843	1996959	147000895	533092060	NA	0
1453	3	range-v3	fedora-clang-libcxx	3596882	4940105302	970858	1996959	147106669	533481145	NA	0
1454	3	range-v3	fedora-clang-libcxx	3833529	4943938831	970873	1996959	147219938	533897216	NA	0
1455	3	range-v3	fedora-clang-libcxx	3630705	4947569536	970888	2032777	147326521	534289989	NA	1
1456	3	range-v3	fedora-clang-libcxx	3596276	4951165812	970903	2032777	147432123	534678283	NA	0
1457	3	range-v3	fedora-clang-libcxx	3471698	4954637510	970918	2032777	147534600	535052046	NA	0
1458	3	range-v3	fedora-clang-libcxx	3603070	4958240580	970933	2032777	147640444	535442031	NA	0
1459	3	range-v3	fedora-clang-libcxx	3253940	4961494520	970948	2032777	147737763	535796658	NA	0
1460	3	range-v3	fedora-clang-libcxx	3585583	4965080103	970963	2032777	147843238	536183539	NA	0
1461	3	range-v3	fedora-clang-libcxx	3574859	4968654962	970978	2032777	147948423	536569306	NA	0
1462	3	range-v3	fedora-clang-libcxx	3574012	4972228974	970993	2032777	148054109	536955464	NA	0
1463	3	range-v3	fedora-clang-libcxx	3472592	4975701566	971008	2032777	148156874	537329193	NA	0
1464	3	range-v3	fedora-clang-libcxx	3465334	4979166900	971023	2032777	148259349	537702502	NA	0
1465	3	range-v3	fedora-clang-libcxx	212	4979167112	971038	2032777	148259371	537702623	NA	0
1466	3	range-v3	fedora-clang-libcxx	570105	4979737217	971053	2032777	148275179	537756042	NA	0
1467	3	range-v3	fedora-clang-libcxx	3349173	4983086390	971068	2032777	148375055	538118841	NA	0
1468	3	range-v3	fedora-clang-libcxx	6040668	4989127058	971083	2032777	148556355	538754721	NA	0
1469	3	range-v3	fedora-clang-libcxx	6040712	4995167770	971098	2032777	148737664	539390619	NA	0
1470	3	range-v3	fedora-clang-libcxx	3603615	4998771385	971113	2032777	148843182	539780987	NA	0
1471	3	range-v3	fedora-clang-libcxx	4099322	5002870707	971128	2032777	148963085	540225107	NA	0
1472	3	range-v3	fedora-clang-libcxx	759047	5003629754	971143	2032777	148985549	540304886	NA	0
1473	3	range-v3	fedora-clang-libcxx	3381368	5007011122	971158	2032777	149085405	540672836	NA	0
1474	3	range-v3	fedora-clang-libcxx	3511289	5010522411	971173	2032777	149189246	541052024	NA	0
1475	3	range-v3	fedora-clang-libcxx	6078229	5016600640	971188	2032777	149364943	541688167	NA	0
1476	3	range-v3	fedora-clang-libcxx	3932956	5020533596	971203	2032777	149479524	542107055	NA	0
1477	3	range-v3	fedora-clang-libcxx	3909062	5024442658	971218	2032777	149594526	542530609	NA	0
1478	3	range-v3	fedora-clang-libcxx	4051955	5028494613	971233	2032777	149713120	542969133	NA	0
1479	3	range-v3	fedora-clang-libcxx	4017636	5032512249	971248	2032777	149831063	543405670	NA	0
1480	3	range-v3	fedora-clang-libcxx	4049454	5036561703	971263	2032777	149949490	543844632	NA	0
1481	3	range-v3	fedora-clang-libcxx	4403416	5040965119	971278	2032777	150077097	544317345	NA	0
1482	3	range-v3	fedora-clang-libcxx	4050744	5045015863	971293	2032777	150195427	544755962	NA	0
1483	3	range-v3	fedora-clang-libcxx	4348343	5049364206	971308	2032777	150321873	545224180	NA	0
1484	3	range-v3	fedora-clang-libcxx	4348249	5053712455	971323	2032777	150448319	545692425	NA	0
1485	3	range-v3	fedora-clang-libcxx	4095743	5057808198	971338	2032777	150567921	546135675	NA	0
1486	3	range-v3	fedora-clang-libcxx	3860193	5061668391	971353	2032777	150681211	546554182	NA	0
1487	3	range-v3	fedora-clang-libcxx	4247291	5065915682	971368	2032777	150803739	547005979	NA	0
1488	3	range-v3	fedora-clang-libcxx	4253690	5070169372	971383	2032777	150927687	547466118	NA	0
1489	3	range-v3	fedora-clang-libcxx	4390207	5074559579	971398	2032777	151054742	547935941	NA	0
1490	3	range-v3	fedora-clang-libcxx	4085946	5078645525	971413	2032777	151174114	548377890	NA	0
1491	3	range-v3	fedora-clang-libcxx	4434456	5083079981	971428	2032777	151302348	548851559	NA	0
1492	3	range-v3	fedora-clang-libcxx	4156475	5087236456	971443	2032777	151424620	549301822	NA	0
1493	3	range-v3	fedora-clang-libcxx	4537607	5091774063	971458	2032777	151555925	549786155	NA	0
1494	3	range-v3	fedora-clang-libcxx	4060170	5095834233	971473	2032777	151674602	550225256	NA	0
1495	3	range-v3	fedora-clang-libcxx	4045733	5099879966	971488	2032777	151792961	550663826	NA	0
1496	3	range-v3	fedora-clang-libcxx	4049659	5103929625	971503	2032777	151911394	551102789	NA	0
1497	3	range-v3	fedora-clang-libcxx	4035972	5107965597	971518	2032777	152029455	551539304	NA	0
1498	3	range-v3	fedora-clang-libcxx	4646593	5112612190	971533	2032777	152163496	552034648	NA	0
1499	3	range-v3	fedora-clang-libcxx	3930962	5116543152	971548	2032777	152278306	552458495	NA	0
1500	3	range-v3	fedora-clang-libcxx	3955725	5120498877	971563	2032777	152394274	552884947	NA	0
1501	3	range-v3	fedora-clang-libcxx	3881146	5124380023	971578	2032777	152508099	553305273	NA	0
1502	3	range-v3	fedora-clang-libcxx	3880895	5128260918	971593	2032777	152621918	553725593	NA	0
1503	3	range-v3	fedora-clang-libcxx	3880988	5132141906	971608	2032777	152735736	554145902	NA	0
1504	3	range-v3	fedora-clang-libcxx	3895042	5136036948	971623	2032777	152849896	554566317	NA	0
1505	3	range-v3	fedora-clang-libcxx	3492352	5139529300	971638	2032777	152953812	554945347	NA	0
1506	3	range-v3	fedora-clang-libcxx	3783624	5143312924	971653	2032777	153064501	555353039	NA	0
1507	3	range-v3	fedora-clang-libcxx	3999732	5147312656	971668	2032777	153181420	555785298	NA	0
1508	3	range-v3	fedora-clang-libcxx	3968802	5151281458	971683	2032777	153298168	556214197	NA	0
1509	3	range-v3	fedora-clang-libcxx	3573901	5154855359	971698	2032777	153403786	556600350	NA	0
1510	3	range-v3	fedora-clang-libcxx	3895654	5158751013	971713	2032777	153518072	557021264	NA	0
1511	3	range-v3	fedora-clang-libcxx	3897327	5162648340	971728	2032777	153632390	557442373	NA	0
1512	3	range-v3	fedora-clang-libcxx	3783232	5166431572	971743	2032777	153743340	557849415	NA	0
1513	3	range-v3	fedora-clang-libcxx	3921571	5170353143	971758	2032777	153857993	558272464	NA	0
1514	3	range-v3	fedora-clang-libcxx	4270271	5174623414	971773	2032777	153982331	558733437	NA	0
1515	3	range-v3	fedora-clang-libcxx	3967722	5178591136	971788	2032777	154099148	559162835	NA	0
1516	3	range-v3	fedora-clang-libcxx	3895380	5182486516	971803	2032777	154213703	559584450	NA	0
1517	3	range-v3	fedora-clang-libcxx	3936250	5186422766	971818	2032777	154328691	560008951	NA	0
1518	3	range-v3	fedora-clang-libcxx	3895687	5190318453	971833	2032777	154443248	560430468	NA	0
1519	3	range-v3	fedora-clang-libcxx	3891786	5194210239	971848	2032777	154557604	560851402	NA	0
1520	3	range-v3	fedora-clang-libcxx	3928896	5198139135	971863	2032777	154672746	561276425	NA	0
1521	3	range-v3	fedora-clang-libcxx	3960448	5202099583	971878	2032777	154789237	561703179	NA	0
1522	3	range-v3	fedora-clang-libcxx	3947860	5206047443	971893	2032777	154904713	562130127	NA	0
1523	3	range-v3	fedora-clang-libcxx	3932941	5209980384	971908	2032777	155019681	562555258	NA	0
1524	3	range-v3	fedora-clang-libcxx	3980878	5213961262	971923	2032777	155136271	562986170	NA	0
1525	3	range-v3	fedora-clang-libcxx	3946623	5217907885	971938	2032777	155252001	563413970	NA	0
1526	3	range-v3	fedora-clang-libcxx	3962606	5221870491	971953	2032777	155368078	563840714	NA	0
1527	3	range-v3	fedora-clang-libcxx	4322791	5226193282	971968	2032777	155493309	564300862	NA	0
1528	3	range-v3	fedora-clang-libcxx	3965517	5230158799	971983	2032777	155609439	564728421	NA	0
1529	3	range-v3	fedora-clang-libcxx	3969019	5234127818	971998	2032777	155725604	565155839	NA	0
1530	3	range-v3	fedora-clang-libcxx	3973124	5238100942	972013	2032777	155841735	565583415	NA	0
1531	3	range-v3	fedora-clang-libcxx	3977063	5242078005	972028	2032777	155957898	566010787	NA	0
1532	3	range-v3	fedora-clang-libcxx	4011498	5246089503	972043	2032777	156075266	566444725	NA	0
1533	3	range-v3	fedora-clang-libcxx	4013933	5250103436	972058	2032777	156192664	566878471	NA	0
1534	3	range-v3	fedora-clang-libcxx	4014253	5254117689	972073	2032777	156310038	567312505	NA	0
1535	3	range-v3	fedora-clang-libcxx	4016645	5258134334	972088	2032777	156427436	567746334	NA	0
1536	3	range-v3	fedora-clang-libcxx	3916067	5262050401	972103	2032777	156542841	568170754	NA	0
1537	3	range-v3	fedora-clang-libcxx	4025339	5266075740	972118	2032777	156659369	568600508	NA	0
1538	3	range-v3	fedora-clang-libcxx	3986979	5270062719	972133	2032777	156775906	569032228	NA	0
1539	3	range-v3	fedora-clang-libcxx	3933013	5273995732	972148	2032777	156891304	569457465	NA	0
1540	3	range-v3	fedora-clang-libcxx	3975629	5277971361	972163	2032777	157007669	569887038	NA	0
1541	3	range-v3	fedora-clang-libcxx	3929146	5281900507	972178	2032777	157123306	570313173	NA	0
1542	3	range-v3	fedora-clang-libcxx	4267935	5286168442	972193	2032777	157247004	570768028	NA	0
1543	3	range-v3	fedora-clang-libcxx	4064427	5290232869	972208	2032777	157365546	571201038	NA	0
1544	3	range-v3	fedora-clang-libcxx	4242639	5294475508	972223	2032777	157488479	571652787	NA	0
1545	3	range-v3	fedora-clang-libcxx	3964926	5298440434	972238	2032777	157604375	572080429	NA	0
1546	3	range-v3	fedora-clang-libcxx	4064522	5302504956	972253	2032777	157722946	572513533	NA	0
1547	3	range-v3	fedora-clang-libcxx	4242837	5306747793	972268	2032777	157846072	572966440	NA	0
1548	3	range-v3	fedora-clang-libcxx	4092623	5310840416	972283	2032777	157965084	573401491	NA	0
1549	3	range-v3	fedora-clang-libcxx	4249164	5315089580	972298	2032777	158088174	573853780	NA	0
1550	3	range-v3	fedora-clang-libcxx	3977474	5319067054	972313	2032777	158204586	574284068	NA	0
1551	3	range-v3	fedora-clang-libcxx	3967102	5323034156	972328	2032777	158320475	574711717	NA	0
1552	3	range-v3	fedora-clang-libcxx	3945378	5326979534	972343	2032777	158436073	575138338	NA	0
1553	3	range-v3	fedora-clang-libcxx	3979368	5330958902	972358	2032777	158552861	575568337	NA	0
1554	3	range-v3	fedora-clang-libcxx	4251253	5335210155	972373	2032777	158676854	576023192	NA	0
1555	3	range-v3	fedora-clang-libcxx	4270819	5339480974	972388	2032777	158800676	576478639	NA	0
1556	3	range-v3	fedora-clang-libcxx	4218514	5343699488	972403	2032777	158923317	576929146	NA	0
1557	3	range-v3	fedora-clang-libcxx	3978034	5347677522	972418	2032777	159040001	577359298	NA	0
1558	3	range-v3	fedora-clang-libcxx	3976565	5351654087	972433	2032777	159156651	577788591	NA	0
1559	3	range-v3	fedora-clang-libcxx	4008456	5355662543	972448	2032777	159274144	578221499	NA	0
1560	3	range-v3	fedora-clang-libcxx	4271654	5359934197	972463	2032777	159397890	578676634	NA	0
1561	3	range-v3	fedora-clang-libcxx	3979334	5363913531	972478	2032777	159514677	579106635	NA	0
1562	3	range-v3	fedora-clang-libcxx	4263742	5368177273	972493	2032777	159638310	579561297	NA	0
1563	3	range-v3	fedora-clang-libcxx	3925636	5372102909	972508	2032777	159753988	579986675	NA	0
1564	3	range-v3	fedora-clang-libcxx	3947841	5376050750	972523	2032777	159869899	580413511	NA	0
1565	3	range-v3	fedora-clang-libcxx	3947191	5379997941	972538	2032777	159985568	580838960	NA	0
1566	3	range-v3	fedora-clang-libcxx	3925494	5383923435	972553	2032777	160100713	581262292	NA	0
1567	3	range-v3	fedora-clang-libcxx	3918418	5387841853	972568	2140519	160216103	581687300	NA	1
1568	3	range-v3	fedora-clang-libcxx	3943283	5391785136	972583	2140519	160331696	582113818	NA	0
1569	3	range-v3	fedora-clang-libcxx	3943652	5395728788	972598	2140519	160447298	582540336	NA	0
1570	3	range-v3	fedora-clang-libcxx	3918806	5399647594	972613	2140519	160562700	582965487	NA	0
1571	3	range-v3	fedora-clang-libcxx	3916142	5403563736	972628	2140519	160677908	583389815	NA	0
1572	3	range-v3	fedora-clang-libcxx	3945578	5407509314	972643	2140519	160793828	583816569	NA	0
1573	3	range-v3	fedora-clang-libcxx	3961486	5411470800	972658	2140519	160909752	584243293	NA	0
1574	3	range-v3	fedora-clang-libcxx	3969621	5415440421	972673	2140519	161026098	584671806	NA	0
1575	3	range-v3	fedora-clang-libcxx	4298095	5419738516	972688	2140519	161150439	585130564	NA	0
1576	3	range-v3	fedora-clang-libcxx	3969142	5423707658	972703	2140519	161266929	585561111	NA	0
1577	3	range-v3	fedora-clang-libcxx	3972875	5427680533	972718	2140519	161383384	585991453	NA	0
1578	3	range-v3	fedora-clang-libcxx	3974825	5431655358	972733	2140519	161499647	586419369	NA	0
1579	3	range-v3	fedora-clang-libcxx	3974939	5435630297	972748	2140519	161615911	586847285	NA	0
1580	3	range-v3	fedora-clang-libcxx	3975089	5439605386	972763	2140519	161732175	587275212	NA	0
1581	3	range-v3	fedora-clang-libcxx	3975064	5443580450	972778	2140519	161848439	587703136	NA	0
1582	3	range-v3	fedora-clang-libcxx	3974516	5447554966	972793	2140519	161964702	588131058	NA	0
1583	3	range-v3	fedora-clang-libcxx	3977398	5451532364	972808	2140519	162081001	588559306	NA	0
1584	3	range-v3	fedora-clang-libcxx	3971982	5455504346	972823	2140519	162197211	588986955	NA	0
1585	3	range-v3	fedora-clang-libcxx	3972098	5459476444	972838	2140519	162313423	589414608	NA	0
1586	3	range-v3	fedora-clang-libcxx	3972248	5463448692	972853	2140519	162429635	589842271	NA	0
1587	3	range-v3	fedora-clang-libcxx	3972223	5467420915	972868	2140519	162545847	590269933	NA	0
1588	3	range-v3	fedora-clang-libcxx	3971679	5471392594	972883	2140519	162662056	590697583	NA	0
1589	3	range-v3	fedora-clang-libcxx	3970784	5475363378	972898	2140519	162778231	591125254	NA	0
1590	3	range-v3	fedora-clang-libcxx	3974643	5479338021	972913	2140519	162894473	591553012	NA	0
1591	3	range-v3	fedora-clang-libcxx	3974767	5483312788	972928	2140519	163010717	591980769	NA	0
1592	3	range-v3	fedora-clang-libcxx	3974917	5487287705	972943	2140519	163126961	592408538	NA	0
1593	3	range-v3	fedora-clang-libcxx	3974892	5491262597	972958	2140519	163243205	592836306	NA	0
1594	3	range-v3	fedora-clang-libcxx	3974348	5495236945	972973	2140519	163359448	593264063	NA	0
1595	3	range-v3	fedora-clang-libcxx	3978485	5499215430	972988	2140519	163475740	593692145	NA	0
1596	3	range-v3	fedora-clang-libcxx	3971918	5503187348	973003	2140519	163591951	594119851	NA	0
1597	3	range-v3	fedora-clang-libcxx	3972027	5507159375	973018	2140519	163708164	594547557	NA	0
1598	3	range-v3	fedora-clang-libcxx	3972177	5511131552	973033	2140519	163824377	594975270	NA	0
1599	3	range-v3	fedora-clang-libcxx	3972152	5515103704	973048	2140519	163940590	595402990	NA	0
1600	3	range-v3	fedora-clang-libcxx	3971608	5519075312	973063	2140519	164056801	595830697	NA	0
1601	3	range-v3	fedora-clang-libcxx	3975297	5523050609	973078	2140519	164173060	596258716	NA	0
1602	3	range-v3	fedora-clang-libcxx	4252313	5527302922	973093	2140519	164296254	596713487	NA	0
1603	3	range-v3	fedora-clang-libcxx	4572230	5531875152	973108	2140519	164428423	597201504	NA	0
1604	3	range-v3	fedora-clang-libcxx	4273932	5536149084	973123	2140519	164552243	597656800	NA	0
1605	3	range-v3	fedora-clang-libcxx	4043216	5540192300	973138	2140519	164670626	598092512	NA	0
1606	3	range-v3	fedora-clang-libcxx	4372253	5544564553	973153	2140519	164797458	598558267	NA	0
1607	3	range-v3	fedora-clang-libcxx	4200794	5548765347	973168	2140519	164920253	599010983	NA	0
1608	3	range-v3	fedora-clang-libcxx	3955362	5552720709	973183	2140519	165035913	599438475	NA	0
1609	3	range-v3	fedora-clang-libcxx	3957359	5556678068	973198	2140519	165151532	599862913	NA	0
1610	3	range-v3	fedora-clang-libcxx	3923562	5560601630	973213	2140519	165266921	600289062	NA	0
1611	3	range-v3	fedora-clang-libcxx	3962709	5564564339	973228	2140519	165383462	600718154	NA	0
1612	3	range-v3	fedora-clang-libcxx	3812050	5568376389	973243	2140519	165494783	601127882	NA	0
1613	3	range-v3	fedora-clang-libcxx	3912393	5572288782	973258	2140519	165609677	601550992	NA	0
1614	3	range-v3	fedora-clang-libcxx	3549949	5575838731	973273	2140519	165714883	601934928	NA	0
1615	3	range-v3	fedora-clang-libcxx	3806592	5579645323	973288	2140519	165827334	602345793	NA	0
1616	3	range-v3	fedora-clang-libcxx	3826372	5583471695	973303	2140519	165939824	602758365	NA	0
1617	3	range-v3	fedora-clang-libcxx	3956473	5587428168	973318	2140519	166055276	603183448	NA	0
1618	3	range-v3	fedora-clang-libcxx	3679682	5591107850	973333	2140519	166163441	603580382	NA	0
1619	3	range-v3	fedora-clang-libcxx	3906558	5595014408	973348	2140519	166278861	604002288	NA	0
1620	3	range-v3	fedora-clang-libcxx	4236157	5599250565	973363	2140519	166402547	604459518	NA	0
1621	3	range-v3	fedora-clang-libcxx	3536266	5602786831	973378	2140519	166507980	604842994	NA	0
1622	3	range-v3	fedora-clang-libcxx	3217670	5606004501	973393	2140519	166604510	605192957	NA	0
1623	3	range-v3	fedora-clang-libcxx	3196703	5609201204	973408	2140519	166700692	605540334	NA	0
1624	3	range-v3	fedora-clang-libcxx	3899038	5613100242	973423	2140519	166815109	605961578	NA	0
1625	3	range-v3	fedora-clang-libcxx	3932213	5617032455	973438	2140519	166930051	606385371	NA	0
1626	3	range-v3	fedora-clang-libcxx	3920532	5620952987	973453	2140519	167045037	606808860	NA	0
1627	3	range-v3	fedora-clang-libcxx	3900789	5624853776	973468	2140519	167159538	607230448	NA	0
1628	3	range-v3	fedora-clang-libcxx	3983334	5628837110	973483	2140519	167275923	607660222	NA	0
1629	3	range-v3	fedora-clang-libcxx	3901001	5632738111	973498	2140519	167391046	608081419	NA	0
1630	3	range-v3	fedora-clang-libcxx	4472419	5637210530	973513	2140519	167520253	608560501	NA	0
1631	3	range-v3	fedora-clang-libcxx	3952006	5641162536	973528	2140519	167636118	608988797	NA	0
1632	3	range-v3	fedora-clang-libcxx	4173456	5645335992	973543	2140519	167757787	609439553	NA	0
1633	3	range-v3	fedora-clang-libcxx	3216540	5648552532	973558	2140519	167854555	609789519	NA	0
1634	3	range-v3	fedora-clang-libcxx	3761526	5652314058	973573	2140519	167964917	610194361	NA	0
1635	3	range-v3	fedora-clang-libcxx	3062565	5655376623	973588	2140519	168056581	610525307	NA	0
1636	3	range-v3	fedora-clang-libcxx	274	5655376897	973603	2140519	168056604	610525439	NA	0
1637	3	range-v3	fedora-clang-libcxx	3947615	5659324512	973618	2140519	168172963	610952556	NA	0
1638	3	range-v3	fedora-clang-libcxx	3985570	5663310082	973633	2140519	168289670	611381780	NA	0
1639	3	range-v3	fedora-clang-libcxx	4067286	5667377368	973648	2140519	168408427	611821393	NA	0
1640	3	range-v3	fedora-clang-libcxx	3143238	5670520606	973663	2140519	168502274	612161856	NA	0
1641	3	range-v3	fedora-clang-libcxx	3787434	5674308040	973678	2140519	168613510	612569968	NA	0
1642	3	range-v3	fedora-clang-libcxx	3230739	5677538779	973693	2140519	168710556	612921616	NA	0
1643	3	range-v3	fedora-clang-libcxx	4018841	5681557620	973708	2140519	168828411	613356201	NA	0
1644	3	range-v3	fedora-clang-libcxx	4084552	5685642172	973723	2140519	168948048	613798030	NA	0
1645	3	range-v3	fedora-clang-libcxx	4099176	5689741348	973738	2140519	169068014	614242060	NA	0
1646	3	range-v3	fedora-clang-libcxx	3974068	5693715416	973753	2140519	169184638	614672031	NA	0
1647	3	range-v3	fedora-clang-libcxx	4364034	5698079450	973768	2140519	169311578	615142464	NA	0
1648	3	range-v3	fedora-clang-libcxx	4068038	5702147488	973783	2140519	169430652	615581620	NA	0
1649	3	range-v3	fedora-clang-libcxx	4000682	5706148170	973798	2140519	169548061	616015914	NA	0
1650	3	range-v3	fedora-clang-libcxx	4312664	5710460834	973813	2140519	169673711	616482204	NA	0
1651	3	range-v3	fedora-clang-libcxx	4372735	5714833569	973828	2140519	169801266	616952491	NA	0
1652	3	range-v3	fedora-clang-libcxx	4122413	5718955982	973843	2140519	169922167	617398596	NA	0
1653	3	range-v3	fedora-clang-libcxx	4114031	5723070013	973858	2140519	170042521	617843509	NA	0
1654	3	range-v3	fedora-clang-libcxx	4008452	5727078465	973873	2140519	170160175	618276979	NA	0
1655	3	range-v3	fedora-clang-libcxx	4667422	5731745887	973888	2140519	170294662	618775546	NA	0
1656	3	range-v3	fedora-clang-libcxx	4002435	5735748322	973903	2140519	170412086	619208241	NA	0
1657	3	range-v3	fedora-clang-libcxx	4234232	5739982554	973918	2140519	170536030	619665569	NA	0
1658	3	range-v3	fedora-clang-libcxx	4000696	5743983250	973933	2140519	170653248	620099724	NA	0
1659	3	range-v3	fedora-clang-libcxx	4330483	5748313733	973948	2140519	170779343	620567055	NA	0
1660	3	range-v3	fedora-clang-libcxx	4327002	5752640735	973963	2140519	170905320	621033731	NA	0
1661	3	range-v3	fedora-clang-libcxx	4144503	5756785238	973978	2140519	171026736	621482087	NA	0
1662	3	range-v3	fedora-clang-libcxx	4163682	5760948920	973993	2140519	171149387	621931506	NA	0
1663	3	range-v3	fedora-clang-libcxx	4132922	5765081842	974008	2140519	171270321	622379820	NA	0
1664	3	range-v3	fedora-clang-libcxx	3881728	5768963570	974023	2140519	171384679	622802292	NA	0
1665	3	range-v3	fedora-clang-libcxx	3913941	5772877511	974038	2140519	171499906	623227494	NA	0
1666	3	range-v3	fedora-clang-libcxx	4024312	5776901823	974053	2140519	171618138	623663107	NA	0
1667	3	range-v3	fedora-clang-libcxx	3990017	5780891840	974068	2140519	171735468	624095565	NA	0
1668	3	range-v3	fedora-clang-libcxx	3932532	5784824372	974083	2140519	171851049	624521234	NA	0
1669	3	range-v3	fedora-clang-libcxx	4133284	5788957656	974098	2140519	171972244	624968515	NA	0
1670	3	range-v3	fedora-clang-libcxx	3973900	5792931556	974113	2140519	172088903	625400267	NA	0
1671	3	range-v3	fedora-clang-libcxx	4031365	5796962921	974128	2140519	172207211	625836477	NA	0
1672	3	range-v3	fedora-clang-libcxx	4106565	5801069486	974143	2140519	172327600	626281303	NA	0
1673	3	range-v3	fedora-clang-libcxx	3819643	5804889129	974158	2140519	172439990	626693774	NA	0
1674	3	range-v3	fedora-clang-libcxx	3991951	5808881080	974173	2140519	172557124	627124956	NA	0
1675	3	range-v3	fedora-clang-libcxx	4412222	5813293302	974188	2140519	172685865	627602084	NA	0
1676	3	range-v3	fedora-clang-libcxx	3986572	5817279874	974203	2140519	172803229	628035045	NA	0
1677	3	range-v3	fedora-clang-libcxx	4237178	5821517052	974218	2140519	172926256	628491394	NA	0
1678	3	range-v3	fedora-clang-libcxx	3946806	5825463858	974233	2140519	173042429	628918304	NA	0
1679	3	range-v3	fedora-clang-libcxx	4023590	5829487448	974248	2485943	173160753	629353032	NA	1
1680	3	range-v3	fedora-clang-libcxx	3963895	5833451343	974263	2485943	173277314	629783347	NA	0
1681	3	range-v3	fedora-clang-libcxx	3929618	5837380961	974278	2485943	173393184	630210660	NA	0
1682	3	range-v3	fedora-clang-libcxx	4127378	5841508339	974293	2485943	173513882	630655840	NA	0
1683	3	range-v3	fedora-clang-libcxx	4107813	5845616152	974308	2485943	173634041	631100060	NA	0
1684	3	range-v3	fedora-clang-libcxx	4110570	5849726722	974323	2485943	173754264	631544515	NA	0
1685	3	range-v3	fedora-clang-libcxx	4189929	5853916651	974338	2485943	173876746	631997031	NA	0
1686	3	range-v3	fedora-clang-libcxx	4174652	5858091303	974353	2485943	173998384	632443087	NA	0
1687	3	range-v3	fedora-clang-libcxx	4321768	5862413071	974368	2485943	174123886	632907382	NA	0
1688	3	range-v3	fedora-clang-libcxx	4289242	5866702313	974383	2485943	174248598	633368925	NA	0
1689	3	range-v3	fedora-clang-libcxx	4357974	5871060287	974398	2485943	174375076	633837567	NA	0
1690	3	range-v3	fedora-clang-libcxx	4300704	5875360991	974413	2485943	174500044	634300270	NA	0
1691	3	range-v3	fedora-clang-libcxx	4183049	5879544040	974428	2485943	174622416	634751415	NA	0
1692	3	range-v3	fedora-clang-libcxx	4285693	5883829733	974443	2485943	174747907	635215795	NA	0
1693	3	range-v3	fedora-clang-libcxx	4229703	5888059436	974458	2485943	174872222	635669324	NA	0
1694	3	range-v3	fedora-clang-libcxx	4212520	5892271956	974473	2485943	174995273	636124432	NA	0
1695	3	range-v3	fedora-clang-libcxx	4249761	5896521717	974488	2485943	175119114	636583147	NA	0
1696	3	range-v3	fedora-clang-libcxx	3984446	5900506163	974503	2485943	175235916	637014171	NA	0
1697	3	range-v3	fedora-clang-libcxx	4068015	5904574178	974518	2485943	175355154	637453470	NA	0
1698	3	range-v3	fedora-clang-libcxx	4149032	5908723210	974533	2485943	175476685	637901989	NA	0
1699	3	range-v3	fedora-clang-libcxx	4140392	5912863602	974548	2485943	175597963	638349407	NA	0
1700	3	range-v3	fedora-clang-libcxx	3890996	5916754598	974563	2485943	175712686	638770012	NA	0
1701	3	range-v3	fedora-clang-libcxx	4045850	5920800448	974578	2485943	175831574	639209884	NA	0
1702	3	range-v3	fedora-clang-libcxx	4122319	5924922767	974593	2485943	175953749	639658460	NA	0
1703	3	range-v3	fedora-clang-libcxx	4184652	5929107419	974608	2485943	176075759	640110722	NA	0
1704	3	range-v3	fedora-clang-libcxx	4028712	5933136131	974623	2485943	176194216	640546126	NA	0
1705	3	range-v3	fedora-clang-libcxx	4096988	5937233119	974638	2485943	176314537	640989092	NA	0
1706	3	range-v3	fedora-clang-libcxx	3886652	5941119771	974653	2485943	176428937	641411100	NA	0
1707	3	range-v3	fedora-clang-libcxx	4405304	5945525075	974668	2485943	176556912	641885367	NA	0
1708	3	range-v3	fedora-clang-libcxx	4351197	5949876272	974683	2485943	176683457	642354598	NA	0
1709	3	range-v3	fedora-clang-libcxx	6069577	5955945849	974698	2485943	176858342	642990685	NA	0
1710	3	range-v3	fedora-clang-libcxx	6001244	5961947093	974713	2485943	177030891	643618966	NA	0
1711	3	range-v3	fedora-clang-libcxx	3479223	5965426316	974728	2485943	177133824	643995256	NA	0
1712	3	range-v3	fedora-clang-libcxx	3481419	5968907735	974743	2485943	177236849	644372317	NA	0
1713	3	range-v3	fedora-clang-libcxx	3809393	5972717128	974758	2485943	177347888	644781503	NA	0
1714	3	range-v3	fedora-clang-libcxx	3636258	5976353386	974773	2485943	177454841	645173990	NA	0
1715	3	range-v3	fedora-clang-libcxx	3768056	5980121442	974788	2485943	177563204	645572001	NA	0
1716	3	range-v3	fedora-clang-libcxx	3488775	5983610217	974803	2485943	177666397	645949601	NA	0
1717	3	range-v3	fedora-clang-libcxx	6131291	5989741508	974818	2485943	177842622	646592338	NA	0
1718	3	range-v3	fedora-clang-libcxx	3945789	5993687297	974833	2485943	177957959	647016673	NA	0
1719	3	range-v3	fedora-clang-libcxx	3970163	5997657460	974848	2485943	178073868	647443379	NA	0
1720	3	range-v3	fedora-clang-libcxx	4142845	6001800305	974863	2485943	178194193	647887724	NA	0
1721	3	range-v3	fedora-clang-libcxx	3908292	6005708597	974878	2485943	178307731	648305347	NA	0
1722	3	range-v3	fedora-clang-libcxx	3871491	6009580088	974893	2485943	178420825	648721599	NA	0
1723	3	range-v3	fedora-clang-libcxx	3876251	6013456339	974908	2485943	178534261	649138722	NA	0
1724	3	range-v3	fedora-clang-libcxx	3896102	6017352441	974923	2485943	178648415	649557783	NA	0
1725	4	range-v3	fedora-clang-libcxx	305	6017352746	974938	2485943	178648439	649557923	NA	0
1726	4	range-v3	fedora-clang-libcxx	758940	6018111686	974953	2485943	178670879	649637617	NA	0
1727	4	range-v3	fedora-clang-libcxx	730630	6018842316	974968	2485943	178692296	649713147	NA	0
1728	4	range-v3	fedora-clang-libcxx	732176	6019574492	974983	2485943	178713794	649788825	NA	0
1729	4	range-v3	fedora-clang-libcxx	610923	6020185415	974998	2485943	178731612	649849375	NA	0
1730	4	range-v3	fedora-clang-libcxx	546127	6020731542	975013	2485943	178746351	649898984	NA	0
1731	4	range-v3	fedora-clang-libcxx	4465739	6025197281	975028	2485943	178874238	650370375	NA	0
1732	4	range-v3	fedora-clang-libcxx	3261862	6028459143	975043	2485943	178971742	650725699	NA	0
1733	4	range-v3	fedora-clang-libcxx	3501651	6031960794	975058	2485943	179074479	651103839	NA	0
1734	4	range-v3	fedora-clang-libcxx	3243025	6035203819	975073	2485943	179171484	651456737	NA	0
1735	4	range-v3	fedora-clang-libcxx	3491766	6038695585	975088	2485943	179274559	651834220	NA	0
1736	4	range-v3	fedora-clang-libcxx	3468469	6042164054	975103	2485943	179376933	652209612	NA	0
1737	4	range-v3	fedora-clang-libcxx	3437164	6045601218	975118	2485943	179478290	652581325	NA	0
1738	4	range-v3	fedora-clang-libcxx	3433110	6049034328	975133	2485943	179579598	652952399	NA	0
1739	4	range-v3	fedora-clang-libcxx	3469635	6052503963	975148	2485943	179681704	653329338	NA	0
1740	4	range-v3	fedora-clang-libcxx	3465746	6055969709	975163	2485943	179783907	653704780	NA	0
1741	4	range-v3	fedora-clang-libcxx	3465815	6059435524	975178	2485943	179886109	654080224	NA	0
1742	4	range-v3	fedora-clang-libcxx	3502742	6062938266	975193	2485943	179989455	654458882	NA	0
1743	4	range-v3	fedora-clang-libcxx	3503260	6066441526	975208	2485943	180092639	654837776	NA	0
1744	4	range-v3	fedora-clang-libcxx	3301834	6069743360	975223	2485943	180191307	655197089	NA	0
1745	4	range-v3	fedora-clang-libcxx	3619558	6073362918	975238	2485943	180297152	655584747	NA	0
1746	4	range-v3	fedora-clang-libcxx	3541520	6076904438	975253	2485943	180401199	655966142	NA	0
1747	4	range-v3	fedora-clang-libcxx	3379431	6080283869	975268	2485943	180501426	656332446	NA	0
1748	4	range-v3	fedora-clang-libcxx	3712281	6083996150	975283	2485943	180609774	656733686	NA	0
1749	4	range-v3	fedora-clang-libcxx	3728053	6087724203	975298	2485943	180718726	657137917	NA	0
1750	4	range-v3	fedora-clang-libcxx	3714604	6091438807	975313	2485943	180827193	657536445	NA	0
1751	4	range-v3	fedora-clang-libcxx	3492380	6094931187	975328	2485943	180930298	657914132	NA	0
1752	4	range-v3	fedora-clang-libcxx	3491678	6098422865	975343	2485943	181033371	658291613	NA	0
1753	4	range-v3	fedora-clang-libcxx	3468467	6101891332	975358	2485943	181135745	658666997	NA	0
1754	4	range-v3	fedora-clang-libcxx	3322775	6105214107	975373	2485943	181234415	659027855	NA	0
1755	4	range-v3	fedora-clang-libcxx	3502634	6108716741	975388	2485943	181337742	659406469	NA	0
1756	4	range-v3	fedora-clang-libcxx	3507670	6112224411	975403	2485943	181440980	659785336	NA	0
1757	4	range-v3	fedora-clang-libcxx	4388944	6116613355	975418	2485943	181566223	660242470	NA	0
1758	4	range-v3	fedora-clang-libcxx	3240856	6119854211	975433	2485943	181663303	660595117	NA	0
1759	4	range-v3	fedora-clang-libcxx	3273323	6123127534	975448	2485943	181760403	660949200	NA	0
1760	4	range-v3	fedora-clang-libcxx	3237382	6126364916	975463	2485943	181857201	661301721	NA	0
1761	4	range-v3	fedora-clang-libcxx	3237379	6129602295	975478	2485943	181954000	661654237	NA	0
1762	4	range-v3	fedora-clang-libcxx	3513973	6133116268	975493	2485943	182057151	662031516	NA	0
1763	4	range-v3	fedora-clang-libcxx	3270551	6136386819	975508	2485943	182154958	662387129	NA	0
1764	4	range-v3	fedora-clang-libcxx	3295233	6139682052	975523	2485943	182253015	662744157	NA	0
1765	4	range-v3	fedora-clang-libcxx	3298073	6142980125	975538	2485943	182351118	663101440	NA	0
1766	4	range-v3	fedora-clang-libcxx	3267189	6146247314	975553	2485943	182448881	663456649	NA	0
1767	4	range-v3	fedora-clang-libcxx	3300843	6149548157	975568	2485943	182547073	663814138	NA	0
1768	4	range-v3	fedora-clang-libcxx	3270557	6152818714	975583	2485943	182644884	664169766	NA	0
1769	4	range-v3	fedora-clang-libcxx	3286320	6156105034	975598	2485943	182742794	664525798	NA	0
1770	4	range-v3	fedora-clang-libcxx	3244260	6159349294	975613	2485943	182839702	664878448	NA	0
1771	4	range-v3	fedora-clang-libcxx	3513576	6162862870	975628	2485943	182943063	665256978	NA	0
1772	4	range-v3	fedora-clang-libcxx	3267779	6166130649	975643	2485943	183040106	665610418	NA	0
1773	4	range-v3	fedora-clang-libcxx	3296505	6169427154	975658	2485943	183138349	665968179	NA	0
1774	4	range-v3	fedora-clang-libcxx	3265769	6172692923	975673	2485943	183235313	666321715	NA	0
1775	4	range-v3	fedora-clang-libcxx	3291210	6175984133	975688	2485943	183333006	666677510	NA	0
1776	4	range-v3	fedora-clang-libcxx	3237458	6179221591	975703	2485943	183429812	667030070	NA	0
1777	4	range-v3	fedora-clang-libcxx	3237517	6182459108	975718	2485943	183526614	667382631	NA	0
1778	4	range-v3	fedora-clang-libcxx	3277598	6185736706	975733	2485943	183624551	667738731	NA	0
1779	4	range-v3	fedora-clang-libcxx	3273037	6189009743	975748	2485943	183722468	668094848	NA	0
1780	4	range-v3	fedora-clang-libcxx	3526921	6192536664	975763	2485943	183826124	668474548	NA	0
1781	4	range-v3	fedora-clang-libcxx	3240516	6195777180	975778	2485943	183923232	668826824	NA	0
1782	4	range-v3	fedora-clang-libcxx	3267210	6199044390	975793	2485943	184021063	669182084	NA	0
1783	4	range-v3	fedora-clang-libcxx	3241005	6202285395	975808	2485943	184117968	669534994	NA	0
1784	4	range-v3	fedora-clang-libcxx	3510805	6205796200	975823	2485943	184221340	669913846	NA	0
1785	4	range-v3	fedora-clang-libcxx	3242023	6209038223	975838	2485943	184318402	670266916	NA	0
1786	4	range-v3	fedora-clang-libcxx	3241070	6212279293	975853	2485943	184415305	670619860	NA	0
1787	4	range-v3	fedora-clang-libcxx	3241199	6215520492	975868	2485943	184512210	670972815	NA	0
1788	4	range-v3	fedora-clang-libcxx	3328342	6218848834	975883	2485943	184611605	671333651	NA	0
1789	4	range-v3	fedora-clang-libcxx	3290385	6222139219	975898	2485943	184709971	671690927	NA	0
1790	4	range-v3	fedora-clang-libcxx	3328174	6225467393	975913	2485943	184809370	672051794	NA	0
1791	4	range-v3	fedora-clang-libcxx	3265368	6228732761	975928	2634588	184906327	672405113	NA	1
1792	4	range-v3	fedora-clang-libcxx	3295863	6232028624	975943	2634588	185004137	672761520	NA	0
1793	4	range-v3	fedora-clang-libcxx	3265372	6235293996	975958	2634588	185101492	673116183	NA	0
1794	4	range-v3	fedora-clang-libcxx	3291146	6238585142	975973	2634588	185199633	673472681	NA	0
1795	4	range-v3	fedora-clang-libcxx	3292273	6241877415	975988	2634588	185297662	673828903	NA	0
1796	4	range-v3	fedora-clang-libcxx	3635932	6245513347	976003	2634588	185403854	674217955	NA	0
1797	4	range-v3	fedora-clang-libcxx	3237135	6248750482	976018	2634588	185500836	674570164	NA	0
1798	4	range-v3	fedora-clang-libcxx	3244937	6251995419	976033	2634588	185597932	674923290	NA	0
1799	4	range-v3	fedora-clang-libcxx	3241037	6255236456	976048	2634588	185695014	675275796	NA	0
1800	4	range-v3	fedora-clang-libcxx	3238337	6258474793	976063	2634588	185792003	675628203	NA	0
1801	4	range-v3	fedora-clang-libcxx	3282212	6261757005	976078	2634588	185890129	675985008	NA	0
1802	4	range-v3	fedora-clang-libcxx	3238115	6264995120	976093	2634588	185987117	676337421	NA	0
1803	4	range-v3	fedora-clang-libcxx	3271233	6268266353	976108	2634588	186085043	676692998	NA	0
1804	4	range-v3	fedora-clang-libcxx	3272213	6271538566	976123	2634588	186182440	677047793	NA	0
1805	4	range-v3	fedora-clang-libcxx	3238115	6274776681	976138	2634588	186279428	677400190	NA	0
1806	4	range-v3	fedora-clang-libcxx	3271233	6278047914	976153	2634588	186377354	677755766	NA	0
1807	4	range-v3	fedora-clang-libcxx	3264315	6281312229	976168	2634588	186474744	678110045	NA	0
1808	4	range-v3	fedora-clang-libcxx	3266659	6284578888	976183	2634588	186572251	678464585	NA	0
1809	4	range-v3	fedora-clang-libcxx	3269852	6287848740	976198	2634588	186669637	678819706	NA	0
1810	4	range-v3	fedora-clang-libcxx	3265985	6291114725	976213	2634588	186767052	679174467	NA	0
1811	4	range-v3	fedora-clang-libcxx	3296514	6294411239	976228	2634588	186865295	679532212	NA	0
1812	4	range-v3	fedora-clang-libcxx	3237407	6297648646	976243	2634588	186962095	679884754	NA	0
1813	4	range-v3	fedora-clang-libcxx	3334364	6300983010	976258	2634588	187061850	680247563	NA	0
1814	4	range-v3	fedora-clang-libcxx	3296333	6304279343	976273	2634588	187159977	680604101	NA	0
1815	4	range-v3	fedora-clang-libcxx	3297458	6307576801	976288	2634588	187258464	680961988	NA	0
1816	4	range-v3	fedora-clang-libcxx	3272894	6310849695	976303	2634588	187356471	681317801	NA	0
1817	4	range-v3	fedora-clang-libcxx	3297076	6314146771	976318	2634588	187454720	681675028	NA	0
1818	4	range-v3	fedora-clang-libcxx	3275022	6317421793	976333	2634588	187552752	682031058	NA	0
1819	4	range-v3	fedora-clang-libcxx	3322457	6320744250	976348	2634588	187651811	682390935	NA	0
1820	4	range-v3	fedora-clang-libcxx	3274590	6324018840	976363	2634588	187749826	682746780	NA	0
1821	4	range-v3	fedora-clang-libcxx	3265498	6327284338	976378	2634588	187847342	683101188	NA	0
1822	4	range-v3	fedora-clang-libcxx	3265606	6330549944	976393	2634588	187944859	683455559	NA	0
1823	4	range-v3	fedora-clang-libcxx	3274707	6333824651	976408	2634588	188042873	683811371	NA	0
1824	4	range-v3	fedora-clang-libcxx	3240721	6337065372	976423	2634588	188139959	684163959	NA	0
1825	4	range-v3	fedora-clang-libcxx	3265796	6340331168	976438	2634588	188237484	684518370	NA	0
1826	4	range-v3	fedora-clang-libcxx	3265903	6343597071	976453	2634588	188335008	684872754	NA	0
1827	4	range-v3	fedora-clang-libcxx	3240774	6346837845	976468	2634588	188432097	685225300	NA	0
1828	4	range-v3	fedora-clang-libcxx	825320	6347663165	976483	2634588	188457030	685313770	NA	0
1829	4	range-v3	fedora-clang-libcxx	3271820	6350934985	976498	2634588	188555032	685669129	NA	0
1830	4	range-v3	fedora-clang-libcxx	3295893	6354230878	976513	2634588	188653481	686026472	NA	0
1831	4	range-v3	fedora-clang-libcxx	3545707	6357776585	976528	2634588	188757676	686407602	NA	0
1832	4	range-v3	fedora-clang-libcxx	3271645	6361048230	976543	2634588	188854794	686761415	NA	0
1833	4	range-v3	fedora-clang-libcxx	3607285	6364655515	976558	2634588	188960298	687147133	NA	0
1834	4	range-v3	fedora-clang-libcxx	3508819	6368164334	976573	2634588	189063823	687525298	NA	0
1835	4	range-v3	fedora-clang-libcxx	3507042	6371671376	976588	2634588	189167294	687903225	NA	0
1836	4	range-v3	fedora-clang-libcxx	3287441	6374958817	976603	2634588	189265001	688259428	NA	0
1837	4	range-v3	fedora-clang-libcxx	3566859	6378525676	976618	2634588	189368836	688641180	NA	0
1838	4	range-v3	fedora-clang-libcxx	3332191	6381857867	976633	2634588	189467826	689001927	NA	0
1839	4	range-v3	fedora-clang-libcxx	3594983	6385452850	976648	2634588	189573004	689387324	NA	0
1840	4	range-v3	fedora-clang-libcxx	3681329	6389134179	976663	2634588	189680400	689780841	NA	0
1841	4	range-v3	fedora-clang-libcxx	3313156	6392447335	976678	2634588	189778951	690140128	NA	0
1842	4	range-v3	fedora-clang-libcxx	3267860	6395715195	976693	2634588	189876488	690494585	NA	0
1843	4	range-v3	fedora-clang-libcxx	837510	6396552705	976708	2634588	189901693	690584239	NA	0
1844	4	range-v3	fedora-clang-libcxx	3275846	6399828551	976723	2634588	189999252	690939850	NA	0
1845	4	range-v3	fedora-clang-libcxx	3274844	6403103395	976738	2634588	190097265	691295810	NA	0
1846	4	range-v3	fedora-clang-libcxx	3269631	6406373026	976753	2634588	190194907	691650511	NA	0
1847	4	range-v3	fedora-clang-libcxx	3279114	6409652140	976768	2634588	190292598	692005730	NA	0
1848	4	range-v3	fedora-clang-libcxx	3282145	6412934285	976783	2634588	190390724	692362535	NA	0
1849	4	range-v3	fedora-clang-libcxx	6000392	6418934677	976798	2634588	190570391	692992438	NA	0
1850	4	range-v3	fedora-clang-libcxx	3270547	6422205224	976813	2634588	190668627	693347552	NA	0
1851	4	range-v3	fedora-clang-libcxx	3270561	6425475785	976828	2634588	190766863	693702626	NA	0
1852	4	range-v3	fedora-clang-libcxx	3198023	6428673808	976843	2634588	190862729	694049876	NA	0
1853	4	range-v3	fedora-clang-libcxx	305	6428674113	976858	2634588	190862753	694050015	NA	0
1854	4	range-v3	fedora-clang-libcxx	3866395	6432540508	976873	2634588	190975996	694467103	NA	0
1855	4	range-v3	fedora-clang-libcxx	3216414	6435756922	976888	2634588	191072666	694816847	NA	0
1856	4	range-v3	fedora-clang-libcxx	808157	6436565079	976903	2634588	191097467	694904309	NA	0
1857	4	range-v3	fedora-clang-libcxx	569989	6437135068	976918	2634588	191113278	694957640	NA	0
1858	4	range-v3	fedora-clang-libcxx	570631	6437705699	976933	2634588	191129116	695011068	NA	0
1859	4	range-v3	fedora-clang-libcxx	3046441	6440752140	976948	2634588	191221382	695344359	NA	0
1860	4	range-v3	fedora-clang-libcxx	3234143	6443986283	976963	2634588	191318255	695696202	NA	0
1861	4	range-v3	fedora-clang-libcxx	3086758	6447073041	976978	2634588	191411352	696034842	NA	0
1862	4	range-v3	fedora-clang-libcxx	2946823	6450019864	976993	2634588	191502547	696355904	NA	0
1863	4	range-v3	fedora-clang-libcxx	3264820	6453284684	977008	2634588	191600683	696710417	NA	0
1864	4	range-v3	fedora-clang-libcxx	3216421	6456501105	977023	2634588	191697353	697060185	NA	0
1865	4	range-v3	fedora-clang-libcxx	3535640	6460036745	977038	2634588	191801475	697441892	NA	0
1866	4	range-v3	fedora-clang-libcxx	3270568	6463307313	977053	2634588	191899711	697797002	NA	0
1867	4	range-v3	fedora-clang-libcxx	3055865	6466363178	977068	2634588	191992091	698130985	NA	0
1868	4	range-v3	fedora-clang-libcxx	785765	6467148943	977083	2634588	192015739	698214865	NA	0
1869	4	range-v3	fedora-clang-libcxx	2938909	6470087852	977098	2634588	192106630	698534977	NA	0
1870	4	range-v3	fedora-clang-libcxx	2966769	6473054621	977113	2634588	192196389	698858607	NA	0
1871	4	range-v3	fedora-clang-libcxx	807879	6473862500	977128	2634588	192221127	698945884	NA	0
1872	4	range-v3	fedora-clang-libcxx	2947843	6476810343	977143	2634588	192313033	699267099	NA	0
1873	4	range-v3	fedora-clang-libcxx	2946937	6479757280	977158	2634588	192404736	699588385	NA	0
1874	4	range-v3	fedora-clang-libcxx	571485	6480328765	977173	2634588	192420629	699641988	NA	0
1875	4	range-v3	fedora-clang-libcxx	2975712	6483304477	977188	2634588	192513481	699967310	NA	0
1876	4	range-v3	fedora-clang-libcxx	2943721	6486248198	977203	2634588	192604527	700288044	NA	0
1877	4	range-v3	fedora-clang-libcxx	2953290	6489201488	977218	2634588	192694008	700609998	NA	0
1878	4	range-v3	fedora-clang-libcxx	2946339	6492147827	977233	2634588	192785635	700931158	NA	0
1879	4	range-v3	fedora-clang-libcxx	2955200	6495103027	977248	2634588	192875436	701253710	NA	0
1880	4	range-v3	fedora-clang-libcxx	2956349	6498059376	977263	2634588	192967347	701576226	NA	0
1881	4	range-v3	fedora-clang-libcxx	2954164	6501013540	977278	2634588	193056947	701898476	NA	0
1882	4	range-v3	fedora-clang-libcxx	3716468	6504730008	977293	2634588	193166070	702297522	NA	0
1883	4	range-v3	fedora-clang-libcxx	3270568	6508000576	977308	2634588	193264306	702652623	NA	0
1884	4	range-v3	fedora-clang-libcxx	3717246	6511717822	977323	2634588	193373492	703051892	NA	0
1885	4	range-v3	fedora-clang-libcxx	3510955	6515228777	977338	2634588	193477202	703430882	NA	0
1886	4	range-v3	fedora-clang-libcxx	1167742	6516396519	977353	2634588	193513150	703557338	NA	0
1887	4	range-v3	fedora-clang-libcxx	3160219	6519556738	977368	2634588	193608154	703901645	NA	0
1888	4	range-v3	fedora-clang-libcxx	3320775	6522877513	977383	2634588	193706464	704261859	NA	0
1889	4	range-v3	fedora-clang-libcxx	3032379	6525909892	977398	2634588	193798060	704593448	NA	0
1890	4	range-v3	fedora-clang-libcxx	3288273	6529198165	977413	2634588	193896437	704950711	NA	0
1891	4	range-v3	fedora-clang-libcxx	571834	6529769999	977428	2634588	193912342	705004367	NA	0
1892	4	range-v3	fedora-clang-libcxx	3051825	6532821824	977443	2634588	194004279	705337678	NA	0
1893	4	range-v3	fedora-clang-libcxx	3271434	6536093258	977458	2634588	194102465	705693123	NA	0
1894	4	range-v3	fedora-clang-libcxx	3183890	6539277148	977473	2634588	194198324	706039905	NA	0
1895	4	range-v3	fedora-clang-libcxx	3264473	6542541621	977488	2634588	194296147	706394445	NA	0
1896	4	range-v3	fedora-clang-libcxx	3167695	6545709316	977503	2634588	194391377	706740179	NA	0
1897	4	range-v3	fedora-clang-libcxx	3041612	6548750928	977518	2634588	194483086	707073391	NA	0
1898	4	range-v3	fedora-clang-libcxx	1176734	6549927662	977533	2634588	194519350	707201020	NA	0
1899	4	range-v3	fedora-clang-libcxx	3033964	6552961626	977548	2634588	194611122	707532387	NA	0
1900	4	range-v3	fedora-clang-libcxx	3485363	6556446989	977563	2634588	194713941	707907322	NA	0
1901	4	range-v3	fedora-clang-libcxx	3306559	6559753548	977578	2634588	194812087	708265185	NA	0
1902	4	range-v3	fedora-clang-libcxx	3240130	6562993678	977593	2634588	194909121	708617373	NA	0
1903	4	range-v3	fedora-clang-libcxx	3276233	6566269911	977608	2663989	195006908	708972690	NA	1
1904	4	range-v3	fedora-clang-libcxx	3248373	6569518284	977623	2663989	195104167	709325526	NA	0
1905	4	range-v3	fedora-clang-libcxx	3241596	6572759880	977638	2663989	195201165	709678399	NA	0
1906	4	range-v3	fedora-clang-libcxx	3281396	6576041276	977653	2663989	195299052	710034534	NA	0
1907	4	range-v3	fedora-clang-libcxx	3476112	6579517388	977668	2663989	195402022	710409176	NA	0
1908	4	range-v3	fedora-clang-libcxx	3197752	6582715140	977683	2663989	195497917	710756413	NA	0
1909	4	range-v3	fedora-clang-libcxx	3233778	6585948918	977698	2663989	195594684	711107297	NA	0
1910	4	range-v3	fedora-clang-libcxx	3438190	6589387108	977713	2663989	195695940	711480609	NA	0
1911	4	range-v3	fedora-clang-libcxx	3237524	6592624632	977728	2663989	195792732	711832670	NA	0
1912	4	range-v3	fedora-clang-libcxx	3270241	6595894873	977743	2663989	195890568	712187860	NA	0
1913	4	range-v3	fedora-clang-libcxx	3216386	6599111259	977758	2663989	195987029	712537495	NA	0
1914	4	range-v3	fedora-clang-libcxx	3221650	6602332909	977773	2663989	196082936	712888454	NA	0
1915	4	range-v3	fedora-clang-libcxx	3270617	6605603526	977788	2663989	196181172	713243609	NA	0
1916	4	range-v3	fedora-clang-libcxx	3234072	6608837598	977803	2663989	196277932	713594466	NA	0
1917	4	range-v3	fedora-clang-libcxx	3197853	6612035451	977818	2663989	196373745	713942768	NA	0
1918	4	range-v3	fedora-clang-libcxx	800681	6612836132	977833	2663989	196398274	714029468	NA	0
1919	4	range-v3	fedora-clang-libcxx	3220808	6616056940	977848	2663989	196494726	714380029	NA	0
1920	4	range-v3	fedora-clang-libcxx	3216414	6619273354	977863	2663989	196591396	714729748	NA	0
1921	4	range-v3	fedora-clang-libcxx	3501153	6622774507	977878	2663989	196694816	715107325	NA	0
1922	4	range-v3	fedora-clang-libcxx	3437343	6626211850	977893	2663989	196796451	715479630	NA	0
1923	4	range-v3	fedora-clang-libcxx	3848312	6630060162	977908	2663989	196908502	715889856	NA	0
1924	4	range-v3	fedora-clang-libcxx	1545580	6631605742	977923	2663989	196955460	716056841	NA	0
1925	4	range-v3	fedora-clang-libcxx	1551797	6633157539	977938	2663989	197002696	716224863	NA	0
1926	4	range-v3	fedora-clang-libcxx	1176152	6634333691	977953	2663989	197039136	716352333	NA	0
1927	4	range-v3	fedora-clang-libcxx	3160648	6637494339	977968	2663989	197134460	716696598	NA	0
1928	4	range-v3	fedora-clang-libcxx	825789	6638320128	977983	2663989	197159843	716785756	NA	0
1929	4	range-v3	fedora-clang-libcxx	3320242	6641640370	977998	2663989	197258673	717145825	NA	0
1930	4	range-v3	fedora-clang-libcxx	3058260	6644698630	978013	2663989	197350261	717476517	NA	0
1931	4	range-v3	fedora-clang-libcxx	804830	6645503460	978028	2663989	197374954	717563444	NA	0
1932	4	range-v3	fedora-clang-libcxx	835825	6646339285	978043	2663989	197400636	717653949	NA	0
1933	4	range-v3	fedora-clang-libcxx	806690	6647145975	978058	2663989	197425354	717741120	NA	0
1934	4	range-v3	fedora-clang-libcxx	803378	6647949353	978073	2663989	197449973	717828240	NA	0
1935	4	range-v3	fedora-clang-libcxx	3288247	6651237600	978088	2663989	197548735	718184972	NA	0
1936	4	range-v3	fedora-clang-libcxx	3237474	6654475074	978103	2663989	197645839	718537103	NA	0
1937	4	range-v3	fedora-clang-libcxx	3059133	6657534207	978118	2663989	197738222	718870935	NA	0
1938	4	range-v3	fedora-clang-libcxx	810028	6658344235	978133	2663989	197763110	718958537	NA	0
1939	4	range-v3	fedora-clang-libcxx	801905	6659146140	978148	2663989	197787694	719045393	NA	0
1940	4	range-v3	fedora-clang-libcxx	803557	6659949697	978163	2663989	197812297	719132503	NA	0
1941	4	range-v3	fedora-clang-libcxx	2943731	6662893428	978178	2663989	197901642	719453140	NA	0
1942	4	range-v3	fedora-clang-libcxx	3304671	6666198099	978193	2663989	198000938	719811962	NA	0
1943	4	range-v3	fedora-clang-libcxx	3031801	6669229900	978208	2663989	198092966	720143124	NA	0
1944	4	range-v3	fedora-clang-libcxx	1176145	6670406045	978223	2663989	198129406	720270597	NA	0
1945	4	range-v3	fedora-clang-libcxx	3042421	6673448466	978238	2663989	198221161	720604060	NA	0
1946	4	range-v3	fedora-clang-libcxx	802562	6674251028	978253	2663989	198245765	720691040	NA	0
1947	4	range-v3	fedora-clang-libcxx	571352	6674822380	978268	2663989	198261643	720744620	NA	0
1948	4	range-v3	fedora-clang-libcxx	1598230	6676420610	978283	2663989	198310310	720917200	NA	0
1949	4	range-v3	fedora-clang-libcxx	1490784	6677911394	978298	2663989	198354590	721075657	NA	0
1950	4	range-v3	fedora-clang-libcxx	3563637	6681475031	978313	2663989	198458413	721456962	NA	0
1951	4	range-v3	fedora-clang-libcxx	2883948	6684358979	978328	2663989	198546883	721768607	NA	0
1952	4	range-v3	fedora-clang-libcxx	2983859	6687342838	978343	2663989	198637466	722094102	NA	0
1953	4	range-v3	fedora-clang-libcxx	2983451	6690326289	978358	2663989	198727839	722419835	NA	0
1954	4	range-v3	fedora-clang-libcxx	570426	6690896715	978373	2663989	198743678	722473259	NA	0
1955	4	range-v3	fedora-clang-libcxx	802583	6691699298	978388	2663989	198768297	722559979	NA	0
1956	4	range-v3	fedora-clang-libcxx	820455	6692519753	978403	2663989	198793377	722649235	NA	0
1957	4	range-v3	fedora-clang-libcxx	822204	6693341957	978418	2663989	198818577	722738149	NA	0
1958	4	range-v3	fedora-clang-libcxx	2960044	6696302001	978433	2663989	198910450	723060913	NA	0
1959	4	range-v3	fedora-clang-libcxx	3034388	6699336389	978448	2663989	199002573	723392218	NA	0
1960	4	range-v3	fedora-clang-libcxx	3378902	6702715291	978463	2663989	199102861	723757970	NA	0
1961	4	range-v3	fedora-clang-libcxx	305	6702715596	978478	2663989	199102885	723758110	NA	0
1962	4	range-v3	fedora-clang-libcxx	5365303	6708080899	978493	2663989	199266490	724330951	NA	0
1963	4	range-v3	fedora-clang-libcxx	3573488	6711654387	978508	2663989	199371912	724717183	NA	0
1964	4	range-v3	fedora-clang-libcxx	3632662	6715287049	978523	2663989	199478626	725109417	NA	0
1965	4	range-v3	fedora-clang-libcxx	3593236	6718880285	978538	2663989	199584340	725498734	NA	0
1966	4	range-v3	fedora-clang-libcxx	3638283	6722518568	978553	2663989	199691264	725892736	NA	0
1967	4	range-v3	fedora-clang-libcxx	3527847	6726046415	978568	2663989	199795053	726273504	NA	0
1968	4	range-v3	fedora-clang-libcxx	3573385	6729619800	978583	2663989	199900303	726660638	NA	0
1969	4	range-v3	fedora-clang-libcxx	3542780	6733162580	978598	2663989	200004891	727042892	NA	0
1970	4	range-v3	fedora-clang-libcxx	3589973	6736752553	978613	2663989	200110707	727431049	NA	0
1971	4	range-v3	fedora-clang-libcxx	3632536	6740385089	978628	2663989	200217778	727823618	NA	0
1972	4	range-v3	fedora-clang-libcxx	3566663	6743951752	978643	2663989	200322667	728208910	NA	0
1973	4	range-v3	fedora-clang-libcxx	3694796	6747646548	978658	2663989	200431301	728608479	NA	0
1974	4	range-v3	fedora-clang-libcxx	3608567	6751255115	978673	2663989	200537489	728998268	NA	0
1975	4	range-v3	fedora-clang-libcxx	3542373	6754797488	978688	2663989	200641763	729380777	NA	0
1976	4	range-v3	fedora-clang-libcxx	3629419	6758426907	978703	2663989	200748073	729770807	NA	0
1977	4	range-v3	fedora-clang-libcxx	3580834	6762007741	978718	2663989	200853449	730158206	NA	0
1978	4	range-v3	fedora-clang-libcxx	3531092	6765538833	978733	2663989	200957356	730538392	NA	0
1979	4	range-v3	fedora-clang-libcxx	3597609	6769136442	978748	2663989	201063387	730926781	NA	0
1980	4	range-v3	fedora-clang-libcxx	3585893	6772722335	978763	2663989	201168991	731314682	NA	0
1981	4	range-v3	fedora-clang-libcxx	3602003	6776324338	978778	2663989	201275034	731703659	NA	0
1982	4	range-v3	fedora-clang-libcxx	3596550	6779920888	978793	2663989	201380727	732091754	NA	0
1983	4	range-v3	fedora-clang-libcxx	3671815	6783592703	978808	2663989	201488585	732488335	NA	0
1984	4	range-v3	fedora-clang-libcxx	3597043	6787189746	978823	2663989	201594212	732877094	NA	0
1985	4	range-v3	fedora-clang-libcxx	3469410	6790659156	978838	2663989	201696518	733251342	NA	0
1986	4	range-v3	fedora-clang-libcxx	3920044	6794579200	978853	2663989	201811165	733674711	NA	0
1987	4	range-v3	fedora-clang-libcxx	3593357	6798172557	978868	2663989	201917134	734063234	NA	0
1988	4	range-v3	fedora-clang-libcxx	3472193	6801644750	978883	2663989	202019545	734437034	NA	0
1989	4	range-v3	fedora-clang-libcxx	3653917	6805298667	978898	2663989	202126965	734832005	NA	0
1990	4	range-v3	fedora-clang-libcxx	3808522	6809107189	978913	2663989	202237691	735242789	NA	0
1991	4	range-v3	fedora-clang-libcxx	3529910	6812637099	978928	2663989	202341635	735623138	NA	0
1992	4	range-v3	fedora-clang-libcxx	3535204	6816172303	978943	2663989	202445639	736003949	NA	0
1993	4	range-v3	fedora-clang-libcxx	3717203	6819889506	978958	2663989	202554555	736403190	NA	0
1994	4	range-v3	fedora-clang-libcxx	3657522	6823547028	978973	2663989	202662071	736799099	NA	0
1995	4	range-v3	fedora-clang-libcxx	3638628	6827185656	978988	2663989	202769026	737192695	NA	0
1996	4	range-v3	fedora-clang-libcxx	3582825	6830768481	979003	2663989	202874336	737580381	NA	0
1997	4	range-v3	fedora-clang-libcxx	3464819	6834233300	979018	2663989	202976565	737953844	NA	0
1998	4	range-v3	fedora-clang-libcxx	3595662	6837828962	979033	2663989	203082316	738342880	NA	0
1999	4	range-v3	fedora-clang-libcxx	3634506	6841463468	979048	2663989	203189281	738736104	NA	0
2000	4	range-v3	fedora-clang-libcxx	3717944	6845181412	979063	2663989	203298246	739135431	NA	0
2001	4	range-v3	fedora-clang-libcxx	3698968	6848880380	979078	2663989	203406319	739533743	NA	0
2002	4	range-v3	fedora-clang-libcxx	3477052	6852357432	979093	2663989	203508953	739908416	NA	0
2003	4	range-v3	fedora-clang-libcxx	3636252	6855993684	979108	2663989	203615692	740301801	NA	0
2004	4	range-v3	fedora-clang-libcxx	3580517	6859574201	979123	2663989	203721055	740689126	NA	0
2005	4	range-v3	fedora-clang-libcxx	3560351	6863134552	979138	2663989	203825749	741073562	NA	0
2006	4	range-v3	fedora-clang-libcxx	3472250	6866606802	979153	2663989	203928147	741447448	NA	0
2007	4	range-v3	fedora-clang-libcxx	3645106	6870251908	979168	2663989	204035381	741841869	NA	0
2008	4	range-v3	fedora-clang-libcxx	3639360	6873891268	979183	2663989	204142434	742235735	NA	0
2009	4	range-v3	fedora-clang-libcxx	3480340	6877371608	979198	2663989	204245055	742610852	NA	0
2010	4	range-v3	fedora-clang-libcxx	3477945	6880849553	979213	2663989	204347485	742985898	NA	0
2011	4	range-v3	fedora-clang-libcxx	3635039	6884484592	979228	2663989	204454180	743379145	NA	0
2012	4	range-v3	fedora-clang-libcxx	3637474	6888122066	979243	2663989	204560892	743772270	NA	0
2013	4	range-v3	fedora-clang-libcxx	3634958	6891757024	979258	2663989	204667770	744165327	NA	0
2014	4	range-v3	fedora-clang-libcxx	3882635	6895639659	979273	2663989	204780298	744578826	NA	0
2015	4	range-v3	fedora-clang-libcxx	3578094	6899217753	979288	2817106	204885184	744963816	NA	1
2016	4	range-v3	fedora-clang-libcxx	3529290	6902747043	979303	2817106	204989327	745343775	NA	0
2017	4	range-v3	fedora-clang-libcxx	3646316	6906393359	979318	2817106	205096229	745736335	NA	0
2018	4	range-v3	fedora-clang-libcxx	3674317	6910067676	979333	2817106	205204086	746133804	NA	0
2019	4	range-v3	fedora-clang-libcxx	3500689	6913568365	979348	2817106	205307239	746511426	NA	0
2020	4	range-v3	fedora-clang-libcxx	3657526	6917225891	979363	2817106	205414581	746905975	NA	0
2021	4	range-v3	fedora-clang-libcxx	3674248	6920900139	979378	2817106	205522357	747303829	NA	0
2022	4	range-v3	fedora-clang-libcxx	3595822	6924495961	979393	2817106	205628210	747693138	NA	0
2023	4	range-v3	fedora-clang-libcxx	3500249	6927996210	979408	2817106	205731390	748069705	NA	0
2024	4	range-v3	fedora-clang-libcxx	3536741	6931532951	979423	2817106	205835664	748450992	NA	0
2025	4	range-v3	fedora-clang-libcxx	3577956	6935110907	979438	2817106	205940964	748837067	NA	0
2026	4	range-v3	fedora-clang-libcxx	3575967	6938686874	979453	2817106	206046013	749222729	NA	0
2027	4	range-v3	fedora-clang-libcxx	3605693	6942292567	979468	2817106	206152074	749611321	NA	0
2028	4	range-v3	fedora-clang-libcxx	3596882	6945889449	979483	2817106	206257848	750000406	NA	0
2029	4	range-v3	fedora-clang-libcxx	3833529	6949722978	979498	2817106	206371117	750416477	NA	0
2030	4	range-v3	fedora-clang-libcxx	3630705	6953353683	979513	2817106	206477700	750809250	NA	0
2031	4	range-v3	fedora-clang-libcxx	3596276	6956949959	979528	2817106	206583302	751197544	NA	0
2032	4	range-v3	fedora-clang-libcxx	3471698	6960421657	979543	2817106	206685779	751571307	NA	0
2033	4	range-v3	fedora-clang-libcxx	3603070	6964024727	979558	2817106	206791623	751961292	NA	0
2034	4	range-v3	fedora-clang-libcxx	3253940	6967278667	979573	2817106	206888942	752315919	NA	0
2035	4	range-v3	fedora-clang-libcxx	3585583	6970864250	979588	2817106	206994417	752702800	NA	0
2036	4	range-v3	fedora-clang-libcxx	3574859	6974439109	979603	2817106	207099602	753088567	NA	0
2037	4	range-v3	fedora-clang-libcxx	3574012	6978013121	979618	2817106	207205288	753474725	NA	0
2038	4	range-v3	fedora-clang-libcxx	3472592	6981485713	979633	2817106	207308053	753848454	NA	0
2039	4	range-v3	fedora-clang-libcxx	3465334	6984951047	979648	2817106	207410528	754221763	NA	0
2040	4	range-v3	fedora-clang-libcxx	212	6984951259	979663	2817106	207410550	754221884	NA	0
2041	4	range-v3	fedora-clang-libcxx	570105	6985521364	979678	2817106	207426358	754275303	NA	0
2042	4	range-v3	fedora-clang-libcxx	3349173	6988870537	979693	2817106	207526234	754638102	NA	0
2043	4	range-v3	fedora-clang-libcxx	6040668	6994911205	979708	2817106	207707534	755273982	NA	0
2044	4	range-v3	fedora-clang-libcxx	6040712	7000951917	979723	2817106	207888843	755909880	NA	0
2045	4	range-v3	fedora-clang-libcxx	3603615	7004555532	979738	2817106	207994361	756300248	NA	0
2046	4	range-v3	fedora-clang-libcxx	4099322	7008654854	979753	2817106	208114264	756744368	NA	0
2047	4	range-v3	fedora-clang-libcxx	759047	7009413901	979768	2817106	208136728	756824147	NA	0
2048	4	range-v3	fedora-clang-libcxx	3381368	7012795269	979783	2817106	208236584	757192097	NA	0
2049	4	range-v3	fedora-clang-libcxx	3511289	7016306558	979798	2817106	208340425	757571285	NA	0
2050	4	range-v3	fedora-clang-libcxx	6078229	7022384787	979813	2817106	208516122	758207428	NA	0
2051	4	range-v3	fedora-clang-libcxx	3932956	7026317743	979828	2817106	208630703	758626316	NA	0
2052	4	range-v3	fedora-clang-libcxx	3909062	7030226805	979843	2817106	208745705	759049870	NA	0
2053	4	range-v3	fedora-clang-libcxx	4051955	7034278760	979858	2817106	208864299	759488394	NA	0
2054	4	range-v3	fedora-clang-libcxx	4017636	7038296396	979873	2817106	208982242	759924931	NA	0
2055	4	range-v3	fedora-clang-libcxx	4049454	7042345850	979888	2817106	209100669	760363893	NA	0
2056	4	range-v3	fedora-clang-libcxx	4403416	7046749266	979903	2817106	209228276	760836606	NA	0
2057	4	range-v3	fedora-clang-libcxx	4050744	7050800010	979918	2817106	209346606	761275223	NA	0
2058	4	range-v3	fedora-clang-libcxx	4348343	7055148353	979933	2817106	209473052	761743441	NA	0
2059	4	range-v3	fedora-clang-libcxx	4348249	7059496602	979948	2817106	209599498	762211686	NA	0
2060	4	range-v3	fedora-clang-libcxx	4095743	7063592345	979963	2817106	209719100	762654936	NA	0
2061	4	range-v3	fedora-clang-libcxx	3860193	7067452538	979978	2817106	209832390	763073443	NA	0
2062	4	range-v3	fedora-clang-libcxx	4247291	7071699829	979993	2817106	209954918	763525240	NA	0
2063	4	range-v3	fedora-clang-libcxx	4253690	7075953519	980008	2817106	210078866	763985379	NA	0
2064	4	range-v3	fedora-clang-libcxx	4390207	7080343726	980023	2817106	210205921	764455202	NA	0
2065	4	range-v3	fedora-clang-libcxx	4085946	7084429672	980038	2817106	210325293	764897151	NA	0
2066	4	range-v3	fedora-clang-libcxx	4434456	7088864128	980053	2817106	210453527	765370820	NA	0
2067	4	range-v3	fedora-clang-libcxx	4156475	7093020603	980068	2817106	210575799	765821083	NA	0
2068	4	range-v3	fedora-clang-libcxx	4537607	7097558210	980083	2817106	210707104	766305416	NA	0
2069	4	range-v3	fedora-clang-libcxx	4060170	7101618380	980098	2817106	210825781	766744517	NA	0
2070	4	range-v3	fedora-clang-libcxx	4045733	7105664113	980113	2817106	210944140	767183087	NA	0
2071	4	range-v3	fedora-clang-libcxx	4049659	7109713772	980128	2817106	211062573	767622050	NA	0
2072	4	range-v3	fedora-clang-libcxx	4035972	7113749744	980143	2817106	211180634	768058565	NA	0
2073	4	range-v3	fedora-clang-libcxx	4646593	7118396337	980158	2817106	211314675	768553909	NA	0
2074	4	range-v3	fedora-clang-libcxx	3930962	7122327299	980173	2817106	211429485	768977756	NA	0
2075	4	range-v3	fedora-clang-libcxx	3955725	7126283024	980188	2817106	211545453	769404208	NA	0
2076	4	range-v3	fedora-clang-libcxx	3881146	7130164170	980203	2817106	211659278	769824534	NA	0
2077	4	range-v3	fedora-clang-libcxx	3880895	7134045065	980218	2817106	211773097	770244854	NA	0
2078	4	range-v3	fedora-clang-libcxx	3880988	7137926053	980233	2817106	211886915	770665163	NA	0
2079	4	range-v3	fedora-clang-libcxx	3895042	7141821095	980248	2817106	212001075	771085578	NA	0
2080	4	range-v3	fedora-clang-libcxx	3492352	7145313447	980263	2817106	212104991	771464608	NA	0
2081	4	range-v3	fedora-clang-libcxx	3783624	7149097071	980278	2817106	212215680	771872300	NA	0
2082	4	range-v3	fedora-clang-libcxx	3999732	7153096803	980293	2817106	212332599	772304559	NA	0
2083	4	range-v3	fedora-clang-libcxx	3968802	7157065605	980308	2817106	212449347	772733458	NA	0
2084	4	range-v3	fedora-clang-libcxx	3573901	7160639506	980323	2817106	212554965	773119611	NA	0
2085	4	range-v3	fedora-clang-libcxx	3895654	7164535160	980338	2817106	212669251	773540525	NA	0
2086	4	range-v3	fedora-clang-libcxx	3897327	7168432487	980353	2817106	212783569	773961634	NA	0
2087	4	range-v3	fedora-clang-libcxx	3783232	7172215719	980368	2817106	212894519	774368676	NA	0
2088	4	range-v3	fedora-clang-libcxx	3921571	7176137290	980383	2817106	213009172	774791725	NA	0
2089	4	range-v3	fedora-clang-libcxx	4270271	7180407561	980398	2817106	213133510	775252698	NA	0
2090	4	range-v3	fedora-clang-libcxx	3967722	7184375283	980413	2817106	213250327	775682096	NA	0
2091	4	range-v3	fedora-clang-libcxx	3895380	7188270663	980428	2817106	213364882	776103711	NA	0
2092	4	range-v3	fedora-clang-libcxx	3936250	7192206913	980443	2817106	213479870	776528212	NA	0
2093	4	range-v3	fedora-clang-libcxx	3895687	7196102600	980458	2817106	213594427	776949729	NA	0
2094	4	range-v3	fedora-clang-libcxx	3891786	7199994386	980473	2817106	213708783	777370663	NA	0
2095	4	range-v3	fedora-clang-libcxx	3928896	7203923282	980488	2817106	213823925	777795686	NA	0
2096	4	range-v3	fedora-clang-libcxx	3960448	7207883730	980503	2817106	213940416	778222440	NA	0
2097	4	range-v3	fedora-clang-libcxx	3947860	7211831590	980518	2817106	214055892	778649388	NA	0
2098	4	range-v3	fedora-clang-libcxx	3932941	7215764531	980533	2817106	214170860	779074519	NA	0
2099	4	range-v3	fedora-clang-libcxx	3980878	7219745409	980548	2817106	214287450	779505431	NA	0
2100	4	range-v3	fedora-clang-libcxx	3946623	7223692032	980563	2817106	214403180	779933231	NA	0
2101	4	range-v3	fedora-clang-libcxx	3962606	7227654638	980578	2817106	214519257	780359975	NA	0
2102	4	range-v3	fedora-clang-libcxx	4322791	7231977429	980593	2817106	214644488	780820123	NA	0
2103	4	range-v3	fedora-clang-libcxx	3965517	7235942946	980608	2817106	214760618	781247682	NA	0
2104	4	range-v3	fedora-clang-libcxx	3969019	7239911965	980623	2817106	214876783	781675100	NA	0
2105	4	range-v3	fedora-clang-libcxx	3973124	7243885089	980638	2817106	214992914	782102676	NA	0
2106	4	range-v3	fedora-clang-libcxx	3977063	7247862152	980653	2817106	215109077	782530048	NA	0
2107	4	range-v3	fedora-clang-libcxx	4011498	7251873650	980668	2817106	215226445	782963986	NA	0
2108	4	range-v3	fedora-clang-libcxx	4013933	7255887583	980683	2817106	215343843	783397732	NA	0
2109	4	range-v3	fedora-clang-libcxx	4014253	7259901836	980698	2817106	215461217	783831766	NA	0
2110	4	range-v3	fedora-clang-libcxx	4016645	7263918481	980713	2817106	215578615	784265595	NA	0
2111	4	range-v3	fedora-clang-libcxx	3916067	7267834548	980728	2817106	215694020	784690015	NA	0
2112	4	range-v3	fedora-clang-libcxx	4025339	7271859887	980743	2817106	215810548	785119769	NA	0
2113	4	range-v3	fedora-clang-libcxx	3986979	7275846866	980758	2817106	215927085	785551489	NA	0
2114	4	range-v3	fedora-clang-libcxx	3933013	7279779879	980773	2817106	216042483	785976726	NA	0
2115	4	range-v3	fedora-clang-libcxx	3975629	7283755508	980788	2817106	216158848	786406299	NA	0
2116	4	range-v3	fedora-clang-libcxx	3929146	7287684654	980803	2817106	216274485	786832434	NA	0
2117	4	range-v3	fedora-clang-libcxx	4267935	7291952589	980818	2817106	216398183	787287289	NA	0
2118	4	range-v3	fedora-clang-libcxx	4064427	7296017016	980833	2817106	216516725	787720299	NA	0
2119	4	range-v3	fedora-clang-libcxx	4242639	7300259655	980848	2817106	216639658	788172048	NA	0
2120	4	range-v3	fedora-clang-libcxx	3964926	7304224581	980863	2817106	216755554	788599690	NA	0
2121	4	range-v3	fedora-clang-libcxx	4064522	7308289103	980878	2817106	216874125	789032794	NA	0
2122	4	range-v3	fedora-clang-libcxx	4242837	7312531940	980893	2817106	216997251	789485701	NA	0
2123	4	range-v3	fedora-clang-libcxx	4092623	7316624563	980908	2817106	217116263	789920752	NA	0
2124	4	range-v3	fedora-clang-libcxx	4249164	7320873727	980923	2817106	217239353	790373041	NA	0
2125	4	range-v3	fedora-clang-libcxx	3977474	7324851201	980938	2817106	217355765	790803329	NA	0
2126	4	range-v3	fedora-clang-libcxx	3967102	7328818303	980953	2817106	217471654	791230978	NA	0
2127	4	range-v3	fedora-clang-libcxx	3945378	7332763681	980968	2999341	217587252	791657599	NA	1
2128	4	range-v3	fedora-clang-libcxx	3979368	7336743049	980983	2999341	217704040	792087598	NA	0
2129	4	range-v3	fedora-clang-libcxx	4251253	7340994302	980998	2999341	217828033	792542453	NA	0
2130	4	range-v3	fedora-clang-libcxx	4270819	7345265121	981013	2999341	217951855	792997900	NA	0
2131	4	range-v3	fedora-clang-libcxx	4218514	7349483635	981028	2999341	218074496	793448407	NA	0
2132	4	range-v3	fedora-clang-libcxx	3978034	7353461669	981043	2999341	218191180	793878559	NA	0
2133	4	range-v3	fedora-clang-libcxx	3976565	7357438234	981058	2999341	218307830	794307852	NA	0
2134	4	range-v3	fedora-clang-libcxx	4008456	7361446690	981073	2999341	218425323	794740760	NA	0
2135	4	range-v3	fedora-clang-libcxx	4271654	7365718344	981088	2999341	218549069	795195895	NA	0
2136	4	range-v3	fedora-clang-libcxx	3979334	7369697678	981103	2999341	218665856	795625896	NA	0
2137	4	range-v3	fedora-clang-libcxx	4263742	7373961420	981118	2999341	218789489	796080558	NA	0
2138	4	range-v3	fedora-clang-libcxx	3925636	7377887056	981133	2999341	218905167	796505936	NA	0
2139	4	range-v3	fedora-clang-libcxx	3947841	7381834897	981148	2999341	219021078	796932772	NA	0
2140	4	range-v3	fedora-clang-libcxx	3947191	7385782088	981163	2999341	219136747	797358221	NA	0
2141	4	range-v3	fedora-clang-libcxx	3925494	7389707582	981178	2999341	219251892	797781553	NA	0
2142	4	range-v3	fedora-clang-libcxx	3918418	7393626000	981193	2999341	219367282	798206561	NA	0
2143	4	range-v3	fedora-clang-libcxx	3943283	7397569283	981208	2999341	219482875	798633079	NA	0
2144	4	range-v3	fedora-clang-libcxx	3943652	7401512935	981223	2999341	219598477	799059597	NA	0
2145	4	range-v3	fedora-clang-libcxx	3918806	7405431741	981238	2999341	219713879	799484748	NA	0
2146	4	range-v3	fedora-clang-libcxx	3916142	7409347883	981253	2999341	219829087	799909076	NA	0
2147	4	range-v3	fedora-clang-libcxx	3945578	7413293461	981268	2999341	219945007	800335830	NA	0
2148	4	range-v3	fedora-clang-libcxx	3961486	7417254947	981283	2999341	220060931	800762554	NA	0
2149	4	range-v3	fedora-clang-libcxx	3969621	7421224568	981298	2999341	220177277	801191067	NA	0
2150	4	range-v3	fedora-clang-libcxx	4298095	7425522663	981313	2999341	220301618	801649825	NA	0
2151	4	range-v3	fedora-clang-libcxx	3969142	7429491805	981328	2999341	220418108	802080372	NA	0
2152	4	range-v3	fedora-clang-libcxx	3972875	7433464680	981343	2999341	220534563	802510714	NA	0
2153	4	range-v3	fedora-clang-libcxx	3974825	7437439505	981358	2999341	220650826	802938630	NA	0
2154	4	range-v3	fedora-clang-libcxx	3974939	7441414444	981373	2999341	220767090	803366546	NA	0
2155	4	range-v3	fedora-clang-libcxx	3975089	7445389533	981388	2999341	220883354	803794473	NA	0
2156	4	range-v3	fedora-clang-libcxx	3975064	7449364597	981403	2999341	220999618	804222397	NA	0
2157	4	range-v3	fedora-clang-libcxx	3974516	7453339113	981418	2999341	221115881	804650319	NA	0
2158	4	range-v3	fedora-clang-libcxx	3977398	7457316511	981433	2999341	221232180	805078567	NA	0
2159	4	range-v3	fedora-clang-libcxx	3971982	7461288493	981448	2999341	221348390	805506216	NA	0
2160	4	range-v3	fedora-clang-libcxx	3972098	7465260591	981463	2999341	221464602	805933869	NA	0
2161	4	range-v3	fedora-clang-libcxx	3972248	7469232839	981478	2999341	221580814	806361532	NA	0
2162	4	range-v3	fedora-clang-libcxx	3972223	7473205062	981493	2999341	221697026	806789194	NA	0
2163	4	range-v3	fedora-clang-libcxx	3971679	7477176741	981508	2999341	221813235	807216844	NA	0
2164	4	range-v3	fedora-clang-libcxx	3970784	7481147525	981523	2999341	221929410	807644515	NA	0
2165	4	range-v3	fedora-clang-libcxx	3974643	7485122168	981538	2999341	222045652	808072273	NA	0
2166	4	range-v3	fedora-clang-libcxx	3974767	7489096935	981553	2999341	222161896	808500030	NA	0
2167	4	range-v3	fedora-clang-libcxx	3974917	7493071852	981568	2999341	222278140	808927799	NA	0
2168	4	range-v3	fedora-clang-libcxx	3974892	7497046744	981583	2999341	222394384	809355567	NA	0
2169	4	range-v3	fedora-clang-libcxx	3974348	7501021092	981598	2999341	222510627	809783324	NA	0
2170	4	range-v3	fedora-clang-libcxx	3978485	7504999577	981613	2999341	222626919	810211406	NA	0
2171	4	range-v3	fedora-clang-libcxx	3971918	7508971495	981628	2999341	222743130	810639112	NA	0
2172	4	range-v3	fedora-clang-libcxx	3972027	7512943522	981643	2999341	222859343	811066818	NA	0
2173	4	range-v3	fedora-clang-libcxx	3972177	7516915699	981658	2999341	222975556	811494531	NA	0
2174	4	range-v3	fedora-clang-libcxx	3972152	7520887851	981673	2999341	223091769	811922251	NA	0
2175	4	range-v3	fedora-clang-libcxx	3971608	7524859459	981688	2999341	223207980	812349958	NA	0
2176	4	range-v3	fedora-clang-libcxx	3975297	7528834756	981703	2999341	223324239	812777977	NA	0
2177	4	range-v3	fedora-clang-libcxx	4252313	7533087069	981718	2999341	223447433	813232748	NA	0
2178	4	range-v3	fedora-clang-libcxx	4572230	7537659299	981733	2999341	223579602	813720765	NA	0
2179	4	range-v3	fedora-clang-libcxx	4273932	7541933231	981748	2999341	223703422	814176061	NA	0
2180	4	range-v3	fedora-clang-libcxx	4043216	7545976447	981763	2999341	223821805	814611773	NA	0
2181	4	range-v3	fedora-clang-libcxx	4372253	7550348700	981778	2999341	223948637	815077528	NA	0
2182	4	range-v3	fedora-clang-libcxx	4200794	7554549494	981793	2999341	224071432	815530244	NA	0
2183	4	range-v3	fedora-clang-libcxx	3955362	7558504856	981808	2999341	224187092	815957736	NA	0
2184	4	range-v3	fedora-clang-libcxx	3957359	7562462215	981823	2999341	224302711	816382174	NA	0
2185	4	range-v3	fedora-clang-libcxx	3923562	7566385777	981838	2999341	224418100	816808323	NA	0
2186	4	range-v3	fedora-clang-libcxx	3962709	7570348486	981853	2999341	224534641	817237415	NA	0
2187	4	range-v3	fedora-clang-libcxx	3812050	7574160536	981868	2999341	224645962	817647143	NA	0
2188	4	range-v3	fedora-clang-libcxx	3912393	7578072929	981883	2999341	224760856	818070253	NA	0
2189	4	range-v3	fedora-clang-libcxx	3549949	7581622878	981898	2999341	224866062	818454189	NA	0
2190	4	range-v3	fedora-clang-libcxx	3806592	7585429470	981913	2999341	224978513	818865054	NA	0
2191	4	range-v3	fedora-clang-libcxx	3826372	7589255842	981928	2999341	225091003	819277626	NA	0
2192	4	range-v3	fedora-clang-libcxx	3956473	7593212315	981943	2999341	225206455	819702709	NA	0
2193	4	range-v3	fedora-clang-libcxx	3679682	7596891997	981958	2999341	225314620	820099643	NA	0
2194	4	range-v3	fedora-clang-libcxx	3906558	7600798555	981973	2999341	225430040	820521549	NA	0
2195	4	range-v3	fedora-clang-libcxx	4236157	7605034712	981988	2999341	225553726	820978779	NA	0
2196	4	range-v3	fedora-clang-libcxx	3536266	7608570978	982003	2999341	225659159	821362255	NA	0
2197	4	range-v3	fedora-clang-libcxx	3217670	7611788648	982018	2999341	225755689	821712218	NA	0
2198	4	range-v3	fedora-clang-libcxx	3196703	7614985351	982033	2999341	225851871	822059595	NA	0
2199	4	range-v3	fedora-clang-libcxx	3899038	7618884389	982048	2999341	225966288	822480839	NA	0
2200	4	range-v3	fedora-clang-libcxx	3932213	7622816602	982063	2999341	226081230	822904632	NA	0
2201	4	range-v3	fedora-clang-libcxx	3920532	7626737134	982078	2999341	226196216	823328121	NA	0
2202	4	range-v3	fedora-clang-libcxx	3900789	7630637923	982093	2999341	226310717	823749709	NA	0
2203	4	range-v3	fedora-clang-libcxx	3983334	7634621257	982108	2999341	226427102	824179483	NA	0
2204	4	range-v3	fedora-clang-libcxx	3901001	7638522258	982123	2999341	226542225	824600680	NA	0
2205	4	range-v3	fedora-clang-libcxx	4472419	7642994677	982138	2999341	226671432	825079762	NA	0
2206	4	range-v3	fedora-clang-libcxx	3952006	7646946683	982153	2999341	226787297	825508058	NA	0
2207	4	range-v3	fedora-clang-libcxx	4173456	7651120139	982168	2999341	226908966	825958814	NA	0
2208	4	range-v3	fedora-clang-libcxx	3216540	7654336679	982183	2999341	227005734	826308780	NA	0
2209	4	range-v3	fedora-clang-libcxx	3761526	7658098205	982198	2999341	227116096	826713622	NA	0
2210	4	range-v3	fedora-clang-libcxx	3062565	7661160770	982213	2999341	227207760	827044568	NA	0
2211	4	range-v3	fedora-clang-libcxx	274	7661161044	982228	2999341	227207783	827044700	NA	0
2212	4	range-v3	fedora-clang-libcxx	3947615	7665108659	982243	2999341	227324142	827471817	NA	0
2213	4	range-v3	fedora-clang-libcxx	3985570	7669094229	982258	2999341	227440849	827901041	NA	0
2214	4	range-v3	fedora-clang-libcxx	4067286	7673161515	982273	2999341	227559606	828340654	NA	0
2215	4	range-v3	fedora-clang-libcxx	3143238	7676304753	982288	2999341	227653453	828681117	NA	0
2216	4	range-v3	fedora-clang-libcxx	3787434	7680092187	982303	2999341	227764689	829089229	NA	0
2217	4	range-v3	fedora-clang-libcxx	3230739	7683322926	982318	2999341	227861735	829440877	NA	0
2218	4	range-v3	fedora-clang-libcxx	4018841	7687341767	982333	2999341	227979590	829875462	NA	0
2219	4	range-v3	fedora-clang-libcxx	4084552	7691426319	982348	2999341	228099227	830317291	NA	0
2220	4	range-v3	fedora-clang-libcxx	4099176	7695525495	982363	2999341	228219193	830761321	NA	0
2221	4	range-v3	fedora-clang-libcxx	3974068	7699499563	982378	2999341	228335817	831191292	NA	0
2222	4	range-v3	fedora-clang-libcxx	4364034	7703863597	982393	2999341	228462757	831661725	NA	0
2223	4	range-v3	fedora-clang-libcxx	4068038	7707931635	982408	2999341	228581831	832100881	NA	0
2224	4	range-v3	fedora-clang-libcxx	4000682	7711932317	982423	2999341	228699240	832535175	NA	0
2225	4	range-v3	fedora-clang-libcxx	4312664	7716244981	982438	2999341	228824890	833001465	NA	0
2226	4	range-v3	fedora-clang-libcxx	4372735	7720617716	982453	2999341	228952445	833471752	NA	0
2227	4	range-v3	fedora-clang-libcxx	4122413	7724740129	982468	2999341	229073346	833917857	NA	0
2228	4	range-v3	fedora-clang-libcxx	4114031	7728854160	982483	2999341	229193700	834362770	NA	0
2229	4	range-v3	fedora-clang-libcxx	4008452	7732862612	982498	2999341	229311354	834796240	NA	0
2230	4	range-v3	fedora-clang-libcxx	4667422	7737530034	982513	2999341	229445841	835294807	NA	0
2231	4	range-v3	fedora-clang-libcxx	4002435	7741532469	982528	2999341	229563265	835727502	NA	0
2232	4	range-v3	fedora-clang-libcxx	4234232	7745766701	982543	2999341	229687209	836184830	NA	0
2233	4	range-v3	fedora-clang-libcxx	4000696	7749767397	982558	2999341	229804427	836618985	NA	0
2234	4	range-v3	fedora-clang-libcxx	4330483	7754097880	982573	2999341	229930522	837086316	NA	0
2235	4	range-v3	fedora-clang-libcxx	4327002	7758424882	982588	2999341	230056499	837552992	NA	0
2236	4	range-v3	fedora-clang-libcxx	4144503	7762569385	982603	2999341	230177915	838001348	NA	0
2237	4	range-v3	fedora-clang-libcxx	4163682	7766733067	982618	2999341	230300566	838450767	NA	0
2238	4	range-v3	fedora-clang-libcxx	4132922	7770865989	982633	2999341	230421500	838899081	NA	0
2239	4	range-v3	fedora-clang-libcxx	3881728	7774747717	982648	3167623	230535858	839321553	NA	1
2240	4	range-v3	fedora-clang-libcxx	3913941	7778661658	982663	3167623	230651085	839746755	NA	0
2241	4	range-v3	fedora-clang-libcxx	4024312	7782685970	982678	3167623	230769317	840182368	NA	0
2242	4	range-v3	fedora-clang-libcxx	3990017	7786675987	982693	3167623	230886647	840614826	NA	0
2243	4	range-v3	fedora-clang-libcxx	3932532	7790608519	982708	3167623	231002228	841040495	NA	0
2244	4	range-v3	fedora-clang-libcxx	4133284	7794741803	982723	3167623	231123423	841487776	NA	0
2245	4	range-v3	fedora-clang-libcxx	3973900	7798715703	982738	3167623	231240082	841919528	NA	0
2246	4	range-v3	fedora-clang-libcxx	4031365	7802747068	982753	3167623	231358390	842355738	NA	0
2247	4	range-v3	fedora-clang-libcxx	4106565	7806853633	982768	3167623	231478779	842800564	NA	0
2248	4	range-v3	fedora-clang-libcxx	3819643	7810673276	982783	3167623	231591169	843213035	NA	0
2249	4	range-v3	fedora-clang-libcxx	3991951	7814665227	982798	3167623	231708303	843644217	NA	0
2250	4	range-v3	fedora-clang-libcxx	4412222	7819077449	982813	3167623	231837044	844121345	NA	0
2251	4	range-v3	fedora-clang-libcxx	3986572	7823064021	982828	3167623	231954408	844554306	NA	0
2252	4	range-v3	fedora-clang-libcxx	4237178	7827301199	982843	3167623	232077435	845010655	NA	0
2253	4	range-v3	fedora-clang-libcxx	3946806	7831248005	982858	3167623	232193608	845437565	NA	0
2254	4	range-v3	fedora-clang-libcxx	4023590	7835271595	982873	3167623	232311932	845872293	NA	0
2255	4	range-v3	fedora-clang-libcxx	3963895	7839235490	982888	3167623	232428493	846302608	NA	0
2256	4	range-v3	fedora-clang-libcxx	3929618	7843165108	982903	3167623	232544363	846729921	NA	0
2257	4	range-v3	fedora-clang-libcxx	4127378	7847292486	982918	3167623	232665061	847175101	NA	0
2258	4	range-v3	fedora-clang-libcxx	4107813	7851400299	982933	3167623	232785220	847619321	NA	0
2259	4	range-v3	fedora-clang-libcxx	4110570	7855510869	982948	3167623	232905443	848063776	NA	0
2260	4	range-v3	fedora-clang-libcxx	4189929	7859700798	982963	3167623	233027925	848516292	NA	0
2261	4	range-v3	fedora-clang-libcxx	4174652	7863875450	982978	3167623	233149563	848962348	NA	0
2262	4	range-v3	fedora-clang-libcxx	4321768	7868197218	982993	3167623	233275065	849426643	NA	0
2263	4	range-v3	fedora-clang-libcxx	4289242	7872486460	983008	3167623	233399777	849888186	NA	0
2264	4	range-v3	fedora-clang-libcxx	4357974	7876844434	983023	3167623	233526255	850356828	NA	0
2265	4	range-v3	fedora-clang-libcxx	4300704	7881145138	983038	3167623	233651223	850819531	NA	0
2266	4	range-v3	fedora-clang-libcxx	4183049	7885328187	983053	3167623	233773595	851270676	NA	0
2267	4	range-v3	fedora-clang-libcxx	4285693	7889613880	983068	3167623	233899086	851735056	NA	0
2268	4	range-v3	fedora-clang-libcxx	4229703	7893843583	983083	3167623	234023401	852188585	NA	0
2269	4	range-v3	fedora-clang-libcxx	4212520	7898056103	983098	3167623	234146452	852643693	NA	0
2270	4	range-v3	fedora-clang-libcxx	4249761	7902305864	983113	3167623	234270293	853102408	NA	0
2271	4	range-v3	fedora-clang-libcxx	3984446	7906290310	983128	3167623	234387095	853533432	NA	0
2272	4	range-v3	fedora-clang-libcxx	4068015	7910358325	983143	3167623	234506333	853972731	NA	0
2273	4	range-v3	fedora-clang-libcxx	4149032	7914507357	983158	3167623	234627864	854421250	NA	0
2274	4	range-v3	fedora-clang-libcxx	4140392	7918647749	983173	3167623	234749142	854868668	NA	0
2275	4	range-v3	fedora-clang-libcxx	3890996	7922538745	983188	3167623	234863865	855289273	NA	0
2276	4	range-v3	fedora-clang-libcxx	4045850	7926584595	983203	3167623	234982753	855729145	NA	0
2277	4	range-v3	fedora-clang-libcxx	4122319	7930706914	983218	3167623	235104928	856177721	NA	0
2278	4	range-v3	fedora-clang-libcxx	4184652	7934891566	983233	3167623	235226938	856629983	NA	0
2279	4	range-v3	fedora-clang-libcxx	4028712	7938920278	983248	3167623	235345395	857065387	NA	0
2280	4	range-v3	fedora-clang-libcxx	4096988	7943017266	983263	3167623	235465716	857508353	NA	0
2281	4	range-v3	fedora-clang-libcxx	3886652	7946903918	983278	3167623	235580116	857930361	NA	0
2282	4	range-v3	fedora-clang-libcxx	4405304	7951309222	983293	3167623	235708091	858404628	NA	0
2283	4	range-v3	fedora-clang-libcxx	4351197	7955660419	983308	3167623	235834636	858873859	NA	0
2284	4	range-v3	fedora-clang-libcxx	6069577	7961729996	983323	3167623	236009521	859509946	NA	0
2285	4	range-v3	fedora-clang-libcxx	6001244	7967731240	983338	3167623	236182070	860138227	NA	0
2286	4	range-v3	fedora-clang-libcxx	3479223	7971210463	983353	3167623	236285003	860514517	NA	0
2287	4	range-v3	fedora-clang-libcxx	3481419	7974691882	983368	3167623	236388028	860891578	NA	0
2288	4	range-v3	fedora-clang-libcxx	3809393	7978501275	983383	3167623	236499067	861300764	NA	0
2289	4	range-v3	fedora-clang-libcxx	3636258	7982137533	983398	3167623	236606020	861693251	NA	0
2290	4	range-v3	fedora-clang-libcxx	3768056	7985905589	983413	3167623	236714383	862091262	NA	0
2291	4	range-v3	fedora-clang-libcxx	3488775	7989394364	983428	3167623	236817576	862468862	NA	0
2292	4	range-v3	fedora-clang-libcxx	6131291	7995525655	983443	3167623	236993801	863111599	NA	0
2293	4	range-v3	fedora-clang-libcxx	3945789	7999471444	983458	3167623	237109138	863535934	NA	0
2294	4	range-v3	fedora-clang-libcxx	3970163	8003441607	983473	3167623	237225047	863962640	NA	0
2295	4	range-v3	fedora-clang-libcxx	4142845	8007584452	983488	3167623	237345372	864406985	NA	0
2296	4	range-v3	fedora-clang-libcxx	3908292	8011492744	983503	3167623	237458910	864824608	NA	0
2297	4	range-v3	fedora-clang-libcxx	3871491	8015364235	983518	3167623	237572004	865240860	NA	0
2298	4	range-v3	fedora-clang-libcxx	3876251	8019240486	983533	3167623	237685440	865657983	NA	0
2299	4	range-v3	fedora-clang-libcxx	3896102	8023136588	983569	3349110	237799594	866077044	NA	1
