tu	pass	project	env	raw	cumulative_raw	p29_cum_wire	grz2_cum_wire	fastintern_cum_wire	zstd3_cum_wire	pred_cum_wire	grz2_group_closes
0	1	rocksdb	conan-gcc	3687699	3687699	1071845	NA	892568	599993	NA	0
1	1	rocksdb	conan-gcc	2167543	5855242	1075317	NA	994510	939630	NA	0
2	1	rocksdb	conan-gcc	5347817	11203059	1125764	NA	1370454	1636725	NA	0
3	1	rocksdb	conan-gcc	3274822	14477881	1129108	NA	1535458	2170424	NA	0
4	1	rocksdb	conan-gcc	3482059	17959940	1132637	NA	1718356	2733175	NA	0
5	1	rocksdb	conan-gcc	3469217	21429157	1134371	NA	1891448	3293777	NA	0
6	1	rocksdb	conan-gcc	6119954	27549111	1164145	NA	2263050	4108079	NA	0
7	1	rocksdb	conan-gcc	6099942	33649053	1172514	NA	2554067	4919604	NA	0
8	1	rocksdb	conan-gcc	6003532	39652585	1174366	NA	2811524	5714006	NA	0
9	1	rocksdb	conan-gcc	3287315	42939900	1174854	NA	2975624	6251567	NA	0
10	1	rocksdb	conan-gcc	5975468	48915368	1176478	NA	3232229	7039272	NA	0
11	1	rocksdb	conan-gcc	5365785	54281153	1177254	NA	3456210	7742250	NA	0
12	1	rocksdb	conan-gcc	5892704	60173857	1177809	NA	3701712	8514564	NA	0
13	1	rocksdb	conan-gcc	7243057	67416914	1224360	NA	4259832	9539105	NA	0
14	1	rocksdb	conan-gcc	3445515	70862429	1227111	NA	4433561	10093108	NA	0
15	1	rocksdb	conan-gcc	3421974	74284403	1227969	NA	4601750	10643396	NA	0
16	1	rocksdb	conan-gcc	6930117	81214520	1231978	NA	4907153	11610694	NA	0
17	1	rocksdb	conan-gcc	3390077	84604597	1235004	NA	5075143	12152489	NA	0
18	1	rocksdb	conan-gcc	6994184	91598781	1240248	NA	5389177	13131537	NA	0
19	1	rocksdb	conan-gcc	6232913	97831694	1252633	NA	5654400	13964096	NA	0
20	1	rocksdb	conan-gcc	6997429	104829123	1256354	NA	5965725	14943026	NA	0
21	1	rocksdb	conan-gcc	3388214	108217337	1257029	NA	6132218	15484354	NA	0
22	1	rocksdb	conan-gcc	3266799	111484136	1257880	NA	6295716	16016243	NA	0
23	1	rocksdb	conan-gcc	6480266	117964402	1261943	NA	6578694	16894769	NA	0
24	1	rocksdb	conan-gcc	6092657	124057059	1263205	NA	6834896	17702830	NA	0
25	1	rocksdb	conan-gcc	6555187	130612246	1265419	NA	7116614	18599579	NA	0
26	1	rocksdb	conan-gcc	3428936	134041182	1265989	NA	7286424	19152793	NA	0
27	1	rocksdb	conan-gcc	6066692	140107874	1266596	NA	7540618	19956012	NA	0
28	1	rocksdb	conan-gcc	6557115	146664989	1267561	NA	7822659	20853766	NA	0
29	1	rocksdb	conan-gcc	6432461	153097450	1270278	NA	8103302	21721957	NA	0
30	1	rocksdb	conan-gcc	6360805	159458255	1271539	NA	8376101	22577168	NA	0
31	1	rocksdb	conan-gcc	6202081	165660336	1272110	NA	8637747	23402604	NA	0
32	1	rocksdb	conan-gcc	7019161	172679497	1275435	NA	8956054	24386604	NA	0
33	1	rocksdb	conan-gcc	4541486	177220983	1297362	NA	9309737	25100012	NA	0
34	1	rocksdb	conan-gcc	3446161	180667144	1298132	NA	9480771	25654596	NA	0
35	1	rocksdb	conan-gcc	7323682	187990826	1302161	NA	9820066	26694381	NA	0
36	1	rocksdb	conan-gcc	6944297	194935123	1304400	NA	10129503	27663326	NA	0
37	1	rocksdb	conan-gcc	7003955	201939078	1308062	NA	10447645	28639558	NA	0
38	1	rocksdb	conan-gcc	6963915	208902993	1310287	NA	10760081	29611382	NA	0
39	1	rocksdb	conan-gcc	7411704	216314697	1318041	NA	11118224	30662177	NA	0
40	1	rocksdb	conan-gcc	6942421	223257118	1319715	NA	11424328	31629450	NA	0
41	1	rocksdb	conan-gcc	6934850	230191968	1321127	NA	11731272	32596124	NA	0
42	1	rocksdb	conan-gcc	6988195	237180163	1324159	NA	12046764	33571242	NA	0
43	1	rocksdb	conan-gcc	7193668	244373831	1330145	NA	12367664	34573137	NA	0
44	1	rocksdb	conan-gcc	6980287	251354118	1330455	NA	12667506	35548369	NA	0
45	1	rocksdb	conan-gcc	6996272	258350390	1331775	NA	12977754	36526275	NA	0
46	1	rocksdb	conan-gcc	3595582	261945972	1332957	NA	13155088	37105789	NA	0
47	1	rocksdb	conan-gcc	6982214	268928186	1335027	NA	13456451	38082026	NA	0
48	1	rocksdb	conan-gcc	7206011	276134197	1336061	NA	13769243	39101752	NA	0
49	1	rocksdb	conan-gcc	320	276134517	1336189	NA	13769343	39101907	NA	0
50	1	rocksdb	conan-gcc	7215458	283349975	1337569	NA	14088431	40119757	NA	0
51	1	rocksdb	conan-gcc	7215228	290565203	1339123	NA	14405968	41138998	NA	0
52	1	rocksdb	conan-gcc	7645251	298210454	1355723	NA	14824036	42236962	NA	0
53	1	rocksdb	conan-gcc	7344623	305555077	1362620	NA	15168579	43276677	NA	0
54	1	rocksdb	conan-gcc	7419892	312974969	1372015	NA	15532887	44328292	NA	0
55	1	rocksdb	conan-gcc	7252835	320227804	1374560	NA	15859435	45354893	NA	0
56	1	rocksdb	conan-gcc	7281452	327509256	1377166	NA	16186216	46386868	NA	0
57	1	rocksdb	conan-gcc	7356353	334865609	1383240	NA	16536931	47433526	NA	0
58	1	rocksdb	conan-gcc	216	334865825	1383365	NA	16537018	47433652	NA	0
59	1	rocksdb	conan-gcc	7201117	342066942	1384397	NA	16851362	48451795	NA	0
60	1	rocksdb	conan-gcc	7260390	349327332	1386253	NA	17169692	49479458	NA	0
61	1	rocksdb	conan-gcc	7326536	356653868	1389511	NA	17502488	50519208	NA	0
62	1	rocksdb	conan-gcc	3531698	360185566	1390215	NA	17678576	51089140	NA	0
63	1	rocksdb	conan-gcc	7318553	367504119	1394717	NA	18013977	52127146	NA	0
64	1	rocksdb	conan-gcc	5632822	373136941	1396294	NA	18245467	52851588	NA	0
65	1	rocksdb	conan-gcc	7223812	380360753	1397858	NA	18564322	53869572	NA	0
66	1	rocksdb	conan-gcc	6820771	387181524	1398424	NA	18859951	54814691	NA	0
67	1	rocksdb	conan-gcc	7263148	394444672	1401381	NA	19193089	55845224	NA	0
68	1	rocksdb	conan-gcc	7274249	401718921	1404706	NA	19525777	56875700	NA	0
69	1	rocksdb	conan-gcc	6534859	408253780	1405979	NA	19806922	57766238	NA	0
70	1	rocksdb	conan-gcc	7277933	415531713	1409066	NA	20136921	58796369	NA	0
71	1	rocksdb	conan-gcc	6779672	422311385	1413672	NA	20427865	59734037	NA	0
72	1	rocksdb	conan-gcc	7265493	429576878	1416535	NA	20753151	60762709	NA	0
73	1	rocksdb	conan-gcc	6985997	436562875	1417625	NA	21059555	61739766	NA	0
74	1	rocksdb	conan-gcc	7302200	443865075	1420809	NA	21397589	62773848	NA	0
75	1	rocksdb	conan-gcc	1114292	444979367	1421544	NA	21449558	62946260	NA	0
76	1	rocksdb	conan-gcc	6371209	451350576	1423896	NA	21725651	63802610	NA	0
77	1	rocksdb	conan-gcc	6612664	457963240	1425210	NA	22013028	64708069	NA	0
78	1	rocksdb	conan-gcc	1387918	459351158	1425583	NA	22081181	64927309	NA	0
79	1	rocksdb	conan-gcc	3383506	462734664	1426188	NA	22249861	65478700	NA	0
80	1	rocksdb	conan-gcc	6796611	469531275	1430096	NA	22557685	66415498	NA	0
81	1	rocksdb	conan-gcc	7236877	476768152	1433134	NA	22881170	67436337	NA	0
82	1	rocksdb	conan-gcc	6671636	483439788	1435254	NA	23173763	68352480	NA	0
83	1	rocksdb	conan-gcc	2269639	485709427	1435850	NA	23280477	68700550	NA	0
84	1	rocksdb	conan-gcc	6154923	491864350	1436717	NA	23539974	69519171	NA	0
85	1	rocksdb	conan-gcc	5617708	497482058	1437037	NA	23768097	70240480	NA	0
86	1	rocksdb	conan-gcc	5651986	503134044	1437587	NA	24000617	70965917	NA	0
87	1	rocksdb	conan-gcc	6619791	509753835	1439597	NA	24288868	71870469	NA	0
88	1	rocksdb	conan-gcc	6360031	516113866	1440883	NA	24563674	72727528	NA	0
89	1	rocksdb	conan-gcc	7225818	523339684	1442336	NA	24887596	73751539	NA	0
90	1	rocksdb	conan-gcc	6571702	529911386	1444242	NA	25172823	74646475	NA	0
91	1	rocksdb	conan-gcc	3378762	533290148	1444612	1088047	25341918	75197798	NA	1
92	1	rocksdb	conan-gcc	6799160	540089308	1448694	1088047	25654503	76138059	NA	0
93	1	rocksdb	conan-gcc	5637374	545726682	1449394	1088047	25885324	76863621	NA	0
94	1	rocksdb	conan-gcc	6779588	552506270	1449988	1088047	26173928	77800651	NA	0
95	1	rocksdb	conan-gcc	7034671	559540941	1454588	1088047	26491309	78782281	NA	0
96	1	rocksdb	conan-gcc	6951710	566492651	1456574	1088047	26801677	79749150	NA	0
97	1	rocksdb	conan-gcc	7287164	573779815	1460242	1088047	27129751	80778680	NA	0
98	1	rocksdb	conan-gcc	7566063	581345878	1475062	1088047	27527661	81861561	NA	0
99	1	rocksdb	conan-gcc	6941394	588287272	1475864	1088047	27826570	82828885	NA	0
100	1	rocksdb	conan-gcc	3391467	591678739	1476864	1088047	27994710	83372873	NA	0
101	1	rocksdb	conan-gcc	6919598	598598337	1477960	1088047	28295542	84338165	NA	0
102	1	rocksdb	conan-gcc	6931145	605529482	1478979	1088047	28599547	85304823	NA	0
103	1	rocksdb	conan-gcc	6239296	611768778	1480488	1088047	28866349	86138705	NA	0
104	1	rocksdb	conan-gcc	6924269	618693047	1481405	1088047	29165611	87104315	NA	0
105	1	rocksdb	conan-gcc	6346056	625039103	1483692	1088047	29442561	87959701	NA	0
106	1	rocksdb	conan-gcc	6082320	631121423	1484310	1088047	29696338	88766959	NA	0
107	1	rocksdb	conan-gcc	5673791	636795214	1484991	1088047	29929209	89498142	NA	0
108	1	rocksdb	conan-gcc	7331556	644126770	1492510	1088047	30265192	90533669	NA	0
109	1	rocksdb	conan-gcc	1567079	645693849	1492898	1088047	30344470	90784424	NA	0
110	1	rocksdb	conan-gcc	3093438	648787287	1493903	1088047	30490850	91272821	NA	0
111	1	rocksdb	conan-gcc	6942721	655730008	1494422	1088047	30790185	92241359	NA	0
112	1	rocksdb	conan-gcc	6804207	662534215	1710691	1088047	31088596	93179534	NA	0
113	1	rocksdb	conan-gcc	6619432	669153647	1713272	1088047	31380191	94083111	NA	0
114	1	rocksdb	conan-gcc	3540482	672694129	1714194	1088047	31558756	94658239	NA	0
115	1	rocksdb	conan-gcc	6691709	679385838	1718188	1088047	31855595	95575856	NA	0
116	1	rocksdb	conan-gcc	3533312	682919150	1719418	1088047	32033053	96149342	NA	0
117	1	rocksdb	conan-gcc	6246148	689165298	1722183	1088047	32305246	96980532	NA	0
118	1	rocksdb	conan-gcc	6675596	695840894	1725104	1088047	32591875	97893278	NA	0
119	1	rocksdb	conan-gcc	6059758	701900652	1725790	1088047	32845855	98689366	NA	0
120	1	rocksdb	conan-gcc	3537448	705438100	1726807	1088047	33023105	99257849	NA	0
121	1	rocksdb	conan-gcc	3361615	708799715	1727413	1088047	33191508	99802345	NA	0
122	1	rocksdb	conan-gcc	4446963	713246678	1730149	1088047	33413103	100499400	NA	0
123	1	rocksdb	conan-gcc	4917485	718164163	1732051	1088047	33609810	101090386	NA	0
124	1	rocksdb	conan-gcc	6947785	725111948	1733559	1088047	33915102	102056386	NA	0
125	1	rocksdb	conan-gcc	6241706	731353654	1735615	1088047	34185698	102889255	NA	0
126	1	rocksdb	conan-gcc	6939809	738293463	1737220	1088047	34487852	103860091	NA	0
127	1	rocksdb	conan-gcc	6569561	744863024	1738585	1088047	34772323	104761004	NA	0
128	1	rocksdb	conan-gcc	6047108	750910132	1739139	1088047	35024701	105557787	NA	0
129	1	rocksdb	conan-gcc	6357195	757267327	1740843	1088047	35301945	106415006	NA	0
130	1	rocksdb	conan-gcc	6041805	763309132	1741246	1088047	35553616	107210904	NA	0
131	1	rocksdb	conan-gcc	6140484	769449616	1742165	1088047	35812662	108024592	NA	0
132	1	rocksdb	conan-gcc	6148858	775598474	1743014	1088047	36073298	108841254	NA	0
133	1	rocksdb	conan-gcc	7210414	782808888	1744425	1088047	36389895	109860086	NA	0
134	1	rocksdb	conan-gcc	6584167	789393055	1746350	1088047	36677648	110757554	NA	0
135	1	rocksdb	conan-gcc	3636645	793029700	1747874	1088047	36859927	111344570	NA	0
136	1	rocksdb	conan-gcc	3367925	796397625	1748332	1088047	37025124	111881620	NA	0
137	1	rocksdb	conan-gcc	2755426	799153051	1749230	1088047	37156251	112311665	NA	0
138	1	rocksdb	conan-gcc	2814140	801967191	1749842	1088047	37290087	112750009	NA	0
139	1	rocksdb	conan-gcc	5197239	807164430	1750399	1088047	37498457	113394213	NA	0
140	1	rocksdb	conan-gcc	4242518	811406948	1751651	1088047	37702513	114054175	NA	0
141	1	rocksdb	conan-gcc	1786784	813193732	1752013	1088047	37786613	114331726	NA	0
142	1	rocksdb	conan-gcc	3620527	816814259	1752466	1088047	37964787	114916121	NA	0
143	1	rocksdb	conan-gcc	2445932	819260191	1753545	1088047	38081142	115303953	NA	0
144	1	rocksdb	conan-gcc	6762301	826022492	1756341	1088047	38380423	116233579	NA	0
145	1	rocksdb	conan-gcc	6746432	832768924	1757577	1088047	38673224	117161594	NA	0
146	1	rocksdb	conan-gcc	6776956	839545880	1762490	1088047	38974852	118094173	NA	0
147	1	rocksdb	conan-gcc	6729504	846275384	1763476	1088047	39266502	119017330	NA	0
148	1	rocksdb	conan-gcc	6703537	852978921	1764400	1088047	39556549	119936635	NA	0
149	1	rocksdb	conan-gcc	7198657	860177578	1765049	1088047	39869091	120954065	NA	0
150	1	rocksdb	conan-gcc	2655314	862832892	1766021	1088047	39992432	121353858	NA	0
151	1	rocksdb	conan-gcc	3011080	865843972	1766676	1088047	40135632	121826363	NA	0
152	1	rocksdb	conan-gcc	7197344	873041316	1767194	1088047	40446722	122843946	NA	0
153	1	rocksdb	conan-gcc	6015787	879057103	1767738	1088047	40699194	123637734	NA	0
154	1	rocksdb	conan-gcc	5606994	884664097	1768191	1088047	40928776	124355466	NA	0
155	1	rocksdb	conan-gcc	5721658	890385755	1769808	1088047	41161789	125071984	NA	0
156	1	rocksdb	conan-gcc	1418120	891803875	1770100	1088047	41229930	125293433	NA	0
157	1	rocksdb	conan-gcc	7201900	899005775	1770496	1088047	41543059	126310577	NA	0
158	1	rocksdb	conan-gcc	6101174	905106949	1771563	1088047	41809205	127120312	NA	0
159	1	rocksdb	conan-gcc	2137493	907244442	1771965	1088047	41909445	127452190	NA	0
160	1	rocksdb	conan-gcc	3061177	910305619	1772831	1088047	42058770	127945693	NA	0
161	1	rocksdb	conan-gcc	3400236	913705855	1773422	1088047	42229220	128499725	NA	0
162	1	rocksdb	conan-gcc	3395254	917101109	1773679	1088047	42397862	129052948	NA	0
163	1	rocksdb	conan-gcc	6521960	923623069	1781940	1088047	42682598	129924105	NA	0
164	1	rocksdb	conan-gcc	3644844	927267913	1783218	1088047	42868220	130513229	NA	0
165	1	rocksdb	conan-gcc	3449762	930717675	1784144	1088047	43041432	131076767	NA	0
166	1	rocksdb	conan-gcc	3685096	934402771	1790501	1088047	43235735	131673333	NA	0
167	1	rocksdb	conan-gcc	2725369	937128140	1790969	1088047	43365614	132106480	NA	0
168	1	rocksdb	conan-gcc	6203244	943331384	1792935	1088047	43632546	132935423	NA	0
169	1	rocksdb	conan-gcc	6433861	949765245	1795481	1088047	43920545	133805176	NA	0
170	1	rocksdb	conan-gcc	6630416	956395661	1797197	1088047	44211222	134716007	NA	0
171	1	rocksdb	conan-gcc	880390	957276051	1798247	1088047	44253323	134852821	NA	0
172	1	rocksdb	conan-gcc	1047	957277098	1798477	1088047	44253710	134853216	NA	0
173	1	rocksdb	conan-gcc	6584096	963861194	1799221	1088047	44536082	135754003	NA	0
174	1	rocksdb	conan-gcc	6646230	970507424	1800584	1088047	44822774	136665835	NA	0
175	1	rocksdb	conan-gcc	6439365	976946789	1804197	1088047	45104403	137536573	NA	0
176	1	rocksdb	conan-gcc	7260748	984207537	1813696	1088047	45457629	138558481	NA	0
177	1	rocksdb	conan-gcc	7226783	991434320	1819424	1088047	45787008	139576952	NA	0
178	1	rocksdb	conan-gcc	6698943	998133263	1822654	1088047	46084601	140494315	NA	0
179	1	rocksdb	conan-gcc	6350991	1004484254	1823839	1088047	46358662	141350448	NA	0
180	1	rocksdb	conan-gcc	7392933	1011877187	1835390	1088047	46724350	142397730	NA	0
181	1	rocksdb	conan-gcc	5972449	1017849636	1836834	1088047	46975862	143185848	NA	0
182	1	rocksdb	conan-gcc	6640116	1024489752	1837373	1088047	47259640	144094821	NA	0
183	1	rocksdb	conan-gcc	6642273	1031132025	1837910	1088047	47545010	145006469	NA	0
184	1	rocksdb	conan-gcc	5887265	1037019290	1838869	1088047	47790615	145776749	NA	0
185	1	rocksdb	conan-gcc	1999780	1039019070	1839438	1088047	47884787	146085248	NA	0
186	1	rocksdb	conan-gcc	3434378	1042453448	1839952	1088047	48055182	146640060	NA	0
187	1	rocksdb	conan-gcc	6646125	1049099573	1840994	1088047	48339960	147549664	NA	0
188	1	rocksdb	conan-gcc	6846648	1055946221	1847743	1088047	48664043	148494328	NA	0
189	1	rocksdb	conan-gcc	6672334	1062618555	1848306	1088047	48949668	149410212	NA	0
190	1	rocksdb	conan-gcc	6660388	1069278943	1849594	1421854	49234684	150322297	NA	1
191	1	rocksdb	conan-gcc	7066041	1076344984	1850333	1421854	49541234	151315119	NA	0
192	1	rocksdb	conan-gcc	6624542	1082969526	1851852	1421854	49829196	152219138	NA	0
193	1	rocksdb	conan-gcc	6644657	1089614183	1852226	1421854	50113712	153130091	NA	0
194	1	rocksdb	conan-gcc	6329354	1095943537	1852987	1421854	50380560	153980421	NA	0
195	1	rocksdb	conan-gcc	6716303	1102659840	1855077	1421854	50674239	154901417	NA	0
196	1	rocksdb	conan-gcc	6648339	1109308179	1856121	1421854	50960079	155814163	NA	0
197	1	rocksdb	conan-gcc	6659510	1115967689	1857058	1421854	51246777	156728350	NA	0
198	1	rocksdb	conan-gcc	6340162	1122307851	1857642	1421854	51516032	157586243	NA	0
199	1	rocksdb	conan-gcc	6642054	1128949905	1858485	1421854	51799718	158495192	NA	0
200	1	rocksdb	conan-gcc	6663130	1135613035	1860313	1421854	52089467	159409359	NA	0
201	1	rocksdb	conan-gcc	6972949	1142585984	1861609	1421854	52394975	160380911	NA	0
202	1	rocksdb	conan-gcc	6637550	1149223534	1862541	1421854	52680212	161293182	NA	0
203	1	rocksdb	conan-gcc	6967147	1156190681	1863783	1421854	52985512	162266452	NA	0
204	1	rocksdb	conan-gcc	7007004	1163197685	1866232	1421854	53297492	163247842	NA	0
205	1	rocksdb	conan-gcc	6691206	1169888891	1868469	1421854	53590671	164165710	NA	0
206	1	rocksdb	conan-gcc	6674900	1176563791	1870549	1421854	53882755	165081208	NA	0
207	1	rocksdb	conan-gcc	6346886	1182910677	1871462	1421854	54152486	165938514	NA	0
208	1	rocksdb	conan-gcc	7278685	1190189362	1874755	1421854	54476078	166966256	NA	0
209	1	rocksdb	conan-gcc	6961524	1197150886	1876192	1421854	54778352	167934195	NA	0
210	1	rocksdb	conan-gcc	7015890	1204166776	1877437	1421854	55089525	168917462	NA	0
211	1	rocksdb	conan-gcc	6641061	1210807837	1878734	1421854	55374050	169823751	NA	0
212	1	rocksdb	conan-gcc	6109984	1216917821	1879788	1421854	55631817	170635579	NA	0
213	1	rocksdb	conan-gcc	6998419	1223916240	1881896	1421854	55940537	171612977	NA	0
214	1	rocksdb	conan-gcc	6693345	1230609585	1883295	1421854	56228314	172535500	NA	0
215	1	rocksdb	conan-gcc	6184211	1236793796	1884078	1421854	56491221	173360769	NA	0
216	1	rocksdb	conan-gcc	6593978	1243387774	1885614	1421854	56778108	174264563	NA	0
217	1	rocksdb	conan-gcc	7047774	1250435548	1887476	1421854	57089494	175253410	NA	0
218	1	rocksdb	conan-gcc	7094507	1257530055	1890197	1421854	57407614	176248131	NA	0
219	1	rocksdb	conan-gcc	7247603	1264777658	1891206	1421854	57727968	177275837	NA	0
220	1	rocksdb	conan-gcc	7242692	1272020350	1892543	1421854	58049151	178302925	NA	0
221	1	rocksdb	conan-gcc	3633561	1275653911	1893038	1421854	58228215	178891367	NA	0
222	1	rocksdb	conan-gcc	6369477	1282023388	1896412	1421854	58501679	179743214	NA	0
223	1	rocksdb	conan-gcc	6411170	1288434558	1897154	1421854	58772723	180612489	NA	0
224	1	rocksdb	conan-gcc	2157872	1290592430	2127416	1421854	58875367	180947763	NA	0
225	1	rocksdb	conan-gcc	6187777	1296780207	2129027	1421854	59138812	181773923	NA	0
226	1	rocksdb	conan-gcc	6181783	1302961990	2129337	1421854	59399481	182597662	NA	0
227	1	rocksdb	conan-gcc	6808654	1309770644	2131725	1421854	59701713	183537259	NA	0
228	1	rocksdb	conan-gcc	6158729	1315929373	2134186	1421854	59965027	184356991	NA	0
229	1	rocksdb	conan-gcc	274	1315929647	2134329	1421854	59965128	184357132	NA	0
230	1	rocksdb	conan-gcc	3555443	1319485090	2135041	1421854	60143353	184931682	NA	0
231	1	rocksdb	conan-gcc	222	1319485312	2135171	1421854	60143448	184931811	NA	0
232	1	rocksdb	conan-gcc	7602180	1327087492	2146839	1421854	60523793	186015943	NA	0
233	1	rocksdb	conan-gcc	3634377	1330721869	2147523	1421854	60706637	186602477	NA	0
234	1	rocksdb	conan-gcc	6984506	1337706375	2156378	1421854	61053061	187575476	NA	0
235	1	rocksdb	conan-gcc	218	1337706593	2156506	1421854	61053154	187575604	NA	0
236	1	rocksdb	conan-gcc	7215298	1344921891	2158005	1421854	61372316	188592927	NA	0
237	1	rocksdb	conan-gcc	7203576	1352125467	2159012	1421854	61686677	189607799	NA	0
238	1	rocksdb	conan-gcc	3389281	1355514748	2159623	1421854	61856251	190160268	NA	0
239	1	rocksdb	conan-gcc	1519284	1357034032	2160310	1421854	61933171	190402536	NA	0
240	1	rocksdb	conan-gcc	3390870	1360424902	2161597	1421854	62103961	190955261	NA	0
241	1	rocksdb	conan-gcc	7215245	1367640147	2162964	1421854	62422507	191975596	NA	0
242	1	rocksdb	conan-gcc	212	1367640359	2163089	1421854	62422598	191975723	NA	0
243	1	rocksdb	conan-gcc	5912300	1373552659	2164337	1421854	62670783	192753128	NA	0
244	1	rocksdb	conan-gcc	387631	1373940290	2165094	1421854	62688990	192812199	NA	0
245	1	rocksdb	conan-gcc	2243376	1376183666	2165577	1421854	62791788	193153233	NA	0
246	1	rocksdb	conan-gcc	840714	1377024380	2165878	1421854	62832081	193283315	NA	0
247	1	rocksdb	conan-gcc	6108512	1383132892	2167079	1421854	63091658	194094724	NA	0
248	1	rocksdb	conan-gcc	3744189	1386877081	2169825	1421854	63284379	194699152	NA	0
249	1	rocksdb	conan-gcc	4049551	1390926632	2170400	1421854	63477503	195326881	NA	0
250	1	rocksdb	conan-gcc	5983038	1396909670	2171095	1421854	63724765	196110611	NA	0
251	1	rocksdb	conan-gcc	2062421	1398972091	2171707	1421854	63821028	196430805	NA	0
252	1	rocksdb	conan-gcc	339	1398972430	2171852	1421854	63821138	196430953	NA	0
253	1	rocksdb	conan-gcc	3886314	1402858744	2172833	1421854	63975128	196877312	NA	0
254	1	rocksdb	conan-gcc	3946377	1406805121	2173177	1421854	64126211	197340236	NA	0
255	1	rocksdb	conan-gcc	6094978	1412900099	2173794	1421854	64382836	198149182	NA	0
256	1	rocksdb	conan-gcc	3869175	1416769274	2176153	1421854	64535373	198595662	NA	0
257	1	rocksdb	conan-gcc	6683254	1423452528	2178058	1421854	64832966	199513106	NA	0
258	1	rocksdb	conan-gcc	865741	1424318269	2178395	1421854	64873811	199647173	NA	0
259	1	rocksdb	conan-gcc	2850225	1427168494	2179134	1421854	65000701	200064892	NA	0
260	1	rocksdb	conan-gcc	6066419	1433234913	2180252	1421854	65259757	200865909	NA	0
261	1	rocksdb	conan-gcc	753832	1433988745	2181000	1421854	65294547	200973727	NA	0
262	1	rocksdb	conan-gcc	3601401	1437590146	2181838	1421854	65473499	201554752	NA	0
263	1	rocksdb	conan-gcc	5512485	1443102631	2182517	1421854	65705819	202282697	NA	0
264	1	rocksdb	conan-gcc	1620583	1444723214	2183031	1421854	65786428	202537296	NA	0
265	1	rocksdb	conan-gcc	2065554	1446788768	2183731	1421854	65883516	202858297	NA	0
266	1	rocksdb	conan-gcc	2413443	1449202211	2185058	1421854	65996593	203219585	NA	0
267	1	rocksdb	conan-gcc	2273498	1451475709	2185930	1421854	66105090	203571499	NA	0
268	1	rocksdb	conan-gcc	3634479	1455110188	2187830	1421854	66291074	204157667	NA	0
269	1	rocksdb	conan-gcc	6142382	1461252570	2189087	1421854	66552713	204974465	NA	0
270	1	rocksdb	conan-gcc	1904579	1463157149	2189940	1421854	66642748	205273578	NA	0
271	1	rocksdb	conan-gcc	2070615	1465227764	2193400	1421854	66717995	205444239	NA	0
272	1	rocksdb	conan-gcc	3684801	1468912565	2194264	1421854	66902904	206039578	NA	0
273	1	rocksdb	conan-gcc	6812182	1475724747	2201679	1421854	67237981	206978224	NA	0
274	1	rocksdb	conan-gcc	6656759	1482381506	2203482	1421854	67526881	207891711	NA	0
275	1	rocksdb	conan-gcc	7308779	1489690285	2206715	1421854	67857359	208928630	NA	0
276	1	rocksdb	conan-gcc	7284872	1496975157	2207473	1421854	68173429	209962377	NA	0
277	1	rocksdb	conan-gcc	7390063	1504365220	2212350	1421854	68512344	211012293	NA	0
278	1	rocksdb	conan-gcc	7284920	1511650140	2212974	1421854	68828627	212047118	NA	0
279	1	rocksdb	conan-gcc	6441701	1518091841	2214535	1421854	69105111	212920886	NA	0
280	1	rocksdb	conan-gcc	7295150	1525386991	2216426	1421854	69424773	213955882	NA	0
281	1	rocksdb	conan-gcc	6624483	1532011474	2217812	1421854	69712886	214864446	NA	0
282	1	rocksdb	conan-gcc	6813371	1538824845	2218939	1421854	70007683	215805665	NA	0
283	1	rocksdb	conan-gcc	3543364	1542368209	2220040	1421854	70187226	216386019	NA	0
284	1	rocksdb	conan-gcc	3112392	1545480601	2220844	1421854	70336807	216873933	NA	0
285	1	rocksdb	conan-gcc	3519295	1548999896	2221800	1421854	70511992	217447600	NA	0
286	1	rocksdb	conan-gcc	7293976	1556293872	2223908	1421854	70839271	218481724	NA	0
287	1	rocksdb	conan-gcc	3461655	1559755527	2224371	1421854	71011111	219046990	NA	0
288	1	rocksdb	conan-gcc	3494657	1563250184	2225032	1421854	71187312	219617884	NA	0
289	1	rocksdb	conan-gcc	1959249	1565209433	2225308	1421854	71279633	219922910	NA	0
290	1	rocksdb	conan-gcc	3523082	1568732515	2226395	1421854	71455820	220494551	NA	0
291	1	rocksdb	conan-gcc	7241384	1575973899	2226884	1421854	71770749	221520625	NA	0
292	1	rocksdb	conan-gcc	2397864	1578371763	2228711	1421854	71882927	221883091	NA	0
293	1	rocksdb	conan-gcc	5994892	1584366655	2229271	1421854	72131247	222668619	NA	0
294	1	rocksdb	conan-gcc	4172930	1588539585	2230963	1421854	72336594	223316751	NA	0
295	1	rocksdb	conan-gcc	4423607	1592963192	2235974	1421854	72566681	224006258	NA	0
296	1	rocksdb	conan-gcc	4071436	1597034628	2236562	1421854	72762554	224639937	NA	0
297	1	rocksdb	conan-gcc	3426805	1600461433	2237102	1717222	72931928	225192615	NA	1
298	1	rocksdb	conan-gcc	7196873	1607658306	2237530	1717222	73243458	226210501	NA	0
299	1	rocksdb	conan-gcc	3672071	1611330377	2238626	1717222	73427071	226802851	NA	0
300	1	rocksdb	conan-gcc	2649377	1613979754	2239103	1717222	73550900	227213468	NA	0
301	1	rocksdb	conan-gcc	1982090	1615961844	2239369	1717222	73644579	227523626	NA	0
302	1	rocksdb	conan-gcc	1983576	1617945420	2239753	1717222	73738205	227833891	NA	0
303	1	rocksdb	conan-gcc	1983149	1619928569	2240093	1717222	73832519	228144424	NA	0
304	1	rocksdb	conan-gcc	3513359	1623441928	2240464	1717222	74007395	228717213	NA	0
305	1	rocksdb	conan-gcc	3515272	1626957200	2241056	1717222	74182856	229290069	NA	0
306	1	rocksdb	conan-gcc	2649688	1629606888	2241468	1717222	74306982	229700824	NA	0
307	1	rocksdb	conan-gcc	2230582	1631837470	2242418	1717222	74413485	230049057	NA	0
308	1	rocksdb	conan-gcc	3391842	1635229312	2243250	1717222	74585978	230602584	NA	0
309	1	rocksdb	conan-gcc	3704530	1638933842	2243873	1717222	74769688	231201978	NA	0
310	1	rocksdb	conan-gcc	6228432	1645162274	2248286	1717222	75043613	232035134	NA	0
311	1	rocksdb	conan-gcc	6206578	1651368852	2250380	1717222	75310749	232863009	NA	0
312	1	rocksdb	conan-gcc	6181545	1657550397	2250956	1717222	75570496	233687792	NA	0
313	1	rocksdb	conan-gcc	3023092	1660573489	2251943	1717222	75716447	234173324	NA	0
314	1	rocksdb	conan-gcc	3926810	1664500299	2253165	1717222	75904686	234778416	NA	0
315	1	rocksdb	conan-gcc	3265195	1667765494	2253978	1717222	76067972	235310061	NA	0
316	1	rocksdb	conan-gcc	3430985	1671196479	2254551	1717222	76237668	235862670	NA	0
317	1	rocksdb	conan-gcc	6068332	1677264811	2255381	1717222	76496639	236670273	NA	0
318	1	rocksdb	conan-gcc	6556255	1683821066	2256322	1717222	76777418	237568313	NA	0
319	1	rocksdb	conan-gcc	6224090	1690045156	2257172	1717222	77040454	238399043	NA	0
320	1	rocksdb	conan-gcc	3465511	1693510667	2257976	1717222	77214780	238963176	NA	0
321	1	rocksdb	conan-gcc	6562147	1700072814	2258768	1717222	77493349	239859361	NA	0
322	1	rocksdb	conan-gcc	3679536	1703752350	2260229	1717222	77676284	240450577	NA	0
323	1	rocksdb	conan-gcc	6292660	1710045010	2262966	1717222	77950198	241291935	NA	0
324	1	rocksdb	conan-gcc	3443917	1713488927	2263999	1717222	78123077	241853334	NA	0
325	1	rocksdb	conan-gcc	7404675	1720893602	2268946	1717222	78459646	242903550	NA	0
326	1	rocksdb	conan-gcc	7502179	1728395781	2276183	1717222	78818186	243969443	NA	0
327	1	rocksdb	conan-gcc	6441461	1734837242	2277393	1717222	79090237	244834817	NA	0
328	1	rocksdb	conan-gcc	7283624	1742120866	2278405	1717222	79407797	245863891	NA	0
329	1	rocksdb	conan-gcc	7289455	1749410321	2279662	1717222	79725318	246897491	NA	0
330	1	rocksdb	conan-gcc	7412395	1756822716	2283296	1717222	80062025	247949637	NA	0
331	1	rocksdb	conan-gcc	7459618	1764282334	2289224	1717222	80404925	249008066	NA	0
332	1	rocksdb	conan-gcc	7392172	1771674506	2290217	1717222	80725223	250057647	NA	0
333	1	rocksdb	conan-gcc	7328284	1779002790	2292406	1717222	81049553	251091965	NA	0
334	1	rocksdb	conan-gcc	2566415	1781569205	2292896	1717222	81173588	251506276	NA	0
335	1	rocksdb	conan-gcc	7257075	1788826280	2293754	1717222	81490690	252531994	NA	0
336	1	rocksdb	conan-gcc	7414480	1796240760	2427065	1717222	81818913	253584545	NA	0
337	1	rocksdb	conan-gcc	7439872	1803680632	2429717	1717222	82153377	254641277	NA	0
338	1	rocksdb	conan-gcc	7471197	1811151829	2432457	1717222	82486159	255703866	NA	0
339	1	rocksdb	conan-gcc	7422242	1818574071	2433645	1717222	82812527	256757918	NA	0
340	1	rocksdb	conan-gcc	3958476	1822532547	2434788	1717222	82967547	257220054	NA	0
341	1	rocksdb	conan-gcc	4056520	1826589067	2438511	1717222	83141168	257697504	NA	0
342	1	rocksdb	conan-gcc	6010332	1832599399	2439781	1717222	83396814	258493031	NA	0
343	1	rocksdb	conan-gcc	5619833	1838219232	2440180	1717222	83627554	259215674	NA	0
344	1	rocksdb	conan-gcc	7309147	1845528379	2441523	1717222	83950923	260250719	NA	0
345	1	rocksdb	conan-gcc	3417838	1848946217	2441850	1717222	84120888	260808800	NA	0
346	1	rocksdb	conan-gcc	7271710	1856217927	2444421	1717222	84445105	261837678	NA	0
347	1	rocksdb	conan-gcc	7262773	1863480700	2447107	1717222	84767352	262863351	NA	0
348	1	rocksdb	conan-gcc	925394	1864406094	2454770	1717222	84814684	263007448	NA	0
349	1	rocksdb	conan-gcc	269142	1864675236	2455249	1717222	84827813	263050936	NA	0
350	1	rocksdb	conan-gcc	3582160	1868257396	2456625	1717222	85010401	263633262	NA	0
351	1	rocksdb	conan-gcc	3597620	1871855016	2458060	1717222	85196971	264218662	NA	0
352	1	rocksdb	conan-gcc	3583492	1875438508	2460432	1717222	85380436	264800855	NA	0
353	1	rocksdb	conan-gcc	270854	1875709362	2461700	1717222	85394716	264844928	NA	0
354	1	rocksdb	conan-gcc	933048	1876642410	2462520	1717222	85442195	264990429	NA	0
355	1	rocksdb	conan-gcc	905696	1877548106	2464490	1717222	85485694	265130478	NA	0
356	1	rocksdb	conan-gcc	1288529	1878836635	2465308	1717222	85548416	265331244	NA	0
357	1	rocksdb	conan-gcc	285958	1879122593	2466906	1717222	85564000	265376043	NA	0
358	1	rocksdb	conan-gcc	263718	1879386311	2467834	1717222	85577359	265418552	NA	0
359	1	rocksdb	conan-gcc	899170	1880285481	2468633	1717222	85619964	265553638	NA	0
360	1	rocksdb	conan-gcc	1891961	1882177442	2472502	1717222	85716592	265849218	NA	0
361	1	rocksdb	conan-gcc	6154187	1888331629	2475676	1717222	85980305	266663456	NA	0
362	1	rocksdb	conan-gcc	6219260	1894550889	2481075	1717222	86250340	267488952	NA	0
363	1	rocksdb	conan-gcc	6105344	1900656233	2487205	1717222	86518844	268297496	NA	0
364	1	rocksdb	conan-gcc	2111540	1902767773	2487573	1717222	86617656	268627743	NA	0
365	1	rocksdb	conan-gcc	3575948	1906343721	2488012	1717222	86784669	269170815	NA	0
366	1	rocksdb	conan-gcc	4081313	1910425034	2500221	1717222	87036023	269777899	NA	0
367	1	rocksdb	conan-gcc	3581803	1914006837	2501108	1717222	87197191	270290368	NA	0
368	1	rocksdb	conan-gcc	5974561	1919981398	2502000	1717222	87447545	271074491	NA	0
369	1	rocksdb	conan-gcc	29075	1920010473	2502261	1717222	87448949	271079680	NA	0
370	1	rocksdb	conan-gcc	3499011	1923509484	2502914	1717222	87625095	271650239	NA	0
371	1	rocksdb	conan-gcc	206	1923509690	2503036	1717222	87625181	271650365	NA	0
372	1	rocksdb	conan-gcc	29096	1923538786	2503267	1717222	87626460	271655556	NA	0
373	1	rocksdb	conan-gcc	212	1923538998	2503392	1717222	87626545	271655682	NA	0
374	1	rocksdb	conan-gcc	29159	1923568157	2503607	1717222	87627836	271660876	NA	0
375	1	rocksdb	conan-gcc	29118	1923597275	2503800	1717222	87629128	271666080	NA	0
376	1	rocksdb	conan-gcc	29088	1923626363	2503974	1717222	87630409	271671278	NA	0
377	1	rocksdb	conan-gcc	29032	1923655395	2504150	1717222	87631732	271676462	NA	0
378	1	rocksdb	conan-gcc	29278	1923684673	2504358	1717222	87633132	271681650	NA	0
379	1	rocksdb	conan-gcc	29247	1923713920	2504559	1717222	87634450	271686866	NA	0
380	1	rocksdb	conan-gcc	278	1923714198	2504703	1717222	87634561	271687011	NA	0
381	1	rocksdb	conan-gcc	29292	1923743490	2504902	1717222	87635862	271692230	NA	0
382	1	rocksdb	conan-gcc	29064	1923772554	2505073	1717222	87637144	271697430	NA	0
383	1	rocksdb	conan-gcc	3586052	1927358606	2527739	1717222	87869056	272198195	NA	0
384	1	rocksdb	conan-gcc	3255639	1930614245	2527902	1717222	88031652	272728013	NA	0
385	1	rocksdb	conan-gcc	3379511	1933993756	2528058	1717222	88199910	273279338	NA	0
386	1	rocksdb	conan-gcc	3555081	1937548837	2528860	1717222	88377964	273852978	NA	0
387	1	rocksdb	conan-gcc	29105	1937577942	2529056	1717222	88379251	273858172	NA	0
388	1	rocksdb	conan-gcc	29064	1937607006	2529218	1717222	88380533	273863369	NA	0
389	1	rocksdb	conan-gcc	29087	1937636093	2529411	1717222	88381818	273868564	NA	0
390	1	rocksdb	conan-gcc	29099	1937665192	2529592	1717222	88383106	273873760	NA	0
391	1	rocksdb	conan-gcc	234	1937665426	2529728	1717222	88383204	273873891	NA	0
392	1	rocksdb	conan-gcc	240	1937665666	2529867	1717222	88383305	273874027	NA	0
393	1	rocksdb	conan-gcc	29146	1937694812	2530068	1717222	88384593	273879218	NA	0
394	1	rocksdb	conan-gcc	254	1937695066	2530214	1717222	88384697	273879353	NA	0
395	1	rocksdb	conan-gcc	6619432	1944314498	2530266	1717222	88666140	274782930	NA	0
396	1	rocksdb	conan-gcc	230	1944314728	2530397	1717222	88666232	274783058	NA	0
397	1	rocksdb	conan-gcc	436	1944315164	2530583	1717222	88666367	274783216	NA	0
398	1	rocksdb	conan-gcc	1545313	1945860477	2531048	1717222	88741381	275026102	NA	0
399	1	rocksdb	conan-gcc	3277836	1949138313	2531306	1717222	88905064	275560177	NA	0
400	1	rocksdb	conan-gcc	6065267	1955203580	2532033	1717222	89158682	276363206	NA	0
401	1	rocksdb	conan-gcc	242	1955203822	2532173	1717222	89158780	276363337	NA	0
402	1	rocksdb	conan-gcc	6604838	1961808660	2533373	1717222	89439164	277262373	NA	0
403	1	rocksdb	conan-gcc	256	1961808916	2533520	1717222	89439264	277262510	NA	0
404	1	rocksdb	conan-gcc	226	1961809142	2533645	1717222	89439350	277262634	NA	0
405	1	rocksdb	conan-gcc	369184	1962178326	2533838	1717222	89454855	277317415	NA	0
406	1	rocksdb	conan-gcc	226	1962178552	2533970	1717222	89454954	277317548	NA	0
407	1	rocksdb	conan-gcc	240	1962178792	2534109	1717222	89455055	277317681	NA	0
408	1	rocksdb	conan-gcc	5616629	1967795421	2534340	1717222	89682860	278038644	NA	0
409	1	rocksdb	conan-gcc	3381924	1971177345	2534962	2636928	89852120	278589920	NA	1
410	1	rocksdb	conan-gcc	3381917	1974559262	2535503	2636928	90021294	279141251	NA	0
411	1	rocksdb	conan-gcc	3383635	1977942897	2536061	2636928	90190827	279693214	NA	0
412	1	rocksdb	conan-gcc	334322	1978277219	2549758	2636928	90209878	279738421	NA	0
413	1	rocksdb	conan-gcc	3430901	1981708120	2550734	2636928	90382240	280296636	NA	0
414	1	rocksdb	conan-gcc	3437679	1985145799	2551704	2636928	90554671	280856549	NA	0
415	1	rocksdb	conan-gcc	3470123	1988615922	2552358	2636928	90727783	281422629	NA	0
416	1	rocksdb	conan-gcc	3409484	1992025406	2553093	2636928	90898726	281978661	NA	0
417	1	rocksdb	conan-gcc	3432857	1995458263	2555024	2636928	91074282	282538049	NA	0
418	2	rocksdb	conan-gcc	3687699	1999145962	2555074	2636928	91256646	283138042	NA	0
419	2	rocksdb	conan-gcc	2167543	2001313505	2555125	2636928	91356984	283477679	NA	0
420	2	rocksdb	conan-gcc	5347817	2006661322	2555176	2636928	91578030	284174774	NA	0
421	2	rocksdb	conan-gcc	3274822	2009936144	2555227	2636928	91735471	284708473	NA	0
422	2	rocksdb	conan-gcc	3482059	2013418203	2555278	2636928	91906738	285271224	NA	0
423	2	rocksdb	conan-gcc	3469217	2016887420	2555330	2636928	92077511	285831826	NA	0
424	2	rocksdb	conan-gcc	6119954	2023007374	2555382	2636928	92333289	286646128	NA	0
425	2	rocksdb	conan-gcc	6099942	2029107316	2555434	2636928	92587081	287457653	NA	0
426	2	rocksdb	conan-gcc	6003532	2035110848	2555486	2636928	92836561	288252055	NA	0
427	2	rocksdb	conan-gcc	3287315	2038398163	2555538	2636928	93000420	288789616	NA	0
428	2	rocksdb	conan-gcc	5975468	2044373631	2555590	2636928	93248213	289577321	NA	0
429	2	rocksdb	conan-gcc	5365785	2049739416	2555642	2636928	93469486	290280299	NA	0
430	2	rocksdb	conan-gcc	5892704	2055632120	2555694	2636928	93712934	291052613	NA	0
431	2	rocksdb	conan-gcc	7243057	2062875177	2555746	2636928	94025291	292077154	NA	0
432	2	rocksdb	conan-gcc	3445515	2066320692	2555798	2636928	94194428	292631157	NA	0
433	2	rocksdb	conan-gcc	3421974	2069742666	2555850	2636928	94361514	293181445	NA	0
434	2	rocksdb	conan-gcc	6930117	2076672783	2555902	2636928	94658320	294148743	NA	0
435	2	rocksdb	conan-gcc	3390077	2080062860	2555954	2636928	94824312	294690538	NA	0
436	2	rocksdb	conan-gcc	6994184	2087057044	2556006	2636928	95124551	295669586	NA	0
437	2	rocksdb	conan-gcc	6232913	2093289957	2556058	2636928	95386690	296502145	NA	0
438	2	rocksdb	conan-gcc	6997429	2100287386	2556110	2636928	95686827	297481075	NA	0
439	2	rocksdb	conan-gcc	3388214	2103675600	2556162	2636928	95852483	298022403	NA	0
440	2	rocksdb	conan-gcc	3266799	2106942399	2556214	2636928	96015181	298554292	NA	0
441	2	rocksdb	conan-gcc	6480266	2113422665	2556266	2636928	96290426	299432818	NA	0
442	2	rocksdb	conan-gcc	6092657	2119515322	2556318	2636928	96544582	300240879	NA	0
443	2	rocksdb	conan-gcc	6555187	2126070509	2556370	2636928	96823894	301137628	NA	0
444	2	rocksdb	conan-gcc	3428936	2129499445	2556422	2636928	96991474	301690842	NA	0
445	2	rocksdb	conan-gcc	6066692	2135566137	2556474	2636928	97243138	302494061	NA	0
446	2	rocksdb	conan-gcc	6557115	2142123252	2556526	2636928	97522282	303391815	NA	0
447	2	rocksdb	conan-gcc	6432461	2148555713	2556578	2636928	97794793	304260006	NA	0
448	2	rocksdb	conan-gcc	6360805	2154916518	2556630	2636928	98062988	305115217	NA	0
449	2	rocksdb	conan-gcc	6202081	2161118599	2556682	2636928	98323864	305940653	NA	0
450	2	rocksdb	conan-gcc	7019161	2168137760	2556734	2636928	98625370	306924653	NA	0
451	2	rocksdb	conan-gcc	4541486	2172679246	2556786	2636928	98842715	307638061	NA	0
452	2	rocksdb	conan-gcc	3446161	2176125407	2556838	2636928	99012268	308192645	NA	0
453	2	rocksdb	conan-gcc	7323682	2183449089	2556890	2636928	99329063	309232430	NA	0
454	2	rocksdb	conan-gcc	6944297	2190393386	2556942	2636928	99626327	310201375	NA	0
455	2	rocksdb	conan-gcc	7003955	2197397341	2556994	2636928	99926710	311177607	NA	0
456	2	rocksdb	conan-gcc	6963915	2204361256	2557046	2636928	100225560	312149431	NA	0
457	2	rocksdb	conan-gcc	7411704	2211772960	2557098	2636928	100548113	313200226	NA	0
458	2	rocksdb	conan-gcc	6942421	2218715381	2557150	2636928	100845508	314167499	NA	0
459	2	rocksdb	conan-gcc	6934850	2225650231	2557202	2636928	101142917	315134173	NA	0
460	2	rocksdb	conan-gcc	6988195	2232638426	2557254	2636928	101442507	316109291	NA	0
461	2	rocksdb	conan-gcc	7193668	2239832094	2557306	2636928	101752929	317111186	NA	0
462	2	rocksdb	conan-gcc	6980287	2246812381	2557358	2636928	102052026	318086418	NA	0
463	2	rocksdb	conan-gcc	6996272	2253808653	2557410	2636928	102352872	319064324	NA	0
464	2	rocksdb	conan-gcc	3595582	2257404235	2557462	2636928	102528560	319643838	NA	0
465	2	rocksdb	conan-gcc	6982214	2264386449	2557514	2636928	102828425	320620075	NA	0
466	2	rocksdb	conan-gcc	7206011	2271592460	2557566	2636928	103139301	321639801	NA	0
467	2	rocksdb	conan-gcc	320	2271592780	2557617	2636928	103139334	321639956	NA	0
468	2	rocksdb	conan-gcc	7215458	2278808238	2557669	2636928	103450235	322657806	NA	0
469	2	rocksdb	conan-gcc	7215228	2286023466	2557721	2636928	103761548	323677047	NA	0
470	2	rocksdb	conan-gcc	7645251	2293668717	2557773	2636928	104095226	324775011	NA	0
471	2	rocksdb	conan-gcc	7344623	2301013340	2557825	2636928	104413368	325814726	NA	0
472	2	rocksdb	conan-gcc	7419892	2308433232	2557877	2636928	104734202	326866341	NA	0
473	2	rocksdb	conan-gcc	7252835	2315686067	2557929	2636928	105047110	327892942	NA	0
474	2	rocksdb	conan-gcc	7281452	2322967519	2557981	2636928	105361623	328924917	NA	0
475	2	rocksdb	conan-gcc	7356353	2330323872	2558033	2636928	105680479	329971575	NA	0
476	2	rocksdb	conan-gcc	216	2330324088	2558084	2636928	105680499	329971701	NA	0
477	2	rocksdb	conan-gcc	7201117	2337525205	2558136	2636928	105991755	330989844	NA	0
478	2	rocksdb	conan-gcc	7260390	2344785595	2558188	2636928	106305275	332017507	NA	0
479	2	rocksdb	conan-gcc	7326536	2352112131	2558240	2636928	106621857	333057257	NA	0
480	2	rocksdb	conan-gcc	3531698	2355643829	2558292	2636928	106795811	333627189	NA	0
481	2	rocksdb	conan-gcc	7318553	2362962382	2558344	2636928	107112533	334665195	NA	0
482	2	rocksdb	conan-gcc	5632822	2368595204	2558396	2636928	107341205	335389637	NA	0
483	2	rocksdb	conan-gcc	7223812	2375819016	2558448	2636928	107653553	336407621	NA	0
484	2	rocksdb	conan-gcc	6820771	2382639787	2558500	2636928	107944653	337352740	NA	0
485	2	rocksdb	conan-gcc	7263148	2389902935	2558552	2636928	108259387	338383273	NA	0
486	2	rocksdb	conan-gcc	7274249	2397177184	2558604	2636928	108573365	339413749	NA	0
487	2	rocksdb	conan-gcc	6534859	2403712043	2558656	2636928	108852288	340304287	NA	0
488	2	rocksdb	conan-gcc	7277933	2410989976	2558708	2636928	109169252	341334418	NA	0
489	2	rocksdb	conan-gcc	6779672	2417769648	2558760	2636928	109459431	342272086	NA	0
490	2	rocksdb	conan-gcc	7265493	2425035141	2558812	2636928	109773188	343300758	NA	0
491	2	rocksdb	conan-gcc	6985997	2432021138	2558864	2636928	110073110	344277815	NA	0
492	2	rocksdb	conan-gcc	7302200	2439323338	2558916	2636928	110388072	345311897	NA	0
493	2	rocksdb	conan-gcc	1114292	2440437630	2558968	2636928	110439011	345484309	NA	0
494	2	rocksdb	conan-gcc	6371209	2446808839	2559020	2636928	110706809	346340659	NA	0
495	2	rocksdb	conan-gcc	6612664	2453421503	2559072	2636928	110990860	347246118	NA	0
496	2	rocksdb	conan-gcc	1387918	2454809421	2559124	2636928	111058769	347465358	NA	0
497	2	rocksdb	conan-gcc	3383506	2458192927	2559176	2636928	111226635	348016749	NA	0
498	2	rocksdb	conan-gcc	6796611	2464989538	2559228	2636928	111517564	348953547	NA	0
499	2	rocksdb	conan-gcc	7236877	2472226415	2559280	2636928	111831226	349974386	NA	0
500	2	rocksdb	conan-gcc	6671636	2478898051	2559332	2636928	112115686	350890529	NA	0
501	2	rocksdb	conan-gcc	2269639	2481167690	2559384	2636928	112220533	351238599	NA	0
502	2	rocksdb	conan-gcc	6154923	2487322613	2559436	2636928	112477498	352057220	NA	0
503	2	rocksdb	conan-gcc	5617708	2492940321	2559488	2636928	112705102	352778529	NA	0
504	2	rocksdb	conan-gcc	5651986	2498592307	2559540	2636928	112935892	353503966	NA	0
505	2	rocksdb	conan-gcc	6619791	2505212098	2559592	3045932	113218863	354408518	NA	1
506	2	rocksdb	conan-gcc	6360031	2511572129	2559644	3045932	113488756	355265577	NA	0
507	2	rocksdb	conan-gcc	7225818	2518797947	2559696	3045932	113800632	356289588	NA	0
508	2	rocksdb	conan-gcc	6571702	2525369649	2559748	3045932	114081091	357184524	NA	0
509	2	rocksdb	conan-gcc	3378762	2528748411	2559800	3045932	114249843	357735847	NA	0
510	2	rocksdb	conan-gcc	6799160	2535547571	2559852	3045932	114540590	358676108	NA	0
511	2	rocksdb	conan-gcc	5637374	2541184945	2559904	3045932	114770426	359401670	NA	0
512	2	rocksdb	conan-gcc	6779588	2547964533	2559956	3045932	115058409	360338700	NA	0
513	2	rocksdb	conan-gcc	7034671	2554999204	2560008	3045932	115361888	361320330	NA	0
514	2	rocksdb	conan-gcc	6951710	2561950914	2560060	3045932	115660159	362287199	NA	0
515	2	rocksdb	conan-gcc	7287164	2569238078	2560112	3045932	115976587	363316729	NA	0
516	2	rocksdb	conan-gcc	7566063	2576804141	2560164	3045932	116306156	364399610	NA	0
517	2	rocksdb	conan-gcc	6941394	2583745535	2560216	3045932	116603763	365366934	NA	0
518	2	rocksdb	conan-gcc	3391467	2587137002	2560268	3045932	116769731	365910922	NA	0
519	2	rocksdb	conan-gcc	6919598	2594056600	2560320	3045932	117065935	366876214	NA	0
520	2	rocksdb	conan-gcc	6931145	2600987745	2560372	3045932	117363414	367842872	NA	0
521	2	rocksdb	conan-gcc	6239296	2607227041	2560424	3045932	117625832	368676754	NA	0
522	2	rocksdb	conan-gcc	6924269	2614151310	2560476	3045932	117921723	369642364	NA	0
523	2	rocksdb	conan-gcc	6346056	2620497366	2560528	3045932	118190922	370497750	NA	0
524	2	rocksdb	conan-gcc	6082320	2626579686	2560580	3045932	118443947	371305008	NA	0
525	2	rocksdb	conan-gcc	5673791	2632253477	2560632	3045932	118676156	372036191	NA	0
526	2	rocksdb	conan-gcc	7331556	2639585033	2560684	3045932	118991357	373071718	NA	0
527	2	rocksdb	conan-gcc	1567079	2641152112	2560736	3045932	119069911	373322473	NA	0
528	2	rocksdb	conan-gcc	3093438	2644245550	2560788	3045932	119215002	373810870	NA	0
529	2	rocksdb	conan-gcc	6942721	2651188271	2560840	3045932	119512498	374779408	NA	0
530	2	rocksdb	conan-gcc	6804207	2657992478	2560892	3045932	119803827	375717583	NA	0
531	2	rocksdb	conan-gcc	6619432	2664611910	2560907	3045932	120085270	376621160	NA	0
532	2	rocksdb	conan-gcc	3540482	2668152392	2560959	3045932	120259773	377196288	NA	0
533	2	rocksdb	conan-gcc	6691709	2674844101	2561011	3045932	120543000	378113905	NA	0
534	2	rocksdb	conan-gcc	3533312	2678377413	2561063	3045932	120717705	378687391	NA	0
535	2	rocksdb	conan-gcc	6246148	2684623561	2561115	3045932	120978196	379518581	NA	0
536	2	rocksdb	conan-gcc	6675596	2691299157	2561167	3045932	121259976	380431327	NA	0
537	2	rocksdb	conan-gcc	6059758	2697358915	2561219	3045932	121509729	381227415	NA	0
538	2	rocksdb	conan-gcc	3537448	2700896363	2561271	3045932	121683711	381795898	NA	0
539	2	rocksdb	conan-gcc	3361615	2704257978	2561323	3045932	121849525	382340394	NA	0
540	2	rocksdb	conan-gcc	4446963	2708704941	2561375	3045932	122062305	383037449	NA	0
541	2	rocksdb	conan-gcc	4917485	2713622426	2561427	3045932	122252886	383628435	NA	0
542	2	rocksdb	conan-gcc	6947785	2720570211	2561479	3045932	122552505	384594435	NA	0
543	2	rocksdb	conan-gcc	6241706	2726811917	2561531	3045932	122814536	385427304	NA	0
544	2	rocksdb	conan-gcc	6939809	2733751726	2561583	3045932	123112240	386398140	NA	0
545	2	rocksdb	conan-gcc	6569561	2740321287	2561635	3045932	123390319	387299053	NA	0
546	2	rocksdb	conan-gcc	6047108	2746368395	2561687	3045932	123640885	388095836	NA	0
547	2	rocksdb	conan-gcc	6357195	2752725590	2561739	3045932	123909312	388953055	NA	0
548	2	rocksdb	conan-gcc	6041805	2758767395	2561791	3045932	124160385	389748953	NA	0
549	2	rocksdb	conan-gcc	6140484	2764907879	2561843	3045932	124417120	390562641	NA	0
550	2	rocksdb	conan-gcc	6148858	2771056737	2561895	3045932	124674432	391379303	NA	0
551	2	rocksdb	conan-gcc	7210414	2778267151	2561947	3045932	124985285	392398135	NA	0
552	2	rocksdb	conan-gcc	6584167	2784851318	2561999	3045932	125267057	393295603	NA	0
553	2	rocksdb	conan-gcc	3636645	2788487963	2562051	3045932	125446005	393882619	NA	0
554	2	rocksdb	conan-gcc	3367925	2791855888	2562103	3045932	125610505	394419669	NA	0
555	2	rocksdb	conan-gcc	2755426	2794611314	2562155	3045932	125740245	394849714	NA	0
556	2	rocksdb	conan-gcc	2814140	2797425454	2562207	3045932	125872061	395288058	NA	0
557	2	rocksdb	conan-gcc	5197239	2802622693	2562259	3045932	126079811	395932262	NA	0
558	2	rocksdb	conan-gcc	4242518	2806865211	2562311	3045932	126281136	396592224	NA	0
559	2	rocksdb	conan-gcc	1786784	2808651995	2562363	3045932	126364980	396869775	NA	0
560	2	rocksdb	conan-gcc	3620527	2812272522	2562415	3045932	126542106	397454170	NA	0
561	2	rocksdb	conan-gcc	2445932	2814718454	2562467	3045932	126657567	397842002	NA	0
562	2	rocksdb	conan-gcc	6762301	2821480755	2562519	3045932	126947445	398771628	NA	0
563	2	rocksdb	conan-gcc	6746432	2828227187	2562571	3045932	127237363	399699643	NA	0
564	2	rocksdb	conan-gcc	6776956	2835004143	2562623	3045932	127528263	400632222	NA	0
565	2	rocksdb	conan-gcc	6729504	2841733647	2562675	3045932	127816272	401555379	NA	0
566	2	rocksdb	conan-gcc	6703537	2848437184	2562727	3045932	128103634	402474684	NA	0
567	2	rocksdb	conan-gcc	7198657	2855635841	2562779	3045932	128414630	403492114	NA	0
568	2	rocksdb	conan-gcc	2655314	2858291155	2562831	3045932	128534489	403891907	NA	0
569	2	rocksdb	conan-gcc	3011080	2861302235	2562883	3045932	128675270	404364412	NA	0
570	2	rocksdb	conan-gcc	7197344	2868499579	2562935	3045932	128985817	405381995	NA	0
571	2	rocksdb	conan-gcc	6015787	2874515366	2562987	3045932	129237402	406175783	NA	0
572	2	rocksdb	conan-gcc	5606994	2880122360	2563039	3045932	129465417	406893515	NA	0
573	2	rocksdb	conan-gcc	5721658	2885844018	2563091	3045932	129692609	407610033	NA	0
574	2	rocksdb	conan-gcc	1418120	2887262138	2563143	3045932	129760496	407831482	NA	0
575	2	rocksdb	conan-gcc	7201900	2894464038	2563195	3045932	130071475	408848626	NA	0
576	2	rocksdb	conan-gcc	6101174	2900565212	2563247	3045932	130327143	409658361	NA	0
577	2	rocksdb	conan-gcc	2137493	2902702705	2563299	3045932	130425915	409990239	NA	0
578	2	rocksdb	conan-gcc	3061177	2905763882	2563351	3045932	130572512	410483742	NA	0
579	2	rocksdb	conan-gcc	3400236	2909164118	2563403	3045932	130741456	411037774	NA	0
580	2	rocksdb	conan-gcc	3395254	2912559372	2563455	3045932	130909971	411590997	NA	0
581	2	rocksdb	conan-gcc	6521960	2919081332	2563507	3045932	131184729	412462154	NA	0
582	2	rocksdb	conan-gcc	3644844	2922726176	2563559	3045932	131363795	413051278	NA	0
583	2	rocksdb	conan-gcc	3449762	2926175938	2563611	3045932	131535081	413614816	NA	0
584	2	rocksdb	conan-gcc	3685096	2929861034	2563663	3045932	131716991	414211382	NA	0
585	2	rocksdb	conan-gcc	2725369	2932586403	2563715	3045932	131845911	414644529	NA	0
586	2	rocksdb	conan-gcc	6203244	2938789647	2563767	3045932	132103888	415473472	NA	0
587	2	rocksdb	conan-gcc	6433861	2945223508	2563819	3045932	132374498	416343225	NA	0
588	2	rocksdb	conan-gcc	6630416	2951853924	2563871	3045932	132656407	417254056	NA	0
589	2	rocksdb	conan-gcc	880390	2952734314	2563923	3045932	132697395	417390870	NA	0
590	2	rocksdb	conan-gcc	1047	2952735361	2563974	3045932	132697470	417391265	NA	0
591	2	rocksdb	conan-gcc	6584096	2959319457	2564026	3045932	132977573	418292052	NA	0
592	2	rocksdb	conan-gcc	6646230	2965965687	2564078	3045932	133261346	419203884	NA	0
593	2	rocksdb	conan-gcc	6439365	2972405052	2564130	3045932	133533575	420074622	NA	0
594	2	rocksdb	conan-gcc	7260748	2979665800	2564182	3045932	133846307	421096530	NA	0
595	2	rocksdb	conan-gcc	7226783	2986892583	2564234	3045932	134156752	422115001	NA	0
596	2	rocksdb	conan-gcc	6698943	2993591526	2564286	3045932	134442654	423032364	NA	0
597	2	rocksdb	conan-gcc	6350991	2999942517	2564338	3045932	134712179	423888497	NA	0
598	2	rocksdb	conan-gcc	7392933	3007335450	2564390	3045932	135031159	424935779	NA	0
599	2	rocksdb	conan-gcc	5972449	3013307899	2564442	3045932	135277488	425723897	NA	0
600	2	rocksdb	conan-gcc	6640116	3019948015	2564494	3045932	135559255	426632870	NA	0
601	2	rocksdb	conan-gcc	6642273	3026590288	2564546	3045932	135842913	427544518	NA	0
602	2	rocksdb	conan-gcc	5887265	3032477553	2564598	3045932	136085947	428314798	NA	0
603	2	rocksdb	conan-gcc	1999780	3034477333	2564650	3045932	136178831	428623297	NA	0
604	2	rocksdb	conan-gcc	3434378	3037911711	2564702	3382034	136348074	429178109	NA	1
605	2	rocksdb	conan-gcc	6646125	3044557836	2564754	3382034	136630144	430087713	NA	0
606	2	rocksdb	conan-gcc	6846648	3051404484	2564806	3382034	136922992	431032377	NA	0
607	2	rocksdb	conan-gcc	6672334	3058076818	2564858	3382034	137207007	431948261	NA	0
608	2	rocksdb	conan-gcc	6660388	3064737206	2564910	3382034	137488709	432860346	NA	0
609	2	rocksdb	conan-gcc	7066041	3071803247	2564962	3382034	137793198	433853168	NA	0
610	2	rocksdb	conan-gcc	6624542	3078427789	2565014	3382034	138076879	434757187	NA	0
611	2	rocksdb	conan-gcc	6644657	3085072446	2565066	3382034	138360571	435668140	NA	0
612	2	rocksdb	conan-gcc	6329354	3091401800	2565118	3382034	138626932	436518470	NA	0
613	2	rocksdb	conan-gcc	6716303	3098118103	2565170	3382034	138912599	437439466	NA	0
614	2	rocksdb	conan-gcc	6648339	3104766442	2565222	3382034	139196579	438352212	NA	0
615	2	rocksdb	conan-gcc	6659510	3111425952	2565274	3382034	139480975	439266399	NA	0
616	2	rocksdb	conan-gcc	6340162	3117766114	2565326	3382034	139749052	440124292	NA	0
617	2	rocksdb	conan-gcc	6642054	3124408168	2565378	3382034	140030863	441033241	NA	0
618	2	rocksdb	conan-gcc	6663130	3131071298	2565430	3382034	140314804	441947408	NA	0
619	2	rocksdb	conan-gcc	6972949	3138044247	2565482	3382034	140613013	442918960	NA	0
620	2	rocksdb	conan-gcc	6637550	3144681797	2565534	3382034	140896045	443831231	NA	0
621	2	rocksdb	conan-gcc	6967147	3151648944	2565586	3382034	141194886	444804501	NA	0
622	2	rocksdb	conan-gcc	7007004	3158655948	2565638	3382034	141497035	445785891	NA	0
623	2	rocksdb	conan-gcc	6691206	3165347154	2565690	3382034	141781730	446703759	NA	0
624	2	rocksdb	conan-gcc	6674900	3172022054	2565742	3382034	142068007	447619257	NA	0
625	2	rocksdb	conan-gcc	6346886	3178368940	2565794	3382034	142336399	448476563	NA	0
626	2	rocksdb	conan-gcc	7278685	3185647625	2565846	3382034	142652083	449504305	NA	0
627	2	rocksdb	conan-gcc	6961524	3192609149	2565898	3382034	142951480	450472244	NA	0
628	2	rocksdb	conan-gcc	7015890	3199625039	2565950	3382034	143252611	451455511	NA	0
629	2	rocksdb	conan-gcc	6641061	3206266100	2566002	3382034	143536456	452361800	NA	0
630	2	rocksdb	conan-gcc	6109984	3212376084	2566054	3382034	143791678	453173628	NA	0
631	2	rocksdb	conan-gcc	6998419	3219374503	2566106	3382034	144091801	454151026	NA	0
632	2	rocksdb	conan-gcc	6693345	3226067848	2566158	3382034	144375964	455073549	NA	0
633	2	rocksdb	conan-gcc	6184211	3232252059	2566210	3382034	144635675	455898818	NA	0
634	2	rocksdb	conan-gcc	6593978	3238846037	2566262	3382034	144915996	456802612	NA	0
635	2	rocksdb	conan-gcc	7047774	3245893811	2566314	3382034	145218713	457791459	NA	0
636	2	rocksdb	conan-gcc	7094507	3252988318	2566366	3382034	145524456	458786180	NA	0
637	2	rocksdb	conan-gcc	7247603	3260235921	2566418	3382034	145838406	459813886	NA	0
638	2	rocksdb	conan-gcc	7242692	3267478613	2566470	3382034	146150337	460840974	NA	0
639	2	rocksdb	conan-gcc	3633561	3271112174	2566522	3382034	146328738	461429416	NA	0
640	2	rocksdb	conan-gcc	6369477	3277481651	2566574	3382034	146595502	462281263	NA	0
641	2	rocksdb	conan-gcc	6411170	3283892821	2566626	3382034	146864402	463150538	NA	0
642	2	rocksdb	conan-gcc	2157872	3286050693	2566678	3382034	146964760	463485812	NA	0
643	2	rocksdb	conan-gcc	6187777	3292238470	2566730	3382034	147225881	464311972	NA	0
644	2	rocksdb	conan-gcc	6181783	3298420253	2566782	3382034	147486418	465135711	NA	0
645	2	rocksdb	conan-gcc	6808654	3305228907	2566834	3382034	147776218	466075308	NA	0
646	2	rocksdb	conan-gcc	6158729	3311387636	2566886	3382034	148032815	466895040	NA	0
647	2	rocksdb	conan-gcc	274	3311387910	2566937	3382034	148032835	466895181	NA	0
648	2	rocksdb	conan-gcc	3555443	3314943353	2566989	3382034	148207991	467469731	NA	0
649	2	rocksdb	conan-gcc	222	3314943575	2567040	3382034	148208011	467469860	NA	0
650	2	rocksdb	conan-gcc	7602180	3322545755	2567092	3382034	148537930	468553992	NA	0
651	2	rocksdb	conan-gcc	3634377	3326180132	2567144	3382034	148716473	469140526	NA	0
652	2	rocksdb	conan-gcc	6984506	3333164638	2567196	3382034	149016588	470113525	NA	0
653	2	rocksdb	conan-gcc	218	3333164856	2567247	3382034	149016608	470113653	NA	0
654	2	rocksdb	conan-gcc	7215298	3340380154	2567299	3382034	149329288	471130976	NA	0
655	2	rocksdb	conan-gcc	7203576	3347583730	2567351	3382034	149641438	472145848	NA	0
656	2	rocksdb	conan-gcc	3389281	3350973011	2567403	3382034	149808929	472698317	NA	0
657	2	rocksdb	conan-gcc	1519284	3352492295	2567455	3382034	149884441	472940585	NA	0
658	2	rocksdb	conan-gcc	3390870	3355883165	2567507	3382034	150053192	473493310	NA	0
659	2	rocksdb	conan-gcc	7215245	3363098410	2567559	3382034	150364325	474513645	NA	0
660	2	rocksdb	conan-gcc	212	3363098622	2567610	3382034	150364345	474513772	NA	0
661	2	rocksdb	conan-gcc	5912300	3369010922	2567662	3382034	150607859	475291177	NA	0
662	2	rocksdb	conan-gcc	387631	3369398553	2567714	3382034	150624544	475350248	NA	0
663	2	rocksdb	conan-gcc	2243376	3371641929	2567766	3382034	150726622	475691282	NA	0
664	2	rocksdb	conan-gcc	840714	3372482643	2567818	3382034	150765611	475821364	NA	0
665	2	rocksdb	conan-gcc	6108512	3378591155	2567870	3382034	151021922	476632773	NA	0
666	2	rocksdb	conan-gcc	3744189	3382335344	2567922	3382034	151205581	477237201	NA	0
667	2	rocksdb	conan-gcc	4049551	3386384895	2567974	3382034	151397245	477864930	NA	0
668	2	rocksdb	conan-gcc	5983038	3392367933	2568026	3382034	151643085	478648660	NA	0
669	2	rocksdb	conan-gcc	2062421	3394430354	2568078	3382034	151738551	478968854	NA	0
670	2	rocksdb	conan-gcc	339	3394430693	2568129	3382034	151738586	478969002	NA	0
671	2	rocksdb	conan-gcc	3886314	3398317007	2568181	3382034	151882211	479415361	NA	0
672	2	rocksdb	conan-gcc	3946377	3402263384	2568233	3382034	152032997	479878285	NA	0
673	2	rocksdb	conan-gcc	6094978	3408358362	2568285	3382034	152288680	480687231	NA	0
674	2	rocksdb	conan-gcc	3869175	3412227537	2568337	3382034	152433183	481133711	NA	0
675	2	rocksdb	conan-gcc	6683254	3418910791	2568389	3382034	152717605	482051155	NA	0
676	2	rocksdb	conan-gcc	865741	3419776532	2568441	3382034	152757799	482185222	NA	0
677	2	rocksdb	conan-gcc	2850225	3422626757	2568493	3382034	152883988	482602941	NA	0
678	2	rocksdb	conan-gcc	6066419	3428693176	2568545	3382034	153137865	483403958	NA	0
679	2	rocksdb	conan-gcc	753832	3429447008	2568597	3382034	153169060	483511776	NA	0
680	2	rocksdb	conan-gcc	3601401	3433048409	2568649	3382034	153345054	484092801	NA	0
681	2	rocksdb	conan-gcc	5512485	3438560894	2568701	3382034	153575806	484820746	NA	0
682	2	rocksdb	conan-gcc	1620583	3440181477	2568753	3382034	153654308	485075345	NA	0
683	2	rocksdb	conan-gcc	2065554	3442247031	2568805	3382034	153750355	485396346	NA	0
684	2	rocksdb	conan-gcc	2413443	3444660474	2568857	3382034	153858756	485757634	NA	0
685	2	rocksdb	conan-gcc	2273498	3446933972	2568909	3382034	153964309	486109548	NA	0
686	2	rocksdb	conan-gcc	3634479	3450568451	2568961	3382034	154143268	486695716	NA	0
687	2	rocksdb	conan-gcc	6142382	3456710833	2569013	3382034	154400201	487512514	NA	0
688	2	rocksdb	conan-gcc	1904579	3458615412	2569065	3382034	154489797	487811627	NA	0
689	2	rocksdb	conan-gcc	2070615	3460686027	2569117	3382034	154550444	487982288	NA	0
690	2	rocksdb	conan-gcc	3684801	3464370828	2569169	3382034	154731715	488577627	NA	0
691	2	rocksdb	conan-gcc	6812182	3471183010	2569221	3382034	155021605	489516273	NA	0
692	2	rocksdb	conan-gcc	6656759	3477839769	2569273	3382034	155305680	490429760	NA	0
693	2	rocksdb	conan-gcc	7308779	3485148548	2569325	3382034	155621019	491466679	NA	0
694	2	rocksdb	conan-gcc	7284872	3492433420	2569377	3382034	155935886	492500426	NA	0
695	2	rocksdb	conan-gcc	7390063	3499823483	2569429	3382034	156255564	493550342	NA	0
696	2	rocksdb	conan-gcc	7284920	3507108403	2569481	3382034	156569930	494585167	NA	0
697	2	rocksdb	conan-gcc	6441701	3513550104	2569533	3382034	156841189	495458935	NA	0
698	2	rocksdb	conan-gcc	7295150	3520845254	2569585	3382034	157156194	496493931	NA	0
699	2	rocksdb	conan-gcc	6624483	3527469737	2569637	3382034	157438650	497402495	NA	0
700	2	rocksdb	conan-gcc	6813371	3534283108	2569689	3382034	157728979	498343714	NA	0
701	2	rocksdb	conan-gcc	3543364	3537826472	2569741	3382034	157905354	498924068	NA	0
702	2	rocksdb	conan-gcc	3112392	3540938864	2569793	3382034	158050992	499411982	NA	0
703	2	rocksdb	conan-gcc	3519295	3544458159	2569845	3382034	158225150	499985649	NA	0
704	2	rocksdb	conan-gcc	7293976	3551752135	2569897	3382034	158540889	501019773	NA	0
705	2	rocksdb	conan-gcc	3461655	3555213790	2569949	3382034	158711948	501585039	NA	0
706	2	rocksdb	conan-gcc	3494657	3558708447	2570001	3382034	158884696	502155933	NA	0
707	2	rocksdb	conan-gcc	1959249	3560667696	2570053	3382034	158976767	502460959	NA	0
708	2	rocksdb	conan-gcc	3523082	3564190778	2570105	3382034	159150641	503032600	NA	0
709	2	rocksdb	conan-gcc	7241384	3571432162	2570157	3382034	159463185	504058674	NA	0
710	2	rocksdb	conan-gcc	2397864	3573830026	2570209	4149759	159571956	504421140	NA	1
711	2	rocksdb	conan-gcc	5994892	3579824918	2570261	4149759	159818069	505206668	NA	0
712	2	rocksdb	conan-gcc	4172930	3583997848	2570313	4149759	160016163	505854800	NA	0
713	2	rocksdb	conan-gcc	4423607	3588421455	2570365	4149759	160225569	506544307	NA	0
714	2	rocksdb	conan-gcc	4071436	3592492891	2570417	4149759	160418826	507177986	NA	0
715	2	rocksdb	conan-gcc	3426805	3595919696	2570469	4149759	160587200	507730664	NA	0
716	2	rocksdb	conan-gcc	7196873	3603116569	2570521	4149759	160897929	508748550	NA	0
717	2	rocksdb	conan-gcc	3672071	3606788640	2570573	4149759	161079405	509340900	NA	0
718	2	rocksdb	conan-gcc	2649377	3609438017	2570625	4149759	161202500	509751517	NA	0
719	2	rocksdb	conan-gcc	1982090	3611420107	2570677	4149759	161295429	510061675	NA	0
720	2	rocksdb	conan-gcc	1983576	3613403683	2570729	4149759	161388414	510371940	NA	0
721	2	rocksdb	conan-gcc	1983149	3615386832	2570781	4149759	161481637	510682473	NA	0
722	2	rocksdb	conan-gcc	3513359	3618900191	2570833	4149759	161655674	511255262	NA	0
723	2	rocksdb	conan-gcc	3515272	3622415463	2570885	4149759	161829853	511828118	NA	0
724	2	rocksdb	conan-gcc	2649688	3625065151	2570937	4149759	161953192	512238873	NA	0
725	2	rocksdb	conan-gcc	2230582	3627295733	2570989	4149759	162056236	512587106	NA	0
726	2	rocksdb	conan-gcc	3391842	3630687575	2571041	4149759	162224948	513140633	NA	0
727	2	rocksdb	conan-gcc	3704530	3634392105	2571093	4149759	162407201	513740027	NA	0
728	2	rocksdb	conan-gcc	6228432	3640620537	2571145	4149759	162668113	514573183	NA	0
729	2	rocksdb	conan-gcc	6206578	3646827115	2571197	4149759	162927789	515401058	NA	0
730	2	rocksdb	conan-gcc	6181545	3653008660	2571249	4149759	163186009	516225841	NA	0
731	2	rocksdb	conan-gcc	3023092	3656031752	2571301	4149759	163330202	516711373	NA	0
732	2	rocksdb	conan-gcc	3926810	3659958562	2571353	4149759	163515844	517316465	NA	0
733	2	rocksdb	conan-gcc	3265195	3663223757	2571405	4149759	163672253	517848110	NA	0
734	2	rocksdb	conan-gcc	3430985	3666654742	2571457	4149759	163840802	518400719	NA	0
735	2	rocksdb	conan-gcc	6068332	3672723074	2571509	4149759	164093288	519208322	NA	0
736	2	rocksdb	conan-gcc	6556255	3679279329	2571561	4149759	164370411	520106362	NA	0
737	2	rocksdb	conan-gcc	6224090	3685503419	2571613	4149759	164630556	520937092	NA	0
738	2	rocksdb	conan-gcc	3465511	3688968930	2571665	4149759	164802002	521501225	NA	0
739	2	rocksdb	conan-gcc	6562147	3695531077	2571717	4149759	165078612	522397410	NA	0
740	2	rocksdb	conan-gcc	3679536	3699210613	2571769	4149759	165258253	522988626	NA	0
741	2	rocksdb	conan-gcc	6292660	3705503273	2571821	4149759	165521145	523829984	NA	0
742	2	rocksdb	conan-gcc	3443917	3708947190	2571873	4149759	165691205	524391383	NA	0
743	2	rocksdb	conan-gcc	7404675	3716351865	2571925	4149759	166011887	525441599	NA	0
744	2	rocksdb	conan-gcc	7502179	3723854044	2571977	4149759	166338179	526507492	NA	0
745	2	rocksdb	conan-gcc	6441461	3730295505	2572029	4149759	166607841	527372866	NA	0
746	2	rocksdb	conan-gcc	7283624	3737579129	2572081	4149759	166922123	528401940	NA	0
747	2	rocksdb	conan-gcc	7289455	3744868584	2572133	4149759	167236690	529435540	NA	0
748	2	rocksdb	conan-gcc	7412395	3752280979	2572185	4149759	167557180	530487686	NA	0
749	2	rocksdb	conan-gcc	7459618	3759740597	2572237	4149759	167879309	531546115	NA	0
750	2	rocksdb	conan-gcc	7392172	3767132769	2572289	4149759	168198445	532595696	NA	0
751	2	rocksdb	conan-gcc	7328284	3774461053	2572341	4149759	168515765	533630014	NA	0
752	2	rocksdb	conan-gcc	2566415	3777027468	2572393	4149759	168638621	534044325	NA	0
753	2	rocksdb	conan-gcc	7257075	3784284543	2572445	4149759	168953569	535070043	NA	0
754	2	rocksdb	conan-gcc	7414480	3791699023	2572497	4149759	169274133	536122594	NA	0
755	2	rocksdb	conan-gcc	7439872	3799138895	2572549	4149759	169596290	537179326	NA	0
756	2	rocksdb	conan-gcc	7471197	3806610092	2572601	4149759	169919410	538241915	NA	0
757	2	rocksdb	conan-gcc	7422242	3814032334	2572653	4149759	170240659	539295967	NA	0
758	2	rocksdb	conan-gcc	3958476	3817990810	2572705	4149759	170391707	539758103	NA	0
759	2	rocksdb	conan-gcc	4056520	3822047330	2572757	4149759	170547387	540235553	NA	0
760	2	rocksdb	conan-gcc	6010332	3828057662	2572809	4149759	170797556	541031080	NA	0
761	2	rocksdb	conan-gcc	5619833	3833677495	2572861	4149759	171027294	541753723	NA	0
762	2	rocksdb	conan-gcc	7309147	3840986642	2572913	4149759	171342295	542788768	NA	0
763	2	rocksdb	conan-gcc	3417838	3844404480	2572965	4149759	171511931	543346849	NA	0
764	2	rocksdb	conan-gcc	7271710	3851676190	2573017	4149759	171825285	544375727	NA	0
765	2	rocksdb	conan-gcc	7262773	3858938963	2573069	4149759	172140151	545401400	NA	0
766	2	rocksdb	conan-gcc	925394	3859864357	2573121	4149759	172183107	545545497	NA	0
767	2	rocksdb	conan-gcc	269142	3860133499	2573173	4149759	172194693	545588985	NA	0
768	2	rocksdb	conan-gcc	3582160	3863715659	2573225	4149759	172372409	546171311	NA	0
769	2	rocksdb	conan-gcc	3597620	3867313279	2573277	4149759	172550315	546756711	NA	0
770	2	rocksdb	conan-gcc	3583492	3870896771	2573329	4149759	172727890	547338904	NA	0
771	2	rocksdb	conan-gcc	270854	3871167625	2573381	4149759	172739580	547382977	NA	0
772	2	rocksdb	conan-gcc	933048	3872100673	2573433	4149759	172783023	547528478	NA	0
773	2	rocksdb	conan-gcc	905696	3873006369	2573485	4149759	172824756	547668527	NA	0
774	2	rocksdb	conan-gcc	1288529	3874294898	2573537	4149759	172885752	547869293	NA	0
775	2	rocksdb	conan-gcc	285958	3874580856	2573589	4149759	172897299	547914092	NA	0
776	2	rocksdb	conan-gcc	263718	3874844574	2573641	4149759	172908666	547956601	NA	0
777	2	rocksdb	conan-gcc	899170	3875743744	2573693	4149759	172949389	548091687	NA	0
778	2	rocksdb	conan-gcc	1891961	3877635705	2573745	4149759	173038083	548387267	NA	0
779	2	rocksdb	conan-gcc	6154187	3883789892	2573797	4149759	173294431	549201505	NA	0
780	2	rocksdb	conan-gcc	6219260	3890009152	2573849	4149759	173553762	550027001	NA	0
781	2	rocksdb	conan-gcc	6105344	3896114496	2573901	4149759	173807529	550835545	NA	0
782	2	rocksdb	conan-gcc	2111540	3898226036	2573953	4149759	173905319	551165792	NA	0
783	2	rocksdb	conan-gcc	3575948	3901801984	2574005	4149759	174072140	551708864	NA	0
784	2	rocksdb	conan-gcc	4081313	3905883297	2574057	4149759	174257335	552315948	NA	0
785	2	rocksdb	conan-gcc	3581803	3909465100	2574109	4149759	174416402	552828417	NA	0
786	2	rocksdb	conan-gcc	5974561	3915439661	2574161	4149759	174662846	553612540	NA	0
787	2	rocksdb	conan-gcc	29075	3915468736	2574213	4149759	174664014	553617729	NA	0
788	2	rocksdb	conan-gcc	3499011	3918967747	2574265	4149759	174838234	554188288	NA	0
789	2	rocksdb	conan-gcc	206	3918967953	2574316	4149759	174838254	554188414	NA	0
790	2	rocksdb	conan-gcc	29096	3918997049	2574368	4149759	174839422	554193605	NA	0
791	2	rocksdb	conan-gcc	212	3918997261	2574419	4149759	174839442	554193731	NA	0
792	2	rocksdb	conan-gcc	29159	3919026420	2574471	4149759	174840610	554198925	NA	0
793	2	rocksdb	conan-gcc	29118	3919055538	2574523	4149759	174841779	554204129	NA	0
794	2	rocksdb	conan-gcc	29088	3919084626	2574575	4149759	174842947	554209327	NA	0
795	2	rocksdb	conan-gcc	29032	3919113658	2574627	4149759	174844116	554214511	NA	0
796	2	rocksdb	conan-gcc	29278	3919142936	2574679	4149759	174845283	554219699	NA	0
797	2	rocksdb	conan-gcc	29247	3919172183	2574731	4149759	174846452	554224915	NA	0
798	2	rocksdb	conan-gcc	278	3919172461	2574782	4149759	174846472	554225060	NA	0
799	2	rocksdb	conan-gcc	29292	3919201753	2574834	4149759	174847641	554230279	NA	0
800	2	rocksdb	conan-gcc	29064	3919230817	2574886	4149759	174848809	554235479	NA	0
801	2	rocksdb	conan-gcc	3586052	3922816869	2574938	4149759	174998624	554736244	NA	0
802	2	rocksdb	conan-gcc	3255639	3926072508	2574990	4149759	175161039	555266062	NA	0
803	2	rocksdb	conan-gcc	3379511	3929452019	2575042	4149759	175329141	555817387	NA	0
804	2	rocksdb	conan-gcc	3555081	3933007100	2575094	4149759	175504439	556391027	NA	0
805	2	rocksdb	conan-gcc	29105	3933036205	2575146	4149759	175505610	556396221	NA	0
806	2	rocksdb	conan-gcc	29064	3933065269	2575198	4149759	175506778	556401418	NA	0
807	2	rocksdb	conan-gcc	29087	3933094356	2575250	4149759	175507947	556406613	NA	0
808	2	rocksdb	conan-gcc	29099	3933123455	2575302	4149759	175509116	556411809	NA	0
809	2	rocksdb	conan-gcc	234	3933123689	2575353	4149759	175509136	556411940	NA	0
810	2	rocksdb	conan-gcc	240	3933123929	2575404	4149759	175509156	556412076	NA	0
811	2	rocksdb	conan-gcc	29146	3933153075	2575456	4149759	175510324	556417267	NA	0
812	2	rocksdb	conan-gcc	254	3933153329	2575507	4149759	175510344	556417402	NA	0
813	2	rocksdb	conan-gcc	6619432	3939772761	2575522	4149759	175791787	557320979	NA	0
814	2	rocksdb	conan-gcc	230	3939772991	2575573	4149759	175791807	557321107	NA	0
815	2	rocksdb	conan-gcc	436	3939773427	2575624	4149759	175791830	557321265	NA	0
816	2	rocksdb	conan-gcc	1545313	3941318740	2575676	4149759	175866172	557564151	NA	0
817	2	rocksdb	conan-gcc	3277836	3944596576	2575728	4149759	176029656	558098226	NA	0
818	2	rocksdb	conan-gcc	6065267	3950661843	2575780	4149759	176282887	558901255	NA	0
819	2	rocksdb	conan-gcc	242	3950662085	2575831	4149759	176282907	558901386	NA	0
820	2	rocksdb	conan-gcc	6604838	3957266923	2575883	4149759	176562908	559800422	NA	0
821	2	rocksdb	conan-gcc	256	3957267179	2575934	4149759	176562928	559800559	NA	0
822	2	rocksdb	conan-gcc	226	3957267405	2575985	4482433	176562948	559800683	NA	1
823	2	rocksdb	conan-gcc	369184	3957636589	2576037	4482433	176578325	559855464	NA	0
824	2	rocksdb	conan-gcc	226	3957636815	2576088	4482433	176578345	559855597	NA	0
825	2	rocksdb	conan-gcc	240	3957637055	2576139	4482433	176578365	559855730	NA	0
826	2	rocksdb	conan-gcc	5616629	3963253684	2576191	4482433	176806016	560576693	NA	0
827	2	rocksdb	conan-gcc	3381924	3966635608	2576243	4482433	176974588	561127969	NA	0
828	2	rocksdb	conan-gcc	3381917	3970017525	2576295	4482433	177143100	561679300	NA	0
829	2	rocksdb	conan-gcc	3383635	3973401160	2576347	4482433	177310596	562231263	NA	0
830	2	rocksdb	conan-gcc	334322	3973735482	2576399	4482433	177322788	562276470	NA	0
831	2	rocksdb	conan-gcc	3430901	3977166383	2576451	4482433	177493804	562834685	NA	0
832	2	rocksdb	conan-gcc	3437679	3980604062	2576503	4482433	177665240	563394598	NA	0
833	2	rocksdb	conan-gcc	3470123	3984074185	2576555	4482433	177836972	563960678	NA	0
834	2	rocksdb	conan-gcc	3409484	3987483669	2576607	4482433	178006549	564516710	NA	0
835	2	rocksdb	conan-gcc	3432857	3990916526	2576659	4482433	178177430	565076098	NA	0
836	3	rocksdb	conan-gcc	3687699	3994604225	2576674	4482433	178359794	565676091	NA	0
837	3	rocksdb	conan-gcc	2167543	3996771768	2576689	4482433	178460132	566015728	NA	0
838	3	rocksdb	conan-gcc	5347817	4002119585	2576704	4482433	178681178	566712823	NA	0
839	3	rocksdb	conan-gcc	3274822	4005394407	2576719	4482433	178838619	567246522	NA	0
840	3	rocksdb	conan-gcc	3482059	4008876466	2576734	4482433	179009886	567809273	NA	0
841	3	rocksdb	conan-gcc	3469217	4012345683	2576749	4482433	179180659	568369875	NA	0
842	3	rocksdb	conan-gcc	6119954	4018465637	2576764	4482433	179436437	569184177	NA	0
843	3	rocksdb	conan-gcc	6099942	4024565579	2576779	4482433	179690229	569995702	NA	0
844	3	rocksdb	conan-gcc	6003532	4030569111	2576794	4482433	179939709	570790104	NA	0
845	3	rocksdb	conan-gcc	3287315	4033856426	2576809	4482433	180103568	571327665	NA	0
846	3	rocksdb	conan-gcc	5975468	4039831894	2576824	4482433	180351361	572115370	NA	0
847	3	rocksdb	conan-gcc	5365785	4045197679	2576839	4482433	180572634	572818348	NA	0
848	3	rocksdb	conan-gcc	5892704	4051090383	2576854	4482433	180816082	573590662	NA	0
849	3	rocksdb	conan-gcc	7243057	4058333440	2576869	4482433	181128439	574615203	NA	0
850	3	rocksdb	conan-gcc	3445515	4061778955	2576884	4482433	181297576	575169206	NA	0
851	3	rocksdb	conan-gcc	3421974	4065200929	2576899	4482433	181464662	575719494	NA	0
852	3	rocksdb	conan-gcc	6930117	4072131046	2576914	4482433	181761468	576686792	NA	0
853	3	rocksdb	conan-gcc	3390077	4075521123	2576929	4482433	181927460	577228587	NA	0
854	3	rocksdb	conan-gcc	6994184	4082515307	2576944	4482433	182227699	578207635	NA	0
855	3	rocksdb	conan-gcc	6232913	4088748220	2576959	4482433	182489838	579040194	NA	0
856	3	rocksdb	conan-gcc	6997429	4095745649	2576974	4482433	182789975	580019124	NA	0
857	3	rocksdb	conan-gcc	3388214	4099133863	2576989	4482433	182955631	580560452	NA	0
858	3	rocksdb	conan-gcc	3266799	4102400662	2577004	4482433	183118329	581092341	NA	0
859	3	rocksdb	conan-gcc	6480266	4108880928	2577019	4482433	183393574	581970867	NA	0
860	3	rocksdb	conan-gcc	6092657	4114973585	2577034	4482433	183647730	582778928	NA	0
861	3	rocksdb	conan-gcc	6555187	4121528772	2577049	4482433	183927042	583675677	NA	0
862	3	rocksdb	conan-gcc	3428936	4124957708	2577064	4482433	184094622	584228891	NA	0
863	3	rocksdb	conan-gcc	6066692	4131024400	2577079	4482433	184346286	585032110	NA	0
864	3	rocksdb	conan-gcc	6557115	4137581515	2577094	4482433	184625430	585929864	NA	0
865	3	rocksdb	conan-gcc	6432461	4144013976	2577109	4482433	184897941	586798055	NA	0
866	3	rocksdb	conan-gcc	6360805	4150374781	2577124	4482433	185166136	587653266	NA	0
867	3	rocksdb	conan-gcc	6202081	4156576862	2577139	4482433	185427012	588478702	NA	0
868	3	rocksdb	conan-gcc	7019161	4163596023	2577154	4482433	185728518	589462702	NA	0
869	3	rocksdb	conan-gcc	4541486	4168137509	2577169	4482433	185945863	590176110	NA	0
870	3	rocksdb	conan-gcc	3446161	4171583670	2577184	4482433	186115416	590730694	NA	0
871	3	rocksdb	conan-gcc	7323682	4178907352	2577199	4482433	186432211	591770479	NA	0
872	3	rocksdb	conan-gcc	6944297	4185851649	2577214	4482433	186729475	592739424	NA	0
873	3	rocksdb	conan-gcc	7003955	4192855604	2577229	4482433	187029858	593715656	NA	0
874	3	rocksdb	conan-gcc	6963915	4199819519	2577244	4482433	187328708	594687480	NA	0
875	3	rocksdb	conan-gcc	7411704	4207231223	2577259	4482433	187651261	595738275	NA	0
876	3	rocksdb	conan-gcc	6942421	4214173644	2577274	4482433	187948656	596705548	NA	0
877	3	rocksdb	conan-gcc	6934850	4221108494	2577289	4482433	188246065	597672222	NA	0
878	3	rocksdb	conan-gcc	6988195	4228096689	2577304	4482433	188545655	598647340	NA	0
879	3	rocksdb	conan-gcc	7193668	4235290357	2577319	4482433	188856077	599649235	NA	0
880	3	rocksdb	conan-gcc	6980287	4242270644	2577334	4482433	189155174	600624467	NA	0
881	3	rocksdb	conan-gcc	6996272	4249266916	2577349	4482433	189456020	601602373	NA	0
882	3	rocksdb	conan-gcc	3595582	4252862498	2577364	4482433	189631708	602181887	NA	0
883	3	rocksdb	conan-gcc	6982214	4259844712	2577379	4482433	189931573	603158124	NA	0
884	3	rocksdb	conan-gcc	7206011	4267050723	2577394	4482433	190242449	604177850	NA	0
885	3	rocksdb	conan-gcc	320	4267051043	2577409	4482433	190242482	604178005	NA	0
886	3	rocksdb	conan-gcc	7215458	4274266501	2577424	4482433	190553383	605195855	NA	0
887	3	rocksdb	conan-gcc	7215228	4281481729	2577439	4482433	190864696	606215096	NA	0
888	3	rocksdb	conan-gcc	7645251	4289126980	2577454	4482433	191198374	607313060	NA	0
889	3	rocksdb	conan-gcc	7344623	4296471603	2577469	4482433	191516516	608352775	NA	0
890	3	rocksdb	conan-gcc	7419892	4303891495	2577484	4482433	191837350	609404390	NA	0
891	3	rocksdb	conan-gcc	7252835	4311144330	2577499	4482433	192150258	610430991	NA	0
892	3	rocksdb	conan-gcc	7281452	4318425782	2577514	4482433	192464771	611462966	NA	0
893	3	rocksdb	conan-gcc	7356353	4325782135	2577529	4482433	192783627	612509624	NA	0
894	3	rocksdb	conan-gcc	216	4325782351	2577544	4482433	192783647	612509750	NA	0
895	3	rocksdb	conan-gcc	7201117	4332983468	2577559	4482433	193094903	613527893	NA	0
896	3	rocksdb	conan-gcc	7260390	4340243858	2577574	4482433	193408423	614555556	NA	0
897	3	rocksdb	conan-gcc	7326536	4347570394	2577589	4482433	193725005	615595306	NA	0
898	3	rocksdb	conan-gcc	3531698	4351102092	2577604	4482433	193898959	616165238	NA	0
899	3	rocksdb	conan-gcc	7318553	4358420645	2577619	4482433	194215681	617203244	NA	0
900	3	rocksdb	conan-gcc	5632822	4364053467	2577634	4482433	194444353	617927686	NA	0
901	3	rocksdb	conan-gcc	7223812	4371277279	2577649	4482433	194756701	618945670	NA	0
902	3	rocksdb	conan-gcc	6820771	4378098050	2577664	4482433	195047801	619890789	NA	0
903	3	rocksdb	conan-gcc	7263148	4385361198	2577679	4482433	195362535	620921322	NA	0
904	3	rocksdb	conan-gcc	7274249	4392635447	2577694	4482433	195676513	621951798	NA	0
905	3	rocksdb	conan-gcc	6534859	4399170306	2577709	4482433	195955436	622842336	NA	0
906	3	rocksdb	conan-gcc	7277933	4406448239	2577724	4482433	196272400	623872467	NA	0
907	3	rocksdb	conan-gcc	6779672	4413227911	2577739	4482433	196562579	624810135	NA	0
908	3	rocksdb	conan-gcc	7265493	4420493404	2577754	4482433	196876336	625838807	NA	0
909	3	rocksdb	conan-gcc	6985997	4427479401	2577769	4482433	197176258	626815864	NA	0
910	3	rocksdb	conan-gcc	7302200	4434781601	2577784	4482433	197491220	627849946	NA	0
911	3	rocksdb	conan-gcc	1114292	4435895893	2577799	4482433	197542159	628022358	NA	0
912	3	rocksdb	conan-gcc	6371209	4442267102	2577814	4482433	197809957	628878708	NA	0
913	3	rocksdb	conan-gcc	6612664	4448879766	2577829	4482433	198094008	629784167	NA	0
914	3	rocksdb	conan-gcc	1387918	4450267684	2577844	4482433	198161917	630003407	NA	0
915	3	rocksdb	conan-gcc	3383506	4453651190	2577859	4482433	198329783	630554798	NA	0
916	3	rocksdb	conan-gcc	6796611	4460447801	2577874	4482433	198620712	631491596	NA	0
917	3	rocksdb	conan-gcc	7236877	4467684678	2577889	4482433	198934374	632512435	NA	0
918	3	rocksdb	conan-gcc	6671636	4474356314	2577904	4482433	199218834	633428578	NA	0
919	3	rocksdb	conan-gcc	2269639	4476625953	2577919	4482433	199323681	633776648	NA	0
920	3	rocksdb	conan-gcc	6154923	4482780876	2577934	4482433	199580646	634595269	NA	0
921	3	rocksdb	conan-gcc	5617708	4488398584	2577949	4482433	199808250	635316578	NA	0
922	3	rocksdb	conan-gcc	5651986	4494050570	2577964	4883454	200039040	636042015	NA	1
923	3	rocksdb	conan-gcc	6619791	4500670361	2577979	4883454	200322011	636946567	NA	0
924	3	rocksdb	conan-gcc	6360031	4507030392	2577994	4883454	200591904	637803626	NA	0
925	3	rocksdb	conan-gcc	7225818	4514256210	2578009	4883454	200903780	638827637	NA	0
926	3	rocksdb	conan-gcc	6571702	4520827912	2578024	4883454	201184239	639722573	NA	0
927	3	rocksdb	conan-gcc	3378762	4524206674	2578039	4883454	201352991	640273896	NA	0
928	3	rocksdb	conan-gcc	6799160	4531005834	2578054	4883454	201643738	641214157	NA	0
929	3	rocksdb	conan-gcc	5637374	4536643208	2578069	4883454	201873574	641939719	NA	0
930	3	rocksdb	conan-gcc	6779588	4543422796	2578084	4883454	202161557	642876749	NA	0
931	3	rocksdb	conan-gcc	7034671	4550457467	2578099	4883454	202465036	643858379	NA	0
932	3	rocksdb	conan-gcc	6951710	4557409177	2578114	4883454	202763307	644825248	NA	0
933	3	rocksdb	conan-gcc	7287164	4564696341	2578129	4883454	203079735	645854778	NA	0
934	3	rocksdb	conan-gcc	7566063	4572262404	2578144	4883454	203409304	646937659	NA	0
935	3	rocksdb	conan-gcc	6941394	4579203798	2578159	4883454	203706911	647904983	NA	0
936	3	rocksdb	conan-gcc	3391467	4582595265	2578174	4883454	203872879	648448971	NA	0
937	3	rocksdb	conan-gcc	6919598	4589514863	2578189	4883454	204169083	649414263	NA	0
938	3	rocksdb	conan-gcc	6931145	4596446008	2578204	4883454	204466562	650380921	NA	0
939	3	rocksdb	conan-gcc	6239296	4602685304	2578219	4883454	204728980	651214803	NA	0
940	3	rocksdb	conan-gcc	6924269	4609609573	2578234	4883454	205024871	652180413	NA	0
941	3	rocksdb	conan-gcc	6346056	4615955629	2578249	4883454	205294070	653035799	NA	0
942	3	rocksdb	conan-gcc	6082320	4622037949	2578264	4883454	205547095	653843057	NA	0
943	3	rocksdb	conan-gcc	5673791	4627711740	2578279	4883454	205779304	654574240	NA	0
944	3	rocksdb	conan-gcc	7331556	4635043296	2578294	4883454	206094505	655609767	NA	0
945	3	rocksdb	conan-gcc	1567079	4636610375	2578309	4883454	206173059	655860522	NA	0
946	3	rocksdb	conan-gcc	3093438	4639703813	2578324	4883454	206318150	656348919	NA	0
947	3	rocksdb	conan-gcc	6942721	4646646534	2578339	4883454	206615646	657317457	NA	0
948	3	rocksdb	conan-gcc	6804207	4653450741	2578354	4883454	206906975	658255632	NA	0
949	3	rocksdb	conan-gcc	6619432	4660070173	2578369	4883454	207188418	659159209	NA	0
950	3	rocksdb	conan-gcc	3540482	4663610655	2578384	4883454	207362921	659734337	NA	0
951	3	rocksdb	conan-gcc	6691709	4670302364	2578399	4883454	207646148	660651954	NA	0
952	3	rocksdb	conan-gcc	3533312	4673835676	2578414	4883454	207820853	661225440	NA	0
953	3	rocksdb	conan-gcc	6246148	4680081824	2578429	4883454	208081344	662056630	NA	0
954	3	rocksdb	conan-gcc	6675596	4686757420	2578444	4883454	208363124	662969376	NA	0
955	3	rocksdb	conan-gcc	6059758	4692817178	2578459	4883454	208612877	663765464	NA	0
956	3	rocksdb	conan-gcc	3537448	4696354626	2578474	4883454	208786859	664333947	NA	0
957	3	rocksdb	conan-gcc	3361615	4699716241	2578489	4883454	208952673	664878443	NA	0
958	3	rocksdb	conan-gcc	4446963	4704163204	2578504	4883454	209165453	665575498	NA	0
959	3	rocksdb	conan-gcc	4917485	4709080689	2578519	4883454	209356034	666166484	NA	0
960	3	rocksdb	conan-gcc	6947785	4716028474	2578534	4883454	209655653	667132484	NA	0
961	3	rocksdb	conan-gcc	6241706	4722270180	2578549	4883454	209917684	667965353	NA	0
962	3	rocksdb	conan-gcc	6939809	4729209989	2578564	4883454	210215388	668936189	NA	0
963	3	rocksdb	conan-gcc	6569561	4735779550	2578579	4883454	210493467	669837102	NA	0
964	3	rocksdb	conan-gcc	6047108	4741826658	2578594	4883454	210744033	670633885	NA	0
965	3	rocksdb	conan-gcc	6357195	4748183853	2578609	4883454	211012460	671491104	NA	0
966	3	rocksdb	conan-gcc	6041805	4754225658	2578624	4883454	211263533	672287002	NA	0
967	3	rocksdb	conan-gcc	6140484	4760366142	2578639	4883454	211520268	673100690	NA	0
968	3	rocksdb	conan-gcc	6148858	4766515000	2578654	4883454	211777580	673917352	NA	0
969	3	rocksdb	conan-gcc	7210414	4773725414	2578669	4883454	212088433	674936184	NA	0
970	3	rocksdb	conan-gcc	6584167	4780309581	2578684	4883454	212370205	675833652	NA	0
971	3	rocksdb	conan-gcc	3636645	4783946226	2578699	4883454	212549153	676420668	NA	0
972	3	rocksdb	conan-gcc	3367925	4787314151	2578714	4883454	212713653	676957718	NA	0
973	3	rocksdb	conan-gcc	2755426	4790069577	2578729	4883454	212843393	677387763	NA	0
974	3	rocksdb	conan-gcc	2814140	4792883717	2578744	4883454	212975209	677826107	NA	0
975	3	rocksdb	conan-gcc	5197239	4798080956	2578759	4883454	213182959	678470311	NA	0
976	3	rocksdb	conan-gcc	4242518	4802323474	2578774	4883454	213384284	679130273	NA	0
977	3	rocksdb	conan-gcc	1786784	4804110258	2578789	4883454	213468128	679407824	NA	0
978	3	rocksdb	conan-gcc	3620527	4807730785	2578804	4883454	213645254	679992219	NA	0
979	3	rocksdb	conan-gcc	2445932	4810176717	2578819	4883454	213760715	680380051	NA	0
980	3	rocksdb	conan-gcc	6762301	4816939018	2578834	4883454	214050593	681309677	NA	0
981	3	rocksdb	conan-gcc	6746432	4823685450	2578849	4883454	214340511	682237692	NA	0
982	3	rocksdb	conan-gcc	6776956	4830462406	2578864	4883454	214631411	683170271	NA	0
983	3	rocksdb	conan-gcc	6729504	4837191910	2578879	4883454	214919420	684093428	NA	0
984	3	rocksdb	conan-gcc	6703537	4843895447	2578894	4883454	215206782	685012733	NA	0
985	3	rocksdb	conan-gcc	7198657	4851094104	2578909	4883454	215517778	686030163	NA	0
986	3	rocksdb	conan-gcc	2655314	4853749418	2578924	4883454	215637637	686429956	NA	0
987	3	rocksdb	conan-gcc	3011080	4856760498	2578939	4883454	215778418	686902461	NA	0
988	3	rocksdb	conan-gcc	7197344	4863957842	2578954	4883454	216088965	687920044	NA	0
989	3	rocksdb	conan-gcc	6015787	4869973629	2578969	4883454	216340550	688713832	NA	0
990	3	rocksdb	conan-gcc	5606994	4875580623	2578984	4883454	216568565	689431564	NA	0
991	3	rocksdb	conan-gcc	5721658	4881302281	2578999	4883454	216795757	690148082	NA	0
992	3	rocksdb	conan-gcc	1418120	4882720401	2579014	4883454	216863644	690369531	NA	0
993	3	rocksdb	conan-gcc	7201900	4889922301	2579029	4883454	217174623	691386675	NA	0
994	3	rocksdb	conan-gcc	6101174	4896023475	2579044	4883454	217430291	692196410	NA	0
995	3	rocksdb	conan-gcc	2137493	4898160968	2579059	4883454	217529063	692528288	NA	0
996	3	rocksdb	conan-gcc	3061177	4901222145	2579074	4883454	217675660	693021791	NA	0
997	3	rocksdb	conan-gcc	3400236	4904622381	2579089	4883454	217844604	693575823	NA	0
998	3	rocksdb	conan-gcc	3395254	4908017635	2579104	4883454	218013119	694129046	NA	0
999	3	rocksdb	conan-gcc	6521960	4914539595	2579119	4883454	218287877	695000203	NA	0
1000	3	rocksdb	conan-gcc	3644844	4918184439	2579134	4883454	218466943	695589327	NA	0
1001	3	rocksdb	conan-gcc	3449762	4921634201	2579149	4883454	218638229	696152865	NA	0
1002	3	rocksdb	conan-gcc	3685096	4925319297	2579164	4883454	218820139	696749431	NA	0
1003	3	rocksdb	conan-gcc	2725369	4928044666	2579179	4883454	218949059	697182578	NA	0
1004	3	rocksdb	conan-gcc	6203244	4934247910	2579194	4883454	219207036	698011521	NA	0
1005	3	rocksdb	conan-gcc	6433861	4940681771	2579209	4883454	219477646	698881274	NA	0
1006	3	rocksdb	conan-gcc	6630416	4947312187	2579224	4883454	219759555	699792105	NA	0
1007	3	rocksdb	conan-gcc	880390	4948192577	2579239	4883454	219800543	699928919	NA	0
1008	3	rocksdb	conan-gcc	1047	4948193624	2579254	4883454	219800618	699929314	NA	0
1009	3	rocksdb	conan-gcc	6584096	4954777720	2579269	4883454	220080721	700830101	NA	0
1010	3	rocksdb	conan-gcc	6646230	4961423950	2579284	4883454	220364494	701741933	NA	0
1011	3	rocksdb	conan-gcc	6439365	4967863315	2579299	4883454	220636723	702612671	NA	0
1012	3	rocksdb	conan-gcc	7260748	4975124063	2579314	4883454	220949455	703634579	NA	0
1013	3	rocksdb	conan-gcc	7226783	4982350846	2579329	4883454	221259900	704653050	NA	0
1014	3	rocksdb	conan-gcc	6698943	4989049789	2579344	4883454	221545802	705570413	NA	0
1015	3	rocksdb	conan-gcc	6350991	4995400780	2579359	4883454	221815327	706426546	NA	0
1016	3	rocksdb	conan-gcc	7392933	5002793713	2579374	4883454	222134307	707473828	NA	0
1017	3	rocksdb	conan-gcc	5972449	5008766162	2579389	4883454	222380636	708261946	NA	0
1018	3	rocksdb	conan-gcc	6640116	5015406278	2579404	4883454	222662403	709170919	NA	0
1019	3	rocksdb	conan-gcc	6642273	5022048551	2579419	4883454	222946061	710082567	NA	0
1020	3	rocksdb	conan-gcc	5887265	5027935816	2579434	4883454	223189095	710852847	NA	0
1021	3	rocksdb	conan-gcc	1999780	5029935596	2579449	5780126	223281979	711161346	NA	1
1022	3	rocksdb	conan-gcc	3434378	5033369974	2579464	5780126	223451222	711716158	NA	0
1023	3	rocksdb	conan-gcc	6646125	5040016099	2579479	5780126	223733292	712625762	NA	0
1024	3	rocksdb	conan-gcc	6846648	5046862747	2579494	5780126	224026140	713570426	NA	0
1025	3	rocksdb	conan-gcc	6672334	5053535081	2579509	5780126	224310155	714486310	NA	0
1026	3	rocksdb	conan-gcc	6660388	5060195469	2579524	5780126	224591857	715398395	NA	0
1027	3	rocksdb	conan-gcc	7066041	5067261510	2579539	5780126	224896346	716391217	NA	0
1028	3	rocksdb	conan-gcc	6624542	5073886052	2579554	5780126	225180027	717295236	NA	0
1029	3	rocksdb	conan-gcc	6644657	5080530709	2579569	5780126	225463719	718206189	NA	0
1030	3	rocksdb	conan-gcc	6329354	5086860063	2579584	5780126	225730080	719056519	NA	0
1031	3	rocksdb	conan-gcc	6716303	5093576366	2579599	5780126	226015747	719977515	NA	0
1032	3	rocksdb	conan-gcc	6648339	5100224705	2579614	5780126	226299727	720890261	NA	0
1033	3	rocksdb	conan-gcc	6659510	5106884215	2579629	5780126	226584123	721804448	NA	0
1034	3	rocksdb	conan-gcc	6340162	5113224377	2579644	5780126	226852200	722662341	NA	0
1035	3	rocksdb	conan-gcc	6642054	5119866431	2579659	5780126	227134011	723571290	NA	0
1036	3	rocksdb	conan-gcc	6663130	5126529561	2579674	5780126	227417952	724485457	NA	0
1037	3	rocksdb	conan-gcc	6972949	5133502510	2579689	5780126	227716161	725457009	NA	0
1038	3	rocksdb	conan-gcc	6637550	5140140060	2579704	5780126	227999193	726369280	NA	0
1039	3	rocksdb	conan-gcc	6967147	5147107207	2579719	5780126	228298034	727342550	NA	0
1040	3	rocksdb	conan-gcc	7007004	5154114211	2579734	5780126	228600183	728323940	NA	0
1041	3	rocksdb	conan-gcc	6691206	5160805417	2579749	5780126	228884878	729241808	NA	0
1042	3	rocksdb	conan-gcc	6674900	5167480317	2579764	5780126	229171155	730157306	NA	0
1043	3	rocksdb	conan-gcc	6346886	5173827203	2579779	5780126	229439547	731014612	NA	0
1044	3	rocksdb	conan-gcc	7278685	5181105888	2579794	5780126	229755231	732042354	NA	0
1045	3	rocksdb	conan-gcc	6961524	5188067412	2579809	5780126	230054628	733010293	NA	0
1046	3	rocksdb	conan-gcc	7015890	5195083302	2579824	5780126	230355759	733993560	NA	0
1047	3	rocksdb	conan-gcc	6641061	5201724363	2579839	5780126	230639604	734899849	NA	0
1048	3	rocksdb	conan-gcc	6109984	5207834347	2579854	5780126	230894826	735711677	NA	0
1049	3	rocksdb	conan-gcc	6998419	5214832766	2579869	5780126	231194949	736689075	NA	0
1050	3	rocksdb	conan-gcc	6693345	5221526111	2579884	5780126	231479112	737611598	NA	0
1051	3	rocksdb	conan-gcc	6184211	5227710322	2579899	5780126	231738823	738436867	NA	0
1052	3	rocksdb	conan-gcc	6593978	5234304300	2579914	5780126	232019144	739340661	NA	0
1053	3	rocksdb	conan-gcc	7047774	5241352074	2579929	5780126	232321861	740329508	NA	0
1054	3	rocksdb	conan-gcc	7094507	5248446581	2579944	5780126	232627604	741324229	NA	0
1055	3	rocksdb	conan-gcc	7247603	5255694184	2579959	5780126	232941554	742351935	NA	0
1056	3	rocksdb	conan-gcc	7242692	5262936876	2579974	5780126	233253485	743379023	NA	0
1057	3	rocksdb	conan-gcc	3633561	5266570437	2579989	5780126	233431886	743967465	NA	0
1058	3	rocksdb	conan-gcc	6369477	5272939914	2580004	5780126	233698650	744819312	NA	0
1059	3	rocksdb	conan-gcc	6411170	5279351084	2580019	5780126	233967550	745688587	NA	0
1060	3	rocksdb	conan-gcc	2157872	5281508956	2580034	5780126	234067908	746023861	NA	0
1061	3	rocksdb	conan-gcc	6187777	5287696733	2580049	5780126	234329029	746850021	NA	0
1062	3	rocksdb	conan-gcc	6181783	5293878516	2580064	5780126	234589566	747673760	NA	0
1063	3	rocksdb	conan-gcc	6808654	5300687170	2580079	5780126	234879366	748613357	NA	0
1064	3	rocksdb	conan-gcc	6158729	5306845899	2580094	5780126	235135963	749433089	NA	0
1065	3	rocksdb	conan-gcc	274	5306846173	2580109	5780126	235135983	749433230	NA	0
1066	3	rocksdb	conan-gcc	3555443	5310401616	2580124	5780126	235311139	750007780	NA	0
1067	3	rocksdb	conan-gcc	222	5310401838	2580139	5780126	235311159	750007909	NA	0
1068	3	rocksdb	conan-gcc	7602180	5318004018	2580154	5780126	235641078	751092041	NA	0
1069	3	rocksdb	conan-gcc	3634377	5321638395	2580169	5780126	235819621	751678575	NA	0
1070	3	rocksdb	conan-gcc	6984506	5328622901	2580184	5780126	236119736	752651574	NA	0
1071	3	rocksdb	conan-gcc	218	5328623119	2580199	5780126	236119756	752651702	NA	0
1072	3	rocksdb	conan-gcc	7215298	5335838417	2580214	5780126	236432436	753669025	NA	0
1073	3	rocksdb	conan-gcc	7203576	5343041993	2580229	5780126	236744586	754683897	NA	0
1074	3	rocksdb	conan-gcc	3389281	5346431274	2580244	5780126	236912077	755236366	NA	0
1075	3	rocksdb	conan-gcc	1519284	5347950558	2580259	5780126	236987589	755478634	NA	0
1076	3	rocksdb	conan-gcc	3390870	5351341428	2580274	5780126	237156340	756031359	NA	0
1077	3	rocksdb	conan-gcc	7215245	5358556673	2580289	5780126	237467473	757051694	NA	0
1078	3	rocksdb	conan-gcc	212	5358556885	2580304	5780126	237467493	757051821	NA	0
1079	3	rocksdb	conan-gcc	5912300	5364469185	2580319	5780126	237711007	757829226	NA	0
1080	3	rocksdb	conan-gcc	387631	5364856816	2580334	5780126	237727692	757888297	NA	0
1081	3	rocksdb	conan-gcc	2243376	5367100192	2580349	5780126	237829770	758229331	NA	0
1082	3	rocksdb	conan-gcc	840714	5367940906	2580364	5780126	237868759	758359413	NA	0
1083	3	rocksdb	conan-gcc	6108512	5374049418	2580379	5780126	238125070	759170822	NA	0
1084	3	rocksdb	conan-gcc	3744189	5377793607	2580394	5780126	238308729	759775250	NA	0
1085	3	rocksdb	conan-gcc	4049551	5381843158	2580409	5780126	238500393	760402979	NA	0
1086	3	rocksdb	conan-gcc	5983038	5387826196	2580424	5780126	238746233	761186709	NA	0
1087	3	rocksdb	conan-gcc	2062421	5389888617	2580439	5780126	238841699	761506903	NA	0
1088	3	rocksdb	conan-gcc	339	5389888956	2580454	5780126	238841734	761507051	NA	0
1089	3	rocksdb	conan-gcc	3886314	5393775270	2580469	5780126	238985359	761953410	NA	0
1090	3	rocksdb	conan-gcc	3946377	5397721647	2580484	5780126	239136145	762416334	NA	0
1091	3	rocksdb	conan-gcc	6094978	5403816625	2580499	5780126	239391828	763225280	NA	0
1092	3	rocksdb	conan-gcc	3869175	5407685800	2580514	5780126	239536331	763671760	NA	0
1093	3	rocksdb	conan-gcc	6683254	5414369054	2580529	5780126	239820753	764589204	NA	0
1094	3	rocksdb	conan-gcc	865741	5415234795	2580544	5780126	239860947	764723271	NA	0
1095	3	rocksdb	conan-gcc	2850225	5418085020	2580559	5780126	239987136	765140990	NA	0
1096	3	rocksdb	conan-gcc	6066419	5424151439	2580574	5780126	240241013	765942007	NA	0
1097	3	rocksdb	conan-gcc	753832	5424905271	2580589	5780126	240272208	766049825	NA	0
1098	3	rocksdb	conan-gcc	3601401	5428506672	2580604	5780126	240448202	766630850	NA	0
1099	3	rocksdb	conan-gcc	5512485	5434019157	2580619	5780126	240678954	767358795	NA	0
1100	3	rocksdb	conan-gcc	1620583	5435639740	2580634	5780126	240757456	767613394	NA	0
1101	3	rocksdb	conan-gcc	2065554	5437705294	2580649	5780126	240853503	767934395	NA	0
1102	3	rocksdb	conan-gcc	2413443	5440118737	2580664	5780126	240961904	768295683	NA	0
1103	3	rocksdb	conan-gcc	2273498	5442392235	2580679	5780126	241067457	768647597	NA	0
1104	3	rocksdb	conan-gcc	3634479	5446026714	2580694	5780126	241246416	769233765	NA	0
1105	3	rocksdb	conan-gcc	6142382	5452169096	2580709	5780126	241503349	770050563	NA	0
1106	3	rocksdb	conan-gcc	1904579	5454073675	2580724	5780126	241592945	770349676	NA	0
1107	3	rocksdb	conan-gcc	2070615	5456144290	2580739	5780126	241653592	770520337	NA	0
1108	3	rocksdb	conan-gcc	3684801	5459829091	2580754	5780126	241834863	771115676	NA	0
1109	3	rocksdb	conan-gcc	6812182	5466641273	2580769	5780126	242124753	772054322	NA	0
1110	3	rocksdb	conan-gcc	6656759	5473298032	2580784	5780126	242408828	772967809	NA	0
1111	3	rocksdb	conan-gcc	7308779	5480606811	2580799	5780126	242724167	774004728	NA	0
1112	3	rocksdb	conan-gcc	7284872	5487891683	2580814	5780126	243039034	775038475	NA	0
1113	3	rocksdb	conan-gcc	7390063	5495281746	2580829	5780126	243358712	776088391	NA	0
1114	3	rocksdb	conan-gcc	7284920	5502566666	2580844	5780126	243673078	777123216	NA	0
1115	3	rocksdb	conan-gcc	6441701	5509008367	2580859	5780126	243944337	777996984	NA	0
1116	3	rocksdb	conan-gcc	7295150	5516303517	2580874	5780126	244259342	779031980	NA	0
1117	3	rocksdb	conan-gcc	6624483	5522928000	2580889	5780126	244541798	779940544	NA	0
1118	3	rocksdb	conan-gcc	6813371	5529741371	2580904	5780126	244832127	780881763	NA	0
1119	3	rocksdb	conan-gcc	3543364	5533284735	2580919	5780126	245008502	781462117	NA	0
1120	3	rocksdb	conan-gcc	3112392	5536397127	2580934	5780126	245154140	781950031	NA	0
1121	3	rocksdb	conan-gcc	3519295	5539916422	2580949	5780126	245328298	782523698	NA	0
1122	3	rocksdb	conan-gcc	7293976	5547210398	2580964	5780126	245644037	783557822	NA	0
1123	3	rocksdb	conan-gcc	3461655	5550672053	2580979	5780126	245815096	784123088	NA	0
1124	3	rocksdb	conan-gcc	3494657	5554166710	2580994	5780126	245987844	784693982	NA	0
1125	3	rocksdb	conan-gcc	1959249	5556125959	2581009	5780126	246079915	784999008	NA	0
1126	3	rocksdb	conan-gcc	3523082	5559649041	2581024	6126443	246253789	785570649	NA	1
1127	3	rocksdb	conan-gcc	7241384	5566890425	2581039	6126443	246566333	786596723	NA	0
1128	3	rocksdb	conan-gcc	2397864	5569288289	2581054	6126443	246675104	786959189	NA	0
1129	3	rocksdb	conan-gcc	5994892	5575283181	2581069	6126443	246921217	787744717	NA	0
1130	3	rocksdb	conan-gcc	4172930	5579456111	2581084	6126443	247119311	788392849	NA	0
1131	3	rocksdb	conan-gcc	4423607	5583879718	2581099	6126443	247328717	789082356	NA	0
1132	3	rocksdb	conan-gcc	4071436	5587951154	2581114	6126443	247521974	789716035	NA	0
1133	3	rocksdb	conan-gcc	3426805	5591377959	2581129	6126443	247690348	790268713	NA	0
1134	3	rocksdb	conan-gcc	7196873	5598574832	2581144	6126443	248001077	791286599	NA	0
1135	3	rocksdb	conan-gcc	3672071	5602246903	2581159	6126443	248182553	791878949	NA	0
1136	3	rocksdb	conan-gcc	2649377	5604896280	2581174	6126443	248305648	792289566	NA	0
1137	3	rocksdb	conan-gcc	1982090	5606878370	2581189	6126443	248398577	792599724	NA	0
1138	3	rocksdb	conan-gcc	1983576	5608861946	2581204	6126443	248491562	792909989	NA	0
1139	3	rocksdb	conan-gcc	1983149	5610845095	2581219	6126443	248584785	793220522	NA	0
1140	3	rocksdb	conan-gcc	3513359	5614358454	2581234	6126443	248758822	793793311	NA	0
1141	3	rocksdb	conan-gcc	3515272	5617873726	2581249	6126443	248933001	794366167	NA	0
1142	3	rocksdb	conan-gcc	2649688	5620523414	2581264	6126443	249056340	794776922	NA	0
1143	3	rocksdb	conan-gcc	2230582	5622753996	2581279	6126443	249159384	795125155	NA	0
1144	3	rocksdb	conan-gcc	3391842	5626145838	2581294	6126443	249328096	795678682	NA	0
1145	3	rocksdb	conan-gcc	3704530	5629850368	2581309	6126443	249510349	796278076	NA	0
1146	3	rocksdb	conan-gcc	6228432	5636078800	2581324	6126443	249771261	797111232	NA	0
1147	3	rocksdb	conan-gcc	6206578	5642285378	2581339	6126443	250030937	797939107	NA	0
1148	3	rocksdb	conan-gcc	6181545	5648466923	2581354	6126443	250289157	798763890	NA	0
1149	3	rocksdb	conan-gcc	3023092	5651490015	2581369	6126443	250433350	799249422	NA	0
1150	3	rocksdb	conan-gcc	3926810	5655416825	2581384	6126443	250618992	799854514	NA	0
1151	3	rocksdb	conan-gcc	3265195	5658682020	2581399	6126443	250775401	800386159	NA	0
1152	3	rocksdb	conan-gcc	3430985	5662113005	2581414	6126443	250943950	800938768	NA	0
1153	3	rocksdb	conan-gcc	6068332	5668181337	2581429	6126443	251196436	801746371	NA	0
1154	3	rocksdb	conan-gcc	6556255	5674737592	2581444	6126443	251473559	802644411	NA	0
1155	3	rocksdb	conan-gcc	6224090	5680961682	2581459	6126443	251733704	803475141	NA	0
1156	3	rocksdb	conan-gcc	3465511	5684427193	2581474	6126443	251905150	804039274	NA	0
1157	3	rocksdb	conan-gcc	6562147	5690989340	2581489	6126443	252181760	804935459	NA	0
1158	3	rocksdb	conan-gcc	3679536	5694668876	2581504	6126443	252361401	805526675	NA	0
1159	3	rocksdb	conan-gcc	6292660	5700961536	2581519	6126443	252624293	806368033	NA	0
1160	3	rocksdb	conan-gcc	3443917	5704405453	2581534	6126443	252794353	806929432	NA	0
1161	3	rocksdb	conan-gcc	7404675	5711810128	2581549	6126443	253115035	807979648	NA	0
1162	3	rocksdb	conan-gcc	7502179	5719312307	2581564	6126443	253441327	809045541	NA	0
1163	3	rocksdb	conan-gcc	6441461	5725753768	2581579	6126443	253710989	809910915	NA	0
1164	3	rocksdb	conan-gcc	7283624	5733037392	2581594	6126443	254025271	810939989	NA	0
1165	3	rocksdb	conan-gcc	7289455	5740326847	2581609	6126443	254339838	811973589	NA	0
1166	3	rocksdb	conan-gcc	7412395	5747739242	2581624	6126443	254660328	813025735	NA	0
1167	3	rocksdb	conan-gcc	7459618	5755198860	2581639	6126443	254982457	814084164	NA	0
1168	3	rocksdb	conan-gcc	7392172	5762591032	2581654	6126443	255301593	815133745	NA	0
1169	3	rocksdb	conan-gcc	7328284	5769919316	2581669	6126443	255618913	816168063	NA	0
1170	3	rocksdb	conan-gcc	2566415	5772485731	2581684	6126443	255741769	816582374	NA	0
1171	3	rocksdb	conan-gcc	7257075	5779742806	2581699	6126443	256056717	817608092	NA	0
1172	3	rocksdb	conan-gcc	7414480	5787157286	2581714	6126443	256377281	818660643	NA	0
1173	3	rocksdb	conan-gcc	7439872	5794597158	2581729	6126443	256699438	819717375	NA	0
1174	3	rocksdb	conan-gcc	7471197	5802068355	2581744	6126443	257022558	820779964	NA	0
1175	3	rocksdb	conan-gcc	7422242	5809490597	2581759	6126443	257343807	821834016	NA	0
1176	3	rocksdb	conan-gcc	3958476	5813449073	2581774	6126443	257494855	822296152	NA	0
1177	3	rocksdb	conan-gcc	4056520	5817505593	2581789	6126443	257650535	822773602	NA	0
1178	3	rocksdb	conan-gcc	6010332	5823515925	2581804	6126443	257900704	823569129	NA	0
1179	3	rocksdb	conan-gcc	5619833	5829135758	2581819	6126443	258130442	824291772	NA	0
1180	3	rocksdb	conan-gcc	7309147	5836444905	2581834	6126443	258445443	825326817	NA	0
1181	3	rocksdb	conan-gcc	3417838	5839862743	2581849	6126443	258615079	825884898	NA	0
1182	3	rocksdb	conan-gcc	7271710	5847134453	2581864	6126443	258928433	826913776	NA	0
1183	3	rocksdb	conan-gcc	7262773	5854397226	2581879	6126443	259243299	827939449	NA	0
1184	3	rocksdb	conan-gcc	925394	5855322620	2581894	6126443	259286255	828083546	NA	0
1185	3	rocksdb	conan-gcc	269142	5855591762	2581909	6126443	259297841	828127034	NA	0
1186	3	rocksdb	conan-gcc	3582160	5859173922	2581924	6126443	259475557	828709360	NA	0
1187	3	rocksdb	conan-gcc	3597620	5862771542	2581939	6126443	259653463	829294760	NA	0
1188	3	rocksdb	conan-gcc	3583492	5866355034	2581954	6126443	259831038	829876953	NA	0
1189	3	rocksdb	conan-gcc	270854	5866625888	2581969	6126443	259842728	829921026	NA	0
1190	3	rocksdb	conan-gcc	933048	5867558936	2581984	6126443	259886171	830066527	NA	0
1191	3	rocksdb	conan-gcc	905696	5868464632	2581999	6126443	259927904	830206576	NA	0
1192	3	rocksdb	conan-gcc	1288529	5869753161	2582014	6126443	259988900	830407342	NA	0
1193	3	rocksdb	conan-gcc	285958	5870039119	2582029	6126443	260000447	830452141	NA	0
1194	3	rocksdb	conan-gcc	263718	5870302837	2582044	6126443	260011814	830494650	NA	0
1195	3	rocksdb	conan-gcc	899170	5871202007	2582059	6126443	260052537	830629736	NA	0
1196	3	rocksdb	conan-gcc	1891961	5873093968	2582074	6126443	260141231	830925316	NA	0
1197	3	rocksdb	conan-gcc	6154187	5879248155	2582089	6126443	260397579	831739554	NA	0
1198	3	rocksdb	conan-gcc	6219260	5885467415	2582104	6126443	260656910	832565050	NA	0
1199	3	rocksdb	conan-gcc	6105344	5891572759	2582119	6126443	260910677	833373594	NA	0
1200	3	rocksdb	conan-gcc	2111540	5893684299	2582134	6126443	261008467	833703841	NA	0
1201	3	rocksdb	conan-gcc	3575948	5897260247	2582149	6126443	261175288	834246913	NA	0
1202	3	rocksdb	conan-gcc	4081313	5901341560	2582164	6126443	261360483	834853997	NA	0
1203	3	rocksdb	conan-gcc	3581803	5904923363	2582179	6126443	261519550	835366466	NA	0
1204	3	rocksdb	conan-gcc	5974561	5910897924	2582194	6126443	261765994	836150589	NA	0
1205	3	rocksdb	conan-gcc	29075	5910926999	2582209	6126443	261767162	836155778	NA	0
1206	3	rocksdb	conan-gcc	3499011	5914426010	2582224	6126443	261941382	836726337	NA	0
1207	3	rocksdb	conan-gcc	206	5914426216	2582239	6126443	261941402	836726463	NA	0
1208	3	rocksdb	conan-gcc	29096	5914455312	2582254	6126443	261942570	836731654	NA	0
1209	3	rocksdb	conan-gcc	212	5914455524	2582269	6126443	261942590	836731780	NA	0
1210	3	rocksdb	conan-gcc	29159	5914484683	2582284	6126443	261943758	836736974	NA	0
1211	3	rocksdb	conan-gcc	29118	5914513801	2582299	6126443	261944927	836742178	NA	0
1212	3	rocksdb	conan-gcc	29088	5914542889	2582314	6126443	261946095	836747376	NA	0
1213	3	rocksdb	conan-gcc	29032	5914571921	2582329	6126443	261947264	836752560	NA	0
1214	3	rocksdb	conan-gcc	29278	5914601199	2582344	6126443	261948431	836757748	NA	0
1215	3	rocksdb	conan-gcc	29247	5914630446	2582359	6126443	261949600	836762964	NA	0
1216	3	rocksdb	conan-gcc	278	5914630724	2582374	6126443	261949620	836763109	NA	0
1217	3	rocksdb	conan-gcc	29292	5914660016	2582389	6126443	261950789	836768328	NA	0
1218	3	rocksdb	conan-gcc	29064	5914689080	2582404	6126443	261951957	836773528	NA	0
1219	3	rocksdb	conan-gcc	3586052	5918275132	2582419	6126443	262101772	837274293	NA	0
1220	3	rocksdb	conan-gcc	3255639	5921530771	2582434	6126443	262264187	837804111	NA	0
1221	3	rocksdb	conan-gcc	3379511	5924910282	2582449	6126443	262432289	838355436	NA	0
1222	3	rocksdb	conan-gcc	3555081	5928465363	2582464	6126443	262607587	838929076	NA	0
1223	3	rocksdb	conan-gcc	29105	5928494468	2582479	6126443	262608758	838934270	NA	0
1224	3	rocksdb	conan-gcc	29064	5928523532	2582494	6126443	262609926	838939467	NA	0
1225	3	rocksdb	conan-gcc	29087	5928552619	2582509	6126443	262611095	838944662	NA	0
1226	3	rocksdb	conan-gcc	29099	5928581718	2582524	6126443	262612264	838949858	NA	0
1227	3	rocksdb	conan-gcc	234	5928581952	2582539	6126443	262612284	838949989	NA	0
1228	3	rocksdb	conan-gcc	240	5928582192	2582554	6126443	262612304	838950125	NA	0
1229	3	rocksdb	conan-gcc	29146	5928611338	2582569	6126443	262613472	838955316	NA	0
1230	3	rocksdb	conan-gcc	254	5928611592	2582584	6126443	262613492	838955451	NA	0
1231	3	rocksdb	conan-gcc	6619432	5935231024	2582599	6126443	262894935	839859028	NA	0
1232	3	rocksdb	conan-gcc	230	5935231254	2582614	6126443	262894955	839859156	NA	0
1233	3	rocksdb	conan-gcc	436	5935231690	2582629	6126443	262894978	839859314	NA	0
1234	3	rocksdb	conan-gcc	1545313	5936777003	2582644	6126443	262969320	840102200	NA	0
1235	3	rocksdb	conan-gcc	3277836	5940054839	2582659	6126443	263132804	840636275	NA	0
1236	3	rocksdb	conan-gcc	6065267	5946120106	2582674	6126443	263386035	841439304	NA	0
1237	3	rocksdb	conan-gcc	242	5946120348	2582689	6126443	263386055	841439435	NA	0
1238	3	rocksdb	conan-gcc	6604838	5952725186	2582704	6433606	263666056	842338471	NA	1
1239	3	rocksdb	conan-gcc	256	5952725442	2582719	6433606	263666076	842338608	NA	0
1240	3	rocksdb	conan-gcc	226	5952725668	2582734	6433606	263666096	842338732	NA	0
1241	3	rocksdb	conan-gcc	369184	5953094852	2582749	6433606	263681473	842393513	NA	0
1242	3	rocksdb	conan-gcc	226	5953095078	2582764	6433606	263681493	842393646	NA	0
1243	3	rocksdb	conan-gcc	240	5953095318	2582779	6433606	263681513	842393779	NA	0
1244	3	rocksdb	conan-gcc	5616629	5958711947	2582794	6433606	263909164	843114742	NA	0
1245	3	rocksdb	conan-gcc	3381924	5962093871	2582809	6433606	264077736	843666018	NA	0
1246	3	rocksdb	conan-gcc	3381917	5965475788	2582824	6433606	264246248	844217349	NA	0
1247	3	rocksdb	conan-gcc	3383635	5968859423	2582839	6433606	264413744	844769312	NA	0
1248	3	rocksdb	conan-gcc	334322	5969193745	2582854	6433606	264425936	844814519	NA	0
1249	3	rocksdb	conan-gcc	3430901	5972624646	2582869	6433606	264596952	845372734	NA	0
1250	3	rocksdb	conan-gcc	3437679	5976062325	2582884	6433606	264768388	845932647	NA	0
1251	3	rocksdb	conan-gcc	3470123	5979532448	2582899	6433606	264940120	846498727	NA	0
1252	3	rocksdb	conan-gcc	3409484	5982941932	2582914	6433606	265109697	847054759	NA	0
1253	3	rocksdb	conan-gcc	3432857	5986374789	2582929	6433606	265280578	847614147	NA	0
1254	4	rocksdb	conan-gcc	3687699	5990062488	2582944	6433606	265462942	848214140	NA	0
1255	4	rocksdb	conan-gcc	2167543	5992230031	2582959	6433606	265563280	848553777	NA	0
1256	4	rocksdb	conan-gcc	5347817	5997577848	2582974	6433606	265784326	849250872	NA	0
1257	4	rocksdb	conan-gcc	3274822	6000852670	2582989	6433606	265941767	849784571	NA	0
1258	4	rocksdb	conan-gcc	3482059	6004334729	2583004	6433606	266113034	850347322	NA	0
1259	4	rocksdb	conan-gcc	3469217	6007803946	2583019	6433606	266283807	850907924	NA	0
1260	4	rocksdb	conan-gcc	6119954	6013923900	2583034	6433606	266539585	851722226	NA	0
1261	4	rocksdb	conan-gcc	6099942	6020023842	2583049	6433606	266793377	852533751	NA	0
1262	4	rocksdb	conan-gcc	6003532	6026027374	2583064	6433606	267042857	853328153	NA	0
1263	4	rocksdb	conan-gcc	3287315	6029314689	2583079	6433606	267206716	853865714	NA	0
1264	4	rocksdb	conan-gcc	5975468	6035290157	2583094	6433606	267454509	854653419	NA	0
1265	4	rocksdb	conan-gcc	5365785	6040655942	2583109	6433606	267675782	855356397	NA	0
1266	4	rocksdb	conan-gcc	5892704	6046548646	2583124	6433606	267919230	856128711	NA	0
1267	4	rocksdb	conan-gcc	7243057	6053791703	2583139	6433606	268231587	857153252	NA	0
1268	4	rocksdb	conan-gcc	3445515	6057237218	2583154	6433606	268400724	857707255	NA	0
1269	4	rocksdb	conan-gcc	3421974	6060659192	2583169	6433606	268567810	858257543	NA	0
1270	4	rocksdb	conan-gcc	6930117	6067589309	2583184	6433606	268864616	859224841	NA	0
1271	4	rocksdb	conan-gcc	3390077	6070979386	2583199	6433606	269030608	859766636	NA	0
1272	4	rocksdb	conan-gcc	6994184	6077973570	2583214	6433606	269330847	860745684	NA	0
1273	4	rocksdb	conan-gcc	6232913	6084206483	2583229	6433606	269592986	861578243	NA	0
1274	4	rocksdb	conan-gcc	6997429	6091203912	2583244	6433606	269893123	862557173	NA	0
1275	4	rocksdb	conan-gcc	3388214	6094592126	2583259	6433606	270058779	863098501	NA	0
1276	4	rocksdb	conan-gcc	3266799	6097858925	2583274	6433606	270221477	863630390	NA	0
1277	4	rocksdb	conan-gcc	6480266	6104339191	2583289	6433606	270496722	864508916	NA	0
1278	4	rocksdb	conan-gcc	6092657	6110431848	2583304	6433606	270750878	865316977	NA	0
1279	4	rocksdb	conan-gcc	6555187	6116987035	2583319	6433606	271030190	866213726	NA	0
1280	4	rocksdb	conan-gcc	3428936	6120415971	2583334	6433606	271197770	866766940	NA	0
1281	4	rocksdb	conan-gcc	6066692	6126482663	2583349	6433606	271449434	867570159	NA	0
1282	4	rocksdb	conan-gcc	6557115	6133039778	2583364	6433606	271728578	868467913	NA	0
1283	4	rocksdb	conan-gcc	6432461	6139472239	2583379	6433606	272001089	869336104	NA	0
1284	4	rocksdb	conan-gcc	6360805	6145833044	2583394	6433606	272269284	870191315	NA	0
1285	4	rocksdb	conan-gcc	6202081	6152035125	2583409	6433606	272530160	871016751	NA	0
1286	4	rocksdb	conan-gcc	7019161	6159054286	2583424	6433606	272831666	872000751	NA	0
1287	4	rocksdb	conan-gcc	4541486	6163595772	2583439	6433606	273049011	872714159	NA	0
1288	4	rocksdb	conan-gcc	3446161	6167041933	2583454	6433606	273218564	873268743	NA	0
1289	4	rocksdb	conan-gcc	7323682	6174365615	2583469	6433606	273535359	874308528	NA	0
1290	4	rocksdb	conan-gcc	6944297	6181309912	2583484	6433606	273832623	875277473	NA	0
1291	4	rocksdb	conan-gcc	7003955	6188313867	2583499	6433606	274133006	876253705	NA	0
1292	4	rocksdb	conan-gcc	6963915	6195277782	2583514	6433606	274431856	877225529	NA	0
1293	4	rocksdb	conan-gcc	7411704	6202689486	2583529	6433606	274754409	878276324	NA	0
1294	4	rocksdb	conan-gcc	6942421	6209631907	2583544	6433606	275051804	879243597	NA	0
1295	4	rocksdb	conan-gcc	6934850	6216566757	2583559	6433606	275349213	880210271	NA	0
1296	4	rocksdb	conan-gcc	6988195	6223554952	2583574	6433606	275648803	881185389	NA	0
1297	4	rocksdb	conan-gcc	7193668	6230748620	2583589	6433606	275959225	882187284	NA	0
1298	4	rocksdb	conan-gcc	6980287	6237728907	2583604	6433606	276258322	883162516	NA	0
1299	4	rocksdb	conan-gcc	6996272	6244725179	2583619	6433606	276559168	884140422	NA	0
1300	4	rocksdb	conan-gcc	3595582	6248320761	2583634	6433606	276734856	884719936	NA	0
1301	4	rocksdb	conan-gcc	6982214	6255302975	2583649	6433606	277034721	885696173	NA	0
1302	4	rocksdb	conan-gcc	7206011	6262508986	2583664	6433606	277345597	886715899	NA	0
1303	4	rocksdb	conan-gcc	320	6262509306	2583679	6433606	277345630	886716054	NA	0
1304	4	rocksdb	conan-gcc	7215458	6269724764	2583694	6433606	277656531	887733904	NA	0
1305	4	rocksdb	conan-gcc	7215228	6276939992	2583709	6433606	277967844	888753145	NA	0
1306	4	rocksdb	conan-gcc	7645251	6284585243	2583724	6433606	278301522	889851109	NA	0
1307	4	rocksdb	conan-gcc	7344623	6291929866	2583739	6433606	278619664	890890824	NA	0
1308	4	rocksdb	conan-gcc	7419892	6299349758	2583754	6433606	278940498	891942439	NA	0
1309	4	rocksdb	conan-gcc	7252835	6306602593	2583769	6433606	279253406	892969040	NA	0
1310	4	rocksdb	conan-gcc	7281452	6313884045	2583784	6433606	279567919	894001015	NA	0
1311	4	rocksdb	conan-gcc	7356353	6321240398	2583799	6433606	279886775	895047673	NA	0
1312	4	rocksdb	conan-gcc	216	6321240614	2583814	6433606	279886795	895047799	NA	0
1313	4	rocksdb	conan-gcc	7201117	6328441731	2583829	6433606	280198051	896065942	NA	0
1314	4	rocksdb	conan-gcc	7260390	6335702121	2583844	6433606	280511571	897093605	NA	0
1315	4	rocksdb	conan-gcc	7326536	6343028657	2583859	6433606	280828153	898133355	NA	0
1316	4	rocksdb	conan-gcc	3531698	6346560355	2583874	6433606	281002107	898703287	NA	0
1317	4	rocksdb	conan-gcc	7318553	6353878908	2583889	6433606	281318829	899741293	NA	0
1318	4	rocksdb	conan-gcc	5632822	6359511730	2583904	6433606	281547501	900465735	NA	0
1319	4	rocksdb	conan-gcc	7223812	6366735542	2583919	6433606	281859849	901483719	NA	0
1320	4	rocksdb	conan-gcc	6820771	6373556313	2583934	6433606	282150949	902428838	NA	0
1321	4	rocksdb	conan-gcc	7263148	6380819461	2583949	6433606	282465683	903459371	NA	0
1322	4	rocksdb	conan-gcc	7274249	6388093710	2583964	6433606	282779661	904489847	NA	0
1323	4	rocksdb	conan-gcc	6534859	6394628569	2583979	6433606	283058584	905380385	NA	0
1324	4	rocksdb	conan-gcc	7277933	6401906502	2583994	6433606	283375548	906410516	NA	0
1325	4	rocksdb	conan-gcc	6779672	6408686174	2584009	6433606	283665727	907348184	NA	0
1326	4	rocksdb	conan-gcc	7265493	6415951667	2584024	6433606	283979484	908376856	NA	0
1327	4	rocksdb	conan-gcc	6985997	6422937664	2584039	6433606	284279406	909353913	NA	0
1328	4	rocksdb	conan-gcc	7302200	6430239864	2584054	6433606	284594368	910387995	NA	0
1329	4	rocksdb	conan-gcc	1114292	6431354156	2584069	6433606	284645307	910560407	NA	0
1330	4	rocksdb	conan-gcc	6371209	6437725365	2584084	6433606	284913105	911416757	NA	0
1331	4	rocksdb	conan-gcc	6612664	6444338029	2584099	6433606	285197156	912322216	NA	0
1332	4	rocksdb	conan-gcc	1387918	6445725947	2584114	6433606	285265065	912541456	NA	0
1333	4	rocksdb	conan-gcc	3383506	6449109453	2584129	6433606	285432931	913092847	NA	0
1334	4	rocksdb	conan-gcc	6796611	6455906064	2584144	6433606	285723860	914029645	NA	0
1335	4	rocksdb	conan-gcc	7236877	6463142941	2584159	6433606	286037522	915050484	NA	0
1336	4	rocksdb	conan-gcc	6671636	6469814577	2584174	6433606	286321982	915966627	NA	0
1337	4	rocksdb	conan-gcc	2269639	6472084216	2584189	6433606	286426829	916314697	NA	0
1338	4	rocksdb	conan-gcc	6154923	6478239139	2584204	6433606	286683794	917133318	NA	0
1339	4	rocksdb	conan-gcc	5617708	6483856847	2584219	6433606	286911398	917854627	NA	0
1340	4	rocksdb	conan-gcc	5651986	6489508833	2584234	7423412	287142188	918580064	NA	1
1341	4	rocksdb	conan-gcc	6619791	6496128624	2584249	7423412	287425159	919484616	NA	0
1342	4	rocksdb	conan-gcc	6360031	6502488655	2584264	7423412	287695052	920341675	NA	0
1343	4	rocksdb	conan-gcc	7225818	6509714473	2584279	7423412	288006928	921365686	NA	0
1344	4	rocksdb	conan-gcc	6571702	6516286175	2584294	7423412	288287387	922260622	NA	0
1345	4	rocksdb	conan-gcc	3378762	6519664937	2584309	7423412	288456139	922811945	NA	0
1346	4	rocksdb	conan-gcc	6799160	6526464097	2584324	7423412	288746886	923752206	NA	0
1347	4	rocksdb	conan-gcc	5637374	6532101471	2584339	7423412	288976722	924477768	NA	0
1348	4	rocksdb	conan-gcc	6779588	6538881059	2584354	7423412	289264705	925414798	NA	0
1349	4	rocksdb	conan-gcc	7034671	6545915730	2584369	7423412	289568184	926396428	NA	0
1350	4	rocksdb	conan-gcc	6951710	6552867440	2584384	7423412	289866455	927363297	NA	0
1351	4	rocksdb	conan-gcc	7287164	6560154604	2584399	7423412	290182883	928392827	NA	0
1352	4	rocksdb	conan-gcc	7566063	6567720667	2584414	7423412	290512452	929475708	NA	0
1353	4	rocksdb	conan-gcc	6941394	6574662061	2584429	7423412	290810059	930443032	NA	0
1354	4	rocksdb	conan-gcc	3391467	6578053528	2584444	7423412	290976027	930987020	NA	0
1355	4	rocksdb	conan-gcc	6919598	6584973126	2584459	7423412	291272231	931952312	NA	0
1356	4	rocksdb	conan-gcc	6931145	6591904271	2584474	7423412	291569710	932918970	NA	0
1357	4	rocksdb	conan-gcc	6239296	6598143567	2584489	7423412	291832128	933752852	NA	0
1358	4	rocksdb	conan-gcc	6924269	6605067836	2584504	7423412	292128019	934718462	NA	0
1359	4	rocksdb	conan-gcc	6346056	6611413892	2584519	7423412	292397218	935573848	NA	0
1360	4	rocksdb	conan-gcc	6082320	6617496212	2584534	7423412	292650243	936381106	NA	0
1361	4	rocksdb	conan-gcc	5673791	6623170003	2584549	7423412	292882452	937112289	NA	0
1362	4	rocksdb	conan-gcc	7331556	6630501559	2584564	7423412	293197653	938147816	NA	0
1363	4	rocksdb	conan-gcc	1567079	6632068638	2584579	7423412	293276207	938398571	NA	0
1364	4	rocksdb	conan-gcc	3093438	6635162076	2584594	7423412	293421298	938886968	NA	0
1365	4	rocksdb	conan-gcc	6942721	6642104797	2584609	7423412	293718794	939855506	NA	0
1366	4	rocksdb	conan-gcc	6804207	6648909004	2584624	7423412	294010123	940793681	NA	0
1367	4	rocksdb	conan-gcc	6619432	6655528436	2584639	7423412	294291566	941697258	NA	0
1368	4	rocksdb	conan-gcc	3540482	6659068918	2584654	7423412	294466069	942272386	NA	0
1369	4	rocksdb	conan-gcc	6691709	6665760627	2584669	7423412	294749296	943190003	NA	0
1370	4	rocksdb	conan-gcc	3533312	6669293939	2584684	7423412	294924001	943763489	NA	0
1371	4	rocksdb	conan-gcc	6246148	6675540087	2584699	7423412	295184492	944594679	NA	0
1372	4	rocksdb	conan-gcc	6675596	6682215683	2584714	7423412	295466272	945507425	NA	0
1373	4	rocksdb	conan-gcc	6059758	6688275441	2584729	7423412	295716025	946303513	NA	0
1374	4	rocksdb	conan-gcc	3537448	6691812889	2584744	7423412	295890007	946871996	NA	0
1375	4	rocksdb	conan-gcc	3361615	6695174504	2584759	7423412	296055821	947416492	NA	0
1376	4	rocksdb	conan-gcc	4446963	6699621467	2584774	7423412	296268601	948113547	NA	0
1377	4	rocksdb	conan-gcc	4917485	6704538952	2584789	7423412	296459182	948704533	NA	0
1378	4	rocksdb	conan-gcc	6947785	6711486737	2584804	7423412	296758801	949670533	NA	0
1379	4	rocksdb	conan-gcc	6241706	6717728443	2584819	7423412	297020832	950503402	NA	0
1380	4	rocksdb	conan-gcc	6939809	6724668252	2584834	7423412	297318536	951474238	NA	0
1381	4	rocksdb	conan-gcc	6569561	6731237813	2584849	7423412	297596615	952375151	NA	0
1382	4	rocksdb	conan-gcc	6047108	6737284921	2584864	7423412	297847181	953171934	NA	0
1383	4	rocksdb	conan-gcc	6357195	6743642116	2584879	7423412	298115608	954029153	NA	0
1384	4	rocksdb	conan-gcc	6041805	6749683921	2584894	7423412	298366681	954825051	NA	0
1385	4	rocksdb	conan-gcc	6140484	6755824405	2584909	7423412	298623416	955638739	NA	0
1386	4	rocksdb	conan-gcc	6148858	6761973263	2584924	7423412	298880728	956455401	NA	0
1387	4	rocksdb	conan-gcc	7210414	6769183677	2584939	7423412	299191581	957474233	NA	0
1388	4	rocksdb	conan-gcc	6584167	6775767844	2584954	7423412	299473353	958371701	NA	0
1389	4	rocksdb	conan-gcc	3636645	6779404489	2584969	7423412	299652301	958958717	NA	0
1390	4	rocksdb	conan-gcc	3367925	6782772414	2584984	7423412	299816801	959495767	NA	0
1391	4	rocksdb	conan-gcc	2755426	6785527840	2584999	7423412	299946541	959925812	NA	0
1392	4	rocksdb	conan-gcc	2814140	6788341980	2585014	7423412	300078357	960364156	NA	0
1393	4	rocksdb	conan-gcc	5197239	6793539219	2585029	7423412	300286107	961008360	NA	0
1394	4	rocksdb	conan-gcc	4242518	6797781737	2585044	7423412	300487432	961668322	NA	0
1395	4	rocksdb	conan-gcc	1786784	6799568521	2585059	7423412	300571276	961945873	NA	0
1396	4	rocksdb	conan-gcc	3620527	6803189048	2585074	7423412	300748402	962530268	NA	0
1397	4	rocksdb	conan-gcc	2445932	6805634980	2585089	7423412	300863863	962918100	NA	0
1398	4	rocksdb	conan-gcc	6762301	6812397281	2585104	7423412	301153741	963847726	NA	0
1399	4	rocksdb	conan-gcc	6746432	6819143713	2585119	7423412	301443659	964775741	NA	0
1400	4	rocksdb	conan-gcc	6776956	6825920669	2585134	7423412	301734559	965708320	NA	0
1401	4	rocksdb	conan-gcc	6729504	6832650173	2585149	7423412	302022568	966631477	NA	0
1402	4	rocksdb	conan-gcc	6703537	6839353710	2585164	7423412	302309930	967550782	NA	0
1403	4	rocksdb	conan-gcc	7198657	6846552367	2585179	7423412	302620926	968568212	NA	0
1404	4	rocksdb	conan-gcc	2655314	6849207681	2585194	7423412	302740785	968968005	NA	0
1405	4	rocksdb	conan-gcc	3011080	6852218761	2585209	7423412	302881566	969440510	NA	0
1406	4	rocksdb	conan-gcc	7197344	6859416105	2585224	7423412	303192113	970458093	NA	0
1407	4	rocksdb	conan-gcc	6015787	6865431892	2585239	7423412	303443698	971251881	NA	0
1408	4	rocksdb	conan-gcc	5606994	6871038886	2585254	7423412	303671713	971969613	NA	0
1409	4	rocksdb	conan-gcc	5721658	6876760544	2585269	7423412	303898905	972686131	NA	0
1410	4	rocksdb	conan-gcc	1418120	6878178664	2585284	7423412	303966792	972907580	NA	0
1411	4	rocksdb	conan-gcc	7201900	6885380564	2585299	7423412	304277771	973924724	NA	0
1412	4	rocksdb	conan-gcc	6101174	6891481738	2585314	7423412	304533439	974734459	NA	0
1413	4	rocksdb	conan-gcc	2137493	6893619231	2585329	7423412	304632211	975066337	NA	0
1414	4	rocksdb	conan-gcc	3061177	6896680408	2585344	7423412	304778808	975559840	NA	0
1415	4	rocksdb	conan-gcc	3400236	6900080644	2585359	7423412	304947752	976113872	NA	0
1416	4	rocksdb	conan-gcc	3395254	6903475898	2585374	7423412	305116267	976667095	NA	0
1417	4	rocksdb	conan-gcc	6521960	6909997858	2585389	7423412	305391025	977538252	NA	0
1418	4	rocksdb	conan-gcc	3644844	6913642702	2585404	7423412	305570091	978127376	NA	0
1419	4	rocksdb	conan-gcc	3449762	6917092464	2585419	7423412	305741377	978690914	NA	0
1420	4	rocksdb	conan-gcc	3685096	6920777560	2585434	7423412	305923287	979287480	NA	0
1421	4	rocksdb	conan-gcc	2725369	6923502929	2585449	7423412	306052207	979720627	NA	0
1422	4	rocksdb	conan-gcc	6203244	6929706173	2585464	7423412	306310184	980549570	NA	0
1423	4	rocksdb	conan-gcc	6433861	6936140034	2585479	7423412	306580794	981419323	NA	0
1424	4	rocksdb	conan-gcc	6630416	6942770450	2585494	7423412	306862703	982330154	NA	0
1425	4	rocksdb	conan-gcc	880390	6943650840	2585509	7423412	306903691	982466968	NA	0
1426	4	rocksdb	conan-gcc	1047	6943651887	2585524	7423412	306903766	982467363	NA	0
1427	4	rocksdb	conan-gcc	6584096	6950235983	2585539	7423412	307183869	983368150	NA	0
1428	4	rocksdb	conan-gcc	6646230	6956882213	2585554	7423412	307467642	984279982	NA	0
1429	4	rocksdb	conan-gcc	6439365	6963321578	2585569	7423412	307739871	985150720	NA	0
1430	4	rocksdb	conan-gcc	7260748	6970582326	2585584	7423412	308052603	986172628	NA	0
1431	4	rocksdb	conan-gcc	7226783	6977809109	2585599	7423412	308363048	987191099	NA	0
1432	4	rocksdb	conan-gcc	6698943	6984508052	2585614	7423412	308648950	988108462	NA	0
1433	4	rocksdb	conan-gcc	6350991	6990859043	2585629	7423412	308918475	988964595	NA	0
1434	4	rocksdb	conan-gcc	7392933	6998251976	2585644	7423412	309237455	990011877	NA	0
1435	4	rocksdb	conan-gcc	5972449	7004224425	2585659	7423412	309483784	990799995	NA	0
1436	4	rocksdb	conan-gcc	6640116	7010864541	2585674	7423412	309765551	991708968	NA	0
1437	4	rocksdb	conan-gcc	6642273	7017506814	2585689	7423412	310049209	992620616	NA	0
1438	4	rocksdb	conan-gcc	5887265	7023394079	2585704	7423412	310292243	993390896	NA	0
1439	4	rocksdb	conan-gcc	1999780	7025393859	2585719	7756398	310385127	993699395	NA	1
1440	4	rocksdb	conan-gcc	3434378	7028828237	2585734	7756398	310554370	994254207	NA	0
1441	4	rocksdb	conan-gcc	6646125	7035474362	2585749	7756398	310836440	995163811	NA	0
1442	4	rocksdb	conan-gcc	6846648	7042321010	2585764	7756398	311129288	996108475	NA	0
1443	4	rocksdb	conan-gcc	6672334	7048993344	2585779	7756398	311413303	997024359	NA	0
1444	4	rocksdb	conan-gcc	6660388	7055653732	2585794	7756398	311695005	997936444	NA	0
1445	4	rocksdb	conan-gcc	7066041	7062719773	2585809	7756398	311999494	998929266	NA	0
1446	4	rocksdb	conan-gcc	6624542	7069344315	2585824	7756398	312283175	999833285	NA	0
1447	4	rocksdb	conan-gcc	6644657	7075988972	2585839	7756398	312566867	1000744238	NA	0
1448	4	rocksdb	conan-gcc	6329354	7082318326	2585854	7756398	312833228	1001594568	NA	0
1449	4	rocksdb	conan-gcc	6716303	7089034629	2585869	7756398	313118895	1002515564	NA	0
1450	4	rocksdb	conan-gcc	6648339	7095682968	2585884	7756398	313402875	1003428310	NA	0
1451	4	rocksdb	conan-gcc	6659510	7102342478	2585899	7756398	313687271	1004342497	NA	0
1452	4	rocksdb	conan-gcc	6340162	7108682640	2585914	7756398	313955348	1005200390	NA	0
1453	4	rocksdb	conan-gcc	6642054	7115324694	2585929	7756398	314237159	1006109339	NA	0
1454	4	rocksdb	conan-gcc	6663130	7121987824	2585944	7756398	314521100	1007023506	NA	0
1455	4	rocksdb	conan-gcc	6972949	7128960773	2585959	7756398	314819309	1007995058	NA	0
1456	4	rocksdb	conan-gcc	6637550	7135598323	2585974	7756398	315102341	1008907329	NA	0
1457	4	rocksdb	conan-gcc	6967147	7142565470	2585989	7756398	315401182	1009880599	NA	0
1458	4	rocksdb	conan-gcc	7007004	7149572474	2586004	7756398	315703331	1010861989	NA	0
1459	4	rocksdb	conan-gcc	6691206	7156263680	2586019	7756398	315988026	1011779857	NA	0
1460	4	rocksdb	conan-gcc	6674900	7162938580	2586034	7756398	316274303	1012695355	NA	0
1461	4	rocksdb	conan-gcc	6346886	7169285466	2586049	7756398	316542695	1013552661	NA	0
1462	4	rocksdb	conan-gcc	7278685	7176564151	2586064	7756398	316858379	1014580403	NA	0
1463	4	rocksdb	conan-gcc	6961524	7183525675	2586079	7756398	317157776	1015548342	NA	0
1464	4	rocksdb	conan-gcc	7015890	7190541565	2586094	7756398	317458907	1016531609	NA	0
1465	4	rocksdb	conan-gcc	6641061	7197182626	2586109	7756398	317742752	1017437898	NA	0
1466	4	rocksdb	conan-gcc	6109984	7203292610	2586124	7756398	317997974	1018249726	NA	0
1467	4	rocksdb	conan-gcc	6998419	7210291029	2586139	7756398	318298097	1019227124	NA	0
1468	4	rocksdb	conan-gcc	6693345	7216984374	2586154	7756398	318582260	1020149647	NA	0
1469	4	rocksdb	conan-gcc	6184211	7223168585	2586169	7756398	318841971	1020974916	NA	0
1470	4	rocksdb	conan-gcc	6593978	7229762563	2586184	7756398	319122292	1021878710	NA	0
1471	4	rocksdb	conan-gcc	7047774	7236810337	2586199	7756398	319425009	1022867557	NA	0
1472	4	rocksdb	conan-gcc	7094507	7243904844	2586214	7756398	319730752	1023862278	NA	0
1473	4	rocksdb	conan-gcc	7247603	7251152447	2586229	7756398	320044702	1024889984	NA	0
1474	4	rocksdb	conan-gcc	7242692	7258395139	2586244	7756398	320356633	1025917072	NA	0
1475	4	rocksdb	conan-gcc	3633561	7262028700	2586259	7756398	320535034	1026505514	NA	0
1476	4	rocksdb	conan-gcc	6369477	7268398177	2586274	7756398	320801798	1027357361	NA	0
1477	4	rocksdb	conan-gcc	6411170	7274809347	2586289	7756398	321070698	1028226636	NA	0
1478	4	rocksdb	conan-gcc	2157872	7276967219	2586304	7756398	321171056	1028561910	NA	0
1479	4	rocksdb	conan-gcc	6187777	7283154996	2586319	7756398	321432177	1029388070	NA	0
1480	4	rocksdb	conan-gcc	6181783	7289336779	2586334	7756398	321692714	1030211809	NA	0
1481	4	rocksdb	conan-gcc	6808654	7296145433	2586349	7756398	321982514	1031151406	NA	0
1482	4	rocksdb	conan-gcc	6158729	7302304162	2586364	7756398	322239111	1031971138	NA	0
1483	4	rocksdb	conan-gcc	274	7302304436	2586379	7756398	322239131	1031971279	NA	0
1484	4	rocksdb	conan-gcc	3555443	7305859879	2586394	7756398	322414287	1032545829	NA	0
1485	4	rocksdb	conan-gcc	222	7305860101	2586409	7756398	322414307	1032545958	NA	0
1486	4	rocksdb	conan-gcc	7602180	7313462281	2586424	7756398	322744226	1033630090	NA	0
1487	4	rocksdb	conan-gcc	3634377	7317096658	2586439	7756398	322922769	1034216624	NA	0
1488	4	rocksdb	conan-gcc	6984506	7324081164	2586454	7756398	323222884	1035189623	NA	0
1489	4	rocksdb	conan-gcc	218	7324081382	2586469	7756398	323222904	1035189751	NA	0
1490	4	rocksdb	conan-gcc	7215298	7331296680	2586484	7756398	323535584	1036207074	NA	0
1491	4	rocksdb	conan-gcc	7203576	7338500256	2586499	7756398	323847734	1037221946	NA	0
1492	4	rocksdb	conan-gcc	3389281	7341889537	2586514	7756398	324015225	1037774415	NA	0
1493	4	rocksdb	conan-gcc	1519284	7343408821	2586529	7756398	324090737	1038016683	NA	0
1494	4	rocksdb	conan-gcc	3390870	7346799691	2586544	7756398	324259488	1038569408	NA	0
1495	4	rocksdb	conan-gcc	7215245	7354014936	2586559	7756398	324570621	1039589743	NA	0
1496	4	rocksdb	conan-gcc	212	7354015148	2586574	7756398	324570641	1039589870	NA	0
1497	4	rocksdb	conan-gcc	5912300	7359927448	2586589	7756398	324814155	1040367275	NA	0
1498	4	rocksdb	conan-gcc	387631	7360315079	2586604	7756398	324830840	1040426346	NA	0
1499	4	rocksdb	conan-gcc	2243376	7362558455	2586619	7756398	324932918	1040767380	NA	0
1500	4	rocksdb	conan-gcc	840714	7363399169	2586634	7756398	324971907	1040897462	NA	0
1501	4	rocksdb	conan-gcc	6108512	7369507681	2586649	7756398	325228218	1041708871	NA	0
1502	4	rocksdb	conan-gcc	3744189	7373251870	2586664	7756398	325411877	1042313299	NA	0
1503	4	rocksdb	conan-gcc	4049551	7377301421	2586679	7756398	325603541	1042941028	NA	0
1504	4	rocksdb	conan-gcc	5983038	7383284459	2586694	7756398	325849381	1043724758	NA	0
1505	4	rocksdb	conan-gcc	2062421	7385346880	2586709	7756398	325944847	1044044952	NA	0
1506	4	rocksdb	conan-gcc	339	7385347219	2586724	7756398	325944882	1044045100	NA	0
1507	4	rocksdb	conan-gcc	3886314	7389233533	2586739	7756398	326088507	1044491459	NA	0
1508	4	rocksdb	conan-gcc	3946377	7393179910	2586754	7756398	326239293	1044954383	NA	0
1509	4	rocksdb	conan-gcc	6094978	7399274888	2586769	7756398	326494976	1045763329	NA	0
1510	4	rocksdb	conan-gcc	3869175	7403144063	2586784	7756398	326639479	1046209809	NA	0
1511	4	rocksdb	conan-gcc	6683254	7409827317	2586799	7756398	326923901	1047127253	NA	0
1512	4	rocksdb	conan-gcc	865741	7410693058	2586814	7756398	326964095	1047261320	NA	0
1513	4	rocksdb	conan-gcc	2850225	7413543283	2586829	7756398	327090284	1047679039	NA	0
1514	4	rocksdb	conan-gcc	6066419	7419609702	2586844	7756398	327344161	1048480056	NA	0
1515	4	rocksdb	conan-gcc	753832	7420363534	2586859	7756398	327375356	1048587874	NA	0
1516	4	rocksdb	conan-gcc	3601401	7423964935	2586874	7756398	327551350	1049168899	NA	0
1517	4	rocksdb	conan-gcc	5512485	7429477420	2586889	7756398	327782102	1049896844	NA	0
1518	4	rocksdb	conan-gcc	1620583	7431098003	2586904	7756398	327860604	1050151443	NA	0
1519	4	rocksdb	conan-gcc	2065554	7433163557	2586919	7756398	327956651	1050472444	NA	0
1520	4	rocksdb	conan-gcc	2413443	7435577000	2586934	7756398	328065052	1050833732	NA	0
1521	4	rocksdb	conan-gcc	2273498	7437850498	2586949	7756398	328170605	1051185646	NA	0
1522	4	rocksdb	conan-gcc	3634479	7441484977	2586964	7756398	328349564	1051771814	NA	0
1523	4	rocksdb	conan-gcc	6142382	7447627359	2586979	7756398	328606497	1052588612	NA	0
1524	4	rocksdb	conan-gcc	1904579	7449531938	2586994	7756398	328696093	1052887725	NA	0
1525	4	rocksdb	conan-gcc	2070615	7451602553	2587009	7756398	328756740	1053058386	NA	0
1526	4	rocksdb	conan-gcc	3684801	7455287354	2587024	7756398	328938011	1053653725	NA	0
1527	4	rocksdb	conan-gcc	6812182	7462099536	2587039	7756398	329227901	1054592371	NA	0
1528	4	rocksdb	conan-gcc	6656759	7468756295	2587054	7756398	329511976	1055505858	NA	0
1529	4	rocksdb	conan-gcc	7308779	7476065074	2587069	7756398	329827315	1056542777	NA	0
1530	4	rocksdb	conan-gcc	7284872	7483349946	2587084	7756398	330142182	1057576524	NA	0
1531	4	rocksdb	conan-gcc	7390063	7490740009	2587099	7756398	330461860	1058626440	NA	0
1532	4	rocksdb	conan-gcc	7284920	7498024929	2587114	7756398	330776226	1059661265	NA	0
1533	4	rocksdb	conan-gcc	6441701	7504466630	2587129	7756398	331047485	1060535033	NA	0
1534	4	rocksdb	conan-gcc	7295150	7511761780	2587144	7756398	331362490	1061570029	NA	0
1535	4	rocksdb	conan-gcc	6624483	7518386263	2587159	7756398	331644946	1062478593	NA	0
1536	4	rocksdb	conan-gcc	6813371	7525199634	2587174	7756398	331935275	1063419812	NA	0
1537	4	rocksdb	conan-gcc	3543364	7528742998	2587189	7756398	332111650	1064000166	NA	0
1538	4	rocksdb	conan-gcc	3112392	7531855390	2587204	7756398	332257288	1064488080	NA	0
1539	4	rocksdb	conan-gcc	3519295	7535374685	2587219	7756398	332431446	1065061747	NA	0
1540	4	rocksdb	conan-gcc	7293976	7542668661	2587234	7756398	332747185	1066095871	NA	0
1541	4	rocksdb	conan-gcc	3461655	7546130316	2587249	7756398	332918244	1066661137	NA	0
1542	4	rocksdb	conan-gcc	3494657	7549624973	2587264	7756398	333090992	1067232031	NA	0
1543	4	rocksdb	conan-gcc	1959249	7551584222	2587279	7756398	333183063	1067537057	NA	0
1544	4	rocksdb	conan-gcc	3523082	7555107304	2587294	8085994	333356937	1068108698	NA	1
1545	4	rocksdb	conan-gcc	7241384	7562348688	2587309	8085994	333669481	1069134772	NA	0
1546	4	rocksdb	conan-gcc	2397864	7564746552	2587324	8085994	333778252	1069497238	NA	0
1547	4	rocksdb	conan-gcc	5994892	7570741444	2587339	8085994	334024365	1070282766	NA	0
1548	4	rocksdb	conan-gcc	4172930	7574914374	2587354	8085994	334222459	1070930898	NA	0
1549	4	rocksdb	conan-gcc	4423607	7579337981	2587369	8085994	334431865	1071620405	NA	0
1550	4	rocksdb	conan-gcc	4071436	7583409417	2587384	8085994	334625122	1072254084	NA	0
1551	4	rocksdb	conan-gcc	3426805	7586836222	2587399	8085994	334793496	1072806762	NA	0
1552	4	rocksdb	conan-gcc	7196873	7594033095	2587414	8085994	335104225	1073824648	NA	0
1553	4	rocksdb	conan-gcc	3672071	7597705166	2587429	8085994	335285701	1074416998	NA	0
1554	4	rocksdb	conan-gcc	2649377	7600354543	2587444	8085994	335408796	1074827615	NA	0
1555	4	rocksdb	conan-gcc	1982090	7602336633	2587459	8085994	335501725	1075137773	NA	0
1556	4	rocksdb	conan-gcc	1983576	7604320209	2587474	8085994	335594710	1075448038	NA	0
1557	4	rocksdb	conan-gcc	1983149	7606303358	2587489	8085994	335687933	1075758571	NA	0
1558	4	rocksdb	conan-gcc	3513359	7609816717	2587504	8085994	335861970	1076331360	NA	0
1559	4	rocksdb	conan-gcc	3515272	7613331989	2587519	8085994	336036149	1076904216	NA	0
1560	4	rocksdb	conan-gcc	2649688	7615981677	2587534	8085994	336159488	1077314971	NA	0
1561	4	rocksdb	conan-gcc	2230582	7618212259	2587549	8085994	336262532	1077663204	NA	0
1562	4	rocksdb	conan-gcc	3391842	7621604101	2587564	8085994	336431244	1078216731	NA	0
1563	4	rocksdb	conan-gcc	3704530	7625308631	2587579	8085994	336613497	1078816125	NA	0
1564	4	rocksdb	conan-gcc	6228432	7631537063	2587594	8085994	336874409	1079649281	NA	0
1565	4	rocksdb	conan-gcc	6206578	7637743641	2587609	8085994	337134085	1080477156	NA	0
1566	4	rocksdb	conan-gcc	6181545	7643925186	2587624	8085994	337392305	1081301939	NA	0
1567	4	rocksdb	conan-gcc	3023092	7646948278	2587639	8085994	337536498	1081787471	NA	0
1568	4	rocksdb	conan-gcc	3926810	7650875088	2587654	8085994	337722140	1082392563	NA	0
1569	4	rocksdb	conan-gcc	3265195	7654140283	2587669	8085994	337878549	1082924208	NA	0
1570	4	rocksdb	conan-gcc	3430985	7657571268	2587684	8085994	338047098	1083476817	NA	0
1571	4	rocksdb	conan-gcc	6068332	7663639600	2587699	8085994	338299584	1084284420	NA	0
1572	4	rocksdb	conan-gcc	6556255	7670195855	2587714	8085994	338576707	1085182460	NA	0
1573	4	rocksdb	conan-gcc	6224090	7676419945	2587729	8085994	338836852	1086013190	NA	0
1574	4	rocksdb	conan-gcc	3465511	7679885456	2587744	8085994	339008298	1086577323	NA	0
1575	4	rocksdb	conan-gcc	6562147	7686447603	2587759	8085994	339284908	1087473508	NA	0
1576	4	rocksdb	conan-gcc	3679536	7690127139	2587774	8085994	339464549	1088064724	NA	0
1577	4	rocksdb	conan-gcc	6292660	7696419799	2587789	8085994	339727441	1088906082	NA	0
1578	4	rocksdb	conan-gcc	3443917	7699863716	2587804	8085994	339897501	1089467481	NA	0
1579	4	rocksdb	conan-gcc	7404675	7707268391	2587819	8085994	340218183	1090517697	NA	0
1580	4	rocksdb	conan-gcc	7502179	7714770570	2587834	8085994	340544475	1091583590	NA	0
1581	4	rocksdb	conan-gcc	6441461	7721212031	2587849	8085994	340814137	1092448964	NA	0
1582	4	rocksdb	conan-gcc	7283624	7728495655	2587864	8085994	341128419	1093478038	NA	0
1583	4	rocksdb	conan-gcc	7289455	7735785110	2587879	8085994	341442986	1094511638	NA	0
1584	4	rocksdb	conan-gcc	7412395	7743197505	2587894	8085994	341763476	1095563784	NA	0
1585	4	rocksdb	conan-gcc	7459618	7750657123	2587909	8085994	342085605	1096622213	NA	0
1586	4	rocksdb	conan-gcc	7392172	7758049295	2587924	8085994	342404741	1097671794	NA	0
1587	4	rocksdb	conan-gcc	7328284	7765377579	2587939	8085994	342722061	1098706112	NA	0
1588	4	rocksdb	conan-gcc	2566415	7767943994	2587954	8085994	342844917	1099120423	NA	0
1589	4	rocksdb	conan-gcc	7257075	7775201069	2587969	8085994	343159865	1100146141	NA	0
1590	4	rocksdb	conan-gcc	7414480	7782615549	2587984	8085994	343480429	1101198692	NA	0
1591	4	rocksdb	conan-gcc	7439872	7790055421	2587999	8085994	343802586	1102255424	NA	0
1592	4	rocksdb	conan-gcc	7471197	7797526618	2588014	8085994	344125706	1103318013	NA	0
1593	4	rocksdb	conan-gcc	7422242	7804948860	2588029	8085994	344446955	1104372065	NA	0
1594	4	rocksdb	conan-gcc	3958476	7808907336	2588044	8085994	344598003	1104834201	NA	0
1595	4	rocksdb	conan-gcc	4056520	7812963856	2588059	8085994	344753683	1105311651	NA	0
1596	4	rocksdb	conan-gcc	6010332	7818974188	2588074	8085994	345003852	1106107178	NA	0
1597	4	rocksdb	conan-gcc	5619833	7824594021	2588089	8085994	345233590	1106829821	NA	0
1598	4	rocksdb	conan-gcc	7309147	7831903168	2588104	8085994	345548591	1107864866	NA	0
1599	4	rocksdb	conan-gcc	3417838	7835321006	2588119	8085994	345718227	1108422947	NA	0
1600	4	rocksdb	conan-gcc	7271710	7842592716	2588134	8085994	346031581	1109451825	NA	0
1601	4	rocksdb	conan-gcc	7262773	7849855489	2588149	8085994	346346447	1110477498	NA	0
1602	4	rocksdb	conan-gcc	925394	7850780883	2588164	8085994	346389403	1110621595	NA	0
1603	4	rocksdb	conan-gcc	269142	7851050025	2588179	8085994	346400989	1110665083	NA	0
1604	4	rocksdb	conan-gcc	3582160	7854632185	2588194	8085994	346578705	1111247409	NA	0
1605	4	rocksdb	conan-gcc	3597620	7858229805	2588209	8085994	346756611	1111832809	NA	0
1606	4	rocksdb	conan-gcc	3583492	7861813297	2588224	8085994	346934186	1112415002	NA	0
1607	4	rocksdb	conan-gcc	270854	7862084151	2588239	8085994	346945876	1112459075	NA	0
1608	4	rocksdb	conan-gcc	933048	7863017199	2588254	8085994	346989319	1112604576	NA	0
1609	4	rocksdb	conan-gcc	905696	7863922895	2588269	8085994	347031052	1112744625	NA	0
1610	4	rocksdb	conan-gcc	1288529	7865211424	2588284	8085994	347092048	1112945391	NA	0
1611	4	rocksdb	conan-gcc	285958	7865497382	2588299	8085994	347103595	1112990190	NA	0
1612	4	rocksdb	conan-gcc	263718	7865761100	2588314	8085994	347114962	1113032699	NA	0
1613	4	rocksdb	conan-gcc	899170	7866660270	2588329	8085994	347155685	1113167785	NA	0
1614	4	rocksdb	conan-gcc	1891961	7868552231	2588344	8085994	347244379	1113463365	NA	0
1615	4	rocksdb	conan-gcc	6154187	7874706418	2588359	8085994	347500727	1114277603	NA	0
1616	4	rocksdb	conan-gcc	6219260	7880925678	2588374	8085994	347760058	1115103099	NA	0
1617	4	rocksdb	conan-gcc	6105344	7887031022	2588389	8085994	348013825	1115911643	NA	0
1618	4	rocksdb	conan-gcc	2111540	7889142562	2588404	8085994	348111615	1116241890	NA	0
1619	4	rocksdb	conan-gcc	3575948	7892718510	2588419	8085994	348278436	1116784962	NA	0
1620	4	rocksdb	conan-gcc	4081313	7896799823	2588434	8085994	348463631	1117392046	NA	0
1621	4	rocksdb	conan-gcc	3581803	7900381626	2588449	8085994	348622698	1117904515	NA	0
1622	4	rocksdb	conan-gcc	5974561	7906356187	2588464	8085994	348869142	1118688638	NA	0
1623	4	rocksdb	conan-gcc	29075	7906385262	2588479	8085994	348870310	1118693827	NA	0
1624	4	rocksdb	conan-gcc	3499011	7909884273	2588494	8085994	349044530	1119264386	NA	0
1625	4	rocksdb	conan-gcc	206	7909884479	2588509	8085994	349044550	1119264512	NA	0
1626	4	rocksdb	conan-gcc	29096	7909913575	2588524	8085994	349045718	1119269703	NA	0
1627	4	rocksdb	conan-gcc	212	7909913787	2588539	8085994	349045738	1119269829	NA	0
1628	4	rocksdb	conan-gcc	29159	7909942946	2588554	8085994	349046906	1119275023	NA	0
1629	4	rocksdb	conan-gcc	29118	7909972064	2588569	8085994	349048075	1119280227	NA	0
1630	4	rocksdb	conan-gcc	29088	7910001152	2588584	8085994	349049243	1119285425	NA	0
1631	4	rocksdb	conan-gcc	29032	7910030184	2588599	8085994	349050412	1119290609	NA	0
1632	4	rocksdb	conan-gcc	29278	7910059462	2588614	8085994	349051579	1119295797	NA	0
1633	4	rocksdb	conan-gcc	29247	7910088709	2588629	8085994	349052748	1119301013	NA	0
1634	4	rocksdb	conan-gcc	278	7910088987	2588644	8085994	349052768	1119301158	NA	0
1635	4	rocksdb	conan-gcc	29292	7910118279	2588659	8085994	349053937	1119306377	NA	0
1636	4	rocksdb	conan-gcc	29064	7910147343	2588674	8085994	349055105	1119311577	NA	0
1637	4	rocksdb	conan-gcc	3586052	7913733395	2588689	8085994	349204920	1119812342	NA	0
1638	4	rocksdb	conan-gcc	3255639	7916989034	2588704	8085994	349367335	1120342160	NA	0
1639	4	rocksdb	conan-gcc	3379511	7920368545	2588719	8085994	349535437	1120893485	NA	0
1640	4	rocksdb	conan-gcc	3555081	7923923626	2588734	8085994	349710735	1121467125	NA	0
1641	4	rocksdb	conan-gcc	29105	7923952731	2588749	8085994	349711906	1121472319	NA	0
1642	4	rocksdb	conan-gcc	29064	7923981795	2588764	8085994	349713074	1121477516	NA	0
1643	4	rocksdb	conan-gcc	29087	7924010882	2588779	8085994	349714243	1121482711	NA	0
1644	4	rocksdb	conan-gcc	29099	7924039981	2588794	8085994	349715412	1121487907	NA	0
1645	4	rocksdb	conan-gcc	234	7924040215	2588809	8085994	349715432	1121488038	NA	0
1646	4	rocksdb	conan-gcc	240	7924040455	2588824	8085994	349715452	1121488174	NA	0
1647	4	rocksdb	conan-gcc	29146	7924069601	2588839	8085994	349716620	1121493365	NA	0
1648	4	rocksdb	conan-gcc	254	7924069855	2588854	8085994	349716640	1121493500	NA	0
1649	4	rocksdb	conan-gcc	6619432	7930689287	2588869	8085994	349998083	1122397077	NA	0
1650	4	rocksdb	conan-gcc	230	7930689517	2588884	8085994	349998103	1122397205	NA	0
1651	4	rocksdb	conan-gcc	436	7930689953	2588899	8085994	349998126	1122397363	NA	0
1652	4	rocksdb	conan-gcc	1545313	7932235266	2588914	8085994	350072468	1122640249	NA	0
1653	4	rocksdb	conan-gcc	3277836	7935513102	2588929	8085994	350235952	1123174324	NA	0
1654	4	rocksdb	conan-gcc	6065267	7941578369	2588944	8085994	350489183	1123977353	NA	0
1655	4	rocksdb	conan-gcc	242	7941578611	2588959	8085994	350489203	1123977484	NA	0
1656	4	rocksdb	conan-gcc	6604838	7948183449	2588974	8928309	350769204	1124876520	NA	1
1657	4	rocksdb	conan-gcc	256	7948183705	2588989	8928309	350769224	1124876657	NA	0
1658	4	rocksdb	conan-gcc	226	7948183931	2589004	8928309	350769244	1124876781	NA	0
1659	4	rocksdb	conan-gcc	369184	7948553115	2589019	8928309	350784621	1124931562	NA	0
1660	4	rocksdb	conan-gcc	226	7948553341	2589034	8928309	350784641	1124931695	NA	0
1661	4	rocksdb	conan-gcc	240	7948553581	2589049	8928309	350784661	1124931828	NA	0
1662	4	rocksdb	conan-gcc	5616629	7954170210	2589064	8928309	351012312	1125652791	NA	0
1663	4	rocksdb	conan-gcc	3381924	7957552134	2589079	8928309	351180884	1126204067	NA	0
1664	4	rocksdb	conan-gcc	3381917	7960934051	2589094	8928309	351349396	1126755398	NA	0
1665	4	rocksdb	conan-gcc	3383635	7964317686	2589109	8928309	351516892	1127307361	NA	0
1666	4	rocksdb	conan-gcc	334322	7964652008	2589124	8928309	351529084	1127352568	NA	0
1667	4	rocksdb	conan-gcc	3430901	7968082909	2589139	8928309	351700100	1127910783	NA	0
1668	4	rocksdb	conan-gcc	3437679	7971520588	2589154	8928309	351871536	1128470696	NA	0
1669	4	rocksdb	conan-gcc	3470123	7974990711	2589169	8928309	352043268	1129036776	NA	0
1670	4	rocksdb	conan-gcc	3409484	7978400195	2589184	8928309	352212845	1129592808	NA	0
1671	4	rocksdb	conan-gcc	3432857	7981833052	2589220	8972581	352383726	1130152196	NA	1
