tu	pass	project	env	raw	cumulative_raw	p29_cum_wire	grz2_cum_wire	fastintern_cum_wire	zstd3_cum_wire	pred_cum_wire	grz2_group_closes
0	1	rocksdb	debian-gcc	3161308	3161308	954696	NA	752849	503789	NA	0
1	1	rocksdb	debian-gcc	2218362	5379670	956666	NA	857707	850195	NA	0
2	1	rocksdb	debian-gcc	4731926	10111596	1036475	NA	1199716	1448249	NA	0
3	1	rocksdb	debian-gcc	2728457	12840053	1039868	NA	1332105	1883895	NA	0
4	1	rocksdb	debian-gcc	2956654	15796707	1044944	NA	1487711	2351514	NA	0
5	1	rocksdb	debian-gcc	2944113	18740820	1046277	NA	1628830	2816355	NA	0
6	1	rocksdb	debian-gcc	5508564	24249384	1075947	NA	1971375	3529477	NA	0
7	1	rocksdb	debian-gcc	5491161	29740545	1084206	NA	2232568	4241230	NA	0
8	1	rocksdb	debian-gcc	5395593	35136138	1086049	NA	2458539	4933921	NA	0
9	1	rocksdb	debian-gcc	2740913	37877051	1086543	NA	2590005	5372736	NA	0
10	1	rocksdb	debian-gcc	5367819	43244870	1088167	NA	2814922	6060299	NA	0
11	1	rocksdb	debian-gcc	4749353	47994223	1088730	NA	3010549	6662391	NA	0
12	1	rocksdb	debian-gcc	5285899	53280122	1089287	NA	3227593	7334775	NA	0
13	1	rocksdb	debian-gcc	6642887	59923009	1136246	NA	3760339	8260955	NA	0
14	1	rocksdb	debian-gcc	2920616	62843625	1139122	NA	3902163	8720192	NA	0
15	1	rocksdb	debian-gcc	2897869	65741494	1139946	NA	4039653	9175355	NA	0
16	1	rocksdb	debian-gcc	6332098	72073592	1144108	NA	4315504	10043033	NA	0
17	1	rocksdb	debian-gcc	2833184	74906776	1145417	NA	4450079	10485676	NA	0
18	1	rocksdb	debian-gcc	6395455	81302231	1150593	NA	4734239	11365782	NA	0
19	1	rocksdb	debian-gcc	5639248	86941479	1156594	NA	4969468	12101267	NA	0
20	1	rocksdb	debian-gcc	6398843	93340322	1159470	NA	5250948	12980585	NA	0
21	1	rocksdb	debian-gcc	2831329	96171651	1160131	NA	5384531	13423254	NA	0
22	1	rocksdb	debian-gcc	2720375	98892026	1160838	NA	5515235	13856634	NA	0
23	1	rocksdb	debian-gcc	5885148	104777174	1164629	NA	5768693	14636940	NA	0
24	1	rocksdb	debian-gcc	5483416	110260590	1167374	NA	5994042	15345531	NA	0
25	1	rocksdb	debian-gcc	5960090	116220680	1169567	NA	6247478	16143312	NA	0
26	1	rocksdb	debian-gcc	2904311	119124991	1170134	NA	6386406	16600783	NA	0
27	1	rocksdb	debian-gcc	5475226	124600217	1170720	NA	6611849	17305649	NA	0
28	1	rocksdb	debian-gcc	5962114	130562331	1171652	NA	6865017	18104552	NA	0
29	1	rocksdb	debian-gcc	5837010	136399341	1174359	NA	7116210	18874279	NA	0
30	1	rocksdb	debian-gcc	5750301	142149642	1175615	NA	7357890	19629222	NA	0
31	1	rocksdb	debian-gcc	5609891	147759533	1176193	NA	7589195	20356967	NA	0
32	1	rocksdb	debian-gcc	6420788	154180321	1179510	NA	7878631	21241452	NA	0
33	1	rocksdb	debian-gcc	4013096	158193417	1201390	NA	8205123	21859385	NA	0
34	1	rocksdb	debian-gcc	2921079	161114496	1202725	NA	8344618	22318704	NA	0
35	1	rocksdb	debian-gcc	6722897	167837393	1207051	NA	8654658	23259420	NA	0
36	1	rocksdb	debian-gcc	6346173	174183566	1209302	NA	8933946	24128404	NA	0
37	1	rocksdb	debian-gcc	6405487	180589053	1212957	NA	9222159	25007232	NA	0
38	1	rocksdb	debian-gcc	6365446	186954499	1215248	NA	9504669	25879424	NA	0
39	1	rocksdb	debian-gcc	6810377	193764876	1222936	NA	9834106	26832111	NA	0
40	1	rocksdb	debian-gcc	6344237	200109113	1224611	NA	10110236	27699992	NA	0
41	1	rocksdb	debian-gcc	6336886	206445999	1226014	NA	10387283	28567140	NA	0
42	1	rocksdb	debian-gcc	6389641	212835640	1229040	NA	10672785	29442648	NA	0
43	1	rocksdb	debian-gcc	6592301	219427941	1235007	NA	10964127	30346882	NA	0
44	1	rocksdb	debian-gcc	6382047	225809988	1235316	NA	11234019	31222466	NA	0
45	1	rocksdb	debian-gcc	6397890	232207878	1236640	NA	11514333	32101840	NA	0
46	1	rocksdb	debian-gcc	3070619	235278497	1237781	NA	11660160	32586067	NA	0
47	1	rocksdb	debian-gcc	6383925	241662422	1238823	NA	11933005	33462688	NA	0
48	1	rocksdb	debian-gcc	6606214	248268636	1239839	NA	12218326	34382471	NA	0
49	1	rocksdb	debian-gcc	304	248268940	1239964	NA	12218422	34382623	NA	0
50	1	rocksdb	debian-gcc	6615572	254884512	1241361	NA	12507376	35301916	NA	0
51	1	rocksdb	debian-gcc	6615335	261499847	1242937	NA	12795715	36222722	NA	0
52	1	rocksdb	debian-gcc	7042133	268541980	1259462	NA	13183786	37221118	NA	0
53	1	rocksdb	debian-gcc	6743667	275285647	1266316	NA	13500429	38162230	NA	0
54	1	rocksdb	debian-gcc	6818497	282104144	1275701	NA	13835167	39116065	NA	0
55	1	rocksdb	debian-gcc	6652719	288756863	1278101	NA	14132452	40043422	NA	0
56	1	rocksdb	debian-gcc	6681143	295438006	1280703	NA	14429512	40976364	NA	0
57	1	rocksdb	debian-gcc	6755276	302193282	1286718	NA	14752448	41923466	NA	0
58	1	rocksdb	debian-gcc	208	302193490	1286839	NA	14752531	41923588	NA	0
59	1	rocksdb	debian-gcc	6601371	308794861	1288003	NA	15038286	42842552	NA	0
60	1	rocksdb	debian-gcc	6660125	315454986	1289827	NA	15327443	43771185	NA	0
61	1	rocksdb	debian-gcc	6725871	322180857	1293086	NA	15631439	44712747	NA	0
62	1	rocksdb	debian-gcc	3005239	325186096	1293798	NA	15775468	45187303	NA	0
63	1	rocksdb	debian-gcc	6717825	331903921	1298289	NA	16082662	46126893	NA	0
64	1	rocksdb	debian-gcc	4968169	336872090	1299883	NA	16282261	46741161	NA	0
65	1	rocksdb	debian-gcc	6623892	343495982	1301416	NA	16573336	47660170	NA	0
66	1	rocksdb	debian-gcc	6223719	349719701	1301973	NA	16840041	48506996	NA	0
67	1	rocksdb	debian-gcc	6662916	356382617	1304953	NA	17143836	49438878	NA	0
68	1	rocksdb	debian-gcc	6673843	363056460	1308223	NA	17448112	50370626	NA	0
69	1	rocksdb	debian-gcc	5940034	368996494	1312511	NA	17699747	51161829	NA	0
70	1	rocksdb	debian-gcc	6677436	375673930	1315562	NA	18000340	52091914	NA	0
71	1	rocksdb	debian-gcc	6182680	381856610	1316374	NA	18262120	52931140	NA	0
72	1	rocksdb	debian-gcc	6665231	388521841	1319333	NA	18557809	53861486	NA	0
73	1	rocksdb	debian-gcc	6387615	394909456	1320404	NA	18835187	54739451	NA	0
74	1	rocksdb	debian-gcc	6701864	401611320	1323358	NA	19144671	55674741	NA	0
75	1	rocksdb	debian-gcc	1265809	402877129	1324113	NA	19205422	55869721	NA	0
76	1	rocksdb	debian-gcc	5777492	408654621	1326530	NA	19451980	56628555	NA	0
77	1	rocksdb	debian-gcc	6017311	414671932	1327833	NA	19710434	57434633	NA	0
78	1	rocksdb	debian-gcc	1319609	415991541	1328200	NA	19775377	57642915	NA	0
79	1	rocksdb	debian-gcc	2835522	418827063	1328823	NA	19911473	58096560	NA	0
80	1	rocksdb	debian-gcc	6199504	425026567	1332786	NA	20190031	58935892	NA	0
81	1	rocksdb	debian-gcc	6636686	431663253	1335757	NA	20484846	59858251	NA	0
82	1	rocksdb	debian-gcc	6074914	437738167	1337982	NA	20748071	60675255	NA	0
83	1	rocksdb	debian-gcc	2214568	439952735	1338595	NA	20852137	61014191	NA	0
84	1	rocksdb	debian-gcc	5563073	445515808	1339443	NA	21083105	61734736	NA	0
85	1	rocksdb	debian-gcc	4953985	450469793	1339753	NA	21279620	62346619	NA	0
86	1	rocksdb	debian-gcc	4955314	455425107	1340283	NA	21479167	62958957	NA	0
87	1	rocksdb	debian-gcc	6023676	461448783	1342358	NA	21739865	63764482	NA	0
88	1	rocksdb	debian-gcc	5765991	467214774	1343501	NA	21985970	64523483	NA	0
89	1	rocksdb	debian-gcc	6625921	473840695	1344916	NA	22280233	65448445	NA	0
90	1	rocksdb	debian-gcc	5975674	479816369	1346830	NA	22537323	66244876	NA	0
91	1	rocksdb	debian-gcc	2831854	482648223	1347182	NA	22673701	66697431	NA	0
92	1	rocksdb	debian-gcc	6201803	488850026	1351258	NA	22957496	67539520	NA	0
93	1	rocksdb	debian-gcc	4973485	493823511	1351954	NA	23157231	68155135	NA	0
94	1	rocksdb	debian-gcc	6182630	500006141	1352460	NA	23416725	68994413	NA	0
95	1	rocksdb	debian-gcc	6435941	506442082	1357231	NA	23703932	69876924	NA	0
96	1	rocksdb	debian-gcc	6353914	512795996	1359186	NA	23985475	70745363	NA	0
97	1	rocksdb	debian-gcc	6686404	519482400	1362831	NA	24284612	71675650	NA	0
98	1	rocksdb	debian-gcc	6963088	526445488	1377486	NA	24654795	72659772	NA	0
99	1	rocksdb	debian-gcc	6343519	532789007	1378155	NA	24924514	73527486	NA	0
100	1	rocksdb	debian-gcc	2834559	535623566	1379085	1079003	25059749	73971263	NA	1
101	1	rocksdb	debian-gcc	6321629	541945195	1380157	1079003	25332221	74837957	NA	0
102	1	rocksdb	debian-gcc	6333111	548278306	1381168	1079003	25606970	75705622	NA	0
103	1	rocksdb	debian-gcc	5629191	553907497	1382624	1079003	25843023	76438498	NA	0
104	1	rocksdb	debian-gcc	6326281	560233778	1383526	1079003	26113779	77304768	NA	0
105	1	rocksdb	debian-gcc	5752627	565986405	1385716	1079003	26361505	78062553	NA	0
106	1	rocksdb	debian-gcc	5473134	571459539	1386592	1079003	26585272	78769406	NA	0
107	1	rocksdb	debian-gcc	5009341	576468880	1387225	1079003	26786700	79390576	NA	0
108	1	rocksdb	debian-gcc	6730546	583199426	1394563	1079003	27094679	80327184	NA	0
109	1	rocksdb	debian-gcc	1496362	584695788	1394966	1079003	27170578	80566588	NA	0
110	1	rocksdb	debian-gcc	2481245	587177033	1395942	1079003	27286396	80947580	NA	0
111	1	rocksdb	debian-gcc	6344901	593521934	1396430	1079003	27557106	81817077	NA	0
112	1	rocksdb	debian-gcc	6207008	599728942	1611906	1079003	27827851	82658102	NA	0
113	1	rocksdb	debian-gcc	6024341	605753283	1614434	1079003	28090555	83464420	NA	0
114	1	rocksdb	debian-gcc	2992280	608745563	1615337	1079003	28235969	83941816	NA	0
115	1	rocksdb	debian-gcc	6095832	614841395	1619299	1079003	28503606	84760366	NA	0
116	1	rocksdb	debian-gcc	2984887	617826282	1620496	1079003	28648208	85236583	NA	0
117	1	rocksdb	debian-gcc	5636764	623463046	1623252	1079003	28889591	85966452	NA	0
118	1	rocksdb	debian-gcc	6080195	629543241	1626328	1079003	29147861	86780948	NA	0
119	1	rocksdb	debian-gcc	5468497	635011738	1627010	1079003	29371702	87479273	NA	0
120	1	rocksdb	debian-gcc	3011694	638023432	1628018	1079003	29516805	87953478	NA	0
121	1	rocksdb	debian-gcc	2814067	640837499	1628645	1079003	29653286	88400248	NA	0
122	1	rocksdb	debian-gcc	3929282	644766781	1631311	1079003	29846825	89001865	NA	0
123	1	rocksdb	debian-gcc	4768533	649535314	1633728	1079003	30039018	89577418	NA	0
124	1	rocksdb	debian-gcc	6349605	655884919	1635314	1079003	30315883	90444783	NA	0
125	1	rocksdb	debian-gcc	5649181	661534100	1637314	1079003	30556504	91177717	NA	0
126	1	rocksdb	debian-gcc	6341715	667875815	1638909	1079003	30830452	92048597	NA	0
127	1	rocksdb	debian-gcc	5973766	673849581	1640301	1079003	31086556	92849352	NA	0
128	1	rocksdb	debian-gcc	5455674	679305255	1640793	1079003	31311081	93548214	NA	0
129	1	rocksdb	debian-gcc	5763789	685069044	1642456	1079003	31558556	94306612	NA	0
130	1	rocksdb	debian-gcc	5450554	690519598	1642852	1079003	31781638	95004622	NA	0
131	1	rocksdb	debian-gcc	5548775	696068373	1643715	1079003	32010410	95720498	NA	0
132	1	rocksdb	debian-gcc	5557042	701625415	1644559	1079003	32241764	96438902	NA	0
133	1	rocksdb	debian-gcc	6610625	708236040	1645950	1079003	32529043	97358600	NA	0
134	1	rocksdb	debian-gcc	5989198	714225238	1647824	1079003	32788466	98158047	NA	0
135	1	rocksdb	debian-gcc	3110341	717335579	1649377	1079003	32938661	98649815	NA	0
136	1	rocksdb	debian-gcc	2810873	720146452	1649829	1079003	33070962	99087754	NA	0
137	1	rocksdb	debian-gcc	2685871	722832323	1650648	1079003	33198820	99506920	NA	0
138	1	rocksdb	debian-gcc	2744583	725576906	1651274	1079003	33329430	99934636	NA	0
139	1	rocksdb	debian-gcc	5045484	730622390	1651804	1079003	33532852	100564334	NA	0
140	1	rocksdb	debian-gcc	3725819	734348209	1652999	1079003	33708808	101129376	NA	0
141	1	rocksdb	debian-gcc	1712293	736060502	1653357	1079003	33792133	101394414	NA	0
142	1	rocksdb	debian-gcc	3094744	739155246	1653810	1079003	33938947	101883231	NA	0
143	1	rocksdb	debian-gcc	2494774	741650020	1654274	1079003	34058202	102278049	NA	0
144	1	rocksdb	debian-gcc	6165328	747815348	1657060	1079003	34328954	103109118	NA	0
145	1	rocksdb	debian-gcc	6149554	753964902	1658308	1079003	34592516	103938674	NA	0
146	1	rocksdb	debian-gcc	6179837	760144739	1663173	1079003	34865273	104772881	NA	0
147	1	rocksdb	debian-gcc	6133106	766277845	1664145	1079003	35128558	105598610	NA	0
148	1	rocksdb	debian-gcc	6106870	772384715	1665057	1079003	35389813	106420435	NA	0
149	1	rocksdb	debian-gcc	6598878	778983593	1665690	1079003	35674595	107338880	NA	0
150	1	rocksdb	debian-gcc	2589026	781572619	1666642	1079003	35794406	107727634	NA	0
151	1	rocksdb	debian-gcc	2387857	783960476	1667282	1079003	35905932	108089871	NA	0
152	1	rocksdb	debian-gcc	6597552	790558028	1667836	1079003	36189631	109007675	NA	0
153	1	rocksdb	debian-gcc	5408432	795966460	1668323	1079003	36411050	109702053	NA	0
154	1	rocksdb	debian-gcc	4910513	800876973	1668802	1079003	36608217	110305332	NA	0
155	1	rocksdb	debian-gcc	5019283	805896256	1670411	1079003	36808990	110907073	NA	0
156	1	rocksdb	debian-gcc	1325064	807221320	1670721	1079003	36872972	111113479	NA	0
157	1	rocksdb	debian-gcc	6601900	813823220	1671121	1079003	37158508	112031691	NA	0
158	1	rocksdb	debian-gcc	5492533	819315753	1672142	1079003	37393484	112741815	NA	0
159	1	rocksdb	debian-gcc	2191798	821507551	1672531	1079003	37496687	113080788	NA	0
160	1	rocksdb	debian-gcc	2424431	823931982	1673314	1079003	37614101	113462520	NA	0
161	1	rocksdb	debian-gcc	2852690	826784672	1673847	1079003	37752244	113918476	NA	0
162	1	rocksdb	debian-gcc	2847723	829632395	1674099	1079003	37888367	114373743	NA	0
163	1	rocksdb	debian-gcc	5907048	835539443	1682307	1079003	38144937	115144622	NA	0
164	1	rocksdb	debian-gcc	3119060	838658503	1683558	1079003	38302528	115639011	NA	0
165	1	rocksdb	debian-gcc	2902001	841560504	1684479	1079003	38442584	116104014	NA	0
166	1	rocksdb	debian-gcc	3132530	844693034	1690857	1079003	38607874	116601687	NA	0
167	1	rocksdb	debian-gcc	1942332	846635366	1691346	1079003	38698643	116900588	NA	0
168	1	rocksdb	debian-gcc	5592839	852228205	1693307	1079003	38935167	117628670	NA	0
169	1	rocksdb	debian-gcc	5823473	858051678	1695806	1079003	39194783	118398019	NA	0
170	1	rocksdb	debian-gcc	6035320	864086998	1697560	1079003	39456374	119209779	NA	0
171	1	rocksdb	debian-gcc	762861	864849859	1698581	1079003	39493106	119328002	NA	0
172	1	rocksdb	debian-gcc	1023	864850882	1698796	1079003	39493501	119328396	NA	0
173	1	rocksdb	debian-gcc	5988280	870839162	1699525	1079003	39747000	120129968	NA	0
174	1	rocksdb	debian-gcc	6049754	876888916	1700881	1079003	40004445	120942362	NA	0
175	1	rocksdb	debian-gcc	5845113	882734029	1704461	1079003	40258291	121714751	NA	0
176	1	rocksdb	debian-gcc	6660222	889394251	1714002	1079003	40582644	122638469	NA	0
177	1	rocksdb	debian-gcc	6625875	896020126	1719727	1079003	40882345	123557393	NA	0
178	1	rocksdb	debian-gcc	6102313	902122439	1723676	1079003	41152019	124375865	NA	0
179	1	rocksdb	debian-gcc	5757799	907880238	1724895	1079003	41397905	125133619	NA	0
180	1	rocksdb	debian-gcc	6791980	914672218	1736487	1079003	41734271	126081528	NA	0
181	1	rocksdb	debian-gcc	5364628	920036846	1737913	1079003	41955873	126769977	NA	0
182	1	rocksdb	debian-gcc	6043924	926080770	1738413	1079003	42211339	127581213	NA	0
183	1	rocksdb	debian-gcc	6045977	932126747	1738970	1079003	42467868	128393575	NA	0
184	1	rocksdb	debian-gcc	5281331	937408078	1739921	1079003	42683530	129063817	NA	0
185	1	rocksdb	debian-gcc	1937087	939345165	1740511	1079003	42774958	129362357	NA	0
186	1	rocksdb	debian-gcc	2909693	942254858	1741028	1079003	42913761	129821800	NA	0
187	1	rocksdb	debian-gcc	6049866	948304724	1742061	1079003	43169460	130631849	NA	0
188	1	rocksdb	debian-gcc	6248891	954553615	1748774	1079003	43464229	131479303	NA	0
189	1	rocksdb	debian-gcc	6075925	960629540	1749349	1079003	43721348	132296679	NA	0
190	1	rocksdb	debian-gcc	6064015	966693555	1750614	1079003	43977215	133108590	NA	0
191	1	rocksdb	debian-gcc	6466824	973160379	1751368	1079003	44255279	134001973	NA	0
192	1	rocksdb	debian-gcc	6028649	979189028	1752952	1079003	44514827	134808093	NA	0
193	1	rocksdb	debian-gcc	6048193	985237221	1753326	1079003	44770715	135620471	NA	0
194	1	rocksdb	debian-gcc	5736258	990973479	1754093	1079003	45008706	136373756	NA	0
195	1	rocksdb	debian-gcc	6119504	997092983	1756155	1079003	45272941	137196724	NA	0
196	1	rocksdb	debian-gcc	6051919	1003144902	1757190	1079003	45529830	138010175	NA	0
197	1	rocksdb	debian-gcc	6062946	1009207848	1758127	1079003	45787710	138825265	NA	0
198	1	rocksdb	debian-gcc	5747002	1014954850	1758713	1079003	46028786	139584241	NA	0
199	1	rocksdb	debian-gcc	6045783	1021000633	1759556	1079003	46283374	140393636	NA	0
200	1	rocksdb	debian-gcc	6066659	1027067292	1761387	1079003	46544001	141208477	NA	0
201	1	rocksdb	debian-gcc	6375001	1033442293	1762714	1079003	46820544	142082052	NA	0
202	1	rocksdb	debian-gcc	6041354	1039483647	1763639	1079003	47077565	142895301	NA	0
203	1	rocksdb	debian-gcc	6369147	1045852794	1764863	1079003	47353467	143769899	NA	0
204	1	rocksdb	debian-gcc	6408886	1052261680	1767239	1079003	47635394	144651944	NA	0
205	1	rocksdb	debian-gcc	6094451	1058356131	1769470	1079003	47899192	145469155	NA	0
206	1	rocksdb	debian-gcc	6078250	1064434381	1771527	1079003	48163225	146286440	NA	0
207	1	rocksdb	debian-gcc	5753241	1070187622	1772422	1373189	48404128	147044221	NA	1
208	1	rocksdb	debian-gcc	6678104	1076865726	1775693	1373189	48699885	147972750	NA	0
209	1	rocksdb	debian-gcc	6363269	1083228995	1777123	1373189	48974104	148842185	NA	0
210	1	rocksdb	debian-gcc	6417500	1089646495	1778359	1373189	49255464	149726419	NA	0
211	1	rocksdb	debian-gcc	6044794	1095691289	1779610	1373189	49511657	150534971	NA	0
212	1	rocksdb	debian-gcc	5501544	1101192833	1780661	1373189	49738919	151247201	NA	0
213	1	rocksdb	debian-gcc	6400162	1107592995	1782769	1373189	50018243	152126502	NA	0
214	1	rocksdb	debian-gcc	6096830	1113689825	1784159	1373189	50276597	152950434	NA	0
215	1	rocksdb	debian-gcc	5573930	1119263755	1784938	1373189	50510228	153676373	NA	0
216	1	rocksdb	debian-gcc	5998962	1125262717	1786464	1373189	50768503	154481412	NA	0
217	1	rocksdb	debian-gcc	6449044	1131711761	1788321	1373189	51049450	155372561	NA	0
218	1	rocksdb	debian-gcc	6495609	1138207370	1791027	1373189	51338795	156268578	NA	0
219	1	rocksdb	debian-gcc	6647442	1144854812	1792037	1373189	51629610	157197334	NA	0
220	1	rocksdb	debian-gcc	6642706	1151497518	1793366	1373189	51921077	158124762	NA	0
221	1	rocksdb	debian-gcc	3107627	1154605145	1793835	1373189	52068428	158618273	NA	0
222	1	rocksdb	debian-gcc	5757413	1160362558	1797161	1373189	52313017	159370866	NA	0
223	1	rocksdb	debian-gcc	5817191	1166179749	1797896	1373189	52555465	160141361	NA	0
224	1	rocksdb	debian-gcc	2069091	1168248840	2039803	1373189	52653923	160462781	NA	0
225	1	rocksdb	debian-gcc	5578892	1173827732	2041450	1373189	52886606	161189306	NA	0
226	1	rocksdb	debian-gcc	5572968	1179400700	2041784	1373189	53116807	161914038	NA	0
227	1	rocksdb	debian-gcc	6215219	1185615919	2044806	1373189	53391127	162756475	NA	0
228	1	rocksdb	debian-gcc	5548964	1191164883	2047275	1373189	53625099	163475091	NA	0
229	1	rocksdb	debian-gcc	266	1191165149	2047414	1373189	53625199	163475229	NA	0
230	1	rocksdb	debian-gcc	3029290	1194194439	2048108	1373189	53771142	163954293	NA	0
231	1	rocksdb	debian-gcc	214	1194194653	2048234	1373189	53771232	163954418	NA	0
232	1	rocksdb	debian-gcc	6999728	1201194381	2059875	1373189	54124133	164940250	NA	0
233	1	rocksdb	debian-gcc	3109365	1204303746	2060547	1373189	54274735	165431926	NA	0
234	1	rocksdb	debian-gcc	6478734	1210782480	2073626	1373189	54615550	166322637	NA	0
235	1	rocksdb	debian-gcc	210	1210782690	2073750	1373189	54615638	166322763	NA	0
236	1	rocksdb	debian-gcc	6615348	1217398038	2075162	1373189	54906130	167240494	NA	0
237	1	rocksdb	debian-gcc	6603710	1224001748	2076155	1373189	55191843	168156169	NA	0
238	1	rocksdb	debian-gcc	2842299	1226844047	2076738	1373189	55329450	168610143	NA	0
239	1	rocksdb	debian-gcc	1449186	1228293233	2077407	1373189	55403306	168841184	NA	0
240	1	rocksdb	debian-gcc	2843831	1231137064	2078686	1373189	55541139	169295553	NA	0
241	1	rocksdb	debian-gcc	6615339	1237752403	2080014	1373189	55829542	170216973	NA	0
242	1	rocksdb	debian-gcc	204	1237752607	2080135	1373189	55829629	170217099	NA	0
243	1	rocksdb	debian-gcc	5305403	1243058010	2081425	1373189	56048184	170894230	NA	0
244	1	rocksdb	debian-gcc	928024	1243986034	2082171	1373189	56092085	171036093	NA	0
245	1	rocksdb	debian-gcc	2177085	1246163119	2082600	1373189	56191905	171366968	NA	0
246	1	rocksdb	debian-gcc	721579	1246884698	2082894	1373189	56226705	171478175	NA	0
247	1	rocksdb	debian-gcc	5500255	1252384953	2084063	1373189	56456293	172189526	NA	0
248	1	rocksdb	debian-gcc	3216993	1255601946	2086795	1373189	56620922	172699252	NA	0
249	1	rocksdb	debian-gcc	3534908	1259136854	2087366	1373189	56786135	173232258	NA	0
250	1	rocksdb	debian-gcc	5374837	1264511691	2088027	1373189	57002855	173916742	NA	0
251	1	rocksdb	debian-gcc	2117317	1266629008	2088628	1373189	57102143	174244658	NA	0
252	1	rocksdb	debian-gcc	323	1266629331	2088769	1373189	57102249	174244802	NA	0
253	1	rocksdb	debian-gcc	3735532	1270364863	2089712	1373189	57252163	174677525	NA	0
254	1	rocksdb	debian-gcc	3917760	1274282623	2090041	1373189	57404753	175144088	NA	0
255	1	rocksdb	debian-gcc	5486950	1279769573	2090576	1373189	57631123	175853464	NA	0
256	1	rocksdb	debian-gcc	3719671	1283489244	2092946	1373189	57779368	176285198	NA	0
257	1	rocksdb	debian-gcc	6086889	1289576133	2094859	1373189	58048153	177103250	NA	0
258	1	rocksdb	debian-gcc	748905	1290325038	2095192	1373189	58083572	177218544	NA	0
259	1	rocksdb	debian-gcc	2793207	1293118245	2095899	1373189	58207229	177626633	NA	0
260	1	rocksdb	debian-gcc	5457965	1298576210	2096966	1373189	58435899	178328455	NA	0
261	1	rocksdb	debian-gcc	728702	1299304912	2097682	1373189	58469247	178432219	NA	0
262	1	rocksdb	debian-gcc	3076445	1302381357	2098506	1373189	58616537	178918029	NA	0
263	1	rocksdb	debian-gcc	4894956	1307276313	2099198	1373189	58820543	179546046	NA	0
264	1	rocksdb	debian-gcc	1542364	1308818677	2099717	1373189	58897543	179788220	NA	0
265	1	rocksdb	debian-gcc	2120600	1310939277	2100399	1373189	58997575	180117194	NA	0
266	1	rocksdb	debian-gcc	2336144	1313275421	2101710	1373189	59106035	180465321	NA	0
267	1	rocksdb	debian-gcc	2206267	1315481688	2102624	1373189	59211324	180806760	NA	0
268	1	rocksdb	debian-gcc	3109129	1318590817	2104529	1373189	59364653	181299015	NA	0
269	1	rocksdb	debian-gcc	5533936	1324124753	2105800	1373189	59597000	182015836	NA	0
270	1	rocksdb	debian-gcc	1967733	1326092486	2106569	1373189	59690415	182323923	NA	0
271	1	rocksdb	debian-gcc	1975065	1328067551	2110023	1373189	59763534	182489019	NA	0
272	1	rocksdb	debian-gcc	3158838	1331226389	2110904	1373189	59916067	182989253	NA	0
273	1	rocksdb	debian-gcc	6214673	1337441062	2118163	1373189	60221854	183829177	NA	0
274	1	rocksdb	debian-gcc	6060845	1343501907	2119856	1373189	60480896	184643762	NA	0
275	1	rocksdb	debian-gcc	6707973	1350209880	2123019	1373189	60782357	185581504	NA	0
276	1	rocksdb	debian-gcc	6684667	1356894547	2123770	1373189	61069874	186515789	NA	0
277	1	rocksdb	debian-gcc	6898864	1363793411	2129477	1373189	61389239	187486975	NA	0
278	1	rocksdb	debian-gcc	6684663	1370478074	2130077	1373189	61676126	188421874	NA	0
279	1	rocksdb	debian-gcc	5846836	1376324910	2131629	1373189	61923912	189195865	NA	0
280	1	rocksdb	debian-gcc	6694627	1383019537	2133504	1373189	62214501	190131696	NA	0
281	1	rocksdb	debian-gcc	6028882	1389048419	2134887	1373189	62473248	190940978	NA	0
282	1	rocksdb	debian-gcc	6215810	1395264229	2135963	1373189	62740456	191783879	NA	0
283	1	rocksdb	debian-gcc	2995589	1398259818	2137040	1373189	62886933	192265698	NA	0
284	1	rocksdb	debian-gcc	2547761	1400807579	2137864	1373189	63007808	192652320	NA	0
285	1	rocksdb	debian-gcc	2971665	1403779244	2138813	1373189	63150749	193128120	NA	0
286	1	rocksdb	debian-gcc	6693411	1410472655	2140899	1373189	63448438	194064017	NA	0
287	1	rocksdb	debian-gcc	2914209	1413386864	2141344	1373189	63588204	194530813	NA	0
288	1	rocksdb	debian-gcc	2946110	1416332974	2142007	1373189	63732039	195002850	NA	0
289	1	rocksdb	debian-gcc	1883727	1418216701	2142282	1373189	63821064	195295764	NA	0
290	1	rocksdb	debian-gcc	2974772	1421191473	2143345	1373189	63964588	195770269	NA	0
291	1	rocksdb	debian-gcc	6641488	1427832961	2143826	1373189	64250049	196696888	NA	0
292	1	rocksdb	debian-gcc	2334626	1430167587	2145600	1373189	64359298	197048929	NA	0
293	1	rocksdb	debian-gcc	5386919	1435554506	2146142	1373189	64577205	197735215	NA	0
294	1	rocksdb	debian-gcc	3656351	1439210857	2147856	1373189	64754494	198288421	NA	0
295	1	rocksdb	debian-gcc	3905281	1443116138	2152890	1373189	64957531	198883574	NA	0
296	1	rocksdb	debian-gcc	3556056	1446672194	2153499	1373189	65125021	199422199	NA	0
297	1	rocksdb	debian-gcc	2902646	1449574840	2154049	1373189	65262865	199879537	NA	0
298	1	rocksdb	debian-gcc	6597141	1456171981	2154483	1373189	65546694	200798564	NA	0
299	1	rocksdb	debian-gcc	3146084	1459318065	2155558	1373189	65697617	201295897	NA	0
300	1	rocksdb	debian-gcc	2581159	1461899224	2156041	1373189	65818276	201696113	NA	0
301	1	rocksdb	debian-gcc	1906016	1463805240	2156302	1373189	65908483	201993813	NA	0
302	1	rocksdb	debian-gcc	1907466	1465712706	2156681	1373189	65998646	202291627	NA	0
303	1	rocksdb	debian-gcc	1907129	1467619835	2157015	1373189	66089475	202589843	NA	0
304	1	rocksdb	debian-gcc	2965797	1470585632	2157383	1373189	66231958	203064598	NA	0
305	1	rocksdb	debian-gcc	2967689	1473553321	2157966	1373189	66374866	203539519	NA	0
306	1	rocksdb	debian-gcc	2581384	1476134705	2158376	1373189	66495969	203939821	NA	0
307	1	rocksdb	debian-gcc	2281305	1478416010	2159322	1373189	66605088	204295806	NA	0
308	1	rocksdb	debian-gcc	2844835	1481260845	2160151	1373189	66744881	204750959	NA	0
309	1	rocksdb	debian-gcc	3177577	1484438422	2160704	1373189	66896336	205255305	NA	0
310	1	rocksdb	debian-gcc	5635360	1490073782	2165111	1373189	67143149	205989152	NA	0
311	1	rocksdb	debian-gcc	5613759	1495687541	2167210	1373189	67380112	206718108	NA	0
312	1	rocksdb	debian-gcc	5589145	1501276686	2167771	1373189	67611632	207443051	NA	0
313	1	rocksdb	debian-gcc	2386824	1503663510	2168750	1373189	67726057	207816874	NA	0
314	1	rocksdb	debian-gcc	3379888	1507043398	2169955	1373189	67884718	208321809	NA	0
315	1	rocksdb	debian-gcc	2718785	1509762183	2170749	1373189	68016185	208755284	NA	0
316	1	rocksdb	debian-gcc	2906374	1512668557	2171325	1373189	68154584	209213255	NA	0
317	1	rocksdb	debian-gcc	5477054	1518145611	2172169	1373189	68383200	209921235	NA	0
318	1	rocksdb	debian-gcc	6071556	1524217167	2173157	1373189	68641603	210739968	NA	0
319	1	rocksdb	debian-gcc	5614595	1529831762	2173971	1680044	68875679	211470779	NA	1
320	1	rocksdb	debian-gcc	2918279	1532750041	2174749	1680044	69017238	211937434	NA	0
321	1	rocksdb	debian-gcc	5967406	1538717447	2175531	1680044	69267102	212734769	NA	0
322	1	rocksdb	debian-gcc	3133571	1541851018	2176991	1680044	69415795	213227190	NA	0
323	1	rocksdb	debian-gcc	5683344	1547534362	2179696	1680044	69660667	213968418	NA	0
324	1	rocksdb	debian-gcc	2896667	1550431029	2180729	1680044	69801197	214430779	NA	0
325	1	rocksdb	debian-gcc	6803580	1557234609	2185658	1680044	70109388	215382196	NA	0
326	1	rocksdb	debian-gcc	6903782	1564138391	2192923	1680044	70439690	216350413	NA	0
327	1	rocksdb	debian-gcc	5833707	1569972098	2194134	1680044	70682016	217115149	NA	0
328	1	rocksdb	debian-gcc	6683385	1576655483	2195154	1680044	70970552	218046029	NA	0
329	1	rocksdb	debian-gcc	6689174	1583344657	2196425	1680044	71259127	218980247	NA	0
330	1	rocksdb	debian-gcc	6811099	1590155756	2199982	1680044	71567067	219933548	NA	0
331	1	rocksdb	debian-gcc	6857673	1597013429	2205870	1680044	71881319	220892893	NA	0
332	1	rocksdb	debian-gcc	6790841	1603804270	2206859	1680044	72171720	221843720	NA	0
333	1	rocksdb	debian-gcc	6727573	1610531843	2208950	1680044	72467777	222778592	NA	0
334	1	rocksdb	debian-gcc	1689540	1612221383	2209438	1680044	72551067	223042954	NA	0
335	1	rocksdb	debian-gcc	6657022	1618878405	2210298	1680044	72841018	223969774	NA	0
336	1	rocksdb	debian-gcc	6812913	1625691318	2341377	1680044	73139109	224923569	NA	0
337	1	rocksdb	debian-gcc	6838184	1632529502	2344022	1680044	73444587	225880436	NA	0
338	1	rocksdb	debian-gcc	6869042	1639398544	2346791	1680044	73747950	226843914	NA	0
339	1	rocksdb	debian-gcc	6820806	1646219350	2347967	1680044	74044642	227798421	NA	0
340	1	rocksdb	debian-gcc	3803540	1650022890	2349102	1680044	74195672	228245753	NA	0
341	1	rocksdb	debian-gcc	3900426	1653923316	2352827	1680044	74364726	228707846	NA	0
342	1	rocksdb	debian-gcc	5402093	1659325409	2354086	1680044	74590158	229403430	NA	0
343	1	rocksdb	debian-gcc	4956050	1664281459	2354487	1680044	74789577	230015850	NA	0
344	1	rocksdb	debian-gcc	6709015	1670990474	2355823	1680044	75082916	230951643	NA	0
345	1	rocksdb	debian-gcc	2870620	1673861094	2356148	1680044	75220393	231411361	NA	0
346	1	rocksdb	debian-gcc	6671328	1680532422	2358732	1680044	75514927	232341365	NA	0
347	1	rocksdb	debian-gcc	6662401	1687194823	2361416	1680044	75808441	233268144	NA	0
348	1	rocksdb	debian-gcc	761127	1687955950	2368956	1680044	75847840	233386582	NA	0
349	1	rocksdb	debian-gcc	265266	1688221216	2369445	1680044	75860799	233429493	NA	0
350	1	rocksdb	debian-gcc	3036517	1691257733	2370762	1680044	76009686	233913587	NA	0
351	1	rocksdb	debian-gcc	3051884	1694309617	2372168	1680044	76167469	234401731	NA	0
352	1	rocksdb	debian-gcc	3037777	1697347394	2374527	1680044	76317037	234886018	NA	0
353	1	rocksdb	debian-gcc	266986	1697614380	2375772	1680044	76331213	234929488	NA	0
354	1	rocksdb	debian-gcc	768777	1698383157	2376574	1680044	76370799	235049339	NA	0
355	1	rocksdb	debian-gcc	741537	1699124694	2378559	1680044	76406258	235163960	NA	0
356	1	rocksdb	debian-gcc	1317046	1700441740	2379322	1680044	76470401	235367703	NA	0
357	1	rocksdb	debian-gcc	281859	1700723599	2380925	1680044	76485918	235411841	NA	0
358	1	rocksdb	debian-gcc	259874	1700983473	2381850	1680044	76499143	235453517	NA	0
359	1	rocksdb	debian-gcc	874777	1701858250	2382642	1680044	76540637	235584965	NA	0
360	1	rocksdb	debian-gcc	1788708	1703646958	2386490	1680044	76632674	235864059	NA	0
361	1	rocksdb	debian-gcc	5548108	1709195066	2389715	1680044	76865595	236580019	NA	0
362	1	rocksdb	debian-gcc	5612393	1714807459	2395067	1680044	77107306	237306747	NA	0
363	1	rocksdb	debian-gcc	5496460	1720303919	2401093	1680044	77345137	238014562	NA	0
364	1	rocksdb	debian-gcc	2163492	1722467411	2401462	1680044	77447051	238351818	NA	0
365	1	rocksdb	debian-gcc	2972444	1725439855	2401885	1680044	77578261	238785324	NA	0
366	1	rocksdb	debian-gcc	3559646	1728999501	2414176	1680044	77801045	239297609	NA	0
367	1	rocksdb	debian-gcc	3511208	1732510709	2415023	1680044	77958888	239799046	NA	0
368	1	rocksdb	debian-gcc	5366574	1737877283	2415912	1680044	78179418	240483146	NA	0
369	1	rocksdb	debian-gcc	26762	1737904045	2416165	1680044	78180780	240488151	NA	0
370	1	rocksdb	debian-gcc	2951555	1740855600	2416814	1680044	78323771	240960406	NA	0
371	1	rocksdb	debian-gcc	198	1740855798	2416932	1680044	78323853	240960528	NA	0
372	1	rocksdb	debian-gcc	26783	1740882581	2417159	1680044	78325093	240965536	NA	0
373	1	rocksdb	debian-gcc	204	1740882785	2417280	1680044	78325176	240965658	NA	0
374	1	rocksdb	debian-gcc	26846	1740909631	2417494	1680044	78326422	240970671	NA	0
375	1	rocksdb	debian-gcc	26809	1740936440	2417683	1680044	78327674	240975688	NA	0
376	1	rocksdb	debian-gcc	26779	1740963219	2417858	1680044	78328914	240980704	NA	0
377	1	rocksdb	debian-gcc	26723	1740989942	2418030	1680044	78330189	240985697	NA	0
378	1	rocksdb	debian-gcc	26965	1741016907	2418236	1680044	78331543	240990704	NA	0
379	1	rocksdb	debian-gcc	26938	1741043845	2418437	1680044	78332813	240995737	NA	0
380	1	rocksdb	debian-gcc	270	1741044115	2418579	1680044	78332921	240995881	NA	0
381	1	rocksdb	debian-gcc	26983	1741071098	2418774	1680044	78334181	241000907	NA	0
382	1	rocksdb	debian-gcc	26755	1741097853	2418943	1680044	78335421	241005917	NA	0
383	1	rocksdb	debian-gcc	3518890	1744616743	2441891	1680044	78563641	241495942	NA	0
384	1	rocksdb	debian-gcc	2709399	1747326142	2442050	1680044	78693281	241927398	NA	0
385	1	rocksdb	debian-gcc	2832584	1750158726	2442202	1680044	78829150	242380412	NA	0
386	1	rocksdb	debian-gcc	3029671	1753188397	2443024	1680044	78974980	242858942	NA	0
387	1	rocksdb	debian-gcc	26792	1753215189	2443216	1680044	78976223	242863952	NA	0
388	1	rocksdb	debian-gcc	26755	1753241944	2443374	1680044	78977463	242868962	NA	0
389	1	rocksdb	debian-gcc	26778	1753268722	2443569	1680044	78978707	242873978	NA	0
390	1	rocksdb	debian-gcc	26790	1753295512	2443746	1680044	78979954	242878996	NA	0
391	1	rocksdb	debian-gcc	226	1753295738	2443878	1680044	78980048	242879123	NA	0
392	1	rocksdb	debian-gcc	232	1753295970	2444013	1680044	78980145	242879255	NA	0
393	1	rocksdb	debian-gcc	26833	1753322803	2444209	1680044	78981389	242884268	NA	0
394	1	rocksdb	debian-gcc	246	1753323049	2444351	1680044	78981489	242884400	NA	0
395	1	rocksdb	debian-gcc	6024341	1759347390	2444403	1680044	79234189	243690718	NA	0
396	1	rocksdb	debian-gcc	222	1759347612	2444530	1680044	79234277	243690842	NA	0
397	1	rocksdb	debian-gcc	416	1759348028	2444712	1680044	79234408	243690997	NA	0
398	1	rocksdb	debian-gcc	1468525	1760816553	2445182	1680044	79306148	243921678	NA	0
399	1	rocksdb	debian-gcc	2731242	1763547795	2445436	1680044	79437217	244357613	NA	0
400	1	rocksdb	debian-gcc	5473792	1769021587	2446171	1680044	79661685	245062139	NA	0
401	1	rocksdb	debian-gcc	234	1769021821	2446304	1680044	79661779	245062266	NA	0
402	1	rocksdb	debian-gcc	6119982	1775141803	2447185	1680044	79919294	245883179	NA	0
403	1	rocksdb	debian-gcc	248	1775142051	2447328	1680044	79919395	245883313	NA	0
404	1	rocksdb	debian-gcc	218	1775142269	2447449	1680044	79919477	245883433	NA	0
405	1	rocksdb	debian-gcc	918236	1776060505	2447616	1680044	79961563	246023197	NA	0
406	1	rocksdb	debian-gcc	218	1776060723	2447744	1680044	79961658	246023329	NA	0
407	1	rocksdb	debian-gcc	232	1776060955	2447879	1680044	79961755	246023459	NA	0
408	1	rocksdb	debian-gcc	4952898	1781013853	2448107	1680044	80157854	246634883	NA	0
409	1	rocksdb	debian-gcc	2834902	1783848755	2448726	1680044	80294268	247087473	NA	0
410	1	rocksdb	debian-gcc	2834911	1786683666	2449282	1680044	80430646	247540029	NA	0
411	1	rocksdb	debian-gcc	2836684	1789520350	2449835	1680044	80567949	247993382	NA	0
412	1	rocksdb	debian-gcc	328912	1789849262	2463662	1680044	80586700	248038131	NA	0
413	1	rocksdb	debian-gcc	2883593	1792732855	2464638	1680044	80725952	248497915	NA	0
414	1	rocksdb	debian-gcc	2890323	1795623178	2465603	1680044	80865341	248959440	NA	0
415	1	rocksdb	debian-gcc	2922616	1798545794	2466263	1680044	81006162	249427178	NA	0
416	1	rocksdb	debian-gcc	2862156	1801407950	2466996	1680044	81144378	249885201	NA	0
417	1	rocksdb	debian-gcc	2887615	1804295565	2468911	1680044	81287124	250347305	NA	0
418	2	rocksdb	debian-gcc	3161308	1807456873	2468961	1680044	81437352	250851094	NA	0
419	2	rocksdb	debian-gcc	2218362	1809675235	2469012	1680044	81540691	251197500	NA	0
420	2	rocksdb	debian-gcc	4731926	1814407161	2469063	1680044	81733865	251795554	NA	0
421	2	rocksdb	debian-gcc	2728457	1817135618	2469114	1680044	81863803	252231200	NA	0
422	2	rocksdb	debian-gcc	2956654	1820092272	2469165	1680044	82003307	252698819	NA	0
423	2	rocksdb	debian-gcc	2944113	1823036385	2469217	1680044	82142350	253163660	NA	0
424	2	rocksdb	debian-gcc	5508564	1828544949	2469269	1680044	82369223	253876782	NA	0
425	2	rocksdb	debian-gcc	5491161	1834036110	2469321	1680044	82593576	254588535	NA	0
426	2	rocksdb	debian-gcc	5395593	1839431703	2469373	1680044	82813404	255281226	NA	0
427	2	rocksdb	debian-gcc	2740913	1842172616	2469425	1680044	82944602	255720041	NA	0
428	2	rocksdb	debian-gcc	5367819	1847540435	2469477	1680044	83162398	256407604	NA	0
429	2	rocksdb	debian-gcc	4749353	1852289788	2469529	1680044	83355813	257009696	NA	0
430	2	rocksdb	debian-gcc	5285899	1857575687	2469581	1680044	83571247	257682080	NA	0
431	2	rocksdb	debian-gcc	6642887	1864218574	2469633	2575346	83854111	258608260	NA	1
432	2	rocksdb	debian-gcc	2920616	1867139190	2469685	2575346	83991544	259067497	NA	0
433	2	rocksdb	debian-gcc	2897869	1870037059	2469737	2575346	84127956	259522660	NA	0
434	2	rocksdb	debian-gcc	6332098	1876369157	2469789	2575346	84395691	260390338	NA	0
435	2	rocksdb	debian-gcc	2833184	1879202341	2469841	2575346	84528628	260832981	NA	0
436	2	rocksdb	debian-gcc	6395455	1885597796	2469893	2575346	84801115	261713087	NA	0
437	2	rocksdb	debian-gcc	5639248	1891237044	2469945	2575346	85033922	262448572	NA	0
438	2	rocksdb	debian-gcc	6398843	1897635887	2469997	2575346	85304843	263327890	NA	0
439	2	rocksdb	debian-gcc	2831329	1900467216	2470049	2575346	85437753	263770559	NA	0
440	2	rocksdb	debian-gcc	2720375	1903187591	2470101	2575346	85567625	264203939	NA	0
441	2	rocksdb	debian-gcc	5885148	1909072739	2470153	2575346	85813787	264984245	NA	0
442	2	rocksdb	debian-gcc	5483416	1914556155	2470205	2575346	86037431	265692836	NA	0
443	2	rocksdb	debian-gcc	5960090	1920516245	2470257	2575346	86289085	266490617	NA	0
444	2	rocksdb	debian-gcc	2904311	1923420556	2470309	2575346	86425816	266948088	NA	0
445	2	rocksdb	debian-gcc	5475226	1928895782	2470361	2575346	86649420	267652954	NA	0
446	2	rocksdb	debian-gcc	5962114	1934857896	2470413	2575346	86900427	268451857	NA	0
447	2	rocksdb	debian-gcc	5837010	1940694906	2470465	2575346	87143561	269221584	NA	0
448	2	rocksdb	debian-gcc	5750301	1946445207	2470517	2575346	87381120	269976527	NA	0
449	2	rocksdb	debian-gcc	5609891	1952055098	2470569	2575346	87611811	270704272	NA	0
450	2	rocksdb	debian-gcc	6420788	1958475886	2470621	2575346	87885288	271588757	NA	0
451	2	rocksdb	debian-gcc	4013096	1962488982	2470673	2575346	88075180	272206690	NA	0
452	2	rocksdb	debian-gcc	2921079	1965410061	2470725	2575346	88213271	272666009	NA	0
453	2	rocksdb	debian-gcc	6722897	1972132958	2470777	2575346	88502173	273606725	NA	0
454	2	rocksdb	debian-gcc	6346173	1978479131	2470829	2575346	88769790	274475709	NA	0
455	2	rocksdb	debian-gcc	6405487	1984884618	2470881	2575346	89041014	275354537	NA	0
456	2	rocksdb	debian-gcc	6365446	1991250064	2470933	2575346	89310644	276226729	NA	0
457	2	rocksdb	debian-gcc	6810377	1998060441	2470985	2575346	89604504	277179416	NA	0
458	2	rocksdb	debian-gcc	6344237	2004404678	2471037	2575346	89872727	278047297	NA	0
459	2	rocksdb	debian-gcc	6336886	2010741564	2471089	2575346	90140977	278914445	NA	0
460	2	rocksdb	debian-gcc	6389641	2017131205	2471141	2575346	90411388	279789953	NA	0
461	2	rocksdb	debian-gcc	6592301	2023723506	2471193	2575346	90693093	280694187	NA	0
462	2	rocksdb	debian-gcc	6382047	2030105553	2471245	2575346	90962385	281569771	NA	0
463	2	rocksdb	debian-gcc	6397890	2036503443	2471297	2575346	91234215	282449145	NA	0
464	2	rocksdb	debian-gcc	3070619	2039574062	2471349	2575346	91378599	282933372	NA	0
465	2	rocksdb	debian-gcc	6383925	2045957987	2471401	2575346	91649989	283809993	NA	0
466	2	rocksdb	debian-gcc	6606214	2052564201	2471453	2575346	91933426	284729776	NA	0
467	2	rocksdb	debian-gcc	304	2052564505	2471504	2575346	91933459	284729928	NA	0
468	2	rocksdb	debian-gcc	6615572	2059180077	2471556	2575346	92217045	285649221	NA	0
469	2	rocksdb	debian-gcc	6615335	2065795412	2471608	2575346	92501376	286570027	NA	0
470	2	rocksdb	debian-gcc	7042133	2072837545	2471660	2575346	92806837	287568423	NA	0
471	2	rocksdb	debian-gcc	6743667	2079581212	2471712	2575346	93096667	288509535	NA	0
472	2	rocksdb	debian-gcc	6818497	2086399709	2471764	2575346	93389574	289463370	NA	0
473	2	rocksdb	debian-gcc	6652719	2093052428	2471816	2575346	93675189	290390727	NA	0
474	2	rocksdb	debian-gcc	6681143	2099733571	2471868	2575346	93962561	291323669	NA	0
475	2	rocksdb	debian-gcc	6755276	2106488847	2471920	2575346	94253263	292270771	NA	0
476	2	rocksdb	debian-gcc	208	2106489055	2471971	2575346	94253283	292270893	NA	0
477	2	rocksdb	debian-gcc	6601371	2113090426	2472023	2575346	94537084	293189857	NA	0
478	2	rocksdb	debian-gcc	6660125	2119750551	2472075	2575346	94823508	294118490	NA	0
479	2	rocksdb	debian-gcc	6725871	2126476422	2472127	2575346	95112864	295060052	NA	0
480	2	rocksdb	debian-gcc	3005239	2129481661	2472179	2575346	95255015	295534608	NA	0
481	2	rocksdb	debian-gcc	6717825	2136199486	2472231	2575346	95544166	296474198	NA	0
482	2	rocksdb	debian-gcc	4968169	2141167655	2472283	2575346	95740972	297088466	NA	0
483	2	rocksdb	debian-gcc	6623892	2147791547	2472335	2575346	96026647	298007475	NA	0
484	2	rocksdb	debian-gcc	6223719	2154015266	2472387	2575346	96289755	298854301	NA	0
485	2	rocksdb	debian-gcc	6662916	2160678182	2472439	2575346	96576320	299786183	NA	0
486	2	rocksdb	debian-gcc	6673843	2167352025	2472491	2575346	96863542	300717931	NA	0
487	2	rocksdb	debian-gcc	5940034	2173292059	2472543	2575346	97112952	301509134	NA	0
488	2	rocksdb	debian-gcc	6677436	2179969495	2472595	2575346	97401816	302439219	NA	0
489	2	rocksdb	debian-gcc	6182680	2186152175	2472647	2575346	97662879	303278445	NA	0
490	2	rocksdb	debian-gcc	6665231	2192817406	2472699	2575346	97949480	304208791	NA	0
491	2	rocksdb	debian-gcc	6387615	2199205021	2472751	2575346	98221695	305086756	NA	0
492	2	rocksdb	debian-gcc	6701864	2205906885	2472803	2575346	98509102	306022046	NA	0
493	2	rocksdb	debian-gcc	1265809	2207172694	2472855	2575346	98568774	306217026	NA	0
494	2	rocksdb	debian-gcc	5777492	2212950186	2472907	2575346	98807540	306975860	NA	0
495	2	rocksdb	debian-gcc	6017311	2218967497	2472959	2575346	99062357	307781938	NA	0
496	2	rocksdb	debian-gcc	1319609	2220287106	2473011	2575346	99127065	307990220	NA	0
497	2	rocksdb	debian-gcc	2835522	2223122628	2473063	2575346	99262367	308443865	NA	0
498	2	rocksdb	debian-gcc	6199504	2229322132	2473115	2575346	99524342	309283197	NA	0
499	2	rocksdb	debian-gcc	6636686	2235958818	2473167	2575346	99810366	310205556	NA	0
500	2	rocksdb	debian-gcc	6074914	2242033732	2473219	2575346	100065851	311022560	NA	0
501	2	rocksdb	debian-gcc	2214568	2244248300	2473271	2575346	100168067	311361496	NA	0
502	2	rocksdb	debian-gcc	5563073	2249811373	2473323	2575346	100397147	312082041	NA	0
503	2	rocksdb	debian-gcc	4953985	2254765358	2473375	2575346	100593182	312693924	NA	0
504	2	rocksdb	debian-gcc	4955314	2259720672	2473427	2575346	100791090	313306262	NA	0
505	2	rocksdb	debian-gcc	6023676	2265744348	2473479	2575346	101045625	314111787	NA	0
506	2	rocksdb	debian-gcc	5765991	2271510339	2473531	2575346	101286812	314870788	NA	0
507	2	rocksdb	debian-gcc	6625921	2278136260	2473583	2575346	101571113	315795750	NA	0
508	2	rocksdb	debian-gcc	5975674	2284111934	2473635	2575346	101822899	316592181	NA	0
509	2	rocksdb	debian-gcc	2831854	2286943788	2473687	2575346	101958939	317044736	NA	0
510	2	rocksdb	debian-gcc	6201803	2293145591	2473739	2575346	102222022	317886825	NA	0
511	2	rocksdb	debian-gcc	4973485	2298119076	2473791	2575346	102420683	318502440	NA	0
512	2	rocksdb	debian-gcc	6182630	2304301706	2473843	2575346	102679615	319341718	NA	0
513	2	rocksdb	debian-gcc	6435941	2310737647	2473895	2575346	102954617	320224229	NA	0
514	2	rocksdb	debian-gcc	6353914	2317091561	2473947	2575346	103224399	321092668	NA	0
515	2	rocksdb	debian-gcc	6686404	2323777965	2473999	2575346	103513270	322022955	NA	0
516	2	rocksdb	debian-gcc	6963088	2330741053	2474051	2575346	103814043	323007077	NA	0
517	2	rocksdb	debian-gcc	6343519	2337084572	2474103	2575346	104082386	323874791	NA	0
518	2	rocksdb	debian-gcc	2834559	2339919131	2474155	2575346	104215516	324318568	NA	0
519	2	rocksdb	debian-gcc	6321629	2346240760	2474207	2575346	104484634	325185262	NA	0
520	2	rocksdb	debian-gcc	6333111	2352573871	2474259	2575346	104753184	326052927	NA	0
521	2	rocksdb	debian-gcc	5629191	2358203062	2474311	2575346	104985577	326785803	NA	0
522	2	rocksdb	debian-gcc	6326281	2364529343	2474363	2575346	105253235	327652073	NA	0
523	2	rocksdb	debian-gcc	5752627	2370281970	2474415	2575346	105493568	328409858	NA	0
524	2	rocksdb	debian-gcc	5473134	2375755104	2474467	2575346	105716760	329116711	NA	0
525	2	rocksdb	debian-gcc	5009341	2380764445	2474519	2575346	105917551	329737881	NA	0
526	2	rocksdb	debian-gcc	6730546	2387494991	2474571	2575346	106203682	330674489	NA	0
527	2	rocksdb	debian-gcc	1496362	2388991353	2474623	2575346	106278852	330913893	NA	0
528	2	rocksdb	debian-gcc	2481245	2391472598	2474675	2575346	106393331	331294885	NA	0
529	2	rocksdb	debian-gcc	6344901	2397817499	2474727	3012129	106662208	332164382	NA	1
530	2	rocksdb	debian-gcc	6207008	2404024507	2474779	3012129	106926044	333005407	NA	0
531	2	rocksdb	debian-gcc	6024341	2410048848	2474794	3012129	107178744	333811725	NA	0
532	2	rocksdb	debian-gcc	2992280	2413041128	2474846	3012129	107320489	334289121	NA	0
533	2	rocksdb	debian-gcc	6095832	2419136960	2474898	3012129	107574764	335107671	NA	0
534	2	rocksdb	debian-gcc	2984887	2422121847	2474950	3012129	107716923	335583888	NA	0
535	2	rocksdb	debian-gcc	5636764	2427758611	2475002	3012129	107948324	336313757	NA	0
536	2	rocksdb	debian-gcc	6080195	2433838806	2475054	3012129	108201791	337128253	NA	0
537	2	rocksdb	debian-gcc	5468497	2439307303	2475106	3012129	108422578	337826578	NA	0
538	2	rocksdb	debian-gcc	3011694	2442318997	2475158	3012129	108564753	338300783	NA	0
539	2	rocksdb	debian-gcc	2814067	2445133064	2475210	3012129	108698626	338747553	NA	0
540	2	rocksdb	debian-gcc	3929282	2449062346	2475262	3012129	108883612	339349170	NA	0
541	2	rocksdb	debian-gcc	4768533	2453830879	2475314	3012129	109069655	339924723	NA	0
542	2	rocksdb	debian-gcc	6349605	2460180484	2475366	3012129	109340072	340792088	NA	0
543	2	rocksdb	debian-gcc	5649181	2465829665	2475418	3012129	109572497	341525022	NA	0
544	2	rocksdb	debian-gcc	6341715	2472171380	2475470	3012129	109843028	342395902	NA	0
545	2	rocksdb	debian-gcc	5973766	2478145146	2475522	3012129	110093465	343196657	NA	0
546	2	rocksdb	debian-gcc	5455674	2483600820	2475574	3012129	110316435	343895519	NA	0
547	2	rocksdb	debian-gcc	5763789	2489364609	2475626	3012129	110557094	344653917	NA	0
548	2	rocksdb	debian-gcc	5450554	2494815163	2475678	3012129	110779697	345351927	NA	0
549	2	rocksdb	debian-gcc	5548775	2500363938	2475730	3012129	111006738	346067803	NA	0
550	2	rocksdb	debian-gcc	5557042	2505920980	2475782	3012129	111235550	346786207	NA	0
551	2	rocksdb	debian-gcc	6610625	2512531605	2475834	3012129	111518684	347705905	NA	0
552	2	rocksdb	debian-gcc	5989198	2518520803	2475886	3012129	111771570	348505352	NA	0
553	2	rocksdb	debian-gcc	3110341	2521631144	2475938	3012129	111918511	348997120	NA	0
554	2	rocksdb	debian-gcc	2810873	2524442017	2475990	3012129	112050102	349435059	NA	0
555	2	rocksdb	debian-gcc	2685871	2527127888	2476042	3012129	112176600	349854225	NA	0
556	2	rocksdb	debian-gcc	2744583	2529872471	2476094	3012129	112305213	350281941	NA	0
557	2	rocksdb	debian-gcc	5045484	2534917955	2476146	3012129	112508014	350911639	NA	0
558	2	rocksdb	debian-gcc	3725819	2538643774	2476198	3012129	112681538	351476681	NA	0
559	2	rocksdb	debian-gcc	1712293	2540356067	2476250	3012129	112764431	351741719	NA	0
560	2	rocksdb	debian-gcc	3094744	2543450811	2476302	3012129	112910288	352230536	NA	0
561	2	rocksdb	debian-gcc	2494774	2545945585	2476354	3012129	113028817	352625354	NA	0
562	2	rocksdb	debian-gcc	6165328	2552110913	2476406	3012129	113289992	353456423	NA	0
563	2	rocksdb	debian-gcc	6149554	2558260467	2476458	3012129	113550393	354285979	NA	0
564	2	rocksdb	debian-gcc	6179837	2564440304	2476510	3012129	113812535	355120186	NA	0
565	2	rocksdb	debian-gcc	6133106	2570573410	2476562	3012129	114071963	355945915	NA	0
566	2	rocksdb	debian-gcc	6106870	2576680280	2476614	3012129	114330123	356767740	NA	0
567	2	rocksdb	debian-gcc	6598878	2583279158	2476666	3012129	114613614	357686185	NA	0
568	2	rocksdb	debian-gcc	2589026	2585868184	2476718	3012129	114729953	358074939	NA	0
569	2	rocksdb	debian-gcc	2387857	2588256041	2476770	3012129	114839060	358437176	NA	0
570	2	rocksdb	debian-gcc	6597552	2594853593	2476822	3012129	115122094	359354980	NA	0
571	2	rocksdb	debian-gcc	5408432	2600262025	2476874	3012129	115342621	360049358	NA	0
572	2	rocksdb	debian-gcc	4910513	2605172538	2476926	3012129	115538202	360652637	NA	0
573	2	rocksdb	debian-gcc	5019283	2610191821	2476978	3012129	115733450	361254378	NA	0
574	2	rocksdb	debian-gcc	1325064	2611516885	2477030	3012129	115797158	361460784	NA	0
575	2	rocksdb	debian-gcc	6601900	2618118785	2477082	3012129	116080938	362378996	NA	0
576	2	rocksdb	debian-gcc	5492533	2623611318	2477134	3012129	116305789	363089120	NA	0
577	2	rocksdb	debian-gcc	2191798	2625803116	2477186	3012129	116407581	363428093	NA	0
578	2	rocksdb	debian-gcc	2424431	2628227547	2477238	3012129	116522159	363809825	NA	0
579	2	rocksdb	debian-gcc	2852690	2631080237	2477290	3012129	116658841	364265781	NA	0
580	2	rocksdb	debian-gcc	2847723	2633927960	2477342	3012129	116794831	364721048	NA	0
581	2	rocksdb	debian-gcc	5907048	2639835008	2477394	3012129	117040703	365491927	NA	0
582	2	rocksdb	debian-gcc	3119060	2642954068	2477446	3012129	117187403	365986316	NA	0
583	2	rocksdb	debian-gcc	2902001	2645856069	2477498	3012129	117325710	366451319	NA	0
584	2	rocksdb	debian-gcc	3132530	2648988599	2477550	3012129	117474401	366948992	NA	0
585	2	rocksdb	debian-gcc	1942332	2650930931	2477602	3012129	117564289	367247893	NA	0
586	2	rocksdb	debian-gcc	5592839	2656523770	2477654	3012129	117792924	367975975	NA	0
587	2	rocksdb	debian-gcc	5823473	2662347243	2477706	3012129	118035527	368745324	NA	0
588	2	rocksdb	debian-gcc	6035320	2668382563	2477758	3012129	118288695	369557084	NA	0
589	2	rocksdb	debian-gcc	762861	2669145424	2477810	3012129	118324304	369675307	NA	0
590	2	rocksdb	debian-gcc	1023	2669146447	2477861	3012129	118324379	369675701	NA	0
591	2	rocksdb	debian-gcc	5988280	2675134727	2477913	3012129	118575919	370477273	NA	0
592	2	rocksdb	debian-gcc	6049754	2681184481	2477965	3012129	118831062	371289667	NA	0
593	2	rocksdb	debian-gcc	5845113	2687029594	2478017	3012129	119074831	372062056	NA	0
594	2	rocksdb	debian-gcc	6660222	2693689816	2478069	3012129	119359125	372985774	NA	0
595	2	rocksdb	debian-gcc	6625875	2700315691	2478121	3012129	119639715	373904698	NA	0
596	2	rocksdb	debian-gcc	6102313	2706418004	2478173	3012129	119896900	374723170	NA	0
597	2	rocksdb	debian-gcc	5757799	2712175803	2478225	3012129	120138166	375480924	NA	0
598	2	rocksdb	debian-gcc	6791980	2718967783	2478277	3012129	120429682	376428833	NA	0
599	2	rocksdb	debian-gcc	5364628	2724332411	2478329	3012129	120646390	377117282	NA	0
600	2	rocksdb	debian-gcc	6043924	2730376335	2478381	3012129	120900489	377928518	NA	0
601	2	rocksdb	debian-gcc	6045977	2736422312	2478433	3012129	121155470	378740880	NA	0
602	2	rocksdb	debian-gcc	5281331	2741703643	2478485	3012129	121368452	379411122	NA	0
603	2	rocksdb	debian-gcc	1937087	2743640730	2478537	3012129	121458609	379709662	NA	0
604	2	rocksdb	debian-gcc	2909693	2746550423	2478589	3012129	121596281	380169105	NA	0
605	2	rocksdb	debian-gcc	6049866	2752600289	2478641	3012129	121849767	380979154	NA	0
606	2	rocksdb	debian-gcc	6248891	2758849180	2478693	3012129	122113302	381826608	NA	0
607	2	rocksdb	debian-gcc	6075925	2764925105	2478745	3012129	122368947	382643984	NA	0
608	2	rocksdb	debian-gcc	6064015	2770989120	2478797	3012129	122621809	383455895	NA	0
609	2	rocksdb	debian-gcc	6466824	2777455944	2478849	3012129	122898291	384349278	NA	0
610	2	rocksdb	debian-gcc	6028649	2783484593	2478901	3012129	123153102	385155398	NA	0
611	2	rocksdb	debian-gcc	6048193	2789532786	2478953	3012129	123408184	385967776	NA	0
612	2	rocksdb	debian-gcc	5736258	2795269044	2479005	3012129	123645696	386721061	NA	0
613	2	rocksdb	debian-gcc	6119504	2801388548	2479057	3012129	123903052	387544029	NA	0
614	2	rocksdb	debian-gcc	6051919	2807440467	2479109	3012129	124158386	388357480	NA	0
615	2	rocksdb	debian-gcc	6062946	2813503413	2479161	3012129	124414215	389172570	NA	0
616	2	rocksdb	debian-gcc	5747002	2819250415	2479213	3012129	124654291	389931546	NA	0
617	2	rocksdb	debian-gcc	6045783	2825296198	2479265	3012129	124907672	390740941	NA	0
618	2	rocksdb	debian-gcc	6066659	2831362857	2479317	3012129	125163623	391555782	NA	0
619	2	rocksdb	debian-gcc	6375001	2837737858	2479369	3012129	125433737	392429357	NA	0
620	2	rocksdb	debian-gcc	6041354	2843779212	2479421	3012129	125688668	393242606	NA	0
621	2	rocksdb	debian-gcc	6369147	2850148359	2479473	3012129	125959868	394117204	NA	0
622	2	rocksdb	debian-gcc	6408886	2856557245	2479525	3012129	126234141	394999249	NA	0
623	2	rocksdb	debian-gcc	6094451	2862651696	2479577	3012129	126489636	395816460	NA	0
624	2	rocksdb	debian-gcc	6078250	2868729946	2479629	3012129	126747267	396633745	NA	0
625	2	rocksdb	debian-gcc	5753241	2874483187	2479681	3012129	126987169	397391526	NA	0
626	2	rocksdb	debian-gcc	6678104	2881161291	2479733	3012129	127275919	398320055	NA	0
627	2	rocksdb	debian-gcc	6363269	2887524560	2479785	3012129	127547494	399189490	NA	0
628	2	rocksdb	debian-gcc	6417500	2893942060	2479837	3012129	127820162	400073724	NA	0
629	2	rocksdb	debian-gcc	6044794	2899986854	2479889	3012129	128075345	400882276	NA	0
630	2	rocksdb	debian-gcc	5501544	2905488398	2479941	3012129	128300187	401594506	NA	0
631	2	rocksdb	debian-gcc	6400162	2911888560	2479993	3012129	128572340	402473807	NA	0
632	2	rocksdb	debian-gcc	6096830	2917985390	2480045	3012129	128827868	403297739	NA	0
633	2	rocksdb	debian-gcc	5573930	2923559320	2480097	3012129	129058386	404023678	NA	0
634	2	rocksdb	debian-gcc	5998962	2929558282	2480149	3307988	129311684	404828717	NA	1
635	2	rocksdb	debian-gcc	6449044	2936007326	2480201	3307988	129585603	405719866	NA	0
636	2	rocksdb	debian-gcc	6495609	2942502935	2480253	3307988	129863407	406615883	NA	0
637	2	rocksdb	debian-gcc	6647442	2949150377	2480305	3307988	130150357	407544639	NA	0
638	2	rocksdb	debian-gcc	6642706	2955793083	2480357	3307988	130435776	408472067	NA	0
639	2	rocksdb	debian-gcc	3107627	2958900710	2480409	3307988	130582544	408965578	NA	0
640	2	rocksdb	debian-gcc	5757413	2964658123	2480461	3307988	130819680	409718171	NA	0
641	2	rocksdb	debian-gcc	5817191	2970475314	2480513	3307988	131060396	410488666	NA	0
642	2	rocksdb	debian-gcc	2069091	2972544405	2480565	3307988	131156558	410810086	NA	0
643	2	rocksdb	debian-gcc	5578892	2978123297	2480617	3307988	131387012	411536611	NA	0
644	2	rocksdb	debian-gcc	5572968	2983696265	2480669	3307988	131617090	412261343	NA	0
645	2	rocksdb	debian-gcc	6215219	2989911484	2480721	3307988	131878721	413103780	NA	0
646	2	rocksdb	debian-gcc	5548964	2995460448	2480773	3307988	132106211	413822396	NA	0
647	2	rocksdb	debian-gcc	266	2995460714	2480824	3307988	132106231	413822534	NA	0
648	2	rocksdb	debian-gcc	3029290	2998490004	2480876	3307988	132249428	414301598	NA	0
649	2	rocksdb	debian-gcc	214	2998490218	2480927	3307988	132249448	414301723	NA	0
650	2	rocksdb	debian-gcc	6999728	3005489946	2480979	3307988	132550639	415287555	NA	0
651	2	rocksdb	debian-gcc	3109365	3008599311	2481031	3307988	132697400	415779231	NA	0
652	2	rocksdb	debian-gcc	6478734	3015078045	2481083	3307988	132973622	416669942	NA	0
653	2	rocksdb	debian-gcc	210	3015078255	2481134	3307988	132973642	416670068	NA	0
654	2	rocksdb	debian-gcc	6615348	3021693603	2481186	3307988	133258432	417587799	NA	0
655	2	rocksdb	debian-gcc	6603710	3028297313	2481238	3307988	133542568	418503474	NA	0
656	2	rocksdb	debian-gcc	2842299	3031139612	2481290	3307988	133678100	418957448	NA	0
657	2	rocksdb	debian-gcc	1449186	3032588798	2481342	3307988	133750547	419188489	NA	0
658	2	rocksdb	debian-gcc	2843831	3035432629	2481394	3307988	133886440	419642858	NA	0
659	2	rocksdb	debian-gcc	6615339	3042047968	2481446	3307988	134170077	420564278	NA	0
660	2	rocksdb	debian-gcc	204	3042048172	2481497	3307988	134170097	420564404	NA	0
661	2	rocksdb	debian-gcc	5305403	3047353575	2481549	3307988	134384815	421241535	NA	0
662	2	rocksdb	debian-gcc	928024	3048281599	2481601	3307988	134427251	421383398	NA	0
663	2	rocksdb	debian-gcc	2177085	3050458684	2481653	3307988	134526384	421714273	NA	0
664	2	rocksdb	debian-gcc	721579	3051180263	2481705	3307988	134559857	421825480	NA	0
665	2	rocksdb	debian-gcc	5500255	3056680518	2481757	3307988	134786064	422536831	NA	0
666	2	rocksdb	debian-gcc	3216993	3059897511	2481809	3307988	134937525	423046557	NA	0
667	2	rocksdb	debian-gcc	3534908	3063432419	2481861	3307988	135101522	423579563	NA	0
668	2	rocksdb	debian-gcc	5374837	3068807256	2481913	3307988	135316859	424264047	NA	0
669	2	rocksdb	debian-gcc	2117317	3070924573	2481965	3307988	135415356	424591963	NA	0
670	2	rocksdb	debian-gcc	323	3070924896	2482016	3307988	135415391	424592107	NA	0
671	2	rocksdb	debian-gcc	3735532	3074660428	2482068	3307988	135554808	425024830	NA	0
672	2	rocksdb	debian-gcc	3917760	3078578188	2482120	3307988	135707103	425491393	NA	0
673	2	rocksdb	debian-gcc	5486950	3084065138	2482172	3307988	135932472	426200769	NA	0
674	2	rocksdb	debian-gcc	3719671	3087784809	2482224	3307988	136072695	426632503	NA	0
675	2	rocksdb	debian-gcc	6086889	3093871698	2482276	3307988	136328189	427450555	NA	0
676	2	rocksdb	debian-gcc	748905	3094620603	2482328	3307988	136362951	427565849	NA	0
677	2	rocksdb	debian-gcc	2793207	3097413810	2482380	3307988	136485874	427973938	NA	0
678	2	rocksdb	debian-gcc	5457965	3102871775	2482432	3307988	136709653	428675760	NA	0
679	2	rocksdb	debian-gcc	728702	3103600477	2482484	3307988	136739439	428779524	NA	0
680	2	rocksdb	debian-gcc	3076445	3106676922	2482536	3307988	136884023	429265334	NA	0
681	2	rocksdb	debian-gcc	4894956	3111571878	2482588	3307988	137086437	429893351	NA	0
682	2	rocksdb	debian-gcc	1542364	3113114242	2482640	3307988	137161334	430135525	NA	0
683	2	rocksdb	debian-gcc	2120600	3115234842	2482692	3307988	137260333	430464499	NA	0
684	2	rocksdb	debian-gcc	2336144	3117570986	2482744	3307988	137364222	430812626	NA	0
685	2	rocksdb	debian-gcc	2206267	3119777253	2482796	3307988	137466652	431154065	NA	0
686	2	rocksdb	debian-gcc	3109129	3122886382	2482848	3307988	137613577	431646320	NA	0
687	2	rocksdb	debian-gcc	5533936	3128420318	2482900	3307988	137841206	432363141	NA	0
688	2	rocksdb	debian-gcc	1967733	3130388051	2482952	3307988	137934190	432671228	NA	0
689	2	rocksdb	debian-gcc	1975065	3132363116	2483004	3307988	137992910	432836324	NA	0
690	2	rocksdb	debian-gcc	3158838	3135521954	2483056	3307988	138142244	433336558	NA	0
691	2	rocksdb	debian-gcc	6214673	3141736627	2483108	3307988	138403791	434176482	NA	0
692	2	rocksdb	debian-gcc	6060845	3147797472	2483160	3307988	138657620	434991067	NA	0
693	2	rocksdb	debian-gcc	6707973	3154505445	2483212	3307988	138946596	435928809	NA	0
694	2	rocksdb	debian-gcc	6684667	3161190112	2483264	3307988	139232891	436863094	NA	0
695	2	rocksdb	debian-gcc	6898864	3168088976	2483316	3307988	139530303	437834280	NA	0
696	2	rocksdb	debian-gcc	6684663	3174773639	2483368	3307988	139815646	438769179	NA	0
697	2	rocksdb	debian-gcc	5846836	3180620475	2483420	3307988	140059777	439543170	NA	0
698	2	rocksdb	debian-gcc	6694627	3187315102	2483472	3307988	140347637	440479001	NA	0
699	2	rocksdb	debian-gcc	6028882	3193343984	2483524	3307988	140601806	441288283	NA	0
700	2	rocksdb	debian-gcc	6215810	3199559794	2483576	3307988	140865312	442131184	NA	0
701	2	rocksdb	debian-gcc	2995589	3202555383	2483628	3307988	141008876	442613003	NA	0
702	2	rocksdb	debian-gcc	2547761	3205103144	2483680	3307988	141125676	442999625	NA	0
703	2	rocksdb	debian-gcc	2971665	3208074809	2483732	3307988	141267733	443475425	NA	0
704	2	rocksdb	debian-gcc	6693411	3214768220	2483784	3307988	141554939	444411322	NA	0
705	2	rocksdb	debian-gcc	2914209	3217682429	2483836	3307988	141693993	444878118	NA	0
706	2	rocksdb	debian-gcc	2946110	3220628539	2483888	3307988	141834705	445350155	NA	0
707	2	rocksdb	debian-gcc	1883727	3222512266	2483940	3307988	141923460	445643069	NA	0
708	2	rocksdb	debian-gcc	2974772	3225487038	2483992	3307988	142064908	446117574	NA	0
709	2	rocksdb	debian-gcc	6641488	3232128526	2484044	3307988	142348445	447044193	NA	0
710	2	rocksdb	debian-gcc	2334626	3234463152	2484096	3307988	142454348	447396234	NA	0
711	2	rocksdb	debian-gcc	5386919	3239850071	2484148	3307988	142670903	448082520	NA	0
712	2	rocksdb	debian-gcc	3656351	3243506422	2484200	3307988	142841558	448635726	NA	0
713	2	rocksdb	debian-gcc	3905281	3247411703	2484252	3307988	143023563	449230879	NA	0
714	2	rocksdb	debian-gcc	3556056	3250967759	2484304	3307988	143188647	449769504	NA	0
715	2	rocksdb	debian-gcc	2902646	3253870405	2484356	3307988	143325481	450226842	NA	0
716	2	rocksdb	debian-gcc	6597141	3260467546	2484408	3307988	143608464	451145869	NA	0
717	2	rocksdb	debian-gcc	3146084	3263613630	2484460	3307988	143757489	451643202	NA	0
718	2	rocksdb	debian-gcc	2581159	3266194789	2484512	3307988	143877426	452043418	NA	0
719	2	rocksdb	debian-gcc	1906016	3268100805	2484564	3307988	143966850	452341118	NA	0
720	2	rocksdb	debian-gcc	1907466	3270008271	2484616	3307988	144056331	452638932	NA	0
721	2	rocksdb	debian-gcc	1907129	3271915400	2484668	3307988	144146046	452937148	NA	0
722	2	rocksdb	debian-gcc	2965797	3274881197	2484720	3307988	144287804	453411903	NA	0
723	2	rocksdb	debian-gcc	2967689	3277848886	2484772	3307988	144429614	453886824	NA	0
724	2	rocksdb	debian-gcc	2581384	3280430270	2484824	3307988	144549954	454287126	NA	0
725	2	rocksdb	debian-gcc	2281305	3282711575	2484876	3307988	144655782	454643111	NA	0
726	2	rocksdb	debian-gcc	2844835	3285556410	2484928	3307988	144792054	455098264	NA	0
727	2	rocksdb	debian-gcc	3177577	3288733987	2484980	3307988	144942218	455602610	NA	0
728	2	rocksdb	debian-gcc	5635360	3294369347	2485032	3307988	145175966	456336457	NA	0
729	2	rocksdb	debian-gcc	5613759	3299983106	2485084	3307988	145407539	457065413	NA	0
730	2	rocksdb	debian-gcc	5589145	3305572251	2485136	3307988	145637905	457790356	NA	0
731	2	rocksdb	debian-gcc	2386824	3307959075	2485188	3307988	145750549	458164179	NA	0
732	2	rocksdb	debian-gcc	3379888	3311338963	2485240	3307988	145907058	458669114	NA	0
733	2	rocksdb	debian-gcc	2718785	3314057748	2485292	3307988	146036658	459102589	NA	0
734	2	rocksdb	debian-gcc	2906374	3316964122	2485344	3307988	146173868	459560560	NA	0
735	2	rocksdb	debian-gcc	5477054	3322441176	2485396	3307988	146397980	460268540	NA	0
736	2	rocksdb	debian-gcc	6071556	3328512732	2485448	3307988	146652880	461087273	NA	0
737	2	rocksdb	debian-gcc	5614595	3334127327	2485500	3307988	146884363	461818084	NA	0
738	2	rocksdb	debian-gcc	2918279	3337045606	2485552	3307988	147023362	462284739	NA	0
739	2	rocksdb	debian-gcc	5967406	3343013012	2485604	3307988	147271655	463082074	NA	0
740	2	rocksdb	debian-gcc	3133571	3346146583	2485656	3307988	147417461	463574495	NA	0
741	2	rocksdb	debian-gcc	5683344	3351829927	2485708	3307988	147649989	464315723	NA	0
742	2	rocksdb	debian-gcc	2896667	3354726594	2485760	3307988	147788026	464778084	NA	0
743	2	rocksdb	debian-gcc	6803580	3361530174	2485812	3307988	148081821	465729501	NA	0
744	2	rocksdb	debian-gcc	6903782	3368433956	2485864	3307988	148379902	466697718	NA	0
745	2	rocksdb	debian-gcc	5833707	3374267663	2485916	3307988	148620204	467462454	NA	0
746	2	rocksdb	debian-gcc	6683385	3380951048	2485968	4171853	148906615	468393334	NA	1
747	2	rocksdb	debian-gcc	6689174	3387640222	2486020	4171853	149193684	469327552	NA	0
748	2	rocksdb	debian-gcc	6811099	3394451321	2486072	4171853	149486485	470280853	NA	0
749	2	rocksdb	debian-gcc	6857673	3401308994	2486124	4171853	149780534	471240198	NA	0
750	2	rocksdb	debian-gcc	6790841	3408099835	2486176	4171853	150069830	472191025	NA	0
751	2	rocksdb	debian-gcc	6727573	3414827408	2486228	4171853	150359852	473125897	NA	0
752	2	rocksdb	debian-gcc	1689540	3416516948	2486280	4171853	150441940	473390259	NA	0
753	2	rocksdb	debian-gcc	6657022	3423173970	2486332	4171853	150730102	474317079	NA	0
754	2	rocksdb	debian-gcc	6812913	3429986883	2486384	4171853	151022990	475270874	NA	0
755	2	rocksdb	debian-gcc	6838184	3436825067	2486436	4171853	151316907	476227741	NA	0
756	2	rocksdb	debian-gcc	6869042	3443694109	2486488	4171853	151612413	477191219	NA	0
757	2	rocksdb	debian-gcc	6820806	3450514915	2486540	4171853	151905395	478145726	NA	0
758	2	rocksdb	debian-gcc	3803540	3454318455	2486592	4171853	152052707	478593058	NA	0
759	2	rocksdb	debian-gcc	3900426	3458218881	2486644	4171853	152203744	479055151	NA	0
760	2	rocksdb	debian-gcc	5402093	3463620974	2486696	4171853	152425221	479750735	NA	0
761	2	rocksdb	debian-gcc	4956050	3468577024	2486748	4171853	152623547	480363155	NA	0
762	2	rocksdb	debian-gcc	6709015	3475286039	2486800	4171853	152911803	481298948	NA	0
763	2	rocksdb	debian-gcc	2870620	3478156659	2486852	4171853	153048957	481758666	NA	0
764	2	rocksdb	debian-gcc	6671328	3484827987	2486904	4171853	153335860	482688670	NA	0
765	2	rocksdb	debian-gcc	6662401	3491490388	2486956	4171853	153623114	483615449	NA	0
766	2	rocksdb	debian-gcc	761127	3492251515	2487008	4171853	153658069	483733887	NA	0
767	2	rocksdb	debian-gcc	265266	3492516781	2487060	4171853	153669498	483776798	NA	0
768	2	rocksdb	debian-gcc	3036517	3495553298	2487112	4171853	153814085	484260892	NA	0
769	2	rocksdb	debian-gcc	3051884	3498605182	2487164	4171853	153958915	484749036	NA	0
770	2	rocksdb	debian-gcc	3037777	3501642959	2487216	4171853	154103368	485233323	NA	0
771	2	rocksdb	debian-gcc	266986	3501909945	2487268	4171853	154114955	485276793	NA	0
772	2	rocksdb	debian-gcc	768777	3502678722	2487320	4171853	154150418	485396644	NA	0
773	2	rocksdb	debian-gcc	741537	3503420259	2487372	4171853	154184091	485511265	NA	0
774	2	rocksdb	debian-gcc	1317046	3504737305	2487424	4171853	154246567	485715008	NA	0
775	2	rocksdb	debian-gcc	281859	3505019164	2487476	4171853	154257980	485759146	NA	0
776	2	rocksdb	debian-gcc	259874	3505279038	2487528	4171853	154269218	485800822	NA	0
777	2	rocksdb	debian-gcc	874777	3506153815	2487580	4171853	154308820	485932270	NA	0
778	2	rocksdb	debian-gcc	1788708	3507942523	2487632	4171853	154393058	486211364	NA	0
779	2	rocksdb	debian-gcc	5548108	3513490631	2487684	4171853	154618771	486927324	NA	0
780	2	rocksdb	debian-gcc	5612393	3519103024	2487736	4171853	154848597	487654052	NA	0
781	2	rocksdb	debian-gcc	5496460	3524599484	2487788	4171853	155072584	488361867	NA	0
782	2	rocksdb	debian-gcc	2163492	3526762976	2487840	4171853	155173498	488699123	NA	0
783	2	rocksdb	debian-gcc	2972444	3529735420	2487892	4171853	155304489	489132629	NA	0
784	2	rocksdb	debian-gcc	3559646	3533295066	2487944	4171853	155462202	489644914	NA	0
785	2	rocksdb	debian-gcc	3511208	3536806274	2487996	4171853	155618102	490146351	NA	0
786	2	rocksdb	debian-gcc	5366574	3542172848	2488048	4171853	155835766	490830451	NA	0
787	2	rocksdb	debian-gcc	26762	3542199610	2488100	4171853	155836890	490835456	NA	0
788	2	rocksdb	debian-gcc	2951555	3545151165	2488152	4171853	155978263	491307711	NA	0
789	2	rocksdb	debian-gcc	198	3545151363	2488203	4171853	155978283	491307833	NA	0
790	2	rocksdb	debian-gcc	26783	3545178146	2488255	4171853	155979407	491312841	NA	0
791	2	rocksdb	debian-gcc	204	3545178350	2488306	4171853	155979427	491312963	NA	0
792	2	rocksdb	debian-gcc	26846	3545205196	2488358	4171853	155980551	491317976	NA	0
793	2	rocksdb	debian-gcc	26809	3545232005	2488410	4171853	155981678	491322993	NA	0
794	2	rocksdb	debian-gcc	26779	3545258784	2488462	4171853	155982805	491328009	NA	0
795	2	rocksdb	debian-gcc	26723	3545285507	2488514	4171853	155983932	491333002	NA	0
796	2	rocksdb	debian-gcc	26965	3545312472	2488566	4171853	155985051	491338009	NA	0
797	2	rocksdb	debian-gcc	26938	3545339410	2488618	4171853	155986178	491343042	NA	0
798	2	rocksdb	debian-gcc	270	3545339680	2488669	4171853	155986198	491343186	NA	0
799	2	rocksdb	debian-gcc	26983	3545366663	2488721	4171853	155987325	491348212	NA	0
800	2	rocksdb	debian-gcc	26755	3545393418	2488773	4171853	155988452	491353222	NA	0
801	2	rocksdb	debian-gcc	3518890	3548912308	2488825	4171853	156135330	491843247	NA	0
802	2	rocksdb	debian-gcc	2709399	3551621707	2488877	4171853	156264792	492274703	NA	0
803	2	rocksdb	debian-gcc	2832584	3554454291	2488929	4171853	156400519	492727717	NA	0
804	2	rocksdb	debian-gcc	3029671	3557483962	2488981	4171853	156543952	493206247	NA	0
805	2	rocksdb	debian-gcc	26792	3557510754	2489033	4171853	156545077	493211257	NA	0
806	2	rocksdb	debian-gcc	26755	3557537509	2489085	4171853	156546204	493216267	NA	0
807	2	rocksdb	debian-gcc	26778	3557564287	2489137	4171853	156547331	493221283	NA	0
808	2	rocksdb	debian-gcc	26790	3557591077	2489189	4171853	156548457	493226301	NA	0
809	2	rocksdb	debian-gcc	226	3557591303	2489240	4171853	156548477	493226428	NA	0
810	2	rocksdb	debian-gcc	232	3557591535	2489291	4171853	156548497	493226560	NA	0
811	2	rocksdb	debian-gcc	26833	3557618368	2489343	4171853	156549622	493231573	NA	0
812	2	rocksdb	debian-gcc	246	3557618614	2489394	4171853	156549642	493231705	NA	0
813	2	rocksdb	debian-gcc	6024341	3563642955	2489409	4171853	156802342	494038023	NA	0
814	2	rocksdb	debian-gcc	222	3563643177	2489460	4171853	156802362	494038147	NA	0
815	2	rocksdb	debian-gcc	416	3563643593	2489511	4171853	156802385	494038302	NA	0
816	2	rocksdb	debian-gcc	1468525	3565112118	2489563	4171853	156873457	494268983	NA	0
817	2	rocksdb	debian-gcc	2731242	3567843360	2489615	4171853	157004346	494704918	NA	0
818	2	rocksdb	debian-gcc	5473792	3573317152	2489667	4171853	157228510	495409444	NA	0
819	2	rocksdb	debian-gcc	234	3573317386	2489718	4171853	157228530	495409571	NA	0
820	2	rocksdb	debian-gcc	6119982	3579437368	2489770	4171853	157485654	496230484	NA	0
821	2	rocksdb	debian-gcc	248	3579437616	2489821	4171853	157485674	496230618	NA	0
822	2	rocksdb	debian-gcc	218	3579437834	2489872	4171853	157485694	496230738	NA	0
823	2	rocksdb	debian-gcc	918236	3580356070	2489924	4171853	157527670	496370502	NA	0
824	2	rocksdb	debian-gcc	218	3580356288	2489975	4171853	157527690	496370634	NA	0
825	2	rocksdb	debian-gcc	232	3580356520	2490026	4171853	157527710	496370764	NA	0
826	2	rocksdb	debian-gcc	4952898	3585309418	2490078	4171853	157723676	496982188	NA	0
827	2	rocksdb	debian-gcc	2834902	3588144320	2490130	4171853	157859375	497434778	NA	0
828	2	rocksdb	debian-gcc	2834911	3590979231	2490182	4171853	157995023	497887334	NA	0
829	2	rocksdb	debian-gcc	2836684	3593815915	2490234	4171853	158130341	498340687	NA	0
830	2	rocksdb	debian-gcc	328912	3594144827	2490286	4171853	158142421	498385436	NA	0
831	2	rocksdb	debian-gcc	2883593	3597028420	2490338	4171853	158280623	498845220	NA	0
832	2	rocksdb	debian-gcc	2890323	3599918743	2490390	4171853	158419226	499306745	NA	0
833	2	rocksdb	debian-gcc	2922616	3602841359	2490442	4171853	158558808	499774483	NA	0
834	2	rocksdb	debian-gcc	2862156	3605703515	2490494	4171853	158695730	500232506	NA	0
835	2	rocksdb	debian-gcc	2887615	3608591130	2490546	4171853	158834192	500694610	NA	0
836	3	rocksdb	debian-gcc	3161308	3611752438	2490561	4171853	158984420	501198399	NA	0
837	3	rocksdb	debian-gcc	2218362	3613970800	2490576	4171853	159087759	501544805	NA	0
838	3	rocksdb	debian-gcc	4731926	3618702726	2490591	4171853	159280933	502142859	NA	0
839	3	rocksdb	debian-gcc	2728457	3621431183	2490606	4171853	159410871	502578505	NA	0
840	3	rocksdb	debian-gcc	2956654	3624387837	2490621	4171853	159550375	503046124	NA	0
841	3	rocksdb	debian-gcc	2944113	3627331950	2490636	4171853	159689418	503510965	NA	0
842	3	rocksdb	debian-gcc	5508564	3632840514	2490651	4171853	159916291	504224087	NA	0
843	3	rocksdb	debian-gcc	5491161	3638331675	2490666	4171853	160140644	504935840	NA	0
844	3	rocksdb	debian-gcc	5395593	3643727268	2490681	4171853	160360472	505628531	NA	0
845	3	rocksdb	debian-gcc	2740913	3646468181	2490696	4171853	160491670	506067346	NA	0
846	3	rocksdb	debian-gcc	5367819	3651836000	2490711	4171853	160709466	506754909	NA	0
847	3	rocksdb	debian-gcc	4749353	3656585353	2490726	4171853	160902881	507357001	NA	0
848	3	rocksdb	debian-gcc	5285899	3661871252	2490741	4171853	161118315	508029385	NA	0
849	3	rocksdb	debian-gcc	6642887	3668514139	2490756	4171853	161401179	508955565	NA	0
850	3	rocksdb	debian-gcc	2920616	3671434755	2490771	4171853	161538612	509414802	NA	0
851	3	rocksdb	debian-gcc	2897869	3674332624	2490786	4171853	161675024	509869965	NA	0
852	3	rocksdb	debian-gcc	6332098	3680664722	2490801	4171853	161942759	510737643	NA	0
853	3	rocksdb	debian-gcc	2833184	3683497906	2490816	4171853	162075696	511180286	NA	0
854	3	rocksdb	debian-gcc	6395455	3689893361	2490831	4171853	162348183	512060392	NA	0
855	3	rocksdb	debian-gcc	5639248	3695532609	2490846	4171853	162580990	512795877	NA	0
856	3	rocksdb	debian-gcc	6398843	3701931452	2490861	4171853	162851911	513675195	NA	0
857	3	rocksdb	debian-gcc	2831329	3704762781	2490876	4171853	162984821	514117864	NA	0
858	3	rocksdb	debian-gcc	2720375	3707483156	2490891	4469549	163114693	514551244	NA	1
859	3	rocksdb	debian-gcc	5885148	3713368304	2490906	4469549	163360855	515331550	NA	0
860	3	rocksdb	debian-gcc	5483416	3718851720	2490921	4469549	163584499	516040141	NA	0
861	3	rocksdb	debian-gcc	5960090	3724811810	2490936	4469549	163836153	516837922	NA	0
862	3	rocksdb	debian-gcc	2904311	3727716121	2490951	4469549	163972884	517295393	NA	0
863	3	rocksdb	debian-gcc	5475226	3733191347	2490966	4469549	164196488	518000259	NA	0
864	3	rocksdb	debian-gcc	5962114	3739153461	2490981	4469549	164447495	518799162	NA	0
865	3	rocksdb	debian-gcc	5837010	3744990471	2490996	4469549	164690629	519568889	NA	0
866	3	rocksdb	debian-gcc	5750301	3750740772	2491011	4469549	164928188	520323832	NA	0
867	3	rocksdb	debian-gcc	5609891	3756350663	2491026	4469549	165158879	521051577	NA	0
868	3	rocksdb	debian-gcc	6420788	3762771451	2491041	4469549	165432356	521936062	NA	0
869	3	rocksdb	debian-gcc	4013096	3766784547	2491056	4469549	165622248	522553995	NA	0
870	3	rocksdb	debian-gcc	2921079	3769705626	2491071	4469549	165760339	523013314	NA	0
871	3	rocksdb	debian-gcc	6722897	3776428523	2491086	4469549	166049241	523954030	NA	0
872	3	rocksdb	debian-gcc	6346173	3782774696	2491101	4469549	166316858	524823014	NA	0
873	3	rocksdb	debian-gcc	6405487	3789180183	2491116	4469549	166588082	525701842	NA	0
874	3	rocksdb	debian-gcc	6365446	3795545629	2491131	4469549	166857712	526574034	NA	0
875	3	rocksdb	debian-gcc	6810377	3802356006	2491146	4469549	167151572	527526721	NA	0
876	3	rocksdb	debian-gcc	6344237	3808700243	2491161	4469549	167419795	528394602	NA	0
877	3	rocksdb	debian-gcc	6336886	3815037129	2491176	4469549	167688045	529261750	NA	0
878	3	rocksdb	debian-gcc	6389641	3821426770	2491191	4469549	167958456	530137258	NA	0
879	3	rocksdb	debian-gcc	6592301	3828019071	2491206	4469549	168240161	531041492	NA	0
880	3	rocksdb	debian-gcc	6382047	3834401118	2491221	4469549	168509453	531917076	NA	0
881	3	rocksdb	debian-gcc	6397890	3840799008	2491236	4469549	168781283	532796450	NA	0
882	3	rocksdb	debian-gcc	3070619	3843869627	2491251	4469549	168925667	533280677	NA	0
883	3	rocksdb	debian-gcc	6383925	3850253552	2491266	4469549	169197057	534157298	NA	0
884	3	rocksdb	debian-gcc	6606214	3856859766	2491281	4469549	169480494	535077081	NA	0
885	3	rocksdb	debian-gcc	304	3856860070	2491296	4469549	169480527	535077233	NA	0
886	3	rocksdb	debian-gcc	6615572	3863475642	2491311	4469549	169764113	535996526	NA	0
887	3	rocksdb	debian-gcc	6615335	3870090977	2491326	4469549	170048444	536917332	NA	0
888	3	rocksdb	debian-gcc	7042133	3877133110	2491341	4469549	170353905	537915728	NA	0
889	3	rocksdb	debian-gcc	6743667	3883876777	2491356	4469549	170643735	538856840	NA	0
890	3	rocksdb	debian-gcc	6818497	3890695274	2491371	4469549	170936642	539810675	NA	0
891	3	rocksdb	debian-gcc	6652719	3897347993	2491386	4469549	171222257	540738032	NA	0
892	3	rocksdb	debian-gcc	6681143	3904029136	2491401	4469549	171509629	541670974	NA	0
893	3	rocksdb	debian-gcc	6755276	3910784412	2491416	4469549	171800331	542618076	NA	0
894	3	rocksdb	debian-gcc	208	3910784620	2491431	4469549	171800351	542618198	NA	0
895	3	rocksdb	debian-gcc	6601371	3917385991	2491446	4469549	172084152	543537162	NA	0
896	3	rocksdb	debian-gcc	6660125	3924046116	2491461	4469549	172370576	544465795	NA	0
897	3	rocksdb	debian-gcc	6725871	3930771987	2491476	4469549	172659932	545407357	NA	0
898	3	rocksdb	debian-gcc	3005239	3933777226	2491491	4469549	172802083	545881913	NA	0
899	3	rocksdb	debian-gcc	6717825	3940495051	2491506	4469549	173091234	546821503	NA	0
900	3	rocksdb	debian-gcc	4968169	3945463220	2491521	4469549	173288040	547435771	NA	0
901	3	rocksdb	debian-gcc	6623892	3952087112	2491536	4469549	173573715	548354780	NA	0
902	3	rocksdb	debian-gcc	6223719	3958310831	2491551	4469549	173836823	549201606	NA	0
903	3	rocksdb	debian-gcc	6662916	3964973747	2491566	4469549	174123388	550133488	NA	0
904	3	rocksdb	debian-gcc	6673843	3971647590	2491581	4469549	174410610	551065236	NA	0
905	3	rocksdb	debian-gcc	5940034	3977587624	2491596	4469549	174660020	551856439	NA	0
906	3	rocksdb	debian-gcc	6677436	3984265060	2491611	4469549	174948884	552786524	NA	0
907	3	rocksdb	debian-gcc	6182680	3990447740	2491626	4469549	175209947	553625750	NA	0
908	3	rocksdb	debian-gcc	6665231	3997112971	2491641	4469549	175496548	554556096	NA	0
909	3	rocksdb	debian-gcc	6387615	4003500586	2491656	4469549	175768763	555434061	NA	0
910	3	rocksdb	debian-gcc	6701864	4010202450	2491671	4469549	176056170	556369351	NA	0
911	3	rocksdb	debian-gcc	1265809	4011468259	2491686	4469549	176115842	556564331	NA	0
912	3	rocksdb	debian-gcc	5777492	4017245751	2491701	4469549	176354608	557323165	NA	0
913	3	rocksdb	debian-gcc	6017311	4023263062	2491716	4469549	176609425	558129243	NA	0
914	3	rocksdb	debian-gcc	1319609	4024582671	2491731	4469549	176674133	558337525	NA	0
915	3	rocksdb	debian-gcc	2835522	4027418193	2491746	4469549	176809435	558791170	NA	0
916	3	rocksdb	debian-gcc	6199504	4033617697	2491761	4469549	177071410	559630502	NA	0
917	3	rocksdb	debian-gcc	6636686	4040254383	2491776	4469549	177357434	560552861	NA	0
918	3	rocksdb	debian-gcc	6074914	4046329297	2491791	4469549	177612919	561369865	NA	0
919	3	rocksdb	debian-gcc	2214568	4048543865	2491806	4469549	177715135	561708801	NA	0
920	3	rocksdb	debian-gcc	5563073	4054106938	2491821	4469549	177944215	562429346	NA	0
921	3	rocksdb	debian-gcc	4953985	4059060923	2491836	4469549	178140250	563041229	NA	0
922	3	rocksdb	debian-gcc	4955314	4064016237	2491851	4469549	178338158	563653567	NA	0
923	3	rocksdb	debian-gcc	6023676	4070039913	2491866	4469549	178592693	564459092	NA	0
924	3	rocksdb	debian-gcc	5765991	4075805904	2491881	4469549	178833880	565218093	NA	0
925	3	rocksdb	debian-gcc	6625921	4082431825	2491896	4469549	179118181	566143055	NA	0
926	3	rocksdb	debian-gcc	5975674	4088407499	2491911	4469549	179369967	566939486	NA	0
927	3	rocksdb	debian-gcc	2831854	4091239353	2491926	4469549	179506007	567392041	NA	0
928	3	rocksdb	debian-gcc	6201803	4097441156	2491941	4469549	179769090	568234130	NA	0
929	3	rocksdb	debian-gcc	4973485	4102414641	2491956	4469549	179967751	568849745	NA	0
930	3	rocksdb	debian-gcc	6182630	4108597271	2491971	4469549	180226683	569689023	NA	0
931	3	rocksdb	debian-gcc	6435941	4115033212	2491986	4469549	180501685	570571534	NA	0
932	3	rocksdb	debian-gcc	6353914	4121387126	2492001	4469549	180771467	571439973	NA	0
933	3	rocksdb	debian-gcc	6686404	4128073530	2492016	4469549	181060338	572370260	NA	0
934	3	rocksdb	debian-gcc	6963088	4135036618	2492031	4469549	181361111	573354382	NA	0
935	3	rocksdb	debian-gcc	6343519	4141380137	2492046	4469549	181629454	574222096	NA	0
936	3	rocksdb	debian-gcc	2834559	4144214696	2492061	4469549	181762584	574665873	NA	0
937	3	rocksdb	debian-gcc	6321629	4150536325	2492076	4469549	182031702	575532567	NA	0
938	3	rocksdb	debian-gcc	6333111	4156869436	2492091	4469549	182300252	576400232	NA	0
939	3	rocksdb	debian-gcc	5629191	4162498627	2492106	4469549	182532645	577133108	NA	0
940	3	rocksdb	debian-gcc	6326281	4168824908	2492121	4469549	182800303	577999378	NA	0
941	3	rocksdb	debian-gcc	5752627	4174577535	2492136	4469549	183040636	578757163	NA	0
942	3	rocksdb	debian-gcc	5473134	4180050669	2492151	4469549	183263828	579464016	NA	0
943	3	rocksdb	debian-gcc	5009341	4185060010	2492166	4469549	183464619	580085186	NA	0
944	3	rocksdb	debian-gcc	6730546	4191790556	2492181	4469549	183750750	581021794	NA	0
945	3	rocksdb	debian-gcc	1496362	4193286918	2492196	4469549	183825920	581261198	NA	0
946	3	rocksdb	debian-gcc	2481245	4195768163	2492211	4469549	183940399	581642190	NA	0
947	3	rocksdb	debian-gcc	6344901	4202113064	2492226	4469549	184209276	582511687	NA	0
948	3	rocksdb	debian-gcc	6207008	4208320072	2492241	4469549	184473112	583352712	NA	0
949	3	rocksdb	debian-gcc	6024341	4214344413	2492256	4469549	184725812	584159030	NA	0
950	3	rocksdb	debian-gcc	2992280	4217336693	2492271	4469549	184867557	584636426	NA	0
951	3	rocksdb	debian-gcc	6095832	4223432525	2492286	4469549	185121832	585454976	NA	0
952	3	rocksdb	debian-gcc	2984887	4226417412	2492301	4469549	185263991	585931193	NA	0
953	3	rocksdb	debian-gcc	5636764	4232054176	2492316	4469549	185495392	586661062	NA	0
954	3	rocksdb	debian-gcc	6080195	4238134371	2492331	4469549	185748859	587475558	NA	0
955	3	rocksdb	debian-gcc	5468497	4243602868	2492346	4918687	185969646	588173883	NA	1
956	3	rocksdb	debian-gcc	3011694	4246614562	2492361	4918687	186111821	588648088	NA	0
957	3	rocksdb	debian-gcc	2814067	4249428629	2492376	4918687	186245694	589094858	NA	0
958	3	rocksdb	debian-gcc	3929282	4253357911	2492391	4918687	186430680	589696475	NA	0
959	3	rocksdb	debian-gcc	4768533	4258126444	2492406	4918687	186616723	590272028	NA	0
960	3	rocksdb	debian-gcc	6349605	4264476049	2492421	4918687	186887140	591139393	NA	0
961	3	rocksdb	debian-gcc	5649181	4270125230	2492436	4918687	187119565	591872327	NA	0
962	3	rocksdb	debian-gcc	6341715	4276466945	2492451	4918687	187390096	592743207	NA	0
963	3	rocksdb	debian-gcc	5973766	4282440711	2492466	4918687	187640533	593543962	NA	0
964	3	rocksdb	debian-gcc	5455674	4287896385	2492481	4918687	187863503	594242824	NA	0
965	3	rocksdb	debian-gcc	5763789	4293660174	2492496	4918687	188104162	595001222	NA	0
966	3	rocksdb	debian-gcc	5450554	4299110728	2492511	4918687	188326765	595699232	NA	0
967	3	rocksdb	debian-gcc	5548775	4304659503	2492526	4918687	188553806	596415108	NA	0
968	3	rocksdb	debian-gcc	5557042	4310216545	2492541	4918687	188782618	597133512	NA	0
969	3	rocksdb	debian-gcc	6610625	4316827170	2492556	4918687	189065752	598053210	NA	0
970	3	rocksdb	debian-gcc	5989198	4322816368	2492571	4918687	189318638	598852657	NA	0
971	3	rocksdb	debian-gcc	3110341	4325926709	2492586	4918687	189465579	599344425	NA	0
972	3	rocksdb	debian-gcc	2810873	4328737582	2492601	4918687	189597170	599782364	NA	0
973	3	rocksdb	debian-gcc	2685871	4331423453	2492616	4918687	189723668	600201530	NA	0
974	3	rocksdb	debian-gcc	2744583	4334168036	2492631	4918687	189852281	600629246	NA	0
975	3	rocksdb	debian-gcc	5045484	4339213520	2492646	4918687	190055082	601258944	NA	0
976	3	rocksdb	debian-gcc	3725819	4342939339	2492661	4918687	190228606	601823986	NA	0
977	3	rocksdb	debian-gcc	1712293	4344651632	2492676	4918687	190311499	602089024	NA	0
978	3	rocksdb	debian-gcc	3094744	4347746376	2492691	4918687	190457356	602577841	NA	0
979	3	rocksdb	debian-gcc	2494774	4350241150	2492706	4918687	190575885	602972659	NA	0
980	3	rocksdb	debian-gcc	6165328	4356406478	2492721	4918687	190837060	603803728	NA	0
981	3	rocksdb	debian-gcc	6149554	4362556032	2492736	4918687	191097461	604633284	NA	0
982	3	rocksdb	debian-gcc	6179837	4368735869	2492751	4918687	191359603	605467491	NA	0
983	3	rocksdb	debian-gcc	6133106	4374868975	2492766	4918687	191619031	606293220	NA	0
984	3	rocksdb	debian-gcc	6106870	4380975845	2492781	4918687	191877191	607115045	NA	0
985	3	rocksdb	debian-gcc	6598878	4387574723	2492796	4918687	192160682	608033490	NA	0
986	3	rocksdb	debian-gcc	2589026	4390163749	2492811	4918687	192277021	608422244	NA	0
987	3	rocksdb	debian-gcc	2387857	4392551606	2492826	4918687	192386128	608784481	NA	0
988	3	rocksdb	debian-gcc	6597552	4399149158	2492841	4918687	192669162	609702285	NA	0
989	3	rocksdb	debian-gcc	5408432	4404557590	2492856	4918687	192889689	610396663	NA	0
990	3	rocksdb	debian-gcc	4910513	4409468103	2492871	4918687	193085270	610999942	NA	0
991	3	rocksdb	debian-gcc	5019283	4414487386	2492886	4918687	193280518	611601683	NA	0
992	3	rocksdb	debian-gcc	1325064	4415812450	2492901	4918687	193344226	611808089	NA	0
993	3	rocksdb	debian-gcc	6601900	4422414350	2492916	4918687	193628006	612726301	NA	0
994	3	rocksdb	debian-gcc	5492533	4427906883	2492931	4918687	193852857	613436425	NA	0
995	3	rocksdb	debian-gcc	2191798	4430098681	2492946	4918687	193954649	613775398	NA	0
996	3	rocksdb	debian-gcc	2424431	4432523112	2492961	4918687	194069227	614157130	NA	0
997	3	rocksdb	debian-gcc	2852690	4435375802	2492976	4918687	194205909	614613086	NA	0
998	3	rocksdb	debian-gcc	2847723	4438223525	2492991	4918687	194341899	615068353	NA	0
999	3	rocksdb	debian-gcc	5907048	4444130573	2493006	4918687	194587771	615839232	NA	0
1000	3	rocksdb	debian-gcc	3119060	4447249633	2493021	4918687	194734471	616333621	NA	0
1001	3	rocksdb	debian-gcc	2902001	4450151634	2493036	4918687	194872778	616798624	NA	0
1002	3	rocksdb	debian-gcc	3132530	4453284164	2493051	4918687	195021469	617296297	NA	0
1003	3	rocksdb	debian-gcc	1942332	4455226496	2493066	4918687	195111357	617595198	NA	0
1004	3	rocksdb	debian-gcc	5592839	4460819335	2493081	4918687	195339992	618323280	NA	0
1005	3	rocksdb	debian-gcc	5823473	4466642808	2493096	4918687	195582595	619092629	NA	0
1006	3	rocksdb	debian-gcc	6035320	4472678128	2493111	4918687	195835763	619904389	NA	0
1007	3	rocksdb	debian-gcc	762861	4473440989	2493126	4918687	195871372	620022612	NA	0
1008	3	rocksdb	debian-gcc	1023	4473442012	2493141	4918687	195871447	620023006	NA	0
1009	3	rocksdb	debian-gcc	5988280	4479430292	2493156	4918687	196122987	620824578	NA	0
1010	3	rocksdb	debian-gcc	6049754	4485480046	2493171	4918687	196378130	621636972	NA	0
1011	3	rocksdb	debian-gcc	5845113	4491325159	2493186	4918687	196621899	622409361	NA	0
1012	3	rocksdb	debian-gcc	6660222	4497985381	2493201	4918687	196906193	623333079	NA	0
1013	3	rocksdb	debian-gcc	6625875	4504611256	2493216	4918687	197186783	624252003	NA	0
1014	3	rocksdb	debian-gcc	6102313	4510713569	2493231	4918687	197443968	625070475	NA	0
1015	3	rocksdb	debian-gcc	5757799	4516471368	2493246	4918687	197685234	625828229	NA	0
1016	3	rocksdb	debian-gcc	6791980	4523263348	2493261	4918687	197976750	626776138	NA	0
1017	3	rocksdb	debian-gcc	5364628	4528627976	2493276	4918687	198193458	627464587	NA	0
1018	3	rocksdb	debian-gcc	6043924	4534671900	2493291	4918687	198447557	628275823	NA	0
1019	3	rocksdb	debian-gcc	6045977	4540717877	2493306	4918687	198702538	629088185	NA	0
1020	3	rocksdb	debian-gcc	5281331	4545999208	2493321	4918687	198915520	629758427	NA	0
1021	3	rocksdb	debian-gcc	1937087	4547936295	2493336	4918687	199005677	630056967	NA	0
1022	3	rocksdb	debian-gcc	2909693	4550845988	2493351	4918687	199143349	630516410	NA	0
1023	3	rocksdb	debian-gcc	6049866	4556895854	2493366	4918687	199396835	631326459	NA	0
1024	3	rocksdb	debian-gcc	6248891	4563144745	2493381	4918687	199660370	632173913	NA	0
1025	3	rocksdb	debian-gcc	6075925	4569220670	2493396	4918687	199916015	632991289	NA	0
1026	3	rocksdb	debian-gcc	6064015	4575284685	2493411	4918687	200168877	633803200	NA	0
1027	3	rocksdb	debian-gcc	6466824	4581751509	2493426	4918687	200445359	634696583	NA	0
1028	3	rocksdb	debian-gcc	6028649	4587780158	2493441	4918687	200700170	635502703	NA	0
1029	3	rocksdb	debian-gcc	6048193	4593828351	2493456	4918687	200955252	636315081	NA	0
1030	3	rocksdb	debian-gcc	5736258	4599564609	2493471	4918687	201192764	637068366	NA	0
1031	3	rocksdb	debian-gcc	6119504	4605684113	2493486	4918687	201450120	637891334	NA	0
1032	3	rocksdb	debian-gcc	6051919	4611736032	2493501	4918687	201705454	638704785	NA	0
1033	3	rocksdb	debian-gcc	6062946	4617798978	2493516	4918687	201961283	639519875	NA	0
1034	3	rocksdb	debian-gcc	5747002	4623545980	2493531	4918687	202201359	640278851	NA	0
1035	3	rocksdb	debian-gcc	6045783	4629591763	2493546	4918687	202454740	641088246	NA	0
1036	3	rocksdb	debian-gcc	6066659	4635658422	2493561	4918687	202710691	641903087	NA	0
1037	3	rocksdb	debian-gcc	6375001	4642033423	2493576	4918687	202980805	642776662	NA	0
1038	3	rocksdb	debian-gcc	6041354	4648074777	2493591	4918687	203235736	643589911	NA	0
1039	3	rocksdb	debian-gcc	6369147	4654443924	2493606	4918687	203506936	644464509	NA	0
1040	3	rocksdb	debian-gcc	6408886	4660852810	2493621	4918687	203781209	645346554	NA	0
1041	3	rocksdb	debian-gcc	6094451	4666947261	2493636	4918687	204036704	646163765	NA	0
1042	3	rocksdb	debian-gcc	6078250	4673025511	2493651	4918687	204294335	646981050	NA	0
1043	3	rocksdb	debian-gcc	5753241	4678778752	2493666	4918687	204534237	647738831	NA	0
1044	3	rocksdb	debian-gcc	6678104	4685456856	2493681	4918687	204822987	648667360	NA	0
1045	3	rocksdb	debian-gcc	6363269	4691820125	2493696	4918687	205094562	649536795	NA	0
1046	3	rocksdb	debian-gcc	6417500	4698237625	2493711	4918687	205367230	650421029	NA	0
1047	3	rocksdb	debian-gcc	6044794	4704282419	2493726	4918687	205622413	651229581	NA	0
1048	3	rocksdb	debian-gcc	5501544	4709783963	2493741	4918687	205847255	651941811	NA	0
1049	3	rocksdb	debian-gcc	6400162	4716184125	2493756	4918687	206119408	652821112	NA	0
1050	3	rocksdb	debian-gcc	6096830	4722280955	2493771	4918687	206374936	653645044	NA	0
1051	3	rocksdb	debian-gcc	5573930	4727854885	2493786	4918687	206605454	654370983	NA	0
1052	3	rocksdb	debian-gcc	5998962	4733853847	2493801	4918687	206858752	655176022	NA	0
1053	3	rocksdb	debian-gcc	6449044	4740302891	2493816	4918687	207132671	656067171	NA	0
1054	3	rocksdb	debian-gcc	6495609	4746798500	2493831	4918687	207410475	656963188	NA	0
1055	3	rocksdb	debian-gcc	6647442	4753445942	2493846	4918687	207697425	657891944	NA	0
1056	3	rocksdb	debian-gcc	6642706	4760088648	2493861	4918687	207982844	658819372	NA	0
1057	3	rocksdb	debian-gcc	3107627	4763196275	2493876	4918687	208129612	659312883	NA	0
1058	3	rocksdb	debian-gcc	5757413	4768953688	2493891	4918687	208366748	660065476	NA	0
1059	3	rocksdb	debian-gcc	5817191	4774770879	2493906	4918687	208607464	660835971	NA	0
1060	3	rocksdb	debian-gcc	2069091	4776839970	2493921	5707436	208703626	661157391	NA	1
1061	3	rocksdb	debian-gcc	5578892	4782418862	2493936	5707436	208934080	661883916	NA	0
1062	3	rocksdb	debian-gcc	5572968	4787991830	2493951	5707436	209164158	662608648	NA	0
1063	3	rocksdb	debian-gcc	6215219	4794207049	2493966	5707436	209425789	663451085	NA	0
1064	3	rocksdb	debian-gcc	5548964	4799756013	2493981	5707436	209653279	664169701	NA	0
1065	3	rocksdb	debian-gcc	266	4799756279	2493996	5707436	209653299	664169839	NA	0
1066	3	rocksdb	debian-gcc	3029290	4802785569	2494011	5707436	209796496	664648903	NA	0
1067	3	rocksdb	debian-gcc	214	4802785783	2494026	5707436	209796516	664649028	NA	0
1068	3	rocksdb	debian-gcc	6999728	4809785511	2494041	5707436	210097707	665634860	NA	0
1069	3	rocksdb	debian-gcc	3109365	4812894876	2494056	5707436	210244468	666126536	NA	0
1070	3	rocksdb	debian-gcc	6478734	4819373610	2494071	5707436	210520690	667017247	NA	0
1071	3	rocksdb	debian-gcc	210	4819373820	2494086	5707436	210520710	667017373	NA	0
1072	3	rocksdb	debian-gcc	6615348	4825989168	2494101	5707436	210805500	667935104	NA	0
1073	3	rocksdb	debian-gcc	6603710	4832592878	2494116	5707436	211089636	668850779	NA	0
1074	3	rocksdb	debian-gcc	2842299	4835435177	2494131	5707436	211225168	669304753	NA	0
1075	3	rocksdb	debian-gcc	1449186	4836884363	2494146	5707436	211297615	669535794	NA	0
1076	3	rocksdb	debian-gcc	2843831	4839728194	2494161	5707436	211433508	669990163	NA	0
1077	3	rocksdb	debian-gcc	6615339	4846343533	2494176	5707436	211717145	670911583	NA	0
1078	3	rocksdb	debian-gcc	204	4846343737	2494191	5707436	211717165	670911709	NA	0
1079	3	rocksdb	debian-gcc	5305403	4851649140	2494206	5707436	211931883	671588840	NA	0
1080	3	rocksdb	debian-gcc	928024	4852577164	2494221	5707436	211974319	671730703	NA	0
1081	3	rocksdb	debian-gcc	2177085	4854754249	2494236	5707436	212073452	672061578	NA	0
1082	3	rocksdb	debian-gcc	721579	4855475828	2494251	5707436	212106925	672172785	NA	0
1083	3	rocksdb	debian-gcc	5500255	4860976083	2494266	5707436	212333132	672884136	NA	0
1084	3	rocksdb	debian-gcc	3216993	4864193076	2494281	5707436	212484593	673393862	NA	0
1085	3	rocksdb	debian-gcc	3534908	4867727984	2494296	5707436	212648590	673926868	NA	0
1086	3	rocksdb	debian-gcc	5374837	4873102821	2494311	5707436	212863927	674611352	NA	0
1087	3	rocksdb	debian-gcc	2117317	4875220138	2494326	5707436	212962424	674939268	NA	0
1088	3	rocksdb	debian-gcc	323	4875220461	2494341	5707436	212962459	674939412	NA	0
1089	3	rocksdb	debian-gcc	3735532	4878955993	2494356	5707436	213101876	675372135	NA	0
1090	3	rocksdb	debian-gcc	3917760	4882873753	2494371	5707436	213254171	675838698	NA	0
1091	3	rocksdb	debian-gcc	5486950	4888360703	2494386	5707436	213479540	676548074	NA	0
1092	3	rocksdb	debian-gcc	3719671	4892080374	2494401	5707436	213619763	676979808	NA	0
1093	3	rocksdb	debian-gcc	6086889	4898167263	2494416	5707436	213875257	677797860	NA	0
1094	3	rocksdb	debian-gcc	748905	4898916168	2494431	5707436	213910019	677913154	NA	0
1095	3	rocksdb	debian-gcc	2793207	4901709375	2494446	5707436	214032942	678321243	NA	0
1096	3	rocksdb	debian-gcc	5457965	4907167340	2494461	5707436	214256721	679023065	NA	0
1097	3	rocksdb	debian-gcc	728702	4907896042	2494476	5707436	214286507	679126829	NA	0
1098	3	rocksdb	debian-gcc	3076445	4910972487	2494491	5707436	214431091	679612639	NA	0
1099	3	rocksdb	debian-gcc	4894956	4915867443	2494506	5707436	214633505	680240656	NA	0
1100	3	rocksdb	debian-gcc	1542364	4917409807	2494521	5707436	214708402	680482830	NA	0
1101	3	rocksdb	debian-gcc	2120600	4919530407	2494536	5707436	214807401	680811804	NA	0
1102	3	rocksdb	debian-gcc	2336144	4921866551	2494551	5707436	214911290	681159931	NA	0
1103	3	rocksdb	debian-gcc	2206267	4924072818	2494566	5707436	215013720	681501370	NA	0
1104	3	rocksdb	debian-gcc	3109129	4927181947	2494581	5707436	215160645	681993625	NA	0
1105	3	rocksdb	debian-gcc	5533936	4932715883	2494596	5707436	215388274	682710446	NA	0
1106	3	rocksdb	debian-gcc	1967733	4934683616	2494611	5707436	215481258	683018533	NA	0
1107	3	rocksdb	debian-gcc	1975065	4936658681	2494626	5707436	215539978	683183629	NA	0
1108	3	rocksdb	debian-gcc	3158838	4939817519	2494641	5707436	215689312	683683863	NA	0
1109	3	rocksdb	debian-gcc	6214673	4946032192	2494656	5707436	215950859	684523787	NA	0
1110	3	rocksdb	debian-gcc	6060845	4952093037	2494671	5707436	216204688	685338372	NA	0
1111	3	rocksdb	debian-gcc	6707973	4958801010	2494686	5707436	216493664	686276114	NA	0
1112	3	rocksdb	debian-gcc	6684667	4965485677	2494701	5707436	216779959	687210399	NA	0
1113	3	rocksdb	debian-gcc	6898864	4972384541	2494716	5707436	217077371	688181585	NA	0
1114	3	rocksdb	debian-gcc	6684663	4979069204	2494731	5707436	217362714	689116484	NA	0
1115	3	rocksdb	debian-gcc	5846836	4984916040	2494746	5707436	217606845	689890475	NA	0
1116	3	rocksdb	debian-gcc	6694627	4991610667	2494761	5707436	217894705	690826306	NA	0
1117	3	rocksdb	debian-gcc	6028882	4997639549	2494776	5707436	218148874	691635588	NA	0
1118	3	rocksdb	debian-gcc	6215810	5003855359	2494791	5707436	218412380	692478489	NA	0
1119	3	rocksdb	debian-gcc	2995589	5006850948	2494806	5707436	218555944	692960308	NA	0
1120	3	rocksdb	debian-gcc	2547761	5009398709	2494821	5707436	218672744	693346930	NA	0
1121	3	rocksdb	debian-gcc	2971665	5012370374	2494836	5707436	218814801	693822730	NA	0
1122	3	rocksdb	debian-gcc	6693411	5019063785	2494851	5707436	219102007	694758627	NA	0
1123	3	rocksdb	debian-gcc	2914209	5021977994	2494866	5707436	219241061	695225423	NA	0
1124	3	rocksdb	debian-gcc	2946110	5024924104	2494881	5707436	219381773	695697460	NA	0
1125	3	rocksdb	debian-gcc	1883727	5026807831	2494896	5707436	219470528	695990374	NA	0
1126	3	rocksdb	debian-gcc	2974772	5029782603	2494911	5707436	219611976	696464879	NA	0
1127	3	rocksdb	debian-gcc	6641488	5036424091	2494926	5707436	219895513	697391498	NA	0
1128	3	rocksdb	debian-gcc	2334626	5038758717	2494941	5707436	220001416	697743539	NA	0
1129	3	rocksdb	debian-gcc	5386919	5044145636	2494956	5707436	220217971	698429825	NA	0
1130	3	rocksdb	debian-gcc	3656351	5047801987	2494971	5707436	220388626	698983031	NA	0
1131	3	rocksdb	debian-gcc	3905281	5051707268	2494986	5707436	220570631	699578184	NA	0
1132	3	rocksdb	debian-gcc	3556056	5055263324	2495001	5707436	220735715	700116809	NA	0
1133	3	rocksdb	debian-gcc	2902646	5058165970	2495016	5707436	220872549	700574147	NA	0
1134	3	rocksdb	debian-gcc	6597141	5064763111	2495031	5707436	221155532	701493174	NA	0
1135	3	rocksdb	debian-gcc	3146084	5067909195	2495046	5707436	221304557	701990507	NA	0
1136	3	rocksdb	debian-gcc	2581159	5070490354	2495061	5707436	221424494	702390723	NA	0
1137	3	rocksdb	debian-gcc	1906016	5072396370	2495076	5707436	221513918	702688423	NA	0
1138	3	rocksdb	debian-gcc	1907466	5074303836	2495091	5707436	221603399	702986237	NA	0
1139	3	rocksdb	debian-gcc	1907129	5076210965	2495106	5707436	221693114	703284453	NA	0
1140	3	rocksdb	debian-gcc	2965797	5079176762	2495121	5707436	221834872	703759208	NA	0
1141	3	rocksdb	debian-gcc	2967689	5082144451	2495136	5707436	221976682	704234129	NA	0
1142	3	rocksdb	debian-gcc	2581384	5084725835	2495151	5707436	222097022	704634431	NA	0
1143	3	rocksdb	debian-gcc	2281305	5087007140	2495166	5707436	222202850	704990416	NA	0
1144	3	rocksdb	debian-gcc	2844835	5089851975	2495181	5707436	222339122	705445569	NA	0
1145	3	rocksdb	debian-gcc	3177577	5093029552	2495196	5707436	222489286	705949915	NA	0
1146	3	rocksdb	debian-gcc	5635360	5098664912	2495211	5707436	222723034	706683762	NA	0
1147	3	rocksdb	debian-gcc	5613759	5104278671	2495226	5707436	222954607	707412718	NA	0
1148	3	rocksdb	debian-gcc	5589145	5109867816	2495241	5707436	223184973	708137661	NA	0
1149	3	rocksdb	debian-gcc	2386824	5112254640	2495256	5707436	223297617	708511484	NA	0
1150	3	rocksdb	debian-gcc	3379888	5115634528	2495271	5707436	223454126	709016419	NA	0
1151	3	rocksdb	debian-gcc	2718785	5118353313	2495286	5707436	223583726	709449894	NA	0
1152	3	rocksdb	debian-gcc	2906374	5121259687	2495301	5707436	223720936	709907865	NA	0
1153	3	rocksdb	debian-gcc	5477054	5126736741	2495316	5707436	223945048	710615845	NA	0
1154	3	rocksdb	debian-gcc	6071556	5132808297	2495331	5707436	224199948	711434578	NA	0
1155	3	rocksdb	debian-gcc	5614595	5138422892	2495346	5707436	224431431	712165389	NA	0
1156	3	rocksdb	debian-gcc	2918279	5141341171	2495361	5707436	224570430	712632044	NA	0
1157	3	rocksdb	debian-gcc	5967406	5147308577	2495376	5707436	224818723	713429379	NA	0
1158	3	rocksdb	debian-gcc	3133571	5150442148	2495391	5707436	224964529	713921800	NA	0
1159	3	rocksdb	debian-gcc	5683344	5156125492	2495406	5707436	225197057	714663028	NA	0
1160	3	rocksdb	debian-gcc	2896667	5159022159	2495421	5707436	225335094	715125389	NA	0
1161	3	rocksdb	debian-gcc	6803580	5165825739	2495436	5707436	225628889	716076806	NA	0
1162	3	rocksdb	debian-gcc	6903782	5172729521	2495451	5707436	225926970	717045023	NA	0
1163	3	rocksdb	debian-gcc	5833707	5178563228	2495466	5707436	226167272	717809759	NA	0
1164	3	rocksdb	debian-gcc	6683385	5185246613	2495481	5707436	226453683	718740639	NA	0
1165	3	rocksdb	debian-gcc	6689174	5191935787	2495496	5707436	226740752	719674857	NA	0
1166	3	rocksdb	debian-gcc	6811099	5198746886	2495511	5707436	227033553	720628158	NA	0
1167	3	rocksdb	debian-gcc	6857673	5205604559	2495526	5707436	227327602	721587503	NA	0
1168	3	rocksdb	debian-gcc	6790841	5212395400	2495541	5707436	227616898	722538330	NA	0
1169	3	rocksdb	debian-gcc	6727573	5219122973	2495556	5707436	227906920	723473202	NA	0
1170	3	rocksdb	debian-gcc	1689540	5220812513	2495571	5707436	227989008	723737564	NA	0
1171	3	rocksdb	debian-gcc	6657022	5227469535	2495586	5707436	228277170	724664384	NA	0
1172	3	rocksdb	debian-gcc	6812913	5234282448	2495601	6076480	228570058	725618179	NA	1
1173	3	rocksdb	debian-gcc	6838184	5241120632	2495616	6076480	228863975	726575046	NA	0
1174	3	rocksdb	debian-gcc	6869042	5247989674	2495631	6076480	229159481	727538524	NA	0
1175	3	rocksdb	debian-gcc	6820806	5254810480	2495646	6076480	229452463	728493031	NA	0
1176	3	rocksdb	debian-gcc	3803540	5258614020	2495661	6076480	229599775	728940363	NA	0
1177	3	rocksdb	debian-gcc	3900426	5262514446	2495676	6076480	229750812	729402456	NA	0
1178	3	rocksdb	debian-gcc	5402093	5267916539	2495691	6076480	229972289	730098040	NA	0
1179	3	rocksdb	debian-gcc	4956050	5272872589	2495706	6076480	230170615	730710460	NA	0
1180	3	rocksdb	debian-gcc	6709015	5279581604	2495721	6076480	230458871	731646253	NA	0
1181	3	rocksdb	debian-gcc	2870620	5282452224	2495736	6076480	230596025	732105971	NA	0
1182	3	rocksdb	debian-gcc	6671328	5289123552	2495751	6076480	230882928	733035975	NA	0
1183	3	rocksdb	debian-gcc	6662401	5295785953	2495766	6076480	231170182	733962754	NA	0
1184	3	rocksdb	debian-gcc	761127	5296547080	2495781	6076480	231205137	734081192	NA	0
1185	3	rocksdb	debian-gcc	265266	5296812346	2495796	6076480	231216566	734124103	NA	0
1186	3	rocksdb	debian-gcc	3036517	5299848863	2495811	6076480	231361153	734608197	NA	0
1187	3	rocksdb	debian-gcc	3051884	5302900747	2495826	6076480	231505983	735096341	NA	0
1188	3	rocksdb	debian-gcc	3037777	5305938524	2495841	6076480	231650436	735580628	NA	0
1189	3	rocksdb	debian-gcc	266986	5306205510	2495856	6076480	231662023	735624098	NA	0
1190	3	rocksdb	debian-gcc	768777	5306974287	2495871	6076480	231697486	735743949	NA	0
1191	3	rocksdb	debian-gcc	741537	5307715824	2495886	6076480	231731159	735858570	NA	0
1192	3	rocksdb	debian-gcc	1317046	5309032870	2495901	6076480	231793635	736062313	NA	0
1193	3	rocksdb	debian-gcc	281859	5309314729	2495916	6076480	231805048	736106451	NA	0
1194	3	rocksdb	debian-gcc	259874	5309574603	2495931	6076480	231816286	736148127	NA	0
1195	3	rocksdb	debian-gcc	874777	5310449380	2495946	6076480	231855888	736279575	NA	0
1196	3	rocksdb	debian-gcc	1788708	5312238088	2495961	6076480	231940126	736558669	NA	0
1197	3	rocksdb	debian-gcc	5548108	5317786196	2495976	6076480	232165839	737274629	NA	0
1198	3	rocksdb	debian-gcc	5612393	5323398589	2495991	6076480	232395665	738001357	NA	0
1199	3	rocksdb	debian-gcc	5496460	5328895049	2496006	6076480	232619652	738709172	NA	0
1200	3	rocksdb	debian-gcc	2163492	5331058541	2496021	6076480	232720566	739046428	NA	0
1201	3	rocksdb	debian-gcc	2972444	5334030985	2496036	6076480	232851557	739479934	NA	0
1202	3	rocksdb	debian-gcc	3559646	5337590631	2496051	6076480	233009270	739992219	NA	0
1203	3	rocksdb	debian-gcc	3511208	5341101839	2496066	6076480	233165170	740493656	NA	0
1204	3	rocksdb	debian-gcc	5366574	5346468413	2496081	6076480	233382834	741177756	NA	0
1205	3	rocksdb	debian-gcc	26762	5346495175	2496096	6076480	233383958	741182761	NA	0
1206	3	rocksdb	debian-gcc	2951555	5349446730	2496111	6076480	233525331	741655016	NA	0
1207	3	rocksdb	debian-gcc	198	5349446928	2496126	6076480	233525351	741655138	NA	0
1208	3	rocksdb	debian-gcc	26783	5349473711	2496141	6076480	233526475	741660146	NA	0
1209	3	rocksdb	debian-gcc	204	5349473915	2496156	6076480	233526495	741660268	NA	0
1210	3	rocksdb	debian-gcc	26846	5349500761	2496171	6076480	233527619	741665281	NA	0
1211	3	rocksdb	debian-gcc	26809	5349527570	2496186	6076480	233528746	741670298	NA	0
1212	3	rocksdb	debian-gcc	26779	5349554349	2496201	6076480	233529873	741675314	NA	0
1213	3	rocksdb	debian-gcc	26723	5349581072	2496216	6076480	233531000	741680307	NA	0
1214	3	rocksdb	debian-gcc	26965	5349608037	2496231	6076480	233532119	741685314	NA	0
1215	3	rocksdb	debian-gcc	26938	5349634975	2496246	6076480	233533246	741690347	NA	0
1216	3	rocksdb	debian-gcc	270	5349635245	2496261	6076480	233533266	741690491	NA	0
1217	3	rocksdb	debian-gcc	26983	5349662228	2496276	6076480	233534393	741695517	NA	0
1218	3	rocksdb	debian-gcc	26755	5349688983	2496291	6076480	233535520	741700527	NA	0
1219	3	rocksdb	debian-gcc	3518890	5353207873	2496306	6076480	233682398	742190552	NA	0
1220	3	rocksdb	debian-gcc	2709399	5355917272	2496321	6076480	233811860	742622008	NA	0
1221	3	rocksdb	debian-gcc	2832584	5358749856	2496336	6076480	233947587	743075022	NA	0
1222	3	rocksdb	debian-gcc	3029671	5361779527	2496351	6076480	234091020	743553552	NA	0
1223	3	rocksdb	debian-gcc	26792	5361806319	2496366	6076480	234092145	743558562	NA	0
1224	3	rocksdb	debian-gcc	26755	5361833074	2496381	6076480	234093272	743563572	NA	0
1225	3	rocksdb	debian-gcc	26778	5361859852	2496396	6076480	234094399	743568588	NA	0
1226	3	rocksdb	debian-gcc	26790	5361886642	2496411	6076480	234095525	743573606	NA	0
1227	3	rocksdb	debian-gcc	226	5361886868	2496426	6076480	234095545	743573733	NA	0
1228	3	rocksdb	debian-gcc	232	5361887100	2496441	6076480	234095565	743573865	NA	0
1229	3	rocksdb	debian-gcc	26833	5361913933	2496456	6076480	234096690	743578878	NA	0
1230	3	rocksdb	debian-gcc	246	5361914179	2496471	6076480	234096710	743579010	NA	0
1231	3	rocksdb	debian-gcc	6024341	5367938520	2496486	6076480	234349410	744385328	NA	0
1232	3	rocksdb	debian-gcc	222	5367938742	2496501	6076480	234349430	744385452	NA	0
1233	3	rocksdb	debian-gcc	416	5367939158	2496516	6076480	234349453	744385607	NA	0
1234	3	rocksdb	debian-gcc	1468525	5369407683	2496531	6076480	234420525	744616288	NA	0
1235	3	rocksdb	debian-gcc	2731242	5372138925	2496546	6076480	234551414	745052223	NA	0
1236	3	rocksdb	debian-gcc	5473792	5377612717	2496561	6076480	234775578	745756749	NA	0
1237	3	rocksdb	debian-gcc	234	5377612951	2496576	6076480	234775598	745756876	NA	0
1238	3	rocksdb	debian-gcc	6119982	5383732933	2496591	6076480	235032722	746577789	NA	0
1239	3	rocksdb	debian-gcc	248	5383733181	2496606	6076480	235032742	746577923	NA	0
1240	3	rocksdb	debian-gcc	218	5383733399	2496621	6076480	235032762	746578043	NA	0
1241	3	rocksdb	debian-gcc	918236	5384651635	2496636	6076480	235074738	746717807	NA	0
1242	3	rocksdb	debian-gcc	218	5384651853	2496651	6076480	235074758	746717939	NA	0
1243	3	rocksdb	debian-gcc	232	5384652085	2496666	6076480	235074778	746718069	NA	0
1244	3	rocksdb	debian-gcc	4952898	5389604983	2496681	6076480	235270744	747329493	NA	0
1245	3	rocksdb	debian-gcc	2834902	5392439885	2496696	6076480	235406443	747782083	NA	0
1246	3	rocksdb	debian-gcc	2834911	5395274796	2496711	6076480	235542091	748234639	NA	0
1247	3	rocksdb	debian-gcc	2836684	5398111480	2496726	6076480	235677409	748687992	NA	0
1248	3	rocksdb	debian-gcc	328912	5398440392	2496741	6076480	235689489	748732741	NA	0
1249	3	rocksdb	debian-gcc	2883593	5401323985	2496756	6076480	235827691	749192525	NA	0
1250	3	rocksdb	debian-gcc	2890323	5404214308	2496771	6076480	235966294	749654050	NA	0
1251	3	rocksdb	debian-gcc	2922616	5407136924	2496786	6076480	236105876	750121788	NA	0
1252	3	rocksdb	debian-gcc	2862156	5409999080	2496801	6076480	236242798	750579811	NA	0
1253	3	rocksdb	debian-gcc	2887615	5412886695	2496816	6076480	236381260	751041915	NA	0
1254	4	rocksdb	debian-gcc	3161308	5416048003	2496831	6076480	236531488	751545704	NA	0
1255	4	rocksdb	debian-gcc	2218362	5418266365	2496846	6076480	236634827	751892110	NA	0
1256	4	rocksdb	debian-gcc	4731926	5422998291	2496861	6076480	236828001	752490164	NA	0
1257	4	rocksdb	debian-gcc	2728457	5425726748	2496876	6076480	236957939	752925810	NA	0
1258	4	rocksdb	debian-gcc	2956654	5428683402	2496891	6076480	237097443	753393429	NA	0
1259	4	rocksdb	debian-gcc	2944113	5431627515	2496906	6076480	237236486	753858270	NA	0
1260	4	rocksdb	debian-gcc	5508564	5437136079	2496921	6076480	237463359	754571392	NA	0
1261	4	rocksdb	debian-gcc	5491161	5442627240	2496936	6076480	237687712	755283145	NA	0
1262	4	rocksdb	debian-gcc	5395593	5448022833	2496951	6076480	237907540	755975836	NA	0
1263	4	rocksdb	debian-gcc	2740913	5450763746	2496966	6076480	238038738	756414651	NA	0
1264	4	rocksdb	debian-gcc	5367819	5456131565	2496981	6076480	238256534	757102214	NA	0
1265	4	rocksdb	debian-gcc	4749353	5460880918	2496996	6076480	238449949	757704306	NA	0
1266	4	rocksdb	debian-gcc	5285899	5466166817	2497011	6076480	238665383	758376690	NA	0
1267	4	rocksdb	debian-gcc	6642887	5472809704	2497026	6076480	238948247	759302870	NA	0
1268	4	rocksdb	debian-gcc	2920616	5475730320	2497041	6076480	239085680	759762107	NA	0
1269	4	rocksdb	debian-gcc	2897869	5478628189	2497056	6076480	239222092	760217270	NA	0
1270	4	rocksdb	debian-gcc	6332098	5484960287	2497071	6076480	239489827	761084948	NA	0
1271	4	rocksdb	debian-gcc	2833184	5487793471	2497086	6076480	239622764	761527591	NA	0
1272	4	rocksdb	debian-gcc	6395455	5494188926	2497101	6076480	239895251	762407697	NA	0
1273	4	rocksdb	debian-gcc	5639248	5499828174	2497116	6076480	240128058	763143182	NA	0
1274	4	rocksdb	debian-gcc	6398843	5506227017	2497131	6076480	240398979	764022500	NA	0
1275	4	rocksdb	debian-gcc	2831329	5509058346	2497146	6076480	240531889	764465169	NA	0
1276	4	rocksdb	debian-gcc	2720375	5511778721	2497161	6076480	240661761	764898549	NA	0
1277	4	rocksdb	debian-gcc	5885148	5517663869	2497176	6076480	240907923	765678855	NA	0
1278	4	rocksdb	debian-gcc	5483416	5523147285	2497191	6076480	241131567	766387446	NA	0
1279	4	rocksdb	debian-gcc	5960090	5529107375	2497206	6076480	241383221	767185227	NA	0
1280	4	rocksdb	debian-gcc	2904311	5532011686	2497221	6076480	241519952	767642698	NA	0
1281	4	rocksdb	debian-gcc	5475226	5537486912	2497236	6076480	241743556	768347564	NA	0
1282	4	rocksdb	debian-gcc	5962114	5543449026	2497251	6076480	241994563	769146467	NA	0
1283	4	rocksdb	debian-gcc	5837010	5549286036	2497266	6076480	242237697	769916194	NA	0
1284	4	rocksdb	debian-gcc	5750301	5555036337	2497281	6362679	242475256	770671137	NA	1
1285	4	rocksdb	debian-gcc	5609891	5560646228	2497296	6362679	242705947	771398882	NA	0
1286	4	rocksdb	debian-gcc	6420788	5567067016	2497311	6362679	242979424	772283367	NA	0
1287	4	rocksdb	debian-gcc	4013096	5571080112	2497326	6362679	243169316	772901300	NA	0
1288	4	rocksdb	debian-gcc	2921079	5574001191	2497341	6362679	243307407	773360619	NA	0
1289	4	rocksdb	debian-gcc	6722897	5580724088	2497356	6362679	243596309	774301335	NA	0
1290	4	rocksdb	debian-gcc	6346173	5587070261	2497371	6362679	243863926	775170319	NA	0
1291	4	rocksdb	debian-gcc	6405487	5593475748	2497386	6362679	244135150	776049147	NA	0
1292	4	rocksdb	debian-gcc	6365446	5599841194	2497401	6362679	244404780	776921339	NA	0
1293	4	rocksdb	debian-gcc	6810377	5606651571	2497416	6362679	244698640	777874026	NA	0
1294	4	rocksdb	debian-gcc	6344237	5612995808	2497431	6362679	244966863	778741907	NA	0
1295	4	rocksdb	debian-gcc	6336886	5619332694	2497446	6362679	245235113	779609055	NA	0
1296	4	rocksdb	debian-gcc	6389641	5625722335	2497461	6362679	245505524	780484563	NA	0
1297	4	rocksdb	debian-gcc	6592301	5632314636	2497476	6362679	245787229	781388797	NA	0
1298	4	rocksdb	debian-gcc	6382047	5638696683	2497491	6362679	246056521	782264381	NA	0
1299	4	rocksdb	debian-gcc	6397890	5645094573	2497506	6362679	246328351	783143755	NA	0
1300	4	rocksdb	debian-gcc	3070619	5648165192	2497521	6362679	246472735	783627982	NA	0
1301	4	rocksdb	debian-gcc	6383925	5654549117	2497536	6362679	246744125	784504603	NA	0
1302	4	rocksdb	debian-gcc	6606214	5661155331	2497551	6362679	247027562	785424386	NA	0
1303	4	rocksdb	debian-gcc	304	5661155635	2497566	6362679	247027595	785424538	NA	0
1304	4	rocksdb	debian-gcc	6615572	5667771207	2497581	6362679	247311181	786343831	NA	0
1305	4	rocksdb	debian-gcc	6615335	5674386542	2497596	6362679	247595512	787264637	NA	0
1306	4	rocksdb	debian-gcc	7042133	5681428675	2497611	6362679	247900973	788263033	NA	0
1307	4	rocksdb	debian-gcc	6743667	5688172342	2497626	6362679	248190803	789204145	NA	0
1308	4	rocksdb	debian-gcc	6818497	5694990839	2497641	6362679	248483710	790157980	NA	0
1309	4	rocksdb	debian-gcc	6652719	5701643558	2497656	6362679	248769325	791085337	NA	0
1310	4	rocksdb	debian-gcc	6681143	5708324701	2497671	6362679	249056697	792018279	NA	0
1311	4	rocksdb	debian-gcc	6755276	5715079977	2497686	6362679	249347399	792965381	NA	0
1312	4	rocksdb	debian-gcc	208	5715080185	2497701	6362679	249347419	792965503	NA	0
1313	4	rocksdb	debian-gcc	6601371	5721681556	2497716	6362679	249631220	793884467	NA	0
1314	4	rocksdb	debian-gcc	6660125	5728341681	2497731	6362679	249917644	794813100	NA	0
1315	4	rocksdb	debian-gcc	6725871	5735067552	2497746	6362679	250207000	795754662	NA	0
1316	4	rocksdb	debian-gcc	3005239	5738072791	2497761	6362679	250349151	796229218	NA	0
1317	4	rocksdb	debian-gcc	6717825	5744790616	2497776	6362679	250638302	797168808	NA	0
1318	4	rocksdb	debian-gcc	4968169	5749758785	2497791	6362679	250835108	797783076	NA	0
1319	4	rocksdb	debian-gcc	6623892	5756382677	2497806	6362679	251120783	798702085	NA	0
1320	4	rocksdb	debian-gcc	6223719	5762606396	2497821	6362679	251383891	799548911	NA	0
1321	4	rocksdb	debian-gcc	6662916	5769269312	2497836	6362679	251670456	800480793	NA	0
1322	4	rocksdb	debian-gcc	6673843	5775943155	2497851	6362679	251957678	801412541	NA	0
1323	4	rocksdb	debian-gcc	5940034	5781883189	2497866	6362679	252207088	802203744	NA	0
1324	4	rocksdb	debian-gcc	6677436	5788560625	2497881	6362679	252495952	803133829	NA	0
1325	4	rocksdb	debian-gcc	6182680	5794743305	2497896	6362679	252757015	803973055	NA	0
1326	4	rocksdb	debian-gcc	6665231	5801408536	2497911	6362679	253043616	804903401	NA	0
1327	4	rocksdb	debian-gcc	6387615	5807796151	2497926	6362679	253315831	805781366	NA	0
1328	4	rocksdb	debian-gcc	6701864	5814498015	2497941	6362679	253603238	806716656	NA	0
1329	4	rocksdb	debian-gcc	1265809	5815763824	2497956	6362679	253662910	806911636	NA	0
1330	4	rocksdb	debian-gcc	5777492	5821541316	2497971	6362679	253901676	807670470	NA	0
1331	4	rocksdb	debian-gcc	6017311	5827558627	2497986	6362679	254156493	808476548	NA	0
1332	4	rocksdb	debian-gcc	1319609	5828878236	2498001	6362679	254221201	808684830	NA	0
1333	4	rocksdb	debian-gcc	2835522	5831713758	2498016	6362679	254356503	809138475	NA	0
1334	4	rocksdb	debian-gcc	6199504	5837913262	2498031	6362679	254618478	809977807	NA	0
1335	4	rocksdb	debian-gcc	6636686	5844549948	2498046	6362679	254904502	810900166	NA	0
1336	4	rocksdb	debian-gcc	6074914	5850624862	2498061	6362679	255159987	811717170	NA	0
1337	4	rocksdb	debian-gcc	2214568	5852839430	2498076	6362679	255262203	812056106	NA	0
1338	4	rocksdb	debian-gcc	5563073	5858402503	2498091	6362679	255491283	812776651	NA	0
1339	4	rocksdb	debian-gcc	4953985	5863356488	2498106	6362679	255687318	813388534	NA	0
1340	4	rocksdb	debian-gcc	4955314	5868311802	2498121	6362679	255885226	814000872	NA	0
1341	4	rocksdb	debian-gcc	6023676	5874335478	2498136	6362679	256139761	814806397	NA	0
1342	4	rocksdb	debian-gcc	5765991	5880101469	2498151	6362679	256380948	815565398	NA	0
1343	4	rocksdb	debian-gcc	6625921	5886727390	2498166	6362679	256665249	816490360	NA	0
1344	4	rocksdb	debian-gcc	5975674	5892703064	2498181	6362679	256917035	817286791	NA	0
1345	4	rocksdb	debian-gcc	2831854	5895534918	2498196	6362679	257053075	817739346	NA	0
1346	4	rocksdb	debian-gcc	6201803	5901736721	2498211	6362679	257316158	818581435	NA	0
1347	4	rocksdb	debian-gcc	4973485	5906710206	2498226	6362679	257514819	819197050	NA	0
1348	4	rocksdb	debian-gcc	6182630	5912892836	2498241	6362679	257773751	820036328	NA	0
1349	4	rocksdb	debian-gcc	6435941	5919328777	2498256	6362679	258048753	820918839	NA	0
1350	4	rocksdb	debian-gcc	6353914	5925682691	2498271	6362679	258318535	821787278	NA	0
1351	4	rocksdb	debian-gcc	6686404	5932369095	2498286	6362679	258607406	822717565	NA	0
1352	4	rocksdb	debian-gcc	6963088	5939332183	2498301	6362679	258908179	823701687	NA	0
1353	4	rocksdb	debian-gcc	6343519	5945675702	2498316	6362679	259176522	824569401	NA	0
1354	4	rocksdb	debian-gcc	2834559	5948510261	2498331	6362679	259309652	825013178	NA	0
1355	4	rocksdb	debian-gcc	6321629	5954831890	2498346	6362679	259578770	825879872	NA	0
1356	4	rocksdb	debian-gcc	6333111	5961165001	2498361	6362679	259847320	826747537	NA	0
1357	4	rocksdb	debian-gcc	5629191	5966794192	2498376	6362679	260079713	827480413	NA	0
1358	4	rocksdb	debian-gcc	6326281	5973120473	2498391	6362679	260347371	828346683	NA	0
1359	4	rocksdb	debian-gcc	5752627	5978873100	2498406	6362679	260587704	829104468	NA	0
1360	4	rocksdb	debian-gcc	5473134	5984346234	2498421	6362679	260810896	829811321	NA	0
1361	4	rocksdb	debian-gcc	5009341	5989355575	2498436	6362679	261011687	830432491	NA	0
1362	4	rocksdb	debian-gcc	6730546	5996086121	2498451	6362679	261297818	831369099	NA	0
1363	4	rocksdb	debian-gcc	1496362	5997582483	2498466	6362679	261372988	831608503	NA	0
1364	4	rocksdb	debian-gcc	2481245	6000063728	2498481	6362679	261487467	831989495	NA	0
1365	4	rocksdb	debian-gcc	6344901	6006408629	2498496	6362679	261756344	832858992	NA	0
1366	4	rocksdb	debian-gcc	6207008	6012615637	2498511	6362679	262020180	833700017	NA	0
1367	4	rocksdb	debian-gcc	6024341	6018639978	2498526	6362679	262272880	834506335	NA	0
1368	4	rocksdb	debian-gcc	2992280	6021632258	2498541	6362679	262414625	834983731	NA	0
1369	4	rocksdb	debian-gcc	6095832	6027728090	2498556	6362679	262668900	835802281	NA	0
1370	4	rocksdb	debian-gcc	2984887	6030712977	2498571	6362679	262811059	836278498	NA	0
1371	4	rocksdb	debian-gcc	5636764	6036349741	2498586	6362679	263042460	837008367	NA	0
1372	4	rocksdb	debian-gcc	6080195	6042429936	2498601	6362679	263295927	837822863	NA	0
1373	4	rocksdb	debian-gcc	5468497	6047898433	2498616	6362679	263516714	838521188	NA	0
1374	4	rocksdb	debian-gcc	3011694	6050910127	2498631	6362679	263658889	838995393	NA	0
1375	4	rocksdb	debian-gcc	2814067	6053724194	2498646	6362679	263792762	839442163	NA	0
1376	4	rocksdb	debian-gcc	3929282	6057653476	2498661	6362679	263977748	840043780	NA	0
1377	4	rocksdb	debian-gcc	4768533	6062422009	2498676	6362679	264163791	840619333	NA	0
1378	4	rocksdb	debian-gcc	6349605	6068771614	2498691	6362679	264434208	841486698	NA	0
1379	4	rocksdb	debian-gcc	5649181	6074420795	2498706	6362679	264666633	842219632	NA	0
1380	4	rocksdb	debian-gcc	6341715	6080762510	2498721	6362679	264937164	843090512	NA	0
1381	4	rocksdb	debian-gcc	5973766	6086736276	2498736	7331063	265187601	843891267	NA	1
1382	4	rocksdb	debian-gcc	5455674	6092191950	2498751	7331063	265410571	844590129	NA	0
1383	4	rocksdb	debian-gcc	5763789	6097955739	2498766	7331063	265651230	845348527	NA	0
1384	4	rocksdb	debian-gcc	5450554	6103406293	2498781	7331063	265873833	846046537	NA	0
1385	4	rocksdb	debian-gcc	5548775	6108955068	2498796	7331063	266100874	846762413	NA	0
1386	4	rocksdb	debian-gcc	5557042	6114512110	2498811	7331063	266329686	847480817	NA	0
1387	4	rocksdb	debian-gcc	6610625	6121122735	2498826	7331063	266612820	848400515	NA	0
1388	4	rocksdb	debian-gcc	5989198	6127111933	2498841	7331063	266865706	849199962	NA	0
1389	4	rocksdb	debian-gcc	3110341	6130222274	2498856	7331063	267012647	849691730	NA	0
1390	4	rocksdb	debian-gcc	2810873	6133033147	2498871	7331063	267144238	850129669	NA	0
1391	4	rocksdb	debian-gcc	2685871	6135719018	2498886	7331063	267270736	850548835	NA	0
1392	4	rocksdb	debian-gcc	2744583	6138463601	2498901	7331063	267399349	850976551	NA	0
1393	4	rocksdb	debian-gcc	5045484	6143509085	2498916	7331063	267602150	851606249	NA	0
1394	4	rocksdb	debian-gcc	3725819	6147234904	2498931	7331063	267775674	852171291	NA	0
1395	4	rocksdb	debian-gcc	1712293	6148947197	2498946	7331063	267858567	852436329	NA	0
1396	4	rocksdb	debian-gcc	3094744	6152041941	2498961	7331063	268004424	852925146	NA	0
1397	4	rocksdb	debian-gcc	2494774	6154536715	2498976	7331063	268122953	853319964	NA	0
1398	4	rocksdb	debian-gcc	6165328	6160702043	2498991	7331063	268384128	854151033	NA	0
1399	4	rocksdb	debian-gcc	6149554	6166851597	2499006	7331063	268644529	854980589	NA	0
1400	4	rocksdb	debian-gcc	6179837	6173031434	2499021	7331063	268906671	855814796	NA	0
1401	4	rocksdb	debian-gcc	6133106	6179164540	2499036	7331063	269166099	856640525	NA	0
1402	4	rocksdb	debian-gcc	6106870	6185271410	2499051	7331063	269424259	857462350	NA	0
1403	4	rocksdb	debian-gcc	6598878	6191870288	2499066	7331063	269707750	858380795	NA	0
1404	4	rocksdb	debian-gcc	2589026	6194459314	2499081	7331063	269824089	858769549	NA	0
1405	4	rocksdb	debian-gcc	2387857	6196847171	2499096	7331063	269933196	859131786	NA	0
1406	4	rocksdb	debian-gcc	6597552	6203444723	2499111	7331063	270216230	860049590	NA	0
1407	4	rocksdb	debian-gcc	5408432	6208853155	2499126	7331063	270436757	860743968	NA	0
1408	4	rocksdb	debian-gcc	4910513	6213763668	2499141	7331063	270632338	861347247	NA	0
1409	4	rocksdb	debian-gcc	5019283	6218782951	2499156	7331063	270827586	861948988	NA	0
1410	4	rocksdb	debian-gcc	1325064	6220108015	2499171	7331063	270891294	862155394	NA	0
1411	4	rocksdb	debian-gcc	6601900	6226709915	2499186	7331063	271175074	863073606	NA	0
1412	4	rocksdb	debian-gcc	5492533	6232202448	2499201	7331063	271399925	863783730	NA	0
1413	4	rocksdb	debian-gcc	2191798	6234394246	2499216	7331063	271501717	864122703	NA	0
1414	4	rocksdb	debian-gcc	2424431	6236818677	2499231	7331063	271616295	864504435	NA	0
1415	4	rocksdb	debian-gcc	2852690	6239671367	2499246	7331063	271752977	864960391	NA	0
1416	4	rocksdb	debian-gcc	2847723	6242519090	2499261	7331063	271888967	865415658	NA	0
1417	4	rocksdb	debian-gcc	5907048	6248426138	2499276	7331063	272134839	866186537	NA	0
1418	4	rocksdb	debian-gcc	3119060	6251545198	2499291	7331063	272281539	866680926	NA	0
1419	4	rocksdb	debian-gcc	2902001	6254447199	2499306	7331063	272419846	867145929	NA	0
1420	4	rocksdb	debian-gcc	3132530	6257579729	2499321	7331063	272568537	867643602	NA	0
1421	4	rocksdb	debian-gcc	1942332	6259522061	2499336	7331063	272658425	867942503	NA	0
1422	4	rocksdb	debian-gcc	5592839	6265114900	2499351	7331063	272887060	868670585	NA	0
1423	4	rocksdb	debian-gcc	5823473	6270938373	2499366	7331063	273129663	869439934	NA	0
1424	4	rocksdb	debian-gcc	6035320	6276973693	2499381	7331063	273382831	870251694	NA	0
1425	4	rocksdb	debian-gcc	762861	6277736554	2499396	7331063	273418440	870369917	NA	0
1426	4	rocksdb	debian-gcc	1023	6277737577	2499411	7331063	273418515	870370311	NA	0
1427	4	rocksdb	debian-gcc	5988280	6283725857	2499426	7331063	273670055	871171883	NA	0
1428	4	rocksdb	debian-gcc	6049754	6289775611	2499441	7331063	273925198	871984277	NA	0
1429	4	rocksdb	debian-gcc	5845113	6295620724	2499456	7331063	274168967	872756666	NA	0
1430	4	rocksdb	debian-gcc	6660222	6302280946	2499471	7331063	274453261	873680384	NA	0
1431	4	rocksdb	debian-gcc	6625875	6308906821	2499486	7331063	274733851	874599308	NA	0
1432	4	rocksdb	debian-gcc	6102313	6315009134	2499501	7331063	274991036	875417780	NA	0
1433	4	rocksdb	debian-gcc	5757799	6320766933	2499516	7331063	275232302	876175534	NA	0
1434	4	rocksdb	debian-gcc	6791980	6327558913	2499531	7331063	275523818	877123443	NA	0
1435	4	rocksdb	debian-gcc	5364628	6332923541	2499546	7331063	275740526	877811892	NA	0
1436	4	rocksdb	debian-gcc	6043924	6338967465	2499561	7331063	275994625	878623128	NA	0
1437	4	rocksdb	debian-gcc	6045977	6345013442	2499576	7331063	276249606	879435490	NA	0
1438	4	rocksdb	debian-gcc	5281331	6350294773	2499591	7331063	276462588	880105732	NA	0
1439	4	rocksdb	debian-gcc	1937087	6352231860	2499606	7331063	276552745	880404272	NA	0
1440	4	rocksdb	debian-gcc	2909693	6355141553	2499621	7331063	276690417	880863715	NA	0
1441	4	rocksdb	debian-gcc	6049866	6361191419	2499636	7331063	276943903	881673764	NA	0
1442	4	rocksdb	debian-gcc	6248891	6367440310	2499651	7331063	277207438	882521218	NA	0
1443	4	rocksdb	debian-gcc	6075925	6373516235	2499666	7331063	277463083	883338594	NA	0
1444	4	rocksdb	debian-gcc	6064015	6379580250	2499681	7331063	277715945	884150505	NA	0
1445	4	rocksdb	debian-gcc	6466824	6386047074	2499696	7331063	277992427	885043888	NA	0
1446	4	rocksdb	debian-gcc	6028649	6392075723	2499711	7331063	278247238	885850008	NA	0
1447	4	rocksdb	debian-gcc	6048193	6398123916	2499726	7331063	278502320	886662386	NA	0
1448	4	rocksdb	debian-gcc	5736258	6403860174	2499741	7331063	278739832	887415671	NA	0
1449	4	rocksdb	debian-gcc	6119504	6409979678	2499756	7331063	278997188	888238639	NA	0
1450	4	rocksdb	debian-gcc	6051919	6416031597	2499771	7331063	279252522	889052090	NA	0
1451	4	rocksdb	debian-gcc	6062946	6422094543	2499786	7331063	279508351	889867180	NA	0
1452	4	rocksdb	debian-gcc	5747002	6427841545	2499801	7331063	279748427	890626156	NA	0
1453	4	rocksdb	debian-gcc	6045783	6433887328	2499816	7331063	280001808	891435551	NA	0
1454	4	rocksdb	debian-gcc	6066659	6439953987	2499831	7331063	280257759	892250392	NA	0
1455	4	rocksdb	debian-gcc	6375001	6446328988	2499846	7331063	280527873	893123967	NA	0
1456	4	rocksdb	debian-gcc	6041354	6452370342	2499861	7331063	280782804	893937216	NA	0
1457	4	rocksdb	debian-gcc	6369147	6458739489	2499876	7331063	281054004	894811814	NA	0
1458	4	rocksdb	debian-gcc	6408886	6465148375	2499891	7331063	281328277	895693859	NA	0
1459	4	rocksdb	debian-gcc	6094451	6471242826	2499906	7331063	281583772	896511070	NA	0
1460	4	rocksdb	debian-gcc	6078250	6477321076	2499921	7331063	281841403	897328355	NA	0
1461	4	rocksdb	debian-gcc	5753241	6483074317	2499936	7331063	282081305	898086136	NA	0
1462	4	rocksdb	debian-gcc	6678104	6489752421	2499951	7331063	282370055	899014665	NA	0
1463	4	rocksdb	debian-gcc	6363269	6496115690	2499966	7331063	282641630	899884100	NA	0
1464	4	rocksdb	debian-gcc	6417500	6502533190	2499981	7331063	282914298	900768334	NA	0
1465	4	rocksdb	debian-gcc	6044794	6508577984	2499996	7331063	283169481	901576886	NA	0
1466	4	rocksdb	debian-gcc	5501544	6514079528	2500011	7331063	283394323	902289116	NA	0
1467	4	rocksdb	debian-gcc	6400162	6520479690	2500026	7331063	283666476	903168417	NA	0
1468	4	rocksdb	debian-gcc	6096830	6526576520	2500041	7331063	283922004	903992349	NA	0
1469	4	rocksdb	debian-gcc	5573930	6532150450	2500056	7331063	284152522	904718288	NA	0
1470	4	rocksdb	debian-gcc	5998962	6538149412	2500071	7331063	284405820	905523327	NA	0
1471	4	rocksdb	debian-gcc	6449044	6544598456	2500086	7331063	284679739	906414476	NA	0
1472	4	rocksdb	debian-gcc	6495609	6551094065	2500101	7331063	284957543	907310493	NA	0
1473	4	rocksdb	debian-gcc	6647442	6557741507	2500116	7331063	285244493	908239249	NA	0
1474	4	rocksdb	debian-gcc	6642706	6564384213	2500131	7331063	285529912	909166677	NA	0
1475	4	rocksdb	debian-gcc	3107627	6567491840	2500146	7331063	285676680	909660188	NA	0
1476	4	rocksdb	debian-gcc	5757413	6573249253	2500161	7331063	285913816	910412781	NA	0
1477	4	rocksdb	debian-gcc	5817191	6579066444	2500176	7331063	286154532	911183276	NA	0
1478	4	rocksdb	debian-gcc	2069091	6581135535	2500191	7331063	286250694	911504696	NA	0
1479	4	rocksdb	debian-gcc	5578892	6586714427	2500206	7331063	286481148	912231221	NA	0
1480	4	rocksdb	debian-gcc	5572968	6592287395	2500221	7331063	286711226	912955953	NA	0
1481	4	rocksdb	debian-gcc	6215219	6598502614	2500236	7331063	286972857	913798390	NA	0
1482	4	rocksdb	debian-gcc	5548964	6604051578	2500251	7331063	287200347	914517006	NA	0
1483	4	rocksdb	debian-gcc	266	6604051844	2500266	7331063	287200367	914517144	NA	0
1484	4	rocksdb	debian-gcc	3029290	6607081134	2500281	7331063	287343564	914996208	NA	0
1485	4	rocksdb	debian-gcc	214	6607081348	2500296	7331063	287343584	914996333	NA	0
1486	4	rocksdb	debian-gcc	6999728	6614081076	2500311	7331063	287644775	915982165	NA	0
1487	4	rocksdb	debian-gcc	3109365	6617190441	2500326	7670893	287791536	916473841	NA	1
1488	4	rocksdb	debian-gcc	6478734	6623669175	2500341	7670893	288067758	917364552	NA	0
1489	4	rocksdb	debian-gcc	210	6623669385	2500356	7670893	288067778	917364678	NA	0
1490	4	rocksdb	debian-gcc	6615348	6630284733	2500371	7670893	288352568	918282409	NA	0
1491	4	rocksdb	debian-gcc	6603710	6636888443	2500386	7670893	288636704	919198084	NA	0
1492	4	rocksdb	debian-gcc	2842299	6639730742	2500401	7670893	288772236	919652058	NA	0
1493	4	rocksdb	debian-gcc	1449186	6641179928	2500416	7670893	288844683	919883099	NA	0
1494	4	rocksdb	debian-gcc	2843831	6644023759	2500431	7670893	288980576	920337468	NA	0
1495	4	rocksdb	debian-gcc	6615339	6650639098	2500446	7670893	289264213	921258888	NA	0
1496	4	rocksdb	debian-gcc	204	6650639302	2500461	7670893	289264233	921259014	NA	0
1497	4	rocksdb	debian-gcc	5305403	6655944705	2500476	7670893	289478951	921936145	NA	0
1498	4	rocksdb	debian-gcc	928024	6656872729	2500491	7670893	289521387	922078008	NA	0
1499	4	rocksdb	debian-gcc	2177085	6659049814	2500506	7670893	289620520	922408883	NA	0
1500	4	rocksdb	debian-gcc	721579	6659771393	2500521	7670893	289653993	922520090	NA	0
1501	4	rocksdb	debian-gcc	5500255	6665271648	2500536	7670893	289880200	923231441	NA	0
1502	4	rocksdb	debian-gcc	3216993	6668488641	2500551	7670893	290031661	923741167	NA	0
1503	4	rocksdb	debian-gcc	3534908	6672023549	2500566	7670893	290195658	924274173	NA	0
1504	4	rocksdb	debian-gcc	5374837	6677398386	2500581	7670893	290410995	924958657	NA	0
1505	4	rocksdb	debian-gcc	2117317	6679515703	2500596	7670893	290509492	925286573	NA	0
1506	4	rocksdb	debian-gcc	323	6679516026	2500611	7670893	290509527	925286717	NA	0
1507	4	rocksdb	debian-gcc	3735532	6683251558	2500626	7670893	290648944	925719440	NA	0
1508	4	rocksdb	debian-gcc	3917760	6687169318	2500641	7670893	290801239	926186003	NA	0
1509	4	rocksdb	debian-gcc	5486950	6692656268	2500656	7670893	291026608	926895379	NA	0
1510	4	rocksdb	debian-gcc	3719671	6696375939	2500671	7670893	291166831	927327113	NA	0
1511	4	rocksdb	debian-gcc	6086889	6702462828	2500686	7670893	291422325	928145165	NA	0
1512	4	rocksdb	debian-gcc	748905	6703211733	2500701	7670893	291457087	928260459	NA	0
1513	4	rocksdb	debian-gcc	2793207	6706004940	2500716	7670893	291580010	928668548	NA	0
1514	4	rocksdb	debian-gcc	5457965	6711462905	2500731	7670893	291803789	929370370	NA	0
1515	4	rocksdb	debian-gcc	728702	6712191607	2500746	7670893	291833575	929474134	NA	0
1516	4	rocksdb	debian-gcc	3076445	6715268052	2500761	7670893	291978159	929959944	NA	0
1517	4	rocksdb	debian-gcc	4894956	6720163008	2500776	7670893	292180573	930587961	NA	0
1518	4	rocksdb	debian-gcc	1542364	6721705372	2500791	7670893	292255470	930830135	NA	0
1519	4	rocksdb	debian-gcc	2120600	6723825972	2500806	7670893	292354469	931159109	NA	0
1520	4	rocksdb	debian-gcc	2336144	6726162116	2500821	7670893	292458358	931507236	NA	0
1521	4	rocksdb	debian-gcc	2206267	6728368383	2500836	7670893	292560788	931848675	NA	0
1522	4	rocksdb	debian-gcc	3109129	6731477512	2500851	7670893	292707713	932340930	NA	0
1523	4	rocksdb	debian-gcc	5533936	6737011448	2500866	7670893	292935342	933057751	NA	0
1524	4	rocksdb	debian-gcc	1967733	6738979181	2500881	7670893	293028326	933365838	NA	0
1525	4	rocksdb	debian-gcc	1975065	6740954246	2500896	7670893	293087046	933530934	NA	0
1526	4	rocksdb	debian-gcc	3158838	6744113084	2500911	7670893	293236380	934031168	NA	0
1527	4	rocksdb	debian-gcc	6214673	6750327757	2500926	7670893	293497927	934871092	NA	0
1528	4	rocksdb	debian-gcc	6060845	6756388602	2500941	7670893	293751756	935685677	NA	0
1529	4	rocksdb	debian-gcc	6707973	6763096575	2500956	7670893	294040732	936623419	NA	0
1530	4	rocksdb	debian-gcc	6684667	6769781242	2500971	7670893	294327027	937557704	NA	0
1531	4	rocksdb	debian-gcc	6898864	6776680106	2500986	7670893	294624439	938528890	NA	0
1532	4	rocksdb	debian-gcc	6684663	6783364769	2501001	7670893	294909782	939463789	NA	0
1533	4	rocksdb	debian-gcc	5846836	6789211605	2501016	7670893	295153913	940237780	NA	0
1534	4	rocksdb	debian-gcc	6694627	6795906232	2501031	7670893	295441773	941173611	NA	0
1535	4	rocksdb	debian-gcc	6028882	6801935114	2501046	7670893	295695942	941982893	NA	0
1536	4	rocksdb	debian-gcc	6215810	6808150924	2501061	7670893	295959448	942825794	NA	0
1537	4	rocksdb	debian-gcc	2995589	6811146513	2501076	7670893	296103012	943307613	NA	0
1538	4	rocksdb	debian-gcc	2547761	6813694274	2501091	7670893	296219812	943694235	NA	0
1539	4	rocksdb	debian-gcc	2971665	6816665939	2501106	7670893	296361869	944170035	NA	0
1540	4	rocksdb	debian-gcc	6693411	6823359350	2501121	7670893	296649075	945105932	NA	0
1541	4	rocksdb	debian-gcc	2914209	6826273559	2501136	7670893	296788129	945572728	NA	0
1542	4	rocksdb	debian-gcc	2946110	6829219669	2501151	7670893	296928841	946044765	NA	0
1543	4	rocksdb	debian-gcc	1883727	6831103396	2501166	7670893	297017596	946337679	NA	0
1544	4	rocksdb	debian-gcc	2974772	6834078168	2501181	7670893	297159044	946812184	NA	0
1545	4	rocksdb	debian-gcc	6641488	6840719656	2501196	7670893	297442581	947738803	NA	0
1546	4	rocksdb	debian-gcc	2334626	6843054282	2501211	7670893	297548484	948090844	NA	0
1547	4	rocksdb	debian-gcc	5386919	6848441201	2501226	7670893	297765039	948777130	NA	0
1548	4	rocksdb	debian-gcc	3656351	6852097552	2501241	7670893	297935694	949330336	NA	0
1549	4	rocksdb	debian-gcc	3905281	6856002833	2501256	7670893	298117699	949925489	NA	0
1550	4	rocksdb	debian-gcc	3556056	6859558889	2501271	7670893	298282783	950464114	NA	0
1551	4	rocksdb	debian-gcc	2902646	6862461535	2501286	7670893	298419617	950921452	NA	0
1552	4	rocksdb	debian-gcc	6597141	6869058676	2501301	7670893	298702600	951840479	NA	0
1553	4	rocksdb	debian-gcc	3146084	6872204760	2501316	7670893	298851625	952337812	NA	0
1554	4	rocksdb	debian-gcc	2581159	6874785919	2501331	7670893	298971562	952738028	NA	0
1555	4	rocksdb	debian-gcc	1906016	6876691935	2501346	7670893	299060986	953035728	NA	0
1556	4	rocksdb	debian-gcc	1907466	6878599401	2501361	7670893	299150467	953333542	NA	0
1557	4	rocksdb	debian-gcc	1907129	6880506530	2501376	7670893	299240182	953631758	NA	0
1558	4	rocksdb	debian-gcc	2965797	6883472327	2501391	7670893	299381940	954106513	NA	0
1559	4	rocksdb	debian-gcc	2967689	6886440016	2501406	7670893	299523750	954581434	NA	0
1560	4	rocksdb	debian-gcc	2581384	6889021400	2501421	7670893	299644090	954981736	NA	0
1561	4	rocksdb	debian-gcc	2281305	6891302705	2501436	7670893	299749918	955337721	NA	0
1562	4	rocksdb	debian-gcc	2844835	6894147540	2501451	7670893	299886190	955792874	NA	0
1563	4	rocksdb	debian-gcc	3177577	6897325117	2501466	7670893	300036354	956297220	NA	0
1564	4	rocksdb	debian-gcc	5635360	6902960477	2501481	7670893	300270102	957031067	NA	0
1565	4	rocksdb	debian-gcc	5613759	6908574236	2501496	7670893	300501675	957760023	NA	0
1566	4	rocksdb	debian-gcc	5589145	6914163381	2501511	7670893	300732041	958484966	NA	0
1567	4	rocksdb	debian-gcc	2386824	6916550205	2501526	7670893	300844685	958858789	NA	0
1568	4	rocksdb	debian-gcc	3379888	6919930093	2501541	7670893	301001194	959363724	NA	0
1569	4	rocksdb	debian-gcc	2718785	6922648878	2501556	7670893	301130794	959797199	NA	0
1570	4	rocksdb	debian-gcc	2906374	6925555252	2501571	7670893	301268004	960255170	NA	0
1571	4	rocksdb	debian-gcc	5477054	6931032306	2501586	7670893	301492116	960963150	NA	0
1572	4	rocksdb	debian-gcc	6071556	6937103862	2501601	7670893	301747016	961781883	NA	0
1573	4	rocksdb	debian-gcc	5614595	6942718457	2501616	7670893	301978499	962512694	NA	0
1574	4	rocksdb	debian-gcc	2918279	6945636736	2501631	7670893	302117498	962979349	NA	0
1575	4	rocksdb	debian-gcc	5967406	6951604142	2501646	7670893	302365791	963776684	NA	0
1576	4	rocksdb	debian-gcc	3133571	6954737713	2501661	7670893	302511597	964269105	NA	0
1577	4	rocksdb	debian-gcc	5683344	6960421057	2501676	7670893	302744125	965010333	NA	0
1578	4	rocksdb	debian-gcc	2896667	6963317724	2501691	7670893	302882162	965472694	NA	0
1579	4	rocksdb	debian-gcc	6803580	6970121304	2501706	7670893	303175957	966424111	NA	0
1580	4	rocksdb	debian-gcc	6903782	6977025086	2501721	7670893	303474038	967392328	NA	0
1581	4	rocksdb	debian-gcc	5833707	6982858793	2501736	7670893	303714340	968157064	NA	0
1582	4	rocksdb	debian-gcc	6683385	6989542178	2501751	7670893	304000751	969087944	NA	0
1583	4	rocksdb	debian-gcc	6689174	6996231352	2501766	7670893	304287820	970022162	NA	0
1584	4	rocksdb	debian-gcc	6811099	7003042451	2501781	7670893	304580621	970975463	NA	0
1585	4	rocksdb	debian-gcc	6857673	7009900124	2501796	7670893	304874670	971934808	NA	0
1586	4	rocksdb	debian-gcc	6790841	7016690965	2501811	7670893	305163966	972885635	NA	0
1587	4	rocksdb	debian-gcc	6727573	7023418538	2501826	7670893	305453988	973820507	NA	0
1588	4	rocksdb	debian-gcc	1689540	7025108078	2501841	7670893	305536076	974084869	NA	0
1589	4	rocksdb	debian-gcc	6657022	7031765100	2501856	7670893	305824238	975011689	NA	0
1590	4	rocksdb	debian-gcc	6812913	7038578013	2501871	7670893	306117126	975965484	NA	0
1591	4	rocksdb	debian-gcc	6838184	7045416197	2501886	7670893	306411043	976922351	NA	0
1592	4	rocksdb	debian-gcc	6869042	7052285239	2501901	7670893	306706549	977885829	NA	0
1593	4	rocksdb	debian-gcc	6820806	7059106045	2501916	7670893	306999531	978840336	NA	0
1594	4	rocksdb	debian-gcc	3803540	7062909585	2501931	7670893	307146843	979287668	NA	0
1595	4	rocksdb	debian-gcc	3900426	7066810011	2501946	7670893	307297880	979749761	NA	0
1596	4	rocksdb	debian-gcc	5402093	7072212104	2501961	7670893	307519357	980445345	NA	0
1597	4	rocksdb	debian-gcc	4956050	7077168154	2501976	7670893	307717683	981057765	NA	0
1598	4	rocksdb	debian-gcc	6709015	7083877169	2501991	7670893	308005939	981993558	NA	0
1599	4	rocksdb	debian-gcc	2870620	7086747789	2502006	8017217	308143093	982453276	NA	1
1600	4	rocksdb	debian-gcc	6671328	7093419117	2502021	8017217	308429996	983383280	NA	0
1601	4	rocksdb	debian-gcc	6662401	7100081518	2502036	8017217	308717250	984310059	NA	0
1602	4	rocksdb	debian-gcc	761127	7100842645	2502051	8017217	308752205	984428497	NA	0
1603	4	rocksdb	debian-gcc	265266	7101107911	2502066	8017217	308763634	984471408	NA	0
1604	4	rocksdb	debian-gcc	3036517	7104144428	2502081	8017217	308908221	984955502	NA	0
1605	4	rocksdb	debian-gcc	3051884	7107196312	2502096	8017217	309053051	985443646	NA	0
1606	4	rocksdb	debian-gcc	3037777	7110234089	2502111	8017217	309197504	985927933	NA	0
1607	4	rocksdb	debian-gcc	266986	7110501075	2502126	8017217	309209091	985971403	NA	0
1608	4	rocksdb	debian-gcc	768777	7111269852	2502141	8017217	309244554	986091254	NA	0
1609	4	rocksdb	debian-gcc	741537	7112011389	2502156	8017217	309278227	986205875	NA	0
1610	4	rocksdb	debian-gcc	1317046	7113328435	2502171	8017217	309340703	986409618	NA	0
1611	4	rocksdb	debian-gcc	281859	7113610294	2502186	8017217	309352116	986453756	NA	0
1612	4	rocksdb	debian-gcc	259874	7113870168	2502201	8017217	309363354	986495432	NA	0
1613	4	rocksdb	debian-gcc	874777	7114744945	2502216	8017217	309402956	986626880	NA	0
1614	4	rocksdb	debian-gcc	1788708	7116533653	2502231	8017217	309487194	986905974	NA	0
1615	4	rocksdb	debian-gcc	5548108	7122081761	2502246	8017217	309712907	987621934	NA	0
1616	4	rocksdb	debian-gcc	5612393	7127694154	2502261	8017217	309942733	988348662	NA	0
1617	4	rocksdb	debian-gcc	5496460	7133190614	2502276	8017217	310166720	989056477	NA	0
1618	4	rocksdb	debian-gcc	2163492	7135354106	2502291	8017217	310267634	989393733	NA	0
1619	4	rocksdb	debian-gcc	2972444	7138326550	2502306	8017217	310398625	989827239	NA	0
1620	4	rocksdb	debian-gcc	3559646	7141886196	2502321	8017217	310556338	990339524	NA	0
1621	4	rocksdb	debian-gcc	3511208	7145397404	2502336	8017217	310712238	990840961	NA	0
1622	4	rocksdb	debian-gcc	5366574	7150763978	2502351	8017217	310929902	991525061	NA	0
1623	4	rocksdb	debian-gcc	26762	7150790740	2502366	8017217	310931026	991530066	NA	0
1624	4	rocksdb	debian-gcc	2951555	7153742295	2502381	8017217	311072399	992002321	NA	0
1625	4	rocksdb	debian-gcc	198	7153742493	2502396	8017217	311072419	992002443	NA	0
1626	4	rocksdb	debian-gcc	26783	7153769276	2502411	8017217	311073543	992007451	NA	0
1627	4	rocksdb	debian-gcc	204	7153769480	2502426	8017217	311073563	992007573	NA	0
1628	4	rocksdb	debian-gcc	26846	7153796326	2502441	8017217	311074687	992012586	NA	0
1629	4	rocksdb	debian-gcc	26809	7153823135	2502456	8017217	311075814	992017603	NA	0
1630	4	rocksdb	debian-gcc	26779	7153849914	2502471	8017217	311076941	992022619	NA	0
1631	4	rocksdb	debian-gcc	26723	7153876637	2502486	8017217	311078068	992027612	NA	0
1632	4	rocksdb	debian-gcc	26965	7153903602	2502501	8017217	311079187	992032619	NA	0
1633	4	rocksdb	debian-gcc	26938	7153930540	2502516	8017217	311080314	992037652	NA	0
1634	4	rocksdb	debian-gcc	270	7153930810	2502531	8017217	311080334	992037796	NA	0
1635	4	rocksdb	debian-gcc	26983	7153957793	2502546	8017217	311081461	992042822	NA	0
1636	4	rocksdb	debian-gcc	26755	7153984548	2502561	8017217	311082588	992047832	NA	0
1637	4	rocksdb	debian-gcc	3518890	7157503438	2502576	8017217	311229466	992537857	NA	0
1638	4	rocksdb	debian-gcc	2709399	7160212837	2502591	8017217	311358928	992969313	NA	0
1639	4	rocksdb	debian-gcc	2832584	7163045421	2502606	8017217	311494655	993422327	NA	0
1640	4	rocksdb	debian-gcc	3029671	7166075092	2502621	8017217	311638088	993900857	NA	0
1641	4	rocksdb	debian-gcc	26792	7166101884	2502636	8017217	311639213	993905867	NA	0
1642	4	rocksdb	debian-gcc	26755	7166128639	2502651	8017217	311640340	993910877	NA	0
1643	4	rocksdb	debian-gcc	26778	7166155417	2502666	8017217	311641467	993915893	NA	0
1644	4	rocksdb	debian-gcc	26790	7166182207	2502681	8017217	311642593	993920911	NA	0
1645	4	rocksdb	debian-gcc	226	7166182433	2502696	8017217	311642613	993921038	NA	0
1646	4	rocksdb	debian-gcc	232	7166182665	2502711	8017217	311642633	993921170	NA	0
1647	4	rocksdb	debian-gcc	26833	7166209498	2502726	8017217	311643758	993926183	NA	0
1648	4	rocksdb	debian-gcc	246	7166209744	2502741	8017217	311643778	993926315	NA	0
1649	4	rocksdb	debian-gcc	6024341	7172234085	2502756	8017217	311896478	994732633	NA	0
1650	4	rocksdb	debian-gcc	222	7172234307	2502771	8017217	311896498	994732757	NA	0
1651	4	rocksdb	debian-gcc	416	7172234723	2502786	8017217	311896521	994732912	NA	0
1652	4	rocksdb	debian-gcc	1468525	7173703248	2502801	8017217	311967593	994963593	NA	0
1653	4	rocksdb	debian-gcc	2731242	7176434490	2502816	8017217	312098482	995399528	NA	0
1654	4	rocksdb	debian-gcc	5473792	7181908282	2502831	8017217	312322646	996104054	NA	0
1655	4	rocksdb	debian-gcc	234	7181908516	2502846	8017217	312322666	996104181	NA	0
1656	4	rocksdb	debian-gcc	6119982	7188028498	2502861	8017217	312579790	996925094	NA	0
1657	4	rocksdb	debian-gcc	248	7188028746	2502876	8017217	312579810	996925228	NA	0
1658	4	rocksdb	debian-gcc	218	7188028964	2502891	8017217	312579830	996925348	NA	0
1659	4	rocksdb	debian-gcc	918236	7188947200	2502906	8017217	312621806	997065112	NA	0
1660	4	rocksdb	debian-gcc	218	7188947418	2502921	8017217	312621826	997065244	NA	0
1661	4	rocksdb	debian-gcc	232	7188947650	2502936	8017217	312621846	997065374	NA	0
1662	4	rocksdb	debian-gcc	4952898	7193900548	2502951	8017217	312817812	997676798	NA	0
1663	4	rocksdb	debian-gcc	2834902	7196735450	2502966	8017217	312953511	998129388	NA	0
1664	4	rocksdb	debian-gcc	2834911	7199570361	2502981	8017217	313089159	998581944	NA	0
1665	4	rocksdb	debian-gcc	2836684	7202407045	2502996	8017217	313224477	999035297	NA	0
1666	4	rocksdb	debian-gcc	328912	7202735957	2503011	8017217	313236557	999080046	NA	0
1667	4	rocksdb	debian-gcc	2883593	7205619550	2503026	8017217	313374759	999539830	NA	0
1668	4	rocksdb	debian-gcc	2890323	7208509873	2503041	8017217	313513362	1000001355	NA	0
1669	4	rocksdb	debian-gcc	2922616	7211432489	2503056	8017217	313652944	1000469093	NA	0
1670	4	rocksdb	debian-gcc	2862156	7214294645	2503071	8017217	313789866	1000927116	NA	0
1671	4	rocksdb	debian-gcc	2887615	7217182260	2503107	8608721	313928328	1001389220	NA	1
