tu	pass	raw	cumulative_raw	p29_cum_wire	grz2_cum_wire	fastintern_cum_wire	zstd3_cum_wire	pred_cum_wire	grz2_group_closes
0	1	1111313	1111313	198614	NA	258121	170739	NA	0
1	1	1104640	2215953	198858	NA	309518	340896	NA	0
2	1	1111427	3327380	199356	NA	361383	511506	NA	0
3	1	1123736	4451116	200195	NA	414351	682634	NA	0
4	1	1119581	5570697	201090	NA	467121	853690	NA	0
5	1	1109391	6680088	201526	NA	519775	1024558	NA	0
6	1	1224270	7904358	211293	NA	596389	1212315	NA	0
7	1	1126667	9031025	212386	NA	649546	1383685	NA	0
8	1	1369741	10400766	228917	NA	745537	1592859	NA	0
9	1	1168350	11569116	231603	NA	806900	1772296	NA	0
10	1	214310	11783426	233064	NA	817294	1803089	NA	0
11	1	858997	12642423	235737	NA	857577	1931191	NA	0
12	1	221150	12863573	236062	NA	867049	1963149	NA	0
13	1	919338	13782911	237277	NA	911381	2104302	NA	0
14	1	1813167	15596078	307113	NA	1134827	2360478	NA	0
15	1	1343775	16939853	307967	NA	1198016	2560340	NA	0
16	1	840989	17780842	308306	NA	1238130	2690898	NA	0
17	1	1361166	19142008	316370	NA	1320379	2900948	NA	0
18	1	1065261	20207269	316867	NA	1369009	3060273	NA	0
19	1	1155706	21362975	325976	NA	1439512	3240176	NA	0
20	1	1254613	22617588	327243	NA	1502472	3433280	NA	0
21	1	2156053	24773641	360453	NA	1671432	3763567	NA	0
22	1	630003	25403644	360808	NA	1699305	3856965	NA	0
23	1	1446429	26850073	361670	NA	1771186	4079436	NA	0
24	1	1543572	28393645	362082	NA	1845527	4315440	NA	0
25	1	210007	28603652	362371	NA	1853908	4345319	NA	0
26	1	1341834	29945486	363691	NA	1921833	4554163	NA	0
27	1	11192	29956678	363915	NA	1922990	4556331	NA	0
28	1	746326	30703004	364355	NA	1957657	4669862	NA	0
29	1	802893	31505897	364624	NA	1995786	4794443	NA	0
30	1	102214	31608111	364919	NA	2000332	4810399	NA	0
31	1	1150341	32758452	365689	NA	2057940	4988617	NA	0
32	1	1697061	34455513	369401	NA	2136955	5235346	NA	0
33	1	811031	35266544	369847	NA	2174989	5361232	NA	0
34	1	846319	36112863	370209	NA	2214784	5492515	NA	0
35	1	851146	36964009	370475	NA	2252581	5619186	NA	0
36	1	724853	37688862	370671	NA	2285315	5728477	NA	0
37	1	1144269	38833131	371111	NA	2339558	5905571	NA	0
38	1	622239	39455370	371302	NA	2366727	5997882	NA	0
39	1	1273377	40728747	371982	NA	2428413	6194833	NA	0
40	1	650986	41379733	372289	NA	2456713	6290898	NA	0
41	1	354545	41734278	372494	NA	2473242	6346393	NA	0
42	1	1149413	42883691	373631	NA	2530092	6524524	NA	0
43	1	1240270	44123961	373984	NA	2586975	6709495	NA	0
44	1	1705459	45829420	374738	NA	2670468	6970562	NA	0
45	1	1619994	47449414	375336	NA	2753496	7219040	NA	0
46	1	1113360	48562774	379015	NA	2817470	7390942	NA	0
47	1	17188	48579962	379430	NA	2818472	7394091	NA	0
48	1	803111	49383073	379826	NA	2856401	7518671	NA	0
49	1	898645	50281718	380230	NA	2899290	7657082	NA	0
50	1	1082936	51364654	380461	NA	2949783	7822996	NA	0
51	1	810229	52174883	380714	NA	2987828	7948512	NA	0
52	1	763024	52937907	381049	NA	3023178	8063486	NA	0
53	1	5297	52943204	381341	NA	3023631	8064576	NA	0
54	1	921806	53865010	381691	NA	3068286	8209186	NA	0
55	1	1507436	55372446	384746	NA	3147559	8440989	NA	0
56	1	610513	55982959	385185	NA	3171303	8522956	NA	0
57	1	58777	56041736	385673	NA	3173842	8532541	NA	0
58	1	915518	56957254	386208	NA	3218436	8673805	NA	0
59	1	1425503	58382757	386909	NA	3285970	8883463	NA	0
60	1	1084107	59466864	387296	NA	3336599	9049657	NA	0
61	1	622851	60089715	387534	NA	3363942	9142089	NA	0
62	1	1127345	61217060	388246	NA	3416156	9310543	NA	0
63	1	1539901	62756961	388516	NA	3488646	9544727	NA	0
64	1	650272	63407233	388843	NA	3517186	9640887	NA	0
65	1	904019	64311252	389467	NA	3561268	9779550	NA	0
66	1	820648	65131900	390261	NA	3598442	9900910	NA	0
67	1	578728	65710628	390520	NA	3620539	9978291	NA	0
68	1	11130	65721758	390776	NA	3621657	9980620	NA	0
69	1	1499149	67220907	391212	NA	3688753	10195176	NA	0
70	1	1435923	68656830	393356	NA	3764654	10417650	NA	0
71	1	1456269	70113099	393983	NA	3833102	10633064	NA	0
72	1	1057213	71170312	394393	NA	3884572	10797394	NA	0
73	1	1770010	72940322	396203	NA	3973205	11068065	NA	0
74	1	664725	73605047	396604	NA	4002901	11166817	NA	0
75	1	355364	73960411	396828	NA	4019798	11222593	NA	0
76	1	827991	74788402	397061	NA	4058617	11350155	NA	0
77	1	371917	75160319	397369	NA	4076298	11409030	NA	0
78	1	840575	76000894	397651	NA	4115738	11537890	NA	0
79	1	940358	76941252	398038	NA	4162027	11685131	NA	0
80	1	1421405	78362657	398349	NA	4230535	11903076	NA	0
81	1	1140109	79502766	398805	NA	4286082	12080104	NA	0
82	1	759822	80262588	399075	NA	4320984	12194511	NA	0
83	1	1645089	81907677	399737	NA	4400916	12444908	NA	0
84	1	1445789	83353466	400367	NA	4472761	12667257	NA	0
85	1	810229	84163695	400567	NA	4510941	12792789	NA	0
86	1	1342192	85505887	401600	NA	4575997	12997432	NA	0
87	1	768484	86274371	402344	NA	4612874	13113804	NA	0
88	1	1437020	87711391	403300	NA	4684955	13334136	NA	0
89	1	102624	87814015	403592	NA	4689402	13350095	NA	0
90	1	943068	88757083	403849	NA	4735223	13497646	NA	0
91	1	1225492	89982575	404417	NA	4798386	13689431	NA	0
92	1	1589878	91572453	405336	NA	4876343	13930358	NA	0
93	1	1096125	92668578	405530	NA	4927193	14098743	NA	0
94	1	1097655	93766233	405798	NA	4978165	14267437	NA	0
95	1	2060575	95826808	406569	NA	5071863	14575136	NA	0
96	1	1098560	96925368	406847	NA	5123378	14744120	NA	0
97	1	1591784	98517152	407261	NA	5197739	14985277	NA	0
98	1	2239326	100756478	426409	NA	5346872	15331858	NA	0
99	1	1587818	102344296	426616	NA	5420911	15572623	NA	0
100	1	1102324	103446620	427407	NA	5472195	15742143	NA	0
101	1	1257028	104703648	427670	NA	5531939	15936281	NA	0
102	1	1104566	105808214	428045	NA	5581981	16100113	NA	0
103	1	1305128	107113342	428604	NA	5646164	16300521	NA	0
104	1	1334678	108448020	429754	NA	5716168	16506735	NA	0
105	1	1482217	109930237	430276	NA	5785484	16726924	NA	0
106	1	1067317	110997554	430487	NA	5833494	16886441	NA	0
107	1	2148131	113145685	431922	NA	5933099	17208414	NA	0
108	1	1456734	114602419	432895	NA	6006150	17432492	NA	0
109	1	1944167	116546586	433760	NA	6098465	17729989	NA	0
110	1	1275060	117821646	434132	NA	6160233	17926713	NA	0
111	1	658225	118479871	434406	388779	6189099	18024100	NA	1
112	1	1315464	119795335	452965	388779	6253150	18226602	NA	0
113	1	1067085	120862420	453142	388779	6300947	18386293	NA	0
114	1	1707493	122569913	453737	388779	6383380	18645303	NA	0
115	1	1312724	123882637	454206	388779	6447472	18846932	NA	0
116	1	1318821	125201458	454834	388779	6513399	19049588	NA	0
117	1	1539510	126740968	455081	388779	6586233	19283925	NA	0
118	1	1737115	128478083	456356	388779	6664136	19535038	NA	0
119	1	1263854	129741937	456770	388779	6724363	19729463	NA	0
120	1	1185229	130927166	457171	388779	6780538	19912454	NA	0
121	1	1500925	132428091	457524	388779	6848819	20137086	NA	0
122	1	1500845	133928936	457859	388779	6916907	20361750	NA	0
123	1	1108849	135037785	458257	388779	6968750	20532219	NA	0
124	1	3707928	138745713	526140	388779	7158423	21104069	NA	0
125	1	2646392	141392105	527140	388779	7275333	21499503	NA	0
126	1	1329549	142721654	527900	388779	7339250	21703513	NA	0
127	1	1108022	143829676	528238	388779	7391018	21873928	NA	0
128	1	2099460	145929136	530261	388779	7484573	22187166	NA	0
129	1	1368541	147297677	531276	388779	7550114	22397681	NA	0
130	1	1297054	148594731	531621	388779	7611588	22596500	NA	0
131	1	214310	148809041	531673	388779	7619470	22627293	NA	0
132	1	858997	149668038	531725	388779	7657261	22755395	NA	0
133	1	221150	149889188	531777	388779	7665456	22787353	NA	0
134	1	919338	150808526	531829	388779	7707356	22928506	NA	0
135	1	1813167	152621693	531881	388779	7785290	23184682	NA	0
136	1	1343775	153965468	531933	388779	7846190	23384544	NA	0
137	1	840989	154806457	531985	388779	7884977	23515102	NA	0
138	1	1361166	156167623	532037	388779	7949641	23725152	NA	0
139	1	1065261	157232884	532089	388779	7997484	23884477	NA	0
140	1	1155669	158388553	532347	388779	8052542	24064381	NA	0
141	1	1254613	159643166	532399	388779	8111487	24257485	NA	0
142	1	2156016	161799182	532680	388779	8209427	24587777	NA	0
143	1	630003	162429185	532732	388779	8236806	24681175	NA	0
144	1	1446429	163875614	532784	388779	8305002	24903646	NA	0
145	1	1543572	165419186	532836	388779	8377675	25139650	NA	0
146	1	210007	165629193	532888	388779	8385453	25169529	NA	0
147	1	1341834	166971027	532940	388779	8450125	25378373	NA	0
148	1	11192	166982219	532991	388779	8450604	25380541	NA	0
149	1	746326	167728545	533043	388779	8484322	25494072	NA	0
150	1	802893	168531438	533095	388779	8521819	25618653	NA	0
151	1	102214	168633652	533147	388779	8525964	25634609	NA	0
152	1	1150341	169783993	533199	388779	8579961	25812827	NA	0
153	1	1697061	171481054	533251	388779	8655509	26059556	NA	0
154	1	811031	172292085	533303	388779	8693255	26185442	NA	0
155	1	846282	173138367	533401	388779	8732785	26316727	NA	0
156	1	851146	173989513	533453	388779	8770396	26443398	NA	0
157	1	724853	174714366	533505	388779	8802927	26552689	NA	0
158	1	1144269	175858635	533557	388779	8856398	26729783	NA	0
159	1	622239	176480874	533609	388779	8883374	26822094	NA	0
160	1	1273377	177754251	533661	388779	8943395	27019045	NA	0
161	1	650986	178405237	533713	388779	8971433	27115110	NA	0
162	1	354545	178759782	533765	388779	8987776	27170605	NA	0
163	1	1149413	179909195	533817	388779	9040679	27348736	NA	0
164	1	1240270	181149465	533869	388779	9097030	27533707	NA	0
165	1	1705459	182854924	533921	388779	9178033	27794774	NA	0
166	1	1619994	184474918	533973	388779	9254489	28043252	NA	0
167	1	1113286	185588204	534182	388779	9306307	28215158	NA	0
168	1	17188	185605392	534233	388779	9306980	28218307	NA	0
169	1	803111	186408503	534285	388779	9344470	28342887	NA	0
170	1	898645	187307148	534337	388779	9386733	28481298	NA	0
171	1	1082936	188390084	534389	388779	9436756	28647212	NA	0
172	1	810229	189200313	534441	388779	9474502	28772728	NA	0
173	1	763024	189963337	534493	388779	9508799	28887702	NA	0
174	1	5297	189968634	534544	388779	9508967	28888792	NA	0
175	1	921806	190890440	534596	388779	9552746	29033402	NA	0
176	1	1507436	192397876	534648	388779	9624683	29265205	NA	0
177	1	610513	193008389	534700	388779	9647790	29347172	NA	0
178	1	58777	193067166	534752	388779	9649962	29356757	NA	0
179	1	915518	193982684	534804	388779	9692863	29498021	NA	0
180	1	1425503	195408187	534856	388779	9757300	29707679	NA	0
181	1	1084107	196492294	534908	388779	9807493	29873873	NA	0
182	1	622851	197115145	534960	388779	9834534	29966305	NA	0
183	1	1127345	198242490	535012	388779	9885066	30134759	NA	0
184	1	650272	198892762	535064	388779	9913133	30230919	NA	0
185	1	904019	199796781	535116	388779	9954972	30369582	NA	0
186	1	820648	200617429	535168	388779	9991319	30490942	NA	0
187	1	578728	201196157	535220	388779	10013086	30568323	NA	0
188	1	11130	201207287	535271	388779	10013546	30570652	NA	0
189	1	1499149	202706436	535323	388779	10080005	30785208	NA	0
190	1	1435923	204142359	535375	388779	10148270	31007682	NA	0
191	1	1456269	205598628	535427	388779	10214291	31223096	NA	0
192	1	1057213	206655841	535479	388779	10264740	31387426	NA	0
193	1	1769936	208425777	535822	388779	10347715	31658100	NA	0
194	1	664725	209090502	535874	388779	10376459	31756852	NA	0
195	1	355364	209445866	535926	388779	10392857	31812628	NA	0
196	1	827991	210273857	535978	388779	10431235	31940190	NA	0
197	1	371917	210645774	536030	388779	10448511	31999065	NA	0
198	1	840636	211486410	536137	388779	10487746	32127956	NA	0
199	1	940358	212426768	536189	388779	10532194	32275197	NA	0
200	1	1421405	213848173	536241	388779	10599891	32493142	NA	0
201	1	1140109	214988282	536293	388779	10654290	32670170	NA	0
202	1	759822	215748104	536345	388779	10688460	32784577	NA	0
203	1	1645052	217393156	536675	388779	10765969	33034978	NA	0
204	1	1445678	218838834	537007	388779	10835003	33257330	NA	0
205	1	810229	219649063	537059	388779	10872929	33382862	NA	0
206	1	1342192	220991255	537111	388779	10935515	33587505	NA	0
207	1	768484	221759739	537163	388779	10969972	33703877	NA	0
208	1	1437020	223196759	537215	388779	11037997	33924209	NA	0
209	1	102624	223299383	537267	388779	11042161	33940168	NA	0
210	1	943031	224242414	537427	388779	11087352	34087724	NA	0
211	1	1225418	225467832	537980	388779	11147291	34279514	NA	0
212	1	1589878	227057710	538032	388779	11221420	34520441	NA	0
213	1	1096125	228153835	538084	388779	11272054	34688826	NA	0
214	1	1097655	229251490	538136	388779	11322272	34857520	NA	0
215	1	2060538	231312028	538550	388779	11413152	35165225	NA	0
216	1	1098560	232410588	538602	388779	11463814	35334209	NA	0
217	1	1591784	234002372	538654	388779	11537343	35575366	NA	0
218	1	2239326	236241698	538706	388779	11640958	35921947	NA	0
219	1	1587818	237829516	538758	388779	11714422	36162712	NA	0
220	1	1102324	238931840	538810	388779	11765276	36332232	NA	0
221	1	1257028	240188868	538862	388779	11824471	36526370	NA	0
222	1	1104566	241293434	538914	388779	11873184	36690202	NA	0
223	1	1305128	242598562	538966	424652	11934189	36890610	NA	1
224	1	1334678	243933240	540377	424652	11996890	37096824	NA	0
225	1	1482217	245415457	540429	424652	12064098	37317013	NA	0
226	1	1067317	246482774	540481	424652	12111472	37476530	NA	0
227	1	2148131	248630905	540533	424652	12206956	37798503	NA	0
228	1	1456734	250087639	540585	424652	12276157	38022581	NA	0
229	1	1944167	252031806	540637	424652	12364820	38320078	NA	0
230	1	1275060	253306866	540689	424652	12424678	38516802	NA	0
231	1	658225	253965091	540741	424652	12453041	38614189	NA	0
232	1	1315464	255280555	540793	424652	12514682	38816691	NA	0
233	1	1067085	256347640	540845	424652	12562199	38976382	NA	0
234	1	1707493	258055133	540897	424652	12642040	39235392	NA	0
235	1	1312724	259367857	540949	424652	12703448	39437021	NA	0
236	1	1318821	260686678	541001	424652	12765196	39639677	NA	0
237	1	1539901	262226579	541053	424652	12837375	39873861	NA	0
238	1	1748159	263974738	541501	424652	12919996	40138570	NA	0
239	1	1607717	265582455	541943	424652	12995685	40382436	NA	0
240	1	214310	265796765	541958	424652	13003567	40413229	NA	0
241	1	858551	266655316	548938	424652	13041794	40541009	NA	0
242	1	221150	266876466	548953	424652	13049989	40572967	NA	0
243	1	918182	267794648	551492	424652	13091962	40713765	NA	0
244	1	1812753	269607401	557541	424652	13169858	40969607	NA	0
245	1	1342683	270950084	557828	424652	13230783	41169036	NA	0
246	1	839869	271789953	557967	424652	13269496	41299247	NA	0
247	1	1359478	273149431	564753	424652	13334099	41508942	NA	0
248	1	1064821	274214252	564837	424652	13381901	41667975	NA	0
249	1	1154609	275368861	568398	424652	13436630	41847460	NA	0
250	1	1253540	276622401	568735	424652	13495800	42040197	NA	0
251	1	2153022	278775423	574045	424652	13593759	42369627	NA	0
252	1	629535	279404958	574158	424652	13621134	42462802	NA	0
253	1	1445312	280850270	574287	424652	13689181	42684883	NA	0
254	1	1542491	282392761	574384	424652	13761797	42920400	NA	0
255	1	210007	282602768	574399	424652	13769575	42950279	NA	0
256	1	1340085	283942853	574524	424652	13834121	43158730	NA	0
257	1	11192	283954045	574539	424652	13834600	43160898	NA	0
258	1	745287	284699332	574732	424652	13868402	43273944	NA	0
259	1	801773	285501105	574798	424652	13905823	43398123	NA	0
260	1	101775	285602880	574860	424652	13909941	43413950	NA	0
261	1	1149261	286752141	574923	424652	13963904	43591768	NA	0
262	1	1696005	288448146	575007	424652	14039325	43838157	NA	0
263	1	809875	289258021	575089	424652	14077004	43963642	NA	0
264	1	845163	290103184	575157	424652	14116270	44094556	NA	0
265	1	850700	290953884	575231	424652	14153854	44221033	NA	0
266	1	724407	291678291	575295	424652	14186317	44330058	NA	0
267	1	1143189	292821480	575403	424652	14239732	44506627	NA	0
268	1	621762	293443242	575467	424652	14266663	44598712	NA	0
269	1	1272303	294715545	575588	424652	14326628	44795282	NA	0
270	1	650509	295366054	575646	424652	14354628	44891123	NA	0
271	1	354432	295720486	575709	424652	14370957	44946501	NA	0
272	1	1148333	296868819	575800	424652	14423826	45124346	NA	0
273	1	1239832	298108651	575898	424652	14480138	45309111	NA	0
274	1	1703712	299812363	575999	424652	14560972	45569632	NA	0
275	1	1618254	301430617	576102	424652	14637236	45817667	NA	0
276	1	1112235	302542852	576196	424652	14688682	45989147	NA	0
277	1	17188	302560040	576211	424652	14689355	45992296	NA	0
278	1	801991	303362031	576293	424652	14726766	46116565	NA	0
279	1	896956	304258987	576388	424652	14768946	46254650	NA	0
280	1	1081856	305340843	576451	424652	14818909	46420181	NA	0
281	1	809073	306149916	576524	424652	14856573	46545302	NA	0
282	1	762578	306912494	576598	424652	14890858	46660024	NA	0
283	1	5297	306917791	576613	424652	14891026	46661114	NA	0
284	1	919940	307837731	576766	424652	14934982	46805115	NA	0
285	1	1506319	309344050	576867	424652	15006942	47036661	NA	0
286	1	610537	309954587	576938	424652	15030049	47118626	NA	0
287	1	58777	310013364	576953	424652	15032221	47128211	NA	0
288	1	913793	310927157	577038	424652	15075062	47269253	NA	0
289	1	1423798	312350955	577142	424652	15139480	47478522	NA	0
290	1	1083027	313433982	577225	424652	15189577	47644230	NA	0
291	1	622374	314056356	577288	424652	15216611	47736442	NA	0
292	1	1126905	315183261	577389	424652	15267091	47904730	NA	0
293	1	1538154	316721415	577460	424652	15339215	48138429	NA	0
294	1	649795	317371210	577523	424652	15367251	48234355	NA	0
295	1	902287	318273497	577597	424652	15408959	48372608	NA	0
296	1	819727	319093224	577784	424652	15445259	48493536	NA	0
297	1	578752	319671976	577847	424652	15467026	48570920	NA	0
298	1	11130	319683106	577862	424652	15467486	48573249	NA	0
299	1	1498048	321181154	577957	424652	15533828	48787298	NA	0
300	1	1434247	322615401	578098	424652	15601998	49009284	NA	0
301	1	1455837	324071238	578228	424652	15667960	49224533	NA	0
302	1	1055548	325126786	578313	424652	15718327	49388408	NA	0
303	1	1768886	326895672	578798	424652	15800913	49658515	NA	0
304	1	664248	327559920	578869	424652	15829625	49757048	NA	0
305	1	355251	327915171	578927	424652	15846003	49812689	NA	0
306	1	826871	328742042	578985	424652	15884354	49939824	NA	0
307	1	371104	329113146	579096	424652	15901701	49998381	NA	0
308	1	838940	329952086	579170	424652	15940924	50126943	NA	0
309	1	939269	330891355	579253	424652	15985323	50273670	NA	0
310	1	1420324	332311679	579355	424652	16052935	50491375	NA	0
311	1	1138990	333450669	579444	424652	16107336	50668091	NA	0
312	1	759376	334210045	579515	424652	16141475	50782245	NA	0
313	1	1643978	335854023	579665	424652	16218705	51032053	NA	0
314	1	1444672	337298695	579761	424652	16287407	51253872	NA	0
315	1	809249	338107944	579871	424652	16325454	51379082	NA	0
316	1	1341339	339449283	580168	424652	16388000	51583383	NA	0
317	1	768038	340217321	580231	424652	16422410	51699503	NA	0
318	1	1435939	341653260	580327	424652	16490307	51919255	NA	0
319	1	102185	341755445	580390	424652	16494449	51935084	NA	0
320	1	941943	342697388	580476	424652	16539270	52082221	NA	0
321	1	1223698	343921086	580573	424652	16598807	52273530	NA	0
322	1	1588806	345509892	580674	424652	16672818	52514264	NA	0
323	1	1095045	346604937	580738	424652	16723385	52682329	NA	0
324	1	1096575	347701512	580796	424652	16773503	52850657	NA	0
325	1	2058822	349760334	580921	424652	16863993	53158009	NA	0
326	1	1097480	350857814	580984	424652	16914586	53326661	NA	0
327	1	1590712	352448526	581050	424652	16988048	53567381	NA	0
328	1	2237585	354686111	581732	424652	17091484	53913621	NA	0
329	1	1586746	356272857	581788	424652	17164818	54153955	NA	0
330	1	1101244	357374101	581859	424652	17215647	54323105	NA	0
331	1	1255945	358630046	581936	424652	17274824	54516804	NA	0
332	1	1104126	359734172	582007	424652	17323573	54680303	NA	0
333	1	1304045	361038217	582085	424652	17384541	54880230	NA	0
334	1	1333595	362371812	582159	424652	17447228	55085983	NA	0
335	1	1481785	363853597	582241	439899	17514427	55305882	NA	1
336	1	1066877	364920474	583119	439899	17561826	55465150	NA	0
337	1	2146420	367066894	583302	439899	17657294	55786664	NA	0
338	1	1455094	368521988	583417	439899	17726450	56010377	NA	0
339	1	1942432	370464420	583548	439899	17815028	56307688	NA	0
340	1	1273977	371738397	583617	439899	17874923	56504055	NA	0
341	1	657757	372396154	583752	439899	17903255	56601236	NA	0
342	1	1314381	373710535	583834	439899	17964856	56803341	NA	0
343	1	1066645	374777180	583890	439899	18012347	56962780	NA	0
344	1	1706418	376483598	583971	439899	18092183	57221378	NA	0
345	1	1311605	377795203	584046	439899	18153531	57422435	NA	0
346	1	1317738	379112941	584120	439899	18215234	57624664	NA	0
347	1	1153470	380266411	584888	439899	18269500	57800058	NA	0
348	1	214310	380480721	584903	439899	18277382	57830851	NA	0
349	1	858551	381339272	584955	439899	18315140	57958631	NA	0
350	1	221150	381560422	584970	439899	18323335	57990589	NA	0
351	1	918182	382478604	585022	439899	18365156	58131387	NA	0
352	1	1812753	384291357	585074	439899	18443002	58387229	NA	0
353	1	1342683	385634040	585126	439899	18503844	58586658	NA	0
354	1	839869	386473909	585178	439899	18542557	58716869	NA	0
355	1	1359478	387833387	585230	439899	18607160	58926564	NA	0
356	1	1064821	388898208	585282	439899	18654962	59085597	NA	0
357	1	1154609	390052817	585334	439899	18709691	59265082	NA	0
358	1	1253540	391306357	585386	439899	18768548	59457819	NA	0
359	1	2153022	393459379	585438	439899	18866105	59787249	NA	0
360	1	629535	394088914	585490	439899	18893455	59880424	NA	0
361	1	1445312	395534226	585542	439899	18961502	60102505	NA	0
362	1	1542491	397076717	585594	439899	19034118	60338022	NA	0
363	1	210007	397286724	585609	439899	19041896	60367901	NA	0
364	1	1340085	398626809	585661	439899	19106442	60576352	NA	0
365	1	11192	398638001	585676	439899	19106921	60578520	NA	0
366	1	745287	399383288	585728	439899	19140537	60691566	NA	0
367	1	801773	400185061	585780	439899	19177958	60815745	NA	0
368	1	101775	400286836	585832	439899	19182076	60831572	NA	0
369	1	1149261	401436097	585884	439899	19236039	61009390	NA	0
370	1	1696005	403132102	585936	439899	19311460	61255779	NA	0
371	1	809875	403941977	585988	439899	19349139	61381264	NA	0
372	1	845163	404787140	586040	439899	19388405	61512178	NA	0
373	1	850700	405637840	586092	439899	19425989	61638655	NA	0
374	1	724407	406362247	586144	439899	19458452	61747680	NA	0
375	1	1143189	407505436	586196	439899	19511867	61924249	NA	0
376	1	621762	408127198	586248	439899	19538798	62016334	NA	0
377	1	1272303	409399501	586300	439899	19598763	62212904	NA	0
378	1	650509	410050010	586352	439899	19626763	62308745	NA	0
379	1	354432	410404442	586404	439899	19643092	62364123	NA	0
380	1	1148333	411552775	586456	439899	19695961	62541968	NA	0
381	1	1239832	412792607	586508	439899	19752273	62726733	NA	0
382	1	1703712	414496319	586560	439899	19833107	62987254	NA	0
383	1	1618254	416114573	586612	439899	19909371	63235289	NA	0
384	1	1112235	417226808	586664	439899	19960817	63406769	NA	0
385	1	17188	417243996	586679	439899	19961490	63409918	NA	0
386	1	801991	418045987	586731	439899	19998901	63534187	NA	0
387	1	896956	418942943	586783	439899	20041081	63672272	NA	0
388	1	1081856	420024799	586835	439899	20091044	63837803	NA	0
389	1	809252	420834051	586964	439899	20128898	63963011	NA	0
390	1	762578	421596629	587016	439899	20163183	64077733	NA	0
391	1	5297	421601926	587031	439899	20163351	64078823	NA	0
392	1	919940	422521866	587083	439899	20206941	64222824	NA	0
393	1	1506319	424028185	587135	439899	20278901	64454370	NA	0
394	1	610537	424638722	587187	439899	20302008	64536335	NA	0
395	1	58777	424697499	587202	439899	20304180	64545920	NA	0
396	1	913793	425611292	587254	439899	20347021	64686962	NA	0
397	1	1423798	427035090	587306	439899	20411439	64896231	NA	0
398	1	1083027	428118117	587358	439899	20461536	65061939	NA	0
399	1	622374	428740491	587410	439899	20488570	65154151	NA	0
400	1	1126905	429867396	587462	439899	20539050	65322439	NA	0
401	1	1538154	431405550	587514	439899	20611174	65556138	NA	0
402	1	649795	432055345	587566	439899	20639210	65652064	NA	0
403	1	902287	432957632	587618	439899	20680918	65790317	NA	0
404	1	819727	433777359	587670	439899	20717194	65911245	NA	0
405	1	578752	434356111	587722	439899	20738961	65988629	NA	0
406	1	11130	434367241	587737	439899	20739421	65990958	NA	0
407	1	1498048	435865289	587789	439899	20805763	66205007	NA	0
408	1	1434247	437299536	587841	439899	20873933	66426993	NA	0
409	1	1455837	438755373	587893	439899	20939895	66642242	NA	0
410	1	1055548	439810921	587945	439899	20990262	66806117	NA	0
411	1	1768886	441579807	587997	439899	21072848	67076224	NA	0
412	1	664248	442244055	588049	439899	21101560	67174757	NA	0
413	1	355251	442599306	588101	439899	21117938	67230398	NA	0
414	1	826871	443426177	588153	439899	21156289	67357533	NA	0
415	1	371104	443797281	588205	439899	21173518	67416090	NA	0
416	1	838940	444636221	588257	439899	21212741	67544652	NA	0
417	1	939269	445575490	588309	439899	21257140	67691379	NA	0
418	1	1420324	446995814	588361	439899	21324752	67909084	NA	0
419	1	1138990	448134804	588413	439899	21379153	68085800	NA	0
420	1	759376	448894180	588465	439899	21413292	68199954	NA	0
421	1	1643978	450538158	588517	439899	21490522	68449762	NA	0
422	1	1444672	451982830	588569	439899	21559224	68671581	NA	0
423	1	809249	452792079	588621	439899	21597064	68796791	NA	0
424	1	1341339	454133418	588673	439899	21659610	69001092	NA	0
425	1	768038	454901456	588725	439899	21694020	69117212	NA	0
426	1	1435939	456337395	588777	439899	21761917	69336964	NA	0
427	1	102185	456439580	588829	439899	21766059	69352793	NA	0
428	1	941943	457381523	588881	439899	21810880	69499930	NA	0
429	1	1223698	458605221	588933	439899	21870417	69691239	NA	0
430	1	1588806	460194027	588985	439899	21944428	69931973	NA	0
431	1	1095045	461289072	589037	439899	21994995	70100038	NA	0
432	1	1096575	462385647	589089	439899	22045113	70268366	NA	0
433	1	2058822	464444469	589141	439899	22135603	70575718	NA	0
434	1	1097480	465541949	589193	439899	22186196	70744370	NA	0
435	1	1590712	467132661	589245	439899	22259658	70985090	NA	0
436	1	2237585	469370246	589297	439899	22363094	71331330	NA	0
437	1	1586746	470956992	589349	439899	22436428	71571664	NA	0
438	1	1101244	472058236	589401	439899	22487257	71740814	NA	0
439	1	1255945	473314181	589453	439899	22546434	71934513	NA	0
440	1	1104126	474418307	589505	439899	22595183	72098012	NA	0
441	1	1304045	475722352	589557	439899	22656151	72297939	NA	0
442	1	1333595	477055947	589609	439899	22718838	72503692	NA	0
443	1	1481785	478537732	589661	439899	22786037	72723591	NA	0
444	1	1066877	479604609	589713	439899	22833436	72882859	NA	0
445	1	2146420	481751029	589765	439899	22928904	73204373	NA	0
446	1	1455094	483206123	589817	439899	22998060	73428086	NA	0
447	1	1942432	485148555	589869	444210	23086638	73725397	NA	1
448	1	1273977	486422532	591621	444210	23146533	73921764	NA	0
449	1	657757	487080289	591673	444210	23174842	74018945	NA	0
450	1	1314381	488394670	591725	444210	23236443	74221050	NA	0
451	1	1066645	489461315	591777	444210	23283934	74380489	NA	0
452	1	1706418	491167733	591829	444210	23363770	74639087	NA	0
453	1	1311605	492479338	591881	444210	23425118	74840144	NA	0
454	1	1317738	493797076	591933	444210	23486821	75042373	NA	0
455	1	1921139	495718215	593021	444210	23571347	75327835	NA	0
456	1	1948150	497666365	593790	444210	23656441	75618114	NA	0
457	1	1106225	498772590	594125	444210	23708257	75788518	NA	0
458	1	1308339	500080929	594459	444210	23769852	75989765	NA	0
459	1	1106474	501187403	594782	444210	23821433	76160040	NA	0
460	1	1106113	502293516	595094	444210	23872938	76330256	NA	0
461	1	1105884	503399400	595396	444210	23924403	76500463	NA	0
462	1	1106126	504505526	595710	444210	23975854	76670697	NA	0
463	1	1106228	505611754	596158	444210	24027856	76841007	NA	0
464	1	214310	505826064	596173	444210	24035738	76871800	NA	0
465	1	858997	506685061	596188	444210	24073529	76999902	NA	0
466	1	221150	506906211	596203	444210	24081724	77031860	NA	0
467	1	919338	507825549	596218	444210	24123624	77173013	NA	0
468	1	1813167	509638716	596233	444210	24201558	77429189	NA	0
469	1	1343775	510982491	596248	444210	24262458	77629051	NA	0
470	1	840989	511823480	596263	444210	24301245	77759609	NA	0
471	1	1361166	513184646	596278	444210	24365909	77969659	NA	0
472	1	1065261	514249907	596293	444210	24413752	78128984	NA	0
473	1	1155706	515405613	596345	444210	24468570	78308887	NA	0
474	1	1254613	516660226	596360	444210	24527515	78501991	NA	0
475	1	2156053	518816279	596412	444210	24625213	78832278	NA	0
476	1	630003	519446282	596427	444210	24652592	78925676	NA	0
477	1	1446429	520892711	596442	444210	24720788	79148147	NA	0
478	1	1543572	522436283	596457	444210	24793461	79384151	NA	0
479	1	210007	522646290	596472	444210	24801239	79414030	NA	0
480	1	1341834	523988124	596487	444210	24865911	79622874	NA	0
481	1	11192	523999316	596502	444210	24866390	79625042	NA	0
482	1	746326	524745642	596517	444210	24900108	79738573	NA	0
483	1	802893	525548535	596532	444210	24937605	79863154	NA	0
484	1	102214	525650749	596547	444210	24941750	79879110	NA	0
485	1	1150341	526801090	596562	444210	24995747	80057328	NA	0
486	1	1697061	528498151	596577	444210	25071295	80304057	NA	0
487	1	811031	529309182	596592	444210	25109041	80429943	NA	0
488	1	846319	530155501	596644	444210	25148319	80561226	NA	0
489	1	851146	531006647	596659	444210	25185930	80687897	NA	0
490	1	724853	531731500	596674	444210	25218461	80797188	NA	0
491	1	1144269	532875769	596689	444210	25271932	80974282	NA	0
492	1	622239	533498008	596704	444210	25298908	81066593	NA	0
493	1	1273377	534771385	596719	444210	25358929	81263544	NA	0
494	1	650986	535422371	596734	444210	25386967	81359609	NA	0
495	1	354545	535776916	596749	444210	25403310	81415104	NA	0
496	1	1149413	536926329	596764	444210	25456213	81593235	NA	0
497	1	1240270	538166599	596779	444210	25512564	81778206	NA	0
498	1	1705459	539872058	596794	444210	25593567	82039273	NA	0
499	1	1619994	541492052	596809	444210	25670023	82287751	NA	0
500	1	1113360	542605412	596861	444210	25721563	82459653	NA	0
501	1	17188	542622600	596876	444210	25722236	82462802	NA	0
502	1	803111	543425711	596891	444210	25759726	82587382	NA	0
503	1	898645	544324356	596906	444210	25801989	82725793	NA	0
504	1	1082936	545407292	596921	444210	25852012	82891707	NA	0
505	1	810229	546217521	596936	444210	25889758	83017223	NA	0
506	1	763024	546980545	596951	444210	25924055	83132197	NA	0
507	1	5297	546985842	596966	444210	25924223	83133287	NA	0
508	1	921806	547907648	596981	444210	25968002	83277897	NA	0
509	1	1507436	549415084	596996	444210	26039939	83509700	NA	0
510	1	610513	550025597	597011	444210	26063046	83591667	NA	0
511	1	58777	550084374	597026	444210	26065218	83601252	NA	0
512	1	915518	550999892	597041	444210	26108119	83742516	NA	0
513	1	1425503	552425395	597056	444210	26172556	83952174	NA	0
514	1	1084107	553509502	597071	444210	26222749	84118368	NA	0
515	1	622851	554132353	597086	444210	26249790	84210800	NA	0
516	1	1127345	555259698	597101	444210	26300322	84379254	NA	0
517	1	1539901	556799599	597116	444210	26372501	84613438	NA	0
518	1	650272	557449871	597131	444210	26400568	84709598	NA	0
519	1	904019	558353890	597146	444210	26442407	84848261	NA	0
520	1	820648	559174538	597161	444210	26478754	84969621	NA	0
521	1	578728	559753266	597176	444210	26500521	85047002	NA	0
522	1	11130	559764396	597191	444210	26500981	85049331	NA	0
523	1	1499149	561263545	597206	444210	26567440	85263887	NA	0
524	1	1435923	562699468	597221	444210	26635705	85486361	NA	0
525	1	1456269	564155737	597236	444210	26701726	85701775	NA	0
526	1	1057213	565212950	597251	444210	26752175	85866105	NA	0
527	1	1770010	566982960	597303	444210	26834734	86136776	NA	0
528	1	664725	567647685	597318	444210	26863478	86235528	NA	0
529	1	355364	568003049	597333	444210	26879876	86291304	NA	0
530	1	827991	568831040	597348	444210	26918254	86418866	NA	0
531	1	371917	569202957	597363	444210	26935530	86477741	NA	0
532	1	840636	570043593	597415	444210	26974765	86606632	NA	0
533	1	940358	570983951	597430	444210	27019213	86753873	NA	0
534	1	1421405	572405356	597445	444210	27086910	86971818	NA	0
535	1	1140109	573545465	597460	444210	27141309	87148846	NA	0
536	1	759822	574305287	597475	444210	27175479	87263253	NA	0
537	1	1645089	575950376	597527	444210	27252742	87513650	NA	0
538	1	1445789	577396165	597579	444210	27321465	87735999	NA	0
539	1	810229	578206394	597594	444210	27359391	87861531	NA	0
540	1	1342192	579548586	597609	444210	27421977	88066174	NA	0
541	1	768484	580317070	597624	444210	27456434	88182546	NA	0
542	1	1437020	581754090	597639	444210	27524459	88402878	NA	0
543	1	102624	581856714	597654	444210	27528623	88418837	NA	0
544	1	943068	582799782	597706	444210	27573598	88566388	NA	0
545	1	1225492	584025274	597758	444210	27633271	88758173	NA	0
546	1	1589878	585615152	597773	444210	27707400	88999100	NA	0
547	1	1096125	586711277	597788	444210	27758034	89167485	NA	0
548	1	1097655	587808932	597803	444210	27808252	89336179	NA	0
549	1	2060575	589869507	597855	444210	27898900	89643878	NA	0
550	1	1098560	590968067	597870	444210	27949562	89812862	NA	0
551	1	1591784	592559851	597885	444210	28023091	90054019	NA	0
552	1	2239326	594799177	597900	444210	28126706	90400600	NA	0
553	1	1587818	596386995	597915	444210	28200170	90641365	NA	0
554	1	1102324	597489319	597930	444210	28251024	90810885	NA	0
555	1	1257028	598746347	597945	444210	28310219	91005023	NA	0
556	1	1104566	599850913	597960	444210	28358932	91168855	NA	0
557	1	1305128	601156041	597975	444210	28419937	91369263	NA	0
558	1	1334678	602490719	597990	444210	28482638	91575477	NA	0
559	1	1482217	603972936	598005	449512	28549846	91795666	NA	1
560	1	1067317	605040253	600546	449512	28597220	91955183	NA	0
561	1	2148131	607188384	600561	449512	28692704	92277156	NA	0
562	1	1456734	608645118	600576	449512	28761905	92501234	NA	0
563	1	1944167	610589285	600591	449512	28850568	92798731	NA	0
564	1	1275060	611864345	600606	449512	28910426	92995455	NA	0
565	1	658225	612522570	600621	449512	28938789	93092842	NA	0
566	1	1315464	613838034	600636	449512	29000430	93295344	NA	0
567	1	1067085	614905119	600651	449512	29047947	93455035	NA	0
568	1	1707493	616612612	600666	449512	29127788	93714045	NA	0
569	1	1312724	617925336	600681	449512	29189196	93915674	NA	0
570	1	1318821	619244157	600696	449512	29250944	94118330	NA	0
571	1	1123218	620367375	601766	449512	29303860	94289657	NA	0
572	1	1185229	621552604	602175	449512	29359777	94472379	NA	0
573	1	1347151	622899755	602561	449512	29423532	94678627	NA	0
574	1	1354234	624253989	603118	449512	29488061	94885847	NA	0
575	1	1347049	625601038	603483	449512	29551744	95092018	NA	0
576	1	1107945	626708983	603853	449512	29603691	95262559	NA	0
577	1	252	626709235	603996	449512	29603795	95262700	NA	0
578	1	1366855	628076090	604657	449512	29668844	95472245	NA	0
579	1	214310	628290400	604672	449512	29676726	95503038	NA	0
580	1	858997	629149397	604687	449512	29714517	95631140	NA	0
581	1	221150	629370547	604702	449512	29722712	95663098	NA	0
582	1	919338	630289885	604717	449512	29764612	95804251	NA	0
583	1	1813167	632103052	604732	449512	29842546	96060427	NA	0
584	1	1343775	633446827	604747	449512	29903446	96260289	NA	0
585	1	840989	634287816	604762	449512	29942233	96390847	NA	0
586	1	1361166	635648982	604777	449512	30006897	96600897	NA	0
587	1	1065261	636714243	604792	449512	30054740	96760222	NA	0
588	1	1155706	637869949	604807	449512	30109558	96940125	NA	0
589	1	1254613	639124562	604822	449512	30168503	97133229	NA	0
590	1	2156053	641280615	604837	449512	30266201	97463516	NA	0
591	1	630003	641910618	604852	449512	30293580	97556914	NA	0
592	1	1446429	643357047	604867	449512	30361776	97779385	NA	0
593	1	1543572	644900619	604882	449512	30434449	98015389	NA	0
594	1	210007	645110626	604897	449512	30442227	98045268	NA	0
595	1	1341834	646452460	604912	449512	30506899	98254112	NA	0
596	1	11192	646463652	604927	449512	30507378	98256280	NA	0
597	1	746326	647209978	604942	449512	30541096	98369811	NA	0
598	1	802893	648012871	604957	449512	30578593	98494392	NA	0
599	1	102214	648115085	604972	449512	30582738	98510348	NA	0
600	1	1150341	649265426	604987	449512	30636735	98688566	NA	0
601	1	1697061	650962487	605002	449512	30712283	98935295	NA	0
602	1	811031	651773518	605017	449512	30750029	99061181	NA	0
603	1	846319	652619837	605032	449512	30789307	99192464	NA	0
604	1	851146	653470983	605047	449512	30826918	99319135	NA	0
605	1	724853	654195836	605062	449512	30859449	99428426	NA	0
606	1	1144269	655340105	605077	449512	30912920	99605520	NA	0
607	1	622239	655962344	605092	449512	30939896	99697831	NA	0
608	1	1273377	657235721	605107	449512	30999917	99894782	NA	0
609	1	650986	657886707	605122	449512	31027955	99990847	NA	0
610	1	354545	658241252	605137	449512	31044298	100046342	NA	0
611	1	1149413	659390665	605152	449512	31097201	100224473	NA	0
612	1	1240270	660630935	605167	449512	31153552	100409444	NA	0
613	1	1705459	662336394	605182	449512	31234555	100670511	NA	0
614	1	1619994	663956388	605197	449512	31311011	100918989	NA	0
615	1	1113360	665069748	605212	449512	31362551	101090891	NA	0
616	1	17188	665086936	605227	449512	31363224	101094040	NA	0
617	1	803111	665890047	605242	449512	31400714	101218620	NA	0
618	1	898645	666788692	605257	449512	31442977	101357031	NA	0
619	1	1082936	667871628	605272	449512	31493000	101522945	NA	0
620	1	810229	668681857	605287	449512	31530746	101648461	NA	0
621	1	763024	669444881	605302	449512	31565043	101763435	NA	0
622	1	5297	669450178	605317	449512	31565211	101764525	NA	0
623	1	921806	670371984	605332	449512	31608990	101909135	NA	0
624	1	1507436	671879420	605347	449512	31680927	102140938	NA	0
625	1	610513	672489933	605362	449512	31704034	102222905	NA	0
626	1	58777	672548710	605377	449512	31706206	102232490	NA	0
627	1	915518	673464228	605392	449512	31749107	102373754	NA	0
628	1	1425503	674889731	605407	449512	31813544	102583412	NA	0
629	1	1084107	675973838	605422	449512	31863737	102749606	NA	0
630	1	622851	676596689	605437	449512	31890778	102842038	NA	0
631	1	1127345	677724034	605452	449512	31941310	103010492	NA	0
632	1	1539901	679263935	605467	449512	32013489	103244676	NA	0
633	1	650272	679914207	605482	449512	32041556	103340836	NA	0
634	1	904019	680818226	605497	449512	32083395	103479499	NA	0
635	1	820648	681638874	605512	449512	32119742	103600859	NA	0
636	1	578728	682217602	605527	449512	32141509	103678240	NA	0
637	1	11130	682228732	605542	449512	32141969	103680569	NA	0
638	1	1499149	683727881	605557	449512	32208428	103895125	NA	0
639	1	1435923	685163804	605572	449512	32276693	104117599	NA	0
640	1	1456269	686620073	605587	449512	32342714	104333013	NA	0
641	1	1057213	687677286	605602	449512	32393163	104497343	NA	0
642	1	1770010	689447296	605617	449512	32475722	104768014	NA	0
643	1	664725	690112021	605632	449512	32504466	104866766	NA	0
644	1	355364	690467385	605647	449512	32520864	104922542	NA	0
645	1	827991	691295376	605662	449512	32559242	105050104	NA	0
646	1	371917	691667293	605677	449512	32576518	105108979	NA	0
647	1	840636	692507929	605692	449512	32615753	105237870	NA	0
648	1	940358	693448287	605707	449512	32660201	105385111	NA	0
649	1	1421405	694869692	605722	449512	32727898	105603056	NA	0
650	1	1140109	696009801	605737	449512	32782297	105780084	NA	0
651	1	759822	696769623	605752	449512	32816467	105894491	NA	0
652	1	1645089	698414712	605767	449512	32893730	106144888	NA	0
653	1	1445789	699860501	605782	449512	32962453	106367237	NA	0
654	1	810229	700670730	605797	449512	33000379	106492769	NA	0
655	1	1342192	702012922	605812	449512	33062965	106697412	NA	0
656	1	768484	702781406	605827	449512	33097422	106813784	NA	0
657	1	1437020	704218426	605842	449512	33165447	107034116	NA	0
658	1	102624	704321050	605857	449512	33169611	107050075	NA	0
659	1	943068	705264118	605872	449512	33214586	107197626	NA	0
660	1	1225492	706489610	605887	449512	33274259	107389411	NA	0
661	1	1589878	708079488	605902	449512	33348388	107630338	NA	0
662	1	1096125	709175613	605917	449512	33399022	107798723	NA	0
663	1	1097655	710273268	605932	449512	33449240	107967417	NA	0
664	1	2060575	712333843	605947	449512	33539888	108275116	NA	0
665	1	1098560	713432403	605962	449512	33590550	108444100	NA	0
666	1	1591784	715024187	605977	449512	33664079	108685257	NA	0
667	1	2239326	717263513	605992	449512	33767694	109031838	NA	0
668	1	1587818	718851331	606007	449512	33841158	109272603	NA	0
669	1	1102324	719953655	606022	449512	33892012	109442123	NA	0
670	1	1257028	721210683	606037	449512	33951207	109636261	NA	0
671	1	1104566	722315249	606052	454650	33999920	109800093	NA	1
672	1	1305128	723620377	707525	454650	34060925	110000501	NA	0
673	1	1334678	724955055	707540	454650	34123626	110206715	NA	0
674	1	1482217	726437272	707555	454650	34190834	110426904	NA	0
675	1	1067317	727504589	707570	454650	34238208	110586421	NA	0
676	1	2148131	729652720	707585	454650	34333692	110908394	NA	0
677	1	1456734	731109454	707600	454650	34402893	111132472	NA	0
678	1	1944167	733053621	707615	454650	34491556	111429969	NA	0
679	1	1275060	734328681	707630	454650	34551414	111626693	NA	0
680	1	658225	734986906	707645	454650	34579777	111724080	NA	0
681	1	1315464	736302370	707660	454650	34641418	111926582	NA	0
682	1	1067085	737369455	707675	454650	34688935	112086273	NA	0
683	1	1707493	739076948	707690	454650	34768776	112345283	NA	0
684	1	1312724	740389672	707705	454650	34830184	112546912	NA	0
685	1	1318821	741708493	707720	454650	34891932	112749568	NA	0
686	1	1153874	742862367	709158	454650	34947118	112924226	NA	0
687	1	1105846	743968213	709481	454650	34998557	113094451	NA	0
688	1	1351618	745319831	709982	454650	35062799	113301170	NA	0
689	1	1169843	746489674	710451	454650	35117851	113481872	NA	0
690	1	731129	747220803	710704	454650	35151138	113592669	NA	0
691	1	1421045	748641848	717451	454650	35227455	113808537	NA	0
692	1	1117514	749759362	718153	454650	35280133	113979617	NA	0
693	1	1491409	751250771	719462	454650	35351548	114203651	NA	0
694	1	1778132	753028903	722287	454650	35432806	114466748	NA	0
695	1	1907973	754936876	731745	454650	35525802	114728309	NA	0
696	1	1178394	756115270	732386	454650	35582104	114908981	NA	0
697	1	1363679	757478949	737840	454650	35643397	115098975	NA	0
698	1	1473896	758952845	740774	454650	35709363	115310019	NA	0
699	1	2178204	761131049	754970	454650	35807699	115586674	NA	0
700	1	1678831	762809880	756218	454650	35881761	115826610	NA	0
701	1	2236448	765046328	762061	454650	35982411	116140648	NA	0
702	1	2171642	767217970	764658	454650	36080984	116462837	NA	0
703	1	1127282	768345252	765567	454650	36134071	116634682	NA	0
704	1	1309187	769654439	769773	454650	36194104	116823647	NA	0
705	1	2320297	771974736	774784	454650	36296446	117148554	NA	0
706	1	1502123	773476859	777114	454650	36367975	117373555	NA	0
707	1	1924714	775401573	777659	454650	36453433	117660709	NA	0
708	1	1118492	776520065	778441	454650	36506051	117831890	NA	0
709	1	1660696	778180761	780572	454650	36582091	118078518	NA	0
710	1	1208282	779389043	784177	454650	36641093	118253900	NA	0
711	1	1745622	781134665	785763	454650	36721679	118515609	NA	0
712	1	1124361	782259026	786683	454650	36774781	118687592	NA	0
713	1	1315470	783574496	787315	454650	36837653	118889742	NA	0
714	1	1914486	785488982	796232	454650	36922480	119147414	NA	0
715	1	1380395	786869377	803349	454650	36986672	119337083	NA	0
716	1	1964085	788833462	805142	454650	37073749	119628222	NA	0
717	1	1143944	789977406	805670	454650	37126776	119799731	NA	0
718	1	1222548	791199954	807836	454650	37185732	119982877	NA	0
719	1	2089483	793289437	811444	454650	37278022	120285329	NA	0
720	1	1270963	794560400	812172	454650	37340218	120481239	NA	0
721	1	1222063	795782463	812647	454650	37397613	120668738	NA	0
722	1	1517343	797299806	817553	454650	37463982	120880197	NA	0
723	1	1140094	798439900	819358	454650	37519042	121053239	NA	0
724	1	2052941	800492841	821060	454650	37610718	121357398	NA	0
725	1	1222607	801715448	825192	454650	37670479	121535292	NA	0
726	1	1312854	803028302	829703	454650	37733114	121727761	NA	0
727	1	1293762	804322064	835982	454650	37792683	121905869	NA	0
728	1	1151507	805473571	836655	454650	37847207	122081281	NA	0
729	1	1653226	807126797	838665	454650	37923644	122327833	NA	0
730	1	1184481	808311278	841602	454650	37981114	122504072	NA	0
731	1	1611667	809922945	845668	454650	38053760	122736590	NA	0
732	1	8626	809931571	845849	454650	38054134	122738095	NA	0
733	1	2496563	812428134	855982	454650	38169863	123077645	NA	0
734	1	2284592	814712726	863170	454650	38279961	123393091	NA	0
735	1	1252167	815964893	866984	454650	38339802	123575051	NA	0
736	1	1506128	817471021	877550	454650	38410243	123774673	NA	0
737	1	1258827	818729848	878832	454650	38470550	123965447	NA	0
738	1	1109042	819838890	879257	454650	38522540	124135999	NA	0
739	1	1123405	820962295	880206	454650	38575771	124307303	NA	0
740	1	1387850	822350145	883011	454650	38643195	124511315	NA	0
741	1	1160114	823510259	883834	454650	38697779	124687394	NA	0
742	1	1115092	824625351	884482	454650	38750378	124858404	NA	0
743	1	1190349	825815700	885479	454650	38807319	125039901	NA	0
744	1	1217444	827033144	891599	454650	38875081	125223179	NA	0
745	1	1144880	828178024	892953	454650	38929676	125396555	NA	0
746	1	1134545	829312569	894309	454650	38984098	125568633	NA	0
747	1	1502247	830814816	898208	454650	39055222	125790829	NA	0
748	1	1109452	831924268	898640	454650	39107101	125961322	NA	0
749	1	214310	832138578	898655	454650	39114983	125992115	NA	0
750	1	858997	832997575	898670	454650	39152774	126120217	NA	0
751	1	221150	833218725	898685	454650	39160969	126152175	NA	0
752	1	919338	834138063	898700	454650	39202869	126293328	NA	0
753	1	1813167	835951230	898715	454650	39280803	126549504	NA	0
754	1	1343775	837295005	898730	454650	39341703	126749366	NA	0
755	1	840989	838135994	898745	454650	39380490	126879924	NA	0
756	1	1361166	839497160	898760	454650	39445154	127089974	NA	0
757	1	1065261	840562421	898775	454650	39492997	127249299	NA	0
758	1	1155706	841718127	898790	454650	39547815	127429202	NA	0
759	1	1254613	842972740	898805	454650	39606760	127622306	NA	0
760	1	2213805	845186545	903417	454650	39715817	127959856	NA	0
761	1	630003	845816548	903432	454650	39743196	128053254	NA	0
762	1	1446429	847262977	903447	454650	39811392	128275725	NA	0
763	1	1543572	848806549	903462	454650	39884065	128511729	NA	0
764	1	210007	849016556	903477	454650	39891843	128541608	NA	0
765	1	1341834	850358390	903492	454650	39956515	128750452	NA	0
766	1	11192	850369582	903507	454650	39956994	128752620	NA	0
767	1	746326	851115908	903522	454650	39990712	128866151	NA	0
768	1	802893	851918801	903537	454650	40028209	128990732	NA	0
769	1	102214	852021015	903552	454650	40032354	129006688	NA	0
770	1	1150341	853171356	903567	454650	40086351	129184906	NA	0
771	1	1697061	854868417	903582	454650	40161899	129431635	NA	0
772	1	811031	855679448	903597	454650	40199645	129557521	NA	0
773	1	846319	856525767	903612	454650	40238923	129688804	NA	0
774	1	851146	857376913	903627	454650	40276534	129815475	NA	0
775	1	724853	858101766	903642	454650	40309065	129924766	NA	0
776	1	1144269	859246035	903657	454650	40362536	130101860	NA	0
777	1	622239	859868274	903672	454650	40389512	130194171	NA	0
778	1	1273377	861141651	903687	454650	40449533	130391122	NA	0
779	1	650986	861792637	903702	454650	40477571	130487187	NA	0
780	1	354545	862147182	903717	454650	40493914	130542682	NA	0
781	1	1298030	863445212	903924	454650	40553366	130740747	NA	0
782	1	1240270	864685482	903939	454650	40609717	130925718	NA	0
783	1	1705459	866390941	903954	623443	40690720	131186785	NA	1
784	1	1619994	868010935	904992	623443	40767176	131435263	NA	0
785	1	1113360	869124295	905007	623443	40818716	131607165	NA	0
786	1	17188	869141483	905022	623443	40819389	131610314	NA	0
787	1	803111	869944594	905037	623443	40856879	131734894	NA	0
788	1	898645	870843239	905052	623443	40899142	131873305	NA	0
789	1	1082936	871926175	905067	623443	40949165	132039219	NA	0
790	1	810229	872736404	905082	623443	40986911	132164735	NA	0
791	1	763024	873499428	905097	623443	41021208	132279709	NA	0
792	1	5297	873504725	905112	623443	41021376	132280799	NA	0
793	1	921806	874426531	905127	623443	41065155	132425409	NA	0
794	1	1507436	875933967	905142	623443	41137092	132657212	NA	0
795	1	610513	876544480	905157	623443	41160199	132739179	NA	0
796	1	58777	876603257	905172	623443	41162371	132748764	NA	0
797	1	915518	877518775	905187	623443	41205272	132890028	NA	0
798	1	1425503	878944278	905202	623443	41269709	133099686	NA	0
799	1	1084107	880028385	905217	623443	41319902	133265880	NA	0
800	1	622851	880651236	905232	623443	41346943	133358312	NA	0
801	1	1127345	881778581	905247	623443	41397475	133526766	NA	0
802	1	1539901	883318482	905262	623443	41469654	133760950	NA	0
803	1	650285	883968767	905390	623443	41497801	133857112	NA	0
804	1	904019	884872786	905405	623443	41539640	133995775	NA	0
805	1	820648	885693434	905420	623443	41575987	134117135	NA	0
806	1	578728	886272162	905435	623443	41597754	134194516	NA	0
807	1	11130	886283292	905450	623443	41598214	134196845	NA	0
808	1	1499149	887782441	905465	623443	41664673	134411401	NA	0
809	1	1435923	889218364	905480	623443	41732938	134633875	NA	0
810	1	1456269	890674633	905495	623443	41798959	134849289	NA	0
811	1	1237036	891911669	905771	623443	41856891	135036630	NA	0
812	1	1851920	893763589	906031	623443	41939930	135316928	NA	0
813	1	664725	894428314	906046	623443	41968674	135415680	NA	0
814	1	355364	894783678	906061	623443	41985072	135471456	NA	0
815	1	827991	895611669	906076	623443	42023450	135599018	NA	0
816	1	371917	895983586	906091	623443	42040726	135657893	NA	0
817	1	840636	896824222	906106	623443	42079961	135786784	NA	0
818	1	940358	897764580	906121	623443	42124409	135934025	NA	0
819	1	1421405	899185985	906136	623443	42192106	136151970	NA	0
820	1	1140109	900326094	906151	623443	42246505	136328998	NA	0
821	1	759822	901085916	906166	623443	42280675	136443405	NA	0
822	1	1645089	902731005	906181	623443	42357938	136693802	NA	0
823	1	1445789	904176794	906196	623443	42426661	136916151	NA	0
824	1	810229	904987023	906211	623443	42464587	137041683	NA	0
825	1	1342192	906329215	906226	623443	42527173	137246326	NA	0
826	1	768484	907097699	906241	623443	42561630	137362698	NA	0
827	1	1437020	908534719	906256	623443	42629655	137583030	NA	0
828	1	102624	908637343	906271	623443	42633819	137598989	NA	0
829	1	943068	909580411	906286	623443	42678794	137746540	NA	0
830	1	1225492	910805903	906301	623443	42738467	137938325	NA	0
831	1	1589878	912395781	906316	623443	42812596	138179252	NA	0
832	1	1096125	913491906	906331	623443	42863230	138347637	NA	0
833	1	1097655	914589561	906346	623443	42913448	138516331	NA	0
834	1	2060575	916650136	906361	623443	43004096	138824030	NA	0
835	1	1098560	917748696	906376	623443	43054758	138993014	NA	0
836	1	1591784	919340480	906391	623443	43128287	139234171	NA	0
837	1	2239326	921579806	906406	623443	43231902	139580752	NA	0
838	1	1587818	923167624	906421	623443	43305366	139821517	NA	0
839	1	1102324	924269948	906436	623443	43356220	139991037	NA	0
840	1	1257028	925526976	906451	623443	43415415	140185175	NA	0
841	1	1104566	926631542	906466	623443	43464128	140349007	NA	0
842	1	1305128	927936670	906481	623443	43525133	140549415	NA	0
843	1	1334678	929271348	906496	623443	43587834	140755629	NA	0
844	1	1482217	930753565	906511	623443	43655042	140975818	NA	0
845	1	1067317	931820882	906526	623443	43702416	141135335	NA	0
846	1	2148131	933969013	906541	623443	43797900	141457308	NA	0
847	1	1456734	935425747	906556	623443	43867101	141681386	NA	0
848	1	1944167	937369914	906571	623443	43955764	141978883	NA	0
849	1	1275060	938644974	906586	623443	44015622	142175607	NA	0
850	1	658225	939303199	906601	623443	44043985	142272994	NA	0
851	1	1315464	940618663	906616	623443	44105626	142475496	NA	0
852	1	1067085	941685748	906631	623443	44153143	142635187	NA	0
853	1	1707493	943393241	906646	623443	44232984	142894197	NA	0
854	1	1312724	944705965	906661	623443	44294392	143095826	NA	0
855	1	1318821	946024786	906676	623443	44356140	143298482	NA	0
856	1	1227449	947252235	907324	623443	44414168	143486409	NA	0
857	2	1111313	948363548	907374	623443	44465332	143657148	NA	0
858	2	1104640	949468188	907425	623443	44516327	143827305	NA	0
859	2	1111427	950579615	907476	623443	44567490	143997915	NA	0
860	2	1123736	951703351	907527	623443	44618917	144169043	NA	0
861	2	1119581	952822932	907578	623443	44670313	144340099	NA	0
862	2	1109391	953932323	907629	623443	44721447	144510967	NA	0
863	2	1224270	955156593	907680	623443	44778058	144698724	NA	0
864	2	1126667	956283260	907731	623443	44829587	144870094	NA	0
865	2	1369741	957653001	907782	623443	44893359	145079268	NA	0
866	2	1168350	958821351	907834	623443	44947681	145258705	NA	0
867	2	214310	959035661	907849	623443	44955563	145289498	NA	0
868	2	858997	959894658	907864	623443	44993354	145417600	NA	0
869	2	221150	960115808	907879	623443	45001549	145449558	NA	0
870	2	919338	961035146	907894	623443	45043449	145590711	NA	0
871	2	1813167	962848313	907909	623443	45121383	145846887	NA	0
872	2	1343775	964192088	907924	623443	45182283	146046749	NA	0
873	2	840989	965033077	907939	623443	45221070	146177307	NA	0
874	2	1361166	966394243	907954	623443	45285734	146387357	NA	0
875	2	1065261	967459504	907969	623443	45333577	146546682	NA	0
876	2	1155706	968615210	907984	623443	45388395	146726585	NA	0
877	2	1254613	969869823	907999	623443	45447340	146919689	NA	0
878	2	2156053	972025876	908014	623443	45545038	147249976	NA	0
879	2	630003	972655879	908029	623443	45572417	147343374	NA	0
880	2	1446429	974102308	908044	623443	45640613	147565845	NA	0
881	2	1543572	975645880	908059	623443	45713286	147801849	NA	0
882	2	210007	975855887	908074	623443	45721064	147831728	NA	0
883	2	1341834	977197721	908089	623443	45785736	148040572	NA	0
884	2	11192	977208913	908104	623443	45786215	148042740	NA	0
885	2	746326	977955239	908119	623443	45819933	148156271	NA	0
886	2	802893	978758132	908134	623443	45857430	148280852	NA	0
887	2	102214	978860346	908149	623443	45861575	148296808	NA	0
888	2	1150341	980010687	908164	623443	45915572	148475026	NA	0
889	2	1697061	981707748	908179	623443	45991120	148721755	NA	0
890	2	811031	982518779	908194	623443	46028866	148847641	NA	0
891	2	846319	983365098	908209	623443	46068144	148978924	NA	0
892	2	851146	984216244	908224	623443	46105755	149105595	NA	0
893	2	724853	984941097	908239	623443	46138286	149214886	NA	0
894	2	1144269	986085366	908254	623443	46191757	149391980	NA	0
895	2	622239	986707605	908269	626391	46218733	149484291	NA	1
896	2	1273377	987980982	908284	626391	46278754	149681242	NA	0
897	2	650986	988631968	908299	626391	46306792	149777307	NA	0
898	2	354545	988986513	908314	626391	46323135	149832802	NA	0
899	2	1149413	990135926	908329	626391	46376038	150010933	NA	0
900	2	1240270	991376196	908344	626391	46432389	150195904	NA	0
901	2	1705459	993081655	908359	626391	46513392	150456971	NA	0
902	2	1619994	994701649	908374	626391	46589848	150705449	NA	0
903	2	1113360	995815009	908389	626391	46641388	150877351	NA	0
904	2	17188	995832197	908404	626391	46642061	150880500	NA	0
905	2	803111	996635308	908419	626391	46679551	151005080	NA	0
906	2	898645	997533953	908434	626391	46721814	151143491	NA	0
907	2	1082936	998616889	908449	626391	46771837	151309405	NA	0
908	2	810229	999427118	908464	626391	46809583	151434921	NA	0
909	2	763024	1000190142	908479	626391	46843880	151549895	NA	0
910	2	5297	1000195439	908494	626391	46844048	151550985	NA	0
911	2	921806	1001117245	908509	626391	46887827	151695595	NA	0
912	2	1507436	1002624681	908524	626391	46959764	151927398	NA	0
913	2	610513	1003235194	908539	626391	46982871	152009365	NA	0
914	2	58777	1003293971	908554	626391	46985043	152018950	NA	0
915	2	915518	1004209489	908569	626391	47027944	152160214	NA	0
916	2	1425503	1005634992	908584	626391	47092381	152369872	NA	0
917	2	1084107	1006719099	908599	626391	47142574	152536066	NA	0
918	2	622851	1007341950	908614	626391	47169615	152628498	NA	0
919	2	1127345	1008469295	908629	626391	47220147	152796952	NA	0
920	2	1539901	1010009196	908644	626391	47292326	153031136	NA	0
921	2	650272	1010659468	908659	626391	47320393	153127296	NA	0
922	2	904019	1011563487	908674	626391	47362232	153265959	NA	0
923	2	820648	1012384135	908689	626391	47398579	153387319	NA	0
924	2	578728	1012962863	908704	626391	47420346	153464700	NA	0
925	2	11130	1012973993	908719	626391	47420806	153467029	NA	0
926	2	1499149	1014473142	908734	626391	47487265	153681585	NA	0
927	2	1435923	1015909065	908749	626391	47555530	153904059	NA	0
928	2	1456269	1017365334	908764	626391	47621551	154119473	NA	0
929	2	1057213	1018422547	908779	626391	47672000	154283803	NA	0
930	2	1770010	1020192557	908794	626391	47754559	154554474	NA	0
931	2	664725	1020857282	908809	626391	47783303	154653226	NA	0
932	2	355364	1021212646	908824	626391	47799701	154709002	NA	0
933	2	827991	1022040637	908839	626391	47838079	154836564	NA	0
934	2	371917	1022412554	908854	626391	47855355	154895439	NA	0
935	2	840575	1023253129	908906	626391	47894583	155024299	NA	0
936	2	940358	1024193487	908921	626391	47939031	155171540	NA	0
937	2	1421405	1025614892	908936	626391	48006728	155389485	NA	0
938	2	1140109	1026755001	908951	626391	48061127	155566513	NA	0
939	2	759822	1027514823	908966	626391	48095297	155680920	NA	0
940	2	1645089	1029159912	908981	626391	48172560	155931317	NA	0
941	2	1445789	1030605701	908996	626391	48241283	156153666	NA	0
942	2	810229	1031415930	909011	626391	48279209	156279198	NA	0
943	2	1342192	1032758122	909026	626391	48341795	156483841	NA	0
944	2	768484	1033526606	909041	626391	48376252	156600213	NA	0
945	2	1437020	1034963626	909056	626391	48444277	156820545	NA	0
946	2	102624	1035066250	909071	626391	48448441	156836504	NA	0
947	2	943068	1036009318	909086	626391	48493416	156984055	NA	0
948	2	1225492	1037234810	909101	626391	48553089	157175840	NA	0
949	2	1589878	1038824688	909116	626391	48627218	157416767	NA	0
950	2	1096125	1039920813	909131	626391	48677852	157585152	NA	0
951	2	1097655	1041018468	909146	626391	48728070	157753846	NA	0
952	2	2060575	1043079043	909161	626391	48818718	158061545	NA	0
953	2	1098560	1044177603	909176	626391	48869380	158230529	NA	0
954	2	1591784	1045769387	909191	626391	48942909	158471686	NA	0
955	2	2239326	1048008713	909206	626391	49046524	158818267	NA	0
956	2	1587818	1049596531	909221	626391	49119988	159059032	NA	0
957	2	1102324	1050698855	909236	626391	49170842	159228552	NA	0
958	2	1257028	1051955883	909251	626391	49230037	159422690	NA	0
959	2	1104566	1053060449	909266	626391	49278750	159586522	NA	0
960	2	1305128	1054365577	909281	626391	49339755	159786930	NA	0
961	2	1334678	1055700255	909296	626391	49402456	159993144	NA	0
962	2	1482217	1057182472	909311	626391	49469664	160213333	NA	0
963	2	1067317	1058249789	909326	626391	49517038	160372850	NA	0
964	2	2148131	1060397920	909341	626391	49612522	160694823	NA	0
965	2	1456734	1061854654	909356	626391	49681723	160918901	NA	0
966	2	1944167	1063798821	909371	626391	49770386	161216398	NA	0
967	2	1275060	1065073881	909386	626391	49830244	161413122	NA	0
968	2	658225	1065732106	909401	626391	49858607	161510509	NA	0
969	2	1315464	1067047570	909416	626391	49920248	161713011	NA	0
970	2	1067085	1068114655	909431	626391	49967765	161872702	NA	0
971	2	1707493	1069822148	909446	626391	50047606	162131712	NA	0
972	2	1312724	1071134872	909461	626391	50109014	162333341	NA	0
973	2	1318821	1072453693	909476	626391	50170762	162535997	NA	0
974	2	1539510	1073993203	909528	626391	50243032	162770334	NA	0
975	2	1737115	1075730318	909580	626391	50319351	163021447	NA	0
976	2	1263854	1076994172	909632	626391	50378178	163215872	NA	0
977	2	1185229	1078179401	909684	626391	50433064	163398863	NA	0
978	2	1500925	1079680326	909736	626391	50500250	163623495	NA	0
979	2	1500845	1081181171	909788	626391	50567448	163848159	NA	0
980	2	1108849	1082290020	909840	626391	50618519	164018628	NA	0
981	2	3707928	1085997948	909892	626391	50786753	164590478	NA	0
982	2	2646392	1088644340	909944	626391	50901082	164985912	NA	0
983	2	1329549	1089973889	909996	626391	50962899	165189922	NA	0
984	2	1108022	1091081911	910048	626391	51013940	165360337	NA	0
985	2	2099460	1093181371	910100	626391	51105683	165673575	NA	0
986	2	1368541	1094549912	910152	626391	51169768	165884090	NA	0
987	2	1297054	1095846966	910204	626391	51230777	166082909	NA	0
988	2	214310	1096061276	910219	626391	51238659	166113702	NA	0
989	2	858997	1096920273	910234	626391	51276450	166241804	NA	0
990	2	221150	1097141423	910249	626391	51284645	166273762	NA	0
991	2	919338	1098060761	910264	626391	51326545	166414915	NA	0
992	2	1813167	1099873928	910279	626391	51404479	166671091	NA	0
993	2	1343775	1101217703	910294	626391	51465379	166870953	NA	0
994	2	840989	1102058692	910309	626391	51504166	167001511	NA	0
995	2	1361166	1103419858	910324	626391	51568830	167211561	NA	0
996	2	1065261	1104485119	910339	626391	51616673	167370886	NA	0
997	2	1155669	1105640788	910391	626391	51671491	167550790	NA	0
998	2	1254613	1106895401	910406	626391	51730436	167743894	NA	0
999	2	2156016	1109051417	910458	626391	51828134	168074186	NA	0
1000	2	630003	1109681420	910473	626391	51855513	168167584	NA	0
1001	2	1446429	1111127849	910488	626391	51923709	168390055	NA	0
1002	2	1543572	1112671421	910503	626391	51996382	168626059	NA	0
1003	2	210007	1112881428	910518	626391	52004160	168655938	NA	0
1004	2	1341834	1114223262	910533	626391	52068832	168864782	NA	0
1005	2	11192	1114234454	910548	626391	52069311	168866950	NA	0
1006	2	746326	1114980780	910563	626391	52103029	168980481	NA	0
1007	2	802893	1115783673	910578	627425	52140526	169105062	NA	1
1008	2	102214	1115885887	910593	627425	52144671	169121018	NA	0
1009	2	1150341	1117036228	910608	627425	52198668	169299236	NA	0
1010	2	1697061	1118733289	910623	627425	52274216	169545965	NA	0
1011	2	811031	1119544320	910638	627425	52311962	169671851	NA	0
1012	2	846282	1120390602	910690	627425	52351240	169803136	NA	0
1013	2	851146	1121241748	910705	627425	52388851	169929807	NA	0
1014	2	724853	1121966601	910720	627425	52421382	170039098	NA	0
1015	2	1144269	1123110870	910735	627425	52474853	170216192	NA	0
1016	2	622239	1123733109	910750	627425	52501829	170308503	NA	0
1017	2	1273377	1125006486	910765	627425	52561850	170505454	NA	0
1018	2	650986	1125657472	910780	627425	52589888	170601519	NA	0
1019	2	354545	1126012017	910795	627425	52606231	170657014	NA	0
1020	2	1149413	1127161430	910810	627425	52659134	170835145	NA	0
1021	2	1240270	1128401700	910825	627425	52715485	171020116	NA	0
1022	2	1705459	1130107159	910840	627425	52796488	171281183	NA	0
1023	2	1619994	1131727153	910855	627425	52872944	171529661	NA	0
1024	2	1113286	1132840439	910907	627425	52924484	171701567	NA	0
1025	2	17188	1132857627	910922	627425	52925157	171704716	NA	0
1026	2	803111	1133660738	910937	627425	52962647	171829296	NA	0
1027	2	898645	1134559383	910952	627425	53004910	171967707	NA	0
1028	2	1082936	1135642319	910967	627425	53054933	172133621	NA	0
1029	2	810229	1136452548	910982	627425	53092679	172259137	NA	0
1030	2	763024	1137215572	910997	627425	53126976	172374111	NA	0
1031	2	5297	1137220869	911012	627425	53127144	172375201	NA	0
1032	2	921806	1138142675	911027	627425	53170923	172519811	NA	0
1033	2	1507436	1139650111	911042	627425	53242860	172751614	NA	0
1034	2	610513	1140260624	911057	627425	53265967	172833581	NA	0
1035	2	58777	1140319401	911072	627425	53268139	172843166	NA	0
1036	2	915518	1141234919	911087	627425	53311040	172984430	NA	0
1037	2	1425503	1142660422	911102	627425	53375477	173194088	NA	0
1038	2	1084107	1143744529	911117	627425	53425670	173360282	NA	0
1039	2	622851	1144367380	911132	627425	53452711	173452714	NA	0
1040	2	1127345	1145494725	911147	627425	53503243	173621168	NA	0
1041	2	650272	1146144997	911162	627425	53531310	173717328	NA	0
1042	2	904019	1147049016	911177	627425	53573149	173855991	NA	0
1043	2	820648	1147869664	911192	627425	53609496	173977351	NA	0
1044	2	578728	1148448392	911207	627425	53631263	174054732	NA	0
1045	2	11130	1148459522	911222	627425	53631723	174057061	NA	0
1046	2	1499149	1149958671	911237	627425	53698182	174271617	NA	0
1047	2	1435923	1151394594	911252	627425	53766447	174494091	NA	0
1048	2	1456269	1152850863	911267	627425	53832468	174709505	NA	0
1049	2	1057213	1153908076	911282	627425	53882917	174873835	NA	0
1050	2	1769936	1155678012	911334	627425	53965476	175144509	NA	0
1051	2	664725	1156342737	911349	627425	53994220	175243261	NA	0
1052	2	355364	1156698101	911364	627425	54010618	175299037	NA	0
1053	2	827991	1157526092	911379	627425	54048996	175426599	NA	0
1054	2	371917	1157898009	911394	627425	54066272	175485474	NA	0
1055	2	840636	1158738645	911409	627425	54105507	175614365	NA	0
1056	2	940358	1159679003	911424	627425	54149955	175761606	NA	0
1057	2	1421405	1161100408	911439	627425	54217652	175979551	NA	0
1058	2	1140109	1162240517	911454	627425	54272051	176156579	NA	0
1059	2	759822	1163000339	911469	627425	54306221	176270986	NA	0
1060	2	1645052	1164645391	911521	627425	54383484	176521387	NA	0
1061	2	1445678	1166091069	911573	627425	54452207	176743739	NA	0
1062	2	810229	1166901298	911588	627425	54490133	176869271	NA	0
1063	2	1342192	1168243490	911603	627425	54552719	177073914	NA	0
1064	2	768484	1169011974	911618	627425	54587176	177190286	NA	0
1065	2	1437020	1170448994	911633	627425	54655201	177410618	NA	0
1066	2	102624	1170551618	911648	627425	54659365	177426577	NA	0
1067	2	943031	1171494649	911700	627425	54704340	177574133	NA	0
1068	2	1225418	1172720067	911752	627425	54764013	177765923	NA	0
1069	2	1589878	1174309945	911767	627425	54838142	178006850	NA	0
1070	2	1096125	1175406070	911782	627425	54888776	178175235	NA	0
1071	2	1097655	1176503725	911797	627425	54938994	178343929	NA	0
1072	2	2060538	1178564263	911849	627425	55029642	178651634	NA	0
1073	2	1098560	1179662823	911864	627425	55080304	178820618	NA	0
1074	2	1591784	1181254607	911879	627425	55153833	179061775	NA	0
1075	2	2239326	1183493933	911894	627425	55257448	179408356	NA	0
1076	2	1587818	1185081751	911909	627425	55330912	179649121	NA	0
1077	2	1102324	1186184075	911924	627425	55381766	179818641	NA	0
1078	2	1257028	1187441103	911939	627425	55440961	180012779	NA	0
1079	2	1104566	1188545669	911954	627425	55489674	180176611	NA	0
1080	2	1305128	1189850797	911969	627425	55550679	180377019	NA	0
1081	2	1334678	1191185475	911984	627425	55613380	180583233	NA	0
1082	2	1482217	1192667692	911999	627425	55680588	180803422	NA	0
1083	2	1067317	1193735009	912014	627425	55727962	180962939	NA	0
1084	2	2148131	1195883140	912029	627425	55823446	181284912	NA	0
1085	2	1456734	1197339874	912044	627425	55892647	181508990	NA	0
1086	2	1944167	1199284041	912059	627425	55981310	181806487	NA	0
1087	2	1275060	1200559101	912074	627425	56041168	182003211	NA	0
1088	2	658225	1201217326	912089	627425	56069531	182100598	NA	0
1089	2	1315464	1202532790	912104	627425	56131172	182303100	NA	0
1090	2	1067085	1203599875	912119	627425	56178689	182462791	NA	0
1091	2	1707493	1205307368	912134	627425	56258530	182721801	NA	0
1092	2	1312724	1206620092	912149	627425	56319938	182923430	NA	0
1093	2	1318821	1207938913	912164	627425	56381686	183126086	NA	0
1094	2	1539901	1209478814	912179	627425	56453865	183360270	NA	0
1095	2	1748159	1211226973	912231	627425	56535619	183624979	NA	0
1096	2	1607717	1212834690	912283	627425	56610511	183868845	NA	0
1097	2	214310	1213049000	912298	627425	56618393	183899638	NA	0
1098	2	858551	1213907551	912313	627425	56656151	184027418	NA	0
1099	2	221150	1214128701	912328	627425	56664346	184059376	NA	0
1100	2	918182	1215046883	912343	627425	56706167	184200174	NA	0
1101	2	1812753	1216859636	912358	627425	56784013	184456016	NA	0
1102	2	1342683	1218202319	912373	627425	56844855	184655445	NA	0
1103	2	839869	1219042188	912388	627425	56883568	184785656	NA	0
1104	2	1359478	1220401666	912403	627425	56948171	184995351	NA	0
1105	2	1064821	1221466487	912418	627425	56995973	185154384	NA	0
1106	2	1154609	1222621096	912433	627425	57050702	185333869	NA	0
1107	2	1253540	1223874636	912448	627425	57109559	185526606	NA	0
1108	2	2153022	1226027658	912463	627425	57207116	185856036	NA	0
1109	2	629535	1226657193	912478	627425	57234466	185949211	NA	0
1110	2	1445312	1228102505	912493	627425	57302513	186171292	NA	0
1111	2	1542491	1229644996	912508	627425	57375129	186406809	NA	0
1112	2	210007	1229855003	912523	627425	57382907	186436688	NA	0
1113	2	1340085	1231195088	912538	627425	57447453	186645139	NA	0
1114	2	11192	1231206280	912553	627425	57447932	186647307	NA	0
1115	2	745287	1231951567	912568	627425	57481548	186760353	NA	0
1116	2	801773	1232753340	912583	627425	57518969	186884532	NA	0
1117	2	101775	1232855115	912598	627425	57523087	186900359	NA	0
1118	2	1149261	1234004376	912613	627425	57577050	187078177	NA	0
1119	2	1696005	1235700381	912628	813272	57652471	187324566	NA	1
1120	2	809875	1236510256	912643	813272	57690150	187450051	NA	0
1121	2	845163	1237355419	912658	813272	57729416	187580965	NA	0
1122	2	850700	1238206119	912673	813272	57767000	187707442	NA	0
1123	2	724407	1238930526	912688	813272	57799463	187816467	NA	0
1124	2	1143189	1240073715	912703	813272	57852878	187993036	NA	0
1125	2	621762	1240695477	912718	813272	57879809	188085121	NA	0
1126	2	1272303	1241967780	912733	813272	57939774	188281691	NA	0
1127	2	650509	1242618289	912748	813272	57967774	188377532	NA	0
1128	2	354432	1242972721	912763	813272	57984103	188432910	NA	0
1129	2	1148333	1244121054	912778	813272	58036972	188610755	NA	0
1130	2	1239832	1245360886	912793	813272	58093284	188795520	NA	0
1131	2	1703712	1247064598	912808	813272	58174118	189056041	NA	0
1132	2	1618254	1248682852	912823	813272	58250382	189304076	NA	0
1133	2	1112235	1249795087	912838	813272	58301828	189475556	NA	0
1134	2	17188	1249812275	912853	813272	58302501	189478705	NA	0
1135	2	801991	1250614266	912868	813272	58339912	189602974	NA	0
1136	2	896956	1251511222	912883	813272	58382092	189741059	NA	0
1137	2	1081856	1252593078	912898	813272	58432055	189906590	NA	0
1138	2	809073	1253402151	912950	813272	58469719	190031711	NA	0
1139	2	762578	1254164729	912965	813272	58504004	190146433	NA	0
1140	2	5297	1254170026	912980	813272	58504172	190147523	NA	0
1141	2	919940	1255089966	912995	813272	58547762	190291524	NA	0
1142	2	1506319	1256596285	913010	813272	58619722	190523070	NA	0
1143	2	610537	1257206822	913025	813272	58642829	190605035	NA	0
1144	2	58777	1257265599	913040	813272	58645001	190614620	NA	0
1145	2	913793	1258179392	913055	813272	58687842	190755662	NA	0
1146	2	1423798	1259603190	913070	813272	58752260	190964931	NA	0
1147	2	1083027	1260686217	913085	813272	58802357	191130639	NA	0
1148	2	622374	1261308591	913100	813272	58829391	191222851	NA	0
1149	2	1126905	1262435496	913115	813272	58879871	191391139	NA	0
1150	2	1538154	1263973650	913130	813272	58951995	191624838	NA	0
1151	2	649795	1264623445	913145	813272	58980031	191720764	NA	0
1152	2	902287	1265525732	913160	813272	59021739	191859017	NA	0
1153	2	819727	1266345459	913175	813272	59058015	191979945	NA	0
1154	2	578752	1266924211	913190	813272	59079782	192057329	NA	0
1155	2	11130	1266935341	913205	813272	59080242	192059658	NA	0
1156	2	1498048	1268433389	913220	813272	59146584	192273707	NA	0
1157	2	1434247	1269867636	913235	813272	59214754	192495693	NA	0
1158	2	1455837	1271323473	913250	813272	59280716	192710942	NA	0
1159	2	1055548	1272379021	913265	813272	59331083	192874817	NA	0
1160	2	1768886	1274147907	913280	813272	59413669	193144924	NA	0
1161	2	664248	1274812155	913295	813272	59442381	193243457	NA	0
1162	2	355251	1275167406	913310	813272	59458759	193299098	NA	0
1163	2	826871	1275994277	913325	813272	59497110	193426233	NA	0
1164	2	371104	1276365381	913340	813272	59514339	193484790	NA	0
1165	2	838940	1277204321	913355	813272	59553562	193613352	NA	0
1166	2	939269	1278143590	913370	813272	59597961	193760079	NA	0
1167	2	1420324	1279563914	913385	813272	59665573	193977784	NA	0
1168	2	1138990	1280702904	913400	813272	59719974	194154500	NA	0
1169	2	759376	1281462280	913415	813272	59754113	194268654	NA	0
1170	2	1643978	1283106258	913430	813272	59831343	194518462	NA	0
1171	2	1444672	1284550930	913445	813272	59900045	194740281	NA	0
1172	2	809249	1285360179	913460	813272	59937885	194865491	NA	0
1173	2	1341339	1286701518	913475	813272	60000431	195069792	NA	0
1174	2	768038	1287469556	913490	813272	60034841	195185912	NA	0
1175	2	1435939	1288905495	913505	813272	60102738	195405664	NA	0
1176	2	102185	1289007680	913520	813272	60106880	195421493	NA	0
1177	2	941943	1289949623	913535	813272	60151701	195568630	NA	0
1178	2	1223698	1291173321	913550	813272	60211238	195759939	NA	0
1179	2	1588806	1292762127	913565	813272	60285249	196000673	NA	0
1180	2	1095045	1293857172	913580	813272	60335816	196168738	NA	0
1181	2	1096575	1294953747	913595	813272	60385934	196337066	NA	0
1182	2	2058822	1297012569	913610	813272	60476424	196644418	NA	0
1183	2	1097480	1298110049	913625	813272	60527017	196813070	NA	0
1184	2	1590712	1299700761	913640	813272	60600479	197053790	NA	0
1185	2	2237585	1301938346	913655	813272	60703915	197400030	NA	0
1186	2	1586746	1303525092	913670	813272	60777249	197640364	NA	0
1187	2	1101244	1304626336	913685	813272	60828078	197809514	NA	0
1188	2	1255945	1305882281	913700	813272	60887255	198003213	NA	0
1189	2	1104126	1306986407	913715	813272	60936004	198166712	NA	0
1190	2	1304045	1308290452	913730	813272	60996972	198366639	NA	0
1191	2	1333595	1309624047	913745	813272	61059659	198572392	NA	0
1192	2	1481785	1311105832	913760	813272	61126858	198792291	NA	0
1193	2	1066877	1312172709	913775	813272	61174257	198951559	NA	0
1194	2	2146420	1314319129	913790	813272	61269725	199273073	NA	0
1195	2	1455094	1315774223	913805	813272	61338881	199496786	NA	0
1196	2	1942432	1317716655	913820	813272	61427459	199794097	NA	0
1197	2	1273977	1318990632	913835	813272	61487354	199990464	NA	0
1198	2	657757	1319648389	913850	813272	61515663	200087645	NA	0
1199	2	1314381	1320962770	913865	813272	61577264	200289750	NA	0
1200	2	1066645	1322029415	913880	813272	61624755	200449189	NA	0
1201	2	1706418	1323735833	913895	813272	61704591	200707787	NA	0
1202	2	1311605	1325047438	913910	813272	61765939	200908844	NA	0
1203	2	1317738	1326365176	913925	813272	61827642	201111073	NA	0
1204	2	1153470	1327518646	913977	813272	61880737	201286467	NA	0
1205	2	214310	1327732956	913992	813272	61888619	201317260	NA	0
1206	2	858551	1328591507	914007	813272	61926377	201445040	NA	0
1207	2	221150	1328812657	914022	813272	61934572	201476998	NA	0
1208	2	918182	1329730839	914037	813272	61976393	201617796	NA	0
1209	2	1812753	1331543592	914052	813272	62054239	201873638	NA	0
1210	2	1342683	1332886275	914067	813272	62115081	202073067	NA	0
1211	2	839869	1333726144	914082	813272	62153794	202203278	NA	0
1212	2	1359478	1335085622	914097	813272	62218397	202412973	NA	0
1213	2	1064821	1336150443	914112	813272	62266199	202572006	NA	0
1214	2	1154609	1337305052	914127	813272	62320928	202751491	NA	0
1215	2	1253540	1338558592	914142	813272	62379785	202944228	NA	0
1216	2	2153022	1340711614	914157	813272	62477342	203273658	NA	0
1217	2	629535	1341341149	914172	813272	62504692	203366833	NA	0
1218	2	1445312	1342786461	914187	813272	62572739	203588914	NA	0
1219	2	1542491	1344328952	914202	813272	62645355	203824431	NA	0
1220	2	210007	1344538959	914217	813272	62653133	203854310	NA	0
1221	2	1340085	1345879044	914232	813272	62717679	204062761	NA	0
1222	2	11192	1345890236	914247	813272	62718158	204064929	NA	0
1223	2	745287	1346635523	914262	813272	62751774	204177975	NA	0
1224	2	801773	1347437296	914277	813272	62789195	204302154	NA	0
1225	2	101775	1347539071	914292	813272	62793313	204317981	NA	0
1226	2	1149261	1348688332	914307	813272	62847276	204495799	NA	0
1227	2	1696005	1350384337	914322	813272	62922697	204742188	NA	0
1228	2	809875	1351194212	914337	813272	62960376	204867673	NA	0
1229	2	845163	1352039375	914352	813272	62999642	204998587	NA	0
1230	2	850700	1352890075	914367	813272	63037226	205125064	NA	0
1231	2	724407	1353614482	914382	815384	63069689	205234089	NA	1
1232	2	1143189	1354757671	914397	815384	63123104	205410658	NA	0
1233	2	621762	1355379433	914412	815384	63150035	205502743	NA	0
1234	2	1272303	1356651736	914427	815384	63210000	205699313	NA	0
1235	2	650509	1357302245	914442	815384	63238000	205795154	NA	0
1236	2	354432	1357656677	914457	815384	63254329	205850532	NA	0
1237	2	1148333	1358805010	914472	815384	63307198	206028377	NA	0
1238	2	1239832	1360044842	914487	815384	63363510	206213142	NA	0
1239	2	1703712	1361748554	914502	815384	63444344	206473663	NA	0
1240	2	1618254	1363366808	914517	815384	63520608	206721698	NA	0
1241	2	1112235	1364479043	914532	815384	63572054	206893178	NA	0
1242	2	17188	1364496231	914547	815384	63572727	206896327	NA	0
1243	2	801991	1365298222	914562	815384	63610138	207020596	NA	0
1244	2	896956	1366195178	914577	815384	63652318	207158681	NA	0
1245	2	1081856	1367277034	914592	815384	63702281	207324212	NA	0
1246	2	809252	1368086286	914644	815384	63739956	207449420	NA	0
1247	2	762578	1368848864	914659	815384	63774241	207564142	NA	0
1248	2	5297	1368854161	914674	815384	63774409	207565232	NA	0
1249	2	919940	1369774101	914689	815384	63817999	207709233	NA	0
1250	2	1506319	1371280420	914704	815384	63889959	207940779	NA	0
1251	2	610537	1371890957	914719	815384	63913066	208022744	NA	0
1252	2	58777	1371949734	914734	815384	63915238	208032329	NA	0
1253	2	913793	1372863527	914749	815384	63958079	208173371	NA	0
1254	2	1423798	1374287325	914764	815384	64022497	208382640	NA	0
1255	2	1083027	1375370352	914779	815384	64072594	208548348	NA	0
1256	2	622374	1375992726	914794	815384	64099628	208640560	NA	0
1257	2	1126905	1377119631	914809	815384	64150108	208808848	NA	0
1258	2	1538154	1378657785	914824	815384	64222232	209042547	NA	0
1259	2	649795	1379307580	914839	815384	64250268	209138473	NA	0
1260	2	902287	1380209867	914854	815384	64291976	209276726	NA	0
1261	2	819727	1381029594	914869	815384	64328252	209397654	NA	0
1262	2	578752	1381608346	914884	815384	64350019	209475038	NA	0
1263	2	11130	1381619476	914899	815384	64350479	209477367	NA	0
1264	2	1498048	1383117524	914914	815384	64416821	209691416	NA	0
1265	2	1434247	1384551771	914929	815384	64484991	209913402	NA	0
1266	2	1455837	1386007608	914944	815384	64550953	210128651	NA	0
1267	2	1055548	1387063156	914959	815384	64601320	210292526	NA	0
1268	2	1768886	1388832042	914974	815384	64683906	210562633	NA	0
1269	2	664248	1389496290	914989	815384	64712618	210661166	NA	0
1270	2	355251	1389851541	915004	815384	64728996	210716807	NA	0
1271	2	826871	1390678412	915019	815384	64767347	210843942	NA	0
1272	2	371104	1391049516	915034	815384	64784576	210902499	NA	0
1273	2	838940	1391888456	915049	815384	64823799	211031061	NA	0
1274	2	939269	1392827725	915064	815384	64868198	211177788	NA	0
1275	2	1420324	1394248049	915079	815384	64935810	211395493	NA	0
1276	2	1138990	1395387039	915094	815384	64990211	211572209	NA	0
1277	2	759376	1396146415	915109	815384	65024350	211686363	NA	0
1278	2	1643978	1397790393	915124	815384	65101580	211936171	NA	0
1279	2	1444672	1399235065	915139	815384	65170282	212157990	NA	0
1280	2	809249	1400044314	915154	815384	65208122	212283200	NA	0
1281	2	1341339	1401385653	915169	815384	65270668	212487501	NA	0
1282	2	768038	1402153691	915184	815384	65305078	212603621	NA	0
1283	2	1435939	1403589630	915199	815384	65372975	212823373	NA	0
1284	2	102185	1403691815	915214	815384	65377117	212839202	NA	0
1285	2	941943	1404633758	915229	815384	65421938	212986339	NA	0
1286	2	1223698	1405857456	915244	815384	65481475	213177648	NA	0
1287	2	1588806	1407446262	915259	815384	65555486	213418382	NA	0
1288	2	1095045	1408541307	915274	815384	65606053	213586447	NA	0
1289	2	1096575	1409637882	915289	815384	65656171	213754775	NA	0
1290	2	2058822	1411696704	915304	815384	65746661	214062127	NA	0
1291	2	1097480	1412794184	915319	815384	65797254	214230779	NA	0
1292	2	1590712	1414384896	915334	815384	65870716	214471499	NA	0
1293	2	2237585	1416622481	915349	815384	65974152	214817739	NA	0
1294	2	1586746	1418209227	915364	815384	66047486	215058073	NA	0
1295	2	1101244	1419310471	915379	815384	66098315	215227223	NA	0
1296	2	1255945	1420566416	915394	815384	66157492	215420922	NA	0
1297	2	1104126	1421670542	915409	815384	66206241	215584421	NA	0
1298	2	1304045	1422974587	915424	815384	66267209	215784348	NA	0
1299	2	1333595	1424308182	915439	815384	66329896	215990101	NA	0
1300	2	1481785	1425789967	915454	815384	66397095	216210000	NA	0
1301	2	1066877	1426856844	915469	815384	66444494	216369268	NA	0
1302	2	2146420	1429003264	915484	815384	66539962	216690782	NA	0
1303	2	1455094	1430458358	915499	815384	66609118	216914495	NA	0
1304	2	1942432	1432400790	915514	815384	66697696	217211806	NA	0
1305	2	1273977	1433674767	915529	815384	66757591	217408173	NA	0
1306	2	657757	1434332524	915544	815384	66785900	217505354	NA	0
1307	2	1314381	1435646905	915559	815384	66847501	217707459	NA	0
1308	2	1066645	1436713550	915574	815384	66894992	217866898	NA	0
1309	2	1706418	1438419968	915589	815384	66974828	218125496	NA	0
1310	2	1311605	1439731573	915604	815384	67036176	218326553	NA	0
1311	2	1317738	1441049311	915619	815384	67097879	218528782	NA	0
1312	2	1921139	1442970450	915671	815384	67184709	218814244	NA	0
1313	2	1948150	1444918600	915723	815384	67269284	219104523	NA	0
1314	2	1106225	1446024825	915775	815384	67320315	219274927	NA	0
1315	2	1308339	1447333164	915827	815384	67381492	219476174	NA	0
1316	2	1106474	1448439638	915879	815384	67432520	219646449	NA	0
1317	2	1106113	1449545751	915931	815384	67483545	219816665	NA	0
1318	2	1105884	1450651635	915983	815384	67534565	219986872	NA	0
1319	2	1106126	1451757761	916035	815384	67585585	220157106	NA	0
1320	2	1106228	1452863989	916087	815384	67636809	220327416	NA	0
1321	2	214310	1453078299	916102	815384	67644691	220358209	NA	0
1322	2	858997	1453937296	916117	815384	67682482	220486311	NA	0
1323	2	221150	1454158446	916132	815384	67690677	220518269	NA	0
1324	2	919338	1455077784	916147	815384	67732577	220659422	NA	0
1325	2	1813167	1456890951	916162	815384	67810511	220915598	NA	0
1326	2	1343775	1458234726	916177	815384	67871411	221115460	NA	0
1327	2	840989	1459075715	916192	815384	67910198	221246018	NA	0
1328	2	1361166	1460436881	916207	815384	67974862	221456068	NA	0
1329	2	1065261	1461502142	916222	815384	68022705	221615393	NA	0
1330	2	1155706	1462657848	916237	815384	68077523	221795296	NA	0
1331	2	1254613	1463912461	916252	815384	68136468	221988400	NA	0
1332	2	2156053	1466068514	916267	815384	68234166	222318687	NA	0
1333	2	630003	1466698517	916282	815384	68261545	222412085	NA	0
1334	2	1446429	1468144946	916297	815384	68329741	222634556	NA	0
1335	2	1543572	1469688518	916312	815384	68402414	222870560	NA	0
1336	2	210007	1469898525	916327	815384	68410192	222900439	NA	0
1337	2	1341834	1471240359	916342	815384	68474864	223109283	NA	0
1338	2	11192	1471251551	916357	815384	68475343	223111451	NA	0
1339	2	746326	1471997877	916372	815384	68509061	223224982	NA	0
1340	2	802893	1472800770	916387	815384	68546558	223349563	NA	0
1341	2	102214	1472902984	916402	815384	68550703	223365519	NA	0
1342	2	1150341	1474053325	916417	815384	68604700	223543737	NA	0
1343	2	1697061	1475750386	916432	818802	68680248	223790466	NA	1
1344	2	811031	1476561417	916447	818802	68717994	223916352	NA	0
1345	2	846319	1477407736	916462	818802	68757272	224047635	NA	0
1346	2	851146	1478258882	916477	818802	68794883	224174306	NA	0
1347	2	724853	1478983735	916492	818802	68827414	224283597	NA	0
1348	2	1144269	1480128004	916507	818802	68880885	224460691	NA	0
1349	2	622239	1480750243	916522	818802	68907861	224553002	NA	0
1350	2	1273377	1482023620	916537	818802	68967882	224749953	NA	0
1351	2	650986	1482674606	916552	818802	68995920	224846018	NA	0
1352	2	354545	1483029151	916567	818802	69012263	224901513	NA	0
1353	2	1149413	1484178564	916582	818802	69065166	225079644	NA	0
1354	2	1240270	1485418834	916597	818802	69121517	225264615	NA	0
1355	2	1705459	1487124293	916612	818802	69202520	225525682	NA	0
1356	2	1619994	1488744287	916627	818802	69278976	225774160	NA	0
1357	2	1113360	1489857647	916642	818802	69330516	225946062	NA	0
1358	2	17188	1489874835	916657	818802	69331189	225949211	NA	0
1359	2	803111	1490677946	916672	818802	69368679	226073791	NA	0
1360	2	898645	1491576591	916687	818802	69410942	226212202	NA	0
1361	2	1082936	1492659527	916702	818802	69460965	226378116	NA	0
1362	2	810229	1493469756	916717	818802	69498711	226503632	NA	0
1363	2	763024	1494232780	916732	818802	69533008	226618606	NA	0
1364	2	5297	1494238077	916747	818802	69533176	226619696	NA	0
1365	2	921806	1495159883	916762	818802	69576955	226764306	NA	0
1366	2	1507436	1496667319	916777	818802	69648892	226996109	NA	0
1367	2	610513	1497277832	916792	818802	69671999	227078076	NA	0
1368	2	58777	1497336609	916807	818802	69674171	227087661	NA	0
1369	2	915518	1498252127	916822	818802	69717072	227228925	NA	0
1370	2	1425503	1499677630	916837	818802	69781509	227438583	NA	0
1371	2	1084107	1500761737	916852	818802	69831702	227604777	NA	0
1372	2	622851	1501384588	916867	818802	69858743	227697209	NA	0
1373	2	1127345	1502511933	916882	818802	69909275	227865663	NA	0
1374	2	1539901	1504051834	916897	818802	69981454	228099847	NA	0
1375	2	650272	1504702106	916912	818802	70009521	228196007	NA	0
1376	2	904019	1505606125	916927	818802	70051360	228334670	NA	0
1377	2	820648	1506426773	916942	818802	70087707	228456030	NA	0
1378	2	578728	1507005501	916957	818802	70109474	228533411	NA	0
1379	2	11130	1507016631	916972	818802	70109934	228535740	NA	0
1380	2	1499149	1508515780	916987	818802	70176393	228750296	NA	0
1381	2	1435923	1509951703	917002	818802	70244658	228972770	NA	0
1382	2	1456269	1511407972	917017	818802	70310679	229188184	NA	0
1383	2	1057213	1512465185	917032	818802	70361128	229352514	NA	0
1384	2	1770010	1514235195	917047	818802	70443687	229623185	NA	0
1385	2	664725	1514899920	917062	818802	70472431	229721937	NA	0
1386	2	355364	1515255284	917077	818802	70488829	229777713	NA	0
1387	2	827991	1516083275	917092	818802	70527207	229905275	NA	0
1388	2	371917	1516455192	917107	818802	70544483	229964150	NA	0
1389	2	840636	1517295828	917122	818802	70583718	230093041	NA	0
1390	2	940358	1518236186	917137	818802	70628166	230240282	NA	0
1391	2	1421405	1519657591	917152	818802	70695863	230458227	NA	0
1392	2	1140109	1520797700	917167	818802	70750262	230635255	NA	0
1393	2	759822	1521557522	917182	818802	70784432	230749662	NA	0
1394	2	1645089	1523202611	917197	818802	70861695	231000059	NA	0
1395	2	1445789	1524648400	917212	818802	70930418	231222408	NA	0
1396	2	810229	1525458629	917227	818802	70968344	231347940	NA	0
1397	2	1342192	1526800821	917242	818802	71030930	231552583	NA	0
1398	2	768484	1527569305	917257	818802	71065387	231668955	NA	0
1399	2	1437020	1529006325	917272	818802	71133412	231889287	NA	0
1400	2	102624	1529108949	917287	818802	71137576	231905246	NA	0
1401	2	943068	1530052017	917302	818802	71182551	232052797	NA	0
1402	2	1225492	1531277509	917317	818802	71242224	232244582	NA	0
1403	2	1589878	1532867387	917332	818802	71316353	232485509	NA	0
1404	2	1096125	1533963512	917347	818802	71366987	232653894	NA	0
1405	2	1097655	1535061167	917362	818802	71417205	232822588	NA	0
1406	2	2060575	1537121742	917377	818802	71507853	233130287	NA	0
1407	2	1098560	1538220302	917392	818802	71558515	233299271	NA	0
1408	2	1591784	1539812086	917407	818802	71632044	233540428	NA	0
1409	2	2239326	1542051412	917422	818802	71735659	233887009	NA	0
1410	2	1587818	1543639230	917437	818802	71809123	234127774	NA	0
1411	2	1102324	1544741554	917452	818802	71859977	234297294	NA	0
1412	2	1257028	1545998582	917467	818802	71919172	234491432	NA	0
1413	2	1104566	1547103148	917482	818802	71967885	234655264	NA	0
1414	2	1305128	1548408276	917497	818802	72028890	234855672	NA	0
1415	2	1334678	1549742954	917512	818802	72091591	235061886	NA	0
1416	2	1482217	1551225171	917527	818802	72158799	235282075	NA	0
1417	2	1067317	1552292488	917542	818802	72206173	235441592	NA	0
1418	2	2148131	1554440619	917557	818802	72301657	235763565	NA	0
1419	2	1456734	1555897353	917572	818802	72370858	235987643	NA	0
1420	2	1944167	1557841520	917587	818802	72459521	236285140	NA	0
1421	2	1275060	1559116580	917602	818802	72519379	236481864	NA	0
1422	2	658225	1559774805	917617	818802	72547742	236579251	NA	0
1423	2	1315464	1561090269	917632	818802	72609383	236781753	NA	0
1424	2	1067085	1562157354	917647	818802	72656900	236941444	NA	0
1425	2	1707493	1563864847	917662	818802	72736741	237200454	NA	0
1426	2	1312724	1565177571	917677	818802	72798149	237402083	NA	0
1427	2	1318821	1566496392	917692	818802	72859897	237604739	NA	0
1428	2	1123218	1567619610	917744	818802	72911367	237776066	NA	0
1429	2	1185229	1568804839	917796	818802	72966249	237958788	NA	0
1430	2	1347151	1570151990	917848	818802	73029246	238165036	NA	0
1431	2	1354234	1571506224	917900	818802	73092485	238372256	NA	0
1432	2	1347049	1572853273	917952	818802	73155469	238578427	NA	0
1433	2	1107945	1573961218	918004	818802	73206522	238748968	NA	0
1434	2	252	1573961470	918055	818802	73206542	238749109	NA	0
1435	2	1366855	1575328325	918107	818802	73270413	238958654	NA	0
1436	2	214310	1575542635	918122	818802	73278295	238989447	NA	0
1437	2	858997	1576401632	918137	818802	73316086	239117549	NA	0
1438	2	221150	1576622782	918152	818802	73324281	239149507	NA	0
1439	2	919338	1577542120	918167	818802	73366181	239290660	NA	0
1440	2	1813167	1579355287	918182	818802	73444115	239546836	NA	0
1441	2	1343775	1580699062	918197	818802	73505015	239746698	NA	0
1442	2	840989	1581540051	918212	818802	73543802	239877256	NA	0
1443	2	1361166	1582901217	918227	818802	73608466	240087306	NA	0
1444	2	1065261	1583966478	918242	818802	73656309	240246631	NA	0
1445	2	1155706	1585122184	918257	818802	73711127	240426534	NA	0
1446	2	1254613	1586376797	918272	818802	73770072	240619638	NA	0
1447	2	2156053	1588532850	918287	818802	73867770	240949925	NA	0
1448	2	630003	1589162853	918302	818802	73895149	241043323	NA	0
1449	2	1446429	1590609282	918317	818802	73963345	241265794	NA	0
1450	2	1543572	1592152854	918332	818802	74036018	241501798	NA	0
1451	2	210007	1592362861	918347	818802	74043796	241531677	NA	0
1452	2	1341834	1593704695	918362	818802	74108468	241740521	NA	0
1453	2	11192	1593715887	918377	818802	74108947	241742689	NA	0
1454	2	746326	1594462213	918392	818802	74142665	241856220	NA	0
1455	2	802893	1595265106	918407	1005002	74180162	241980801	NA	1
1456	2	102214	1595367320	918422	1005002	74184307	241996757	NA	0
1457	2	1150341	1596517661	918437	1005002	74238304	242174975	NA	0
1458	2	1697061	1598214722	918452	1005002	74313852	242421704	NA	0
1459	2	811031	1599025753	918467	1005002	74351598	242547590	NA	0
1460	2	846319	1599872072	918482	1005002	74390876	242678873	NA	0
1461	2	851146	1600723218	918497	1005002	74428487	242805544	NA	0
1462	2	724853	1601448071	918512	1005002	74461018	242914835	NA	0
1463	2	1144269	1602592340	918527	1005002	74514489	243091929	NA	0
1464	2	622239	1603214579	918542	1005002	74541465	243184240	NA	0
1465	2	1273377	1604487956	918557	1005002	74601486	243381191	NA	0
1466	2	650986	1605138942	918572	1005002	74629524	243477256	NA	0
1467	2	354545	1605493487	918587	1005002	74645867	243532751	NA	0
1468	2	1149413	1606642900	918602	1005002	74698770	243710882	NA	0
1469	2	1240270	1607883170	918617	1005002	74755121	243895853	NA	0
1470	2	1705459	1609588629	918632	1005002	74836124	244156920	NA	0
1471	2	1619994	1611208623	918647	1005002	74912580	244405398	NA	0
1472	2	1113360	1612321983	918662	1005002	74964120	244577300	NA	0
1473	2	17188	1612339171	918677	1005002	74964793	244580449	NA	0
1474	2	803111	1613142282	918692	1005002	75002283	244705029	NA	0
1475	2	898645	1614040927	918707	1005002	75044546	244843440	NA	0
1476	2	1082936	1615123863	918722	1005002	75094569	245009354	NA	0
1477	2	810229	1615934092	918737	1005002	75132315	245134870	NA	0
1478	2	763024	1616697116	918752	1005002	75166612	245249844	NA	0
1479	2	5297	1616702413	918767	1005002	75166780	245250934	NA	0
1480	2	921806	1617624219	918782	1005002	75210559	245395544	NA	0
1481	2	1507436	1619131655	918797	1005002	75282496	245627347	NA	0
1482	2	610513	1619742168	918812	1005002	75305603	245709314	NA	0
1483	2	58777	1619800945	918827	1005002	75307775	245718899	NA	0
1484	2	915518	1620716463	918842	1005002	75350676	245860163	NA	0
1485	2	1425503	1622141966	918857	1005002	75415113	246069821	NA	0
1486	2	1084107	1623226073	918872	1005002	75465306	246236015	NA	0
1487	2	622851	1623848924	918887	1005002	75492347	246328447	NA	0
1488	2	1127345	1624976269	918902	1005002	75542879	246496901	NA	0
1489	2	1539901	1626516170	918917	1005002	75615058	246731085	NA	0
1490	2	650272	1627166442	918932	1005002	75643125	246827245	NA	0
1491	2	904019	1628070461	918947	1005002	75684964	246965908	NA	0
1492	2	820648	1628891109	918962	1005002	75721311	247087268	NA	0
1493	2	578728	1629469837	918977	1005002	75743078	247164649	NA	0
1494	2	11130	1629480967	918992	1005002	75743538	247166978	NA	0
1495	2	1499149	1630980116	919007	1005002	75809997	247381534	NA	0
1496	2	1435923	1632416039	919022	1005002	75878262	247604008	NA	0
1497	2	1456269	1633872308	919037	1005002	75944283	247819422	NA	0
1498	2	1057213	1634929521	919052	1005002	75994732	247983752	NA	0
1499	2	1770010	1636699531	919067	1005002	76077291	248254423	NA	0
1500	2	664725	1637364256	919082	1005002	76106035	248353175	NA	0
1501	2	355364	1637719620	919097	1005002	76122433	248408951	NA	0
1502	2	827991	1638547611	919112	1005002	76160811	248536513	NA	0
1503	2	371917	1638919528	919127	1005002	76178087	248595388	NA	0
1504	2	840636	1639760164	919142	1005002	76217322	248724279	NA	0
1505	2	940358	1640700522	919157	1005002	76261770	248871520	NA	0
1506	2	1421405	1642121927	919172	1005002	76329467	249089465	NA	0
1507	2	1140109	1643262036	919187	1005002	76383866	249266493	NA	0
1508	2	759822	1644021858	919202	1005002	76418036	249380900	NA	0
1509	2	1645089	1645666947	919217	1005002	76495299	249631297	NA	0
1510	2	1445789	1647112736	919232	1005002	76564022	249853646	NA	0
1511	2	810229	1647922965	919247	1005002	76601948	249979178	NA	0
1512	2	1342192	1649265157	919262	1005002	76664534	250183821	NA	0
1513	2	768484	1650033641	919277	1005002	76698991	250300193	NA	0
1514	2	1437020	1651470661	919292	1005002	76767016	250520525	NA	0
1515	2	102624	1651573285	919307	1005002	76771180	250536484	NA	0
1516	2	943068	1652516353	919322	1005002	76816155	250684035	NA	0
1517	2	1225492	1653741845	919337	1005002	76875828	250875820	NA	0
1518	2	1589878	1655331723	919352	1005002	76949957	251116747	NA	0
1519	2	1096125	1656427848	919367	1005002	77000591	251285132	NA	0
1520	2	1097655	1657525503	919382	1005002	77050809	251453826	NA	0
1521	2	2060575	1659586078	919397	1005002	77141457	251761525	NA	0
1522	2	1098560	1660684638	919412	1005002	77192119	251930509	NA	0
1523	2	1591784	1662276422	919427	1005002	77265648	252171666	NA	0
1524	2	2239326	1664515748	919442	1005002	77369263	252518247	NA	0
1525	2	1587818	1666103566	919457	1005002	77442727	252759012	NA	0
1526	2	1102324	1667205890	919472	1005002	77493581	252928532	NA	0
1527	2	1257028	1668462918	919487	1005002	77552776	253122670	NA	0
1528	2	1104566	1669567484	919502	1005002	77601489	253286502	NA	0
1529	2	1305128	1670872612	919517	1005002	77662494	253486910	NA	0
1530	2	1334678	1672207290	919532	1005002	77725195	253693124	NA	0
1531	2	1482217	1673689507	919547	1005002	77792403	253913313	NA	0
1532	2	1067317	1674756824	919562	1005002	77839777	254072830	NA	0
1533	2	2148131	1676904955	919577	1005002	77935261	254394803	NA	0
1534	2	1456734	1678361689	919592	1005002	78004462	254618881	NA	0
1535	2	1944167	1680305856	919607	1005002	78093125	254916378	NA	0
1536	2	1275060	1681580916	919622	1005002	78152983	255113102	NA	0
1537	2	658225	1682239141	919637	1005002	78181346	255210489	NA	0
1538	2	1315464	1683554605	919652	1005002	78242987	255412991	NA	0
1539	2	1067085	1684621690	919667	1005002	78290504	255572682	NA	0
1540	2	1707493	1686329183	919682	1005002	78370345	255831692	NA	0
1541	2	1312724	1687641907	919697	1005002	78431753	256033321	NA	0
1542	2	1318821	1688960728	919712	1005002	78493501	256235977	NA	0
1543	2	1153874	1690114602	919764	1005002	78545696	256410635	NA	0
1544	2	1105846	1691220448	919816	1005002	78596727	256580860	NA	0
1545	2	1351618	1692572066	919868	1005002	78659856	256787579	NA	0
1546	2	1169843	1693741909	919920	1005002	78714275	256968281	NA	0
1547	2	731129	1694473038	919972	1005002	78747212	257079078	NA	0
1548	2	1421045	1695894083	920024	1005002	78813279	257294946	NA	0
1549	2	1117514	1697011597	920076	1005002	78864546	257466026	NA	0
1550	2	1491409	1698503006	920128	1005002	78933041	257690060	NA	0
1551	2	1778132	1700281138	920180	1005002	79014015	257953157	NA	0
1552	2	1907973	1702189111	920232	1005002	79094956	258214718	NA	0
1553	2	1178394	1703367505	920284	1005002	79149644	258395390	NA	0
1554	2	1363679	1704731184	920336	1005002	79208023	258585384	NA	0
1555	2	1473896	1706205080	920388	1005002	79271468	258796428	NA	0
1556	2	2178204	1708383284	920440	1005002	79357146	259073083	NA	0
1557	2	1678831	1710062115	920492	1005002	79429971	259313019	NA	0
1558	2	2236448	1712298563	920544	1005002	79521762	259627057	NA	0
1559	2	2171642	1714470205	920596	1005002	79615846	259949246	NA	0
1560	2	1127282	1715597487	920648	1005002	79667409	260121091	NA	0
1561	2	1309187	1716906674	920700	1005002	79724837	260310056	NA	0
1562	2	2320297	1719226971	920752	1005002	79819786	260634963	NA	0
1563	2	1502123	1720729094	920804	1005002	79888262	260859964	NA	0
1564	2	1924714	1722653808	920856	1005002	79972457	261147118	NA	0
1565	2	1118492	1723772300	920908	1005002	80023770	261318299	NA	0
1566	2	1660696	1725432996	920960	1005002	80099606	261564927	NA	0
1567	2	1208282	1726641278	921012	1006065	80152742	261740309	NA	1
1568	2	1745622	1728386900	921064	1006065	80232857	262002018	NA	0
1569	2	1124361	1729511261	921116	1006065	80284400	262174001	NA	0
1570	2	1315470	1730826731	921168	1006065	80345654	262376151	NA	0
1571	2	1914486	1732741217	921220	1006065	80425998	262633823	NA	0
1572	2	1380395	1734121612	921272	1006065	80484317	262823492	NA	0
1573	2	1964085	1736085697	921324	1006065	80568392	263114631	NA	0
1574	2	1143944	1737229641	921376	1006065	80619560	263286140	NA	0
1575	2	1222548	1738452189	921428	1006065	80674909	263469286	NA	0
1576	2	2089483	1740541672	921480	1006065	80763220	263771738	NA	0
1577	2	1270963	1741812635	921532	1006065	80823243	263967648	NA	0
1578	2	1222063	1743034698	921584	1006065	80879780	264155147	NA	0
1579	2	1517343	1744552041	921636	1006065	80944271	264366606	NA	0
1580	2	1140094	1745692135	921688	1006065	80996129	264539648	NA	0
1581	2	2052941	1747745076	921740	1006065	81085038	264843807	NA	0
1582	2	1222607	1748967683	921792	1006065	81138292	265021701	NA	0
1583	2	1312854	1750280537	921844	1006065	81196694	265214170	NA	0
1584	2	1293762	1751574299	921896	1006065	81251825	265392278	NA	0
1585	2	1151507	1752725806	921948	1006065	81304989	265567690	NA	0
1586	2	1653226	1754379032	922000	1006065	81380758	265814242	NA	0
1587	2	1184481	1755563513	922052	1006065	81433792	265990481	NA	0
1588	2	1611667	1757175180	922104	1006065	81503462	266222999	NA	0
1589	2	8626	1757183806	922155	1006065	81503717	266224504	NA	0
1590	2	2496563	1759680369	922207	1006065	81603683	266564054	NA	0
1591	2	2284592	1761964961	922259	1006065	81695281	266879500	NA	0
1592	2	1252167	1763217128	922311	1006065	81750365	267061460	NA	0
1593	2	1506128	1764723256	922363	1006065	81811944	267261082	NA	0
1594	2	1258827	1765982083	922415	1006065	81869702	267451856	NA	0
1595	2	1109042	1767091125	922467	1006065	81920786	267622408	NA	0
1596	2	1123405	1768214530	922519	1006065	81972214	267793712	NA	0
1597	2	1387850	1769602380	922571	1006065	82034655	267997724	NA	0
1598	2	1160114	1770762494	922623	1006065	82087783	268173803	NA	0
1599	2	1115092	1771877586	922675	1006065	82139025	268344813	NA	0
1600	2	1190349	1773067935	922727	1006065	82193789	268526310	NA	0
1601	2	1217444	1774285379	922779	1006065	82248928	268709588	NA	0
1602	2	1144880	1775430259	922831	1006065	82301110	268882964	NA	0
1603	2	1134545	1776564804	922883	1006065	82352830	269055042	NA	0
1604	2	1502247	1778067051	922935	1006065	82420862	269277238	NA	0
1605	2	1109452	1779176503	922987	1006065	82471950	269447731	NA	0
1606	2	214310	1779390813	923002	1006065	82479832	269478524	NA	0
1607	2	858997	1780249810	923017	1006065	82517623	269606626	NA	0
1608	2	221150	1780470960	923032	1006065	82525818	269638584	NA	0
1609	2	919338	1781390298	923047	1006065	82567718	269779737	NA	0
1610	2	1813167	1783203465	923062	1006065	82645652	270035913	NA	0
1611	2	1343775	1784547240	923077	1006065	82706552	270235775	NA	0
1612	2	840989	1785388229	923092	1006065	82745339	270366333	NA	0
1613	2	1361166	1786749395	923107	1006065	82810003	270576383	NA	0
1614	2	1065261	1787814656	923122	1006065	82857846	270735708	NA	0
1615	2	1155706	1788970362	923137	1006065	82912664	270915611	NA	0
1616	2	1254613	1790224975	923152	1006065	82971609	271108715	NA	0
1617	2	2213805	1792438780	923204	1006065	83071448	271446265	NA	0
1618	2	630003	1793068783	923219	1006065	83098827	271539663	NA	0
1619	2	1446429	1794515212	923234	1006065	83167023	271762134	NA	0
1620	2	1543572	1796058784	923249	1006065	83239696	271998138	NA	0
1621	2	210007	1796268791	923264	1006065	83247474	272028017	NA	0
1622	2	1341834	1797610625	923279	1006065	83312146	272236861	NA	0
1623	2	11192	1797621817	923294	1006065	83312625	272239029	NA	0
1624	2	746326	1798368143	923309	1006065	83346343	272352560	NA	0
1625	2	802893	1799171036	923324	1006065	83383840	272477141	NA	0
1626	2	102214	1799273250	923339	1006065	83387985	272493097	NA	0
1627	2	1150341	1800423591	923354	1006065	83441982	272671315	NA	0
1628	2	1697061	1802120652	923369	1006065	83517530	272918044	NA	0
1629	2	811031	1802931683	923384	1006065	83555276	273043930	NA	0
1630	2	846319	1803778002	923399	1006065	83594554	273175213	NA	0
1631	2	851146	1804629148	923414	1006065	83632165	273301884	NA	0
1632	2	724853	1805354001	923429	1006065	83664696	273411175	NA	0
1633	2	1144269	1806498270	923444	1006065	83718167	273588269	NA	0
1634	2	622239	1807120509	923459	1006065	83745143	273680580	NA	0
1635	2	1273377	1808393886	923474	1006065	83805164	273877531	NA	0
1636	2	650986	1809044872	923489	1006065	83833202	273973596	NA	0
1637	2	354545	1809399417	923504	1006065	83849545	274029091	NA	0
1638	2	1298030	1810697447	923556	1006065	83908934	274227156	NA	0
1639	2	1240270	1811937717	923571	1006065	83965285	274412127	NA	0
1640	2	1705459	1813643176	923586	1006065	84046288	274673194	NA	0
1641	2	1619994	1815263170	923601	1006065	84122744	274921672	NA	0
1642	2	1113360	1816376530	923616	1006065	84174284	275093574	NA	0
1643	2	17188	1816393718	923631	1006065	84174957	275096723	NA	0
1644	2	803111	1817196829	923646	1006065	84212447	275221303	NA	0
1645	2	898645	1818095474	923661	1006065	84254710	275359714	NA	0
1646	2	1082936	1819178410	923676	1006065	84304733	275525628	NA	0
1647	2	810229	1819988639	923691	1006065	84342479	275651144	NA	0
1648	2	763024	1820751663	923706	1006065	84376776	275766118	NA	0
1649	2	5297	1820756960	923721	1006065	84376944	275767208	NA	0
1650	2	921806	1821678766	923736	1006065	84420723	275911818	NA	0
1651	2	1507436	1823186202	923751	1006065	84492660	276143621	NA	0
1652	2	610513	1823796715	923766	1006065	84515767	276225588	NA	0
1653	2	58777	1823855492	923781	1006065	84517939	276235173	NA	0
1654	2	915518	1824771010	923796	1006065	84560840	276376437	NA	0
1655	2	1425503	1826196513	923811	1006065	84625277	276586095	NA	0
1656	2	1084107	1827280620	923826	1006065	84675470	276752289	NA	0
1657	2	622851	1827903471	923841	1006065	84702511	276844721	NA	0
1658	2	1127345	1829030816	923856	1006065	84753043	277013175	NA	0
1659	2	1539901	1830570717	923871	1006065	84825222	277247359	NA	0
1660	2	650285	1831221002	923923	1006065	84853289	277343521	NA	0
1661	2	904019	1832125021	923938	1006065	84895128	277482184	NA	0
1662	2	820648	1832945669	923953	1006065	84931475	277603544	NA	0
1663	2	578728	1833524397	923968	1006065	84953242	277680925	NA	0
1664	2	11130	1833535527	923983	1006065	84953702	277683254	NA	0
1665	2	1499149	1835034676	923998	1006065	85020161	277897810	NA	0
1666	2	1435923	1836470599	924013	1006065	85088426	278120284	NA	0
1667	2	1456269	1837926868	924028	1006065	85154447	278335698	NA	0
1668	2	1237036	1839163904	924080	1006065	85212335	278523039	NA	0
1669	2	1851920	1841015824	924132	1006065	85295219	278803337	NA	0
1670	2	664725	1841680549	924147	1006065	85323963	278902089	NA	0
1671	2	355364	1842035913	924162	1006065	85340361	278957865	NA	0
1672	2	827991	1842863904	924177	1006065	85378739	279085427	NA	0
1673	2	371917	1843235821	924192	1006065	85396015	279144302	NA	0
1674	2	840636	1844076457	924207	1006065	85435250	279273193	NA	0
1675	2	940358	1845016815	924222	1006065	85479698	279420434	NA	0
1676	2	1421405	1846438220	924237	1006065	85547395	279638379	NA	0
1677	2	1140109	1847578329	924252	1006065	85601794	279815407	NA	0
1678	2	759822	1848338151	924267	1006065	85635964	279929814	NA	0
1679	2	1645089	1849983240	924282	1007100	85713227	280180211	NA	1
1680	2	1445789	1851429029	924297	1007100	85781950	280402560	NA	0
1681	2	810229	1852239258	924312	1007100	85819876	280528092	NA	0
1682	2	1342192	1853581450	924327	1007100	85882462	280732735	NA	0
1683	2	768484	1854349934	924342	1007100	85916919	280849107	NA	0
1684	2	1437020	1855786954	924357	1007100	85984944	281069439	NA	0
1685	2	102624	1855889578	924372	1007100	85989108	281085398	NA	0
1686	2	943068	1856832646	924387	1007100	86034083	281232949	NA	0
1687	2	1225492	1858058138	924402	1007100	86093756	281424734	NA	0
1688	2	1589878	1859648016	924417	1007100	86167885	281665661	NA	0
1689	2	1096125	1860744141	924432	1007100	86218519	281834046	NA	0
1690	2	1097655	1861841796	924447	1007100	86268737	282002740	NA	0
1691	2	2060575	1863902371	924462	1007100	86359385	282310439	NA	0
1692	2	1098560	1865000931	924477	1007100	86410047	282479423	NA	0
1693	2	1591784	1866592715	924492	1007100	86483576	282720580	NA	0
1694	2	2239326	1868832041	924507	1007100	86587191	283067161	NA	0
1695	2	1587818	1870419859	924522	1007100	86660655	283307926	NA	0
1696	2	1102324	1871522183	924537	1007100	86711509	283477446	NA	0
1697	2	1257028	1872779211	924552	1007100	86770704	283671584	NA	0
1698	2	1104566	1873883777	924567	1007100	86819417	283835416	NA	0
1699	2	1305128	1875188905	924582	1007100	86880422	284035824	NA	0
1700	2	1334678	1876523583	924597	1007100	86943123	284242038	NA	0
1701	2	1482217	1878005800	924612	1007100	87010331	284462227	NA	0
1702	2	1067317	1879073117	924627	1007100	87057705	284621744	NA	0
1703	2	2148131	1881221248	924642	1007100	87153189	284943717	NA	0
1704	2	1456734	1882677982	924657	1007100	87222390	285167795	NA	0
1705	2	1944167	1884622149	924672	1007100	87311053	285465292	NA	0
1706	2	1275060	1885897209	924687	1007100	87370911	285662016	NA	0
1707	2	658225	1886555434	924702	1007100	87399274	285759403	NA	0
1708	2	1315464	1887870898	924717	1007100	87460915	285961905	NA	0
1709	2	1067085	1888937983	924732	1007100	87508432	286121596	NA	0
1710	2	1707493	1890645476	924747	1007100	87588273	286380606	NA	0
1711	2	1312724	1891958200	924762	1007100	87649681	286582235	NA	0
1712	2	1318821	1893277021	924777	1007100	87711429	286784891	NA	0
1713	2	1227449	1894504470	924829	1007100	87768076	286972818	NA	0
1714	3	1111313	1895615783	924844	1007100	87819240	287143557	NA	0
1715	3	1104640	1896720423	924859	1007100	87870235	287313714	NA	0
1716	3	1111427	1897831850	924874	1007100	87921398	287484324	NA	0
1717	3	1123736	1898955586	924889	1007100	87972825	287655452	NA	0
1718	3	1119581	1900075167	924904	1007100	88024221	287826508	NA	0
1719	3	1109391	1901184558	924919	1007100	88075355	287997376	NA	0
1720	3	1224270	1902408828	924934	1007100	88131966	288185133	NA	0
1721	3	1126667	1903535495	924949	1007100	88183495	288356503	NA	0
1722	3	1369741	1904905236	924964	1007100	88247267	288565677	NA	0
1723	3	1168350	1906073586	924979	1007100	88301589	288745114	NA	0
1724	3	214310	1906287896	924994	1007100	88309471	288775907	NA	0
1725	3	858997	1907146893	925009	1007100	88347262	288904009	NA	0
1726	3	221150	1907368043	925024	1007100	88355457	288935967	NA	0
1727	3	919338	1908287381	925039	1007100	88397357	289077120	NA	0
1728	3	1813167	1910100548	925054	1007100	88475291	289333296	NA	0
1729	3	1343775	1911444323	925069	1007100	88536191	289533158	NA	0
1730	3	840989	1912285312	925084	1007100	88574978	289663716	NA	0
1731	3	1361166	1913646478	925099	1007100	88639642	289873766	NA	0
1732	3	1065261	1914711739	925114	1007100	88687485	290033091	NA	0
1733	3	1155706	1915867445	925129	1007100	88742303	290212994	NA	0
1734	3	1254613	1917122058	925144	1007100	88801248	290406098	NA	0
1735	3	2156053	1919278111	925159	1007100	88898946	290736385	NA	0
1736	3	630003	1919908114	925174	1007100	88926325	290829783	NA	0
1737	3	1446429	1921354543	925189	1007100	88994521	291052254	NA	0
1738	3	1543572	1922898115	925204	1007100	89067194	291288258	NA	0
1739	3	210007	1923108122	925219	1007100	89074972	291318137	NA	0
1740	3	1341834	1924449956	925234	1007100	89139644	291526981	NA	0
1741	3	11192	1924461148	925249	1007100	89140123	291529149	NA	0
1742	3	746326	1925207474	925264	1007100	89173841	291642680	NA	0
1743	3	802893	1926010367	925279	1007100	89211338	291767261	NA	0
1744	3	102214	1926112581	925294	1007100	89215483	291783217	NA	0
1745	3	1150341	1927262922	925309	1007100	89269480	291961435	NA	0
1746	3	1697061	1928959983	925324	1007100	89345028	292208164	NA	0
1747	3	811031	1929771014	925339	1007100	89382774	292334050	NA	0
1748	3	846319	1930617333	925354	1007100	89422052	292465333	NA	0
1749	3	851146	1931468479	925369	1007100	89459663	292592004	NA	0
1750	3	724853	1932193332	925384	1007100	89492194	292701295	NA	0
1751	3	1144269	1933337601	925399	1007100	89545665	292878389	NA	0
1752	3	622239	1933959840	925414	1007100	89572641	292970700	NA	0
1753	3	1273377	1935233217	925429	1007100	89632662	293167651	NA	0
1754	3	650986	1935884203	925444	1007100	89660700	293263716	NA	0
1755	3	354545	1936238748	925459	1007100	89677043	293319211	NA	0
1756	3	1149413	1937388161	925474	1007100	89729946	293497342	NA	0
1757	3	1240270	1938628431	925489	1007100	89786297	293682313	NA	0
1758	3	1705459	1940333890	925504	1007100	89867300	293943380	NA	0
1759	3	1619994	1941953884	925519	1007100	89943756	294191858	NA	0
1760	3	1113360	1943067244	925534	1007100	89995296	294363760	NA	0
1761	3	17188	1943084432	925549	1007100	89995969	294366909	NA	0
1762	3	803111	1943887543	925564	1007100	90033459	294491489	NA	0
1763	3	898645	1944786188	925579	1007100	90075722	294629900	NA	0
1764	3	1082936	1945869124	925594	1007100	90125745	294795814	NA	0
1765	3	810229	1946679353	925609	1007100	90163491	294921330	NA	0
1766	3	763024	1947442377	925624	1007100	90197788	295036304	NA	0
1767	3	5297	1947447674	925639	1007100	90197956	295037394	NA	0
1768	3	921806	1948369480	925654	1007100	90241735	295182004	NA	0
1769	3	1507436	1949876916	925669	1007100	90313672	295413807	NA	0
1770	3	610513	1950487429	925684	1007100	90336779	295495774	NA	0
1771	3	58777	1950546206	925699	1007100	90338951	295505359	NA	0
1772	3	915518	1951461724	925714	1007100	90381852	295646623	NA	0
1773	3	1425503	1952887227	925729	1007100	90446289	295856281	NA	0
1774	3	1084107	1953971334	925744	1007100	90496482	296022475	NA	0
1775	3	622851	1954594185	925759	1007100	90523523	296114907	NA	0
1776	3	1127345	1955721530	925774	1007100	90574055	296283361	NA	0
1777	3	1539901	1957261431	925789	1007100	90646234	296517545	NA	0
1778	3	650272	1957911703	925804	1007100	90674301	296613705	NA	0
1779	3	904019	1958815722	925819	1007100	90716140	296752368	NA	0
1780	3	820648	1959636370	925834	1007100	90752487	296873728	NA	0
1781	3	578728	1960215098	925849	1007100	90774254	296951109	NA	0
1782	3	11130	1960226228	925864	1007100	90774714	296953438	NA	0
1783	3	1499149	1961725377	925879	1007100	90841173	297167994	NA	0
1784	3	1435923	1963161300	925894	1007100	90909438	297390468	NA	0
1785	3	1456269	1964617569	925909	1007100	90975459	297605882	NA	0
1786	3	1057213	1965674782	925924	1007100	91025908	297770212	NA	0
1787	3	1770010	1967444792	925939	1007100	91108467	298040883	NA	0
1788	3	664725	1968109517	925954	1007100	91137211	298139635	NA	0
1789	3	355364	1968464881	925969	1007100	91153609	298195411	NA	0
1790	3	827991	1969292872	925984	1007100	91191987	298322973	NA	0
1791	3	371917	1969664789	925999	1008145	91209263	298381848	NA	1
1792	3	840575	1970505364	926014	1008145	91248491	298510708	NA	0
1793	3	940358	1971445722	926029	1008145	91292939	298657949	NA	0
1794	3	1421405	1972867127	926044	1008145	91360636	298875894	NA	0
1795	3	1140109	1974007236	926059	1008145	91415035	299052922	NA	0
1796	3	759822	1974767058	926074	1008145	91449205	299167329	NA	0
1797	3	1645089	1976412147	926089	1008145	91526468	299417726	NA	0
1798	3	1445789	1977857936	926104	1008145	91595191	299640075	NA	0
1799	3	810229	1978668165	926119	1008145	91633117	299765607	NA	0
1800	3	1342192	1980010357	926134	1008145	91695703	299970250	NA	0
1801	3	768484	1980778841	926149	1008145	91730160	300086622	NA	0
1802	3	1437020	1982215861	926164	1008145	91798185	300306954	NA	0
1803	3	102624	1982318485	926179	1008145	91802349	300322913	NA	0
1804	3	943068	1983261553	926194	1008145	91847324	300470464	NA	0
1805	3	1225492	1984487045	926209	1008145	91906997	300662249	NA	0
1806	3	1589878	1986076923	926224	1008145	91981126	300903176	NA	0
1807	3	1096125	1987173048	926239	1008145	92031760	301071561	NA	0
1808	3	1097655	1988270703	926254	1008145	92081978	301240255	NA	0
1809	3	2060575	1990331278	926269	1008145	92172626	301547954	NA	0
1810	3	1098560	1991429838	926284	1008145	92223288	301716938	NA	0
1811	3	1591784	1993021622	926299	1008145	92296817	301958095	NA	0
1812	3	2239326	1995260948	926314	1008145	92400432	302304676	NA	0
1813	3	1587818	1996848766	926329	1008145	92473896	302545441	NA	0
1814	3	1102324	1997951090	926344	1008145	92524750	302714961	NA	0
1815	3	1257028	1999208118	926359	1008145	92583945	302909099	NA	0
1816	3	1104566	2000312684	926374	1008145	92632658	303072931	NA	0
1817	3	1305128	2001617812	926389	1008145	92693663	303273339	NA	0
1818	3	1334678	2002952490	926404	1008145	92756364	303479553	NA	0
1819	3	1482217	2004434707	926419	1008145	92823572	303699742	NA	0
1820	3	1067317	2005502024	926434	1008145	92870946	303859259	NA	0
1821	3	2148131	2007650155	926449	1008145	92966430	304181232	NA	0
1822	3	1456734	2009106889	926464	1008145	93035631	304405310	NA	0
1823	3	1944167	2011051056	926479	1008145	93124294	304702807	NA	0
1824	3	1275060	2012326116	926494	1008145	93184152	304899531	NA	0
1825	3	658225	2012984341	926509	1008145	93212515	304996918	NA	0
1826	3	1315464	2014299805	926524	1008145	93274156	305199420	NA	0
1827	3	1067085	2015366890	926539	1008145	93321673	305359111	NA	0
1828	3	1707493	2017074383	926554	1008145	93401514	305618121	NA	0
1829	3	1312724	2018387107	926569	1008145	93462922	305819750	NA	0
1830	3	1318821	2019705928	926584	1008145	93524670	306022406	NA	0
1831	3	1539510	2021245438	926599	1008145	93596940	306256743	NA	0
1832	3	1737115	2022982553	926614	1008145	93673259	306507856	NA	0
1833	3	1263854	2024246407	926629	1008145	93732086	306702281	NA	0
1834	3	1185229	2025431636	926644	1008145	93786972	306885272	NA	0
1835	3	1500925	2026932561	926659	1008145	93854158	307109904	NA	0
1836	3	1500845	2028433406	926674	1008145	93921356	307334568	NA	0
1837	3	1108849	2029542255	926689	1008145	93972427	307505037	NA	0
1838	3	3707928	2033250183	926704	1008145	94140661	308076887	NA	0
1839	3	2646392	2035896575	926719	1008145	94254990	308472321	NA	0
1840	3	1329549	2037226124	926734	1008145	94316807	308676331	NA	0
1841	3	1108022	2038334146	926749	1008145	94367848	308846746	NA	0
1842	3	2099460	2040433606	926764	1008145	94459591	309159984	NA	0
1843	3	1368541	2041802147	926779	1008145	94523676	309370499	NA	0
1844	3	1297054	2043099201	926794	1008145	94584685	309569318	NA	0
1845	3	214310	2043313511	926809	1008145	94592567	309600111	NA	0
1846	3	858997	2044172508	926824	1008145	94630358	309728213	NA	0
1847	3	221150	2044393658	926839	1008145	94638553	309760171	NA	0
1848	3	919338	2045312996	926854	1008145	94680453	309901324	NA	0
1849	3	1813167	2047126163	926869	1008145	94758387	310157500	NA	0
1850	3	1343775	2048469938	926884	1008145	94819287	310357362	NA	0
1851	3	840989	2049310927	926899	1008145	94858074	310487920	NA	0
1852	3	1361166	2050672093	926914	1008145	94922738	310697970	NA	0
1853	3	1065261	2051737354	926929	1008145	94970581	310857295	NA	0
1854	3	1155669	2052893023	926944	1008145	95025399	311037199	NA	0
1855	3	1254613	2054147636	926959	1008145	95084344	311230303	NA	0
1856	3	2156016	2056303652	926974	1008145	95182042	311560595	NA	0
1857	3	630003	2056933655	926989	1008145	95209421	311653993	NA	0
1858	3	1446429	2058380084	927004	1008145	95277617	311876464	NA	0
1859	3	1543572	2059923656	927019	1008145	95350290	312112468	NA	0
1860	3	210007	2060133663	927034	1008145	95358068	312142347	NA	0
1861	3	1341834	2061475497	927049	1008145	95422740	312351191	NA	0
1862	3	11192	2061486689	927064	1008145	95423219	312353359	NA	0
1863	3	746326	2062233015	927079	1008145	95456937	312466890	NA	0
1864	3	802893	2063035908	927094	1008145	95494434	312591471	NA	0
1865	3	102214	2063138122	927109	1008145	95498579	312607427	NA	0
1866	3	1150341	2064288463	927124	1008145	95552576	312785645	NA	0
1867	3	1697061	2065985524	927139	1008145	95628124	313032374	NA	0
1868	3	811031	2066796555	927154	1008145	95665870	313158260	NA	0
1869	3	846282	2067642837	927169	1008145	95705148	313289545	NA	0
1870	3	851146	2068493983	927184	1008145	95742759	313416216	NA	0
1871	3	724853	2069218836	927199	1008145	95775290	313525507	NA	0
1872	3	1144269	2070363105	927214	1008145	95828761	313702601	NA	0
1873	3	622239	2070985344	927229	1008145	95855737	313794912	NA	0
1874	3	1273377	2072258721	927244	1008145	95915758	313991863	NA	0
1875	3	650986	2072909707	927259	1008145	95943796	314087928	NA	0
1876	3	354545	2073264252	927274	1008145	95960139	314143423	NA	0
1877	3	1149413	2074413665	927289	1008145	96013042	314321554	NA	0
1878	3	1240270	2075653935	927304	1008145	96069393	314506525	NA	0
1879	3	1705459	2077359394	927319	1008145	96150396	314767592	NA	0
1880	3	1619994	2078979388	927334	1008145	96226852	315016070	NA	0
1881	3	1113286	2080092674	927349	1008145	96278392	315187976	NA	0
1882	3	17188	2080109862	927364	1008145	96279065	315191125	NA	0
1883	3	803111	2080912973	927379	1008145	96316555	315315705	NA	0
1884	3	898645	2081811618	927394	1008145	96358818	315454116	NA	0
1885	3	1082936	2082894554	927409	1008145	96408841	315620030	NA	0
1886	3	810229	2083704783	927424	1008145	96446587	315745546	NA	0
1887	3	763024	2084467807	927439	1008145	96480884	315860520	NA	0
1888	3	5297	2084473104	927454	1008145	96481052	315861610	NA	0
1889	3	921806	2085394910	927469	1008145	96524831	316006220	NA	0
1890	3	1507436	2086902346	927484	1008145	96596768	316238023	NA	0
1891	3	610513	2087512859	927499	1008145	96619875	316319990	NA	0
1892	3	58777	2087571636	927514	1008145	96622047	316329575	NA	0
1893	3	915518	2088487154	927529	1008145	96664948	316470839	NA	0
1894	3	1425503	2089912657	927544	1008145	96729385	316680497	NA	0
1895	3	1084107	2090996764	927559	1008145	96779578	316846691	NA	0
1896	3	622851	2091619615	927574	1008145	96806619	316939123	NA	0
1897	3	1127345	2092746960	927589	1008145	96857151	317107577	NA	0
1898	3	650272	2093397232	927604	1008145	96885218	317203737	NA	0
1899	3	904019	2094301251	927619	1008145	96927057	317342400	NA	0
1900	3	820648	2095121899	927634	1008145	96963404	317463760	NA	0
1901	3	578728	2095700627	927649	1008145	96985171	317541141	NA	0
1902	3	11130	2095711757	927664	1008145	96985631	317543470	NA	0
1903	3	1499149	2097210906	927679	1066405	97052090	317758026	NA	1
1904	3	1435923	2098646829	927694	1066405	97120355	317980500	NA	0
1905	3	1456269	2100103098	927709	1066405	97186376	318195914	NA	0
1906	3	1057213	2101160311	927724	1066405	97236825	318360244	NA	0
1907	3	1769936	2102930247	927739	1066405	97319384	318630918	NA	0
1908	3	664725	2103594972	927754	1066405	97348128	318729670	NA	0
1909	3	355364	2103950336	927769	1066405	97364526	318785446	NA	0
1910	3	827991	2104778327	927784	1066405	97402904	318913008	NA	0
1911	3	371917	2105150244	927799	1066405	97420180	318971883	NA	0
1912	3	840636	2105990880	927814	1066405	97459415	319100774	NA	0
1913	3	940358	2106931238	927829	1066405	97503863	319248015	NA	0
1914	3	1421405	2108352643	927844	1066405	97571560	319465960	NA	0
1915	3	1140109	2109492752	927859	1066405	97625959	319642988	NA	0
1916	3	759822	2110252574	927874	1066405	97660129	319757395	NA	0
1917	3	1645052	2111897626	927889	1066405	97737392	320007796	NA	0
1918	3	1445678	2113343304	927904	1066405	97806115	320230148	NA	0
1919	3	810229	2114153533	927919	1066405	97844041	320355680	NA	0
1920	3	1342192	2115495725	927934	1066405	97906627	320560323	NA	0
1921	3	768484	2116264209	927949	1066405	97941084	320676695	NA	0
1922	3	1437020	2117701229	927964	1066405	98009109	320897027	NA	0
1923	3	102624	2117803853	927979	1066405	98013273	320912986	NA	0
1924	3	943031	2118746884	927994	1066405	98058248	321060542	NA	0
1925	3	1225418	2119972302	928009	1066405	98117921	321252332	NA	0
1926	3	1589878	2121562180	928024	1066405	98192050	321493259	NA	0
1927	3	1096125	2122658305	928039	1066405	98242684	321661644	NA	0
1928	3	1097655	2123755960	928054	1066405	98292902	321830338	NA	0
1929	3	2060538	2125816498	928069	1066405	98383550	322138043	NA	0
1930	3	1098560	2126915058	928084	1066405	98434212	322307027	NA	0
1931	3	1591784	2128506842	928099	1066405	98507741	322548184	NA	0
1932	3	2239326	2130746168	928114	1066405	98611356	322894765	NA	0
1933	3	1587818	2132333986	928129	1066405	98684820	323135530	NA	0
1934	3	1102324	2133436310	928144	1066405	98735674	323305050	NA	0
1935	3	1257028	2134693338	928159	1066405	98794869	323499188	NA	0
1936	3	1104566	2135797904	928174	1066405	98843582	323663020	NA	0
1937	3	1305128	2137103032	928189	1066405	98904587	323863428	NA	0
1938	3	1334678	2138437710	928204	1066405	98967288	324069642	NA	0
1939	3	1482217	2139919927	928219	1066405	99034496	324289831	NA	0
1940	3	1067317	2140987244	928234	1066405	99081870	324449348	NA	0
1941	3	2148131	2143135375	928249	1066405	99177354	324771321	NA	0
1942	3	1456734	2144592109	928264	1066405	99246555	324995399	NA	0
1943	3	1944167	2146536276	928279	1066405	99335218	325292896	NA	0
1944	3	1275060	2147811336	928294	1066405	99395076	325489620	NA	0
1945	3	658225	2148469561	928309	1066405	99423439	325587007	NA	0
1946	3	1315464	2149785025	928324	1066405	99485080	325789509	NA	0
1947	3	1067085	2150852110	928339	1066405	99532597	325949200	NA	0
1948	3	1707493	2152559603	928354	1066405	99612438	326208210	NA	0
1949	3	1312724	2153872327	928369	1066405	99673846	326409839	NA	0
1950	3	1318821	2155191148	928384	1066405	99735594	326612495	NA	0
1951	3	1539901	2156731049	928399	1066405	99807773	326846679	NA	0
1952	3	1748159	2158479208	928414	1066405	99889527	327111388	NA	0
1953	3	1607717	2160086925	928429	1066405	99964419	327355254	NA	0
1954	3	214310	2160301235	928444	1066405	99972301	327386047	NA	0
1955	3	858551	2161159786	928459	1066405	100010059	327513827	NA	0
1956	3	221150	2161380936	928474	1066405	100018254	327545785	NA	0
1957	3	918182	2162299118	928489	1066405	100060075	327686583	NA	0
1958	3	1812753	2164111871	928504	1066405	100137921	327942425	NA	0
1959	3	1342683	2165454554	928519	1066405	100198763	328141854	NA	0
1960	3	839869	2166294423	928534	1066405	100237476	328272065	NA	0
1961	3	1359478	2167653901	928549	1066405	100302079	328481760	NA	0
1962	3	1064821	2168718722	928564	1066405	100349881	328640793	NA	0
1963	3	1154609	2169873331	928579	1066405	100404610	328820278	NA	0
1964	3	1253540	2171126871	928594	1066405	100463467	329013015	NA	0
1965	3	2153022	2173279893	928609	1066405	100561024	329342445	NA	0
1966	3	629535	2173909428	928624	1066405	100588374	329435620	NA	0
1967	3	1445312	2175354740	928639	1066405	100656421	329657701	NA	0
1968	3	1542491	2176897231	928654	1066405	100729037	329893218	NA	0
1969	3	210007	2177107238	928669	1066405	100736815	329923097	NA	0
1970	3	1340085	2178447323	928684	1066405	100801361	330131548	NA	0
1971	3	11192	2178458515	928699	1066405	100801840	330133716	NA	0
1972	3	745287	2179203802	928714	1066405	100835456	330246762	NA	0
1973	3	801773	2180005575	928729	1066405	100872877	330370941	NA	0
1974	3	101775	2180107350	928744	1066405	100876995	330386768	NA	0
1975	3	1149261	2181256611	928759	1066405	100930958	330564586	NA	0
1976	3	1696005	2182952616	928774	1066405	101006379	330810975	NA	0
1977	3	809875	2183762491	928789	1066405	101044058	330936460	NA	0
1978	3	845163	2184607654	928804	1066405	101083324	331067374	NA	0
1979	3	850700	2185458354	928819	1066405	101120908	331193851	NA	0
1980	3	724407	2186182761	928834	1066405	101153371	331302876	NA	0
1981	3	1143189	2187325950	928849	1066405	101206786	331479445	NA	0
1982	3	621762	2187947712	928864	1066405	101233717	331571530	NA	0
1983	3	1272303	2189220015	928879	1066405	101293682	331768100	NA	0
1984	3	650509	2189870524	928894	1066405	101321682	331863941	NA	0
1985	3	354432	2190224956	928909	1066405	101338011	331919319	NA	0
1986	3	1148333	2191373289	928924	1066405	101390880	332097164	NA	0
1987	3	1239832	2192613121	928939	1066405	101447192	332281929	NA	0
1988	3	1703712	2194316833	928954	1066405	101528026	332542450	NA	0
1989	3	1618254	2195935087	928969	1066405	101604290	332790485	NA	0
1990	3	1112235	2197047322	928984	1066405	101655736	332961965	NA	0
1991	3	17188	2197064510	928999	1066405	101656409	332965114	NA	0
1992	3	801991	2197866501	929014	1066405	101693820	333089383	NA	0
1993	3	896956	2198763457	929029	1066405	101736000	333227468	NA	0
1994	3	1081856	2199845313	929044	1066405	101785963	333392999	NA	0
1995	3	809073	2200654386	929059	1066405	101823627	333518120	NA	0
1996	3	762578	2201416964	929074	1066405	101857912	333632842	NA	0
1997	3	5297	2201422261	929089	1066405	101858080	333633932	NA	0
1998	3	919940	2202342201	929104	1066405	101901670	333777933	NA	0
1999	3	1506319	2203848520	929119	1066405	101973630	334009479	NA	0
2000	3	610537	2204459057	929134	1066405	101996737	334091444	NA	0
2001	3	58777	2204517834	929149	1066405	101998909	334101029	NA	0
2002	3	913793	2205431627	929164	1066405	102041750	334242071	NA	0
2003	3	1423798	2206855425	929179	1066405	102106168	334451340	NA	0
2004	3	1083027	2207938452	929194	1066405	102156265	334617048	NA	0
2005	3	622374	2208560826	929209	1066405	102183299	334709260	NA	0
2006	3	1126905	2209687731	929224	1066405	102233779	334877548	NA	0
2007	3	1538154	2211225885	929239	1066405	102305903	335111247	NA	0
2008	3	649795	2211875680	929254	1066405	102333939	335207173	NA	0
2009	3	902287	2212777967	929269	1066405	102375647	335345426	NA	0
2010	3	819727	2213597694	929284	1066405	102411923	335466354	NA	0
2011	3	578752	2214176446	929299	1066405	102433690	335543738	NA	0
2012	3	11130	2214187576	929314	1066405	102434150	335546067	NA	0
2013	3	1498048	2215685624	929329	1066405	102500492	335760116	NA	0
2014	3	1434247	2217119871	929344	1066405	102568662	335982102	NA	0
2015	3	1455837	2218575708	929359	1075952	102634624	336197351	NA	1
2016	3	1055548	2219631256	929374	1075952	102684991	336361226	NA	0
2017	3	1768886	2221400142	929389	1075952	102767577	336631333	NA	0
2018	3	664248	2222064390	929404	1075952	102796289	336729866	NA	0
2019	3	355251	2222419641	929419	1075952	102812667	336785507	NA	0
2020	3	826871	2223246512	929434	1075952	102851018	336912642	NA	0
2021	3	371104	2223617616	929449	1075952	102868247	336971199	NA	0
2022	3	838940	2224456556	929464	1075952	102907470	337099761	NA	0
2023	3	939269	2225395825	929479	1075952	102951869	337246488	NA	0
2024	3	1420324	2226816149	929494	1075952	103019481	337464193	NA	0
2025	3	1138990	2227955139	929509	1075952	103073882	337640909	NA	0
2026	3	759376	2228714515	929524	1075952	103108021	337755063	NA	0
2027	3	1643978	2230358493	929539	1075952	103185251	338004871	NA	0
2028	3	1444672	2231803165	929554	1075952	103253953	338226690	NA	0
2029	3	809249	2232612414	929569	1075952	103291793	338351900	NA	0
2030	3	1341339	2233953753	929584	1075952	103354339	338556201	NA	0
2031	3	768038	2234721791	929599	1075952	103388749	338672321	NA	0
2032	3	1435939	2236157730	929614	1075952	103456646	338892073	NA	0
2033	3	102185	2236259915	929629	1075952	103460788	338907902	NA	0
2034	3	941943	2237201858	929644	1075952	103505609	339055039	NA	0
2035	3	1223698	2238425556	929659	1075952	103565146	339246348	NA	0
2036	3	1588806	2240014362	929674	1075952	103639157	339487082	NA	0
2037	3	1095045	2241109407	929689	1075952	103689724	339655147	NA	0
2038	3	1096575	2242205982	929704	1075952	103739842	339823475	NA	0
2039	3	2058822	2244264804	929719	1075952	103830332	340130827	NA	0
2040	3	1097480	2245362284	929734	1075952	103880925	340299479	NA	0
2041	3	1590712	2246952996	929749	1075952	103954387	340540199	NA	0
2042	3	2237585	2249190581	929764	1075952	104057823	340886439	NA	0
2043	3	1586746	2250777327	929779	1075952	104131157	341126773	NA	0
2044	3	1101244	2251878571	929794	1075952	104181986	341295923	NA	0
2045	3	1255945	2253134516	929809	1075952	104241163	341489622	NA	0
2046	3	1104126	2254238642	929824	1075952	104289912	341653121	NA	0
2047	3	1304045	2255542687	929839	1075952	104350880	341853048	NA	0
2048	3	1333595	2256876282	929854	1075952	104413567	342058801	NA	0
2049	3	1481785	2258358067	929869	1075952	104480766	342278700	NA	0
2050	3	1066877	2259424944	929884	1075952	104528165	342437968	NA	0
2051	3	2146420	2261571364	929899	1075952	104623633	342759482	NA	0
2052	3	1455094	2263026458	929914	1075952	104692789	342983195	NA	0
2053	3	1942432	2264968890	929929	1075952	104781367	343280506	NA	0
2054	3	1273977	2266242867	929944	1075952	104841262	343476873	NA	0
2055	3	657757	2266900624	929959	1075952	104869571	343574054	NA	0
2056	3	1314381	2268215005	929974	1075952	104931172	343776159	NA	0
2057	3	1066645	2269281650	929989	1075952	104978663	343935598	NA	0
2058	3	1706418	2270988068	930004	1075952	105058499	344194196	NA	0
2059	3	1311605	2272299673	930019	1075952	105119847	344395253	NA	0
2060	3	1317738	2273617411	930034	1075952	105181550	344597482	NA	0
2061	3	1153470	2274770881	930049	1075952	105234645	344772876	NA	0
2062	3	214310	2274985191	930064	1075952	105242527	344803669	NA	0
2063	3	858551	2275843742	930079	1075952	105280285	344931449	NA	0
2064	3	221150	2276064892	930094	1075952	105288480	344963407	NA	0
2065	3	918182	2276983074	930109	1075952	105330301	345104205	NA	0
2066	3	1812753	2278795827	930124	1075952	105408147	345360047	NA	0
2067	3	1342683	2280138510	930139	1075952	105468989	345559476	NA	0
2068	3	839869	2280978379	930154	1075952	105507702	345689687	NA	0
2069	3	1359478	2282337857	930169	1075952	105572305	345899382	NA	0
2070	3	1064821	2283402678	930184	1075952	105620107	346058415	NA	0
2071	3	1154609	2284557287	930199	1075952	105674836	346237900	NA	0
2072	3	1253540	2285810827	930214	1075952	105733693	346430637	NA	0
2073	3	2153022	2287963849	930229	1075952	105831250	346760067	NA	0
2074	3	629535	2288593384	930244	1075952	105858600	346853242	NA	0
2075	3	1445312	2290038696	930259	1075952	105926647	347075323	NA	0
2076	3	1542491	2291581187	930274	1075952	105999263	347310840	NA	0
2077	3	210007	2291791194	930289	1075952	106007041	347340719	NA	0
2078	3	1340085	2293131279	930304	1075952	106071587	347549170	NA	0
2079	3	11192	2293142471	930319	1075952	106072066	347551338	NA	0
2080	3	745287	2293887758	930334	1075952	106105682	347664384	NA	0
2081	3	801773	2294689531	930349	1075952	106143103	347788563	NA	0
2082	3	101775	2294791306	930364	1075952	106147221	347804390	NA	0
2083	3	1149261	2295940567	930379	1075952	106201184	347982208	NA	0
2084	3	1696005	2297636572	930394	1075952	106276605	348228597	NA	0
2085	3	809875	2298446447	930409	1075952	106314284	348354082	NA	0
2086	3	845163	2299291610	930424	1075952	106353550	348484996	NA	0
2087	3	850700	2300142310	930439	1075952	106391134	348611473	NA	0
2088	3	724407	2300866717	930454	1075952	106423597	348720498	NA	0
2089	3	1143189	2302009906	930469	1075952	106477012	348897067	NA	0
2090	3	621762	2302631668	930484	1075952	106503943	348989152	NA	0
2091	3	1272303	2303903971	930499	1075952	106563908	349185722	NA	0
2092	3	650509	2304554480	930514	1075952	106591908	349281563	NA	0
2093	3	354432	2304908912	930529	1075952	106608237	349336941	NA	0
2094	3	1148333	2306057245	930544	1075952	106661106	349514786	NA	0
2095	3	1239832	2307297077	930559	1075952	106717418	349699551	NA	0
2096	3	1703712	2309000789	930574	1075952	106798252	349960072	NA	0
2097	3	1618254	2310619043	930589	1075952	106874516	350208107	NA	0
2098	3	1112235	2311731278	930604	1075952	106925962	350379587	NA	0
2099	3	17188	2311748466	930619	1075952	106926635	350382736	NA	0
2100	3	801991	2312550457	930634	1075952	106964046	350507005	NA	0
2101	3	896956	2313447413	930649	1075952	107006226	350645090	NA	0
2102	3	1081856	2314529269	930664	1075952	107056189	350810621	NA	0
2103	3	809252	2315338521	930679	1075952	107093864	350935829	NA	0
2104	3	762578	2316101099	930694	1075952	107128149	351050551	NA	0
2105	3	5297	2316106396	930709	1075952	107128317	351051641	NA	0
2106	3	919940	2317026336	930724	1075952	107171907	351195642	NA	0
2107	3	1506319	2318532655	930739	1075952	107243867	351427188	NA	0
2108	3	610537	2319143192	930754	1075952	107266974	351509153	NA	0
2109	3	58777	2319201969	930769	1075952	107269146	351518738	NA	0
2110	3	913793	2320115762	930784	1075952	107311987	351659780	NA	0
2111	3	1423798	2321539560	930799	1075952	107376405	351869049	NA	0
2112	3	1083027	2322622587	930814	1075952	107426502	352034757	NA	0
2113	3	622374	2323244961	930829	1075952	107453536	352126969	NA	0
2114	3	1126905	2324371866	930844	1075952	107504016	352295257	NA	0
2115	3	1538154	2325910020	930859	1075952	107576140	352528956	NA	0
2116	3	649795	2326559815	930874	1075952	107604176	352624882	NA	0
2117	3	902287	2327462102	930889	1075952	107645884	352763135	NA	0
2118	3	819727	2328281829	930904	1075952	107682160	352884063	NA	0
2119	3	578752	2328860581	930919	1075952	107703927	352961447	NA	0
2120	3	11130	2328871711	930934	1075952	107704387	352963776	NA	0
2121	3	1498048	2330369759	930949	1075952	107770729	353177825	NA	0
2122	3	1434247	2331804006	930964	1075952	107838899	353399811	NA	0
2123	3	1455837	2333259843	930979	1075952	107904861	353615060	NA	0
2124	3	1055548	2334315391	930994	1075952	107955228	353778935	NA	0
2125	3	1768886	2336084277	931009	1075952	108037814	354049042	NA	0
2126	3	664248	2336748525	931024	1075952	108066526	354147575	NA	0
2127	3	355251	2337103776	931039	1177587	108082904	354203216	NA	1
2128	3	826871	2337930647	931054	1177587	108121255	354330351	NA	0
2129	3	371104	2338301751	931069	1177587	108138484	354388908	NA	0
2130	3	838940	2339140691	931084	1177587	108177707	354517470	NA	0
2131	3	939269	2340079960	931099	1177587	108222106	354664197	NA	0
2132	3	1420324	2341500284	931114	1177587	108289718	354881902	NA	0
2133	3	1138990	2342639274	931129	1177587	108344119	355058618	NA	0
2134	3	759376	2343398650	931144	1177587	108378258	355172772	NA	0
2135	3	1643978	2345042628	931159	1177587	108455488	355422580	NA	0
2136	3	1444672	2346487300	931174	1177587	108524190	355644399	NA	0
2137	3	809249	2347296549	931189	1177587	108562030	355769609	NA	0
2138	3	1341339	2348637888	931204	1177587	108624576	355973910	NA	0
2139	3	768038	2349405926	931219	1177587	108658986	356090030	NA	0
2140	3	1435939	2350841865	931234	1177587	108726883	356309782	NA	0
2141	3	102185	2350944050	931249	1177587	108731025	356325611	NA	0
2142	3	941943	2351885993	931264	1177587	108775846	356472748	NA	0
2143	3	1223698	2353109691	931279	1177587	108835383	356664057	NA	0
2144	3	1588806	2354698497	931294	1177587	108909394	356904791	NA	0
2145	3	1095045	2355793542	931309	1177587	108959961	357072856	NA	0
2146	3	1096575	2356890117	931324	1177587	109010079	357241184	NA	0
2147	3	2058822	2358948939	931339	1177587	109100569	357548536	NA	0
2148	3	1097480	2360046419	931354	1177587	109151162	357717188	NA	0
2149	3	1590712	2361637131	931369	1177587	109224624	357957908	NA	0
2150	3	2237585	2363874716	931384	1177587	109328060	358304148	NA	0
2151	3	1586746	2365461462	931399	1177587	109401394	358544482	NA	0
2152	3	1101244	2366562706	931414	1177587	109452223	358713632	NA	0
2153	3	1255945	2367818651	931429	1177587	109511400	358907331	NA	0
2154	3	1104126	2368922777	931444	1177587	109560149	359070830	NA	0
2155	3	1304045	2370226822	931459	1177587	109621117	359270757	NA	0
2156	3	1333595	2371560417	931474	1177587	109683804	359476510	NA	0
2157	3	1481785	2373042202	931489	1177587	109751003	359696409	NA	0
2158	3	1066877	2374109079	931504	1177587	109798402	359855677	NA	0
2159	3	2146420	2376255499	931519	1177587	109893870	360177191	NA	0
2160	3	1455094	2377710593	931534	1177587	109963026	360400904	NA	0
2161	3	1942432	2379653025	931549	1177587	110051604	360698215	NA	0
2162	3	1273977	2380927002	931564	1177587	110111499	360894582	NA	0
2163	3	657757	2381584759	931579	1177587	110139808	360991763	NA	0
2164	3	1314381	2382899140	931594	1177587	110201409	361193868	NA	0
2165	3	1066645	2383965785	931609	1177587	110248900	361353307	NA	0
2166	3	1706418	2385672203	931624	1177587	110328736	361611905	NA	0
2167	3	1311605	2386983808	931639	1177587	110390084	361812962	NA	0
2168	3	1317738	2388301546	931654	1177587	110451787	362015191	NA	0
2169	3	1921139	2390222685	931669	1177587	110538617	362300653	NA	0
2170	3	1948150	2392170835	931684	1177587	110623192	362590932	NA	0
2171	3	1106225	2393277060	931699	1177587	110674223	362761336	NA	0
2172	3	1308339	2394585399	931714	1177587	110735400	362962583	NA	0
2173	3	1106474	2395691873	931729	1177587	110786428	363132858	NA	0
2174	3	1106113	2396797986	931744	1177587	110837453	363303074	NA	0
2175	3	1105884	2397903870	931759	1177587	110888473	363473281	NA	0
2176	3	1106126	2399009996	931774	1177587	110939493	363643515	NA	0
2177	3	1106228	2400116224	931789	1177587	110990717	363813825	NA	0
2178	3	214310	2400330534	931804	1177587	110998599	363844618	NA	0
2179	3	858997	2401189531	931819	1177587	111036390	363972720	NA	0
2180	3	221150	2401410681	931834	1177587	111044585	364004678	NA	0
2181	3	919338	2402330019	931849	1177587	111086485	364145831	NA	0
2182	3	1813167	2404143186	931864	1177587	111164419	364402007	NA	0
2183	3	1343775	2405486961	931879	1177587	111225319	364601869	NA	0
2184	3	840989	2406327950	931894	1177587	111264106	364732427	NA	0
2185	3	1361166	2407689116	931909	1177587	111328770	364942477	NA	0
2186	3	1065261	2408754377	931924	1177587	111376613	365101802	NA	0
2187	3	1155706	2409910083	931939	1177587	111431431	365281705	NA	0
2188	3	1254613	2411164696	931954	1177587	111490376	365474809	NA	0
2189	3	2156053	2413320749	931969	1177587	111588074	365805096	NA	0
2190	3	630003	2413950752	931984	1177587	111615453	365898494	NA	0
2191	3	1446429	2415397181	931999	1177587	111683649	366120965	NA	0
2192	3	1543572	2416940753	932014	1177587	111756322	366356969	NA	0
2193	3	210007	2417150760	932029	1177587	111764100	366386848	NA	0
2194	3	1341834	2418492594	932044	1177587	111828772	366595692	NA	0
2195	3	11192	2418503786	932059	1177587	111829251	366597860	NA	0
2196	3	746326	2419250112	932074	1177587	111862969	366711391	NA	0
2197	3	802893	2420053005	932089	1177587	111900466	366835972	NA	0
2198	3	102214	2420155219	932104	1177587	111904611	366851928	NA	0
2199	3	1150341	2421305560	932119	1177587	111958608	367030146	NA	0
2200	3	1697061	2423002621	932134	1177587	112034156	367276875	NA	0
2201	3	811031	2423813652	932149	1177587	112071902	367402761	NA	0
2202	3	846319	2424659971	932164	1177587	112111180	367534044	NA	0
2203	3	851146	2425511117	932179	1177587	112148791	367660715	NA	0
2204	3	724853	2426235970	932194	1177587	112181322	367770006	NA	0
2205	3	1144269	2427380239	932209	1177587	112234793	367947100	NA	0
2206	3	622239	2428002478	932224	1177587	112261769	368039411	NA	0
2207	3	1273377	2429275855	932239	1177587	112321790	368236362	NA	0
2208	3	650986	2429926841	932254	1177587	112349828	368332427	NA	0
2209	3	354545	2430281386	932269	1177587	112366171	368387922	NA	0
2210	3	1149413	2431430799	932284	1177587	112419074	368566053	NA	0
2211	3	1240270	2432671069	932299	1177587	112475425	368751024	NA	0
2212	3	1705459	2434376528	932314	1177587	112556428	369012091	NA	0
2213	3	1619994	2435996522	932329	1177587	112632884	369260569	NA	0
2214	3	1113360	2437109882	932344	1177587	112684424	369432471	NA	0
2215	3	17188	2437127070	932359	1177587	112685097	369435620	NA	0
2216	3	803111	2437930181	932374	1177587	112722587	369560200	NA	0
2217	3	898645	2438828826	932389	1177587	112764850	369698611	NA	0
2218	3	1082936	2439911762	932404	1177587	112814873	369864525	NA	0
2219	3	810229	2440721991	932419	1177587	112852619	369990041	NA	0
2220	3	763024	2441485015	932434	1177587	112886916	370105015	NA	0
2221	3	5297	2441490312	932449	1177587	112887084	370106105	NA	0
2222	3	921806	2442412118	932464	1177587	112930863	370250715	NA	0
2223	3	1507436	2443919554	932479	1177587	113002800	370482518	NA	0
2224	3	610513	2444530067	932494	1177587	113025907	370564485	NA	0
2225	3	58777	2444588844	932509	1177587	113028079	370574070	NA	0
2226	3	915518	2445504362	932524	1177587	113070980	370715334	NA	0
2227	3	1425503	2446929865	932539	1177587	113135417	370924992	NA	0
2228	3	1084107	2448013972	932554	1177587	113185610	371091186	NA	0
2229	3	622851	2448636823	932569	1177587	113212651	371183618	NA	0
2230	3	1127345	2449764168	932584	1177587	113263183	371352072	NA	0
2231	3	1539901	2451304069	932599	1177587	113335362	371586256	NA	0
2232	3	650272	2451954341	932614	1177587	113363429	371682416	NA	0
2233	3	904019	2452858360	932629	1177587	113405268	371821079	NA	0
2234	3	820648	2453679008	932644	1177587	113441615	371942439	NA	0
2235	3	578728	2454257736	932659	1177587	113463382	372019820	NA	0
2236	3	11130	2454268866	932674	1177587	113463842	372022149	NA	0
2237	3	1499149	2455768015	932689	1177587	113530301	372236705	NA	0
2238	3	1435923	2457203938	932704	1177587	113598566	372459179	NA	0
2239	3	1456269	2458660207	932719	1215778	113664587	372674593	NA	1
2240	3	1057213	2459717420	932734	1215778	113715036	372838923	NA	0
2241	3	1770010	2461487430	932749	1215778	113797595	373109594	NA	0
2242	3	664725	2462152155	932764	1215778	113826339	373208346	NA	0
2243	3	355364	2462507519	932779	1215778	113842737	373264122	NA	0
2244	3	827991	2463335510	932794	1215778	113881115	373391684	NA	0
2245	3	371917	2463707427	932809	1215778	113898391	373450559	NA	0
2246	3	840636	2464548063	932824	1215778	113937626	373579450	NA	0
2247	3	940358	2465488421	932839	1215778	113982074	373726691	NA	0
2248	3	1421405	2466909826	932854	1215778	114049771	373944636	NA	0
2249	3	1140109	2468049935	932869	1215778	114104170	374121664	NA	0
2250	3	759822	2468809757	932884	1215778	114138340	374236071	NA	0
2251	3	1645089	2470454846	932899	1215778	114215603	374486468	NA	0
2252	3	1445789	2471900635	932914	1215778	114284326	374708817	NA	0
2253	3	810229	2472710864	932929	1215778	114322252	374834349	NA	0
2254	3	1342192	2474053056	932944	1215778	114384838	375038992	NA	0
2255	3	768484	2474821540	932959	1215778	114419295	375155364	NA	0
2256	3	1437020	2476258560	932974	1215778	114487320	375375696	NA	0
2257	3	102624	2476361184	932989	1215778	114491484	375391655	NA	0
2258	3	943068	2477304252	933004	1215778	114536459	375539206	NA	0
2259	3	1225492	2478529744	933019	1215778	114596132	375730991	NA	0
2260	3	1589878	2480119622	933034	1215778	114670261	375971918	NA	0
2261	3	1096125	2481215747	933049	1215778	114720895	376140303	NA	0
2262	3	1097655	2482313402	933064	1215778	114771113	376308997	NA	0
2263	3	2060575	2484373977	933079	1215778	114861761	376616696	NA	0
2264	3	1098560	2485472537	933094	1215778	114912423	376785680	NA	0
2265	3	1591784	2487064321	933109	1215778	114985952	377026837	NA	0
2266	3	2239326	2489303647	933124	1215778	115089567	377373418	NA	0
2267	3	1587818	2490891465	933139	1215778	115163031	377614183	NA	0
2268	3	1102324	2491993789	933154	1215778	115213885	377783703	NA	0
2269	3	1257028	2493250817	933169	1215778	115273080	377977841	NA	0
2270	3	1104566	2494355383	933184	1215778	115321793	378141673	NA	0
2271	3	1305128	2495660511	933199	1215778	115382798	378342081	NA	0
2272	3	1334678	2496995189	933214	1215778	115445499	378548295	NA	0
2273	3	1482217	2498477406	933229	1215778	115512707	378768484	NA	0
2274	3	1067317	2499544723	933244	1215778	115560081	378928001	NA	0
2275	3	2148131	2501692854	933259	1215778	115655565	379249974	NA	0
2276	3	1456734	2503149588	933274	1215778	115724766	379474052	NA	0
2277	3	1944167	2505093755	933289	1215778	115813429	379771549	NA	0
2278	3	1275060	2506368815	933304	1215778	115873287	379968273	NA	0
2279	3	658225	2507027040	933319	1215778	115901650	380065660	NA	0
2280	3	1315464	2508342504	933334	1215778	115963291	380268162	NA	0
2281	3	1067085	2509409589	933349	1215778	116010808	380427853	NA	0
2282	3	1707493	2511117082	933364	1215778	116090649	380686863	NA	0
2283	3	1312724	2512429806	933379	1215778	116152057	380888492	NA	0
2284	3	1318821	2513748627	933394	1215778	116213805	381091148	NA	0
2285	3	1123218	2514871845	933409	1215778	116265275	381262475	NA	0
2286	3	1185229	2516057074	933424	1215778	116320157	381445197	NA	0
2287	3	1347151	2517404225	933439	1215778	116383154	381651445	NA	0
2288	3	1354234	2518758459	933454	1215778	116446393	381858665	NA	0
2289	3	1347049	2520105508	933469	1215778	116509377	382064836	NA	0
2290	3	1107945	2521213453	933484	1215778	116560430	382235377	NA	0
2291	3	252	2521213705	933499	1215778	116560450	382235518	NA	0
2292	3	1366855	2522580560	933514	1215778	116624321	382445063	NA	0
2293	3	214310	2522794870	933529	1215778	116632203	382475856	NA	0
2294	3	858997	2523653867	933544	1215778	116669994	382603958	NA	0
2295	3	221150	2523875017	933559	1215778	116678189	382635916	NA	0
2296	3	919338	2524794355	933574	1215778	116720089	382777069	NA	0
2297	3	1813167	2526607522	933589	1215778	116798023	383033245	NA	0
2298	3	1343775	2527951297	933604	1215778	116858923	383233107	NA	0
2299	3	840989	2528792286	933619	1215778	116897710	383363665	NA	0
2300	3	1361166	2530153452	933634	1215778	116962374	383573715	NA	0
2301	3	1065261	2531218713	933649	1215778	117010217	383733040	NA	0
2302	3	1155706	2532374419	933664	1215778	117065035	383912943	NA	0
2303	3	1254613	2533629032	933679	1215778	117123980	384106047	NA	0
2304	3	2156053	2535785085	933694	1215778	117221678	384436334	NA	0
2305	3	630003	2536415088	933709	1215778	117249057	384529732	NA	0
2306	3	1446429	2537861517	933724	1215778	117317253	384752203	NA	0
2307	3	1543572	2539405089	933739	1215778	117389926	384988207	NA	0
2308	3	210007	2539615096	933754	1215778	117397704	385018086	NA	0
2309	3	1341834	2540956930	933769	1215778	117462376	385226930	NA	0
2310	3	11192	2540968122	933784	1215778	117462855	385229098	NA	0
2311	3	746326	2541714448	933799	1215778	117496573	385342629	NA	0
2312	3	802893	2542517341	933814	1215778	117534070	385467210	NA	0
2313	3	102214	2542619555	933829	1215778	117538215	385483166	NA	0
2314	3	1150341	2543769896	933844	1215778	117592212	385661384	NA	0
2315	3	1697061	2545466957	933859	1215778	117667760	385908113	NA	0
2316	3	811031	2546277988	933874	1215778	117705506	386033999	NA	0
2317	3	846319	2547124307	933889	1215778	117744784	386165282	NA	0
2318	3	851146	2547975453	933904	1215778	117782395	386291953	NA	0
2319	3	724853	2548700306	933919	1215778	117814926	386401244	NA	0
2320	3	1144269	2549844575	933934	1215778	117868397	386578338	NA	0
2321	3	622239	2550466814	933949	1215778	117895373	386670649	NA	0
2322	3	1273377	2551740191	933964	1215778	117955394	386867600	NA	0
2323	3	650986	2552391177	933979	1215778	117983432	386963665	NA	0
2324	3	354545	2552745722	933994	1215778	117999775	387019160	NA	0
2325	3	1149413	2553895135	934009	1215778	118052678	387197291	NA	0
2326	3	1240270	2555135405	934024	1215778	118109029	387382262	NA	0
2327	3	1705459	2556840864	934039	1215778	118190032	387643329	NA	0
2328	3	1619994	2558460858	934054	1215778	118266488	387891807	NA	0
2329	3	1113360	2559574218	934069	1215778	118318028	388063709	NA	0
2330	3	17188	2559591406	934084	1215778	118318701	388066858	NA	0
2331	3	803111	2560394517	934099	1215778	118356191	388191438	NA	0
2332	3	898645	2561293162	934114	1215778	118398454	388329849	NA	0
2333	3	1082936	2562376098	934129	1215778	118448477	388495763	NA	0
2334	3	810229	2563186327	934144	1215778	118486223	388621279	NA	0
2335	3	763024	2563949351	934159	1215778	118520520	388736253	NA	0
2336	3	5297	2563954648	934174	1215778	118520688	388737343	NA	0
2337	3	921806	2564876454	934189	1215778	118564467	388881953	NA	0
2338	3	1507436	2566383890	934204	1215778	118636404	389113756	NA	0
2339	3	610513	2566994403	934219	1215778	118659511	389195723	NA	0
2340	3	58777	2567053180	934234	1215778	118661683	389205308	NA	0
2341	3	915518	2567968698	934249	1215778	118704584	389346572	NA	0
2342	3	1425503	2569394201	934264	1215778	118769021	389556230	NA	0
2343	3	1084107	2570478308	934279	1215778	118819214	389722424	NA	0
2344	3	622851	2571101159	934294	1215778	118846255	389814856	NA	0
2345	3	1127345	2572228504	934309	1215778	118896787	389983310	NA	0
2346	3	1539901	2573768405	934324	1215778	118968966	390217494	NA	0
2347	3	650272	2574418677	934339	1215778	118997033	390313654	NA	0
2348	3	904019	2575322696	934354	1215778	119038872	390452317	NA	0
2349	3	820648	2576143344	934369	1215778	119075219	390573677	NA	0
2350	3	578728	2576722072	934384	1215778	119096986	390651058	NA	0
2351	3	11130	2576733202	934399	1216813	119097446	390653387	NA	1
2352	3	1499149	2578232351	934414	1216813	119163905	390867943	NA	0
2353	3	1435923	2579668274	934429	1216813	119232170	391090417	NA	0
2354	3	1456269	2581124543	934444	1216813	119298191	391305831	NA	0
2355	3	1057213	2582181756	934459	1216813	119348640	391470161	NA	0
2356	3	1770010	2583951766	934474	1216813	119431199	391740832	NA	0
2357	3	664725	2584616491	934489	1216813	119459943	391839584	NA	0
2358	3	355364	2584971855	934504	1216813	119476341	391895360	NA	0
2359	3	827991	2585799846	934519	1216813	119514719	392022922	NA	0
2360	3	371917	2586171763	934534	1216813	119531995	392081797	NA	0
2361	3	840636	2587012399	934549	1216813	119571230	392210688	NA	0
2362	3	940358	2587952757	934564	1216813	119615678	392357929	NA	0
2363	3	1421405	2589374162	934579	1216813	119683375	392575874	NA	0
2364	3	1140109	2590514271	934594	1216813	119737774	392752902	NA	0
2365	3	759822	2591274093	934609	1216813	119771944	392867309	NA	0
2366	3	1645089	2592919182	934624	1216813	119849207	393117706	NA	0
2367	3	1445789	2594364971	934639	1216813	119917930	393340055	NA	0
2368	3	810229	2595175200	934654	1216813	119955856	393465587	NA	0
2369	3	1342192	2596517392	934669	1216813	120018442	393670230	NA	0
2370	3	768484	2597285876	934684	1216813	120052899	393786602	NA	0
2371	3	1437020	2598722896	934699	1216813	120120924	394006934	NA	0
2372	3	102624	2598825520	934714	1216813	120125088	394022893	NA	0
2373	3	943068	2599768588	934729	1216813	120170063	394170444	NA	0
2374	3	1225492	2600994080	934744	1216813	120229736	394362229	NA	0
2375	3	1589878	2602583958	934759	1216813	120303865	394603156	NA	0
2376	3	1096125	2603680083	934774	1216813	120354499	394771541	NA	0
2377	3	1097655	2604777738	934789	1216813	120404717	394940235	NA	0
2378	3	2060575	2606838313	934804	1216813	120495365	395247934	NA	0
2379	3	1098560	2607936873	934819	1216813	120546027	395416918	NA	0
2380	3	1591784	2609528657	934834	1216813	120619556	395658075	NA	0
2381	3	2239326	2611767983	934849	1216813	120723171	396004656	NA	0
2382	3	1587818	2613355801	934864	1216813	120796635	396245421	NA	0
2383	3	1102324	2614458125	934879	1216813	120847489	396414941	NA	0
2384	3	1257028	2615715153	934894	1216813	120906684	396609079	NA	0
2385	3	1104566	2616819719	934909	1216813	120955397	396772911	NA	0
2386	3	1305128	2618124847	934924	1216813	121016402	396973319	NA	0
2387	3	1334678	2619459525	934939	1216813	121079103	397179533	NA	0
2388	3	1482217	2620941742	934954	1216813	121146311	397399722	NA	0
2389	3	1067317	2622009059	934969	1216813	121193685	397559239	NA	0
2390	3	2148131	2624157190	934984	1216813	121289169	397881212	NA	0
2391	3	1456734	2625613924	934999	1216813	121358370	398105290	NA	0
2392	3	1944167	2627558091	935014	1216813	121447033	398402787	NA	0
2393	3	1275060	2628833151	935029	1216813	121506891	398599511	NA	0
2394	3	658225	2629491376	935044	1216813	121535254	398696898	NA	0
2395	3	1315464	2630806840	935059	1216813	121596895	398899400	NA	0
2396	3	1067085	2631873925	935074	1216813	121644412	399059091	NA	0
2397	3	1707493	2633581418	935089	1216813	121724253	399318101	NA	0
2398	3	1312724	2634894142	935104	1216813	121785661	399519730	NA	0
2399	3	1318821	2636212963	935119	1216813	121847409	399722386	NA	0
2400	3	1153874	2637366837	935134	1216813	121899604	399897044	NA	0
2401	3	1105846	2638472683	935149	1216813	121950635	400067269	NA	0
2402	3	1351618	2639824301	935164	1216813	122013764	400273988	NA	0
2403	3	1169843	2640994144	935179	1216813	122068183	400454690	NA	0
2404	3	731129	2641725273	935194	1216813	122101120	400565487	NA	0
2405	3	1421045	2643146318	935209	1216813	122167187	400781355	NA	0
2406	3	1117514	2644263832	935224	1216813	122218454	400952435	NA	0
2407	3	1491409	2645755241	935239	1216813	122286949	401176469	NA	0
2408	3	1778132	2647533373	935254	1216813	122367923	401439566	NA	0
2409	3	1907973	2649441346	935269	1216813	122448864	401701127	NA	0
2410	3	1178394	2650619740	935284	1216813	122503552	401881799	NA	0
2411	3	1363679	2651983419	935299	1216813	122561931	402071793	NA	0
2412	3	1473896	2653457315	935314	1216813	122625376	402282837	NA	0
2413	3	2178204	2655635519	935329	1216813	122711054	402559492	NA	0
2414	3	1678831	2657314350	935344	1216813	122783879	402799428	NA	0
2415	3	2236448	2659550798	935359	1216813	122875670	403113466	NA	0
2416	3	2171642	2661722440	935374	1216813	122969754	403435655	NA	0
2417	3	1127282	2662849722	935389	1216813	123021317	403607500	NA	0
2418	3	1309187	2664158909	935404	1216813	123078745	403796465	NA	0
2419	3	2320297	2666479206	935419	1216813	123173694	404121372	NA	0
2420	3	1502123	2667981329	935434	1216813	123242170	404346373	NA	0
2421	3	1924714	2669906043	935449	1216813	123326365	404633527	NA	0
2422	3	1118492	2671024535	935464	1216813	123377678	404804708	NA	0
2423	3	1660696	2672685231	935479	1216813	123453514	405051336	NA	0
2424	3	1208282	2673893513	935494	1216813	123506650	405226718	NA	0
2425	3	1745622	2675639135	935509	1216813	123586765	405488427	NA	0
2426	3	1124361	2676763496	935524	1216813	123638308	405660410	NA	0
2427	3	1315470	2678078966	935539	1216813	123699562	405862560	NA	0
2428	3	1914486	2679993452	935554	1216813	123779906	406120232	NA	0
2429	3	1380395	2681373847	935569	1216813	123838225	406309901	NA	0
2430	3	1964085	2683337932	935584	1216813	123922300	406601040	NA	0
2431	3	1143944	2684481876	935599	1216813	123973468	406772549	NA	0
2432	3	1222548	2685704424	935614	1216813	124028817	406955695	NA	0
2433	3	2089483	2687793907	935629	1216813	124117128	407258147	NA	0
2434	3	1270963	2689064870	935644	1216813	124177151	407454057	NA	0
2435	3	1222063	2690286933	935659	1216813	124233688	407641556	NA	0
2436	3	1517343	2691804276	935674	1216813	124298179	407853015	NA	0
2437	3	1140094	2692944370	935689	1216813	124350037	408026057	NA	0
2438	3	2052941	2694997311	935704	1216813	124438946	408330216	NA	0
2439	3	1222607	2696219918	935719	1216813	124492200	408508110	NA	0
2440	3	1312854	2697532772	935734	1216813	124550602	408700579	NA	0
2441	3	1293762	2698826534	935749	1216813	124605733	408878687	NA	0
2442	3	1151507	2699978041	935764	1216813	124658897	409054099	NA	0
2443	3	1653226	2701631267	935779	1216813	124734666	409300651	NA	0
2444	3	1184481	2702815748	935794	1216813	124787700	409476890	NA	0
2445	3	1611667	2704427415	935809	1216813	124857370	409709408	NA	0
2446	3	8626	2704436041	935824	1216813	124857625	409710913	NA	0
2447	3	2496563	2706932604	935839	1216813	124957591	410050463	NA	0
2448	3	2284592	2709217196	935854	1216813	125049189	410365909	NA	0
2449	3	1252167	2710469363	935869	1216813	125104273	410547869	NA	0
2450	3	1506128	2711975491	935884	1216813	125165852	410747491	NA	0
2451	3	1258827	2713234318	935899	1216813	125223610	410938265	NA	0
2452	3	1109042	2714343360	935914	1216813	125274694	411108817	NA	0
2453	3	1123405	2715466765	935929	1216813	125326122	411280121	NA	0
2454	3	1387850	2716854615	935944	1216813	125388563	411484133	NA	0
2455	3	1160114	2718014729	935959	1216813	125441691	411660212	NA	0
2456	3	1115092	2719129821	935974	1216813	125492933	411831222	NA	0
2457	3	1190349	2720320170	935989	1216813	125547697	412012719	NA	0
2458	3	1217444	2721537614	936004	1216813	125602836	412195997	NA	0
2459	3	1144880	2722682494	936019	1216813	125655018	412369373	NA	0
2460	3	1134545	2723817039	936034	1216813	125706738	412541451	NA	0
2461	3	1502247	2725319286	936049	1216813	125774770	412763647	NA	0
2462	3	1109452	2726428738	936064	1216813	125825858	412934140	NA	0
2463	3	214310	2726643048	936079	1482817	125833740	412964933	NA	1
2464	3	858997	2727502045	936094	1482817	125871531	413093035	NA	0
2465	3	221150	2727723195	936109	1482817	125879726	413124993	NA	0
2466	3	919338	2728642533	936124	1482817	125921626	413266146	NA	0
2467	3	1813167	2730455700	936139	1482817	125999560	413522322	NA	0
2468	3	1343775	2731799475	936154	1482817	126060460	413722184	NA	0
2469	3	840989	2732640464	936169	1482817	126099247	413852742	NA	0
2470	3	1361166	2734001630	936184	1482817	126163911	414062792	NA	0
2471	3	1065261	2735066891	936199	1482817	126211754	414222117	NA	0
2472	3	1155706	2736222597	936214	1482817	126266572	414402020	NA	0
2473	3	1254613	2737477210	936229	1482817	126325517	414595124	NA	0
2474	3	2213805	2739691015	936244	1482817	126425356	414932674	NA	0
2475	3	630003	2740321018	936259	1482817	126452735	415026072	NA	0
2476	3	1446429	2741767447	936274	1482817	126520931	415248543	NA	0
2477	3	1543572	2743311019	936289	1482817	126593604	415484547	NA	0
2478	3	210007	2743521026	936304	1482817	126601382	415514426	NA	0
2479	3	1341834	2744862860	936319	1482817	126666054	415723270	NA	0
2480	3	11192	2744874052	936334	1482817	126666533	415725438	NA	0
2481	3	746326	2745620378	936349	1482817	126700251	415838969	NA	0
2482	3	802893	2746423271	936364	1482817	126737748	415963550	NA	0
2483	3	102214	2746525485	936379	1482817	126741893	415979506	NA	0
2484	3	1150341	2747675826	936394	1482817	126795890	416157724	NA	0
2485	3	1697061	2749372887	936409	1482817	126871438	416404453	NA	0
2486	3	811031	2750183918	936424	1482817	126909184	416530339	NA	0
2487	3	846319	2751030237	936439	1482817	126948462	416661622	NA	0
2488	3	851146	2751881383	936454	1482817	126986073	416788293	NA	0
2489	3	724853	2752606236	936469	1482817	127018604	416897584	NA	0
2490	3	1144269	2753750505	936484	1482817	127072075	417074678	NA	0
2491	3	622239	2754372744	936499	1482817	127099051	417166989	NA	0
2492	3	1273377	2755646121	936514	1482817	127159072	417363940	NA	0
2493	3	650986	2756297107	936529	1482817	127187110	417460005	NA	0
2494	3	354545	2756651652	936544	1482817	127203453	417515500	NA	0
2495	3	1298030	2757949682	936559	1482817	127262842	417713565	NA	0
2496	3	1240270	2759189952	936574	1482817	127319193	417898536	NA	0
2497	3	1705459	2760895411	936589	1482817	127400196	418159603	NA	0
2498	3	1619994	2762515405	936604	1482817	127476652	418408081	NA	0
2499	3	1113360	2763628765	936619	1482817	127528192	418579983	NA	0
2500	3	17188	2763645953	936634	1482817	127528865	418583132	NA	0
2501	3	803111	2764449064	936649	1482817	127566355	418707712	NA	0
2502	3	898645	2765347709	936664	1482817	127608618	418846123	NA	0
2503	3	1082936	2766430645	936679	1482817	127658641	419012037	NA	0
2504	3	810229	2767240874	936694	1482817	127696387	419137553	NA	0
2505	3	763024	2768003898	936709	1482817	127730684	419252527	NA	0
2506	3	5297	2768009195	936724	1482817	127730852	419253617	NA	0
2507	3	921806	2768931001	936739	1482817	127774631	419398227	NA	0
2508	3	1507436	2770438437	936754	1482817	127846568	419630030	NA	0
2509	3	610513	2771048950	936769	1482817	127869675	419711997	NA	0
2510	3	58777	2771107727	936784	1482817	127871847	419721582	NA	0
2511	3	915518	2772023245	936799	1482817	127914748	419862846	NA	0
2512	3	1425503	2773448748	936814	1482817	127979185	420072504	NA	0
2513	3	1084107	2774532855	936829	1482817	128029378	420238698	NA	0
2514	3	622851	2775155706	936844	1482817	128056419	420331130	NA	0
2515	3	1127345	2776283051	936859	1482817	128106951	420499584	NA	0
2516	3	1539901	2777822952	936874	1482817	128179130	420733768	NA	0
2517	3	650285	2778473237	936889	1482817	128207197	420829930	NA	0
2518	3	904019	2779377256	936904	1482817	128249036	420968593	NA	0
2519	3	820648	2780197904	936919	1482817	128285383	421089953	NA	0
2520	3	578728	2780776632	936934	1482817	128307150	421167334	NA	0
2521	3	11130	2780787762	936949	1482817	128307610	421169663	NA	0
2522	3	1499149	2782286911	936964	1482817	128374069	421384219	NA	0
2523	3	1435923	2783722834	936979	1482817	128442334	421606693	NA	0
2524	3	1456269	2785179103	936994	1482817	128508355	421822107	NA	0
2525	3	1237036	2786416139	937009	1482817	128566243	422009448	NA	0
2526	3	1851920	2788268059	937024	1482817	128649127	422289746	NA	0
2527	3	664725	2788932784	937039	1482817	128677871	422388498	NA	0
2528	3	355364	2789288148	937054	1482817	128694269	422444274	NA	0
2529	3	827991	2790116139	937069	1482817	128732647	422571836	NA	0
2530	3	371917	2790488056	937084	1482817	128749923	422630711	NA	0
2531	3	840636	2791328692	937099	1482817	128789158	422759602	NA	0
2532	3	940358	2792269050	937114	1482817	128833606	422906843	NA	0
2533	3	1421405	2793690455	937129	1482817	128901303	423124788	NA	0
2534	3	1140109	2794830564	937144	1482817	128955702	423301816	NA	0
2535	3	759822	2795590386	937159	1482817	128989872	423416223	NA	0
2536	3	1645089	2797235475	937174	1482817	129067135	423666620	NA	0
2537	3	1445789	2798681264	937189	1482817	129135858	423888969	NA	0
2538	3	810229	2799491493	937204	1482817	129173784	424014501	NA	0
2539	3	1342192	2800833685	937219	1482817	129236370	424219144	NA	0
2540	3	768484	2801602169	937234	1482817	129270827	424335516	NA	0
2541	3	1437020	2803039189	937249	1482817	129338852	424555848	NA	0
2542	3	102624	2803141813	937264	1482817	129343016	424571807	NA	0
2543	3	943068	2804084881	937279	1482817	129387991	424719358	NA	0
2544	3	1225492	2805310373	937294	1482817	129447664	424911143	NA	0
2545	3	1589878	2806900251	937309	1482817	129521793	425152070	NA	0
2546	3	1096125	2807996376	937324	1482817	129572427	425320455	NA	0
2547	3	1097655	2809094031	937339	1482817	129622645	425489149	NA	0
2548	3	2060575	2811154606	937354	1482817	129713293	425796848	NA	0
2549	3	1098560	2812253166	937369	1482817	129763955	425965832	NA	0
2550	3	1591784	2813844950	937384	1482817	129837484	426206989	NA	0
2551	3	2239326	2816084276	937399	1482817	129941099	426553570	NA	0
2552	3	1587818	2817672094	937414	1482817	130014563	426794335	NA	0
2553	3	1102324	2818774418	937429	1482817	130065417	426963855	NA	0
2554	3	1257028	2820031446	937444	1482817	130124612	427157993	NA	0
2555	3	1104566	2821136012	937459	1482817	130173325	427321825	NA	0
2556	3	1305128	2822441140	937474	1482817	130234330	427522233	NA	0
2557	3	1334678	2823775818	937489	1482817	130297031	427728447	NA	0
2558	3	1482217	2825258035	937504	1482817	130364239	427948636	NA	0
2559	3	1067317	2826325352	937519	1482817	130411613	428108153	NA	0
2560	3	2148131	2828473483	937534	1482817	130507097	428430126	NA	0
2561	3	1456734	2829930217	937549	1482817	130576298	428654204	NA	0
2562	3	1944167	2831874384	937564	1482817	130664961	428951701	NA	0
2563	3	1275060	2833149444	937579	1482817	130724819	429148425	NA	0
2564	3	658225	2833807669	937594	1482817	130753182	429245812	NA	0
2565	3	1315464	2835123133	937609	1482817	130814823	429448314	NA	0
2566	3	1067085	2836190218	937624	1482817	130862340	429608005	NA	0
2567	3	1707493	2837897711	937639	1482817	130942181	429867015	NA	0
2568	3	1312724	2839210435	937654	1482817	131003589	430068644	NA	0
2569	3	1318821	2840529256	937669	1482817	131065337	430271300	NA	0
2570	3	1227449	2841756705	937684	1482817	131121984	430459227	NA	0
2571	4	1111313	2842868018	937699	1482817	131173148	430629966	NA	0
2572	4	1104640	2843972658	937714	1482817	131224143	430800123	NA	0
2573	4	1111427	2845084085	937729	1482817	131275306	430970733	NA	0
2574	4	1123736	2846207821	937744	1482817	131326733	431141861	NA	0
2575	4	1119581	2847327402	937759	1609981	131378129	431312917	NA	1
2576	4	1109391	2848436793	937774	1609981	131429263	431483785	NA	0
2577	4	1224270	2849661063	937789	1609981	131485874	431671542	NA	0
2578	4	1126667	2850787730	937804	1609981	131537403	431842912	NA	0
2579	4	1369741	2852157471	937819	1609981	131601175	432052086	NA	0
2580	4	1168350	2853325821	937834	1609981	131655497	432231523	NA	0
2581	4	214310	2853540131	937849	1609981	131663379	432262316	NA	0
2582	4	858997	2854399128	937864	1609981	131701170	432390418	NA	0
2583	4	221150	2854620278	937879	1609981	131709365	432422376	NA	0
2584	4	919338	2855539616	937894	1609981	131751265	432563529	NA	0
2585	4	1813167	2857352783	937909	1609981	131829199	432819705	NA	0
2586	4	1343775	2858696558	937924	1609981	131890099	433019567	NA	0
2587	4	840989	2859537547	937939	1609981	131928886	433150125	NA	0
2588	4	1361166	2860898713	937954	1609981	131993550	433360175	NA	0
2589	4	1065261	2861963974	937969	1609981	132041393	433519500	NA	0
2590	4	1155706	2863119680	937984	1609981	132096211	433699403	NA	0
2591	4	1254613	2864374293	937999	1609981	132155156	433892507	NA	0
2592	4	2156053	2866530346	938014	1609981	132252854	434222794	NA	0
2593	4	630003	2867160349	938029	1609981	132280233	434316192	NA	0
2594	4	1446429	2868606778	938044	1609981	132348429	434538663	NA	0
2595	4	1543572	2870150350	938059	1609981	132421102	434774667	NA	0
2596	4	210007	2870360357	938074	1609981	132428880	434804546	NA	0
2597	4	1341834	2871702191	938089	1609981	132493552	435013390	NA	0
2598	4	11192	2871713383	938104	1609981	132494031	435015558	NA	0
2599	4	746326	2872459709	938119	1609981	132527749	435129089	NA	0
2600	4	802893	2873262602	938134	1609981	132565246	435253670	NA	0
2601	4	102214	2873364816	938149	1609981	132569391	435269626	NA	0
2602	4	1150341	2874515157	938164	1609981	132623388	435447844	NA	0
2603	4	1697061	2876212218	938179	1609981	132698936	435694573	NA	0
2604	4	811031	2877023249	938194	1609981	132736682	435820459	NA	0
2605	4	846319	2877869568	938209	1609981	132775960	435951742	NA	0
2606	4	851146	2878720714	938224	1609981	132813571	436078413	NA	0
2607	4	724853	2879445567	938239	1609981	132846102	436187704	NA	0
2608	4	1144269	2880589836	938254	1609981	132899573	436364798	NA	0
2609	4	622239	2881212075	938269	1609981	132926549	436457109	NA	0
2610	4	1273377	2882485452	938284	1609981	132986570	436654060	NA	0
2611	4	650986	2883136438	938299	1609981	133014608	436750125	NA	0
2612	4	354545	2883490983	938314	1609981	133030951	436805620	NA	0
2613	4	1149413	2884640396	938329	1609981	133083854	436983751	NA	0
2614	4	1240270	2885880666	938344	1609981	133140205	437168722	NA	0
2615	4	1705459	2887586125	938359	1609981	133221208	437429789	NA	0
2616	4	1619994	2889206119	938374	1609981	133297664	437678267	NA	0
2617	4	1113360	2890319479	938389	1609981	133349204	437850169	NA	0
2618	4	17188	2890336667	938404	1609981	133349877	437853318	NA	0
2619	4	803111	2891139778	938419	1609981	133387367	437977898	NA	0
2620	4	898645	2892038423	938434	1609981	133429630	438116309	NA	0
2621	4	1082936	2893121359	938449	1609981	133479653	438282223	NA	0
2622	4	810229	2893931588	938464	1609981	133517399	438407739	NA	0
2623	4	763024	2894694612	938479	1609981	133551696	438522713	NA	0
2624	4	5297	2894699909	938494	1609981	133551864	438523803	NA	0
2625	4	921806	2895621715	938509	1609981	133595643	438668413	NA	0
2626	4	1507436	2897129151	938524	1609981	133667580	438900216	NA	0
2627	4	610513	2897739664	938539	1609981	133690687	438982183	NA	0
2628	4	58777	2897798441	938554	1609981	133692859	438991768	NA	0
2629	4	915518	2898713959	938569	1609981	133735760	439133032	NA	0
2630	4	1425503	2900139462	938584	1609981	133800197	439342690	NA	0
2631	4	1084107	2901223569	938599	1609981	133850390	439508884	NA	0
2632	4	622851	2901846420	938614	1609981	133877431	439601316	NA	0
2633	4	1127345	2902973765	938629	1609981	133927963	439769770	NA	0
2634	4	1539901	2904513666	938644	1609981	134000142	440003954	NA	0
2635	4	650272	2905163938	938659	1609981	134028209	440100114	NA	0
2636	4	904019	2906067957	938674	1609981	134070048	440238777	NA	0
2637	4	820648	2906888605	938689	1609981	134106395	440360137	NA	0
2638	4	578728	2907467333	938704	1609981	134128162	440437518	NA	0
2639	4	11130	2907478463	938719	1609981	134128622	440439847	NA	0
2640	4	1499149	2908977612	938734	1609981	134195081	440654403	NA	0
2641	4	1435923	2910413535	938749	1609981	134263346	440876877	NA	0
2642	4	1456269	2911869804	938764	1609981	134329367	441092291	NA	0
2643	4	1057213	2912927017	938779	1609981	134379816	441256621	NA	0
2644	4	1770010	2914697027	938794	1609981	134462375	441527292	NA	0
2645	4	664725	2915361752	938809	1609981	134491119	441626044	NA	0
2646	4	355364	2915717116	938824	1609981	134507517	441681820	NA	0
2647	4	827991	2916545107	938839	1609981	134545895	441809382	NA	0
2648	4	371917	2916917024	938854	1609981	134563171	441868257	NA	0
2649	4	840575	2917757599	938869	1609981	134602399	441997117	NA	0
2650	4	940358	2918697957	938884	1609981	134646847	442144358	NA	0
2651	4	1421405	2920119362	938899	1609981	134714544	442362303	NA	0
2652	4	1140109	2921259471	938914	1609981	134768943	442539331	NA	0
2653	4	759822	2922019293	938929	1609981	134803113	442653738	NA	0
2654	4	1645089	2923664382	938944	1609981	134880376	442904135	NA	0
2655	4	1445789	2925110171	938959	1609981	134949099	443126484	NA	0
2656	4	810229	2925920400	938974	1609981	134987025	443252016	NA	0
2657	4	1342192	2927262592	938989	1609981	135049611	443456659	NA	0
2658	4	768484	2928031076	939004	1609981	135084068	443573031	NA	0
2659	4	1437020	2929468096	939019	1609981	135152093	443793363	NA	0
2660	4	102624	2929570720	939034	1609981	135156257	443809322	NA	0
2661	4	943068	2930513788	939049	1609981	135201232	443956873	NA	0
2662	4	1225492	2931739280	939064	1609981	135260905	444148658	NA	0
2663	4	1589878	2933329158	939079	1609981	135335034	444389585	NA	0
2664	4	1096125	2934425283	939094	1609981	135385668	444557970	NA	0
2665	4	1097655	2935522938	939109	1609981	135435886	444726664	NA	0
2666	4	2060575	2937583513	939124	1609981	135526534	445034363	NA	0
2667	4	1098560	2938682073	939139	1609981	135577196	445203347	NA	0
2668	4	1591784	2940273857	939154	1609981	135650725	445444504	NA	0
2669	4	2239326	2942513183	939169	1609981	135754340	445791085	NA	0
2670	4	1587818	2944101001	939184	1609981	135827804	446031850	NA	0
2671	4	1102324	2945203325	939199	1609981	135878658	446201370	NA	0
2672	4	1257028	2946460353	939214	1609981	135937853	446395508	NA	0
2673	4	1104566	2947564919	939229	1609981	135986566	446559340	NA	0
2674	4	1305128	2948870047	939244	1609981	136047571	446759748	NA	0
2675	4	1334678	2950204725	939259	1609981	136110272	446965962	NA	0
2676	4	1482217	2951686942	939274	1609981	136177480	447186151	NA	0
2677	4	1067317	2952754259	939289	1609981	136224854	447345668	NA	0
2678	4	2148131	2954902390	939304	1609981	136320338	447667641	NA	0
2679	4	1456734	2956359124	939319	1609981	136389539	447891719	NA	0
2680	4	1944167	2958303291	939334	1609981	136478202	448189216	NA	0
2681	4	1275060	2959578351	939349	1609981	136538060	448385940	NA	0
2682	4	658225	2960236576	939364	1609981	136566423	448483327	NA	0
2683	4	1315464	2961552040	939379	1609981	136628064	448685829	NA	0
2684	4	1067085	2962619125	939394	1609981	136675581	448845520	NA	0
2685	4	1707493	2964326618	939409	1609981	136755422	449104530	NA	0
2686	4	1312724	2965639342	939424	1609981	136816830	449306159	NA	0
2687	4	1318821	2966958163	939439	1616592	136878578	449508815	NA	1
2688	4	1539510	2968497673	939454	1616592	136950848	449743152	NA	0
2689	4	1737115	2970234788	939469	1616592	137027167	449994265	NA	0
2690	4	1263854	2971498642	939484	1616592	137085994	450188690	NA	0
2691	4	1185229	2972683871	939499	1616592	137140880	450371681	NA	0
2692	4	1500925	2974184796	939514	1616592	137208066	450596313	NA	0
2693	4	1500845	2975685641	939529	1616592	137275264	450820977	NA	0
2694	4	1108849	2976794490	939544	1616592	137326335	450991446	NA	0
2695	4	3707928	2980502418	939559	1616592	137494569	451563296	NA	0
2696	4	2646392	2983148810	939574	1616592	137608898	451958730	NA	0
2697	4	1329549	2984478359	939589	1616592	137670715	452162740	NA	0
2698	4	1108022	2985586381	939604	1616592	137721756	452333155	NA	0
2699	4	2099460	2987685841	939619	1616592	137813499	452646393	NA	0
2700	4	1368541	2989054382	939634	1616592	137877584	452856908	NA	0
2701	4	1297054	2990351436	939649	1616592	137938593	453055727	NA	0
2702	4	214310	2990565746	939664	1616592	137946475	453086520	NA	0
2703	4	858997	2991424743	939679	1616592	137984266	453214622	NA	0
2704	4	221150	2991645893	939694	1616592	137992461	453246580	NA	0
2705	4	919338	2992565231	939709	1616592	138034361	453387733	NA	0
2706	4	1813167	2994378398	939724	1616592	138112295	453643909	NA	0
2707	4	1343775	2995722173	939739	1616592	138173195	453843771	NA	0
2708	4	840989	2996563162	939754	1616592	138211982	453974329	NA	0
2709	4	1361166	2997924328	939769	1616592	138276646	454184379	NA	0
2710	4	1065261	2998989589	939784	1616592	138324489	454343704	NA	0
2711	4	1155669	3000145258	939799	1616592	138379307	454523608	NA	0
2712	4	1254613	3001399871	939814	1616592	138438252	454716712	NA	0
2713	4	2156016	3003555887	939829	1616592	138535950	455047004	NA	0
2714	4	630003	3004185890	939844	1616592	138563329	455140402	NA	0
2715	4	1446429	3005632319	939859	1616592	138631525	455362873	NA	0
2716	4	1543572	3007175891	939874	1616592	138704198	455598877	NA	0
2717	4	210007	3007385898	939889	1616592	138711976	455628756	NA	0
2718	4	1341834	3008727732	939904	1616592	138776648	455837600	NA	0
2719	4	11192	3008738924	939919	1616592	138777127	455839768	NA	0
2720	4	746326	3009485250	939934	1616592	138810845	455953299	NA	0
2721	4	802893	3010288143	939949	1616592	138848342	456077880	NA	0
2722	4	102214	3010390357	939964	1616592	138852487	456093836	NA	0
2723	4	1150341	3011540698	939979	1616592	138906484	456272054	NA	0
2724	4	1697061	3013237759	939994	1616592	138982032	456518783	NA	0
2725	4	811031	3014048790	940009	1616592	139019778	456644669	NA	0
2726	4	846282	3014895072	940024	1616592	139059056	456775954	NA	0
2727	4	851146	3015746218	940039	1616592	139096667	456902625	NA	0
2728	4	724853	3016471071	940054	1616592	139129198	457011916	NA	0
2729	4	1144269	3017615340	940069	1616592	139182669	457189010	NA	0
2730	4	622239	3018237579	940084	1616592	139209645	457281321	NA	0
2731	4	1273377	3019510956	940099	1616592	139269666	457478272	NA	0
2732	4	650986	3020161942	940114	1616592	139297704	457574337	NA	0
2733	4	354545	3020516487	940129	1616592	139314047	457629832	NA	0
2734	4	1149413	3021665900	940144	1616592	139366950	457807963	NA	0
2735	4	1240270	3022906170	940159	1616592	139423301	457992934	NA	0
2736	4	1705459	3024611629	940174	1616592	139504304	458254001	NA	0
2737	4	1619994	3026231623	940189	1616592	139580760	458502479	NA	0
2738	4	1113286	3027344909	940204	1616592	139632300	458674385	NA	0
2739	4	17188	3027362097	940219	1616592	139632973	458677534	NA	0
2740	4	803111	3028165208	940234	1616592	139670463	458802114	NA	0
2741	4	898645	3029063853	940249	1616592	139712726	458940525	NA	0
2742	4	1082936	3030146789	940264	1616592	139762749	459106439	NA	0
2743	4	810229	3030957018	940279	1616592	139800495	459231955	NA	0
2744	4	763024	3031720042	940294	1616592	139834792	459346929	NA	0
2745	4	5297	3031725339	940309	1616592	139834960	459348019	NA	0
2746	4	921806	3032647145	940324	1616592	139878739	459492629	NA	0
2747	4	1507436	3034154581	940339	1616592	139950676	459724432	NA	0
2748	4	610513	3034765094	940354	1616592	139973783	459806399	NA	0
2749	4	58777	3034823871	940369	1616592	139975955	459815984	NA	0
2750	4	915518	3035739389	940384	1616592	140018856	459957248	NA	0
2751	4	1425503	3037164892	940399	1616592	140083293	460166906	NA	0
2752	4	1084107	3038248999	940414	1616592	140133486	460333100	NA	0
2753	4	622851	3038871850	940429	1616592	140160527	460425532	NA	0
2754	4	1127345	3039999195	940444	1616592	140211059	460593986	NA	0
2755	4	650272	3040649467	940459	1616592	140239126	460690146	NA	0
2756	4	904019	3041553486	940474	1616592	140280965	460828809	NA	0
2757	4	820648	3042374134	940489	1616592	140317312	460950169	NA	0
2758	4	578728	3042952862	940504	1616592	140339079	461027550	NA	0
2759	4	11130	3042963992	940519	1616592	140339539	461029879	NA	0
2760	4	1499149	3044463141	940534	1616592	140405998	461244435	NA	0
2761	4	1435923	3045899064	940549	1616592	140474263	461466909	NA	0
2762	4	1456269	3047355333	940564	1616592	140540284	461682323	NA	0
2763	4	1057213	3048412546	940579	1616592	140590733	461846653	NA	0
2764	4	1769936	3050182482	940594	1616592	140673292	462117327	NA	0
2765	4	664725	3050847207	940609	1616592	140702036	462216079	NA	0
2766	4	355364	3051202571	940624	1616592	140718434	462271855	NA	0
2767	4	827991	3052030562	940639	1616592	140756812	462399417	NA	0
2768	4	371917	3052402479	940654	1616592	140774088	462458292	NA	0
2769	4	840636	3053243115	940669	1616592	140813323	462587183	NA	0
2770	4	940358	3054183473	940684	1616592	140857771	462734424	NA	0
2771	4	1421405	3055604878	940699	1616592	140925468	462952369	NA	0
2772	4	1140109	3056744987	940714	1616592	140979867	463129397	NA	0
2773	4	759822	3057504809	940729	1616592	141014037	463243804	NA	0
2774	4	1645052	3059149861	940744	1616592	141091300	463494205	NA	0
2775	4	1445678	3060595539	940759	1616592	141160023	463716557	NA	0
2776	4	810229	3061405768	940774	1616592	141197949	463842089	NA	0
2777	4	1342192	3062747960	940789	1616592	141260535	464046732	NA	0
2778	4	768484	3063516444	940804	1616592	141294992	464163104	NA	0
2779	4	1437020	3064953464	940819	1616592	141363017	464383436	NA	0
2780	4	102624	3065056088	940834	1616592	141367181	464399395	NA	0
2781	4	943031	3065999119	940849	1616592	141412156	464546951	NA	0
2782	4	1225418	3067224537	940864	1616592	141471829	464738741	NA	0
2783	4	1589878	3068814415	940879	1616592	141545958	464979668	NA	0
2784	4	1096125	3069910540	940894	1616592	141596592	465148053	NA	0
2785	4	1097655	3071008195	940909	1616592	141646810	465316747	NA	0
2786	4	2060538	3073068733	940924	1616592	141737458	465624452	NA	0
2787	4	1098560	3074167293	940939	1616592	141788120	465793436	NA	0
2788	4	1591784	3075759077	940954	1616592	141861649	466034593	NA	0
2789	4	2239326	3077998403	940969	1616592	141965264	466381174	NA	0
2790	4	1587818	3079586221	940984	1616592	142038728	466621939	NA	0
2791	4	1102324	3080688545	940999	1616592	142089582	466791459	NA	0
2792	4	1257028	3081945573	941014	1616592	142148777	466985597	NA	0
2793	4	1104566	3083050139	941029	1616592	142197490	467149429	NA	0
2794	4	1305128	3084355267	941044	1616592	142258495	467349837	NA	0
2795	4	1334678	3085689945	941059	1616592	142321196	467556051	NA	0
2796	4	1482217	3087172162	941074	1616592	142388404	467776240	NA	0
2797	4	1067317	3088239479	941089	1616592	142435778	467935757	NA	0
2798	4	2148131	3090387610	941104	1616592	142531262	468257730	NA	0
2799	4	1456734	3091844344	941119	1617627	142600463	468481808	NA	1
2800	4	1944167	3093788511	941134	1617627	142689126	468779305	NA	0
2801	4	1275060	3095063571	941149	1617627	142748984	468976029	NA	0
2802	4	658225	3095721796	941164	1617627	142777347	469073416	NA	0
2803	4	1315464	3097037260	941179	1617627	142838988	469275918	NA	0
2804	4	1067085	3098104345	941194	1617627	142886505	469435609	NA	0
2805	4	1707493	3099811838	941209	1617627	142966346	469694619	NA	0
2806	4	1312724	3101124562	941224	1617627	143027754	469896248	NA	0
2807	4	1318821	3102443383	941239	1617627	143089502	470098904	NA	0
2808	4	1539901	3103983284	941254	1617627	143161681	470333088	NA	0
2809	4	1748159	3105731443	941269	1617627	143243435	470597797	NA	0
2810	4	1607717	3107339160	941284	1617627	143318327	470841663	NA	0
2811	4	214310	3107553470	941299	1617627	143326209	470872456	NA	0
2812	4	858551	3108412021	941314	1617627	143363967	471000236	NA	0
2813	4	221150	3108633171	941329	1617627	143372162	471032194	NA	0
2814	4	918182	3109551353	941344	1617627	143413983	471172992	NA	0
2815	4	1812753	3111364106	941359	1617627	143491829	471428834	NA	0
2816	4	1342683	3112706789	941374	1617627	143552671	471628263	NA	0
2817	4	839869	3113546658	941389	1617627	143591384	471758474	NA	0
2818	4	1359478	3114906136	941404	1617627	143655987	471968169	NA	0
2819	4	1064821	3115970957	941419	1617627	143703789	472127202	NA	0
2820	4	1154609	3117125566	941434	1617627	143758518	472306687	NA	0
2821	4	1253540	3118379106	941449	1617627	143817375	472499424	NA	0
2822	4	2153022	3120532128	941464	1617627	143914932	472828854	NA	0
2823	4	629535	3121161663	941479	1617627	143942282	472922029	NA	0
2824	4	1445312	3122606975	941494	1617627	144010329	473144110	NA	0
2825	4	1542491	3124149466	941509	1617627	144082945	473379627	NA	0
2826	4	210007	3124359473	941524	1617627	144090723	473409506	NA	0
2827	4	1340085	3125699558	941539	1617627	144155269	473617957	NA	0
2828	4	11192	3125710750	941554	1617627	144155748	473620125	NA	0
2829	4	745287	3126456037	941569	1617627	144189364	473733171	NA	0
2830	4	801773	3127257810	941584	1617627	144226785	473857350	NA	0
2831	4	101775	3127359585	941599	1617627	144230903	473873177	NA	0
2832	4	1149261	3128508846	941614	1617627	144284866	474050995	NA	0
2833	4	1696005	3130204851	941629	1617627	144360287	474297384	NA	0
2834	4	809875	3131014726	941644	1617627	144397966	474422869	NA	0
2835	4	845163	3131859889	941659	1617627	144437232	474553783	NA	0
2836	4	850700	3132710589	941674	1617627	144474816	474680260	NA	0
2837	4	724407	3133434996	941689	1617627	144507279	474789285	NA	0
2838	4	1143189	3134578185	941704	1617627	144560694	474965854	NA	0
2839	4	621762	3135199947	941719	1617627	144587625	475057939	NA	0
2840	4	1272303	3136472250	941734	1617627	144647590	475254509	NA	0
2841	4	650509	3137122759	941749	1617627	144675590	475350350	NA	0
2842	4	354432	3137477191	941764	1617627	144691919	475405728	NA	0
2843	4	1148333	3138625524	941779	1617627	144744788	475583573	NA	0
2844	4	1239832	3139865356	941794	1617627	144801100	475768338	NA	0
2845	4	1703712	3141569068	941809	1617627	144881934	476028859	NA	0
2846	4	1618254	3143187322	941824	1617627	144958198	476276894	NA	0
2847	4	1112235	3144299557	941839	1617627	145009644	476448374	NA	0
2848	4	17188	3144316745	941854	1617627	145010317	476451523	NA	0
2849	4	801991	3145118736	941869	1617627	145047728	476575792	NA	0
2850	4	896956	3146015692	941884	1617627	145089908	476713877	NA	0
2851	4	1081856	3147097548	941899	1617627	145139871	476879408	NA	0
2852	4	809073	3147906621	941914	1617627	145177535	477004529	NA	0
2853	4	762578	3148669199	941929	1617627	145211820	477119251	NA	0
2854	4	5297	3148674496	941944	1617627	145211988	477120341	NA	0
2855	4	919940	3149594436	941959	1617627	145255578	477264342	NA	0
2856	4	1506319	3151100755	941974	1617627	145327538	477495888	NA	0
2857	4	610537	3151711292	941989	1617627	145350645	477577853	NA	0
2858	4	58777	3151770069	942004	1617627	145352817	477587438	NA	0
2859	4	913793	3152683862	942019	1617627	145395658	477728480	NA	0
2860	4	1423798	3154107660	942034	1617627	145460076	477937749	NA	0
2861	4	1083027	3155190687	942049	1617627	145510173	478103457	NA	0
2862	4	622374	3155813061	942064	1617627	145537207	478195669	NA	0
2863	4	1126905	3156939966	942079	1617627	145587687	478363957	NA	0
2864	4	1538154	3158478120	942094	1617627	145659811	478597656	NA	0
2865	4	649795	3159127915	942109	1617627	145687847	478693582	NA	0
2866	4	902287	3160030202	942124	1617627	145729555	478831835	NA	0
2867	4	819727	3160849929	942139	1617627	145765831	478952763	NA	0
2868	4	578752	3161428681	942154	1617627	145787598	479030147	NA	0
2869	4	11130	3161439811	942169	1617627	145788058	479032476	NA	0
2870	4	1498048	3162937859	942184	1617627	145854400	479246525	NA	0
2871	4	1434247	3164372106	942199	1617627	145922570	479468511	NA	0
2872	4	1455837	3165827943	942214	1617627	145988532	479683760	NA	0
2873	4	1055548	3166883491	942229	1617627	146038899	479847635	NA	0
2874	4	1768886	3168652377	942244	1617627	146121485	480117742	NA	0
2875	4	664248	3169316625	942259	1617627	146150197	480216275	NA	0
2876	4	355251	3169671876	942274	1617627	146166575	480271916	NA	0
2877	4	826871	3170498747	942289	1617627	146204926	480399051	NA	0
2878	4	371104	3170869851	942304	1617627	146222155	480457608	NA	0
2879	4	838940	3171708791	942319	1617627	146261378	480586170	NA	0
2880	4	939269	3172648060	942334	1617627	146305777	480732897	NA	0
2881	4	1420324	3174068384	942349	1617627	146373389	480950602	NA	0
2882	4	1138990	3175207374	942364	1617627	146427790	481127318	NA	0
2883	4	759376	3175966750	942379	1617627	146461929	481241472	NA	0
2884	4	1643978	3177610728	942394	1617627	146539159	481491280	NA	0
2885	4	1444672	3179055400	942409	1617627	146607861	481713099	NA	0
2886	4	809249	3179864649	942424	1617627	146645701	481838309	NA	0
2887	4	1341339	3181205988	942439	1617627	146708247	482042610	NA	0
2888	4	768038	3181974026	942454	1617627	146742657	482158730	NA	0
2889	4	1435939	3183409965	942469	1617627	146810554	482378482	NA	0
2890	4	102185	3183512150	942484	1617627	146814696	482394311	NA	0
2891	4	941943	3184454093	942499	1617627	146859517	482541448	NA	0
2892	4	1223698	3185677791	942514	1617627	146919054	482732757	NA	0
2893	4	1588806	3187266597	942529	1617627	146993065	482973491	NA	0
2894	4	1095045	3188361642	942544	1617627	147043632	483141556	NA	0
2895	4	1096575	3189458217	942559	1617627	147093750	483309884	NA	0
2896	4	2058822	3191517039	942574	1617627	147184240	483617236	NA	0
2897	4	1097480	3192614519	942589	1617627	147234833	483785888	NA	0
2898	4	1590712	3194205231	942604	1617627	147308295	484026608	NA	0
2899	4	2237585	3196442816	942619	1617627	147411731	484372848	NA	0
2900	4	1586746	3198029562	942634	1617627	147485065	484613182	NA	0
2901	4	1101244	3199130806	942649	1617627	147535894	484782332	NA	0
2902	4	1255945	3200386751	942664	1617627	147595071	484976031	NA	0
2903	4	1104126	3201490877	942679	1617627	147643820	485139530	NA	0
2904	4	1304045	3202794922	942694	1617627	147704788	485339457	NA	0
2905	4	1333595	3204128517	942709	1617627	147767475	485545210	NA	0
2906	4	1481785	3205610302	942724	1617627	147834674	485765109	NA	0
2907	4	1066877	3206677179	942739	1617627	147882073	485924377	NA	0
2908	4	2146420	3208823599	942754	1617627	147977541	486245891	NA	0
2909	4	1455094	3210278693	942769	1617627	148046697	486469604	NA	0
2910	4	1942432	3212221125	942784	1617627	148135275	486766915	NA	0
2911	4	1273977	3213495102	942799	1618680	148195170	486963282	NA	1
2912	4	657757	3214152859	942814	1618680	148223479	487060463	NA	0
2913	4	1314381	3215467240	942829	1618680	148285080	487262568	NA	0
2914	4	1066645	3216533885	942844	1618680	148332571	487422007	NA	0
2915	4	1706418	3218240303	942859	1618680	148412407	487680605	NA	0
2916	4	1311605	3219551908	942874	1618680	148473755	487881662	NA	0
2917	4	1317738	3220869646	942889	1618680	148535458	488083891	NA	0
2918	4	1153470	3222023116	942904	1618680	148588553	488259285	NA	0
2919	4	214310	3222237426	942919	1618680	148596435	488290078	NA	0
2920	4	858551	3223095977	942934	1618680	148634193	488417858	NA	0
2921	4	221150	3223317127	942949	1618680	148642388	488449816	NA	0
2922	4	918182	3224235309	942964	1618680	148684209	488590614	NA	0
2923	4	1812753	3226048062	942979	1618680	148762055	488846456	NA	0
2924	4	1342683	3227390745	942994	1618680	148822897	489045885	NA	0
2925	4	839869	3228230614	943009	1618680	148861610	489176096	NA	0
2926	4	1359478	3229590092	943024	1618680	148926213	489385791	NA	0
2927	4	1064821	3230654913	943039	1618680	148974015	489544824	NA	0
2928	4	1154609	3231809522	943054	1618680	149028744	489724309	NA	0
2929	4	1253540	3233063062	943069	1618680	149087601	489917046	NA	0
2930	4	2153022	3235216084	943084	1618680	149185158	490246476	NA	0
2931	4	629535	3235845619	943099	1618680	149212508	490339651	NA	0
2932	4	1445312	3237290931	943114	1618680	149280555	490561732	NA	0
2933	4	1542491	3238833422	943129	1618680	149353171	490797249	NA	0
2934	4	210007	3239043429	943144	1618680	149360949	490827128	NA	0
2935	4	1340085	3240383514	943159	1618680	149425495	491035579	NA	0
2936	4	11192	3240394706	943174	1618680	149425974	491037747	NA	0
2937	4	745287	3241139993	943189	1618680	149459590	491150793	NA	0
2938	4	801773	3241941766	943204	1618680	149497011	491274972	NA	0
2939	4	101775	3242043541	943219	1618680	149501129	491290799	NA	0
2940	4	1149261	3243192802	943234	1618680	149555092	491468617	NA	0
2941	4	1696005	3244888807	943249	1618680	149630513	491715006	NA	0
2942	4	809875	3245698682	943264	1618680	149668192	491840491	NA	0
2943	4	845163	3246543845	943279	1618680	149707458	491971405	NA	0
2944	4	850700	3247394545	943294	1618680	149745042	492097882	NA	0
2945	4	724407	3248118952	943309	1618680	149777505	492206907	NA	0
2946	4	1143189	3249262141	943324	1618680	149830920	492383476	NA	0
2947	4	621762	3249883903	943339	1618680	149857851	492475561	NA	0
2948	4	1272303	3251156206	943354	1618680	149917816	492672131	NA	0
2949	4	650509	3251806715	943369	1618680	149945816	492767972	NA	0
2950	4	354432	3252161147	943384	1618680	149962145	492823350	NA	0
2951	4	1148333	3253309480	943399	1618680	150015014	493001195	NA	0
2952	4	1239832	3254549312	943414	1618680	150071326	493185960	NA	0
2953	4	1703712	3256253024	943429	1618680	150152160	493446481	NA	0
2954	4	1618254	3257871278	943444	1618680	150228424	493694516	NA	0
2955	4	1112235	3258983513	943459	1618680	150279870	493865996	NA	0
2956	4	17188	3259000701	943474	1618680	150280543	493869145	NA	0
2957	4	801991	3259802692	943489	1618680	150317954	493993414	NA	0
2958	4	896956	3260699648	943504	1618680	150360134	494131499	NA	0
2959	4	1081856	3261781504	943519	1618680	150410097	494297030	NA	0
2960	4	809252	3262590756	943534	1618680	150447772	494422238	NA	0
2961	4	762578	3263353334	943549	1618680	150482057	494536960	NA	0
2962	4	5297	3263358631	943564	1618680	150482225	494538050	NA	0
2963	4	919940	3264278571	943579	1618680	150525815	494682051	NA	0
2964	4	1506319	3265784890	943594	1618680	150597775	494913597	NA	0
2965	4	610537	3266395427	943609	1618680	150620882	494995562	NA	0
2966	4	58777	3266454204	943624	1618680	150623054	495005147	NA	0
2967	4	913793	3267367997	943639	1618680	150665895	495146189	NA	0
2968	4	1423798	3268791795	943654	1618680	150730313	495355458	NA	0
2969	4	1083027	3269874822	943669	1618680	150780410	495521166	NA	0
2970	4	622374	3270497196	943684	1618680	150807444	495613378	NA	0
2971	4	1126905	3271624101	943699	1618680	150857924	495781666	NA	0
2972	4	1538154	3273162255	943714	1618680	150930048	496015365	NA	0
2973	4	649795	3273812050	943729	1618680	150958084	496111291	NA	0
2974	4	902287	3274714337	943744	1618680	150999792	496249544	NA	0
2975	4	819727	3275534064	943759	1618680	151036068	496370472	NA	0
2976	4	578752	3276112816	943774	1618680	151057835	496447856	NA	0
2977	4	11130	3276123946	943789	1618680	151058295	496450185	NA	0
2978	4	1498048	3277621994	943804	1618680	151124637	496664234	NA	0
2979	4	1434247	3279056241	943819	1618680	151192807	496886220	NA	0
2980	4	1455837	3280512078	943834	1618680	151258769	497101469	NA	0
2981	4	1055548	3281567626	943849	1618680	151309136	497265344	NA	0
2982	4	1768886	3283336512	943864	1618680	151391722	497535451	NA	0
2983	4	664248	3284000760	943879	1618680	151420434	497633984	NA	0
2984	4	355251	3284356011	943894	1618680	151436812	497689625	NA	0
2985	4	826871	3285182882	943909	1618680	151475163	497816760	NA	0
2986	4	371104	3285553986	943924	1618680	151492392	497875317	NA	0
2987	4	838940	3286392926	943939	1618680	151531615	498003879	NA	0
2988	4	939269	3287332195	943954	1618680	151576014	498150606	NA	0
2989	4	1420324	3288752519	943969	1618680	151643626	498368311	NA	0
2990	4	1138990	3289891509	943984	1618680	151698027	498545027	NA	0
2991	4	759376	3290650885	943999	1618680	151732166	498659181	NA	0
2992	4	1643978	3292294863	944014	1618680	151809396	498908989	NA	0
2993	4	1444672	3293739535	944029	1618680	151878098	499130808	NA	0
2994	4	809249	3294548784	944044	1618680	151915938	499256018	NA	0
2995	4	1341339	3295890123	944059	1618680	151978484	499460319	NA	0
2996	4	768038	3296658161	944074	1618680	152012894	499576439	NA	0
2997	4	1435939	3298094100	944089	1618680	152080791	499796191	NA	0
2998	4	102185	3298196285	944104	1618680	152084933	499812020	NA	0
2999	4	941943	3299138228	944119	1618680	152129754	499959157	NA	0
3000	4	1223698	3300361926	944134	1618680	152189291	500150466	NA	0
3001	4	1588806	3301950732	944149	1618680	152263302	500391200	NA	0
3002	4	1095045	3303045777	944164	1618680	152313869	500559265	NA	0
3003	4	1096575	3304142352	944179	1618680	152363987	500727593	NA	0
3004	4	2058822	3306201174	944194	1618680	152454477	501034945	NA	0
3005	4	1097480	3307298654	944209	1618680	152505070	501203597	NA	0
3006	4	1590712	3308889366	944224	1618680	152578532	501444317	NA	0
3007	4	2237585	3311126951	944239	1618680	152681968	501790557	NA	0
3008	4	1586746	3312713697	944254	1618680	152755302	502030891	NA	0
3009	4	1101244	3313814941	944269	1618680	152806131	502200041	NA	0
3010	4	1255945	3315070886	944284	1618680	152865308	502393740	NA	0
3011	4	1104126	3316175012	944299	1618680	152914057	502557239	NA	0
3012	4	1304045	3317479057	944314	1618680	152975025	502757166	NA	0
3013	4	1333595	3318812652	944329	1618680	153037712	502962919	NA	0
3014	4	1481785	3320294437	944344	1618680	153104911	503182818	NA	0
3015	4	1066877	3321361314	944359	1618680	153152310	503342086	NA	0
3016	4	2146420	3323507734	944374	1618680	153247778	503663600	NA	0
3017	4	1455094	3324962828	944389	1618680	153316934	503887313	NA	0
3018	4	1942432	3326905260	944404	1618680	153405512	504184624	NA	0
3019	4	1273977	3328179237	944419	1618680	153465407	504380991	NA	0
3020	4	657757	3328836994	944434	1618680	153493716	504478172	NA	0
3021	4	1314381	3330151375	944449	1618680	153555317	504680277	NA	0
3022	4	1066645	3331218020	944464	1618680	153602808	504839716	NA	0
3023	4	1706418	3332924438	944479	1619747	153682644	505098314	NA	1
3024	4	1311605	3334236043	944494	1619747	153743992	505299371	NA	0
3025	4	1317738	3335553781	944509	1619747	153805695	505501600	NA	0
3026	4	1921139	3337474920	944524	1619747	153892525	505787062	NA	0
3027	4	1948150	3339423070	944539	1619747	153977100	506077341	NA	0
3028	4	1106225	3340529295	944554	1619747	154028131	506247745	NA	0
3029	4	1308339	3341837634	944569	1619747	154089308	506448992	NA	0
3030	4	1106474	3342944108	944584	1619747	154140336	506619267	NA	0
3031	4	1106113	3344050221	944599	1619747	154191361	506789483	NA	0
3032	4	1105884	3345156105	944614	1619747	154242381	506959690	NA	0
3033	4	1106126	3346262231	944629	1619747	154293401	507129924	NA	0
3034	4	1106228	3347368459	944644	1619747	154344625	507300234	NA	0
3035	4	214310	3347582769	944659	1619747	154352507	507331027	NA	0
3036	4	858997	3348441766	944674	1619747	154390298	507459129	NA	0
3037	4	221150	3348662916	944689	1619747	154398493	507491087	NA	0
3038	4	919338	3349582254	944704	1619747	154440393	507632240	NA	0
3039	4	1813167	3351395421	944719	1619747	154518327	507888416	NA	0
3040	4	1343775	3352739196	944734	1619747	154579227	508088278	NA	0
3041	4	840989	3353580185	944749	1619747	154618014	508218836	NA	0
3042	4	1361166	3354941351	944764	1619747	154682678	508428886	NA	0
3043	4	1065261	3356006612	944779	1619747	154730521	508588211	NA	0
3044	4	1155706	3357162318	944794	1619747	154785339	508768114	NA	0
3045	4	1254613	3358416931	944809	1619747	154844284	508961218	NA	0
3046	4	2156053	3360572984	944824	1619747	154941982	509291505	NA	0
3047	4	630003	3361202987	944839	1619747	154969361	509384903	NA	0
3048	4	1446429	3362649416	944854	1619747	155037557	509607374	NA	0
3049	4	1543572	3364192988	944869	1619747	155110230	509843378	NA	0
3050	4	210007	3364402995	944884	1619747	155118008	509873257	NA	0
3051	4	1341834	3365744829	944899	1619747	155182680	510082101	NA	0
3052	4	11192	3365756021	944914	1619747	155183159	510084269	NA	0
3053	4	746326	3366502347	944929	1619747	155216877	510197800	NA	0
3054	4	802893	3367305240	944944	1619747	155254374	510322381	NA	0
3055	4	102214	3367407454	944959	1619747	155258519	510338337	NA	0
3056	4	1150341	3368557795	944974	1619747	155312516	510516555	NA	0
3057	4	1697061	3370254856	944989	1619747	155388064	510763284	NA	0
3058	4	811031	3371065887	945004	1619747	155425810	510889170	NA	0
3059	4	846319	3371912206	945019	1619747	155465088	511020453	NA	0
3060	4	851146	3372763352	945034	1619747	155502699	511147124	NA	0
3061	4	724853	3373488205	945049	1619747	155535230	511256415	NA	0
3062	4	1144269	3374632474	945064	1619747	155588701	511433509	NA	0
3063	4	622239	3375254713	945079	1619747	155615677	511525820	NA	0
3064	4	1273377	3376528090	945094	1619747	155675698	511722771	NA	0
3065	4	650986	3377179076	945109	1619747	155703736	511818836	NA	0
3066	4	354545	3377533621	945124	1619747	155720079	511874331	NA	0
3067	4	1149413	3378683034	945139	1619747	155772982	512052462	NA	0
3068	4	1240270	3379923304	945154	1619747	155829333	512237433	NA	0
3069	4	1705459	3381628763	945169	1619747	155910336	512498500	NA	0
3070	4	1619994	3383248757	945184	1619747	155986792	512746978	NA	0
3071	4	1113360	3384362117	945199	1619747	156038332	512918880	NA	0
3072	4	17188	3384379305	945214	1619747	156039005	512922029	NA	0
3073	4	803111	3385182416	945229	1619747	156076495	513046609	NA	0
3074	4	898645	3386081061	945244	1619747	156118758	513185020	NA	0
3075	4	1082936	3387163997	945259	1619747	156168781	513350934	NA	0
3076	4	810229	3387974226	945274	1619747	156206527	513476450	NA	0
3077	4	763024	3388737250	945289	1619747	156240824	513591424	NA	0
3078	4	5297	3388742547	945304	1619747	156240992	513592514	NA	0
3079	4	921806	3389664353	945319	1619747	156284771	513737124	NA	0
3080	4	1507436	3391171789	945334	1619747	156356708	513968927	NA	0
3081	4	610513	3391782302	945349	1619747	156379815	514050894	NA	0
3082	4	58777	3391841079	945364	1619747	156381987	514060479	NA	0
3083	4	915518	3392756597	945379	1619747	156424888	514201743	NA	0
3084	4	1425503	3394182100	945394	1619747	156489325	514411401	NA	0
3085	4	1084107	3395266207	945409	1619747	156539518	514577595	NA	0
3086	4	622851	3395889058	945424	1619747	156566559	514670027	NA	0
3087	4	1127345	3397016403	945439	1619747	156617091	514838481	NA	0
3088	4	1539901	3398556304	945454	1619747	156689270	515072665	NA	0
3089	4	650272	3399206576	945469	1619747	156717337	515168825	NA	0
3090	4	904019	3400110595	945484	1619747	156759176	515307488	NA	0
3091	4	820648	3400931243	945499	1619747	156795523	515428848	NA	0
3092	4	578728	3401509971	945514	1619747	156817290	515506229	NA	0
3093	4	11130	3401521101	945529	1619747	156817750	515508558	NA	0
3094	4	1499149	3403020250	945544	1619747	156884209	515723114	NA	0
3095	4	1435923	3404456173	945559	1619747	156952474	515945588	NA	0
3096	4	1456269	3405912442	945574	1619747	157018495	516161002	NA	0
3097	4	1057213	3406969655	945589	1619747	157068944	516325332	NA	0
3098	4	1770010	3408739665	945604	1619747	157151503	516596003	NA	0
3099	4	664725	3409404390	945619	1619747	157180247	516694755	NA	0
3100	4	355364	3409759754	945634	1619747	157196645	516750531	NA	0
3101	4	827991	3410587745	945649	1619747	157235023	516878093	NA	0
3102	4	371917	3410959662	945664	1619747	157252299	516936968	NA	0
3103	4	840636	3411800298	945679	1619747	157291534	517065859	NA	0
3104	4	940358	3412740656	945694	1619747	157335982	517213100	NA	0
3105	4	1421405	3414162061	945709	1619747	157403679	517431045	NA	0
3106	4	1140109	3415302170	945724	1619747	157458078	517608073	NA	0
3107	4	759822	3416061992	945739	1619747	157492248	517722480	NA	0
3108	4	1645089	3417707081	945754	1619747	157569511	517972877	NA	0
3109	4	1445789	3419152870	945769	1619747	157638234	518195226	NA	0
3110	4	810229	3419963099	945784	1619747	157676160	518320758	NA	0
3111	4	1342192	3421305291	945799	1619747	157738746	518525401	NA	0
3112	4	768484	3422073775	945814	1619747	157773203	518641773	NA	0
3113	4	1437020	3423510795	945829	1619747	157841228	518862105	NA	0
3114	4	102624	3423613419	945844	1619747	157845392	518878064	NA	0
3115	4	943068	3424556487	945859	1619747	157890367	519025615	NA	0
3116	4	1225492	3425781979	945874	1619747	157950040	519217400	NA	0
3117	4	1589878	3427371857	945889	1619747	158024169	519458327	NA	0
3118	4	1096125	3428467982	945904	1619747	158074803	519626712	NA	0
3119	4	1097655	3429565637	945919	1619747	158125021	519795406	NA	0
3120	4	2060575	3431626212	945934	1619747	158215669	520103105	NA	0
3121	4	1098560	3432724772	945949	1619747	158266331	520272089	NA	0
3122	4	1591784	3434316556	945964	1619747	158339860	520513246	NA	0
3123	4	2239326	3436555882	945979	1619747	158443475	520859827	NA	0
3124	4	1587818	3438143700	945994	1619747	158516939	521100592	NA	0
3125	4	1102324	3439246024	946009	1619747	158567793	521270112	NA	0
3126	4	1257028	3440503052	946024	1619747	158626988	521464250	NA	0
3127	4	1104566	3441607618	946039	1619747	158675701	521628082	NA	0
3128	4	1305128	3442912746	946054	1619747	158736706	521828490	NA	0
3129	4	1334678	3444247424	946069	1619747	158799407	522034704	NA	0
3130	4	1482217	3445729641	946084	1619747	158866615	522254893	NA	0
3131	4	1067317	3446796958	946099	1619747	158913989	522414410	NA	0
3132	4	2148131	3448945089	946114	1619747	159009473	522736383	NA	0
3133	4	1456734	3450401823	946129	1619747	159078674	522960461	NA	0
3134	4	1944167	3452345990	946144	1619747	159167337	523257958	NA	0
3135	4	1275060	3453621050	946159	1630591	159227195	523454682	NA	1
3136	4	658225	3454279275	946174	1630591	159255558	523552069	NA	0
3137	4	1315464	3455594739	946189	1630591	159317199	523754571	NA	0
3138	4	1067085	3456661824	946204	1630591	159364716	523914262	NA	0
3139	4	1707493	3458369317	946219	1630591	159444557	524173272	NA	0
3140	4	1312724	3459682041	946234	1630591	159505965	524374901	NA	0
3141	4	1318821	3461000862	946249	1630591	159567713	524577557	NA	0
3142	4	1123218	3462124080	946264	1630591	159619183	524748884	NA	0
3143	4	1185229	3463309309	946279	1630591	159674065	524931606	NA	0
3144	4	1347151	3464656460	946294	1630591	159737062	525137854	NA	0
3145	4	1354234	3466010694	946309	1630591	159800301	525345074	NA	0
3146	4	1347049	3467357743	946324	1630591	159863285	525551245	NA	0
3147	4	1107945	3468465688	946339	1630591	159914338	525721786	NA	0
3148	4	252	3468465940	946354	1630591	159914358	525721927	NA	0
3149	4	1366855	3469832795	946369	1630591	159978229	525931472	NA	0
3150	4	214310	3470047105	946384	1630591	159986111	525962265	NA	0
3151	4	858997	3470906102	946399	1630591	160023902	526090367	NA	0
3152	4	221150	3471127252	946414	1630591	160032097	526122325	NA	0
3153	4	919338	3472046590	946429	1630591	160073997	526263478	NA	0
3154	4	1813167	3473859757	946444	1630591	160151931	526519654	NA	0
3155	4	1343775	3475203532	946459	1630591	160212831	526719516	NA	0
3156	4	840989	3476044521	946474	1630591	160251618	526850074	NA	0
3157	4	1361166	3477405687	946489	1630591	160316282	527060124	NA	0
3158	4	1065261	3478470948	946504	1630591	160364125	527219449	NA	0
3159	4	1155706	3479626654	946519	1630591	160418943	527399352	NA	0
3160	4	1254613	3480881267	946534	1630591	160477888	527592456	NA	0
3161	4	2156053	3483037320	946549	1630591	160575586	527922743	NA	0
3162	4	630003	3483667323	946564	1630591	160602965	528016141	NA	0
3163	4	1446429	3485113752	946579	1630591	160671161	528238612	NA	0
3164	4	1543572	3486657324	946594	1630591	160743834	528474616	NA	0
3165	4	210007	3486867331	946609	1630591	160751612	528504495	NA	0
3166	4	1341834	3488209165	946624	1630591	160816284	528713339	NA	0
3167	4	11192	3488220357	946639	1630591	160816763	528715507	NA	0
3168	4	746326	3488966683	946654	1630591	160850481	528829038	NA	0
3169	4	802893	3489769576	946669	1630591	160887978	528953619	NA	0
3170	4	102214	3489871790	946684	1630591	160892123	528969575	NA	0
3171	4	1150341	3491022131	946699	1630591	160946120	529147793	NA	0
3172	4	1697061	3492719192	946714	1630591	161021668	529394522	NA	0
3173	4	811031	3493530223	946729	1630591	161059414	529520408	NA	0
3174	4	846319	3494376542	946744	1630591	161098692	529651691	NA	0
3175	4	851146	3495227688	946759	1630591	161136303	529778362	NA	0
3176	4	724853	3495952541	946774	1630591	161168834	529887653	NA	0
3177	4	1144269	3497096810	946789	1630591	161222305	530064747	NA	0
3178	4	622239	3497719049	946804	1630591	161249281	530157058	NA	0
3179	4	1273377	3498992426	946819	1630591	161309302	530354009	NA	0
3180	4	650986	3499643412	946834	1630591	161337340	530450074	NA	0
3181	4	354545	3499997957	946849	1630591	161353683	530505569	NA	0
3182	4	1149413	3501147370	946864	1630591	161406586	530683700	NA	0
3183	4	1240270	3502387640	946879	1630591	161462937	530868671	NA	0
3184	4	1705459	3504093099	946894	1630591	161543940	531129738	NA	0
3185	4	1619994	3505713093	946909	1630591	161620396	531378216	NA	0
3186	4	1113360	3506826453	946924	1630591	161671936	531550118	NA	0
3187	4	17188	3506843641	946939	1630591	161672609	531553267	NA	0
3188	4	803111	3507646752	946954	1630591	161710099	531677847	NA	0
3189	4	898645	3508545397	946969	1630591	161752362	531816258	NA	0
3190	4	1082936	3509628333	946984	1630591	161802385	531982172	NA	0
3191	4	810229	3510438562	946999	1630591	161840131	532107688	NA	0
3192	4	763024	3511201586	947014	1630591	161874428	532222662	NA	0
3193	4	5297	3511206883	947029	1630591	161874596	532223752	NA	0
3194	4	921806	3512128689	947044	1630591	161918375	532368362	NA	0
3195	4	1507436	3513636125	947059	1630591	161990312	532600165	NA	0
3196	4	610513	3514246638	947074	1630591	162013419	532682132	NA	0
3197	4	58777	3514305415	947089	1630591	162015591	532691717	NA	0
3198	4	915518	3515220933	947104	1630591	162058492	532832981	NA	0
3199	4	1425503	3516646436	947119	1630591	162122929	533042639	NA	0
3200	4	1084107	3517730543	947134	1630591	162173122	533208833	NA	0
3201	4	622851	3518353394	947149	1630591	162200163	533301265	NA	0
3202	4	1127345	3519480739	947164	1630591	162250695	533469719	NA	0
3203	4	1539901	3521020640	947179	1630591	162322874	533703903	NA	0
3204	4	650272	3521670912	947194	1630591	162350941	533800063	NA	0
3205	4	904019	3522574931	947209	1630591	162392780	533938726	NA	0
3206	4	820648	3523395579	947224	1630591	162429127	534060086	NA	0
3207	4	578728	3523974307	947239	1630591	162450894	534137467	NA	0
3208	4	11130	3523985437	947254	1630591	162451354	534139796	NA	0
3209	4	1499149	3525484586	947269	1630591	162517813	534354352	NA	0
3210	4	1435923	3526920509	947284	1630591	162586078	534576826	NA	0
3211	4	1456269	3528376778	947299	1630591	162652099	534792240	NA	0
3212	4	1057213	3529433991	947314	1630591	162702548	534956570	NA	0
3213	4	1770010	3531204001	947329	1630591	162785107	535227241	NA	0
3214	4	664725	3531868726	947344	1630591	162813851	535325993	NA	0
3215	4	355364	3532224090	947359	1630591	162830249	535381769	NA	0
3216	4	827991	3533052081	947374	1630591	162868627	535509331	NA	0
3217	4	371917	3533423998	947389	1630591	162885903	535568206	NA	0
3218	4	840636	3534264634	947404	1630591	162925138	535697097	NA	0
3219	4	940358	3535204992	947419	1630591	162969586	535844338	NA	0
3220	4	1421405	3536626397	947434	1630591	163037283	536062283	NA	0
3221	4	1140109	3537766506	947449	1630591	163091682	536239311	NA	0
3222	4	759822	3538526328	947464	1630591	163125852	536353718	NA	0
3223	4	1645089	3540171417	947479	1630591	163203115	536604115	NA	0
3224	4	1445789	3541617206	947494	1630591	163271838	536826464	NA	0
3225	4	810229	3542427435	947509	1630591	163309764	536951996	NA	0
3226	4	1342192	3543769627	947524	1630591	163372350	537156639	NA	0
3227	4	768484	3544538111	947539	1630591	163406807	537273011	NA	0
3228	4	1437020	3545975131	947554	1630591	163474832	537493343	NA	0
3229	4	102624	3546077755	947569	1630591	163478996	537509302	NA	0
3230	4	943068	3547020823	947584	1630591	163523971	537656853	NA	0
3231	4	1225492	3548246315	947599	1630591	163583644	537848638	NA	0
3232	4	1589878	3549836193	947614	1630591	163657773	538089565	NA	0
3233	4	1096125	3550932318	947629	1630591	163708407	538257950	NA	0
3234	4	1097655	3552029973	947644	1630591	163758625	538426644	NA	0
3235	4	2060575	3554090548	947659	1630591	163849273	538734343	NA	0
3236	4	1098560	3555189108	947674	1630591	163899935	538903327	NA	0
3237	4	1591784	3556780892	947689	1630591	163973464	539144484	NA	0
3238	4	2239326	3559020218	947704	1630591	164077079	539491065	NA	0
3239	4	1587818	3560608036	947719	1630591	164150543	539731830	NA	0
3240	4	1102324	3561710360	947734	1630591	164201397	539901350	NA	0
3241	4	1257028	3562967388	947749	1630591	164260592	540095488	NA	0
3242	4	1104566	3564071954	947764	1630591	164309305	540259320	NA	0
3243	4	1305128	3565377082	947779	1630591	164370310	540459728	NA	0
3244	4	1334678	3566711760	947794	1630591	164433011	540665942	NA	0
3245	4	1482217	3568193977	947809	1630591	164500219	540886131	NA	0
3246	4	1067317	3569261294	947824	1630591	164547593	541045648	NA	0
3247	4	2148131	3571409425	947839	1727483	164643077	541367621	NA	1
3248	4	1456734	3572866159	947854	1727483	164712278	541591699	NA	0
3249	4	1944167	3574810326	947869	1727483	164800941	541889196	NA	0
3250	4	1275060	3576085386	947884	1727483	164860799	542085920	NA	0
3251	4	658225	3576743611	947899	1727483	164889162	542183307	NA	0
3252	4	1315464	3578059075	947914	1727483	164950803	542385809	NA	0
3253	4	1067085	3579126160	947929	1727483	164998320	542545500	NA	0
3254	4	1707493	3580833653	947944	1727483	165078161	542804510	NA	0
3255	4	1312724	3582146377	947959	1727483	165139569	543006139	NA	0
3256	4	1318821	3583465198	947974	1727483	165201317	543208795	NA	0
3257	4	1153874	3584619072	947989	1727483	165253512	543383453	NA	0
3258	4	1105846	3585724918	948004	1727483	165304543	543553678	NA	0
3259	4	1351618	3587076536	948019	1727483	165367672	543760397	NA	0
3260	4	1169843	3588246379	948034	1727483	165422091	543941099	NA	0
3261	4	731129	3588977508	948049	1727483	165455028	544051896	NA	0
3262	4	1421045	3590398553	948064	1727483	165521095	544267764	NA	0
3263	4	1117514	3591516067	948079	1727483	165572362	544438844	NA	0
3264	4	1491409	3593007476	948094	1727483	165640857	544662878	NA	0
3265	4	1778132	3594785608	948109	1727483	165721831	544925975	NA	0
3266	4	1907973	3596693581	948124	1727483	165802772	545187536	NA	0
3267	4	1178394	3597871975	948139	1727483	165857460	545368208	NA	0
3268	4	1363679	3599235654	948154	1727483	165915839	545558202	NA	0
3269	4	1473896	3600709550	948169	1727483	165979284	545769246	NA	0
3270	4	2178204	3602887754	948184	1727483	166064962	546045901	NA	0
3271	4	1678831	3604566585	948199	1727483	166137787	546285837	NA	0
3272	4	2236448	3606803033	948214	1727483	166229578	546599875	NA	0
3273	4	2171642	3608974675	948229	1727483	166323662	546922064	NA	0
3274	4	1127282	3610101957	948244	1727483	166375225	547093909	NA	0
3275	4	1309187	3611411144	948259	1727483	166432653	547282874	NA	0
3276	4	2320297	3613731441	948274	1727483	166527602	547607781	NA	0
3277	4	1502123	3615233564	948289	1727483	166596078	547832782	NA	0
3278	4	1924714	3617158278	948304	1727483	166680273	548119936	NA	0
3279	4	1118492	3618276770	948319	1727483	166731586	548291117	NA	0
3280	4	1660696	3619937466	948334	1727483	166807422	548537745	NA	0
3281	4	1208282	3621145748	948349	1727483	166860558	548713127	NA	0
3282	4	1745622	3622891370	948364	1727483	166940673	548974836	NA	0
3283	4	1124361	3624015731	948379	1727483	166992216	549146819	NA	0
3284	4	1315470	3625331201	948394	1727483	167053470	549348969	NA	0
3285	4	1914486	3627245687	948409	1727483	167133814	549606641	NA	0
3286	4	1380395	3628626082	948424	1727483	167192133	549796310	NA	0
3287	4	1964085	3630590167	948439	1727483	167276208	550087449	NA	0
3288	4	1143944	3631734111	948454	1727483	167327376	550258958	NA	0
3289	4	1222548	3632956659	948469	1727483	167382725	550442104	NA	0
3290	4	2089483	3635046142	948484	1727483	167471036	550744556	NA	0
3291	4	1270963	3636317105	948499	1727483	167531059	550940466	NA	0
3292	4	1222063	3637539168	948514	1727483	167587596	551127965	NA	0
3293	4	1517343	3639056511	948529	1727483	167652087	551339424	NA	0
3294	4	1140094	3640196605	948544	1727483	167703945	551512466	NA	0
3295	4	2052941	3642249546	948559	1727483	167792854	551816625	NA	0
3296	4	1222607	3643472153	948574	1727483	167846108	551994519	NA	0
3297	4	1312854	3644785007	948589	1727483	167904510	552186988	NA	0
3298	4	1293762	3646078769	948604	1727483	167959641	552365096	NA	0
3299	4	1151507	3647230276	948619	1727483	168012805	552540508	NA	0
3300	4	1653226	3648883502	948634	1727483	168088574	552787060	NA	0
3301	4	1184481	3650067983	948649	1727483	168141608	552963299	NA	0
3302	4	1611667	3651679650	948664	1727483	168211278	553195817	NA	0
3303	4	8626	3651688276	948679	1727483	168211533	553197322	NA	0
3304	4	2496563	3654184839	948694	1727483	168311499	553536872	NA	0
3305	4	2284592	3656469431	948709	1727483	168403097	553852318	NA	0
3306	4	1252167	3657721598	948724	1727483	168458181	554034278	NA	0
3307	4	1506128	3659227726	948739	1727483	168519760	554233900	NA	0
3308	4	1258827	3660486553	948754	1727483	168577518	554424674	NA	0
3309	4	1109042	3661595595	948769	1727483	168628602	554595226	NA	0
3310	4	1123405	3662719000	948784	1727483	168680030	554766530	NA	0
3311	4	1387850	3664106850	948799	1727483	168742471	554970542	NA	0
3312	4	1160114	3665266964	948814	1727483	168795599	555146621	NA	0
3313	4	1115092	3666382056	948829	1727483	168846841	555317631	NA	0
3314	4	1190349	3667572405	948844	1727483	168901605	555499128	NA	0
3315	4	1217444	3668789849	948859	1727483	168956744	555682406	NA	0
3316	4	1144880	3669934729	948874	1727483	169008926	555855782	NA	0
3317	4	1134545	3671069274	948889	1727483	169060646	556027860	NA	0
3318	4	1502247	3672571521	948904	1727483	169128678	556250056	NA	0
3319	4	1109452	3673680973	948919	1727483	169179766	556420549	NA	0
3320	4	214310	3673895283	948934	1727483	169187648	556451342	NA	0
3321	4	858997	3674754280	948949	1727483	169225439	556579444	NA	0
3322	4	221150	3674975430	948964	1727483	169233634	556611402	NA	0
3323	4	919338	3675894768	948979	1727483	169275534	556752555	NA	0
3324	4	1813167	3677707935	948994	1727483	169353468	557008731	NA	0
3325	4	1343775	3679051710	949009	1727483	169414368	557208593	NA	0
3326	4	840989	3679892699	949024	1727483	169453155	557339151	NA	0
3327	4	1361166	3681253865	949039	1727483	169517819	557549201	NA	0
3328	4	1065261	3682319126	949054	1727483	169565662	557708526	NA	0
3329	4	1155706	3683474832	949069	1727483	169620480	557888429	NA	0
3330	4	1254613	3684729445	949084	1727483	169679425	558081533	NA	0
3331	4	2213805	3686943250	949099	1727483	169779264	558419083	NA	0
3332	4	630003	3687573253	949114	1727483	169806643	558512481	NA	0
3333	4	1446429	3689019682	949129	1727483	169874839	558734952	NA	0
3334	4	1543572	3690563254	949144	1727483	169947512	558970956	NA	0
3335	4	210007	3690773261	949159	1727483	169955290	559000835	NA	0
3336	4	1341834	3692115095	949174	1727483	170019962	559209679	NA	0
3337	4	11192	3692126287	949189	1727483	170020441	559211847	NA	0
3338	4	746326	3692872613	949204	1727483	170054159	559325378	NA	0
3339	4	802893	3693675506	949219	1727483	170091656	559449959	NA	0
3340	4	102214	3693777720	949234	1727483	170095801	559465915	NA	0
3341	4	1150341	3694928061	949249	1727483	170149798	559644133	NA	0
3342	4	1697061	3696625122	949264	1727483	170225346	559890862	NA	0
3343	4	811031	3697436153	949279	1727483	170263092	560016748	NA	0
3344	4	846319	3698282472	949294	1727483	170302370	560148031	NA	0
3345	4	851146	3699133618	949309	1727483	170339981	560274702	NA	0
3346	4	724853	3699858471	949324	1727483	170372512	560383993	NA	0
3347	4	1144269	3701002740	949339	1727483	170425983	560561087	NA	0
3348	4	622239	3701624979	949354	1727483	170452959	560653398	NA	0
3349	4	1273377	3702898356	949369	1727483	170512980	560850349	NA	0
3350	4	650986	3703549342	949384	1727483	170541018	560946414	NA	0
3351	4	354545	3703903887	949399	1727483	170557361	561001909	NA	0
3352	4	1298030	3705201917	949414	1727483	170616750	561199974	NA	0
3353	4	1240270	3706442187	949429	1727483	170673101	561384945	NA	0
3354	4	1705459	3708147646	949444	1727483	170754104	561646012	NA	0
3355	4	1619994	3709767640	949459	1727483	170830560	561894490	NA	0
3356	4	1113360	3710881000	949474	1727483	170882100	562066392	NA	0
3357	4	17188	3710898188	949489	1727483	170882773	562069541	NA	0
3358	4	803111	3711701299	949504	1727483	170920263	562194121	NA	0
3359	4	898645	3712599944	949519	1728528	170962526	562332532	NA	1
3360	4	1082936	3713682880	949534	1728528	171012549	562498446	NA	0
3361	4	810229	3714493109	949549	1728528	171050295	562623962	NA	0
3362	4	763024	3715256133	949564	1728528	171084592	562738936	NA	0
3363	4	5297	3715261430	949579	1728528	171084760	562740026	NA	0
3364	4	921806	3716183236	949594	1728528	171128539	562884636	NA	0
3365	4	1507436	3717690672	949609	1728528	171200476	563116439	NA	0
3366	4	610513	3718301185	949624	1728528	171223583	563198406	NA	0
3367	4	58777	3718359962	949639	1728528	171225755	563207991	NA	0
3368	4	915518	3719275480	949654	1728528	171268656	563349255	NA	0
3369	4	1425503	3720700983	949669	1728528	171333093	563558913	NA	0
3370	4	1084107	3721785090	949684	1728528	171383286	563725107	NA	0
3371	4	622851	3722407941	949699	1728528	171410327	563817539	NA	0
3372	4	1127345	3723535286	949714	1728528	171460859	563985993	NA	0
3373	4	1539901	3725075187	949729	1728528	171533038	564220177	NA	0
3374	4	650285	3725725472	949744	1728528	171561105	564316339	NA	0
3375	4	904019	3726629491	949759	1728528	171602944	564455002	NA	0
3376	4	820648	3727450139	949774	1728528	171639291	564576362	NA	0
3377	4	578728	3728028867	949789	1728528	171661058	564653743	NA	0
3378	4	11130	3728039997	949804	1728528	171661518	564656072	NA	0
3379	4	1499149	3729539146	949819	1728528	171727977	564870628	NA	0
3380	4	1435923	3730975069	949834	1728528	171796242	565093102	NA	0
3381	4	1456269	3732431338	949849	1728528	171862263	565308516	NA	0
3382	4	1237036	3733668374	949864	1728528	171920151	565495857	NA	0
3383	4	1851920	3735520294	949879	1728528	172003035	565776155	NA	0
3384	4	664725	3736185019	949894	1728528	172031779	565874907	NA	0
3385	4	355364	3736540383	949909	1728528	172048177	565930683	NA	0
3386	4	827991	3737368374	949924	1728528	172086555	566058245	NA	0
3387	4	371917	3737740291	949939	1728528	172103831	566117120	NA	0
3388	4	840636	3738580927	949954	1728528	172143066	566246011	NA	0
3389	4	940358	3739521285	949969	1728528	172187514	566393252	NA	0
3390	4	1421405	3740942690	949984	1728528	172255211	566611197	NA	0
3391	4	1140109	3742082799	949999	1728528	172309610	566788225	NA	0
3392	4	759822	3742842621	950014	1728528	172343780	566902632	NA	0
3393	4	1645089	3744487710	950029	1728528	172421043	567153029	NA	0
3394	4	1445789	3745933499	950044	1728528	172489766	567375378	NA	0
3395	4	810229	3746743728	950059	1728528	172527692	567500910	NA	0
3396	4	1342192	3748085920	950074	1728528	172590278	567705553	NA	0
3397	4	768484	3748854404	950089	1728528	172624735	567821925	NA	0
3398	4	1437020	3750291424	950104	1728528	172692760	568042257	NA	0
3399	4	102624	3750394048	950119	1728528	172696924	568058216	NA	0
3400	4	943068	3751337116	950134	1728528	172741899	568205767	NA	0
3401	4	1225492	3752562608	950149	1728528	172801572	568397552	NA	0
3402	4	1589878	3754152486	950164	1728528	172875701	568638479	NA	0
3403	4	1096125	3755248611	950179	1728528	172926335	568806864	NA	0
3404	4	1097655	3756346266	950194	1728528	172976553	568975558	NA	0
3405	4	2060575	3758406841	950209	1728528	173067201	569283257	NA	0
3406	4	1098560	3759505401	950224	1728528	173117863	569452241	NA	0
3407	4	1591784	3761097185	950239	1728528	173191392	569693398	NA	0
3408	4	2239326	3763336511	950254	1728528	173295007	570039979	NA	0
3409	4	1587818	3764924329	950269	1728528	173368471	570280744	NA	0
3410	4	1102324	3766026653	950284	1728528	173419325	570450264	NA	0
3411	4	1257028	3767283681	950299	1728528	173478520	570644402	NA	0
3412	4	1104566	3768388247	950314	1728528	173527233	570808234	NA	0
3413	4	1305128	3769693375	950329	1728528	173588238	571008642	NA	0
3414	4	1334678	3771028053	950344	1728528	173650939	571214856	NA	0
3415	4	1482217	3772510270	950359	1728528	173718147	571435045	NA	0
3416	4	1067317	3773577587	950374	1728528	173765521	571594562	NA	0
3417	4	2148131	3775725718	950389	1728528	173861005	571916535	NA	0
3418	4	1456734	3777182452	950404	1728528	173930206	572140613	NA	0
3419	4	1944167	3779126619	950419	1728528	174018869	572438110	NA	0
3420	4	1275060	3780401679	950434	1728528	174078727	572634834	NA	0
3421	4	658225	3781059904	950449	1728528	174107090	572732221	NA	0
3422	4	1315464	3782375368	950464	1728528	174168731	572934723	NA	0
3423	4	1067085	3783442453	950479	1728528	174216248	573094414	NA	0
3424	4	1707493	3785149946	950494	1728528	174296089	573353424	NA	0
3425	4	1312724	3786462670	950509	1728528	174357497	573555053	NA	0
3426	4	1318821	3787781491	950524	1728528	174419245	573757709	NA	0
3427	4	1227449	3789008940	950546	1729319	174475892	573945636	NA	1
