tu	pass	raw	cumulative_raw	p29_cum_wire	grz2_cum_wire	fastintern_cum_wire	zstd3_cum_wire	pred_cum_wire	grz2_group_closes
0	1	5348202	5348202	650708	NA	1085684	746451	NA	0
1	1	5348204	10696406	651604	NA	1291878	1492899	NA	0
2	1	5348198	16044604	652133	NA	1498065	2239346	NA	0
3	1	5348178	21392782	652198	NA	1704253	2985791	NA	0
4	1	5348216	26740998	652263	NA	1910455	3732243	NA	0
5	1	5348218	32089216	652336	NA	2116665	4478699	NA	0
6	1	5348244	37437460	652399	NA	2322886	5225154	NA	0
7	1	5348246	42785706	652461	NA	2529109	5971608	NA	0
8	1	5348518	48134224	652523	NA	2735373	6718078	NA	0
9	1	5348202	53482426	652587	NA	2941566	7464522	NA	0
10	1	5348180	58830606	652657	NA	3147747	8210963	NA	0
11	1	5348180	64178786	652719	NA	3353926	8957408	NA	0
12	1	5348319	69527105	652784	NA	3560160	9703874	NA	0
13	1	5348303	74875408	652852	NA	3766390	10450336	NA	0
14	1	5348303	80223711	652916	NA	3972620	11196797	NA	0
15	1	5348210	85571921	652980	NA	4178818	11943247	NA	0
16	1	5348180	90920101	653046	NA	4384997	12689690	NA	0
17	1	5348198	96268299	653109	NA	4591189	13436137	NA	0
18	1	5440278	101708577	656251	NA	4819372	14195476	NA	0
19	1	5440181	107148758	659487	NA	5028079	14954819	NA	0
20	1	5439869	112588627	661193	NA	5236678	15714122	NA	0
21	1	5439869	118028496	661252	NA	5445273	16473425	NA	0
22	1	5439992	123468488	661315	NA	5653897	17232744	NA	0
23	1	5439905	128908393	661378	NA	5862497	17992055	NA	0
24	1	5439913	134348306	661445	NA	6071103	18751365	NA	0
25	1	5440000	139788306	661515	NA	6279737	19510685	NA	0
26	1	5440000	145228306	661587	NA	6488372	20270007	NA	0
27	1	5439857	150668163	661658	NA	6696930	21029308	NA	0
28	1	5440032	156108195	661741	NA	6905563	21788625	NA	0
29	1	5439853	161548048	661820	NA	7114125	22547922	NA	0
30	1	5439857	166987905	661889	NA	7322687	23307215	NA	0
31	1	5439855	172427760	661951	NA	7531238	24066513	NA	0
32	1	5440685	177868445	662031	NA	7740021	24825881	NA	0
33	1	5439955	183308400	662110	NA	7948641	25585196	NA	0
34	1	5439957	188748357	662183	NA	8157264	26344509	NA	0
35	1	5439983	194188340	662250	NA	8365907	27103820	NA	0
36	1	5439985	199628325	662313	NA	8574551	27863136	NA	0
37	1	5439863	205068188	662383	NA	8783121	28622433	NA	0
38	1	5439863	210508051	662441	NA	8991693	29381729	NA	0
39	1	5439992	215948043	662539	NA	9200321	30141045	NA	0
40	1	5439863	221387906	662597	NA	9408893	30900341	NA	0
41	1	5439863	226827769	662655	NA	9617464	31659637	NA	0
42	1	5439865	232267634	662714	NA	9826036	32418930	NA	0
43	1	5439875	237707509	662778	NA	10034620	33178226	NA	0
44	1	5439863	243147372	662842	NA	10243188	33937526	NA	0
45	1	5439865	248587237	662902	NA	10451759	34696829	NA	0
46	1	5439875	254027112	662962	NA	10660339	35456129	NA	0
47	1	5439883	259466995	663034	NA	10868921	36215429	NA	0
48	1	5440040	264907035	663113	NA	11077566	36974742	NA	0
49	1	5440040	270347075	663174	NA	11286210	37734065	NA	0
50	1	5439992	275787067	663242	NA	11494841	38493381	NA	0
51	1	5440320	281227387	663319	NA	11703515	39252717	NA	0
52	1	5440000	286667387	663388	NA	11912149	40012034	NA	0
53	1	5439998	292107385	663452	NA	12120782	40771357	NA	0
54	1	5439883	297547268	663515	NA	12329376	41530672	NA	0
55	1	5440389	302987657	663603	NA	12538127	42290052	NA	0
56	1	5440585	308428242	663718	NA	12746886	43049423	NA	0
57	1	5440266	313868508	663790	NA	12955575	43808773	NA	0
58	1	5364044	319232552	664384	NA	13167129	44556201	NA	0
59	1	5363956	324596508	665425	NA	13373552	45303617	NA	0
60	1	5363849	329960357	666043	NA	13579937	46051022	NA	0
61	1	5364246	335324603	666139	NA	13786402	46798471	NA	0
62	1	5364720	340689323	666238	NA	13992949	47545958	NA	0
63	1	5364682	346054005	666344	NA	14199495	48293433	NA	0
64	1	5363591	351417596	666418	NA	14405806	49040817	NA	0
65	1	5363591	356781187	666476	NA	14612117	49788201	NA	0
66	1	5364488	362145675	666552	NA	14818614	50535669	NA	0
67	1	5334777	367480452	666848	NA	15026626	51280455	NA	0
68	1	5334755	372815207	667281	NA	15232525	52025238	NA	0
69	1	5334755	378149962	667539	NA	15438423	52770024	NA	0
70	1	5334755	383484717	667597	NA	15644325	53514811	NA	0
71	1	5334759	388819476	667660	NA	15850229	54259600	NA	0
72	1	5334761	394154237	667723	NA	16056135	55004391	NA	0
73	1	5335187	399489424	667789	NA	16262175	55749221	NA	0
74	1	5335217	404824641	667854	NA	16468238	56494056	NA	0
75	1	5337737	410162378	668215	NA	16676243	57239056	NA	0
76	1	5337465	415499843	668764	NA	16882256	57984039	NA	0
77	1	5337443	420837286	669103	NA	17088255	58729017	NA	0
78	1	5337657	426174943	669172	NA	17294326	59474020	NA	0
79	1	5337443	431512386	669229	NA	17500330	60218996	NA	0
80	1	5337568	436849954	669298	NA	17706380	60963996	NA	0
81	1	5337566	442187520	669365	NA	17912426	61708994	NA	0
82	1	5337568	447525088	669427	NA	18118476	62453994	NA	0
83	1	5337473	452862561	669492	NA	18324495	63198987	NA	0
84	1	5337630	458200191	669557	NA	18530569	63943997	NA	0
85	1	5330377	463530568	669763	NA	18737524	64688199	NA	0
86	1	5362943	468893511	670215	NA	18949175	65435852	NA	0
87	1	5362003	474255514	671286	NA	19155714	66183433	NA	0
88	1	5362251	479617765	671928	NA	19362302	66931043	NA	0
89	1	5361995	484979760	672004	NA	19568846	67678644	NA	0
90	1	5362251	490342011	672076	NA	19775433	68426258	NA	0
91	1	5361902	495703913	672147	NA	19981948	69173847	NA	0
92	1	5362305	501066218	672231	NA	20188565	69921474	NA	0
93	1	5361854	506428072	672299	NA	20395048	70669048	NA	0
94	1	5366392	511794464	672811	NA	20607659	71416991	NA	0
95	1	5366392	517160856	674070	NA	20814071	72164940	NA	0
96	1	5366334	522527190	674744	NA	21020442	72912873	NA	0
97	1	5366312	527893502	674811	NA	21226812	73660807	NA	0
98	1	5366410	533259912	674878	521472	21433211	74408759	NA	1
99	1	5366408	538626320	674945	521472	21639608	75156710	NA	0
100	1	5366410	543992730	675003	521472	21846006	75904662	NA	0
101	1	5366629	549359359	675065	521472	22052450	76652632	NA	0
102	1	5366754	554726113	675135	521472	22258934	77400604	NA	0
103	1	5366354	560092467	675203	521472	22465318	78148542	NA	0
104	1	5366324	565458791	675270	521472	22671682	78896475	NA	0
105	1	6750353	572209144	734765	521472	23154932	79844403	NA	0
106	1	6750329	578959473	735859	521472	23410292	80792328	NA	0
107	1	6750476	585709949	736507	521472	23665689	81740284	NA	0
108	1	6750329	592460278	736579	521472	23921048	82688213	NA	0
109	1	6751642	599211920	736688	521472	24176696	83636288	NA	0
110	1	6751701	605963621	736801	521472	24432344	84584348	NA	0
111	1	6750834	612714455	736904	521472	24687805	85532322	NA	0
112	1	6751239	619465694	801591	521472	24943347	86480340	NA	0
113	1	5372661	624838355	804501	521472	25156737	87228890	NA	0
114	1	5373322	630211677	805161	521472	25363665	87977502	NA	0
115	1	5372899	635584576	805533	521472	25570468	88726070	NA	0
116	1	5372776	640957352	805605	521472	25777243	89474631	NA	0
117	1	5372637	646329989	805672	521472	25983973	90223177	NA	0
118	1	5372830	651702819	805744	521472	26190788	90971758	NA	0
119	1	5372665	657075484	805818	521472	26397533	91720308	NA	0
120	1	5372947	662448431	805897	521472	26604346	92468880	NA	0
121	1	5372738	667821169	805973	521472	26811102	93217436	NA	0
122	1	5331293	673152462	806188	521472	27018073	93961700	NA	0
123	1	5331295	678483757	806514	521472	27223903	94705966	NA	0
124	1	5331295	683815052	806705	521472	27429730	95450230	NA	0
125	1	5331295	689146347	806762	521472	27635559	96194494	NA	0
126	1	5335656	694482003	807016	521472	27843271	96939206	NA	0
127	1	5335690	699817693	807380	521472	28049152	97683926	NA	0
128	1	5375199	705192892	808062	521472	28263246	98432967	NA	0
129	1	5375199	710568091	808363	521472	28470274	99182007	NA	0
130	1	5375179	715943270	808556	521472	28677297	99931047	NA	0
131	1	5375159	721318429	808624	521472	28884320	100680087	NA	0
132	1	5375227	726693656	808691	521472	29091362	101429127	NA	0
133	1	5375199	732068855	808756	521472	29298388	102178167	NA	0
134	1	5375340	737444195	808839	521472	29505436	102927211	NA	0
135	1	5375233	742819428	808914	521472	29712470	103676247	NA	0
136	1	5375481	748194909	808989	521472	29919544	104425314	NA	0
137	1	5375219	753570128	809063	521472	30126577	105174353	NA	0
138	1	5375215	758945343	809134	521472	30333616	105923391	NA	0
139	1	5375171	764320514	809201	521472	30540650	106672430	NA	0
140	1	5375171	769695685	809261	521472	30747682	107421468	NA	0
141	1	5375163	775070848	809326	521472	30954705	108170506	NA	0
142	1	5375191	780446039	809391	521472	31161737	108919544	NA	0
143	1	6731365	787177404	809921	521472	31418469	109864658	NA	0
144	1	6731252	793908656	810498	521472	31673447	110809773	NA	0
145	1	6731276	800639932	810823	521472	31928444	111754887	NA	0
146	1	6731276	807371208	810884	521472	32183441	112699997	NA	0
147	1	6731151	814102359	810949	521472	32438400	113645098	NA	0
148	1	6731151	820833510	811009	521472	32693357	114590197	NA	0
149	1	5340733	826174243	811529	521472	32903037	115335898	NA	0
150	1	5340552	831514795	812009	521472	33109312	116081571	NA	0
151	1	5340558	836855353	812299	521472	33315593	116827249	NA	0
152	1	5340638	842195991	812374	521472	33521903	117572931	NA	0
153	1	5340644	847536635	812445	521472	33728213	118318613	NA	0
154	1	5340359	852876994	812517	521472	33934473	119064271	NA	0
155	1	5288972	858165966	824671	521472	34140390	119805676	NA	0
156	1	5336503	863502469	824945	521472	34347732	120550385	NA	0
157	1	5347735	868850204	825214	521472	34556179	121295668	NA	0
158	1	5347691	874197895	825649	521472	34762137	122040944	NA	0
159	1	5347735	879545630	825948	521472	34968109	122786231	NA	0
160	1	5347544	884893174	826018	521472	35174014	123531489	NA	0
161	1	5347546	890240720	826083	521472	35379920	124276750	NA	0
162	1	5335284	895576004	826431	521472	35588430	125021719	NA	0
163	1	5335298	900911302	826948	521472	35794420	125766692	NA	0
164	1	5335300	906246602	827337	521472	36000412	126511667	NA	0
165	1	5335300	911581902	827395	521472	36206402	127256644	NA	0
166	1	5335300	916917202	827453	521472	36412396	128001622	NA	0
167	1	5335300	922252502	827511	521472	36618385	128746598	NA	0
168	1	5335332	927587834	827572	521472	36824398	129491582	NA	0
169	1	5335344	932923178	827633	521472	37030418	130236561	NA	0
170	1	5335330	938258508	827693	521472	37236429	130981541	NA	0
171	1	5335302	943593810	827755	521472	37442420	131726513	NA	0
172	1	5340542	948934352	828078	521472	37650791	132471710	NA	0
173	1	5340325	954274677	828551	521472	37856889	133216874	NA	0
174	1	5339919	959614596	828866	521472	38062929	133962011	NA	0
175	1	5339863	964954459	828932	521472	38268950	134707140	NA	0
176	1	5368735	970323194	835887	521472	38482585	135455213	NA	0
177	1	5368410	975691604	837378	521472	38689293	136203269	NA	0
178	1	5368237	981059841	838191	521472	38895948	136951305	NA	0
179	1	5368281	986428122	838253	521472	39102628	137699349	NA	0
180	1	5368237	991796359	838313	521472	39309281	138447381	NA	0
181	1	5368279	997164638	838387	521472	39515961	139195429	NA	0
182	1	5368501	1002533139	838459	521472	39722708	139943509	NA	0
183	1	5368360	1007901499	838526	521472	39929400	140691564	NA	0
184	1	5368428	1013269927	838595	521472	40136121	141439628	NA	0
185	1	5368632	1018638559	838668	521472	40342894	142187713	NA	0
186	1	5334182	1023972741	838900	521472	40549552	142931973	NA	0
187	1	5334182	1029306923	839080	521472	40755460	143676229	NA	0
188	1	5334562	1034641485	839367	521472	40963279	144420827	NA	0
189	1	5336318	1039977803	842229	521472	41171835	145165851	NA	0
190	1	5329980	1045307783	842422	521472	41378428	145909908	NA	0
191	1	5330313	1050638096	844009	521472	41586007	146654288	NA	0
192	1	6724744	1057362840	844240	521472	41841778	147598831	NA	0
193	1	7122185	1064485025	898636	724975	42182793	148596365	NA	1
194	1	7122167	1071607192	899246	724975	42451836	149593896	NA	0
195	1	5423036	1077030228	900062	724975	42672127	150348625	NA	0
196	1	5337694	1082367922	900339	724975	42880079	151093610	NA	0
197	1	5337674	1087705596	900752	724975	43086038	151838593	NA	0
198	1	5337732	1093043328	901035	724975	43292011	152583594	NA	0
199	1	5337732	1098381060	901099	724975	43497987	153328592	NA	0
200	1	5337718	1103718778	901161	724975	43703963	154073581	NA	0
201	1	5337529	1109056307	901234	724975	43909896	154818554	NA	0
202	1	5337702	1114394009	901306	724975	44115865	155563541	NA	0
203	1	5337557	1119731566	901372	724975	44321811	156308516	NA	0
204	1	5337477	1125069043	901438	724975	44527704	157053478	NA	0
205	1	5336809	1130405852	901746	724975	44736009	157798454	NA	0
206	1	5336785	1135742637	902206	724975	44941955	158543425	NA	0
207	1	5336785	1141079422	902541	724975	45147901	159288399	NA	0
208	1	5336938	1146416360	902607	724975	45353908	160033394	NA	0
209	1	5337150	1151753510	902683	724975	45559949	160778404	NA	0
210	1	5336795	1157090305	902753	724975	45765904	161523382	NA	0
211	1	5336940	1162427245	902827	724975	45971905	162268376	NA	0
212	1	5336787	1167764032	902897	724975	46177854	163013349	NA	0
213	1	5330570	1173094602	903140	724975	46384891	163757743	NA	0
214	1	5330438	1178425040	903314	724975	46591433	164501800	NA	0
215	1	5343248	1183768288	905137	724975	46801145	165247461	NA	0
216	1	5343385	1189111673	905715	724975	47007893	165993134	NA	0
217	1	5343934	1194455607	906123	724975	47214759	166738828	NA	0
218	1	5343145	1199798752	906190	724975	47421469	167484470	NA	0
219	1	5343123	1205141875	906257	724975	47628169	168230106	NA	0
220	1	5343123	1210484998	906318	724975	47834867	168975740	NA	0
221	1	5343252	1215828250	906385	724975	48041615	169721395	NA	0
222	1	5343262	1221171512	906464	724975	48248369	170467053	NA	0
223	1	5343246	1226514758	906539	724975	48455115	171212715	NA	0
224	1	5343246	1231858004	946269	724975	48661871	171958379	NA	0
225	1	5343262	1237201266	946338	724975	48868628	172704046	NA	0
226	1	5343246	1242544512	946401	724975	49075375	173449708	NA	0
227	1	5342494	1247887006	946711	724975	49284327	174195149	NA	0
228	1	5356356	1253243362	947141	724975	49495183	174942145	NA	0
229	1	5356571	1258599933	947986	724975	49701592	175689167	NA	0
230	1	5356362	1263956295	948521	724975	49907951	176436176	NA	0
231	1	5356676	1269312971	948607	724975	50114420	177183213	NA	0
232	1	5356557	1274669528	948691	724975	50320839	177930235	NA	0
233	1	5356583	1280026111	948770	724975	50527308	178677266	NA	0
234	1	5356027	1285382138	948855	724975	50733588	179424239	NA	0
235	1	5356106	1290738244	948932	724975	50939888	180171230	NA	0
236	1	5355949	1296094193	949005	724975	51146118	180918186	NA	0
237	1	5343133	1301437326	949384	724975	51355560	181664012	NA	0
238	1	5343147	1306780473	950154	724975	51561690	182409840	NA	0
239	1	5343278	1312123751	950618	724975	51767845	183155670	NA	0
240	1	5343278	1317467029	950681	724975	51973999	183901499	NA	0
241	1	5343459	1322810488	950753	724975	52180198	184647353	NA	0
242	1	5343524	1328154012	950826	724975	52386425	185393218	NA	0
243	1	5343131	1333497143	950894	724975	52592546	186139040	NA	0
244	1	5343374	1338840517	950965	724975	52798741	186884902	NA	0
245	1	5343517	1344184034	951042	724975	53004985	187630772	NA	0
246	1	5343153	1349527187	951111	724975	53211122	188376597	NA	0
247	1	5343129	1354870316	951180	724975	53417243	189122419	NA	0
248	1	5343135	1360213451	951253	724975	53623365	189868242	NA	0
249	1	5343133	1365556584	951317	724975	53829484	190614066	NA	0
250	1	5334736	1370891320	951574	724975	54037171	191358513	NA	0
251	1	5334714	1376226034	952082	724975	54243170	192102962	NA	0
252	1	5334712	1381560746	952430	724975	54449173	192847412	NA	0
253	1	5334712	1386895458	952496	724975	54655168	193591860	NA	0
254	1	5334881	1392230339	952567	724975	54861189	194336325	NA	0
255	1	5334730	1397565069	952637	724975	55067196	195080775	NA	0
256	1	5334714	1402899783	952706	724975	55273184	195825220	NA	0
257	1	5334730	1408234513	952773	724975	55479188	196569671	NA	0
258	1	5347697	1413582210	953192	724975	55688851	197315464	NA	0
259	1	5347609	1418929819	953963	724975	55895037	198061254	NA	0
260	1	5348003	1424277822	954459	724975	56101291	198807078	NA	0
261	1	5347987	1429625809	954544	724975	56307551	199552898	NA	0
262	1	5348073	1434973882	954628	724975	56513830	200298727	NA	0
263	1	5347569	1440321451	954703	724975	56720030	201044518	NA	0
264	1	5370181	1445691632	955362	724975	56931435	201792300	NA	0
265	1	5369767	1451061399	956395	724975	57138085	202540060	NA	0
266	1	5370161	1456431560	957011	724975	57344767	203287822	NA	0
267	1	5370169	1461801729	957077	724975	57551452	204035582	NA	0
268	1	5369372	1467171101	957148	724975	57757998	204783297	NA	0
269	1	5342129	1472513230	958157	724975	57967608	205528519	NA	0
270	1	5363485	1477876715	958596	724975	58178664	206275275	NA	0
271	1	7118477	1484995192	959404	724975	58448488	207272482	NA	0
272	1	7118598	1492113790	959642	724975	58717125	208269707	NA	0
273	1	5330113	1497443903	959843	724975	58923666	209013763	NA	0
274	1	5330091	1502773994	960017	724975	59129442	209757815	NA	0
275	1	5330101	1508104095	960149	724975	59335222	210501875	NA	0
276	1	5330101	1513434196	960210	724975	59541006	211245937	NA	0
277	1	5330105	1518764301	960275	724975	59746791	211989998	NA	0
278	1	5373714	1524138015	960748	724975	59958629	212737575	NA	0
279	1	5373714	1529511729	960876	724975	60165540	213485146	NA	0
280	1	5169595	1534681324	966712	724975	60369152	214208235	NA	0
281	1	5169595	1539850919	966796	724975	60568778	214931326	NA	0
282	1	5169679	1545020598	966865	724975	60768453	215654439	NA	0
283	1	5373624	1550394222	966936	724975	60975213	216401992	NA	0
284	1	5373624	1555767846	967000	724975	61181973	217149550	NA	0
285	1	5373708	1561141554	967067	724975	61388731	217897126	NA	0
286	1	5373637	1566515191	967172	724975	61595752	218644736	NA	0
287	1	5169685	1571684876	967239	724975	61795291	219367853	NA	0
288	1	5169685	1576854561	967309	724975	61994826	220090970	NA	0
289	1	5334856	1582189417	968244	724975	62202478	220835389	NA	0
290	1	5334858	1587524275	968545	724975	62408409	221579812	NA	0
291	1	5334886	1592859161	968746	724975	62614356	222324236	NA	0
292	1	6735697	1599594858	971389	761939	62873233	223270397	NA	1
293	1	6735649	1606330507	972138	761939	63128333	224216556	NA	0
294	1	6735627	1613066134	972628	761939	63383416	225162714	NA	0
295	1	6735653	1619801787	972709	761939	63638517	226108880	NA	0
296	1	6735643	1626537430	972777	761939	63893607	227055037	NA	0
297	1	6735619	1633273049	972850	761939	64148691	228001187	NA	0
298	1	6735665	1640008714	972925	761939	64403803	228947355	NA	0
299	1	6735623	1646744337	972997	761939	64658893	229893511	NA	0
300	1	6735695	1653480032	973064	761939	64914015	230839680	NA	0
301	1	6735695	1660215727	973132	761939	65169139	231785844	NA	0
302	1	5354576	1665570303	973697	761939	65381447	232533343	NA	0
303	1	5354703	1670925006	974844	761939	65587867	233280842	NA	0
304	1	5354582	1676279588	975584	761939	65794250	234028325	NA	0
305	1	5354574	1681634162	975655	761939	66000621	234775812	NA	0
306	1	5354696	1686988858	975729	761939	66207043	235523318	NA	0
307	1	5354881	1692343739	975816	761939	66413503	236270843	NA	0
308	1	5354636	1697698375	975891	761939	66619928	237018343	NA	0
309	1	5354574	1703052949	975955	761939	66826309	237765830	NA	0
310	1	5354760	1708407709	976033	761939	67032745	238513345	NA	0
311	1	5354636	1713762345	976099	761939	67239170	239260850	NA	0
312	1	5354987	1719117332	976171	761939	67445634	240008372	NA	0
313	1	5355065	1724472397	976251	761939	67652163	240755919	NA	0
314	1	5361863	1729834260	976818	761939	67865092	241503772	NA	0
315	1	5495824	1735330084	978984	761939	68097210	242266422	NA	0
316	1	5495846	1740825930	980410	761939	68306914	243029069	NA	0
317	1	5495848	1746321778	981311	761939	68516623	243791719	NA	0
318	1	5495816	1751817594	981383	761939	68726308	244554366	NA	0
319	1	5496095	1757313689	981451	761939	68936073	245317034	NA	0
320	1	5495824	1762809513	981521	761939	69145762	246079681	NA	0
321	1	5495818	1768305331	981587	761939	69355445	246842319	NA	0
322	1	5495820	1773801151	981652	761939	69565133	247604957	NA	0
323	1	5495820	1779296971	981713	761939	69774819	248367599	NA	0
324	1	5495822	1784792793	981775	761939	69984510	249130246	NA	0
325	1	5495822	1790288615	981835	761939	70194199	249892896	NA	0
326	1	5495824	1795784439	981898	761939	70403891	250655543	NA	0
327	1	5495822	1801280261	981960	761939	70613580	251418190	NA	0
328	1	5495824	1806776085	982021	761939	70823275	252180837	NA	0
329	1	5495822	1812271907	982079	761939	71032962	252943484	NA	0
330	1	5333446	1817605353	982419	761939	71241047	253688247	NA	0
331	1	5345483	1822950836	982766	761939	71450569	254434150	NA	0
332	1	5345461	1828296297	983444	761939	71656776	255180052	NA	0
333	1	5345505	1833641802	983871	761939	71863011	255925965	NA	0
334	1	5345562	1838987364	983937	761939	72069258	256671877	NA	0
335	1	5345592	1844332956	984009	761939	72275521	257417799	NA	0
336	1	5345652	1849678608	1012424	761939	72481797	258163730	NA	0
337	1	5345586	1855024194	1012501	761939	72688052	258909652	NA	0
338	1	5330117	1860354311	1012722	761939	72894650	259653632	NA	0
339	1	5330084	1865684395	1013073	761939	73100709	260397648	NA	0
340	1	5330163	1871014558	1013270	761939	73306815	261141641	NA	0
341	1	5371889	1876386447	1013960	761939	73521817	261891037	NA	0
342	1	5371877	1881758324	1015437	761939	73728638	262640433	NA	0
343	1	5372356	1887130680	1016303	761939	73935562	263389860	NA	0
344	1	5372250	1892502930	1016387	761939	74142483	264139302	NA	0
345	1	5372129	1897875059	1016467	761939	74349397	264888732	NA	0
346	1	5372012	1903247071	1016535	761939	74556273	265638160	NA	0
347	1	5372012	1908619083	1016603	761939	74763150	266387588	NA	0
348	1	5372206	1913991289	1016672	761939	74970067	267137014	NA	0
349	1	5371867	1919363156	1016751	761939	75176887	267886417	NA	0
350	1	5372161	1924735317	1016823	761939	75383782	268635842	NA	0
351	1	5371879	1930107196	1016889	761939	75590609	269385245	NA	0
352	1	5371887	1935479083	1016957	761939	75797440	270134647	NA	0
353	1	5372502	1940851585	1017835	761939	76013521	270884236	NA	0
354	1	5372478	1946224063	1018819	761939	76220950	271633825	NA	0
355	1	5372462	1951596525	1019415	761939	76428366	272383413	NA	0
356	1	5372521	1956969046	1019500	761939	76635801	273133000	NA	0
357	1	5372631	1962341677	1019578	761939	76843223	273882588	NA	0
358	1	5372406	1967714083	1019652	761939	77050610	274632166	NA	0
359	1	5372422	1973086505	1019717	761939	77258010	275381747	NA	0
360	1	5372470	1978458975	1019789	761939	77465429	276131325	NA	0
361	1	5373099	1983832074	1019865	761939	77673036	276880951	NA	0
362	1	5372422	1989204496	1019940	761939	77880436	277630533	NA	0
363	1	5372472	1994576968	1020022	761939	78087856	278380115	NA	0
364	1	5372500	1999949468	1020093	761939	78295293	279129704	NA	0
365	1	5346757	2005296225	1020387	761939	78503653	279875000	NA	0
366	1	5346759	2010642984	1020849	761939	78709601	280620299	NA	0
367	1	5346795	2015989779	1021138	761939	78915569	281365610	NA	0
368	1	5346797	2021336576	1021202	761939	79121542	282110919	NA	0
369	1	5346737	2026683313	1021265	761939	79327473	282856213	NA	0
370	1	5346807	2032030120	1021334	761939	79533437	283601512	NA	0
371	1	5372581	2037402701	1021807	761939	79744021	284348730	NA	0
372	1	5372581	2042775282	1022562	761939	79950262	285095934	NA	0
373	1	5372583	2048147865	1023028	761939	80156500	285843154	NA	0
374	1	5372583	2053520448	1023091	761939	80362738	286590363	NA	0
375	1	5340808	2058861256	1023478	761939	80571193	287335621	NA	0
376	1	5340808	2064202064	1024082	761939	80777268	288080883	NA	0
377	1	5340786	2069542850	1024502	761939	80983325	288826134	NA	0
378	1	5340796	2074883646	1024573	761939	81189393	289571394	NA	0
379	1	5340796	2080224442	1024633	761939	81395462	290316654	NA	0
380	1	5340794	2085565236	1024698	761939	81601529	291061918	NA	0
381	1	5340860	2090906096	1024765	761939	81807627	291807186	NA	0
382	1	5340790	2096246886	1024832	761939	82013685	292552438	NA	0
383	1	5340806	2101587692	1024896	761939	82219753	293297697	NA	0
384	1	5383337	2106971029	1025356	761939	82431677	294048057	NA	0
385	1	5383313	2112354342	1026405	761939	82639114	294798416	NA	0
386	1	5383313	2117737655	1027032	761939	82846554	295548778	NA	0
387	1	5383313	2123120968	1027092	761939	83053992	296299137	NA	0
388	1	5383331	2128504299	1027164	761939	83261448	297049489	NA	0
389	1	5383315	2133887614	1027231	1294479	83468891	297799853	NA	1
390	1	5383315	2139270929	1027292	1294479	83676335	298550215	NA	0
391	1	5383315	2144654244	1027352	1294479	83883777	299300573	NA	0
392	1	5383329	2150037573	1027421	1294479	84091232	300050929	NA	0
393	1	5383343	2155420916	1027498	1294479	84298695	300801294	NA	0
394	1	5383343	2160804259	1027558	1294479	84506157	301551660	NA	0
395	1	5383343	2166187602	1027618	1294479	84713620	302302024	NA	0
396	1	5383309	2171570911	1027688	1294479	84921062	303052381	NA	0
397	1	5383345	2176954256	1027751	1294479	85128524	303802744	NA	0
398	1	5383345	2182337601	1027812	1294479	85335989	304553110	NA	0
399	1	5383345	2187720946	1027872	1294479	85543454	305303473	NA	0
400	1	5383309	2193104255	1027933	1294479	85750890	306053825	NA	0
401	1	5383335	2198487590	1028002	1294479	85958339	306804190	NA	0
402	1	5383337	2203870927	1028069	1294479	86165793	307554551	NA	0
403	1	5383347	2209254274	1028136	1294479	86373251	308304911	NA	0
404	1	5383355	2214637629	1028211	1294479	86580715	309055282	NA	0
405	1	5383337	2220020966	1028277	1294479	86788167	309805629	NA	0
406	1	5383339	2225404305	1028343	1294479	86995622	310555978	NA	0
407	1	5383309	2230787614	1028404	1294479	87203060	311306329	NA	0
408	1	5383626	2236171240	1028494	1294479	87410578	312056728	NA	0
409	1	5383751	2241554991	1028566	1294479	87618118	312807107	NA	0
410	1	5383335	2246938326	1028631	1294479	87825572	313557463	NA	0
411	1	5383309	2252321635	1028697	1294479	88033003	314307814	NA	0
412	1	5339190	2257660825	1029048	1294479	88240853	315052800	NA	0
413	1	5339192	2263000017	1029437	1294479	88446825	315797787	NA	0
414	1	5339234	2268339251	1029712	1294479	88652812	316542782	NA	0
415	1	5339236	2273678487	1029781	1294479	88858801	317287781	NA	0
416	1	5339115	2279017602	1029847	1294479	89064769	318032766	NA	0
417	1	5339117	2284356719	1029909	1294479	89270739	318777744	NA	0
418	1	5339143	2289695862	1029974	1294479	89476720	319522729	NA	0
419	1	5339145	2295035007	1030042	1294479	89682701	320267719	NA	0
420	1	5339055	2300374062	1030108	1294479	89888622	321012696	NA	0
421	1	5345067	2305719129	1030493	1294479	90096697	321757791	NA	0
422	1	5345067	2311064196	1030886	1294479	90302629	322502880	NA	0
423	1	5345069	2316409265	1031204	1294479	90508558	323247968	NA	0
424	1	5345069	2321754334	1031264	1294479	90714488	323993066	NA	0
425	1	5345119	2327099453	1031334	1294479	90920446	324738168	NA	0
426	1	5345089	2332444542	1031402	1294479	91126386	325483261	NA	0
427	1	5345105	2337789647	1031470	1294479	91332338	326228353	NA	0
428	1	5498945	2343288592	1042794	1294479	91575796	326998201	NA	0
429	1	5498959	2348787551	1043045	1294479	91788664	327768050	NA	0
430	1	5338626	2354126177	1043341	1294479	91996840	328513080	NA	0
431	1	5338634	2359464811	1043443	1294479	92202827	329258113	NA	0
432	1	5338738	2364803549	1043515	1294479	92408833	330003150	NA	0
433	1	5338746	2370142295	1043579	1294479	92614840	330748183	NA	0
434	1	5340886	2375483181	1043643	1294479	92820979	331493317	NA	0
435	1	5338658	2380821839	1043711	1294479	93026969	332238347	NA	0
436	1	5338666	2386160505	1043775	1294479	93232965	332983381	NA	0
437	1	5338770	2391499275	1043838	1294479	93438972	333728417	NA	0
438	1	5338778	2396838053	1043901	1294479	93644977	334473451	NA	0
439	1	5340918	2402178971	1043968	1294479	93851119	335218584	NA	0
440	1	5338690	2407517661	1044030	1294479	94057109	335963614	NA	0
441	1	5338698	2412856359	1044094	1294479	94263102	336708646	NA	0
442	1	5338802	2418195161	1044154	1294479	94469111	337453684	NA	0
443	1	5338810	2423533971	1044216	1294479	94675124	338198720	NA	0
444	1	5341334	2428875305	1044282	1294479	94881291	338943861	NA	0
445	1	5341366	2434216671	1044347	1294479	95087461	339688997	NA	0
446	1	5338086	2439554757	1044410	1294479	95293257	340433944	NA	0
447	1	5341014	2444895771	1044479	1294479	95499426	341179078	NA	0
448	1	5341046	2450236817	1064481	1294479	95705603	341924217	NA	0
449	1	5341462	2455578279	1064546	1294479	95911808	342669362	NA	0
450	1	5341494	2460919773	1064614	1294479	96118015	343414499	NA	0
451	1	5341142	2466260915	1064677	1294479	96324193	344159637	NA	0
452	1	5341174	2471602089	1064742	1294479	96530376	344904775	NA	0
453	1	5341590	2476943679	1064806	1294479	96736585	345649922	NA	0
454	1	5341622	2482285301	1064868	1294479	96942790	346395062	NA	0
455	1	5337478	2487622779	1065154	1294479	97149806	347140053	NA	0
456	1	5337478	2492960257	1065397	1294479	97355755	347885047	NA	0
457	1	5337456	2498297713	1065576	1294479	97561694	348630039	NA	0
458	1	5337466	2503635179	1065644	1294479	97767631	349375039	NA	0
459	1	5337466	2508972645	1065703	1294479	97973570	350120034	NA	0
460	1	5337530	2514310175	1065766	1294479	98179543	350865038	NA	0
461	1	5357761	2519667936	1066130	1294479	98389592	351611349	NA	0
462	1	5357787	2525025723	1066907	1294479	98595698	352357664	NA	0
463	1	5357759	2530383482	1067398	1294479	98801787	353103975	NA	0
464	1	5357759	2535741241	1067457	1294479	99007877	353850285	NA	0
465	1	5357759	2541099000	1067515	1294479	99213967	354596591	NA	0
466	1	5357769	2546456769	1067582	1294479	99420056	355342893	NA	0
467	1	5357755	2551814524	1067647	1294479	99626133	356089195	NA	0
468	1	5357904	2557172428	1067718	1294479	99832278	356835521	NA	0
469	1	5357906	2562530334	1067786	1294479	100038417	357581845	NA	0
470	1	5357948	2567888282	1067855	1294479	100244576	358328184	NA	0
471	1	5357952	2573246234	1067924	1294479	100450734	359074524	NA	0
472	1	5357829	2578604063	1067992	1294479	100656871	359820846	NA	0
473	1	5357831	2583961894	1068056	1294479	100863011	360567164	NA	0
474	1	5357857	2589319751	1068120	1294479	101069166	361313490	NA	0
475	1	5357859	2594677610	1068184	1294479	101275322	362059814	NA	0
476	1	5357759	2600035369	1068254	1294479	101481413	362806125	NA	0
477	1	5339230	2605374599	1068574	1294479	101689571	363551299	NA	0
478	1	5339224	2610713823	1068931	1294479	101895559	364296474	NA	0
479	1	5339236	2616053059	1069194	1294479	102101540	365041649	NA	0
480	1	5339571	2621392630	1069275	1294479	102307628	365786863	NA	0
481	1	5339341	2626731971	1069347	1294479	102513646	366532051	NA	0
482	1	5339254	2632071225	1069416	1294479	102719647	367277226	NA	0
483	1	5339256	2637410481	1069478	1294479	102925650	368022402	NA	0
484	1	5339256	2642749737	1069538	1294479	103131657	368767581	NA	0
485	1	5339351	2648089088	1069610	1294479	103337693	369512766	NA	0
486	1	5339355	2653428443	1069683	1294479	103543728	370257951	NA	0
487	1	5339355	2658767798	1069746	1294479	103749761	371003133	NA	0
488	1	5339230	2664107028	1069813	1294479	103955742	371748304	NA	0
489	1	5501269	2669608297	1070426	1343757	104172714	372516668	NA	1
490	1	5501269	2675109566	1071089	1343757	104383984	373285025	NA	0
491	1	5500743	2680610309	1071533	1343757	104595122	374053351	NA	0
492	1	5500460	2686110769	1071622	1343757	104806245	374821633	NA	0
493	1	5500772	2691611541	1071713	1343757	105017397	375589945	NA	0
494	1	5500539	2697112080	1071810	1343757	105228483	376358238	NA	0
495	1	5500412	2702612492	1071894	1343757	105439559	377126506	NA	0
496	1	5500412	2708112904	1071967	1343757	105650637	377894779	NA	0
497	1	5500301	2713613205	1072037	1343757	105861717	378663041	NA	0
498	1	5344657	2718957862	1072383	1343757	106069703	379408464	NA	0
499	1	5344657	2724302519	1072788	1343757	106275634	380153886	NA	0
500	1	5344663	2729647182	1073076	1343757	106481558	380899301	NA	0
501	1	5344562	2734991744	1073152	1343757	106687484	381644713	NA	0
502	1	5344536	2740336280	1073227	1343757	106893502	382390116	NA	0
503	1	5344536	2745680816	1073296	1343757	107099521	383135520	NA	0
504	1	5345273	2751026089	1073374	1343757	107305689	383880984	NA	0
505	1	5344409	2756370498	1073449	1343757	107511702	384626374	NA	0
506	1	5510868	2761881366	1074437	1343757	107728984	385396144	NA	0
507	1	5511271	2767392637	1074871	1343757	107940746	386165933	NA	0
508	1	5510604	2772903241	1075208	1343757	108152367	386935679	NA	0
509	1	5509785	2778413026	1075306	1343757	108363778	387705353	NA	0
510	1	5509789	2783922815	1075378	1343757	108575183	388475020	NA	0
511	1	5509862	2789432677	1075474	1343757	108786612	389244700	NA	0
512	1	5509733	2794942410	1075544	1343757	108998014	390014358	NA	0
513	1	5509733	2800452143	1075618	1343757	109209418	390784018	NA	0
514	1	5509626	2805961769	1075690	1343757	109420788	391553667	NA	0
515	1	5336926	2811298695	1076195	1343757	109630976	392299226	NA	0
516	1	5337611	2816636306	1076936	1343757	109838227	393044859	NA	0
517	1	5336585	2821972891	1077383	1343757	110045211	393790375	NA	0
518	1	5336456	2827309347	1077454	1343757	110252156	394535883	NA	0
519	1	5337392	2832646739	1077523	1343757	110459310	395281498	NA	0
520	1	5337044	2837983783	1077592	1343757	110666403	396027057	NA	0
521	1	5336540	2843320323	1077682	1343757	110873396	396772588	NA	0
522	1	5336532	2848656855	1077756	1343757	111080393	397518126	NA	0
523	1	5336588	2853993443	1077819	1343757	111287408	398263669	NA	0
524	1	5336628	2859330071	1077882	1343757	111494426	399009218	NA	0
525	1	5336724	2864666795	1077945	1343757	111701448	399754770	NA	0
526	1	5337227	2870004022	1078080	1343757	111908664	400500379	NA	0
527	1	5337154	2875341176	1078165	1343757	112115759	401245947	NA	0
528	1	5337009	2880678185	1078238	1343757	112322841	401991506	NA	0
529	1	5336902	2886015087	1078309	1343757	112529900	402737056	NA	0
530	1	5341050	2891356137	1078664	1343757	112739179	403482622	NA	0
531	1	5341080	2896697217	1079438	1343757	112945266	404228185	NA	0
532	1	5341082	2902038299	1079922	1343757	113151353	404973750	NA	0
533	1	5341295	2907379594	1079991	1343757	113357481	405719336	NA	0
534	1	5341110	2912720704	1080062	1343757	113563559	406464899	NA	0
535	1	5341100	2918061804	1080127	1343757	113769637	407210468	NA	0
536	1	5341100	2923402904	1080189	1343757	113975714	407956037	NA	0
537	1	5341090	2928743994	1080255	1343757	114181804	408701609	NA	0
538	1	5341090	2934085084	1080316	1343757	114387888	409447178	NA	0
539	1	5341090	2939426174	1080377	1343757	114593972	410192748	NA	0
540	1	5341070	2944767244	1080443	1343757	114800048	410938320	NA	0
541	1	5341062	2950108306	1080509	1343757	115006121	411683885	NA	0
542	1	5341062	2955449368	1080570	1343757	115212194	412429450	NA	0
543	1	5369535	2960818903	1081360	1343757	115427354	413179276	NA	0
544	1	5369526	2966188429	1082213	1343757	115634340	413929107	NA	0
545	1	5369011	2971557440	1082836	1343757	115841239	414678885	NA	0
546	1	5370740	2976928180	1082920	1343757	116048500	415428801	NA	0
547	1	5369035	2982297215	1083012	1343757	116255398	416178589	NA	0
548	1	5369108	2987666323	1083078	1343757	116462305	416928376	NA	0
549	1	5369108	2993035431	1083160	1343757	116669218	417678162	NA	0
550	1	5369307	2998404738	1083236	1343757	116876138	418427961	NA	0
551	1	5369339	3003774077	1083312	1343757	117083083	419177762	NA	0
552	1	5369037	3009143114	1083380	1343757	117289982	419927545	NA	0
553	1	5369037	3014512151	1083444	1343757	117496879	420677324	NA	0
554	1	5368991	3019881142	1083525	1343757	117703763	421427099	NA	0
555	1	5369007	3025250149	1083608	1343757	117910661	422176879	NA	0
556	1	5363844	3030613993	1084068	1343757	118123195	422924789	NA	0
557	1	5363683	3035977676	1085326	1343757	118329783	423672702	NA	0
558	1	5363480	3041341156	1086122	1343757	118536353	424420597	NA	0
559	1	5363226	3046704382	1086194	1343757	118742893	425168466	NA	0
560	1	5363632	3052068014	1111103	1343757	118949559	425916397	NA	0
561	1	5363604	3057431618	1111185	1343757	119156180	426664314	NA	0
562	1	5363200	3062794818	1111259	1343757	119362710	427412178	NA	0
563	1	5363220	3068158038	1111333	1343757	119569238	428160039	NA	0
564	1	5363411	3073521449	1111405	1343757	119775829	428907924	NA	0
565	1	5364401	3078885850	1111473	1343757	119982558	429655882	NA	0
566	1	5361071	3084246921	1111968	1343757	120194022	430403020	NA	0
567	1	5361071	3089607992	1112721	1343757	120400343	431150162	NA	0
568	1	5360916	3094968908	1113229	1343757	120606596	431897281	NA	0
569	1	5360916	3100329824	1113292	1343757	120812849	432644399	NA	0
570	1	5360936	3105690760	1113354	1343757	121019114	433391521	NA	0
571	1	5361260	3111052020	1113427	1343757	121225446	434138657	NA	0
572	1	5361452	3116413472	1113499	1343757	121431836	434885821	NA	0
573	1	5329314	3121742786	1113672	1343757	121638258	435629739	NA	0
574	1	5333334	3127076120	1113921	1343757	121845256	436374056	NA	0
575	1	5333245	3132409365	1114219	1343757	122051113	437118362	NA	0
576	1	5333225	3137742590	1114411	1343757	122256953	437862666	NA	0
577	1	5333233	3143075823	1114475	1343757	122462802	438606973	NA	0
578	1	5333297	3148409120	1114536	1343757	122668685	439351285	NA	0
579	1	5333031	3153742151	1114714	1343757	122875534	440095410	NA	0
580	1	5343267	3159085418	1115076	1343757	123084603	440840866	NA	0
581	1	5344129	3164429547	1115783	1343757	123290927	441586389	NA	0
582	1	5343603	3169773150	1116200	1343757	123497106	442331864	NA	0
583	1	5332983	3175106133	1116382	1343757	123703936	443076078	NA	0
584	1	7095048	3182201181	1116774	1343757	123975140	444070477	NA	0
585	1	5388768	3187589949	1117429	1343757	124190924	444821395	NA	0
586	1	5389352	3192979301	1119649	1343757	124398115	445572350	NA	0
587	1	5389191	3198368492	1120938	1343757	124605270	446323299	NA	0
588	1	5388724	3203757216	1121005	1530045	124812323	447074207	NA	1
589	1	5388690	3209145906	1121085	1530045	125019366	447825130	NA	0
590	1	5388573	3214534479	1121162	1530045	125226377	448576025	NA	0
591	1	5388987	3219923466	1121237	1530045	125433508	449326970	NA	0
592	1	5388744	3225312210	1121312	1530045	125640586	450077894	NA	0
593	1	5388778	3230700988	1121388	1530045	125847686	450828829	NA	0
594	1	5388776	3236089764	1121470	1530045	126054786	451579763	NA	0
595	1	5388740	3241478504	1121542	1530045	126261834	452330669	NA	0
596	1	5388808	3246867312	1121610	1530045	126468895	453081589	NA	0
597	1	5388736	3252256048	1121677	1530045	126675946	453832501	NA	0
598	1	5335268	3257591316	1122007	1530045	126883692	454577109	NA	0
599	1	5335268	3262926584	1122317	1530045	127089606	455321713	NA	0
600	1	5335276	3268261860	1122519	1530045	127295510	456066322	NA	0
601	1	5335276	3273597136	1122583	1530045	127501417	456810931	NA	0
602	1	5333098	3278930234	1122787	1530045	127708659	457555303	NA	0
603	1	5362489	3284292723	1127929	1530045	127921540	458302624	NA	0
604	1	5363648	3289656371	1129445	1530045	128128127	459050116	NA	0
605	1	5365594	3295021965	1130377	1530045	128335021	459797743	NA	0
606	1	5363741	3300385706	1130462	1530045	128541615	460545249	NA	0
607	1	5363652	3305749358	1130531	1530045	128748213	461292743	NA	0
608	1	5363630	3311112988	1130595	1530045	128954797	462040236	NA	0
609	1	5363680	3316476668	1130657	1530045	129161412	462787740	NA	0
610	1	5363775	3321840443	1130725	1530045	129368035	463535250	NA	0
611	1	5363903	3327204346	1130797	1530045	129574683	464282772	NA	0
612	1	5363648	3332567994	1130869	1530045	129781276	465030272	NA	0
613	1	5363650	3337931644	1130944	1530045	129987873	465777774	NA	0
614	1	5363636	3343295280	1131016	1530045	130194457	466525269	NA	0
615	1	5330731	3348626011	1131186	1530045	130400887	467269212	NA	0
616	1	5331867	3353957878	1132694	1530045	130608553	468013242	NA	0
617	1	5335628	3359293506	1133122	1530045	130817674	468758558	NA	0
618	1	5335628	3364629134	1133720	1530045	131024041	469503871	NA	0
619	1	5335640	3369964774	1134133	1530045	131230416	470249193	NA	0
620	1	5335856	3375300630	1134197	1530045	131436876	470994512	NA	0
621	1	5467251	3380767881	1134507	1530045	131648884	471759587	NA	0
622	1	5467251	3386235132	1134885	1530045	131859394	472524659	NA	0
623	1	5467249	3391702381	1135109	1530045	132069901	473289735	NA	0
624	1	5467251	3397169632	1135171	1530045	132280410	474054813	NA	0
625	1	5468021	3402637653	1135240	1530045	132491081	474819958	NA	0
626	1	5467563	3408105216	1135309	1530045	132701670	475585065	NA	0
627	1	5467243	3413572459	1135377	1530045	132912173	476350135	NA	0
628	1	5467247	3419039706	1135443	1530045	133122688	477115207	NA	0
629	1	5467249	3424506955	1135506	1530045	133333195	477880281	NA	0
630	1	5467343	3429974298	1135569	1530045	133543761	478645367	NA	0
631	1	5467257	3435441555	1135642	1530045	133754275	479410444	NA	0
632	1	5467257	3440908812	1135702	1530045	133964791	480175526	NA	0
633	1	5467259	3446376071	1135764	1530045	134175305	480940600	NA	0
634	1	5467247	3451843318	1135826	1530045	134385816	481705676	NA	0
635	1	5467249	3457310567	1135890	1530045	134596327	482470754	NA	0
636	1	5377240	3462687807	1138484	1530045	134809645	483219340	NA	0
637	1	5375928	3468063735	1140548	1530045	135017688	483967652	NA	0
638	1	5350394	3473414129	1141049	1530045	135229175	484714688	NA	0
639	1	5350386	3478764515	1142246	1530045	135435568	485461717	NA	0
640	1	5350654	3484115169	1143022	1530045	135642020	486208774	NA	0
641	1	5350412	3489465581	1143092	1530045	135848435	486955810	NA	0
642	1	5350390	3494815971	1143167	1530045	136054841	487702842	NA	0
643	1	5350390	3500166361	1143227	1530045	136261243	488449877	NA	0
644	1	5350400	3505516761	1143291	1530045	136467651	489196918	NA	0
645	1	5350470	3510867231	1143355	1530045	136674092	489943970	NA	0
646	1	5350400	3516217631	1143415	1530045	136880497	490691013	NA	0
647	1	5350531	3521568162	1143484	1530045	137086949	491438069	NA	0
648	1	5350394	3526918556	1143553	1530045	137293353	492185108	NA	0
649	1	5350400	3532268956	1143614	1530045	137499761	492932146	NA	0
650	2	5348202	3537617158	1143664	1530045	137705843	493678597	NA	0
651	2	5348204	3542965362	1143715	1530045	137911925	494425045	NA	0
652	2	5348198	3548313560	1143766	1530045	138118004	495171492	NA	0
653	2	5348178	3553661738	1143818	1530045	138324088	495917937	NA	0
654	2	5348216	3559009954	1143870	1530045	138530174	496664389	NA	0
655	2	5348218	3564358172	1143922	1530045	138736265	497410845	NA	0
656	2	5348244	3569706416	1143974	1530045	138942350	498157300	NA	0
657	2	5348246	3575054662	1144026	1530045	139148435	498903754	NA	0
658	2	5348518	3580403180	1144078	1530045	139354521	499650224	NA	0
659	2	5348202	3585751382	1144130	1530045	139560603	500396668	NA	0
660	2	5348180	3591099562	1144182	1530045	139766687	501143109	NA	0
661	2	5348180	3596447742	1144234	1530045	139972769	501889554	NA	0
662	2	5348319	3601796061	1144286	1530045	140178852	502636020	NA	0
663	2	5348303	3607144364	1144338	1530045	140384938	503382482	NA	0
664	2	5348303	3612492667	1144390	1530045	140591024	504128943	NA	0
665	2	5348210	3617840877	1144442	1530045	140797108	504875393	NA	0
666	2	5348180	3623189057	1144494	1530045	141003190	505621836	NA	0
667	2	5348198	3628537255	1144546	1530045	141209274	506368283	NA	0
668	2	5440278	3633977533	1144598	1530045	141417750	507127622	NA	0
669	2	5440181	3639417714	1144650	1530045	141626225	507886965	NA	0
670	2	5439869	3644857583	1144702	1530045	141834701	508646268	NA	0
671	2	5439869	3650297452	1144754	1530045	142043174	509405571	NA	0
672	2	5439992	3655737444	1144806	1530045	142251643	510164890	NA	0
673	2	5439905	3661177349	1144858	1530045	142460112	510924201	NA	0
674	2	5439913	3666617262	1144910	1530045	142668580	511683511	NA	0
675	2	5440000	3672057262	1144962	1530045	142877052	512442831	NA	0
676	2	5440000	3677497262	1145014	1530045	143085525	513202153	NA	0
677	2	5439857	3682937119	1145066	1530045	143293994	513961454	NA	0
678	2	5440032	3688377151	1145118	1530045	143502471	514720771	NA	0
679	2	5439853	3693817004	1145170	1530045	143710940	515480068	NA	0
680	2	5439857	3699256861	1145222	1530045	143919412	516239361	NA	0
681	2	5439855	3704696716	1145274	1530045	144127877	516998659	NA	0
682	2	5440685	3710137401	1145326	1530045	144336350	517758027	NA	0
683	2	5439955	3715577356	1145378	1530045	144544821	518517342	NA	0
684	2	5439957	3721017313	1145430	1530045	144753291	519276655	NA	0
685	2	5439983	3726457296	1145482	1530045	144961762	520035966	NA	0
686	2	5439985	3731897281	1145534	1530045	145170231	520795282	NA	0
687	2	5439863	3737337144	1145586	2054084	145378698	521554579	NA	1
688	2	5439863	3742777007	1145638	2054084	145587167	522313875	NA	0
689	2	5439992	3748216999	1145690	2054084	145795642	523073191	NA	0
690	2	5439863	3753656862	1145742	2054084	146004111	523832487	NA	0
691	2	5439863	3759096725	1145794	2054084	146212579	524591783	NA	0
692	2	5439865	3764536590	1145846	2054084	146421050	525351076	NA	0
693	2	5439875	3769976465	1145898	2054084	146629522	526110372	NA	0
694	2	5439863	3775416328	1145950	2054084	146837989	526869672	NA	0
695	2	5439865	3780856193	1146002	2054084	147046459	527628975	NA	0
696	2	5439875	3786296068	1146054	2054084	147254932	528388275	NA	0
697	2	5439883	3791735951	1146106	2054084	147463402	529147575	NA	0
698	2	5440040	3797175991	1146158	2054084	147671875	529906888	NA	0
699	2	5440040	3802616031	1146210	2054084	147880348	530666211	NA	0
700	2	5439992	3808056023	1146262	2054084	148088825	531425527	NA	0
701	2	5440320	3813496343	1146314	2054084	148297299	532184863	NA	0
702	2	5440000	3818936343	1146366	2054084	148505771	532944180	NA	0
703	2	5439998	3824376341	1146418	2054084	148714241	533703503	NA	0
704	2	5439883	3829816224	1146470	2054084	148922717	534462818	NA	0
705	2	5440389	3835256613	1146522	2054084	149131201	535222198	NA	0
706	2	5440585	3840697198	1146574	2054084	149339688	535981569	NA	0
707	2	5440266	3846137464	1146626	2054084	149548166	536740919	NA	0
708	2	5364044	3851501508	1146678	2054084	149754385	537488347	NA	0
709	2	5363956	3856865464	1146730	2054084	149960603	538235763	NA	0
710	2	5363849	3862229313	1146782	2054084	150166815	538983168	NA	0
711	2	5364246	3867593559	1146834	2054084	150373028	539730617	NA	0
712	2	5364720	3872958279	1146886	2054084	150579261	540478104	NA	0
713	2	5364682	3878322961	1146938	2054084	150785488	541225579	NA	0
714	2	5363591	3883686552	1146990	2054084	150991700	541972963	NA	0
715	2	5363591	3889050143	1147042	2054084	151197911	542720347	NA	0
716	2	5364488	3894414631	1147094	2054084	151404130	543467815	NA	0
717	2	5334777	3899749408	1147146	2054084	151609931	544212601	NA	0
718	2	5334755	3905084163	1147198	2054084	151815731	544957384	NA	0
719	2	5334755	3910418918	1147250	2054084	152021531	545702170	NA	0
720	2	5334755	3915753673	1147302	2054084	152227334	546446957	NA	0
721	2	5334759	3921088432	1147354	2054084	152433135	547191746	NA	0
722	2	5334761	3926423193	1147406	2054084	152638938	547936537	NA	0
723	2	5335187	3931758380	1147458	2054084	152844743	548681367	NA	0
724	2	5335217	3937093597	1147510	2054084	153050547	549426202	NA	0
725	2	5337737	3942431334	1147562	2054084	153256450	550171202	NA	0
726	2	5337465	3947768799	1147614	2054084	153462352	550916185	NA	0
727	2	5337443	3953106242	1147666	2054084	153668255	551661163	NA	0
728	2	5337657	3958443899	1147718	2054084	153874157	552406166	NA	0
729	2	5337443	3963781342	1147770	2054084	154080064	553151142	NA	0
730	2	5337568	3969118910	1147822	2054084	154285970	553896142	NA	0
731	2	5337566	3974456476	1147874	2054084	154491874	554641140	NA	0
732	2	5337568	3979794044	1147926	2054084	154697780	555386140	NA	0
733	2	5337473	3985131517	1147978	2054084	154903682	556131133	NA	0
734	2	5337630	3990469147	1148030	2054084	155109586	556876143	NA	0
735	2	5330377	3995799524	1148082	2054084	155315296	557620345	NA	0
736	2	5362943	4001162467	1148134	2054084	155521698	558367998	NA	0
737	2	5362003	4006524470	1148186	2054084	155728098	559115579	NA	0
738	2	5362251	4011886721	1148238	2054084	155934498	559863189	NA	0
739	2	5361995	4017248716	1148290	2054084	156140893	560610790	NA	0
740	2	5362251	4022610967	1148342	2054084	156347291	561358404	NA	0
741	2	5361902	4027972869	1148394	2054084	156553684	562105993	NA	0
742	2	5362305	4033335174	1148446	2054084	156760081	562853620	NA	0
743	2	5361854	4038697028	1148498	2054084	156966474	563601194	NA	0
744	2	5366392	4044063420	1148550	2054084	157172739	564349137	NA	0
745	2	5366392	4049429812	1148602	2054084	157379004	565097086	NA	0
746	2	5366334	4054796146	1148654	2054084	157585268	565845019	NA	0
747	2	5366312	4060162458	1148706	2054084	157791535	566592953	NA	0
748	2	5366410	4065528868	1148758	2054084	157997799	567340905	NA	0
749	2	5366408	4070895276	1148810	2054084	158204063	568088856	NA	0
750	2	5366410	4076261686	1148862	2054084	158410327	568836808	NA	0
751	2	5366629	4081628315	1148914	2054084	158616590	569584778	NA	0
752	2	5366754	4086995069	1148966	2054084	158822854	570332750	NA	0
753	2	5366354	4092361423	1149018	2054084	159029117	571080688	NA	0
754	2	5366324	4097727747	1149070	2054084	159235381	571828621	NA	0
755	2	6750353	4104478100	1149122	2054084	159490636	572776549	NA	0
756	2	6750329	4111228429	1149174	2054084	159745891	573724474	NA	0
757	2	6750476	4117978905	1149226	2054084	160001148	574672430	NA	0
758	2	6750329	4124729234	1149278	2054084	160256404	575620359	NA	0
759	2	6751642	4131480876	1149330	2054084	160511681	576568434	NA	0
760	2	6751701	4138232577	1149382	2054084	160766957	577516494	NA	0
761	2	6750834	4144983411	1149434	2054084	161022216	578464468	NA	0
762	2	6751239	4151734650	1149486	2054084	161277482	579412486	NA	0
763	2	5372661	4157107311	1149538	2054084	161484105	580161036	NA	0
764	2	5373322	4162480633	1149590	2054084	161690738	580909648	NA	0
765	2	5372899	4167853532	1149642	2054084	161897366	581658216	NA	0
766	2	5372776	4173226308	1149694	2054084	162103988	582406777	NA	0
767	2	5372637	4178598945	1149746	2054084	162310611	583155323	NA	0
768	2	5372830	4183971775	1149798	2054084	162517236	583903904	NA	0
769	2	5372665	4189344440	1149850	2054084	162723859	584652454	NA	0
770	2	5372947	4194717387	1149902	2054084	162930486	585401026	NA	0
771	2	5372738	4200090125	1149954	2054084	163137111	586149582	NA	0
772	2	5331293	4205421418	1150006	2054084	163342841	586893846	NA	0
773	2	5331295	4210752713	1150058	2054084	163548570	587638112	NA	0
774	2	5331295	4216084008	1150110	2054084	163754297	588382376	NA	0
775	2	5331295	4221415303	1150162	2054084	163960027	589126640	NA	0
776	2	5335656	4226750959	1150214	2054084	164165799	589871352	NA	0
777	2	5335690	4232086649	1150266	2054084	164371571	590616072	NA	0
778	2	5375199	4237461848	1150318	2054084	164578454	591365113	NA	0
779	2	5375199	4242837047	1150370	2054084	164785337	592114153	NA	0
780	2	5375179	4248212226	1150422	2054084	164992220	592863193	NA	0
781	2	5375159	4253587385	1150474	2054084	165199104	593612233	NA	0
782	2	5375227	4258962612	1150526	2054084	165405988	594361273	NA	0
783	2	5375199	4264337811	1150578	2054084	165612869	595110313	NA	0
784	2	5375340	4269713151	1150630	2086620	165819751	595859357	NA	1
785	2	5375233	4275088384	1150682	2086620	166026633	596608393	NA	0
786	2	5375481	4280463865	1150734	2086620	166233519	597357460	NA	0
787	2	5375219	4285839084	1150786	2086620	166440402	598106499	NA	0
788	2	5375215	4291214299	1150838	2086620	166647287	598855537	NA	0
789	2	5375171	4296589470	1150890	2086620	166854173	599604576	NA	0
790	2	5375171	4301964641	1150942	2086620	167061058	600353614	NA	0
791	2	5375163	4307339804	1150994	2086620	167267943	601102652	NA	0
792	2	5375191	4312714995	1151046	2086620	167474829	601851690	NA	0
793	2	6731365	4319446360	1151098	2086620	167729569	602796804	NA	0
794	2	6731252	4326177612	1151150	2086620	167984311	603741919	NA	0
795	2	6731276	4332908888	1151202	2086620	168239053	604687033	NA	0
796	2	6731276	4339640164	1151254	2086620	168493794	605632143	NA	0
797	2	6731151	4346371315	1151306	2086620	168748531	606577244	NA	0
798	2	6731151	4353102466	1151358	2086620	169003266	607522343	NA	0
799	2	5340733	4358443199	1151410	2086620	169209369	608268044	NA	0
800	2	5340552	4363783751	1151462	2086620	169415473	609013717	NA	0
801	2	5340558	4369124309	1151514	2086620	169621579	609759395	NA	0
802	2	5340638	4374464947	1151566	2086620	169827682	610505077	NA	0
803	2	5340644	4379805591	1151618	2086620	170033785	611250759	NA	0
804	2	5340359	4385145950	1151670	2086620	170239885	611996417	NA	0
805	2	5288972	4390434922	1151722	2086620	170444864	612737822	NA	0
806	2	5336503	4395771425	1151774	2086620	170650726	613482531	NA	0
807	2	5347735	4401119160	1151826	2086620	170856528	614227814	NA	0
808	2	5347691	4406466851	1151878	2086620	171062335	614973090	NA	0
809	2	5347735	4411814586	1151930	2086620	171268136	615718377	NA	0
810	2	5347544	4417162130	1151982	2086620	171473938	616463635	NA	0
811	2	5347546	4422509676	1152034	2086620	171679739	617208896	NA	0
812	2	5335284	4427844960	1152086	2086620	171885611	617953865	NA	0
813	2	5335298	4433180258	1152138	2086620	172091483	618698838	NA	0
814	2	5335300	4438515558	1152190	2086620	172297356	619443813	NA	0
815	2	5335300	4443850858	1152242	2086620	172503229	620188790	NA	0
816	2	5335300	4449186158	1152294	2086620	172709105	620933768	NA	0
817	2	5335300	4454521458	1152346	2086620	172914977	621678744	NA	0
818	2	5335332	4459856790	1152398	2086620	173120850	622423728	NA	0
819	2	5335344	4465192134	1152450	2086620	173326723	623168707	NA	0
820	2	5335330	4470527464	1152502	2086620	173532596	623913687	NA	0
821	2	5335302	4475862766	1152554	2086620	173738468	624658659	NA	0
822	2	5340542	4481203308	1152606	2086620	173944339	625403856	NA	0
823	2	5340325	4486543633	1152658	2086620	174150206	626149020	NA	0
824	2	5339919	4491883552	1152710	2086620	174356074	626894157	NA	0
825	2	5339863	4497223415	1152762	2086620	174561941	627639286	NA	0
826	2	5368735	4502592150	1152814	2086620	174768489	628387359	NA	0
827	2	5368410	4507960560	1152866	2086620	174975036	629135415	NA	0
828	2	5368237	4513328797	1152918	2086620	175181581	629883451	NA	0
829	2	5368281	4518697078	1152970	2086620	175388126	630631495	NA	0
830	2	5368237	4524065315	1153022	2086620	175594669	631379527	NA	0
831	2	5368279	4529433594	1153074	2086620	175801215	632127575	NA	0
832	2	5368501	4534802095	1153126	2086620	176007758	632875655	NA	0
833	2	5368360	4540170455	1153178	2086620	176214303	633623710	NA	0
834	2	5368428	4545538883	1153230	2086620	176420846	634371774	NA	0
835	2	5368632	4550907515	1153282	2086620	176627394	635119859	NA	0
836	2	5334182	4556241697	1153334	2086620	176833185	635864119	NA	0
837	2	5334182	4561575879	1153386	2086620	177038976	636608375	NA	0
838	2	5334562	4566910441	1153438	2086620	177244794	637352973	NA	0
839	2	5336318	4572246759	1153490	2086620	177450721	638097997	NA	0
840	2	5329980	4577576739	1153542	2086620	177656400	638842054	NA	0
841	2	5330313	4582907052	1153594	2086620	177862456	639586434	NA	0
842	2	6724744	4589631796	1153646	2086620	178116998	640530977	NA	0
843	2	7122185	4596753981	1153698	2086620	178385912	641528511	NA	0
844	2	7122167	4603876148	1153750	2086620	178654833	642526042	NA	0
845	2	5423036	4609299184	1153802	2086620	178862202	643280771	NA	0
846	2	5337694	4614636878	1153854	2086620	179068002	644025756	NA	0
847	2	5337674	4619974552	1153906	2086620	179273804	644770739	NA	0
848	2	5337732	4625312284	1153958	2086620	179479605	645515740	NA	0
849	2	5337732	4630650016	1154010	2086620	179685405	646260738	NA	0
850	2	5337718	4635987734	1154062	2086620	179891204	647005727	NA	0
851	2	5337529	4641325263	1154114	2086620	180097001	647750700	NA	0
852	2	5337702	4646662965	1154166	2086620	180302801	648495687	NA	0
853	2	5337557	4652000522	1154218	2086620	180508598	649240662	NA	0
854	2	5337477	4657337999	1154270	2086620	180714392	649985624	NA	0
855	2	5336809	4662674808	1154322	2086620	180920241	650730600	NA	0
856	2	5336785	4668011593	1154374	2086620	181126090	651475571	NA	0
857	2	5336785	4673348378	1154426	2086620	181331939	652220545	NA	0
858	2	5336938	4678685316	1154478	2086620	181537791	652965540	NA	0
859	2	5337150	4684022466	1154530	2086620	181743647	653710550	NA	0
860	2	5336795	4689359261	1154582	2086620	181949499	654455528	NA	0
861	2	5336940	4694696201	1154634	2086620	182155350	655200522	NA	0
862	2	5336787	4700032988	1154686	2086620	182361198	655945495	NA	0
863	2	5330570	4705363558	1154738	2086620	182567257	656689889	NA	0
864	2	5330438	4710693996	1154790	2086620	182772916	657433946	NA	0
865	2	5343248	4716037244	1154842	2086620	182979499	658179607	NA	0
866	2	5343385	4721380629	1154894	2086620	183186086	658925280	NA	0
867	2	5343934	4726724563	1154946	2086620	183392676	659670974	NA	0
868	2	5343145	4732067708	1154998	2086620	183599260	660416616	NA	0
869	2	5343123	4737410831	1155050	2086620	183805848	661162252	NA	0
870	2	5343123	4742753954	1155102	2086620	184012433	661907886	NA	0
871	2	5343252	4748097206	1155154	2086620	184219019	662653541	NA	0
872	2	5343262	4753440468	1155206	2086620	184425600	663399199	NA	0
873	2	5343246	4758783714	1155258	2086620	184632185	664144861	NA	0
874	2	5343246	4764126960	1155310	2086620	184838779	664890525	NA	0
875	2	5343262	4769470222	1155362	2086620	185045363	665636192	NA	0
876	2	5343246	4774813468	1155414	2086620	185251949	666381854	NA	0
877	2	5342494	4780155962	1155466	2086620	185457917	667127295	NA	0
878	2	5356356	4785512318	1155518	2086620	185664069	667874291	NA	0
879	2	5356571	4790868889	1155570	2086620	185870224	668621313	NA	0
880	2	5356362	4796225251	1155622	2086620	186076376	669368322	NA	0
881	2	5356676	4801581927	1155674	2291179	186282533	670115359	NA	1
882	2	5356557	4806938484	1155726	2291179	186488690	670862381	NA	0
883	2	5356583	4812295067	1155778	2291179	186694848	671609412	NA	0
884	2	5356027	4817651094	1155830	2291179	186900990	672356385	NA	0
885	2	5356106	4823007200	1155882	2291179	187107136	673103376	NA	0
886	2	5355949	4828363149	1155934	2291179	187313278	673850332	NA	0
887	2	5343133	4833706282	1155986	2291179	187519283	674596158	NA	0
888	2	5343147	4839049429	1156038	2291179	187725292	675341986	NA	0
889	2	5343278	4844392707	1156090	2291179	187931298	676087816	NA	0
890	2	5343278	4849735985	1156142	2291179	188137302	676833645	NA	0
891	2	5343459	4855079444	1156194	2291179	188343317	677579499	NA	0
892	2	5343524	4860422968	1156246	2291179	188549335	678325364	NA	0
893	2	5343131	4865766099	1156298	2291179	188755344	679071186	NA	0
894	2	5343374	4871109473	1156350	2291179	188961355	679817048	NA	0
895	2	5343517	4876452990	1156402	2291179	189167369	680562918	NA	0
896	2	5343153	4881796143	1156454	2291179	189373377	681308743	NA	0
897	2	5343129	4887139272	1156506	2291179	189579388	682054565	NA	0
898	2	5343135	4892482407	1156558	2291179	189785396	682800388	NA	0
899	2	5343133	4897825540	1156610	2291179	189991404	683546212	NA	0
900	2	5334736	4903160276	1156662	2291179	190197246	684290659	NA	0
901	2	5334714	4908494990	1156714	2291179	190403090	685035108	NA	0
902	2	5334712	4913829702	1156766	2291179	190608936	685779558	NA	0
903	2	5334712	4919164414	1156818	2291179	190814782	686524006	NA	0
904	2	5334881	4924499295	1156870	2291179	191020629	687268471	NA	0
905	2	5334730	4929834025	1156922	2291179	191226474	688012921	NA	0
906	2	5334714	4935168739	1156974	2291179	191432319	688757366	NA	0
907	2	5334730	4940503469	1157026	2291179	191638161	689501817	NA	0
908	2	5347697	4945851166	1157078	2291179	191844158	690247610	NA	0
909	2	5347609	4951198775	1157130	2291179	192050157	690993400	NA	0
910	2	5348003	4956546778	1157182	2291179	192256160	691739224	NA	0
911	2	5347987	4961894765	1157234	2291179	192462164	692485044	NA	0
912	2	5348073	4967242838	1157286	2291179	192668161	693230873	NA	0
913	2	5347569	4972590407	1157338	2291179	192874159	693976664	NA	0
914	2	5370181	4977960588	1157390	2291179	193080613	694724446	NA	0
915	2	5369767	4983330355	1157442	2291179	193287064	695472206	NA	0
916	2	5370161	4988700516	1157494	2291179	193493520	696219968	NA	0
917	2	5370169	4994070685	1157546	2291179	193699976	696967728	NA	0
918	2	5369372	4999440057	1157598	2291179	193906422	697715443	NA	0
919	2	5342129	5004782186	1157650	2291179	194113179	698460665	NA	0
920	2	5363485	5010145671	1157702	2291179	194319330	699207421	NA	0
921	2	7118477	5017264148	1157754	2291179	194587864	700204628	NA	0
922	2	7118598	5024382746	1157806	2291179	194856397	701201853	NA	0
923	2	5330113	5029712859	1157858	2291179	195062070	701945909	NA	0
924	2	5330091	5035042950	1157910	2291179	195267743	702689961	NA	0
925	2	5330101	5040373051	1157962	2291179	195473415	703434021	NA	0
926	2	5330101	5045703152	1158014	2291179	195679092	704178083	NA	0
927	2	5330105	5051033257	1158066	2291179	195884765	704922144	NA	0
928	2	5373714	5056406971	1158118	2291179	196091525	705669721	NA	0
929	2	5373714	5061780685	1158170	2291179	196298282	706417292	NA	0
930	2	5169595	5066950280	1158222	2291179	196497820	707140381	NA	0
931	2	5169595	5072119875	1158274	2291179	196697359	707863472	NA	0
932	2	5169679	5077289554	1158326	2291179	196896892	708586585	NA	0
933	2	5373624	5082663178	1158378	2291179	197103652	709334138	NA	0
934	2	5373624	5088036802	1158430	2291179	197310412	710081696	NA	0
935	2	5373708	5093410510	1158482	2291179	197517170	710829272	NA	0
936	2	5373637	5098784147	1158534	2291179	197724056	711576882	NA	0
937	2	5169685	5103953832	1158586	2291179	197923595	712299999	NA	0
938	2	5169685	5109123517	1158638	2291179	198123130	713023116	NA	0
939	2	5334856	5114458373	1158690	2291179	198328954	713767535	NA	0
940	2	5334858	5119793231	1158742	2291179	198534778	714511958	NA	0
941	2	5334886	5125128117	1158794	2291179	198740602	715256382	NA	0
942	2	6735697	5131863814	1158846	2291179	198995593	716202543	NA	0
943	2	6735649	5138599463	1158899	2291179	199250582	717148702	NA	0
944	2	6735627	5145335090	1158952	2291179	199505575	718094860	NA	0
945	2	6735653	5152070743	1159005	2291179	199760566	719041026	NA	0
946	2	6735643	5158806386	1159058	2291179	200015553	719987183	NA	0
947	2	6735619	5165542005	1159111	2291179	200270541	720933333	NA	0
948	2	6735665	5172277670	1159164	2291179	200525532	721879501	NA	0
949	2	6735623	5179013293	1159217	2291179	200780525	722825657	NA	0
950	2	6735695	5185748988	1159270	2291179	201035517	723771826	NA	0
951	2	6735695	5192484683	1159323	2291179	201290510	724717990	NA	0
952	2	5354576	5197839259	1159376	2291179	201496783	725465489	NA	0
953	2	5354703	5203193962	1159429	2291179	201703060	726212988	NA	0
954	2	5354582	5208548544	1159482	2291179	201909333	726960471	NA	0
955	2	5354574	5213903118	1159535	2291179	202115602	727707958	NA	0
956	2	5354696	5219257814	1159588	2291179	202321872	728455464	NA	0
957	2	5354881	5224612695	1159641	2291179	202528142	729202989	NA	0
958	2	5354636	5229967331	1159694	2291179	202734418	729950489	NA	0
959	2	5354574	5235321905	1159747	2291179	202940694	730697976	NA	0
960	2	5354760	5240676665	1159800	2291179	203146970	731445491	NA	0
961	2	5354636	5246031301	1159853	2291179	203353246	732192996	NA	0
962	2	5354987	5251386288	1159906	2291179	203559530	732940518	NA	0
963	2	5355065	5256741353	1159959	2291179	203765809	733688065	NA	0
964	2	5361863	5262103216	1160012	2291179	203972266	734435918	NA	0
965	2	5495824	5267599040	1160065	2291179	204181855	735198568	NA	0
966	2	5495846	5273094886	1160118	2291179	204391444	735961215	NA	0
967	2	5495848	5278590734	1160171	2291179	204601033	736723865	NA	0
968	2	5495816	5284086550	1160224	2291179	204810622	737486512	NA	0
969	2	5496095	5289582645	1160277	2291179	205020214	738249180	NA	0
970	2	5495824	5295078469	1160330	2291179	205229802	739011827	NA	0
971	2	5495818	5300574287	1160383	2291179	205439390	739774465	NA	0
972	2	5495820	5306070107	1160436	2291179	205648979	740537103	NA	0
973	2	5495820	5311565927	1160489	2291179	205858566	741299745	NA	0
974	2	5495822	5317061749	1160542	2291179	206068159	742062392	NA	0
975	2	5495822	5322557571	1160595	2291179	206277748	742825042	NA	0
976	2	5495824	5328053395	1160648	2291179	206487337	743587689	NA	0
977	2	5495822	5333549217	1160701	2824369	206696926	744350336	NA	1
978	2	5495824	5339045041	1160754	2824369	206906519	745112983	NA	0
979	2	5495822	5344540863	1160807	2824369	207116107	745875630	NA	0
980	2	5333446	5349874309	1160860	2824369	207321985	746620393	NA	0
981	2	5345483	5355219792	1160913	2824369	207528073	747366296	NA	0
982	2	5345461	5360565253	1160966	2824369	207734162	748112198	NA	0
983	2	5345505	5365910758	1161019	2824369	207940248	748858111	NA	0
984	2	5345562	5371256320	1161072	2824369	208146335	749604023	NA	0
985	2	5345592	5376601912	1161125	2824369	208352424	750349945	NA	0
986	2	5345652	5381947564	1161178	2824369	208558510	751095876	NA	0
987	2	5345586	5387293150	1161231	2824369	208764596	751841798	NA	0
988	2	5330117	5392623267	1161284	2824369	208970262	752585778	NA	0
989	2	5330084	5397953351	1161337	2824369	209175930	753329794	NA	0
990	2	5330163	5403283514	1161390	2824369	209381597	754073787	NA	0
991	2	5371889	5408655403	1161443	2824369	209588316	754823183	NA	0
992	2	5371877	5414027280	1161496	2824369	209795033	755572579	NA	0
993	2	5372356	5419399636	1161549	2824369	210001756	756322006	NA	0
994	2	5372250	5424771886	1161602	2824369	210208475	757071448	NA	0
995	2	5372129	5430144015	1161655	2824369	210415193	757820878	NA	0
996	2	5372012	5435516027	1161708	2824369	210621911	758570306	NA	0
997	2	5372012	5440888039	1161761	2824369	210828629	759319734	NA	0
998	2	5372206	5446260245	1161814	2824369	211035355	760069160	NA	0
999	2	5371867	5451632112	1161867	2824369	211242076	760818563	NA	0
1000	2	5372161	5457004273	1161920	2824369	211448800	761567988	NA	0
1001	2	5371879	5462376152	1161973	2824369	211655520	762317391	NA	0
1002	2	5371887	5467748039	1162026	2824369	211862240	763066793	NA	0
1003	2	5372502	5473120541	1162079	2824369	212069494	763816382	NA	0
1004	2	5372478	5478493019	1162132	2824369	212276746	764565971	NA	0
1005	2	5372462	5483865481	1162185	2824369	212483996	765315559	NA	0
1006	2	5372521	5489238002	1162238	2824369	212691249	766065146	NA	0
1007	2	5372631	5494610633	1162291	2824369	212898500	766814734	NA	0
1008	2	5372406	5499983039	1162344	2824369	213105749	767564312	NA	0
1009	2	5372422	5505355461	1162397	2824369	213313001	768313893	NA	0
1010	2	5372470	5510727931	1162450	2824369	213520252	769063471	NA	0
1011	2	5373099	5516101030	1162503	2824369	213727510	769813097	NA	0
1012	2	5372422	5521473452	1162556	2824369	213934762	770562679	NA	0
1013	2	5372472	5526845924	1162609	2824369	214142013	771312261	NA	0
1014	2	5372500	5532218424	1162662	2824369	214349263	772061850	NA	0
1015	2	5346757	5537565181	1162715	2824369	214555078	772807146	NA	0
1016	2	5346759	5542911940	1162768	2824369	214760894	773552445	NA	0
1017	2	5346795	5548258735	1162821	2824369	214966708	774297756	NA	0
1018	2	5346797	5553605532	1162874	2824369	215172524	775043065	NA	0
1019	2	5346737	5558952269	1162927	2824369	215378340	775788359	NA	0
1020	2	5346807	5564299076	1162980	2824369	215584156	776533658	NA	0
1021	2	5372581	5569671657	1163033	2824369	215790273	777280876	NA	0
1022	2	5372581	5575044238	1163086	2824369	215996393	778028080	NA	0
1023	2	5372583	5580416821	1163139	2824369	216202511	778775300	NA	0
1024	2	5372583	5585789404	1163192	2824369	216408629	779522509	NA	0
1025	2	5340808	5591130212	1163245	2824369	216614572	780267767	NA	0
1026	2	5340808	5596471020	1163298	2824369	216820516	781013029	NA	0
1027	2	5340786	5601811806	1163351	2824369	217026460	781758280	NA	0
1028	2	5340796	5607152602	1163404	2824369	217232412	782503540	NA	0
1029	2	5340796	5612493398	1163457	2824369	217438366	783248800	NA	0
1030	2	5340794	5617834192	1163510	2824369	217644317	783994064	NA	0
1031	2	5340860	5623175052	1163563	2824369	217850267	784739332	NA	0
1032	2	5340790	5628515842	1163616	2824369	218056213	785484584	NA	0
1033	2	5340806	5633856648	1163669	2824369	218262157	786229843	NA	0
1034	2	5383337	5639239985	1163722	2824369	218469502	786980203	NA	0
1035	2	5383313	5644623298	1163775	2824369	218676847	787730562	NA	0
1036	2	5383313	5650006611	1163828	2824369	218884194	788480924	NA	0
1037	2	5383313	5655389924	1163881	2824369	219091539	789231283	NA	0
1038	2	5383331	5660773255	1163934	2824369	219298884	789981635	NA	0
1039	2	5383315	5666156570	1163987	2824369	219506232	790731999	NA	0
1040	2	5383315	5671539885	1164040	2824369	219713582	791482361	NA	0
1041	2	5383315	5676923200	1164093	2824369	219920931	792232719	NA	0
1042	2	5383329	5682306529	1164146	2824369	220128274	792983075	NA	0
1043	2	5383343	5687689872	1164199	2824369	220335622	793733440	NA	0
1044	2	5383343	5693073215	1164252	2824369	220542971	794483806	NA	0
1045	2	5383343	5698456558	1164305	2824369	220750319	795234170	NA	0
1046	2	5383309	5703839867	1164358	2824369	220957667	795984527	NA	0
1047	2	5383345	5709223212	1164411	2824369	221165013	796734890	NA	0
1048	2	5383345	5714606557	1164464	2824369	221372362	797485256	NA	0
1049	2	5383345	5719989902	1164517	2824369	221579710	798235619	NA	0
1050	2	5383309	5725373211	1164570	2824369	221787052	798985971	NA	0
1051	2	5383335	5730756546	1164623	2824369	221994390	799736336	NA	0
1052	2	5383337	5736139883	1164676	2824369	222201734	800486697	NA	0
1053	2	5383347	5741523230	1164729	2824369	222409074	801237057	NA	0
1054	2	5383355	5746906585	1164782	2824369	222616413	801987428	NA	0
1055	2	5383337	5752289922	1164835	2824369	222823754	802737775	NA	0
1056	2	5383339	5757673261	1164888	2824369	223031095	803488124	NA	0
1057	2	5383309	5763056570	1164941	2824369	223238440	804238475	NA	0
1058	2	5383626	5768440196	1164994	2824369	223445785	804988874	NA	0
1059	2	5383751	5773823947	1165047	2824369	223653136	805739253	NA	0
1060	2	5383335	5779207282	1165100	2824369	223860479	806489609	NA	0
1061	2	5383309	5784590591	1165153	2824369	224067820	807239960	NA	0
1062	2	5339190	5789929781	1165206	2824369	224273636	807984946	NA	0
1063	2	5339192	5795268973	1165259	2824369	224479452	808729933	NA	0
1064	2	5339234	5800608207	1165312	2824369	224685268	809474928	NA	0
1065	2	5339236	5805947443	1165365	2824369	224891084	810219927	NA	0
1066	2	5339115	5811286558	1165418	2824369	225096903	810964912	NA	0
1067	2	5339117	5816625675	1165471	2824369	225302723	811709890	NA	0
1068	2	5339143	5821964818	1165524	2824369	225508542	812454875	NA	0
1069	2	5339145	5827303963	1165577	2824369	225714360	813199865	NA	0
1070	2	5339055	5832643018	1165630	2824369	225920176	813944842	NA	0
1071	2	5345067	5837988085	1165683	2824369	226126007	814689937	NA	0
1072	2	5345067	5843333152	1165736	2824369	226331839	815435026	NA	0
1073	2	5345069	5848678221	1165789	2824369	226537667	816180114	NA	0
1074	2	5345069	5854023290	1165842	2824369	226743497	816925212	NA	0
1075	2	5345119	5859368409	1165895	2824369	226949327	817670314	NA	0
1076	2	5345089	5864713498	1165948	2824369	227155156	818415407	NA	0
1077	2	5345105	5870058603	1166001	2848297	227360987	819160499	NA	1
1078	2	5498945	5875557548	1166054	2848297	227573745	819930347	NA	0
1079	2	5498959	5881056507	1166107	2848297	227786503	820700196	NA	0
1080	2	5338626	5886395133	1166160	2848297	227992301	821445226	NA	0
1081	2	5338634	5891733767	1166213	2848297	228198101	822190259	NA	0
1082	2	5338738	5897072505	1166266	2848297	228403901	822935296	NA	0
1083	2	5338746	5902411251	1166319	2848297	228609699	823680329	NA	0
1084	2	5340886	5907752137	1166372	2848297	228815497	824425463	NA	0
1085	2	5338658	5913090795	1166425	2848297	229021295	825170493	NA	0
1086	2	5338666	5918429461	1166478	2848297	229227095	825915527	NA	0
1087	2	5338770	5923768231	1166531	2848297	229432895	826660563	NA	0
1088	2	5338778	5929107009	1166584	2848297	229638693	827405597	NA	0
1089	2	5340918	5934447927	1166637	2848297	229844493	828150730	NA	0
1090	2	5338690	5939786617	1166690	2848297	230050291	828895760	NA	0
1091	2	5338698	5945125315	1166743	2848297	230256091	829640792	NA	0
1092	2	5338802	5950464117	1166796	2848297	230461891	830385830	NA	0
1093	2	5338810	5955802927	1166849	2848297	230667689	831130866	NA	0
1094	2	5341334	5961144261	1166902	2848297	230873489	831876007	NA	0
1095	2	5341366	5966485627	1166955	2848297	231079287	832621143	NA	0
1096	2	5338086	5971823713	1167008	2848297	231285083	833366090	NA	0
1097	2	5341014	5977164727	1167061	2848297	231490881	834111224	NA	0
1098	2	5341046	5982505773	1167114	2848297	231696681	834856363	NA	0
1099	2	5341462	5987847235	1167167	2848297	231902481	835601508	NA	0
1100	2	5341494	5993188729	1167220	2848297	232108279	836346645	NA	0
1101	2	5341142	5998529871	1167273	2848297	232314078	837091783	NA	0
1102	2	5341174	6003871045	1167326	2848297	232519879	837836921	NA	0
1103	2	5341590	6009212635	1167379	2848297	232725679	838582068	NA	0
1104	2	5341622	6014554257	1167432	2848297	232931477	839327208	NA	0
1105	2	5337478	6019891735	1167485	2848297	233137314	840072199	NA	0
1106	2	5337478	6025229213	1167538	2848297	233343154	840817193	NA	0
1107	2	5337456	6030566669	1167591	2848297	233548991	841562185	NA	0
1108	2	5337466	6035904135	1167644	2848297	233754829	842307185	NA	0
1109	2	5337466	6041241601	1167697	2848297	233960668	843052180	NA	0
1110	2	5337530	6046579131	1167750	2848297	234166507	843797184	NA	0
1111	2	5357761	6051936892	1167803	2848297	234372491	844543495	NA	0
1112	2	5357787	6057294679	1167856	2848297	234578475	845289810	NA	0
1113	2	5357759	6062652438	1167909	2848297	234784459	846036121	NA	0
1114	2	5357759	6068010197	1167962	2848297	234990446	846782431	NA	0
1115	2	5357759	6073367956	1168015	2848297	235196433	847528737	NA	0
1116	2	5357769	6078725725	1168068	2848297	235402413	848275039	NA	0
1117	2	5357755	6084083480	1168121	2848297	235608393	849021341	NA	0
1118	2	5357904	6089441384	1168174	2848297	235814374	849767667	NA	0
1119	2	5357906	6094799290	1168227	2848297	236020355	850513991	NA	0
1120	2	5357948	6100157238	1168280	2848297	236226336	851260330	NA	0
1121	2	5357952	6105515190	1168333	2848297	236432317	852006670	NA	0
1122	2	5357829	6110873019	1168386	2848297	236638304	852752992	NA	0
1123	2	5357831	6116230850	1168439	2848297	236844291	853499310	NA	0
1124	2	5357857	6121588707	1168492	2848297	237050278	854245636	NA	0
1125	2	5357859	6126946566	1168545	2848297	237256263	854991960	NA	0
1126	2	5357759	6132304325	1168598	2848297	237462251	855738271	NA	0
1127	2	5339230	6137643555	1168651	2848297	237668131	856483445	NA	0
1128	2	5339224	6142982779	1168704	2848297	237874014	857228620	NA	0
1129	2	5339236	6148322015	1168757	2848297	238079888	857973795	NA	0
1130	2	5339571	6153661586	1168810	2848297	238285772	858719009	NA	0
1131	2	5339341	6159000927	1168863	2848297	238491645	859464197	NA	0
1132	2	5339254	6164340181	1168916	2848297	238697523	860209372	NA	0
1133	2	5339256	6169679437	1168969	2848297	238903401	860954548	NA	0
1134	2	5339256	6175018693	1169022	2848297	239109281	861699727	NA	0
1135	2	5339351	6180358044	1169075	2848297	239315169	862444912	NA	0
1136	2	5339355	6185697399	1169128	2848297	239521053	863190097	NA	0
1137	2	5339355	6191036754	1169181	2848297	239726934	863935279	NA	0
1138	2	5339230	6196375984	1169234	2848297	239932810	864680450	NA	0
1139	2	5501269	6201877253	1169287	2848297	240143803	865448814	NA	0
1140	2	5501269	6207378522	1169340	2848297	240354786	866217171	NA	0
1141	2	5500743	6212879265	1169393	2848297	240565772	866985497	NA	0
1142	2	5500460	6218379725	1169446	2848297	240776749	867753779	NA	0
1143	2	5500772	6223880497	1169499	2848297	240987719	868522091	NA	0
1144	2	5500539	6229381036	1169552	2848297	241198700	869290384	NA	0
1145	2	5500412	6234881448	1169605	2848297	241409672	870058652	NA	0
1146	2	5500412	6240381860	1169658	2848297	241620646	870826925	NA	0
1147	2	5500301	6245882161	1169711	2848297	241831612	871595187	NA	0
1148	2	5344657	6251226818	1169764	2848297	242037548	872340610	NA	0
1149	2	5344657	6256571475	1169817	2848297	242243479	873086032	NA	0
1150	2	5344663	6261916138	1169870	2848297	242449403	873831447	NA	0
1151	2	5344562	6267260700	1169923	2848297	242655329	874576859	NA	0
1152	2	5344536	6272605236	1169976	2848297	242861256	875322262	NA	0
1153	2	5344536	6277949772	1170029	2848297	243067184	876067666	NA	0
1154	2	5345273	6283295045	1170082	2848297	243273109	876813130	NA	0
1155	2	5344409	6288639454	1170135	2848297	243479030	877558520	NA	0
1156	2	5510868	6294150322	1170188	2848297	243690313	878328290	NA	0
1157	2	5511271	6299661593	1170241	2848297	243901601	879098079	NA	0
1158	2	5510604	6305172197	1170294	2848297	244112883	879867825	NA	0
1159	2	5509785	6310681982	1170347	2848297	244324143	880637499	NA	0
1160	2	5509789	6316191771	1170400	2848297	244535395	881407166	NA	0
1161	2	5509862	6321701633	1170453	2848297	244746658	882176846	NA	0
1162	2	5509733	6327211366	1170506	2848297	244957918	882946504	NA	0
1163	2	5509733	6332721099	1170559	2848297	245169180	883716164	NA	0
1164	2	5509626	6338230725	1170612	2848297	245380433	884485813	NA	0
1165	2	5336926	6343567651	1170665	2848297	245587201	885231372	NA	0
1166	2	5337611	6348905262	1170718	2848297	245793987	885977005	NA	0
1167	2	5336585	6354241847	1170771	2848297	246000749	886722521	NA	0
1168	2	5336456	6359578303	1170824	2848297	246207508	887468029	NA	0
1169	2	5337392	6364915695	1170877	2848297	246414276	888213644	NA	0
1170	2	5337044	6370252739	1170930	2848297	246621044	888959203	NA	0
1171	2	5336540	6375589279	1170983	2848297	246827801	889704734	NA	0
1172	2	5336532	6380925811	1171036	2848297	247034563	890450272	NA	0
1173	2	5336588	6386262399	1171089	2848297	247241325	891195815	NA	0
1174	2	5336628	6391599027	1171142	2848297	247448087	891941364	NA	0
1175	2	5336724	6396935751	1171195	2848297	247654848	892686916	NA	0
1176	2	5337227	6402272978	1171248	2901419	247861622	893432525	NA	1
1177	2	5337154	6407610132	1171301	2901419	248068389	894178093	NA	0
1178	2	5337009	6412947141	1171354	2901419	248275155	894923652	NA	0
1179	2	5336902	6418284043	1171407	2901419	248481922	895669202	NA	0
1180	2	5341050	6423625093	1171460	2901419	248687886	896414768	NA	0
1181	2	5341080	6428966173	1171513	2901419	248893851	897160331	NA	0
1182	2	5341082	6434307255	1171566	2901419	249099816	897905896	NA	0
1183	2	5341295	6439648550	1171619	2901419	249305781	898651482	NA	0
1184	2	5341110	6444989660	1171672	2901419	249511745	899397045	NA	0
1185	2	5341100	6450330760	1171725	2901419	249717709	900142614	NA	0
1186	2	5341100	6455671860	1171778	2901419	249923673	900888183	NA	0
1187	2	5341090	6461012950	1171831	2901419	250129641	901633755	NA	0
1188	2	5341090	6466354040	1171884	2901419	250335607	902379324	NA	0
1189	2	5341090	6471695130	1171937	2901419	250541573	903124894	NA	0
1190	2	5341070	6477036200	1171990	2901419	250747541	903870466	NA	0
1191	2	5341062	6482377262	1172043	2901419	250953506	904616031	NA	0
1192	2	5341062	6487718324	1172096	2901419	251159471	905361596	NA	0
1193	2	5369535	6493087859	1172149	2901419	251366230	906111422	NA	0
1194	2	5369526	6498457385	1172202	2901419	251572983	906861253	NA	0
1195	2	5369011	6503826396	1172255	2901419	251779735	907611031	NA	0
1196	2	5370740	6509197136	1172308	2901419	251986505	908360947	NA	0
1197	2	5369035	6514566171	1172361	2901419	252193254	909110735	NA	0
1198	2	5369108	6519935279	1172414	2901419	252400010	909860522	NA	0
1199	2	5369108	6525304387	1172467	2901419	252606769	910610308	NA	0
1200	2	5369307	6530673694	1172520	2901419	252813524	911360107	NA	0
1201	2	5369339	6536043033	1172573	2901419	253020284	912109908	NA	0
1202	2	5369037	6541412070	1172626	2901419	253227038	912859691	NA	0
1203	2	5369037	6546781107	1172679	2901419	253433789	913609470	NA	0
1204	2	5368991	6552150098	1172732	2901419	253640540	914359245	NA	0
1205	2	5369007	6557519105	1172785	2901419	253847292	915109025	NA	0
1206	2	5363844	6562882949	1172838	2901419	254053730	915856935	NA	0
1207	2	5363683	6568246632	1172891	2901419	254260164	916604848	NA	0
1208	2	5363480	6573610112	1172944	2901419	254466602	917352743	NA	0
1209	2	5363226	6578973338	1172997	2901419	254673032	918100612	NA	0
1210	2	5363632	6584336970	1173050	2901419	254879463	918848543	NA	0
1211	2	5363604	6589700574	1173103	2901419	255085900	919596460	NA	0
1212	2	5363200	6595063774	1173156	2901419	255292327	920344324	NA	0
1213	2	5363220	6600426994	1173209	2901419	255498753	921092185	NA	0
1214	2	5363411	6605790405	1173262	2901419	255705186	921840070	NA	0
1215	2	5364401	6611154806	1173315	2901419	255911631	922588028	NA	0
1216	2	5361071	6616515877	1173368	2901419	256117792	923335166	NA	0
1217	2	5361071	6621876948	1173421	2901419	256323956	924082308	NA	0
1218	2	5360916	6627237864	1173474	2901419	256530118	924829427	NA	0
1219	2	5360916	6632598780	1173527	2901419	256736280	925576545	NA	0
1220	2	5360936	6637959716	1173580	2901419	256942442	926323667	NA	0
1221	2	5361260	6643320976	1173633	2901419	257148606	927070803	NA	0
1222	2	5361452	6648682428	1173686	2901419	257354769	927817967	NA	0
1223	2	5329314	6654011742	1173739	2901419	257560429	928561885	NA	0
1224	2	5333334	6659345076	1173792	2901419	257766165	929306202	NA	0
1225	2	5333245	6664678321	1173845	2901419	257971906	930050508	NA	0
1226	2	5333225	6670011546	1173898	2901419	258177644	930794812	NA	0
1227	2	5333233	6675344779	1173951	2901419	258383385	931539119	NA	0
1228	2	5333297	6680678076	1174004	2901419	258589123	932283431	NA	0
1229	2	5333031	6686011107	1174057	2901419	258794814	933027556	NA	0
1230	2	5343267	6691354374	1174110	2901419	259000747	933773012	NA	0
1231	2	5344129	6696698503	1174163	2901419	259206694	934518535	NA	0
1232	2	5343603	6702042106	1174216	2901419	259412631	935264010	NA	0
1233	2	5332983	6707375089	1174269	2901419	259618310	936008224	NA	0
1234	2	7095048	6714470137	1174322	2901419	259886165	937002623	NA	0
1235	2	5388768	6719858905	1174375	2901419	260093075	937753541	NA	0
1236	2	5389352	6725248257	1174428	2901419	260299996	938504496	NA	0
1237	2	5389191	6730637448	1174481	2901419	260506917	939255445	NA	0
1238	2	5388724	6736026172	1174534	2901419	260713826	940006353	NA	0
1239	2	5388690	6741414862	1174587	2901419	260920729	940757276	NA	0
1240	2	5388573	6746803435	1174640	2901419	261127639	941508171	NA	0
1241	2	5388987	6752192422	1174693	2901419	261334550	942259116	NA	0
1242	2	5388744	6757581166	1174746	2901419	261541456	943010040	NA	0
1243	2	5388778	6762969944	1174799	2901419	261748363	943760975	NA	0
1244	2	5388776	6768358720	1174852	2901419	261955270	944511909	NA	0
1245	2	5388740	6773747460	1174905	2901419	262162175	945262815	NA	0
1246	2	5388808	6779136268	1174958	2901419	262369084	946013735	NA	0
1247	2	5388736	6784525004	1175011	2901419	262575994	946764647	NA	0
1248	2	5335268	6789860272	1175064	2901419	262781804	947509255	NA	0
1249	2	5335268	6795195540	1175117	2901419	262987614	948253859	NA	0
1250	2	5335276	6800530816	1175170	2901419	263193422	948998468	NA	0
1251	2	5335276	6805866092	1175223	2901419	263399232	949743077	NA	0
1252	2	5333098	6811199190	1175276	2901419	263604939	950487449	NA	0
1253	2	5362489	6816561679	1175329	2901419	263811404	951234770	NA	0
1254	2	5363648	6821925327	1175382	2901419	264017870	951982262	NA	0
1255	2	5365594	6827290921	1175435	2901419	264224360	952729889	NA	0
1256	2	5363741	6832654662	1175488	2901419	264430828	953477395	NA	0
1257	2	5363652	6838018314	1175541	2901419	264637299	954224889	NA	0
1258	2	5363630	6843381944	1175594	2901419	264843771	954972382	NA	0
1259	2	5363680	6848745624	1175647	2901419	265050243	955719886	NA	0
1260	2	5363775	6854109399	1175700	2901419	265256716	956467396	NA	0
1261	2	5363903	6859473302	1175753	2901419	265463184	957214918	NA	0
1262	2	5363648	6864836950	1175806	2901419	265669654	957962418	NA	0
1263	2	5363650	6870200600	1175859	2901419	265876126	958709920	NA	0
1264	2	5363636	6875564236	1175912	2901419	266082596	959457415	NA	0
1265	2	5330731	6880894967	1175965	2901419	266288260	960201358	NA	0
1266	2	5331867	6886226834	1176018	2901419	266494637	960945388	NA	0
1267	2	5335628	6891562462	1176071	2901419	266700868	961690704	NA	0
1268	2	5335628	6896898090	1176124	2901419	266907099	962436017	NA	0
1269	2	5335640	6902233730	1176177	2901419	267113330	963181339	NA	0
1270	2	5335856	6907569586	1176230	2901419	267319564	963926658	NA	0
1271	2	5467251	6913036837	1176283	2901419	267529969	964691733	NA	0
1272	2	5467251	6918504088	1176336	2901419	267740370	965456805	NA	0
1273	2	5467249	6923971337	1176389	2901419	267950770	966221881	NA	0
1274	2	5467251	6929438588	1176442	2901419	268161171	966986959	NA	0
1275	2	5468021	6934906609	1176495	3573844	268371582	967752104	NA	1
1276	2	5467563	6940374172	1176548	3573844	268581991	968517211	NA	0
1277	2	5467243	6945841415	1176601	3573844	268792390	969282281	NA	0
1278	2	5467247	6951308662	1176654	3573844	269002798	970047353	NA	0
1279	2	5467249	6956775911	1176707	3573844	269213200	970812427	NA	0
1280	2	5467343	6962243254	1176760	3573844	269423608	971577513	NA	0
1281	2	5467257	6967710511	1176813	3573844	269634011	972342590	NA	0
1282	2	5467257	6973177768	1176866	3573844	269844416	973107672	NA	0
1283	2	5467259	6978645027	1176919	3573844	270054817	973872746	NA	0
1284	2	5467247	6984112274	1176972	3573844	270265220	974637822	NA	0
1285	2	5467249	6989579523	1177025	3573844	270475626	975402900	NA	0
1286	2	5377240	6994956763	1177078	3573844	270682140	976151486	NA	0
1287	2	5375928	7000332691	1177131	3573844	270888630	976899798	NA	0
1288	2	5350394	7005683085	1177184	3573844	271094926	977646834	NA	0
1289	2	5350386	7011033471	1177237	3573844	271301220	978393863	NA	0
1290	2	5350654	7016384125	1177290	3573844	271507514	979140920	NA	0
1291	2	5350412	7021734537	1177343	3573844	271713810	979887956	NA	0
1292	2	5350390	7027084927	1177396	3573844	271920110	980634988	NA	0
1293	2	5350390	7032435317	1177449	3573844	272126408	981382023	NA	0
1294	2	5350400	7037785717	1177502	3573844	272332706	982129064	NA	0
1295	2	5350470	7043136187	1177555	3573844	272539003	982876116	NA	0
1296	2	5350400	7048486587	1177608	3573844	272745298	983623159	NA	0
1297	2	5350531	7053837118	1177661	3573844	272951597	984370215	NA	0
1298	2	5350394	7059187512	1177714	3573844	273157893	985117254	NA	0
1299	2	5350400	7064537912	1177767	3573844	273364189	985864292	NA	0
1300	3	5348202	7069886114	1177782	3573844	273570271	986610743	NA	0
1301	3	5348204	7075234318	1177797	3573844	273776353	987357191	NA	0
1302	3	5348198	7080582516	1177812	3573844	273982432	988103638	NA	0
1303	3	5348178	7085930694	1177827	3573844	274188516	988850083	NA	0
1304	3	5348216	7091278910	1177842	3573844	274394602	989596535	NA	0
1305	3	5348218	7096627128	1177857	3573844	274600693	990342991	NA	0
1306	3	5348244	7101975372	1177872	3573844	274806778	991089446	NA	0
1307	3	5348246	7107323618	1177887	3573844	275012863	991835900	NA	0
1308	3	5348518	7112672136	1177902	3573844	275218949	992582370	NA	0
1309	3	5348202	7118020338	1177917	3573844	275425031	993328814	NA	0
1310	3	5348180	7123368518	1177932	3573844	275631115	994075255	NA	0
1311	3	5348180	7128716698	1177947	3573844	275837197	994821700	NA	0
1312	3	5348319	7134065017	1177962	3573844	276043280	995568166	NA	0
1313	3	5348303	7139413320	1177977	3573844	276249366	996314628	NA	0
1314	3	5348303	7144761623	1177992	3573844	276455452	997061089	NA	0
1315	3	5348210	7150109833	1178007	3573844	276661536	997807539	NA	0
1316	3	5348180	7155458013	1178022	3573844	276867618	998553982	NA	0
1317	3	5348198	7160806211	1178037	3573844	277073702	999300429	NA	0
1318	3	5440278	7166246489	1178052	3573844	277282178	1000059768	NA	0
1319	3	5440181	7171686670	1178067	3573844	277490653	1000819111	NA	0
1320	3	5439869	7177126539	1178082	3573844	277699129	1001578414	NA	0
1321	3	5439869	7182566408	1178097	3573844	277907602	1002337717	NA	0
1322	3	5439992	7188006400	1178112	3573844	278116071	1003097036	NA	0
1323	3	5439905	7193446305	1178127	3573844	278324540	1003856347	NA	0
1324	3	5439913	7198886218	1178142	3573844	278533008	1004615657	NA	0
1325	3	5440000	7204326218	1178157	3573844	278741480	1005374977	NA	0
1326	3	5440000	7209766218	1178172	3573844	278949953	1006134299	NA	0
1327	3	5439857	7215206075	1178187	3573844	279158422	1006893600	NA	0
1328	3	5440032	7220646107	1178202	3573844	279366899	1007652917	NA	0
1329	3	5439853	7226085960	1178217	3573844	279575368	1008412214	NA	0
1330	3	5439857	7231525817	1178232	3573844	279783840	1009171507	NA	0
1331	3	5439855	7236965672	1178247	3573844	279992305	1009930805	NA	0
1332	3	5440685	7242406357	1178262	3573844	280200778	1010690173	NA	0
1333	3	5439955	7247846312	1178277	3573844	280409249	1011449488	NA	0
1334	3	5439957	7253286269	1178292	3573844	280617719	1012208801	NA	0
1335	3	5439983	7258726252	1178307	3573844	280826190	1012968112	NA	0
1336	3	5439985	7264166237	1178322	3573844	281034659	1013727428	NA	0
1337	3	5439863	7269606100	1178337	3573844	281243126	1014486725	NA	0
1338	3	5439863	7275045963	1178352	3573844	281451595	1015246021	NA	0
1339	3	5439992	7280485955	1178367	3573844	281660070	1016005337	NA	0
1340	3	5439863	7285925818	1178382	3573844	281868539	1016764633	NA	0
1341	3	5439863	7291365681	1178397	3573844	282077007	1017523929	NA	0
1342	3	5439865	7296805546	1178412	3573844	282285478	1018283222	NA	0
1343	3	5439875	7302245421	1178427	3573844	282493950	1019042518	NA	0
1344	3	5439863	7307685284	1178442	3573844	282702417	1019801818	NA	0
1345	3	5439865	7313125149	1178457	3573844	282910887	1020561121	NA	0
1346	3	5439875	7318565024	1178472	3573844	283119360	1021320421	NA	0
1347	3	5439883	7324004907	1178487	3573844	283327830	1022079721	NA	0
1348	3	5440040	7329444947	1178502	3573844	283536303	1022839034	NA	0
1349	3	5440040	7334884987	1178517	3573844	283744776	1023598357	NA	0
1350	3	5439992	7340324979	1178532	3573844	283953253	1024357673	NA	0
1351	3	5440320	7345765299	1178547	3573844	284161727	1025117009	NA	0
1352	3	5440000	7351205299	1178562	3573844	284370199	1025876326	NA	0
1353	3	5439998	7356645297	1178577	3573844	284578669	1026635649	NA	0
1354	3	5439883	7362085180	1178592	3573844	284787145	1027394964	NA	0
1355	3	5440389	7367525569	1178607	3573844	284995629	1028154344	NA	0
1356	3	5440585	7372966154	1178622	3573844	285204116	1028913715	NA	0
1357	3	5440266	7378406420	1178637	3573844	285412594	1029673065	NA	0
1358	3	5364044	7383770464	1178652	3573844	285618813	1030420493	NA	0
1359	3	5363956	7389134420	1178667	3573844	285825031	1031167909	NA	0
1360	3	5363849	7394498269	1178682	3573844	286031243	1031915314	NA	0
1361	3	5364246	7399862515	1178697	3573844	286237456	1032662763	NA	0
1362	3	5364720	7405227235	1178712	3573844	286443689	1033410250	NA	0
1363	3	5364682	7410591917	1178727	3573844	286649916	1034157725	NA	0
1364	3	5363591	7415955508	1178742	3573844	286856128	1034905109	NA	0
1365	3	5363591	7421319099	1178757	3573844	287062339	1035652493	NA	0
1366	3	5364488	7426683587	1178772	3573844	287268558	1036399961	NA	0
1367	3	5334777	7432018364	1178787	3573844	287474359	1037144747	NA	0
1368	3	5334755	7437353119	1178802	3573844	287680159	1037889530	NA	0
1369	3	5334755	7442687874	1178817	3573844	287885959	1038634316	NA	0
1370	3	5334755	7448022629	1178832	3573844	288091762	1039379103	NA	0
1371	3	5334759	7453357388	1178847	3573844	288297563	1040123892	NA	0
1372	3	5334761	7458692149	1178862	3573844	288503366	1040868683	NA	0
1373	3	5335187	7464027336	1178877	3573844	288709171	1041613513	NA	0
1374	3	5335217	7469362553	1178892	3601668	288914975	1042358348	NA	1
1375	3	5337737	7474700290	1178907	3601668	289120878	1043103348	NA	0
1376	3	5337465	7480037755	1178922	3601668	289326780	1043848331	NA	0
1377	3	5337443	7485375198	1178937	3601668	289532683	1044593309	NA	0
1378	3	5337657	7490712855	1178952	3601668	289738585	1045338312	NA	0
1379	3	5337443	7496050298	1178967	3601668	289944492	1046083288	NA	0
1380	3	5337568	7501387866	1178982	3601668	290150398	1046828288	NA	0
1381	3	5337566	7506725432	1178997	3601668	290356302	1047573286	NA	0
1382	3	5337568	7512063000	1179012	3601668	290562208	1048318286	NA	0
1383	3	5337473	7517400473	1179027	3601668	290768110	1049063279	NA	0
1384	3	5337630	7522738103	1179042	3601668	290974014	1049808289	NA	0
1385	3	5330377	7528068480	1179057	3601668	291179724	1050552491	NA	0
1386	3	5362943	7533431423	1179072	3601668	291386126	1051300144	NA	0
1387	3	5362003	7538793426	1179087	3601668	291592526	1052047725	NA	0
1388	3	5362251	7544155677	1179102	3601668	291798926	1052795335	NA	0
1389	3	5361995	7549517672	1179117	3601668	292005321	1053542936	NA	0
1390	3	5362251	7554879923	1179132	3601668	292211719	1054290550	NA	0
1391	3	5361902	7560241825	1179147	3601668	292418112	1055038139	NA	0
1392	3	5362305	7565604130	1179162	3601668	292624509	1055785766	NA	0
1393	3	5361854	7570965984	1179177	3601668	292830902	1056533340	NA	0
1394	3	5366392	7576332376	1179192	3601668	293037167	1057281283	NA	0
1395	3	5366392	7581698768	1179207	3601668	293243432	1058029232	NA	0
1396	3	5366334	7587065102	1179222	3601668	293449696	1058777165	NA	0
1397	3	5366312	7592431414	1179237	3601668	293655963	1059525099	NA	0
1398	3	5366410	7597797824	1179252	3601668	293862227	1060273051	NA	0
1399	3	5366408	7603164232	1179267	3601668	294068491	1061021002	NA	0
1400	3	5366410	7608530642	1179282	3601668	294274755	1061768954	NA	0
1401	3	5366629	7613897271	1179297	3601668	294481018	1062516924	NA	0
1402	3	5366754	7619264025	1179312	3601668	294687282	1063264896	NA	0
1403	3	5366354	7624630379	1179327	3601668	294893545	1064012834	NA	0
1404	3	5366324	7629996703	1179342	3601668	295099809	1064760767	NA	0
1405	3	6750353	7636747056	1179357	3601668	295355064	1065708695	NA	0
1406	3	6750329	7643497385	1179372	3601668	295610319	1066656620	NA	0
1407	3	6750476	7650247861	1179387	3601668	295865576	1067604576	NA	0
1408	3	6750329	7656998190	1179402	3601668	296120832	1068552505	NA	0
1409	3	6751642	7663749832	1179417	3601668	296376109	1069500580	NA	0
1410	3	6751701	7670501533	1179432	3601668	296631385	1070448640	NA	0
1411	3	6750834	7677252367	1179447	3601668	296886644	1071396614	NA	0
1412	3	6751239	7684003606	1179462	3601668	297141910	1072344632	NA	0
1413	3	5372661	7689376267	1179477	3601668	297348533	1073093182	NA	0
1414	3	5373322	7694749589	1179492	3601668	297555166	1073841794	NA	0
1415	3	5372899	7700122488	1179507	3601668	297761794	1074590362	NA	0
1416	3	5372776	7705495264	1179522	3601668	297968416	1075338923	NA	0
1417	3	5372637	7710867901	1179537	3601668	298175039	1076087469	NA	0
1418	3	5372830	7716240731	1179552	3601668	298381664	1076836050	NA	0
1419	3	5372665	7721613396	1179567	3601668	298588287	1077584600	NA	0
1420	3	5372947	7726986343	1179582	3601668	298794914	1078333172	NA	0
1421	3	5372738	7732359081	1179597	3601668	299001539	1079081728	NA	0
1422	3	5331293	7737690374	1179612	3601668	299207269	1079825992	NA	0
1423	3	5331295	7743021669	1179627	3601668	299412998	1080570258	NA	0
1424	3	5331295	7748352964	1179642	3601668	299618725	1081314522	NA	0
1425	3	5331295	7753684259	1179657	3601668	299824455	1082058786	NA	0
1426	3	5335656	7759019915	1179672	3601668	300030227	1082803498	NA	0
1427	3	5335690	7764355605	1179687	3601668	300235999	1083548218	NA	0
1428	3	5375199	7769730804	1179702	3601668	300442882	1084297259	NA	0
1429	3	5375199	7775106003	1179717	3601668	300649765	1085046299	NA	0
1430	3	5375179	7780481182	1179732	3601668	300856648	1085795339	NA	0
1431	3	5375159	7785856341	1179747	3601668	301063532	1086544379	NA	0
1432	3	5375227	7791231568	1179762	3601668	301270416	1087293419	NA	0
1433	3	5375199	7796606767	1179777	3601668	301477297	1088042459	NA	0
1434	3	5375340	7801982107	1179792	3601668	301684179	1088791503	NA	0
1435	3	5375233	7807357340	1179807	3601668	301891061	1089540539	NA	0
1436	3	5375481	7812732821	1179822	3601668	302097947	1090289606	NA	0
1437	3	5375219	7818108040	1179837	3601668	302304830	1091038645	NA	0
1438	3	5375215	7823483255	1179852	3601668	302511715	1091787683	NA	0
1439	3	5375171	7828858426	1179867	3601668	302718601	1092536722	NA	0
1440	3	5375171	7834233597	1179882	3601668	302925486	1093285760	NA	0
1441	3	5375163	7839608760	1179897	3601668	303132371	1094034798	NA	0
1442	3	5375191	7844983951	1179912	3601668	303339257	1094783836	NA	0
1443	3	6731365	7851715316	1179927	3601668	303593997	1095728950	NA	0
1444	3	6731252	7858446568	1179942	3601668	303848739	1096674065	NA	0
1445	3	6731276	7865177844	1179957	3601668	304103481	1097619179	NA	0
1446	3	6731276	7871909120	1179972	3601668	304358222	1098564289	NA	0
1447	3	6731151	7878640271	1179987	3601668	304612959	1099509390	NA	0
1448	3	6731151	7885371422	1180002	3601668	304867694	1100454489	NA	0
1449	3	5340733	7890712155	1180017	3601668	305073797	1101200190	NA	0
1450	3	5340552	7896052707	1180032	3601668	305279901	1101945863	NA	0
1451	3	5340558	7901393265	1180047	3601668	305486007	1102691541	NA	0
1452	3	5340638	7906733903	1180062	3601668	305692110	1103437223	NA	0
1453	3	5340644	7912074547	1180077	3601668	305898213	1104182905	NA	0
1454	3	5340359	7917414906	1180092	3601668	306104313	1104928563	NA	0
1455	3	5288972	7922703878	1180107	3601668	306309292	1105669968	NA	0
1456	3	5336503	7928040381	1180122	3601668	306515154	1106414677	NA	0
1457	3	5347735	7933388116	1180137	3601668	306720956	1107159960	NA	0
1458	3	5347691	7938735807	1180152	3601668	306926763	1107905236	NA	0
1459	3	5347735	7944083542	1180167	3601668	307132564	1108650523	NA	0
1460	3	5347544	7949431086	1180182	3601668	307338366	1109395781	NA	0
1461	3	5347546	7954778632	1180197	3601668	307544167	1110141042	NA	0
1462	3	5335284	7960113916	1180212	3601668	307750039	1110886011	NA	0
1463	3	5335298	7965449214	1180227	3601668	307955911	1111630984	NA	0
1464	3	5335300	7970784514	1180242	3601668	308161784	1112375959	NA	0
1465	3	5335300	7976119814	1180257	3601668	308367657	1113120936	NA	0
1466	3	5335300	7981455114	1180272	3601668	308573533	1113865914	NA	0
1467	3	5335300	7986790414	1180287	3601668	308779405	1114610890	NA	0
1468	3	5335332	7992125746	1180302	3601668	308985278	1115355874	NA	0
1469	3	5335344	7997461090	1180317	3601668	309191151	1116100853	NA	0
1470	3	5335330	8002796420	1180332	3651149	309397024	1116845833	NA	1
1471	3	5335302	8008131722	1180347	3651149	309602896	1117590805	NA	0
1472	3	5340542	8013472264	1180362	3651149	309808767	1118336002	NA	0
1473	3	5340325	8018812589	1180377	3651149	310014634	1119081166	NA	0
1474	3	5339919	8024152508	1180392	3651149	310220502	1119826303	NA	0
1475	3	5339863	8029492371	1180407	3651149	310426369	1120571432	NA	0
1476	3	5368735	8034861106	1180422	3651149	310632917	1121319505	NA	0
1477	3	5368410	8040229516	1180437	3651149	310839464	1122067561	NA	0
1478	3	5368237	8045597753	1180452	3651149	311046009	1122815597	NA	0
1479	3	5368281	8050966034	1180467	3651149	311252554	1123563641	NA	0
1480	3	5368237	8056334271	1180482	3651149	311459097	1124311673	NA	0
1481	3	5368279	8061702550	1180497	3651149	311665643	1125059721	NA	0
1482	3	5368501	8067071051	1180512	3651149	311872186	1125807801	NA	0
1483	3	5368360	8072439411	1180527	3651149	312078731	1126555856	NA	0
1484	3	5368428	8077807839	1180542	3651149	312285274	1127303920	NA	0
1485	3	5368632	8083176471	1180557	3651149	312491822	1128052005	NA	0
1486	3	5334182	8088510653	1180572	3651149	312697613	1128796265	NA	0
1487	3	5334182	8093844835	1180587	3651149	312903404	1129540521	NA	0
1488	3	5334562	8099179397	1180602	3651149	313109222	1130285119	NA	0
1489	3	5336318	8104515715	1180617	3651149	313315149	1131030143	NA	0
1490	3	5329980	8109845695	1180632	3651149	313520828	1131774200	NA	0
1491	3	5330313	8115176008	1180647	3651149	313726884	1132518580	NA	0
1492	3	6724744	8121900752	1180662	3651149	313981426	1133463123	NA	0
1493	3	7122185	8129022937	1180677	3651149	314250340	1134460657	NA	0
1494	3	7122167	8136145104	1180692	3651149	314519261	1135458188	NA	0
1495	3	5423036	8141568140	1180707	3651149	314726630	1136212917	NA	0
1496	3	5337694	8146905834	1180722	3651149	314932430	1136957902	NA	0
1497	3	5337674	8152243508	1180737	3651149	315138232	1137702885	NA	0
1498	3	5337732	8157581240	1180752	3651149	315344033	1138447886	NA	0
1499	3	5337732	8162918972	1180767	3651149	315549833	1139192884	NA	0
1500	3	5337718	8168256690	1180782	3651149	315755632	1139937873	NA	0
1501	3	5337529	8173594219	1180797	3651149	315961429	1140682846	NA	0
1502	3	5337702	8178931921	1180812	3651149	316167229	1141427833	NA	0
1503	3	5337557	8184269478	1180827	3651149	316373026	1142172808	NA	0
1504	3	5337477	8189606955	1180842	3651149	316578820	1142917770	NA	0
1505	3	5336809	8194943764	1180857	3651149	316784669	1143662746	NA	0
1506	3	5336785	8200280549	1180872	3651149	316990518	1144407717	NA	0
1507	3	5336785	8205617334	1180887	3651149	317196367	1145152691	NA	0
1508	3	5336938	8210954272	1180902	3651149	317402219	1145897686	NA	0
1509	3	5337150	8216291422	1180917	3651149	317608075	1146642696	NA	0
1510	3	5336795	8221628217	1180932	3651149	317813927	1147387674	NA	0
1511	3	5336940	8226965157	1180947	3651149	318019778	1148132668	NA	0
1512	3	5336787	8232301944	1180962	3651149	318225626	1148877641	NA	0
1513	3	5330570	8237632514	1180977	3651149	318431685	1149622035	NA	0
1514	3	5330438	8242962952	1180992	3651149	318637344	1150366092	NA	0
1515	3	5343248	8248306200	1181007	3651149	318843927	1151111753	NA	0
1516	3	5343385	8253649585	1181022	3651149	319050514	1151857426	NA	0
1517	3	5343934	8258993519	1181037	3651149	319257104	1152603120	NA	0
1518	3	5343145	8264336664	1181052	3651149	319463688	1153348762	NA	0
1519	3	5343123	8269679787	1181067	3651149	319670276	1154094398	NA	0
1520	3	5343123	8275022910	1181082	3651149	319876861	1154840032	NA	0
1521	3	5343252	8280366162	1181097	3651149	320083447	1155585687	NA	0
1522	3	5343262	8285709424	1181112	3651149	320290028	1156331345	NA	0
1523	3	5343246	8291052670	1181127	3651149	320496613	1157077007	NA	0
1524	3	5343246	8296395916	1181142	3651149	320703207	1157822671	NA	0
1525	3	5343262	8301739178	1181157	3651149	320909791	1158568338	NA	0
1526	3	5343246	8307082424	1181172	3651149	321116377	1159314000	NA	0
1527	3	5342494	8312424918	1181187	3651149	321322345	1160059441	NA	0
1528	3	5356356	8317781274	1181202	3651149	321528497	1160806437	NA	0
1529	3	5356571	8323137845	1181217	3651149	321734652	1161553459	NA	0
1530	3	5356362	8328494207	1181232	3651149	321940804	1162300468	NA	0
1531	3	5356676	8333850883	1181247	3651149	322146961	1163047505	NA	0
1532	3	5356557	8339207440	1181262	3651149	322353118	1163794527	NA	0
1533	3	5356583	8344564023	1181277	3651149	322559276	1164541558	NA	0
1534	3	5356027	8349920050	1181292	3651149	322765418	1165288531	NA	0
1535	3	5356106	8355276156	1181307	3651149	322971564	1166035522	NA	0
1536	3	5355949	8360632105	1181322	3651149	323177706	1166782478	NA	0
1537	3	5343133	8365975238	1181337	3651149	323383711	1167528304	NA	0
1538	3	5343147	8371318385	1181352	3651149	323589720	1168274132	NA	0
1539	3	5343278	8376661663	1181367	3651149	323795726	1169019962	NA	0
1540	3	5343278	8382004941	1181382	3651149	324001730	1169765791	NA	0
1541	3	5343459	8387348400	1181397	3651149	324207745	1170511645	NA	0
1542	3	5343524	8392691924	1181412	3651149	324413763	1171257510	NA	0
1543	3	5343131	8398035055	1181427	3651149	324619772	1172003332	NA	0
1544	3	5343374	8403378429	1181442	3651149	324825783	1172749194	NA	0
1545	3	5343517	8408721946	1181457	3651149	325031797	1173495064	NA	0
1546	3	5343153	8414065099	1181472	3651149	325237805	1174240889	NA	0
1547	3	5343129	8419408228	1181487	3651149	325443816	1174986711	NA	0
1548	3	5343135	8424751363	1181502	3651149	325649824	1175732534	NA	0
1549	3	5343133	8430094496	1181517	3651149	325855832	1176478358	NA	0
1550	3	5334736	8435429232	1181532	3651149	326061674	1177222805	NA	0
1551	3	5334714	8440763946	1181547	3651149	326267518	1177967254	NA	0
1552	3	5334712	8446098658	1181562	3651149	326473364	1178711704	NA	0
1553	3	5334712	8451433370	1181577	3651149	326679210	1179456152	NA	0
1554	3	5334881	8456768251	1181592	3651149	326885057	1180200617	NA	0
1555	3	5334730	8462102981	1181607	3651149	327090902	1180945067	NA	0
1556	3	5334714	8467437695	1181622	3651149	327296747	1181689512	NA	0
1557	3	5334730	8472772425	1181637	3651149	327502589	1182433963	NA	0
1558	3	5347697	8478120122	1181652	3651149	327708586	1183179756	NA	0
1559	3	5347609	8483467731	1181667	3651149	327914585	1183925546	NA	0
1560	3	5348003	8488815734	1181682	3651149	328120588	1184671370	NA	0
1561	3	5347987	8494163721	1181697	3651149	328326592	1185417190	NA	0
1562	3	5348073	8499511794	1181712	3651149	328532589	1186163019	NA	0
1563	3	5347569	8504859363	1181727	3651149	328738587	1186908810	NA	0
1564	3	5370181	8510229544	1181742	3651149	328945041	1187656592	NA	0
1565	3	5369767	8515599311	1181757	3651149	329151492	1188404352	NA	0
1566	3	5370161	8520969472	1181772	3651149	329357948	1189152114	NA	0
1567	3	5370169	8526339641	1181787	3651149	329564404	1189899874	NA	0
1568	3	5369372	8531709013	1181802	3651149	329770850	1190647589	NA	0
1569	3	5342129	8537051142	1181817	4325504	329977607	1191392811	NA	1
1570	3	5363485	8542414627	1181832	4325504	330183758	1192139567	NA	0
1571	3	7118477	8549533104	1181847	4325504	330452292	1193136774	NA	0
1572	3	7118598	8556651702	1181862	4325504	330720825	1194133999	NA	0
1573	3	5330113	8561981815	1181877	4325504	330926498	1194878055	NA	0
1574	3	5330091	8567311906	1181892	4325504	331132171	1195622107	NA	0
1575	3	5330101	8572642007	1181907	4325504	331337843	1196366167	NA	0
1576	3	5330101	8577972108	1181922	4325504	331543520	1197110229	NA	0
1577	3	5330105	8583302213	1181937	4325504	331749193	1197854290	NA	0
1578	3	5373714	8588675927	1181952	4325504	331955953	1198601867	NA	0
1579	3	5373714	8594049641	1181967	4325504	332162710	1199349438	NA	0
1580	3	5169595	8599219236	1181982	4325504	332362248	1200072527	NA	0
1581	3	5169595	8604388831	1181997	4325504	332561787	1200795618	NA	0
1582	3	5169679	8609558510	1182012	4325504	332761320	1201518731	NA	0
1583	3	5373624	8614932134	1182027	4325504	332968080	1202266284	NA	0
1584	3	5373624	8620305758	1182042	4325504	333174840	1203013842	NA	0
1585	3	5373708	8625679466	1182057	4325504	333381598	1203761418	NA	0
1586	3	5373637	8631053103	1182072	4325504	333588484	1204509028	NA	0
1587	3	5169685	8636222788	1182087	4325504	333788023	1205232145	NA	0
1588	3	5169685	8641392473	1182102	4325504	333987558	1205955262	NA	0
1589	3	5334856	8646727329	1182117	4325504	334193382	1206699681	NA	0
1590	3	5334858	8652062187	1182132	4325504	334399206	1207444104	NA	0
1591	3	5334886	8657397073	1182147	4325504	334605030	1208188528	NA	0
1592	3	6735697	8664132770	1182162	4325504	334860021	1209134689	NA	0
1593	3	6735649	8670868419	1182177	4325504	335115010	1210080848	NA	0
1594	3	6735627	8677604046	1182192	4325504	335370003	1211027006	NA	0
1595	3	6735653	8684339699	1182207	4325504	335624994	1211973172	NA	0
1596	3	6735643	8691075342	1182222	4325504	335879981	1212919329	NA	0
1597	3	6735619	8697810961	1182237	4325504	336134969	1213865479	NA	0
1598	3	6735665	8704546626	1182252	4325504	336389960	1214811647	NA	0
1599	3	6735623	8711282249	1182267	4325504	336644953	1215757803	NA	0
1600	3	6735695	8718017944	1182282	4325504	336899945	1216703972	NA	0
1601	3	6735695	8724753639	1182297	4325504	337154938	1217650136	NA	0
1602	3	5354576	8730108215	1182312	4325504	337361211	1218397635	NA	0
1603	3	5354703	8735462918	1182327	4325504	337567488	1219145134	NA	0
1604	3	5354582	8740817500	1182342	4325504	337773761	1219892617	NA	0
1605	3	5354574	8746172074	1182357	4325504	337980030	1220640104	NA	0
1606	3	5354696	8751526770	1182372	4325504	338186300	1221387610	NA	0
1607	3	5354881	8756881651	1182387	4325504	338392570	1222135135	NA	0
1608	3	5354636	8762236287	1182402	4325504	338598846	1222882635	NA	0
1609	3	5354574	8767590861	1182417	4325504	338805122	1223630122	NA	0
1610	3	5354760	8772945621	1182432	4325504	339011398	1224377637	NA	0
1611	3	5354636	8778300257	1182447	4325504	339217674	1225125142	NA	0
1612	3	5354987	8783655244	1182462	4325504	339423958	1225872664	NA	0
1613	3	5355065	8789010309	1182477	4325504	339630237	1226620211	NA	0
1614	3	5361863	8794372172	1182492	4325504	339836694	1227368064	NA	0
1615	3	5495824	8799867996	1182507	4325504	340046283	1228130714	NA	0
1616	3	5495846	8805363842	1182522	4325504	340255872	1228893361	NA	0
1617	3	5495848	8810859690	1182537	4325504	340465461	1229656011	NA	0
1618	3	5495816	8816355506	1182552	4325504	340675050	1230418658	NA	0
1619	3	5496095	8821851601	1182567	4325504	340884642	1231181326	NA	0
1620	3	5495824	8827347425	1182582	4325504	341094230	1231943973	NA	0
1621	3	5495818	8832843243	1182597	4325504	341303818	1232706611	NA	0
1622	3	5495820	8838339063	1182612	4325504	341513407	1233469249	NA	0
1623	3	5495820	8843834883	1182627	4325504	341722994	1234231891	NA	0
1624	3	5495822	8849330705	1182642	4325504	341932587	1234994538	NA	0
1625	3	5495822	8854826527	1182657	4325504	342142176	1235757188	NA	0
1626	3	5495824	8860322351	1182672	4325504	342351765	1236519835	NA	0
1627	3	5495822	8865818173	1182687	4325504	342561354	1237282482	NA	0
1628	3	5495824	8871313997	1182702	4325504	342770947	1238045129	NA	0
1629	3	5495822	8876809819	1182717	4325504	342980535	1238807776	NA	0
1630	3	5333446	8882143265	1182732	4325504	343186413	1239552539	NA	0
1631	3	5345483	8887488748	1182747	4325504	343392501	1240298442	NA	0
1632	3	5345461	8892834209	1182762	4325504	343598590	1241044344	NA	0
1633	3	5345505	8898179714	1182777	4325504	343804676	1241790257	NA	0
1634	3	5345562	8903525276	1182792	4325504	344010763	1242536169	NA	0
1635	3	5345592	8908870868	1182807	4325504	344216852	1243282091	NA	0
1636	3	5345652	8914216520	1182822	4325504	344422938	1244028022	NA	0
1637	3	5345586	8919562106	1182837	4325504	344629024	1244773944	NA	0
1638	3	5330117	8924892223	1182852	4325504	344834690	1245517924	NA	0
1639	3	5330084	8930222307	1182867	4325504	345040358	1246261940	NA	0
1640	3	5330163	8935552470	1182882	4325504	345246025	1247005933	NA	0
1641	3	5371889	8940924359	1182897	4325504	345452744	1247755329	NA	0
1642	3	5371877	8946296236	1182912	4325504	345659461	1248504725	NA	0
1643	3	5372356	8951668592	1182927	4325504	345866184	1249254152	NA	0
1644	3	5372250	8957040842	1182942	4325504	346072903	1250003594	NA	0
1645	3	5372129	8962412971	1182957	4325504	346279621	1250753024	NA	0
1646	3	5372012	8967784983	1182972	4325504	346486339	1251502452	NA	0
1647	3	5372012	8973156995	1182987	4325504	346693057	1252251880	NA	0
1648	3	5372206	8978529201	1183002	4325504	346899783	1253001306	NA	0
1649	3	5371867	8983901068	1183017	4325504	347106504	1253750709	NA	0
1650	3	5372161	8989273229	1183032	4325504	347313228	1254500134	NA	0
1651	3	5371879	8994645108	1183047	4325504	347519948	1255249537	NA	0
1652	3	5371887	9000016995	1183062	4325504	347726668	1255998939	NA	0
1653	3	5372502	9005389497	1183077	4325504	347933922	1256748528	NA	0
1654	3	5372478	9010761975	1183092	4325504	348141174	1257498117	NA	0
1655	3	5372462	9016134437	1183107	4325504	348348424	1258247705	NA	0
1656	3	5372521	9021506958	1183122	4325504	348555677	1258997292	NA	0
1657	3	5372631	9026879589	1183137	4325504	348762928	1259746880	NA	0
1658	3	5372406	9032251995	1183152	4325504	348970177	1260496458	NA	0
1659	3	5372422	9037624417	1183167	4325504	349177429	1261246039	NA	0
1660	3	5372470	9042996887	1183182	4325504	349384680	1261995617	NA	0
1661	3	5373099	9048369986	1183197	4325504	349591938	1262745243	NA	0
1662	3	5372422	9053742408	1183212	4325504	349799190	1263494825	NA	0
1663	3	5372472	9059114880	1183227	4325504	350006441	1264244407	NA	0
1664	3	5372500	9064487380	1183242	4325504	350213691	1264993996	NA	0
1665	3	5346757	9069834137	1183257	4372346	350419506	1265739292	NA	1
1666	3	5346759	9075180896	1183272	4372346	350625322	1266484591	NA	0
1667	3	5346795	9080527691	1183287	4372346	350831136	1267229902	NA	0
1668	3	5346797	9085874488	1183302	4372346	351036952	1267975211	NA	0
1669	3	5346737	9091221225	1183317	4372346	351242768	1268720505	NA	0
1670	3	5346807	9096568032	1183332	4372346	351448584	1269465804	NA	0
1671	3	5372581	9101940613	1183347	4372346	351654701	1270213022	NA	0
1672	3	5372581	9107313194	1183362	4372346	351860821	1270960226	NA	0
1673	3	5372583	9112685777	1183377	4372346	352066939	1271707446	NA	0
1674	3	5372583	9118058360	1183392	4372346	352273057	1272454655	NA	0
1675	3	5340808	9123399168	1183407	4372346	352479000	1273199913	NA	0
1676	3	5340808	9128739976	1183422	4372346	352684944	1273945175	NA	0
1677	3	5340786	9134080762	1183437	4372346	352890888	1274690426	NA	0
1678	3	5340796	9139421558	1183452	4372346	353096840	1275435686	NA	0
1679	3	5340796	9144762354	1183467	4372346	353302794	1276180946	NA	0
1680	3	5340794	9150103148	1183482	4372346	353508745	1276926210	NA	0
1681	3	5340860	9155444008	1183497	4372346	353714695	1277671478	NA	0
1682	3	5340790	9160784798	1183512	4372346	353920641	1278416730	NA	0
1683	3	5340806	9166125604	1183527	4372346	354126585	1279161989	NA	0
1684	3	5383337	9171508941	1183542	4372346	354333930	1279912349	NA	0
1685	3	5383313	9176892254	1183557	4372346	354541275	1280662708	NA	0
1686	3	5383313	9182275567	1183572	4372346	354748622	1281413070	NA	0
1687	3	5383313	9187658880	1183587	4372346	354955967	1282163429	NA	0
1688	3	5383331	9193042211	1183602	4372346	355163312	1282913781	NA	0
1689	3	5383315	9198425526	1183617	4372346	355370660	1283664145	NA	0
1690	3	5383315	9203808841	1183632	4372346	355578010	1284414507	NA	0
1691	3	5383315	9209192156	1183647	4372346	355785359	1285164865	NA	0
1692	3	5383329	9214575485	1183662	4372346	355992702	1285915221	NA	0
1693	3	5383343	9219958828	1183677	4372346	356200050	1286665586	NA	0
1694	3	5383343	9225342171	1183692	4372346	356407399	1287415952	NA	0
1695	3	5383343	9230725514	1183707	4372346	356614747	1288166316	NA	0
1696	3	5383309	9236108823	1183722	4372346	356822095	1288916673	NA	0
1697	3	5383345	9241492168	1183737	4372346	357029441	1289667036	NA	0
1698	3	5383345	9246875513	1183752	4372346	357236790	1290417402	NA	0
1699	3	5383345	9252258858	1183767	4372346	357444138	1291167765	NA	0
1700	3	5383309	9257642167	1183782	4372346	357651480	1291918117	NA	0
1701	3	5383335	9263025502	1183797	4372346	357858818	1292668482	NA	0
1702	3	5383337	9268408839	1183812	4372346	358066162	1293418843	NA	0
1703	3	5383347	9273792186	1183827	4372346	358273502	1294169203	NA	0
1704	3	5383355	9279175541	1183842	4372346	358480841	1294919574	NA	0
1705	3	5383337	9284558878	1183857	4372346	358688182	1295669921	NA	0
1706	3	5383339	9289942217	1183872	4372346	358895523	1296420270	NA	0
1707	3	5383309	9295325526	1183887	4372346	359102868	1297170621	NA	0
1708	3	5383626	9300709152	1183902	4372346	359310213	1297921020	NA	0
1709	3	5383751	9306092903	1183917	4372346	359517564	1298671399	NA	0
1710	3	5383335	9311476238	1183932	4372346	359724907	1299421755	NA	0
1711	3	5383309	9316859547	1183947	4372346	359932248	1300172106	NA	0
1712	3	5339190	9322198737	1183962	4372346	360138064	1300917092	NA	0
1713	3	5339192	9327537929	1183977	4372346	360343880	1301662079	NA	0
1714	3	5339234	9332877163	1183992	4372346	360549696	1302407074	NA	0
1715	3	5339236	9338216399	1184007	4372346	360755512	1303152073	NA	0
1716	3	5339115	9343555514	1184022	4372346	360961331	1303897058	NA	0
1717	3	5339117	9348894631	1184037	4372346	361167151	1304642036	NA	0
1718	3	5339143	9354233774	1184052	4372346	361372970	1305387021	NA	0
1719	3	5339145	9359572919	1184067	4372346	361578788	1306132011	NA	0
1720	3	5339055	9364911974	1184082	4372346	361784604	1306876988	NA	0
1721	3	5345067	9370257041	1184097	4372346	361990435	1307622083	NA	0
1722	3	5345067	9375602108	1184112	4372346	362196267	1308367172	NA	0
1723	3	5345069	9380947177	1184127	4372346	362402095	1309112260	NA	0
1724	3	5345069	9386292246	1184142	4372346	362607925	1309857358	NA	0
1725	3	5345119	9391637365	1184157	4372346	362813755	1310602460	NA	0
1726	3	5345089	9396982454	1184172	4372346	363019584	1311347553	NA	0
1727	3	5345105	9402327559	1184187	4372346	363225415	1312092645	NA	0
1728	3	5498945	9407826504	1184202	4372346	363438173	1312862493	NA	0
1729	3	5498959	9413325463	1184217	4372346	363650931	1313632342	NA	0
1730	3	5338626	9418664089	1184232	4372346	363856729	1314377372	NA	0
1731	3	5338634	9424002723	1184247	4372346	364062529	1315122405	NA	0
1732	3	5338738	9429341461	1184262	4372346	364268329	1315867442	NA	0
1733	3	5338746	9434680207	1184277	4372346	364474127	1316612475	NA	0
1734	3	5340886	9440021093	1184292	4372346	364679925	1317357609	NA	0
1735	3	5338658	9445359751	1184307	4372346	364885723	1318102639	NA	0
1736	3	5338666	9450698417	1184322	4372346	365091523	1318847673	NA	0
1737	3	5338770	9456037187	1184337	4372346	365297323	1319592709	NA	0
1738	3	5338778	9461375965	1184352	4372346	365503121	1320337743	NA	0
1739	3	5340918	9466716883	1184367	4372346	365708921	1321082876	NA	0
1740	3	5338690	9472055573	1184382	4372346	365914719	1321827906	NA	0
1741	3	5338698	9477394271	1184397	4372346	366120519	1322572938	NA	0
1742	3	5338802	9482733073	1184412	4372346	366326319	1323317976	NA	0
1743	3	5338810	9488071883	1184427	4372346	366532117	1324063012	NA	0
1744	3	5341334	9493413217	1184442	4372346	366737917	1324808153	NA	0
1745	3	5341366	9498754583	1184457	4372346	366943715	1325553289	NA	0
1746	3	5338086	9504092669	1184472	4372346	367149511	1326298236	NA	0
1747	3	5341014	9509433683	1184487	4372346	367355309	1327043370	NA	0
1748	3	5341046	9514774729	1184502	4372346	367561109	1327788509	NA	0
1749	3	5341462	9520116191	1184517	4372346	367766909	1328533654	NA	0
1750	3	5341494	9525457685	1184532	4372346	367972707	1329278791	NA	0
1751	3	5341142	9530798827	1184547	4372346	368178506	1330023929	NA	0
1752	3	5341174	9536140001	1184562	4372346	368384307	1330769067	NA	0
1753	3	5341590	9541481591	1184577	4372346	368590107	1331514214	NA	0
1754	3	5341622	9546823213	1184592	4372346	368795905	1332259354	NA	0
1755	3	5337478	9552160691	1184607	4372346	369001742	1333004345	NA	0
1756	3	5337478	9557498169	1184622	4372346	369207582	1333749339	NA	0
1757	3	5337456	9562835625	1184637	4372346	369413419	1334494331	NA	0
1758	3	5337466	9568173091	1184652	4372346	369619257	1335239331	NA	0
1759	3	5337466	9573510557	1184667	4372346	369825096	1335984326	NA	0
1760	3	5337530	9578848087	1184682	4372346	370030935	1336729330	NA	0
1761	3	5357761	9584205848	1184697	4372346	370236919	1337475641	NA	0
1762	3	5357787	9589563635	1184712	4372346	370442903	1338221956	NA	0
1763	3	5357759	9594921394	1184727	4372346	370648887	1338968267	NA	0
1764	3	5357759	9600279153	1184742	4372346	370854874	1339714577	NA	0
1765	3	5357759	9605636912	1184757	4407413	371060861	1340460883	NA	1
1766	3	5357769	9610994681	1184772	4407413	371266841	1341207185	NA	0
1767	3	5357755	9616352436	1184787	4407413	371472821	1341953487	NA	0
1768	3	5357904	9621710340	1184802	4407413	371678802	1342699813	NA	0
1769	3	5357906	9627068246	1184817	4407413	371884783	1343446137	NA	0
1770	3	5357948	9632426194	1184832	4407413	372090764	1344192476	NA	0
1771	3	5357952	9637784146	1184847	4407413	372296745	1344938816	NA	0
1772	3	5357829	9643141975	1184862	4407413	372502732	1345685138	NA	0
1773	3	5357831	9648499806	1184877	4407413	372708719	1346431456	NA	0
1774	3	5357857	9653857663	1184892	4407413	372914706	1347177782	NA	0
1775	3	5357859	9659215522	1184907	4407413	373120691	1347924106	NA	0
1776	3	5357759	9664573281	1184922	4407413	373326679	1348670417	NA	0
1777	3	5339230	9669912511	1184937	4407413	373532559	1349415591	NA	0
1778	3	5339224	9675251735	1184952	4407413	373738442	1350160766	NA	0
1779	3	5339236	9680590971	1184967	4407413	373944316	1350905941	NA	0
1780	3	5339571	9685930542	1184982	4407413	374150200	1351651155	NA	0
1781	3	5339341	9691269883	1184997	4407413	374356073	1352396343	NA	0
1782	3	5339254	9696609137	1185012	4407413	374561951	1353141518	NA	0
1783	3	5339256	9701948393	1185027	4407413	374767829	1353886694	NA	0
1784	3	5339256	9707287649	1185042	4407413	374973709	1354631873	NA	0
1785	3	5339351	9712627000	1185057	4407413	375179597	1355377058	NA	0
1786	3	5339355	9717966355	1185072	4407413	375385481	1356122243	NA	0
1787	3	5339355	9723305710	1185087	4407413	375591362	1356867425	NA	0
1788	3	5339230	9728644940	1185102	4407413	375797238	1357612596	NA	0
1789	3	5501269	9734146209	1185117	4407413	376008231	1358380960	NA	0
1790	3	5501269	9739647478	1185132	4407413	376219214	1359149317	NA	0
1791	3	5500743	9745148221	1185147	4407413	376430200	1359917643	NA	0
1792	3	5500460	9750648681	1185162	4407413	376641177	1360685925	NA	0
1793	3	5500772	9756149453	1185177	4407413	376852147	1361454237	NA	0
1794	3	5500539	9761649992	1185192	4407413	377063128	1362222530	NA	0
1795	3	5500412	9767150404	1185207	4407413	377274100	1362990798	NA	0
1796	3	5500412	9772650816	1185222	4407413	377485074	1363759071	NA	0
1797	3	5500301	9778151117	1185237	4407413	377696040	1364527333	NA	0
1798	3	5344657	9783495774	1185252	4407413	377901976	1365272756	NA	0
1799	3	5344657	9788840431	1185267	4407413	378107907	1366018178	NA	0
1800	3	5344663	9794185094	1185282	4407413	378313831	1366763593	NA	0
1801	3	5344562	9799529656	1185297	4407413	378519757	1367509005	NA	0
1802	3	5344536	9804874192	1185312	4407413	378725684	1368254408	NA	0
1803	3	5344536	9810218728	1185327	4407413	378931612	1368999812	NA	0
1804	3	5345273	9815564001	1185342	4407413	379137537	1369745276	NA	0
1805	3	5344409	9820908410	1185357	4407413	379343458	1370490666	NA	0
1806	3	5510868	9826419278	1185372	4407413	379554741	1371260436	NA	0
1807	3	5511271	9831930549	1185387	4407413	379766029	1372030225	NA	0
1808	3	5510604	9837441153	1185402	4407413	379977311	1372799971	NA	0
1809	3	5509785	9842950938	1185417	4407413	380188571	1373569645	NA	0
1810	3	5509789	9848460727	1185432	4407413	380399823	1374339312	NA	0
1811	3	5509862	9853970589	1185447	4407413	380611086	1375108992	NA	0
1812	3	5509733	9859480322	1185462	4407413	380822346	1375878650	NA	0
1813	3	5509733	9864990055	1185477	4407413	381033608	1376648310	NA	0
1814	3	5509626	9870499681	1185492	4407413	381244861	1377417959	NA	0
1815	3	5336926	9875836607	1185507	4407413	381451629	1378163518	NA	0
1816	3	5337611	9881174218	1185522	4407413	381658415	1378909151	NA	0
1817	3	5336585	9886510803	1185537	4407413	381865177	1379654667	NA	0
1818	3	5336456	9891847259	1185552	4407413	382071936	1380400175	NA	0
1819	3	5337392	9897184651	1185567	4407413	382278704	1381145790	NA	0
1820	3	5337044	9902521695	1185582	4407413	382485472	1381891349	NA	0
1821	3	5336540	9907858235	1185597	4407413	382692229	1382636880	NA	0
1822	3	5336532	9913194767	1185612	4407413	382898991	1383382418	NA	0
1823	3	5336588	9918531355	1185627	4407413	383105753	1384127961	NA	0
1824	3	5336628	9923867983	1185642	4407413	383312515	1384873510	NA	0
1825	3	5336724	9929204707	1185657	4407413	383519276	1385619062	NA	0
1826	3	5337227	9934541934	1185672	4407413	383726050	1386364671	NA	0
1827	3	5337154	9939879088	1185687	4407413	383932817	1387110239	NA	0
1828	3	5337009	9945216097	1185702	4407413	384139583	1387855798	NA	0
1829	3	5336902	9950552999	1185717	4407413	384346350	1388601348	NA	0
1830	3	5341050	9955894049	1185732	4407413	384552314	1389346914	NA	0
1831	3	5341080	9961235129	1185747	4407413	384758279	1390092477	NA	0
1832	3	5341082	9966576211	1185762	4407413	384964244	1390838042	NA	0
1833	3	5341295	9971917506	1185777	4407413	385170209	1391583628	NA	0
1834	3	5341110	9977258616	1185792	4407413	385376173	1392329191	NA	0
1835	3	5341100	9982599716	1185807	4407413	385582137	1393074760	NA	0
1836	3	5341100	9987940816	1185822	4407413	385788101	1393820329	NA	0
1837	3	5341090	9993281906	1185837	4407413	385994069	1394565901	NA	0
1838	3	5341090	9998622996	1185852	4407413	386200035	1395311470	NA	0
1839	3	5341090	10003964086	1185867	4407413	386406001	1396057040	NA	0
1840	3	5341070	10009305156	1185882	4407413	386611969	1396802612	NA	0
1841	3	5341062	10014646218	1185897	4407413	386817934	1397548177	NA	0
1842	3	5341062	10019987280	1185912	4407413	387023899	1398293742	NA	0
1843	3	5369535	10025356815	1185927	4407413	387230658	1399043568	NA	0
1844	3	5369526	10030726341	1185942	4407413	387437411	1399793399	NA	0
1845	3	5369011	10036095352	1185957	4407413	387644163	1400543177	NA	0
1846	3	5370740	10041466092	1185972	4407413	387850933	1401293093	NA	0
1847	3	5369035	10046835127	1185987	4407413	388057682	1402042881	NA	0
1848	3	5369108	10052204235	1186002	4407413	388264438	1402792668	NA	0
1849	3	5369108	10057573343	1186017	4407413	388471197	1403542454	NA	0
1850	3	5369307	10062942650	1186032	4407413	388677952	1404292253	NA	0
1851	3	5369339	10068311989	1186047	4407413	388884712	1405042054	NA	0
1852	3	5369037	10073681026	1186062	4407413	389091466	1405791837	NA	0
1853	3	5369037	10079050063	1186077	4407413	389298217	1406541616	NA	0
1854	3	5368991	10084419054	1186092	4407413	389504968	1407291391	NA	0
1855	3	5369007	10089788061	1186107	4407413	389711720	1408041171	NA	0
1856	3	5363844	10095151905	1186122	4407413	389918158	1408789081	NA	0
1857	3	5363683	10100515588	1186137	4407413	390124592	1409536994	NA	0
1858	3	5363480	10105879068	1186152	4407413	390331030	1410284889	NA	0
1859	3	5363226	10111242294	1186167	4407413	390537460	1411032758	NA	0
1860	3	5363632	10116605926	1186182	4407413	390743891	1411780689	NA	0
1861	3	5363604	10121969530	1186197	4407413	390950328	1412528606	NA	0
1862	3	5363200	10127332730	1186212	4407413	391156755	1413276470	NA	0
1863	3	5363220	10132695950	1186227	4407413	391363181	1414024331	NA	0
1864	3	5363411	10138059361	1186242	4937892	391569614	1414772216	NA	1
1865	3	5364401	10143423762	1186257	4937892	391776059	1415520174	NA	0
1866	3	5361071	10148784833	1186272	4937892	391982220	1416267312	NA	0
1867	3	5361071	10154145904	1186287	4937892	392188384	1417014454	NA	0
1868	3	5360916	10159506820	1186302	4937892	392394546	1417761573	NA	0
1869	3	5360916	10164867736	1186317	4937892	392600708	1418508691	NA	0
1870	3	5360936	10170228672	1186332	4937892	392806870	1419255813	NA	0
1871	3	5361260	10175589932	1186347	4937892	393013034	1420002949	NA	0
1872	3	5361452	10180951384	1186362	4937892	393219197	1420750113	NA	0
1873	3	5329314	10186280698	1186377	4937892	393424857	1421494031	NA	0
1874	3	5333334	10191614032	1186392	4937892	393630593	1422238348	NA	0
1875	3	5333245	10196947277	1186407	4937892	393836334	1422982654	NA	0
1876	3	5333225	10202280502	1186422	4937892	394042072	1423726958	NA	0
1877	3	5333233	10207613735	1186437	4937892	394247813	1424471265	NA	0
1878	3	5333297	10212947032	1186452	4937892	394453551	1425215577	NA	0
1879	3	5333031	10218280063	1186467	4937892	394659242	1425959702	NA	0
1880	3	5343267	10223623330	1186482	4937892	394865175	1426705158	NA	0
1881	3	5344129	10228967459	1186497	4937892	395071122	1427450681	NA	0
1882	3	5343603	10234311062	1186512	4937892	395277059	1428196156	NA	0
1883	3	5332983	10239644045	1186527	4937892	395482738	1428940370	NA	0
1884	3	7095048	10246739093	1186542	4937892	395750593	1429934769	NA	0
1885	3	5388768	10252127861	1186557	4937892	395957503	1430685687	NA	0
1886	3	5389352	10257517213	1186572	4937892	396164424	1431436642	NA	0
1887	3	5389191	10262906404	1186587	4937892	396371345	1432187591	NA	0
1888	3	5388724	10268295128	1186602	4937892	396578254	1432938499	NA	0
1889	3	5388690	10273683818	1186617	4937892	396785157	1433689422	NA	0
1890	3	5388573	10279072391	1186632	4937892	396992067	1434440317	NA	0
1891	3	5388987	10284461378	1186647	4937892	397198978	1435191262	NA	0
1892	3	5388744	10289850122	1186662	4937892	397405884	1435942186	NA	0
1893	3	5388778	10295238900	1186677	4937892	397612791	1436693121	NA	0
1894	3	5388776	10300627676	1186692	4937892	397819698	1437444055	NA	0
1895	3	5388740	10306016416	1186707	4937892	398026603	1438194961	NA	0
1896	3	5388808	10311405224	1186722	4937892	398233512	1438945881	NA	0
1897	3	5388736	10316793960	1186737	4937892	398440422	1439696793	NA	0
1898	3	5335268	10322129228	1186752	4937892	398646232	1440441401	NA	0
1899	3	5335268	10327464496	1186767	4937892	398852042	1441186005	NA	0
1900	3	5335276	10332799772	1186782	4937892	399057850	1441930614	NA	0
1901	3	5335276	10338135048	1186797	4937892	399263660	1442675223	NA	0
1902	3	5333098	10343468146	1186812	4937892	399469367	1443419595	NA	0
1903	3	5362489	10348830635	1186827	4937892	399675832	1444166916	NA	0
1904	3	5363648	10354194283	1186842	4937892	399882298	1444914408	NA	0
1905	3	5365594	10359559877	1186857	4937892	400088788	1445662035	NA	0
1906	3	5363741	10364923618	1186872	4937892	400295256	1446409541	NA	0
1907	3	5363652	10370287270	1186887	4937892	400501727	1447157035	NA	0
1908	3	5363630	10375650900	1186902	4937892	400708199	1447904528	NA	0
1909	3	5363680	10381014580	1186917	4937892	400914671	1448652032	NA	0
1910	3	5363775	10386378355	1186932	4937892	401121144	1449399542	NA	0
1911	3	5363903	10391742258	1186947	4937892	401327612	1450147064	NA	0
1912	3	5363648	10397105906	1186962	4937892	401534082	1450894564	NA	0
1913	3	5363650	10402469556	1186977	4937892	401740554	1451642066	NA	0
1914	3	5363636	10407833192	1186992	4937892	401947024	1452389561	NA	0
1915	3	5330731	10413163923	1187007	4937892	402152688	1453133504	NA	0
1916	3	5331867	10418495790	1187022	4937892	402359065	1453877534	NA	0
1917	3	5335628	10423831418	1187037	4937892	402565296	1454622850	NA	0
1918	3	5335628	10429167046	1187052	4937892	402771527	1455368163	NA	0
1919	3	5335640	10434502686	1187067	4937892	402977758	1456113485	NA	0
1920	3	5335856	10439838542	1187082	4937892	403183992	1456858804	NA	0
1921	3	5467251	10445305793	1187097	4937892	403394397	1457623879	NA	0
1922	3	5467251	10450773044	1187112	4937892	403604798	1458388951	NA	0
1923	3	5467249	10456240293	1187127	4937892	403815198	1459154027	NA	0
1924	3	5467251	10461707544	1187142	4937892	404025599	1459919105	NA	0
1925	3	5468021	10467175565	1187157	4937892	404236010	1460684250	NA	0
1926	3	5467563	10472643128	1187172	4937892	404446419	1461449357	NA	0
1927	3	5467243	10478110371	1187187	4937892	404656818	1462214427	NA	0
1928	3	5467247	10483577618	1187202	4937892	404867226	1462979499	NA	0
1929	3	5467249	10489044867	1187217	4937892	405077628	1463744573	NA	0
1930	3	5467343	10494512210	1187232	4937892	405288036	1464509659	NA	0
1931	3	5467257	10499979467	1187247	4937892	405498439	1465274736	NA	0
1932	3	5467257	10505446724	1187262	4937892	405708844	1466039818	NA	0
1933	3	5467259	10510913983	1187277	4937892	405919245	1466804892	NA	0
1934	3	5467247	10516381230	1187292	4937892	406129648	1467569968	NA	0
1935	3	5467249	10521848479	1187307	4937892	406340054	1468335046	NA	0
1936	3	5377240	10527225719	1187322	4937892	406546568	1469083632	NA	0
1937	3	5375928	10532601647	1187337	4937892	406753058	1469831944	NA	0
1938	3	5350394	10537952041	1187352	4937892	406959354	1470578980	NA	0
1939	3	5350386	10543302427	1187367	4937892	407165648	1471326009	NA	0
1940	3	5350654	10548653081	1187382	4937892	407371942	1472073066	NA	0
1941	3	5350412	10554003493	1187397	4937892	407578238	1472820102	NA	0
1942	3	5350390	10559353883	1187412	4937892	407784538	1473567134	NA	0
1943	3	5350390	10564704273	1187427	4937892	407990836	1474314169	NA	0
1944	3	5350400	10570054673	1187442	4937892	408197134	1475061210	NA	0
1945	3	5350470	10575405143	1187457	4937892	408403431	1475808262	NA	0
1946	3	5350400	10580755543	1187472	4937892	408609726	1476555305	NA	0
1947	3	5350531	10586106074	1187487	4937892	408816025	1477302361	NA	0
1948	3	5350394	10591456468	1187502	4937892	409022321	1478049400	NA	0
1949	3	5350400	10596806868	1187517	4937892	409228617	1478796438	NA	0
1950	4	5348202	10602155070	1187532	4937892	409434699	1479542889	NA	0
1951	4	5348204	10607503274	1187547	4937892	409640781	1480289337	NA	0
1952	4	5348198	10612851472	1187562	4937892	409846860	1481035784	NA	0
1953	4	5348178	10618199650	1187577	4937892	410052944	1481782229	NA	0
1954	4	5348216	10623547866	1187592	4937892	410259030	1482528681	NA	0
1955	4	5348218	10628896084	1187607	4937892	410465121	1483275137	NA	0
1956	4	5348244	10634244328	1187622	4937892	410671206	1484021592	NA	0
1957	4	5348246	10639592574	1187637	4937892	410877291	1484768046	NA	0
1958	4	5348518	10644941092	1187652	4937892	411083377	1485514516	NA	0
1959	4	5348202	10650289294	1187667	4937892	411289459	1486260960	NA	0
1960	4	5348180	10655637474	1187682	4937892	411495543	1487007401	NA	0
1961	4	5348180	10660985654	1187697	4937892	411701625	1487753846	NA	0
1962	4	5348319	10666333973	1187712	4937892	411907708	1488500312	NA	0
1963	4	5348303	10671682276	1187727	5122851	412113794	1489246774	NA	1
1964	4	5348303	10677030579	1187742	5122851	412319880	1489993235	NA	0
1965	4	5348210	10682378789	1187757	5122851	412525964	1490739685	NA	0
1966	4	5348180	10687726969	1187772	5122851	412732046	1491486128	NA	0
1967	4	5348198	10693075167	1187787	5122851	412938130	1492232575	NA	0
1968	4	5440278	10698515445	1187802	5122851	413146606	1492991914	NA	0
1969	4	5440181	10703955626	1187817	5122851	413355081	1493751257	NA	0
1970	4	5439869	10709395495	1187832	5122851	413563557	1494510560	NA	0
1971	4	5439869	10714835364	1187847	5122851	413772030	1495269863	NA	0
1972	4	5439992	10720275356	1187862	5122851	413980499	1496029182	NA	0
1973	4	5439905	10725715261	1187877	5122851	414188968	1496788493	NA	0
1974	4	5439913	10731155174	1187892	5122851	414397436	1497547803	NA	0
1975	4	5440000	10736595174	1187907	5122851	414605908	1498307123	NA	0
1976	4	5440000	10742035174	1187922	5122851	414814381	1499066445	NA	0
1977	4	5439857	10747475031	1187937	5122851	415022850	1499825746	NA	0
1978	4	5440032	10752915063	1187952	5122851	415231327	1500585063	NA	0
1979	4	5439853	10758354916	1187967	5122851	415439796	1501344360	NA	0
1980	4	5439857	10763794773	1187982	5122851	415648268	1502103653	NA	0
1981	4	5439855	10769234628	1187997	5122851	415856733	1502862951	NA	0
1982	4	5440685	10774675313	1188012	5122851	416065206	1503622319	NA	0
1983	4	5439955	10780115268	1188027	5122851	416273677	1504381634	NA	0
1984	4	5439957	10785555225	1188042	5122851	416482147	1505140947	NA	0
1985	4	5439983	10790995208	1188057	5122851	416690618	1505900258	NA	0
1986	4	5439985	10796435193	1188072	5122851	416899087	1506659574	NA	0
1987	4	5439863	10801875056	1188087	5122851	417107554	1507418871	NA	0
1988	4	5439863	10807314919	1188102	5122851	417316023	1508178167	NA	0
1989	4	5439992	10812754911	1188117	5122851	417524498	1508937483	NA	0
1990	4	5439863	10818194774	1188132	5122851	417732967	1509696779	NA	0
1991	4	5439863	10823634637	1188147	5122851	417941435	1510456075	NA	0
1992	4	5439865	10829074502	1188162	5122851	418149906	1511215368	NA	0
1993	4	5439875	10834514377	1188177	5122851	418358378	1511974664	NA	0
1994	4	5439863	10839954240	1188192	5122851	418566845	1512733964	NA	0
1995	4	5439865	10845394105	1188207	5122851	418775315	1513493267	NA	0
1996	4	5439875	10850833980	1188222	5122851	418983788	1514252567	NA	0
1997	4	5439883	10856273863	1188237	5122851	419192258	1515011867	NA	0
1998	4	5440040	10861713903	1188252	5122851	419400731	1515771180	NA	0
1999	4	5440040	10867153943	1188267	5122851	419609204	1516530503	NA	0
2000	4	5439992	10872593935	1188282	5122851	419817681	1517289819	NA	0
2001	4	5440320	10878034255	1188297	5122851	420026155	1518049155	NA	0
2002	4	5440000	10883474255	1188312	5122851	420234627	1518808472	NA	0
2003	4	5439998	10888914253	1188327	5122851	420443097	1519567795	NA	0
2004	4	5439883	10894354136	1188342	5122851	420651573	1520327110	NA	0
2005	4	5440389	10899794525	1188357	5122851	420860057	1521086490	NA	0
2006	4	5440585	10905235110	1188372	5122851	421068544	1521845861	NA	0
2007	4	5440266	10910675376	1188387	5122851	421277022	1522605211	NA	0
2008	4	5364044	10916039420	1188402	5122851	421483241	1523352639	NA	0
2009	4	5363956	10921403376	1188417	5122851	421689459	1524100055	NA	0
2010	4	5363849	10926767225	1188432	5122851	421895671	1524847460	NA	0
2011	4	5364246	10932131471	1188447	5122851	422101884	1525594909	NA	0
2012	4	5364720	10937496191	1188462	5122851	422308117	1526342396	NA	0
2013	4	5364682	10942860873	1188477	5122851	422514344	1527089871	NA	0
2014	4	5363591	10948224464	1188492	5122851	422720556	1527837255	NA	0
2015	4	5363591	10953588055	1188507	5122851	422926767	1528584639	NA	0
2016	4	5364488	10958952543	1188522	5122851	423132986	1529332107	NA	0
2017	4	5334777	10964287320	1188537	5122851	423338787	1530076893	NA	0
2018	4	5334755	10969622075	1188552	5122851	423544587	1530821676	NA	0
2019	4	5334755	10974956830	1188567	5122851	423750387	1531566462	NA	0
2020	4	5334755	10980291585	1188582	5122851	423956190	1532311249	NA	0
2021	4	5334759	10985626344	1188597	5122851	424161991	1533056038	NA	0
2022	4	5334761	10990961105	1188612	5122851	424367794	1533800829	NA	0
2023	4	5335187	10996296292	1188627	5122851	424573599	1534545659	NA	0
2024	4	5335217	11001631509	1188642	5122851	424779403	1535290494	NA	0
2025	4	5337737	11006969246	1188657	5122851	424985306	1536035494	NA	0
2026	4	5337465	11012306711	1188672	5122851	425191208	1536780477	NA	0
2027	4	5337443	11017644154	1188687	5122851	425397111	1537525455	NA	0
2028	4	5337657	11022981811	1188702	5122851	425603013	1538270458	NA	0
2029	4	5337443	11028319254	1188717	5122851	425808920	1539015434	NA	0
2030	4	5337568	11033656822	1188732	5122851	426014826	1539760434	NA	0
2031	4	5337566	11038994388	1188747	5122851	426220730	1540505432	NA	0
2032	4	5337568	11044331956	1188762	5122851	426426636	1541250432	NA	0
2033	4	5337473	11049669429	1188777	5122851	426632538	1541995425	NA	0
2034	4	5337630	11055007059	1188792	5122851	426838442	1542740435	NA	0
2035	4	5330377	11060337436	1188807	5122851	427044152	1543484637	NA	0
2036	4	5362943	11065700379	1188822	5122851	427250554	1544232290	NA	0
2037	4	5362003	11071062382	1188837	5122851	427456954	1544979871	NA	0
2038	4	5362251	11076424633	1188852	5122851	427663354	1545727481	NA	0
2039	4	5361995	11081786628	1188867	5122851	427869749	1546475082	NA	0
2040	4	5362251	11087148879	1188882	5122851	428076147	1547222696	NA	0
2041	4	5361902	11092510781	1188897	5122851	428282540	1547970285	NA	0
2042	4	5362305	11097873086	1188912	5122851	428488937	1548717912	NA	0
2043	4	5361854	11103234940	1188927	5122851	428695330	1549465486	NA	0
2044	4	5366392	11108601332	1188942	5122851	428901595	1550213429	NA	0
2045	4	5366392	11113967724	1188957	5122851	429107860	1550961378	NA	0
2046	4	5366334	11119334058	1188972	5122851	429314124	1551709311	NA	0
2047	4	5366312	11124700370	1188987	5122851	429520391	1552457245	NA	0
2048	4	5366410	11130066780	1189002	5122851	429726655	1553205197	NA	0
2049	4	5366408	11135433188	1189017	5122851	429932919	1553953148	NA	0
2050	4	5366410	11140799598	1189032	5122851	430139183	1554701100	NA	0
2051	4	5366629	11146166227	1189047	5122851	430345446	1555449070	NA	0
2052	4	5366754	11151532981	1189062	5122851	430551710	1556197042	NA	0
2053	4	5366354	11156899335	1189077	5122851	430757973	1556944980	NA	0
2054	4	5366324	11162265659	1189092	5122851	430964237	1557692913	NA	0
2055	4	6750353	11169016012	1189107	5122851	431219492	1558640841	NA	0
2056	4	6750329	11175766341	1189122	5122851	431474747	1559588766	NA	0
2057	4	6750476	11182516817	1189137	5122851	431730004	1560536722	NA	0
2058	4	6750329	11189267146	1189152	5122851	431985260	1561484651	NA	0
2059	4	6751642	11196018788	1189167	5122851	432240537	1562432726	NA	0
2060	4	6751701	11202770489	1189182	5158647	432495813	1563380786	NA	1
2061	4	6750834	11209521323	1189197	5158647	432751072	1564328760	NA	0
2062	4	6751239	11216272562	1189212	5158647	433006338	1565276778	NA	0
2063	4	5372661	11221645223	1189227	5158647	433212961	1566025328	NA	0
2064	4	5373322	11227018545	1189242	5158647	433419594	1566773940	NA	0
2065	4	5372899	11232391444	1189257	5158647	433626222	1567522508	NA	0
2066	4	5372776	11237764220	1189272	5158647	433832844	1568271069	NA	0
2067	4	5372637	11243136857	1189287	5158647	434039467	1569019615	NA	0
2068	4	5372830	11248509687	1189302	5158647	434246092	1569768196	NA	0
2069	4	5372665	11253882352	1189317	5158647	434452715	1570516746	NA	0
2070	4	5372947	11259255299	1189332	5158647	434659342	1571265318	NA	0
2071	4	5372738	11264628037	1189347	5158647	434865967	1572013874	NA	0
2072	4	5331293	11269959330	1189362	5158647	435071697	1572758138	NA	0
2073	4	5331295	11275290625	1189377	5158647	435277426	1573502404	NA	0
2074	4	5331295	11280621920	1189392	5158647	435483153	1574246668	NA	0
2075	4	5331295	11285953215	1189407	5158647	435688883	1574990932	NA	0
2076	4	5335656	11291288871	1189422	5158647	435894655	1575735644	NA	0
2077	4	5335690	11296624561	1189437	5158647	436100427	1576480364	NA	0
2078	4	5375199	11301999760	1189452	5158647	436307310	1577229405	NA	0
2079	4	5375199	11307374959	1189467	5158647	436514193	1577978445	NA	0
2080	4	5375179	11312750138	1189482	5158647	436721076	1578727485	NA	0
2081	4	5375159	11318125297	1189497	5158647	436927960	1579476525	NA	0
2082	4	5375227	11323500524	1189512	5158647	437134844	1580225565	NA	0
2083	4	5375199	11328875723	1189527	5158647	437341725	1580974605	NA	0
2084	4	5375340	11334251063	1189542	5158647	437548607	1581723649	NA	0
2085	4	5375233	11339626296	1189557	5158647	437755489	1582472685	NA	0
2086	4	5375481	11345001777	1189572	5158647	437962375	1583221752	NA	0
2087	4	5375219	11350376996	1189587	5158647	438169258	1583970791	NA	0
2088	4	5375215	11355752211	1189602	5158647	438376143	1584719829	NA	0
2089	4	5375171	11361127382	1189617	5158647	438583029	1585468868	NA	0
2090	4	5375171	11366502553	1189632	5158647	438789914	1586217906	NA	0
2091	4	5375163	11371877716	1189647	5158647	438996799	1586966944	NA	0
2092	4	5375191	11377252907	1189662	5158647	439203685	1587715982	NA	0
2093	4	6731365	11383984272	1189677	5158647	439458425	1588661096	NA	0
2094	4	6731252	11390715524	1189692	5158647	439713167	1589606211	NA	0
2095	4	6731276	11397446800	1189707	5158647	439967909	1590551325	NA	0
2096	4	6731276	11404178076	1189722	5158647	440222650	1591496435	NA	0
2097	4	6731151	11410909227	1189737	5158647	440477387	1592441536	NA	0
2098	4	6731151	11417640378	1189752	5158647	440732122	1593386635	NA	0
2099	4	5340733	11422981111	1189767	5158647	440938225	1594132336	NA	0
2100	4	5340552	11428321663	1189782	5158647	441144329	1594878009	NA	0
2101	4	5340558	11433662221	1189797	5158647	441350435	1595623687	NA	0
2102	4	5340638	11439002859	1189812	5158647	441556538	1596369369	NA	0
2103	4	5340644	11444343503	1189827	5158647	441762641	1597115051	NA	0
2104	4	5340359	11449683862	1189842	5158647	441968741	1597860709	NA	0
2105	4	5288972	11454972834	1189857	5158647	442173720	1598602114	NA	0
2106	4	5336503	11460309337	1189872	5158647	442379582	1599346823	NA	0
2107	4	5347735	11465657072	1189887	5158647	442585384	1600092106	NA	0
2108	4	5347691	11471004763	1189902	5158647	442791191	1600837382	NA	0
2109	4	5347735	11476352498	1189917	5158647	442996992	1601582669	NA	0
2110	4	5347544	11481700042	1189932	5158647	443202794	1602327927	NA	0
2111	4	5347546	11487047588	1189947	5158647	443408595	1603073188	NA	0
2112	4	5335284	11492382872	1189962	5158647	443614467	1603818157	NA	0
2113	4	5335298	11497718170	1189977	5158647	443820339	1604563130	NA	0
2114	4	5335300	11503053470	1189992	5158647	444026212	1605308105	NA	0
2115	4	5335300	11508388770	1190007	5158647	444232085	1606053082	NA	0
2116	4	5335300	11513724070	1190022	5158647	444437961	1606798060	NA	0
2117	4	5335300	11519059370	1190037	5158647	444643833	1607543036	NA	0
2118	4	5335332	11524394702	1190052	5158647	444849706	1608288020	NA	0
2119	4	5335344	11529730046	1190067	5158647	445055579	1609032999	NA	0
2120	4	5335330	11535065376	1190082	5158647	445261452	1609777979	NA	0
2121	4	5335302	11540400678	1190097	5158647	445467324	1610522951	NA	0
2122	4	5340542	11545741220	1190112	5158647	445673195	1611268148	NA	0
2123	4	5340325	11551081545	1190127	5158647	445879062	1612013312	NA	0
2124	4	5339919	11556421464	1190142	5158647	446084930	1612758449	NA	0
2125	4	5339863	11561761327	1190157	5158647	446290797	1613503578	NA	0
2126	4	5368735	11567130062	1190172	5158647	446497345	1614251651	NA	0
2127	4	5368410	11572498472	1190187	5158647	446703892	1614999707	NA	0
2128	4	5368237	11577866709	1190202	5158647	446910437	1615747743	NA	0
2129	4	5368281	11583234990	1190217	5158647	447116982	1616495787	NA	0
2130	4	5368237	11588603227	1190232	5158647	447323525	1617243819	NA	0
2131	4	5368279	11593971506	1190247	5158647	447530071	1617991867	NA	0
2132	4	5368501	11599340007	1190262	5158647	447736614	1618739947	NA	0
2133	4	5368360	11604708367	1190277	5158647	447943159	1619488002	NA	0
2134	4	5368428	11610076795	1190292	5158647	448149702	1620236066	NA	0
2135	4	5368632	11615445427	1190307	5158647	448356250	1620984151	NA	0
2136	4	5334182	11620779609	1190322	5158647	448562041	1621728411	NA	0
2137	4	5334182	11626113791	1190337	5158647	448767832	1622472667	NA	0
2138	4	5334562	11631448353	1190352	5158647	448973650	1623217265	NA	0
2139	4	5336318	11636784671	1190367	5158647	449179577	1623962289	NA	0
2140	4	5329980	11642114651	1190382	5158647	449385256	1624706346	NA	0
2141	4	5330313	11647444964	1190397	5158647	449591312	1625450726	NA	0
2142	4	6724744	11654169708	1190412	5158647	449845854	1626395269	NA	0
2143	4	7122185	11661291893	1190427	5158647	450114768	1627392803	NA	0
2144	4	7122167	11668414060	1190442	5158647	450383689	1628390334	NA	0
2145	4	5423036	11673837096	1190457	5158647	450591058	1629145063	NA	0
2146	4	5337694	11679174790	1190472	5158647	450796858	1629890048	NA	0
2147	4	5337674	11684512464	1190487	5158647	451002660	1630635031	NA	0
2148	4	5337732	11689850196	1190502	5158647	451208461	1631380032	NA	0
2149	4	5337732	11695187928	1190517	5158647	451414261	1632125030	NA	0
2150	4	5337718	11700525646	1190532	5158647	451620060	1632870019	NA	0
2151	4	5337529	11705863175	1190547	5158647	451825857	1633614992	NA	0
2152	4	5337702	11711200877	1190562	5158647	452031657	1634359979	NA	0
2153	4	5337557	11716538434	1190577	5158647	452237454	1635104954	NA	0
2154	4	5337477	11721875911	1190592	5158647	452443248	1635849916	NA	0
2155	4	5336809	11727212720	1190607	5158647	452649097	1636594892	NA	0
2156	4	5336785	11732549505	1190622	5158647	452854946	1637339863	NA	0
2157	4	5336785	11737886290	1190637	5706034	453060795	1638084837	NA	1
2158	4	5336938	11743223228	1190652	5706034	453266647	1638829832	NA	0
2159	4	5337150	11748560378	1190667	5706034	453472503	1639574842	NA	0
2160	4	5336795	11753897173	1190682	5706034	453678355	1640319820	NA	0
2161	4	5336940	11759234113	1190697	5706034	453884206	1641064814	NA	0
2162	4	5336787	11764570900	1190712	5706034	454090054	1641809787	NA	0
2163	4	5330570	11769901470	1190727	5706034	454296113	1642554181	NA	0
2164	4	5330438	11775231908	1190742	5706034	454501772	1643298238	NA	0
2165	4	5343248	11780575156	1190757	5706034	454708355	1644043899	NA	0
2166	4	5343385	11785918541	1190772	5706034	454914942	1644789572	NA	0
2167	4	5343934	11791262475	1190787	5706034	455121532	1645535266	NA	0
2168	4	5343145	11796605620	1190802	5706034	455328116	1646280908	NA	0
2169	4	5343123	11801948743	1190817	5706034	455534704	1647026544	NA	0
2170	4	5343123	11807291866	1190832	5706034	455741289	1647772178	NA	0
2171	4	5343252	11812635118	1190847	5706034	455947875	1648517833	NA	0
2172	4	5343262	11817978380	1190862	5706034	456154456	1649263491	NA	0
2173	4	5343246	11823321626	1190877	5706034	456361041	1650009153	NA	0
2174	4	5343246	11828664872	1190892	5706034	456567635	1650754817	NA	0
2175	4	5343262	11834008134	1190907	5706034	456774219	1651500484	NA	0
2176	4	5343246	11839351380	1190922	5706034	456980805	1652246146	NA	0
2177	4	5342494	11844693874	1190937	5706034	457186773	1652991587	NA	0
2178	4	5356356	11850050230	1190952	5706034	457392925	1653738583	NA	0
2179	4	5356571	11855406801	1190967	5706034	457599080	1654485605	NA	0
2180	4	5356362	11860763163	1190982	5706034	457805232	1655232614	NA	0
2181	4	5356676	11866119839	1190997	5706034	458011389	1655979651	NA	0
2182	4	5356557	11871476396	1191012	5706034	458217546	1656726673	NA	0
2183	4	5356583	11876832979	1191027	5706034	458423704	1657473704	NA	0
2184	4	5356027	11882189006	1191042	5706034	458629846	1658220677	NA	0
2185	4	5356106	11887545112	1191057	5706034	458835992	1658967668	NA	0
2186	4	5355949	11892901061	1191072	5706034	459042134	1659714624	NA	0
2187	4	5343133	11898244194	1191087	5706034	459248139	1660460450	NA	0
2188	4	5343147	11903587341	1191102	5706034	459454148	1661206278	NA	0
2189	4	5343278	11908930619	1191117	5706034	459660154	1661952108	NA	0
2190	4	5343278	11914273897	1191132	5706034	459866158	1662697937	NA	0
2191	4	5343459	11919617356	1191147	5706034	460072173	1663443791	NA	0
2192	4	5343524	11924960880	1191162	5706034	460278191	1664189656	NA	0
2193	4	5343131	11930304011	1191177	5706034	460484200	1664935478	NA	0
2194	4	5343374	11935647385	1191192	5706034	460690211	1665681340	NA	0
2195	4	5343517	11940990902	1191207	5706034	460896225	1666427210	NA	0
2196	4	5343153	11946334055	1191222	5706034	461102233	1667173035	NA	0
2197	4	5343129	11951677184	1191237	5706034	461308244	1667918857	NA	0
2198	4	5343135	11957020319	1191252	5706034	461514252	1668664680	NA	0
2199	4	5343133	11962363452	1191267	5706034	461720260	1669410504	NA	0
2200	4	5334736	11967698188	1191282	5706034	461926102	1670154951	NA	0
2201	4	5334714	11973032902	1191297	5706034	462131946	1670899400	NA	0
2202	4	5334712	11978367614	1191312	5706034	462337792	1671643850	NA	0
2203	4	5334712	11983702326	1191327	5706034	462543638	1672388298	NA	0
2204	4	5334881	11989037207	1191342	5706034	462749485	1673132763	NA	0
2205	4	5334730	11994371937	1191357	5706034	462955330	1673877213	NA	0
2206	4	5334714	11999706651	1191372	5706034	463161175	1674621658	NA	0
2207	4	5334730	12005041381	1191387	5706034	463367017	1675366109	NA	0
2208	4	5347697	12010389078	1191402	5706034	463573014	1676111902	NA	0
2209	4	5347609	12015736687	1191417	5706034	463779013	1676857692	NA	0
2210	4	5348003	12021084690	1191432	5706034	463985016	1677603516	NA	0
2211	4	5347987	12026432677	1191447	5706034	464191020	1678349336	NA	0
2212	4	5348073	12031780750	1191462	5706034	464397017	1679095165	NA	0
2213	4	5347569	12037128319	1191477	5706034	464603015	1679840956	NA	0
2214	4	5370181	12042498500	1191492	5706034	464809469	1680588738	NA	0
2215	4	5369767	12047868267	1191507	5706034	465015920	1681336498	NA	0
2216	4	5370161	12053238428	1191522	5706034	465222376	1682084260	NA	0
2217	4	5370169	12058608597	1191537	5706034	465428832	1682832020	NA	0
2218	4	5369372	12063977969	1191552	5706034	465635278	1683579735	NA	0
2219	4	5342129	12069320098	1191567	5706034	465842035	1684324957	NA	0
2220	4	5363485	12074683583	1191582	5706034	466048186	1685071713	NA	0
2221	4	7118477	12081802060	1191597	5706034	466316720	1686068920	NA	0
2222	4	7118598	12088920658	1191612	5706034	466585253	1687066145	NA	0
2223	4	5330113	12094250771	1191627	5706034	466790926	1687810201	NA	0
2224	4	5330091	12099580862	1191642	5706034	466996599	1688554253	NA	0
2225	4	5330101	12104910963	1191657	5706034	467202271	1689298313	NA	0
2226	4	5330101	12110241064	1191672	5706034	467407948	1690042375	NA	0
2227	4	5330105	12115571169	1191687	5706034	467613621	1690786436	NA	0
2228	4	5373714	12120944883	1191702	5706034	467820381	1691534013	NA	0
2229	4	5373714	12126318597	1191717	5706034	468027138	1692281584	NA	0
2230	4	5169595	12131488192	1191732	5706034	468226676	1693004673	NA	0
2231	4	5169595	12136657787	1191747	5706034	468426215	1693727764	NA	0
2232	4	5169679	12141827466	1191762	5706034	468625748	1694450877	NA	0
2233	4	5373624	12147201090	1191777	5706034	468832508	1695198430	NA	0
2234	4	5373624	12152574714	1191792	5706034	469039268	1695945988	NA	0
2235	4	5373708	12157948422	1191807	5706034	469246026	1696693564	NA	0
2236	4	5373637	12163322059	1191822	5706034	469452912	1697441174	NA	0
2237	4	5169685	12168491744	1191837	5706034	469652451	1698164291	NA	0
2238	4	5169685	12173661429	1191852	5706034	469851986	1698887408	NA	0
2239	4	5334856	12178996285	1191867	5706034	470057810	1699631827	NA	0
2240	4	5334858	12184331143	1191882	5706034	470263634	1700376250	NA	0
2241	4	5334886	12189666029	1191897	5706034	470469458	1701120674	NA	0
2242	4	6735697	12196401726	1191912	5706034	470724449	1702066835	NA	0
2243	4	6735649	12203137375	1191927	5706034	470979438	1703012994	NA	0
2244	4	6735627	12209873002	1191942	5706034	471234431	1703959152	NA	0
2245	4	6735653	12216608655	1191957	5706034	471489422	1704905318	NA	0
2246	4	6735643	12223344298	1191972	5706034	471744409	1705851475	NA	0
2247	4	6735619	12230079917	1191987	5706034	471999397	1706797625	NA	0
2248	4	6735665	12236815582	1192002	5706034	472254388	1707743793	NA	0
2249	4	6735623	12243551205	1192017	5706034	472509381	1708689949	NA	0
2250	4	6735695	12250286900	1192032	5706034	472764373	1709636118	NA	0
2251	4	6735695	12257022595	1192047	5706034	473019366	1710582282	NA	0
2252	4	5354576	12262377171	1192062	5706034	473225639	1711329781	NA	0
2253	4	5354703	12267731874	1192077	5706034	473431916	1712077280	NA	0
2254	4	5354582	12273086456	1192092	5889438	473638189	1712824763	NA	1
2255	4	5354574	12278441030	1192107	5889438	473844458	1713572250	NA	0
2256	4	5354696	12283795726	1192122	5889438	474050728	1714319756	NA	0
2257	4	5354881	12289150607	1192137	5889438	474256998	1715067281	NA	0
2258	4	5354636	12294505243	1192152	5889438	474463274	1715814781	NA	0
2259	4	5354574	12299859817	1192167	5889438	474669550	1716562268	NA	0
2260	4	5354760	12305214577	1192182	5889438	474875826	1717309783	NA	0
2261	4	5354636	12310569213	1192197	5889438	475082102	1718057288	NA	0
2262	4	5354987	12315924200	1192212	5889438	475288386	1718804810	NA	0
2263	4	5355065	12321279265	1192227	5889438	475494665	1719552357	NA	0
2264	4	5361863	12326641128	1192242	5889438	475701122	1720300210	NA	0
2265	4	5495824	12332136952	1192257	5889438	475910711	1721062860	NA	0
2266	4	5495846	12337632798	1192272	5889438	476120300	1721825507	NA	0
2267	4	5495848	12343128646	1192287	5889438	476329889	1722588157	NA	0
2268	4	5495816	12348624462	1192302	5889438	476539478	1723350804	NA	0
2269	4	5496095	12354120557	1192317	5889438	476749070	1724113472	NA	0
2270	4	5495824	12359616381	1192332	5889438	476958658	1724876119	NA	0
2271	4	5495818	12365112199	1192347	5889438	477168246	1725638757	NA	0
2272	4	5495820	12370608019	1192362	5889438	477377835	1726401395	NA	0
2273	4	5495820	12376103839	1192377	5889438	477587422	1727164037	NA	0
2274	4	5495822	12381599661	1192392	5889438	477797015	1727926684	NA	0
2275	4	5495822	12387095483	1192407	5889438	478006604	1728689334	NA	0
2276	4	5495824	12392591307	1192422	5889438	478216193	1729451981	NA	0
2277	4	5495822	12398087129	1192437	5889438	478425782	1730214628	NA	0
2278	4	5495824	12403582953	1192452	5889438	478635375	1730977275	NA	0
2279	4	5495822	12409078775	1192467	5889438	478844963	1731739922	NA	0
2280	4	5333446	12414412221	1192482	5889438	479050841	1732484685	NA	0
2281	4	5345483	12419757704	1192497	5889438	479256929	1733230588	NA	0
2282	4	5345461	12425103165	1192512	5889438	479463018	1733976490	NA	0
2283	4	5345505	12430448670	1192527	5889438	479669104	1734722403	NA	0
2284	4	5345562	12435794232	1192542	5889438	479875191	1735468315	NA	0
2285	4	5345592	12441139824	1192557	5889438	480081280	1736214237	NA	0
2286	4	5345652	12446485476	1192572	5889438	480287366	1736960168	NA	0
2287	4	5345586	12451831062	1192587	5889438	480493452	1737706090	NA	0
2288	4	5330117	12457161179	1192602	5889438	480699118	1738450070	NA	0
2289	4	5330084	12462491263	1192617	5889438	480904786	1739194086	NA	0
2290	4	5330163	12467821426	1192632	5889438	481110453	1739938079	NA	0
2291	4	5371889	12473193315	1192647	5889438	481317172	1740687475	NA	0
2292	4	5371877	12478565192	1192662	5889438	481523889	1741436871	NA	0
2293	4	5372356	12483937548	1192677	5889438	481730612	1742186298	NA	0
2294	4	5372250	12489309798	1192692	5889438	481937331	1742935740	NA	0
2295	4	5372129	12494681927	1192707	5889438	482144049	1743685170	NA	0
2296	4	5372012	12500053939	1192722	5889438	482350767	1744434598	NA	0
2297	4	5372012	12505425951	1192737	5889438	482557485	1745184026	NA	0
2298	4	5372206	12510798157	1192752	5889438	482764211	1745933452	NA	0
2299	4	5371867	12516170024	1192767	5889438	482970932	1746682855	NA	0
2300	4	5372161	12521542185	1192782	5889438	483177656	1747432280	NA	0
2301	4	5371879	12526914064	1192797	5889438	483384376	1748181683	NA	0
2302	4	5371887	12532285951	1192812	5889438	483591096	1748931085	NA	0
2303	4	5372502	12537658453	1192827	5889438	483798350	1749680674	NA	0
2304	4	5372478	12543030931	1192842	5889438	484005602	1750430263	NA	0
2305	4	5372462	12548403393	1192857	5889438	484212852	1751179851	NA	0
2306	4	5372521	12553775914	1192872	5889438	484420105	1751929438	NA	0
2307	4	5372631	12559148545	1192887	5889438	484627356	1752679026	NA	0
2308	4	5372406	12564520951	1192902	5889438	484834605	1753428604	NA	0
2309	4	5372422	12569893373	1192917	5889438	485041857	1754178185	NA	0
2310	4	5372470	12575265843	1192932	5889438	485249108	1754927763	NA	0
2311	4	5373099	12580638942	1192947	5889438	485456366	1755677389	NA	0
2312	4	5372422	12586011364	1192962	5889438	485663618	1756426971	NA	0
2313	4	5372472	12591383836	1192977	5889438	485870869	1757176553	NA	0
2314	4	5372500	12596756336	1192992	5889438	486078119	1757926142	NA	0
2315	4	5346757	12602103093	1193007	5889438	486283934	1758671438	NA	0
2316	4	5346759	12607449852	1193022	5889438	486489750	1759416737	NA	0
2317	4	5346795	12612796647	1193037	5889438	486695564	1760162048	NA	0
2318	4	5346797	12618143444	1193052	5889438	486901380	1760907357	NA	0
2319	4	5346737	12623490181	1193067	5889438	487107196	1761652651	NA	0
2320	4	5346807	12628836988	1193082	5889438	487313012	1762397950	NA	0
2321	4	5372581	12634209569	1193097	5889438	487519129	1763145168	NA	0
2322	4	5372581	12639582150	1193112	5889438	487725249	1763892372	NA	0
2323	4	5372583	12644954733	1193127	5889438	487931367	1764639592	NA	0
2324	4	5372583	12650327316	1193142	5889438	488137485	1765386801	NA	0
2325	4	5340808	12655668124	1193157	5889438	488343428	1766132059	NA	0
2326	4	5340808	12661008932	1193172	5889438	488549372	1766877321	NA	0
2327	4	5340786	12666349718	1193187	5889438	488755316	1767622572	NA	0
2328	4	5340796	12671690514	1193202	5889438	488961268	1768367832	NA	0
2329	4	5340796	12677031310	1193217	5889438	489167222	1769113092	NA	0
2330	4	5340794	12682372104	1193232	5889438	489373173	1769858356	NA	0
2331	4	5340860	12687712964	1193247	5889438	489579123	1770603624	NA	0
2332	4	5340790	12693053754	1193262	5889438	489785069	1771348876	NA	0
2333	4	5340806	12698394560	1193277	5889438	489991013	1772094135	NA	0
2334	4	5383337	12703777897	1193292	5889438	490198358	1772844495	NA	0
2335	4	5383313	12709161210	1193307	5889438	490405703	1773594854	NA	0
2336	4	5383313	12714544523	1193322	5889438	490613050	1774345216	NA	0
2337	4	5383313	12719927836	1193337	5889438	490820395	1775095575	NA	0
2338	4	5383331	12725311167	1193352	5889438	491027740	1775845927	NA	0
2339	4	5383315	12730694482	1193367	5889438	491235088	1776596291	NA	0
2340	4	5383315	12736077797	1193382	5889438	491442438	1777346653	NA	0
2341	4	5383315	12741461112	1193397	5889438	491649787	1778097011	NA	0
2342	4	5383329	12746844441	1193412	5889438	491857130	1778847367	NA	0
2343	4	5383343	12752227784	1193427	5889438	492064478	1779597732	NA	0
2344	4	5383343	12757611127	1193442	5889438	492271827	1780348098	NA	0
2345	4	5383343	12762994470	1193457	5889438	492479175	1781098462	NA	0
2346	4	5383309	12768377779	1193472	5889438	492686523	1781848819	NA	0
2347	4	5383345	12773761124	1193487	5889438	492893869	1782599182	NA	0
2348	4	5383345	12779144469	1193502	5889438	493101218	1783349548	NA	0
2349	4	5383345	12784527814	1193517	5889438	493308566	1784099911	NA	0
2350	4	5383309	12789911123	1193532	5889438	493515908	1784850263	NA	0
2351	4	5383335	12795294458	1193547	5889438	493723246	1785600628	NA	0
2352	4	5383337	12800677795	1193562	5889438	493930590	1786350989	NA	0
2353	4	5383347	12806061142	1193577	5928221	494137930	1787101349	NA	1
2354	4	5383355	12811444497	1193592	5928221	494345269	1787851720	NA	0
2355	4	5383337	12816827834	1193607	5928221	494552610	1788602067	NA	0
2356	4	5383339	12822211173	1193622	5928221	494759951	1789352416	NA	0
2357	4	5383309	12827594482	1193637	5928221	494967296	1790102767	NA	0
2358	4	5383626	12832978108	1193652	5928221	495174641	1790853166	NA	0
2359	4	5383751	12838361859	1193667	5928221	495381992	1791603545	NA	0
2360	4	5383335	12843745194	1193682	5928221	495589335	1792353901	NA	0
2361	4	5383309	12849128503	1193697	5928221	495796676	1793104252	NA	0
2362	4	5339190	12854467693	1193712	5928221	496002492	1793849238	NA	0
2363	4	5339192	12859806885	1193727	5928221	496208308	1794594225	NA	0
2364	4	5339234	12865146119	1193742	5928221	496414124	1795339220	NA	0
2365	4	5339236	12870485355	1193757	5928221	496619940	1796084219	NA	0
2366	4	5339115	12875824470	1193772	5928221	496825759	1796829204	NA	0
2367	4	5339117	12881163587	1193787	5928221	497031579	1797574182	NA	0
2368	4	5339143	12886502730	1193802	5928221	497237398	1798319167	NA	0
2369	4	5339145	12891841875	1193817	5928221	497443216	1799064157	NA	0
2370	4	5339055	12897180930	1193832	5928221	497649032	1799809134	NA	0
2371	4	5345067	12902525997	1193847	5928221	497854863	1800554229	NA	0
2372	4	5345067	12907871064	1193862	5928221	498060695	1801299318	NA	0
2373	4	5345069	12913216133	1193877	5928221	498266523	1802044406	NA	0
2374	4	5345069	12918561202	1193892	5928221	498472353	1802789504	NA	0
2375	4	5345119	12923906321	1193907	5928221	498678183	1803534606	NA	0
2376	4	5345089	12929251410	1193922	5928221	498884012	1804279699	NA	0
2377	4	5345105	12934596515	1193937	5928221	499089843	1805024791	NA	0
2378	4	5498945	12940095460	1193952	5928221	499302601	1805794639	NA	0
2379	4	5498959	12945594419	1193967	5928221	499515359	1806564488	NA	0
2380	4	5338626	12950933045	1193982	5928221	499721157	1807309518	NA	0
2381	4	5338634	12956271679	1193997	5928221	499926957	1808054551	NA	0
2382	4	5338738	12961610417	1194012	5928221	500132757	1808799588	NA	0
2383	4	5338746	12966949163	1194027	5928221	500338555	1809544621	NA	0
2384	4	5340886	12972290049	1194042	5928221	500544353	1810289755	NA	0
2385	4	5338658	12977628707	1194057	5928221	500750151	1811034785	NA	0
2386	4	5338666	12982967373	1194072	5928221	500955951	1811779819	NA	0
2387	4	5338770	12988306143	1194087	5928221	501161751	1812524855	NA	0
2388	4	5338778	12993644921	1194102	5928221	501367549	1813269889	NA	0
2389	4	5340918	12998985839	1194117	5928221	501573349	1814015022	NA	0
2390	4	5338690	13004324529	1194132	5928221	501779147	1814760052	NA	0
2391	4	5338698	13009663227	1194147	5928221	501984947	1815505084	NA	0
2392	4	5338802	13015002029	1194162	5928221	502190747	1816250122	NA	0
2393	4	5338810	13020340839	1194177	5928221	502396545	1816995158	NA	0
2394	4	5341334	13025682173	1194192	5928221	502602345	1817740299	NA	0
2395	4	5341366	13031023539	1194207	5928221	502808143	1818485435	NA	0
2396	4	5338086	13036361625	1194222	5928221	503013939	1819230382	NA	0
2397	4	5341014	13041702639	1194237	5928221	503219737	1819975516	NA	0
2398	4	5341046	13047043685	1194252	5928221	503425537	1820720655	NA	0
2399	4	5341462	13052385147	1194267	5928221	503631337	1821465800	NA	0
2400	4	5341494	13057726641	1194282	5928221	503837135	1822210937	NA	0
2401	4	5341142	13063067783	1194297	5928221	504042934	1822956075	NA	0
2402	4	5341174	13068408957	1194312	5928221	504248735	1823701213	NA	0
2403	4	5341590	13073750547	1194327	5928221	504454535	1824446360	NA	0
2404	4	5341622	13079092169	1194342	5928221	504660333	1825191500	NA	0
2405	4	5337478	13084429647	1194357	5928221	504866170	1825936491	NA	0
2406	4	5337478	13089767125	1194372	5928221	505072010	1826681485	NA	0
2407	4	5337456	13095104581	1194387	5928221	505277847	1827426477	NA	0
2408	4	5337466	13100442047	1194402	5928221	505483685	1828171477	NA	0
2409	4	5337466	13105779513	1194417	5928221	505689524	1828916472	NA	0
2410	4	5337530	13111117043	1194432	5928221	505895363	1829661476	NA	0
2411	4	5357761	13116474804	1194447	5928221	506101347	1830407787	NA	0
2412	4	5357787	13121832591	1194462	5928221	506307331	1831154102	NA	0
2413	4	5357759	13127190350	1194477	5928221	506513315	1831900413	NA	0
2414	4	5357759	13132548109	1194492	5928221	506719302	1832646723	NA	0
2415	4	5357759	13137905868	1194507	5928221	506925289	1833393029	NA	0
2416	4	5357769	13143263637	1194522	5928221	507131269	1834139331	NA	0
2417	4	5357755	13148621392	1194537	5928221	507337249	1834885633	NA	0
2418	4	5357904	13153979296	1194552	5928221	507543230	1835631959	NA	0
2419	4	5357906	13159337202	1194567	5928221	507749211	1836378283	NA	0
2420	4	5357948	13164695150	1194582	5928221	507955192	1837124622	NA	0
2421	4	5357952	13170053102	1194597	5928221	508161173	1837870962	NA	0
2422	4	5357829	13175410931	1194612	5928221	508367160	1838617284	NA	0
2423	4	5357831	13180768762	1194627	5928221	508573147	1839363602	NA	0
2424	4	5357857	13186126619	1194642	5928221	508779134	1840109928	NA	0
2425	4	5357859	13191484478	1194657	5928221	508985119	1840856252	NA	0
2426	4	5357759	13196842237	1194672	5928221	509191107	1841602563	NA	0
2427	4	5339230	13202181467	1194687	5928221	509396987	1842347737	NA	0
2428	4	5339224	13207520691	1194702	5928221	509602870	1843092912	NA	0
2429	4	5339236	13212859927	1194717	5928221	509808744	1843838087	NA	0
2430	4	5339571	13218199498	1194732	5928221	510014628	1844583301	NA	0
2431	4	5339341	13223538839	1194747	5928221	510220501	1845328489	NA	0
2432	4	5339254	13228878093	1194762	5928221	510426379	1846073664	NA	0
2433	4	5339256	13234217349	1194777	5928221	510632257	1846818840	NA	0
2434	4	5339256	13239556605	1194792	5928221	510838137	1847564019	NA	0
2435	4	5339351	13244895956	1194807	5928221	511044025	1848309204	NA	0
2436	4	5339355	13250235311	1194822	5928221	511249909	1849054389	NA	0
2437	4	5339355	13255574666	1194837	5928221	511455790	1849799571	NA	0
2438	4	5339230	13260913896	1194852	5928221	511661666	1850544742	NA	0
2439	4	5501269	13266415165	1194867	5928221	511872659	1851313106	NA	0
2440	4	5501269	13271916434	1194882	5928221	512083642	1852081463	NA	0
2441	4	5500743	13277417177	1194897	5928221	512294628	1852849789	NA	0
2442	4	5500460	13282917637	1194912	5928221	512505605	1853618071	NA	0
2443	4	5500772	13288418409	1194927	5928221	512716575	1854386383	NA	0
2444	4	5500539	13293918948	1194942	5928221	512927556	1855154676	NA	0
2445	4	5500412	13299419360	1194957	5928221	513138528	1855922944	NA	0
2446	4	5500412	13304919772	1194972	5928221	513349502	1856691217	NA	0
2447	4	5500301	13310420073	1194987	5928221	513560468	1857459479	NA	0
2448	4	5344657	13315764730	1195002	5928221	513766404	1858204902	NA	0
2449	4	5344657	13321109387	1195017	5928221	513972335	1858950324	NA	0
2450	4	5344663	13326454050	1195032	5928221	514178259	1859695739	NA	0
2451	4	5344562	13331798612	1195047	5928221	514384185	1860441151	NA	0
2452	4	5344536	13337143148	1195062	5928221	514590112	1861186554	NA	0
2453	4	5344536	13342487684	1195077	6468483	514796040	1861931958	NA	1
2454	4	5345273	13347832957	1195092	6468483	515001965	1862677422	NA	0
2455	4	5344409	13353177366	1195107	6468483	515207886	1863422812	NA	0
2456	4	5510868	13358688234	1195122	6468483	515419169	1864192582	NA	0
2457	4	5511271	13364199505	1195137	6468483	515630457	1864962371	NA	0
2458	4	5510604	13369710109	1195152	6468483	515841739	1865732117	NA	0
2459	4	5509785	13375219894	1195167	6468483	516052999	1866501791	NA	0
2460	4	5509789	13380729683	1195182	6468483	516264251	1867271458	NA	0
2461	4	5509862	13386239545	1195197	6468483	516475514	1868041138	NA	0
2462	4	5509733	13391749278	1195212	6468483	516686774	1868810796	NA	0
2463	4	5509733	13397259011	1195227	6468483	516898036	1869580456	NA	0
2464	4	5509626	13402768637	1195242	6468483	517109289	1870350105	NA	0
2465	4	5336926	13408105563	1195257	6468483	517316057	1871095664	NA	0
2466	4	5337611	13413443174	1195272	6468483	517522843	1871841297	NA	0
2467	4	5336585	13418779759	1195287	6468483	517729605	1872586813	NA	0
2468	4	5336456	13424116215	1195302	6468483	517936364	1873332321	NA	0
2469	4	5337392	13429453607	1195317	6468483	518143132	1874077936	NA	0
2470	4	5337044	13434790651	1195332	6468483	518349900	1874823495	NA	0
2471	4	5336540	13440127191	1195347	6468483	518556657	1875569026	NA	0
2472	4	5336532	13445463723	1195362	6468483	518763419	1876314564	NA	0
2473	4	5336588	13450800311	1195377	6468483	518970181	1877060107	NA	0
2474	4	5336628	13456136939	1195392	6468483	519176943	1877805656	NA	0
2475	4	5336724	13461473663	1195407	6468483	519383704	1878551208	NA	0
2476	4	5337227	13466810890	1195422	6468483	519590478	1879296817	NA	0
2477	4	5337154	13472148044	1195437	6468483	519797245	1880042385	NA	0
2478	4	5337009	13477485053	1195452	6468483	520004011	1880787944	NA	0
2479	4	5336902	13482821955	1195467	6468483	520210778	1881533494	NA	0
2480	4	5341050	13488163005	1195482	6468483	520416742	1882279060	NA	0
2481	4	5341080	13493504085	1195497	6468483	520622707	1883024623	NA	0
2482	4	5341082	13498845167	1195512	6468483	520828672	1883770188	NA	0
2483	4	5341295	13504186462	1195527	6468483	521034637	1884515774	NA	0
2484	4	5341110	13509527572	1195542	6468483	521240601	1885261337	NA	0
2485	4	5341100	13514868672	1195557	6468483	521446565	1886006906	NA	0
2486	4	5341100	13520209772	1195572	6468483	521652529	1886752475	NA	0
2487	4	5341090	13525550862	1195587	6468483	521858497	1887498047	NA	0
2488	4	5341090	13530891952	1195602	6468483	522064463	1888243616	NA	0
2489	4	5341090	13536233042	1195617	6468483	522270429	1888989186	NA	0
2490	4	5341070	13541574112	1195632	6468483	522476397	1889734758	NA	0
2491	4	5341062	13546915174	1195647	6468483	522682362	1890480323	NA	0
2492	4	5341062	13552256236	1195662	6468483	522888327	1891225888	NA	0
2493	4	5369535	13557625771	1195677	6468483	523095086	1891975714	NA	0
2494	4	5369526	13562995297	1195692	6468483	523301839	1892725545	NA	0
2495	4	5369011	13568364308	1195707	6468483	523508591	1893475323	NA	0
2496	4	5370740	13573735048	1195722	6468483	523715361	1894225239	NA	0
2497	4	5369035	13579104083	1195737	6468483	523922110	1894975027	NA	0
2498	4	5369108	13584473191	1195752	6468483	524128866	1895724814	NA	0
2499	4	5369108	13589842299	1195767	6468483	524335625	1896474600	NA	0
2500	4	5369307	13595211606	1195782	6468483	524542380	1897224399	NA	0
2501	4	5369339	13600580945	1195797	6468483	524749140	1897974200	NA	0
2502	4	5369037	13605949982	1195812	6468483	524955894	1898723983	NA	0
2503	4	5369037	13611319019	1195827	6468483	525162645	1899473762	NA	0
2504	4	5368991	13616688010	1195842	6468483	525369396	1900223537	NA	0
2505	4	5369007	13622057017	1195857	6468483	525576148	1900973317	NA	0
2506	4	5363844	13627420861	1195872	6468483	525782586	1901721227	NA	0
2507	4	5363683	13632784544	1195887	6468483	525989020	1902469140	NA	0
2508	4	5363480	13638148024	1195902	6468483	526195458	1903217035	NA	0
2509	4	5363226	13643511250	1195917	6468483	526401888	1903964904	NA	0
2510	4	5363632	13648874882	1195932	6468483	526608319	1904712835	NA	0
2511	4	5363604	13654238486	1195947	6468483	526814756	1905460752	NA	0
2512	4	5363200	13659601686	1195962	6468483	527021183	1906208616	NA	0
2513	4	5363220	13664964906	1195977	6468483	527227609	1906956477	NA	0
2514	4	5363411	13670328317	1195992	6468483	527434042	1907704362	NA	0
2515	4	5364401	13675692718	1196007	6468483	527640487	1908452320	NA	0
2516	4	5361071	13681053789	1196022	6468483	527846648	1909199458	NA	0
2517	4	5361071	13686414860	1196037	6468483	528052812	1909946600	NA	0
2518	4	5360916	13691775776	1196052	6468483	528258974	1910693719	NA	0
2519	4	5360916	13697136692	1196067	6468483	528465136	1911440837	NA	0
2520	4	5360936	13702497628	1196082	6468483	528671298	1912187959	NA	0
2521	4	5361260	13707858888	1196097	6468483	528877462	1912935095	NA	0
2522	4	5361452	13713220340	1196112	6468483	529083625	1913682259	NA	0
2523	4	5329314	13718549654	1196127	6468483	529289285	1914426177	NA	0
2524	4	5333334	13723882988	1196142	6468483	529495021	1915170494	NA	0
2525	4	5333245	13729216233	1196157	6468483	529700762	1915914800	NA	0
2526	4	5333225	13734549458	1196172	6468483	529906500	1916659104	NA	0
2527	4	5333233	13739882691	1196187	6468483	530112241	1917403411	NA	0
2528	4	5333297	13745215988	1196202	6468483	530317979	1918147723	NA	0
2529	4	5333031	13750549019	1196217	6468483	530523670	1918891848	NA	0
2530	4	5343267	13755892286	1196232	6468483	530729603	1919637304	NA	0
2531	4	5344129	13761236415	1196247	6468483	530935550	1920382827	NA	0
2532	4	5343603	13766580018	1196262	6468483	531141487	1921128302	NA	0
2533	4	5332983	13771913001	1196277	6468483	531347166	1921872516	NA	0
2534	4	7095048	13779008049	1196292	6468483	531615021	1922866915	NA	0
2535	4	5388768	13784396817	1196307	6468483	531821931	1923617833	NA	0
2536	4	5389352	13789786169	1196322	6468483	532028852	1924368788	NA	0
2537	4	5389191	13795175360	1196337	6468483	532235773	1925119737	NA	0
2538	4	5388724	13800564084	1196352	6468483	532442682	1925870645	NA	0
2539	4	5388690	13805952774	1196367	6468483	532649585	1926621568	NA	0
2540	4	5388573	13811341347	1196382	6468483	532856495	1927372463	NA	0
2541	4	5388987	13816730334	1196397	6468483	533063406	1928123408	NA	0
2542	4	5388744	13822119078	1196412	6468483	533270312	1928874332	NA	0
2543	4	5388778	13827507856	1196427	6468483	533477219	1929625267	NA	0
2544	4	5388776	13832896632	1196442	6468483	533684126	1930376201	NA	0
2545	4	5388740	13838285372	1196457	6468483	533891031	1931127107	NA	0
2546	4	5388808	13843674180	1196472	6468483	534097940	1931878027	NA	0
2547	4	5388736	13849062916	1196487	6468483	534304850	1932628939	NA	0
2548	4	5335268	13854398184	1196502	6468483	534510660	1933373547	NA	0
2549	4	5335268	13859733452	1196517	6468483	534716470	1934118151	NA	0
2550	4	5335276	13865068728	1196532	6468483	534922278	1934862760	NA	0
2551	4	5335276	13870404004	1196547	6468483	535128088	1935607369	NA	0
2552	4	5333098	13875737102	1196562	6655412	535333795	1936351741	NA	1
2553	4	5362489	13881099591	1196577	6655412	535540260	1937099062	NA	0
2554	4	5363648	13886463239	1196592	6655412	535746726	1937846554	NA	0
2555	4	5365594	13891828833	1196607	6655412	535953216	1938594181	NA	0
2556	4	5363741	13897192574	1196622	6655412	536159684	1939341687	NA	0
2557	4	5363652	13902556226	1196637	6655412	536366155	1940089181	NA	0
2558	4	5363630	13907919856	1196652	6655412	536572627	1940836674	NA	0
2559	4	5363680	13913283536	1196667	6655412	536779099	1941584178	NA	0
2560	4	5363775	13918647311	1196682	6655412	536985572	1942331688	NA	0
2561	4	5363903	13924011214	1196697	6655412	537192040	1943079210	NA	0
2562	4	5363648	13929374862	1196712	6655412	537398510	1943826710	NA	0
2563	4	5363650	13934738512	1196727	6655412	537604982	1944574212	NA	0
2564	4	5363636	13940102148	1196742	6655412	537811452	1945321707	NA	0
2565	4	5330731	13945432879	1196757	6655412	538017116	1946065650	NA	0
2566	4	5331867	13950764746	1196772	6655412	538223493	1946809680	NA	0
2567	4	5335628	13956100374	1196787	6655412	538429724	1947554996	NA	0
2568	4	5335628	13961436002	1196802	6655412	538635955	1948300309	NA	0
2569	4	5335640	13966771642	1196817	6655412	538842186	1949045631	NA	0
2570	4	5335856	13972107498	1196832	6655412	539048420	1949790950	NA	0
2571	4	5467251	13977574749	1196847	6655412	539258825	1950556025	NA	0
2572	4	5467251	13983042000	1196862	6655412	539469226	1951321097	NA	0
2573	4	5467249	13988509249	1196877	6655412	539679626	1952086173	NA	0
2574	4	5467251	13993976500	1196892	6655412	539890027	1952851251	NA	0
2575	4	5468021	13999444521	1196907	6655412	540100438	1953616396	NA	0
2576	4	5467563	14004912084	1196922	6655412	540310847	1954381503	NA	0
2577	4	5467243	14010379327	1196937	6655412	540521246	1955146573	NA	0
2578	4	5467247	14015846574	1196952	6655412	540731654	1955911645	NA	0
2579	4	5467249	14021313823	1196967	6655412	540942056	1956676719	NA	0
2580	4	5467343	14026781166	1196982	6655412	541152464	1957441805	NA	0
2581	4	5467257	14032248423	1196997	6655412	541362867	1958206882	NA	0
2582	4	5467257	14037715680	1197012	6655412	541573272	1958971964	NA	0
2583	4	5467259	14043182939	1197027	6655412	541783673	1959737038	NA	0
2584	4	5467247	14048650186	1197042	6655412	541994076	1960502114	NA	0
2585	4	5467249	14054117435	1197057	6655412	542204482	1961267192	NA	0
2586	4	5377240	14059494675	1197072	6655412	542410996	1962015778	NA	0
2587	4	5375928	14064870603	1197087	6655412	542617486	1962764090	NA	0
2588	4	5350394	14070220997	1197102	6655412	542823782	1963511126	NA	0
2589	4	5350386	14075571383	1197117	6655412	543030076	1964258155	NA	0
2590	4	5350654	14080922037	1197132	6655412	543236370	1965005212	NA	0
2591	4	5350412	14086272449	1197147	6655412	543442666	1965752248	NA	0
2592	4	5350390	14091622839	1197162	6655412	543648966	1966499280	NA	0
2593	4	5350390	14096973229	1197177	6655412	543855264	1967246315	NA	0
2594	4	5350400	14102323629	1197192	6655412	544061562	1967993356	NA	0
2595	4	5350470	14107674099	1197207	6655412	544267859	1968740408	NA	0
2596	4	5350400	14113024499	1197222	6655412	544474154	1969487451	NA	0
2597	4	5350531	14118375030	1197237	6655412	544680453	1970234507	NA	0
2598	4	5350394	14123725424	1197252	6655412	544886749	1970981546	NA	0
2599	4	5350400	14129075824	1197288	6671407	545093045	1971728584	NA	1
